{"type": "Feature", "properties": {"leg_id": 74, "name": "20240520 - Nelson Bay to Norfolk Island", "stated_nm": 1114.3, "computed_nm": 1114.3}, "geometry": {"type": "LineString", "coordinates": [[152.139713, -32.7158], [152.136183, -32.716079], [152.132154, -32.715348], [152.127711, -32.714971], [152.123134, -32.715011], [152.119116, -32.714127], [152.113908, -32.71253], [152.110133, -32.711473], [152.104625, -32.711763], [152.09857, -32.71149], [152.083897, -32.70768], [152.080441, -32.70506], [152.075287, -32.701156], [152.072382, -32.699835], [152.068386, -32.698242], [152.064869, -32.696263], [152.061076, -32.693471], [152.058457, -32.690242], [152.056689, -32.686623], [152.057487, -32.684402], [152.060542, -32.683961], [152.062374, -32.684882], [152.062209, -32.68484], [152.057116, -32.684056], [152.056396, -32.685496], [152.058834, -32.690047], [152.060864, -32.693052], [152.064641, -32.695833], [152.068391, -32.697336], [152.072121, -32.699312], [152.0742, -32.701241], [152.075721, -32.703594], [152.07684, -32.70652], [152.076723, -32.710751], [152.0752, -32.712115], [152.075619, -32.712534], [152.084242, -32.717175], [152.086303, -32.719147], [152.088166, -32.722445], [152.087973, -32.724831], [152.088111, -32.724515], [152.091331, -32.718203], [152.093928, -32.715048], [152.096746, -32.712332], [152.100716, -32.711488], [152.10341, -32.71136], [152.113638, -32.713312], [152.119431, -32.713999], [152.121641, -32.713658], [152.124256, -32.713516], [152.127928, -32.713891], [152.13069, -32.71432], [152.134352, -32.715121], [152.138119, -32.715816], [152.142125, -32.715828], [152.14617, -32.715668], [152.148384, -32.71623], [152.149038, -32.716277], [152.149276, -32.71631], [152.144855, -32.717751], [152.145606, -32.717802], [152.150147, -32.713887], [152.152594, -32.711542], [152.156493, -32.709904], [152.163055, -32.707922], [152.169807, -32.70437], [152.175747, -32.703275], [152.183364, -32.701821], [152.186392, -32.702303], [152.193748, -32.705238], [152.201912, -32.708998], [152.219122, -32.715852], [152.221168, -32.717307], [152.220066, -32.720616], [152.222984, -32.720892], [152.226378, -32.720903], [152.231645, -32.720844], [152.23681, -32.720552], [152.238984, -32.720539], [152.245249, -32.720312], [152.252332, -32.720375], [152.25507, -32.720773], [152.257848, -32.721037], [152.261117, -32.721706], [152.266917, -32.722061], [152.270691, -32.722102], [152.273779, -32.722191], [152.27651, -32.722283], [152.278723, -32.722345], [152.281806, -32.722348], [152.284549, -32.722562], [152.287478, -32.722763], [152.291766, -32.722925], [152.294775, -32.722685], [152.297693, -32.722363], [152.300214, -32.722144], [152.30246, -32.722166], [152.305313, -32.721828], [152.30754, -32.721821], [152.309643, -32.7218], [152.313315, -32.721749], [152.315928, -32.721902], [152.318792, -32.722198], [152.321769, -32.722665], [152.324833, -32.723131], [152.327878, -32.723475], [152.331965, -32.724073], [152.334854, -32.724324], [152.337432, -32.724928], [152.339607, -32.725001], [152.342457, -32.725709], [152.344823, -32.726574], [152.347166, -32.727353], [152.349625, -32.727899], [152.352392, -32.728256], [152.354609, -32.7289], [152.357376, -32.729426], [152.360114, -32.7299], [152.362127, -32.729862], [152.365397, -32.729996], [152.367518, -32.729806], [152.369991, -32.729686], [152.37129, -32.729483], [152.38832, -32.732987], [152.390184, -32.733689], [152.392808, -32.734175], [152.396321, -32.734847], [152.399173, -32.735017], [152.402126, -32.735373], [152.404796, -32.735836], [152.408476, -32.736793], [152.412062, -32.737613], [152.414767, -32.738103], [152.418552, -32.738751], [152.422502, -32.739576], [152.42526, -32.740047], [152.42777, -32.740088], [152.430417, -32.739762], [152.434914, -32.740361], [152.437972, -32.740766], [152.441173, -32.741161], [152.444066, -32.741409], [152.446405, -32.741698], [152.449194, -32.742515], [152.452051, -32.743282], [152.454856, -32.744015], [152.45715, -32.744201], [152.459328, -32.744511], [152.461865, -32.744639], [152.464281, -32.744451], [152.4674, -32.744535], [152.470143, -32.744978], [152.473898, -32.744928], [152.47776, -32.744372], [152.48198, -32.745031], [152.484065, -32.745436], [152.486943, -32.746178], [152.489857, -32.747072], [152.492517, -32.74788], [152.494926, -32.748426], [152.497541, -32.749249], [152.50001, -32.749721], [152.503063, -32.750402], [152.505258, -32.75118], [152.508109, -32.751705], [152.511314, -32.752903], [152.513552, -32.753487], [152.516506, -32.754042], [152.519961, -32.755306], [152.523774, -32.756871], [152.525877, -32.758094], [152.52998, -32.759915], [152.532908, -32.760587], [152.539996, -32.762504], [152.542815, -32.763049], [152.545213, -32.764423], [152.547319, -32.765215], [152.54949, -32.765707], [152.551921, -32.765058], [152.554752, -32.764842], [152.558366, -32.765481], [152.561456, -32.76586], [152.564452, -32.765974], [152.567671, -32.766147], [152.57063, -32.766414], [152.57278, -32.766826], [152.575565, -32.767525], [152.578122, -32.768105], [152.581308, -32.768654], [152.583932, -32.769563], [152.586943, -32.770442], [152.589791, -32.770744], [152.59192, -32.771411], [152.594367, -32.771954], [152.597273, -32.772873], [152.600727, -32.774085], [152.603359, -32.77409], [152.606937, -32.773073], [152.609115, -32.771902], [152.61212, -32.771122], [152.615402, -32.770361], [152.618696, -32.769702], [152.621238, -32.769861], [152.624319, -32.7701], [152.632099, -32.770048], [152.634575, -32.769585], [152.638258, -32.768812], [152.641077, -32.76832], [152.644503, -32.767976], [152.648001, -32.767294], [152.652383, -32.766139], [152.655594, -32.765966], [152.666612, -32.766388], [152.671172, -32.765749], [152.675668, -32.765208], [152.679343, -32.764324], [152.683857, -32.762826], [152.688399, -32.762443], [152.691053, -32.762066], [152.693917, -32.761873], [152.697542, -32.761262], [152.701309, -32.76011], [152.704613, -32.759151], [152.707886, -32.758105], [152.709524, -32.756724], [152.712038, -32.753249], [152.713987, -32.751013], [152.715388, -32.749797], [152.717529, -32.747786], [152.719182, -32.746091], [152.721892, -32.744456], [152.725856, -32.743219], [152.728847, -32.742128], [152.731677, -32.740945], [152.736278, -32.739779], [152.739071, -32.739056], [152.743966, -32.737734], [152.747917, -32.736477], [152.751621, -32.735303], [152.754216, -32.734364], [152.755881, -32.733646], [152.757682, -32.733624], [152.764882, -32.73618], [152.771498, -32.737664], [152.774218, -32.737982], [152.778085, -32.738417], [152.780544, -32.738094], [152.784644, -32.738053], [152.787512, -32.737912], [152.790491, -32.737767], [152.794122, -32.738535], [152.797033, -32.738792], [152.801033, -32.739629], [152.805053, -32.741052], [152.810473, -32.742683], [152.818873, -32.744583], [152.823181, -32.745931], [152.826753, -32.747696], [152.829349, -32.748904], [152.831546, -32.749567], [152.836227, -32.750966], [152.839587, -32.751724], [152.844797, -32.753472], [152.847922, -32.755064], [152.851413, -32.757037], [152.854297, -32.758523], [152.857093, -32.759283], [152.860027, -32.759454], [152.862597, -32.759791], [152.864595, -32.760144], [152.866903, -32.759759], [152.868817, -32.760457], [152.871336, -32.76105], [152.873574, -32.761646], [152.876383, -32.762358], [152.878923, -32.762673], [152.881258, -32.763405], [152.884464, -32.764213], [152.889528, -32.765314], [152.892943, -32.765812], [152.899143, -32.767183], [152.91014, -32.768375], [152.912565, -32.76856], [152.91697, -32.769253], [152.919682, -32.76929], [152.921845, -32.76943], [152.924712, -32.769687], [152.926441, -32.770061], [152.928611, -32.770274], [152.931055, -32.770409], [152.933283, -32.77057], [152.935459, -32.770611], [152.938137, -32.770614], [152.941021, -32.770424], [152.944939, -32.769321], [152.948246, -32.768278], [152.950842, -32.767467], [152.953204, -32.767163], [152.955416, -32.767115], [152.957915, -32.767197], [152.960603, -32.767738], [152.963967, -32.768077], [152.96622, -32.767891], [152.968958, -32.766997], [152.971612, -32.76604], [152.975144, -32.764904], [152.977626, -32.763926], [152.981073, -32.762781], [152.984042, -32.761498], [152.986388, -32.760564], [152.988747, -32.760091], [152.992617, -32.758594], [152.994783, -32.757996], [152.997021, -32.757298], [152.999117, -32.756332], [153.001796, -32.754937], [153.004143, -32.754279], [153.006253, -32.753802], [153.00825, -32.753109], [153.011801, -32.751863], [153.013565, -32.750965], [153.016273, -32.749998], [153.018891, -32.749071], [153.021773, -32.748573], [153.024281, -32.747542], [153.027119, -32.746321], [153.029541, -32.744654], [153.031482, -32.743412], [153.034667, -32.741884], [153.038517, -32.740305], [153.041428, -32.739168], [153.044213, -32.738389], [153.047938, -32.737133], [153.051419, -32.735639], [153.054927, -32.733497], [153.057977, -32.732342], [153.060439, -32.731501], [153.06387, -32.730306], [153.067623, -32.728883], [153.072694, -32.726862], [153.074554, -32.726155], [153.078248, -32.724073], [153.07996, -32.722119], [153.081348, -32.719856], [153.082154, -32.717478], [153.082791, -32.715457], [153.083769, -32.713221], [153.084544, -32.710734], [153.08586, -32.708077], [153.086996, -32.706017], [153.088711, -32.70378], [153.0901, -32.70223], [153.091961, -32.700371], [153.093552, -32.698881], [153.095128, -32.697258], [153.098244, -32.695942], [153.101168, -32.694866], [153.104701, -32.694072], [153.107285, -32.695309], [153.110122, -32.696276], [153.111944, -32.695903], [153.115216, -32.695864], [153.117267, -32.695343], [153.119609, -32.694422], [153.121051, -32.693072], [153.122872, -32.691535], [153.124858, -32.689646], [153.126702, -32.687607], [153.128747, -32.685834], [153.132082, -32.683481], [153.134861, -32.682116], [153.137433, -32.680472], [153.139314, -32.679568], [153.14151, -32.678372], [153.144209, -32.676899], [153.146021, -32.676015], [153.148941, -32.674956], [153.151691, -32.673688], [153.153894, -32.672458], [153.156516, -32.671092], [153.158845, -32.670038], [153.161466, -32.668956], [153.163796, -32.667843], [153.165921, -32.666605], [153.168737, -32.665208], [153.171448, -32.663973], [153.173559, -32.661932], [153.176409, -32.659029], [153.177919, -32.657434], [153.179246, -32.655763], [153.18077, -32.654169], [153.183518, -32.652167], [153.186415, -32.649666], [153.188854, -32.647586], [153.190361, -32.64602], [153.192868, -32.643482], [153.194812, -32.640026], [153.19629, -32.637928], [153.197681, -32.636566], [153.199667, -32.634655], [153.202214, -32.632345], [153.204208, -32.631296], [153.206801, -32.629512], [153.208423, -32.627681], [153.210722, -32.625556], [153.213016, -32.624046], [153.215149, -32.622195], [153.216861, -32.620438], [153.218534, -32.618255], [153.220888, -32.615542], [153.222949, -32.612981], [153.223972, -32.61132], [153.226203, -32.608502], [153.228552, -32.605876], [153.230097, -32.603954], [153.232297, -32.601753], [153.236071, -32.597941], [153.238634, -32.594784], [153.240285, -32.592686], [153.242544, -32.590797], [153.244624, -32.589098], [153.246592, -32.587277], [153.248913, -32.58528], [153.250987, -32.583408], [153.254066, -32.581189], [153.256911, -32.579967], [153.261166, -32.57859], [153.264232, -32.577922], [153.267088, -32.576963], [153.270149, -32.57564], [153.273749, -32.574224], [153.276785, -32.573159], [153.279061, -32.572468], [153.283214, -32.570894], [153.286568, -32.569827], [153.291045, -32.568254], [153.294842, -32.566715], [153.298862, -32.565412], [153.302607, -32.563857], [153.306028, -32.561995], [153.309974, -32.560375], [153.313009, -32.558339], [153.316427, -32.555715], [153.319436, -32.553857], [153.324346, -32.552413], [153.328157, -32.550791], [153.331576, -32.549172], [153.335684, -32.547989], [153.339244, -32.546864], [153.343791, -32.545193], [153.349224, -32.542828], [153.352357, -32.541097], [153.355432, -32.539014], [153.357803, -32.537852], [153.360895, -32.536538], [153.364012, -32.535056], [153.368219, -32.533635], [153.372232, -32.531833], [153.377607, -32.52892], [153.379939, -32.527609], [153.382629, -32.526367], [153.386506, -32.523836], [153.389655, -32.522129], [153.393677, -32.519965], [153.395917, -32.518705], [153.401392, -32.515548], [153.405952, -32.512551], [153.41231, -32.509338], [153.414539, -32.507946], [153.419962, -32.505574], [153.42237, -32.504967], [153.425969, -32.503721], [153.428045, -32.503117], [153.432248, -32.502315], [153.43482, -32.501443], [153.438173, -32.499035], [153.441805, -32.497899], [153.445761, -32.497258], [153.44866, -32.497059], [153.452562, -32.496119], [153.456732, -32.495548], [153.461079, -32.495436], [153.466232, -32.494716], [153.470843, -32.49356], [153.476266, -32.492758], [153.480456, -32.492783], [153.484318, -32.492823], [153.489902, -32.492788], [153.493076, -32.492514], [153.496261, -32.49204], [153.500412, -32.491835], [153.506262, -32.492147], [153.509897, -32.49198], [153.515951, -32.492168], [153.521771, -32.493066], [153.525629, -32.493243], [153.530442, -32.493192], [153.533188, -32.493584], [153.537201, -32.493768], [153.540879, -32.494134], [153.545601, -32.494874], [153.548788, -32.495576], [153.555991, -32.496512], [153.562083, -32.497145], [153.564946, -32.497723], [153.568793, -32.49854], [153.573171, -32.499251], [153.577686, -32.499827], [153.581838, -32.500505], [153.583666, -32.501068], [153.585617, -32.501454], [153.587789, -32.501849], [153.589401, -32.50215], [153.591585, -32.50267], [153.594889, -32.503645], [153.596848, -32.504057], [153.601037, -32.504854], [153.602995, -32.505112], [153.606515, -32.505408], [153.610552, -32.505764], [153.611789, -32.505908], [153.614532, -32.505887], [153.616588, -32.50572], [153.619718, -32.505925], [153.621584, -32.506161], [153.624919, -32.507039], [153.627819, -32.507648], [153.629824, -32.50804], [153.634268, -32.508431], [153.635711, -32.508607], [153.640865, -32.509607], [153.64313, -32.509996], [153.645764, -32.510222], [153.647681, -32.510226], [153.652252, -32.510772], [153.654578, -32.511126], [153.65726, -32.511096], [153.661518, -32.511219], [153.664072, -32.511365], [153.668903, -32.511847], [153.672972, -32.512171], [153.67632, -32.512262], [153.682769, -32.512932], [153.689613, -32.51385], [153.693766, -32.514536], [153.699186, -32.514915], [153.704315, -32.515436], [153.709827, -32.515919], [153.713792, -32.516907], [153.717047, -32.51746], [153.725333, -32.517907], [153.731113, -32.519597], [153.735402, -32.520898], [153.739489, -32.521742], [153.743713, -32.522588], [153.747494, -32.523581], [153.751983, -32.524712], [153.760665, -32.52656], [153.765267, -32.527881], [153.771313, -32.529372], [153.775834, -32.530123], [153.779397, -32.530444], [153.783186, -32.531489], [153.788812, -32.533273], [153.794813, -32.534212], [153.798808, -32.535162], [153.802196, -32.536263], [153.805839, -32.537371], [153.812672, -32.540256], [153.816939, -32.541404], [153.820198, -32.541913], [153.824518, -32.543265], [153.82803, -32.544678], [153.831818, -32.546021], [153.835482, -32.547726], [153.841002, -32.549132], [153.844676, -32.550126], [153.848667, -32.551249], [153.852182, -32.552604], [153.855676, -32.553843], [153.862245, -32.556131], [153.866161, -32.557235], [153.868876, -32.558405], [153.872543, -32.559647], [153.875987, -32.561104], [153.878737, -32.562198], [153.884742, -32.56365], [153.888798, -32.564747], [153.892781, -32.565857], [153.896247, -32.566623], [153.900224, -32.567937], [153.907275, -32.571323], [153.909747, -32.57328], [153.913671, -32.575686], [153.916591, -32.576743], [153.921799, -32.578857], [153.925924, -32.580941], [153.928742, -32.582007], [153.933662, -32.583467], [153.937373, -32.584765], [153.939854, -32.584845], [153.942756, -32.584774], [153.946249, -32.585114], [153.950652, -32.585458], [153.955259, -32.585856], [153.958352, -32.586274], [153.962327, -32.586485], [153.966789, -32.586447], [153.969752, -32.586634], [153.972323, -32.58664], [153.976166, -32.586789], [153.979249, -32.587178], [153.982214, -32.587445], [153.985333, -32.587307], [153.987975, -32.587243], [153.991886, -32.587533], [153.994658, -32.588022], [153.997443, -32.58877], [154.000366, -32.589132], [154.003274, -32.589368], [154.0062, -32.589535], [154.008982, -32.590016], [154.014157, -32.590463], [154.016919, -32.590512], [154.020737, -32.590931], [154.024901, -32.591872], [154.027345, -32.592549], [154.030294, -32.593359], [154.034047, -32.594489], [154.037319, -32.594826], [154.039673, -32.595118], [154.043385, -32.596106], [154.046407, -32.596962], [154.050014, -32.598346], [154.052978, -32.599566], [154.055599, -32.600508], [154.058248, -32.601507], [154.062049, -32.602864], [154.065746, -32.604116], [154.068583, -32.60531], [154.072086, -32.606421], [154.074618, -32.607684], [154.077997, -32.609157], [154.082625, -32.610292], [154.085712, -32.611348], [154.08907, -32.612524], [154.091635, -32.613588], [154.094866, -32.615007], [154.098008, -32.616448], [154.100428, -32.617622], [154.103023, -32.618773], [154.10661, -32.620486], [154.110013, -32.622408], [154.114052, -32.624443], [154.116457, -32.625419], [154.119518, -32.626987], [154.122693, -32.628701], [154.125891, -32.630132], [154.129658, -32.631687], [154.132832, -32.632958], [154.136268, -32.634346], [154.13887, -32.635264], [154.142074, -32.636882], [154.145429, -32.637486], [154.150034, -32.638531], [154.152617, -32.639187], [154.157867, -32.640597], [154.160484, -32.641447], [154.164673, -32.642536], [154.169598, -32.643477], [154.172437, -32.644099], [154.175375, -32.644728], [154.180289, -32.645719], [154.183287, -32.646248], [154.18608, -32.64683], [154.188853, -32.647447], [154.19213, -32.648327], [154.19619, -32.649454], [154.199336, -32.65052], [154.202369, -32.652077], [154.205793, -32.653798], [154.20968, -32.65538], [154.213223, -32.65784], [154.216463, -32.659885], [154.219282, -32.660913], [154.221975, -32.661007], [154.22455, -32.661709], [154.229147, -32.662868], [154.233943, -32.663977], [154.239106, -32.66552], [154.244866, -32.666806], [154.248384, -32.667533], [154.252812, -32.668288], [154.257141, -32.66893], [154.260689, -32.669355], [154.265312, -32.670032], [154.270037, -32.670344], [154.273723, -32.670539], [154.279798, -32.671059], [154.283775, -32.67136], [154.288298, -32.671651], [154.292198, -32.671392], [154.296119, -32.671067], [154.299656, -32.671301], [154.304852, -32.672578], [154.308591, -32.673388], [154.3134, -32.674295], [154.318703, -32.675527], [154.321632, -32.676257], [154.325755, -32.677746], [154.329672, -32.679081], [154.334425, -32.680789], [154.338732, -32.68232], [154.342405, -32.683818], [154.345641, -32.684948], [154.350202, -32.686203], [154.354025, -32.687557], [154.357757, -32.688933], [154.360796, -32.690124], [154.364062, -32.691262], [154.368058, -32.692335], [154.372413, -32.693329], [154.376637, -32.694518], [154.380627, -32.695598], [154.385136, -32.696856], [154.388628, -32.697537], [154.392491, -32.698307], [154.396746, -32.699032], [154.400155, -32.699982], [154.403647, -32.700599], [154.407483, -32.701493], [154.412756, -32.703063], [154.416453, -32.704079], [154.420086, -32.704741], [154.423743, -32.704963], [154.427412, -32.705282], [154.431744, -32.706153], [154.435958, -32.70696], [154.441174, -32.708433], [154.445379, -32.709597], [154.449317, -32.710438], [154.453292, -32.710893], [154.457146, -32.711345], [154.461475, -32.712218], [154.465293, -32.712951], [154.472159, -32.713713], [154.475529, -32.714412], [154.479716, -32.715398], [154.482946, -32.716112], [154.48714, -32.717004], [154.490774, -32.71752], [154.495445, -32.718306], [154.498594, -32.718586], [154.503378, -32.718999], [154.507324, -32.719318], [154.511547, -32.719257], [154.514501, -32.718932], [154.51806, -32.718998], [154.521198, -32.719043], [154.524536, -32.719326], [154.530932, -32.719684], [154.534772, -32.719877], [154.538791, -32.719897], [154.543013, -32.719974], [154.548278, -32.720288], [154.552468, -32.720985], [154.555478, -32.721166], [154.558039, -32.720948], [154.560932, -32.720591], [154.563896, -32.720478], [154.568619, -32.720697], [154.570917, -32.720838], [154.573971, -32.720666], [154.576092, -32.720464], [154.579399, -32.720362], [154.58306, -32.720113], [154.585959, -32.720107], [154.590601, -32.720116], [154.595098, -32.720033], [154.597799, -32.720047], [154.60225, -32.719686], [154.604776, -32.719558], [154.607964, -32.719203], [154.610433, -32.718836], [154.613466, -32.718461], [154.615742, -32.718334], [154.619424, -32.718494], [154.621668, -32.718653], [154.624713, -32.718288], [154.628332, -32.717714], [154.632092, -32.717154], [154.635099, -32.716946], [154.638532, -32.716458], [154.640775, -32.715962], [154.64368, -32.715552], [154.646563, -32.714888], [154.649006, -32.714354], [154.652051, -32.713874], [154.654823, -32.713706], [154.657501, -32.713335], [154.660381, -32.712871], [154.663044, -32.712434], [154.668408, -32.711366], [154.671806, -32.710563], [154.674976, -32.709846], [154.678447, -32.70901], [154.680991, -32.708281], [154.68396, -32.70749], [154.687093, -32.706493], [154.690363, -32.705657], [154.693608, -32.705015], [154.696625, -32.704616], [154.69942, -32.704319], [154.702801, -32.703822], [154.706674, -32.702998], [154.710828, -32.702587], [154.715141, -32.702115], [154.718059, -32.701903], [154.723866, -32.700716], [154.727734, -32.699683], [154.733375, -32.698602], [154.736027, -32.698321], [154.738658, -32.697498], [154.741956, -32.69652], [154.744742, -32.695684], [154.74703, -32.695252], [154.75088, -32.694252], [154.754773, -32.693537], [154.757549, -32.692736], [154.761094, -32.691916], [154.765886, -32.691255], [154.770245, -32.690481], [154.773169, -32.690169], [154.775666, -32.689753], [154.778603, -32.689176], [154.781532, -32.688818], [154.785175, -32.688778], [154.788646, -32.688229], [154.791582, -32.68784], [154.7948, -32.687429], [154.796954, -32.687264], [154.799842, -32.686946], [154.802278, -32.68674], [154.80794, -32.68602], [154.810624, -32.685464], [154.813551, -32.685018], [154.816496, -32.684885], [154.819249, -32.684943], [154.822043, -32.684781], [154.825091, -32.684123], [154.828781, -32.682919], [154.831548, -32.682126], [154.834154, -32.681948], [154.837397, -32.68158], [154.841203, -32.681147], [154.844861, -32.680549], [154.848236, -32.679951], [154.850497, -32.679227], [154.854013, -32.678584], [154.858196, -32.678212], [154.866877, -32.676968], [154.872095, -32.675778], [154.877875, -32.673933], [154.889683, -32.670838], [154.892095, -32.669972], [154.894856, -32.669032], [154.897708, -32.667932], [154.900793, -32.666757], [154.903384, -32.666358], [154.907439, -32.665642], [154.910063, -32.665157], [154.91288, -32.664641], [154.916814, -32.664022], [154.92056, -32.66347], [154.923819, -32.662553], [154.927808, -32.66125], [154.932183, -32.660101], [154.934928, -32.659408], [154.937901, -32.658782], [154.940736, -32.658037], [154.943869, -32.657251], [154.946012, -32.656808], [154.949546, -32.656189], [154.952328, -32.655591], [154.95516, -32.654911], [154.958268, -32.654369], [154.961095, -32.653872], [154.963889, -32.653442], [154.966661, -32.653272], [154.969839, -32.652974], [154.973151, -32.65244], [154.975758, -32.651788], [154.978435, -32.651366], [154.983214, -32.650691], [154.987503, -32.650379], [154.992461, -32.649911], [154.997547, -32.648741], [155.002143, -32.647873], [155.003713, -32.647519], [155.012011, -32.64555], [155.012913, -32.645233], [155.026183, -32.641312], [155.028251, -32.64076], [155.031125, -32.639726], [155.033223, -32.638835], [155.035303, -32.638121], [155.038103, -32.637673], [155.040395, -32.637398], [155.042411, -32.636803], [155.044451, -32.635829], [155.046707, -32.634957], [155.049119, -32.634022], [155.051395, -32.633107], [155.055155, -32.632088], [155.059424, -32.631128], [155.062288, -32.630266], [155.065476, -32.629599], [155.068134, -32.62892], [155.072339, -32.628438], [155.074465, -32.627742], [155.077486, -32.627099], [155.079503, -32.626707], [155.083943, -32.625181], [155.086685, -32.624224], [155.089881, -32.622776], [155.092972, -32.621382], [155.095323, -32.620535], [155.097981, -32.619811], [155.101057, -32.618799], [155.103394, -32.618022], [155.107066, -32.616593], [155.110831, -32.615594], [155.113706, -32.614802], [155.116547, -32.613955], [155.120161, -32.612393], [155.123771, -32.61131], [155.126768, -32.610284], [155.129334, -32.609166], [155.132445, -32.607514], [155.134658, -32.607038], [155.140443, -32.605243], [155.144623, -32.604041], [155.14708, -32.602716], [155.149704, -32.600994], [155.152559, -32.599642], [155.154522, -32.598575], [155.158395, -32.597117], [155.161152, -32.596002], [155.165148, -32.594631], [155.16945, -32.592748], [155.171412, -32.591872], [155.173946, -32.590777], [155.177546, -32.589036], [155.17951, -32.587673], [155.182838, -32.586277], [155.185523, -32.585376], [155.188004, -32.584587], [155.191024, -32.583771], [155.192982, -32.583171], [155.196652, -32.581682], [155.200081, -32.580678], [155.202336, -32.580081], [155.205311, -32.578656], [155.208346, -32.577278], [155.211279, -32.575947], [155.215262, -32.574436], [155.218868, -32.573288], [155.221935, -32.571798], [155.225391, -32.570439], [155.228033, -32.569438], [155.231729, -32.568478], [155.235021, -32.567898], [155.240296, -32.566277], [155.245675, -32.565077], [155.251921, -32.562732], [155.25705, -32.560359], [155.262278, -32.558283], [155.270748, -32.555028], [155.273469, -32.554002], [155.276295, -32.553022], [155.279163, -32.55253], [155.282036, -32.552209], [155.28462, -32.551556], [155.287714, -32.549686], [155.290662, -32.548098], [155.292928, -32.546911], [155.295362, -32.545815], [155.300581, -32.543216], [155.303526, -32.541483], [155.306461, -32.540652], [155.309023, -32.539512], [155.311706, -32.538177], [155.314021, -32.536872], [155.316606, -32.535366], [155.318984, -32.534407], [155.322873, -32.533153], [155.325589, -32.532266], [155.328484, -32.531197], [155.330954, -32.530541], [155.334248, -32.529353], [155.336237, -32.528244], [155.339713, -32.527121], [155.342899, -32.526277], [155.346769, -32.525108], [155.350055, -32.524517], [155.353367, -32.523836], [155.356733, -32.523371], [155.361197, -32.522053], [155.365126, -32.520761], [155.368906, -32.519523], [155.374276, -32.518304], [155.377531, -32.51745], [155.380402, -32.516938], [155.383741, -32.516681], [155.386028, -32.516335], [155.388426, -32.515865], [155.390489, -32.515234], [155.393389, -32.514218], [155.396179, -32.513294], [155.400185, -32.512388], [155.403698, -32.511524], [155.406763, -32.51124], [155.410029, -32.510694], [155.414018, -32.509879], [155.419207, -32.508463], [155.421973, -32.507592], [155.426779, -32.506177], [155.429854, -32.505179], [155.433713, -32.503991], [155.436807, -32.503516], [155.440611, -32.502411], [155.444152, -32.501653], [155.447584, -32.500941], [155.451254, -32.500526], [155.455549, -32.499622], [155.458291, -32.498929], [155.461661, -32.498851], [155.465167, -32.498742], [155.468216, -32.498493], [155.471469, -32.498262], [155.476067, -32.497963], [155.479198, -32.498029], [155.482008, -32.497987], [155.486032, -32.498167], [155.48911, -32.497963], [155.492627, -32.497959], [155.496085, -32.497599], [155.500264, -32.496519], [155.502988, -32.495668], [155.506885, -32.494115], [155.509174, -32.493806], [155.514007, -32.493223], [155.516899, -32.492945], [155.519692, -32.492928], [155.523141, -32.493012], [155.527513, -32.493062], [155.531419, -32.491969], [155.533442, -32.49074], [155.535258, -32.488943], [155.538552, -32.486814], [155.541728, -32.485094], [155.545026, -32.483623], [155.550427, -32.481448], [155.553191, -32.480503], [155.555772, -32.479561], [155.559349, -32.478821], [155.562912, -32.477997], [155.567487, -32.476603], [155.569939, -32.475501], [155.57361, -32.474024], [155.576321, -32.473029], [155.579943, -32.471669], [155.583881, -32.470757], [155.588701, -32.470651], [155.592894, -32.470681], [155.596847, -32.47081], [155.600917, -32.469838], [155.605448, -32.467624], [155.609492, -32.466031], [155.612941, -32.464363], [155.615242, -32.463621], [155.622261, -32.460647], [155.625454, -32.459114], [155.628367, -32.457191], [155.631338, -32.455189], [155.634095, -32.453968], [155.637008, -32.453022], [155.640207, -32.451911], [155.642439, -32.449721], [155.644524, -32.447899], [155.646311, -32.446382], [155.648611, -32.443742], [155.651624, -32.441074], [155.654102, -32.43843], [155.656829, -32.435584], [155.660642, -32.430544], [155.663118, -32.42782], [155.665658, -32.424958], [155.667142, -32.423046], [155.669748, -32.41977], [155.671642, -32.417789], [155.673453, -32.415576], [155.677368, -32.411477], [155.679555, -32.409529], [155.682617, -32.407067], [155.685075, -32.405145], [155.687417, -32.403405], [155.689741, -32.401029], [155.691738, -32.398008], [155.693773, -32.395207], [155.696704, -32.392931], [155.699092, -32.391193], [155.701596, -32.389217], [155.704674, -32.386767], [155.708882, -32.38456], [155.711094, -32.382639], [155.714062, -32.380585], [155.717317, -32.378632], [155.720336, -32.376661], [155.722854, -32.374553], [155.726142, -32.371907], [155.728314, -32.370019], [155.730214, -32.368566], [155.733024, -32.366575], [155.735987, -32.364342], [155.738841, -32.362609], [155.741288, -32.361047], [155.745206, -32.359002], [155.748571, -32.357484], [155.751951, -32.356008], [155.754321, -32.354451], [155.756643, -32.352513], [155.759325, -32.350783], [155.7617, -32.349528], [155.764495, -32.347774], [155.767338, -32.346279], [155.771013, -32.34485], [155.774067, -32.343583], [155.77671, -32.342415], [155.779472, -32.340943], [155.781445, -32.339852], [155.785035, -32.337804], [155.788918, -32.335742], [155.793266, -32.334398], [155.797193, -32.332605], [155.800736, -32.330739], [155.803162, -32.32939], [155.806866, -32.327337], [155.810172, -32.325284], [155.813463, -32.323521], [155.816847, -32.321663], [155.820284, -32.320107], [155.822999, -32.318583], [155.826106, -32.316764], [155.830363, -32.314733], [155.833445, -32.313392], [155.836708, -32.312392], [155.83948, -32.310791], [155.842473, -32.308999], [155.846181, -32.307416], [155.849613, -32.305422], [155.853769, -32.303693], [155.85846, -32.302636], [155.860834, -32.302031], [155.863518, -32.300838], [155.865927, -32.299453], [155.869438, -32.29792], [155.874141, -32.294414], [155.876108, -32.292931], [155.879382, -32.290128], [155.884588, -32.287192], [155.888303, -32.285236], [155.891331, -32.284536], [155.893724, -32.283228], [155.896584, -32.281325], [155.899015, -32.280003], [155.901473, -32.278585], [155.904694, -32.277088], [155.908684, -32.275462], [155.909678, -32.274427], [155.910988, -32.271856], [155.913138, -32.270581], [155.915663, -32.26885], [155.918483, -32.266363], [155.920673, -32.264464], [155.922283, -32.262645], [155.923627, -32.259874], [155.924181, -32.257508], [155.925551, -32.255691], [155.928761, -32.253922], [155.931489, -32.251935], [155.932461, -32.249021], [155.933125, -32.245576], [155.933249, -32.242894], [155.933492, -32.237792], [155.933979, -32.235032], [155.934469, -32.23208], [155.935415, -32.22997], [155.934646, -32.228083], [155.934102, -32.224088], [155.934618, -32.22076], [155.935214, -32.21819], [155.93533, -32.216288], [155.934368, -32.213652], [155.934462, -32.212161], [155.935104, -32.209474], [155.93614, -32.207655], [155.938288, -32.204832], [155.941599, -32.202536], [155.944942, -32.20086], [155.948224, -32.199418], [155.951643, -32.196966], [155.955171, -32.195358], [155.95789, -32.19355], [155.960626, -32.191213], [155.964418, -32.189898], [155.967979, -32.188227], [155.971259, -32.186339], [155.974028, -32.183882], [155.976177, -32.182202], [155.978331, -32.179705], [155.980042, -32.177999], [155.983221, -32.176396], [155.986588, -32.174792], [155.989991, -32.172329], [155.993413, -32.170301], [155.996651, -32.167939], [155.999436, -32.166299], [156.002052, -32.165191], [156.004788, -32.164183], [156.007563, -32.162243], [156.011655, -32.158326], [156.014578, -32.156639], [156.018648, -32.154766], [156.02186, -32.152223], [156.025498, -32.150668], [156.028679, -32.148129], [156.031993, -32.145842], [156.034552, -32.144276], [156.037576, -32.142383], [156.041496, -32.140498], [156.043562, -32.139099], [156.045037, -32.136836], [156.045707, -32.134346], [156.046496, -32.131911], [156.048436, -32.129851], [156.051199, -32.128249], [156.054356, -32.126169], [156.0576, -32.123966], [156.060336, -32.121793], [156.063387, -32.119367], [156.065481, -32.117533], [156.068109, -32.115162], [156.071565, -32.113126], [156.075547, -32.111792], [156.077931, -32.110226], [156.082107, -32.108182], [156.084824, -32.106143], [156.087104, -32.103674], [156.089962, -32.10213], [156.094228, -32.099217], [156.097776, -32.096805], [156.099556, -32.095132], [156.103897, -32.093698], [156.106926, -32.093223], [156.110293, -32.092726], [156.114231, -32.09271], [156.119383, -32.093027], [156.122962, -32.09269], [156.127775, -32.091972], [156.130742, -32.092193], [156.135547, -32.092399], [156.138335, -32.092308], [156.141749, -32.091142], [156.144854, -32.088524], [156.150199, -32.08564], [156.152861, -32.084404], [156.155307, -32.082929], [156.158891, -32.080353], [156.165913, -32.078415], [156.169332, -32.076999], [156.172586, -32.076387], [156.176606, -32.074353], [156.182408, -32.073518], [156.185241, -32.073062], [156.188329, -32.072136], [156.191761, -32.069672], [156.193943, -32.067469], [156.196919, -32.06548], [156.19978, -32.063954], [156.204189, -32.063711], [156.207738, -32.062615], [156.211419, -32.061172], [156.213831, -32.060146], [156.216112, -32.05881], [156.223013, -32.058119], [156.227206, -32.057986], [156.231654, -32.058064], [156.235668, -32.05746], [156.240102, -32.056587], [156.244612, -32.055689], [156.248257, -32.054738], [156.253153, -32.054241], [156.256291, -32.054206], [156.260359, -32.053512], [156.265305, -32.052677], [156.270078, -32.052006], [156.277031, -32.050858], [156.281473, -32.050362], [156.284532, -32.049957], [156.288173, -32.049398], [156.291163, -32.049249], [156.296639, -32.046803], [156.300333, -32.046156], [156.304755, -32.045566], [156.309021, -32.045044], [156.31312, -32.044576], [156.31815, -32.04317], [156.321615, -32.041713], [156.325887, -32.041133], [156.328914, -32.040501], [156.334874, -32.03839], [156.338303, -32.037663], [156.342604, -32.036553], [156.346459, -32.035427], [156.350282, -32.033939], [156.354258, -32.032337], [156.359708, -32.031993], [156.363294, -32.032369], [156.367557, -32.032294], [156.37134, -32.032143], [156.37505, -32.031897], [156.379942, -32.032252], [156.386667, -32.032611], [156.390373, -32.032578], [156.394946, -32.032217], [156.400866, -32.031337], [156.408159, -32.030912], [156.412042, -32.030209], [156.416082, -32.030178], [156.419821, -32.030622], [156.422831, -32.030714], [156.426177, -32.031426], [156.432381, -32.031437], [156.435703, -32.031259], [156.439244, -32.031022], [156.443578, -32.030836], [156.446353, -32.031], [156.451285, -32.031818], [156.455294, -32.031018], [156.460558, -32.028606], [156.466896, -32.025548], [156.470802, -32.02332], [156.47357, -32.021479], [156.477902, -32.019386], [156.481615, -32.017729], [156.486919, -32.015269], [156.489756, -32.014082], [156.493713, -32.011885], [156.497303, -32.009729], [156.500994, -32.007562], [156.503549, -32.005842], [156.512603, -32.003943], [156.553235, -32.00507], [156.555312, -32.00528], [156.568765, -32.004948], [156.582082, -32.007745], [156.586582, -32.008597], [156.620677, -32.005855], [156.624303, -32.005197], [156.628721, -32.00522], [156.632573, -32.005209], [156.636735, -32.004428], [156.640528, -32.003901], [156.645011, -32.002818], [156.651342, -32.001479], [156.656631, -32.001147], [156.660249, -32.000558], [156.664532, -31.999966], [156.669238, -31.999808], [156.673227, -31.999756], [156.677491, -31.999706], [156.681764, -31.999089], [156.685467, -31.998755], [156.689845, -31.997764], [156.694672, -31.996544], [156.698339, -31.995597], [156.7024, -31.995052], [156.706803, -31.994284], [156.711001, -31.993774], [156.714856, -31.993508], [156.722668, -31.992887], [156.726861, -31.992834], [156.731981, -31.993028], [156.735396, -31.993665], [156.742958, -31.992961], [156.750423, -31.992724], [156.756841, -31.992552], [156.761026, -31.992429], [156.764855, -31.992284], [156.768976, -31.992112], [156.774604, -31.991938], [156.780453, -31.991137], [156.784105, -31.990652], [156.788613, -31.990299], [156.792523, -31.989984], [156.79858, -31.989538], [156.802276, -31.988602], [156.805518, -31.987873], [156.808939, -31.987398], [156.812824, -31.987059], [156.82186, -31.986644], [156.824977, -31.986708], [156.829854, -31.986981], [156.834306, -31.986728], [156.839706, -31.986867], [156.846237, -31.987966], [156.853197, -31.988551], [156.858123, -31.989321], [156.862282, -31.989516], [156.867126, -31.989988], [156.873736, -31.990998], [156.877617, -31.991872], [156.883111, -31.992518], [156.885939, -31.992818], [156.891307, -31.993589], [156.894851, -31.993657], [156.899899, -31.993682], [156.907927, -31.993408], [156.912128, -31.993552], [156.920738, -31.993013], [156.92794, -31.99216], [156.933461, -31.991782], [156.937258, -31.991549], [156.942568, -31.99137], [156.947285, -31.991422], [156.952462, -31.991653], [156.95726, -31.991595], [156.961647, -31.991129], [156.965498, -31.990868], [156.973738, -31.990747], [156.977146, -31.990771], [156.982563, -31.990958], [156.987451, -31.991411], [156.991832, -31.99146], [156.996207, -31.991389], [157.000009, -31.991543], [157.005168, -31.99138], [157.009433, -31.990908], [157.015007, -31.990597], [157.020393, -31.990815], [157.025826, -31.991252], [157.030474, -31.991103], [157.035252, -31.991161], [157.041148, -31.991933], [157.044888, -31.992127], [157.052919, -31.992222], [157.057138, -31.992109], [157.061197, -31.991903], [157.067214, -31.991836], [157.072744, -31.991692], [157.076228, -31.991704], [157.084129, -31.991128], [157.086903, -31.991208], [157.090947, -31.991793], [157.096499, -31.992386], [157.101172, -31.993207], [157.105443, -31.993232], [157.110385, -31.993575], [157.114254, -31.993627], [157.120451, -31.9934], [157.126427, -31.993352], [157.12978, -31.993474], [157.134862, -31.993637], [157.13899, -31.993841], [157.142863, -31.994011], [157.146799, -31.994872], [157.150494, -31.995513], [157.153645, -31.996338], [157.157701, -31.99753], [157.161667, -31.998272], [157.168156, -31.999815], [157.173066, -32.001029], [157.175392, -32.001848], [157.179618, -32.002887], [157.18674, -32.004399], [157.190387, -32.005269], [157.195531, -32.006455], [157.202388, -32.007157], [157.205492, -32.007854], [157.210099, -32.008899], [157.213303, -32.009693], [157.216708, -32.010119], [157.221044, -32.010491], [157.225765, -32.011152], [157.229791, -32.012067], [157.233192, -32.012678], [157.239923, -32.013656], [157.243989, -32.014172], [157.247796, -32.014888], [157.253815, -32.015395], [157.261276, -32.016899], [157.266613, -32.018207], [157.271213, -32.019108], [157.274251, -32.019482], [157.277972, -32.020287], [157.281579, -32.021251], [157.286092, -32.021932], [157.289892, -32.023193], [157.293945, -32.024136], [157.29797, -32.024776], [157.304402, -32.026108], [157.30957, -32.02796], [157.31505, -32.029685], [157.320315, -32.031066], [157.324739, -32.032164], [157.331013, -32.033527], [157.336721, -32.034745], [157.341111, -32.035837], [157.345447, -32.036855], [157.351003, -32.038498], [157.359082, -32.041316], [157.364234, -32.043205], [157.36782, -32.04467], [157.371551, -32.046427], [157.374749, -32.047714], [157.379379, -32.049172], [157.383117, -32.050301], [157.388368, -32.051421], [157.391913, -32.052535], [157.394882, -32.053687], [157.398949, -32.055303], [157.402273, -32.057262], [157.406472, -32.059023], [157.409646, -32.060942], [157.413774, -32.063329], [157.416768, -32.06441], [157.420692, -32.066303], [157.423405, -32.067485], [157.426717, -32.069057], [157.429674, -32.070682], [157.434365, -32.072858], [157.437687, -32.074414], [157.441973, -32.075252], [157.446053, -32.076096], [157.452308, -32.077182], [157.458138, -32.078892], [157.462814, -32.080275], [157.466549, -32.081186], [157.470728, -32.081742], [157.474049, -32.081964], [157.478712, -32.082347], [157.48255, -32.082552], [157.487102, -32.083167], [157.491402, -32.083616], [157.496328, -32.083968], [157.502297, -32.084545], [157.505547, -32.084705], [157.513909, -32.085158], [157.517968, -32.085062], [157.521616, -32.085172], [157.525692, -32.085207], [157.532732, -32.08449], [157.535942, -32.084197], [157.539467, -32.084158], [157.543127, -32.084234], [157.546548, -32.084598], [157.550604, -32.085061], [157.554894, -32.085692], [157.560016, -32.086752], [157.566435, -32.087432], [157.570763, -32.087595], [157.574349, -32.087833], [157.578593, -32.087934], [157.582816, -32.087562], [157.588187, -32.086994], [157.593122, -32.087527], [157.59672, -32.08755], [157.600323, -32.087813], [157.604853, -32.08854], [157.60947, -32.08916], [157.613747, -32.089638], [157.618377, -32.090398], [157.621863, -32.090709], [157.626694, -32.090225], [157.630185, -32.089669], [157.634379, -32.08874], [157.638266, -32.087426], [157.641132, -32.086176], [157.644531, -32.084021], [157.648953, -32.081581], [157.651431, -32.080091], [157.658174, -32.076521], [157.661887, -32.074756], [157.669362, -32.0701], [157.675143, -32.067384], [157.67818, -32.065986], [157.683013, -32.064033], [157.687842, -32.062287], [157.690767, -32.061404], [157.696577, -32.05947], [157.70021, -32.057593], [157.705813, -32.055408], [157.709931, -32.053607], [157.714744, -32.050808], [157.717826, -32.048887], [157.721771, -32.045788], [157.726637, -32.042469], [157.733488, -32.038962], [157.736296, -32.037188], [157.7394, -32.034546], [157.742517, -32.032188], [157.746907, -32.028998], [157.750542, -32.026738], [157.753277, -32.025037], [157.756057, -32.023509], [157.760942, -32.020465], [157.765259, -32.018263], [157.768831, -32.015221], [157.771802, -32.012665], [157.774698, -32.010901], [157.779249, -32.008383], [157.78153, -32.006643], [157.785393, -32.002309], [157.79014, -31.997315], [157.792884, -31.994184], [157.795702, -31.990971], [157.799928, -31.986167], [157.803287, -31.982314], [157.805526, -31.979369], [157.808929, -31.975909], [157.811539, -31.973342], [157.814507, -31.970431], [157.817076, -31.967904], [157.820238, -31.964748], [157.825161, -31.960925], [157.829682, -31.958203], [157.836793, -31.953798], [157.838748, -31.951764], [157.841488, -31.947965], [157.84432, -31.944671], [157.84745, -31.940856], [157.851071, -31.936662], [157.855339, -31.930434], [157.85699, -31.927776], [157.859131, -31.924671], [157.860558, -31.922391], [157.863117, -31.917857], [157.865606, -31.913709], [157.867591, -31.911214], [157.869204, -31.907767], [157.872407, -31.903211], [157.874805, -31.898825], [157.876598, -31.895435], [157.878322, -31.893022], [157.881055, -31.890085], [157.883913, -31.88642], [157.885627, -31.883968], [157.889269, -31.880218], [157.894043, -31.875219], [157.897419, -31.87171], [157.899527, -31.868326], [157.901386, -31.865178], [157.904544, -31.861674], [157.907628, -31.85841], [157.909632, -31.856427], [157.912987, -31.852596], [157.917407, -31.846865], [157.919252, -31.844], [157.9215, -31.840712], [157.923655, -31.837426], [157.925626, -31.834537], [157.928358, -31.831297], [157.932418, -31.826212], [157.935236, -31.822436], [157.937501, -31.819202], [157.93972, -31.815906], [157.941961, -31.812945], [157.944214, -31.808515], [157.948816, -31.801647], [157.9517, -31.797355], [157.953832, -31.79428], [157.955674, -31.791812], [157.957909, -31.788637], [157.959423, -31.785227], [157.960924, -31.782185], [157.962322, -31.778752], [157.963838, -31.775511], [157.965342, -31.773473], [157.969137, -31.768323], [157.971854, -31.762811], [157.973529, -31.760312], [157.975146, -31.756767], [157.977413, -31.752856], [157.979131, -31.750228], [157.982968, -31.745239], [157.984424, -31.74242], [157.986548, -31.739137], [157.988782, -31.734235], [157.991363, -31.731403], [157.993886, -31.727213], [157.995735, -31.723759], [157.997509, -31.720766], [157.999116, -31.718083], [158.000922, -31.715407], [158.003326, -31.710436], [158.004316, -31.708104], [158.006208, -31.703636], [158.007867, -31.700803], [158.009438, -31.696823], [158.010764, -31.693302], [158.012633, -31.689596], [158.014615, -31.686708], [158.017092, -31.683555], [158.018443, -31.681533], [158.020379, -31.677141], [158.021394, -31.673958], [158.022182, -31.67035], [158.023821, -31.667511], [158.027118, -31.661572], [158.028182, -31.658572], [158.030382, -31.654782], [158.032356, -31.651991], [158.033941, -31.649229], [158.035603, -31.645673], [158.036473, -31.641644], [158.039023, -31.636787], [158.041165, -31.632912], [158.043571, -31.630003], [158.046532, -31.626621], [158.048897, -31.623708], [158.051394, -31.621499], [158.055633, -31.616599], [158.058418, -31.613715], [158.060445, -31.611203], [158.063418, -31.607472], [158.066275, -31.60286], [158.069282, -31.598472], [158.070793, -31.596177], [158.074815, -31.590352], [158.078357, -31.585535], [158.081943, -31.580578], [158.085372, -31.577208], [158.087788, -31.574154], [158.089967, -31.57152], [158.093869, -31.566279], [158.097702, -31.562032], [158.099496, -31.559771], [158.102371, -31.556513], [158.10482, -31.553629], [158.109924, -31.548498], [158.113367, -31.543963], [158.116151, -31.541348], [158.11893, -31.538793], [158.122095, -31.535595], [158.125012, -31.5334], [158.127611, -31.530699], [158.132087, -31.526987], [158.134579, -31.524814], [158.138092, -31.521242], [158.141589, -31.51804], [158.145051, -31.515408], [158.148797, -31.51273], [158.151866, -31.509597], [158.155136, -31.506081], [158.158028, -31.503652], [158.160568, -31.501198], [158.163592, -31.498477], [158.165556, -31.496782], [158.168509, -31.493467], [158.169908, -31.491323], [158.172795, -31.486853], [158.175476, -31.483501], [158.177214, -31.480997], [158.179199, -31.477965], [158.18104, -31.475409], [158.182877, -31.472858], [158.185189, -31.468969], [158.187011, -31.466235], [158.190281, -31.462729], [158.194846, -31.459486], [158.19783, -31.457413], [158.200115, -31.454566], [158.202432, -31.451514], [158.204874, -31.448353], [158.20768, -31.445187], [158.210684, -31.442674], [158.213072, -31.440326], [158.215495, -31.437399], [158.217271, -31.434922], [158.220441, -31.430946], [158.225136, -31.427116], [158.226674, -31.42561], [158.229621, -31.423289], [158.232285, -31.420424], [158.234058, -31.417665], [158.236758, -31.415175], [158.240012, -31.412549], [158.242798, -31.409854], [158.244213, -31.408223], [158.246591, -31.405459], [158.249198, -31.403236], [158.252243, -31.400474], [158.254783, -31.397643], [158.257073, -31.395539], [158.260024, -31.393133], [158.264063, -31.390295], [158.267712, -31.388078], [158.271395, -31.386173], [158.275153, -31.38388], [158.278959, -31.381577], [158.282541, -31.379845], [158.286049, -31.378102], [158.29052, -31.375679], [158.294418, -31.374263], [158.297724, -31.373122], [158.300671, -31.370994], [158.304533, -31.368723], [158.307482, -31.366846], [158.311318, -31.363931], [158.315212, -31.361892], [158.318933, -31.360159], [158.322156, -31.358419], [158.326433, -31.355317], [158.331119, -31.351575], [158.333893, -31.349455], [158.337035, -31.347118], [158.340999, -31.344523], [158.34422, -31.342641], [158.345964, -31.340493], [158.349461, -31.336688], [158.351262, -31.334238], [158.353725, -31.330811], [158.355628, -31.32769], [158.357233, -31.32454], [158.359241, -31.32035], [158.360771, -31.316879], [158.361724, -31.314974], [158.363202, -31.311662], [158.365636, -31.308218], [158.36718, -31.305531], [158.370223, -31.300437], [158.372141, -31.298036], [158.374571, -31.294777], [158.376714, -31.291839], [158.378382, -31.289563], [158.380593, -31.286411], [158.382768, -31.282814], [158.384521, -31.280112], [158.386856, -31.276284], [158.386784, -31.277457], [158.384094, -31.283781], [158.382759, -31.286075], [158.381328, -31.288735], [158.379082, -31.292478], [158.377593, -31.295496], [158.376457, -31.298218], [158.375439, -31.300641], [158.373702, -31.303932], [158.370787, -31.310022], [158.369036, -31.313557], [158.367546, -31.316677], [158.365393, -31.321153], [158.364443, -31.323587], [158.362701, -31.326987], [158.360216, -31.331246], [158.359237, -31.333302], [158.35722, -31.337068], [158.356052, -31.33934], [158.354744, -31.342147], [158.353394, -31.345337], [158.351743, -31.348624], [158.348832, -31.354096], [158.347344, -31.357055], [158.346198, -31.359416], [158.344718, -31.3621], [158.343406, -31.364642], [158.342106, -31.367421], [158.339741, -31.372939], [158.338544, -31.375523], [158.33673, -31.37995], [158.335847, -31.381948], [158.333304, -31.386822], [158.331948, -31.389637], [158.329715, -31.393311], [158.327588, -31.397627], [158.326393, -31.400259], [158.325763, -31.401426], [158.324203, -31.405127], [158.323237, -31.407335], [158.3212, -31.411623], [158.319999, -31.41379], [158.318247, -31.417158], [158.316861, -31.420123], [158.3161, -31.421666], [158.314706, -31.424319], [158.313729, -31.426998], [158.312588, -31.429197], [158.310199, -31.434175], [158.309006, -31.437378], [158.306313, -31.443098], [158.305472, -31.444496], [158.303688, -31.448528], [158.302067, -31.451842], [158.300419, -31.455889], [158.299398, -31.457747], [158.297153, -31.462097], [158.295763, -31.464611], [158.294242, -31.467744], [158.29298, -31.47079], [158.291436, -31.474293], [158.289688, -31.478726], [158.288447, -31.482417], [158.287456, -31.486182], [158.286262, -31.489933], [158.285068, -31.492998], [158.283908, -31.496146], [158.28248, -31.50014], [158.281789, -31.50257], [158.279854, -31.507577], [158.278793, -31.510616], [158.278048, -31.513455], [158.277225, -31.516149], [158.276201, -31.519647], [158.275628, -31.522019], [158.274932, -31.525171], [158.274471, -31.527986], [158.273147, -31.531486], [158.271273, -31.535399], [158.270242, -31.539227], [158.269235, -31.543498], [158.268117, -31.547207], [158.266531, -31.551259], [158.265786, -31.553687], [158.264063, -31.557606], [158.262977, -31.559682], [158.259686, -31.564188], [158.258522, -31.566283], [158.256597, -31.568936], [158.255008, -31.571417], [158.253053, -31.574741], [158.251548, -31.577102], [158.249642, -31.58018], [158.247929, -31.583659], [158.246541, -31.586087], [158.244873, -31.588426], [158.243011, -31.591552], [158.241564, -31.593776], [158.240285, -31.595936], [158.239019, -31.597978], [158.2373, -31.600322], [158.235884, -31.602637], [158.234298, -31.605857], [158.232341, -31.609119], [158.23039, -31.612089], [158.227611, -31.615603], [158.224306, -31.620356], [158.223059, -31.622146], [158.220842, -31.625546], [158.219832, -31.627359], [158.218559, -31.627982], [158.217594, -31.629452], [158.216715, -31.631483], [158.215621, -31.634048], [158.213354, -31.637653], [158.212509, -31.639709], [158.211993, -31.641295], [158.211107, -31.643468], [158.209762, -31.646576], [158.208757, -31.648761], [158.206974, -31.651725], [158.205761, -31.653637], [158.203907, -31.655782], [158.202574, -31.657761], [158.200823, -31.660687], [158.199104, -31.663271], [158.196802, -31.666322], [158.195078, -31.670122], [158.19396, -31.672238], [158.192597, -31.674622], [158.192339, -31.671842], [158.194609, -31.669628], [158.196776, -31.667181], [158.199644, -31.665477], [158.2021, -31.664113], [158.204007, -31.663018], [158.204305, -31.662021], [158.203475, -31.660435], [158.206006, -31.659142], [158.208493, -31.65782], [158.209619, -31.656905], [158.212412, -31.654853], [158.215539, -31.653969], [158.219724, -31.652169], [158.22321, -31.651139], [158.225798, -31.650172], [158.22759, -31.649584], [158.229506, -31.648519], [158.231344, -31.647448], [158.233339, -31.646323], [158.235056, -31.645573], [158.237862, -31.644594], [158.239433, -31.644027], [158.242456, -31.642226], [158.244806, -31.641303], [158.247108, -31.640586], [158.248637, -31.640188], [158.250516, -31.639524], [158.25331, -31.638614], [158.255053, -31.638008], [158.257657, -31.637303], [158.260134, -31.636725], [158.262117, -31.636167], [158.266112, -31.634957], [158.268315, -31.634359], [158.271185, -31.633607], [158.273149, -31.633268], [158.277514, -31.632377], [158.279595, -31.632108], [158.283067, -31.631625], [158.285963, -31.630981], [158.291227, -31.629654], [158.293483, -31.629063], [158.296961, -31.628406], [158.300676, -31.628323], [158.30363, -31.628087], [158.307003, -31.627444], [158.309629, -31.62686], [158.312976, -31.626034], [158.315633, -31.625562], [158.318796, -31.625324], [158.321057, -31.624975], [158.323551, -31.624598], [158.325492, -31.624785], [158.329251, -31.624732], [158.33279, -31.624474], [158.337479, -31.624185], [158.34026, -31.623782], [158.343721, -31.623154], [158.346573, -31.622578], [158.349223, -31.622077], [158.352235, -31.621668], [158.354175, -31.621758], [158.357918, -31.621752], [158.361841, -31.621394], [158.36455, -31.621071], [158.367122, -31.620937], [158.369662, -31.620994], [158.371603, -31.620801], [158.374474, -31.620744], [158.378613, -31.620752], [158.382008, -31.620452], [158.386667, -31.619541], [158.389618, -31.61893], [158.392966, -31.618584], [158.395963, -31.61881], [158.399683, -31.618578], [158.403827, -31.618308], [158.406448, -31.618247], [158.410572, -31.61811], [158.414929, -31.617288], [158.418979, -31.616982], [158.423172, -31.616935], [158.426984, -31.616421], [158.432527, -31.615608], [158.436519, -31.615823], [158.439976, -31.615707], [158.44491, -31.615135], [158.447772, -31.614561], [158.452039, -31.614097], [158.455957, -31.614742], [158.459829, -31.61544], [158.464238, -31.616099], [158.467631, -31.615652], [158.470838, -31.61544], [158.473912, -31.615396], [158.477471, -31.615107], [158.480371, -31.614851], [158.482809, -31.614395], [158.486086, -31.613798], [158.488815, -31.613444], [158.491731, -31.61214], [158.493412, -31.611542], [158.497284, -31.610647], [158.50117, -31.609699], [158.503731, -31.608809], [158.507059, -31.608112], [158.509841, -31.607833], [158.512443, -31.607599], [158.51496, -31.60681], [158.517431, -31.605945], [158.52015, -31.604692], [158.524196, -31.603764], [158.526753, -31.60287], [158.530031, -31.601444], [158.532725, -31.600329], [158.535984, -31.599509], [158.53904, -31.598832], [158.541859, -31.598806], [158.543484, -31.598282], [158.547092, -31.596549], [158.549729, -31.595203], [158.554004, -31.594169], [158.557277, -31.591978], [158.561287, -31.590132], [158.565482, -31.589328], [158.571483, -31.588427], [158.575628, -31.587164], [158.579404, -31.586074], [158.583029, -31.586233], [158.587208, -31.585698], [158.590646, -31.586148], [158.595524, -31.586858], [158.599004, -31.587145], [158.604985, -31.587159], [158.608933, -31.587356], [158.613334, -31.587351], [158.61714, -31.587256], [158.622352, -31.588034], [158.628356, -31.587872], [158.632297, -31.587668], [158.635485, -31.587259], [158.640026, -31.587041], [158.644462, -31.58734], [158.647203, -31.58682], [158.648718, -31.58621], [158.657267, -31.584453], [158.661913, -31.583755], [158.666208, -31.584038], [158.671306, -31.584128], [158.675239, -31.584431], [158.679235, -31.584862], [158.684902, -31.585379], [158.688729, -31.585409], [158.696113, -31.586111], [158.701419, -31.586671], [158.706801, -31.587176], [158.713116, -31.587677], [158.718194, -31.587856], [158.722422, -31.588371], [158.727405, -31.589033], [158.733194, -31.589697], [158.738463, -31.589787], [158.745133, -31.589338], [158.749544, -31.588773], [158.752559, -31.588228], [158.758413, -31.587303], [158.762011, -31.586778], [158.768256, -31.5856], [158.772162, -31.584988], [158.774784, -31.584527], [158.780179, -31.583607], [158.78533, -31.5827], [158.789379, -31.581757], [158.798146, -31.580675], [158.804078, -31.579789], [158.808752, -31.579013], [158.813817, -31.578243], [158.817007, -31.577658], [158.821131, -31.577053], [158.824678, -31.576422], [158.827533, -31.576018], [158.834277, -31.575062], [158.835545, -31.574872], [158.846228, -31.573192], [158.84914, -31.572594], [158.855672, -31.572595], [158.867057, -31.571217], [158.875142, -31.569915], [158.881661, -31.568926], [158.885181, -31.568696], [158.893252, -31.567943], [158.898752, -31.566768], [158.90733, -31.564162], [158.909826, -31.563445], [158.91584, -31.561781], [158.917803, -31.561257], [158.928458, -31.558555], [158.933348, -31.557248], [158.937467, -31.55621], [158.954963, -31.552037], [158.965895, -31.548937], [158.974258, -31.546428], [158.979238, -31.544737], [158.982645, -31.543638], [158.990927, -31.540977], [159.000918, -31.539423], [159.01395, -31.536993], [159.020437, -31.535623], [159.029288, -31.533783], [159.033779, -31.532783], [159.036521, -31.531032], [159.040121, -31.528531], [159.043466, -31.526493], [159.045697, -31.525218], [159.047354, -31.52421], [159.049513, -31.523545], [159.049968, -31.523903], [159.045198, -31.525401], [159.043835, -31.526866], [159.040462, -31.528306], [159.036704, -31.527836], [159.033411, -31.527329], [159.030794, -31.526092], [159.027893, -31.522775], [159.027838, -31.520927], [159.027625, -31.51085], [159.029048, -31.5076], [159.032657, -31.500294], [159.036514, -31.493345], [159.039594, -31.489731], [159.043886, -31.484915], [159.046912, -31.481525], [159.052434, -31.475629], [159.057537, -31.474335], [159.062175, -31.473103], [159.06779, -31.471938], [159.074627, -31.47072], [159.079225, -31.470015], [159.087939, -31.468205], [159.10027, -31.46542], [159.105899, -31.46421], [159.113927, -31.462669], [159.117209, -31.461846], [159.121768, -31.460715], [159.124414, -31.460052], [159.128161, -31.459177], [159.134463, -31.45772], [159.137002, -31.45704], [159.139886, -31.456302], [159.142712, -31.455534], [159.145129, -31.455002], [159.147647, -31.454542], [159.154843, -31.452902], [159.164105, -31.451143], [159.167806, -31.450562], [159.172507, -31.449762], [159.18574, -31.44815], [159.192975, -31.447078], [159.198615, -31.446524], [159.203098, -31.44609], [159.207199, -31.445964], [159.214714, -31.445353], [159.2227, -31.444522], [159.228107, -31.444184], [159.23414, -31.44354], [159.24229, -31.443038], [159.245479, -31.442673], [159.250469, -31.442131], [159.25896, -31.441198], [159.262624, -31.441068], [159.273133, -31.44027], [159.278066, -31.439602], [159.283408, -31.439152], [159.293153, -31.438185], [159.305682, -31.437413], [159.312098, -31.437221], [159.318803, -31.436975], [159.32655, -31.436378], [159.329417, -31.436065], [159.337127, -31.435567], [159.344713, -31.434797], [159.349963, -31.434544], [159.351641, -31.434387], [159.36756, -31.433267], [159.371799, -31.43309], [159.384182, -31.432442], [159.38804, -31.432334], [159.394382, -31.43203], [159.403192, -31.431683], [159.412918, -31.431017], [159.424258, -31.430073], [159.428487, -31.429828], [159.44105, -31.42862], [159.448482, -31.427612], [159.456642, -31.426794], [159.465213, -31.425913], [159.468518, -31.425667], [159.47908, -31.424525], [159.487851, -31.423829], [159.490195, -31.423584], [159.494709, -31.423097], [159.497687, -31.422786], [159.505947, -31.422], [159.513823, -31.421008], [159.523415, -31.419918], [159.532735, -31.418553], [159.534979, -31.418193], [159.538144, -31.416003], [159.539396, -31.415089], [159.542419, -31.412904], [159.544193, -31.411729], [159.574768, -31.396703], [159.578988, -31.394689], [159.583307, -31.392657], [159.588414, -31.390234], [159.596083, -31.386566], [159.597783, -31.385543], [159.6062, -31.382002], [159.610079, -31.380014], [159.61597, -31.377189], [159.619475, -31.375435], [159.626318, -31.372437], [159.630186, -31.370482], [159.635513, -31.36844], [159.638047, -31.367451], [159.64703, -31.366636], [159.6503, -31.366357], [159.657607, -31.365687], [159.660905, -31.365341], [159.677248, -31.363648], [159.683718, -31.363107], [159.68665, -31.362956], [159.690445, -31.362793], [159.691895, -31.362716], [159.697223, -31.36225], [159.70997, -31.361257], [159.711497, -31.361208], [159.713284, -31.3611], [159.715843, -31.361028], [159.73065, -31.359638], [159.733959, -31.359288], [159.740964, -31.358568], [159.743481, -31.358387], [159.745997, -31.358194], [159.749326, -31.357886], [159.752857, -31.35769], [159.754367, -31.357506], [159.755567, -31.357428], [159.756868, -31.357322], [159.759623, -31.357001], [159.763885, -31.356513], [159.772018, -31.355792], [159.777673, -31.355287], [159.78591, -31.35455], [159.788267, -31.354298], [159.794577, -31.35371], [159.804335, -31.352675], [159.81064, -31.352181], [159.820733, -31.351423], [159.824178, -31.351295], [159.832116, -31.350837], [159.839279, -31.350641], [159.843485, -31.350507], [159.846375, -31.350467], [159.853194, -31.350307], [159.857498, -31.350196], [159.862123, -31.350365], [159.867508, -31.350237], [159.873589, -31.350044], [159.879527, -31.349737], [159.88359, -31.349463], [159.88965, -31.349145], [159.901448, -31.348568], [159.912265, -31.347823], [159.914436, -31.347611], [159.919488, -31.347199], [159.927716, -31.346196], [159.933911, -31.345298], [159.947098, -31.343167], [159.951078, -31.342648], [159.955783, -31.341916], [159.963817, -31.340807], [159.968488, -31.340636], [159.972764, -31.340401], [159.976652, -31.340245], [159.980182, -31.340007], [159.987824, -31.339602], [159.995602, -31.339192], [160.000771, -31.338748], [160.008414, -31.338138], [160.012192, -31.337781], [160.015755, -31.337449], [160.021535, -31.336912], [160.029107, -31.336103], [160.032427, -31.335899], [160.035722, -31.332717], [160.041478, -31.327902], [160.044928, -31.325721], [160.048162, -31.323494], [160.051308, -31.321377], [160.054315, -31.319419], [160.057433, -31.317515], [160.060838, -31.315577], [160.064617, -31.313032], [160.068076, -31.310878], [160.072857, -31.307772], [160.076543, -31.305464], [160.081522, -31.302279], [160.085517, -31.299492], [160.09139, -31.295836], [160.095934, -31.292803], [160.100534, -31.289497], [160.105726, -31.285753], [160.112866, -31.280587], [160.117683, -31.276795], [160.121544, -31.273702], [160.125867, -31.270457], [160.129863, -31.267372], [160.132781, -31.265036], [160.137717, -31.261164], [160.139829, -31.259375], [160.148195, -31.257198], [160.154279, -31.255403], [160.159685, -31.253822], [160.166838, -31.251272], [160.169564, -31.250395], [160.176782, -31.247748], [160.184415, -31.24498], [160.189484, -31.243108], [160.194581, -31.241393], [160.19918, -31.239887], [160.20573, -31.23786], [160.215595, -31.234185], [160.216955, -31.23374], [160.221062, -31.232192], [160.229202, -31.229168], [160.232521, -31.227735], [160.235336, -31.226593], [160.238953, -31.225216], [160.244982, -31.223444], [160.252868, -31.221057], [160.259758, -31.218636], [160.26543, -31.216688], [160.27828, -31.213307], [160.284883, -31.211883], [160.292638, -31.209847], [160.302562, -31.207688], [160.306388, -31.20686], [160.317445, -31.203972], [160.325517, -31.201967], [160.330208, -31.20079], [160.338793, -31.19854], [160.344587, -31.197235], [160.357902, -31.193823], [160.361538, -31.193195], [160.3789, -31.189375], [160.382418, -31.188883], [160.392628, -31.186553], [160.396347, -31.18602], [160.403952, -31.184499], [160.410335, -31.182965], [160.416708, -31.181552], [160.424139, -31.180134], [160.427145, -31.179493], [160.434885, -31.177907], [160.437923, -31.177175], [160.445813, -31.175677], [160.451943, -31.174448], [160.463953, -31.172155], [160.467208, -31.17167], [160.474628, -31.170234], [160.477933, -31.16954], [160.48611, -31.168099], [160.490672, -31.167495], [160.499237, -31.165962], [160.50329, -31.165193], [160.511673, -31.163657], [160.516094, -31.162746], [160.522659, -31.161585], [160.53778, -31.158488], [160.542694, -31.157428], [160.553063, -31.1552], [160.55907, -31.154053], [160.566233, -31.15231], [160.568423, -31.15177], [160.579115, -31.149398], [160.584226, -31.148368], [160.589325, -31.146938], [160.594965, -31.145492], [160.601465, -31.144107], [160.61396, -31.141013], [160.617455, -31.14031], [160.628438, -31.137373], [160.632072, -31.136547], [160.639618, -31.134726], [160.645336, -31.133396], [160.652595, -31.131448], [160.658322, -31.129912], [160.666252, -31.127948], [160.68012, -31.124772], [160.687627, -31.123387], [160.697005, -31.121952], [160.70066, -31.121323], [160.705427, -31.120536], [160.710952, -31.119665], [160.717542, -31.118477], [160.727153, -31.116682], [160.733743, -31.115339], [160.743338, -31.11297], [160.750363, -31.111486], [160.757897, -31.109793], [160.762915, -31.108512], [160.769072, -31.107117], [160.775177, -31.105657], [160.785532, -31.103583], [160.7927, -31.10193], [160.801454, -31.100224], [160.811852, -31.0981], [160.819621, -31.096657], [160.824908, -31.095652], [160.832423, -31.094136], [160.838885, -31.092987], [160.846403, -31.091383], [160.855295, -31.089895], [160.868522, -31.087405], [160.875322, -31.086235], [160.882392, -31.084732], [160.89168, -31.083033], [160.900015, -31.081143], [160.902843, -31.080583], [160.918392, -31.077603], [160.924458, -31.076499], [160.939022, -31.073842], [160.94613, -31.07244], [160.951568, -31.07153], [160.970565, -31.067503], [160.982203, -31.064513], [160.986383, -31.063265], [160.995248, -31.060958], [160.999424, -31.060401], [161.002106, -31.060054], [161.003838, -31.059669], [161.00897, -31.058943], [161.011564, -31.058529], [161.013844, -31.058158], [161.02118, -31.05695], [161.025561, -31.056162], [161.031012, -31.055095], [161.033333, -31.054567], [161.041372, -31.052997], [161.047148, -31.052273], [161.051033, -31.051774], [161.055328, -31.051218], [161.058486, -31.050196], [161.065216, -31.045773], [161.068418, -31.045116], [161.072845, -31.044856], [161.07737, -31.044697], [161.082429, -31.044747], [161.086624, -31.044637], [161.091667, -31.044601], [161.095313, -31.044561], [161.101104, -31.044504], [161.106863, -31.044485], [161.113428, -31.044571], [161.120622, -31.044876], [161.126889, -31.045228], [161.132833, -31.045687], [161.136897, -31.045791], [161.141264, -31.04594], [161.149023, -31.046267], [161.157158, -31.046736], [161.164263, -31.046985], [161.170953, -31.047213], [161.177722, -31.047518], [161.184345, -31.047986], [161.188172, -31.047978], [161.193905, -31.048115], [161.200173, -31.048682], [161.204218, -31.048983], [161.211618, -31.048427], [161.215977, -31.048647], [161.221988, -31.049278], [161.227415, -31.049543], [161.236252, -31.050155], [161.241461, -31.050434], [161.25123, -31.050965], [161.271082, -31.052865], [161.276361, -31.05323], [161.279936, -31.053088], [161.285434, -31.051895], [161.292939, -31.050242], [161.295156, -31.050618], [161.29885, -31.050741], [161.302494, -31.050521], [161.306229, -31.050443], [161.309494, -31.050094], [161.313836, -31.050201], [161.316844, -31.050147], [161.321445, -31.050107], [161.324513, -31.050519], [161.328248, -31.050842], [161.33125, -31.051517], [161.333953, -31.050953], [161.336759, -31.050223], [161.340035, -31.049865], [161.342926, -31.049933], [161.346344, -31.050113], [161.349053, -31.050357], [161.352625, -31.050972], [161.355078, -31.050561], [161.359085, -31.050215], [161.363619, -31.04978], [161.367906, -31.049262], [161.37164, -31.048962], [161.3762, -31.048784], [161.379817, -31.048953], [161.383319, -31.049545], [161.386136, -31.049819], [161.388668, -31.049384], [161.391279, -31.048688], [161.393458, -31.048025], [161.396054, -31.047414], [161.399693, -31.047781], [161.402913, -31.047733], [161.405967, -31.047907], [161.409528, -31.048148], [161.413496, -31.047807], [161.416262, -31.047905], [161.420228, -31.04798], [161.423477, -31.048322], [161.426077, -31.048549], [161.429501, -31.048656], [161.432119, -31.048684], [161.435488, -31.048855], [161.440153, -31.049175], [161.443884, -31.049939], [161.446924, -31.050816], [161.450936, -31.051619], [161.454971, -31.051803], [161.459264, -31.051905], [161.465538, -31.052012], [161.470147, -31.052657], [161.47322, -31.053214], [161.477041, -31.054046], [161.482593, -31.054243], [161.48492, -31.054179], [161.487838, -31.053612], [161.49121, -31.05223], [161.502775, -31.048442], [161.506255, -31.047405], [161.52083, -31.042625], [161.532515, -31.039213], [161.540293, -31.03663], [161.547582, -31.034598], [161.555765, -31.031935], [161.562843, -31.029838], [161.569205, -31.027817], [161.577827, -31.025105], [161.581753, -31.02381], [161.590785, -31.021177], [161.593686, -31.020041], [161.596644, -31.018853], [161.603124, -31.016953], [161.609263, -31.01516], [161.61532, -31.01315], [161.627873, -31.009133], [161.634408, -31.006737], [161.643252, -31.003498], [161.648365, -31.00169], [161.659177, -30.9975], [161.662777, -30.996497], [161.66479, -30.996036], [161.673145, -30.994013], [161.679651, -30.992291], [161.682518, -30.991563], [161.689157, -30.989676], [161.693183, -30.988514], [161.697125, -30.987544], [161.701527, -30.986773], [161.709295, -30.985403], [161.712728, -30.984821], [161.717019, -30.984567], [161.720288, -30.984247], [161.724065, -30.983843], [161.728912, -30.983407], [161.73151, -30.983517], [161.735191, -30.983226], [161.739124, -30.98256], [161.742197, -30.982332], [161.746061, -30.982071], [161.750849, -30.981245], [161.75439, -30.980649], [161.758882, -30.979598], [161.762562, -30.978701], [161.769915, -30.9774], [161.773376, -30.976862], [161.77569, -30.976385], [161.780254, -30.975698], [161.782456, -30.97534], [161.784966, -30.974757], [161.787632, -30.974015], [161.790129, -30.973352], [161.792853, -30.972185], [161.797516, -30.969127], [161.799928, -30.967723], [161.802762, -30.966574], [161.806456, -30.965231], [161.810567, -30.963348], [161.813643, -30.961868], [161.816018, -30.960915], [161.818776, -30.959856], [161.822365, -30.957894], [161.824911, -30.956506], [161.828047, -30.955046], [161.830853, -30.953513], [161.833093, -30.952197], [161.835734, -30.950726], [161.838889, -30.948521], [161.841527, -30.947384], [161.845678, -30.945643], [161.847528, -30.944411], [161.850836, -30.942313], [161.853586, -30.93986], [161.855861, -30.937922], [161.857869, -30.936221], [161.859926, -30.934869], [161.863829, -30.932711], [161.866372, -30.930758], [161.868793, -30.929418], [161.874378, -30.926647], [161.87689, -30.924839], [161.879576, -30.92279], [161.882923, -30.920284], [161.885907, -30.918473], [161.889708, -30.916286], [161.893178, -30.914192], [161.895323, -30.912424], [161.897428, -30.910529], [161.899989, -30.907893], [161.903877, -30.904581], [161.906891, -30.901891], [161.910067, -30.899213], [161.912883, -30.897182], [161.916098, -30.895453], [161.920392, -30.892925], [161.923121, -30.891423], [161.925898, -30.889716], [161.92916, -30.887763], [161.932559, -30.885819], [161.935739, -30.883866], [161.938121, -30.882499], [161.941734, -30.879835], [161.944663, -30.877435], [161.946724, -30.875719], [161.949538, -30.873712], [161.952603, -30.872375], [161.954699, -30.871549], [161.958024, -30.869262], [161.96068, -30.867603], [161.967791, -30.862793], [161.969801, -30.861226], [161.971409, -30.859534], [161.974914, -30.856573], [161.978318, -30.854317], [161.980909, -30.852726], [161.984492, -30.849567], [161.989565, -30.845847], [161.991922, -30.843894], [161.9939, -30.842552], [161.996199, -30.840999], [162.00055, -30.83876], [162.002853, -30.837975], [162.005686, -30.836796], [162.009163, -30.835233], [162.012086, -30.833652], [162.014218, -30.832463], [162.016712, -30.831375], [162.019997, -30.830072], [162.023512, -30.828694], [162.026058, -30.827548], [162.028918, -30.825948], [162.032774, -30.824013], [162.036566, -30.822592], [162.040077, -30.821512], [162.042874, -30.820625], [162.047961, -30.818178], [162.051571, -30.816826], [162.058623, -30.815251], [162.062679, -30.814273], [162.067071, -30.812784], [162.07104, -30.811123], [162.074712, -30.810133], [162.078182, -30.809587], [162.081721, -30.808721], [162.085347, -30.807734], [162.089536, -30.806456], [162.09406, -30.805305], [162.099492, -30.804039], [162.105259, -30.803355], [162.110041, -30.802123], [162.113182, -30.800947], [162.11625, -30.799761], [162.12, -30.798415], [162.122568, -30.797272], [162.125484, -30.796191], [162.129463, -30.795356], [162.132342, -30.794558], [162.135005, -30.793855], [162.138015, -30.793167], [162.141104, -30.792228], [162.146226, -30.790484], [162.149801, -30.789294], [162.153323, -30.788367], [162.158042, -30.786532], [162.161076, -30.785535], [162.164342, -30.783908], [162.167836, -30.782721], [162.171646, -30.78118], [162.174203, -30.780237], [162.178503, -30.778691], [162.181138, -30.777788], [162.184596, -30.776684], [162.187002, -30.776095], [162.192623, -30.774378], [162.196219, -30.773591], [162.19996, -30.773097], [162.203948, -30.771921], [162.209102, -30.76986], [162.212927, -30.768438], [162.218218, -30.767248], [162.221323, -30.767194], [162.225443, -30.766956], [162.231374, -30.766776], [162.235864, -30.766198], [162.24151, -30.765185], [162.245654, -30.764484], [162.250043, -30.763869], [162.252632, -30.763252], [162.255349, -30.762677], [162.259198, -30.761573], [162.266705, -30.759417], [162.270086, -30.758543], [162.276207, -30.75682], [162.280404, -30.755711], [162.284293, -30.754816], [162.288569, -30.753998], [162.293727, -30.753331], [162.297462, -30.752951], [162.301863, -30.752344], [162.305874, -30.751808], [162.310063, -30.751306], [162.313496, -30.751033], [162.319151, -30.750926], [162.322613, -30.749831], [162.324951, -30.748887], [162.328393, -30.747741], [162.333241, -30.746477], [162.336803, -30.746085], [162.341255, -30.746278], [162.347249, -30.746509], [162.350752, -30.746337], [162.354966, -30.746011], [162.359053, -30.745486], [162.364678, -30.744786], [162.368767, -30.744818], [162.372463, -30.745348], [162.375558, -30.745546], [162.378578, -30.745739], [162.381649, -30.745831], [162.384954, -30.745852], [162.389439, -30.745235], [162.392205, -30.744731], [162.395259, -30.74432], [162.397533, -30.743904], [162.402694, -30.743001], [162.4052, -30.742546], [162.408156, -30.741826], [162.412146, -30.740977], [162.415245, -30.740469], [162.419082, -30.739925], [162.424265, -30.739193], [162.428791, -30.739052], [162.432208, -30.739085], [162.437139, -30.738753], [162.440472, -30.738993], [162.444418, -30.739252], [162.448383, -30.739773], [162.452084, -30.740222], [162.455978, -30.740613], [162.459782, -30.741254], [162.46443, -30.741738], [162.468423, -30.742347], [162.471929, -30.742697], [162.475301, -30.743253], [162.48179, -30.744188], [162.486136, -30.744597], [162.489488, -30.745422], [162.493599, -30.745882], [162.497628, -30.745811], [162.501585, -30.745641], [162.505133, -30.745787], [162.508962, -30.745078], [162.512834, -30.744247], [162.517769, -30.743462], [162.521861, -30.742962], [162.525589, -30.742049], [162.528723, -30.741677], [162.532723, -30.741207], [162.538552, -30.740483], [162.542456, -30.740012], [162.546436, -30.739485], [162.550786, -30.739368], [162.558219, -30.739753], [162.563599, -30.739688], [162.567155, -30.739759], [162.573043, -30.739845], [162.576799, -30.739992], [162.580843, -30.739662], [162.583732, -30.739832], [162.586847, -30.739601], [162.590537, -30.73951], [162.593196, -30.73959], [162.597662, -30.739622], [162.601759, -30.739037], [162.604836, -30.738671], [162.608287, -30.738052], [162.612358, -30.737392], [162.616946, -30.736449], [162.619836, -30.735827], [162.623944, -30.734778], [162.626804, -30.733844], [162.629811, -30.733022], [162.632583, -30.732313], [162.636059, -30.731385], [162.641353, -30.730178], [162.644661, -30.730106], [162.648755, -30.729859], [162.653846, -30.729472], [162.65845, -30.729132], [162.661468, -30.729142], [162.665588, -30.728999], [162.671906, -30.728089], [162.675666, -30.727962], [162.679667, -30.727711], [162.683002, -30.727426], [162.687123, -30.726733], [162.691294, -30.726219], [162.69527, -30.72585], [162.698013, -30.725841], [162.701511, -30.725827], [162.705187, -30.726229], [162.708936, -30.726605], [162.711586, -30.726539], [162.714372, -30.726532], [162.718102, -30.726483], [162.721538, -30.72625], [162.725476, -30.725971], [162.730581, -30.725572], [162.734847, -30.725619], [162.739148, -30.725119], [162.743896, -30.72395], [162.747725, -30.722605], [162.75187, -30.721058], [162.756473, -30.719428], [162.760545, -30.718493], [162.763031, -30.717944], [162.766189, -30.717047], [162.769925, -30.715782], [162.773663, -30.714781], [162.778295, -30.713871], [162.782826, -30.713197], [162.787242, -30.712672], [162.789976, -30.712386], [162.793679, -30.711454], [162.797675, -30.710483], [162.802394, -30.709789], [162.807827, -30.708644], [162.811975, -30.707459], [162.815563, -30.706504], [162.819004, -30.705989], [162.822893, -30.705082], [162.826834, -30.704423], [162.832434, -30.703528], [162.835841, -30.702883], [162.840163, -30.702268], [162.846477, -30.701241], [162.850295, -30.700768], [162.853335, -30.700451], [162.858541, -30.69909], [162.862157, -30.698154], [162.866362, -30.696892], [162.869306, -30.696102], [162.870982, -30.695672], [162.87404, -30.694925], [162.875839, -30.694703], [162.87735, -30.694556], [162.878781, -30.694419], [162.880805, -30.694325], [162.882285, -30.694246], [162.884481, -30.694205], [162.886139, -30.694259], [162.887954, -30.694097], [162.890314, -30.693672], [162.892366, -30.693104], [162.895864, -30.692354], [162.89787, -30.692012], [162.900419, -30.691421], [162.906073, -30.690231], [162.908606, -30.690224], [162.911738, -30.690045], [162.916012, -30.689859], [162.919112, -30.690201], [162.924119, -30.690373], [162.928398, -30.690489], [162.93416, -30.690293], [162.939691, -30.690497], [162.942166, -30.690614], [162.946518, -30.690567], [162.950718, -30.690429], [162.954564, -30.69067], [162.958375, -30.69053], [162.962695, -30.689872], [162.966249, -30.688819], [162.970352, -30.688065], [162.973581, -30.687564], [162.978176, -30.686752], [162.981497, -30.686404], [162.985596, -30.686014], [162.992525, -30.68571], [162.995331, -30.685186], [162.997999, -30.685125], [163.001535, -30.686118], [163.004781, -30.686074], [163.009255, -30.685562], [163.011661, -30.684717], [163.015202, -30.684206], [163.017915, -30.683577], [163.02028, -30.682699], [163.023865, -30.681602], [163.028073, -30.681097], [163.030927, -30.680944], [163.033746, -30.680442], [163.036776, -30.679604], [163.039599, -30.67921], [163.043531, -30.678484], [163.046972, -30.678082], [163.049668, -30.677616], [163.053837, -30.677558], [163.056265, -30.676763], [163.059786, -30.675716], [163.063279, -30.674563], [163.068226, -30.674055], [163.071177, -30.674443], [163.074682, -30.673981], [163.077812, -30.673439], [163.081362, -30.67192], [163.08417, -30.670913], [163.08624, -30.670245], [163.089294, -30.668976], [163.092969, -30.668288], [163.097577, -30.667941], [163.10058, -30.667642], [163.10472, -30.666821], [163.10937, -30.666624], [163.112827, -30.666694], [163.116242, -30.667021], [163.11979, -30.666544], [163.122861, -30.665741], [163.128388, -30.66582], [163.132007, -30.665616], [163.135053, -30.665218], [163.139083, -30.664718], [163.141806, -30.663506], [163.144191, -30.662784], [163.147141, -30.661738], [163.150347, -30.66095], [163.154694, -30.660829], [163.158291, -30.661131], [163.161986, -30.661276], [163.164721, -30.661172], [163.167781, -30.660952], [163.171391, -30.65994], [163.174374, -30.659672], [163.177706, -30.659167], [163.181151, -30.658799], [163.184449, -30.658394], [163.188481, -30.658017], [163.192329, -30.657389], [163.195982, -30.657414], [163.198532, -30.656672], [163.200824, -30.656104], [163.204039, -30.655673], [163.207045, -30.655028], [163.209559, -30.654011], [163.212231, -30.653147], [163.215278, -30.652164], [163.21791, -30.650969], [163.221311, -30.650051], [163.223829, -30.649406], [163.227564, -30.648478], [163.230792, -30.647462], [163.234511, -30.646562], [163.237283, -30.645786], [163.240016, -30.644844], [163.244224, -30.644619], [163.246708, -30.64481], [163.249698, -30.644311], [163.252196, -30.643494], [163.255853, -30.642203], [163.259268, -30.642244], [163.261967, -30.641418], [163.264439, -30.640029], [163.266976, -30.63915], [163.269612, -30.638057], [163.272184, -30.637019], [163.276074, -30.636419], [163.278357, -30.635121], [163.281162, -30.633441], [163.283986, -30.632377], [163.286054, -30.630877], [163.288803, -30.629861], [163.291949, -30.629404], [163.294127, -30.628734], [163.29672, -30.627527], [163.299137, -30.626125], [163.301513, -30.625289], [163.305022, -30.624507], [163.307659, -30.623792], [163.31054, -30.623165], [163.314526, -30.621032], [163.317324, -30.619785], [163.319622, -30.619515], [163.322488, -30.619512], [163.325253, -30.619104], [163.328319, -30.618248], [163.331366, -30.617983], [163.335073, -30.618053], [163.338567, -30.618043], [163.341271, -30.617685], [163.344222, -30.616867], [163.346417, -30.61599], [163.349466, -30.615635], [163.352181, -30.614693], [163.355176, -30.614379], [163.358577, -30.61327], [163.361993, -30.611988], [163.365797, -30.610437], [163.368754, -30.609437], [163.37061, -30.608052], [163.373458, -30.606932], [163.376224, -30.605454], [163.378368, -30.603995], [163.380889, -30.602902], [163.383379, -30.60143], [163.386505, -30.599174], [163.389303, -30.598108], [163.391657, -30.596934], [163.393695, -30.595275], [163.396279, -30.593209], [163.398756, -30.592417], [163.401258, -30.591332], [163.404443, -30.588992], [163.407406, -30.587796], [163.410517, -30.586404], [163.413151, -30.585317], [163.415617, -30.584275], [163.418196, -30.583544], [163.421333, -30.584785], [163.425245, -30.586451], [163.429577, -30.588097], [163.432788, -30.589187], [163.436735, -30.590886], [163.440457, -30.592349], [163.444318, -30.593861], [163.448291, -30.59588], [163.451388, -30.597979], [163.454469, -30.599301], [163.460085, -30.601928], [163.464143, -30.604321], [163.467144, -30.605419], [163.472357, -30.607322], [163.475969, -30.608738], [163.481182, -30.611004], [163.485567, -30.613176], [163.489518, -30.614521], [163.493692, -30.615999], [163.497763, -30.617061], [163.502565, -30.618349], [163.506228, -30.619594], [163.510642, -30.621018], [163.515713, -30.622629], [163.519639, -30.624094], [163.524472, -30.62526], [163.528636, -30.626427], [163.53135, -30.627289], [163.534926, -30.628594], [163.538641, -30.629843], [163.545312, -30.631914], [163.549469, -30.633004], [163.552639, -30.63386], [163.555871, -30.634954], [163.560757, -30.636325], [163.564011, -30.637156], [163.57106, -30.639154], [163.577788, -30.640567], [163.581007, -30.641329], [163.583475, -30.642069], [163.588409, -30.643685], [163.59216, -30.644594], [163.596614, -30.645954], [163.599833, -30.64708], [163.604195, -30.648668], [163.607582, -30.649558], [163.612473, -30.650726], [163.616748, -30.651619], [163.620892, -30.652633], [163.62608, -30.654037], [163.631629, -30.654961], [163.636378, -30.656698], [163.642167, -30.658335], [163.649051, -30.660435], [163.653145, -30.661205], [163.656734, -30.662177], [163.660415, -30.663038], [163.66447, -30.663686], [163.668943, -30.664138], [163.672674, -30.664983], [163.677743, -30.665882], [163.681277, -30.666479], [163.685896, -30.667333], [163.689251, -30.667307], [163.691995, -30.667563], [163.696391, -30.668087], [163.700483, -30.668555], [163.702574, -30.669094], [163.705789, -30.669659], [163.710104, -30.670443], [163.714111, -30.670703], [163.717142, -30.671006], [163.722027, -30.671216], [163.723887, -30.671457], [163.728806, -30.672379], [163.731825, -30.673027], [163.737188, -30.673808], [163.741758, -30.674712], [163.745633, -30.674953], [163.749674, -30.674871], [163.755069, -30.675248], [163.758019, -30.675526], [163.762715, -30.675132], [163.768786, -30.675133], [163.771502, -30.675117], [163.775637, -30.674382], [163.778941, -30.674548], [163.784673, -30.674477], [163.792227, -30.673477], [163.797186, -30.672658], [163.801056, -30.672147], [163.805061, -30.671605], [163.809453, -30.670661], [163.812897, -30.669648], [163.81596, -30.669035], [163.819346, -30.668514], [163.823859, -30.667449], [163.826482, -30.66707], [163.831765, -30.666379], [163.834581, -30.666185], [163.838664, -30.666128], [163.84166, -30.666218], [163.844724, -30.666452], [163.847572, -30.666411], [163.851341, -30.666097], [163.855111, -30.665686], [163.858332, -30.665147], [163.865253, -30.664607], [163.870203, -30.663886], [163.873564, -30.663462], [163.880059, -30.662135], [163.883849, -30.66148], [163.888252, -30.660464], [163.891558, -30.65962], [163.895633, -30.659012], [163.899342, -30.658371], [163.90341, -30.657712], [163.90759, -30.657529], [163.913643, -30.65709], [163.921362, -30.656346], [163.924736, -30.656102], [163.929312, -30.656058], [163.932932, -30.655797], [163.937118, -30.655542], [163.941118, -30.655412], [163.945073, -30.655473], [163.954092, -30.654861], [163.960232, -30.654295], [163.96449, -30.653834], [163.967834, -30.653586], [163.973194, -30.653474], [163.97744, -30.653278], [163.982295, -30.653131], [163.986718, -30.652397], [163.989285, -30.652131], [163.993471, -30.652323], [163.996362, -30.652609], [163.999703, -30.651034], [164.004022, -30.649437], [164.005739, -30.648405], [164.008859, -30.646124], [164.010667, -30.645186], [164.014335, -30.642912], [164.016173, -30.64166], [164.019137, -30.639547], [164.022247, -30.637612], [164.024808, -30.635913], [164.027945, -30.633358], [164.030915, -30.631104], [164.033183, -30.629892], [164.037074, -30.628332], [164.040423, -30.626888], [164.043543, -30.625248], [164.046989, -30.623739], [164.049425, -30.622473], [164.053304, -30.620868], [164.057387, -30.619174], [164.060123, -30.617422], [164.064267, -30.615461], [164.067521, -30.614219], [164.070775, -30.613368], [164.074838, -30.611989], [164.07815, -30.611002], [164.083546, -30.610349], [164.086695, -30.609947], [164.090829, -30.609362], [164.094799, -30.608133], [164.098746, -30.607649], [164.103478, -30.607059], [164.106983, -30.606375], [164.11004, -30.605508], [164.112958, -30.604727], [164.116307, -30.603574], [164.12068, -30.602474], [164.123613, -30.601669], [164.126652, -30.600965], [164.12902, -30.600236], [164.13289, -30.599411], [164.138813, -30.598823], [164.143896, -30.598452], [164.147849, -30.598243], [164.151901, -30.597821], [164.155638, -30.597407], [164.159842, -30.597091], [164.162629, -30.596577], [164.166131, -30.595789], [164.169124, -30.595291], [164.173299, -30.594424], [164.177145, -30.593678], [164.181792, -30.593301], [164.185795, -30.593096], [164.188789, -30.593002], [164.191846, -30.592297], [164.195479, -30.591534], [164.198647, -30.591232], [164.202782, -30.590612], [164.205787, -30.590276], [164.210512, -30.589714], [164.214564, -30.589061], [164.218716, -30.588778], [164.221719, -30.588804], [164.224334, -30.588967], [164.228964, -30.589029], [164.233587, -30.588862], [164.239168, -30.589157], [164.244722, -30.588703], [164.248864, -30.588487], [164.252727, -30.588499], [164.256753, -30.588451], [164.260955, -30.587754], [164.264741, -30.586869], [164.269572, -30.58671], [164.272387, -30.586895], [164.277152, -30.587265], [164.279452, -30.586798], [164.283401, -30.586258], [164.287927, -30.586172], [164.292283, -30.585728], [164.296079, -30.584164], [164.299514, -30.583306], [164.302732, -30.58227], [164.306376, -30.580684], [164.309201, -30.578107], [164.313995, -30.573441], [164.316359, -30.571139], [164.318436, -30.568567], [164.324612, -30.565491], [164.329782, -30.564066], [164.333537, -30.562956], [164.337953, -30.561857], [164.340408, -30.560987], [164.343242, -30.559718], [164.346989, -30.558619], [164.350885, -30.557824], [164.354086, -30.557017], [164.359171, -30.555251], [164.361974, -30.554051], [164.365706, -30.553005], [164.369813, -30.551796], [164.373127, -30.550668], [164.375727, -30.549032], [164.379758, -30.548], [164.383309, -30.546483], [164.386334, -30.545356], [164.389417, -30.544819], [164.393068, -30.544285], [164.397139, -30.543041], [164.401453, -30.541911], [164.404847, -30.541118], [164.408087, -30.538846], [164.410806, -30.535743], [164.414391, -30.532347], [164.416617, -30.529948], [164.419277, -30.527898], [164.422134, -30.52586], [164.424743, -30.523883], [164.427218, -30.521744], [164.429777, -30.519467], [164.432507, -30.518408], [164.435248, -30.516246], [164.438926, -30.513493], [164.441875, -30.512461], [164.444549, -30.510417], [164.44648, -30.509268], [164.449612, -30.507791], [164.452013, -30.506739], [164.455118, -30.504517], [164.45845, -30.502875], [164.462094, -30.501893], [164.464178, -30.501015], [164.467448, -30.498952], [164.47039, -30.496322], [164.47272, -30.494593], [164.474796, -30.492439], [164.478844, -30.491738], [164.482361, -30.490641], [164.485183, -30.489062], [164.488048, -30.486991], [164.489924, -30.48422], [164.491956, -30.48298], [164.496494, -30.482543], [164.499591, -30.480461], [164.501642, -30.478028], [164.503606, -30.476244], [164.505651, -30.474258], [164.507556, -30.471349], [164.508928, -30.469294], [164.510866, -30.466946], [164.511619, -30.464382], [164.512303, -30.461251], [164.513865, -30.458492], [164.515441, -30.455446], [164.517296, -30.452933], [164.518337, -30.450071], [164.519697, -30.446897], [164.521448, -30.444609], [164.524904, -30.44356], [164.52773, -30.4431], [164.532634, -30.440851], [164.535925, -30.438943], [164.538531, -30.436909], [164.540796, -30.434919], [164.541585, -30.432279], [164.542223, -30.429673], [164.544095, -30.427721], [164.546272, -30.425589], [164.547361, -30.422292], [164.547963, -30.419974], [164.550624, -30.417889], [164.55227, -30.414353], [164.552866, -30.412235], [164.554072, -30.409552], [164.555825, -30.406659], [164.556438, -30.404474], [164.556978, -30.40111], [164.558046, -30.397679], [164.560451, -30.395661], [164.563516, -30.394138], [164.567026, -30.392143], [164.570354, -30.390303], [164.573074, -30.388691], [164.576177, -30.386526], [164.578739, -30.383975], [164.581932, -30.380502], [164.583828, -30.378732], [164.585969, -30.376544], [164.587454, -30.373549], [164.588407, -30.370438], [164.590011, -30.365797], [164.591701, -30.363859], [164.594366, -30.360981], [164.594901, -30.358437], [164.595101, -30.356247], [164.596102, -30.353208], [164.597451, -30.349376], [164.598805, -30.347757], [164.599282, -30.344077], [164.600566, -30.340858], [164.603932, -30.33788], [164.606736, -30.335377], [164.607759, -30.332371], [164.610684, -30.329138], [164.612326, -30.326363], [164.614042, -30.323847], [164.617334, -30.32094], [164.619683, -30.319823], [164.62245, -30.318743], [164.625012, -30.317209], [164.626874, -30.315764], [164.628119, -30.312664], [164.629577, -30.310527], [164.631474, -30.307291], [164.632146, -30.305354], [164.633954, -30.30397], [164.640007, -30.301505], [164.645144, -30.299721], [164.649073, -30.298812], [164.652739, -30.298006], [164.657281, -30.297007], [164.660932, -30.296401], [164.665243, -30.295747], [164.669337, -30.294938], [164.673938, -30.29343], [164.676497, -30.292452], [164.681629, -30.290784], [164.687021, -30.289181], [164.690212, -30.287882], [164.698762, -30.285102], [164.701964, -30.283977], [164.707112, -30.282416], [164.709667, -30.281582], [164.718174, -30.278708], [164.727957, -30.275803], [164.731848, -30.274439], [164.737468, -30.272652], [164.739922, -30.27191], [164.752658, -30.268115], [164.75612, -30.267178], [164.758527, -30.266197], [164.765998, -30.264025], [164.770223, -30.262687], [164.77732, -30.26067], [164.781865, -30.259453], [164.783455, -30.25866], [164.790427, -30.256619], [164.796117, -30.254981], [164.800862, -30.254537], [164.804502, -30.253901], [164.808353, -30.25252], [164.815702, -30.251497], [164.820779, -30.250743], [164.824041, -30.250077], [164.829852, -30.249073], [164.835007, -30.248225], [164.841567, -30.247211], [164.845874, -30.246431], [164.851324, -30.24564], [164.856522, -30.244846], [164.861193, -30.244238], [164.867903, -30.243289], [164.87283, -30.242585], [164.878625, -30.241573], [164.883989, -30.240796], [164.888917, -30.239989], [164.89433, -30.239168], [164.898726, -30.238502], [164.905015, -30.237674], [164.910348, -30.236599], [164.916198, -30.235571], [164.921947, -30.234542], [164.926773, -30.233738], [164.933464, -30.232703], [164.941479, -30.231321], [164.944104, -30.231005], [164.947411, -30.23057], [164.953481, -30.22953], [164.95939, -30.228364], [164.964513, -30.227489], [164.969975, -30.226659], [164.975922, -30.225562], [164.980828, -30.224527], [164.984382, -30.224049], [164.98983, -30.223098], [164.995409, -30.222168], [165.002402, -30.220885], [165.009268, -30.219656], [165.014822, -30.218828], [165.018012, -30.218337], [165.019358, -30.218105], [165.026797, -30.216788], [165.032926, -30.215727], [165.038542, -30.214793], [165.043832, -30.213917], [165.049166, -30.21318], [165.056537, -30.212047], [165.062619, -30.211053], [165.068042, -30.210082], [165.073237, -30.209172], [165.079452, -30.208001], [165.082769, -30.207478], [165.08772, -30.206168], [165.096615, -30.203353], [165.103365, -30.201082], [165.109202, -30.199251], [165.128013, -30.192865], [165.13006, -30.192347], [165.149817, -30.18628], [165.155803, -30.184614], [165.161796, -30.182988], [165.170035, -30.180953], [165.173108, -30.180257], [165.189163, -30.176497], [165.193852, -30.1753], [165.200803, -30.173857], [165.208097, -30.172183], [165.214015, -30.170605], [165.222215, -30.168612], [165.229292, -30.166787], [165.23634, -30.164915], [165.259527, -30.15894], [165.276997, -30.153845], [165.281556, -30.151288], [165.293228, -30.149287], [165.295126, -30.148991], [165.303007, -30.14611], [165.308505, -30.144188], [165.317892, -30.141207], [165.323221, -30.1394], [165.33256, -30.136632], [165.334493, -30.135953], [165.344458, -30.133522], [165.348247, -30.132512], [165.3563, -30.130787], [165.363192, -30.129087], [165.369481, -30.127738], [165.375588, -30.12649], [165.38304, -30.124692], [165.394637, -30.122238], [165.397843, -30.121363], [165.410343, -30.11847], [165.413125, -30.11794], [165.422497, -30.116012], [165.427413, -30.115273], [165.43652, -30.113902], [165.440941, -30.113332], [165.446246, -30.112518], [165.449382, -30.112193], [165.457622, -30.110788], [165.46526, -30.109503], [165.470193, -30.108603], [165.477558, -30.107101], [165.483185, -30.105892], [165.48969, -30.104642], [165.497538, -30.103286], [165.502026, -30.102468], [165.51367, -30.09977], [165.515677, -30.099422], [165.525042, -30.09712], [165.532698, -30.095191], [165.540502, -30.0933], [165.547104, -30.091738], [165.556357, -30.08952], [165.563783, -30.087594], [165.572424, -30.085365], [165.58591, -30.081645], [165.589464, -30.080795], [165.595993, -30.078893], [165.604579, -30.076624], [165.609402, -30.075388], [165.613387, -30.074315], [165.627567, -30.070397], [165.629388, -30.069995], [165.638303, -30.06738], [165.64906, -30.064452], [165.654554, -30.063012], [165.661147, -30.061175], [165.669, -30.059075], [165.672245, -30.05802], [165.680123, -30.055807], [165.684077, -30.054475], [165.699113, -30.049968], [165.705013, -30.048007], [165.715828, -30.044652], [165.71859, -30.043627], [165.727477, -30.040918], [165.73076, -30.039757], [165.743302, -30.035845], [165.753707, -30.03267], [165.758818, -30.029984], [165.761911, -30.028278], [165.766912, -30.026072], [165.772872, -30.022935], [165.775293, -30.021339], [165.778462, -30.020102], [165.780508, -30.01898], [165.783638, -30.017494], [165.786078, -30.016721], [165.790146, -30.015499], [165.794306, -30.013989], [165.797777, -30.012788], [165.8011, -30.011674], [165.804612, -30.010668], [165.807406, -30.009453], [165.811138, -30.008021], [165.813759, -30.006841], [165.817026, -30.005663], [165.820828, -30.004265], [165.82455, -30.002731], [165.827446, -30.001032], [165.830983, -29.999049], [165.833756, -29.998026], [165.837499, -29.996569], [165.841044, -29.994602], [165.844573, -29.992798], [165.849073, -29.991275], [165.851792, -29.990097], [165.85379, -29.989213], [165.856664, -29.988012], [165.858282, -29.987225], [165.862233, -29.985882], [165.865378, -29.98454], [165.868921, -29.982177], [165.871339, -29.98126], [165.874775, -29.980022], [165.878862, -29.978196], [165.88289, -29.976503], [165.886508, -29.97447], [165.889751, -29.972713], [165.892933, -29.970973], [165.895894, -29.969871], [165.898303, -29.968944], [165.901097, -29.967671], [165.904804, -29.965663], [165.907157, -29.964835], [165.911297, -29.962963], [165.914233, -29.96146], [165.919069, -29.959264], [165.922903, -29.957553], [165.926273, -29.955308], [165.929064, -29.953272], [165.933515, -29.949743], [165.936978, -29.94742], [165.940612, -29.945193], [165.945076, -29.942909], [165.947569, -29.941999], [165.949767, -29.940784], [165.953812, -29.938897], [165.957342, -29.937136], [165.960931, -29.935486], [165.964098, -29.933686], [165.967348, -29.931851], [165.971473, -29.930302], [165.974002, -29.928758], [165.979537, -29.926348], [165.982057, -29.925471], [165.985749, -29.923489], [165.987768, -29.922563], [165.991968, -29.920087], [165.995117, -29.918795], [165.999397, -29.91739], [166.00311, -29.916205], [166.005359, -29.91497], [166.008019, -29.913343], [166.010349, -29.912304], [166.01294, -29.910488], [166.017255, -29.90806], [166.02078, -29.906258], [166.025898, -29.903368], [166.028198, -29.902209], [166.031159, -29.900542], [166.035537, -29.898113], [166.039378, -29.895928], [166.041789, -29.894936], [166.044953, -29.893059], [166.047576, -29.891159], [166.05043, -29.889468], [166.054068, -29.887474], [166.056947, -29.885661], [166.060111, -29.883501], [166.063403, -29.881092], [166.066941, -29.879291], [166.070386, -29.876997], [166.072473, -29.87561], [166.076762, -29.872525], [166.078531, -29.871396], [166.082413, -29.869021], [166.084926, -29.867504], [166.087707, -29.865923], [166.090011, -29.864078], [166.093152, -29.862433], [166.098627, -29.859792], [166.101103, -29.858242], [166.105233, -29.855708], [166.107676, -29.853823], [166.110497, -29.851859], [166.112939, -29.850364], [166.115667, -29.849068], [166.118045, -29.847825], [166.120565, -29.846397], [166.123907, -29.844459], [166.126727, -29.842726], [166.13093, -29.840826], [166.132872, -29.839879], [166.136167, -29.838395], [166.141119, -29.835625], [166.143408, -29.83435], [166.14584, -29.832592], [166.148416, -29.831002], [166.151922, -29.828915], [166.154772, -29.826893], [166.157532, -29.824708], [166.160134, -29.822701], [166.163519, -29.820751], [166.166525, -29.819161], [166.169436, -29.817675], [166.173391, -29.814586], [166.174866, -29.812842], [166.176868, -29.811121], [166.180512, -29.809047], [166.183931, -29.806936], [166.186841, -29.804632], [166.189883, -29.801675], [166.191527, -29.800255], [166.194891, -29.798336], [166.198058, -29.795908], [166.201862, -29.792647], [166.205522, -29.789797], [166.207813, -29.787778], [166.21072, -29.785687], [166.213603, -29.783464], [166.215684, -29.781639], [166.218149, -29.779689], [166.220935, -29.777673], [166.223803, -29.775967], [166.227397, -29.773378], [166.230443, -29.771289], [166.232864, -29.769929], [166.237313, -29.766705], [166.240612, -29.764479], [166.243236, -29.762628], [166.2464, -29.760486], [166.247722, -29.757954], [166.249294, -29.755134], [166.252024, -29.753072], [166.256172, -29.750151], [166.259903, -29.747658], [166.262637, -29.74595], [166.265784, -29.743805], [166.269082, -29.741646], [166.272125, -29.739345], [166.274942, -29.737493], [166.277422, -29.734852], [166.280203, -29.732048], [166.284208, -29.728391], [166.286837, -29.725947], [166.289356, -29.72302], [166.291498, -29.720062], [166.294281, -29.716304], [166.295963, -29.713], [166.297651, -29.710038], [166.300682, -29.706394], [166.301635, -29.704636], [166.303359, -29.70218], [166.306076, -29.698727], [166.308415, -29.695788], [166.31064, -29.692779], [166.312768, -29.690035], [166.314542, -29.687099], [166.316133, -29.684152], [166.318076, -29.681029], [166.320109, -29.678173], [166.322617, -29.673756], [166.324674, -29.670984], [166.326957, -29.666994], [166.328717, -29.663496], [166.330507, -29.660054], [166.332318, -29.657092], [166.333754, -29.654781], [166.336624, -29.650515], [166.338883, -29.647802], [166.340499, -29.644523], [166.342394, -29.641346], [166.34409, -29.638852], [166.345806, -29.635287], [166.346818, -29.631902], [166.348595, -29.625503], [166.349656, -29.622109], [166.350493, -29.618911], [166.351172, -29.615209], [166.353171, -29.61207], [166.356227, -29.607679], [166.358069, -29.604973], [166.359892, -29.602097], [166.361527, -29.599418], [166.364782, -29.596226], [166.367006, -29.593382], [166.368745, -29.59085], [166.370717, -29.588252], [166.372607, -29.584922], [166.374547, -29.581723], [166.376024, -29.579547], [166.377807, -29.576138], [166.379207, -29.573615], [166.385233, -29.566505], [166.387048, -29.564977], [166.391146, -29.561702], [166.39281, -29.560161], [166.395748, -29.556352], [166.397899, -29.552123], [166.399427, -29.54979], [166.402176, -29.545282], [166.404428, -29.541855], [166.406493, -29.538407], [166.408205, -29.535763], [166.410469, -29.53256], [166.412557, -29.529059], [166.41414, -29.526201], [166.415903, -29.523404], [166.417983, -29.519262], [166.419708, -29.515258], [166.421793, -29.51064], [166.423438, -29.506929], [166.425345, -29.502148], [166.426993, -29.498565], [166.42857, -29.495399], [166.430832, -29.492313], [166.432547, -29.488771], [166.434015, -29.485924], [166.435391, -29.482681], [166.43656, -29.479012], [166.437611, -29.475384], [166.439643, -29.468532], [166.440732, -29.464404], [166.441985, -29.458102], [166.443977, -29.452624], [166.444807, -29.450652], [166.445997, -29.447578], [166.447318, -29.443658], [166.448418, -29.440183], [166.449766, -29.436791], [166.451017, -29.433266], [166.452236, -29.428851], [166.454048, -29.425478], [166.455053, -29.423265], [166.456618, -29.420887], [166.458183, -29.41817], [166.459151, -29.416029], [166.460726, -29.412433], [166.462249, -29.408818], [166.463291, -29.406495], [166.465391, -29.401803], [166.466702, -29.398402], [166.467834, -29.395368], [166.469313, -29.392933], [166.47127, -29.39023], [166.473129, -29.387361], [166.474238, -29.385281], [166.475895, -29.381769], [166.477337, -29.378442], [166.478798, -29.375956], [166.480657, -29.372405], [166.482218, -29.369639], [166.485441, -29.36421], [166.487505, -29.360853], [166.488097, -29.359454], [166.489023, -29.355913], [166.489564, -29.353518], [166.490372, -29.350373], [166.491505, -29.346742], [166.49203, -29.344043], [166.492551, -29.341529], [166.493297, -29.33871], [166.494022, -29.3345], [166.494636, -29.332169], [166.496179, -29.329064], [166.496785, -29.327015], [166.497474, -29.323804], [166.498425, -29.319785], [166.499146, -29.31725], [166.50065, -29.313357], [166.502036, -29.309681], [166.502698, -29.306812], [166.50333, -29.303953], [166.504418, -29.300758], [166.505231, -29.298176], [166.506108, -29.294702], [166.506505, -29.292396], [166.507215, -29.288868], [166.50762, -29.285258], [166.508313, -29.282242], [166.509071, -29.278696], [166.509927, -29.275002], [166.51054, -29.272766], [166.511036, -29.269247], [166.511882, -29.265297], [166.512507, -29.262286], [166.513321, -29.259458], [166.514017, -29.255962], [166.51406, -29.253043], [166.514134, -29.249754], [166.513999, -29.246414], [166.514267, -29.241392], [166.514751, -29.238187], [166.515232, -29.235276], [166.515781, -29.231446], [166.5159, -29.22805], [166.515768, -29.22517], [166.515989, -29.221795], [166.516148, -29.218428], [166.516589, -29.215049], [166.516616, -29.211888], [166.516769, -29.208716], [166.516293, -29.20439], [166.51536, -29.19961], [166.514702, -29.19608], [166.514371, -29.192099], [166.513483, -29.188967], [166.51248, -29.184108], [166.511899, -29.182284], [166.515731, -29.176122], [166.509805, -29.176029], [166.509003, -29.172283], [166.508425, -29.169804], [166.508503, -29.166024], [166.508361, -29.163229], [166.509065, -29.163216], [166.511997, -29.166589], [166.512908, -29.168117], [166.532083, -29.208127], [166.533579, -29.210632], [166.535211, -29.213979], [166.536627, -29.216716], [166.538288, -29.219716], [166.540063, -29.222714], [166.541213, -29.224828], [166.543146, -29.228312], [166.544416, -29.230666], [166.545787, -29.232888], [166.54771, -29.235998], [166.549424, -29.238154], [166.55099, -29.240289], [166.552269, -29.242863], [166.553398, -29.245033], [166.556466, -29.250179], [166.558701, -29.254139], [166.559759, -29.255935], [166.561266, -29.258723], [166.563237, -29.262053], [166.564838, -29.264925], [166.566732, -29.268844], [166.571221, -29.276691], [166.572484, -29.279121], [166.573767, -29.281808], [166.575917, -29.285023], [166.578217, -29.288204], [166.580862, -29.291497], [166.582677, -29.294493], [166.585043, -29.298897], [166.586686, -29.301652], [166.588599, -29.304673], [166.590533, -29.307922], [166.592342, -29.311079], [166.593841, -29.313512], [166.597304, -29.317846], [166.599516, -29.32118], [166.601097, -29.324116], [166.602908, -29.326806], [166.605116, -29.329763], [166.607229, -29.333422], [166.608694, -29.335713], [166.61036, -29.338397], [166.611994, -29.341452], [166.613426, -29.344866], [166.615135, -29.348247], [166.616511, -29.351281], [166.618053, -29.353459], [166.619593, -29.355705], [166.622032, -29.358778], [166.623801, -29.361777], [166.625814, -29.365189], [166.627096, -29.367498], [166.628835, -29.370539], [166.62951, -29.372701], [166.631023, -29.375789], [166.633081, -29.379372], [166.634507, -29.381986], [166.636151, -29.385856], [166.637034, -29.387445], [166.638443, -29.390462], [166.640699, -29.393558], [166.642198, -29.395996], [166.643634, -29.398617], [166.646208, -29.402732], [166.647843, -29.405768], [166.649285, -29.408397], [166.650959, -29.411962], [166.652148, -29.414102], [166.653332, -29.416277], [166.653956, -29.420615], [166.656009, -29.42559], [166.657359, -29.429003], [166.658526, -29.431552], [166.660805, -29.435348], [166.662078, -29.437774], [166.664641, -29.442148], [166.666409, -29.445334], [166.667657, -29.447187], [166.669902, -29.451486], [166.671037, -29.453914], [166.672867, -29.45687], [166.674741, -29.460249], [166.676027, -29.463444], [166.67699, -29.465798], [166.677841, -29.467656], [166.679536, -29.470575], [166.681353, -29.473239], [166.683582, -29.476725], [166.685281, -29.479866], [166.68801, -29.484999], [166.689619, -29.488111], [166.691687, -29.492503], [166.694807, -29.49747], [166.697132, -29.500824], [166.698393, -29.50288], [166.700869, -29.506605], [166.703268, -29.510297], [166.706047, -29.513322], [166.708978, -29.517363], [166.710711, -29.520723], [166.712428, -29.523568], [166.716445, -29.532212], [166.717651, -29.534509], [166.721947, -29.542697], [166.722527, -29.544178], [166.723887, -29.543133], [166.727158, -29.539051], [166.726712, -29.540726], [166.726001, -29.543399], [166.725752, -29.54251], [166.727357, -29.539457], [166.728565, -29.537006], [166.729451, -29.535225], [166.730458, -29.533534], [166.731849, -29.53134], [166.733007, -29.529287], [166.733954, -29.526188], [166.735004, -29.522893], [166.736264, -29.519336], [166.736043, -29.517982], [166.736693, -29.512759], [166.737517, -29.509853], [166.737957, -29.507674], [166.738399, -29.505157], [166.739071, -29.502652], [166.740412, -29.498938], [166.74158, -29.496272], [166.74251, -29.492917], [166.743614, -29.490017], [166.744588, -29.486607], [166.745441, -29.483727], [166.7473, -29.479057], [166.747697, -29.477409], [166.748977, -29.473668], [166.749762, -29.471155], [166.750504, -29.468928], [166.751523, -29.466754], [166.7533, -29.462967], [166.753902, -29.461315], [166.755124, -29.458123], [166.756282, -29.455279], [166.758088, -29.449808], [166.758888, -29.447186], [166.760026, -29.440728], [166.760749, -29.436833], [166.760897, -29.433849], [166.761427, -29.429738], [166.762354, -29.427038], [166.764056, -29.422467], [166.765297, -29.418589], [166.766608, -29.413901], [166.76722, -29.410977], [166.767723, -29.407773], [166.767892, -29.404054], [166.769103, -29.398002], [166.769004, -29.39505], [166.769721, -29.391379], [166.770313, -29.388234], [166.770905, -29.384595], [166.771647, -29.381196], [166.773868, -29.374492], [166.774991, -29.371654], [166.775765, -29.367679], [166.776106, -29.365344], [166.776526, -29.36173], [166.777558, -29.357992], [166.779228, -29.353293], [166.780319, -29.349886], [166.781508, -29.346414], [166.782109, -29.344014], [166.783077, -29.339932], [166.783766, -29.336884], [166.784674, -29.334366], [166.78585, -29.330635], [166.786469, -29.327954], [166.787212, -29.325322], [166.787698, -29.323028], [166.788351, -29.318873], [166.789058, -29.315202], [166.789938, -29.311477], [166.790721, -29.308438], [166.792233, -29.302802], [166.793632, -29.29835], [166.794617, -29.29522], [166.795948, -29.291751], [166.797469, -29.288079], [166.799299, -29.284338], [166.80028, -29.281105], [166.802537, -29.275447], [166.804436, -29.272191], [166.805938, -29.269445], [166.806876, -29.26754], [166.808488, -29.264552], [166.810354, -29.260929], [166.811728, -29.257762], [166.812726, -29.255239], [166.813858, -29.252237], [166.815548, -29.247436], [166.816375, -29.245134], [166.817962, -29.241093], [166.818287, -29.239008], [166.819073, -29.235658], [166.819642, -29.232687], [166.820209, -29.229844], [166.820512, -29.227206], [166.820969, -29.224121], [166.821673, -29.220257], [166.823066, -29.218179], [166.824906, -29.216131], [166.826409, -29.213987], [166.831288, -29.207423], [166.833566, -29.202913], [166.836528, -29.196973], [166.842977, -29.184453], [166.844929, -29.180376], [166.847872, -29.17496], [166.850036, -29.168982], [166.853665, -29.15731], [166.854677, -29.153567], [166.858958, -29.140813], [166.860795, -29.134934], [166.865903, -29.119265], [166.867542, -29.11482], [166.869405, -29.108845], [166.873265, -29.098772], [166.874842, -29.09425], [166.877963, -29.086222], [166.879773, -29.081187], [166.881882, -29.084688], [166.885927, -29.090183], [166.889192, -29.094853], [166.894313, -29.101703], [166.897048, -29.105248], [166.9006, -29.11136], [166.902066, -29.115591], [166.902998, -29.117831], [166.904162, -29.121319], [166.906016, -29.126392], [166.906827, -29.129717], [166.908951, -29.134911], [166.910333, -29.13821], [166.911767, -29.141606], [166.913855, -29.146464], [166.915772, -29.150987], [166.917864, -29.155726], [166.920002, -29.160632], [166.9229, -29.167018], [166.925988, -29.173533], [166.928156, -29.178408], [166.930606, -29.183597], [166.932831, -29.18817], [166.935068, -29.193087], [166.93795, -29.198982], [166.939002, -29.200922], [166.942009, -29.206796], [166.943537, -29.209892], [166.94552, -29.213468], [166.94728, -29.216637], [166.948168, -29.218348], [166.952847, -29.224853], [166.954563, -29.227036], [166.959988, -29.233933], [166.963178, -29.239187], [166.966023, -29.242993], [166.968405, -29.246758], [166.970116, -29.249255], [166.972538, -29.252783], [166.974403, -29.255743], [166.976472, -29.259132], [166.978324, -29.26226], [166.979713, -29.265123], [166.982356, -29.269149], [166.984826, -29.273217], [166.986387, -29.275809], [166.988723, -29.278928], [166.99056, -29.28187], [166.994132, -29.288128], [166.996068, -29.291011], [166.999778, -29.296019], [167.002023, -29.299335], [167.005548, -29.304757], [167.006937, -29.307404], [167.008713, -29.310255], [167.010602, -29.313363], [167.013327, -29.317944], [167.015428, -29.321691], [167.017064, -29.324669], [167.019964, -29.329389], [167.02142, -29.332427], [167.023388, -29.335252], [167.04172, -29.36293], [167.042393, -29.363765], [167.046923, -29.352457], [167.052053, -29.340267], [167.053803, -29.33565], [167.05692, -29.328485], [167.064002, -29.311332], [167.065502, -29.30798], [167.071727, -29.292922], [167.074625, -29.285518], [167.076009, -29.28229], [167.07823, -29.276894], [167.080293, -29.271817], [167.084928, -29.259032], [167.087652, -29.250728], [167.08971, -29.245123], [167.093058, -29.2352], [167.096935, -29.225993], [167.098841, -29.220959], [167.103513, -29.209272], [167.105022, -29.205621], [167.106825, -29.201174], [167.108504, -29.196687], [167.110086, -29.192388], [167.11366, -29.182997], [167.114482, -29.180504], [167.11791, -29.170307], [167.121742, -29.159635], [167.123075, -29.155232], [167.128587, -29.138828], [167.132647, -29.127738], [167.134668, -29.121488], [167.14023, -29.10588], [167.142492, -29.10006], [167.14446, -29.094498], [167.147795, -29.086005], [167.151408, -29.076222], [167.155552, -29.065575], [167.157592, -29.060632], [167.160963, -29.052418], [167.16225, -29.048588], [167.165798, -29.038905], [167.166969, -29.034985], [167.172852, -29.020152], [167.174022, -29.016573], [167.176925, -29.00855], [167.17809, -29.005649], [167.181298, -28.99598], [167.182987, -28.991454], [167.184531, -28.986478], [167.186663, -28.980852], [167.188839, -28.974816], [167.192227, -28.977367], [167.196366, -28.980797], [167.198621, -28.98308], [167.201534, -28.985654], [167.203692, -28.987657], [167.207334, -28.990548], [167.21195, -28.994004], [167.213984, -28.995899], [167.216331, -28.997794], [167.219238, -29.000373], [167.222006, -29.002785], [167.225948, -29.005985], [167.229842, -29.010057], [167.233245, -29.01349], [167.239973, -29.019793], [167.243449, -29.023363], [167.245022, -29.025066], [167.247663, -29.028001], [167.249736, -29.030453], [167.254658, -29.035819], [167.257076, -29.038583], [167.260876, -29.043093], [167.263077, -29.045816], [167.264677, -29.047782], [167.267573, -29.051223], [167.27, -29.054128], [167.272952, -29.057403], [167.276837, -29.061896], [167.280026, -29.065893], [167.283206, -29.069226], [167.286352, -29.072939], [167.289797, -29.076906], [167.293468, -29.081218], [167.296465, -29.084959], [167.298879, -29.088129], [167.30112, -29.09084], [167.306453, -29.097471], [167.308798, -29.100373], [167.312845, -29.105468], [167.316463, -29.109753], [167.321233, -29.114998], [167.323802, -29.117946], [167.325946, -29.120704], [167.327661, -29.123142], [167.331808, -29.129327], [167.334107, -29.133284], [167.336047, -29.136754], [167.337991, -29.140096], [167.340596, -29.144296], [167.34314, -29.148439], [167.34581, -29.152666], [167.347547, -29.156222], [167.350407, -29.160518], [167.352485, -29.164012], [167.353915, -29.166789], [167.355238, -29.169307], [167.357989, -29.174382], [167.359702, -29.177803], [167.362359, -29.183022], [167.363116, -29.184432], [167.365921, -29.189174], [167.368117, -29.192988], [167.368798, -29.194566], [167.370848, -29.19822], [167.372693, -29.20085], [167.374517, -29.203914], [167.376157, -29.206726], [167.378313, -29.209997], [167.380102, -29.213126], [167.382963, -29.217272], [167.387187, -29.223206], [167.389331, -29.22647], [167.391658, -29.230345], [167.393472, -29.233246], [167.394958, -29.236027], [167.396608, -29.239146], [167.399026, -29.243056], [167.400759, -29.246037], [167.404331, -29.252014], [167.406682, -29.255348], [167.408688, -29.25801], [167.411978, -29.261829], [167.412193, -29.260859], [167.413773, -29.254235], [167.414507, -29.250229], [167.415504, -29.245531], [167.417022, -29.237408], [167.417905, -29.233987], [167.419018, -29.227578], [167.419988, -29.222979], [167.421078, -29.217395], [167.422505, -29.210902], [167.423737, -29.205643], [167.425223, -29.200771], [167.42706, -29.195013], [167.428585, -29.190282], [167.430405, -29.183803], [167.434472, -29.169178], [167.435753, -29.164216], [167.437668, -29.156562], [167.438993, -29.148287], [167.43969, -29.144974], [167.440917, -29.139995], [167.441582, -29.137834], [167.442557, -29.13352], [167.442711, -29.131245], [167.442867, -29.129141], [167.443284, -29.126063], [167.443942, -29.122473], [167.444371, -29.119361], [167.444897, -29.114913], [167.446117, -29.10787], [167.446219, -29.105068], [167.446395, -29.101953], [167.446364, -29.099478], [167.446276, -29.096246], [167.446758, -29.090894], [167.447121, -29.08606], [167.447388, -29.081677], [167.447175, -29.079024], [167.447263, -29.073564], [167.447865, -29.06959], [167.448188, -29.067761], [167.44973, -29.05942], [167.450472, -29.055144], [167.451641, -29.049735], [167.452809, -29.044642], [167.453667, -29.039942], [167.454563, -29.035263], [167.455918, -29.027353], [167.456775, -29.023007], [167.45801, -29.01595], [167.458748, -29.010507], [167.459637, -29.004647], [167.460665, -28.999762], [167.46131, -28.995578], [167.462093, -28.989528], [167.462724, -28.985359], [167.463319, -28.981175], [167.464567, -28.97323], [167.465449, -28.966177], [167.466543, -28.958192], [167.466838, -28.955416], [167.46752, -28.951515], [167.468318, -28.947143], [167.469506, -28.943701], [167.47049, -28.939929], [167.470661, -28.936301], [167.471464, -28.932568], [167.472247, -28.929807], [167.473572, -28.926558], [167.475077, -28.921863], [167.476301, -28.917491], [167.477201, -28.914499], [167.477955, -28.911777], [167.478843, -28.907798], [167.479929, -28.904408], [167.481103, -28.90043], [167.481956, -28.897008], [167.483116, -28.892868], [167.48366, -28.890861], [167.484281, -28.887475], [167.485602, -28.883872], [167.48636, -28.880524], [167.487275, -28.877893], [167.488483, -28.873209], [167.48949, -28.872605], [167.491489, -28.876057], [167.493687, -28.879933], [167.496124, -28.884732], [167.498749, -28.889742], [167.500898, -28.893108], [167.502626, -28.895643], [167.505473, -28.900372], [167.507861, -28.903569], [167.508722, -28.904746], [167.511597, -28.908377], [167.515402, -28.914668], [167.518433, -28.91848], [167.52066, -28.921367], [167.522783, -28.924208], [167.524413, -28.926168], [167.526898, -28.929592], [167.52853, -28.931817], [167.53089, -28.935763], [167.532895, -28.939197], [167.534868, -28.941907], [167.536974, -28.945248], [167.539192, -28.949113], [167.540688, -28.951745], [167.542424, -28.954777], [167.544586, -28.957686], [167.546214, -28.960225], [167.548829, -28.965839], [167.550521, -28.968999], [167.554093, -28.974966], [167.555431, -28.976897], [167.558554, -28.981464], [167.559995, -28.983715], [167.561794, -28.987343], [167.562546, -28.989074], [167.56388, -28.991798], [167.565603, -28.994434], [167.567512, -28.99742], [167.569634, -29.001137], [167.571068, -29.003865], [167.573699, -29.0083], [167.576557, -29.01314], [167.578327, -29.01639], [167.580291, -29.020002], [167.582413, -29.023453], [167.584301, -29.026404], [167.58714, -29.030931], [167.588854, -29.033513], [167.591574, -29.037467], [167.593507, -29.04017], [167.597087, -29.045461], [167.600349, -29.050188], [167.602918, -29.053845], [167.604952, -29.056485], [167.607586, -29.059627], [167.609339, -29.061673], [167.612801, -29.065799], [167.615479, -29.069226], [167.617232, -29.071842], [167.619918, -29.076475], [167.621503, -29.079363], [167.622848, -29.082327], [167.625388, -29.087933], [167.628027, -29.093126], [167.629713, -29.096912], [167.631091, -29.099707], [167.633443, -29.104346], [167.637948, -29.113397], [167.639282, -29.116186], [167.641607, -29.120068], [167.643304, -29.123721], [167.644922, -29.12743], [167.647118, -29.13225], [167.64978, -29.137228], [167.651581, -29.14037], [167.652834, -29.142647], [167.655101, -29.146648], [167.657978, -29.151033], [167.663407, -29.158788], [167.665066, -29.161434], [167.668472, -29.167433], [167.670413, -29.170617], [167.672242, -29.173738], [167.674876, -29.178343], [167.676576, -29.181582], [167.679279, -29.186352], [167.681757, -29.190391], [167.68409, -29.193327], [167.686687, -29.197322], [167.689182, -29.200685], [167.691193, -29.203313], [167.693589, -29.206516], [167.695689, -29.20944], [167.697788, -29.212082], [167.701371, -29.216293], [167.70342, -29.218554], [167.706883, -29.222046], [167.708758, -29.224618], [167.71087, -29.227192], [167.714769, -29.231824], [167.716695, -29.234013], [167.720056, -29.23802], [167.723258, -29.241986], [167.726341, -29.246273], [167.729417, -29.250055], [167.732298, -29.253601], [167.734416, -29.256031], [167.737797, -29.259985], [167.739525, -29.261719], [167.741633, -29.264125], [167.747268, -29.26961], [167.749044, -29.271293], [167.751071, -29.271079], [167.751, -29.264836], [167.751514, -29.262301], [167.75192, -29.259368], [167.752444, -29.254892], [167.752762, -29.252665], [167.753478, -29.247702], [167.754347, -29.244452], [167.75472, -29.241724], [167.755496, -29.238088], [167.756131, -29.23461], [167.756551, -29.231535], [167.756913, -29.227909], [167.757044, -29.224921], [167.756929, -29.221441], [167.755173, -29.219158], [167.752811, -29.215786], [167.752955, -29.212254], [167.75333, -29.208948], [167.753727, -29.205951], [167.753901, -29.202291], [167.754245, -29.196748], [167.754253, -29.193114], [167.754318, -29.190347], [167.754389, -29.186575], [167.754648, -29.183435], [167.754606, -29.179817], [167.754752, -29.17694], [167.754573, -29.173538], [167.754419, -29.170996], [167.753723, -29.16353], [167.753283, -29.15888], [167.752688, -29.155847], [167.751985, -29.153753], [167.751952, -29.150279], [167.752389, -29.146787], [167.75265, -29.143791], [167.752324, -29.140516], [167.751851, -29.137318], [167.751616, -29.134271], [167.751397, -29.131707], [167.751643, -29.129253], [167.75204, -29.125062], [167.752752, -29.121637], [167.753299, -29.118946], [167.752691, -29.115818], [167.752003, -29.112295], [167.752787, -29.109635], [167.753649, -29.106727], [167.754666, -29.103407], [167.755548, -29.10051], [167.756071, -29.097837], [167.756468, -29.095383], [167.756999, -29.093], [167.758261, -29.089159], [167.758596, -29.086995], [167.759712, -29.083713], [167.760929, -29.080052], [167.762048, -29.078083], [167.763374, -29.074948], [167.7648, -29.071734], [167.765363, -29.069326], [167.766237, -29.066772], [167.767871, -29.062467], [167.768483, -29.060293], [167.769277, -29.057539], [167.770033, -29.055036], [167.770495, -29.052968], [167.772608, -29.0458], [167.773662, -29.041787], [167.774924, -29.038158], [167.776338, -29.033808], [167.777171, -29.031541], [167.778484, -29.028001], [167.779819, -29.024432], [167.78086, -29.020488], [167.781418, -29.017724], [167.782428, -29.013065], [167.783438, -29.009194], [167.784389, -29.005674], [167.78572, -29.000791], [167.786509, -28.996916], [167.787292, -28.993011], [167.787698, -28.990333], [167.788251, -28.987082], [167.788614, -28.984719], [167.788932, -28.98218], [167.789402, -28.978817], [167.789867, -28.975209], [167.78984, -28.972249], [167.789802, -28.9683], [167.78958, -28.965011], [167.789497, -28.961522], [167.789479, -28.954556], [167.789645, -28.951673], [167.78994, -28.949257], [167.790129, -28.946611], [167.790222, -28.9416], [167.790002, -28.939019], [167.790459, -28.936308], [167.791683, -28.931982], [167.792269, -28.929763], [167.792768, -28.926353], [167.793419, -28.922756], [167.794066, -28.918963], [167.794344, -28.916266], [167.795738, -28.917714], [167.798161, -28.921887], [167.799392, -28.923989], [167.800709, -28.926562], [167.802776, -28.93001], [167.804172, -28.932106], [167.805619, -28.934116], [167.807483, -28.937243], [167.806792, -28.938891], [167.808131, -28.942019], [167.809293, -28.944138], [167.8117, -28.948544], [167.813648, -28.951892], [167.816497, -28.95608], [167.81744, -28.957835], [167.818108, -28.959644], [167.819869, -28.962746], [167.821183, -28.965197], [167.822193, -28.967127], [167.8235, -28.969433], [167.824893, -28.971342], [167.826698, -28.973667], [167.829008, -28.97677], [167.830153, -28.978122], [167.831419, -28.97976], [167.832438, -28.981127], [167.834596, -28.98387], [167.836669, -28.986337], [167.838396, -28.988371], [167.840151, -28.990353], [167.842726, -28.993206], [167.843824, -28.994758], [167.844989, -28.996301], [167.846827, -28.998977], [167.847359, -29.000963], [167.846656, -29.002054], [167.849104, -29.005769], [167.850199, -29.00733], [167.85174, -29.009661], [167.853344, -29.01201], [167.855264, -29.014611], [167.856615, -29.016204], [167.858782, -29.018826], [167.860773, -29.021257], [167.863368, -29.024569], [167.865943, -29.027599], [167.868416, -29.030791], [167.86948, -29.03268], [167.871436, -29.033242], [167.875422, -29.032373], [167.887497, -29.02832], [167.893172, -29.02616], [167.897992, -29.022962], [167.903159, -29.018951], [167.907463, -29.015553], [167.913688, -29.013028], [167.917736, -29.011522], [167.918266, -29.011354], [167.91896, -29.012218], [167.918813, -29.012201], [167.914158, -29.018153], [167.910905, -29.027913], [167.91097, -29.033963], [167.911573, -29.049573], [167.912225, -29.054497], [167.91537, -29.057037], [167.919677, -29.05985], [167.924805, -29.063317], [167.929556, -29.066081], [167.935397, -29.06777], [167.940118, -29.067353], [167.944191, -29.066615], [167.94739, -29.063508], [167.949226, -29.060427], [167.948585, -29.060503], [167.958208, -29.064063], [167.963262, -29.065618], [167.968767, -29.067001], [167.972633, -29.066834], [167.976907, -29.065982], [167.984217, -29.064766], [167.988346, -29.063028], [167.992604, -29.061555], [167.996537, -29.059411], [167.997252, -29.057395], [167.992962, -29.054037], [167.987082, -29.048956], [167.986396, -29.048646], [167.985996, -29.049014], [167.992335, -29.05092], [167.998709, -29.048033], [168.002473, -29.043439], [168.00423, -29.037734], [168.005437, -29.029452], [168.004094, -29.025709], [168.001778, -29.021419], [167.998987, -29.018573], [167.996109, -29.017489], [167.990438, -29.017418], [167.98137, -29.017175], [167.977876, -29.017557], [167.974168, -29.019157], [167.972728, -29.020714], [167.972915, -29.020802]]}, "times": ["2024-05-20T01:59:19+00:00", "2024-05-20T02:03:31+00:00", "2024-05-20T02:06:12+00:00", "2024-05-20T02:11:00+00:00", "2024-05-20T02:13:56+00:00", "2024-05-20T02:16:41+00:00", "2024-05-20T02:22:25+00:00", "2024-05-20T02:24:10+00:00", "2024-05-20T02:30:23+00:00", "2024-05-20T02:32:39+00:00", "2024-05-20T02:43:16+00:00", "2024-05-20T02:48:59+00:00", "2024-05-20T02:51:31+00:00", "2024-05-20T02:53:11+00:00", "2024-05-20T02:57:12+00:00", "2024-05-20T02:59:45+00:00", "2024-05-20T03:03:53+00:00", "2024-05-20T03:07:30+00:00", "2024-05-20T03:09:22+00:00", "2024-05-20T03:10:58+00:00", "2024-05-20T03:12:34+00:00", "2024-05-20T03:21:27+00:00", "2024-05-20T17:04:29+00:00", "2024-05-21T00:34:53+00:00", "2024-05-21T00:35:53+00:00", "2024-05-21T00:40:18+00:00", "2024-05-21T00:41:39+00:00", "2024-05-21T00:44:39+00:00", "2024-05-21T00:46:39+00:00", "2024-05-21T00:48:35+00:00", "2024-05-21T00:50:12+00:00", "2024-05-21T00:51:48+00:00", "2024-05-21T00:53:44+00:00", "2024-05-21T00:57:21+00:00", "2024-05-21T00:59:21+00:00", "2024-05-21T02:33:36+00:00", "2024-05-21T02:41:22+00:00", "2024-05-21T02:42:58+00:00", "2024-05-21T02:46:22+00:00", "2024-05-21T02:49:58+00:00", "2024-05-21T05:10:07+00:00", "2024-05-21T06:14:04+00:00", "2024-05-21T06:16:40+00:00", "2024-05-21T06:18:33+00:00", "2024-05-21T06:21:21+00:00", "2024-05-21T06:23:17+00:00", "2024-05-21T06:31:51+00:00", "2024-05-21T06:37:20+00:00", "2024-05-21T06:39:12+00:00", "2024-05-21T06:40:20+00:00", "2024-05-21T06:42:49+00:00", "2024-05-21T06:45:45+00:00", "2024-05-21T06:49:18+00:00", "2024-05-21T06:52:03+00:00", "2024-05-21T06:55:19+00:00", "2024-05-21T06:56:51+00:00", "2024-05-21T06:59:00+00:00", "2024-05-21T17:32:07+00:00", "2024-05-22T00:22:58+00:00", "2024-05-22T03:04:13+00:00", "2024-05-22T04:31:08+00:00", "2024-05-22T04:36:21+00:00", "2024-05-22T04:37:38+00:00", "2024-05-22T04:40:06+00:00", "2024-05-22T04:44:06+00:00", "2024-05-22T04:48:47+00:00", "2024-05-22T04:53:32+00:00", "2024-05-22T04:57:40+00:00", "2024-05-22T05:00:29+00:00", "2024-05-22T05:06:13+00:00", "2024-05-22T05:10:54+00:00", "2024-05-22T05:22:39+00:00", "2024-05-22T05:24:39+00:00", "2024-05-22T05:28:31+00:00", "2024-05-22T05:30:12+00:00", "2024-05-22T05:31:56+00:00", "2024-05-22T05:35:44+00:00", "2024-05-22T05:37:12+00:00", "2024-05-22T05:37:52+00:00", "2024-05-22T05:42:13+00:00", "2024-05-22T05:44:57+00:00", "2024-05-22T05:45:57+00:00", "2024-05-22T05:47:13+00:00", "2024-05-22T05:49:25+00:00", "2024-05-22T05:51:53+00:00", "2024-05-22T05:53:41+00:00", "2024-05-22T05:54:49+00:00", "2024-05-22T05:56:17+00:00", "2024-05-22T05:57:33+00:00", "2024-05-22T05:59:02+00:00", "2024-05-22T06:00:38+00:00", "2024-05-22T06:02:18+00:00", "2024-05-22T06:04:14+00:00", "2024-05-22T06:06:06+00:00", "2024-05-22T06:07:42+00:00", "2024-05-22T06:09:06+00:00", "2024-05-22T06:10:27+00:00", "2024-05-22T06:11:51+00:00", "2024-05-22T06:13:07+00:00", "2024-05-22T06:14:20+00:00", "2024-05-22T06:16:24+00:00", "2024-05-22T06:17:56+00:00", "2024-05-22T06:19:36+00:00", "2024-05-22T06:21:16+00:00", "2024-05-22T06:22:50+00:00", "2024-05-22T06:24:39+00:00", "2024-05-22T06:27:27+00:00", "2024-05-22T06:28:49+00:00", "2024-05-22T06:30:19+00:00", "2024-05-22T06:31:24+00:00", "2024-05-22T06:33:23+00:00", "2024-05-22T06:35:02+00:00", "2024-05-22T06:36:11+00:00", "2024-05-22T06:37:56+00:00", "2024-05-22T06:39:41+00:00", "2024-05-22T06:40:57+00:00", "2024-05-22T06:43:17+00:00", "2024-05-22T06:45:39+00:00", "2024-05-22T06:47:45+00:00", "2024-05-22T06:51:25+00:00", "2024-05-22T06:53:42+00:00", "2024-05-22T06:57:25+00:00", "2024-05-22T06:58:09+00:00", "2024-05-22T07:00:51+00:00", "2024-05-22T07:01:55+00:00", "2024-05-22T07:03:19+00:00", "2024-05-22T07:05:40+00:00", "2024-05-22T07:07:00+00:00", "2024-05-22T07:08:25+00:00", "2024-05-22T07:10:09+00:00", "2024-05-22T07:12:06+00:00", "2024-05-22T07:13:58+00:00", "2024-05-22T07:15:10+00:00", "2024-05-22T07:17:30+00:00", "2024-05-22T07:19:22+00:00", "2024-05-22T07:21:18+00:00", "2024-05-22T07:22:58+00:00", "2024-05-22T07:24:22+00:00", "2024-05-22T07:26:55+00:00", "2024-05-22T07:28:40+00:00", "2024-05-22T07:30:26+00:00", "2024-05-22T07:32:08+00:00", "2024-05-22T07:33:45+00:00", "2024-05-22T07:35:09+00:00", "2024-05-22T07:37:18+00:00", "2024-05-22T07:38:31+00:00", "2024-05-22T07:40:11+00:00", "2024-05-22T07:41:19+00:00", "2024-05-22T07:43:19+00:00", "2024-05-22T07:44:43+00:00", "2024-05-22T07:46:56+00:00", "2024-05-22T07:48:44+00:00", "2024-05-22T07:51:24+00:00", "2024-05-22T07:53:56+00:00", "2024-05-22T07:56:21+00:00", "2024-05-22T07:58:05+00:00", "2024-05-22T07:59:46+00:00", "2024-05-22T08:01:23+00:00", "2024-05-22T08:02:56+00:00", "2024-05-22T08:04:29+00:00", "2024-05-22T08:06:07+00:00", "2024-05-22T08:07:48+00:00", "2024-05-22T08:09:32+00:00", "2024-05-22T08:11:04+00:00", "2024-05-22T08:12:44+00:00", "2024-05-22T08:14:36+00:00", "2024-05-22T08:16:16+00:00", "2024-05-22T08:18:19+00:00", "2024-05-22T08:21:27+00:00", "2024-05-22T08:23:38+00:00", "2024-05-22T08:25:25+00:00", "2024-05-22T08:28:37+00:00", "2024-05-22T08:31:34+00:00", "2024-05-22T08:34:57+00:00", "2024-05-22T08:35:32+00:00", "2024-05-22T08:37:20+00:00", "2024-05-22T08:38:37+00:00", "2024-05-22T08:40:04+00:00", "2024-05-22T08:41:52+00:00", "2024-05-22T08:44:23+00:00", "2024-05-22T08:46:18+00:00", "2024-05-22T08:48:23+00:00", "2024-05-22T08:50:34+00:00", "2024-05-22T08:52:13+00:00", "2024-05-22T08:54:25+00:00", "2024-05-22T08:55:41+00:00", "2024-05-22T08:57:57+00:00", "2024-05-22T08:59:09+00:00", "2024-05-22T09:00:57+00:00", "2024-05-22T09:03:21+00:00", "2024-05-22T09:05:09+00:00", "2024-05-22T09:07:17+00:00", "2024-05-22T09:08:45+00:00", "2024-05-22T09:10:14+00:00", "2024-05-22T09:12:10+00:00", "2024-05-22T09:14:06+00:00", "2024-05-22T09:15:34+00:00", "2024-05-22T09:18:31+00:00", "2024-05-22T09:20:27+00:00", "2024-05-22T09:22:28+00:00", "2024-05-22T09:24:48+00:00", "2024-05-22T09:27:14+00:00", "2024-05-22T09:29:01+00:00", "2024-05-22T09:34:30+00:00", "2024-05-22T09:35:55+00:00", "2024-05-22T09:37:28+00:00", "2024-05-22T09:39:58+00:00", "2024-05-22T09:41:24+00:00", "2024-05-22T09:45:31+00:00", "2024-05-22T09:48:33+00:00", "2024-05-22T09:52:46+00:00", "2024-05-22T09:54:06+00:00", "2024-05-22T10:01:27+00:00", "2024-05-22T10:03:18+00:00", "2024-05-22T10:06:39+00:00", "2024-05-22T10:08:41+00:00", "2024-05-22T10:13:26+00:00", "2024-05-22T10:15:50+00:00", "2024-05-22T10:17:30+00:00", "2024-05-22T10:19:18+00:00", "2024-05-22T10:21:35+00:00", "2024-05-22T10:24:59+00:00", "2024-05-22T10:26:27+00:00", "2024-05-22T10:29:55+00:00", "2024-05-22T10:31:39+00:00", "2024-05-22T10:34:40+00:00", "2024-05-22T10:36:52+00:00", "2024-05-22T10:38:24+00:00", "2024-05-22T10:40:28+00:00", "2024-05-22T10:42:36+00:00", "2024-05-22T10:43:52+00:00", "2024-05-22T10:48:49+00:00", "2024-05-22T10:51:09+00:00", "2024-05-22T10:54:06+00:00", "2024-05-22T10:57:03+00:00", "2024-05-22T11:00:07+00:00", "2024-05-22T11:05:40+00:00", "2024-05-22T11:08:00+00:00", "2024-05-22T11:12:41+00:00", "2024-05-22T11:17:20+00:00", "2024-05-22T11:22:03+00:00", "2024-05-22T11:32:33+00:00", "2024-05-22T11:44:23+00:00", "2024-05-22T11:46:56+00:00", "2024-05-22T11:48:00+00:00", "2024-05-22T11:50:44+00:00", "2024-05-22T11:52:40+00:00", "2024-05-22T11:55:24+00:00", "2024-05-22T11:57:20+00:00", "2024-05-22T11:59:48+00:00", "2024-05-22T12:03:33+00:00", "2024-05-22T12:04:57+00:00", "2024-05-22T12:09:01+00:00", "2024-05-22T12:12:26+00:00", "2024-05-22T12:16:53+00:00", "2024-05-22T12:25:42+00:00", "2024-05-22T12:28:12+00:00", "2024-05-22T12:30:37+00:00", "2024-05-22T12:31:22+00:00", "2024-05-22T12:33:49+00:00", "2024-05-22T12:36:22+00:00", "2024-05-22T12:38:25+00:00", "2024-05-22T12:42:21+00:00", "2024-05-22T12:44:29+00:00", "2024-05-22T12:47:54+00:00", "2024-05-22T12:49:58+00:00", "2024-05-22T12:52:18+00:00", "2024-05-22T12:54:43+00:00", "2024-05-22T12:56:39+00:00", "2024-05-22T12:58:09+00:00", "2024-05-22T13:00:13+00:00", "2024-05-22T13:03:16+00:00", "2024-05-22T13:05:28+00:00", "2024-05-22T13:07:35+00:00", "2024-05-22T13:09:28+00:00", "2024-05-22T13:11:45+00:00", "2024-05-22T13:14:31+00:00", "2024-05-22T13:18:37+00:00", "2024-05-22T13:24:39+00:00", "2024-05-22T13:25:35+00:00", "2024-05-22T13:33:16+00:00", "2024-05-22T13:35:00+00:00", "2024-05-22T13:36:26+00:00", "2024-05-22T13:38:22+00:00", "2024-05-22T13:40:34+00:00", "2024-05-22T13:41:50+00:00", "2024-05-22T13:43:38+00:00", "2024-05-22T13:44:50+00:00", "2024-05-22T13:46:46+00:00", "2024-05-22T13:48:31+00:00", "2024-05-22T13:50:15+00:00", "2024-05-22T13:51:47+00:00", "2024-05-22T13:53:47+00:00", "2024-05-22T13:55:35+00:00", "2024-05-22T14:00:00+00:00", "2024-05-22T14:00:48+00:00", "2024-05-22T14:03:21+00:00", "2024-05-22T14:04:41+00:00", "2024-05-22T14:06:09+00:00", "2024-05-22T14:07:57+00:00", "2024-05-22T14:09:58+00:00", "2024-05-22T14:12:18+00:00", "2024-05-22T14:13:50+00:00", "2024-05-22T14:16:02+00:00", "2024-05-22T14:18:19+00:00", "2024-05-22T14:20:52+00:00", "2024-05-22T14:22:52+00:00", "2024-05-22T14:26:12+00:00", "2024-05-22T14:28:45+00:00", "2024-05-22T14:30:25+00:00", "2024-05-22T14:32:09+00:00", "2024-05-22T14:35:30+00:00", "2024-05-22T14:37:34+00:00", "2024-05-22T14:39:02+00:00", "2024-05-22T14:40:39+00:00", "2024-05-22T14:43:03+00:00", "2024-05-22T14:44:55+00:00", "2024-05-22T14:46:24+00:00", "2024-05-22T14:48:12+00:00", "2024-05-22T14:50:52+00:00", "2024-05-22T14:52:24+00:00", "2024-05-22T14:55:09+00:00", "2024-05-22T14:57:17+00:00", "2024-05-22T14:59:53+00:00", "2024-05-22T15:01:37+00:00", "2024-05-22T15:04:10+00:00", "2024-05-22T15:06:38+00:00", "2024-05-22T15:08:26+00:00", "2024-05-22T15:11:03+00:00", "2024-05-22T15:13:52+00:00", "2024-05-22T15:16:20+00:00", "2024-05-22T15:18:37+00:00", "2024-05-22T15:20:53+00:00", "2024-05-22T15:23:33+00:00", "2024-05-22T15:27:34+00:00", "2024-05-22T15:29:50+00:00", "2024-05-22T15:32:06+00:00", "2024-05-22T15:34:30+00:00", "2024-05-22T15:37:02+00:00", "2024-05-22T15:41:47+00:00", "2024-05-22T15:43:23+00:00", "2024-05-22T15:46:43+00:00", "2024-05-22T15:48:11+00:00", "2024-05-22T15:49:39+00:00", "2024-05-22T15:51:19+00:00", "2024-05-22T15:52:39+00:00", "2024-05-22T15:53:48+00:00", "2024-05-22T15:55:20+00:00", "2024-05-22T15:57:00+00:00", "2024-05-22T15:58:25+00:00", "2024-05-22T15:59:50+00:00", "2024-05-22T16:01:14+00:00", "2024-05-22T16:02:30+00:00", "2024-05-22T16:03:43+00:00", "2024-05-22T16:05:11+00:00", "2024-05-22T16:08:00+00:00", "2024-05-22T16:10:08+00:00", "2024-05-22T16:14:01+00:00", "2024-05-22T16:16:58+00:00", "2024-05-22T16:19:38+00:00", "2024-05-22T16:22:18+00:00", "2024-05-22T16:26:30+00:00", "2024-05-22T16:29:27+00:00", "2024-05-22T16:32:51+00:00", "2024-05-22T16:34:35+00:00", "2024-05-22T16:36:20+00:00", "2024-05-22T16:38:16+00:00", "2024-05-22T16:40:08+00:00", "2024-05-22T16:42:00+00:00", "2024-05-22T16:45:00+00:00", "2024-05-22T16:46:32+00:00", "2024-05-22T16:48:37+00:00", "2024-05-22T16:50:17+00:00", "2024-05-22T16:51:41+00:00", "2024-05-22T16:53:30+00:00", "2024-05-22T16:54:54+00:00", "2024-05-22T16:56:51+00:00", "2024-05-22T16:58:15+00:00", "2024-05-22T17:00:15+00:00", "2024-05-22T17:01:55+00:00", "2024-05-22T17:03:59+00:00", "2024-05-22T17:05:40+00:00", "2024-05-22T17:07:24+00:00", "2024-05-22T17:08:48+00:00", "2024-05-22T17:11:21+00:00", "2024-05-22T17:13:25+00:00", "2024-05-22T17:15:17+00:00", "2024-05-22T17:17:53+00:00", "2024-05-22T17:19:26+00:00", "2024-05-22T17:20:42+00:00", "2024-05-22T17:21:22+00:00", "2024-05-22T17:23:54+00:00", "2024-05-22T17:26:18+00:00", "2024-05-22T17:28:11+00:00", "2024-05-22T17:29:55+00:00", "2024-05-22T17:32:00+00:00", "2024-05-22T17:35:00+00:00", "2024-05-22T17:36:24+00:00", "2024-05-22T17:37:33+00:00", "2024-05-22T17:39:01+00:00", "2024-05-22T17:40:57+00:00", "2024-05-22T17:42:22+00:00", "2024-05-22T17:44:22+00:00", "2024-05-22T17:45:42+00:00", "2024-05-22T17:47:38+00:00", "2024-05-22T17:49:10+00:00", "2024-05-22T17:50:42+00:00", "2024-05-22T17:52:23+00:00", "2024-05-22T17:54:11+00:00", "2024-05-22T17:55:39+00:00", "2024-05-22T17:58:12+00:00", "2024-05-22T17:59:04+00:00", "2024-05-22T18:01:40+00:00", "2024-05-22T18:03:32+00:00", "2024-05-22T18:04:48+00:00", "2024-05-22T18:07:36+00:00", "2024-05-22T18:11:41+00:00", "2024-05-22T18:12:41+00:00", "2024-05-22T18:14:29+00:00", "2024-05-22T18:15:53+00:00", "2024-05-22T18:17:21+00:00", "2024-05-22T18:19:01+00:00", "2024-05-22T18:21:10+00:00", "2024-05-22T18:22:34+00:00", "2024-05-22T18:25:11+00:00", "2024-05-22T18:26:47+00:00", "2024-05-22T18:30:27+00:00", "2024-05-22T18:31:19+00:00", "2024-05-22T18:33:16+00:00", "2024-05-22T18:34:40+00:00", "2024-05-22T18:37:08+00:00", "2024-05-22T18:39:20+00:00", "2024-05-22T18:40:25+00:00", "2024-05-22T18:43:17+00:00", "2024-05-22T18:45:29+00:00", "2024-05-22T18:47:54+00:00", "2024-05-22T18:50:34+00:00", "2024-05-22T18:51:58+00:00", "2024-05-22T18:54:38+00:00", "2024-05-22T18:56:43+00:00", "2024-05-22T18:58:43+00:00", "2024-05-22T19:00:00+00:00", "2024-05-22T19:03:00+00:00", "2024-05-22T19:04:24+00:00", "2024-05-22T19:07:20+00:00", "2024-05-22T19:09:09+00:00", "2024-05-22T19:11:13+00:00", "2024-05-22T19:13:25+00:00", "2024-05-22T19:15:45+00:00", "2024-05-22T19:18:38+00:00", "2024-05-22T19:22:03+00:00", "2024-05-22T19:23:35+00:00", "2024-05-22T19:24:55+00:00", "2024-05-22T19:26:24+00:00", "2024-05-22T19:28:44+00:00", "2024-05-22T19:30:20+00:00", "2024-05-22T19:32:44+00:00", "2024-05-22T19:35:20+00:00", "2024-05-22T19:38:17+00:00", "2024-05-22T19:39:21+00:00", "2024-05-22T19:41:14+00:00", "2024-05-22T19:43:34+00:00", "2024-05-22T19:45:14+00:00", "2024-05-22T19:47:43+00:00", "2024-05-22T19:48:47+00:00", "2024-05-22T19:52:52+00:00", "2024-05-22T19:56:28+00:00", "2024-05-22T19:59:21+00:00", "2024-05-22T20:00:21+00:00", "2024-05-22T20:04:18+00:00", "2024-05-22T20:05:06+00:00", "2024-05-22T20:07:10+00:00", "2024-05-22T20:08:50+00:00", "2024-05-22T20:12:55+00:00", "2024-05-22T20:13:47+00:00", "2024-05-22T20:15:43+00:00", "2024-05-22T20:18:51+00:00", "2024-05-22T20:21:36+00:00", "2024-05-22T20:22:52+00:00", "2024-05-22T20:26:00+00:00", "2024-05-22T20:28:32+00:00", "2024-05-22T20:32:17+00:00", "2024-05-22T20:34:53+00:00", "2024-05-22T20:38:14+00:00", "2024-05-22T20:41:18+00:00", "2024-05-22T20:43:02+00:00", "2024-05-22T20:45:54+00:00", "2024-05-22T20:49:39+00:00", "2024-05-22T20:50:39+00:00", "2024-05-22T20:52:51+00:00", "2024-05-22T20:55:44+00:00", "2024-05-22T20:59:28+00:00", "2024-05-22T21:00:40+00:00", "2024-05-22T21:05:17+00:00", "2024-05-22T21:08:37+00:00", "2024-05-22T21:09:53+00:00", "2024-05-22T21:13:02+00:00", "2024-05-22T21:14:38+00:00", "2024-05-22T21:17:35+00:00", "2024-05-22T21:19:59+00:00", "2024-05-22T21:22:59+00:00", "2024-05-22T21:24:31+00:00", "2024-05-22T21:28:56+00:00", "2024-05-22T21:32:08+00:00", "2024-05-22T21:33:16+00:00", "2024-05-22T21:36:04+00:00", "2024-05-22T21:38:04+00:00", "2024-05-22T21:41:25+00:00", "2024-05-22T21:43:49+00:00", "2024-05-22T21:44:21+00:00", "2024-05-22T21:45:53+00:00", "2024-05-22T21:47:21+00:00", "2024-05-22T21:47:57+00:00", "2024-05-22T21:49:14+00:00", "2024-05-22T21:51:34+00:00", "2024-05-22T21:52:46+00:00", "2024-05-22T21:55:43+00:00", "2024-05-22T21:56:31+00:00", "2024-05-22T21:58:39+00:00", "2024-05-22T22:00:43+00:00", "2024-05-22T22:01:27+00:00", "2024-05-22T22:03:19+00:00", "2024-05-22T22:04:03+00:00", "2024-05-22T22:06:12+00:00", "2024-05-22T22:07:12+00:00", "2024-05-22T22:08:49+00:00", "2024-05-22T22:11:01+00:00", "2024-05-22T22:11:49+00:00", "2024-05-22T22:14:41+00:00", "2024-05-22T22:15:26+00:00", "2024-05-22T22:18:47+00:00", "2024-05-22T22:20:23+00:00", "2024-05-22T22:21:12+00:00", "2024-05-22T22:22:28+00:00", "2024-05-22T22:25:00+00:00", "2024-05-22T22:25:57+00:00", "2024-05-22T22:27:21+00:00", "2024-05-22T22:29:54+00:00", "2024-05-22T22:30:58+00:00", "2024-05-22T22:34:10+00:00", "2024-05-22T22:36:58+00:00", "2024-05-22T22:38:26+00:00", "2024-05-22T22:43:52+00:00", "2024-05-22T22:46:39+00:00", "2024-05-22T22:48:43+00:00", "2024-05-22T22:53:08+00:00", "2024-05-22T22:55:05+00:00", "2024-05-22T22:58:57+00:00", "2024-05-22T23:00:30+00:00", "2024-05-22T23:02:42+00:00", "2024-05-22T23:06:55+00:00", "2024-05-22T23:11:04+00:00", "2024-05-22T23:12:44+00:00", "2024-05-22T23:14:58+00:00", "2024-05-22T23:17:37+00:00", "2024-05-22T23:19:09+00:00", "2024-05-22T23:21:50+00:00", "2024-05-22T23:26:42+00:00", "2024-05-22T23:30:42+00:00", "2024-05-22T23:34:03+00:00", "2024-05-22T23:36:03+00:00", "2024-05-22T23:37:59+00:00", "2024-05-22T23:40:51+00:00", "2024-05-22T23:44:48+00:00", "2024-05-22T23:48:17+00:00", "2024-05-22T23:50:13+00:00", "2024-05-22T23:51:45+00:00", "2024-05-22T23:54:19+00:00", "2024-05-22T23:59:12+00:00", "2024-05-23T00:00:52+00:00", "2024-05-23T00:03:17+00:00", "2024-05-23T00:06:26+00:00", "2024-05-23T00:09:02+00:00", "2024-05-23T00:11:14+00:00", "2024-05-23T00:13:14+00:00", "2024-05-23T00:17:03+00:00", "2024-05-23T00:19:43+00:00", "2024-05-23T00:21:43+00:00", "2024-05-23T00:24:36+00:00", "2024-05-23T00:26:24+00:00", "2024-05-23T00:31:00+00:00", "2024-05-23T00:32:33+00:00", "2024-05-23T00:34:25+00:00", "2024-05-23T00:36:13+00:00", "2024-05-23T00:38:29+00:00", "2024-05-23T00:39:54+00:00", "2024-05-23T00:44:03+00:00", "2024-05-23T00:45:59+00:00", "2024-05-23T00:48:23+00:00", "2024-05-23T00:50:23+00:00", "2024-05-23T00:52:52+00:00", "2024-05-23T00:56:48+00:00", "2024-05-23T00:57:44+00:00", "2024-05-23T01:01:17+00:00", "2024-05-23T01:02:17+00:00", "2024-05-23T01:05:54+00:00", "2024-05-23T01:07:38+00:00", "2024-05-23T01:08:58+00:00", "2024-05-23T01:12:31+00:00", "2024-05-23T01:13:35+00:00", "2024-05-23T01:15:00+00:00", "2024-05-23T01:16:28+00:00", "2024-05-23T01:19:04+00:00", "2024-05-23T01:20:24+00:00", "2024-05-23T01:23:25+00:00", "2024-05-23T01:24:53+00:00", "2024-05-23T01:26:41+00:00", "2024-05-23T01:29:14+00:00", "2024-05-23T01:30:50+00:00", "2024-05-23T01:32:10+00:00", "2024-05-23T01:34:19+00:00", "2024-05-23T01:35:55+00:00", "2024-05-23T01:37:23+00:00", "2024-05-23T01:39:08+00:00", "2024-05-23T01:40:44+00:00", "2024-05-23T01:42:40+00:00", "2024-05-23T01:44:04+00:00", "2024-05-23T01:45:25+00:00", "2024-05-23T01:47:02+00:00", "2024-05-23T01:48:34+00:00", "2024-05-23T01:50:10+00:00", "2024-05-23T01:51:58+00:00", "2024-05-23T01:54:18+00:00", "2024-05-23T01:55:42+00:00", "2024-05-23T01:57:51+00:00", "2024-05-23T01:59:56+00:00", "2024-05-23T02:01:08+00:00", "2024-05-23T02:02:12+00:00", "2024-05-23T02:04:24+00:00", "2024-05-23T02:05:56+00:00", "2024-05-23T02:06:57+00:00", "2024-05-23T02:08:45+00:00", "2024-05-23T02:10:25+00:00", "2024-05-23T02:12:06+00:00", "2024-05-23T02:13:26+00:00", "2024-05-23T02:14:38+00:00", "2024-05-23T02:16:10+00:00", "2024-05-23T02:17:30+00:00", "2024-05-23T02:19:27+00:00", "2024-05-23T02:20:35+00:00", "2024-05-23T02:22:11+00:00", "2024-05-23T02:23:19+00:00", "2024-05-23T02:24:27+00:00", "2024-05-23T02:27:12+00:00", "2024-05-23T02:28:28+00:00", "2024-05-23T02:29:56+00:00", "2024-05-23T02:31:04+00:00", "2024-05-23T02:32:40+00:00", "2024-05-23T02:34:04+00:00", "2024-05-23T02:35:20+00:00", "2024-05-23T02:36:24+00:00", "2024-05-23T02:38:25+00:00", "2024-05-23T02:40:01+00:00", "2024-05-23T02:41:21+00:00", "2024-05-23T02:42:01+00:00", "2024-05-23T02:44:01+00:00", "2024-05-23T02:44:57+00:00", "2024-05-23T02:46:25+00:00", "2024-05-23T02:48:29+00:00", "2024-05-23T02:49:21+00:00", "2024-05-23T02:51:14+00:00", "2024-05-23T02:52:18+00:00", "2024-05-23T02:53:51+00:00", "2024-05-23T02:54:59+00:00", "2024-05-23T02:57:07+00:00", "2024-05-23T02:58:03+00:00", "2024-05-23T03:00:15+00:00", "2024-05-23T03:01:03+00:00", "2024-05-23T03:02:36+00:00", "2024-05-23T03:05:20+00:00", "2024-05-23T03:06:44+00:00", "2024-05-23T03:08:00+00:00", "2024-05-23T03:11:05+00:00", "2024-05-23T03:11:49+00:00", "2024-05-23T03:13:09+00:00", "2024-05-23T03:14:21+00:00", "2024-05-23T03:15:49+00:00", "2024-05-23T03:17:41+00:00", "2024-05-23T03:18:57+00:00", "2024-05-23T03:20:33+00:00", "2024-05-23T03:22:06+00:00", "2024-05-23T03:23:42+00:00", "2024-05-23T03:25:50+00:00", "2024-05-23T03:26:34+00:00", "2024-05-23T03:28:07+00:00", "2024-05-23T03:29:07+00:00", "2024-05-23T03:30:15+00:00", "2024-05-23T03:33:16+00:00", "2024-05-23T03:35:20+00:00", "2024-05-23T03:37:49+00:00", "2024-05-23T03:39:57+00:00", "2024-05-23T03:41:09+00:00", "2024-05-23T03:42:49+00:00", "2024-05-23T03:45:05+00:00", "2024-05-23T03:46:21+00:00", "2024-05-23T03:48:34+00:00", "2024-05-23T03:50:10+00:00", "2024-05-23T03:51:27+00:00", "2024-05-23T03:54:32+00:00", "2024-05-23T03:55:56+00:00", "2024-05-23T03:57:40+00:00", "2024-05-23T03:59:28+00:00", "2024-05-23T04:01:45+00:00", "2024-05-23T04:04:10+00:00", "2024-05-23T04:07:38+00:00", "2024-05-23T04:09:15+00:00", "2024-05-23T04:13:48+00:00", "2024-05-23T04:16:40+00:00", "2024-05-23T04:17:12+00:00", "2024-05-23T04:20:04+00:00", "2024-05-23T04:22:36+00:00", "2024-05-23T04:25:57+00:00", "2024-05-23T04:27:58+00:00", "2024-05-23T04:30:06+00:00", "2024-05-23T04:32:15+00:00", "2024-05-23T04:34:59+00:00", "2024-05-23T04:36:39+00:00", "2024-05-23T04:38:48+00:00", "2024-05-23T04:40:16+00:00", "2024-05-23T04:42:28+00:00", "2024-05-23T04:44:24+00:00", "2024-05-23T04:46:52+00:00", "2024-05-23T04:48:53+00:00", "2024-05-23T04:51:05+00:00", "2024-05-23T04:53:18+00:00", "2024-05-23T04:54:46+00:00", "2024-05-23T04:56:34+00:00", "2024-05-23T04:58:34+00:00", "2024-05-23T05:00:18+00:00", "2024-05-23T05:01:55+00:00", "2024-05-23T05:03:35+00:00", "2024-05-23T05:06:31+00:00", "2024-05-23T05:08:35+00:00", "2024-05-23T05:09:39+00:00", "2024-05-23T05:12:08+00:00", "2024-05-23T05:13:08+00:00", "2024-05-23T05:15:16+00:00", "2024-05-23T05:16:48+00:00", "2024-05-23T05:19:24+00:00", "2024-05-23T05:20:36+00:00", "2024-05-23T05:22:41+00:00", "2024-05-23T05:24:17+00:00", "2024-05-23T05:25:25+00:00", "2024-05-23T05:27:53+00:00", "2024-05-23T05:29:06+00:00", "2024-05-23T05:32:30+00:00", "2024-05-23T05:33:43+00:00", "2024-05-23T05:35:39+00:00", "2024-05-23T05:37:08+00:00", "2024-05-23T05:38:28+00:00", "2024-05-23T05:40:28+00:00", "2024-05-23T05:42:33+00:00", "2024-05-23T05:43:33+00:00", "2024-05-23T05:46:01+00:00", "2024-05-23T05:47:17+00:00", "2024-05-23T05:49:21+00:00", "2024-05-23T05:50:38+00:00", "2024-05-23T05:52:51+00:00", "2024-05-23T05:53:23+00:00", "2024-05-23T05:55:07+00:00", "2024-05-23T05:58:31+00:00", "2024-05-23T05:59:35+00:00", "2024-05-23T06:01:32+00:00", "2024-05-23T06:03:08+00:00", "2024-05-23T06:05:53+00:00", "2024-05-23T06:07:45+00:00", "2024-05-23T06:08:29+00:00", "2024-05-23T06:09:37+00:00", "2024-05-23T06:11:05+00:00", "2024-05-23T06:12:10+00:00", "2024-05-23T06:14:26+00:00", "2024-05-23T06:15:30+00:00", "2024-05-23T06:16:42+00:00", "2024-05-23T06:17:38+00:00", "2024-05-23T06:19:10+00:00", "2024-05-23T06:20:54+00:00", "2024-05-23T06:21:42+00:00", "2024-05-23T06:24:10+00:00", "2024-05-23T06:25:58+00:00", "2024-05-23T06:27:19+00:00", "2024-05-23T06:29:27+00:00", "2024-05-23T06:30:39+00:00", "2024-05-23T06:31:55+00:00", "2024-05-23T06:33:03+00:00", "2024-05-23T06:34:19+00:00", "2024-05-23T06:35:20+00:00", "2024-05-23T06:36:52+00:00", "2024-05-23T06:37:52+00:00", "2024-05-23T06:39:16+00:00", "2024-05-23T06:40:36+00:00", "2024-05-23T06:42:40+00:00", "2024-05-23T06:43:52+00:00", "2024-05-23T06:45:28+00:00", "2024-05-23T06:47:00+00:00", "2024-05-23T06:47:56+00:00", "2024-05-23T06:49:17+00:00", "2024-05-23T06:50:41+00:00", "2024-05-23T06:52:13+00:00", "2024-05-23T06:53:29+00:00", "2024-05-23T06:54:45+00:00", "2024-05-23T06:56:13+00:00", "2024-05-23T06:57:33+00:00", "2024-05-23T07:00:21+00:00", "2024-05-23T07:01:58+00:00", "2024-05-23T07:03:46+00:00", "2024-05-23T07:05:30+00:00", "2024-05-23T07:06:54+00:00", "2024-05-23T07:08:14+00:00", "2024-05-23T07:09:50+00:00", "2024-05-23T07:11:34+00:00", "2024-05-23T07:13:06+00:00", "2024-05-23T07:14:31+00:00", "2024-05-23T07:16:11+00:00", "2024-05-23T07:17:47+00:00", "2024-05-23T07:19:51+00:00", "2024-05-23T07:21:15+00:00", "2024-05-23T07:23:43+00:00", "2024-05-23T07:25:23+00:00", "2024-05-23T07:28:23+00:00", "2024-05-23T07:29:23+00:00", "2024-05-23T07:33:25+00:00", "2024-05-23T07:34:33+00:00", "2024-05-23T07:35:45+00:00", "2024-05-23T07:38:29+00:00", "2024-05-23T07:39:09+00:00", "2024-05-23T07:40:13+00:00", "2024-05-23T07:42:13+00:00", "2024-05-23T07:44:26+00:00", "2024-05-23T07:46:10+00:00", "2024-05-23T07:47:31+00:00", "2024-05-23T07:50:03+00:00", "2024-05-23T07:52:27+00:00", "2024-05-23T07:53:43+00:00", "2024-05-23T07:54:59+00:00", "2024-05-23T07:56:08+00:00", "2024-05-23T07:57:40+00:00", "2024-05-23T08:00:09+00:00", "2024-05-23T08:01:09+00:00", "2024-05-23T08:02:41+00:00", "2024-05-23T08:04:05+00:00", "2024-05-23T08:05:17+00:00", "2024-05-23T08:06:33+00:00", "2024-05-23T08:07:46+00:00", "2024-05-23T08:10:30+00:00", "2024-05-23T08:11:58+00:00", "2024-05-23T08:13:06+00:00", "2024-05-23T08:14:38+00:00", "2024-05-23T08:15:35+00:00", "2024-05-23T08:17:11+00:00", "2024-05-23T08:18:39+00:00", "2024-05-23T08:21:04+00:00", "2024-05-23T08:22:29+00:00", "2024-05-23T08:23:44+00:00", "2024-05-23T08:24:51+00:00", "2024-05-23T08:26:55+00:00", "2024-05-23T08:28:26+00:00", "2024-05-23T08:30:20+00:00", "2024-05-23T08:32:08+00:00", "2024-05-23T08:33:51+00:00", "2024-05-23T08:35:44+00:00", "2024-05-23T08:44:29+00:00", "2024-05-23T08:47:03+00:00", "2024-05-23T08:49:31+00:00", "2024-05-23T08:51:25+00:00", "2024-05-23T08:53:01+00:00", "2024-05-23T08:54:06+00:00", "2024-05-23T08:56:07+00:00", "2024-05-23T08:57:11+00:00", "2024-05-23T08:58:35+00:00", "2024-05-23T09:00:44+00:00", "2024-05-23T09:01:36+00:00", "2024-05-23T09:03:01+00:00", "2024-05-23T09:04:26+00:00", "2024-05-23T09:06:26+00:00", "2024-05-23T09:07:58+00:00", "2024-05-23T09:10:46+00:00", "2024-05-23T09:12:02+00:00", "2024-05-23T09:13:38+00:00", "2024-05-23T09:15:14+00:00", "2024-05-23T09:16:02+00:00", "2024-05-23T09:17:59+00:00", "2024-05-23T09:19:07+00:00", "2024-05-23T09:21:09+00:00", "2024-05-23T09:21:38+00:00", "2024-05-23T09:23:08+00:00", "2024-05-23T09:24:47+00:00", "2024-05-23T09:26:15+00:00", "2024-05-23T09:27:45+00:00", "2024-05-23T09:28:34+00:00", "2024-05-23T09:31:34+00:00", "2024-05-23T09:32:30+00:00", "2024-05-23T09:33:42+00:00", "2024-05-23T09:35:21+00:00", "2024-05-23T09:39:11+00:00", "2024-05-23T09:40:46+00:00", "2024-05-23T09:42:23+00:00", "2024-05-23T09:44:32+00:00", "2024-05-23T09:45:24+00:00", "2024-05-23T09:49:07+00:00", "2024-05-23T09:51:27+00:00", "2024-05-23T09:54:23+00:00", "2024-05-23T09:58:02+00:00", "2024-05-23T09:59:14+00:00", "2024-05-23T10:00:58+00:00", "2024-05-23T10:01:58+00:00", "2024-05-23T10:03:10+00:00", "2024-05-23T10:04:38+00:00", "2024-05-23T10:05:50+00:00", "2024-05-23T10:06:46+00:00", "2024-05-23T10:08:10+00:00", "2024-05-23T10:09:26+00:00", "2024-05-23T10:10:46+00:00", "2024-05-23T10:11:59+00:00", "2024-05-23T10:14:32+00:00", "2024-05-23T10:16:08+00:00", "2024-05-23T10:17:40+00:00", "2024-05-23T10:19:01+00:00", "2024-05-23T10:21:01+00:00", "2024-05-23T10:22:30+00:00", "2024-05-23T10:23:50+00:00", "2024-05-23T10:25:26+00:00", "2024-05-23T10:26:42+00:00", "2024-05-23T10:28:54+00:00", "2024-05-23T10:30:35+00:00", "2024-05-23T10:32:07+00:00", "2024-05-23T10:33:59+00:00", "2024-05-23T10:35:19+00:00", "2024-05-23T10:36:43+00:00", "2024-05-23T10:38:08+00:00", "2024-05-23T10:39:28+00:00", "2024-05-23T10:41:12+00:00", "2024-05-23T10:43:28+00:00", "2024-05-23T10:44:44+00:00", "2024-05-23T10:46:41+00:00", "2024-05-23T10:48:25+00:00", "2024-05-23T10:51:10+00:00", "2024-05-23T10:52:26+00:00", "2024-05-23T10:53:58+00:00", "2024-05-23T10:55:49+00:00", "2024-05-23T10:57:34+00:00", "2024-05-23T11:00:31+00:00", "2024-05-23T11:02:32+00:00", "2024-05-23T11:04:20+00:00", "2024-05-23T11:06:16+00:00", "2024-05-23T11:08:04+00:00", "2024-05-23T11:09:04+00:00", "2024-05-23T11:11:53+00:00", "2024-05-23T11:13:17+00:00", "2024-05-23T11:15:15+00:00", "2024-05-23T11:17:51+00:00", "2024-05-23T11:19:12+00:00", "2024-05-23T11:20:28+00:00", "2024-05-23T11:22:56+00:00", "2024-05-23T11:24:20+00:00", "2024-05-23T11:26:12+00:00", "2024-05-23T11:27:45+00:00", "2024-05-23T11:29:09+00:00", "2024-05-23T11:30:46+00:00", "2024-05-23T11:31:47+00:00", "2024-05-23T11:34:08+00:00", "2024-05-23T11:36:04+00:00", "2024-05-23T11:37:00+00:00", "2024-05-23T11:38:52+00:00", "2024-05-23T11:40:43+00:00", "2024-05-23T11:42:17+00:00", "2024-05-23T11:44:55+00:00", "2024-05-23T11:46:58+00:00", "2024-05-23T11:48:51+00:00", "2024-05-23T11:51:47+00:00", "2024-05-23T11:53:20+00:00", "2024-05-23T11:55:52+00:00", "2024-05-23T11:57:45+00:00", "2024-05-23T12:04:18+00:00", "2024-05-23T12:06:42+00:00", "2024-05-23T12:07:58+00:00", "2024-05-23T12:13:41+00:00", "2024-05-23T12:14:58+00:00", "2024-05-23T12:16:51+00:00", "2024-05-23T12:18:31+00:00", "2024-05-23T12:19:43+00:00", "2024-05-23T12:21:11+00:00", "2024-05-23T12:22:35+00:00", "2024-05-23T12:23:59+00:00", "2024-05-23T12:25:56+00:00", "2024-05-23T12:27:40+00:00", "2024-05-23T12:29:04+00:00", "2024-05-23T12:30:24+00:00", "2024-05-23T12:34:37+00:00", "2024-05-23T12:35:41+00:00", "2024-05-23T12:37:25+00:00", "2024-05-23T12:39:05+00:00", "2024-05-23T12:40:50+00:00", "2024-05-23T12:42:10+00:00", "2024-05-23T12:43:54+00:00", "2024-05-23T12:45:06+00:00", "2024-05-23T12:47:02+00:00", "2024-05-23T12:48:50+00:00", "2024-05-23T12:50:23+00:00", "2024-05-23T12:51:51+00:00", "2024-05-23T12:53:44+00:00", "2024-05-23T12:55:12+00:00", "2024-05-23T12:57:28+00:00", "2024-05-23T12:58:48+00:00", "2024-05-23T13:00:36+00:00", "2024-05-23T13:02:32+00:00", "2024-05-23T13:04:24+00:00", "2024-05-23T13:06:01+00:00", "2024-05-23T13:08:21+00:00", "2024-05-23T13:11:01+00:00", "2024-05-23T13:13:34+00:00", "2024-05-23T13:16:43+00:00", "2024-05-23T13:17:59+00:00", "2024-05-23T13:19:31+00:00", "2024-05-23T13:22:03+00:00", "2024-05-23T13:23:36+00:00", "2024-05-23T13:24:48+00:00", "2024-05-23T13:26:00+00:00", "2024-05-23T13:27:57+00:00", "2024-05-23T13:29:29+00:00", "2024-05-23T13:32:05+00:00", "2024-05-23T13:33:49+00:00", "2024-05-23T13:36:09+00:00", "2024-05-23T13:38:05+00:00", "2024-05-23T13:40:18+00:00", "2024-05-23T13:44:02+00:00", "2024-05-23T13:45:30+00:00", "2024-05-23T13:48:50+00:00", "2024-05-23T13:50:23+00:00", "2024-05-23T13:52:59+00:00", "2024-05-23T13:54:51+00:00", "2024-05-23T13:57:36+00:00", "2024-05-23T13:59:00+00:00", "2024-05-23T14:01:24+00:00", "2024-05-23T14:03:08+00:00", "2024-05-23T14:05:37+00:00", "2024-05-23T14:07:46+00:00", "2024-05-23T14:09:22+00:00", "2024-05-23T14:10:46+00:00", "2024-05-23T14:11:54+00:00", "2024-05-23T14:14:11+00:00", "2024-05-23T14:16:03+00:00", "2024-05-23T14:17:16+00:00", "2024-05-23T14:18:32+00:00", "2024-05-23T14:20:20+00:00", "2024-05-23T14:21:44+00:00", "2024-05-23T14:23:12+00:00", "2024-05-23T14:25:36+00:00", "2024-05-23T14:27:41+00:00", "2024-05-23T14:29:13+00:00", "2024-05-23T14:32:41+00:00", "2024-05-23T14:33:33+00:00", "2024-05-23T14:36:42+00:00", "2024-05-23T14:38:14+00:00", "2024-05-23T14:39:42+00:00", "2024-05-23T14:41:30+00:00", "2024-05-23T14:43:59+00:00", "2024-05-23T14:46:23+00:00", "2024-05-23T14:47:39+00:00", "2024-05-23T14:49:20+00:00", "2024-05-23T14:52:24+00:00", "2024-05-23T14:54:48+00:00", "2024-05-23T14:56:52+00:00", "2024-05-23T15:02:16+00:00", "2024-05-23T15:03:41+00:00", "2024-05-23T15:04:57+00:00", "2024-05-23T15:06:49+00:00", "2024-05-23T15:09:26+00:00", "2024-05-23T15:11:22+00:00", "2024-05-23T15:12:38+00:00", "2024-05-23T15:14:38+00:00", "2024-05-23T15:16:34+00:00", "2024-05-23T15:18:30+00:00", "2024-05-23T15:21:11+00:00", "2024-05-23T15:22:55+00:00", "2024-05-23T15:24:35+00:00", "2024-05-23T15:27:15+00:00", "2024-05-23T15:29:07+00:00", "2024-05-23T15:32:40+00:00", "2024-05-23T15:35:48+00:00", "2024-05-23T15:36:52+00:00", "2024-05-23T15:38:32+00:00", "2024-05-23T15:42:41+00:00", "2024-05-23T15:44:37+00:00", "2024-05-23T15:46:45+00:00", "2024-05-23T15:48:58+00:00", "2024-05-23T15:50:02+00:00", "2024-05-23T15:52:06+00:00", "2024-05-23T15:53:38+00:00", "2024-05-23T15:56:11+00:00", "2024-05-23T15:58:03+00:00", "2024-05-23T15:59:40+00:00", "2024-05-23T16:01:32+00:00", "2024-05-23T16:03:36+00:00", "2024-05-23T16:05:41+00:00", "2024-05-23T16:07:45+00:00", "2024-05-23T16:13:18+00:00", "2024-05-23T16:15:38+00:00", "2024-05-23T16:18:31+00:00", "2024-05-23T16:19:23+00:00", "2024-05-23T16:22:31+00:00", "2024-05-23T16:24:15+00:00", "2024-05-23T16:27:00+00:00", "2024-05-23T16:31:33+00:00", "2024-05-23T16:32:49+00:00", "2024-05-23T16:36:17+00:00", "2024-05-23T16:38:09+00:00", "2024-05-23T16:40:38+00:00", "2024-05-23T16:42:34+00:00", "2024-05-23T16:46:42+00:00", "2024-05-23T16:48:30+00:00", "2024-05-23T16:51:31+00:00", "2024-05-23T16:52:51+00:00", "2024-05-23T16:54:59+00:00", "2024-05-23T16:57:28+00:00", "2024-05-23T17:01:52+00:00", "2024-05-23T17:03:21+00:00", "2024-05-23T17:05:42+00:00", "2024-05-23T17:08:38+00:00", "2024-05-23T17:10:10+00:00", "2024-05-23T17:12:10+00:00", "2024-05-23T17:14:54+00:00", "2024-05-23T17:17:06+00:00", "2024-05-23T17:18:07+00:00", "2024-05-23T17:21:27+00:00", "2024-05-23T17:23:19+00:00", "2024-05-23T17:25:19+00:00", "2024-05-23T17:28:12+00:00", "2024-05-23T17:30:32+00:00", "2024-05-23T17:32:32+00:00", "2024-05-23T17:34:48+00:00", "2024-05-23T17:36:56+00:00", "2024-05-23T17:39:01+00:00", "2024-05-23T17:41:45+00:00", "2024-05-23T17:42:57+00:00", "2024-05-23T17:46:06+00:00", "2024-05-23T17:48:26+00:00", "2024-05-23T17:51:15+00:00", "2024-05-23T17:53:27+00:00", "2024-05-23T17:54:55+00:00", "2024-05-23T17:57:39+00:00", "2024-05-23T17:59:23+00:00", "2024-05-23T18:01:56+00:00", "2024-05-23T18:05:00+00:00", "2024-05-23T18:08:56+00:00", "2024-05-23T18:11:17+00:00", "2024-05-23T18:14:09+00:00", "2024-05-23T18:16:33+00:00", "2024-05-23T18:19:50+00:00", "2024-05-23T18:22:50+00:00", "2024-05-23T18:25:10+00:00", "2024-05-23T18:28:07+00:00", "2024-05-23T18:31:03+00:00", "2024-05-23T18:33:59+00:00", "2024-05-23T18:36:03+00:00", "2024-05-23T18:40:12+00:00", "2024-05-23T18:42:56+00:00", "2024-05-23T18:44:20+00:00", "2024-05-23T18:46:53+00:00", "2024-05-23T18:49:29+00:00", "2024-05-23T18:52:05+00:00", "2024-05-23T18:56:33+00:00", "2024-05-23T18:59:26+00:00", "2024-05-23T19:01:31+00:00", "2024-05-23T19:02:55+00:00", "2024-05-23T19:04:59+00:00", "2024-05-23T19:07:36+00:00", "2024-05-23T19:10:00+00:00", "2024-05-23T19:15:01+00:00", "2024-05-23T19:16:17+00:00", "2024-05-23T19:20:42+00:00", "2024-05-23T19:25:19+00:00", "2024-05-23T19:26:35+00:00", "2024-05-23T19:28:03+00:00", "2024-05-23T19:29:35+00:00", "2024-05-23T19:31:12+00:00", "2024-05-23T19:32:44+00:00", "2024-05-23T19:34:24+00:00", "2024-05-23T19:35:32+00:00", "2024-05-23T19:37:57+00:00", "2024-05-23T19:38:45+00:00", "2024-05-23T19:41:13+00:00", "2024-05-23T19:43:14+00:00", "2024-05-23T19:44:46+00:00", "2024-05-23T19:47:46+00:00", "2024-05-23T19:49:15+00:00", "2024-05-23T19:51:19+00:00", "2024-05-23T19:53:27+00:00", "2024-05-23T19:55:47+00:00", "2024-05-23T19:58:55+00:00", "2024-05-23T20:01:15+00:00", "2024-05-23T20:03:44+00:00", "2024-05-23T20:06:20+00:00", "2024-05-23T20:10:29+00:00", "2024-05-23T20:13:17+00:00", "2024-05-23T20:20:39+00:00", "2024-05-23T20:25:19+00:00", "2024-05-23T20:27:31+00:00", "2024-05-23T20:30:56+00:00", "2024-05-23T20:32:16+00:00", "2024-05-23T20:40:41+00:00", "2024-05-23T20:45:30+00:00", "2024-05-23T20:51:03+00:00", "2024-05-23T20:53:55+00:00", "2024-05-23T20:59:12+00:00", "2024-05-23T21:04:17+00:00", "2024-05-23T21:10:37+00:00", "2024-05-23T21:14:38+00:00", "2024-05-23T21:19:06+00:00", "2024-05-23T21:22:58+00:00", "2024-05-23T21:26:39+00:00", "2024-05-23T21:29:59+00:00", "2024-05-23T21:34:04+00:00", "2024-05-23T21:38:49+00:00", "2024-05-23T21:42:46+00:00", "2024-05-23T21:44:54+00:00", "2024-05-23T21:50:02+00:00", "2024-05-23T21:52:23+00:00", "2024-05-23T21:56:12+00:00", "2024-05-23T22:00:53+00:00", "2024-05-23T22:03:29+00:00", "2024-05-23T22:06:58+00:00", "2024-05-23T22:09:42+00:00", "2024-05-23T22:13:15+00:00", "2024-05-23T22:17:15+00:00", "2024-05-23T22:21:20+00:00", "2024-05-23T22:24:56+00:00", "2024-05-23T22:28:56+00:00", "2024-05-23T22:31:53+00:00", "2024-05-23T22:34:21+00:00", "2024-05-23T22:36:54+00:00", "2024-05-23T22:39:10+00:00", "2024-05-23T22:47:15+00:00", "2024-05-23T22:48:31+00:00", "2024-05-23T22:54:07+00:00", "2024-05-23T22:59:56+00:00", "2024-05-23T23:03:32+00:00", "2024-05-23T23:06:20+00:00", "2024-05-23T23:11:09+00:00", "2024-05-23T23:14:01+00:00", "2024-05-23T23:17:10+00:00", "2024-05-23T23:23:23+00:00", "2024-05-23T23:25:04+00:00", "2024-05-23T23:28:24+00:00", "2024-05-23T23:31:08+00:00", "2024-05-23T23:34:29+00:00", "2024-05-23T23:37:17+00:00", "2024-05-23T23:40:58+00:00", "2024-05-23T23:45:06+00:00", "2024-05-23T23:49:35+00:00", "2024-05-23T23:52:52+00:00", "2024-05-23T23:57:12+00:00", "2024-05-23T23:59:36+00:00", "2024-05-24T00:03:57+00:00", "2024-05-24T00:08:06+00:00", "2024-05-24T00:12:06+00:00", "2024-05-24T00:14:10+00:00", "2024-05-24T00:20:22+00:00", "2024-05-24T00:22:38+00:00", "2024-05-24T00:26:58+00:00", "2024-05-24T00:31:03+00:00", "2024-05-24T00:36:36+00:00", "2024-05-24T00:41:18+00:00", "2024-05-24T00:44:43+00:00", "2024-05-24T00:52:12+00:00", "2024-05-24T00:53:56+00:00", "2024-05-24T00:58:52+00:00", "2024-05-24T01:02:21+00:00", "2024-05-24T01:09:25+00:00", "2024-05-24T01:12:18+00:00", "2024-05-24T01:17:55+00:00", "2024-05-24T01:20:19+00:00", "2024-05-24T01:25:12+00:00", "2024-05-24T01:27:48+00:00", "2024-05-24T01:32:28+00:00", "2024-05-24T01:36:34+00:00", "2024-05-24T01:44:07+00:00", "2024-05-24T01:46:07+00:00", "2024-05-24T01:50:19+00:00", "2024-05-24T01:56:12+00:00", "2024-05-24T02:03:45+00:00", "2024-05-24T02:05:50+00:00", "2024-05-24T02:09:03+00:00", "2024-05-24T02:13:23+00:00", "2024-05-24T02:20:16+00:00", "2024-05-24T02:21:44+00:00", "2024-05-24T02:24:56+00:00", "2024-05-24T02:30:21+00:00", "2024-05-24T02:33:17+00:00", "2024-05-24T02:38:15+00:00", "2024-05-24T02:41:11+00:00", "2024-05-24T02:46:24+00:00", "2024-05-24T02:50:40+00:00", "2024-05-24T02:53:45+00:00", "2024-05-24T02:55:49+00:00", "2024-05-24T03:00:21+00:00", "2024-05-24T03:07:47+00:00", "2024-05-24T03:10:27+00:00", "2024-05-24T03:14:16+00:00", "2024-05-24T03:19:08+00:00", "2024-05-24T03:22:28+00:00", "2024-05-24T03:26:37+00:00", "2024-05-24T03:28:53+00:00", "2024-05-24T03:33:30+00:00", "2024-05-24T03:35:07+00:00", "2024-05-24T03:39:03+00:00", "2024-05-24T03:43:31+00:00", "2024-05-24T03:47:16+00:00", "2024-05-24T03:52:28+00:00", "2024-05-24T03:54:41+00:00", "2024-05-24T03:56:49+00:00", "2024-05-24T03:59:01+00:00", "2024-05-24T04:00:53+00:00", "2024-05-24T04:06:06+00:00", "2024-05-24T04:08:38+00:00", "2024-05-24T04:11:38+00:00", "2024-05-24T04:15:06+00:00", "2024-05-24T04:18:08+00:00", "2024-05-24T04:22:08+00:00", "2024-05-24T04:24:24+00:00", "2024-05-24T04:27:33+00:00", "2024-05-24T04:29:37+00:00", "2024-05-24T04:34:39+00:00", "2024-05-24T04:36:29+00:00", "2024-05-24T04:40:22+00:00", "2024-05-24T04:42:43+00:00", "2024-05-24T04:45:39+00:00", "2024-05-24T04:48:24+00:00", "2024-05-24T04:53:00+00:00", "2024-05-24T04:54:44+00:00", "2024-05-24T04:58:45+00:00", "2024-05-24T05:00:45+00:00", "2024-05-24T05:04:21+00:00", "2024-05-24T05:08:30+00:00", "2024-05-24T05:12:30+00:00", "2024-05-24T05:14:38+00:00", "2024-05-24T05:18:48+00:00", "2024-05-24T05:24:29+00:00", "2024-05-24T05:29:17+00:00", "2024-05-24T05:32:22+00:00", "2024-05-24T05:34:38+00:00", "2024-05-24T05:37:06+00:00", "2024-05-24T05:39:18+00:00", "2024-05-24T05:42:03+00:00", "2024-05-24T05:47:19+00:00", "2024-05-24T05:49:11+00:00", "2024-05-24T05:53:25+00:00", "2024-05-24T05:55:07+00:00", "2024-05-24T05:57:40+00:00", "2024-05-24T06:00:48+00:00", "2024-05-24T06:04:21+00:00", "2024-05-24T06:08:13+00:00", "2024-05-24T06:12:46+00:00", "2024-05-24T06:14:43+00:00", "2024-05-24T06:16:52+00:00", "2024-05-24T06:21:00+00:00", "2024-05-24T06:23:12+00:00", "2024-05-24T06:26:53+00:00", "2024-05-24T06:29:23+00:00", "2024-05-24T06:32:38+00:00", "2024-05-24T06:35:56+00:00", "2024-05-24T06:41:53+00:00", "2024-05-24T06:47:06+00:00", "2024-05-24T07:09:57+00:00", "2024-05-24T07:17:05+00:00", "2024-05-24T07:19:44+00:00", "2024-05-24T07:36:21+00:00", "2024-05-24T07:46:51+00:00", "2024-05-24T07:55:13+00:00", "2024-05-24T08:01:29+00:00", "2024-05-24T08:04:14+00:00", "2024-05-24T08:06:50+00:00", "2024-05-24T08:08:39+00:00", "2024-05-24T08:11:52+00:00", "2024-05-24T08:13:40+00:00", "2024-05-24T08:17:22+00:00", "2024-05-24T08:20:55+00:00", "2024-05-24T08:23:19+00:00", "2024-05-24T08:25:19+00:00", "2024-05-24T08:27:27+00:00", "2024-05-24T08:30:56+00:00", "2024-05-24T08:33:13+00:00", "2024-05-24T08:35:57+00:00", "2024-05-24T08:37:45+00:00", "2024-05-24T08:40:30+00:00", "2024-05-24T08:43:35+00:00", "2024-05-24T08:45:51+00:00", "2024-05-24T08:47:35+00:00", "2024-05-24T08:49:48+00:00", "2024-05-24T08:52:44+00:00", "2024-05-24T08:54:40+00:00", "2024-05-24T08:56:08+00:00", "2024-05-24T09:01:13+00:00", "2024-05-24T09:03:57+00:00", "2024-05-24T09:07:06+00:00", "2024-05-24T09:08:46+00:00", "2024-05-24T09:14:27+00:00", "2024-05-24T09:18:35+00:00", "2024-05-24T09:21:16+00:00", "2024-05-24T09:23:00+00:00", "2024-05-24T09:25:21+00:00", "2024-05-24T09:26:57+00:00", "2024-05-24T09:30:41+00:00", "2024-05-24T09:33:45+00:00", "2024-05-24T09:35:09+00:00", "2024-05-24T09:37:10+00:00", "2024-05-24T09:39:14+00:00", "2024-05-24T09:43:03+00:00", "2024-05-24T09:45:15+00:00", "2024-05-24T09:47:03+00:00", "2024-05-24T09:48:39+00:00", "2024-05-24T09:51:00+00:00", "2024-05-24T09:56:25+00:00", "2024-05-24T09:58:17+00:00", "2024-05-24T10:01:09+00:00", "2024-05-24T10:04:34+00:00", "2024-05-24T10:07:46+00:00", "2024-05-24T10:13:15+00:00", "2024-05-24T10:17:08+00:00", "2024-05-24T10:20:32+00:00", "2024-05-24T10:22:36+00:00", "2024-05-24T10:25:28+00:00", "2024-05-24T10:30:43+00:00", "2024-05-24T10:31:52+00:00", "2024-05-24T10:35:13+00:00", "2024-05-24T10:37:41+00:00", "2024-05-24T10:41:25+00:00", "2024-05-24T10:43:20+00:00", "2024-05-24T10:48:33+00:00", "2024-05-24T10:54:56+00:00", "2024-05-24T10:56:58+00:00", "2024-05-24T11:00:11+00:00", "2024-05-24T11:01:28+00:00", "2024-05-24T11:05:08+00:00", "2024-05-24T11:08:02+00:00", "2024-05-24T11:11:18+00:00", "2024-05-24T11:13:18+00:00", "2024-05-24T11:17:30+00:00", "2024-05-24T11:19:30+00:00", "2024-05-24T11:21:42+00:00", "2024-05-24T11:22:54+00:00", "2024-05-24T11:28:48+00:00", "2024-05-24T11:29:56+00:00", "2024-05-24T11:34:09+00:00", "2024-05-24T11:36:49+00:00", "2024-05-24T11:39:14+00:00", "2024-05-24T11:42:38+00:00", "2024-05-24T11:44:22+00:00", "2024-05-24T11:47:33+00:00", "2024-05-24T11:49:10+00:00", "2024-05-24T11:53:51+00:00", "2024-05-24T11:56:12+00:00", "2024-05-24T11:59:12+00:00", "2024-05-24T12:01:04+00:00", "2024-05-24T12:05:33+00:00", "2024-05-24T12:08:09+00:00", "2024-05-24T12:10:26+00:00", "2024-05-24T12:15:11+00:00", "2024-05-24T12:17:52+00:00", "2024-05-24T12:19:04+00:00", "2024-05-24T12:23:33+00:00", "2024-05-24T12:26:05+00:00", "2024-05-24T12:27:21+00:00", "2024-05-24T12:32:12+00:00", "2024-05-24T12:33:40+00:00", "2024-05-24T12:35:51+00:00", "2024-05-24T12:40:16+00:00", "2024-05-24T12:43:20+00:00", "2024-05-24T12:45:06+00:00", "2024-05-24T12:48:30+00:00", "2024-05-24T12:50:47+00:00", "2024-05-24T12:54:07+00:00", "2024-05-24T12:58:03+00:00", "2024-05-24T12:59:43+00:00", "2024-05-24T13:03:23+00:00", "2024-05-24T13:05:27+00:00", "2024-05-24T13:07:32+00:00", "2024-05-24T13:10:37+00:00", "2024-05-24T13:13:37+00:00", "2024-05-24T13:15:57+00:00", "2024-05-24T13:18:01+00:00", "2024-05-24T13:20:26+00:00", "2024-05-24T13:26:22+00:00", "2024-05-24T13:28:43+00:00", "2024-05-24T13:30:03+00:00", "2024-05-24T13:32:19+00:00", "2024-05-24T13:37:52+00:00", "2024-05-24T13:39:44+00:00", "2024-05-24T13:44:17+00:00", "2024-05-24T13:48:25+00:00", "2024-05-24T13:50:05+00:00", "2024-05-24T13:54:30+00:00", "2024-05-24T13:55:38+00:00", "2024-05-24T13:58:07+00:00", "2024-05-24T14:01:17+00:00", "2024-05-24T14:05:02+00:00", "2024-05-24T14:06:46+00:00", "2024-05-24T14:08:50+00:00", "2024-05-24T14:13:51+00:00", "2024-05-24T14:16:03+00:00", "2024-05-24T14:18:32+00:00", "2024-05-24T14:23:44+00:00", "2024-05-24T14:28:41+00:00", "2024-05-24T14:31:42+00:00", "2024-05-24T14:33:46+00:00", "2024-05-24T14:35:18+00:00", "2024-05-24T14:38:07+00:00", "2024-05-24T14:40:15+00:00", "2024-05-24T14:43:39+00:00", "2024-05-24T14:45:59+00:00", "2024-05-24T14:48:48+00:00", "2024-05-24T14:50:28+00:00", "2024-05-24T14:55:01+00:00", "2024-05-24T14:59:17+00:00", "2024-05-24T15:03:13+00:00", "2024-05-24T15:06:10+00:00", "2024-05-24T15:09:18+00:00", "2024-05-24T15:15:15+00:00", "2024-05-24T15:17:15+00:00", "2024-05-24T15:20:07+00:00", "2024-05-24T15:22:15+00:00", "2024-05-24T15:26:48+00:00", "2024-05-24T15:31:57+00:00", "2024-05-24T15:35:17+00:00", "2024-05-24T15:36:45+00:00", "2024-05-24T15:40:42+00:00", "2024-05-24T15:41:46+00:00", "2024-05-24T15:45:34+00:00", "2024-05-24T15:47:22+00:00", "2024-05-24T15:51:31+00:00", "2024-05-24T15:53:23+00:00", "2024-05-24T15:55:15+00:00", "2024-05-24T15:58:35+00:00", "2024-05-24T16:02:00+00:00", "2024-05-24T16:04:08+00:00", "2024-05-24T16:06:24+00:00", "2024-05-24T16:10:09+00:00", "2024-05-24T16:12:25+00:00", "2024-05-24T16:15:34+00:00", "2024-05-24T16:16:34+00:00", "2024-05-24T16:19:19+00:00", "2024-05-24T16:21:59+00:00", "2024-05-24T16:25:52+00:00", "2024-05-24T16:27:32+00:00", "2024-05-24T16:31:17+00:00", "2024-05-24T16:33:25+00:00", "2024-05-24T16:37:17+00:00", "2024-05-24T16:41:09+00:00", "2024-05-24T16:44:38+00:00", "2024-05-24T16:46:35+00:00", "2024-05-24T16:49:11+00:00", "2024-05-24T16:50:51+00:00", "2024-05-24T16:53:56+00:00", "2024-05-24T16:55:40+00:00", "2024-05-24T16:58:41+00:00", "2024-05-24T17:02:05+00:00", "2024-05-24T17:05:05+00:00", "2024-05-24T17:08:10+00:00", "2024-05-24T17:09:10+00:00", "2024-05-24T17:14:43+00:00", "2024-05-24T17:17:36+00:00", "2024-05-24T17:18:40+00:00", "2024-05-24T17:22:32+00:00", "2024-05-24T17:26:21+00:00", "2024-05-24T17:28:05+00:00", "2024-05-24T17:31:17+00:00", "2024-05-24T17:32:21+00:00", "2024-05-24T17:35:14+00:00", "2024-05-24T17:37:54+00:00", "2024-05-24T17:39:43+00:00", "2024-05-24T17:44:59+00:00", "2024-05-24T17:47:44+00:00", "2024-05-24T17:50:28+00:00", "2024-05-24T17:52:40+00:00", "2024-05-24T17:55:49+00:00", "2024-05-24T17:57:53+00:00", "2024-05-24T18:01:17+00:00", "2024-05-24T18:04:14+00:00", "2024-05-24T18:06:02+00:00", "2024-05-24T18:08:38+00:00", "2024-05-24T18:11:55+00:00", "2024-05-24T18:13:51+00:00", "2024-05-24T18:17:40+00:00", "2024-05-24T18:20:04+00:00", "2024-05-24T18:21:48+00:00", "2024-05-24T18:25:05+00:00", "2024-05-24T18:26:53+00:00", "2024-05-24T18:29:29+00:00", "2024-05-24T18:31:17+00:00", "2024-05-24T18:32:21+00:00", "2024-05-24T18:35:25+00:00", "2024-05-24T18:38:06+00:00", "2024-05-24T18:39:26+00:00", "2024-05-24T18:44:18+00:00", "2024-05-24T18:45:50+00:00", "2024-05-24T18:51:59+00:00", "2024-05-24T18:56:11+00:00", "2024-05-24T18:57:35+00:00", "2024-05-24T19:01:04+00:00", "2024-05-24T19:03:57+00:00", "2024-05-24T19:05:49+00:00", "2024-05-24T19:09:45+00:00", "2024-05-24T19:12:18+00:00", "2024-05-24T19:15:46+00:00", "2024-05-24T19:18:18+00:00", "2024-05-24T19:22:15+00:00", "2024-05-24T19:24:11+00:00", "2024-05-24T19:27:43+00:00", "2024-05-24T19:31:16+00:00", "2024-05-24T19:35:20+00:00", "2024-05-24T19:37:09+00:00", "2024-05-24T19:40:13+00:00", "2024-05-24T19:41:41+00:00", "2024-05-24T19:46:02+00:00", "2024-05-24T19:47:38+00:00", "2024-05-24T19:49:30+00:00", "2024-05-24T19:51:34+00:00", "2024-05-24T19:56:19+00:00", "2024-05-24T19:58:19+00:00", "2024-05-24T20:01:47+00:00", "2024-05-24T20:03:23+00:00", "2024-05-24T20:04:59+00:00", "2024-05-24T20:08:52+00:00", "2024-05-24T20:10:04+00:00", "2024-05-24T20:14:52+00:00", "2024-05-24T20:17:33+00:00", "2024-05-24T20:20:41+00:00", "2024-05-24T20:23:13+00:00", "2024-05-24T20:25:58+00:00", "2024-05-24T20:29:38+00:00", "2024-05-24T20:31:07+00:00", "2024-05-24T20:34:15+00:00", "2024-05-24T20:36:11+00:00", "2024-05-24T20:38:27+00:00", "2024-05-24T20:40:31+00:00", "2024-05-24T20:43:52+00:00", "2024-05-24T20:46:20+00:00", "2024-05-24T20:50:28+00:00", "2024-05-24T20:53:29+00:00", "2024-05-24T20:55:41+00:00", "2024-05-24T20:58:25+00:00", "2024-05-24T21:01:10+00:00", "2024-05-24T21:04:34+00:00", "2024-05-24T21:07:50+00:00", "2024-05-24T21:12:35+00:00", "2024-05-24T21:14:00+00:00", "2024-05-24T21:17:00+00:00", "2024-05-24T21:19:00+00:00", "2024-05-24T21:22:33+00:00", "2024-05-24T21:24:57+00:00", "2024-05-24T21:26:37+00:00", "2024-05-24T21:29:05+00:00", "2024-05-24T21:33:29+00:00", "2024-05-24T21:36:30+00:00", "2024-05-24T21:38:30+00:00", "2024-05-24T21:40:10+00:00", "2024-05-24T21:42:47+00:00", "2024-05-24T21:46:19+00:00", "2024-05-24T21:48:15+00:00", "2024-05-24T21:51:59+00:00", "2024-05-24T21:56:48+00:00", "2024-05-24T21:59:08+00:00", "2024-05-24T22:02:24+00:00", "2024-05-24T22:03:49+00:00", "2024-05-24T22:07:17+00:00", "2024-05-24T22:10:06+00:00", "2024-05-24T22:11:34+00:00", "2024-05-24T22:15:27+00:00", "2024-05-24T22:20:28+00:00", "2024-05-24T22:22:00+00:00", "2024-05-24T22:24:33+00:00", "2024-05-24T22:27:25+00:00", "2024-05-24T22:30:14+00:00", "2024-05-24T22:34:11+00:00", "2024-05-24T22:37:59+00:00", "2024-05-24T22:41:04+00:00", "2024-05-24T22:43:02+00:00", "2024-05-24T22:46:43+00:00", "2024-05-24T22:49:03+00:00", "2024-05-24T22:52:59+00:00", "2024-05-24T22:57:39+00:00", "2024-05-24T23:01:12+00:00", "2024-05-24T23:03:41+00:00", "2024-05-24T23:05:58+00:00", "2024-05-24T23:08:18+00:00", "2024-05-24T23:11:10+00:00", "2024-05-24T23:13:26+00:00", "2024-05-24T23:15:47+00:00", "2024-05-24T23:17:11+00:00", "2024-05-24T23:19:23+00:00", "2024-05-24T23:24:47+00:00", "2024-05-24T23:29:06+00:00", "2024-05-24T23:30:38+00:00", "2024-05-24T23:31:54+00:00", "2024-05-24T23:36:08+00:00", "2024-05-24T23:37:20+00:00", "2024-05-24T23:42:37+00:00", "2024-05-24T23:44:33+00:00", "2024-05-24T23:47:13+00:00", "2024-05-24T23:51:22+00:00", "2024-05-24T23:54:27+00:00", "2024-05-24T23:57:47+00:00", "2024-05-24T23:59:44+00:00", "2024-05-25T00:02:50+00:00", "2024-05-25T00:04:31+00:00", "2024-05-25T00:06:36+00:00", "2024-05-25T00:11:04+00:00", "2024-05-25T00:12:32+00:00", "2024-05-25T00:16:05+00:00", "2024-05-25T00:18:34+00:00", "2024-05-25T00:22:23+00:00", "2024-05-25T00:24:11+00:00", "2024-05-25T00:28:29+00:00", "2024-05-25T00:30:01+00:00", "2024-05-25T00:33:57+00:00", "2024-05-25T00:35:09+00:00", "2024-05-25T00:39:34+00:00", "2024-05-25T00:41:19+00:00", "2024-05-25T00:44:23+00:00", "2024-05-25T00:45:15+00:00", "2024-05-25T00:52:26+00:00", "2024-05-25T00:55:26+00:00", "2024-05-25T00:59:12+00:00", "2024-05-25T01:00:40+00:00", "2024-05-25T01:02:56+00:00", "2024-05-25T01:05:56+00:00", "2024-05-25T01:10:30+00:00", "2024-05-25T01:15:07+00:00", "2024-05-25T01:18:11+00:00", "2024-05-25T01:20:12+00:00", "2024-05-25T01:23:45+00:00", "2024-05-25T01:26:25+00:00", "2024-05-25T01:29:13+00:00", "2024-05-25T01:34:50+00:00", "2024-05-25T01:36:43+00:00", "2024-05-25T01:39:03+00:00", "2024-05-25T01:42:51+00:00", "2024-05-25T01:46:00+00:00", "2024-05-25T01:49:53+00:00", "2024-05-25T01:51:21+00:00", "2024-05-25T01:57:50+00:00", "2024-05-25T02:01:55+00:00", "2024-05-25T02:06:40+00:00", "2024-05-25T02:09:40+00:00", "2024-05-25T02:11:17+00:00", "2024-05-25T02:13:53+00:00", "2024-05-25T02:19:09+00:00", "2024-05-25T02:23:10+00:00", "2024-05-25T02:25:10+00:00", "2024-05-25T02:28:30+00:00", "2024-05-25T02:30:19+00:00", "2024-05-25T02:37:03+00:00", "2024-05-25T02:40:35+00:00", "2024-05-25T02:43:24+00:00", "2024-05-25T02:45:08+00:00", "2024-05-25T02:49:41+00:00", "2024-05-25T02:51:05+00:00", "2024-05-25T02:54:01+00:00", "2024-05-25T02:59:26+00:00", "2024-05-25T03:01:34+00:00", "2024-05-25T03:05:30+00:00", "2024-05-25T03:09:39+00:00", "2024-05-25T03:11:11+00:00", "2024-05-25T03:14:55+00:00", "2024-05-25T03:19:44+00:00", "2024-05-25T03:21:53+00:00", "2024-05-25T03:23:41+00:00", "2024-05-25T03:27:25+00:00", "2024-05-25T03:30:06+00:00", "2024-05-25T03:31:46+00:00", "2024-05-25T03:35:30+00:00", "2024-05-25T03:36:31+00:00", "2024-05-25T03:41:27+00:00", "2024-05-25T03:43:11+00:00", "2024-05-25T03:45:44+00:00", "2024-05-25T03:48:04+00:00", "2024-05-25T03:49:44+00:00", "2024-05-25T03:51:56+00:00", "2024-05-25T03:56:17+00:00", "2024-05-25T03:58:21+00:00", "2024-05-25T04:01:58+00:00", "2024-05-25T04:05:06+00:00", "2024-05-25T04:07:11+00:00", "2024-05-25T04:10:15+00:00", "2024-05-25T04:12:08+00:00", "2024-05-25T04:15:08+00:00", "2024-05-25T04:18:00+00:00", "2024-05-25T04:21:53+00:00", "2024-05-25T04:23:49+00:00", "2024-05-25T04:26:25+00:00", "2024-05-25T04:29:06+00:00", "2024-05-25T04:33:23+00:00", "2024-05-25T04:36:37+00:00", "2024-05-25T04:37:57+00:00", "2024-05-25T04:40:45+00:00", "2024-05-25T04:44:21+00:00", "2024-05-25T04:46:14+00:00", "2024-05-25T04:48:38+00:00", "2024-05-25T04:52:46+00:00", "2024-05-25T04:54:43+00:00", "2024-05-25T04:55:51+00:00", "2024-05-25T04:59:36+00:00", "2024-05-25T05:02:08+00:00", "2024-05-25T05:05:28+00:00", "2024-05-25T05:07:13+00:00", "2024-05-25T05:09:15+00:00", "2024-05-25T05:11:55+00:00", "2024-05-25T05:16:16+00:00", "2024-05-25T05:18:44+00:00", "2024-05-25T05:21:21+00:00", "2024-05-25T05:24:45+00:00", "2024-05-25T05:27:50+00:00", "2024-05-25T05:29:38+00:00", "2024-05-25T05:32:06+00:00", "2024-05-25T05:36:11+00:00", "2024-05-25T05:38:35+00:00", "2024-05-25T05:40:12+00:00", "2024-05-25T05:42:21+00:00", "2024-05-25T05:46:01+00:00", "2024-05-25T05:47:45+00:00", "2024-05-25T05:51:21+00:00", "2024-05-25T05:54:14+00:00", "2024-05-25T05:56:50+00:00", "2024-05-25T05:58:38+00:00", "2024-05-25T06:03:19+00:00", "2024-05-25T06:06:23+00:00", "2024-05-25T06:07:35+00:00", "2024-05-25T06:10:03+00:00", "2024-05-25T06:12:52+00:00", "2024-05-25T06:14:32+00:00", "2024-05-25T06:16:12+00:00", "2024-05-25T06:19:33+00:00", "2024-05-25T06:21:29+00:00", "2024-05-25T06:24:10+00:00", "2024-05-25T06:26:34+00:00", "2024-05-25T06:30:22+00:00", "2024-05-25T06:33:43+00:00", "2024-05-25T06:35:35+00:00", "2024-05-25T06:36:55+00:00", "2024-05-25T06:39:23+00:00", "2024-05-25T06:42:39+00:00", "2024-05-25T06:44:16+00:00", "2024-05-25T06:48:56+00:00", "2024-05-25T06:50:24+00:00", "2024-05-25T06:52:53+00:00", "2024-05-25T06:54:45+00:00", "2024-05-25T06:56:53+00:00", "2024-05-25T06:59:09+00:00", "2024-05-25T07:02:42+00:00", "2024-05-25T07:04:10+00:00", "2024-05-25T07:07:18+00:00", "2024-05-25T07:09:14+00:00", "2024-05-25T07:15:55+00:00", "2024-05-25T07:17:28+00:00", "2024-05-25T07:22:09+00:00", "2024-05-25T07:25:05+00:00", "2024-05-25T07:27:33+00:00", "2024-05-25T07:28:37+00:00", "2024-05-25T07:31:33+00:00", "2024-05-25T07:34:18+00:00", "2024-05-25T07:40:19+00:00", "2024-05-25T07:42:48+00:00", "2024-05-25T07:46:08+00:00", "2024-05-25T07:50:22+00:00", "2024-05-25T07:53:13+00:00", "2024-05-25T07:55:22+00:00", "2024-05-25T07:59:44+00:00", "2024-05-25T08:01:16+00:00", "2024-05-25T08:04:46+00:00", "2024-05-25T08:07:00+00:00", "2024-05-25T08:09:44+00:00", "2024-05-25T08:11:53+00:00", "2024-05-25T08:15:36+00:00", "2024-05-25T08:20:46+00:00", "2024-05-25T08:23:14+00:00", "2024-05-25T08:25:43+00:00", "2024-05-25T08:27:31+00:00", "2024-05-25T08:30:40+00:00", "2024-05-25T08:33:08+00:00", "2024-05-25T08:38:40+00:00", "2024-05-25T08:41:33+00:00", "2024-05-25T08:45:05+00:00", "2024-05-25T08:46:37+00:00", "2024-05-25T08:51:33+00:00", "2024-05-25T08:54:34+00:00", "2024-05-25T08:59:02+00:00", "2024-05-25T09:01:15+00:00", "2024-05-25T09:03:43+00:00", "2024-05-25T09:04:43+00:00", "2024-05-25T09:08:36+00:00", "2024-05-25T09:10:16+00:00", "2024-05-25T09:14:45+00:00", "2024-05-25T09:16:37+00:00", "2024-05-25T09:18:59+00:00", "2024-05-25T09:22:04+00:00", "2024-05-25T09:23:24+00:00", "2024-05-25T09:25:24+00:00", "2024-05-25T09:27:40+00:00", "2024-05-25T09:29:25+00:00", "2024-05-25T09:34:53+00:00", "2024-05-25T09:37:33+00:00", "2024-05-25T09:42:29+00:00", "2024-05-25T09:43:29+00:00", "2024-05-25T09:47:10+00:00", "2024-05-25T09:51:30+00:00", "2024-05-25T09:53:54+00:00", "2024-05-25T09:55:58+00:00", "2024-05-25T10:00:11+00:00", "2024-05-25T10:01:59+00:00", "2024-05-25T10:04:15+00:00", "2024-05-25T10:08:07+00:00", "2024-05-25T10:10:40+00:00", "2024-05-25T10:16:04+00:00", "2024-05-25T10:19:21+00:00", "2024-05-25T10:21:29+00:00", "2024-05-25T10:25:50+00:00", "2024-05-25T10:27:50+00:00", "2024-05-25T10:30:34+00:00", "2024-05-25T10:34:50+00:00", "2024-05-25T10:36:54+00:00", "2024-05-25T10:42:52+00:00", "2024-05-25T10:43:49+00:00", "2024-05-25T10:46:17+00:00", "2024-05-25T10:49:10+00:00", "2024-05-25T10:52:09+00:00", "2024-05-25T10:53:57+00:00", "2024-05-25T10:56:27+00:00", "2024-05-25T10:59:16+00:00", "2024-05-25T11:02:41+00:00", "2024-05-25T11:06:26+00:00", "2024-05-25T11:11:10+00:00", "2024-05-25T11:15:17+00:00", "2024-05-25T11:18:41+00:00", "2024-05-25T11:22:42+00:00", "2024-05-25T11:24:26+00:00", "2024-05-25T11:29:14+00:00", "2024-05-25T11:31:46+00:00", "2024-05-25T11:36:58+00:00", "2024-05-25T11:38:47+00:00", "2024-05-25T11:41:21+00:00", "2024-05-25T11:44:41+00:00", "2024-05-25T11:49:33+00:00", "2024-05-25T11:51:45+00:00", "2024-05-25T11:55:19+00:00", "2024-05-25T11:59:07+00:00", "2024-05-25T12:02:31+00:00", "2024-05-25T12:05:44+00:00", "2024-05-25T12:09:24+00:00", "2024-05-25T12:12:32+00:00", "2024-05-25T12:16:08+00:00", "2024-05-25T12:18:06+00:00", "2024-05-25T12:21:05+00:00", "2024-05-25T12:24:57+00:00", "2024-05-25T12:29:57+00:00", "2024-05-25T12:32:34+00:00", "2024-05-25T12:37:31+00:00", "2024-05-25T12:41:12+00:00", "2024-05-25T12:45:35+00:00", "2024-05-25T12:50:53+00:00", "2024-05-25T12:52:22+00:00", "2024-05-25T12:56:39+00:00", "2024-05-25T12:58:36+00:00", "2024-05-25T13:00:36+00:00", "2024-05-25T13:03:00+00:00", "2024-05-25T13:06:05+00:00", "2024-05-25T13:10:05+00:00", "2024-05-25T13:13:02+00:00", "2024-05-25T13:14:50+00:00", "2024-05-25T13:17:22+00:00", "2024-05-25T13:21:03+00:00", "2024-05-25T13:23:31+00:00", "2024-05-25T13:27:12+00:00", "2024-05-25T13:29:00+00:00", "2024-05-25T13:32:36+00:00", "2024-05-25T13:34:56+00:00", "2024-05-25T13:38:37+00:00", "2024-05-25T13:42:33+00:00", "2024-05-25T13:46:17+00:00", "2024-05-25T13:52:10+00:00", "2024-05-25T13:55:55+00:00", "2024-05-25T13:59:00+00:00", "2024-05-25T14:01:57+00:00", "2024-05-25T14:04:09+00:00", "2024-05-25T14:06:21+00:00", "2024-05-25T14:09:37+00:00", "2024-05-25T14:12:58+00:00", "2024-05-25T14:14:38+00:00", "2024-05-25T14:17:22+00:00", "2024-05-25T14:23:22+00:00", "2024-05-25T14:26:23+00:00", "2024-05-25T14:28:03+00:00", "2024-05-25T14:29:31+00:00", "2024-05-25T14:32:07+00:00", "2024-05-25T14:34:12+00:00", "2024-05-25T14:37:52+00:00", "2024-05-25T14:40:44+00:00", "2024-05-25T14:43:01+00:00", "2024-05-25T14:43:57+00:00", "2024-05-25T14:45:45+00:00", "2024-05-25T14:47:13+00:00", "2024-05-25T14:49:10+00:00", "2024-05-25T14:50:06+00:00", "2024-05-25T14:52:54+00:00", "2024-05-25T14:53:46+00:00", "2024-05-25T14:56:18+00:00", "2024-05-25T14:58:22+00:00", "2024-05-25T14:59:58+00:00", "2024-05-25T15:01:14+00:00", "2024-05-25T15:03:11+00:00", "2024-05-25T15:04:55+00:00", "2024-05-25T15:06:23+00:00", "2024-05-25T15:08:51+00:00", "2024-05-25T15:10:40+00:00", "2024-05-25T15:11:00+00:00", "2024-05-25T15:14:56+00:00", "2024-05-25T15:16:49+00:00", "2024-05-25T15:19:09+00:00", "2024-05-25T15:20:33+00:00", "2024-05-25T15:23:49+00:00", "2024-05-25T15:25:29+00:00", "2024-05-25T15:28:10+00:00", "2024-05-25T15:30:06+00:00", "2024-05-25T15:35:14+00:00", "2024-05-25T15:36:50+00:00", "2024-05-25T15:39:55+00:00", "2024-05-25T15:42:20+00:00", "2024-05-25T15:44:12+00:00", "2024-05-25T15:47:05+00:00", "2024-05-25T15:49:25+00:00", "2024-05-25T15:51:53+00:00", "2024-05-25T15:53:21+00:00", "2024-05-25T15:56:21+00:00", "2024-05-25T15:57:45+00:00", "2024-05-25T15:59:46+00:00", "2024-05-25T16:01:10+00:00", "2024-05-25T16:04:30+00:00", "2024-05-25T16:06:34+00:00", "2024-05-25T16:10:27+00:00", "2024-05-25T16:12:51+00:00", "2024-05-25T16:15:15+00:00", "2024-05-25T16:17:47+00:00", "2024-05-25T16:19:24+00:00", "2024-05-25T16:21:45+00:00", "2024-05-25T16:23:33+00:00", "2024-05-25T16:27:17+00:00", "2024-05-25T16:29:34+00:00", "2024-05-25T16:31:10+00:00", "2024-05-25T16:33:34+00:00", "2024-05-25T16:35:10+00:00", "2024-05-25T16:36:30+00:00", "2024-05-25T16:38:26+00:00", "2024-05-25T16:41:27+00:00", "2024-05-25T16:44:35+00:00", "2024-05-25T16:47:47+00:00", "2024-05-25T16:50:15+00:00", "2024-05-25T16:52:56+00:00", "2024-05-25T16:55:00+00:00", "2024-05-25T16:58:20+00:00", "2024-05-25T17:02:01+00:00", "2024-05-25T17:02:41+00:00", "2024-05-25T17:05:25+00:00", "2024-05-25T17:08:41+00:00", "2024-05-25T17:12:06+00:00", "2024-05-25T17:14:46+00:00", "2024-05-25T17:16:39+00:00", "2024-05-25T17:21:51+00:00", "2024-05-25T17:24:08+00:00", "2024-05-25T17:25:20+00:00", "2024-05-25T17:29:32+00:00", "2024-05-25T17:31:08+00:00", "2024-05-25T17:34:01+00:00", "2024-05-25T17:37:41+00:00", "2024-05-25T17:39:33+00:00", "2024-05-25T17:42:50+00:00", "2024-05-25T17:45:06+00:00", "2024-05-25T17:47:30+00:00", "2024-05-25T17:49:30+00:00", "2024-05-25T17:51:55+00:00", "2024-05-25T17:53:55+00:00", "2024-05-25T17:55:35+00:00", "2024-05-25T17:57:39+00:00", "2024-05-25T17:59:59+00:00", "2024-05-25T18:02:07+00:00", "2024-05-25T18:03:27+00:00", "2024-05-25T18:06:40+00:00", "2024-05-25T18:09:28+00:00", "2024-05-25T18:11:16+00:00", "2024-05-25T18:13:57+00:00", "2024-05-25T18:15:49+00:00", "2024-05-25T18:17:53+00:00", "2024-05-25T18:19:41+00:00", "2024-05-25T18:21:21+00:00", "2024-05-25T18:23:30+00:00", "2024-05-25T18:26:18+00:00", "2024-05-25T18:28:42+00:00", "2024-05-25T18:30:50+00:00", "2024-05-25T18:33:31+00:00", "2024-05-25T18:35:07+00:00", "2024-05-25T18:37:31+00:00", "2024-05-25T18:39:51+00:00", "2024-05-25T18:40:35+00:00", "2024-05-25T18:43:28+00:00", "2024-05-25T18:46:28+00:00", "2024-05-25T18:49:12+00:00", "2024-05-25T18:52:37+00:00", "2024-05-25T18:56:29+00:00", "2024-05-25T19:00:42+00:00", "2024-05-25T19:04:59+00:00", "2024-05-25T19:08:19+00:00", "2024-05-25T19:10:39+00:00", "2024-05-25T19:12:44+00:00", "2024-05-25T19:17:04+00:00", "2024-05-25T19:19:20+00:00", "2024-05-25T19:23:37+00:00", "2024-05-25T19:25:21+00:00", "2024-05-25T19:29:21+00:00", "2024-05-25T19:32:21+00:00", "2024-05-25T19:35:09+00:00", "2024-05-25T19:38:54+00:00", "2024-05-25T19:42:22+00:00", "2024-05-25T19:47:10+00:00", "2024-05-25T19:48:22+00:00", "2024-05-25T19:51:15+00:00", "2024-05-25T19:57:15+00:00", "2024-05-25T20:00:56+00:00", "2024-05-25T20:03:56+00:00", "2024-05-25T20:06:36+00:00", "2024-05-25T20:11:56+00:00", "2024-05-25T20:15:00+00:00", "2024-05-25T20:16:53+00:00", "2024-05-25T20:19:57+00:00", "2024-05-25T20:22:18+00:00", "2024-05-25T20:24:14+00:00", "2024-05-25T20:27:35+00:00", "2024-05-25T20:28:35+00:00", "2024-05-25T20:35:00+00:00", "2024-05-25T20:37:40+00:00", "2024-05-25T20:40:29+00:00", "2024-05-25T20:44:17+00:00", "2024-05-25T20:45:30+00:00", "2024-05-25T20:47:10+00:00", "2024-05-25T20:51:19+00:00", "2024-05-25T20:55:55+00:00", "2024-05-25T20:59:28+00:00", "2024-05-25T21:03:16+00:00", "2024-05-25T21:07:09+00:00", "2024-05-25T21:08:29+00:00", "2024-05-25T21:12:50+00:00", "2024-05-25T21:15:02+00:00", "2024-05-25T21:20:06+00:00", "2024-05-25T21:23:43+00:00", "2024-05-25T21:25:07+00:00", "2024-05-25T21:29:16+00:00", "2024-05-25T21:33:00+00:00", "2024-05-25T21:36:17+00:00", "2024-05-25T21:41:45+00:00", "2024-05-25T21:46:14+00:00", "2024-05-25T21:49:34+00:00", "2024-05-25T21:53:14+00:00", "2024-05-25T21:55:11+00:00", "2024-05-25T21:59:36+00:00", "2024-05-25T22:01:08+00:00", "2024-05-25T22:03:23+00:00", "2024-05-25T22:08:24+00:00", "2024-05-25T22:08:52+00:00", "2024-05-25T22:16:38+00:00", "2024-05-25T22:18:59+00:00", "2024-05-25T22:23:15+00:00", "2024-05-25T22:31:52+00:00", "2024-05-25T22:38:00+00:00", "2024-05-25T22:43:45+00:00", "2024-05-25T22:45:45+00:00", "2024-05-25T22:53:01+00:00", "2024-05-25T22:55:57+00:00", "2024-05-25T23:03:34+00:00", "2024-05-25T23:05:40+00:00", "2024-05-25T23:09:43+00:00", "2024-05-25T23:10:23+00:00", "2024-05-25T23:19:08+00:00", "2024-05-25T23:24:24+00:00", "2024-05-25T23:26:18+00:00", "2024-05-25T23:38:48+00:00", "2024-05-25T23:46:13+00:00", "2024-05-25T23:51:54+00:00", "2024-05-25T23:55:19+00:00", "2024-05-25T23:59:16+00:00", "2024-05-26T00:03:40+00:00", "2024-05-26T00:10:02+00:00", "2024-05-26T00:18:08+00:00", "2024-05-26T00:23:28+00:00", "2024-05-26T00:27:33+00:00", "2024-05-26T00:30:13+00:00", "2024-05-26T00:34:46+00:00", "2024-05-26T00:37:23+00:00", "2024-05-26T00:39:31+00:00", "2024-05-26T00:40:39+00:00", "2024-05-26T00:42:28+00:00", "2024-05-26T00:44:08+00:00", "2024-05-26T11:51:15+00:00", "2024-05-27T00:41:40+00:00", "2024-05-27T00:42:56+00:00", "2024-05-27T00:45:20+00:00", "2024-05-27T00:47:25+00:00", "2024-05-27T00:49:17+00:00", "2024-05-27T00:51:29+00:00", "2024-05-27T00:54:17+00:00", "2024-05-27T00:55:57+00:00", "2024-05-27T01:03:41+00:00", "2024-05-27T01:06:22+00:00", "2024-05-27T01:12:28+00:00", "2024-05-27T01:17:37+00:00", "2024-05-27T01:21:25+00:00", "2024-05-27T01:24:42+00:00", "2024-05-27T01:26:14+00:00", "2024-05-27T01:30:50+00:00", "2024-05-27T01:34:50+00:00", "2024-05-27T01:35:38+00:00", "2024-05-27T01:38:22+00:00", "2024-05-27T01:41:27+00:00", "2024-05-27T01:43:31+00:00", "2024-05-27T01:47:35+00:00", "2024-05-27T01:52:44+00:00", "2024-05-27T01:56:28+00:00", "2024-05-27T02:01:45+00:00", "2024-05-27T02:03:21+00:00", "2024-05-27T02:08:30+00:00", "2024-05-27T02:09:14+00:00", "2024-05-27T02:13:24+00:00", "2024-05-27T02:16:48+00:00", "2024-05-27T02:17:36+00:00", "2024-05-27T02:19:28+00:00", "2024-05-27T02:21:12+00:00", "2024-05-27T02:22:49+00:00", "2024-05-27T02:25:09+00:00", "2024-05-27T02:28:01+00:00", "2024-05-27T02:34:14+00:00", "2024-05-27T02:35:54+00:00", "2024-05-27T02:39:06+00:00", "2024-05-27T02:48:51+00:00", "2024-05-27T02:55:27+00:00", "2024-05-27T02:59:00+00:00", "2024-05-27T03:02:25+00:00", "2024-05-27T03:08:50+00:00", "2024-05-27T03:13:26+00:00", "2024-05-27T03:17:38+00:00", "2024-05-27T03:23:23+00:00", "2024-05-27T03:26:07+00:00", "2024-05-27T03:32:35+00:00", "2024-05-27T03:34:55+00:00", "2024-05-27T03:37:56+00:00", "2024-05-27T03:43:12+00:00", "2024-05-27T03:45:20+00:00", "2024-05-27T03:54:01+00:00", "2024-05-27T03:59:05+00:00", "2024-05-27T04:00:45+00:00", "2024-05-27T04:06:58+00:00", "2024-05-27T04:14:58+00:00", "2024-05-27T04:20:26+00:00", "2024-05-27T04:23:39+00:00", "2024-05-27T04:28:31+00:00", "2024-05-27T04:30:11+00:00", "2024-05-27T04:35:37+00:00", "2024-05-27T04:40:26+00:00", "2024-05-27T04:44:44+00:00", "2024-05-27T04:47:21+00:00", "2024-05-27T04:57:39+00:00", "2024-05-27T05:00:45+00:00", "2024-05-27T05:06:30+00:00", "2024-05-27T05:08:38+00:00", "2024-05-27T05:13:31+00:00", "2024-05-27T05:21:04+00:00", "2024-05-27T05:26:44+00:00", "2024-05-27T05:33:45+00:00", "2024-05-27T05:36:22+00:00", "2024-05-27T05:46:31+00:00", "2024-05-27T05:51:28+00:00", "2024-05-27T05:57:28+00:00", "2024-05-27T06:02:09+00:00", "2024-05-27T06:04:13+00:00", "2024-05-27T06:10:54+00:00", "2024-05-27T06:19:28+00:00", "2024-05-27T06:20:01+00:00", "2024-05-27T06:21:34+00:00", "2024-05-27T06:25:52+00:00", "2024-05-27T06:30:01+00:00", "2024-05-27T06:34:05+00:00", "2024-05-27T06:39:35+00:00", "2024-05-27T06:47:00+00:00", "2024-05-27T06:48:24+00:00", "2024-05-27T06:50:21+00:00", "2024-05-27T06:55:21+00:00", "2024-05-27T07:04:53+00:00", "2024-05-27T07:07:22+00:00", "2024-05-27T07:13:00+00:00", "2024-05-27T07:16:09+00:00", "2024-05-27T07:18:37+00:00", "2024-05-27T07:21:42+00:00", "2024-05-27T07:26:19+00:00", "2024-05-27T07:26:51+00:00", "2024-05-27T07:31:28+00:00", "2024-05-27T07:34:49+00:00", "2024-05-27T07:38:19+00:00", "2024-05-27T07:38:59+00:00", "2024-05-27T07:43:45+00:00", "2024-05-27T07:46:25+00:00", "2024-05-27T07:48:53+00:00", "2024-05-27T07:49:45+00:00", "2024-05-27T07:56:07+00:00", "2024-05-27T07:57:47+00:00", "2024-05-27T08:02:43+00:00", "2024-05-27T08:04:51+00:00", "2024-05-27T08:15:41+00:00", "2024-05-27T08:19:42+00:00", "2024-05-27T08:22:45+00:00", "2024-05-27T08:25:37+00:00", "2024-05-27T08:29:36+00:00", "2024-05-27T08:36:40+00:00", "2024-05-27T08:41:12+00:00", "2024-05-27T08:42:32+00:00", "2024-05-27T08:48:18+00:00", "2024-05-27T08:59:43+00:00", "2024-05-27T09:02:40+00:00", "2024-05-27T09:07:58+00:00", "2024-05-27T09:15:55+00:00", "2024-05-27T09:18:44+00:00", "2024-05-27T09:22:05+00:00", "2024-05-27T09:25:29+00:00", "2024-05-27T09:29:45+00:00", "2024-05-27T09:30:53+00:00", "2024-05-27T09:32:33+00:00", "2024-05-27T09:34:09+00:00", "2024-05-27T09:40:30+00:00", "2024-05-27T09:42:42+00:00", "2024-05-27T09:54:07+00:00", "2024-05-27T10:03:59+00:00", "2024-05-27T10:07:59+00:00", "2024-05-27T10:10:17+00:00", "2024-05-27T10:18:22+00:00", "2024-05-27T10:27:54+00:00", "2024-05-27T10:37:11+00:00", "2024-05-27T10:48:00+00:00", "2024-05-27T10:52:56+00:00", "2024-05-27T11:02:38+00:00", "2024-05-27T11:10:38+00:00", "2024-05-27T11:13:26+00:00", "2024-05-27T11:15:10+00:00", "2024-05-27T11:24:21+00:00", "2024-05-27T11:30:02+00:00", "2024-05-27T11:37:22+00:00", "2024-05-27T11:43:47+00:00", "2024-05-27T11:50:31+00:00", "2024-05-27T11:54:57+00:00", "2024-05-27T12:00:04+00:00", "2024-05-27T12:05:27+00:00", "2024-05-27T12:11:00+00:00", "2024-05-27T12:18:48+00:00", "2024-05-27T12:21:14+00:00", "2024-05-27T12:27:35+00:00", "2024-05-27T12:32:59+00:00", "2024-05-27T12:35:48+00:00", "2024-05-27T12:44:18+00:00", "2024-05-27T12:48:02+00:00", "2024-05-27T12:52:43+00:00", "2024-05-27T12:57:51+00:00", "2024-05-27T13:03:36+00:00", "2024-05-27T13:06:04+00:00", "2024-05-27T13:10:56+00:00", "2024-05-27T13:12:09+00:00", "2024-05-27T13:19:05+00:00", "2024-05-27T13:25:19+00:00", "2024-05-27T13:31:36+00:00", "2024-05-27T13:37:00+00:00", "2024-05-27T13:42:42+00:00", "2024-05-27T13:43:42+00:00", "2024-05-27T13:48:38+00:00", "2024-05-27T13:56:59+00:00", "2024-05-27T14:00:47+00:00", "2024-05-27T14:03:43+00:00", "2024-05-27T14:09:24+00:00", "2024-05-27T14:11:48+00:00", "2024-05-27T14:14:16+00:00", "2024-05-27T14:16:28+00:00", "2024-05-27T14:18:29+00:00", "2024-05-27T14:20:49+00:00", "2024-05-27T14:23:01+00:00", "2024-05-27T14:26:17+00:00", "2024-05-27T14:27:22+00:00", "2024-05-27T14:32:02+00:00", "2024-05-27T14:34:34+00:00", "2024-05-27T14:38:35+00:00", "2024-05-27T14:39:47+00:00", "2024-05-27T14:44:23+00:00", "2024-05-27T14:47:24+00:00", "2024-05-27T14:50:28+00:00", "2024-05-27T14:54:45+00:00", "2024-05-27T14:59:53+00:00", "2024-05-27T15:03:10+00:00", "2024-05-27T15:06:18+00:00", "2024-05-27T15:09:19+00:00", "2024-05-27T15:12:24+00:00", "2024-05-27T15:14:24+00:00", "2024-05-27T15:18:13+00:00", "2024-05-27T15:19:13+00:00", "2024-05-27T15:25:10+00:00", "2024-05-27T15:31:43+00:00", "2024-05-27T15:34:29+00:00", "2024-05-27T15:41:54+00:00", "2024-05-27T15:43:49+00:00", "2024-05-27T15:49:03+00:00", "2024-05-27T15:56:20+00:00", "2024-05-27T16:00:11+00:00", "2024-05-27T16:05:10+00:00", "2024-05-27T16:07:26+00:00", "2024-05-27T16:12:21+00:00", "2024-05-27T16:20:27+00:00", "2024-05-27T16:21:55+00:00", "2024-05-27T16:24:19+00:00", "2024-05-27T16:31:23+00:00", "2024-05-27T16:33:34+00:00", "2024-05-27T16:36:19+00:00", "2024-05-27T16:38:27+00:00", "2024-05-27T16:45:57+00:00", "2024-05-27T16:49:24+00:00", "2024-05-27T16:56:02+00:00", "2024-05-27T17:00:03+00:00", "2024-05-27T17:09:13+00:00", "2024-05-27T17:13:59+00:00", "2024-05-27T17:18:58+00:00", "2024-05-27T17:24:50+00:00", "2024-05-27T17:29:02+00:00", "2024-05-27T17:34:19+00:00", "2024-05-27T17:39:40+00:00", "2024-05-27T17:42:27+00:00", "2024-05-27T17:47:32+00:00", "2024-05-27T17:50:55+00:00", "2024-05-27T17:58:41+00:00", "2024-05-27T18:00:36+00:00", "2024-05-27T18:10:45+00:00", "2024-05-27T18:12:27+00:00", "2024-05-27T18:18:00+00:00", "2024-05-27T18:19:36+00:00", "2024-05-27T18:24:22+00:00", "2024-05-27T18:28:01+00:00", "2024-05-27T18:31:42+00:00", "2024-05-27T18:35:59+00:00", "2024-05-27T18:36:43+00:00", "2024-05-27T18:41:46+00:00", "2024-05-27T18:43:37+00:00", "2024-05-27T18:48:15+00:00", "2024-05-27T18:52:13+00:00", "2024-05-27T18:57:33+00:00", "2024-05-27T19:00:20+00:00", "2024-05-27T19:03:51+00:00", "2024-05-27T19:04:24+00:00", "2024-05-27T19:09:28+00:00", "2024-05-27T19:10:34+00:00", "2024-05-27T19:14:39+00:00", "2024-05-27T19:17:35+00:00", "2024-05-27T19:22:09+00:00", "2024-05-27T19:23:27+00:00", "2024-05-27T19:27:52+00:00", "2024-05-27T19:34:49+00:00", "2024-05-27T19:39:06+00:00", "2024-05-27T19:42:58+00:00", "2024-05-27T19:47:11+00:00", "2024-05-27T19:50:44+00:00", "2024-05-27T19:51:12+00:00", "2024-05-27T19:56:41+00:00", "2024-05-27T20:00:01+00:00", "2024-05-27T20:02:01+00:00", "2024-05-27T20:05:14+00:00", "2024-05-27T20:08:26+00:00", "2024-05-27T20:15:03+00:00", "2024-05-27T20:18:12+00:00", "2024-05-27T20:22:52+00:00", "2024-05-27T20:25:36+00:00", "2024-05-27T20:29:25+00:00", "2024-05-27T20:32:21+00:00", "2024-05-27T20:36:18+00:00", "2024-05-27T20:38:15+00:00", "2024-05-27T20:42:27+00:00", "2024-05-27T20:49:29+00:00", "2024-05-27T20:53:17+00:00", "2024-05-27T20:57:58+00:00", "2024-05-27T21:00:14+00:00", "2024-05-27T21:03:59+00:00", "2024-05-27T21:06:11+00:00", "2024-05-27T21:10:20+00:00", "2024-05-27T21:15:29+00:00", "2024-05-27T21:21:06+00:00", "2024-05-27T21:25:27+00:00", "2024-05-27T21:30:39+00:00", "2024-05-27T21:34:44+00:00", "2024-05-27T21:38:00+00:00", "2024-05-27T21:42:13+00:00", "2024-05-27T21:47:30+00:00", "2024-05-27T21:52:55+00:00", "2024-05-27T21:57:51+00:00", "2024-05-27T22:04:21+00:00", "2024-05-27T22:10:46+00:00", "2024-05-27T22:17:35+00:00", "2024-05-27T22:19:56+00:00", "2024-05-27T22:25:37+00:00", "2024-05-27T22:28:49+00:00", "2024-05-27T22:33:50+00:00", "2024-05-27T22:39:28+00:00", "2024-05-27T22:48:46+00:00", "2024-05-27T22:53:15+00:00", "2024-05-27T22:58:59+00:00", "2024-05-27T23:05:08+00:00", "2024-05-27T23:11:32+00:00", "2024-05-27T23:13:37+00:00", "2024-05-27T23:25:14+00:00", "2024-05-27T23:32:28+00:00", "2024-05-27T23:40:56+00:00", "2024-05-27T23:47:09+00:00", "2024-05-27T23:51:29+00:00", "2024-05-28T00:06:08+00:00", "2024-05-28T00:15:49+00:00", "2024-05-28T00:20:18+00:00", "2024-05-28T00:27:02+00:00", "2024-05-28T00:33:03+00:00", "2024-05-28T00:34:07+00:00", "2024-05-28T00:34:59+00:00", "2024-05-28T00:41:18+00:00", "2024-05-28T00:43:10+00:00", "2024-05-28T00:45:31+00:00", "2024-05-28T00:51:31+00:00", "2024-05-28T00:55:16+00:00", "2024-05-28T00:59:34+00:00", "2024-05-28T01:01:53+00:00", "2024-05-28T01:09:22+00:00", "2024-05-28T01:16:28+00:00", "2024-05-28T01:18:25+00:00", "2024-05-28T01:24:53+00:00", "2024-05-28T01:26:13+00:00", "2024-05-28T01:32:35+00:00", "2024-05-28T01:34:03+00:00", "2024-05-28T01:37:08+00:00", "2024-05-28T01:39:49+00:00", "2024-05-28T01:42:06+00:00", "2024-05-28T01:45:07+00:00", "2024-05-28T01:47:15+00:00", "2024-05-28T01:48:40+00:00", "2024-05-28T01:51:48+00:00", "2024-05-28T01:54:53+00:00", "2024-05-28T01:58:14+00:00", "2024-05-28T02:01:46+00:00", "2024-05-28T02:04:54+00:00", "2024-05-28T02:07:39+00:00", "2024-05-28T02:10:36+00:00", "2024-05-28T02:11:52+00:00", "2024-05-28T02:15:57+00:00", "2024-05-28T02:19:57+00:00", "2024-05-28T02:23:22+00:00", "2024-05-28T02:26:46+00:00", "2024-05-28T02:30:39+00:00", "2024-05-28T02:34:05+00:00", "2024-05-28T02:35:33+00:00", "2024-05-28T02:38:57+00:00", "2024-05-28T02:42:42+00:00", "2024-05-28T02:44:50+00:00", "2024-05-28T02:48:55+00:00", "2024-05-28T02:50:43+00:00", "2024-05-28T02:53:31+00:00", "2024-05-28T02:56:28+00:00", "2024-05-28T03:01:16+00:00", "2024-05-28T03:05:44+00:00", "2024-05-28T03:09:09+00:00", "2024-05-28T03:19:10+00:00", "2024-05-28T03:21:46+00:00", "2024-05-28T03:23:27+00:00", "2024-05-28T03:29:59+00:00", "2024-05-28T03:34:16+00:00", "2024-05-28T03:36:08+00:00", "2024-05-28T03:39:49+00:00", "2024-05-28T03:42:02+00:00", "2024-05-28T03:44:50+00:00", "2024-05-28T03:48:30+00:00", "2024-05-28T03:50:14+00:00", "2024-05-28T03:52:27+00:00", "2024-05-28T03:55:48+00:00", "2024-05-28T03:57:32+00:00", "2024-05-28T04:00:40+00:00", "2024-05-28T04:02:45+00:00", "2024-05-28T04:05:01+00:00", "2024-05-28T04:06:33+00:00", "2024-05-28T04:08:57+00:00", "2024-05-28T04:11:30+00:00", "2024-05-28T04:13:34+00:00", "2024-05-28T04:16:06+00:00", "2024-05-28T04:19:12+00:00", "2024-05-28T04:20:52+00:00", "2024-05-28T04:23:52+00:00", "2024-05-28T04:28:01+00:00", "2024-05-28T04:31:37+00:00", "2024-05-28T04:33:37+00:00", "2024-05-28T04:37:43+00:00", "2024-05-28T04:39:39+00:00", "2024-05-28T04:41:39+00:00", "2024-05-28T04:43:51+00:00", "2024-05-28T04:45:56+00:00", "2024-05-28T04:48:25+00:00", "2024-05-28T04:50:29+00:00", "2024-05-28T04:52:29+00:00", "2024-05-28T04:55:29+00:00", "2024-05-28T04:57:53+00:00", "2024-05-28T05:00:05+00:00", "2024-05-28T05:02:29+00:00", "2024-05-28T05:05:50+00:00", "2024-05-28T05:07:18+00:00", "2024-05-28T05:11:03+00:00", "2024-05-28T05:12:27+00:00", "2024-05-28T05:14:11+00:00", "2024-05-28T05:16:31+00:00", "2024-05-28T05:17:59+00:00", "2024-05-28T05:21:17+00:00", "2024-05-28T05:24:33+00:00", "2024-05-28T05:26:25+00:00", "2024-05-28T05:28:09+00:00", "2024-05-28T05:30:34+00:00", "2024-05-28T05:33:50+00:00", "2024-05-28T05:37:14+00:00", "2024-05-28T05:41:55+00:00", "2024-05-28T05:44:11+00:00", "2024-05-28T05:46:03+00:00", "2024-05-28T05:48:51+00:00", "2024-05-28T05:52:15+00:00", "2024-05-28T05:53:47+00:00", "2024-05-28T05:56:12+00:00", "2024-05-28T05:57:40+00:00", "2024-05-28T06:05:42+00:00", "2024-05-28T06:07:58+00:00", "2024-05-28T06:17:15+00:00", "2024-05-28T06:24:32+00:00", "2024-05-28T06:29:04+00:00", "2024-05-28T06:33:09+00:00", "2024-05-28T06:38:01+00:00", "2024-05-28T06:41:50+00:00", "2024-05-28T06:46:02+00:00", "2024-05-28T06:50:26+00:00", "2024-05-28T06:52:19+00:00", "2024-05-28T06:57:12+00:00", "2024-05-28T06:59:16+00:00", "2024-05-28T07:02:09+00:00", "2024-05-28T07:05:57+00:00", "2024-05-28T07:08:01+00:00", "2024-05-28T07:10:42+00:00", "2024-05-28T07:16:54+00:00", "2024-05-28T07:21:39+00:00", "2024-05-28T07:27:15+00:00", "2024-05-28T07:30:15+00:00", "2024-05-28T07:37:21+00:00", "2024-05-28T07:40:01+00:00", "2024-05-28T07:41:01+00:00", "2024-05-28T07:45:42+00:00", "2024-05-28T07:50:06+00:00", "2024-05-28T07:50:42+00:00", "2024-05-28T07:55:44+00:00", "2024-05-28T07:57:56+00:00", "2024-05-28T08:00:57+00:00", "2024-05-28T08:02:45+00:00", "2024-05-28T08:07:41+00:00", "2024-05-28T08:09:33+00:00", "2024-05-28T08:12:10+00:00", "2024-05-28T08:13:34+00:00", "2024-05-28T08:15:58+00:00", "2024-05-28T08:19:18+00:00", "2024-05-28T08:20:26+00:00", "2024-05-28T08:22:55+00:00", "2024-05-28T08:25:43+00:00", "2024-05-28T08:26:39+00:00", "2024-05-28T08:29:23+00:00", "2024-05-28T08:32:56+00:00", "2024-05-28T08:34:28+00:00", "2024-05-28T08:37:20+00:00", "2024-05-28T08:39:12+00:00", "2024-05-28T08:44:33+00:00", "2024-05-28T08:46:09+00:00", "2024-05-28T08:47:13+00:00", "2024-05-28T08:51:02+00:00", "2024-05-28T08:51:46+00:00", "2024-05-28T08:53:34+00:00", "2024-05-28T08:55:10+00:00", "2024-05-28T08:56:50+00:00", "2024-05-28T08:58:50+00:00", "2024-05-28T09:02:35+00:00", "2024-05-28T09:04:15+00:00", "2024-05-28T09:06:15+00:00", "2024-05-28T09:08:19+00:00", "2024-05-28T09:11:44+00:00", "2024-05-28T09:14:00+00:00", "2024-05-28T09:15:44+00:00", "2024-05-28T09:17:28+00:00", "2024-05-28T09:20:24+00:00", "2024-05-28T09:21:57+00:00", "2024-05-28T09:23:57+00:00", "2024-05-28T09:26:29+00:00", "2024-05-28T09:28:33+00:00", "2024-05-28T09:30:13+00:00", "2024-05-28T09:32:54+00:00", "2024-05-28T09:33:50+00:00", "2024-05-28T09:37:34+00:00", "2024-05-28T09:38:34+00:00", "2024-05-28T09:42:11+00:00", "2024-05-28T09:43:39+00:00", "2024-05-28T09:46:11+00:00", "2024-05-28T09:47:47+00:00", "2024-05-28T09:49:19+00:00", "2024-05-28T09:52:36+00:00", "2024-05-28T09:54:24+00:00", "2024-05-28T09:56:00+00:00", "2024-05-28T10:00:32+00:00", "2024-05-28T10:02:01+00:00", "2024-05-28T10:04:09+00:00", "2024-05-28T10:07:29+00:00", "2024-05-28T10:09:02+00:00", "2024-05-28T10:12:30+00:00", "2024-05-28T10:14:38+00:00", "2024-05-28T10:16:43+00:00", "2024-05-28T10:18:35+00:00", "2024-05-28T10:22:07+00:00", "2024-05-28T10:25:32+00:00", "2024-05-28T10:26:52+00:00", "2024-05-28T10:30:32+00:00", "2024-05-28T10:33:13+00:00", "2024-05-28T10:35:05+00:00", "2024-05-28T10:38:42+00:00", "2024-05-28T10:39:30+00:00", "2024-05-28T10:41:43+00:00", "2024-05-28T10:43:51+00:00", "2024-05-28T10:46:15+00:00", "2024-05-28T10:48:20+00:00", "2024-05-28T10:50:08+00:00", "2024-05-28T10:53:24+00:00", "2024-05-28T10:56:08+00:00", "2024-05-28T10:57:08+00:00", "2024-05-28T10:59:40+00:00", "2024-05-28T11:01:12+00:00", "2024-05-28T11:02:24+00:00", "2024-05-28T11:05:12+00:00", "2024-05-28T11:06:16+00:00", "2024-05-28T11:12:34+00:00", "2024-05-28T11:13:30+00:00", "2024-05-28T11:14:46+00:00", "2024-05-28T11:18:38+00:00", "2024-05-28T11:20:26+00:00", "2024-05-28T11:21:54+00:00", "2024-05-28T11:25:22+00:00", "2024-05-28T11:28:55+00:00", "2024-05-28T11:29:51+00:00", "2024-05-28T11:31:11+00:00", "2024-05-28T11:33:27+00:00", "2024-05-28T11:35:47+00:00", "2024-05-28T11:36:59+00:00", "2024-05-28T11:38:35+00:00", "2024-05-28T11:41:32+00:00", "2024-05-28T11:42:05+00:00", "2024-05-28T11:43:41+00:00", "2024-05-28T11:44:57+00:00", "2024-05-28T11:46:41+00:00", "2024-05-28T11:48:38+00:00", "2024-05-28T11:50:14+00:00", "2024-05-28T11:52:42+00:00", "2024-05-28T11:54:18+00:00", "2024-05-28T11:56:38+00:00", "2024-05-28T11:58:46+00:00", "2024-05-28T12:00:22+00:00", "2024-05-28T12:03:31+00:00", "2024-05-28T12:05:00+00:00", "2024-05-28T12:10:16+00:00", "2024-05-28T12:12:04+00:00", "2024-05-28T12:14:49+00:00", "2024-05-28T12:16:05+00:00", "2024-05-28T12:18:58+00:00", "2024-05-28T12:20:34+00:00", "2024-05-28T12:22:18+00:00", "2024-05-28T12:24:27+00:00", "2024-05-28T12:27:48+00:00", "2024-05-28T12:30:17+00:00", "2024-05-28T12:33:29+00:00", "2024-05-28T12:36:30+00:00", "2024-05-28T12:38:42+00:00", "2024-05-28T12:40:38+00:00", "2024-05-28T12:42:42+00:00", "2024-05-28T12:44:23+00:00", "2024-05-28T12:45:28+00:00", "2024-05-28T12:47:08+00:00", "2024-05-28T12:49:56+00:00", "2024-05-28T12:51:04+00:00", "2024-05-28T12:52:32+00:00", "2024-05-28T12:54:13+00:00", "2024-05-28T12:55:49+00:00", "2024-05-28T12:58:57+00:00", "2024-05-28T13:00:37+00:00", "2024-05-28T13:02:57+00:00", "2024-05-28T13:06:06+00:00", "2024-05-28T13:07:26+00:00", "2024-05-28T13:09:30+00:00", "2024-05-28T13:12:06+00:00", "2024-05-28T13:14:02+00:00", "2024-05-28T13:15:35+00:00", "2024-05-28T13:18:23+00:00", "2024-05-28T13:20:47+00:00", "2024-05-28T13:21:39+00:00", "2024-05-28T13:23:27+00:00", "2024-05-28T13:26:40+00:00", "2024-05-28T13:28:08+00:00", "2024-05-28T13:30:16+00:00", "2024-05-28T13:32:37+00:00", "2024-05-28T13:36:01+00:00", "2024-05-28T13:38:22+00:00", "2024-05-28T13:41:03+00:00", "2024-05-28T13:42:43+00:00", "2024-05-28T13:46:15+00:00", "2024-05-28T13:49:32+00:00", "2024-05-28T13:51:44+00:00", "2024-05-28T13:55:00+00:00", "2024-05-28T13:57:49+00:00", "2024-05-28T14:00:45+00:00", "2024-05-28T14:02:09+00:00", "2024-05-28T14:03:29+00:00", "2024-05-28T14:06:01+00:00", "2024-05-28T14:11:34+00:00", "2024-05-28T14:13:10+00:00", "2024-05-28T14:17:27+00:00", "2024-05-28T14:19:47+00:00", "2024-05-28T14:21:59+00:00", "2024-05-28T14:26:28+00:00", "2024-05-28T14:28:56+00:00", "2024-05-28T14:30:48+00:00", "2024-05-28T14:33:21+00:00", "2024-05-28T14:35:57+00:00", "2024-05-28T14:39:17+00:00", "2024-05-28T14:42:05+00:00", "2024-05-28T14:45:22+00:00", "2024-05-28T14:47:10+00:00", "2024-05-28T14:48:54+00:00", "2024-05-28T14:52:06+00:00", "2024-05-28T14:55:39+00:00", "2024-05-28T14:57:59+00:00", "2024-05-28T15:00:03+00:00", "2024-05-28T15:04:36+00:00", "2024-05-28T15:06:32+00:00", "2024-05-28T15:08:16+00:00", "2024-05-28T15:11:16+00:00", "2024-05-28T15:15:33+00:00", "2024-05-28T15:17:49+00:00", "2024-05-28T15:19:53+00:00", "2024-05-28T15:21:09+00:00", "2024-05-28T15:23:06+00:00", "2024-05-28T15:25:02+00:00", "2024-05-28T15:27:18+00:00", "2024-05-28T15:31:14+00:00", "2024-05-28T15:31:58+00:00", "2024-05-28T15:34:15+00:00", "2024-05-28T15:35:27+00:00", "2024-05-28T15:39:36+00:00", "2024-05-28T15:40:48+00:00", "2024-05-28T15:43:04+00:00", "2024-05-28T15:46:49+00:00", "2024-05-28T15:47:49+00:00", "2024-05-28T15:50:38+00:00", "2024-05-28T15:54:54+00:00", "2024-05-28T15:57:26+00:00", "2024-05-28T15:59:34+00:00", "2024-05-28T16:02:55+00:00", "2024-05-28T16:04:55+00:00", "2024-05-28T16:07:07+00:00", "2024-05-28T16:08:59+00:00", "2024-05-28T16:11:16+00:00", "2024-05-28T16:14:28+00:00", "2024-05-28T16:16:00+00:00", "2024-05-28T16:19:56+00:00", "2024-05-28T16:21:41+00:00", "2024-05-28T16:23:41+00:00", "2024-05-28T16:25:17+00:00", "2024-05-28T16:30:50+00:00", "2024-05-28T16:31:38+00:00", "2024-05-28T16:33:58+00:00", "2024-05-28T16:36:19+00:00", "2024-05-28T16:39:11+00:00", "2024-05-28T16:41:32+00:00", "2024-05-28T16:44:04+00:00", "2024-05-28T16:45:40+00:00", "2024-05-28T16:48:24+00:00", "2024-05-28T16:51:45+00:00", "2024-05-28T16:55:01+00:00", "2024-05-28T16:56:18+00:00", "2024-05-28T16:57:54+00:00", "2024-05-28T17:00:46+00:00", "2024-05-28T17:05:11+00:00", "2024-05-28T17:07:11+00:00", "2024-05-28T17:09:19+00:00", "2024-05-28T17:11:39+00:00", "2024-05-28T17:17:32+00:00", "2024-05-28T17:20:20+00:00", "2024-05-28T17:21:56+00:00", "2024-05-28T17:26:09+00:00", "2024-05-28T17:28:21+00:00", "2024-05-28T17:30:41+00:00", "2024-05-28T17:32:01+00:00", "2024-05-28T17:33:53+00:00", "2024-05-28T17:36:26+00:00", "2024-05-28T17:38:18+00:00", "2024-05-28T17:41:54+00:00", "2024-05-28T17:44:26+00:00", "2024-05-28T17:46:26+00:00", "2024-05-28T17:48:27+00:00", "2024-05-28T17:51:35+00:00", "2024-05-28T17:54:59+00:00", "2024-05-28T17:57:11+00:00", "2024-05-28T18:01:08+00:00", "2024-05-28T18:02:56+00:00", "2024-05-28T18:05:28+00:00", "2024-05-28T18:07:08+00:00", "2024-05-28T18:10:00+00:00", "2024-05-28T18:14:53+00:00", "2024-05-28T18:16:45+00:00", "2024-05-28T18:21:14+00:00", "2024-05-28T18:25:27+00:00", "2024-05-28T18:28:00+00:00", "2024-05-28T18:29:24+00:00", "2024-05-28T18:32:13+00:00", "2024-05-28T18:37:49+00:00", "2024-05-28T18:39:21+00:00", "2024-05-28T18:43:38+00:00", "2024-05-28T18:44:58+00:00", "2024-05-28T18:48:35+00:00", "2024-05-28T18:51:44+00:00", "2024-05-28T18:55:52+00:00", "2024-05-28T18:57:16+00:00", "2024-05-28T19:00:00+00:00", "2024-05-28T19:03:53+00:00", "2024-05-28T19:05:29+00:00", "2024-05-28T19:07:13+00:00", "2024-05-28T19:09:29+00:00", "2024-05-28T19:12:34+00:00", "2024-05-28T19:14:38+00:00", "2024-05-28T19:18:14+00:00", "2024-05-28T19:22:23+00:00", "2024-05-28T19:24:59+00:00", "2024-05-28T19:28:07+00:00", "2024-05-28T19:32:00+00:00", "2024-05-28T19:35:16+00:00", "2024-05-28T19:39:17+00:00", "2024-05-28T19:42:17+00:00", "2024-05-28T19:44:41+00:00", "2024-05-28T19:46:46+00:00", "2024-05-28T19:50:22+00:00", "2024-05-28T19:52:46+00:00", "2024-05-28T19:55:23+00:00", "2024-05-28T19:59:27+00:00", "2024-05-28T20:03:08+00:00", "2024-05-28T20:05:36+00:00", "2024-05-28T20:07:28+00:00", "2024-05-28T20:10:20+00:00", "2024-05-28T20:12:52+00:00", "2024-05-28T20:17:45+00:00", "2024-05-28T20:21:33+00:00", "2024-05-28T20:24:49+00:00", "2024-05-28T20:27:14+00:00", "2024-05-28T20:29:06+00:00", "2024-05-28T20:32:30+00:00", "2024-05-28T20:35:06+00:00", "2024-05-28T20:39:43+00:00", "2024-05-28T20:41:35+00:00", "2024-05-28T20:45:00+00:00", "2024-05-28T20:50:08+00:00", "2024-05-28T20:52:57+00:00", "2024-05-28T20:54:13+00:00", "2024-05-28T20:59:25+00:00", "2024-05-28T21:01:18+00:00", "2024-05-28T21:05:02+00:00", "2024-05-28T21:07:18+00:00", "2024-05-28T21:08:55+00:00", "2024-05-28T21:11:31+00:00", "2024-05-28T21:12:35+00:00", "2024-05-28T21:13:40+00:00", "2024-05-28T21:14:36+00:00", "2024-05-28T21:16:16+00:00", "2024-05-28T21:17:28+00:00", "2024-05-28T21:19:24+00:00", "2024-05-28T21:20:08+00:00", "2024-05-28T21:21:28+00:00", "2024-05-28T21:23:33+00:00", "2024-05-28T21:24:17+00:00", "2024-05-28T21:27:41+00:00", "2024-05-28T21:29:33+00:00", "2024-05-28T21:32:29+00:00", "2024-05-28T21:36:26+00:00", "2024-05-28T21:38:18+00:00", "2024-05-28T21:40:06+00:00", "2024-05-28T21:44:11+00:00", "2024-05-28T21:45:07+00:00", "2024-05-28T21:49:48+00:00", "2024-05-28T21:51:40+00:00", "2024-05-28T21:57:41+00:00", "2024-05-28T22:00:05+00:00", "2024-05-28T22:01:33+00:00", "2024-05-28T22:04:37+00:00", "2024-05-28T22:07:50+00:00", "2024-05-28T22:10:35+00:00", "2024-05-28T22:13:15+00:00", "2024-05-28T22:16:23+00:00", "2024-05-28T22:18:36+00:00", "2024-05-28T22:22:17+00:00", "2024-05-28T22:24:17+00:00", "2024-05-28T22:28:09+00:00", "2024-05-28T22:30:13+00:00", "2024-05-28T22:31:42+00:00", "2024-05-28T22:37:06+00:00", "2024-05-28T22:38:02+00:00", "2024-05-28T22:39:46+00:00", "2024-05-28T22:42:55+00:00", "2024-05-28T22:44:11+00:00", "2024-05-28T22:47:08+00:00", "2024-05-28T22:48:36+00:00", "2024-05-28T22:50:28+00:00", "2024-05-28T22:52:28+00:00", "2024-05-28T22:53:53+00:00", "2024-05-28T22:56:03+00:00", "2024-05-28T22:58:35+00:00", "2024-05-28T23:00:15+00:00", "2024-05-28T23:01:31+00:00", "2024-05-28T23:03:28+00:00", "2024-05-28T23:05:17+00:00", "2024-05-28T23:07:05+00:00", "2024-05-28T23:09:22+00:00", "2024-05-28T23:10:58+00:00", "2024-05-28T23:13:27+00:00", "2024-05-28T23:14:35+00:00", "2024-05-28T23:17:00+00:00", "2024-05-28T23:19:32+00:00", "2024-05-28T23:22:18+00:00", "2024-05-28T23:23:43+00:00", "2024-05-28T23:25:27+00:00", "2024-05-28T23:27:20+00:00", "2024-05-28T23:29:32+00:00", "2024-05-28T23:31:04+00:00", "2024-05-28T23:32:08+00:00", "2024-05-28T23:34:04+00:00", "2024-05-28T23:36:09+00:00", "2024-05-28T23:38:29+00:00", "2024-05-28T23:40:17+00:00", "2024-05-28T23:42:29+00:00", "2024-05-28T23:44:58+00:00", "2024-05-28T23:46:54+00:00", "2024-05-28T23:48:46+00:00", "2024-05-28T23:51:23+00:00", "2024-05-28T23:52:19+00:00", "2024-05-28T23:55:55+00:00", "2024-05-28T23:57:19+00:00", "2024-05-28T23:58:31+00:00", "2024-05-29T00:01:32+00:00", "2024-05-29T00:03:04+00:00", "2024-05-29T00:04:12+00:00", "2024-05-29T00:06:28+00:00", "2024-05-29T00:08:08+00:00", "2024-05-29T00:10:53+00:00", "2024-05-29T00:13:37+00:00", "2024-05-29T00:14:53+00:00", "2024-05-29T00:16:22+00:00", "2024-05-29T00:18:10+00:00", "2024-05-29T00:20:18+00:00", "2024-05-29T00:22:02+00:00", "2024-05-29T00:23:38+00:00", "2024-05-29T00:25:43+00:00", "2024-05-29T00:27:43+00:00", "2024-05-29T00:30:43+00:00", "2024-05-29T00:32:07+00:00", "2024-05-29T00:33:55+00:00", "2024-05-29T00:35:40+00:00", "2024-05-29T00:37:08+00:00", "2024-05-29T00:38:44+00:00", "2024-05-29T00:40:28+00:00", "2024-05-29T00:42:24+00:00", "2024-05-29T00:43:52+00:00", "2024-05-29T00:45:45+00:00", "2024-05-29T00:47:17+00:00", "2024-05-29T00:49:17+00:00", "2024-05-29T00:51:01+00:00", "2024-05-29T00:53:33+00:00", "2024-05-29T00:55:58+00:00", "2024-05-29T00:57:34+00:00", "2024-05-29T00:59:10+00:00", "2024-05-29T01:01:14+00:00", "2024-05-29T01:03:34+00:00", "2024-05-29T01:05:15+00:00", "2024-05-29T01:06:51+00:00", "2024-05-29T01:08:35+00:00", "2024-05-29T01:10:53+00:00", "2024-05-29T01:13:17+00:00", "2024-05-29T01:14:45+00:00", "2024-05-29T01:16:48+00:00", "2024-05-29T01:18:36+00:00", "2024-05-29T01:20:24+00:00", "2024-05-29T01:22:28+00:00", "2024-05-29T01:24:45+00:00", "2024-05-29T01:26:25+00:00", "2024-05-29T01:28:49+00:00", "2024-05-29T01:30:53+00:00", "2024-05-29T01:32:10+00:00", "2024-05-29T01:34:22+00:00", "2024-05-29T01:36:34+00:00", "2024-05-29T01:38:14+00:00", "2024-05-29T01:39:58+00:00", "2024-05-29T01:41:54+00:00", "2024-05-29T01:43:30+00:00", "2024-05-29T01:45:46+00:00", "2024-05-29T01:47:38+00:00", "2024-05-29T01:49:35+00:00", "2024-05-29T01:53:19+00:00", "2024-05-29T01:54:51+00:00", "2024-05-29T01:56:43+00:00", "2024-05-29T01:58:19+00:00", "2024-05-29T02:00:23+00:00", "2024-05-29T02:02:47+00:00", "2024-05-29T02:04:23+00:00", "2024-05-29T02:07:44+00:00", "2024-05-29T02:10:08+00:00", "2024-05-29T02:11:48+00:00", "2024-05-29T02:14:00+00:00", "2024-05-29T02:15:56+00:00", "2024-05-29T02:17:50+00:00", "2024-05-29T02:19:46+00:00", "2024-05-29T02:21:22+00:00", "2024-05-29T02:24:10+00:00", "2024-05-29T02:27:10+00:00", "2024-05-29T02:29:46+00:00", "2024-05-29T02:31:50+00:00", "2024-05-29T02:33:43+00:00", "2024-05-29T02:35:27+00:00", "2024-05-29T02:38:07+00:00", "2024-05-29T02:39:39+00:00", "2024-05-29T02:41:51+00:00", "2024-05-29T02:44:28+00:00", "2024-05-29T02:46:44+00:00", "2024-05-29T02:49:12+00:00", "2024-05-29T02:51:20+00:00", "2024-05-29T02:52:56+00:00", "2024-05-29T02:55:36+00:00", "2024-05-29T02:57:49+00:00", "2024-05-29T02:59:13+00:00", "2024-05-29T03:02:45+00:00", "2024-05-29T03:05:09+00:00", "2024-05-29T03:07:37+00:00", "2024-05-29T03:09:42+00:00", "2024-05-29T03:11:58+00:00", "2024-05-29T03:14:38+00:00", "2024-05-29T03:16:54+00:00", "2024-05-29T03:19:58+00:00", "2024-05-29T03:24:47+00:00", "2024-05-29T03:26:43+00:00", "2024-05-29T03:29:47+00:00", "2024-05-29T03:31:51+00:00", "2024-05-29T03:36:03+00:00", "2024-05-29T03:37:55+00:00", "2024-05-29T03:40:44+00:00", "2024-05-29T03:44:05+00:00", "2024-05-29T03:47:13+00:00", "2024-05-29T03:50:54+00:00", "2024-05-29T03:53:19+00:00", "2024-05-29T03:56:51+00:00", "2024-05-29T04:00:20+00:00", "2024-05-29T04:03:56+00:00", "2024-05-29T04:06:44+00:00", "2024-05-29T04:08:33+00:00", "2024-05-29T04:12:13+00:00", "2024-05-29T04:14:57+00:00", "2024-05-29T04:18:25+00:00", "2024-05-29T04:20:17+00:00", "2024-05-29T04:23:25+00:00", "2024-05-29T04:27:54+00:00", "2024-05-29T04:29:26+00:00", "2024-05-29T04:33:10+00:00", "2024-05-29T04:35:10+00:00", "2024-05-29T04:36:47+00:00", "2024-05-29T04:38:59+00:00", "2024-05-29T04:41:19+00:00", "2024-05-29T04:46:59+00:00", "2024-05-29T04:48:55+00:00", "2024-05-29T04:50:55+00:00", "2024-05-29T04:52:56+00:00", "2024-05-29T04:56:12+00:00", "2024-05-29T04:58:16+00:00", "2024-05-29T05:03:04+00:00", "2024-05-29T05:07:40+00:00", "2024-05-29T05:08:44+00:00", "2024-05-29T05:10:45+00:00", "2024-05-29T05:14:01+00:00", "2024-05-29T05:16:01+00:00", "2024-05-29T05:19:14+00:00", "2024-05-29T05:22:22+00:00", "2024-05-29T05:24:30+00:00", "2024-05-29T05:27:02+00:00", "2024-05-29T05:30:59+00:00", "2024-05-29T05:33:11+00:00", "2024-05-29T05:34:48+00:00", "2024-05-29T05:39:44+00:00", "2024-05-29T05:42:16+00:00", "2024-05-29T05:45:57+00:00", "2024-05-29T05:49:34+00:00", "2024-05-29T05:54:27+00:00", "2024-05-29T05:57:07+00:00", "2024-05-29T05:59:07+00:00", "2024-05-29T06:01:43+00:00", "2024-05-29T06:04:56+00:00", "2024-05-29T06:07:01+00:00", "2024-05-29T06:09:25+00:00", "2024-05-29T06:12:53+00:00", "2024-05-29T06:14:41+00:00", "2024-05-29T06:17:22+00:00", "2024-05-29T06:19:18+00:00", "2024-05-29T06:20:42+00:00", "2024-05-29T06:23:46+00:00", "2024-05-29T06:25:50+00:00", "2024-05-29T06:27:14+00:00", "2024-05-29T06:29:10+00:00", "2024-05-29T06:32:02+00:00", "2024-05-29T06:33:46+00:00", "2024-05-29T06:36:03+00:00", "2024-05-29T06:38:59+00:00", "2024-05-29T06:39:43+00:00", "2024-05-29T06:43:03+00:00", "2024-05-29T06:44:03+00:00", "2024-05-29T06:48:19+00:00", "2024-05-29T06:50:44+00:00", "2024-05-29T06:52:40+00:00", "2024-05-29T06:54:52+00:00", "2024-05-29T06:58:24+00:00", "2024-05-29T06:59:48+00:00", "2024-05-29T07:03:24+00:00", "2024-05-29T07:06:17+00:00", "2024-05-29T07:07:05+00:00", "2024-05-29T07:09:41+00:00", "2024-05-29T07:11:57+00:00", "2024-05-29T07:14:34+00:00", "2024-05-29T07:19:30+00:00", "2024-05-29T07:22:23+00:00", "2024-05-29T07:24:03+00:00", "2024-05-29T07:27:19+00:00", "2024-05-29T07:29:27+00:00", "2024-05-29T07:31:56+00:00", "2024-05-29T07:33:48+00:00", "2024-05-29T07:35:40+00:00", "2024-05-29T07:38:37+00:00", "2024-05-29T07:39:57+00:00", "2024-05-29T07:43:17+00:00", "2024-05-29T07:45:05+00:00", "2024-05-29T07:47:58+00:00", "2024-05-29T07:48:58+00:00", "2024-05-29T07:50:26+00:00", "2024-05-29T07:51:51+00:00", "2024-05-29T07:54:11+00:00", "2024-05-29T07:56:47+00:00", "2024-05-29T07:59:12+00:00", "2024-05-29T08:03:23+00:00", "2024-05-29T08:06:05+00:00", "2024-05-29T08:07:49+00:00", "2024-05-29T08:12:26+00:00", "2024-05-29T08:14:06+00:00", "2024-05-29T08:17:30+00:00", "2024-05-29T08:18:55+00:00", "2024-05-29T08:20:55+00:00", "2024-05-29T08:23:11+00:00", "2024-05-29T08:26:20+00:00", "2024-05-29T08:28:16+00:00", "2024-05-29T08:33:29+00:00", "2024-05-29T08:36:17+00:00", "2024-05-29T08:37:49+00:00", "2024-05-29T08:41:01+00:00", "2024-05-29T08:43:13+00:00", "2024-05-29T08:46:14+00:00", "2024-05-29T08:48:26+00:00", "2024-05-29T08:50:58+00:00", "2024-05-29T08:56:11+00:00", "2024-05-29T09:00:35+00:00", "2024-05-29T09:01:47+00:00", "2024-05-29T09:03:48+00:00", "2024-05-29T09:06:48+00:00", "2024-05-29T09:08:44+00:00", "2024-05-29T09:12:13+00:00", "2024-05-29T09:14:33+00:00", "2024-05-29T09:16:09+00:00", "2024-05-29T09:19:01+00:00", "2024-05-29T09:20:21+00:00", "2024-05-29T09:22:06+00:00", "2024-05-29T09:26:07+00:00", "2024-05-29T09:27:19+00:00", "2024-05-29T09:29:35+00:00", "2024-05-29T09:30:23+00:00", "2024-05-29T09:33:11+00:00", "2024-05-29T09:34:27+00:00", "2024-05-29T09:37:23+00:00", "2024-05-29T09:39:43+00:00", "2024-05-29T09:40:52+00:00", "2024-05-29T09:43:52+00:00", "2024-05-29T09:46:20+00:00", "2024-05-29T09:47:20+00:00", "2024-05-29T09:50:29+00:00", "2024-05-29T09:52:49+00:00", "2024-05-29T09:54:57+00:00", "2024-05-29T09:57:05+00:00", "2024-05-29T09:58:25+00:00", "2024-05-29T10:00:46+00:00", "2024-05-29T10:04:06+00:00", "2024-05-29T10:05:50+00:00", "2024-05-29T10:08:30+00:00", "2024-05-29T10:10:35+00:00", "2024-05-29T10:13:07+00:00", "2024-05-29T10:15:03+00:00", "2024-05-29T10:17:04+00:00", "2024-05-29T10:20:52+00:00", "2024-05-29T10:22:05+00:00", "2024-05-29T10:24:46+00:00", "2024-05-29T10:27:22+00:00", "2024-05-29T10:30:03+00:00", "2024-05-29T10:32:52+00:00", "2024-05-29T10:34:16+00:00", "2024-05-29T10:36:32+00:00", "2024-05-29T10:38:28+00:00", "2024-05-29T10:41:29+00:00", "2024-05-29T10:43:25+00:00", "2024-05-29T10:44:45+00:00", "2024-05-29T10:46:53+00:00", "2024-05-29T10:48:38+00:00", "2024-05-29T10:50:54+00:00", "2024-05-29T10:55:22+00:00", "2024-05-29T10:58:19+00:00", "2024-05-29T11:00:08+00:00", "2024-05-29T11:02:33+00:00", "2024-05-29T11:05:22+00:00", "2024-05-29T11:07:22+00:00", "2024-05-29T11:09:02+00:00", "2024-05-29T11:10:55+00:00", "2024-05-29T11:13:24+00:00", "2024-05-29T11:15:05+00:00", "2024-05-29T11:17:47+00:00", "2024-05-29T11:20:51+00:00", "2024-05-29T11:22:59+00:00", "2024-05-29T11:24:39+00:00", "2024-05-29T11:26:35+00:00", "2024-05-29T11:28:59+00:00", "2024-05-29T11:30:15+00:00", "2024-05-29T11:33:04+00:00", "2024-05-29T11:35:16+00:00", "2024-05-29T11:37:48+00:00", "2024-05-29T11:39:44+00:00", "2024-05-29T11:41:48+00:00", "2024-05-29T11:44:00+00:00", "2024-05-29T11:45:08+00:00", "2024-05-29T11:48:52+00:00", "2024-05-29T11:51:41+00:00", "2024-05-29T11:54:37+00:00", "2024-05-29T11:57:34+00:00", "2024-05-29T11:59:18+00:00", "2024-05-29T12:01:42+00:00", "2024-05-29T12:03:44+00:00", "2024-05-29T12:06:48+00:00", "2024-05-29T12:08:00+00:00", "2024-05-29T12:11:16+00:00", "2024-05-29T12:12:16+00:00", "2024-05-29T12:15:41+00:00", "2024-05-29T12:16:53+00:00", "2024-05-29T12:18:49+00:00", "2024-05-29T12:21:09+00:00", "2024-05-29T12:23:41+00:00", "2024-05-29T12:26:21+00:00", "2024-05-29T12:28:13+00:00", "2024-05-29T12:30:09+00:00", "2024-05-29T12:33:18+00:00", "2024-05-29T12:35:30+00:00", "2024-05-29T12:42:26+00:00", "2024-05-29T12:44:07+00:00", "2024-05-29T12:46:51+00:00", "2024-05-29T12:52:11+00:00", "2024-05-29T12:54:00+00:00", "2024-05-29T12:55:48+00:00", "2024-05-29T12:58:20+00:00", "2024-05-29T12:59:40+00:00", "2024-05-29T13:01:40+00:00", "2024-05-29T13:03:44+00:00", "2024-05-29T13:06:57+00:00", "2024-05-29T13:08:17+00:00", "2024-05-29T13:11:21+00:00", "2024-05-29T13:13:09+00:00", "2024-05-29T13:15:09+00:00", "2024-05-29T13:17:46+00:00", "2024-05-29T13:19:18+00:00", "2024-05-29T13:21:06+00:00", "2024-05-29T13:24:02+00:00", "2024-05-29T13:26:58+00:00", "2024-05-29T13:27:54+00:00", "2024-05-29T13:29:58+00:00", "2024-05-29T13:32:35+00:00", "2024-05-29T13:34:07+00:00", "2024-05-29T13:37:27+00:00", "2024-05-29T13:39:19+00:00", "2024-05-29T13:42:07+00:00", "2024-05-29T13:47:16+00:00", "2024-05-29T13:50:12+00:00", "2024-05-29T13:52:56+00:00", "2024-05-29T13:55:56+00:00", "2024-05-29T14:00:01+00:00", "2024-05-29T14:01:33+00:00", "2024-05-29T14:05:53+00:00", "2024-05-29T14:07:09+00:00", "2024-05-29T14:09:21+00:00", "2024-05-29T14:13:30+00:00", "2024-05-29T14:15:58+00:00", "2024-05-29T14:17:14+00:00", "2024-05-29T14:19:50+00:00", "2024-05-29T14:21:18+00:00", "2024-05-29T14:23:10+00:00", "2024-05-29T14:24:54+00:00", "2024-05-29T14:27:15+00:00", "2024-05-29T14:30:51+00:00", "2024-05-29T14:32:15+00:00", "2024-05-29T14:33:31+00:00", "2024-05-29T14:35:51+00:00", "2024-05-29T14:40:12+00:00", "2024-05-29T14:41:32+00:00", "2024-05-29T14:43:40+00:00", "2024-05-29T14:46:12+00:00", "2024-05-29T14:48:28+00:00", "2024-05-29T14:50:36+00:00", "2024-05-29T14:53:57+00:00", "2024-05-29T14:56:22+00:00", "2024-05-29T14:58:30+00:00", "2024-05-29T15:00:34+00:00", "2024-05-29T15:03:10+00:00", "2024-05-29T15:06:22+00:00", "2024-05-29T15:09:35+00:00", "2024-05-29T15:11:51+00:00", "2024-05-29T15:14:59+00:00", "2024-05-29T15:16:23+00:00", "2024-05-29T15:18:43+00:00", "2024-05-29T15:21:28+00:00", "2024-05-29T15:25:20+00:00", "2024-05-29T15:28:32+00:00", "2024-05-29T15:32:12+00:00", "2024-05-29T15:34:41+00:00", "2024-05-29T15:37:41+00:00", "2024-05-29T15:42:49+00:00", "2024-05-29T15:44:10+00:00", "2024-05-29T15:46:42+00:00", "2024-05-29T15:48:46+00:00", "2024-05-29T15:52:42+00:00", "2024-05-29T15:55:06+00:00", "2024-05-29T15:56:23+00:00", "2024-05-29T15:58:15+00:00", "2024-05-29T16:00:51+00:00", "2024-05-29T16:03:07+00:00", "2024-05-29T16:04:32+00:00", "2024-05-29T16:06:20+00:00", "2024-05-29T16:10:20+00:00", "2024-05-29T16:12:00+00:00", "2024-05-29T16:14:12+00:00", "2024-05-29T16:18:25+00:00", "2024-05-29T16:20:05+00:00", "2024-05-29T16:23:13+00:00", "2024-05-29T16:25:06+00:00", "2024-05-29T16:26:38+00:00", "2024-05-29T16:30:34+00:00", "2024-05-29T16:33:30+00:00", "2024-05-29T16:35:22+00:00", "2024-05-29T16:38:03+00:00", "2024-05-29T16:39:47+00:00", "2024-05-29T16:42:11+00:00", "2024-05-29T16:43:40+00:00", "2024-05-29T16:46:28+00:00", "2024-05-29T16:48:48+00:00", "2024-05-29T16:53:01+00:00", "2024-05-29T16:53:49+00:00", "2024-05-29T16:56:01+00:00", "2024-05-29T16:58:13+00:00", "2024-05-29T17:02:05+00:00", "2024-05-29T17:06:05+00:00", "2024-05-29T17:07:37+00:00", "2024-05-29T17:11:01+00:00", "2024-05-29T17:13:58+00:00", "2024-05-29T17:16:18+00:00", "2024-05-29T17:19:06+00:00", "2024-05-29T17:22:43+00:00", "2024-05-29T17:24:03+00:00", "2024-05-29T17:28:39+00:00", "2024-05-29T17:30:15+00:00", "2024-05-29T17:33:47+00:00", "2024-05-29T17:35:12+00:00", "2024-05-29T17:39:00+00:00", "2024-05-29T17:43:12+00:00", "2024-05-29T17:46:01+00:00", "2024-05-29T17:49:29+00:00", "2024-05-29T17:52:53+00:00", "2024-05-29T17:53:45+00:00", "2024-05-29T17:55:49+00:00", "2024-05-29T17:57:30+00:00", "2024-05-29T17:58:58+00:00", "2024-05-29T18:02:54+00:00", "2024-05-29T18:04:30+00:00", "2024-05-29T18:07:54+00:00", "2024-05-29T18:10:58+00:00", "2024-05-29T18:12:59+00:00", "2024-05-29T18:16:31+00:00", "2024-05-29T18:20:36+00:00", "2024-05-29T18:22:40+00:00", "2024-05-29T18:24:08+00:00", "2024-05-29T18:27:45+00:00", "2024-05-29T18:30:47+00:00", "2024-05-29T18:34:19+00:00", "2024-05-29T18:36:11+00:00", "2024-05-29T18:40:08+00:00", "2024-05-29T18:41:04+00:00", "2024-05-29T18:44:08+00:00", "2024-05-29T18:47:28+00:00", "2024-05-29T18:48:16+00:00", "2024-05-29T18:53:21+00:00", "2024-05-29T18:56:41+00:00", "2024-05-29T18:59:25+00:00", "2024-05-29T19:00:41+00:00", "2024-05-29T19:05:58+00:00", "2024-05-29T19:11:10+00:00", "2024-05-29T19:14:47+00:00", "2024-05-29T19:17:15+00:00", "2024-05-29T19:17:55+00:00", "2024-05-29T19:25:09+00:00", "2024-05-29T19:27:01+00:00", "2024-05-29T19:28:21+00:00", "2024-05-29T19:32:29+00:00", "2024-05-29T19:35:42+00:00", "2024-05-29T19:39:06+00:00", "2024-05-29T19:42:00+00:00", "2024-05-29T19:42:44+00:00", "2024-05-29T19:46:55+00:00", "2024-05-29T19:50:05+00:00", "2024-05-29T19:54:22+00:00", "2024-05-29T19:56:26+00:00", "2024-05-29T19:59:42+00:00", "2024-05-29T20:03:58+00:00", "2024-05-29T20:06:51+00:00", "2024-05-29T20:09:15+00:00", "2024-05-29T20:12:27+00:00", "2024-05-29T20:15:51+00:00", "2024-05-29T20:20:16+00:00", "2024-05-29T20:21:24+00:00", "2024-05-29T20:24:36+00:00", "2024-05-29T20:27:28+00:00", "2024-05-29T20:30:09+00:00", "2024-05-29T20:34:14+00:00", "2024-05-29T20:37:18+00:00", "2024-05-29T20:41:10+00:00", "2024-05-29T20:43:59+00:00", "2024-05-29T20:46:55+00:00", "2024-05-29T20:49:47+00:00", "2024-05-29T20:51:55+00:00", "2024-05-29T20:55:36+00:00", "2024-05-29T20:59:16+00:00", "2024-05-29T21:02:12+00:00", "2024-05-29T21:05:28+00:00", "2024-05-29T21:06:57+00:00", "2024-05-29T21:11:13+00:00", "2024-05-29T21:16:01+00:00", "2024-05-29T21:17:17+00:00", "2024-05-29T21:21:05+00:00", "2024-05-29T21:25:30+00:00", "2024-05-29T21:28:30+00:00", "2024-05-29T21:30:58+00:00", "2024-05-29T21:34:43+00:00", "2024-05-29T21:38:39+00:00", "2024-05-29T21:40:19+00:00", "2024-05-29T21:42:51+00:00", "2024-05-29T21:45:55+00:00", "2024-05-29T21:48:15+00:00", "2024-05-29T21:52:16+00:00", "2024-05-29T21:56:16+00:00", "2024-05-29T21:59:40+00:00", "2024-05-29T22:01:21+00:00", "2024-05-29T22:01:45+00:00", "2024-05-29T22:07:13+00:00", "2024-05-29T22:10:50+00:00", "2024-05-29T22:14:10+00:00", "2024-05-29T22:17:46+00:00", "2024-05-29T22:21:15+00:00", "2024-05-29T22:25:23+00:00", "2024-05-29T22:28:47+00:00", "2024-05-29T22:32:03+00:00", "2024-05-29T22:35:23+00:00", "2024-05-29T22:39:08+00:00", "2024-05-29T22:41:16+00:00", "2024-05-29T22:44:21+00:00", "2024-05-29T22:49:29+00:00", "2024-05-29T22:54:26+00:00", "2024-05-29T22:58:22+00:00", "2024-05-29T23:07:47+00:00", "2024-05-29T23:08:47+00:00", "2024-05-29T23:19:06+00:00", "2024-05-29T23:22:14+00:00", "2024-05-29T23:25:42+00:00", "2024-05-29T23:29:11+00:00", "2024-05-29T23:30:45+00:00", "2024-05-29T23:39:22+00:00", "2024-05-29T23:42:52+00:00", "2024-05-29T23:45:34+00:00", "2024-05-29T23:49:16+00:00", "2024-05-29T23:53:42+00:00", "2024-05-29T23:57:15+00:00", "2024-05-30T00:02:14+00:00", "2024-05-30T00:05:14+00:00", "2024-05-30T00:17:12+00:00", "2024-05-30T00:26:42+00:00", "2024-05-30T00:31:29+00:00", "2024-05-30T00:37:42+00:00", "2024-05-30T00:39:26+00:00", "2024-05-30T00:43:55+00:00", "2024-05-30T00:47:03+00:00", "2024-05-30T00:52:19+00:00", "2024-05-30T00:57:16+00:00", "2024-05-30T01:00:56+00:00", "2024-05-30T01:02:52+00:00", "2024-05-30T01:07:46+00:00", "2024-05-30T01:10:02+00:00", "2024-05-30T01:14:53+00:00", "2024-05-30T01:49:02+00:00", "2024-05-30T01:53:41+00:00", "2024-05-30T01:55:49+00:00", "2024-05-30T01:59:49+00:00", "2024-05-30T02:05:54+00:00", "2024-05-30T02:07:47+00:00", "2024-05-30T02:14:48+00:00", "2024-05-30T02:17:08+00:00", "2024-05-30T02:21:25+00:00", "2024-05-30T02:25:37+00:00", "2024-05-30T02:28:45+00:00", "2024-05-30T02:32:38+00:00", "2024-05-30T02:34:06+00:00", "2024-05-30T02:35:22+00:00", "2024-05-30T02:39:55+00:00", "2024-05-30T02:44:16+00:00", "2024-05-30T02:46:05+00:00", "2024-05-30T02:50:53+00:00", "2024-05-30T02:53:18+00:00", "2024-05-30T02:57:39+00:00", "2024-05-30T03:01:07+00:00", "2024-05-30T03:03:59+00:00", "2024-05-30T03:09:04+00:00", "2024-05-30T03:10:08+00:00", "2024-05-30T03:15:17+00:00", "2024-05-30T03:20:53+00:00", "2024-05-30T03:23:50+00:00", "2024-05-30T03:29:03+00:00", "2024-05-30T03:32:20+00:00", "2024-05-30T03:37:53+00:00", "2024-05-30T03:41:51+00:00", "2024-05-30T03:48:57+00:00", "2024-05-30T03:52:22+00:00", "2024-05-30T03:54:47+00:00", "2024-05-30T04:00:03+00:00", "2024-05-30T04:03:00+00:00", "2024-05-30T04:06:12+00:00", "2024-05-30T04:12:58+00:00", "2024-05-30T04:14:02+00:00", "2024-05-30T04:19:03+00:00", "2024-05-30T04:24:43+00:00", "2024-05-30T04:29:40+00:00", "2024-05-30T04:32:41+00:00", "2024-05-30T04:36:09+00:00", "2024-05-30T04:38:05+00:00", "2024-05-30T04:42:49+00:00", "2024-05-30T04:45:06+00:00", "2024-05-30T04:54:15+00:00", "2024-05-30T04:58:24+00:00", "2024-05-30T05:05:12+00:00", "2024-05-30T05:07:09+00:00", "2024-05-30T05:12:21+00:00", "2024-05-30T05:14:38+00:00", "2024-05-30T05:21:43+00:00", "2024-05-30T05:27:44+00:00", "2024-05-30T05:33:44+00:00", "2024-05-30T05:35:25+00:00", "2024-05-30T05:40:19+00:00", "2024-05-30T05:44:44+00:00", "2024-05-30T05:46:32+00:00", "2024-05-30T05:49:16+00:00", "2024-05-30T05:51:04+00:00", "2024-05-30T05:54:01+00:00", "2024-05-30T05:56:13+00:00", "2024-05-30T06:00:00+00:00", "2024-05-30T06:03:57+00:00", "2024-05-30T06:06:17+00:00", "2024-05-30T06:08:45+00:00", "2024-05-30T06:12:30+00:00", "2024-05-30T06:14:06+00:00", "2024-05-30T06:17:40+00:00", "2024-05-30T06:19:36+00:00", "2024-05-30T06:22:37+00:00", "2024-05-30T06:26:01+00:00", "2024-05-30T06:28:25+00:00", "2024-05-30T06:31:01+00:00", "2024-05-30T06:34:58+00:00", "2024-05-30T06:37:26+00:00", "2024-05-30T06:40:10+00:00", "2024-05-30T06:44:02+00:00", "2024-05-30T06:47:19+00:00", "2024-05-30T06:51:43+00:00", "2024-05-30T06:53:47+00:00", "2024-05-30T06:54:47+00:00", "2024-05-30T06:57:36+00:00", "2024-05-30T06:59:24+00:00", "2024-05-30T07:02:44+00:00", "2024-05-30T07:05:36+00:00", "2024-05-30T07:08:28+00:00", "2024-05-30T07:10:37+00:00", "2024-05-30T07:14:37+00:00", "2024-05-30T07:18:10+00:00", "2024-05-30T07:20:47+00:00", "2024-05-30T07:23:23+00:00", "2024-05-30T07:26:44+00:00", "2024-05-30T07:30:26+00:00", "2024-05-30T07:32:02+00:00", "2024-05-30T07:34:11+00:00", "2024-05-30T07:36:31+00:00", "2024-05-30T07:40:36+00:00", "2024-05-30T07:41:41+00:00", "2024-05-30T07:46:21+00:00", "2024-05-30T07:47:57+00:00", "2024-05-30T07:53:14+00:00", "2024-05-30T07:56:42+00:00", "2024-05-30T07:59:58+00:00", "2024-05-30T08:02:59+00:00", "2024-05-30T08:08:40+00:00", "2024-05-30T08:10:20+00:00", "2024-05-30T08:15:29+00:00", "2024-05-30T08:18:38+00:00", "2024-05-30T08:20:42+00:00", "2024-05-30T08:22:50+00:00", "2024-05-30T08:26:47+00:00", "2024-05-30T08:29:55+00:00", "2024-05-30T08:33:55+00:00", "2024-05-30T08:36:11+00:00", "2024-05-30T08:39:19+00:00", "2024-05-30T08:43:55+00:00", "2024-05-30T08:46:32+00:00", "2024-05-30T08:51:04+00:00", "2024-05-30T08:52:28+00:00", "2024-05-30T08:56:04+00:00", "2024-05-30T08:57:57+00:00", "2024-05-30T09:02:47+00:00", "2024-05-30T09:05:07+00:00", "2024-05-30T09:09:33+00:00", "2024-05-30T09:11:18+00:00", "2024-05-30T09:13:48+00:00", "2024-05-30T09:16:13+00:00", "2024-05-30T09:18:22+00:00", "2024-05-30T09:20:22+00:00", "2024-05-30T09:25:27+00:00", "2024-05-30T09:28:44+00:00", "2024-05-30T09:33:08+00:00", "2024-05-30T09:35:29+00:00", "2024-05-30T09:38:02+00:00", "2024-05-30T09:43:10+00:00", "2024-05-30T09:46:16+00:00", "2024-05-30T09:47:40+00:00", "2024-05-30T09:51:12+00:00", "2024-05-30T09:53:24+00:00", "2024-05-30T09:55:48+00:00", "2024-05-30T10:00:37+00:00", "2024-05-30T10:02:05+00:00", "2024-05-30T10:05:38+00:00", "2024-05-30T10:08:54+00:00", "2024-05-30T10:12:56+00:00", "2024-05-30T10:15:44+00:00", "2024-05-30T10:17:56+00:00", "2024-05-30T10:22:44+00:00", "2024-05-30T10:23:20+00:00", "2024-05-30T10:28:12+00:00", "2024-05-30T10:30:37+00:00", "2024-05-30T10:33:05+00:00", "2024-05-30T10:35:41+00:00", "2024-05-30T10:37:41+00:00", "2024-05-30T10:44:57+00:00", "2024-05-30T10:46:17+00:00", "2024-05-30T10:50:29+00:00", "2024-05-30T10:52:34+00:00", "2024-05-30T10:55:46+00:00", "2024-05-30T10:57:55+00:00", "2024-05-30T11:00:15+00:00", "2024-05-30T11:03:07+00:00", "2024-05-30T11:05:15+00:00", "2024-05-30T11:08:20+00:00", "2024-05-30T11:11:12+00:00", "2024-05-30T11:13:59+00:00", "2024-05-30T11:15:39+00:00", "2024-05-30T11:18:43+00:00", "2024-05-30T11:22:27+00:00", "2024-05-30T11:24:35+00:00", "2024-05-30T11:26:11+00:00", "2024-05-30T11:28:43+00:00", "2024-05-30T11:32:36+00:00", "2024-05-30T11:34:44+00:00", "2024-05-30T11:37:17+00:00", "2024-05-30T11:39:50+00:00", "2024-05-30T11:42:03+00:00", "2024-05-30T11:44:23+00:00", "2024-05-30T11:47:19+00:00", "2024-05-30T11:50:57+00:00", "2024-05-30T11:51:37+00:00", "2024-05-30T11:53:18+00:00", "2024-05-30T11:57:11+00:00", "2024-05-30T11:58:31+00:00", "2024-05-30T12:00:43+00:00", "2024-05-30T12:03:48+00:00", "2024-05-30T12:04:40+00:00", "2024-05-30T12:07:32+00:00", "2024-05-30T12:10:45+00:00", "2024-05-30T12:13:57+00:00", "2024-05-30T12:16:09+00:00", "2024-05-30T12:16:57+00:00", "2024-05-30T12:20:01+00:00", "2024-05-30T12:22:17+00:00", "2024-05-30T12:23:33+00:00", "2024-05-30T12:25:29+00:00", "2024-05-30T12:28:06+00:00", "2024-05-30T12:29:18+00:00", "2024-05-30T12:32:42+00:00", "2024-05-30T12:35:18+00:00", "2024-05-30T12:36:26+00:00", "2024-05-30T12:40:35+00:00", "2024-05-30T12:43:03+00:00", "2024-05-30T12:44:55+00:00", "2024-05-30T12:47:59+00:00", "2024-05-30T12:49:40+00:00", "2024-05-30T12:51:52+00:00", "2024-05-30T12:55:16+00:00", "2024-05-30T12:57:32+00:00", "2024-05-30T13:00:25+00:00", "2024-05-30T13:01:57+00:00", "2024-05-30T13:04:49+00:00", "2024-05-30T13:06:54+00:00", "2024-05-30T13:10:02+00:00", "2024-05-30T13:12:30+00:00", "2024-05-30T13:14:50+00:00", "2024-05-30T13:16:51+00:00", "2024-05-30T13:19:51+00:00", "2024-05-30T13:22:07+00:00", "2024-05-30T13:24:24+00:00", "2024-05-30T13:26:48+00:00", "2024-05-30T13:30:16+00:00", "2024-05-30T13:32:04+00:00", "2024-05-30T13:34:00+00:00", "2024-05-30T13:37:13+00:00", "2024-05-30T13:37:49+00:00", "2024-05-30T13:40:25+00:00", "2024-05-30T13:43:13+00:00", "2024-05-30T13:45:50+00:00", "2024-05-30T13:48:30+00:00", "2024-05-30T13:50:26+00:00", "2024-05-30T13:52:22+00:00", "2024-05-30T13:54:59+00:00", "2024-05-30T13:56:59+00:00", "2024-05-30T13:59:19+00:00", "2024-05-30T14:03:19+00:00", "2024-05-30T14:05:44+00:00", "2024-05-30T14:08:16+00:00", "2024-05-30T14:10:24+00:00", "2024-05-30T14:13:21+00:00", "2024-05-30T14:16:01+00:00", "2024-05-30T14:16:53+00:00", "2024-05-30T14:20:57+00:00", "2024-05-30T14:23:50+00:00", "2024-05-30T14:25:34+00:00", "2024-05-30T14:29:06+00:00", "2024-05-30T14:30:34+00:00", "2024-05-30T14:34:03+00:00", "2024-05-30T14:35:19+00:00", "2024-05-30T14:40:59+00:00", "2024-05-30T14:42:56+00:00", "2024-05-30T14:44:56+00:00", "2024-05-30T14:47:48+00:00", "2024-05-30T14:50:21+00:00", "2024-05-30T14:54:33+00:00", "2024-05-30T14:56:21+00:00", "2024-05-30T14:59:18+00:00", "2024-05-30T15:00:50+00:00", "2024-05-30T15:04:14+00:00", "2024-05-30T15:06:18+00:00", "2024-05-30T15:07:55+00:00", "2024-05-30T15:10:43+00:00", "2024-05-30T15:13:27+00:00", "2024-05-30T15:15:27+00:00", "2024-05-30T15:17:23+00:00", "2024-05-30T15:20:28+00:00", "2024-05-30T15:21:40+00:00", "2024-05-30T15:27:49+00:00", "2024-05-30T15:30:21+00:00", "2024-05-30T15:32:57+00:00", "2024-05-30T15:34:37+00:00", "2024-05-30T15:38:42+00:00", "2024-05-30T15:41:12+00:00", "2024-05-30T15:42:56+00:00", "2024-05-30T15:46:56+00:00", "2024-05-30T15:49:13+00:00", "2024-05-30T15:51:37+00:00", "2024-05-30T15:53:21+00:00", "2024-05-30T15:55:33+00:00", "2024-05-30T15:59:38+00:00", "2024-05-30T16:00:42+00:00", "2024-05-30T16:03:34+00:00", "2024-05-30T16:06:18+00:00", "2024-05-30T16:10:19+00:00", "2024-05-30T16:12:23+00:00", "2024-05-30T16:15:15+00:00", "2024-05-30T16:18:44+00:00", "2024-05-30T16:21:48+00:00", "2024-05-30T16:23:56+00:00", "2024-05-30T16:26:12+00:00", "2024-05-30T16:28:28+00:00", "2024-05-30T16:30:17+00:00", "2024-05-30T16:32:45+00:00", "2024-05-30T16:35:33+00:00", "2024-05-30T16:38:13+00:00", "2024-05-30T16:42:58+00:00", "2024-05-30T16:45:50+00:00", "2024-05-30T16:50:03+00:00", "2024-05-30T16:53:55+00:00", "2024-05-30T16:54:43+00:00", "2024-05-30T16:57:03+00:00", "2024-05-30T17:00:36+00:00", "2024-05-30T17:02:04+00:00", "2024-05-30T17:04:36+00:00", "2024-05-30T17:07:04+00:00", "2024-05-30T17:10:01+00:00", "2024-05-30T17:12:29+00:00", "2024-05-30T17:14:01+00:00", "2024-05-30T17:15:45+00:00", "2024-05-30T17:17:29+00:00", "2024-05-30T17:19:29+00:00", "2024-05-30T17:23:05+00:00", "2024-05-30T17:24:58+00:00", "2024-05-30T17:27:02+00:00", "2024-05-30T17:30:14+00:00", "2024-05-30T17:32:10+00:00", "2024-05-30T17:34:14+00:00", "2024-05-30T17:36:53+00:00", "2024-05-30T17:38:41+00:00", "2024-05-30T17:40:33+00:00", "2024-05-30T17:41:57+00:00", "2024-05-30T17:44:38+00:00", "2024-05-30T17:46:50+00:00", "2024-05-30T17:48:50+00:00", "2024-05-30T17:51:44+00:00", "2024-05-30T17:53:24+00:00", "2024-05-30T17:58:24+00:00", "2024-05-30T17:59:45+00:00", "2024-05-30T18:00:45+00:00", "2024-05-30T18:03:33+00:00", "2024-05-30T18:04:41+00:00", "2024-05-30T18:06:38+00:00", "2024-05-30T18:09:42+00:00", "2024-05-30T18:10:18+00:00", "2024-05-30T18:11:58+00:00", "2024-05-30T18:13:47+00:00", "2024-05-30T18:16:35+00:00", "2024-05-30T18:17:23+00:00", "2024-05-30T18:19:47+00:00", "2024-05-30T18:20:56+00:00", "2024-05-30T18:21:56+00:00", "2024-05-30T18:25:29+00:00", "2024-05-30T18:26:49+00:00", "2024-05-30T18:29:30+00:00", "2024-05-30T18:32:10+00:00", "2024-05-30T18:33:10+00:00", "2024-05-30T18:34:54+00:00", "2024-05-30T18:37:47+00:00", "2024-05-30T18:38:39+00:00", "2024-05-30T18:40:47+00:00", "2024-05-30T18:42:19+00:00", "2024-05-30T18:44:24+00:00", "2024-05-30T18:46:48+00:00", "2024-05-30T18:49:16+00:00", "2024-05-30T18:51:57+00:00", "2024-05-30T18:53:38+00:00", "2024-05-30T18:55:06+00:00", "2024-05-30T18:57:43+00:00", "2024-05-30T19:00:15+00:00", "2024-05-30T19:01:43+00:00", "2024-05-30T19:03:07+00:00", "2024-05-30T19:06:16+00:00", "2024-05-30T19:08:08+00:00", "2024-05-30T19:10:04+00:00", "2024-05-30T19:12:42+00:00", "2024-05-30T19:16:38+00:00", "2024-05-30T19:17:42+00:00", "2024-05-30T19:20:07+00:00", "2024-05-30T19:22:19+00:00", "2024-05-30T19:24:59+00:00", "2024-05-30T19:27:44+00:00", "2024-05-30T19:29:16+00:00", "2024-05-30T19:31:24+00:00", "2024-05-30T19:33:37+00:00", "2024-05-30T19:35:41+00:00", "2024-05-30T19:37:45+00:00", "2024-05-30T19:41:38+00:00", "2024-05-30T19:45:22+00:00", "2024-05-30T19:46:38+00:00", "2024-05-30T19:49:52+00:00", "2024-05-30T19:51:56+00:00", "2024-05-30T19:56:05+00:00", "2024-05-30T19:56:49+00:00", "2024-05-30T19:58:44+00:00", "2024-05-30T20:01:53+00:00", "2024-05-30T20:03:30+00:00", "2024-05-30T20:04:54+00:00", "2024-05-30T20:07:18+00:00", "2024-05-30T20:09:06+00:00", "2024-05-30T20:12:31+00:00", "2024-05-30T20:17:51+00:00", "2024-05-30T20:20:15+00:00", "2024-05-30T20:30:11+00:00", "2024-05-30T20:34:19+00:00", "2024-05-30T20:35:55+00:00", "2024-05-30T20:39:16+00:00", "2024-05-30T20:42:32+00:00", "2024-05-30T20:45:40+00:00", "2024-05-30T20:47:16+00:00", "2024-05-30T20:51:20+00:00", "2024-05-30T20:54:01+00:00", "2024-05-30T20:56:21+00:00", "2024-05-30T20:59:09+00:00", "2024-05-30T21:01:33+00:00", "2024-05-30T21:03:45+00:00", "2024-05-30T21:06:57+00:00", "2024-05-30T21:07:49+00:00", "2024-05-30T21:12:54+00:00", "2024-05-30T21:15:50+00:00", "2024-05-30T21:16:46+00:00", "2024-05-30T21:20:10+00:00", "2024-05-30T21:22:30+00:00", "2024-05-30T21:25:38+00:00", "2024-05-30T21:29:11+00:00", "2024-05-30T21:35:07+00:00", "2024-05-30T21:36:35+00:00", "2024-05-30T21:38:59+00:00", "2024-05-30T21:43:11+00:00", "2024-05-30T21:44:44+00:00", "2024-05-30T21:48:12+00:00", "2024-05-30T21:50:24+00:00", "2024-05-30T21:54:36+00:00", "2024-05-30T21:56:00+00:00", "2024-05-30T21:58:48+00:00", "2024-05-30T22:01:17+00:00", "2024-05-30T22:05:29+00:00", "2024-05-30T22:07:29+00:00", "2024-05-30T22:11:09+00:00", "2024-05-30T22:14:41+00:00", "2024-05-30T22:17:05+00:00", "2024-05-30T22:18:26+00:00", "2024-05-30T22:22:14+00:00", "2024-05-30T22:25:02+00:00", "2024-05-30T22:26:34+00:00", "2024-05-30T22:29:10+00:00", "2024-05-30T22:31:46+00:00", "2024-05-30T22:34:18+00:00", "2024-05-30T22:38:15+00:00", "2024-05-30T22:40:31+00:00", "2024-05-30T22:41:27+00:00", "2024-05-30T22:43:51+00:00", "2024-05-30T22:47:59+00:00", "2024-05-30T22:48:43+00:00", "2024-05-30T22:52:08+00:00", "2024-05-30T22:53:32+00:00", "2024-05-30T22:57:00+00:00", "2024-05-30T22:58:28+00:00", "2024-05-30T23:01:20+00:00", "2024-05-30T23:04:04+00:00", "2024-05-30T23:06:33+00:00", "2024-05-30T23:09:44+00:00", "2024-05-30T23:11:00+00:00", "2024-05-30T23:13:48+00:00", "2024-05-30T23:15:56+00:00", "2024-05-30T23:18:33+00:00", "2024-05-30T23:20:21+00:00", "2024-05-30T23:25:17+00:00", "2024-05-30T23:27:25+00:00", "2024-05-30T23:29:45+00:00", "2024-05-30T23:32:29+00:00", "2024-05-30T23:34:26+00:00", "2024-05-30T23:36:22+00:00", "2024-05-30T23:40:06+00:00", "2024-05-30T23:43:58+00:00", "2024-05-30T23:45:14+00:00", "2024-05-30T23:47:19+00:00", "2024-05-30T23:50:39+00:00", "2024-05-30T23:52:19+00:00", "2024-05-30T23:56:20+00:00", "2024-05-30T23:57:40+00:00", "2024-05-30T23:59:45+00:00", "2024-05-31T00:02:53+00:00", "2024-05-31T00:04:33+00:00", "2024-05-31T00:07:17+00:00", "2024-05-31T00:09:25+00:00", "2024-05-31T00:11:57+00:00", "2024-05-31T00:13:25+00:00", "2024-05-31T00:14:46+00:00", "2024-05-31T00:17:30+00:00", "2024-05-31T00:19:42+00:00", "2024-05-31T00:22:34+00:00", "2024-05-31T00:25:10+00:00", "2024-05-31T00:28:26+00:00", "2024-05-31T00:30:34+00:00", "2024-05-31T00:33:30+00:00", "2024-05-31T00:38:01+00:00", "2024-05-31T00:40:01+00:00", "2024-05-31T00:41:52+00:00", "2024-05-31T00:45:30+00:00", "2024-05-31T00:47:44+00:00", "2024-05-31T00:50:32+00:00", "2024-05-31T00:53:25+00:00", "2024-05-31T00:56:41+00:00", "2024-05-31T01:00:38+00:00", "2024-05-31T01:04:02+00:00", "2024-05-31T01:08:22+00:00", "2024-05-31T01:12:09+00:00", "2024-05-31T01:13:26+00:00", "2024-05-31T01:15:17+00:00", "2024-05-31T01:19:47+00:00", "2024-05-31T01:23:15+00:00", "2024-05-31T01:29:16+00:00", "2024-05-31T01:31:32+00:00", "2024-05-31T01:35:28+00:00", "2024-05-31T01:37:24+00:00", "2024-05-31T01:39:21+00:00", "2024-05-31T01:41:18+00:00", "2024-05-31T01:44:02+00:00", "2024-05-31T01:45:34+00:00", "2024-05-31T01:48:59+00:00", "2024-05-31T01:51:23+00:00", "2024-05-31T01:55:56+00:00", "2024-05-31T01:58:24+00:00", "2024-05-31T02:03:24+00:00", "2024-05-31T02:04:24+00:00", "2024-05-31T02:06:01+00:00", "2024-05-31T02:08:09+00:00", "2024-05-31T02:10:17+00:00", "2024-05-31T02:13:17+00:00", "2024-05-31T02:16:49+00:00", "2024-05-31T02:18:37+00:00", "2024-05-31T02:20:46+00:00", "2024-05-31T02:23:47+00:00", "2024-05-31T02:26:15+00:00", "2024-05-31T02:31:00+00:00", "2024-05-31T02:31:56+00:00", "2024-05-31T02:36:00+00:00", "2024-05-31T02:37:53+00:00", "2024-05-31T02:39:21+00:00", "2024-05-31T02:41:33+00:00", "2024-05-31T02:45:14+00:00", "2024-05-31T02:46:34+00:00", "2024-05-31T02:49:30+00:00", "2024-05-31T02:52:22+00:00", "2024-05-31T02:57:39+00:00", "2024-05-31T02:58:43+00:00", "2024-05-31T03:06:16+00:00", "2024-05-31T03:08:04+00:00", "2024-05-31T03:10:40+00:00", "2024-05-31T03:14:20+00:00", "2024-05-31T03:16:01+00:00", "2024-05-31T03:20:49+00:00", "2024-05-31T03:23:33+00:00", "2024-05-31T03:26:38+00:00", "2024-05-31T03:28:54+00:00", "2024-05-31T03:31:58+00:00", "2024-05-31T03:34:19+00:00", "2024-05-31T03:39:36+00:00", "2024-05-31T03:41:56+00:00", "2024-05-31T03:44:57+00:00", "2024-05-31T03:47:41+00:00", "2024-05-31T03:50:34+00:00", "2024-05-31T03:53:22+00:00", "2024-05-31T03:59:39+00:00", "2024-05-31T04:01:15+00:00", "2024-05-31T04:04:44+00:00", "2024-05-31T04:06:28+00:00", "2024-05-31T04:10:08+00:00", "2024-05-31T04:12:52+00:00", "2024-05-31T04:18:09+00:00", "2024-05-31T04:19:37+00:00", "2024-05-31T04:23:29+00:00", "2024-05-31T04:24:38+00:00", "2024-05-31T04:29:22+00:00", "2024-05-31T04:30:30+00:00", "2024-05-31T04:32:38+00:00", "2024-05-31T04:36:43+00:00", "2024-05-31T04:38:11+00:00", "2024-05-31T04:40:39+00:00", "2024-05-31T04:42:52+00:00", "2024-05-31T04:47:32+00:00", "2024-05-31T04:49:57+00:00", "2024-05-31T04:52:17+00:00", "2024-05-31T04:55:13+00:00", "2024-05-31T05:00:27+00:00", "2024-05-31T05:03:27+00:00", "2024-05-31T05:06:55+00:00", "2024-05-31T05:08:19+00:00", "2024-05-31T05:11:23+00:00", "2024-05-31T05:14:56+00:00", "2024-05-31T05:19:04+00:00", "2024-05-31T05:23:49+00:00", "2024-05-31T05:25:49+00:00", "2024-05-31T05:28:22+00:00", "2024-05-31T05:29:54+00:00", "2024-05-31T05:32:50+00:00", "2024-05-31T05:36:31+00:00", "2024-05-31T05:39:31+00:00", "2024-05-31T05:41:03+00:00", "2024-05-31T05:43:27+00:00", "2024-05-31T05:48:16+00:00", "2024-05-31T05:50:12+00:00", "2024-05-31T05:54:28+00:00", "2024-05-31T05:55:29+00:00", "2024-05-31T05:58:09+00:00", "2024-05-31T06:01:41+00:00", "2024-05-31T06:03:18+00:00", "2024-05-31T06:05:26+00:00", "2024-05-31T06:07:46+00:00", "2024-05-31T06:11:07+00:00", "2024-05-31T06:12:59+00:00", "2024-05-31T06:15:03+00:00", "2024-05-31T06:16:47+00:00", "2024-05-31T06:23:28+00:00", "2024-05-31T06:28:38+00:00", "2024-05-31T06:31:22+00:00", "2024-05-31T06:41:27+00:00", "2024-05-31T06:46:20+00:00", "2024-05-31T06:51:04+00:00", "2024-05-31T06:56:05+00:00", "2024-05-31T07:02:38+00:00", "2024-05-31T07:06:50+00:00", "2024-05-31T07:13:43+00:00", "2024-05-31T07:18:31+00:00", "2024-05-31T07:28:16+00:00", "2024-05-31T07:31:17+00:00", "2024-05-31T07:35:01+00:00", "2024-05-31T07:41:43+00:00", "2024-05-31T07:44:52+00:00", "2024-05-31T07:50:06+00:00", "2024-05-31T07:53:47+00:00", "2024-05-31T07:58:04+00:00", "2024-05-31T08:01:16+00:00", "2024-05-31T08:05:09+00:00", "2024-05-31T08:10:27+00:00", "2024-05-31T08:15:03+00:00", "2024-05-31T08:19:35+00:00", "2024-05-31T08:22:04+00:00", "2024-05-31T08:23:12+00:00", "2024-05-31T08:27:48+00:00", "2024-05-31T08:32:52+00:00", "2024-05-31T08:34:53+00:00", "2024-05-31T08:39:41+00:00", "2024-05-31T08:41:37+00:00", "2024-05-31T08:44:21+00:00", "2024-05-31T08:48:38+00:00", "2024-05-31T08:52:06+00:00", "2024-05-31T08:55:23+00:00", "2024-05-31T09:00:31+00:00", "2024-05-31T09:04:40+00:00", "2024-05-31T09:09:45+00:00", "2024-05-31T09:13:25+00:00", "2024-05-31T09:19:10+00:00", "2024-05-31T09:21:06+00:00", "2024-05-31T09:26:10+00:00", "2024-05-31T09:30:07+00:00", "2024-05-31T09:31:28+00:00", "2024-05-31T09:35:48+00:00", "2024-05-31T09:39:08+00:00", "2024-05-31T09:42:45+00:00", "2024-05-31T09:44:33+00:00", "2024-05-31T09:46:02+00:00", "2024-05-31T09:51:51+00:00", "2024-05-31T09:54:20+00:00", "2024-05-31T10:03:05+00:00", "2024-05-31T10:05:44+00:00", "2024-05-31T10:10:16+00:00", "2024-05-31T10:13:40+00:00", "2024-05-31T10:15:46+00:00", "2024-05-31T10:21:11+00:00", "2024-05-31T10:24:07+00:00", "2024-05-31T10:27:43+00:00", "2024-05-31T10:30:35+00:00", "2024-05-31T10:36:59+00:00", "2024-05-31T10:40:54+00:00", "2024-05-31T10:43:34+00:00", "2024-05-31T10:45:45+00:00", "2024-05-31T10:49:01+00:00", "2024-05-31T10:51:53+00:00", "2024-05-31T10:59:57+00:00", "2024-05-31T11:02:41+00:00", "2024-05-31T11:07:42+00:00", "2024-05-31T11:11:06+00:00", "2024-05-31T11:17:38+00:00", "2024-05-31T11:19:43+00:00", "2024-05-31T11:24:11+00:00", "2024-05-31T11:27:27+00:00", "2024-05-31T11:32:20+00:00", "2024-05-31T11:36:17+00:00", "2024-05-31T11:40:41+00:00", "2024-05-31T11:45:52+00:00", "2024-05-31T11:54:20+00:00", "2024-05-31T12:17:35+00:00", "2024-05-31T12:28:26+00:00", "2024-05-31T12:30:43+00:00", "2024-05-31T12:40:18+00:00", "2024-05-31T12:49:43+00:00", "2024-05-31T12:52:59+00:00", "2024-05-31T12:58:41+00:00", "2024-05-31T13:10:32+00:00", "2024-05-31T13:13:00+00:00", "2024-05-31T13:24:33+00:00", "2024-05-31T13:30:29+00:00", "2024-05-31T13:33:58+00:00", "2024-05-31T13:38:50+00:00", "2024-05-31T13:41:02+00:00", "2024-05-31T13:50:19+00:00", "2024-05-31T13:56:24+00:00", "2024-05-31T14:00:20+00:00", "2024-05-31T14:07:13+00:00", "2024-05-31T14:13:25+00:00", "2024-05-31T14:17:46+00:00", "2024-05-31T14:25:26+00:00", "2024-05-31T14:28:58+00:00", "2024-05-31T14:32:23+00:00", "2024-05-31T14:36:27+00:00", "2024-05-31T14:39:43+00:00", "2024-05-31T14:46:07+00:00", "2024-05-31T14:49:48+00:00", "2024-05-31T14:56:20+00:00", "2024-05-31T15:05:33+00:00", "2024-05-31T15:09:05+00:00", "2024-05-31T15:21:22+00:00", "2024-05-31T15:29:31+00:00", "2024-05-31T15:34:07+00:00", "2024-05-31T15:46:04+00:00", "2024-05-31T15:50:44+00:00", "2024-05-31T15:54:52+00:00", "2024-05-31T16:01:21+00:00", "2024-05-31T16:08:53+00:00", "2024-05-31T16:17:05+00:00", "2024-05-31T16:21:06+00:00", "2024-05-31T16:26:30+00:00", "2024-05-31T16:29:22+00:00", "2024-05-31T16:35:54+00:00", "2024-05-31T16:39:59+00:00", "2024-05-31T16:49:04+00:00", "2024-05-31T16:51:24+00:00", "2024-05-31T16:57:09+00:00", "2024-05-31T17:00:17+00:00", "2024-05-31T17:06:01+00:00", "2024-05-31T17:10:18+00:00", "2024-05-31T17:14:06+00:00", "2024-05-31T17:16:30+00:00", "2024-05-31T17:20:46+00:00", "2024-05-31T17:25:59+00:00", "2024-05-31T17:29:35+00:00", "2024-05-31T17:31:43+00:00", "2024-05-31T17:36:15+00:00", "2024-05-31T17:38:48+00:00", "2024-05-31T17:42:40+00:00", "2024-05-31T17:47:12+00:00", "2024-05-31T17:48:48+00:00", "2024-05-31T17:52:20+00:00", "2024-05-31T17:55:17+00:00", "2024-05-31T17:59:45+00:00", "2024-05-31T18:02:49+00:00", "2024-05-31T18:09:02+00:00", "2024-05-31T18:12:02+00:00", "2024-05-31T18:18:26+00:00", "2024-05-31T18:22:54+00:00", "2024-05-31T18:24:06+00:00", "2024-05-31T18:28:11+00:00", "2024-05-31T18:31:59+00:00", "2024-05-31T18:37:48+00:00", "2024-05-31T18:39:48+00:00", "2024-05-31T18:46:17+00:00", "2024-05-31T18:49:29+00:00", "2024-05-31T18:52:17+00:00", "2024-05-31T18:56:13+00:00", "2024-05-31T19:00:05+00:00", "2024-05-31T19:04:38+00:00", "2024-05-31T19:09:22+00:00", "2024-05-31T19:13:06+00:00", "2024-05-31T19:16:43+00:00", "2024-05-31T19:21:31+00:00", "2024-05-31T19:25:35+00:00", "2024-05-31T19:30:40+00:00", "2024-05-31T19:33:36+00:00", "2024-05-31T19:36:52+00:00", "2024-05-31T19:40:32+00:00", "2024-05-31T19:46:49+00:00", "2024-05-31T19:48:49+00:00", "2024-05-31T19:56:09+00:00", "2024-05-31T19:59:49+00:00", "2024-05-31T20:05:06+00:00", "2024-05-31T20:07:30+00:00", "2024-05-31T20:09:14+00:00", "2024-05-31T20:12:50+00:00", "2024-05-31T20:17:32+00:00", "2024-05-31T20:21:44+00:00", "2024-05-31T20:25:32+00:00", "2024-05-31T20:28:21+00:00", "2024-05-31T20:31:53+00:00", "2024-05-31T20:35:49+00:00", "2024-05-31T20:40:17+00:00", "2024-05-31T20:43:22+00:00", "2024-05-31T20:47:30+00:00", "2024-05-31T20:50:30+00:00", "2024-05-31T20:52:26+00:00", "2024-05-31T20:54:46+00:00", "2024-05-31T21:00:43+00:00", "2024-05-31T21:04:27+00:00", "2024-05-31T21:08:27+00:00", "2024-05-31T21:09:07+00:00", "2024-05-31T21:15:28+00:00", "2024-05-31T21:17:48+00:00", "2024-05-31T21:19:04+00:00", "2024-05-31T21:22:48+00:00", "2024-05-31T21:25:20+00:00", "2024-05-31T21:28:16+00:00", "2024-05-31T21:30:25+00:00", "2024-05-31T21:34:17+00:00", "2024-05-31T21:36:37+00:00", "2024-05-31T21:40:09+00:00", "2024-05-31T21:45:06+00:00", "2024-05-31T21:48:02+00:00", "2024-05-31T21:51:30+00:00", "2024-05-31T21:53:34+00:00", "2024-05-31T21:55:46+00:00", "2024-05-31T21:59:02+00:00", "2024-05-31T22:03:07+00:00", "2024-05-31T22:05:47+00:00", "2024-05-31T22:11:04+00:00", "2024-05-31T22:13:32+00:00", "2024-05-31T22:15:40+00:00", "2024-05-31T22:19:01+00:00", "2024-05-31T22:20:49+00:00", "2024-05-31T22:25:37+00:00", "2024-05-31T22:29:33+00:00", "2024-05-31T22:32:50+00:00", "2024-05-31T22:38:10+00:00", "2024-05-31T22:40:38+00:00", "2024-05-31T22:45:31+00:00", "2024-05-31T22:49:51+00:00", "2024-05-31T22:54:47+00:00", "2024-05-31T22:58:27+00:00", "2024-05-31T23:03:04+00:00", "2024-05-31T23:06:24+00:00", "2024-05-31T23:09:42+00:00", "2024-05-31T23:13:12+00:00", "2024-05-31T23:18:48+00:00", "2024-05-31T23:29:29+00:00", "2024-05-31T23:34:09+00:00", "2024-05-31T23:40:42+00:00", "2024-05-31T23:47:26+00:00", "2024-05-31T23:52:32+00:00", "2024-05-31T23:56:26+00:00", "2024-05-31T23:57:50+00:00", "2024-06-01T00:04:02+00:00", "2024-06-01T00:06:46+00:00", "2024-06-01T00:10:27+00:00", "2024-06-01T00:14:03+00:00", "2024-06-01T00:18:15+00:00", "2024-06-01T00:21:04+00:00", "2024-06-01T00:26:40+00:00", "2024-06-01T00:34:16+00:00", "2024-06-01T00:35:24+00:00", "2024-06-01T00:39:42+00:00", "2024-06-01T00:42:26+00:00", "2024-06-01T00:47:59+00:00", "2024-06-01T00:55:47+00:00", "2024-06-01T01:00:59+00:00", "2024-06-01T01:05:24+00:00", "2024-06-01T01:11:08+00:00", "2024-06-01T01:17:09+00:00", "2024-06-01T01:20:33+00:00", "2024-06-01T01:23:33+00:00", "2024-06-01T01:30:41+00:00", "2024-06-01T01:37:26+00:00", "2024-06-01T01:40:46+00:00", "2024-06-01T01:45:26+00:00", "2024-06-01T01:48:38+00:00", "2024-06-01T01:52:55+00:00", "2024-06-01T01:58:19+00:00", "2024-06-01T02:02:07+00:00", "2024-06-01T02:06:59+00:00", "2024-06-01T02:14:40+00:00", "2024-06-01T02:18:16+00:00", "2024-06-01T02:21:00+00:00", "2024-06-01T02:24:37+00:00", "2024-06-01T02:30:57+00:00", "2024-06-01T02:33:57+00:00", "2024-06-01T02:38:41+00:00", "2024-06-01T02:43:38+00:00", "2024-06-01T02:50:42+00:00", "2024-06-01T02:57:10+00:00", "2024-06-01T03:01:00+00:00", "2024-06-01T03:04:57+00:00", "2024-06-01T03:07:49+00:00", "2024-06-01T03:11:29+00:00", "2024-06-01T03:14:13+00:00", "2024-06-01T03:18:45+00:00", "2024-06-01T03:21:42+00:00", "2024-06-01T03:24:22+00:00", "2024-06-01T03:27:02+00:00", "2024-06-01T03:32:42+00:00", "2024-06-01T03:36:22+00:00", "2024-06-01T03:37:30+00:00", "2024-06-01T03:40:43+00:00", "2024-06-01T03:44:39+00:00", "2024-06-01T03:46:23+00:00", "2024-06-01T03:50:27+00:00", "2024-06-01T03:53:11+00:00", "2024-06-01T03:58:04+00:00", "2024-06-01T03:59:52+00:00", "2024-06-01T04:02:52+00:00", "2024-06-01T04:07:04+00:00", "2024-06-01T04:09:45+00:00", "2024-06-01T04:12:21+00:00", "2024-06-01T04:18:21+00:00", "2024-06-01T04:21:57+00:00", "2024-06-01T04:24:38+00:00", "2024-06-01T04:28:38+00:00", "2024-06-01T04:33:34+00:00", "2024-06-01T04:37:03+00:00", "2024-06-01T04:40:27+00:00", "2024-06-01T04:42:15+00:00", "2024-06-01T04:47:16+00:00", "2024-06-01T04:50:16+00:00", "2024-06-01T04:51:52+00:00", "2024-06-01T04:55:29+00:00", "2024-06-01T05:01:53+00:00", "2024-06-01T05:06:35+00:00", "2024-06-01T05:08:51+00:00", "2024-06-01T05:11:39+00:00", "2024-06-01T05:13:07+00:00", "2024-06-01T05:18:00+00:00", "2024-06-01T05:19:12+00:00", "2024-06-01T05:23:16+00:00", "2024-06-01T05:25:57+00:00", "2024-06-01T05:28:05+00:00", "2024-06-01T05:31:33+00:00", "2024-06-01T05:34:25+00:00", "2024-06-01T05:36:02+00:00", "2024-06-01T05:38:26+00:00", "2024-06-01T05:41:06+00:00", "2024-06-01T05:43:46+00:00", "2024-06-01T05:48:34+00:00", "2024-06-01T05:49:50+00:00", "2024-06-01T05:55:35+00:00", "2024-06-01T05:57:59+00:00", "2024-06-01T06:01:59+00:00", "2024-06-01T06:03:20+00:00", "2024-06-01T06:07:01+00:00", "2024-06-01T06:07:49+00:00", "2024-06-01T06:10:05+00:00", "2024-06-01T06:13:33+00:00", "2024-06-01T06:17:13+00:00", "2024-06-01T06:20:14+00:00", "2024-06-01T06:22:30+00:00", "2024-06-01T06:26:30+00:00", "2024-06-01T06:31:41+00:00", "2024-06-01T06:34:41+00:00", "2024-06-01T06:38:21+00:00", "2024-06-01T06:41:41+00:00", "2024-06-01T06:44:17+00:00", "2024-06-01T06:49:01+00:00", "2024-06-01T06:50:38+00:00", "2024-06-01T06:55:38+00:00", "2024-06-01T06:58:18+00:00", "2024-06-01T07:04:14+00:00", "2024-06-01T07:08:15+00:00", "2024-06-01T07:11:23+00:00", "2024-06-01T07:13:35+00:00", "2024-06-01T07:17:20+00:00", "2024-06-01T07:20:52+00:00", "2024-06-01T07:24:29+00:00", "2024-06-01T07:28:06+00:00", "2024-06-01T07:29:27+00:00", "2024-06-01T07:34:57+00:00", "2024-06-01T07:37:17+00:00", "2024-06-01T07:38:45+00:00", "2024-06-01T07:43:33+00:00", "2024-06-01T07:48:54+00:00", "2024-06-01T07:51:34+00:00", "2024-06-01T07:54:02+00:00", "2024-06-01T07:58:50+00:00", "2024-06-01T08:05:03+00:00", "2024-06-01T08:08:43+00:00", "2024-06-01T08:12:11+00:00", "2024-06-01T08:14:12+00:00", "2024-06-01T08:17:16+00:00", "2024-06-01T08:22:50+00:00", "2024-06-01T08:26:43+00:00", "2024-06-01T08:28:44+00:00", "2024-06-01T08:30:12+00:00", "2024-06-01T08:35:09+00:00", "2024-06-01T08:38:01+00:00", "2024-06-01T08:44:49+00:00", "2024-06-01T08:48:25+00:00", "2024-06-01T08:53:09+00:00", "2024-06-01T08:55:46+00:00", "2024-06-01T08:57:14+00:00", "2024-06-01T09:01:43+00:00", "2024-06-01T09:04:31+00:00", "2024-06-01T09:09:32+00:00", "2024-06-01T09:12:04+00:00", "2024-06-01T09:15:05+00:00", "2024-06-01T09:18:49+00:00", "2024-06-01T09:21:29+00:00", "2024-06-01T09:23:54+00:00", "2024-06-01T09:27:34+00:00", "2024-06-01T09:28:38+00:00", "2024-06-01T09:31:59+00:00", "2024-06-01T09:36:16+00:00", "2024-06-01T09:38:05+00:00", "2024-06-01T09:42:11+00:00", "2024-06-01T09:44:15+00:00", "2024-06-01T09:45:56+00:00", "2024-06-01T09:51:24+00:00", "2024-06-01T09:53:08+00:00", "2024-06-01T09:56:56+00:00", "2024-06-01T10:02:20+00:00", "2024-06-01T10:04:29+00:00", "2024-06-01T10:08:02+00:00", "2024-06-01T10:11:11+00:00", "2024-06-01T10:13:39+00:00", "2024-06-01T10:18:31+00:00", "2024-06-01T10:19:04+00:00", "2024-06-01T10:22:24+00:00", "2024-06-01T10:29:37+00:00", "2024-06-01T10:30:17+00:00", "2024-06-01T10:35:06+00:00", "2024-06-01T10:41:14+00:00", "2024-06-01T10:43:06+00:00", "2024-06-01T10:46:39+00:00", "2024-06-01T10:50:55+00:00", "2024-06-01T10:52:15+00:00", "2024-06-01T10:57:31+00:00", "2024-06-01T10:59:39+00:00", "2024-06-01T11:02:07+00:00", "2024-06-01T11:06:43+00:00", "2024-06-01T11:09:32+00:00", "2024-06-01T11:14:16+00:00", "2024-06-01T11:16:08+00:00", "2024-06-01T11:18:48+00:00", "2024-06-01T11:23:12+00:00", "2024-06-01T11:29:09+00:00", "2024-06-01T11:32:41+00:00", "2024-06-01T11:37:10+00:00", "2024-06-01T11:40:19+00:00", "2024-06-01T11:42:31+00:00", "2024-06-01T11:45:08+00:00", "2024-06-01T11:51:54+00:00", "2024-06-01T11:53:58+00:00", "2024-06-01T11:57:55+00:00", "2024-06-01T12:01:19+00:00", "2024-06-01T12:03:15+00:00", "2024-06-01T12:06:43+00:00", "2024-06-01T12:09:43+00:00", "2024-06-01T12:12:08+00:00", "2024-06-01T12:14:40+00:00", "2024-06-01T12:22:37+00:00", "2024-06-01T12:26:02+00:00", "2024-06-01T12:28:43+00:00", "2024-06-01T12:31:16+00:00", "2024-06-01T12:34:58+00:00", "2024-06-01T12:37:38+00:00", "2024-06-01T12:41:11+00:00", "2024-06-01T12:42:55+00:00", "2024-06-01T12:45:48+00:00", "2024-06-01T12:49:08+00:00", "2024-06-01T12:51:08+00:00", "2024-06-01T12:54:04+00:00", "2024-06-01T12:57:57+00:00", "2024-06-01T13:01:01+00:00", "2024-06-01T13:03:17+00:00", "2024-06-01T13:06:29+00:00", "2024-06-01T13:12:22+00:00", "2024-06-01T13:14:02+00:00", "2024-06-01T13:16:46+00:00", "2024-06-01T13:20:34+00:00", "2024-06-01T13:22:38+00:00", "2024-06-01T13:24:50+00:00", "2024-06-01T13:27:34+00:00", "2024-06-01T13:29:02+00:00", "2024-06-01T13:33:11+00:00", "2024-06-01T13:35:59+00:00", "2024-06-01T13:38:15+00:00", "2024-06-01T13:42:43+00:00", "2024-06-01T13:44:03+00:00", "2024-06-01T13:47:08+00:00", "2024-06-01T13:50:48+00:00", "2024-06-01T13:52:28+00:00", "2024-06-01T13:54:52+00:00", "2024-06-01T13:59:13+00:00", "2024-06-01T14:00:37+00:00", "2024-06-01T14:03:17+00:00", "2024-06-01T14:05:09+00:00", "2024-06-01T14:07:37+00:00", "2024-06-01T14:14:34+00:00", "2024-06-01T14:18:54+00:00", "2024-06-01T14:20:46+00:00", "2024-06-01T14:25:31+00:00", "2024-06-01T14:26:27+00:00", "2024-06-01T14:30:43+00:00", "2024-06-01T14:35:55+00:00", "2024-06-01T14:38:40+00:00", "2024-06-01T14:40:28+00:00", "2024-06-01T14:45:16+00:00", "2024-06-01T14:48:04+00:00", "2024-06-01T14:50:16+00:00", "2024-06-01T14:56:49+00:00", "2024-06-01T14:59:37+00:00", "2024-06-01T15:03:29+00:00", "2024-06-01T15:05:34+00:00", "2024-06-01T15:08:22+00:00", "2024-06-01T15:11:15+00:00", "2024-06-01T15:13:23+00:00", "2024-06-01T15:17:23+00:00", "2024-06-01T15:20:43+00:00", "2024-06-01T15:23:28+00:00", "2024-06-01T15:26:12+00:00", "2024-06-01T15:29:04+00:00", "2024-06-01T15:33:28+00:00", "2024-06-01T15:40:09+00:00", "2024-06-01T15:41:49+00:00", "2024-06-01T15:44:09+00:00", "2024-06-01T15:46:21+00:00", "2024-06-01T15:52:05+00:00", "2024-06-01T15:54:37+00:00", "2024-06-01T15:57:46+00:00", "2024-06-01T16:02:02+00:00", "2024-06-01T16:04:14+00:00", "2024-06-01T16:07:46+00:00", "2024-06-01T16:11:07+00:00", "2024-06-01T16:17:51+00:00", "2024-06-01T16:19:15+00:00", "2024-06-01T16:23:35+00:00", "2024-06-01T16:27:20+00:00", "2024-06-01T16:29:12+00:00", "2024-06-01T16:32:00+00:00", "2024-06-01T16:35:48+00:00", "2024-06-01T16:38:56+00:00", "2024-06-01T16:41:01+00:00", "2024-06-01T16:44:21+00:00", "2024-06-01T16:47:45+00:00", "2024-06-01T16:52:17+00:00", "2024-06-01T16:54:49+00:00", "2024-06-01T16:59:50+00:00", "2024-06-01T17:02:14+00:00", "2024-06-01T17:07:50+00:00", "2024-06-01T17:09:26+00:00", "2024-06-01T17:11:46+00:00", "2024-06-01T17:15:19+00:00", "2024-06-01T17:17:27+00:00", "2024-06-01T17:19:55+00:00", "2024-06-01T17:22:07+00:00", "2024-06-01T17:24:40+00:00", "2024-06-01T17:26:56+00:00", "2024-06-01T17:30:25+00:00", "2024-06-01T17:32:25+00:00", "2024-06-01T17:34:13+00:00", "2024-06-01T17:35:25+00:00", "2024-06-01T17:38:57+00:00", "2024-06-01T17:43:01+00:00", "2024-06-01T17:44:09+00:00", "2024-06-01T17:46:38+00:00", "2024-06-01T17:50:10+00:00", "2024-06-01T17:51:38+00:00", "2024-06-01T17:53:17+00:00", "2024-06-01T17:56:41+00:00", "2024-06-01T17:59:13+00:00", "2024-06-01T18:01:49+00:00", "2024-06-01T18:05:14+00:00", "2024-06-01T18:06:34+00:00", "2024-06-01T18:08:22+00:00", "2024-06-01T18:10:34+00:00", "2024-06-01T18:12:26+00:00", "2024-06-01T18:13:50+00:00", "2024-06-01T18:16:10+00:00", "2024-06-01T18:17:38+00:00", "2024-06-01T18:21:55+00:00", "2024-06-01T18:24:11+00:00", "2024-06-01T18:26:39+00:00", "2024-06-01T18:29:19+00:00", "2024-06-01T18:31:55+00:00", "2024-06-01T18:36:16+00:00", "2024-06-01T18:49:57+00:00", "2024-06-01T18:59:02+00:00", "2024-06-01T19:05:50+00:00", "2024-06-01T19:11:22+00:00", "2024-06-01T19:14:51+00:00", "2024-06-01T19:19:07+00:00", "2024-06-01T19:23:16+00:00", "2024-06-01T23:50:19+00:00", "2024-06-02T03:10:33+00:00", "2024-06-02T15:07:17+00:00", "2024-06-02T23:08:11+00:00", "2024-06-02T23:15:44+00:00", "2024-06-02T23:22:09+00:00", "2024-06-02T23:31:19+00:00", "2024-06-02T23:35:27+00:00", "2024-06-02T23:38:23+00:00", "2024-06-02T23:42:04+00:00", "2024-06-02T23:45:54+00:00", "2024-06-02T23:51:11+00:00", "2024-06-02T23:55:03+00:00", "2024-06-03T00:00:35+00:00", "2024-06-03T00:02:04+00:00", "2024-06-03T00:06:01+00:00", "2024-06-03T00:09:17+00:00", "2024-06-03T16:58:02+00:00", "2024-06-04T00:55:56+00:00", "2024-06-04T01:00:07+00:00", "2024-06-04T01:02:07+00:00", "2024-06-04T01:04:31+00:00", "2024-06-04T01:06:00+00:00", "2024-06-04T01:10:44+00:00", "2024-06-04T01:12:57+00:00", "2024-06-04T01:16:33+00:00", "2024-06-04T01:18:54+00:00", "2024-06-04T01:20:02+00:00", "2024-06-04T01:24:46+00:00", "2024-06-04T01:31:42+00:00", "2024-06-04T02:36:23+00:00", "2024-06-04T13:16:36+00:00", "2024-06-05T00:10:34+00:00", "2024-06-05T00:16:06+00:00", "2024-06-05T00:18:34+00:00", "2024-06-05T00:22:47+00:00", "2024-06-05T00:26:07+00:00", "2024-06-05T00:29:52+00:00", "2024-06-05T00:31:20+00:00", "2024-06-05T00:33:40+00:00", "2024-06-05T00:34:37+00:00", "2024-06-05T00:39:17+00:00", "2024-06-05T00:44:46+00:00", "2024-06-05T00:47:06+00:00", "2024-06-05T00:50:19+00:00", "2024-06-05T00:57:28+00:00", "2024-06-05T18:26:24+00:00"], "elevations": [null, null, null, null, null, null, null, null, null, null, null, null, null, null, null, null, null, null, null, null, null, null, null, null, null, null, null, null, null, null, null, null, null, null, null, null, null, null, null, null, null, null, null, null, null, null, null, null, null, null, null, null, null, null, null, null, null, null, null, null, null, null, null, null, null, null, null, null, null, null, null, null, null, null, null, null, null, null, null, null, null, null, null, null, null, null, null, null, null, null, null, null, null, null, null, null, null, null, null, null, null, null, null, null, null, null, null, null, null, null, null, null, null, null, null, null, null, null, null, null, null, null, null, null, null, null, null, null, null, null, null, null, null, null, null, null, null, null, null, null, null, null, null, null, null, null, null, null, null, null, null, null, null, null, null, null, null, null, null, null, null, null, null, null, null, null, null, null, null, null, null, null, null, null, null, null, null, null, null, null, null, null, null, null, null, null, null, null, null, null, null, null, null, null, null, null, null, null, null, null, null, null, null, null, null, null, null, null, null, null, null, null, null, null, null, null, null, null, null, null, null, null, null, null, null, null, null, null, null, null, null, null, null, null, null, null, null, null, null, null, null, null, null, null, null, null, null, null, null, null, null, null, null, null, null, null, null, null, null, null, null, null, null, null, null, null, null, null, null, null, null, null, null, null, null, null, null, null, null, null, null, null, null, null, null, null, null, null, null, null, null, null, null, null, null, null, null, null, null, null, null, null, null, null, null, null, null, null, null, null, null, null, null, null, null, null, null, null, null, null, null, null, null, null, null, null, null, null, null, null, null, null, null, null, null, null, null, null, null, null, null, null, null, null, null, null, null, null, null, null, null, null, null, null, null, null, null, null, null, null, null, null, null, null, null, null, null, null, null, null, null, null, null, null, null, null, null, null, null, null, null, null, null, null, null, null, null, null, null, null, null, null, null, null, null, null, null, null, null, null, null, null, null, null, null, null, null, null, null, null, null, null, null, null, null, null, null, null, null, null, null, null, null, null, null, null, null, null, null, null, null, null, null, null, null, null, null, null, null, null, null, null, null, null, null, null, null, null, null, null, null, null, null, null, null, null, null, null, null, null, null, null, null, null, null, null, null, null, null, null, null, null, null, null, null, null, null, null, null, null, null, null, null, null, null, null, null, null, null, null, null, null, null, null, null, null, null, null, null, null, null, null, null, null, null, null, null, null, null, null, null, null, null, null, null, null, null, null, null, null, null, null, null, null, null, null, null, null, null, null, null, null, null, null, null, null, null, null, null, null, null, null, null, null, null, null, null, null, null, null, null, null, null, null, null, null, null, null, null, null, null, null, null, null, null, null, null, null, null, null, null, null, null, null, null, null, null, null, null, null, null, null, null, null, null, null, null, null, null, null, null, null, null, null, null, null, null, null, null, null, null, null, null, null, null, null, null, null, null, null, null, null, null, null, null, null, null, null, null, null, null, null, null, null, null, null, null, null, null, null, null, null, null, null, null, null, null, null, null, null, null, null, null, null, null, null, null, null, null, null, null, null, null, null, null, null, null, null, null, null, null, null, null, null, null, null, null, null, null, null, null, null, null, null, null, null, null, null, null, null, null, null, null, null, null, null, null, null, null, null, null, null, null, null, null, null, null, null, null, null, null, null, null, null, null, null, null, null, null, null, null, null, null, null, null, null, null, null, null, null, null, null, null, null, null, null, null, null, null, null, null, null, null, null, null, null, null, null, null, null, null, null, null, null, null, null, null, null, null, null, null, null, null, null, null, null, null, null, null, null, null, null, null, null, null, null, null, null, null, null, null, null, null, null, null, null, null, null, null, null, null, null, null, null, null, null, null, null, null, null, null, null, null, null, null, null, null, null, null, null, null, null, null, null, null, null, null, null, null, null, null, null, null, null, null, null, null, null, null, null, null, null, null, null, null, null, null, null, null, null, null, null, null, null, null, null, null, null, null, null, null, null, null, null, null, null, null, null, null, null, null, null, null, null, null, null, null, null, null, null, null, null, null, null, null, null, null, null, null, null, null, null, null, null, null, null, null, null, null, null, null, null, null, null, null, null, null, null, null, null, null, null, null, null, null, null, null, null, null, null, null, null, null, null, null, null, null, null, null, null, null, null, null, null, null, null, null, null, null, null, null, null, null, null, null, null, null, null, null, null, null, null, null, null, null, null, null, null, null, null, null, null, null, null, null, null, null, null, null, null, null, null, null, null, null, null, null, null, null, null, null, null, null, null, null, null, null, null, null, null, null, null, null, null, null, null, null, null, null, null, null, null, null, null, null, null, null, null, null, null, null, null, null, null, null, null, null, null, null, null, null, null, null, null, null, null, null, null, null, null, null, null, null, null, null, null, null, null, null, null, null, null, null, null, null, null, null, null, null, null, null, null, null, null, null, null, null, null, null, null, null, null, null, null, null, null, null, null, null, null, null, null, null, null, null, null, null, null, null, null, null, null, null, null, null, null, null, null, null, null, null, null, null, null, null, null, null, null, null, null, null, null, null, null, null, null, null, null, null, null, null, null, null, null, null, null, null, null, null, null, null, null, null, null, null, null, null, null, null, null, null, null, null, null, null, null, null, null, null, null, null, null, null, null, null, null, null, null, null, null, null, null, null, null, null, null, null, null, null, null, null, null, null, null, null, null, null, null, null, null, null, null, null, null, null, null, null, null, null, null, null, null, null, null, null, null, null, null, null, null, null, null, null, null, null, null, null, null, null, null, null, null, null, null, null, null, null, null, null, null, null, null, null, null, null, null, null, null, null, null, null, null, null, null, null, null, null, null, null, null, null, null, null, null, null, null, null, null, null, null, null, null, null, null, null, null, null, null, null, null, null, null, null, null, null, null, null, null, null, null, null, null, null, null, null, null, null, null, null, null, null, null, null, null, null, null, null, null, null, null, null, null, null, null, null, null, null, null, null, null, null, null, null, null, null, null, null, null, null, null, null, null, null, null, null, null, null, null, null, null, null, null, null, null, null, null, null, null, null, null, null, null, null, null, null, null, null, null, null, null, null, null, null, null, null, null, null, null, null, null, null, null, null, null, null, null, null, null, null, null, null, null, null, null, null, null, null, null, null, null, null, null, null, null, null, null, null, null, null, null, null, null, null, null, null, null, null, null, null, null, null, null, null, null, null, null, null, null, null, null, null, null, null, null, null, null, null, null, null, null, null, null, null, null, null, null, null, null, null, null, null, null, null, null, null, null, null, null, null, null, null, null, null, null, null, null, null, null, null, null, null, null, null, null, null, null, null, null, null, null, null, null, null, null, null, null, null, null, null, null, null, null, null, null, null, null, null, null, null, null, null, null, null, null, null, null, null, null, null, null, null, null, null, null, null, null, null, null, null, null, null, null, null, null, null, null, null, null, null, null, null, null, null, null, null, null, null, null, null, null, null, null, null, null, null, null, null, null, null, null, null, null, null, null, null, null, null, null, null, null, null, null, null, null, null, null, null, null, null, null, null, null, null, null, null, null, null, null, null, null, null, null, null, null, null, null, null, null, null, null, null, null, null, null, null, null, null, null, null, null, null, null, null, null, null, null, null, null, null, null, null, null, null, null, null, null, null, null, null, null, null, null, null, null, null, null, null, null, null, null, null, null, null, null, null, null, null, null, null, null, null, null, null, null, null, null, null, null, null, null, null, null, null, null, null, null, null, null, null, null, null, null, null, null, null, null, null, null, null, null, null, null, null, null, null, null, null, null, null, null, null, null, null, null, null, null, null, null, null, null, null, null, null, null, null, null, null, null, null, null, null, null, null, null, null, null, null, null, null, null, null, null, null, null, null, null, null, null, null, null, null, null, null, null, null, null, null, null, null, null, null, null, null, null, null, null, null, null, null, null, null, null, null, null, null, null, null, null, null, null, null, null, null, null, null, null, null, null, null, null, null, null, null, null, null, null, null, null, null, null, null, null, null, null, null, null, null, null, null, null, null, null, null, null, null, null, null, null, null, null, null, null, null, null, null, null, null, null, null, null, null, null, null, null, null, null, null, null, null, null, null, null, null, null, null, null, null, null, null, null, null, null, null, null, null, null, null, null, null, null, null, null, null, null, null, null, null, null, null, null, null, null, null, null, null, null, null, null, null, null, null, null, null, null, null, null, null, null, null, null, null, null, null, null, null, null, null, null, null, null, null, null, null, null, null, null, null, null, null, null, null, null, null, null, null, null, null, null, null, null, null, null, null, null, null, null, null, null, null, null, null, null, null, null, null, null, null, null, null, null, null, null, null, null, null, null, null, null, null, null, null, null, null, null, null, null, null, null, null, null, null, null, null, null, null, null, null, null, null, null, null, null, null, null, null, null, null, null, null, null, null, null, null, null, null, null, null, null, null, null, null, null, null, null, null, null, null, null, null, null, null, null, null, null, null, null, null, null, null, null, null, null, null, null, null, null, null, null, null, null, null, null, null, null, null, null, null, null, null, null, null, null, null, null, null, null, null, null, null, null, null, null, null, null, null, null, null, null, null, null, null, null, null, null, null, null, null, null, null, null, null, null, null, null, null, null, null, null, null, null, null, null, null, null, null, null, null, null, null, null, null, null, null, null, null, null, null, null, null, null, null, null, null, null, null, null, null, null, null, null, null, null, null, null, null, null, null, null, null, null, null, null, null, null, null, null, null, null, null, null, null, null, null, null, null, null, null, null, null, null, null, null, null, null, null, null, null, null, null, null, null, null, null, null, null, null, null, null, null, null, null, null, null, null, null, null, null, null, null, null, null, null, null, null, null, null, null, null, null, null, null, null, null, null, null, null, null, null, null, null, null, null, null, null, null, null, null, null, null, null, null, null, null, null, null, null, null, null, null, null, null, null, null, null, null, null, null, null, null, null, null, null, null, null, null, null, null, null, null, null, null, null, null, null, null, null, null, null, null, null, null, null, null, null, null, null, null, null, null, null, null, null, null, null, null, null, null, null, null, null, null, null, null, null, null, null, null, null, null, null, null, null, null, null, null, null, null, null, null, null, null, null, null, null, null, null, null, null, null, null, null, null, null, null, null, null, null, null, null, null, null, null, null, null, null, null, null, null, null, null, null, null, null, null, null, null, null, null, null, null, null, null, null, null, null, null, null, null, null, null, null, null, null, null, null, null, null, null, null, null, null, null, null, null, null, null, null, null, null, null, null, null, null, null, null, null, null, null, null, null, null, null, null, null, null, null, null, null, null, null, null, null, null, null, null, null, null, null, null, null, null, null, null, null, null, null, null, null, null, null, null, null, null, null, null, null, null, null, null, null, null, null, null, null, null, null, null, null, null, null, null, null, null, null, null, null, null, null, null, null, null, null, null, null, null, null, null, null, null, null, null, null, null, null, null, null, null, null, null, null, null, null, null, null, null, null, null, null, null, null, null, null, null, null, null, null, null, null, null, null, null, null, null, null, null, null, null, null, null, null, null, null, null, null, null, null, null, null, null, null, null, null, null, null, null, null, null, null, null, null, null, null, null, null, null, null, null, null, null, null, null, null, null, null, null, null, null, null, null, null, null, null, null, null, null, null, null, null, null, null, null, null, null, null, null, null, null, null, null, null, null, null, null, null, null, null, null, null, null, null, null, null, null, null, null, null, null, null, null, null, null, null, null, null, null, null, null, null, null, null, null, null, null, null, null, null, null, null, null, null, null, null, null, null, null, null, null, null, null, null, null, null, null, null, null, null, null, null, null, null, null, null, null, null, null, null, null, null, null, null, null, null, null, null, null, null, null, null, null, null, null, null, null, null, null, null, null, null, null, null, null, null, null, null, null, null, null, null, null, null, null, null, null, null, null, null, null, null, null, null, null, null, null, null, null, null, null, null, null, null, null, null, null, null, null, null, null, null, null, null, null, null, null, null, null, null, null, null, null, null, null, null, null, null, null, null, null, null, null, null, null, null, null, null, null, null, null, null, null, null, null, null, null, null, null, null, null, null, null, null, null, null, null, null, null, null, null, null, null, null, null, null, null, null, null, null, null, null, null, null, null, null, null, null, null, null, null, null, null, null, null, null, null, null, null, null, null, null, null, null, null, null, null, null, null, null, null, null, null, null, null, null, null, null, null, null, null, null, null, null, null, null, null, null, null, null, null, null, null, null, null, null, null, null, null, null, null, null, null, null, null, null, null, null, null, null, null, null, null, null, null, null, null, null, null, null, null, null, null, null, null, null, null, null, null, null, null, null, null, null, null, null, null, null, null, null, null, null, null, null, null, null, null, null, null, null, null, null, null, null, null, null, null, null, null, null, null, null, null, null, null, null, null, null, null, null, null, null, null, null, null, null, null, null, null, null, null, null, null, null, null, null, null, null, null, null, null, null, null, null, null, null, null, null, null, null, null, null, null, null, null, null, null, null, null, null, null, null, null, null, null, null, null, null, null, null, null, null, null, null, null, null, null, null, null, null, null, null, null, null, null, null, null, null, null, null, null, null, null, null, null, null, null, null, null, null, null, null, null, null, null, null, null, null, null, null, null, null, null, null, null, null, null, null, null, null, null, null, null, null, null, null, null, null, null, null, null, null, null, null, null, null, null, null, null, null, null, null, null, null, null, null, null, null, null, null, null, null, null, null, null, null, null, null, null, null, null, null, null, null, null, null, null, null, null, null, null, null, null, null, null, null, null, null, null, null, null, null, null, null, null, null, null, null, null, null, null, null, null, null, null, null, null, null, null, null, null, null, null, null, null, null, null, null, null, null, null, null, null, null, null, null, null, null, null, null, null, null, null, null, null, null, null, null, null, null, null, null, null, null, null, null, null, null, null, null, null, null, null, null, null, null, null, null, null, null, null, null, null, null, null, null, null, null, null, null, null, null, null, null, null, null, null, null, null, null, null, null, null, null, null, null, null, null, null, null, null, null, null, null, null, null, null, null, null, null, null, null, null, null, null, null, null, null, null, null, null, null, null, null, null, null, null, null, null, null, null, null, null, null, null, null, null, null, null, null, null, null, null, null, null, null, null, null, null, null, null, null, null, null, null, null, null, null, null, null, null, null, null, null, null, null, null, null, null, null, null, null, null, null, null, null, null, null, null, null, null, null, null, null, null, null, null, null, null, null, null, null, null, null, null, null, null, null, null, null, null, null, null, null, null, null, null, null, null, null, null, null, null, null, null, null, null, null, null, null, null, null, null, null, null, null, null, null, null, null, null, null, null, null, null, null, null, null, null, null, null, null, null, null, null, null, null, null, null, null, null, null, null, null, null, null, null, null, null, null, null, null, null, null, null, null, null, null, null, null, null, null, null, null, null, null, null, null, null, null, null, null, null, null, null, null, null, null, null, null, null, null, null, null, null, null, null, null, null, null, null, null, null, null, null, null, null, null, null, null, null, null, null, null, null, null, null, null, null, null, null, null, null, null, null, null, null, null, null, null, null, null, null, null, null, null, null, null, null, null, null, null, null, null, null, null, null, null, null, null, null, null, null, null, null, null, null, null, null, null, null, null, null, null, null, null, null, null, null, null, null, null, null, null, null, null, null, null, null, null, null, null, null, null, null, null, null, null, null, null, null, null, null, null, null, null, null, null, null, null, null, null, null, null, null, null, null, null, null, null, null, null, null, null, null, null, null, null, null, null, null, null, null, null, null, null, null, null, null, null, null, null, null, null, null, null, null, null, null, null, null, null, null, null, null, null, null, null, null, null, null, null, null, null, null, null, null, null, null, null, null, null, null, null, null, null, null, null, null, null, null, null, null, null, null, null, null, null, null, null, null, null, null, null, null, null, null, null, null, null, null, null, null, null, null, null, null, null, null, null, null, null, null, null, null, null, null, null, null, null, null, null, null, null, null, null, null, null, null, null, null, null, null, null, null, null, null, null, null, null, null, null, null, null, null, null, null, null, null, null, null, null, null, null, null, null, null, null, null, null, null, null, null, null, null, null, null, null, null, null, null, null, null, null, null, null, null, null, null, null, null, null, null, null, null, null, null, null, null, null, null, null, null, null, null, null, null, null, null, null, null, null, null, null, null, null, null, null, null, null, null, null, null, null, null, null, null, null, null, null, null, null, null, null, null, null, null, null, null, null, null, null, null, null, null, null, null, null, null, null, null, null, null, null, null, null, null, null, null, null, null, null, null, null, null, null, null, null, null, null, null, null, null, null, null, null, null, null, null, null, null, null, null, null, null, null, null, null, null, null, null, null, null, null, null, null, null, null, null, null, null, null, null, null, null, null, null, null, null, null, null, null, null, null, null, null, null, null, null, null, null, null, null, null, null, null, null, null, null, null, null, null, null, null, null, null, null, null, null, null, null, null, null, null, null, null, null, null, null, null, null, null, null, null, null, null, null, null, null, null, null, null, null, null, null, null, null, null, null, null, null, null, null, null, null, null, null, null, null, null, null, null, null, null, null, null, null, null, null, null, null, null, null, null, null, null, null, null, null, null, null, null, null, null, null, null, null, null, null, null, null, null, null, null, null, null, null, null, null, null, null, null, null, null, null, null, null, null, null, null, null, null, null, null, null, null, null, null, null, null, null, null, null, null, null, null, null, null, null, null, null, null, null, null, null, null, null, null, null, null, null, null, null, null, null, null, null, null, null, null, null, null, null, null, null, null, null, null, null, null, null, null, null, null, null, null, null, null, null, null, null, null, null, null, null, null, null, null, null, null, null, null, null, null, null, null, null, null, null, null, null, null, null, null, null, null, null, null, null, null, null, null, null, null, null, null, null, null, null, null, null, null, null, null, null, null, null, null, null, null, null, null, null, null, null, null, null, null, null, null, null, null, null, null, null, null, null, null, null, null, null, null, null, null, null, null, null, null, null, null, null, null, null, null, null, null, null, null, null, null, null, null, null, null, null, null, null, null, null, null, null, null, null, null, null, null, null, null, null, null, null, null, null, null, null, null, null, null, null, null, null, null, null, null, null, null, null, null, null, null, null, null, null, null, null, null, null, null, null, null, null, null, null, null, null, null, null, null, null, null, null, null, null, null, null, null, null, null, null, null, null, null, null, null, null, null, null, null, null, null, null, null, null, null, null, null, null, null, null, null, null, null, null, null, null, null, null, null, null, null, null, null, null, null, null, null, null, null, null, null, null, null, null, null, null, null, null, null, null, null, null, null, null, null, null, null, null, null, null, null, null, null, null, null, null, null, null, null, null, null, null, null, null, null, null, null, null, null, null, null, null, null, null, null, null, null, null, null, null, null, null, null, null, null, null, null, null, null, null, null, null, null, null, null, null, null, null, null, null, null, null, null, null, null, null, null, null, null, null, null, null, null, null, null, null, null, null, null, null, null, null, null, null, null, null, null, null, null, null, null, null, null, null, null, null, null, null, null, null, null, null, null, null, null, null, null, null, null, null, null, null, null, null, null, null, null, null, null, null, null, null, null, null, null, null, null, null, null, null, null, null, null, null, null, null, null, null, null, null, null, null, null, null, null, null, null, null, null, null, null, null, null, null, null, null, null, null, null, null, null, null, null, null, null, null, null, null, null, null, null, null, null, null, null, null, null, null, null, null, null, null, null, null, null, null, null, null, null, null, null, null, null, null, null, null, null, null, null, null, null, null, null, null, null, null, null, null, null, null, null, null, null, null, null, null, null, null, null, null, null, null, null, null, null, null, null, null, null, null, null, null, null, null, null, null, null, null, null, null, null, null, null, null, null, null, null, null, null, null, null, null, null, null, null, null, null, null, null, null, null, null, null, null, null, null, null, null, null, null, null, null, null, null, null, null, null, null, null, null, null, null, null, null, null, null, null, null, null, null, null, null, null, null, null, null, null, null, null, null, null, null, null, null, null, null, null, null, null, null, null, null, null, null, null, null, null, null, null, null, null, null, null, null, null, null, null, null, null, null, null, null, null, null, null, null, null, null, null, null, null, null, null, null, null, null, null, null, null, null, null, null, null, null, null, null, null, null, null, null, null, null, null, null, null, null, null, null, null, null, null, null, null, null, null, null, null, null, null, null, null, null, null, null, null, null, null, null, null, null, null, null, null, null, null, null, null, null, null, null, null, null, null, null, null, null, null, null, null, null, null, null, null, null, null, null, null, null, null, null, null, null, null, null, null, null, null, null, null, null, null, null, null, null, null, null, null, null, null, null, null, null, null, null, null, null, null, null, null, null, null, null, null, null, null, null, null, null, null, null, null, null, null, null, null, null, null, null, null, null, null, null, null, null, null, null, null, null, null, null, null, null, null, null, null, null, null, null, null, null, null, null, null, null, null, null, null, null, null, null, null, null, null, null, null, null, null, null, null, null, null, null, null, null, null, null, null, null, null, null, null, null, null, null, null, null, null, null, null, null, null, null, null, null, null, null, null, null, null, null, null, null, null, null, null, null, null, null, null, null, null, null, null, null, null, null, null, null, null, null, null, null, null, null, null, null, null, null, null, null, null, null, null, null, null, null, null, null, null, null, null, null, null, null, null, null, null, null, null, null, null, null, null, null, null, null, null, null, null, null, null, null, null, null, null, null, null, null, null, null, null, null, null, null, null, null, null, null, null, null, null, null, null, null, null, null, null, null, null, null, null, null, null, null, null, null, null, null, null, null, null, null, null, null, null, null, null, null, null, null, null, null, null, null, null, null, null, null, null, null, null, null, null, null, null, null, null, null, null, null, null, null, null, null, null, null, null, null, null, null, null, null, null, null, null, null, null, null, null, null, null, null, null, null, null, null, null, null, null, null, null, null, null, null, null, null, null, null, null, null, null, null, null, null, null, null, null, null, null, null, null, null, null, null, null, null, null, null, null, null, null, null, null, null, null, null, null, null, null, null, null, null, null, null, null, null, null, null, null, null, null, null, null, null, null, null, null, null, null, null, null, null, null, null, null, null, null, null, null, null, null, null, null, null, null, null, null, null, null, null, null, null, null, null, null, null, null, null, null, null, null, null, null, null, null, null, null, null, null, null, null, null, null, null, null, null, null, null, null, null, null, null, null, null, null, null, null, null, null, null, null, null, null, null, null, null, null, null, null, null, null, null, null, null, null, null, null, null, null, null, null, null, null, null, null, null, null, null, null, null, null, null, null, null, null, null, null, null, null, null, null, null, null]}