{"type": "Feature", "properties": {"leg_id": 2, "name": "20171209 - Ensenada to La Paz", "stated_nm": 1124.5, "computed_nm": 977.5}, "geometry": {"type": "LineString", "coordinates": [[-116.671715, 31.848528], [-116.673427, 31.847206], [-116.680965, 31.840476], [-116.683123, 31.838757], [-116.685705, 31.836764], [-116.693338, 31.830425], [-116.69588, 31.8284], [-116.697154, 31.827089], [-116.704414, 31.819447], [-116.70771, 31.816289], [-116.709738, 31.813853], [-116.714903, 31.808562], [-116.718222, 31.805453], [-116.719898, 31.803515], [-116.724546, 31.798208], [-116.727897, 31.794541], [-116.73255, 31.791177], [-116.740788, 31.787194], [-116.746453, 31.784903], [-116.755872, 31.781272], [-116.761306, 31.779153], [-116.770335, 31.774413], [-116.770982, 31.774041], [-116.779151, 31.769944], [-116.785207, 31.766683], [-116.788305, 31.764801], [-116.797263, 31.75803], [-116.799532, 31.756143], [-116.809086, 31.748256], [-116.811367, 31.746497], [-116.821338, 31.738321], [-116.830167, 31.726235], [-116.836956, 31.713148], [-116.843996, 31.700164], [-116.845237, 31.697368], [-116.849786, 31.686989], [-116.850694, 31.684035], [-116.854096, 31.673677], [-116.855201, 31.670501], [-116.858896, 31.660317], [-116.859542, 31.658524], [-116.861564, 31.65344], [-116.864072, 31.646295], [-116.864843, 31.644127], [-116.866143, 31.639012], [-116.867786, 31.631536], [-116.868294, 31.628978], [-116.869353, 31.62409], [-116.871209, 31.616782], [-116.871883, 31.613892], [-116.873123, 31.609248], [-116.875254, 31.601693], [-116.87615, 31.598451], [-116.877453, 31.594221], [-116.88008, 31.586846], [-116.881164, 31.583386], [-116.882163, 31.579448], [-116.883875, 31.572096], [-116.884819, 31.568205], [-116.885678, 31.56474], [-116.887285, 31.557428], [-116.888203, 31.553337], [-116.889079, 31.550224], [-116.890695, 31.542965], [-116.891556, 31.538553], [-116.892115, 31.535807], [-116.893156, 31.528621], [-116.893679, 31.523874], [-116.894059, 31.521392], [-116.895194, 31.51412], [-116.895849, 31.509082], [-116.896057, 31.506888], [-116.896701, 31.499576], [-116.897219, 31.494125], [-116.897437, 31.492271], [-116.89807, 31.484972], [-116.898093, 31.479214], [-116.898117, 31.477646], [-116.898104, 31.470204], [-116.898419, 31.464901], [-116.898482, 31.463742], [-116.898643, 31.455553], [-116.899123, 31.449088], [-116.89959, 31.444404], [-116.900775, 31.433858], [-116.901082, 31.431028], [-116.90247, 31.41885], [-116.904723, 31.403711], [-116.907387, 31.388395], [-116.909689, 31.373055], [-116.911997, 31.358109], [-116.912526, 31.354915], [-116.914305, 31.343349], [-116.914888, 31.339935], [-116.916804, 31.3285], [-116.917021, 31.326743], [-116.917565, 31.321048], [-116.918271, 31.313767], [-116.918567, 31.311695], [-116.919252, 31.306495], [-116.92003, 31.299165], [-116.920325, 31.296781], [-116.920989, 31.291925], [-116.921998, 31.284587], [-116.922278, 31.28178], [-116.922942, 31.27715], [-116.924011, 31.269766], [-116.924536, 31.266641], [-116.92522, 31.262301], [-116.926311, 31.254692], [-116.926826, 31.251151], [-116.927433, 31.247098], [-116.928742, 31.239481], [-116.929388, 31.235592], [-116.930049, 31.231816], [-116.931216, 31.224166], [-116.93164, 31.221533], [-116.932011, 31.219348], [-116.932485, 31.216188], [-116.933027, 31.213301], [-116.933517, 31.210777], [-116.934212, 31.207309], [-116.934915, 31.203358], [-116.93514, 31.201791], [-116.935083, 31.193467], [-116.933124, 31.188696], [-116.93067, 31.183432], [-116.92972, 31.179785], [-116.92964, 31.17755], [-116.929513, 31.174044], [-116.927937, 31.170518], [-116.924259, 31.164935], [-116.921186, 31.160246], [-116.920275, 31.158801], [-116.918729, 31.156352], [-116.916389, 31.152717], [-116.911964, 31.147892], [-116.911339, 31.147308], [-116.904825, 31.14125], [-116.902456, 31.138998], [-116.900634, 31.137305], [-116.899609, 31.136318], [-116.893975, 31.130662], [-116.88937, 31.12615], [-116.886026, 31.122802], [-116.878888, 31.115566], [-116.877353, 31.113282], [-116.871421, 31.103518], [-116.86595, 31.090546], [-116.861754, 31.076952], [-116.860734, 31.073378], [-116.858249, 31.063086], [-116.855348, 31.049301], [-116.854812, 31.046476], [-116.852732, 31.0358], [-116.852214, 31.03281], [-116.850459, 31.022312], [-116.849914, 31.019117], [-116.848486, 31.008944], [-116.84811, 31.005656], [-116.848148, 30.995505], [-116.848338, 30.99342], [-116.848881, 30.988583], [-116.849913, 30.981476], [-116.850251, 30.979066], [-116.850832, 30.974532], [-116.85167, 30.967726], [-116.852092, 30.965001], [-116.852872, 30.960681], [-116.851185, 30.95559], [-116.849177, 30.955558], [-116.850051, 30.951678], [-116.852041, 30.948163], [-116.854537, 30.94505], [-116.859231, 30.940736], [-116.861387, 30.938362], [-116.864745, 30.935198], [-116.866422, 30.931694], [-116.86684, 30.928636], [-116.868147, 30.921188], [-116.868808, 30.916806], [-116.869556, 30.911748], [-116.870635, 30.90388], [-116.871106, 30.899058], [-116.87151, 30.891464], [-116.871717, 30.886836], [-116.872075, 30.878095], [-116.87214, 30.873733], [-116.872258, 30.864758], [-116.872356, 30.862084], [-116.872686, 30.851455], [-116.872782, 30.848965], [-116.873073, 30.838171], [-116.873675, 30.824761], [-116.873535, 30.811724], [-116.873204, 30.798785], [-116.873131, 30.796188], [-116.872817, 30.785754], [-116.872732, 30.782918], [-116.872526, 30.772538], [-116.872712, 30.770568], [-116.873337, 30.765714], [-116.87353, 30.763756], [-116.873386, 30.759911], [-116.872619, 30.755613], [-116.873143, 30.753999], [-116.875509, 30.748437], [-116.876596, 30.746639], [-116.880641, 30.741724], [-116.882971, 30.739289], [-116.887326, 30.736799], [-116.891991, 30.733185], [-116.894222, 30.727044], [-116.891908, 30.722139], [-116.889264, 30.716681], [-116.888451, 30.711073], [-116.887953, 30.704698], [-116.887844, 30.699372], [-116.887174, 30.692701], [-116.886744, 30.687522], [-116.886107, 30.680265], [-116.884432, 30.675303], [-116.881386, 30.668338], [-116.880324, 30.663445], [-116.877546, 30.655744], [-116.876103, 30.65136], [-116.875055, 30.643071], [-116.874827, 30.638603], [-116.87432, 30.629723], [-116.873487, 30.625675], [-116.869928, 30.617482], [-116.868066, 30.614039], [-116.864125, 30.605496], [-116.863404, 30.603815], [-116.85831, 30.59334], [-116.852826, 30.581395], [-116.849445, 30.568922], [-116.847295, 30.555511], [-116.846914, 30.552751], [-116.846127, 30.546605], [-116.845276, 30.541517], [-116.844807, 30.538109], [-116.843303, 30.528489], [-116.843047, 30.526595], [-116.842537, 30.523423], [-116.8407, 30.514977], [-116.840119, 30.511543], [-116.838506, 30.501163], [-116.838208, 30.499146], [-116.837484, 30.494224], [-116.83688, 30.487115], [-116.836514, 30.484736], [-116.835922, 30.479956], [-116.835159, 30.47279], [-116.834922, 30.470025], [-116.834525, 30.465545], [-116.833879, 30.458372], [-116.833449, 30.455359], [-116.832885, 30.451345], [-116.831867, 30.444405], [-116.829491, 30.441031], [-116.826674, 30.432333], [-116.825856, 30.428869], [-116.825234, 30.42554], [-116.82381, 30.418796], [-116.822953, 30.415105], [-116.822163, 30.412262], [-116.820599, 30.405713], [-116.819989, 30.401747], [-116.819626, 30.399136], [-116.818572, 30.392658], [-116.817521, 30.388614], [-116.816278, 30.383267], [-116.814414, 30.375911], [-116.813289, 30.370756], [-116.811651, 30.362917], [-116.810661, 30.358004], [-116.809025, 30.349913], [-116.808162, 30.345388], [-116.806283, 30.33719], [-116.805269, 30.332977], [-116.803171, 30.324413], [-116.802155, 30.320401], [-116.79986, 30.311568], [-116.799255, 30.309153], [-116.796576, 30.29908], [-116.793036, 30.287053], [-116.789089, 30.275433], [-116.78833, 30.273345], [-116.786994, 30.269824], [-116.784756, 30.263852], [-116.783745, 30.261021], [-116.780823, 30.252741], [-116.779943, 30.25037], [-116.776825, 30.24139], [-116.775885, 30.23882], [-116.772658, 30.23002], [-116.771653, 30.227314], [-116.768941, 30.218673], [-116.768466, 30.216964], [-116.767048, 30.212832], [-116.764828, 30.206121], [-116.763854, 30.203179], [-116.76113, 30.195325], [-116.759953, 30.191993], [-116.757187, 30.183718], [-116.756021, 30.180257], [-116.753172, 30.172305], [-116.751787, 30.168783], [-116.749192, 30.161093], [-116.74788, 30.157415], [-116.745666, 30.150809], [-116.744673, 30.147735], [-116.743308, 30.144071], [-116.741389, 30.138374], [-116.740275, 30.135104], [-116.738533, 30.129849], [-116.73702, 30.125349], [-116.736122, 30.122788], [-116.733745, 30.115515], [-116.732506, 30.111652], [-116.730594, 30.106816], [-116.727573, 30.099998], [-116.725713, 30.095448], [-116.722726, 30.0884], [-116.720866, 30.084114], [-116.717742, 30.076826], [-116.716223, 30.072758], [-116.713433, 30.065205], [-116.711924, 30.061407], [-116.708842, 30.053584], [-116.707549, 30.049979], [-116.705427, 30.04377], [-116.704388, 30.041213], [-116.703098, 30.037838], [-116.699916, 30.029865], [-116.698693, 30.026867], [-116.696198, 30.017866], [-116.693553, 30.00562], [-116.6929, 30.002412], [-116.691049, 29.993477], [-116.690568, 29.991069], [-116.688651, 29.981237], [-116.688169, 29.978624], [-116.686336, 29.968865], [-116.68565, 29.966114], [-116.683339, 29.956692], [-116.682683, 29.953749], [-116.68107, 29.947941], [-116.680707, 29.946898], [-116.681178, 29.944237], [-116.682015, 29.942356], [-116.683436, 29.93985], [-116.684362, 29.936074], [-116.685482, 29.932693], [-116.688127, 29.927079], [-116.689113, 29.925123], [-116.691573, 29.918831], [-116.691679, 29.916679], [-116.692397, 29.909618], [-116.692513, 29.907472], [-116.693227, 29.899943], [-116.693586, 29.897433], [-116.694345, 29.890605], [-116.694528, 29.88866], [-116.69544, 29.883139], [-116.6971, 29.880393], [-116.699956, 29.876323], [-116.701052, 29.873763], [-116.701873, 29.86967], [-116.702273, 29.867966], [-116.703881, 29.861345], [-116.704487, 29.859023], [-116.705924, 29.853686], [-116.707126, 29.84977], [-116.708185, 29.846273], [-116.709367, 29.842319], [-116.709833, 29.840578], [-116.710789, 29.838003], [-116.711446, 29.836091], [-116.712699, 29.832787], [-116.713574, 29.830383], [-116.714613, 29.827163], [-116.716934, 29.821008], [-116.717566, 29.819427], [-116.718533, 29.81673], [-116.719147, 29.815313], [-116.71934, 29.813345], [-116.719646, 29.811257], [-116.719873, 29.808769], [-116.719076, 29.808083], [-116.718768, 29.807131], [-116.719378, 29.804984], [-116.719957, 29.802477], [-116.721196, 29.795612], [-116.721406, 29.793387], [-116.721814, 29.787043], [-116.722067, 29.785226], [-116.722878, 29.778962], [-116.723152, 29.77648], [-116.723918, 29.768594], [-116.724455, 29.765551], [-116.727263, 29.755427], [-116.727844, 29.752042], [-116.728429, 29.744543], [-116.728538, 29.74257], [-116.729262, 29.735966], [-116.72988, 29.733785], [-116.73045, 29.728695], [-116.730616, 29.726212], [-116.730684, 29.721076], [-116.730548, 29.717233], [-116.730255, 29.710285], [-116.730128, 29.706753], [-116.730021, 29.70321], [-116.729928, 29.696273], [-116.729828, 29.692518], [-116.729611, 29.689458], [-116.729285, 29.682677], [-116.729138, 29.678724], [-116.729063, 29.675946], [-116.72875, 29.669311], [-116.728577, 29.665126], [-116.728457, 29.65947], [-116.728393, 29.651687], [-116.728458, 29.646985], [-116.728497, 29.643659], [-116.728495, 29.638154], [-116.728586, 29.633017], [-116.728589, 29.624552], [-116.728498, 29.620348], [-116.727937, 29.615431], [-116.725982, 29.612569], [-116.72146, 29.606066], [-116.720095, 29.603317], [-116.718885, 29.600342], [-116.718037, 29.59784], [-116.717191, 29.594834], [-116.714666, 29.591156], [-116.709051, 29.583091], [-116.701485, 29.572057], [-116.694006, 29.561508], [-116.686569, 29.550749], [-116.685, 29.548587], [-116.679038, 29.539956], [-116.677401, 29.537657], [-116.67152, 29.529469], [-116.669845, 29.527069], [-116.664408, 29.518857], [-116.662644, 29.516234], [-116.657287, 29.508005], [-116.655478, 29.505108], [-116.650206, 29.49695], [-116.648174, 29.493966], [-116.642796, 29.486219], [-116.640707, 29.483119], [-116.63545, 29.475469], [-116.633216, 29.472257], [-116.627985, 29.464835], [-116.625572, 29.461577], [-116.620363, 29.454475], [-116.618441, 29.451829], [-116.616646, 29.449233], [-116.61311, 29.444008], [-116.611097, 29.441154], [-116.607166, 29.436371], [-116.60246, 29.430972], [-116.598691, 29.426252], [-116.59415, 29.420414], [-116.590593, 29.415981], [-116.585825, 29.409973], [-116.582554, 29.405745], [-116.579214, 29.39887], [-116.578767, 29.394089], [-116.579173, 29.38625], [-116.578592, 29.381616], [-116.577457, 29.373461], [-116.576796, 29.369154], [-116.575529, 29.360813], [-116.575006, 29.356764], [-116.574001, 29.348067], [-116.573483, 29.344289], [-116.57228, 29.335255], [-116.572052, 29.332928], [-116.570928, 29.32251], [-116.569018, 29.309946], [-116.5671, 29.297587], [-116.565646, 29.284927], [-116.565364, 29.282358], [-116.564096, 29.272259], [-116.563704, 29.269512], [-116.562279, 29.259729], [-116.561896, 29.256868], [-116.560768, 29.247462], [-116.560321, 29.244464], [-116.55912, 29.235386], [-116.558766, 29.232205], [-116.557759, 29.223241], [-116.557376, 29.219944], [-116.556255, 29.211392], [-116.555728, 29.208003], [-116.554435, 29.199787], [-116.553868, 29.196243], [-116.552674, 29.188198], [-116.552191, 29.18446], [-116.551071, 29.176675], [-116.550628, 29.172742], [-116.549674, 29.165086], [-116.549241, 29.161804], [-116.548585, 29.156215], [-116.54785, 29.149662], [-116.54723, 29.144522], [-116.546409, 29.137931], [-116.545862, 29.133007], [-116.545122, 29.126242], [-116.544541, 29.121702], [-116.543058, 29.11481], [-116.54194, 29.110603], [-116.540123, 29.103549], [-116.539059, 29.099562], [-116.537002, 29.092261], [-116.535913, 29.088487], [-116.533703, 29.081018], [-116.532596, 29.077565], [-116.530015, 29.0699], [-116.529076, 29.066671], [-116.526684, 29.058661], [-116.525806, 29.055692], [-116.523469, 29.047458], [-116.522705, 29.044684], [-116.520245, 29.036229], [-116.519374, 29.033448], [-116.516505, 29.025264], [-116.515762, 29.023101], [-116.512977, 29.014123], [-116.51224, 29.011771], [-116.509577, 29.002817], [-116.508848, 29.000263], [-116.506501, 28.991339], [-116.505826, 28.988616], [-116.503574, 28.979801], [-116.502882, 28.976862], [-116.500796, 28.968195], [-116.500133, 28.965044], [-116.498305, 28.956429], [-116.497555, 28.95314], [-116.495451, 28.94475], [-116.494613, 28.94127], [-116.492599, 28.933094], [-116.491785, 28.929427], [-116.490065, 28.921389], [-116.489227, 28.917566], [-116.487583, 28.909632], [-116.486944, 28.906489], [-116.485694, 28.900689], [-116.484265, 28.894282], [-116.483177, 28.888642], [-116.48178, 28.881772], [-116.481271, 28.876623], [-116.480421, 28.869221], [-116.480039, 28.866938], [-116.479164, 28.86019], [-116.478092, 28.855689], [-116.4759, 28.851667], [-116.47495, 28.843536], [-116.474734, 28.838584], [-116.472297, 28.836559], [-116.470105, 28.833843], [-116.470023, 28.830291], [-116.46832, 28.823448], [-116.46701, 28.820636], [-116.464089, 28.814136], [-116.463049, 28.811608], [-116.461024, 28.805662], [-116.460262, 28.803603], [-116.458804, 28.798151], [-116.458651, 28.796424], [-116.458538, 28.791234], [-116.458326, 28.789453], [-116.457312, 28.783715], [-116.45686, 28.781799], [-116.45603, 28.7772], [-116.455859, 28.775731], [-116.454222, 28.768405], [-116.453604, 28.765443], [-116.453066, 28.762908], [-116.452691, 28.760657], [-116.452908, 28.758701], [-116.452316, 28.755366], [-116.45226, 28.751433], [-116.452378, 28.748987], [-116.452541, 28.746946], [-116.454303, 28.743716], [-116.455032, 28.740544], [-116.455568, 28.735667], [-116.455891, 28.732222], [-116.456267, 28.728532], [-116.456636, 28.725226], [-116.456935, 28.722675], [-116.457211, 28.719871], [-116.457769, 28.714637], [-116.458272, 28.709414], [-116.458613, 28.706021], [-116.459142, 28.700722], [-116.459469, 28.697463], [-116.460301, 28.69056], [-116.460686, 28.686633], [-116.460868, 28.683606], [-116.4615, 28.676731], [-116.461926, 28.672465], [-116.462314, 28.668415], [-116.462657, 28.664988], [-116.463319, 28.658493], [-116.46367, 28.655553], [-116.464463, 28.649529], [-116.464979, 28.644763], [-116.465611, 28.639423], [-116.466752, 28.630974], [-116.46744, 28.625946], [-116.468801, 28.617348], [-116.469382, 28.612747], [-116.470602, 28.604056], [-116.471324, 28.599742], [-116.472608, 28.590706], [-116.473031, 28.587993], [-116.474733, 28.577253], [-116.475178, 28.574725], [-116.477071, 28.563776], [-116.47984, 28.549883], [-116.482319, 28.536372], [-116.485206, 28.522332], [-116.485786, 28.519567], [-116.488012, 28.508606], [-116.488577, 28.505632], [-116.490873, 28.494781], [-116.491702, 28.49156], [-116.494747, 28.480902], [-116.495607, 28.477545], [-116.498259, 28.467349], [-116.499232, 28.463837], [-116.501778, 28.454356], [-116.502612, 28.452427], [-116.50658, 28.448835], [-116.510877, 28.445242], [-116.511995, 28.444625], [-116.516326, 28.442212], [-116.51967, 28.439884], [-116.523875, 28.437667], [-116.527609, 28.43714], [-116.528289, 28.435828], [-116.526578, 28.430784], [-116.523916, 28.425808], [-116.521025, 28.42055], [-116.519633, 28.417966], [-116.516196, 28.411749], [-116.514583, 28.408973], [-116.513378, 28.406894], [-116.511419, 28.403422], [-116.509538, 28.40012], [-116.507075, 28.395807], [-116.503582, 28.389781], [-116.501234, 28.385588], [-116.497628, 28.379061], [-116.495537, 28.374959], [-116.491835, 28.36816], [-116.489738, 28.364317], [-116.48573, 28.357399], [-116.483601, 28.353901], [-116.479461, 28.346733], [-116.477611, 28.343391], [-116.473536, 28.335988], [-116.471865, 28.332906], [-116.467721, 28.325451], [-116.466052, 28.322644], [-116.461542, 28.314819], [-116.460047, 28.312093], [-116.455506, 28.304003], [-116.448447, 28.294192], [-116.446826, 28.293524], [-116.440161, 28.290694], [-116.43797, 28.2898], [-116.431519, 28.287295], [-116.429215, 28.286494], [-116.422502, 28.284082], [-116.420404, 28.283323], [-116.414655, 28.281072], [-116.41335, 28.280546], [-116.410116, 28.279205], [-116.406116, 28.277543], [-116.401724, 28.275613], [-116.398419, 28.274228], [-116.393493, 28.272118], [-116.38981, 28.270488], [-116.385368, 28.268592], [-116.381803, 28.267074], [-116.377703, 28.265325], [-116.373799, 28.263724], [-116.369357, 28.261782], [-116.364297, 28.259702], [-116.359169, 28.257802], [-116.353779, 28.255842], [-116.35126, 28.254916], [-116.348816, 28.253969], [-116.345482, 28.252649], [-116.34415, 28.252124], [-116.337675, 28.249423], [-116.333913, 28.247796], [-116.327709, 28.245144], [-116.323836, 28.243377], [-116.316521, 28.239907], [-116.314325, 28.238845], [-116.307693, 28.235591], [-116.30555, 28.234514], [-116.299087, 28.231141], [-116.296972, 28.230013], [-116.292137, 28.227396], [-116.287988, 28.225179], [-116.281201, 28.221842], [-116.278497, 28.22065], [-116.27581, 28.219575], [-116.269369, 28.217022], [-116.266903, 28.216103], [-116.26021, 28.213162], [-116.25807, 28.212148], [-116.251553, 28.208463], [-116.249464, 28.207277], [-116.245474, 28.204949], [-116.235889, 28.198287], [-116.234128, 28.196772], [-116.228384, 28.19278], [-116.227353, 28.191981], [-116.225382, 28.189856], [-116.222982, 28.187995], [-116.220051, 28.185838], [-116.216989, 28.183248], [-116.214923, 28.1814], [-116.212398, 28.178542], [-116.208856, 28.177276], [-116.204551, 28.175844], [-116.196651, 28.173327], [-116.193283, 28.172249], [-116.18441, 28.169173], [-116.173316, 28.163313], [-116.170613, 28.161831], [-116.041353, 28.096053], [-116.038206, 28.094563], [-116.028622, 28.089876], [-116.016327, 28.083724], [-116.014202, 28.082744], [-116.006493, 28.07858], [-116.004052, 28.07734], [-115.999266, 28.073595], [-115.997046, 28.072758], [-115.990325, 28.070245], [-115.988003, 28.069442], [-115.980809, 28.06675], [-115.978411, 28.065342], [-115.971519, 28.061273], [-115.969209, 28.060198], [-115.962145, 28.057122], [-115.959702, 28.056348], [-115.952411, 28.053858], [-115.950453, 28.052779], [-115.945111, 28.049648], [-115.942153, 28.047775], [-115.938249, 28.045353], [-115.934244, 28.043973], [-115.930322, 28.042367], [-115.924035, 28.039985], [-115.920247, 28.038387], [-115.917364, 28.037184], [-115.910407, 28.034502], [-115.906372, 28.033], [-115.901926, 28.030958], [-115.894926, 28.027532], [-115.889879, 28.025053], [-115.882718, 28.021436], [-115.877792, 28.018985], [-115.869613, 28.014955], [-115.864665, 28.012441], [-115.856261, 28.008297], [-115.851668, 28.005971], [-115.843071, 28.001569], [-115.839793, 27.999981], [-115.837362, 27.999756], [-115.834138, 27.99887], [-115.827795, 27.996471], [-115.823731, 27.994808], [-115.813965, 27.990911], [-115.800576, 27.985696], [-115.791099, 27.981504], [-115.784756, 27.978678], [-115.776115, 27.973953], [-115.773283, 27.972307], [-115.769254, 27.969898], [-115.763888, 27.966775], [-115.761597, 27.96522], [-115.754859, 27.960772], [-115.75266, 27.959397], [-115.746261, 27.955243], [-115.744403, 27.953872], [-115.738449, 27.949937], [-115.736623, 27.948799], [-115.731325, 27.944848], [-115.729624, 27.943328], [-115.724706, 27.939501], [-115.723141, 27.938294], [-115.718527, 27.933861], [-115.717068, 27.932458], [-115.713252, 27.928071], [-115.712071, 27.926617], [-115.707749, 27.922736], [-115.704972, 27.920799], [-115.70078, 27.918095], [-115.697733, 27.916463], [-115.693526, 27.914598], [-115.688816, 27.911881], [-115.686812, 27.909958], [-115.683684, 27.906584], [-115.680816, 27.905093], [-115.673376, 27.901863], [-115.668532, 27.899815], [-115.660039, 27.896265], [-115.655421, 27.894445], [-115.646819, 27.890951], [-115.642892, 27.889439], [-115.634647, 27.886201], [-115.630912, 27.884811], [-115.622207, 27.88147], [-115.618777, 27.880092], [-115.610039, 27.876596], [-115.607228, 27.875503], [-115.599086, 27.87251], [-115.59639, 27.871557], [-115.588145, 27.868859], [-115.585444, 27.867942], [-115.577202, 27.865138], [-115.574497, 27.864254], [-115.566266, 27.861546], [-115.563578, 27.860656], [-115.555616, 27.858054], [-115.553016, 27.85724], [-115.544959, 27.85484], [-115.542313, 27.854062], [-115.533707, 27.851413], [-115.530882, 27.850455], [-115.52248, 27.847428], [-115.519842, 27.846419], [-115.511801, 27.843719], [-115.509245, 27.842979], [-115.501576, 27.840542], [-115.498962, 27.839761], [-115.490954, 27.837077], [-115.488363, 27.836199], [-115.480752, 27.833388], [-115.478192, 27.83242], [-115.470383, 27.829269], [-115.467871, 27.828269], [-115.460088, 27.82529], [-115.457522, 27.824264], [-115.45125, 27.821713], [-115.447448, 27.820243], [-115.441411, 27.817698], [-115.437583, 27.816132], [-115.43296, 27.814282], [-115.426106, 27.811763], [-115.421671, 27.810125], [-115.414599, 27.807334], [-115.410767, 27.805724], [-115.403846, 27.802936], [-115.400309, 27.801577], [-115.393167, 27.798803], [-115.389815, 27.797525], [-115.382376, 27.794715], [-115.379133, 27.793427], [-115.370957, 27.790179], [-115.369148, 27.789482], [-115.3658, 27.790525], [-115.359101, 27.788628], [-115.355436, 27.787042], [-115.349628, 27.784661], [-115.346545, 27.784715], [-115.343705, 27.784901], [-115.340998, 27.784955], [-115.336115, 27.784824], [-115.333323, 27.784288], [-115.329166, 27.783434], [-115.319376, 27.781654], [-115.31599, 27.781074], [-115.302973, 27.778985], [-115.120905, 27.730318], [-115.11923, 27.729835], [-114.888796, 27.684045], [-114.888466, 27.683465], [-114.885663, 27.678251], [-114.884891, 27.632986], [-114.869635, 27.585468], [-114.852125, 27.533411], [-114.841118, 27.482053], [-114.843371, 27.413666], [-114.843413, 27.404248], [-114.843843, 27.391105], [-114.843843, 27.390365], [-114.844723, 27.375461], [-114.845688, 27.371566], [-114.846031, 27.34835], [-114.847086, 27.339999], [-114.847403, 27.333527], [-114.849444, 27.326298], [-114.851082, 27.321894], [-114.851362, 27.319775], [-114.851761, 27.315604], [-114.852014, 27.313643], [-114.853121, 27.30719], [-114.853714, 27.304215], [-114.854668, 27.298932], [-114.855131, 27.295558], [-114.85613, 27.290003], [-114.856675, 27.286352], [-114.858486, 27.281281], [-114.858113, 27.277962], [-114.857526, 27.273346], [-114.857257, 27.269462], [-114.857303, 27.264232], [-114.857217, 27.259743], [-114.857164, 27.254884], [-114.857191, 27.250225], [-114.856876, 27.245334], [-114.856183, 27.240606], [-114.855836, 27.236361], [-114.855633, 27.231771], [-114.857536, 27.227913], [-114.859724, 27.223028], [-114.861207, 27.218839], [-114.862245, 27.2162], [-114.863229, 27.212199], [-114.865689, 27.20543], [-114.866486, 27.20288], [-114.867947, 27.197148], [-114.868599, 27.192917], [-114.869423, 27.187104], [-114.870349, 27.183009], [-114.87136, 27.17979], [-114.87318, 27.173526], [-114.873951, 27.170308], [-114.875986, 27.163266], [-114.876311, 27.160322], [-114.876572, 27.153497], [-114.876613, 27.150938], [-114.877174, 27.144688], [-114.877268, 27.142601], [-114.877431, 27.136204], [-114.877505, 27.134116], [-114.877728, 27.127944], [-114.877746, 27.125923], [-114.877845, 27.119627], [-114.877886, 27.117486], [-114.877927, 27.11083], [-114.877962, 27.108807], [-114.878255, 27.103087], [-114.87866, 27.100658], [-114.879164, 27.096879], [-114.879345, 27.088315], [-114.879402, 27.084986], [-114.879453, 27.075421], [-114.879487, 27.071901], [-114.879332, 27.062585], [-114.879281, 27.058823], [-114.87921, 27.049524], [-114.879297, 27.04682], [-114.879311, 27.042911], [-114.879255, 27.036433], [-114.879212, 27.033569], [-114.879165, 27.030017], [-114.879051, 27.023536], [-114.878935, 27.020396], [-114.87841, 27.017339], [-114.875816, 27.011546], [-114.874316, 27.008451], [-114.873058, 27.005767], [-114.870432, 26.999929], [-114.868956, 26.996503], [-114.866576, 26.991133], [-114.863625, 26.984688], [-114.861355, 26.979622], [-114.858247, 26.973077], [-114.856015, 26.968356], [-114.852773, 26.96156], [-114.851623, 26.959312], [-114.84993, 26.95603], [-114.848612, 26.953018], [-114.847257, 26.950184], [-114.846069, 26.947711], [-114.844155, 26.943866], [-114.841617, 26.939111], [-114.839585, 26.935192], [-114.835761, 26.927795], [-114.833873, 26.924267], [-114.829859, 26.916732], [-114.828023, 26.913491], [-114.823853, 26.905841], [-114.82219, 26.902794], [-114.817948, 26.894854], [-114.816427, 26.892028], [-114.812226, 26.883814], [-114.810843, 26.881066], [-114.806674, 26.872934], [-114.800893, 26.862145], [-114.7997, 26.859953], [-114.794885, 26.851221], [-114.793537, 26.848791], [-114.788726, 26.840121], [-114.787298, 26.837565], [-114.782449, 26.829005], [-114.780974, 26.826226], [-114.7763, 26.81771], [-114.774751, 26.814751], [-114.770156, 26.806211], [-114.76843, 26.803094], [-114.763943, 26.794821], [-114.762164, 26.791596], [-114.757844, 26.783597], [-114.755969, 26.780128], [-114.751545, 26.772286], [-114.750075, 26.769811], [-114.748312, 26.766746], [-114.745043, 26.761101], [-114.743493, 26.758298], [-114.741181, 26.755867], [-114.7361, 26.751455], [-114.733358, 26.749117], [-114.731129, 26.747061], [-114.726227, 26.742628], [-114.72338, 26.740082], [-114.718909, 26.736069], [-114.713432, 26.731057], [-114.709185, 26.727165], [-114.703626, 26.721937], [-114.699507, 26.718443], [-114.69322, 26.71375], [-114.689571, 26.710272], [-114.684164, 26.704322], [-114.680785, 26.701107], [-114.674824, 26.695258], [-114.672031, 26.691833], [-114.666953, 26.684914], [-114.6646, 26.681418], [-114.659548, 26.674044], [-114.657349, 26.670803], [-114.652253, 26.663178], [-114.650277, 26.660158], [-114.64508, 26.652253], [-114.637779, 26.641302], [-114.630404, 26.630945], [-114.623116, 26.620561], [-114.621587, 26.618492], [-114.61546, 26.61035], [-114.613826, 26.608169], [-114.607969, 26.600357], [-114.606217, 26.598111], [-114.600347, 26.590555], [-114.598396, 26.588051], [-114.592567, 26.580275], [-114.590578, 26.577577], [-114.584759, 26.570082], [-114.582543, 26.567293], [-114.576965, 26.559901], [-114.574828, 26.55686], [-114.56966, 26.54935], [-114.567507, 26.546053], [-114.562553, 26.538803], [-114.560306, 26.535536], [-114.555431, 26.528572], [-114.553676, 26.525986], [-114.551903, 26.523433], [-114.548388, 26.5182], [-114.546377, 26.515387], [-114.542983, 26.510472], [-114.539108, 26.504871], [-114.535972, 26.500071], [-114.532027, 26.493985], [-114.528824, 26.489437], [-114.524405, 26.483105], [-114.521309, 26.478687], [-114.516527, 26.472064], [-114.513434, 26.46802], [-114.508419, 26.461263], [-114.505675, 26.45742], [-114.500697, 26.450541], [-114.498208, 26.446948], [-114.493191, 26.439758], [-114.490936, 26.436319], [-114.485746, 26.428829], [-114.483587, 26.425668], [-114.47814, 26.418095], [-114.470436, 26.407603], [-114.462915, 26.397249], [-114.455472, 26.387029], [-114.447993, 26.376392], [-114.446467, 26.374178], [-114.440511, 26.365936], [-114.43892, 26.363626], [-114.433409, 26.355542], [-114.431685, 26.353081], [-114.426006, 26.345118], [-114.424161, 26.342444], [-114.418658, 26.334561], [-114.416697, 26.33171], [-114.411457, 26.323819], [-114.409513, 26.320736], [-114.404431, 26.313006], [-114.402364, 26.309859], [-114.397648, 26.302198], [-114.396175, 26.299836], [-114.394279, 26.296634], [-114.390779, 26.291128], [-114.389094, 26.288507], [-114.386497, 26.284284], [-114.38478, 26.281525], [-114.382036, 26.27713], [-114.380375, 26.274363], [-114.377013, 26.268662], [-114.375121, 26.265429], [-114.37379, 26.262894], [-114.370497, 26.257191], [-114.368492, 26.253797], [-114.365485, 26.248757], [-114.361718, 26.242263], [-114.358837, 26.237371], [-114.354762, 26.230528], [-114.352071, 26.225903], [-114.347899, 26.218725], [-114.345264, 26.214295], [-114.340886, 26.206795], [-114.338598, 26.202547], [-114.334337, 26.194798], [-114.331984, 26.190886], [-114.327208, 26.183081], [-114.325138, 26.179403], [-114.320555, 26.171268], [-114.31922, 26.16901], [-114.313495, 26.159423], [-114.3068, 26.1473], [-114.305066, 26.144371], [-114.299633, 26.135316], [-114.297908, 26.132495], [-114.292484, 26.123823], [-114.285587, 26.112], [-114.284035, 26.109526], [-114.278527, 26.100161], [-114.276921, 26.097451], [-114.271313, 26.088235], [-114.269484, 26.085361], [-114.263905, 26.076159], [-114.261963, 26.07311], [-114.25633, 26.064209], [-114.255053, 26.062026], [-114.253929, 26.058914], [-114.251971, 26.054233], [-114.25057, 26.050776], [-114.248985, 26.046792], [-114.247624, 26.043458], [-114.246491, 26.040581], [-114.244857, 26.036705], [-114.244032, 26.034838], [-114.241253, 26.028389], [-114.240358, 26.026292], [-114.237526, 26.019787], [-114.236642, 26.017763], [-114.233767, 26.011398], [-114.23288, 26.009366], [-114.230187, 26.00327], [-114.229345, 26.001359], [-114.226694, 25.995112], [-114.225874, 25.993109], [-114.223172, 25.986522], [-114.222224, 25.984226], [-114.220057, 25.979192], [-114.218428, 25.975215], [-114.218076, 25.970542], [-114.216318, 25.966369], [-114.214921, 25.963058], [-114.211989, 25.956318], [-114.210685, 25.953181], [-114.20754, 25.945278], [-114.206238, 25.942016], [-114.204151, 25.933647], [-114.203217, 25.9308], [-114.200333, 25.923163], [-114.199385, 25.920593], [-114.19647, 25.912578], [-114.195549, 25.9099], [-114.192705, 25.90179], [-114.191792, 25.899189], [-114.189052, 25.891388], [-114.188168, 25.888872], [-114.185445, 25.880968], [-114.184543, 25.878362], [-114.181956, 25.87039], [-114.181086, 25.867869], [-114.178812, 25.861971], [-114.178034, 25.85989], [-114.17642, 25.855655], [-114.174322, 25.850096], [-114.17344, 25.847641], [-114.170974, 25.841038], [-114.169781, 25.837953], [-114.167321, 25.829904], [-114.166834, 25.828129], [-114.165658, 25.823667], [-114.16529, 25.822422], [-114.163383, 25.816951], [-114.162534, 25.813922], [-114.160518, 25.806775], [-114.159872, 25.804309], [-114.1595, 25.802896], [-114.15772, 25.796364], [-114.156909, 25.793005], [-114.155468, 25.787317], [-114.153837, 25.780848], [-114.152506, 25.775408], [-114.150939, 25.768565], [-114.14979, 25.763453], [-114.148174, 25.75658], [-114.147099, 25.752099], [-114.145557, 25.745197], [-114.144585, 25.740568], [-114.143087, 25.733953], [-114.142849, 25.732859], [-114.141267, 25.725358], [-114.140205, 25.720453], [-114.139327, 25.716318], [-114.137654, 25.708053], [-114.136959, 25.703995], [-114.13546, 25.695224], [-114.134692, 25.69133], [-114.132628, 25.682236], [-114.132092, 25.680011], [-114.130908, 25.675295], [-114.129303, 25.668938], [-114.128517, 25.66537], [-114.12644, 25.655282], [-114.125704, 25.652048], [-114.123629, 25.642589], [-114.122265, 25.636284], [-114.120728, 25.629464], [-114.12002, 25.6263], [-114.118036, 25.617417], [-114.117459, 25.614732], [-114.115506, 25.605154], [-114.114904, 25.602204], [-114.113167, 25.592591], [-114.112579, 25.589462], [-114.110812, 25.579982], [-114.110245, 25.576953], [-114.108864, 25.568138], [-114.108273, 25.564861], [-114.106663, 25.556306], [-114.10601, 25.552714], [-114.104441, 25.544219], [-114.103786, 25.54041], [-114.102236, 25.532183], [-114.101715, 25.529196], [-114.101122, 25.525995], [-114.099851, 25.520096], [-114.099241, 25.516596], [-114.098935, 25.514972], [-114.097613, 25.508093], [-114.096997, 25.504573], [-114.096135, 25.499468], [-114.095602, 25.493583], [-114.095274, 25.49014], [-114.095441, 25.487162], [-114.096267, 25.481355], [-114.09981, 25.477354], [-114.102272, 25.47126], [-114.101821, 25.46687], [-114.100961, 25.460302], [-114.10119, 25.456682], [-114.101841, 25.450087], [-114.102014, 25.446228], [-114.10223, 25.44239], [-114.102398, 25.440016], [-114.102608, 25.435846], [-114.103048, 25.428932], [-114.103133, 25.427316], [-114.103713, 25.421045], [-114.103898, 25.418695], [-114.10426, 25.413615], [-114.103599, 25.4095], [-114.103011, 25.406876], [-114.102165, 25.401441], [-114.101877, 25.399394], [-114.100744, 25.393183], [-114.100452, 25.391029], [-114.099455, 25.38443], [-114.099147, 25.382327], [-114.097827, 25.376165], [-114.097415, 25.374068], [-114.096166, 25.368097], [-114.09572, 25.366807], [-114.093533, 25.360549], [-114.092686, 25.358781], [-114.090961, 25.352737], [-114.090232, 25.350536], [-114.087559, 25.344103], [-114.086665, 25.341904], [-114.083001, 25.335824], [-114.081955, 25.333735], [-114.077981, 25.327779], [-114.077053, 25.326144], [-114.074611, 25.321792], [-114.073581, 25.319848], [-114.072791, 25.318173], [-114.071948, 25.316541], [-114.070507, 25.313651], [-114.068469, 25.310318], [-114.067589, 25.308838], [-114.066245, 25.305956], [-114.065194, 25.303431], [-114.06465, 25.30208], [-114.061814, 25.295884], [-114.060582, 25.293612], [-114.059241, 25.291418], [-114.056883, 25.286721], [-114.055701, 25.28451], [-114.051907, 25.278727], [-114.050363, 25.275365], [-114.048113, 25.270255], [-114.046453, 25.266762], [-114.044158, 25.260765], [-114.043837, 25.259731], [-114.042688, 25.256717], [-114.040408, 25.251454], [-114.039238, 25.248199], [-114.037536, 25.241898], [-114.036595, 25.238652], [-114.034634, 25.232326], [-114.034117, 25.229549], [-114.03298, 25.223171], [-114.032516, 25.220467], [-114.031205, 25.213571], [-114.03123, 25.210985], [-114.030979, 25.203924], [-114.03074, 25.20168], [-114.030423, 25.194614], [-114.029866, 25.192146], [-114.027837, 25.184731], [-114.02726, 25.182313], [-114.024954, 25.174367], [-114.024, 25.17179], [-114.022039, 25.163951], [-114.021779, 25.161411], [-114.020589, 25.153444], [-114.020152, 25.150993], [-114.019262, 25.143505], [-114.018838, 25.141123], [-114.017233, 25.133613], [-114.016644, 25.131186], [-114.01435, 25.124099], [-114.013632, 25.121889], [-114.011822, 25.115374], [-114.011242, 25.113183], [-114.009327, 25.106383], [-114.008949, 25.104087], [-114.007439, 25.096866], [-114.006907, 25.094378], [-114.005667, 25.088241], [-114.005341, 25.084425], [-114.004501, 25.077632], [-114.003428, 25.073855], [-114.001974, 25.06709], [-114.001367, 25.06315], [-114.000789, 25.056507], [-114.000637, 25.052672], [-114.000059, 25.046536], [-113.99924, 25.042626], [-113.997563, 25.037054], [-113.996618, 25.033151], [-113.994563, 25.0277], [-113.993542, 25.023596], [-113.9915, 25.018115], [-113.990715, 25.013852], [-113.990572, 25.010558], [-113.990216, 25.003824], [-113.990015, 25.000701], [-113.98882, 24.993524], [-113.988358, 24.990696], [-113.987491, 24.983161], [-113.987403, 24.980485], [-113.987329, 24.972817], [-113.987318, 24.970154], [-113.986811, 24.962675], [-113.986814, 24.960159], [-113.986981, 24.952278], [-113.987352, 24.950078], [-113.987801, 24.944896], [-113.987769, 24.941562], [-113.987957, 24.937314], [-113.988311, 24.931925], [-113.98845, 24.929539], [-113.988837, 24.921919], [-113.988839, 24.919364], [-113.989912, 24.911595], [-113.990649, 24.909165], [-113.992937, 24.901398], [-113.995207, 24.891657], [-113.996124, 24.888593], [-113.997694, 24.881544], [-113.998042, 24.878463], [-113.999519, 24.870741], [-113.999662, 24.868309], [-114.000688, 24.861106], [-114.000643, 24.858798], [-114.000799, 24.852311], [-114.001055, 24.850338], [-114.000126, 24.844252], [-113.999882, 24.842235], [-113.999773, 24.835516], [-113.999731, 24.833248], [-114.000077, 24.826405], [-114.000419, 24.824213], [-114.000556, 24.817604], [-114.000584, 24.814098], [-114.000176, 24.808248], [-114.000271, 24.805324], [-114.000779, 24.800062], [-114.000687, 24.797159], [-114.000734, 24.790942], [-114.000894, 24.787956], [-114.00076, 24.781379], [-114.000758, 24.778582], [-114.000711, 24.771771], [-114.000744, 24.769187], [-114.001205, 24.761833], [-114.001516, 24.759502], [-114.001363, 24.753318], [-113.99918, 24.752011], [-113.990704, 24.747987], [-113.975691, 24.745543], [-113.974381, 24.744965], [-113.970245, 24.74349], [-113.967071, 24.742485], [-113.965206, 24.741787], [-113.96253, 24.740544], [-113.95742, 24.738099], [-113.950594, 24.735446], [-113.947612, 24.734238], [-113.939508, 24.730688], [-113.93609, 24.729754], [-113.926394, 24.725701], [-113.924317, 24.724572], [-113.919694, 24.722527], [-113.912879, 24.719787], [-113.909155, 24.718118], [-113.900553, 24.713148], [-113.89793, 24.711892], [-113.89478, 24.709601], [-113.888109, 24.705242], [-113.885192, 24.703435], [-113.878003, 24.698681], [-113.874752, 24.697405], [-113.871745, 24.695557], [-113.866055, 24.692075], [-113.862999, 24.690263], [-113.860148, 24.68883], [-113.85372, 24.685491], [-113.8501, 24.683329], [-113.847068, 24.68229], [-113.840488, 24.678378], [-113.835744, 24.677965], [-113.833378, 24.676552], [-113.826758, 24.672651], [-113.82293, 24.669681], [-113.814726, 24.664291], [-113.810902, 24.662359], [-113.808732, 24.661833], [-113.800554, 24.658208], [-113.79485, 24.656187], [-113.789668, 24.654135], [-113.780465, 24.65066], [-113.779884, 24.650317], [-113.772802, 24.646627], [-113.766075, 24.644205], [-113.761404, 24.641562], [-113.751218, 24.636926], [-113.748119, 24.636319], [-113.734953, 24.633353], [-113.723388, 24.623548], [-113.721852, 24.622005], [-113.71928, 24.61912], [-113.717831, 24.617459], [-113.714805, 24.614322], [-113.713203, 24.612632], [-113.708268, 24.607733], [-113.704126, 24.602368], [-113.703006, 24.600891], [-113.696087, 24.592099], [-113.694822, 24.590279], [-113.693351, 24.588673], [-113.691172, 24.586067], [-113.689459, 24.58336], [-113.687768, 24.580129], [-113.686546, 24.577886], [-113.683822, 24.573492], [-113.681492, 24.569673], [-113.679609, 24.564912], [-113.676239, 24.558581], [-113.674672, 24.555931], [-113.670719, 24.548532], [-113.669017, 24.545828], [-113.664592, 24.53832], [-113.662946, 24.535451], [-113.66024, 24.530705], [-113.659475, 24.529247], [-113.658388, 24.527413], [-113.657461, 24.525923], [-113.656453, 24.523933], [-113.652454, 24.516849], [-113.651173, 24.514233], [-113.649718, 24.510858], [-113.647113, 24.505129], [-113.645863, 24.502312], [-113.644418, 24.499254], [-113.641406, 24.493346], [-113.640144, 24.489457], [-113.639363, 24.487506], [-113.636081, 24.481178], [-113.634383, 24.477895], [-113.631098, 24.472887], [-113.627136, 24.467424], [-113.623137, 24.46376], [-113.617564, 24.45973], [-113.613402, 24.456611], [-113.607603, 24.452471], [-113.603628, 24.450153], [-113.597373, 24.446891], [-113.593703, 24.444366], [-113.58757, 24.440624], [-113.58445, 24.437935], [-113.579149, 24.432761], [-113.576546, 24.430087], [-113.571303, 24.424919], [-113.5688, 24.422738], [-113.56317, 24.417709], [-113.5608, 24.415733], [-113.554629, 24.410934], [-113.552616, 24.409613], [-113.546508, 24.405924], [-113.544562, 24.404629], [-113.538113, 24.400082], [-113.536052, 24.398767], [-113.530234, 24.395023], [-113.528295, 24.39366], [-113.52251, 24.388976], [-113.520832, 24.387591], [-113.515629, 24.383056], [-113.514002, 24.381287], [-113.508651, 24.376307], [-113.506855, 24.374813], [-113.501662, 24.369886], [-113.49983, 24.36854], [-113.494172, 24.364535], [-113.491743, 24.363159], [-113.4886, 24.361358], [-113.485081, 24.359341], [-113.480275, 24.356668], [-113.47652, 24.354795], [-113.47231, 24.352146], [-113.468392, 24.35006], [-113.464159, 24.347224], [-113.459964, 24.344803], [-113.455364, 24.342447], [-113.450948, 24.340108], [-113.44681, 24.337369], [-113.442273, 24.334387], [-113.438458, 24.331506], [-113.433782, 24.328444], [-113.429703, 24.326318], [-113.423621, 24.323338], [-113.41678, 24.319682], [-113.41471, 24.318488], [-113.409289, 24.315789], [-113.405424, 24.314103], [-113.399309, 24.312057], [-113.395157, 24.310664], [-113.391592, 24.309183], [-113.384956, 24.306714], [-113.381424, 24.305717], [-113.373863, 24.303176], [-113.370869, 24.301723], [-113.364085, 24.29823], [-113.361739, 24.296972], [-113.356585, 24.294072], [-113.348721, 24.290516], [-113.343213, 24.288525], [-113.340258, 24.28771], [-113.331687, 24.284949], [-113.329012, 24.284108], [-113.320982, 24.281914], [-113.318511, 24.280769], [-113.310663, 24.278025], [-113.308153, 24.277095], [-113.303128, 24.2754], [-113.300508, 24.27446], [-113.298198, 24.273882], [-113.29104, 24.271502], [-113.288856, 24.270455], [-113.282285, 24.267738], [-113.28011, 24.267024], [-113.275957, 24.265615], [-113.274428, 24.265116], [-113.271813, 24.264432], [-113.268686, 24.263057], [-113.265052, 24.261903], [-113.260616, 24.260414], [-113.257053, 24.259262], [-113.252518, 24.257821], [-113.248665, 24.25599], [-113.244193, 24.254461], [-113.239998, 24.252944], [-113.23581, 24.25136], [-113.231152, 24.249799], [-113.226616, 24.248847], [-113.221538, 24.247052], [-113.217111, 24.24542], [-113.212244, 24.243095], [-113.208646, 24.241137], [-113.203838, 24.238729], [-113.20058, 24.236703], [-113.195852, 24.233373], [-113.19315, 24.231099], [-113.18858, 24.227539], [-113.187561, 24.226735], [-113.18298, 24.222793], [-113.181482, 24.221248], [-113.175786, 24.217253], [-113.173901, 24.21603], [-113.167836, 24.212423], [-113.165813, 24.211371], [-113.159828, 24.20779], [-113.149922, 24.203249], [-113.148067, 24.20227], [-113.144052, 24.200643], [-113.13851, 24.199914], [-113.136039, 24.199704], [-113.133885, 24.197831], [-113.127443, 24.195089], [-113.124367, 24.193728], [-113.121138, 24.192336], [-113.115843, 24.190289], [-113.108897, 24.187374], [-113.105664, 24.186128], [-113.101443, 24.184537], [-113.095843, 24.182496], [-113.092551, 24.181412], [-113.083494, 24.178481], [-113.080156, 24.177338], [-113.070679, 24.174378], [-113.067094, 24.173187], [-113.057945, 24.170009], [-113.054111, 24.168765], [-113.044954, 24.165733], [-113.040971, 24.164488], [-113.031987, 24.161598], [-113.028939, 24.160752], [-113.025443, 24.159695], [-113.018945, 24.157716], [-113.015594, 24.156748], [-113.012381, 24.155798], [-113.00564, 24.153871], [-113.001989, 24.152833], [-112.999076, 24.151951], [-112.992361, 24.150039], [-112.988379, 24.148907], [-112.985675, 24.148108], [-112.978776, 24.146312], [-112.974647, 24.145125], [-112.972857, 24.14469], [-112.96594, 24.142449], [-112.963665, 24.141618], [-112.959533, 24.140247], [-112.954892, 24.139579], [-112.953193, 24.139989], [-112.948757, 24.140339], [-112.941725, 24.138271], [-112.935743, 24.136557], [-112.93168, 24.135397], [-112.921986, 24.132671], [-112.908103, 24.129185], [-112.894421, 24.125684], [-112.880863, 24.121386], [-112.867479, 24.116217], [-112.864577, 24.115469], [-112.853525, 24.112468], [-112.850466, 24.111552], [-112.839878, 24.108271], [-112.836632, 24.107352], [-112.826084, 24.104405], [-112.822617, 24.103335], [-112.812196, 24.100371], [-112.808425, 24.099371], [-112.798085, 24.096581], [-112.794226, 24.095634], [-112.784114, 24.093208], [-112.781356, 24.092558], [-112.777127, 24.091449], [-112.770303, 24.089648], [-112.767282, 24.088983], [-112.763299, 24.088232], [-112.756441, 24.08679], [-112.75318, 24.086047], [-112.749576, 24.085254], [-112.742615, 24.083919], [-112.739063, 24.08314], [-112.735696, 24.08252], [-112.728568, 24.081153], [-112.724533, 24.080382], [-112.721418, 24.079829], [-112.714247, 24.078284], [-112.709879, 24.077386], [-112.707046, 24.076806], [-112.699737, 24.07539], [-112.694989, 24.074371], [-112.692467, 24.073885], [-112.685187, 24.072366], [-112.680275, 24.071261], [-112.674524, 24.070118], [-112.665695, 24.06843], [-112.66033, 24.067551], [-112.651363, 24.065928], [-112.646459, 24.064874], [-112.637336, 24.063022], [-112.632714, 24.06212], [-112.623234, 24.060157], [-112.618965, 24.059276], [-112.609326, 24.057236], [-112.595636, 24.054426], [-112.582149, 24.051529], [-112.568878, 24.048636], [-112.555662, 24.045795], [-112.553031, 24.045228], [-112.542382, 24.043092], [-112.539563, 24.042464], [-112.529275, 24.040079], [-112.526224, 24.039372], [-112.515932, 24.037066], [-112.512576, 24.03626], [-112.502376, 24.033772], [-112.498917, 24.032955], [-112.489106, 24.03059], [-112.485457, 24.029566], [-112.477407, 24.027358], [-112.474128, 24.026518], [-112.470397, 24.025458], [-112.462248, 24.023263], [-112.459454, 24.022498], [-112.45531, 24.021445], [-112.448291, 24.019675], [-112.445158, 24.018809], [-112.441414, 24.017774], [-112.434334, 24.016014], [-112.43083, 24.015052], [-112.427645, 24.014285], [-112.424606, 24.013593], [-112.418201, 24.012184], [-112.414814, 24.011377], [-112.412767, 24.010879], [-112.405861, 24.009311], [-112.401814, 24.008252], [-112.398971, 24.007506], [-112.392036, 24.005839], [-112.387697, 24.004745], [-112.383808, 24.002201], [-112.379011, 23.998905], [-112.374647, 23.997008], [-112.368297, 23.994135], [-112.364506, 23.99232], [-112.358492, 23.989432], [-112.356471, 23.988361], [-112.350131, 23.985306], [-112.347741, 23.984115], [-112.342072, 23.981304], [-112.337417, 23.9789], [-112.334816, 23.977581], [-112.332264, 23.976314], [-112.326651, 23.973563], [-112.323712, 23.972065], [-112.316648, 23.968622], [-112.313738, 23.967219], [-112.306204, 23.963483], [-112.303563, 23.962246], [-112.300087, 23.960613], [-112.295513, 23.958517], [-112.292888, 23.957332], [-112.285257, 23.953891], [-112.283667, 23.953218], [-112.275111, 23.949414], [-112.272867, 23.948428], [-112.270491, 23.947406], [-112.269158, 23.94686], [-112.265393, 23.945243], [-112.260983, 23.943416], [-112.259218, 23.942643], [-112.255407, 23.94093], [-112.247801, 23.93752], [-112.24555, 23.936476], [-112.2394, 23.933675], [-112.237081, 23.932668], [-112.230473, 23.929885], [-112.228336, 23.929029], [-112.222048, 23.926516], [-112.220318, 23.925851], [-112.21329, 23.923112], [-112.210417, 23.922026], [-112.20871, 23.921384], [-112.203683, 23.919473], [-112.20123, 23.918629], [-112.198005, 23.917549], [-112.193816, 23.916154], [-112.191426, 23.915385], [-112.183736, 23.912776], [-112.181172, 23.911882], [-112.17429, 23.909322], [-112.170664, 23.908022], [-112.163617, 23.905458], [-112.159948, 23.904129], [-112.155009, 23.902482], [-112.147839, 23.900006], [-112.143083, 23.898373], [-112.135761, 23.89577], [-112.131188, 23.894116], [-112.124073, 23.891541], [-112.119837, 23.889854], [-112.112566, 23.887037], [-112.108317, 23.885289], [-112.100313, 23.88207], [-112.096231, 23.880448], [-112.087761, 23.877373], [-112.084429, 23.876216], [-112.076, 23.873047], [-112.07286, 23.871955], [-112.064582, 23.869097], [-112.061711, 23.868075], [-112.053456, 23.865082], [-112.050479, 23.863999], [-112.041743, 23.860888], [-112.03977, 23.860258], [-112.031044, 23.857208], [-112.028817, 23.856494], [-112.020426, 23.853996], [-112.017843, 23.853178], [-112.010351, 23.850867], [-112.007916, 23.850155], [-112.000305, 23.84789], [-111.997909, 23.847171], [-111.990983, 23.845298], [-111.988741, 23.844682], [-111.981808, 23.842723], [-111.979649, 23.842202], [-111.972611, 23.840352], [-111.970486, 23.839801], [-111.962761, 23.837407], [-111.960085, 23.836543], [-111.952974, 23.834188], [-111.949366, 23.833002], [-111.941738, 23.830618], [-111.93785, 23.829284], [-111.929743, 23.826169], [-111.926183, 23.824883], [-111.920446, 23.822732], [-111.913224, 23.819905], [-111.907695, 23.817966], [-111.900219, 23.815292], [-111.894566, 23.813244], [-111.8867, 23.810293], [-111.88132, 23.808409], [-111.873208, 23.805595], [-111.86831, 23.803887], [-111.859667, 23.800809], [-111.857112, 23.799954], [-111.850977, 23.796945], [-111.848434, 23.795485], [-111.843309, 23.792545], [-111.838848, 23.789745], [-111.835908, 23.78792], [-111.828852, 23.783384], [-111.826086, 23.781675], [-111.822734, 23.779523], [-111.819039, 23.777223], [-111.812433, 23.773773], [-111.809128, 23.77223], [-111.804339, 23.76964], [-111.796723, 23.765292], [-111.793079, 23.763379], [-111.791493, 23.762545], [-111.786238, 23.759767], [-111.7808, 23.757236], [-111.778663, 23.756308], [-111.772194, 23.753621], [-111.770483, 23.753105], [-111.76484, 23.751053], [-111.76271, 23.750089], [-111.755591, 23.746953], [-111.753207, 23.745939], [-111.746247, 23.74306], [-111.745345, 23.743589], [-111.745125, 23.746619], [-111.745107, 23.748631], [-111.741147, 23.750074], [-111.731532, 23.749418], [-111.727997, 23.749195], [-111.724504, 23.749094], [-111.71777, 23.749261], [-111.714116, 23.749701], [-111.707683, 23.750318], [-111.704282, 23.750627], [-111.700893, 23.750983], [-111.696805, 23.751276], [-111.693161, 23.751729], [-111.68469, 23.752291], [-111.679404, 23.751735], [-111.675984, 23.751338], [-111.667914, 23.750066], [-111.664364, 23.749259], [-111.66212, 23.748922], [-111.657863, 23.748395], [-111.654143, 23.747923], [-111.6496, 23.747552], [-111.645451, 23.746092], [-111.640649, 23.744559], [-111.632682, 23.741865], [-111.628263, 23.740395], [-111.620072, 23.737575], [-111.616856, 23.736343], [-111.611122, 23.734179], [-111.607967, 23.733007], [-111.604752, 23.731832], [-111.597079, 23.72884], [-111.591059, 23.726738], [-111.588942, 23.725999], [-111.57777, 23.721906], [-111.575475, 23.721097], [-111.564981, 23.717486], [-111.551463, 23.71238], [-111.548483, 23.711289], [-111.539796, 23.708471], [-111.536927, 23.707435], [-111.528078, 23.704268], [-111.525453, 23.703338], [-111.515202, 23.699604], [-111.512563, 23.698753], [-111.502949, 23.695265], [-111.500148, 23.69441], [-111.491168, 23.691229], [-111.488498, 23.6904], [-111.479991, 23.68748], [-111.476969, 23.686397], [-111.46855, 23.683206], [-111.465454, 23.681763], [-111.45733, 23.677753], [-111.454199, 23.67632], [-111.445509, 23.671676], [-111.442854, 23.670356], [-111.438881, 23.668306], [-111.436757, 23.667248], [-111.432329, 23.665088], [-111.429502, 23.663815], [-111.421758, 23.660066], [-111.41864, 23.658417], [-111.415665, 23.656971], [-111.409536, 23.654191], [-111.405946, 23.652313], [-111.403224, 23.65088], [-111.396542, 23.647318], [-111.392618, 23.645218], [-111.390017, 23.643994], [-111.383849, 23.640719], [-111.379974, 23.638419], [-111.37772, 23.636994], [-111.37163, 23.633501], [-111.367711, 23.6312], [-111.36312, 23.628552], [-111.35606, 23.624255], [-111.351298, 23.621089], [-111.343345, 23.615735], [-111.342616, 23.615267], [-111.335286, 23.610284], [-111.329982, 23.606706], [-111.325672, 23.603946], [-111.317103, 23.598256], [-111.314517, 23.596509], [-111.304615, 23.58991], [-111.302225, 23.588318], [-111.292083, 23.581413], [-111.280303, 23.573731], [-111.270913, 23.567493], [-111.266338, 23.564188], [-111.261079, 23.560108], [-111.25863, 23.558187], [-111.25156, 23.552734], [-111.249318, 23.550902], [-111.242474, 23.545473], [-111.240489, 23.54399], [-111.233366, 23.538763], [-111.230928, 23.537017], [-111.223967, 23.532219], [-111.221342, 23.530163], [-111.213444, 23.524402], [-111.210824, 23.522572], [-111.202909, 23.516846], [-111.200866, 23.515273], [-111.197118, 23.51254], [-111.191168, 23.508019], [-111.188854, 23.506314], [-111.185161, 23.503504], [-111.179379, 23.49918], [-111.176886, 23.49727], [-111.173281, 23.494777], [-111.167553, 23.491065], [-111.164884, 23.489257], [-111.159773, 23.485724], [-111.154721, 23.482205], [-111.149845, 23.479577], [-111.144329, 23.476564], [-111.13947, 23.473623], [-111.134049, 23.470168], [-111.12975, 23.467281], [-111.124099, 23.463572], [-111.119715, 23.460667], [-111.113822, 23.456852], [-111.110061, 23.454493], [-111.104353, 23.45089], [-111.100966, 23.44885], [-111.095219, 23.445115], [-111.091974, 23.44301], [-111.086348, 23.439449], [-111.083619, 23.437755], [-111.077747, 23.434088], [-111.074926, 23.432333], [-111.068607, 23.428445], [-111.066046, 23.426912], [-111.060067, 23.423489], [-111.058037, 23.422309], [-111.052171, 23.419044], [-111.05028, 23.418029], [-111.043757, 23.413996], [-111.041718, 23.412946], [-111.035157, 23.409076], [-111.032975, 23.407773], [-111.026681, 23.404011], [-111.024847, 23.403045], [-111.019212, 23.399996], [-111.01737, 23.398889], [-111.012141, 23.395929], [-111.010551, 23.395044], [-111.005908, 23.392526], [-111.004102, 23.391375], [-110.999017, 23.388385], [-110.9972, 23.387258], [-110.990896, 23.383157], [-110.988338, 23.381256], [-110.981053, 23.375951], [-110.978714, 23.374157], [-110.975257, 23.371644], [-110.969508, 23.367634], [-110.966186, 23.365573], [-110.958987, 23.361115], [-110.955463, 23.358889], [-110.94817, 23.354084], [-110.944989, 23.352154], [-110.93853, 23.348254], [-110.93642, 23.34689], [-110.930988, 23.343269], [-110.927837, 23.341186], [-110.922711, 23.3384], [-110.919384, 23.337173], [-110.912228, 23.334703], [-110.908246, 23.333306], [-110.901497, 23.330733], [-110.89787, 23.32945], [-110.892398, 23.32755], [-110.889488, 23.326641], [-110.883943, 23.324952], [-110.880763, 23.323959], [-110.874089, 23.321393], [-110.87275, 23.320919], [-110.867897, 23.319189], [-110.863188, 23.31769], [-110.860948, 23.31712], [-110.855059, 23.314546], [-110.851836, 23.314117], [-110.841163, 23.313037], [-110.829089, 23.308591], [-110.819102, 23.302102], [-110.81713, 23.300711], [-110.809363, 23.29535], [-110.807172, 23.293766], [-110.80169, 23.289754], [-110.799736, 23.288305], [-110.796597, 23.28589], [-110.789803, 23.280645], [-110.787395, 23.278739], [-110.780188, 23.273111], [-110.7777, 23.271197], [-110.77087, 23.265459], [-110.769371, 23.263466], [-110.765472, 23.258421], [-110.763953, 23.255945], [-110.76287, 23.254085], [-110.761476, 23.251514], [-110.757505, 23.245073], [-110.756045, 23.242647], [-110.751999, 23.235772], [-110.750635, 23.233352], [-110.748224, 23.229296], [-110.745863, 23.225316], [-110.744331, 23.223023], [-110.740451, 23.219798], [-110.739189, 23.219605], [-110.732304, 23.215969], [-110.729643, 23.21436], [-110.722853, 23.209418], [-110.719943, 23.207155], [-110.717911, 23.205639], [-110.712835, 23.201775], [-110.710822, 23.200245], [-110.707075, 23.197183], [-110.700914, 23.192269], [-110.698412, 23.190393], [-110.691887, 23.185229], [-110.688609, 23.182645], [-110.683963, 23.178548], [-110.680295, 23.175421], [-110.677847, 23.17326], [-110.671569, 23.167672], [-110.668487, 23.165074], [-110.664404, 23.161929], [-110.660077, 23.158861], [-110.65725, 23.156705], [-110.653057, 23.15328], [-110.649796, 23.150411], [-110.644795, 23.146157], [-110.640972, 23.142403], [-110.634518, 23.136029], [-110.630871, 23.13269], [-110.624406, 23.12662], [-110.621025, 23.122972], [-110.614235, 23.115941], [-110.61212, 23.113714], [-110.605201, 23.106286], [-110.604314, 23.105345], [-110.599049, 23.099007], [-110.594713, 23.095882], [-110.591778, 23.093643], [-110.5834, 23.086888], [-110.572587, 23.078904], [-110.562592, 23.072964], [-110.551898, 23.066265], [-110.54968, 23.064991], [-110.541564, 23.060409], [-110.539205, 23.05904], [-110.53074, 23.054073], [-110.527992, 23.052378], [-110.519451, 23.047196], [-110.516509, 23.045536], [-110.50756, 23.040338], [-110.506338, 23.039451], [-110.501457, 23.036312], [-110.494461, 23.032032], [-110.491716, 23.030437], [-110.484488, 23.026425], [-110.481034, 23.024574], [-110.473068, 23.020123], [-110.470309, 23.018473], [-110.466955, 23.01655], [-110.461346, 23.013385], [-110.458584, 23.011787], [-110.455767, 23.01013], [-110.449989, 23.006591], [-110.4465, 23.004398], [-110.444908, 23.003346], [-110.438828, 22.999399], [-110.435733, 22.997432], [-110.43096, 22.99443], [-110.425178, 22.990705], [-110.420689, 22.987614], [-110.414233, 22.983144], [-110.409867, 22.980593], [-110.403527, 22.976921], [-110.399438, 22.974547], [-110.392433, 22.970397], [-110.388889, 22.968445], [-110.381788, 22.964086], [-110.377803, 22.961731], [-110.370609, 22.95747], [-110.366934, 22.955183], [-110.35932, 22.950561], [-110.356034, 22.948586], [-110.348106, 22.943874], [-110.345267, 22.942219], [-110.33778, 22.937856], [-110.335065, 22.936294], [-110.32749, 22.931815], [-110.325078, 22.930402], [-110.317822, 22.926306], [-110.316175, 22.925358], [-110.311631, 22.922858], [-110.30883, 22.921326], [-110.30458, 22.919061], [-110.298763, 22.915976], [-110.296498, 22.914744], [-110.289807, 22.910905], [-110.287711, 22.909675], [-110.281595, 22.906049], [-110.280547, 22.905446], [-110.27347, 22.901384], [-110.271128, 22.90011], [-110.268186, 22.898589], [-110.26568, 22.89728], [-110.262875, 22.8958], [-110.259693, 22.894476], [-110.255796, 22.892345], [-110.25251, 22.890377], [-110.246791, 22.886913], [-110.2442, 22.88533], [-110.241068, 22.883587], [-110.235215, 22.880246], [-110.232294, 22.878406], [-110.229532, 22.876712], [-110.223752, 22.873324], [-110.220495, 22.871458], [-110.217944, 22.869964], [-110.21225, 22.866522], [-110.208774, 22.864416], [-110.205611, 22.86242], [-110.202765, 22.860619], [-110.197079, 22.857015], [-110.192192, 22.853889], [-110.187462, 22.850758], [-110.186031, 22.849772], [-110.184618, 22.848817], [-110.178199, 22.844549], [-110.174103, 22.841876], [-110.169785, 22.839202], [-110.162466, 22.834677], [-110.160761, 22.833634], [-110.154675, 22.831587], [-110.148973, 22.829977], [-110.14435, 22.828632], [-110.135541, 22.826127], [-110.131981, 22.825192], [-110.124059, 22.82323], [-110.120854, 22.822407], [-110.112792, 22.820342], [-110.110031, 22.819611], [-110.102706, 22.817728], [-110.100257, 22.817158], [-110.092196, 22.815227], [-110.089655, 22.814607], [-110.081585, 22.812526], [-110.079437, 22.811908], [-110.072535, 22.809921], [-110.06975, 22.80912], [-110.061338, 22.806662], [-110.058215, 22.806185], [-110.049404, 22.804718], [-110.047074, 22.804265], [-110.039485, 22.802771], [-110.036765, 22.802237], [-110.029462, 22.800806], [-110.02716, 22.800365], [-110.019757, 22.798864], [-110.01704, 22.79833], [-110.009472, 22.796785], [-110.00746, 22.79631], [-110.000456, 22.794832], [-109.998265, 22.794396], [-109.990798, 22.792986], [-109.987994, 22.792488], [-109.98474, 22.79186], [-109.979632, 22.790879], [-109.976948, 22.790343], [-109.969039, 22.788671], [-109.966863, 22.788191], [-109.960239, 22.78668], [-109.957996, 22.78616], [-109.951789, 22.784934], [-109.949806, 22.784577], [-109.943156, 22.783667], [-109.940765, 22.783416], [-109.933913, 22.782989], [-109.931695, 22.782913], [-109.925402, 22.782734], [-109.921907, 22.782736], [-109.915533, 22.782903], [-109.911014, 22.783317], [-109.901196, 22.784615], [-109.898234, 22.785112], [-109.886541, 22.787533], [-109.883812, 22.78859], [-109.871693, 22.793423], [-109.85708, 22.800868], [-109.843729, 22.809691], [-109.830298, 22.818532], [-109.816844, 22.827435], [-109.813946, 22.829353], [-109.803857, 22.836037], [-109.802541, 22.836918], [-109.797062, 22.840629], [-109.790219, 22.845363], [-109.788566, 22.846468], [-109.783359, 22.849978], [-109.776575, 22.854699], [-109.774685, 22.856028], [-109.769678, 22.85931], [-109.762677, 22.86369], [-109.760422, 22.865123], [-109.755744, 22.867988], [-109.748743, 22.872348], [-109.746189, 22.873904], [-109.74176, 22.87653], [-109.734705, 22.880455], [-109.731733, 22.882176], [-109.727665, 22.884643], [-109.720746, 22.889053], [-109.717498, 22.89106], [-109.713681, 22.893462], [-109.706692, 22.897985], [-109.703211, 22.900393], [-109.699833, 22.902852], [-109.693285, 22.908094], [-109.689693, 22.910992], [-109.686696, 22.913388], [-109.680019, 22.918557], [-109.676112, 22.921584], [-109.673415, 22.923642], [-109.666903, 22.928782], [-109.662784, 22.931987], [-109.660402, 22.933751], [-109.654051, 22.938802], [-109.649797, 22.942215], [-109.647694, 22.943768], [-109.641345, 22.948679], [-109.636863, 22.952096], [-109.635116, 22.95408], [-109.63193, 22.957482], [-109.62762, 22.960081], [-109.620132, 22.964702], [-109.616135, 22.967655], [-109.608128, 22.97371], [-109.60567, 22.975581], [-109.596948, 22.982111], [-109.595241, 22.983326], [-109.588309, 22.988166], [-109.586188, 22.989652], [-109.57946, 22.994696], [-109.576498, 22.996954], [-109.567616, 23.003771], [-109.556053, 23.012338], [-109.544019, 23.021354], [-109.541455, 23.023265], [-109.530968, 23.030993], [-109.528133, 23.033042], [-109.518979, 23.039368], [-109.516665, 23.040826], [-109.507342, 23.047696], [-109.505649, 23.049019], [-109.500323, 23.053142], [-109.49353, 23.058515], [-109.491618, 23.060017], [-109.487061, 23.063643], [-109.480663, 23.068703], [-109.478469, 23.070414], [-109.474029, 23.073876], [-109.467474, 23.079067], [-109.464964, 23.081034], [-109.460792, 23.084382], [-109.453911, 23.089967], [-109.451058, 23.092278], [-109.447019, 23.095516], [-109.440394, 23.100775], [-109.437336, 23.103133], [-109.433703, 23.105947], [-109.426896, 23.111437], [-109.424463, 23.11335], [-109.419946, 23.117], [-109.413203, 23.122167], [-109.409541, 23.124893], [-109.406775, 23.126859], [-109.401241, 23.130488], [-109.39799, 23.132257], [-109.393035, 23.134855], [-109.38896, 23.137822], [-109.386614, 23.139543], [-109.380075, 23.144272], [-109.375664, 23.147437], [-109.373679, 23.148836], [-109.36731, 23.153435], [-109.36272, 23.15683], [-109.361081, 23.158078], [-109.35495, 23.162739], [-109.35131, 23.166274], [-109.34855, 23.169943], [-109.344889, 23.176949], [-109.343829, 23.180372], [-109.341648, 23.187107], [-109.340536, 23.190167], [-109.338045, 23.196725], [-109.33712, 23.199393], [-109.334981, 23.2058], [-109.334197, 23.209081], [-109.332789, 23.217385], [-109.332724, 23.219884], [-109.332568, 23.226916], [-109.333219, 23.229151], [-109.334999, 23.236208], [-109.335452, 23.238364], [-109.336641, 23.244647], [-109.337066, 23.246541], [-109.338278, 23.251781], [-109.338503, 23.252776], [-109.339861, 23.258598], [-109.340599, 23.261966], [-109.341928, 23.267853], [-109.342633, 23.271117], [-109.343649, 23.276669], [-109.343945, 23.280417], [-109.343838, 23.286047], [-109.343686, 23.28989], [-109.343922, 23.295265], [-109.343987, 23.29917], [-109.344129, 23.304167], [-109.344202, 23.308432], [-109.344254, 23.312891], [-109.344229, 23.317012], [-109.344133, 23.321253], [-109.344096, 23.325811], [-109.343951, 23.329843], [-109.343819, 23.334523], [-109.343582, 23.338274], [-109.34324, 23.342765], [-109.343089, 23.346775], [-109.342808, 23.351904], [-109.342633, 23.355745], [-109.342486, 23.361365], [-109.342414, 23.365229], [-109.342272, 23.370947], [-109.342295, 23.374347], [-109.34249, 23.380378], [-109.342612, 23.383612], [-109.342827, 23.389475], [-109.343013, 23.392663], [-109.343259, 23.399443], [-109.343404, 23.402346], [-109.344332, 23.408863], [-109.346001, 23.411282], [-109.350164, 23.417777], [-109.351782, 23.42016], [-109.355898, 23.426941], [-109.357099, 23.429297], [-109.360945, 23.4365], [-109.363353, 23.440983], [-109.367253, 23.445687], [-109.368892, 23.447914], [-109.373649, 23.454823], [-109.374596, 23.457209], [-109.37882, 23.464185], [-109.380261, 23.466302], [-109.385269, 23.473643], [-109.387113, 23.475891], [-109.393198, 23.48287], [-109.395059, 23.485287], [-109.400388, 23.492241], [-109.402287, 23.494843], [-109.407776, 23.501879], [-109.409816, 23.504623], [-109.414385, 23.511791], [-109.416072, 23.514702], [-109.420747, 23.521638], [-109.423143, 23.52457], [-109.428047, 23.531261], [-109.430324, 23.534582], [-109.434996, 23.541183], [-109.437482, 23.544342], [-109.441744, 23.550792], [-109.444145, 23.55423], [-109.44848, 23.560279], [-109.450871, 23.563708], [-109.455474, 23.569608], [-109.457688, 23.572587], [-109.460341, 23.576594], [-109.464004, 23.582542], [-109.465831, 23.586485], [-109.469881, 23.592325], [-109.472492, 23.595699], [-109.476065, 23.602163], [-109.478167, 23.605789], [-109.481839, 23.61271], [-109.484112, 23.616233], [-109.488963, 23.623375], [-109.491572, 23.6264], [-109.49782, 23.633181], [-109.50029, 23.636014], [-109.505181, 23.643622], [-109.507155, 23.646228], [-109.513715, 23.653403], [-109.521358, 23.663662], [-109.529113, 23.673517], [-109.530703, 23.675438], [-109.537425, 23.682701], [-109.54002, 23.683602], [-109.544385, 23.684167], [-109.550618, 23.684746], [-109.554206, 23.68423], [-109.554928, 23.679778], [-109.555044, 23.679232], [-109.560972, 23.681568], [-109.56427, 23.682703], [-109.571742, 23.686], [-109.574673, 23.686991], [-109.57624, 23.690268], [-109.571857, 23.69357], [-109.56857, 23.696072], [-109.564983, 23.698459], [-109.561803, 23.700161], [-109.558393, 23.702131], [-109.554645, 23.704369], [-109.550314, 23.706847], [-109.545497, 23.709388], [-109.541644, 23.711839], [-109.536549, 23.715161], [-109.532814, 23.717662], [-109.527372, 23.721287], [-109.525835, 23.722104], [-109.520712, 23.724928], [-109.516781, 23.727151], [-109.511294, 23.730114], [-109.507458, 23.73225], [-109.504059, 23.733973], [-109.49857, 23.736663], [-109.495119, 23.738587], [-109.488631, 23.741895], [-109.485685, 23.743305], [-109.478808, 23.747056], [-109.475638, 23.749161], [-109.467623, 23.754565], [-109.46564, 23.755875], [-109.462611, 23.757834], [-109.458272, 23.76108], [-109.456455, 23.762158], [-109.453371, 23.763823], [-109.449308, 23.766208], [-109.447238, 23.76773], [-109.444521, 23.770353], [-109.440849, 23.773761], [-109.439624, 23.775268], [-109.436897, 23.778371], [-109.431309, 23.784575], [-109.430406, 23.78685], [-109.429262, 23.789556], [-109.425719, 23.794683], [-109.423677, 23.797322], [-109.419425, 23.802167], [-109.416952, 23.804853], [-109.412371, 23.809249], [-109.40881, 23.812331], [-109.406773, 23.814188], [-109.404819, 23.81586], [-109.402253, 23.81804], [-109.399393, 23.820527], [-109.394888, 23.824529], [-109.391467, 23.827481], [-109.389795, 23.828985], [-109.387109, 23.831248], [-109.384051, 23.833939], [-109.380368, 23.837432], [-109.378242, 23.839364], [-109.376481, 23.8412], [-109.371141, 23.846745], [-109.36941, 23.848516], [-109.3645, 23.854097], [-109.363055, 23.855998], [-109.358134, 23.86168], [-109.356582, 23.86358], [-109.353159, 23.868433], [-109.351781, 23.86988], [-109.349322, 23.872345], [-109.34574, 23.877356], [-109.344893, 23.878848], [-109.341168, 23.885426], [-109.340085, 23.887379], [-109.33697, 23.893649], [-109.335821, 23.895825], [-109.332254, 23.902623], [-109.331093, 23.904788], [-109.328093, 23.910539], [-109.330585, 23.910635], [-109.338554, 23.911363], [-109.342497, 23.911733], [-109.350279, 23.912852], [-109.353973, 23.913241], [-109.361602, 23.91397], [-109.365845, 23.914401], [-109.373022, 23.91506], [-109.377127, 23.915482], [-109.384293, 23.915729], [-109.388521, 23.915973], [-109.395423, 23.916246], [-109.399816, 23.916525], [-109.406018, 23.916744], [-109.410365, 23.916951], [-109.416294, 23.917349], [-109.420599, 23.91718], [-109.428025, 23.917725], [-109.43048, 23.918039], [-109.437687, 23.918605], [-109.449149, 23.918686], [-109.451573, 23.918615], [-109.458186, 23.918525], [-109.460665, 23.918607], [-109.467668, 23.918637], [-109.470016, 23.91872], [-109.4771, 23.918819], [-109.479422, 23.918768], [-109.486483, 23.91899], [-109.488806, 23.919054], [-109.495478, 23.919467], [-109.497692, 23.919598], [-109.504247, 23.919947], [-109.506441, 23.920109], [-109.51307, 23.92059], [-109.515294, 23.920813], [-109.521973, 23.921307], [-109.524119, 23.921472], [-109.530806, 23.922497], [-109.532948, 23.922956], [-109.540098, 23.923609], [-109.542399, 23.923849], [-109.549216, 23.924676], [-109.551596, 23.924934], [-109.558968, 23.925359], [-109.561378, 23.925487], [-109.56851, 23.926205], [-109.567718, 23.92763], [-109.562446, 23.932507], [-109.558938, 23.936012], [-109.555159, 23.939898], [-109.552037, 23.943372], [-109.548347, 23.947688], [-109.545417, 23.95102], [-109.541396, 23.955507], [-109.538687, 23.958738], [-109.534744, 23.963416], [-109.532186, 23.966379], [-109.528203, 23.97141], [-109.525913, 23.974379], [-109.521871, 23.979605], [-109.5193, 23.982], [-109.514684, 23.987148], [-109.512276, 23.989486], [-109.507092, 23.994754], [-109.504953, 23.997088], [-109.49947, 24.002179], [-109.497133, 24.003993], [-109.491596, 24.009271], [-109.489603, 24.011086], [-109.483876, 24.016461], [-109.481887, 24.01813], [-109.476031, 24.023302], [-109.474096, 24.024984], [-109.468565, 24.030324], [-109.466932, 24.032148], [-109.462004, 24.037638], [-109.460309, 24.039525], [-109.455603, 24.045244], [-109.453927, 24.046961], [-109.448858, 24.052248], [-109.450624, 24.053022], [-109.45634, 24.05295], [-109.462847, 24.053297], [-109.466841, 24.053933], [-109.472767, 24.054268], [-109.477176, 24.054683], [-109.482435, 24.055134], [-109.486664, 24.055587], [-109.491683, 24.055929], [-109.495992, 24.056523], [-109.501176, 24.057566], [-109.506676, 24.058569], [-109.512178, 24.059818], [-109.517493, 24.060693], [-109.525312, 24.062217], [-109.52893, 24.063182], [-109.535752, 24.064261], [-109.539318, 24.065014], [-109.545887, 24.066907], [-109.549813, 24.067784], [-109.553223, 24.068607], [-109.556251, 24.0693], [-109.558403, 24.069872], [-109.561629, 24.070742], [-109.567656, 24.072574], [-109.571853, 24.073914], [-109.575722, 24.074862], [-109.582572, 24.076957], [-109.586284, 24.078154], [-109.593478, 24.080488], [-109.596602, 24.081605], [-109.60343, 24.084149], [-109.606207, 24.085333], [-109.612917, 24.088246], [-109.614579, 24.088824], [-109.620974, 24.091279], [-109.628998, 24.093905], [-109.633717, 24.095721], [-109.636348, 24.096832], [-109.644334, 24.099595], [-109.647147, 24.100445], [-109.655062, 24.102806], [-109.657304, 24.103592], [-109.664027, 24.105961], [-109.66625, 24.106732], [-109.673157, 24.108703], [-109.675605, 24.109438], [-109.68073, 24.111109], [-109.682777, 24.11154], [-109.688824, 24.113298], [-109.69244, 24.114489], [-109.697892, 24.116235], [-109.701643, 24.117502], [-109.706446, 24.119625], [-109.710118, 24.121021], [-109.713776, 24.121558], [-109.721394, 24.121568], [-109.724546, 24.122224], [-109.728802, 24.123025], [-109.736569, 24.124043], [-109.740095, 24.124007], [-109.744025, 24.123137], [-109.752095, 24.121925], [-109.754327, 24.121444], [-109.756585, 24.121063], [-109.766587, 24.120064], [-109.770888, 24.120219], [-109.773174, 24.120432], [-109.774576, 24.12015], [-109.782333, 24.119895], [-109.786961, 24.120259], [-109.790448, 24.120573], [-109.797714, 24.123171], [-109.802672, 24.124679], [-109.805118, 24.126354], [-109.812536, 24.129806], [-109.814907, 24.12998], [-109.812285, 24.126873], [-109.81134, 24.125449], [-109.812222, 24.125261], [-109.815654, 24.12725], [-109.82151, 24.129337], [-109.824334, 24.130405], [-109.828916, 24.133305], [-109.832629, 24.134586], [-109.843518, 24.137253], [-109.853285, 24.138038], [-109.855085, 24.138188], [-109.862469, 24.137718], [-109.868513, 24.136853], [-109.874121, 24.135648], [-109.876967, 24.134846], [-109.886027, 24.1329], [-109.888683, 24.132582], [-109.896173, 24.131643], [-109.898776, 24.131535], [-109.907405, 24.131433], [-109.910602, 24.131391], [-109.920736, 24.131353], [-109.923755, 24.131257], [-109.926813, 24.131439], [-109.93371, 24.132114], [-109.933989, 24.133766], [-109.930683, 24.137643], [-109.926673, 24.142096], [-109.923115, 24.14557], [-109.918712, 24.150188], [-109.916587, 24.153394], [-109.927248, 24.152952], [-109.930937, 24.152907], [-109.9348, 24.152577], [-109.942383, 24.152549], [-109.946222, 24.152437], [-109.949755, 24.152309], [-109.957517, 24.152309], [-109.961737, 24.15251], [-109.964965, 24.152555], [-109.972607, 24.152384], [-109.971891, 24.153365], [-109.966412, 24.156963], [-109.962965, 24.159498], [-109.957665, 24.16334], [-109.954458, 24.166136], [-109.950208, 24.168922], [-109.945645, 24.172916], [-109.942895, 24.17581], [-109.938218, 24.181277], [-109.935544, 24.184466], [-109.930853, 24.190119], [-109.928704, 24.192757], [-109.932152, 24.194445], [-109.939191, 24.194325], [-109.945549, 24.194775], [-109.949354, 24.195297], [-109.958858, 24.196853], [-109.96231, 24.197382], [-109.971755, 24.198736], [-109.974955, 24.199209], [-109.983978, 24.200571], [-109.98644, 24.200834], [-109.994476, 24.201819], [-109.996916, 24.202019], [-110.005698, 24.202721], [-110.008447, 24.20287], [-110.016158, 24.203644], [-110.018026, 24.203978], [-110.025023, 24.204702], [-110.028036, 24.205118], [-110.027829, 24.206126], [-110.026418, 24.206802], [-110.024545, 24.207857], [-110.022483, 24.208985], [-110.018515, 24.212227], [-110.014409, 24.217831], [-110.012852, 24.219472], [-110.00686, 24.223608], [-110.004655, 24.225323], [-109.998235, 24.229518], [-109.995208, 24.231074], [-109.988851, 24.234354], [-109.985429, 24.235877], [-109.977868, 24.240545], [-109.974839, 24.242292], [-109.969803, 24.245238], [-109.964048, 24.249069], [-109.96036, 24.251228], [-109.962695, 24.252622], [-109.965965, 24.253208], [-109.969138, 24.254004], [-109.971254, 24.254649], [-109.972659, 24.255405], [-109.977998, 24.256967], [-109.980972, 24.257618], [-109.987032, 24.258672], [-109.990403, 24.258491], [-109.993293, 24.25819], [-109.996552, 24.257512], [-109.999655, 24.256237], [-110.002361, 24.255741], [-110.01053, 24.254385], [-110.01319, 24.254304], [-110.019153, 24.254468], [-110.021247, 24.254423], [-110.024307, 24.254469], [-110.030898, 24.253104], [-110.033698, 24.252858], [-110.042193, 24.252736], [-110.044804, 24.252608], [-110.050717, 24.251648], [-110.051381, 24.252505], [-110.049177, 24.255596], [-110.048452, 24.257278], [-110.045968, 24.261855], [-110.044282, 24.264702], [-110.041145, 24.269005], [-110.039439, 24.271406], [-110.035704, 24.276003], [-110.033662, 24.279017], [-110.03132, 24.283333], [-110.029364, 24.286377], [-110.02666, 24.290183], [-110.024927, 24.29318], [-110.022632, 24.297404], [-110.018858, 24.302459], [-110.014447, 24.308743], [-110.013378, 24.311011], [-110.012345, 24.314068], [-110.009452, 24.318614], [-110.007525, 24.320903], [-110.00339, 24.327085], [-110.002053, 24.329461], [-109.998867, 24.334929], [-109.997324, 24.338244], [-109.994181, 24.343546], [-109.992332, 24.346912], [-109.988987, 24.351803], [-109.986769, 24.355198], [-109.983186, 24.360564], [-109.98056, 24.363977], [-109.97737, 24.36902], [-109.975165, 24.372516], [-109.972197, 24.378861], [-109.970869, 24.381823], [-109.975424, 24.383183], [-109.982373, 24.38197], [-109.98894, 24.381969], [-109.992765, 24.382333], [-110.002626, 24.383371], [-110.016103, 24.38555], [-110.029655, 24.387674], [-110.043682, 24.389341], [-110.046541, 24.389509], [-110.057546, 24.391006], [-110.060568, 24.391624], [-110.071792, 24.393542], [-110.075367, 24.394026], [-110.087026, 24.396235], [-110.090789, 24.396806], [-110.101597, 24.398083], [-110.105043, 24.398949], [-110.114274, 24.400853], [-110.117942, 24.401302], [-110.127164, 24.402595], [-110.131211, 24.40314], [-110.142786, 24.402713], [-110.146169, 24.402814], [-110.150779, 24.402252], [-110.159395, 24.402022], [-110.16335, 24.40154], [-110.167888, 24.400486], [-110.175098, 24.399428], [-110.178602, 24.398802], [-110.182081, 24.397956], [-110.189136, 24.39733], [-110.192861, 24.397514], [-110.195933, 24.396497], [-110.203381, 24.39595], [-110.207919, 24.395744], [-110.211061, 24.395134], [-110.218794, 24.394214], [-110.223756, 24.394211], [-110.226533, 24.394145], [-110.234177, 24.392716], [-110.239272, 24.391497], [-110.245133, 24.390206], [-110.253991, 24.388523], [-110.259149, 24.387161], [-110.267523, 24.384802], [-110.272275, 24.383637], [-110.280555, 24.381571], [-110.285083, 24.381132], [-110.293594, 24.379299], [-110.297096, 24.377778], [-110.303789, 24.374114], [-110.305991, 24.372637], [-110.311576, 24.369253], [-110.314574, 24.368778], [-110.322458, 24.36842], [-110.325597, 24.367908], [-110.328624, 24.367612], [-110.329938, 24.368027], [-110.332861, 24.366939], [-110.335456, 24.365401], [-110.337723, 24.363582], [-110.339691, 24.361239], [-110.341285, 24.359174], [-110.343272, 24.356413], [-110.344531, 24.354143], [-110.345641, 24.352704], [-110.346354, 24.349916], [-110.347529, 24.347201], [-110.348752, 24.34565], [-110.350043, 24.344483], [-110.35206, 24.34195], [-110.353317, 24.340277], [-110.354616, 24.338775], [-110.356345, 24.33605], [-110.357707, 24.332747], [-110.35856, 24.330595], [-110.359417, 24.326252], [-110.358813, 24.320628], [-110.358347, 24.317334], [-110.357396, 24.310001], [-110.356764, 24.307237], [-110.355097, 24.299837], [-110.354471, 24.297064], [-110.352341, 24.288333], [-110.351484, 24.285193], [-110.348735, 24.276336], [-110.344344, 24.263938], [-110.343242, 24.26157], [-110.338917, 24.252424], [-110.33746, 24.249976], [-110.331954, 24.242013], [-110.330775, 24.23959], [-110.326095, 24.231863], [-110.324027, 24.229371], [-110.317601, 24.221769], [-110.314836, 24.21959], [-110.307367, 24.217404], [-110.305458, 24.218132], [-110.304123, 24.218535], [-110.300009, 24.21691], [-110.298837, 24.215438], [-110.298686, 24.215346]]}, "times": ["2017-12-09T20:38:15+00:00", "2017-12-09T20:41:00+00:00", "2017-12-09T20:45:54+00:00", "2017-12-09T20:47:12+00:00", "2017-12-09T20:50:48+00:00", "2017-12-09T20:55:42+00:00", "2017-12-09T20:57:34+00:00", "2017-12-09T20:58:23+00:00", "2017-12-09T21:05:30+00:00", "2017-12-09T21:08:23+00:00", "2017-12-09T21:10:24+00:00", "2017-12-09T21:15:17+00:00", "2017-12-09T21:18:23+00:00", "2017-12-09T21:20:11+00:00", "2017-12-09T21:25:05+00:00", "2017-12-09T21:28:15+00:00", "2017-12-09T21:34:52+00:00", "2017-12-09T21:38:25+00:00", "2017-12-09T21:44:40+00:00", "2017-12-09T21:48:25+00:00", "2017-12-09T21:54:27+00:00", "2017-12-09T21:58:15+00:00", "2017-12-09T21:59:21+00:00", "2017-12-09T22:04:15+00:00", "2017-12-09T22:08:27+00:00", "2017-12-09T22:09:09+00:00", "2017-12-09T22:18:15+00:00", "2017-12-09T22:18:57+00:00", "2017-12-09T22:28:15+00:00", "2017-12-09T22:28:44+00:00", "2017-12-09T22:38:15+00:00", "2017-12-09T22:48:19+00:00", "2017-12-09T22:58:06+00:00", "2017-12-09T23:07:54+00:00", "2017-12-09T23:08:31+00:00", "2017-12-09T23:17:41+00:00", "2017-12-09T23:18:32+00:00", "2017-12-09T23:27:29+00:00", "2017-12-09T23:28:33+00:00", "2017-12-09T23:37:16+00:00", "2017-12-09T23:38:33+00:00", "2017-12-09T23:42:10+00:00", "2017-12-09T23:47:04+00:00", "2017-12-09T23:48:33+00:00", "2017-12-09T23:51:58+00:00", "2017-12-09T23:56:52+00:00", "2017-12-09T23:58:34+00:00", "2017-12-10T00:01:46+00:00", "2017-12-10T00:06:40+00:00", "2017-12-10T00:08:34+00:00", "2017-12-10T00:11:34+00:00", "2017-12-10T00:16:27+00:00", "2017-12-10T00:18:35+00:00", "2017-12-10T00:21:21+00:00", "2017-12-10T00:26:15+00:00", "2017-12-10T00:28:36+00:00", "2017-12-10T00:31:09+00:00", "2017-12-10T00:36:02+00:00", "2017-12-10T00:38:36+00:00", "2017-12-10T00:40:56+00:00", "2017-12-10T00:45:50+00:00", "2017-12-10T00:48:37+00:00", "2017-12-10T00:50:44+00:00", "2017-12-10T00:55:38+00:00", "2017-12-10T00:58:37+00:00", "2017-12-10T01:00:31+00:00", "2017-12-10T01:05:25+00:00", "2017-12-10T01:08:37+00:00", "2017-12-10T01:10:19+00:00", "2017-12-10T01:15:13+00:00", "2017-12-10T01:18:38+00:00", "2017-12-10T01:20:06+00:00", "2017-12-10T01:25:00+00:00", "2017-12-10T01:28:39+00:00", "2017-12-10T01:29:54+00:00", "2017-12-10T01:34:47+00:00", "2017-12-10T01:38:39+00:00", "2017-12-10T01:39:42+00:00", "2017-12-10T01:44:35+00:00", "2017-12-10T01:48:09+00:00", "2017-12-10T01:48:39+00:00", "2017-12-10T01:54:23+00:00", "2017-12-10T01:58:40+00:00", "2017-12-10T02:04:11+00:00", "2017-12-10T02:08:30+00:00", "2017-12-10T02:09:04+00:00", "2017-12-10T02:18:30+00:00", "2017-12-10T02:28:30+00:00", "2017-12-10T02:38:25+00:00", "2017-12-10T02:48:13+00:00", "2017-12-10T02:58:00+00:00", "2017-12-10T02:58:43+00:00", "2017-12-10T03:07:48+00:00", "2017-12-10T03:08:44+00:00", "2017-12-10T03:17:35+00:00", "2017-12-10T03:18:44+00:00", "2017-12-10T03:22:29+00:00", "2017-12-10T03:27:22+00:00", "2017-12-10T03:28:45+00:00", "2017-12-10T03:32:15+00:00", "2017-12-10T03:37:09+00:00", "2017-12-10T03:38:45+00:00", "2017-12-10T03:42:02+00:00", "2017-12-10T03:46:56+00:00", "2017-12-10T03:48:46+00:00", "2017-12-10T03:51:50+00:00", "2017-12-10T03:56:43+00:00", "2017-12-10T03:58:46+00:00", "2017-12-10T04:01:37+00:00", "2017-12-10T04:06:31+00:00", "2017-12-10T04:08:47+00:00", "2017-12-10T04:11:25+00:00", "2017-12-10T04:16:19+00:00", "2017-12-10T04:18:48+00:00", "2017-12-10T04:21:13+00:00", "2017-12-10T04:26:06+00:00", "2017-12-10T04:27:25+00:00", "2017-12-10T04:28:49+00:00", "2017-12-10T04:31:00+00:00", "2017-12-10T04:33:30+00:00", "2017-12-10T04:34:04+00:00", "2017-12-10T04:35:54+00:00", "2017-12-10T04:39:45+00:00", "2017-12-10T04:40:48+00:00", "2017-12-10T04:45:42+00:00", "2017-12-10T04:48:50+00:00", "2017-12-10T04:54:15+00:00", "2017-12-10T04:55:00+00:00", "2017-12-10T04:55:54+00:00", "2017-12-10T04:58:45+00:00", "2017-12-10T05:01:15+00:00", "2017-12-10T05:05:17+00:00", "2017-12-10T05:08:50+00:00", "2017-12-10T05:10:00+00:00", "2017-12-10T05:10:39+00:00", "2017-12-10T05:15:05+00:00", "2017-12-10T05:18:51+00:00", "2017-12-10T05:19:07+00:00", "2017-12-10T05:24:52+00:00", "2017-12-10T05:26:48+00:00", "2017-12-10T05:28:51+00:00", "2017-12-10T05:29:45+00:00", "2017-12-10T05:34:39+00:00", "2017-12-10T05:38:51+00:00", "2017-12-10T05:44:27+00:00", "2017-12-10T05:48:45+00:00", "2017-12-10T05:49:21+00:00", "2017-12-10T05:58:45+00:00", "2017-12-10T06:08:45+00:00", "2017-12-10T06:18:44+00:00", "2017-12-10T06:23:38+00:00", "2017-12-10T06:28:32+00:00", "2017-12-10T06:38:20+00:00", "2017-12-10T06:38:56+00:00", "2017-12-10T06:48:08+00:00", "2017-12-10T06:48:57+00:00", "2017-12-10T06:57:56+00:00", "2017-12-10T06:58:58+00:00", "2017-12-10T07:07:43+00:00", "2017-12-10T07:08:58+00:00", "2017-12-10T07:17:31+00:00", "2017-12-10T07:18:59+00:00", "2017-12-10T07:22:25+00:00", "2017-12-10T07:27:19+00:00", "2017-12-10T07:28:59+00:00", "2017-12-10T07:32:13+00:00", "2017-12-10T07:37:06+00:00", "2017-12-10T07:39:00+00:00", "2017-12-10T07:42:00+00:00", "2017-12-10T07:49:00+00:00", "2017-12-10T07:51:48+00:00", "2017-12-10T07:59:01+00:00", "2017-12-10T08:06:29+00:00", "2017-12-10T08:09:02+00:00", "2017-12-10T08:19:00+00:00", "2017-12-10T08:21:10+00:00", "2017-12-10T08:29:02+00:00", "2017-12-10T08:39:00+00:00", "2017-12-10T08:40:45+00:00", "2017-12-10T08:45:38+00:00", "2017-12-10T08:49:04+00:00", "2017-12-10T08:55:26+00:00", "2017-12-10T08:59:04+00:00", "2017-12-10T09:05:14+00:00", "2017-12-10T09:09:05+00:00", "2017-12-10T09:15:01+00:00", "2017-12-10T09:19:06+00:00", "2017-12-10T09:24:48+00:00", "2017-12-10T09:29:00+00:00", "2017-12-10T09:29:42+00:00", "2017-12-10T09:39:00+00:00", "2017-12-10T09:39:29+00:00", "2017-12-10T09:49:00+00:00", "2017-12-10T09:59:00+00:00", "2017-12-10T10:08:51+00:00", "2017-12-10T10:18:38+00:00", "2017-12-10T10:19:08+00:00", "2017-12-10T10:28:26+00:00", "2017-12-10T10:29:09+00:00", "2017-12-10T10:38:13+00:00", "2017-12-10T10:39:09+00:00", "2017-12-10T10:49:00+00:00", "2017-12-10T10:52:54+00:00", "2017-12-10T10:59:10+00:00", "2017-12-10T11:09:00+00:00", "2017-12-10T11:12:28+00:00", "2017-12-10T11:19:00+00:00", "2017-12-10T11:22:16+00:00", "2017-12-10T11:29:00+00:00", "2017-12-10T11:32:04+00:00", "2017-12-10T11:39:12+00:00", "2017-12-10T11:46:46+00:00", "2017-12-10T11:49:13+00:00", "2017-12-10T11:56:33+00:00", "2017-12-10T11:59:14+00:00", "2017-12-10T12:06:21+00:00", "2017-12-10T12:09:15+00:00", "2017-12-10T12:16:08+00:00", "2017-12-10T12:19:15+00:00", "2017-12-10T12:25:56+00:00", "2017-12-10T12:29:15+00:00", "2017-12-10T12:35:43+00:00", "2017-12-10T12:39:15+00:00", "2017-12-10T12:45:31+00:00", "2017-12-10T12:49:16+00:00", "2017-12-10T12:55:18+00:00", "2017-12-10T12:59:17+00:00", "2017-12-10T13:05:06+00:00", "2017-12-10T13:09:17+00:00", "2017-12-10T13:14:54+00:00", "2017-12-10T13:19:18+00:00", "2017-12-10T13:24:42+00:00", "2017-12-10T13:29:15+00:00", "2017-12-10T13:29:35+00:00", "2017-12-10T13:39:15+00:00", "2017-12-10T13:49:10+00:00", "2017-12-10T13:58:57+00:00", "2017-12-10T14:08:45+00:00", "2017-12-10T14:09:20+00:00", "2017-12-10T14:15:14+00:00", "2017-12-10T14:19:15+00:00", "2017-12-10T14:23:26+00:00", "2017-12-10T14:28:20+00:00", "2017-12-10T14:29:21+00:00", "2017-12-10T14:33:15+00:00", "2017-12-10T14:38:08+00:00", "2017-12-10T14:39:21+00:00", "2017-12-10T14:47:56+00:00", "2017-12-10T14:49:22+00:00", "2017-12-10T14:52:50+00:00", "2017-12-10T14:57:44+00:00", "2017-12-10T14:59:22+00:00", "2017-12-10T15:02:38+00:00", "2017-12-10T15:07:31+00:00", "2017-12-10T15:09:23+00:00", "2017-12-10T15:12:25+00:00", "2017-12-10T15:17:18+00:00", "2017-12-10T15:19:24+00:00", "2017-12-10T15:22:12+00:00", "2017-12-10T15:27:06+00:00", "2017-12-10T15:29:24+00:00", "2017-12-10T15:36:54+00:00", "2017-12-10T15:39:24+00:00", "2017-12-10T15:41:47+00:00", "2017-12-10T15:46:41+00:00", "2017-12-10T15:49:25+00:00", "2017-12-10T15:51:35+00:00", "2017-12-10T15:56:29+00:00", "2017-12-10T15:59:25+00:00", "2017-12-10T16:01:23+00:00", "2017-12-10T16:06:17+00:00", "2017-12-10T16:09:25+00:00", "2017-12-10T16:16:05+00:00", "2017-12-10T16:19:26+00:00", "2017-12-10T16:25:52+00:00", "2017-12-10T16:29:27+00:00", "2017-12-10T16:35:40+00:00", "2017-12-10T16:39:28+00:00", "2017-12-10T16:45:28+00:00", "2017-12-10T16:49:29+00:00", "2017-12-10T16:55:15+00:00", "2017-12-10T16:59:29+00:00", "2017-12-10T17:05:03+00:00", "2017-12-10T17:09:30+00:00", "2017-12-10T17:09:57+00:00", "2017-12-10T17:19:30+00:00", "2017-12-10T17:29:30+00:00", "2017-12-10T17:39:19+00:00", "2017-12-10T17:42:45+00:00", "2017-12-10T17:44:13+00:00", "2017-12-10T17:49:30+00:00", "2017-12-10T17:54:00+00:00", "2017-12-10T17:58:54+00:00", "2017-12-10T17:59:32+00:00", "2017-12-10T18:08:41+00:00", "2017-12-10T18:09:33+00:00", "2017-12-10T18:18:29+00:00", "2017-12-10T18:19:33+00:00", "2017-12-10T18:28:16+00:00", "2017-12-10T18:29:45+00:00", "2017-12-10T18:33:09+00:00", "2017-12-10T18:39:30+00:00", "2017-12-10T18:42:56+00:00", "2017-12-10T18:47:49+00:00", "2017-12-10T18:49:34+00:00", "2017-12-10T18:57:37+00:00", "2017-12-10T18:59:34+00:00", "2017-12-10T19:07:25+00:00", "2017-12-10T19:09:35+00:00", "2017-12-10T19:17:12+00:00", "2017-12-10T19:19:36+00:00", "2017-12-10T19:26:07+00:00", "2017-12-10T19:29:30+00:00", "2017-12-10T19:31:55+00:00", "2017-12-10T19:36:48+00:00", "2017-12-10T19:39:37+00:00", "2017-12-10T19:46:36+00:00", "2017-12-10T19:48:03+00:00", "2017-12-10T19:49:37+00:00", "2017-12-10T19:56:24+00:00", "2017-12-10T19:59:38+00:00", "2017-12-10T20:06:12+00:00", "2017-12-10T20:09:38+00:00", "2017-12-10T20:16:00+00:00", "2017-12-10T20:19:38+00:00", "2017-12-10T20:25:48+00:00", "2017-12-10T20:29:39+00:00", "2017-12-10T20:35:36+00:00", "2017-12-10T20:39:39+00:00", "2017-12-10T20:45:23+00:00", "2017-12-10T20:49:40+00:00", "2017-12-10T20:55:11+00:00", "2017-12-10T20:57:54+00:00", "2017-12-10T21:00:04+00:00", "2017-12-10T21:04:57+00:00", "2017-12-10T21:09:41+00:00", "2017-12-10T21:14:45+00:00", "2017-12-10T21:19:30+00:00", "2017-12-10T21:29:27+00:00", "2017-12-10T21:34:21+00:00", "2017-12-10T21:39:14+00:00", "2017-12-10T21:39:42+00:00", "2017-12-10T21:49:02+00:00", "2017-12-10T21:49:43+00:00", "2017-12-10T21:58:50+00:00", "2017-12-10T21:59:44+00:00", "2017-12-10T22:08:38+00:00", "2017-12-10T22:09:44+00:00", "2017-12-10T22:15:30+00:00", "2017-12-10T22:16:23+00:00", "2017-12-10T22:19:44+00:00", "2017-12-10T22:23:45+00:00", "2017-12-10T22:29:45+00:00", "2017-12-10T22:37:59+00:00", "2017-12-10T22:39:46+00:00", "2017-12-10T22:49:45+00:00", "2017-12-10T22:52:42+00:00", "2017-12-10T22:59:45+00:00", "2017-12-10T23:02:30+00:00", "2017-12-10T23:09:45+00:00", "2017-12-10T23:12:18+00:00", "2017-12-10T23:19:45+00:00", "2017-12-10T23:22:05+00:00", "2017-12-10T23:29:45+00:00", "2017-12-10T23:31:53+00:00", "2017-12-10T23:39:45+00:00", "2017-12-10T23:41:40+00:00", "2017-12-10T23:49:48+00:00", "2017-12-10T23:56:21+00:00", "2017-12-10T23:59:45+00:00", "2017-12-11T00:01:14+00:00", "2017-12-11T00:09:45+00:00", "2017-12-11T00:11:02+00:00", "2017-12-11T00:15:55+00:00", "2017-12-11T00:19:50+00:00", "2017-12-11T00:25:43+00:00", "2017-12-11T00:26:51+00:00", "2017-12-11T00:28:28+00:00", "2017-12-11T00:32:00+00:00", "2017-12-11T00:33:45+00:00", "2017-12-11T00:38:15+00:00", "2017-12-11T00:39:45+00:00", "2017-12-11T00:45:19+00:00", "2017-12-11T00:49:51+00:00", "2017-12-11T00:51:37+00:00", "2017-12-11T00:55:06+00:00", "2017-12-11T00:57:45+00:00", "2017-12-11T00:59:51+00:00", "2017-12-11T01:04:00+00:00", "2017-12-11T01:06:41+00:00", "2017-12-11T01:09:51+00:00", "2017-12-11T01:14:34+00:00", "2017-12-11T01:19:00+00:00", "2017-12-11T01:19:51+00:00", "2017-12-11T01:29:45+00:00", "2017-12-11T01:34:15+00:00", "2017-12-11T01:39:45+00:00", "2017-12-11T01:44:02+00:00", "2017-12-11T01:49:45+00:00", "2017-12-11T01:53:50+00:00", "2017-12-11T01:58:44+00:00", "2017-12-11T01:59:53+00:00", "2017-12-11T02:08:32+00:00", "2017-12-11T02:09:54+00:00", "2017-12-11T02:19:45+00:00", "2017-12-11T02:23:13+00:00", "2017-12-11T02:29:45+00:00", "2017-12-11T02:33:01+00:00", "2017-12-11T02:39:45+00:00", "2017-12-11T02:42:49+00:00", "2017-12-11T02:49:57+00:00", "2017-12-11T02:52:37+00:00", "2017-12-11T02:57:30+00:00", "2017-12-11T02:59:58+00:00", "2017-12-11T03:02:24+00:00", "2017-12-11T03:07:18+00:00", "2017-12-11T03:09:59+00:00", "2017-12-11T03:12:11+00:00", "2017-12-11T03:17:06+00:00", "2017-12-11T03:19:59+00:00", "2017-12-11T03:21:59+00:00", "2017-12-11T03:26:53+00:00", "2017-12-11T03:29:59+00:00", "2017-12-11T03:36:40+00:00", "2017-12-11T03:40:00+00:00", "2017-12-11T03:45:15+00:00", "2017-12-11T03:46:28+00:00", "2017-12-11T03:50:00+00:00", "2017-12-11T03:56:15+00:00", "2017-12-11T04:00:00+00:00", "2017-12-11T04:06:03+00:00", "2017-12-11T04:10:00+00:00", "2017-12-11T04:15:51+00:00", "2017-12-11T04:20:01+00:00", "2017-12-11T04:25:00+00:00", "2017-12-11T04:25:39+00:00", "2017-12-11T04:33:30+00:00", "2017-12-11T04:40:00+00:00", "2017-12-11T04:45:15+00:00", "2017-12-11T04:50:00+00:00", "2017-12-11T04:59:56+00:00", "2017-12-11T05:09:43+00:00", "2017-12-11T05:19:31+00:00", "2017-12-11T05:20:03+00:00", "2017-12-11T05:29:19+00:00", "2017-12-11T05:30:03+00:00", "2017-12-11T05:39:06+00:00", "2017-12-11T05:40:04+00:00", "2017-12-11T05:48:54+00:00", "2017-12-11T05:50:04+00:00", "2017-12-11T05:58:42+00:00", "2017-12-11T06:00:04+00:00", "2017-12-11T06:08:29+00:00", "2017-12-11T06:10:05+00:00", "2017-12-11T06:18:17+00:00", "2017-12-11T06:20:05+00:00", "2017-12-11T06:28:05+00:00", "2017-12-11T06:30:05+00:00", "2017-12-11T06:37:52+00:00", "2017-12-11T06:40:05+00:00", "2017-12-11T06:47:39+00:00", "2017-12-11T06:50:06+00:00", "2017-12-11T06:52:33+00:00", "2017-12-11T06:57:27+00:00", "2017-12-11T07:00:07+00:00", "2017-12-11T07:07:14+00:00", "2017-12-11T07:10:07+00:00", "2017-12-11T07:17:02+00:00", "2017-12-11T07:20:07+00:00", "2017-12-11T07:26:49+00:00", "2017-12-11T07:30:08+00:00", "2017-12-11T07:36:37+00:00", "2017-12-11T07:40:08+00:00", "2017-12-11T07:46:25+00:00", "2017-12-11T07:50:09+00:00", "2017-12-11T07:56:13+00:00", "2017-12-11T08:00:10+00:00", "2017-12-11T08:06:00+00:00", "2017-12-11T08:10:10+00:00", "2017-12-11T08:15:48+00:00", "2017-12-11T08:20:11+00:00", "2017-12-11T08:25:35+00:00", "2017-12-11T08:30:00+00:00", "2017-12-11T08:30:28+00:00", "2017-12-11T08:40:00+00:00", "2017-12-11T08:50:00+00:00", "2017-12-11T08:59:50+00:00", "2017-12-11T09:09:41+00:00", "2017-12-11T09:10:13+00:00", "2017-12-11T09:19:29+00:00", "2017-12-11T09:20:14+00:00", "2017-12-11T09:29:17+00:00", "2017-12-11T09:30:14+00:00", "2017-12-11T09:39:04+00:00", "2017-12-11T09:40:15+00:00", "2017-12-11T09:48:52+00:00", "2017-12-11T09:50:15+00:00", "2017-12-11T09:58:39+00:00", "2017-12-11T10:00:16+00:00", "2017-12-11T10:08:26+00:00", "2017-12-11T10:10:16+00:00", "2017-12-11T10:18:13+00:00", "2017-12-11T10:20:17+00:00", "2017-12-11T10:28:00+00:00", "2017-12-11T10:30:17+00:00", "2017-12-11T10:37:47+00:00", "2017-12-11T10:40:18+00:00", "2017-12-11T10:47:34+00:00", "2017-12-11T10:50:18+00:00", "2017-12-11T10:57:22+00:00", "2017-12-11T11:00:19+00:00", "2017-12-11T11:07:09+00:00", "2017-12-11T11:10:19+00:00", "2017-12-11T11:16:56+00:00", "2017-12-11T11:20:20+00:00", "2017-12-11T11:26:43+00:00", "2017-12-11T11:30:20+00:00", "2017-12-11T11:36:31+00:00", "2017-12-11T11:40:20+00:00", "2017-12-11T11:46:19+00:00", "2017-12-11T11:50:21+00:00", "2017-12-11T11:56:06+00:00", "2017-12-11T12:00:21+00:00", "2017-12-11T12:05:54+00:00", "2017-12-11T12:10:21+00:00", "2017-12-11T12:15:41+00:00", "2017-12-11T12:20:22+00:00", "2017-12-11T12:25:29+00:00", "2017-12-11T12:30:22+00:00", "2017-12-11T12:35:17+00:00", "2017-12-11T12:40:15+00:00", "2017-12-11T12:45:05+00:00", "2017-12-11T12:49:58+00:00", "2017-12-11T12:50:23+00:00", "2017-12-11T12:59:46+00:00", "2017-12-11T13:00:24+00:00", "2017-12-11T13:09:34+00:00", "2017-12-11T13:10:24+00:00", "2017-12-11T13:19:22+00:00", "2017-12-11T13:20:25+00:00", "2017-12-11T13:29:09+00:00", "2017-12-11T13:30:26+00:00", "2017-12-11T13:38:57+00:00", "2017-12-11T13:40:27+00:00", "2017-12-11T13:48:44+00:00", "2017-12-11T13:50:27+00:00", "2017-12-11T13:58:32+00:00", "2017-12-11T14:00:28+00:00", "2017-12-11T14:08:20+00:00", "2017-12-11T14:10:28+00:00", "2017-12-11T14:18:07+00:00", "2017-12-11T14:20:29+00:00", "2017-12-11T14:27:54+00:00", "2017-12-11T14:30:29+00:00", "2017-12-11T14:37:42+00:00", "2017-12-11T14:40:30+00:00", "2017-12-11T14:47:29+00:00", "2017-12-11T14:50:30+00:00", "2017-12-11T14:57:17+00:00", "2017-12-11T15:00:30+00:00", "2017-12-11T15:02:11+00:00", "2017-12-11T15:07:05+00:00", "2017-12-11T15:10:31+00:00", "2017-12-11T15:16:52+00:00", "2017-12-11T15:20:32+00:00", "2017-12-11T15:26:40+00:00", "2017-12-11T15:30:33+00:00", "2017-12-11T15:40:30+00:00", "2017-12-11T15:41:22+00:00", "2017-12-11T15:50:34+00:00", "2017-12-11T15:56:03+00:00", "2017-12-11T16:00:34+00:00", "2017-12-11T16:05:51+00:00", "2017-12-11T16:10:35+00:00", "2017-12-11T16:15:39+00:00", "2017-12-11T16:20:33+00:00", "2017-12-11T16:25:27+00:00", "2017-12-11T16:30:30+00:00", "2017-12-11T16:35:13+00:00", "2017-12-11T16:40:30+00:00", "2017-12-11T16:45:00+00:00", "2017-12-11T16:48:51+00:00", "2017-12-11T16:50:30+00:00", "2017-12-11T17:00:30+00:00", "2017-12-11T17:04:35+00:00", "2017-12-11T17:07:45+00:00", "2017-12-11T17:10:43+00:00", "2017-12-11T17:15:45+00:00", "2017-12-11T17:20:30+00:00", "2017-12-11T17:27:15+00:00", "2017-12-11T17:30:30+00:00", "2017-12-11T17:33:45+00:00", "2017-12-11T17:40:30+00:00", "2017-12-11T17:43:00+00:00", "2017-12-11T17:47:30+00:00", "2017-12-11T17:48:37+00:00", "2017-12-11T17:50:45+00:00", "2017-12-11T17:53:04+00:00", "2017-12-11T17:55:30+00:00", "2017-12-11T17:56:14+00:00", "2017-12-11T18:00:45+00:00", "2017-12-11T18:05:45+00:00", "2017-12-11T18:08:12+00:00", "2017-12-11T18:10:46+00:00", "2017-12-11T18:13:06+00:00", "2017-12-11T18:18:00+00:00", "2017-12-11T18:20:47+00:00", "2017-12-11T18:22:54+00:00", "2017-12-11T18:27:47+00:00", "2017-12-11T18:30:48+00:00", "2017-12-11T18:34:30+00:00", "2017-12-11T18:37:34+00:00", "2017-12-11T18:40:48+00:00", "2017-12-11T18:43:00+00:00", "2017-12-11T18:47:22+00:00", "2017-12-11T18:50:49+00:00", "2017-12-11T18:57:09+00:00", "2017-12-11T19:00:50+00:00", "2017-12-11T19:06:57+00:00", "2017-12-11T19:10:50+00:00", "2017-12-11T19:16:45+00:00", "2017-12-11T19:20:51+00:00", "2017-12-11T19:26:32+00:00", "2017-12-11T19:30:45+00:00", "2017-12-11T19:31:26+00:00", "2017-12-11T19:40:45+00:00", "2017-12-11T19:41:14+00:00", "2017-12-11T19:50:45+00:00", "2017-12-11T20:00:45+00:00", "2017-12-11T20:10:36+00:00", "2017-12-11T20:20:23+00:00", "2017-12-11T20:20:54+00:00", "2017-12-11T20:30:10+00:00", "2017-12-11T20:30:54+00:00", "2017-12-11T20:39:57+00:00", "2017-12-11T20:40:54+00:00", "2017-12-11T20:49:45+00:00", "2017-12-11T20:50:54+00:00", "2017-12-11T20:59:31+00:00", "2017-12-11T21:00:55+00:00", "2017-12-11T21:09:19+00:00", "2017-12-11T21:10:56+00:00", "2017-12-11T21:14:12+00:00", "2017-12-11T21:19:45+00:00", "2017-12-11T21:20:57+00:00", "2017-12-11T21:28:54+00:00", "2017-12-11T21:30:57+00:00", "2017-12-11T21:38:42+00:00", "2017-12-11T21:40:58+00:00", "2017-12-11T21:43:36+00:00", "2017-12-11T21:50:58+00:00", "2017-12-11T21:58:16+00:00", "2017-12-11T22:00:59+00:00", "2017-12-11T22:03:30+00:00", "2017-12-11T22:11:00+00:00", "2017-12-11T22:12:45+00:00", "2017-12-11T22:13:22+00:00", "2017-12-11T22:17:51+00:00", "2017-12-11T22:21:01+00:00", "2017-12-11T22:27:38+00:00", "2017-12-11T22:31:01+00:00", "2017-12-11T22:37:25+00:00", "2017-12-11T22:41:02+00:00", "2017-12-11T22:47:13+00:00", "2017-12-11T22:51:03+00:00", "2017-12-11T22:57:01+00:00", "2017-12-11T23:01:03+00:00", "2017-12-11T23:06:48+00:00", "2017-12-11T23:11:03+00:00", "2017-12-11T23:16:36+00:00", "2017-12-11T23:21:03+00:00", "2017-12-11T23:26:24+00:00", "2017-12-11T23:31:03+00:00", "2017-12-11T23:36:11+00:00", "2017-12-11T23:41:04+00:00", "2017-12-11T23:46:00+00:00", "2017-12-11T23:50:54+00:00", "2017-12-12T00:00:42+00:00", "2017-12-12T00:01:05+00:00", "2017-12-12T00:11:00+00:00", "2017-12-12T00:15:23+00:00", "2017-12-12T00:21:00+00:00", "2017-12-12T00:25:11+00:00", "2017-12-12T00:31:00+00:00", "2017-12-12T00:34:59+00:00", "2017-12-12T00:40:00+00:00", "2017-12-12T00:41:08+00:00", "2017-12-12T00:44:47+00:00", "2017-12-12T00:51:08+00:00", "2017-12-12T00:59:29+00:00", "2017-12-12T01:01:09+00:00", "2017-12-12T01:09:16+00:00", "2017-12-12T01:11:09+00:00", "2017-12-12T01:19:03+00:00", "2017-12-12T01:21:09+00:00", "2017-12-12T01:28:50+00:00", "2017-12-12T01:31:09+00:00", "2017-12-12T01:38:38+00:00", "2017-12-12T01:41:10+00:00", "2017-12-12T01:48:25+00:00", "2017-12-12T01:51:10+00:00", "2017-12-12T01:54:00+00:00", "2017-12-12T01:55:19+00:00", "2017-12-12T01:59:44+00:00", "2017-12-12T02:01:00+00:00", "2017-12-12T02:08:01+00:00", "2017-12-12T02:11:11+00:00", "2017-12-12T02:17:48+00:00", "2017-12-12T02:21:12+00:00", "2017-12-12T02:31:00+00:00", "2017-12-12T02:32:29+00:00", "2017-12-12T02:41:00+00:00", "2017-12-12T02:42:16+00:00", "2017-12-12T02:51:00+00:00", "2017-12-12T02:52:04+00:00", "2017-12-12T02:56:58+00:00", "2017-12-12T03:01:13+00:00", "2017-12-12T03:11:00+00:00", "2017-12-12T03:11:38+00:00", "2017-12-12T03:16:31+00:00", "2017-12-12T03:21:15+00:00", "2017-12-12T03:26:18+00:00", "2017-12-12T03:31:15+00:00", "2017-12-12T03:36:06+00:00", "2017-12-12T03:41:15+00:00", "2017-12-12T03:44:30+00:00", "2017-12-12T03:50:47+00:00", "2017-12-12T04:01:15+00:00", "2017-12-12T04:05:28+00:00", "2017-12-12T04:10:45+00:00", "2017-12-12T04:11:30+00:00", "2017-12-12T04:15:15+00:00", "2017-12-12T04:20:13+00:00", "2017-12-12T04:25:06+00:00", "2017-12-12T04:27:44+00:00", "2017-12-12T04:31:15+00:00", "2017-12-12T04:39:48+00:00", "2017-12-12T04:41:18+00:00", "2017-12-12T04:44:42+00:00", "2017-12-12T04:51:15+00:00", "2017-12-12T04:54:30+00:00", "2017-12-12T04:59:24+00:00", "2017-12-12T05:08:00+00:00", "2017-12-12T05:10:15+00:00", "2017-12-12T06:51:45+00:00", "2017-12-12T06:56:40+00:00", "2017-12-12T07:01:34+00:00", "2017-12-12T07:11:21+00:00", "2017-12-12T07:11:50+00:00", "2017-12-12T07:21:45+00:00", "2017-12-12T07:26:02+00:00", "2017-12-12T07:31:45+00:00", "2017-12-12T07:35:48+00:00", "2017-12-12T07:41:45+00:00", "2017-12-12T07:45:36+00:00", "2017-12-12T07:51:45+00:00", "2017-12-12T07:55:24+00:00", "2017-12-12T08:01:45+00:00", "2017-12-12T08:05:12+00:00", "2017-12-12T08:11:45+00:00", "2017-12-12T08:14:59+00:00", "2017-12-12T08:21:45+00:00", "2017-12-12T08:24:48+00:00", "2017-12-12T08:31:45+00:00", "2017-12-12T08:34:35+00:00", "2017-12-12T08:41:54+00:00", "2017-12-12T08:49:17+00:00", "2017-12-12T08:51:54+00:00", "2017-12-12T08:59:05+00:00", "2017-12-12T09:01:54+00:00", "2017-12-12T09:03:59+00:00", "2017-12-12T09:08:53+00:00", "2017-12-12T09:11:55+00:00", "2017-12-12T09:18:41+00:00", "2017-12-12T09:21:55+00:00", "2017-12-12T09:28:29+00:00", "2017-12-12T09:31:56+00:00", "2017-12-12T09:38:17+00:00", "2017-12-12T09:41:56+00:00", "2017-12-12T09:48:04+00:00", "2017-12-12T09:51:57+00:00", "2017-12-12T09:57:52+00:00", "2017-12-12T10:01:58+00:00", "2017-12-12T10:07:40+00:00", "2017-12-12T10:11:58+00:00", "2017-12-12T10:17:28+00:00", "2017-12-12T10:21:58+00:00", "2017-12-12T10:27:15+00:00", "2017-12-12T10:31:45+00:00", "2017-12-12T10:41:45+00:00", "2017-12-12T10:51:59+00:00", "2017-12-12T11:01:32+00:00", "2017-12-12T11:11:20+00:00", "2017-12-12T11:12:00+00:00", "2017-12-12T11:16:13+00:00", "2017-12-12T11:22:00+00:00", "2017-12-12T11:26:01+00:00", "2017-12-12T11:32:00+00:00", "2017-12-12T11:35:49+00:00", "2017-12-12T11:42:00+00:00", "2017-12-12T11:45:35+00:00", "2017-12-12T11:52:00+00:00", "2017-12-12T11:55:23+00:00", "2017-12-12T12:02:00+00:00", "2017-12-12T12:05:11+00:00", "2017-12-12T12:12:00+00:00", "2017-12-12T12:14:58+00:00", "2017-12-12T12:22:00+00:00", "2017-12-12T12:24:46+00:00", "2017-12-12T12:32:00+00:00", "2017-12-12T12:34:34+00:00", "2017-12-12T12:42:00+00:00", "2017-12-12T12:44:22+00:00", "2017-12-12T12:52:05+00:00", "2017-12-12T12:59:03+00:00", "2017-12-12T13:02:05+00:00", "2017-12-12T13:12:00+00:00", "2017-12-12T13:13:44+00:00", "2017-12-12T13:22:06+00:00", "2017-12-12T13:28:24+00:00", "2017-12-12T13:32:06+00:00", "2017-12-12T13:38:12+00:00", "2017-12-12T13:42:06+00:00", "2017-12-12T13:48:00+00:00", "2017-12-12T13:52:07+00:00", "2017-12-12T13:57:47+00:00", "2017-12-12T14:02:07+00:00", "2017-12-12T14:07:35+00:00", "2017-12-12T14:12:08+00:00", "2017-12-12T14:17:22+00:00", "2017-12-12T14:22:08+00:00", "2017-12-12T14:27:09+00:00", "2017-12-12T14:32:02+00:00", "2017-12-12T14:36:57+00:00", "2017-12-12T14:42:00+00:00", "2017-12-12T14:46:44+00:00", "2017-12-12T14:52:00+00:00", "2017-12-12T14:56:32+00:00", "2017-12-12T15:02:00+00:00", "2017-12-12T15:06:20+00:00", "2017-12-12T15:12:00+00:00", "2017-12-12T15:16:07+00:00", "2017-12-12T15:22:00+00:00", "2017-12-12T15:25:54+00:00", "2017-12-12T15:32:00+00:00", "2017-12-12T15:35:42+00:00", "2017-12-12T15:42:00+00:00", "2017-12-12T15:45:29+00:00", "2017-12-12T15:52:00+00:00", "2017-12-12T15:55:17+00:00", "2017-12-12T16:02:00+00:00", "2017-12-12T16:05:05+00:00", "2017-12-12T16:12:00+00:00", "2017-12-12T16:14:52+00:00", "2017-12-12T16:22:00+00:00", "2017-12-12T16:24:40+00:00", "2017-12-12T16:32:00+00:00", "2017-12-12T16:34:28+00:00", "2017-12-12T16:42:15+00:00", "2017-12-12T16:44:15+00:00", "2017-12-12T16:49:09+00:00", "2017-12-12T16:52:16+00:00", "2017-12-12T16:58:56+00:00", "2017-12-12T17:02:16+00:00", "2017-12-12T17:08:44+00:00", "2017-12-12T17:12:17+00:00", "2017-12-12T17:18:32+00:00", "2017-12-12T17:22:17+00:00", "2017-12-12T17:28:19+00:00", "2017-12-12T17:32:18+00:00", "2017-12-12T17:38:06+00:00", "2017-12-12T17:42:18+00:00", "2017-12-12T17:47:53+00:00", "2017-12-12T17:52:19+00:00", "2017-12-12T17:57:40+00:00", "2017-12-12T18:02:19+00:00", "2017-12-12T18:03:46+00:00", "2017-12-12T18:12:15+00:00", "2017-12-12T18:17:16+00:00", "2017-12-12T18:22:21+00:00", "2017-12-12T18:32:15+00:00", "2017-12-12T18:36:51+00:00", "2017-12-12T18:39:45+00:00", "2017-12-12T18:42:22+00:00", "2017-12-12T18:52:15+00:00", "2017-12-12T19:01:20+00:00", "2017-12-12T19:06:14+00:00", "2017-12-12T19:11:08+00:00", "2017-12-12T19:12:23+00:00", "2017-12-12T19:23:15+00:00", "2017-12-12T22:32:15+00:00", "2017-12-12T22:33:45+00:00", "2017-12-13T02:07:00+00:00", "2017-12-13T05:01:15+00:00", "2017-12-13T16:56:30+00:00", "2017-12-13T17:28:30+00:00", "2017-12-13T18:07:00+00:00", "2017-12-13T18:49:00+00:00", "2017-12-13T19:28:45+00:00", "2017-12-13T20:16:45+00:00", "2017-12-13T20:23:30+00:00", "2017-12-13T20:32:45+00:00", "2017-12-13T20:33:15+00:00", "2017-12-13T20:45:30+00:00", "2017-12-13T20:53:45+00:00", "2017-12-13T21:18:00+00:00", "2017-12-13T21:28:12+00:00", "2017-12-13T21:37:46+00:00", "2017-12-13T21:42:39+00:00", "2017-12-13T21:48:00+00:00", "2017-12-13T21:52:27+00:00", "2017-12-13T21:54:54+00:00", "2017-12-13T21:58:00+00:00", "2017-12-13T22:07:09+00:00", "2017-12-13T22:08:13+00:00", "2017-12-13T22:16:56+00:00", "2017-12-13T22:18:14+00:00", "2017-12-13T22:26:44+00:00", "2017-12-13T22:28:15+00:00", "2017-12-13T22:36:32+00:00", "2017-12-13T22:38:16+00:00", "2017-12-13T22:46:20+00:00", "2017-12-13T22:48:17+00:00", "2017-12-13T22:56:08+00:00", "2017-12-13T22:58:17+00:00", "2017-12-13T23:05:55+00:00", "2017-12-13T23:08:18+00:00", "2017-12-13T23:15:43+00:00", "2017-12-13T23:18:18+00:00", "2017-12-13T23:25:31+00:00", "2017-12-13T23:28:19+00:00", "2017-12-13T23:35:17+00:00", "2017-12-13T23:38:20+00:00", "2017-12-13T23:44:15+00:00", "2017-12-13T23:45:05+00:00", "2017-12-13T23:48:20+00:00", "2017-12-13T23:58:15+00:00", "2017-12-13T23:59:47+00:00", "2017-12-14T00:04:40+00:00", "2017-12-14T00:08:22+00:00", "2017-12-14T00:14:29+00:00", "2017-12-14T00:18:23+00:00", "2017-12-14T00:24:16+00:00", "2017-12-14T00:28:23+00:00", "2017-12-14T00:34:04+00:00", "2017-12-14T00:38:24+00:00", "2017-12-14T00:43:52+00:00", "2017-12-14T00:48:24+00:00", "2017-12-14T00:53:39+00:00", "2017-12-14T00:58:25+00:00", "2017-12-14T01:03:28+00:00", "2017-12-14T01:08:22+00:00", "2017-12-14T01:13:16+00:00", "2017-12-14T01:18:15+00:00", "2017-12-14T01:23:03+00:00", "2017-12-14T01:28:15+00:00", "2017-12-14T01:32:51+00:00", "2017-12-14T01:38:15+00:00", "2017-12-14T01:42:39+00:00", "2017-12-14T01:48:15+00:00", "2017-12-14T01:52:26+00:00", "2017-12-14T01:58:28+00:00", "2017-12-14T02:07:08+00:00", "2017-12-14T02:08:29+00:00", "2017-12-14T02:16:55+00:00", "2017-12-14T02:18:29+00:00", "2017-12-14T02:26:43+00:00", "2017-12-14T02:28:30+00:00", "2017-12-14T02:36:31+00:00", "2017-12-14T02:38:30+00:00", "2017-12-14T02:41:25+00:00", "2017-12-14T02:46:19+00:00", "2017-12-14T02:48:31+00:00", "2017-12-14T02:51:13+00:00", "2017-12-14T02:56:06+00:00", "2017-12-14T02:58:32+00:00", "2017-12-14T03:01:00+00:00", "2017-12-14T03:05:54+00:00", "2017-12-14T03:08:32+00:00", "2017-12-14T03:10:48+00:00", "2017-12-14T03:15:42+00:00", "2017-12-14T03:18:32+00:00", "2017-12-14T03:25:30+00:00", "2017-12-14T03:28:33+00:00", "2017-12-14T03:35:18+00:00", "2017-12-14T03:38:34+00:00", "2017-12-14T03:45:06+00:00", "2017-12-14T03:48:35+00:00", "2017-12-14T03:50:45+00:00", "2017-12-14T03:52:51+00:00", "2017-12-14T03:56:10+00:00", "2017-12-14T03:58:35+00:00", "2017-12-14T03:59:48+00:00", "2017-12-14T04:04:41+00:00", "2017-12-14T04:08:36+00:00", "2017-12-14T04:14:29+00:00", "2017-12-14T04:18:37+00:00", "2017-12-14T04:24:16+00:00", "2017-12-14T04:28:37+00:00", "2017-12-14T04:34:04+00:00", "2017-12-14T04:38:38+00:00", "2017-12-14T04:43:52+00:00", "2017-12-14T04:48:38+00:00", "2017-12-14T04:53:40+00:00", "2017-12-14T04:58:34+00:00", "2017-12-14T05:03:28+00:00", "2017-12-14T05:08:22+00:00", "2017-12-14T05:18:09+00:00", "2017-12-14T05:18:40+00:00", "2017-12-14T05:27:56+00:00", "2017-12-14T05:28:41+00:00", "2017-12-14T05:37:44+00:00", "2017-12-14T05:38:41+00:00", "2017-12-14T05:47:32+00:00", "2017-12-14T05:48:42+00:00", "2017-12-14T05:57:20+00:00", "2017-12-14T05:58:42+00:00", "2017-12-14T06:07:08+00:00", "2017-12-14T06:08:42+00:00", "2017-12-14T06:16:56+00:00", "2017-12-14T06:18:43+00:00", "2017-12-14T06:26:43+00:00", "2017-12-14T06:28:43+00:00", "2017-12-14T06:36:31+00:00", "2017-12-14T06:38:44+00:00", "2017-12-14T06:41:25+00:00", "2017-12-14T06:46:19+00:00", "2017-12-14T06:48:44+00:00", "2017-12-14T06:51:13+00:00", "2017-12-14T06:56:07+00:00", "2017-12-14T06:58:45+00:00", "2017-12-14T07:01:01+00:00", "2017-12-14T07:05:55+00:00", "2017-12-14T07:08:45+00:00", "2017-12-14T07:15:42+00:00", "2017-12-14T07:18:46+00:00", "2017-12-14T07:25:30+00:00", "2017-12-14T07:28:46+00:00", "2017-12-14T07:35:18+00:00", "2017-12-14T07:38:47+00:00", "2017-12-14T07:45:04+00:00", "2017-12-14T07:48:47+00:00", "2017-12-14T07:54:51+00:00", "2017-12-14T07:58:48+00:00", "2017-12-14T08:04:40+00:00", "2017-12-14T08:08:49+00:00", "2017-12-14T08:14:28+00:00", "2017-12-14T08:18:49+00:00", "2017-12-14T08:24:16+00:00", "2017-12-14T08:28:49+00:00", "2017-12-14T08:34:02+00:00", "2017-12-14T08:38:45+00:00", "2017-12-14T08:48:43+00:00", "2017-12-14T08:58:31+00:00", "2017-12-14T09:08:19+00:00", "2017-12-14T09:08:51+00:00", "2017-12-14T09:18:07+00:00", "2017-12-14T09:18:51+00:00", "2017-12-14T09:27:54+00:00", "2017-12-14T09:28:51+00:00", "2017-12-14T09:37:42+00:00", "2017-12-14T09:38:52+00:00", "2017-12-14T09:47:29+00:00", "2017-12-14T09:48:52+00:00", "2017-12-14T09:57:17+00:00", "2017-12-14T09:58:53+00:00", "2017-12-14T10:07:04+00:00", "2017-12-14T10:08:53+00:00", "2017-12-14T10:16:51+00:00", "2017-12-14T10:18:54+00:00", "2017-12-14T10:26:39+00:00", "2017-12-14T10:28:55+00:00", "2017-12-14T10:36:26+00:00", "2017-12-14T10:38:55+00:00", "2017-12-14T10:41:20+00:00", "2017-12-14T10:46:14+00:00", "2017-12-14T10:48:56+00:00", "2017-12-14T10:56:02+00:00", "2017-12-14T10:58:56+00:00", "2017-12-14T11:05:49+00:00", "2017-12-14T11:08:56+00:00", "2017-12-14T11:15:36+00:00", "2017-12-14T11:18:57+00:00", "2017-12-14T11:25:22+00:00", "2017-12-14T11:28:57+00:00", "2017-12-14T11:35:10+00:00", "2017-12-14T11:38:58+00:00", "2017-12-14T11:44:58+00:00", "2017-12-14T11:48:58+00:00", "2017-12-14T11:54:45+00:00", "2017-12-14T11:58:58+00:00", "2017-12-14T12:04:33+00:00", "2017-12-14T12:08:59+00:00", "2017-12-14T12:14:21+00:00", "2017-12-14T12:19:00+00:00", "2017-12-14T12:29:00+00:00", "2017-12-14T12:38:51+00:00", "2017-12-14T12:48:38+00:00", "2017-12-14T12:58:26+00:00", "2017-12-14T12:59:01+00:00", "2017-12-14T13:08:14+00:00", "2017-12-14T13:09:02+00:00", "2017-12-14T13:18:01+00:00", "2017-12-14T13:19:02+00:00", "2017-12-14T13:27:48+00:00", "2017-12-14T13:29:03+00:00", "2017-12-14T13:37:36+00:00", "2017-12-14T13:39:04+00:00", "2017-12-14T13:47:24+00:00", "2017-12-14T13:49:05+00:00", "2017-12-14T13:57:12+00:00", "2017-12-14T13:59:06+00:00", "2017-12-14T14:06:59+00:00", "2017-12-14T14:09:07+00:00", "2017-12-14T14:11:53+00:00", "2017-12-14T14:16:47+00:00", "2017-12-14T14:19:07+00:00", "2017-12-14T14:23:45+00:00", "2017-12-14T14:26:35+00:00", "2017-12-14T14:29:07+00:00", "2017-12-14T14:31:29+00:00", "2017-12-14T14:36:22+00:00", "2017-12-14T14:39:08+00:00", "2017-12-14T14:41:16+00:00", "2017-12-14T14:46:10+00:00", "2017-12-14T14:49:09+00:00", "2017-12-14T14:55:58+00:00", "2017-12-14T14:59:09+00:00", "2017-12-14T15:05:46+00:00", "2017-12-14T15:09:10+00:00", "2017-12-14T15:15:33+00:00", "2017-12-14T15:19:10+00:00", "2017-12-14T15:25:21+00:00", "2017-12-14T15:29:11+00:00", "2017-12-14T15:35:09+00:00", "2017-12-14T15:39:11+00:00", "2017-12-14T15:44:57+00:00", "2017-12-14T15:49:11+00:00", "2017-12-14T15:54:44+00:00", "2017-12-14T15:59:00+00:00", "2017-12-14T15:59:38+00:00", "2017-12-14T16:09:00+00:00", "2017-12-14T16:19:00+00:00", "2017-12-14T16:24:07+00:00", "2017-12-14T16:29:00+00:00", "2017-12-14T16:33:54+00:00", "2017-12-14T16:38:48+00:00", "2017-12-14T16:48:36+00:00", "2017-12-14T16:49:15+00:00", "2017-12-14T16:58:24+00:00", "2017-12-14T16:59:16+00:00", "2017-12-14T17:08:11+00:00", "2017-12-14T17:09:16+00:00", "2017-12-14T17:17:59+00:00", "2017-12-14T17:19:17+00:00", "2017-12-14T17:27:47+00:00", "2017-12-14T17:29:17+00:00", "2017-12-14T17:39:15+00:00", "2017-12-14T17:47:22+00:00", "2017-12-14T17:49:19+00:00", "2017-12-14T17:57:09+00:00", "2017-12-14T17:59:19+00:00", "2017-12-14T18:03:30+00:00", "2017-12-14T18:09:15+00:00", "2017-12-14T18:11:51+00:00", "2017-12-14T18:19:15+00:00", "2017-12-14T18:21:38+00:00", "2017-12-14T18:29:15+00:00", "2017-12-14T18:31:26+00:00", "2017-12-14T18:39:15+00:00", "2017-12-14T18:41:13+00:00", "2017-12-14T18:49:15+00:00", "2017-12-14T18:51:00+00:00", "2017-12-14T18:59:15+00:00", "2017-12-14T19:00:48+00:00", "2017-12-14T19:09:15+00:00", "2017-12-14T19:10:35+00:00", "2017-12-14T19:15:30+00:00", "2017-12-14T19:19:24+00:00", "2017-12-14T19:25:17+00:00", "2017-12-14T19:29:25+00:00", "2017-12-14T19:35:05+00:00", "2017-12-14T19:39:26+00:00", "2017-12-14T19:44:52+00:00", "2017-12-14T19:49:27+00:00", "2017-12-14T19:54:39+00:00", "2017-12-14T19:59:27+00:00", "2017-12-14T20:04:26+00:00", "2017-12-14T20:09:20+00:00", "2017-12-14T20:14:14+00:00", "2017-12-14T20:19:15+00:00", "2017-12-14T20:24:02+00:00", "2017-12-14T20:29:15+00:00", "2017-12-14T20:33:50+00:00", "2017-12-14T20:39:15+00:00", "2017-12-14T20:43:38+00:00", "2017-12-14T20:49:15+00:00", "2017-12-14T20:53:26+00:00", "2017-12-14T20:59:30+00:00", "2017-12-14T21:03:13+00:00", "2017-12-14T21:07:08+00:00", "2017-12-14T21:09:30+00:00", "2017-12-14T21:13:01+00:00", "2017-12-14T21:19:30+00:00", "2017-12-14T21:22:48+00:00", "2017-12-14T21:27:42+00:00", "2017-12-14T21:29:31+00:00", "2017-12-14T21:38:00+00:00", "2017-12-14T21:39:30+00:00", "2017-12-14T21:43:28+00:00", "2017-12-14T21:44:03+00:00", "2017-12-14T21:49:32+00:00", "2017-12-14T21:52:11+00:00", "2017-12-14T21:59:30+00:00", "2017-12-14T22:00:45+00:00", "2017-12-14T22:01:45+00:00", "2017-12-14T22:06:53+00:00", "2017-12-14T22:09:34+00:00", "2017-12-14T22:16:40+00:00", "2017-12-14T22:19:34+00:00", "2017-12-14T22:26:27+00:00", "2017-12-14T22:29:34+00:00", "2017-12-14T22:36:16+00:00", "2017-12-14T22:39:35+00:00", "2017-12-14T22:46:03+00:00", "2017-12-14T22:49:35+00:00", "2017-12-14T22:55:51+00:00", "2017-12-14T22:58:50+00:00", "2017-12-14T22:59:36+00:00", "2017-12-14T23:05:38+00:00", "2017-12-14T23:09:36+00:00", "2017-12-14T23:15:25+00:00", "2017-12-14T23:19:37+00:00", "2017-12-14T23:25:12+00:00", "2017-12-14T23:29:37+00:00", "2017-12-14T23:35:00+00:00", "2017-12-14T23:39:30+00:00", "2017-12-14T23:42:45+00:00", "2017-12-14T23:44:47+00:00", "2017-12-14T23:49:37+00:00", "2017-12-14T23:54:35+00:00", "2017-12-14T23:59:29+00:00", "2017-12-15T00:04:23+00:00", "2017-12-15T00:09:16+00:00", "2017-12-15T00:14:10+00:00", "2017-12-15T00:19:30+00:00", "2017-12-15T00:23:58+00:00", "2017-12-15T00:28:52+00:00", "2017-12-15T00:29:40+00:00", "2017-12-15T00:38:39+00:00", "2017-12-15T00:39:41+00:00", "2017-12-15T00:48:27+00:00", "2017-12-15T00:49:41+00:00", "2017-12-15T00:58:15+00:00", "2017-12-15T00:59:41+00:00", "2017-12-15T01:08:03+00:00", "2017-12-15T01:09:42+00:00", "2017-12-15T01:17:50+00:00", "2017-12-15T01:19:42+00:00", "2017-12-15T01:27:38+00:00", "2017-12-15T01:29:43+00:00", "2017-12-15T01:37:25+00:00", "2017-12-15T01:39:44+00:00", "2017-12-15T01:42:19+00:00", "2017-12-15T01:47:13+00:00", "2017-12-15T01:49:45+00:00", "2017-12-15T01:52:06+00:00", "2017-12-15T01:57:00+00:00", "2017-12-15T01:59:46+00:00", "2017-12-15T02:06:48+00:00", "2017-12-15T02:09:46+00:00", "2017-12-15T02:13:45+00:00", "2017-12-15T02:16:35+00:00", "2017-12-15T02:19:47+00:00", "2017-12-15T02:26:23+00:00", "2017-12-15T02:29:47+00:00", "2017-12-15T02:36:11+00:00", "2017-12-15T02:39:47+00:00", "2017-12-15T02:45:58+00:00", "2017-12-15T02:49:48+00:00", "2017-12-15T02:55:46+00:00", "2017-12-15T02:56:34+00:00", "2017-12-15T02:59:45+00:00", "2017-12-15T03:05:33+00:00", "2017-12-15T03:09:49+00:00", "2017-12-15T03:11:45+00:00", "2017-12-15T03:19:45+00:00", "2017-12-15T03:20:14+00:00", "2017-12-15T03:25:08+00:00", "2017-12-15T03:29:50+00:00", "2017-12-15T03:32:25+00:00", "2017-12-15T03:39:49+00:00", "2017-12-15T03:44:42+00:00", "2017-12-15T03:49:45+00:00", "2017-12-15T03:54:29+00:00", "2017-12-15T03:59:45+00:00", "2017-12-15T04:04:17+00:00", "2017-12-15T04:09:45+00:00", "2017-12-15T04:14:04+00:00", "2017-12-15T04:19:45+00:00", "2017-12-15T04:20:18+00:00", "2017-12-15T04:29:45+00:00", "2017-12-15T04:33:40+00:00", "2017-12-15T04:39:45+00:00", "2017-12-15T04:43:28+00:00", "2017-12-15T04:49:45+00:00", "2017-12-15T04:53:15+00:00", "2017-12-15T04:59:45+00:00", "2017-12-15T05:03:03+00:00", "2017-12-15T05:09:45+00:00", "2017-12-15T05:10:35+00:00", "2017-12-15T05:16:08+00:00", "2017-12-15T05:19:00+00:00", "2017-12-15T05:20:00+00:00", "2017-12-15T05:22:18+00:00", "2017-12-15T05:25:16+00:00", "2017-12-15T05:29:55+00:00", "2017-12-15T05:32:12+00:00", "2017-12-15T05:37:15+00:00", "2017-12-15T05:39:45+00:00", "2017-12-15T05:40:11+00:00", "2017-12-15T05:49:45+00:00", "2017-12-15T05:51:49+00:00", "2017-12-15T05:52:49+00:00", "2017-12-15T05:59:57+00:00", "2017-12-15T06:01:47+00:00", "2017-12-15T06:09:57+00:00", "2017-12-15T06:16:29+00:00", "2017-12-15T06:19:57+00:00", "2017-12-15T06:26:17+00:00", "2017-12-15T06:29:45+00:00", "2017-12-15T06:31:11+00:00", "2017-12-15T06:36:04+00:00", "2017-12-15T06:39:58+00:00", "2017-12-15T06:45:52+00:00", "2017-12-15T06:49:59+00:00", "2017-12-15T06:55:40+00:00", "2017-12-15T07:00:00+00:00", "2017-12-15T07:05:28+00:00", "2017-12-15T07:10:00+00:00", "2017-12-15T07:15:16+00:00", "2017-12-15T07:20:01+00:00", "2017-12-15T07:25:04+00:00", "2017-12-15T07:30:00+00:00", "2017-12-15T07:34:52+00:00", "2017-12-15T07:40:00+00:00", "2017-12-15T07:44:40+00:00", "2017-12-15T07:50:00+00:00", "2017-12-15T07:54:26+00:00", "2017-12-15T08:00:00+00:00", "2017-12-15T08:04:14+00:00", "2017-12-15T08:10:00+00:00", "2017-12-15T08:14:02+00:00", "2017-12-15T08:20:00+00:00", "2017-12-15T08:23:49+00:00", "2017-12-15T08:30:00+00:00", "2017-12-15T08:33:37+00:00", "2017-12-15T08:40:00+00:00", "2017-12-15T08:43:25+00:00", "2017-12-15T08:50:00+00:00", "2017-12-15T08:53:13+00:00", "2017-12-15T09:00:00+00:00", "2017-12-15T09:03:00+00:00", "2017-12-15T09:10:00+00:00", "2017-12-15T09:12:48+00:00", "2017-12-15T09:20:00+00:00", "2017-12-15T09:22:35+00:00", "2017-12-15T09:27:29+00:00", "2017-12-15T09:30:08+00:00", "2017-12-15T09:37:17+00:00", "2017-12-15T09:40:08+00:00", "2017-12-15T09:47:05+00:00", "2017-12-15T09:50:08+00:00", "2017-12-15T09:56:53+00:00", "2017-12-15T10:00:09+00:00", "2017-12-15T10:06:41+00:00", "2017-12-15T10:10:10+00:00", "2017-12-15T10:16:28+00:00", "2017-12-15T10:20:10+00:00", "2017-12-15T10:26:16+00:00", "2017-12-15T10:30:10+00:00", "2017-12-15T10:36:03+00:00", "2017-12-15T10:40:10+00:00", "2017-12-15T10:45:51+00:00", "2017-12-15T10:50:11+00:00", "2017-12-15T10:55:38+00:00", "2017-12-15T11:00:12+00:00", "2017-12-15T11:05:26+00:00", "2017-12-15T11:10:12+00:00", "2017-12-15T11:15:14+00:00", "2017-12-15T11:20:08+00:00", "2017-12-15T11:25:02+00:00", "2017-12-15T11:30:00+00:00", "2017-12-15T11:34:50+00:00", "2017-12-15T11:40:00+00:00", "2017-12-15T11:43:00+00:00", "2017-12-15T11:49:31+00:00", "2017-12-15T11:50:15+00:00", "2017-12-15T11:54:24+00:00", "2017-12-15T12:00:15+00:00", "2017-12-15T12:04:12+00:00", "2017-12-15T12:10:15+00:00", "2017-12-15T12:14:00+00:00", "2017-12-15T12:20:15+00:00", "2017-12-15T12:23:47+00:00", "2017-12-15T12:30:15+00:00", "2017-12-15T12:38:27+00:00", "2017-12-15T12:40:18+00:00", "2017-12-15T12:48:16+00:00", "2017-12-15T12:50:19+00:00", "2017-12-15T13:00:15+00:00", "2017-12-15T13:02:57+00:00", "2017-12-15T13:10:15+00:00", "2017-12-15T13:12:45+00:00", "2017-12-15T13:20:15+00:00", "2017-12-15T13:22:33+00:00", "2017-12-15T13:30:15+00:00", "2017-12-15T13:32:20+00:00", "2017-12-15T13:40:15+00:00", "2017-12-15T13:42:08+00:00", "2017-12-15T13:50:15+00:00", "2017-12-15T13:51:55+00:00", "2017-12-15T14:00:15+00:00", "2017-12-15T14:01:42+00:00", "2017-12-15T14:10:23+00:00", "2017-12-15T14:16:23+00:00", "2017-12-15T14:20:23+00:00", "2017-12-15T14:26:10+00:00", "2017-12-15T14:30:23+00:00", "2017-12-15T14:35:57+00:00", "2017-12-15T14:40:24+00:00", "2017-12-15T14:45:44+00:00", "2017-12-15T14:50:25+00:00", "2017-12-15T14:55:31+00:00", "2017-12-15T15:00:25+00:00", "2017-12-15T15:05:18+00:00", "2017-12-15T15:10:15+00:00", "2017-12-15T15:15:06+00:00", "2017-12-15T15:19:59+00:00", "2017-12-15T15:29:47+00:00", "2017-12-15T15:31:00+00:00", "2017-12-15T15:33:34+00:00", "2017-12-15T15:36:18+00:00", "2017-12-15T15:38:10+00:00", "2017-12-15T15:40:15+00:00", "2017-12-15T15:44:28+00:00", "2017-12-15T15:50:15+00:00", "2017-12-15T15:54:16+00:00", "2017-12-15T15:59:09+00:00", "2017-12-15T16:00:29+00:00", "2017-12-15T16:08:57+00:00", "2017-12-15T16:10:30+00:00", "2017-12-15T16:13:50+00:00", "2017-12-15T16:18:44+00:00", "2017-12-15T16:20:31+00:00", "2017-12-15T16:28:32+00:00", "2017-12-15T16:30:31+00:00", "2017-12-15T16:33:26+00:00", "2017-12-15T16:40:30+00:00", "2017-12-15T16:43:13+00:00", "2017-12-15T16:48:07+00:00", "2017-12-15T16:50:32+00:00", "2017-12-15T16:53:00+00:00", "2017-12-15T16:57:54+00:00", "2017-12-15T17:00:32+00:00", "2017-12-15T17:02:48+00:00", "2017-12-15T17:07:41+00:00", "2017-12-15T17:10:33+00:00", "2017-12-15T17:12:35+00:00", "2017-12-15T17:17:29+00:00", "2017-12-15T17:20:34+00:00", "2017-12-15T17:22:23+00:00", "2017-12-15T17:27:16+00:00", "2017-12-15T17:30:30+00:00", "2017-12-15T17:37:04+00:00", "2017-12-15T17:39:30+00:00", "2017-12-15T17:41:09+00:00", "2017-12-15T17:46:52+00:00", "2017-12-15T17:50:36+00:00", "2017-12-15T17:56:39+00:00", "2017-12-15T18:00:30+00:00", "2017-12-15T18:01:33+00:00", "2017-12-15T18:06:26+00:00", "2017-12-15T18:10:37+00:00", "2017-12-15T18:16:14+00:00", "2017-12-15T18:20:30+00:00", "2017-12-15T18:21:08+00:00", "2017-12-15T18:30:30+00:00", "2017-12-15T18:40:30+00:00", "2017-12-15T18:43:15+00:00", "2017-12-15T18:44:09+00:00", "2017-12-15T18:46:30+00:00", "2017-12-15T18:49:02+00:00", "2017-12-15T18:50:32+00:00", "2017-12-15T18:55:25+00:00", "2017-12-15T19:00:18+00:00", "2017-12-15T19:00:38+00:00", "2017-12-15T19:10:06+00:00", "2017-12-15T19:13:00+00:00", "2017-12-15T19:13:30+00:00", "2017-12-15T19:16:45+00:00", "2017-12-15T19:19:53+00:00", "2017-12-15T19:20:40+00:00", "2017-12-15T19:23:30+00:00", "2017-12-15T19:29:40+00:00", "2017-12-15T19:30:40+00:00", "2017-12-15T19:34:34+00:00", "2017-12-15T19:40:30+00:00", "2017-12-15T19:44:21+00:00", "2017-12-15T19:49:25+00:00", "2017-12-15T19:50:41+00:00", "2017-12-15T19:59:01+00:00", "2017-12-15T20:00:41+00:00", "2017-12-15T20:06:09+00:00", "2017-12-15T20:08:15+00:00", "2017-12-15T20:09:15+00:00", "2017-12-15T20:10:30+00:00", "2017-12-15T20:13:42+00:00", "2017-12-15T20:18:35+00:00", "2017-12-15T20:20:42+00:00", "2017-12-15T20:23:29+00:00", "2017-12-15T20:28:22+00:00", "2017-12-15T20:30:43+00:00", "2017-12-15T20:33:16+00:00", "2017-12-15T20:38:10+00:00", "2017-12-15T20:40:43+00:00", "2017-12-15T20:42:54+00:00", "2017-12-15T20:47:58+00:00", "2017-12-15T20:50:43+00:00", "2017-12-15T20:57:45+00:00", "2017-12-15T21:00:43+00:00", "2017-12-15T21:07:33+00:00", "2017-12-15T21:10:44+00:00", "2017-12-15T21:17:20+00:00", "2017-12-15T21:20:45+00:00", "2017-12-15T21:27:08+00:00", "2017-12-15T21:30:45+00:00", "2017-12-15T21:36:57+00:00", "2017-12-15T21:40:45+00:00", "2017-12-15T21:46:44+00:00", "2017-12-15T21:50:46+00:00", "2017-12-15T21:56:31+00:00", "2017-12-15T22:00:46+00:00", "2017-12-15T22:06:19+00:00", "2017-12-15T22:10:47+00:00", "2017-12-15T22:16:06+00:00", "2017-12-15T22:20:48+00:00", "2017-12-15T22:25:53+00:00", "2017-12-15T22:30:47+00:00", "2017-12-15T22:35:41+00:00", "2017-12-15T22:40:45+00:00", "2017-12-15T22:45:29+00:00", "2017-12-15T22:50:45+00:00", "2017-12-15T22:55:16+00:00", "2017-12-15T23:00:45+00:00", "2017-12-15T23:05:04+00:00", "2017-12-15T23:10:45+00:00", "2017-12-15T23:14:51+00:00", "2017-12-15T23:20:45+00:00", "2017-12-15T23:24:39+00:00", "2017-12-15T23:30:45+00:00", "2017-12-15T23:34:27+00:00", "2017-12-15T23:40:45+00:00", "2017-12-15T23:44:00+00:00", "2017-12-15T23:49:08+00:00", "2017-12-15T23:50:52+00:00", "2017-12-15T23:58:55+00:00", "2017-12-16T00:00:52+00:00", "2017-12-16T00:08:43+00:00", "2017-12-16T00:10:52+00:00", "2017-12-16T00:18:31+00:00", "2017-12-16T00:20:53+00:00", "2017-12-16T00:28:18+00:00", "2017-12-16T00:30:54+00:00", "2017-12-16T00:38:06+00:00", "2017-12-16T00:40:55+00:00", "2017-12-16T00:47:54+00:00", "2017-12-16T00:50:56+00:00", "2017-12-16T00:57:42+00:00", "2017-12-16T01:02:36+00:00", "2017-12-16T01:10:45+00:00", "2017-12-16T01:12:23+00:00", "2017-12-16T01:17:17+00:00", "2017-12-16T01:20:56+00:00", "2017-12-16T01:27:05+00:00", "2017-12-16T01:30:56+00:00", "2017-12-16T01:36:52+00:00", "2017-12-16T01:40:57+00:00", "2017-12-16T01:46:39+00:00", "2017-12-16T01:50:57+00:00", "2017-12-16T01:56:27+00:00", "2017-12-16T02:00:58+00:00", "2017-12-16T02:04:15+00:00", "2017-12-16T02:10:45+00:00", "2017-12-16T02:16:02+00:00", "2017-12-16T02:20:56+00:00", "2017-12-16T02:25:50+00:00", "2017-12-16T02:31:00+00:00", "2017-12-16T02:35:39+00:00", "2017-12-16T02:41:00+00:00", "2017-12-16T02:45:26+00:00", "2017-12-16T02:51:00+00:00", "2017-12-16T02:55:13+00:00", "2017-12-16T02:57:51+00:00", "2017-12-16T03:00:48+00:00", "2017-12-16T03:05:00+00:00", "2017-12-16T03:11:00+00:00", "2017-12-16T03:14:48+00:00", "2017-12-16T03:21:00+00:00", "2017-12-16T03:24:36+00:00", "2017-12-16T03:27:28+00:00", "2017-12-16T03:28:47+00:00", "2017-12-16T03:32:06+00:00", "2017-12-16T03:35:17+00:00", "2017-12-16T03:41:03+00:00", "2017-12-16T03:49:04+00:00", "2017-12-16T03:51:03+00:00", "2017-12-16T03:58:51+00:00", "2017-12-16T04:01:04+00:00", "2017-12-16T04:08:39+00:00", "2017-12-16T04:11:04+00:00", "2017-12-16T04:18:27+00:00", "2017-12-16T04:21:05+00:00", "2017-12-16T04:28:14+00:00", "2017-12-16T04:31:05+00:00", "2017-12-16T04:38:02+00:00", "2017-12-16T04:41:05+00:00", "2017-12-16T04:47:49+00:00", "2017-12-16T04:51:05+00:00", "2017-12-16T04:57:36+00:00", "2017-12-16T05:01:06+00:00", "2017-12-16T05:07:24+00:00", "2017-12-16T05:11:07+00:00", "2017-12-16T05:12:18+00:00", "2017-12-16T05:21:00+00:00", "2017-12-16T05:22:04+00:00", "2017-12-16T05:31:00+00:00", "2017-12-16T05:31:51+00:00", "2017-12-16T05:41:00+00:00", "2017-12-16T05:41:39+00:00", "2017-12-16T05:51:00+00:00", "2017-12-16T06:01:09+00:00", "2017-12-16T06:04:30+00:00", "2017-12-16T06:11:00+00:00", "2017-12-16T06:15:56+00:00", "2017-12-16T06:25:43+00:00", "2017-12-16T06:31:10+00:00", "2017-12-16T06:36:45+00:00", "2017-12-16T06:40:25+00:00", "2017-12-16T06:41:11+00:00", "2017-12-16T06:45:18+00:00", "2017-12-16T06:51:00+00:00", "2017-12-16T06:55:05+00:00", "2017-12-16T06:56:21+00:00", "2017-12-16T07:01:00+00:00", "2017-12-16T07:04:53+00:00", "2017-12-16T07:09:47+00:00", "2017-12-16T07:11:12+00:00", "2017-12-16T07:19:34+00:00", "2017-12-16T07:21:13+00:00", "2017-12-16T07:29:22+00:00", "2017-12-16T07:31:13+00:00", "2017-12-16T07:39:09+00:00", "2017-12-16T07:41:13+00:00", "2017-12-16T07:48:57+00:00", "2017-12-16T07:51:14+00:00", "2017-12-16T07:53:51+00:00", "2017-12-16T07:58:44+00:00", "2017-12-16T08:01:14+00:00", "2017-12-16T08:03:37+00:00", "2017-12-16T08:08:31+00:00", "2017-12-16T08:11:14+00:00", "2017-12-16T08:13:25+00:00", "2017-12-16T08:18:19+00:00", "2017-12-16T08:21:15+00:00", "2017-12-16T08:23:13+00:00", "2017-12-16T08:28:06+00:00", "2017-12-16T08:31:16+00:00", "2017-12-16T08:41:16+00:00", "2017-12-16T08:51:17+00:00", "2017-12-16T08:57:29+00:00", "2017-12-16T09:01:17+00:00", "2017-12-16T09:11:15+00:00", "2017-12-16T09:12:10+00:00", "2017-12-16T09:21:18+00:00", "2017-12-16T09:26:53+00:00", "2017-12-16T09:31:18+00:00", "2017-12-16T09:36:41+00:00", "2017-12-16T09:41:15+00:00", "2017-12-16T09:51:15+00:00", "2017-12-16T10:01:09+00:00", "2017-12-16T10:10:57+00:00", "2017-12-16T10:20:46+00:00", "2017-12-16T10:21:21+00:00", "2017-12-16T10:30:33+00:00", "2017-12-16T10:31:22+00:00", "2017-12-16T10:40:20+00:00", "2017-12-16T10:41:22+00:00", "2017-12-16T10:50:08+00:00", "2017-12-16T10:51:23+00:00", "2017-12-16T10:59:56+00:00", "2017-12-16T11:01:24+00:00", "2017-12-16T11:09:44+00:00", "2017-12-16T11:11:24+00:00", "2017-12-16T11:19:32+00:00", "2017-12-16T11:21:25+00:00", "2017-12-16T11:24:25+00:00", "2017-12-16T11:29:19+00:00", "2017-12-16T11:31:26+00:00", "2017-12-16T11:34:13+00:00", "2017-12-16T11:39:07+00:00", "2017-12-16T11:41:26+00:00", "2017-12-16T11:44:00+00:00", "2017-12-16T11:48:55+00:00", "2017-12-16T11:51:27+00:00", "2017-12-16T11:53:48+00:00", "2017-12-16T11:58:41+00:00", "2017-12-16T12:01:28+00:00", "2017-12-16T12:03:35+00:00", "2017-12-16T12:08:29+00:00", "2017-12-16T12:11:15+00:00", "2017-12-16T12:13:23+00:00", "2017-12-16T12:18:16+00:00", "2017-12-16T12:21:28+00:00", "2017-12-16T12:23:10+00:00", "2017-12-16T12:28:04+00:00", "2017-12-16T12:31:28+00:00", "2017-12-16T12:37:51+00:00", "2017-12-16T12:41:29+00:00", "2017-12-16T12:47:38+00:00", "2017-12-16T12:51:29+00:00", "2017-12-16T12:57:25+00:00", "2017-12-16T13:01:29+00:00", "2017-12-16T13:07:12+00:00", "2017-12-16T13:11:29+00:00", "2017-12-16T13:16:59+00:00", "2017-12-16T13:21:30+00:00", "2017-12-16T13:31:30+00:00", "2017-12-16T13:41:28+00:00", "2017-12-16T13:51:15+00:00", "2017-12-16T14:01:03+00:00", "2017-12-16T14:01:32+00:00", "2017-12-16T14:10:50+00:00", "2017-12-16T14:11:32+00:00", "2017-12-16T14:20:37+00:00", "2017-12-16T14:21:33+00:00", "2017-12-16T14:30:25+00:00", "2017-12-16T14:31:34+00:00", "2017-12-16T14:40:12+00:00", "2017-12-16T14:41:35+00:00", "2017-12-16T14:50:00+00:00", "2017-12-16T14:51:35+00:00", "2017-12-16T14:58:36+00:00", "2017-12-16T15:01:30+00:00", "2017-12-16T15:03:13+00:00", "2017-12-16T15:09:35+00:00", "2017-12-16T15:11:35+00:00", "2017-12-16T15:14:28+00:00", "2017-12-16T15:19:22+00:00", "2017-12-16T15:21:36+00:00", "2017-12-16T15:24:16+00:00", "2017-12-16T15:29:10+00:00", "2017-12-16T15:31:36+00:00", "2017-12-16T15:33:41+00:00", "2017-12-16T15:35:53+00:00", "2017-12-16T15:41:30+00:00", "2017-12-16T15:43:30+00:00", "2017-12-16T15:44:15+00:00", "2017-12-16T15:48:45+00:00", "2017-12-16T15:51:37+00:00", "2017-12-16T15:53:38+00:00", "2017-12-16T15:58:32+00:00", "2017-12-16T16:01:37+00:00", "2017-12-16T16:08:20+00:00", "2017-12-16T16:11:38+00:00", "2017-12-16T16:18:08+00:00", "2017-12-16T16:21:39+00:00", "2017-12-16T16:27:55+00:00", "2017-12-16T16:31:40+00:00", "2017-12-16T16:34:00+00:00", "2017-12-16T16:41:30+00:00", "2017-12-16T16:42:36+00:00", "2017-12-16T16:47:30+00:00", "2017-12-16T16:51:41+00:00", "2017-12-16T16:55:45+00:00", "2017-12-16T16:57:18+00:00", "2017-12-16T17:01:41+00:00", "2017-12-16T17:07:06+00:00", "2017-12-16T17:11:42+00:00", "2017-12-16T17:16:53+00:00", "2017-12-16T17:21:42+00:00", "2017-12-16T17:26:41+00:00", "2017-12-16T17:27:33+00:00", "2017-12-16T17:31:34+00:00", "2017-12-16T17:36:28+00:00", "2017-12-16T17:41:04+00:00", "2017-12-16T17:42:15+00:00", "2017-12-16T17:51:09+00:00", "2017-12-16T17:55:00+00:00", "2017-12-16T17:56:03+00:00", "2017-12-16T17:56:34+00:00", "2017-12-16T18:01:30+00:00", "2017-12-16T18:07:15+00:00", "2017-12-16T18:08:18+00:00", "2017-12-16T18:11:43+00:00", "2017-12-16T18:21:30+00:00", "2017-12-16T18:25:26+00:00", "2017-12-16T18:31:30+00:00", "2017-12-16T18:35:14+00:00", "2017-12-16T18:41:30+00:00", "2017-12-16T18:45:01+00:00", "2017-12-16T18:51:15+00:00", "2017-12-16T18:51:44+00:00", "2017-12-16T19:01:45+00:00", "2017-12-16T19:04:36+00:00", "2017-12-16T19:05:45+00:00", "2017-12-16T19:11:45+00:00", "2017-12-16T19:14:23+00:00", "2017-12-16T19:16:20+00:00", "2017-12-16T19:21:45+00:00", "2017-12-16T19:24:11+00:00", "2017-12-16T19:31:45+00:00", "2017-12-16T19:33:58+00:00", "2017-12-16T19:38:52+00:00", "2017-12-16T19:41:48+00:00", "2017-12-16T19:48:39+00:00", "2017-12-16T19:51:49+00:00", "2017-12-16T19:58:27+00:00", "2017-12-16T20:01:49+00:00", "2017-12-16T20:08:14+00:00", "2017-12-16T20:11:49+00:00", "2017-12-16T20:18:02+00:00", "2017-12-16T20:21:49+00:00", "2017-12-16T20:27:50+00:00", "2017-12-16T20:31:50+00:00", "2017-12-16T20:37:37+00:00", "2017-12-16T20:41:50+00:00", "2017-12-16T20:47:25+00:00", "2017-12-16T20:51:51+00:00", "2017-12-16T20:57:13+00:00", "2017-12-16T21:01:51+00:00", "2017-12-16T21:06:59+00:00", "2017-12-16T21:11:52+00:00", "2017-12-16T21:16:47+00:00", "2017-12-16T21:21:45+00:00", "2017-12-16T21:26:34+00:00", "2017-12-16T21:31:29+00:00", "2017-12-16T21:31:53+00:00", "2017-12-16T21:41:17+00:00", "2017-12-16T21:41:53+00:00", "2017-12-16T21:51:45+00:00", "2017-12-16T21:55:57+00:00", "2017-12-16T22:01:45+00:00", "2017-12-16T22:05:45+00:00", "2017-12-16T22:11:45+00:00", "2017-12-16T22:15:32+00:00", "2017-12-16T22:21:45+00:00", "2017-12-16T22:25:20+00:00", "2017-12-16T22:31:45+00:00", "2017-12-16T22:35:08+00:00", "2017-12-16T22:41:45+00:00", "2017-12-16T22:44:55+00:00", "2017-12-16T22:51:45+00:00", "2017-12-16T22:54:43+00:00", "2017-12-16T22:59:36+00:00", "2017-12-16T23:01:57+00:00", "2017-12-16T23:09:24+00:00", "2017-12-16T23:11:58+00:00", "2017-12-16T23:19:12+00:00", "2017-12-16T23:21:58+00:00", "2017-12-16T23:28:59+00:00", "2017-12-16T23:31:59+00:00", "2017-12-16T23:38:47+00:00", "2017-12-16T23:41:59+00:00", "2017-12-16T23:48:35+00:00", "2017-12-16T23:52:00+00:00", "2017-12-16T23:58:23+00:00", "2017-12-17T00:02:00+00:00", "2017-12-17T00:08:11+00:00", "2017-12-17T00:12:00+00:00", "2017-12-17T00:14:15+00:00", "2017-12-17T00:22:00+00:00", "2017-12-17T00:22:52+00:00", "2017-12-17T00:27:45+00:00", "2017-12-17T00:32:01+00:00", "2017-12-17T00:37:33+00:00", "2017-12-17T00:42:02+00:00", "2017-12-17T00:47:21+00:00", "2017-12-17T00:48:23+00:00", "2017-12-17T00:52:03+00:00", "2017-12-17T01:02:00+00:00", "2017-12-17T01:05:15+00:00", "2017-12-17T01:11:50+00:00", "2017-12-17T01:16:43+00:00", "2017-12-17T01:20:24+00:00", "2017-12-17T01:22:00+00:00", "2017-12-17T01:26:30+00:00", "2017-12-17T01:32:00+00:00", "2017-12-17T01:36:17+00:00", "2017-12-17T01:42:00+00:00", "2017-12-17T01:46:05+00:00", "2017-12-17T01:52:00+00:00", "2017-12-17T01:55:51+00:00", "2017-12-17T02:02:00+00:00", "2017-12-17T02:05:39+00:00", "2017-12-17T02:12:00+00:00", "2017-12-17T02:22:00+00:00", "2017-12-17T02:32:00+00:00", "2017-12-17T02:39:59+00:00", "2017-12-17T02:44:53+00:00", "2017-12-17T02:49:47+00:00", "2017-12-17T02:52:08+00:00", "2017-12-17T02:54:41+00:00", "2017-12-17T02:59:35+00:00", "2017-12-17T03:02:08+00:00", "2017-12-17T03:07:15+00:00", "2017-12-17T03:08:00+00:00", "2017-12-17T03:10:00+00:00", "2017-12-17T03:12:09+00:00", "2017-12-17T03:14:18+00:00", "2017-12-17T03:19:12+00:00", "2017-12-17T03:22:10+00:00", "2017-12-17T03:24:06+00:00", "2017-12-17T03:29:00+00:00", "2017-12-17T03:30:53+00:00", "2017-12-17T03:33:21+00:00", "2017-12-17T03:37:13+00:00", "2017-12-17T03:42:10+00:00", "2017-12-17T03:48:45+00:00", "2017-12-17T03:52:10+00:00", "2017-12-17T03:58:23+00:00", "2017-12-17T04:02:11+00:00", "2017-12-17T04:08:11+00:00", "2017-12-17T04:12:11+00:00", "2017-12-17T04:15:00+00:00", "2017-12-17T04:18:30+00:00", "2017-12-17T04:22:00+00:00", "2017-12-17T04:22:51+00:00", "2017-12-17T04:27:45+00:00", "2017-12-17T04:32:12+00:00", "2017-12-17T04:32:39+00:00", "2017-12-17T04:42:00+00:00", "2017-12-17T04:42:26+00:00", "2017-12-17T04:52:00+00:00", "2017-12-17T05:02:00+00:00", "2017-12-17T05:06:56+00:00", "2017-12-17T05:12:00+00:00", "2017-12-17T05:16:44+00:00", "2017-12-17T05:21:38+00:00", "2017-12-17T05:22:14+00:00", "2017-12-17T05:31:26+00:00", "2017-12-17T05:32:14+00:00", "2017-12-17T05:41:14+00:00", "2017-12-17T05:42:15+00:00", "2017-12-17T05:51:02+00:00", "2017-12-17T05:52:15+00:00", "2017-12-17T06:00:49+00:00", "2017-12-17T06:02:16+00:00", "2017-12-17T06:10:37+00:00", "2017-12-17T06:12:16+00:00", "2017-12-17T06:20:24+00:00", "2017-12-17T06:22:17+00:00", "2017-12-17T06:30:12+00:00", "2017-12-17T06:32:18+00:00", "2017-12-17T06:35:45+00:00", "2017-12-17T06:38:00+00:00", "2017-12-17T06:42:15+00:00", "2017-12-17T06:44:54+00:00", "2017-12-17T06:49:48+00:00", "2017-12-17T06:52:18+00:00", "2017-12-17T06:54:42+00:00", "2017-12-17T06:59:35+00:00", "2017-12-17T07:02:19+00:00", "2017-12-17T07:04:29+00:00", "2017-12-17T07:09:23+00:00", "2017-12-17T07:12:19+00:00", "2017-12-17T07:14:17+00:00", "2017-12-17T07:19:12+00:00", "2017-12-17T07:22:20+00:00", "2017-12-17T07:24:06+00:00", "2017-12-17T07:28:59+00:00", "2017-12-17T07:32:20+00:00", "2017-12-17T07:38:47+00:00", "2017-12-17T07:42:21+00:00", "2017-12-17T07:48:34+00:00", "2017-12-17T07:52:15+00:00", "2017-12-17T07:53:28+00:00", "2017-12-17T07:58:23+00:00", "2017-12-17T08:02:22+00:00", "2017-12-17T08:08:11+00:00", "2017-12-17T08:12:15+00:00", "2017-12-17T08:13:05+00:00", "2017-12-17T08:22:15+00:00", "2017-12-17T08:22:52+00:00", "2017-12-17T08:32:15+00:00", "2017-12-17T08:42:15+00:00", "2017-12-17T08:52:24+00:00", "2017-12-17T08:57:07+00:00", "2017-12-17T09:02:15+00:00", "2017-12-17T09:06:55+00:00", "2017-12-17T09:12:15+00:00", "2017-12-17T09:16:43+00:00", "2017-12-17T09:22:15+00:00", "2017-12-17T09:26:30+00:00", "2017-12-17T09:32:15+00:00", "2017-12-17T09:36:18+00:00", "2017-12-17T09:41:12+00:00", "2017-12-17T09:42:25+00:00", "2017-12-17T09:50:59+00:00", "2017-12-17T09:52:26+00:00", "2017-12-17T10:00:47+00:00", "2017-12-17T10:02:26+00:00", "2017-12-17T10:05:40+00:00", "2017-12-17T10:10:34+00:00", "2017-12-17T10:12:26+00:00", "2017-12-17T10:15:28+00:00", "2017-12-17T10:20:22+00:00", "2017-12-17T10:22:26+00:00", "2017-12-17T10:25:16+00:00", "2017-12-17T10:30:09+00:00", "2017-12-17T10:32:27+00:00", "2017-12-17T10:39:57+00:00", "2017-12-17T10:42:28+00:00", "2017-12-17T10:49:45+00:00", "2017-12-17T10:52:29+00:00", "2017-12-17T10:59:33+00:00", "2017-12-17T11:02:29+00:00", "2017-12-17T11:09:20+00:00", "2017-12-17T11:12:30+00:00", "2017-12-17T11:19:08+00:00", "2017-12-17T11:22:31+00:00", "2017-12-17T11:28:56+00:00", "2017-12-17T11:32:31+00:00", "2017-12-17T11:38:43+00:00", "2017-12-17T11:42:32+00:00", "2017-12-17T11:48:30+00:00", "2017-12-17T11:52:33+00:00", "2017-12-17T11:58:17+00:00", "2017-12-17T12:02:33+00:00", "2017-12-17T12:08:05+00:00", "2017-12-17T12:12:33+00:00", "2017-12-17T12:17:53+00:00", "2017-12-17T12:22:34+00:00", "2017-12-17T12:27:40+00:00", "2017-12-17T12:32:34+00:00", "2017-12-17T12:37:27+00:00", "2017-12-17T12:42:30+00:00", "2017-12-17T12:47:15+00:00", "2017-12-17T12:52:30+00:00", "2017-12-17T12:57:02+00:00", "2017-12-17T13:02:30+00:00", "2017-12-17T13:06:50+00:00", "2017-12-17T13:12:30+00:00", "2017-12-17T13:16:37+00:00", "2017-12-17T13:22:30+00:00", "2017-12-17T13:26:24+00:00", "2017-12-17T13:32:30+00:00", "2017-12-17T13:36:12+00:00", "2017-12-17T13:42:30+00:00", "2017-12-17T13:45:59+00:00", "2017-12-17T13:52:30+00:00", "2017-12-17T13:55:46+00:00", "2017-12-17T14:00:40+00:00", "2017-12-17T14:02:39+00:00", "2017-12-17T14:05:34+00:00", "2017-12-17T14:10:27+00:00", "2017-12-17T14:12:40+00:00", "2017-12-17T14:20:15+00:00", "2017-12-17T14:22:40+00:00", "2017-12-17T14:30:03+00:00", "2017-12-17T14:32:40+00:00", "2017-12-17T14:42:30+00:00", "2017-12-17T14:44:45+00:00", "2017-12-17T14:49:38+00:00", "2017-12-17T14:52:41+00:00", "2017-12-17T15:02:30+00:00", "2017-12-17T15:04:20+00:00", "2017-12-17T15:12:43+00:00", "2017-12-17T15:19:02+00:00", "2017-12-17T15:22:44+00:00", "2017-12-17T15:28:50+00:00", "2017-12-17T15:32:44+00:00", "2017-12-17T15:38:37+00:00", "2017-12-17T15:42:44+00:00", "2017-12-17T15:48:25+00:00", "2017-12-17T15:52:45+00:00", "2017-12-17T15:54:30+00:00", "2017-12-17T15:58:12+00:00", "2017-12-17T16:02:45+00:00", "2017-12-17T16:07:59+00:00", "2017-12-17T16:12:46+00:00", "2017-12-17T16:17:47+00:00", "2017-12-17T16:22:41+00:00", "2017-12-17T16:32:28+00:00", "2017-12-17T16:42:15+00:00", "2017-12-17T16:42:48+00:00", "2017-12-17T16:52:03+00:00", "2017-12-17T16:52:49+00:00", "2017-12-17T16:59:45+00:00", "2017-12-17T17:01:51+00:00", "2017-12-17T17:06:45+00:00", "2017-12-17T17:11:39+00:00", "2017-12-17T17:12:50+00:00", "2017-12-17T17:21:26+00:00", "2017-12-17T17:22:50+00:00", "2017-12-17T17:31:13+00:00", "2017-12-17T17:34:00+00:00", "2017-12-17T17:40:15+00:00", "2017-12-17T17:43:00+00:00", "2017-12-17T17:44:00+00:00", "2017-12-17T17:46:05+00:00", "2017-12-17T17:54:00+00:00", "2017-12-17T17:58:18+00:00", "2017-12-17T18:03:11+00:00", "2017-12-17T18:04:14+00:00", "2017-12-17T18:09:32+00:00", "2017-12-17T18:14:15+00:00", "2017-12-17T18:17:53+00:00", "2017-12-17T18:24:15+00:00", "2017-12-17T18:27:41+00:00", "2017-12-17T18:34:15+00:00", "2017-12-17T18:37:29+00:00", "2017-12-17T18:42:23+00:00", "2017-12-17T18:44:16+00:00", "2017-12-17T18:47:17+00:00", "2017-12-17T18:51:39+00:00", "2017-12-17T18:54:15+00:00", "2017-12-17T18:57:05+00:00", "2017-12-17T19:04:15+00:00", "2017-12-17T19:06:53+00:00", "2017-12-17T19:11:46+00:00", "2017-12-17T19:14:16+00:00", "2017-12-17T19:19:25+00:00", "2017-12-17T19:24:15+00:00", "2017-12-17T19:26:27+00:00", "2017-12-17T19:31:21+00:00", "2017-12-17T19:34:17+00:00", "2017-12-17T19:41:09+00:00", "2017-12-17T19:44:18+00:00", "2017-12-17T19:50:56+00:00", "2017-12-17T19:54:19+00:00", "2017-12-17T20:00:43+00:00", "2017-12-17T20:04:19+00:00", "2017-12-17T20:10:31+00:00", "2017-12-17T20:14:19+00:00", "2017-12-17T20:20:19+00:00", "2017-12-17T20:24:20+00:00", "2017-12-17T20:30:06+00:00", "2017-12-17T20:34:15+00:00", "2017-12-17T20:35:00+00:00", "2017-12-17T20:43:15+00:00", "2017-12-17T20:44:21+00:00", "2017-12-17T20:49:41+00:00", "2017-12-17T20:54:21+00:00", "2017-12-17T20:59:28+00:00", "2017-12-17T21:04:15+00:00", "2017-12-17T21:14:09+00:00", "2017-12-17T21:23:57+00:00", "2017-12-17T21:33:44+00:00", "2017-12-17T21:34:23+00:00", "2017-12-17T21:43:31+00:00", "2017-12-17T21:44:24+00:00", "2017-12-17T21:53:19+00:00", "2017-12-17T21:54:24+00:00", "2017-12-17T22:03:07+00:00", "2017-12-17T22:04:25+00:00", "2017-12-17T22:12:54+00:00", "2017-12-17T22:14:15+00:00", "2017-12-17T22:17:48+00:00", "2017-12-17T22:24:15+00:00", "2017-12-17T22:27:34+00:00", "2017-12-17T22:32:28+00:00", "2017-12-17T22:34:27+00:00", "2017-12-17T22:42:16+00:00", "2017-12-17T22:44:28+00:00", "2017-12-17T22:47:10+00:00", "2017-12-17T22:52:03+00:00", "2017-12-17T22:54:29+00:00", "2017-12-17T22:56:57+00:00", "2017-12-17T23:01:51+00:00", "2017-12-17T23:04:29+00:00", "2017-12-17T23:06:44+00:00", "2017-12-17T23:11:38+00:00", "2017-12-17T23:14:29+00:00", "2017-12-17T23:21:25+00:00", "2017-12-17T23:24:30+00:00", "2017-12-17T23:31:13+00:00", "2017-12-17T23:34:30+00:00", "2017-12-17T23:41:00+00:00", "2017-12-17T23:44:30+00:00", "2017-12-17T23:50:48+00:00", "2017-12-17T23:54:31+00:00", "2017-12-18T00:00:36+00:00", "2017-12-18T00:04:32+00:00", "2017-12-18T00:10:22+00:00", "2017-12-18T00:14:32+00:00", "2017-12-18T00:20:10+00:00", "2017-12-18T00:24:33+00:00", "2017-12-18T00:29:57+00:00", "2017-12-18T00:34:33+00:00", "2017-12-18T00:39:45+00:00", "2017-12-18T00:44:33+00:00", "2017-12-18T00:49:32+00:00", "2017-12-18T00:54:30+00:00", "2017-12-18T00:59:20+00:00", "2017-12-18T01:04:30+00:00", "2017-12-18T01:07:15+00:00", "2017-12-18T01:14:01+00:00", "2017-12-18T01:14:35+00:00", "2017-12-18T01:18:55+00:00", "2017-12-18T01:24:30+00:00", "2017-12-18T01:28:43+00:00", "2017-12-18T01:34:30+00:00", "2017-12-18T01:38:30+00:00", "2017-12-18T01:43:45+00:00", "2017-12-18T01:44:37+00:00", "2017-12-18T01:54:30+00:00", "2017-12-18T01:58:05+00:00", "2017-12-18T02:04:38+00:00", "2017-12-18T02:10:00+00:00", "2017-12-18T02:14:30+00:00", "2017-12-18T02:22:34+00:00", "2017-12-18T02:24:40+00:00", "2017-12-18T02:27:28+00:00", "2017-12-18T02:32:22+00:00", "2017-12-18T02:34:40+00:00", "2017-12-18T02:37:16+00:00", "2017-12-18T02:42:09+00:00", "2017-12-18T02:44:41+00:00", "2017-12-18T02:47:03+00:00", "2017-12-18T02:51:57+00:00", "2017-12-18T02:54:41+00:00", "2017-12-18T02:56:51+00:00", "2017-12-18T03:01:44+00:00", "2017-12-18T03:04:42+00:00", "2017-12-18T03:08:00+00:00", "2017-12-18T03:11:32+00:00", "2017-12-18T03:14:43+00:00", "2017-12-18T03:21:21+00:00", "2017-12-18T03:22:59+00:00", "2017-12-18T03:24:15+00:00", "2017-12-18T03:26:14+00:00", "2017-12-18T03:31:08+00:00", "2017-12-18T03:34:43+00:00", "2017-12-18T03:40:56+00:00", "2017-12-18T03:44:44+00:00", "2017-12-18T03:46:15+00:00", "2017-12-18T03:50:43+00:00", "2017-12-18T03:54:44+00:00", "2017-12-18T04:00:31+00:00", "2017-12-18T04:04:45+00:00", "2017-12-18T04:10:19+00:00", "2017-12-18T04:14:45+00:00", "2017-12-18T04:20:07+00:00", "2017-12-18T04:24:46+00:00", "2017-12-18T04:29:54+00:00", "2017-12-18T04:34:46+00:00", "2017-12-18T04:39:41+00:00", "2017-12-18T04:44:45+00:00", "2017-12-18T04:49:29+00:00", "2017-12-18T04:54:45+00:00", "2017-12-18T04:59:17+00:00", "2017-12-18T05:04:45+00:00", "2017-12-18T05:09:05+00:00", "2017-12-18T05:14:45+00:00", "2017-12-18T05:18:53+00:00", "2017-12-18T05:24:45+00:00", "2017-12-18T05:28:40+00:00", "2017-12-18T05:34:45+00:00", "2017-12-18T05:38:28+00:00", "2017-12-18T05:44:45+00:00", "2017-12-18T05:48:15+00:00", "2017-12-18T05:54:45+00:00", "2017-12-18T05:58:03+00:00", "2017-12-18T06:04:45+00:00", "2017-12-18T06:07:52+00:00", "2017-12-18T06:14:45+00:00", "2017-12-18T06:17:39+00:00", "2017-12-18T06:24:45+00:00", "2017-12-18T06:27:27+00:00", "2017-12-18T06:29:01+00:00", "2017-12-18T06:34:45+00:00", "2017-12-18T06:37:14+00:00", "2017-12-18T06:44:45+00:00", "2017-12-18T06:47:01+00:00", "2017-12-18T06:54:45+00:00", "2017-12-18T06:56:47+00:00", "2017-12-18T07:04:45+00:00", "2017-12-18T07:06:34+00:00", "2017-12-18T07:14:45+00:00", "2017-12-18T07:16:22+00:00", "2017-12-18T07:24:45+00:00", "2017-12-18T07:26:08+00:00", "2017-12-18T07:34:45+00:00", "2017-12-18T07:35:55+00:00", "2017-12-18T07:44:53+00:00", "2017-12-18T07:50:36+00:00", "2017-12-18T07:54:45+00:00", "2017-12-18T07:55:30+00:00", "2017-12-18T08:04:45+00:00", "2017-12-18T08:05:17+00:00", "2017-12-18T08:14:45+00:00", "2017-12-18T08:24:45+00:00", "2017-12-18T08:34:39+00:00", "2017-12-18T08:44:26+00:00", "2017-12-18T08:54:14+00:00", "2017-12-18T08:54:57+00:00", "2017-12-18T09:04:01+00:00", "2017-12-18T09:04:45+00:00", "2017-12-18T09:08:55+00:00", "2017-12-18T09:13:49+00:00", "2017-12-18T09:14:59+00:00", "2017-12-18T09:18:42+00:00", "2017-12-18T09:23:36+00:00", "2017-12-18T09:24:59+00:00", "2017-12-18T09:28:30+00:00", "2017-12-18T09:33:23+00:00", "2017-12-18T09:34:59+00:00", "2017-12-18T09:38:17+00:00", "2017-12-18T09:43:11+00:00", "2017-12-18T09:45:00+00:00", "2017-12-18T09:48:05+00:00", "2017-12-18T09:52:58+00:00", "2017-12-18T09:55:01+00:00", "2017-12-18T09:57:52+00:00", "2017-12-18T10:02:46+00:00", "2017-12-18T10:05:01+00:00", "2017-12-18T10:07:40+00:00", "2017-12-18T10:12:34+00:00", "2017-12-18T10:15:02+00:00", "2017-12-18T10:17:28+00:00", "2017-12-18T10:22:22+00:00", "2017-12-18T10:25:03+00:00", "2017-12-18T10:27:15+00:00", "2017-12-18T10:32:09+00:00", "2017-12-18T10:35:03+00:00", "2017-12-18T10:37:03+00:00", "2017-12-18T10:41:57+00:00", "2017-12-18T10:45:03+00:00", "2017-12-18T10:46:50+00:00", "2017-12-18T10:51:44+00:00", "2017-12-18T10:55:04+00:00", "2017-12-18T10:56:38+00:00", "2017-12-18T11:01:32+00:00", "2017-12-18T11:05:05+00:00", "2017-12-18T11:11:20+00:00", "2017-12-18T11:15:06+00:00", "2017-12-18T11:21:08+00:00", "2017-12-18T11:25:06+00:00", "2017-12-18T11:30:56+00:00", "2017-12-18T11:35:00+00:00", "2017-12-18T11:35:49+00:00", "2017-12-18T11:45:00+00:00", "2017-12-18T11:45:38+00:00", "2017-12-18T11:55:08+00:00", "2017-12-18T12:00:20+00:00", "2017-12-18T12:05:08+00:00", "2017-12-18T12:10:08+00:00", "2017-12-18T12:15:00+00:00", "2017-12-18T12:24:49+00:00", "2017-12-18T12:34:36+00:00", "2017-12-18T12:35:10+00:00", "2017-12-18T12:44:24+00:00", "2017-12-18T12:45:10+00:00", "2017-12-18T12:54:12+00:00", "2017-12-18T12:55:11+00:00", "2017-12-18T13:03:59+00:00", "2017-12-18T13:05:11+00:00", "2017-12-18T13:08:52+00:00", "2017-12-18T13:13:45+00:00", "2017-12-18T13:15:11+00:00", "2017-12-18T13:18:39+00:00", "2017-12-18T13:23:33+00:00", "2017-12-18T13:25:11+00:00", "2017-12-18T13:28:26+00:00", "2017-12-18T13:33:20+00:00", "2017-12-18T13:35:12+00:00", "2017-12-18T13:38:14+00:00", "2017-12-18T13:43:08+00:00", "2017-12-18T13:45:12+00:00", "2017-12-18T13:48:02+00:00", "2017-12-18T13:52:56+00:00", "2017-12-18T13:55:13+00:00", "2017-12-18T13:57:50+00:00", "2017-12-18T14:02:40+00:00", "2017-12-18T14:05:00+00:00", "2017-12-18T14:07:37+00:00", "2017-12-18T14:12:31+00:00", "2017-12-18T14:15:14+00:00", "2017-12-18T14:17:25+00:00", "2017-12-18T14:22:18+00:00", "2017-12-18T14:25:14+00:00", "2017-12-18T14:32:06+00:00", "2017-12-18T14:35:15+00:00", "2017-12-18T14:37:00+00:00", "2017-12-18T14:41:53+00:00", "2017-12-18T14:45:15+00:00", "2017-12-18T14:46:46+00:00", "2017-12-18T14:51:40+00:00", "2017-12-18T14:55:16+00:00", "2017-12-18T14:56:34+00:00", "2017-12-18T15:01:28+00:00", "2017-12-18T15:05:16+00:00", "2017-12-18T15:11:15+00:00", "2017-12-18T15:15:17+00:00", "2017-12-18T15:21:03+00:00", "2017-12-18T15:25:18+00:00", "2017-12-18T15:30:51+00:00", "2017-12-18T15:35:19+00:00", "2017-12-18T15:40:38+00:00", "2017-12-18T15:45:19+00:00", "2017-12-18T15:50:26+00:00", "2017-12-18T15:55:19+00:00", "2017-12-18T16:00:14+00:00", "2017-12-18T16:05:15+00:00", "2017-12-18T16:10:02+00:00", "2017-12-18T16:15:15+00:00", "2017-12-18T16:19:49+00:00", "2017-12-18T16:25:15+00:00", "2017-12-18T16:29:36+00:00", "2017-12-18T16:33:47+00:00", "2017-12-18T16:35:08+00:00", "2017-12-18T16:44:18+00:00", "2017-12-18T16:45:21+00:00", "2017-12-18T16:54:05+00:00", "2017-12-18T16:55:21+00:00", "2017-12-18T17:03:53+00:00", "2017-12-18T17:05:21+00:00", "2017-12-18T17:13:40+00:00", "2017-12-18T17:15:22+00:00", "2017-12-18T17:23:27+00:00", "2017-12-18T17:25:15+00:00", "2017-12-18T17:33:14+00:00", "2017-12-18T17:35:22+00:00", "2017-12-18T17:43:01+00:00", "2017-12-18T17:45:23+00:00", "2017-12-18T17:52:49+00:00", "2017-12-18T17:55:23+00:00", "2017-12-18T18:02:37+00:00", "2017-12-18T18:05:23+00:00", "2017-12-18T18:12:25+00:00", "2017-12-18T18:15:23+00:00", "2017-12-18T18:22:12+00:00", "2017-12-18T18:25:24+00:00", "2017-12-18T18:32:00+00:00", "2017-12-18T18:35:25+00:00", "2017-12-18T18:41:47+00:00", "2017-12-18T18:45:26+00:00", "2017-12-18T18:51:36+00:00", "2017-12-18T18:55:26+00:00", "2017-12-18T19:01:24+00:00", "2017-12-18T19:05:26+00:00", "2017-12-18T19:11:11+00:00", "2017-12-18T19:15:27+00:00", "2017-12-18T19:20:59+00:00", "2017-12-18T19:25:27+00:00", "2017-12-18T19:30:46+00:00", "2017-12-18T19:35:27+00:00", "2017-12-18T19:40:34+00:00", "2017-12-18T19:45:28+00:00", "2017-12-18T19:50:21+00:00", "2017-12-18T19:55:29+00:00", "2017-12-18T20:00:09+00:00", "2017-12-18T20:05:15+00:00", "2017-12-18T20:09:56+00:00", "2017-12-18T20:15:30+00:00", "2017-12-18T20:19:44+00:00", "2017-12-18T20:24:38+00:00", "2017-12-18T20:25:31+00:00", "2017-12-18T20:34:25+00:00", "2017-12-18T20:35:31+00:00", "2017-12-18T20:44:13+00:00", "2017-12-18T20:45:31+00:00", "2017-12-18T20:54:01+00:00", "2017-12-18T20:55:31+00:00", "2017-12-18T21:03:48+00:00", "2017-12-18T21:05:31+00:00", "2017-12-18T21:13:36+00:00", "2017-12-18T21:15:32+00:00", "2017-12-18T21:23:24+00:00", "2017-12-18T21:25:32+00:00", "2017-12-18T21:33:11+00:00", "2017-12-18T21:35:33+00:00", "2017-12-18T21:42:59+00:00", "2017-12-18T21:45:33+00:00", "2017-12-18T21:52:46+00:00", "2017-12-18T21:55:34+00:00", "2017-12-18T22:02:34+00:00", "2017-12-18T22:05:34+00:00", "2017-12-18T22:12:22+00:00", "2017-12-18T22:15:34+00:00", "2017-12-18T22:22:09+00:00", "2017-12-18T22:25:35+00:00", "2017-12-18T22:31:56+00:00", "2017-12-18T22:35:35+00:00", "2017-12-18T22:41:43+00:00", "2017-12-18T22:45:36+00:00", "2017-12-18T22:51:31+00:00", "2017-12-18T22:55:36+00:00", "2017-12-18T23:01:18+00:00", "2017-12-18T23:05:37+00:00", "2017-12-18T23:11:06+00:00", "2017-12-18T23:15:37+00:00", "2017-12-18T23:20:53+00:00", "2017-12-18T23:25:38+00:00", "2017-12-18T23:30:41+00:00", "2017-12-18T23:35:30+00:00", "2017-12-18T23:45:23+00:00", "2017-12-18T23:55:11+00:00", "2017-12-18T23:55:41+00:00", "2017-12-19T00:04:59+00:00", "2017-12-19T00:09:52+00:00", "2017-12-19T00:15:41+00:00", "2017-12-19T00:24:33+00:00", "2017-12-19T00:25:42+00:00", "2017-12-19T00:34:20+00:00", "2017-12-19T00:39:14+00:00", "2017-12-19T00:45:43+00:00", "2017-12-19T00:49:01+00:00", "2017-12-19T00:55:30+00:00", "2017-12-19T00:58:48+00:00", "2017-12-19T01:05:30+00:00", "2017-12-19T01:13:29+00:00", "2017-12-19T01:15:44+00:00", "2017-12-19T01:23:16+00:00", "2017-12-19T01:25:45+00:00", "2017-12-19T01:33:04+00:00", "2017-12-19T01:35:46+00:00", "2017-12-19T01:42:52+00:00", "2017-12-19T01:45:46+00:00", "2017-12-19T01:52:40+00:00", "2017-12-19T01:55:47+00:00", "2017-12-19T02:02:27+00:00", "2017-12-19T02:05:47+00:00", "2017-12-19T02:07:30+00:00", "2017-12-19T02:12:14+00:00", "2017-12-19T02:15:47+00:00", "2017-12-19T02:22:03+00:00", "2017-12-19T02:25:48+00:00", "2017-12-19T02:31:50+00:00", "2017-12-19T02:35:48+00:00", "2017-12-19T02:41:38+00:00", "2017-12-19T02:45:48+00:00", "2017-12-19T02:51:26+00:00", "2017-12-19T02:55:49+00:00", "2017-12-19T03:01:13+00:00", "2017-12-19T03:05:45+00:00", "2017-12-19T03:09:15+00:00", "2017-12-19T03:10:00+00:00", "2017-12-19T03:14:16+00:00", "2017-12-19T03:15:54+00:00", "2017-12-19T03:20:48+00:00", "2017-12-19T03:22:37+00:00", "2017-12-19T03:25:41+00:00", "2017-12-19T03:30:35+00:00", "2017-12-19T03:32:49+00:00", "2017-12-19T03:35:29+00:00", "2017-12-19T03:40:22+00:00", "2017-12-19T03:45:45+00:00", "2017-12-19T03:50:09+00:00", "2017-12-19T03:55:52+00:00", "2017-12-19T04:04:50+00:00", "2017-12-19T04:05:53+00:00", "2017-12-19T04:14:37+00:00", "2017-12-19T04:15:53+00:00", "2017-12-19T04:24:24+00:00", "2017-12-19T04:25:53+00:00", "2017-12-19T04:28:15+00:00", "2017-12-19T04:29:37+00:00", "2017-12-19T04:34:11+00:00", "2017-12-19T04:35:54+00:00", "2017-12-19T04:43:59+00:00", "2017-12-19T04:45:54+00:00", "2017-12-19T04:48:52+00:00", "2017-12-19T04:53:46+00:00", "2017-12-19T04:55:54+00:00", "2017-12-19T05:03:30+00:00", "2017-12-19T05:04:30+00:00", "2017-12-19T05:05:54+00:00", "2017-12-19T05:15:45+00:00", "2017-12-19T05:18:15+00:00", "2017-12-19T05:25:45+00:00", "2017-12-19T05:28:02+00:00", "2017-12-19T05:35:45+00:00", "2017-12-19T05:37:48+00:00", "2017-12-19T05:45:45+00:00", "2017-12-19T05:47:36+00:00", "2017-12-19T05:55:57+00:00", "2017-12-19T06:05:45+00:00", "2017-12-19T06:07:15+00:00", "2017-12-19T06:15:45+00:00", "2017-12-19T06:19:16+00:00", "2017-12-19T06:25:45+00:00", "2017-12-19T06:29:04+00:00", "2017-12-19T06:35:45+00:00", "2017-12-19T06:38:52+00:00", "2017-12-19T06:45:45+00:00", "2017-12-19T06:48:39+00:00", "2017-12-19T06:53:33+00:00", "2017-12-19T06:55:59+00:00", "2017-12-19T07:03:20+00:00", "2017-12-19T07:06:00+00:00", "2017-12-19T07:13:08+00:00", "2017-12-19T07:16:01+00:00", "2017-12-19T07:22:56+00:00", "2017-12-19T07:26:02+00:00", "2017-12-19T07:32:44+00:00", "2017-12-19T07:36:02+00:00", "2017-12-19T07:42:32+00:00", "2017-12-19T07:46:03+00:00", "2017-12-19T07:52:20+00:00", "2017-12-19T07:56:04+00:00", "2017-12-19T08:02:08+00:00", "2017-12-19T08:06:04+00:00", "2017-12-19T08:16:00+00:00", "2017-12-19T08:16:49+00:00", "2017-12-19T08:26:00+00:00", "2017-12-19T08:36:06+00:00", "2017-12-19T08:41:19+00:00", "2017-12-19T08:46:07+00:00", "2017-12-19T08:51:07+00:00", "2017-12-19T08:56:01+00:00", "2017-12-19T09:00:54+00:00", "2017-12-19T09:06:00+00:00", "2017-12-19T09:10:42+00:00", "2017-12-19T09:16:00+00:00", "2017-12-19T09:20:30+00:00", "2017-12-19T09:26:00+00:00", "2017-12-19T09:30:19+00:00", "2017-12-19T09:36:00+00:00", "2017-12-19T09:40:07+00:00", "2017-12-19T09:46:00+00:00", "2017-12-19T09:49:54+00:00", "2017-12-19T09:56:00+00:00", "2017-12-19T09:59:42+00:00", "2017-12-19T10:06:00+00:00", "2017-12-19T10:09:30+00:00", "2017-12-19T10:16:00+00:00", "2017-12-19T10:19:18+00:00", "2017-12-19T10:26:00+00:00", "2017-12-19T10:29:05+00:00", "2017-12-19T10:36:00+00:00", "2017-12-19T10:38:53+00:00", "2017-12-19T10:46:00+00:00", "2017-12-19T10:48:40+00:00", "2017-12-19T10:56:12+00:00", "2017-12-19T11:03:21+00:00", "2017-12-19T11:06:13+00:00", "2017-12-19T11:13:08+00:00", "2017-12-19T11:16:13+00:00", "2017-12-19T11:22:55+00:00", "2017-12-19T11:26:13+00:00", "2017-12-19T11:32:43+00:00", "2017-12-19T11:36:13+00:00", "2017-12-19T11:42:30+00:00", "2017-12-19T11:46:14+00:00", "2017-12-19T11:52:18+00:00", "2017-12-19T11:56:14+00:00", "2017-12-19T12:02:05+00:00", "2017-12-19T12:06:15+00:00", "2017-12-19T12:11:52+00:00", "2017-12-19T12:16:15+00:00", "2017-12-19T12:21:39+00:00", "2017-12-19T12:26:16+00:00", "2017-12-19T12:31:26+00:00", "2017-12-19T12:36:17+00:00", "2017-12-19T12:41:14+00:00", "2017-12-19T12:46:15+00:00", "2017-12-19T12:51:02+00:00", "2017-12-19T12:56:15+00:00", "2017-12-19T13:00:49+00:00", "2017-12-19T13:06:15+00:00", "2017-12-19T13:10:37+00:00", "2017-12-19T13:16:15+00:00", "2017-12-19T13:20:25+00:00", "2017-12-19T13:26:15+00:00", "2017-12-19T13:30:13+00:00", "2017-12-19T13:36:15+00:00", "2017-12-19T13:40:01+00:00", "2017-12-19T13:46:20+00:00", "2017-12-19T13:54:42+00:00", "2017-12-19T13:56:20+00:00", "2017-12-19T14:04:30+00:00", "2017-12-19T14:06:21+00:00", "2017-12-19T14:14:18+00:00", "2017-12-19T14:16:21+00:00", "2017-12-19T14:24:06+00:00", "2017-12-19T14:26:22+00:00", "2017-12-19T14:33:54+00:00", "2017-12-19T14:36:22+00:00", "2017-12-19T14:43:42+00:00", "2017-12-19T14:46:12+00:00", "2017-12-19T14:53:29+00:00", "2017-12-19T14:56:23+00:00", "2017-12-19T15:03:18+00:00", "2017-12-19T15:06:23+00:00", "2017-12-19T15:13:05+00:00", "2017-12-19T15:16:24+00:00", "2017-12-19T15:20:30+00:00", "2017-12-19T15:22:30+00:00", "2017-12-19T15:23:36+00:00", "2017-12-19T15:27:47+00:00", "2017-12-19T15:32:40+00:00", "2017-12-19T15:36:25+00:00", "2017-12-19T15:42:28+00:00", "2017-12-19T15:46:26+00:00", "2017-12-19T15:52:16+00:00", "2017-12-19T15:56:26+00:00", "2017-12-19T16:02:03+00:00", "2017-12-19T16:06:26+00:00", "2017-12-19T16:11:51+00:00", "2017-12-19T16:16:27+00:00", "2017-12-19T16:18:45+00:00", "2017-12-19T16:26:15+00:00", "2017-12-19T16:31:27+00:00", "2017-12-19T16:36:20+00:00", "2017-12-19T16:41:14+00:00", "2017-12-19T16:46:15+00:00", "2017-12-19T16:51:01+00:00", "2017-12-19T16:56:15+00:00", "2017-12-19T17:00:48+00:00", "2017-12-19T17:06:15+00:00", "2017-12-19T17:10:36+00:00", "2017-12-19T17:16:30+00:00", "2017-12-19T17:20:24+00:00", "2017-12-19T17:23:54+00:00", "2017-12-19T17:26:02+00:00", "2017-12-19T17:35:05+00:00", "2017-12-19T17:36:31+00:00", "2017-12-19T17:44:54+00:00", "2017-12-19T17:46:31+00:00", "2017-12-19T17:54:42+00:00", "2017-12-19T17:56:31+00:00", "2017-12-19T17:59:35+00:00", "2017-12-19T18:04:29+00:00", "2017-12-19T18:06:32+00:00", "2017-12-19T18:09:23+00:00", "2017-12-19T18:14:17+00:00", "2017-12-19T18:16:32+00:00", "2017-12-19T18:19:11+00:00", "2017-12-19T18:25:15+00:00", "2017-12-19T18:26:30+00:00", "2017-12-19T18:28:59+00:00", "2017-12-19T18:33:53+00:00", "2017-12-19T18:36:34+00:00", "2017-12-19T18:38:15+00:00", "2017-12-19T18:38:47+00:00", "2017-12-19T18:43:42+00:00", "2017-12-19T18:46:34+00:00", "2017-12-19T18:48:35+00:00", "2017-12-19T18:53:29+00:00", "2017-12-19T18:56:35+00:00", "2017-12-19T18:58:23+00:00", "2017-12-19T19:03:17+00:00", "2017-12-19T19:08:10+00:00", "2017-12-19T19:16:35+00:00", "2017-12-19T19:20:15+00:00", "2017-12-19T19:27:46+00:00", "2017-12-19T19:37:33+00:00", "2017-12-19T19:46:30+00:00", "2017-12-19T19:47:20+00:00", "2017-12-19T19:56:38+00:00", "2017-12-19T20:02:01+00:00", "2017-12-19T20:06:30+00:00", "2017-12-19T20:16:38+00:00", "2017-12-19T20:21:36+00:00", "2017-12-19T20:26:38+00:00", "2017-12-19T20:31:24+00:00", "2017-12-19T20:36:30+00:00", "2017-12-19T20:41:12+00:00", "2017-12-19T20:46:30+00:00", "2017-12-19T20:50:59+00:00", "2017-12-19T20:56:30+00:00", "2017-12-19T21:00:47+00:00", "2017-12-19T21:05:40+00:00", "2017-12-19T21:06:41+00:00", "2017-12-19T21:15:28+00:00", "2017-12-19T21:16:41+00:00", "2017-12-19T21:20:00+00:00", "2017-12-19T21:26:30+00:00", "2017-12-19T21:30:08+00:00", "2017-12-19T21:36:43+00:00", "2017-12-19T21:44:50+00:00", "2017-12-19T21:46:43+00:00", "2017-12-19T21:54:38+00:00", "2017-12-19T21:56:44+00:00", "2017-12-19T22:04:25+00:00", "2017-12-19T22:06:44+00:00", "2017-12-19T22:09:19+00:00", "2017-12-19T22:14:13+00:00", "2017-12-19T22:16:45+00:00", "2017-12-19T22:19:07+00:00", "2017-12-19T22:24:01+00:00", "2017-12-19T22:26:46+00:00", "2017-12-19T22:28:55+00:00", "2017-12-19T22:36:45+00:00", "2017-12-19T22:38:42+00:00", "2017-12-19T22:43:36+00:00", "2017-12-19T22:46:46+00:00", "2017-12-19T22:53:23+00:00", "2017-12-19T22:56:47+00:00", "2017-12-19T23:03:10+00:00", "2017-12-19T23:06:48+00:00", "2017-12-19T23:12:58+00:00", "2017-12-19T23:16:48+00:00", "2017-12-19T23:22:45+00:00", "2017-12-19T23:26:49+00:00", "2017-12-19T23:32:32+00:00", "2017-12-19T23:36:50+00:00", "2017-12-19T23:42:19+00:00", "2017-12-19T23:46:50+00:00", "2017-12-19T23:52:07+00:00", "2017-12-19T23:56:50+00:00", "2017-12-20T00:01:55+00:00", "2017-12-20T00:06:49+00:00", "2017-12-20T00:11:43+00:00", "2017-12-20T00:16:45+00:00", "2017-12-20T00:21:30+00:00", "2017-12-20T00:26:45+00:00", "2017-12-20T00:31:18+00:00", "2017-12-20T00:36:45+00:00", "2017-12-20T00:41:06+00:00", "2017-12-20T00:46:45+00:00", "2017-12-20T00:50:53+00:00", "2017-12-20T00:56:45+00:00", "2017-12-20T01:00:41+00:00", "2017-12-20T01:06:00+00:00", "2017-12-20T01:08:21+00:00", "2017-12-20T01:12:06+00:00", "2017-12-20T01:16:45+00:00", "2017-12-20T01:20:17+00:00", "2017-12-20T01:26:45+00:00", "2017-12-20T01:30:03+00:00", "2017-12-20T01:36:45+00:00", "2017-12-20T01:39:50+00:00", "2017-12-20T01:44:45+00:00", "2017-12-20T01:46:59+00:00", "2017-12-20T01:54:32+00:00", "2017-12-20T01:56:59+00:00", "2017-12-20T02:04:20+00:00", "2017-12-20T02:07:00+00:00", "2017-12-20T02:14:07+00:00", "2017-12-20T02:17:01+00:00", "2017-12-20T02:23:55+00:00", "2017-12-20T02:28:49+00:00", "2017-12-20T02:33:43+00:00", "2017-12-20T02:35:27+00:00", "2017-12-20T02:43:30+00:00", "2017-12-20T02:48:24+00:00", "2017-12-20T02:57:07+00:00", "2017-12-20T03:03:06+00:00", "2017-12-20T03:07:07+00:00", "2017-12-20T03:12:00+00:00", "2017-12-20T03:12:47+00:00", "2017-12-20T03:17:08+00:00", "2017-12-20T03:24:45+00:00", "2017-12-20T03:27:35+00:00", "2017-12-20T03:37:09+00:00", "2017-12-20T03:42:16+00:00", "2017-12-20T03:45:45+00:00", "2017-12-20T03:47:10+00:00", "2017-12-20T03:52:04+00:00", "2017-12-20T03:57:00+00:00", "2017-12-20T04:01:50+00:00", "2017-12-20T04:07:00+00:00", "2017-12-20T04:11:38+00:00", "2017-12-20T04:15:13+00:00", "2017-12-20T04:17:10+00:00", "2017-12-20T04:26:18+00:00", "2017-12-20T04:27:30+00:00", "2017-12-20T04:36:06+00:00", "2017-12-20T04:37:11+00:00", "2017-12-20T04:45:54+00:00", "2017-12-20T04:47:12+00:00", "2017-12-20T04:55:42+00:00", "2017-12-20T04:57:12+00:00", "2017-12-20T05:05:30+00:00", "2017-12-20T05:07:12+00:00", "2017-12-20T05:15:17+00:00", "2017-12-20T05:17:13+00:00", "2017-12-20T05:25:05+00:00", "2017-12-20T05:29:59+00:00", "2017-12-20T05:37:15+00:00", "2017-12-20T05:39:46+00:00", "2017-12-20T05:41:27+00:00", "2017-12-20T05:47:15+00:00", "2017-12-20T05:49:34+00:00", "2017-12-20T05:57:15+00:00", "2017-12-20T05:59:22+00:00", "2017-12-20T06:04:16+00:00", "2017-12-20T06:07:19+00:00", "2017-12-20T06:14:03+00:00", "2017-12-20T06:17:20+00:00", "2017-12-20T06:23:52+00:00", "2017-12-20T06:27:21+00:00", "2017-12-20T06:33:39+00:00", "2017-12-20T06:37:21+00:00", "2017-12-20T06:43:27+00:00", "2017-12-20T06:47:22+00:00", "2017-12-20T06:57:15+00:00", "2017-12-20T06:58:07+00:00", "2017-12-20T07:07:23+00:00", "2017-12-20T07:12:48+00:00", "2017-12-20T07:17:23+00:00", "2017-12-20T07:22:36+00:00", "2017-12-20T07:27:15+00:00", "2017-12-20T07:37:15+00:00", "2017-12-20T07:47:05+00:00", "2017-12-20T07:56:52+00:00", "2017-12-20T07:57:26+00:00", "2017-12-20T08:06:40+00:00", "2017-12-20T08:07:26+00:00", "2017-12-20T08:16:27+00:00", "2017-12-20T08:17:27+00:00", "2017-12-20T08:26:15+00:00", "2017-12-20T08:27:27+00:00", "2017-12-20T08:36:02+00:00", "2017-12-20T08:37:27+00:00", "2017-12-20T08:45:50+00:00", "2017-12-20T08:47:29+00:00", "2017-12-20T08:55:38+00:00", "2017-12-20T08:57:30+00:00", "2017-12-20T09:05:26+00:00", "2017-12-20T09:07:30+00:00", "2017-12-20T09:10:20+00:00", "2017-12-20T09:15:13+00:00", "2017-12-20T09:17:31+00:00", "2017-12-20T09:20:07+00:00", "2017-12-20T09:25:01+00:00", "2017-12-20T09:27:31+00:00", "2017-12-20T09:29:55+00:00", "2017-12-20T09:34:48+00:00", "2017-12-20T09:37:32+00:00", "2017-12-20T09:39:42+00:00", "2017-12-20T09:44:36+00:00", "2017-12-20T09:47:33+00:00", "2017-12-20T09:49:30+00:00", "2017-12-20T09:54:24+00:00", "2017-12-20T09:57:33+00:00", "2017-12-20T09:59:17+00:00", "2017-12-20T10:04:12+00:00", "2017-12-20T10:07:33+00:00", "2017-12-20T10:13:59+00:00", "2017-12-20T10:17:33+00:00", "2017-12-20T10:23:47+00:00", "2017-12-20T10:27:34+00:00", "2017-12-20T10:33:34+00:00", "2017-12-20T10:37:35+00:00", "2017-12-20T10:43:21+00:00", "2017-12-20T10:47:35+00:00", "2017-12-20T10:53:09+00:00", "2017-12-20T10:57:36+00:00", "2017-12-20T11:02:57+00:00", "2017-12-20T11:07:37+00:00", "2017-12-20T11:12:45+00:00", "2017-12-20T11:17:37+00:00", "2017-12-20T11:22:32+00:00", "2017-12-20T11:27:38+00:00", "2017-12-20T11:47:01+00:00", "2017-12-20T11:57:45+00:00", "2017-12-20T12:06:35+00:00", "2017-12-20T12:11:29+00:00", "2017-12-20T12:18:01+00:00", "2017-12-20T12:28:02+00:00", "2017-12-20T12:38:00+00:00", "2017-12-20T12:48:00+00:00", "2017-12-20T12:58:00+00:00", "2017-12-20T13:08:00+00:00", "2017-12-20T13:15:09+00:00", "2017-12-20T13:24:57+00:00", "2017-12-20T13:29:51+00:00", "2017-12-20T13:39:38+00:00", "2017-12-20T13:47:45+00:00", "2017-12-20T13:49:26+00:00", "2017-12-20T13:59:13+00:00", "2017-12-20T14:08:00+00:00", "2017-12-20T14:09:01+00:00", "2017-12-20T14:18:08+00:00", "2017-12-20T14:28:00+00:00", "2017-12-20T14:28:36+00:00", "2017-12-20T14:38:09+00:00", "2017-12-20T14:43:17+00:00", "2017-12-20T14:48:09+00:00", "2017-12-20T14:53:04+00:00", "2017-12-20T14:57:58+00:00", "2017-12-20T15:02:52+00:00", "2017-12-20T15:07:45+00:00", "2017-12-20T15:17:33+00:00", "2017-12-20T15:18:10+00:00", "2017-12-20T15:27:21+00:00", "2017-12-20T15:28:11+00:00", "2017-12-20T15:37:08+00:00", "2017-12-20T15:38:11+00:00", "2017-12-20T15:46:55+00:00", "2017-12-20T15:48:12+00:00", "2017-12-20T15:56:43+00:00", "2017-12-20T15:58:12+00:00", "2017-12-20T16:08:00+00:00", "2017-12-20T16:16:19+00:00", "2017-12-20T17:09:45+00:00", "2017-12-20T17:21:00+00:00", "2017-12-20T17:31:00+00:00", "2017-12-20T18:39:00+00:00"], "elevations": [-1.7, -1.0, -2.0, -4.2, -2.0, -2.0, -1.1, -1.9, -1.0, -0.8, 0.0, 0.0, 0.7, 2.0, 0.0, -1.6, -3.0, -3.4, -3.5, -4.9, -4.0, -5.8, -4.0, -4.0, -3.4, -3.3, -1.7, -1.0, 0.3, -0.7, -5.8, -4.0, -4.0, -4.0, -3.9, -3.0, -2.9, -2.0, -3.2, -3.0, -3.4, -2.0, -4.0, -5.4, -5.0, -5.0, -5.9, -6.0, -6.0, -6.9, -6.0, -6.0, -6.9, -7.0, -5.0, -5.9, -6.0, -5.0, -5.4, -5.0, -6.0, -7.4, -2.0, 1.0, -7.4, -1.0, -4.0, -5.9, -8.0, -7.0, -7.4, -6.0, -6.0, -6.9, 0.0, 0.0, 0.2, 0.0, 0.0, -1.9, -0.6, 0.0, -1.4, 0.0, -1.7, -0.7, -1.7, -3.7, -9.0, -5.0, -5.0, -4.9, -4.0, -3.9, 0.0, -0.8, 0.0, -2.0, -1.4, -2.0, -2.0, -2.9, -2.0, -2.0, -1.9, -1.0, -4.0, -5.4, -4.0, -3.0, -3.9, -2.0, -4.0, -3.9, -4.0, -5.0, -3.8, -4.9, -4.9, -3.9, -4.5, -4.2, -4.9, -3.5, -3.0, -4.9, -6.4, -5.9, -6.9, -6.6, -5.3, -5.0, -5.4, -5.3, -3.8, -3.0, -5.9, -4.9, -4.0, -4.5, -3.4, -3.0, -3.0, -2.9, 0.5, 2.3, 2.0, 2.3, 2.3, -2.0, -1.0, 0.0, -1.0, -1.2, -1.0, -0.2, -1.0, -0.6, 0.0, 0.1, -1.0, -1.4, -1.0, 0.0, -0.8, 0.0, 0.0, -0.8, 0.0, 0.2, -0.3, 0.2, -2.0, -1.6, 0.7, 1.3, 0.1, 2.2, 2.0, 2.0, 2.7, 2.0, 2.2, 2.0, 2.2, 6.0, 12.2, 7.5, 0.3, 2.7, 6.4, 5.3, 6.4, 0.3, 2.0, 1.0, 1.1, -2.0, -2.6, -2.0, -3.2, -1.9, -0.9, 0.4, 0.2, -1.0, 2.2, 3.0, 3.7, 3.7, 2.7, 2.5, 2.7, 1.0, 0.2, 0.0, -1.4, 1.5, 4.2, 5.0, 4.7, 3.5, -0.8, -0.5, -1.4, -1.0, -1.4, -2.0, -2.9, -2.5, -2.9, -1.5, 0.3, 0.1, -1.7, -1.0, 0.0, 0.0, -1.2, 0.2, -0.8, 0.5, 0.0, 0.5, 0.0, 0.0, 0.4, 0.0, 0.2, 0.0, 0.0, -1.4, 0.0, 0.0, 3.7, 2.0, 3.0, 4.2, 6.0, 3.0, 2.8, 3.0, 2.2, 3.0, 3.0, 2.7, 2.0, -7.0, -7.9, -5.0, -6.0, -7.9, -7.0, -6.9, -7.5, -7.9, -7.5, -7.4, -7.0, -7.9, -7.5, -7.9, -7.5, -7.8, -5.3, -5.8, -3.7, -5.0, -3.9, -4.0, -1.9, -2.5, -9.0, -9.3, -10.0, -9.9, -13.0, -13.3, -12.0, -11.7, -9.0, -7.9, -6.5, -6.0, -2.9, -1.0, -1.2, -1.0, -3.2, -6.0, -4.9, -3.9, -3.6, -4.0, -3.0, -5.4, -4.5, -0.9, -0.6, -1.0, -1.4, -0.5, -4.9, -2.5, -3.4, -4.0, -3.9, -4.0, -3.9, -3.5, -3.4, -3.0, -3.4, -3.1, -7.0, -5.4, -5.0, -5.8, -6.0, -6.0, -6.0, -6.3, -5.0, -4.9, -4.0, -4.9, -8.0, -8.6, -9.8, -9.9, -7.4, -3.1, -3.1, -1.5, -1.6, -5.9, -4.5, -1.8, 1.0, 0.7, 1.0, 0.2, 0.0, -2.4, -2.0, -4.4, -4.0, -4.9, -3.5, -3.9, -3.0, -3.4, -2.0, -1.0, -1.9, -2.0, -5.2, -2.9, -3.9, -5.4, -5.9, -6.6, -6.0, -6.9, -6.5, -9.4, -9.9, -11.5, -11.3, -10.7, -6.8, -7.8, -8.4, -10.0, -9.4, -8.5, -7.9, -7.0, -5.9, -5.0, -6.0, -5.9, -6.0, -7.6, -9.9, -10.0, -8.4, -6.5, -3.4, -3.0, -0.8, -1.0, -1.0, -3.4, -4.0, -2.0, -3.9, -4.0, -7.0, -8.9, -8.0, -8.0, -6.9, -6.5, -5.9, -5.9, -5.0, -7.4, -7.5, -7.4, -3.0, -4.9, -5.0, -8.9, -9.4, -9.3, -9.2, -6.9, -7.5, -9.8, -9.0, -5.0, -4.0, -4.9, -5.0, -5.3, -7.0, -7.6, -9.0, -9.3, -9.0, -8.3, -7.0, -7.3, -7.0, -6.3, -4.0, -3.6, -3.0, -3.6, -3.0, -3.4, -3.0, -4.0, -3.9, -5.5, -7.4, -7.0, -7.4, -7.0, -7.4, -7.5, -8.9, -8.5, -9.9, -10.0, -11.9, -10.5, -7.9, -7.5, -4.9, -4.5, -5.8, -6.0, -5.8, -5.8, -4.0, -3.0, -3.2, -2.0, -2.2, -2.0, -2.6, -4.0, -4.9, -6.0, -6.6, -4.0, -4.6, -4.0, -4.6, -4.0, -4.9, -4.0, -5.3, -9.0, -8.9, -9.0, -8.9, -8.0, -7.9, -8.0, -7.4, -7.0, -5.4, -7.0, -6.9, -5.5, -5.9, -5.5, -3.9, -6.5, -9.4, -8.0, -13.4, -11.0, -11.4, -8.5, -6.9, -5.5, -5.4, -5.0, -5.0, -4.9, -5.0, -5.3, -6.0, -5.9, -7.0, -7.9, -8.0, -8.3, -8.0, -7.3, -7.0, -7.6, -8.0, -7.3, -6.0, -7.3, -7.0, -7.6, -8.0, -9.4, -9.0, -9.4, -9.0, -9.4, -8.5, -8.9, -4.0, -2.0, -2.9, -4.0, -5.4, -6.0, -8.3, -8.9, -8.7, -5.4, -7.0, -8.9, -6.0, -9.4, -8.5, -7.4, -7.0, -10.9, -9.5, -9.4, -9.0, -8.9, -9.8, -8.4, -6.9, -3.6, -4.7, -4.4, -3.9, -3.4, -4.7, -5.3, -5.9, -3.6, -4.4, -4.0, -5.4, -10.6, -12.0, -12.6, -11.9, -11.4, -10.5, -10.9, -11.0, -10.0, -10.9, -11.0, -10.0, -10.9, -7.4, -6.0, -5.4, -4.2, -4.0, -4.9, -4.0, -4.9, -4.0, -9.4, -9.0, -8.9, -8.0, -7.8, -8.0, -11.8, -10.7, -9.8, -9.8, -15.0, -12.0, -11.6, -11.0, -10.6, -10.0, -9.6, -9.0, -8.9, -8.0, -7.6, -7.0, -7.4, -7.0, -8.4, -9.3, -9.0, -10.9, -11.5, -13.2, -10.7, -7.4, -8.0, -8.9, -8.9, -9.4, -8.6, -9.9, -11.0, -9.4, -11.5, -11.9, -11.0, -11.4, -9.5, -9.4, -8.0, -7.4, -8.0, -8.9, -8.0, -10.9, -10.0, -10.9, -8.0, -7.4, -7.0, -7.0, -10.0, -8.3, -7.4, -7.0, 0.2, 0.0, -0.8, -0.5, -1.4, -1.5, -1.0, -0.8, -1.0, -1.4, -1.5, -2.9, -2.0, -2.9, -3.5, -5.4, -5.0, -5.4, -5.0, -9.4, -6.6, -5.9, -5.3, -5.1, -6.0, -6.9, -7.0, -8.6, -8.9, -8.0, -6.9, -6.0, -7.4, -7.5, -8.0, -7.9, -10.4, -10.9, -11.0, -11.4, -11.5, -12.9, -9.5, -5.4, -4.9, -5.0, -5.4, -5.0, -5.4, -5.0, -5.4, -4.6, -3.5, -4.9, -4.3, -4.5, -3.9, -4.0, -4.9, -4.0, -4.0, -7.8, -7.8, -9.8, -7.5, -8.0, -6.0, -6.6, -6.9, -6.5, -4.4, -2.0, -1.4, -0.5, -0.8, -1.5, -1.4, -1.0, -1.4, -2.0, -3.4, -2.5, -1.9, -2.0, -2.9, -2.0, -2.6, -2.0, -2.9, -3.0, -2.0, -2.9, -2.0, -2.9, -2.5, -3.4, -3.5, -4.9, -4.0, -4.9, -3.0, -2.9, -3.0, -4.9, -4.0, -3.4, -2.0, -1.7, -1.7, -1.4, -4.0, -6.5, -7.4, -7.0, -7.9, -7.5, -7.4, -7.0, -6.9, -7.0, -6.4, -6.0, -7.4, -6.5, -1.9, -1.5, -3.4, -3.0, -2.9, -2.0, -3.4, -2.7, -2.9, -3.0, -2.9, -2.9, -4.0, -5.4, -5.5, -5.4, -4.5, -5.4, -5.0, -5.4, -5.0, -0.8, -2.0, -2.9, -2.0, -2.9, -3.5, -3.4, -3.0, -2.9, -2.0, -2.9, -2.5, 0.2, 0.5, 0.2, 0.0, 0.2, 0.5, 0.7, 1.0, 0.7, 1.0, 1.7, 1.5, 0.7, 0.0, 0.2, 0.0, -0.8, 0.0, -0.8, 0.0, -0.8, 0.0, 0.0, 0.1, 0.0, 0.2, 0.0, -1.4, -1.0, -1.4, -1.0, -1.4, 0.0, 0.7, 3.0, 4.2, 4.0, 4.2, 3.7, -2.4, 0.0, 0.4, 0.7, 0.1, -1.2, -2.7, -2.9, -1.2, -0.5, 0.0, 0.1, 0.3, -3.7, -3.7, -5.0, -2.7, -3.7, -3.7, -5.8, -3.7, -5.8, -5.8, -3.7, -5.8, -5.8, -3.7, -5.8, -3.7, -2.0, -1.0, -3.0, -9.4, -8.0, -6.8, -6.7, -6.0, -5.9, -6.0, -5.9, -6.0, -6.9, -7.5, -8.9, -8.0, -5.4, -4.5, -3.4, -2.5, -3.4, -3.5, -4.9, -4.5, -5.4, -5.5, -5.9, -6.4, -7.0, -6.3, -5.9, -5.5, -5.0, -5.6, -5.0, -5.4, -5.5, -6.9, -6.5, -6.9, -6.5, -7.9, -8.0, -9.4, -8.5, -8.9, -8.0, -8.9, -8.0, -8.9, -8.0, -7.4, -7.5, -6.9, -6.3, -6.6, -5.0, -4.9, -4.0, -4.6, -4.0, -4.9, -4.0, -5.4, -5.0, -5.0, -4.9, -3.0, -4.0, -4.9, -6.0, -5.0, -6.9, -7.0, -7.0, -6.9, -7.5, -8.9, -7.5, -7.9, -7.5, -7.4, -6.6, -6.3, -2.9, -6.8, -6.6, -7.5, -6.9, -6.5, -6.9, -7.0, -6.9, -7.0, -7.4, -7.0, -6.9, -7.0, -8.9, -8.5, -9.0, -5.0, -5.3, -5.0, -5.9, -6.0, -5.9, -5.0, -5.3, -5.0, -4.9, -4.0, -4.6, -3.0, -4.3, -3.0, -4.6, -4.0, -5.4, -5.0, -4.0, -9.4, -7.0, -5.0, -5.4, -4.0, -5.0, -6.9, -6.0, -5.9, -5.5, -4.9, -3.0, 2.2, -3.0, -2.9, -6.0, -9.4, -8.5, -9.4, -10.0, -4.9, -6.5, -7.4, -8.5, -9.8, -7.0, -7.0, -5.0, -4.9, -6.0, -6.6, -6.0, -5.9, -6.0, -6.9, -8.0, -8.9, -10.0, -9.9, -9.0, -9.3, -8.0, -8.6, -8.0, -8.6, -7.0, -7.4, -6.0, -7.0, -6.9, -6.0, -6.9, -6.0, -7.4, -6.5, -5.4, -5.0, -7.4, -4.0, -7.4, -8.0, -7.4, -7.5, -8.9, -7.0, -7.4, -5.0, -3.7, -3.7, -2.0, -4.0, -6.0, -4.6, -6.0, -4.9, -6.0, -6.9, -6.0, -6.9, -6.0, -6.9, -5.0, -4.2, -6.0, -5.3, -5.0, -5.4, -5.0, -6.0, -5.4, -6.9, -6.0, -5.9, -6.0, -7.0, -6.9, -7.0, -7.0, -8.9, -9.0, -8.9, -10.0, -11.4, -11.0, -11.4, -9.5, -7.4, -6.5, -7.4, -7.5, -6.9, -7.5, -9.8, -8.0, -9.8, -7.8, -7.0, -7.8, -7.0, -7.0, -8.0, -7.9, -8.0, -8.9, -10.0, -7.6, -8.0, -8.9, -7.0, -6.9, -4.6, -5.0, -5.4, -5.0, -5.4, -10.9, -9.4, -10.0, -9.9, -9.0, -8.9, -9.0, -9.4, -9.5, -9.4, -9.0, -9.4, -8.0, -6.9, -5.5, -5.0, -9.3, -7.0, -8.9, -7.5, -7.4, -6.5, -6.9, -6.0, -5.4, -6.5, -8.9, -8.5, -7.9, -8.0, -7.9, -7.0, -6.9, -5.5, -5.4, -5.0, -5.4, -5.0, -7.4, -6.6, -6.0, -6.4, -6.5, -8.0, -7.6, -7.4, -7.1, -6.9, -6.9, -7.4, -7.0, -6.9, -7.3, -7.1, -6.0, -4.9, -7.5, -6.9, -7.5, -11.9, -12.0, -12.9, -11.0, -9.9, -9.5, -7.4, -8.2, -8.0, -8.9, -8.5, -7.9, -8.0, -9.4, -9.0, -9.8, -10.2, -9.0, -10.9, -10.0, -9.0, -9.5, -9.0, -9.5, -9.9, -9.5, -9.0, -9.6, -10.0, -11.3, -10.0, -10.6, -10.0, -10.6, -10.0, -10.6, -10.0, -10.3, -8.0, -8.3, -7.0, -7.4, -7.0, -7.0, -7.5, -7.5, -7.0, -7.4, -7.5, -7.4, -6.4, -5.0, -6.9, -6.0, -7.4, -7.0, -6.9, -6.0, -5.4, -5.5, -5.5, -4.9, -5.0, -3.4, -4.9, -5.4, -5.5, -7.0, -7.3, -7.3, -6.9, -5.0, -2.9, -3.5, -5.9, -6.0, -6.9, -6.5, -7.4, -7.2, -6.9, -6.0, -6.9, -6.0, -7.4, -7.0, -8.9, -8.0, -8.9, -4.2, 0.2, -4.1, -4.0, -6.2, -5.6, -6.5, -6.5, -4.9, -5.6, -4.6, -3.4, -3.4, -3.2, -3.4, -2.7, -3.4, -3.0, -2.9, -3.0, -4.7, -3.7, -3.5, -3.4, -3.5, -3.4, -3.5, -3.4, -3.0, -3.4, -4.5, -6.9, -6.0, -5.4, -5.0, -5.4, -4.5, -9.4, -10.0, -10.9, -10.0, -9.9, -8.5, -6.9, -6.0, -7.4, -7.0, -7.4, -6.5, -6.9, -6.0, -5.4, -5.0, -5.4, -5.0, -5.4, -7.0, -9.0, -9.3, -9.0, -9.3, -9.0, -8.9, -7.0, -8.6, -8.0, -8.6, -7.0, -6.6, -5.0, -5.3, -5.0, -4.9, -4.0, -4.9, -4.0, -3.9, -4.0, -5.4, -5.5, -7.4, -6.5, -6.9, -6.0, -6.9, -4.6, -6.0, -6.9, -6.0, -2.9, -3.0, -4.9, -4.5, -5.4, -5.5, -6.9, -8.0, -7.9, -8.0, -5.9, -5.4, -3.5, -6.4, -5.5, -5.4, -5.0, -5.4, -5.0, -6.9, -6.0, -7.4, -6.0, -6.9, -6.0, -5.9, -5.5, -5.4, -5.5, -5.4, -5.5, -5.4, -5.5, -5.4, -5.0, -4.9, -5.5, -7.4, -6.5, -7.0, -6.0, -8.2, -7.6, -7.5, -6.9, -7.6, -6.0, -7.4, -7.0, -7.0, -7.3, -8.0, -4.9, -5.0, -5.0, -8.3, -8.0, -9.4, -9.0, -9.9, -9.5, -10.0, -9.4, -9.0, -9.0, -8.9, -8.0, -9.0, -9.9, -8.0, -9.0, -7.9, -2.0, -1.0, -2.7, -3.0, -8.2, -6.7, -9.0, -9.4, -9.0, -9.8, -9.0, -9.0, -9.4, -8.5, -9.8, -8.7, -9.8, -9.8, -8.7, -8.9, -7.7, -7.9, -7.3, -7.0, -3.9, -3.7, -7.0, -7.4, -6.4, -6.9, -6.0, -7.5, -7.3, -5.0, -7.4, -7.0, -7.4, -7.5, -8.5, -7.9, -8.0, -8.6, -7.9, -8.8, -9.9, -9.5, -8.0, -7.0, -6.9, -6.0, -6.0, -6.9, -6.0, -5.0, -6.9, -6.2, -5.0, -5.4, -6.5, -7.4, -8.5, -7.9, -9.0, -10.9, -10.0, -9.9, -9.5, -9.4, -8.0, -9.4, -12.0, -11.9, -11.0, -10.9, -10.0, -9.4, -9.0, -9.4, -8.5, -8.9, -8.0, -8.9, -8.0, -7.4, -7.0, -6.4, -5.0, -5.4, -5.5, -5.9, -5.5, -6.9, -6.6, -6.0, -7.4, -6.0, -5.9, -5.5, -5.4, -5.5, -5.4, -6.0, -6.9, -7.5, -7.4, -6.5, -7.4, -6.0, -7.0, -7.4, -7.0, -8.0, -7.3, -8.0, -7.4, -7.0, -8.9, -7.5, -6.9, -6.0, -5.4, -5.9, -5.4, -6.0, -6.4, -6.0, -6.9, -5.5, -4.9, -4.5, -4.9, -4.0, -8.9, -5.4, -5.0, -5.4, -5.5, -6.9, -7.5, -6.9, -9.4, -7.4, -7.3, -7.4, -8.5, -7.9, -8.0, -8.9, -8.0, -7.9, -8.0, -8.9, -8.0, -5.9, -5.0, -3.4, -4.5, -4.9, -3.5, -3.9, -2.0, 0.2, -0.3, -0.8, -2.0, -3.4, -3.5, -4.9, -4.0, -5.4, -4.9, -5.3, -5.4, -5.0, -4.9, -5.4, -5.4, -4.5, -4.9, -5.0, -4.4, -3.0, -4.9, -3.9, -5.5, -6.0, -4.9, -3.0, -1.6, -5.0, -6.3, -7.0, -7.3, -7.0, -7.4, -7.0, -7.0, -6.9, -7.0, -6.0, -8.9, -7.0, -8.0, -7.9, -8.0, -8.0, -7.6, -7.2, -5.4, -5.5, -4.9, -4.9, -4.3, -4.6, -4.0, -5.4, -3.0, -7.8, -7.8, -8.0, -7.0, -7.0, -6.3, -6.0, -8.9, -10.0, -9.3, -6.0, -5.9, -4.0, -4.6, -6.0, -5.6, -5.0, -2.9, -3.0, -5.0, -5.4, -3.0, -6.0, -5.4, -6.0, -6.0, -5.4, -4.0, -3.0, -4.9, -3.0, -3.0, -5.2, 0.0, -2.0, -1.4, -2.0, 0.0, -1.4, -2.0, -3.4, -2.0, -2.9, -1.5, -2.9, -4.5, -5.4, -4.5, -5.8, -5.8, -7.0, -7.0, -8.0, -9.3, -8.0, -8.6, -9.0, -9.3, -11.0, -10.9, -9.0, -8.3, -9.0, -9.3, -6.9, -8.9, -8.6, -8.0, -8.9, -5.0, -6.0, -6.9, -6.0, -7.0, -7.4, -5.3, -4.9, -7.4, -6.4, -5.4, -6.0, -7.4, -6.0, -7.0, -7.4, -5.0, -5.4, -5.0, -9.4, -7.5, -8.9, -7.9, -7.9, -6.0, -6.0, -5.9, -6.9, -6.0, -7.4, -6.5, -7.9, -6.5, -1.4, 0.0, -2.9, -2.9, -2.5, -3.9, -3.6, -3.0, -4.4, -4.6, -5.1, -3.6, -1.9, -2.9, -1.2, -5.9, -4.5, -4.4, -3.0, -2.4, -4.5, -0.3, -1.0, -0.8, -1.9, -3.9, -3.4, -4.5, -5.4, -5.4, -5.0, -3.9, -4.0, -4.0, -2.6, 0.0, -1.4, -1.0, -1.9, -3.0, -3.4, -2.5, -3.4, -2.5, -3.4, -2.5, -5.4, -4.0, -5.4, -4.5, -5.4, -5.5, -4.9, -4.5, -5.9, -7.0, -5.0, -7.3, -6.0, -6.6, -4.9, -5.5, -6.4, -6.5, -4.4, -4.5, -4.4, -4.0, -5.4, -5.5, -6.4, -6.0, -7.4, -6.0, -6.0, -5.3, -4.0, -6.6, -4.0, -6.9, -4.0, -4.9, -4.0, -5.4, -6.5, -7.4, -6.0, -7.4, -6.0, -6.9, -5.9, -6.4, -4.0, -3.0, -7.4, -6.5, -5.4, -5.0, -8.9, -6.9, -6.9, -7.6, -5.5, -7.0, -7.4, -5.9, -6.0, -7.9, -7.0, -8.9, -8.0, -9.9, -8.0, -9.9, -8.5, -7.9, -5.1, -7.9, -7.9, -6.5, 0.0, -2.9, -4.0, -3.0, -8.9, -5.4, -5.6, -6.9, -7.4, -6.0, -5.0, -3.4, -4.0, -6.0, -4.5, -3.4, -2.6, -1.9, -6.3, -5.9, -5.0, -5.4, -5.0, -4.9, -5.6, -5.4, -6.4, -6.5, -6.0, -6.9, -6.7, -7.8, -6.7, -5.8, 0.3, 0.5, 0.7, 0.0, 0.0, -0.6, -1.0, -1.6, -2.0, -1.6, -1.0, -3.9, -5.0, -3.2, -3.0, -2.9, -3.0, -4.6, -2.0, -3.4, -3.4, -2.6, -3.4, -4.0, -4.0, -4.9, -3.0, -3.0, -5.4, -4.0, -4.0, -3.9, -5.0, -3.0, -2.9, -2.0, -1.0, -1.9, -1.5, -3.4, -2.0, -3.7, -3.5, -3.0, -1.9, -2.0, -1.7, -1.7, -3.7, -3.0, -3.7, -1.7, -2.0, -2.0, -0.8, -0.5, -1.4, -1.5, -5.4, -5.0, -5.4, -5.5, -5.0, -5.9, -6.0, -4.3, -3.0, -4.9, -5.0, -4.0, -4.9, -5.0, -6.0, -5.4, -4.0, -5.0, -5.4, -4.5, -5.9, -3.5, -3.4, -4.0, -3.4, -2.5, -2.9, -2.5, -3.4, -3.5, -3.9, -3.5, -3.4, -3.5, -2.9, -1.5, -1.4, 0.0, 0.2, -0.5, -1.4, -0.5, -1.4, -1.5, -2.9, -3.0, -0.8, -2.0, -3.4, -2.5, -1.4, -0.5, -2.4, -2.0, -3.4, -3.0, -3.4, -3.0, -3.9, -3.5, -4.0, -3.9, -3.0, -4.0, -3.6, -4.0, -3.2, -4.0, -1.6, -1.9, -0.5, -2.0, -2.6, -2.4, -0.3, -1.4, -0.5, 0.2, -2.5, -2.9, -2.5, -1.4, -2.5, -1.4, -0.6, -2.0, 0.2, 0.0, -1.4, -1.0, 0.0, 0.0, 0.0, -0.6, 0.0, -0.6, -0.8, -0.3, -0.5, -1.0, -1.2, 0.0, -0.2, -3.0, 0.7, 0.7, 0.8, 2.1, 1.4, -2.9, -4.0, -4.0, -4.9, -3.4, -4.9, -4.5, -3.4, -3.0, -3.9, -2.5, -8.0, -6.2, -3.5, 0.2, -0.6, 1.0, 0.7, 1.0, 1.0, 0.4, -0.8, 0.7, 1.0, 2.0, 2.7, 3.5, 4.2, 0.5, -0.8, -0.5, -1.4, -1.5, -1.4, -0.5, -0.8, -0.5, -1.7, -1.3, -5.8, -3.4, -2.0, -4.9, -2.5, -3.7, -2.0, -3.0, -4.0, -4.6, -5.0, -5.3, -4.0, -5.3, -4.0, -4.6, -4.0, -2.1, -2.0, -1.9, -2.0, -5.0, -4.9, -5.0, -4.9, -6.0, -5.0, -4.9, 0.0, -1.0, -2.1, -1.5, -2.0, -3.9, -3.0, -4.9, -3.0, -3.4, -2.5, -3.4, -3.5, -3.4, -2.0, -3.4, -2.5, -1.4, -1.5, -2.9, -2.0, -3.9, -4.0, -5.4, -5.5, -5.9, -6.0, -5.4, -2.6, -4.5, -3.9, -4.0, -5.4, -4.5, -4.9, -4.0, -3.9, -5.1, -5.4, -2.3, -0.6, -1.1, -1.2, -1.0, -2.9, -3.0, -4.0, -4.9, -5.0, -5.0, -5.4, -6.0, -6.0, -5.4, -1.0, -2.0, -1.4, -1.4, -0.5, 0.2, 0.5, 1.7, 2.4, 1.5, 2.0, 2.2, 2.0, 1.7, 0.4, 0.0, -0.8, -0.5, -2.9, -2.5, -3.4, -3.5, -3.4, -3.0, -4.9, -4.0, -3.9, -3.5, -2.9, 1.0, 4.2, 3.5, 1.7, 1.5, -1.4, -2.0, -3.9, -2.0, -0.8, -1.0, -1.4, -1.0, -1.4, -1.0, -1.4, 0.0, -0.8, -0.5, 0.2, -1.4, -1.0, -1.4, -1.0, -1.9, -4.0, -3.9, -3.0, -3.9, -1.5, 0.2, 0.0, 0.2, -0.7, -4.9, -3.5, -1.7, -1.7, -1.7, -1.0, -1.7, -1.7, 0.0, 0.0, 0.0, 0.1, 0.0, 0.2, 0.0, 0.0, 0.7, -2.0, -2.0, -2.9, -3.0, -4.0, -4.9, -4.0, -4.0, -4.9, -4.0, -4.0, -3.9, -4.0, -4.0, -3.4, -3.0, -2.0, -2.9, -2.0, -1.0, -1.4, -1.0, 0.0, -0.8, 0.0, 0.0, 0.2, 0.0, 0.0, 0.2, 0.0, 0.0, -0.8, 0.0, 0.2, 0.0, 0.2, -0.5, -1.7, -0.7, 0.3, 0.0, 0.7, 0.0, 0.7, 1.5, 0.3, -1.0, -2.0, -3.2, -3.0, -3.2, -3.0, -3.2, -1.0, -1.4, 0.0, 1.0, 0.7, 0.0, 0.0, 0.2, 0.0, 0.0, 0.2, 0.0, 0.0, -0.8, 0.0, 0.0, -1.4, -1.0, 0.2, -1.2, -1.0, -2.0, -1.4, -1.0, -2.0, -2.6, -2.0, -2.9, -2.0, -2.0, -3.4, 0.0, -1.0, -1.4, 2.0, 0.0, 0.7, 0.0, 0.2, 0.0, 0.2, 0.0, 0.2, 0.0, 1.7, 1.0, 0.7, 0.5, 0.2, 0.0, 0.2, 0.0, 0.2, 0.0, 0.2, 0.7, 1.5, 1.7, 2.0, 2.2, 3.5, 2.2, 2.5, 2.7, 3.5, 4.2, 2.5, 2.7, 4.0, 4.7, 3.5, 2.7, 3.0, 2.7, 1.5, -0.8, -1.0, -1.4, -1.0, -1.4, -1.0, -1.4, -0.5, 0.2, -0.5, -1.4, -1.0, 0.2, 0.0, 0.7, 1.0, 2.2, 2.0, 2.7, 3.0, 2.7, 3.0, 4.2, 3.5, 3.5, 4.2, 4.0, 4.1, 4.0, 4.1, 3.0, 3.5, 3.0, 1.8, 0.0, -0.2, 0.0, -0.6, 0.0, 0.1, 0.0, -0.6, -1.0, -3.9, -1.0, -2.6, -3.0, -3.2, -2.0, -3.4, -2.5, -2.9, -2.0, -2.9, -2.5, -3.4, -3.0, -4.9, -3.5, -2.9, -2.5, -2.9, -2.0, -3.4, -3.0, -3.7, -2.0, -2.0, -2.6, -2.0, -2.2, -2.9, -1.0, -1.4, -2.0, -3.2, -3.4, -3.0, -2.9, -2.0, -0.6, -3.0, -1.9, -1.0, -1.5, -1.5, -2.9, -2.5, -3.4, -2.5, -2.9, -1.5, -1.4, -1.2, -2.0, -3.2, -3.0, -0.8, -0.5, -2.9, -1.5, -1.4, -1.0, -1.4, -0.5, -1.7, 0.1, -0.9, 0.7, -0.3, 0.0, 0.2, -0.8, 0.0, -1.4, -0.6, 0.0, -1.4, -1.3, -1.4, -1.0, -1.4, -2.0, -2.9, -2.5, -3.4, -2.4, -3.4, -3.0, -2.9, -1.5, -2.1, -3.3, -3.0, -3.4, -3.4, -3.7, -4.6, -3.4, -3.0, -3.4, -2.0, -1.9, -1.0, -1.4, -1.3, -2.9, -3.9, -3.9, -4.9, -4.0, -3.4, -2.5, -3.4, -2.5, -4.4, -4.0, -5.0, -6.9, -4.0, -3.2, -2.0, -1.6, 0.0, -0.6, 0.0, -0.6, 0.0, -0.9, 0.0, -0.9, -1.0, -1.2, -1.4, -1.5, -1.9, 0.2, 0.0, 0.2, 0.0, 0.2, 0.0, 0.7, 1.5, 2.7, 3.0, 4.2, 4.0, 2.7, 2.5, 0.7, -2.0, -3.4, -3.0, -3.4, -3.0, -3.4, -3.0, -3.9, -3.0, -1.9, -1.5, -0.8, -1.3, -3.4, -2.5, -2.9, -2.0, -2.9, -1.5, -1.4, -1.5, -1.4, -2.0, -3.4, -3.0, -3.4, -4.5, -5.4, -4.5, -4.9, -4.5, -3.4, -4.0, -3.4, -3.0, -4.9, -4.5, -4.9, -4.0, -2.9, -3.0, -3.4, -4.5, -6.9, -6.0, -5.9, -2.0, -0.8, -0.5, -1.4, -1.5, -2.9, -2.5, -3.4, -2.5, -2.9, -2.0, -2.9, -1.0, -2.9, -2.0, -2.6, -2.0, -1.6, -2.0, -3.4, -4.4, -3.9, -2.4, -3.0, -4.0, -4.9, -2.5, -5.4, -6.0, 0.2, -2.0, -2.9, -3.0, -0.8, 0.1, -2.4, -3.0, -2.9, -3.0, -4.9, -4.5, -4.9, -2.0, 0.2, 1.0, 0.5, -1.3, -3.4, -4.1, -3.0, -2.9, -5.0, -5.4, -5.0, -5.4, -4.0, -4.0, -3.4, -3.0, -3.0, -3.9, -4.0, -2.9, -2.1, -1.5, -2.0, -1.4, -0.6, -2.2, -1.0, 0.2, 0.0, 0.0, -3.9, -3.0, -2.0, 0.3, -1.2, -2.9, -1.9, -1.0, -1.4, -1.0, -1.4, -0.5, -1.7, -0.8, 0.0, 0.2, 1.0, 0.7, 1.0, 2.2, 2.0, 0.2, 0.0, 1.0, 0.1, 0.0, -0.5, -0.7, 0.2, 0.0, 0.2, 0.0, 0.2, 0.0, -1.2, 0.0, -1.4, -1.0, -4.0, -3.4, -3.0, -3.0, -3.4, -3.0, -4.9, -4.0, -3.0, -0.9, 0.0, 0.2, -0.5, -1.4, -1.0, -1.4, -1.0, -1.4, -2.0, -3.2, -3.0, -2.9, -3.0, -3.4, -2.5, -2.9, -2.0, -2.9, -2.0, -1.9, -1.5, -1.4, -1.5, -2.9, -2.5, -3.4, -3.9, -3.9, -2.0, -4.4, -2.9, -3.0, -4.9, -4.0, -4.9, -4.5, -5.0, -5.3, -4.0, -4.6, -4.0, -4.9, -4.0, -4.9, -2.0, -3.4, -3.0, -2.1, -0.9, 0.0, -1.4, -2.5, -3.4, -3.4, -4.2, -3.6, -2.9, -2.7, -1.4, -1.0, -3.4, -1.9, -1.5, -0.8, -1.0, -2.9, -2.5, 0.2, -3.5, -3.0, -3.9, -4.0, -5.4, -3.0, -3.4, -2.0, -3.4, -4.0, -4.9, -6.0, -6.9, -6.0, -6.0, -5.9, -3.5, -3.4, -4.9, -3.5, -3.9, -3.5, -2.0, -1.6, -3.0, -3.2, -4.0, -4.6, -4.0, -3.2, -3.0, -3.2, -3.9, -2.0, 2.8, 3.0, 0.7, 0.5, -1.7, -1.7, -1.0, -2.0, -2.9, -4.0, -4.3, -3.0, -2.2, -3.0, -2.9, -4.0, -3.2, -4.0, -4.6, -3.0, -2.9, -1.0, 0.7, 0.0, 0.0, 0.2, 0.0, 0.0, 0.2, 0.0, 0.0, 0.2, 0.0, -3.0, -2.9, -2.0, -2.0, -2.9, -3.0, -2.0, -2.9, -2.0, -2.9, -1.0, 0.7, 0.0, 0.7, -0.5, -1.9, -2.0, -1.9, -1.5, -1.9, -2.0, -1.4, -1.3, -1.9, -1.7, -1.2, -2.6, -3.0, -4.6, -4.7, -5.3, -5.4, -5.2, -2.2, -2.6, -5.1, -6.6, -4.3, -1.4, -0.9, -1.5, -1.9, -1.3, -2.6, -2.9, -3.0, -3.4, -3.5, -3.4, -3.0, -2.0, -2.0, -2.0, -3.0, -2.6, -3.0, -2.2, -1.0, 0.4, -5.0, -2.6, 3.0, 2.4, 0.2, -0.3, -1.0, -8.9, -6.1, -3.2]}