{"type": "Feature", "properties": {"leg_id": 81, "name": "20250528 - Rapa Iti to Tahiti", "stated_nm": 707.5, "computed_nm": 707.5}, "geometry": {"type": "LineString", "coordinates": [[-144.334049, -27.613529], [-144.328213, -27.613042], [-144.326087, -27.613105], [-144.321864, -27.613474], [-144.320727, -27.613353], [-144.316763, -27.61176], [-144.314329, -27.611384], [-144.31057, -27.611628], [-144.307348, -27.611986], [-144.304525, -27.614204], [-144.30291, -27.615851], [-144.299683, -27.616211], [-144.296173, -27.615183], [-144.293018, -27.614217], [-144.291062, -27.613642], [-144.287368, -27.61259], [-144.284088, -27.611604], [-144.281395, -27.610782], [-144.278554, -27.609925], [-144.275981, -27.608382], [-144.277519, -27.605733], [-144.279087, -27.603558], [-144.280295, -27.601409], [-144.281953, -27.598189], [-144.28424, -27.595117], [-144.286438, -27.592023], [-144.287748, -27.590385], [-144.290588, -27.587382], [-144.29302, -27.584456], [-144.294953, -27.581466], [-144.296509, -27.579153], [-144.298477, -27.576059], [-144.300194, -27.573234], [-144.302393, -27.570634], [-144.304275, -27.567853], [-144.306497, -27.56504], [-144.308631, -27.562375], [-144.310868, -27.559763], [-144.312556, -27.557334], [-144.314091, -27.555135], [-144.316016, -27.552126], [-144.317586, -27.549413], [-144.319728, -27.546219], [-144.320862, -27.543683], [-144.322541, -27.540843], [-144.324504, -27.537791], [-144.326604, -27.534508], [-144.328669, -27.531883], [-144.33068, -27.528841], [-144.331848, -27.525677], [-144.333413, -27.522308], [-144.334267, -27.520278], [-144.335625, -27.516851], [-144.337133, -27.514309], [-144.338486, -27.511072], [-144.339436, -27.508854], [-144.341102, -27.505401], [-144.34226, -27.502354], [-144.343629, -27.498807], [-144.344528, -27.496637], [-144.345924, -27.493089], [-144.346797, -27.490082], [-144.348278, -27.486679], [-144.349179, -27.484468], [-144.3506, -27.480968], [-144.351954, -27.478007], [-144.353643, -27.47467], [-144.354705, -27.473082], [-144.35636, -27.470168], [-144.357793, -27.467036], [-144.359558, -27.463519], [-144.360801, -27.461306], [-144.362519, -27.458215], [-144.364121, -27.455346], [-144.365351, -27.452033], [-144.365821, -27.449954], [-144.366461, -27.44644], [-144.366847, -27.443064], [-144.367032, -27.439879], [-144.367214, -27.437862], [-144.367533, -27.434022], [-144.36817, -27.430677], [-144.369828, -27.428241], [-144.370631, -27.426045], [-144.371567, -27.422961], [-144.372549, -27.419724], [-144.373455, -27.416065], [-144.374188, -27.413736], [-144.375694, -27.410298], [-144.376618, -27.406964], [-144.378153, -27.40338], [-144.379203, -27.401215], [-144.380386, -27.397404], [-144.381749, -27.39428], [-144.383354, -27.390941], [-144.384381, -27.388748], [-144.385964, -27.385205], [-144.387538, -27.38216], [-144.389097, -27.378611], [-144.390045, -27.376377], [-144.391495, -27.372808], [-144.392935, -27.369731], [-144.394809, -27.366489], [-144.395687, -27.364355], [-144.39727, -27.361011], [-144.398706, -27.358005], [-144.399416, -27.354371], [-144.400242, -27.352095], [-144.402512, -27.348688], [-144.404866, -27.346087], [-144.407081, -27.342904], [-144.408141, -27.340732], [-144.410126, -27.33726], [-144.411479, -27.334169], [-144.413168, -27.33059], [-144.413844, -27.32883], [-144.414772, -27.325778], [-144.415914, -27.322466], [-144.417144, -27.31933], [-144.418768, -27.317146], [-144.420853, -27.313941], [-144.422898, -27.31102], [-144.424739, -27.307986], [-144.426343, -27.305039], [-144.427627, -27.302898], [-144.429504, -27.299628], [-144.430916, -27.296876], [-144.432717, -27.294232], [-144.434338, -27.291839], [-144.435634, -27.289631], [-144.437905, -27.286443], [-144.440379, -27.283553], [-144.44262, -27.280508], [-144.443971, -27.278699], [-144.446121, -27.275544], [-144.448324, -27.272449], [-144.4506, -27.269411], [-144.452283, -27.267065], [-144.453308, -27.264683], [-144.454712, -27.261223], [-144.456142, -27.257733], [-144.458123, -27.254454], [-144.459354, -27.252529], [-144.461212, -27.249079], [-144.462761, -27.24634], [-144.464051, -27.243553], [-144.465847, -27.240364], [-144.466965, -27.238588], [-144.469132, -27.23562], [-144.471099, -27.233162], [-144.473548, -27.230859], [-144.476029, -27.228073], [-144.477422, -27.226418], [-144.479445, -27.223574], [-144.481857, -27.220548], [-144.484436, -27.21744], [-144.486219, -27.215114], [-144.487722, -27.212832], [-144.490258, -27.209627], [-144.492432, -27.207221], [-144.49456, -27.204724], [-144.496184, -27.202328], [-144.497701, -27.200206], [-144.499977, -27.197303], [-144.501976, -27.194902], [-144.504491, -27.191917], [-144.506214, -27.190035], [-144.508555, -27.187297], [-144.510917, -27.184126], [-144.513616, -27.1813], [-144.516083, -27.178676], [-144.517608, -27.176792], [-144.519745, -27.173557], [-144.522084, -27.170717], [-144.524677, -27.167711], [-144.525843, -27.166109], [-144.528068, -27.163337], [-144.530137, -27.160357], [-144.531997, -27.157248], [-144.533276, -27.154914], [-144.534495, -27.152824], [-144.536232, -27.149682], [-144.538116, -27.146433], [-144.539757, -27.14328], [-144.540786, -27.141362], [-144.541878, -27.138139], [-144.542634, -27.134727], [-144.543296, -27.131324], [-144.543982, -27.128664], [-144.544936, -27.125362], [-144.545784, -27.122101], [-144.54692, -27.11888], [-144.547834, -27.115883], [-144.548345, -27.113764], [-144.549347, -27.110075], [-144.550338, -27.106968], [-144.551533, -27.104083], [-144.552524, -27.101868], [-144.553726, -27.098322], [-144.554977, -27.095267], [-144.556028, -27.09162], [-144.556717, -27.089368], [-144.557807, -27.085733], [-144.558518, -27.082529], [-144.559261, -27.078952], [-144.559735, -27.076646], [-144.560776, -27.073125], [-144.562119, -27.070047], [-144.563459, -27.066426], [-144.564235, -27.064181], [-144.565444, -27.060633], [-144.566223, -27.057447], [-144.56703, -27.053733], [-144.567726, -27.051464], [-144.569252, -27.04788], [-144.570364, -27.044613], [-144.571581, -27.040875], [-144.572277, -27.038497], [-144.573265, -27.034669], [-144.574346, -27.031346], [-144.575647, -27.027608], [-144.576473, -27.025268], [-144.577705, -27.021518], [-144.578512, -27.018336], [-144.579243, -27.014814], [-144.579693, -27.012411], [-144.580498, -27.008668], [-144.581288, -27.005467], [-144.582086, -27.001701], [-144.582664, -26.999306], [-144.583488, -26.995433], [-144.584015, -26.992183], [-144.584836, -26.988456], [-144.585327, -26.986028], [-144.586158, -26.982236], [-144.586899, -26.978941], [-144.58785, -26.975229], [-144.588616, -26.973022], [-144.590012, -26.969368], [-144.591181, -26.96615], [-144.592314, -26.962604], [-144.593137, -26.960441], [-144.59443, -26.956919], [-144.595698, -26.953921], [-144.597167, -26.950663], [-144.597945, -26.948536], [-144.599244, -26.944964], [-144.599966, -26.941627], [-144.600876, -26.937841], [-144.601742, -26.935553], [-144.602989, -26.931928], [-144.604233, -26.928869], [-144.605707, -26.925474], [-144.606621, -26.923386], [-144.607849, -26.920148], [-144.609141, -26.917216], [-144.610684, -26.913921], [-144.611316, -26.911855], [-144.612289, -26.908427], [-144.613109, -26.905284], [-144.61446, -26.901765], [-144.615345, -26.899709], [-144.616868, -26.896344], [-144.61821, -26.893363], [-144.619772, -26.889853], [-144.620517, -26.887686], [-144.621513, -26.884248], [-144.622228, -26.881329], [-144.623246, -26.877956], [-144.623641, -26.875869], [-144.624654, -26.872119], [-144.625732, -26.86866], [-144.626394, -26.865811], [-144.627304, -26.863838], [-144.629313, -26.860929], [-144.631417, -26.858331], [-144.633298, -26.855748], [-144.634811, -26.853717], [-144.636872, -26.850134], [-144.638539, -26.847004], [-144.64046, -26.843727], [-144.641918, -26.84185], [-144.644408, -26.838839], [-144.646581, -26.836093], [-144.649196, -26.833098], [-144.650791, -26.831219], [-144.65313, -26.828077], [-144.655222, -26.825282], [-144.657518, -26.822227], [-144.658828, -26.820067], [-144.660865, -26.816475], [-144.662908, -26.813486], [-144.665179, -26.810298], [-144.66666, -26.808402], [-144.669128, -26.805523], [-144.670766, -26.802907], [-144.67292, -26.799997], [-144.674377, -26.798036], [-144.676574, -26.794696], [-144.678548, -26.791927], [-144.680734, -26.788801], [-144.682129, -26.786736], [-144.684219, -26.783171], [-144.685838, -26.780391], [-144.688009, -26.777326], [-144.689316, -26.775425], [-144.691223, -26.772378], [-144.693314, -26.769798], [-144.69561, -26.766736], [-144.696911, -26.76482], [-144.699036, -26.761857], [-144.701289, -26.759154], [-144.704052, -26.756209], [-144.705673, -26.754419], [-144.708199, -26.751446], [-144.710495, -26.748482], [-144.712708, -26.745509], [-144.714382, -26.743931], [-144.717011, -26.741425], [-144.719641, -26.738879], [-144.722382, -26.736275], [-144.724142, -26.734289], [-144.725724, -26.73275], [-144.728118, -26.730325], [-144.730387, -26.727552], [-144.73274, -26.724358], [-144.7345, -26.722631], [-144.737199, -26.719579], [-144.739329, -26.716653], [-144.741814, -26.71363], [-144.743446, -26.711839], [-144.74617, -26.709024], [-144.748565, -26.706534], [-144.751256, -26.703671], [-144.752803, -26.701872], [-144.755615, -26.699258], [-144.758189, -26.696741], [-144.760971, -26.693925], [-144.762729, -26.692006], [-144.765183, -26.688706], [-144.76739, -26.686087], [-144.769757, -26.683279], [-144.771243, -26.681362], [-144.773651, -26.678294], [-144.775773, -26.675493], [-144.777973, -26.67238], [-144.779399, -26.670884], [-144.782283, -26.668311], [-144.785024, -26.665369], [-144.787256, -26.662511], [-144.78875, -26.660673], [-144.791152, -26.657967], [-144.793142, -26.655433], [-144.795477, -26.652964], [-144.797149, -26.651384], [-144.799628, -26.648681], [-144.802027, -26.64589], [-144.804233, -26.642509], [-144.805691, -26.640578], [-144.808166, -26.637892], [-144.810064, -26.635606], [-144.812276, -26.632934], [-144.813751, -26.631237], [-144.816079, -26.6286], [-144.818187, -26.62637], [-144.820529, -26.623865], [-144.821857, -26.622139], [-144.82377, -26.619231], [-144.825323, -26.61641], [-144.82697, -26.613342], [-144.828099, -26.611297], [-144.829665, -26.607908], [-144.831029, -26.605131], [-144.832761, -26.60217], [-144.833622, -26.60029], [-144.835327, -26.59713], [-144.836492, -26.594286], [-144.837884, -26.591148], [-144.838841, -26.589044], [-144.840485, -26.585736], [-144.841827, -26.58302], [-144.843482, -26.579896], [-144.844399, -26.577762], [-144.845993, -26.574372], [-144.847432, -26.571805], [-144.848656, -26.568877], [-144.849419, -26.567111], [-144.850701, -26.563931], [-144.851623, -26.561075], [-144.852699, -26.557908], [-144.853201, -26.55623], [-144.853982, -26.552892], [-144.855016, -26.549672], [-144.856389, -26.546238], [-144.857197, -26.544112], [-144.858638, -26.540526], [-144.859787, -26.53732], [-144.861176, -26.534357], [-144.862569, -26.532032], [-144.864403, -26.528685], [-144.866181, -26.525665], [-144.867813, -26.522384], [-144.869187, -26.520131], [-144.870809, -26.517014], [-144.872352, -26.513961], [-144.874074, -26.511069], [-144.875366, -26.508456], [-144.876363, -26.506522], [-144.878194, -26.503229], [-144.879735, -26.499664], [-144.880896, -26.497015], [-144.88178, -26.495094], [-144.883611, -26.491958], [-144.885198, -26.48871], [-144.886237, -26.486179], [-144.887664, -26.483394], [-144.889272, -26.480095], [-144.890889, -26.476855], [-144.892069, -26.474948], [-144.893749, -26.471646], [-144.895513, -26.468352], [-144.897037, -26.465262], [-144.898121, -26.463598], [-144.89974, -26.45999], [-144.901326, -26.456977], [-144.902266, -26.454538], [-144.903041, -26.452484], [-144.904267, -26.449296], [-144.905335, -26.446054], [-144.906121, -26.443402], [-144.906234, -26.441368], [-144.907059, -26.437894], [-144.907959, -26.434773], [-144.908307, -26.432039], [-144.908581, -26.429877], [-144.909241, -26.426374], [-144.909943, -26.423361], [-144.910723, -26.420272], [-144.911293, -26.418318], [-144.91247, -26.414647], [-144.91362, -26.411475], [-144.914396, -26.408801], [-144.915187, -26.406139], [-144.916, -26.403072], [-144.917429, -26.400236], [-144.918532, -26.398453], [-144.92008, -26.395506], [-144.921423, -26.392708], [-144.922457, -26.389881], [-144.92324, -26.388321], [-144.924601, -26.385347], [-144.925435, -26.382445], [-144.926198, -26.380165], [-144.926992, -26.377964], [-144.927851, -26.375629], [-144.929063, -26.373702], [-144.929746, -26.3719], [-144.930644, -26.368984], [-144.931339, -26.366546], [-144.931843, -26.364999], [-144.932526, -26.362661], [-144.933315, -26.360674], [-144.933808, -26.358976], [-144.934514, -26.355793], [-144.935877, -26.353733], [-144.936655, -26.351947], [-144.93687, -26.349717], [-144.937506, -26.347059], [-144.938209, -26.344111], [-144.938511, -26.342179], [-144.939122, -26.338959], [-144.940074, -26.336816], [-144.940678, -26.33501], [-144.941464, -26.332542], [-144.942058, -26.329999], [-144.942778, -26.328147], [-144.94347, -26.326517], [-144.944138, -26.324154], [-144.945557, -26.322711], [-144.94728, -26.321495], [-144.949333, -26.319652], [-144.951441, -26.318395], [-144.95364, -26.316724], [-144.955841, -26.315486], [-144.957624, -26.314017], [-144.959839, -26.312071], [-144.961807, -26.310488], [-144.963628, -26.309306], [-144.965515, -26.307791], [-144.967946, -26.305693], [-144.969901, -26.303811], [-144.971691, -26.302315], [-144.974054, -26.301249], [-144.976332, -26.300527], [-144.978105, -26.299435], [-144.980056, -26.297108], [-144.981933, -26.294543], [-144.983211, -26.292562], [-144.985127, -26.290531], [-144.987157, -26.288268], [-144.988904, -26.285783], [-144.989948, -26.284353], [-144.991847, -26.281679], [-144.993739, -26.279759], [-144.99546, -26.277684], [-144.997113, -26.27661], [-144.999219, -26.275058], [-145.00096, -26.27358], [-145.00293, -26.271628], [-145.004771, -26.269783], [-145.006497, -26.268374], [-145.008019, -26.267124], [-145.009939, -26.265262], [-145.011673, -26.263163], [-145.012939, -26.261512], [-145.014596, -26.258847], [-145.015975, -26.256574], [-145.017347, -26.255076], [-145.020189, -26.250862], [-145.022004, -26.248006], [-145.023803, -26.245162], [-145.025217, -26.242987], [-145.027028, -26.24021], [-145.029351, -26.236663], [-145.031227, -26.233764], [-145.033096, -26.230869], [-145.034527, -26.228592], [-145.036295, -26.225715], [-145.03846, -26.222003], [-145.040092, -26.219104], [-145.041809, -26.216113], [-145.043182, -26.213781], [-145.044926, -26.210905], [-145.047119, -26.207231], [-145.048835, -26.204262], [-145.050582, -26.201293], [-145.051967, -26.199002], [-145.053619, -26.196115], [-145.055763, -26.192345], [-145.057473, -26.189288], [-145.059121, -26.186268], [-145.060412, -26.183888], [-145.062058, -26.180917], [-145.064139, -26.177067], [-145.065872, -26.174005], [-145.067634, -26.170896], [-145.069034, -26.168428], [-145.070765, -26.165401], [-145.073021, -26.161452], [-145.074897, -26.158207], [-145.076804, -26.154969], [-145.07832, -26.152452], [-145.080195, -26.149324], [-145.08271, -26.145173], [-145.084793, -26.141793], [-145.086945, -26.138379], [-145.088984, -26.135216], [-145.091309, -26.1316], [-145.093559, -26.12821], [-145.095833, -26.124812], [-145.098144, -26.121363], [-145.100326, -26.118172], [-145.102799, -26.114581], [-145.10514, -26.111161], [-145.107231, -26.107889], [-145.108467, -26.105056], [-145.109307, -26.102492], [-145.110329, -26.099383], [-145.111699, -26.095893], [-145.113358, -26.092295], [-145.114574, -26.089236], [-145.115932, -26.086145], [-145.117217, -26.082618], [-145.11851, -26.079182], [-145.119867, -26.075551], [-145.121052, -26.072373], [-145.122131, -26.06908], [-145.123362, -26.065944], [-145.124644, -26.062564], [-145.125661, -26.059728], [-145.126695, -26.056519], [-145.128088, -26.053285], [-145.129649, -26.049738], [-145.130956, -26.046786], [-145.132155, -26.043709], [-145.133392, -26.040442], [-145.134766, -26.036938], [-145.135269, -26.035252], [-145.136071, -26.032011], [-145.136917, -26.028724], [-145.138009, -26.025327], [-145.138723, -26.022927], [-145.139414, -26.019595], [-145.140397, -26.016274], [-145.141556, -26.01291], [-145.142568, -26.009595], [-145.143493, -26.006622], [-145.144679, -26.003164], [-145.145653, -25.99972], [-145.146576, -25.997059], [-145.147776, -25.994101], [-145.14985, -25.99093], [-145.151856, -25.988349], [-145.153956, -25.985999], [-145.155629, -25.983746], [-145.157715, -25.980562], [-145.159831, -25.977412], [-145.161863, -25.974765], [-145.163767, -25.971673], [-145.166229, -25.96863], [-145.16866, -25.96566], [-145.170212, -25.963615], [-145.172837, -25.960931], [-145.174896, -25.958137], [-145.176708, -25.955405], [-145.178594, -25.953292], [-145.180934, -25.950279], [-145.183339, -25.947122], [-145.185021, -25.944057], [-145.187312, -25.941005], [-145.189973, -25.93801], [-145.192164, -25.935314], [-145.194325, -25.932622], [-145.196595, -25.929899], [-145.199102, -25.926834], [-145.201271, -25.924211], [-145.20275, -25.922082], [-145.205318, -25.919161], [-145.207581, -25.916286], [-145.209465, -25.913695], [-145.211275, -25.910797], [-145.212443, -25.909251], [-145.213982, -25.905879], [-145.215568, -25.903111], [-145.217458, -25.899884], [-145.218695, -25.896868], [-145.220241, -25.894212], [-145.221947, -25.890487], [-145.223877, -25.887348], [-145.225651, -25.883952], [-145.226815, -25.882229], [-145.228485, -25.878352], [-145.230042, -25.874853], [-145.231529, -25.871591], [-145.232559, -25.86932], [-145.234254, -25.866538], [-145.235957, -25.863555], [-145.237518, -25.860149], [-145.239035, -25.857156], [-145.2394, -25.855253], [-145.240822, -25.851849], [-145.242416, -25.848956], [-145.243423, -25.845354], [-145.244464, -25.842704], [-145.246033, -25.839903], [-145.246971, -25.837074], [-145.24839, -25.834097], [-145.249237, -25.830941], [-145.249985, -25.828449], [-145.250539, -25.825143], [-145.251869, -25.821056], [-145.253357, -25.817875], [-145.25447, -25.814647], [-145.255819, -25.812246], [-145.257319, -25.809248], [-145.259559, -25.805374], [-145.261383, -25.802338], [-145.263717, -25.799722], [-145.265054, -25.797281], [-145.26737, -25.794582], [-145.269829, -25.791018], [-145.271286, -25.788072], [-145.273483, -25.785483], [-145.274764, -25.783155], [-145.277446, -25.780844], [-145.280571, -25.777646], [-145.28276, -25.775198], [-145.284462, -25.772208], [-145.285948, -25.76982], [-145.287628, -25.766891], [-145.29036, -25.763181], [-145.292183, -25.760268], [-145.293952, -25.757183], [-145.295967, -25.75519], [-145.29808, -25.752666], [-145.300713, -25.749271], [-145.302938, -25.746062], [-145.305245, -25.742836], [-145.306512, -25.740935], [-145.309342, -25.737108], [-145.311346, -25.733904], [-145.313523, -25.730541], [-145.314662, -25.728207], [-145.31633, -25.725231], [-145.31723, -25.722238], [-145.318084, -25.719173], [-145.319054, -25.716031], [-145.320078, -25.713171], [-145.320907, -25.709829], [-145.321922, -25.706741], [-145.323174, -25.70353], [-145.324501, -25.700478], [-145.326153, -25.698253], [-145.327632, -25.695286], [-145.329468, -25.691362], [-145.330826, -25.688503], [-145.332619, -25.685573], [-145.334027, -25.683263], [-145.336257, -25.680239], [-145.338066, -25.677495], [-145.339706, -25.674691], [-145.341927, -25.671866], [-145.343035, -25.66959], [-145.344625, -25.66664], [-145.346481, -25.662947], [-145.348091, -25.660004], [-145.34945, -25.656992], [-145.350516, -25.6541], [-145.351554, -25.650667], [-145.352668, -25.647514], [-145.35366, -25.644245], [-145.354812, -25.641108], [-145.355826, -25.638082], [-145.356613, -25.634581], [-145.357521, -25.631388], [-145.358253, -25.628205], [-145.358803, -25.624966], [-145.359256, -25.621936], [-145.35981, -25.618237], [-145.360711, -25.615163], [-145.361572, -25.612001], [-145.361931, -25.608842], [-145.362531, -25.606455], [-145.363358, -25.603094], [-145.364494, -25.599023], [-145.365143, -25.595723], [-145.365586, -25.592422], [-145.366004, -25.590001], [-145.366527, -25.586704], [-145.367165, -25.582602], [-145.368111, -25.579329], [-145.36911, -25.576167], [-145.369568, -25.573353], [-145.370583, -25.569753], [-145.371429, -25.566498], [-145.372253, -25.563196], [-145.372948, -25.560042], [-145.373895, -25.557837], [-145.375236, -25.554882], [-145.376632, -25.551347], [-145.377747, -25.54804], [-145.378991, -25.544958], [-145.38004, -25.542566], [-145.381775, -25.539075], [-145.384384, -25.535206], [-145.385909, -25.532234], [-145.386898, -25.530017], [-145.388555, -25.52658], [-145.390282, -25.523353], [-145.391932, -25.5203], [-145.393286, -25.517644], [-145.394648, -25.515207], [-145.396462, -25.512031], [-145.398286, -25.509309], [-145.400131, -25.505891], [-145.401305, -25.503842], [-145.403419, -25.499491], [-145.404794, -25.496389], [-145.406955, -25.493524], [-145.408152, -25.490773], [-145.409103, -25.487175], [-145.409874, -25.483708], [-145.411585, -25.480128], [-145.412235, -25.478375], [-145.413773, -25.474594], [-145.415176, -25.47121], [-145.415863, -25.467813], [-145.416886, -25.465707], [-145.417915, -25.462694], [-145.419037, -25.459229], [-145.420143, -25.455695], [-145.421222, -25.452818], [-145.421946, -25.449689], [-145.423203, -25.445984], [-145.424342, -25.442297], [-145.425108, -25.439722], [-145.425877, -25.437258], [-145.427323, -25.434003], [-145.429072, -25.431227], [-145.430474, -25.427978], [-145.431803, -25.426658], [-145.433808, -25.42354], [-145.43545, -25.420294], [-145.437302, -25.416998], [-145.438936, -25.414926], [-145.440521, -25.411473], [-145.441658, -25.407944], [-145.442845, -25.404635], [-145.443922, -25.401926], [-145.444935, -25.399309], [-145.446205, -25.396057], [-145.447144, -25.392698], [-145.447887, -25.38924], [-145.448903, -25.386307], [-145.450623, -25.383392], [-145.452006, -25.380247], [-145.453077, -25.376851], [-145.453941, -25.374651], [-145.455315, -25.371068], [-145.456655, -25.367983], [-145.458074, -25.3647], [-145.459336, -25.361878], [-145.461006, -25.357679], [-145.462296, -25.354739], [-145.464189, -25.351408], [-145.465774, -25.347941], [-145.467051, -25.344996], [-145.468331, -25.341983], [-145.469175, -25.339878], [-145.470612, -25.337204], [-145.471924, -25.333795], [-145.473338, -25.330989], [-145.474925, -25.328639], [-145.476929, -25.324908], [-145.478508, -25.321436], [-145.480418, -25.318734], [-145.481618, -25.316655], [-145.48318, -25.313322], [-145.484735, -25.309869], [-145.486008, -25.306835], [-145.487427, -25.305014], [-145.489799, -25.301894], [-145.491837, -25.298915], [-145.492934, -25.296514], [-145.493927, -25.294179], [-145.495371, -25.291133], [-145.497045, -25.288425], [-145.498625, -25.286389], [-145.500793, -25.28405], [-145.50261, -25.281094], [-145.503948, -25.278337], [-145.505394, -25.276248], [-145.507553, -25.273323], [-145.509708, -25.270483], [-145.510609, -25.268999], [-145.512553, -25.2667], [-145.514033, -25.264742], [-145.514612, -25.262299], [-145.515223, -25.259561], [-145.515427, -25.256567], [-145.516018, -25.253887], [-145.516697, -25.25183], [-145.517481, -25.248691], [-145.518127, -25.245797], [-145.51826, -25.243685], [-145.518529, -25.240804], [-145.518585, -25.237334], [-145.518549, -25.234641], [-145.518238, -25.23248], [-145.517846, -25.228941], [-145.517777, -25.225535], [-145.517647, -25.223153], [-145.517633, -25.220036], [-145.517797, -25.217054], [-145.517928, -25.214257], [-145.517925, -25.212435], [-145.518066, -25.208244], [-145.517954, -25.205795], [-145.518381, -25.203139], [-145.518535, -25.199874], [-145.518753, -25.197018], [-145.519397, -25.194405], [-145.519806, -25.192687], [-145.519984, -25.189578], [-145.520549, -25.186789], [-145.520766, -25.184671], [-145.521068, -25.181881], [-145.521266, -25.178831], [-145.521558, -25.175679], [-145.521615, -25.173944], [-145.522131, -25.170312], [-145.522618, -25.16656], [-145.522585, -25.164254], [-145.522639, -25.16137], [-145.522644, -25.15816], [-145.52287, -25.155042], [-145.522838, -25.152865], [-145.522942, -25.149431], [-145.522801, -25.146156], [-145.522563, -25.143262], [-145.522323, -25.14114], [-145.521927, -25.137244], [-145.521601, -25.134085], [-145.52133, -25.131711], [-145.521245, -25.128633], [-145.520996, -25.125441], [-145.521366, -25.122378], [-145.521534, -25.120635], [-145.521301, -25.117057], [-145.521062, -25.113758], [-145.522697, -25.110626], [-145.523982, -25.109196], [-145.526702, -25.10682], [-145.52979, -25.104946], [-145.532749, -25.102223], [-145.534512, -25.101192], [-145.536912, -25.098761], [-145.538579, -25.096038], [-145.540195, -25.093907], [-145.541611, -25.09158], [-145.542918, -25.088325], [-145.544566, -25.085713], [-145.546047, -25.083769], [-145.547262, -25.080443], [-145.549312, -25.077154], [-145.551339, -25.076337], [-145.553945, -25.075489], [-145.556254, -25.074614], [-145.558259, -25.072991], [-145.558815, -25.069543], [-145.558802, -25.06661], [-145.55907, -25.063168], [-145.559582, -25.061052], [-145.560364, -25.057534], [-145.56073, -25.053593], [-145.560779, -25.050605], [-145.56076, -25.048622], [-145.560799, -25.045251], [-145.560501, -25.042271], [-145.560777, -25.039294], [-145.560744, -25.036745], [-145.562586, -25.034304], [-145.563558, -25.031171], [-145.563899, -25.028745], [-145.564423, -25.025908], [-145.564585, -25.022732], [-145.564614, -25.019481], [-145.564926, -25.017698], [-145.56572, -25.014488], [-145.565796, -25.011349], [-145.565925, -25.008519], [-145.566284, -25.006663], [-145.566803, -25.002828], [-145.56693, -24.99966], [-145.567177, -24.997158], [-145.567561, -24.993857], [-145.568016, -24.990236], [-145.568543, -24.987222], [-145.568501, -24.98499], [-145.56838, -24.981151], [-145.568802, -24.977786], [-145.568965, -24.974966], [-145.569008, -24.971632], [-145.568685, -24.968122], [-145.568542, -24.96484], [-145.568531, -24.962728], [-145.568538, -24.958889], [-145.568553, -24.955333], [-145.568798, -24.952733], [-145.569254, -24.949574], [-145.569557, -24.946336], [-145.569864, -24.943141], [-145.570225, -24.941244], [-145.570824, -24.937891], [-145.571223, -24.934665], [-145.571871, -24.931936], [-145.5723, -24.929876], [-145.572768, -24.926395], [-145.572895, -24.922972], [-145.572818, -24.920153], [-145.573044, -24.917118], [-145.573202, -24.913818], [-145.572979, -24.91064], [-145.572933, -24.908855], [-145.572897, -24.905814], [-145.572892, -24.902656], [-145.572822, -24.899714], [-145.573322, -24.897857], [-145.575592, -24.894857], [-145.577936, -24.892497], [-145.579423, -24.890514], [-145.582006, -24.887751], [-145.584541, -24.884946], [-145.586579, -24.88269], [-145.588887, -24.88022], [-145.591568, -24.877309], [-145.593755, -24.875005], [-145.59546, -24.873195], [-145.597712, -24.8708], [-145.600219, -24.868007], [-145.602905, -24.865569], [-145.604738, -24.864127], [-145.607856, -24.861624], [-145.6102, -24.859683], [-145.612484, -24.857856], [-145.614437, -24.856373], [-145.616821, -24.854626], [-145.619441, -24.852684], [-145.621656, -24.851059], [-145.624044, -24.849331], [-145.626734, -24.847385], [-145.629568, -24.845376], [-145.631439, -24.84408], [-145.634588, -24.841908], [-145.638041, -24.839549], [-145.640238, -24.838015], [-145.642777, -24.836257], [-145.645329, -24.834496], [-145.647804, -24.832856], [-145.649368, -24.831797], [-145.65244, -24.829622], [-145.655594, -24.827399], [-145.65791, -24.825746], [-145.659908, -24.824301], [-145.662822, -24.822223], [-145.665512, -24.820347], [-145.667582, -24.818847], [-145.670039, -24.817117], [-145.672557, -24.815383], [-145.67525, -24.813408], [-145.6767, -24.81236], [-145.67956, -24.810172], [-145.682199, -24.808092], [-145.684473, -24.806445], [-145.686482, -24.804984], [-145.689031, -24.80276], [-145.69157, -24.800131], [-145.693508, -24.798015], [-145.695912, -24.795531], [-145.69844, -24.792797], [-145.700465, -24.790707], [-145.702049, -24.789044], [-145.704711, -24.786217], [-145.707006, -24.783807], [-145.70916, -24.781609], [-145.710816, -24.779746], [-145.713356, -24.776842], [-145.715515, -24.774331], [-145.716903, -24.772524], [-145.718825, -24.770034], [-145.721069, -24.767152], [-145.722875, -24.764707], [-145.724814, -24.762222], [-145.727173, -24.759253], [-145.729345, -24.756373], [-145.730897, -24.75426], [-145.732788, -24.751784], [-145.734935, -24.749053], [-145.737126, -24.746201], [-145.738434, -24.744501], [-145.740937, -24.741211], [-145.743021, -24.738211], [-145.745016, -24.735652], [-145.74674, -24.733422], [-145.748443, -24.730894], [-145.750771, -24.7282], [-145.752303, -24.725987], [-145.753983, -24.723462], [-145.755768, -24.720827], [-145.757731, -24.717851], [-145.759506, -24.715634], [-145.761099, -24.713161], [-145.762858, -24.710228], [-145.764092, -24.708116], [-145.766021, -24.705254], [-145.767772, -24.702488], [-145.769353, -24.70016], [-145.770775, -24.698037], [-145.772797, -24.695151], [-145.774506, -24.692675], [-145.775436, -24.691303], [-145.777328, -24.688604], [-145.779069, -24.686195], [-145.780672, -24.683923], [-145.782125, -24.681988], [-145.784135, -24.679251], [-145.785991, -24.676744], [-145.787366, -24.67494], [-145.789037, -24.672724], [-145.791306, -24.669697], [-145.792886, -24.667571], [-145.7942, -24.665776], [-145.796412, -24.662746], [-145.798449, -24.660055], [-145.799499, -24.658668], [-145.801549, -24.655948], [-145.803401, -24.653599], [-145.804814, -24.651751], [-145.806493, -24.649806], [-145.808162, -24.64777], [-145.810423, -24.644997], [-145.811806, -24.643315], [-145.814696, -24.639793], [-145.816806, -24.636971], [-145.818182, -24.635218], [-145.82045, -24.632288], [-145.822357, -24.629716], [-145.823831, -24.627728], [-145.82577, -24.625208], [-145.827881, -24.622384], [-145.830132, -24.61943], [-145.831394, -24.617845], [-145.833719, -24.61491], [-145.835973, -24.612138], [-145.837965, -24.609686], [-145.839316, -24.608059], [-145.841822, -24.605026], [-145.844024, -24.602391], [-145.845629, -24.600513], [-145.847559, -24.598188], [-145.849798, -24.595309], [-145.852379, -24.59197], [-145.853798, -24.590121], [-145.856064, -24.587073], [-145.858023, -24.584249], [-145.860267, -24.581006], [-145.861385, -24.579353], [-145.863845, -24.575733], [-145.86573, -24.573042], [-145.868142, -24.569531], [-145.870048, -24.566787], [-145.872045, -24.564025], [-145.87545, -24.559463], [-145.877411, -24.556801], [-145.879524, -24.553991], [-145.880799, -24.552312], [-145.883163, -24.549221], [-145.884964, -24.546744], [-145.887275, -24.543596], [-145.888904, -24.541294], [-145.890656, -24.538833], [-145.893005, -24.535654], [-145.894798, -24.533154], [-145.896667, -24.530625], [-145.898307, -24.528353], [-145.900391, -24.525534], [-145.902298, -24.522983], [-145.904588, -24.51985], [-145.907292, -24.516149], [-145.909102, -24.513681], [-145.911416, -24.510578], [-145.913276, -24.508066], [-145.915938, -24.504541], [-145.917066, -24.503023], [-145.919511, -24.49969], [-145.921631, -24.496716], [-145.923729, -24.493775], [-145.925149, -24.491759], [-145.927348, -24.488632], [-145.929337, -24.485771], [-145.931243, -24.483023], [-145.932815, -24.480749], [-145.934311, -24.478495], [-145.936204, -24.475655], [-145.938192, -24.47279], [-145.940351, -24.469807], [-145.941442, -24.468297], [-145.943489, -24.465443], [-145.945465, -24.462693], [-145.947555, -24.459786], [-145.94902, -24.45769], [-145.950891, -24.455071], [-145.952675, -24.452455], [-145.954476, -24.449871], [-145.956337, -24.447204], [-145.957977, -24.444848], [-145.960953, -24.440788], [-145.962891, -24.438214], [-145.964769, -24.435717], [-145.966802, -24.432919], [-145.967987, -24.431312], [-145.970108, -24.42843], [-145.972285, -24.4254], [-145.97461, -24.422213], [-145.976393, -24.419774], [-145.978386, -24.417078], [-145.980369, -24.414495], [-145.982345, -24.411931], [-145.984261, -24.409412], [-145.985949, -24.407168], [-145.988082, -24.404449], [-145.990448, -24.401476], [-145.992806, -24.398543], [-145.994798, -24.396001], [-145.996048, -24.394403], [-145.998368, -24.391327], [-146.000737, -24.388265], [-146.003143, -24.385078], [-146.004902, -24.382828], [-146.007119, -24.379899], [-146.009118, -24.377274], [-146.011184, -24.374632], [-146.013275, -24.37196], [-146.015085, -24.369615], [-146.017235, -24.366848], [-146.019302, -24.364273], [-146.02137, -24.361593], [-146.023446, -24.358964], [-146.025257, -24.356669], [-146.027611, -24.353742], [-146.02964, -24.351196], [-146.031646, -24.348655], [-146.033699, -24.346071], [-146.03566, -24.343626], [-146.03801, -24.340591], [-146.040154, -24.337835], [-146.042291, -24.335079], [-146.04435, -24.332403], [-146.045981, -24.330298], [-146.048091, -24.327569], [-146.050667, -24.324233], [-146.052826, -24.321562], [-146.054969, -24.31885], [-146.056615, -24.316813], [-146.05867, -24.314175], [-146.061279, -24.310868], [-146.063361, -24.308272], [-146.06546, -24.305621], [-146.067039, -24.30362], [-146.069245, -24.30093], [-146.072571, -24.296833], [-146.075172, -24.293488], [-146.07754, -24.290561], [-146.079915, -24.287613], [-146.082535, -24.284317], [-146.084648, -24.281682], [-146.086823, -24.279026], [-146.089257, -24.276069], [-146.092232, -24.272438], [-146.094392, -24.269844], [-146.096497, -24.267373], [-146.098756, -24.264555], [-146.100189, -24.262759], [-146.103836, -24.25833], [-146.106583, -24.254997], [-146.108949, -24.251729], [-146.110428, -24.24968], [-146.113769, -24.245095], [-146.115731, -24.242357], [-146.117737, -24.23968], [-146.119416, -24.23743], [-146.121681, -24.234398], [-146.123672, -24.231562], [-146.125556, -24.228828], [-146.127899, -24.225449], [-146.131148, -24.2206], [-146.133035, -24.217686], [-146.134881, -24.214954], [-146.136787, -24.212184], [-146.138246, -24.210056], [-146.140095, -24.207348], [-146.14251, -24.20376], [-146.144448, -24.20095], [-146.146302, -24.198287], [-146.147887, -24.195932], [-146.149941, -24.193009], [-146.151734, -24.19021], [-146.153511, -24.187587], [-146.15535, -24.184974], [-146.157024, -24.182632], [-146.159165, -24.179643], [-146.16153, -24.176431], [-146.163849, -24.173246], [-146.165861, -24.170456], [-146.168045, -24.167692], [-146.170509, -24.164532], [-146.17244, -24.162068], [-146.174743, -24.159175], [-146.176338, -24.157264], [-146.178887, -24.153906], [-146.180824, -24.151406], [-146.183136, -24.148474], [-146.185258, -24.14591], [-146.187317, -24.143245], [-146.189279, -24.140842], [-146.191575, -24.137743], [-146.193817, -24.134593], [-146.19511, -24.132653], [-146.197319, -24.129496], [-146.199867, -24.125756], [-146.201651, -24.123217], [-146.203184, -24.121001], [-146.205162, -24.118077], [-146.207527, -24.114799], [-146.209717, -24.111706], [-146.211648, -24.108962], [-146.21284, -24.107326], [-146.214981, -24.104419], [-146.216797, -24.101855], [-146.219003, -24.098799], [-146.220818, -24.096293], [-146.222961, -24.093423], [-146.225677, -24.08959], [-146.227227, -24.086766], [-146.228972, -24.083292], [-146.230428, -24.080522], [-146.232162, -24.07698], [-146.234253, -24.072809], [-146.235876, -24.06994], [-146.23768, -24.067833], [-146.239624, -24.062017], [-146.241127, -24.059172], [-146.242658, -24.055924], [-146.243576, -24.053963], [-146.245338, -24.050317], [-146.246772, -24.047372], [-146.248795, -24.043362], [-146.250031, -24.040733], [-146.251533, -24.037708], [-146.252914, -24.034976], [-146.254695, -24.031604], [-146.256582, -24.027988], [-146.258189, -24.024837], [-146.260002, -24.021366], [-146.26136, -24.018604], [-146.2631, -24.015215], [-146.264306, -24.012951], [-146.266205, -24.009257], [-146.267974, -24.005863], [-146.269731, -24.002603], [-146.270992, -24.000279], [-146.27263, -23.99729], [-146.274363, -23.994107], [-146.276146, -23.990901], [-146.277712, -23.988037], [-146.278645, -23.986327], [-146.280723, -23.982422], [-146.282418, -23.97921], [-146.283821, -23.97644], [-146.285123, -23.973908], [-146.286652, -23.970898], [-146.288513, -23.967182], [-146.290375, -23.963618], [-146.292081, -23.960335], [-146.29338, -23.957515], [-146.295098, -23.952754], [-146.296321, -23.949203], [-146.297187, -23.946337], [-146.297957, -23.943504], [-146.299073, -23.939187], [-146.300025, -23.935697], [-146.300987, -23.93261], [-146.302246, -23.928688], [-146.302872, -23.925088], [-146.303559, -23.921574], [-146.303775, -23.918472], [-146.303889, -23.91656], [-146.304382, -23.91308], [-146.305191, -23.909606], [-146.305915, -23.906124], [-146.306713, -23.903608], [-146.307709, -23.90061], [-146.3087, -23.89721], [-146.309456, -23.8937], [-146.310101, -23.890658], [-146.311211, -23.886587], [-146.311609, -23.882913], [-146.311951, -23.87914], [-146.31224, -23.875836], [-146.312662, -23.872361], [-146.313156, -23.868836], [-146.313507, -23.865545], [-146.314234, -23.861815], [-146.314545, -23.859944], [-146.315072, -23.85633], [-146.315429, -23.852645], [-146.316203, -23.848221], [-146.316589, -23.845236], [-146.317063, -23.841471], [-146.317344, -23.838463], [-146.317627, -23.834735], [-146.317893, -23.831843], [-146.31845, -23.828867], [-146.319001, -23.823695], [-146.319356, -23.820052], [-146.31962, -23.816966], [-146.320221, -23.813213], [-146.320848, -23.810096], [-146.321493, -23.806412], [-146.322152, -23.802572], [-146.322948, -23.7991], [-146.323791, -23.795611], [-146.32424, -23.79194], [-146.324726, -23.788134], [-146.324875, -23.786183], [-146.324945, -23.781802], [-146.32518, -23.778022], [-146.325074, -23.774141], [-146.325237, -23.771628], [-146.325572, -23.768446], [-146.326142, -23.764848], [-146.326133, -23.761341], [-146.326603, -23.757958], [-146.327159, -23.754797], [-146.328033, -23.751193], [-146.328728, -23.748142], [-146.329368, -23.745133], [-146.329647, -23.741801], [-146.329864, -23.739786], [-146.330635, -23.734504], [-146.330857, -23.730597], [-146.331091, -23.726795], [-146.331268, -23.724827], [-146.331505, -23.720408], [-146.331695, -23.71726], [-146.33174, -23.713203], [-146.331987, -23.710236], [-146.332657, -23.707196], [-146.333328, -23.703559], [-146.334282, -23.700525], [-146.33506, -23.697412], [-146.335598, -23.694595], [-146.336479, -23.691043], [-146.337418, -23.687959], [-146.338097, -23.684866], [-146.338669, -23.681717], [-146.339549, -23.679075], [-146.340744, -23.675749], [-146.341561, -23.672609], [-146.342118, -23.669445], [-146.342888, -23.666372], [-146.343836, -23.6637], [-146.344864, -23.660265], [-146.345444, -23.657117], [-146.346069, -23.653883], [-146.346725, -23.65083], [-146.347568, -23.648205], [-146.348343, -23.644727], [-146.348846, -23.641727], [-146.349435, -23.63869], [-146.350349, -23.635742], [-146.35093, -23.632963], [-146.35189, -23.629686], [-146.353127, -23.626765], [-146.354393, -23.623773], [-146.355546, -23.61935], [-146.355775, -23.617377], [-146.356636, -23.613211], [-146.357606, -23.610069], [-146.358695, -23.605607], [-146.359265, -23.602948], [-146.360245, -23.599495], [-146.361007, -23.596456], [-146.361649, -23.593416], [-146.362144, -23.590264], [-146.362747, -23.586713], [-146.363533, -23.582366], [-146.363762, -23.579155], [-146.364235, -23.576003], [-146.364995, -23.572658], [-146.365458, -23.569097], [-146.365708, -23.56541], [-146.366357, -23.56225], [-146.367434, -23.557679], [-146.367756, -23.55577], [-146.368256, -23.551419], [-146.368859, -23.548386], [-146.369987, -23.544562], [-146.370741, -23.541511], [-146.37116, -23.538441], [-146.371826, -23.534683], [-146.372627, -23.53161], [-146.373355, -23.527619], [-146.37397, -23.522225], [-146.374358, -23.518959], [-146.374899, -23.515979], [-146.375443, -23.512853], [-146.376129, -23.510609], [-146.377457, -23.506798], [-146.378548, -23.502295], [-146.379035, -23.498354], [-146.379679, -23.495418], [-146.380595, -23.492342], [-146.381585, -23.488594], [-146.382492, -23.484794], [-146.383335, -23.480982], [-146.383911, -23.478585], [-146.384781, -23.474771], [-146.385277, -23.47169], [-146.385766, -23.468645], [-146.386536, -23.4652], [-146.387558, -23.462278], [-146.389221, -23.457944], [-146.39067, -23.454495], [-146.391742, -23.451256], [-146.39267, -23.447983], [-146.393738, -23.444465], [-146.394888, -23.440958], [-146.395779, -23.437202], [-146.396154, -23.43488], [-146.396759, -23.431211], [-146.397743, -23.428415], [-146.399231, -23.424383], [-146.400034, -23.421922], [-146.400894, -23.41863], [-146.401718, -23.41507], [-146.40258, -23.411406], [-146.403396, -23.408465], [-146.404805, -23.405287], [-146.406067, -23.401607], [-146.406976, -23.398059], [-146.408015, -23.394542], [-146.408961, -23.391135], [-146.41024, -23.387426], [-146.411545, -23.38407], [-146.413152, -23.380662], [-146.413808, -23.37879], [-146.41465, -23.37446], [-146.415787, -23.370366], [-146.416932, -23.366765], [-146.41804, -23.363674], [-146.419983, -23.358782], [-146.421715, -23.354817], [-146.423088, -23.352434], [-146.425063, -23.348864], [-146.426522, -23.345595], [-146.427765, -23.342133], [-146.428628, -23.339371], [-146.429603, -23.335905], [-146.430811, -23.332565], [-146.432229, -23.329255], [-146.433571, -23.326352], [-146.434479, -23.324589], [-146.436264, -23.321189], [-146.437994, -23.317884], [-146.439622, -23.314587], [-146.440792, -23.312151], [-146.442062, -23.309214], [-146.443466, -23.305895], [-146.445046, -23.302637], [-146.446386, -23.299665], [-146.447805, -23.296531], [-146.44928, -23.293238], [-146.450403, -23.289887], [-146.451686, -23.286346], [-146.453019, -23.283359], [-146.453957, -23.280015], [-146.455332, -23.276613], [-146.456604, -23.273057], [-146.457458, -23.271346], [-146.459014, -23.268054], [-146.460083, -23.264549], [-146.460907, -23.261036], [-146.461733, -23.258437], [-146.463485, -23.254682], [-146.464768, -23.25135], [-146.466415, -23.248262], [-146.467473, -23.246056], [-146.469142, -23.24285], [-146.470651, -23.239887], [-146.471919, -23.236531], [-146.473114, -23.233916], [-146.474442, -23.231436], [-146.476151, -23.228141], [-146.478195, -23.224562], [-146.479579, -23.221665], [-146.480265, -23.219868], [-146.482003, -23.216646], [-146.484482, -23.213253], [-146.486091, -23.210074], [-146.487147, -23.207494], [-146.488785, -23.204398], [-146.490257, -23.201177], [-146.491653, -23.198166], [-146.492816, -23.19604], [-146.493943, -23.193069], [-146.495579, -23.189773], [-146.497665, -23.186096], [-146.499685, -23.182956], [-146.502015, -23.179789], [-146.504247, -23.17687], [-146.506287, -23.173619], [-146.507593, -23.171356], [-146.509593, -23.168127], [-146.512192, -23.164558], [-146.514137, -23.16161], [-146.515536, -23.159557], [-146.518281, -23.155846], [-146.520058, -23.15356], [-146.523201, -23.150806], [-146.524601, -23.148894], [-146.526337, -23.145375], [-146.52773, -23.142435], [-146.530839, -23.138727], [-146.531903, -23.137228], [-146.533783, -23.134047], [-146.535706, -23.130514], [-146.537604, -23.127744], [-146.539097, -23.125892], [-146.541663, -23.122328], [-146.544046, -23.119291], [-146.546325, -23.116096], [-146.547858, -23.113883], [-146.549912, -23.110514], [-146.551377, -23.106947], [-146.552436, -23.104419], [-146.55367, -23.101162], [-146.554967, -23.097825], [-146.556885, -23.094609], [-146.557871, -23.092541], [-146.559235, -23.089353], [-146.560547, -23.086622], [-146.562668, -23.08358], [-146.563511, -23.081811], [-146.565597, -23.078764], [-146.567093, -23.075888], [-146.569245, -23.072803], [-146.570692, -23.070847], [-146.572887, -23.067804], [-146.574723, -23.065076], [-146.576629, -23.062378], [-146.578349, -23.059978], [-146.580155, -23.057163], [-146.581949, -23.053906], [-146.583563, -23.050544], [-146.584744, -23.04871], [-146.586845, -23.045998], [-146.588679, -23.043333], [-146.590401, -23.040466], [-146.591441, -23.038212], [-146.59327, -23.035178], [-146.594543, -23.032261], [-146.596054, -23.028965], [-146.597072, -23.02701], [-146.599052, -23.023964], [-146.600624, -23.021172], [-146.601986, -23.017587], [-146.602783, -23.015189], [-146.604746, -23.011839], [-146.60669, -23.008467], [-146.608152, -23.005402], [-146.609512, -23.002194], [-146.61142, -22.998463], [-146.613216, -22.995716], [-146.615159, -22.993136], [-146.617177, -22.990226], [-146.619167, -22.986843], [-146.621498, -22.984471], [-146.623468, -22.982402], [-146.624822, -22.980092], [-146.62674, -22.976834], [-146.628377, -22.974045], [-146.630488, -22.97121], [-146.632152, -22.968753], [-146.634195, -22.965874], [-146.636587, -22.963157], [-146.638718, -22.96014], [-146.64093, -22.956817], [-146.643381, -22.954038], [-146.645432, -22.951475], [-146.647541, -22.948875], [-146.648829, -22.946901], [-146.651016, -22.943473], [-146.653193, -22.940536], [-146.654855, -22.937436], [-146.655879, -22.935994], [-146.657966, -22.933371], [-146.659963, -22.930654], [-146.661813, -22.927651], [-146.663061, -22.925556], [-146.665024, -22.922419], [-146.666986, -22.918837], [-146.668879, -22.915488], [-146.669987, -22.913514], [-146.67216, -22.910107], [-146.674586, -22.907342], [-146.676761, -22.904615], [-146.67773, -22.902998], [-146.679359, -22.899859], [-146.680837, -22.896983], [-146.682602, -22.893952], [-146.684004, -22.891849], [-146.68604, -22.888623], [-146.68824, -22.88506], [-146.689808, -22.882407], [-146.690895, -22.880757], [-146.693199, -22.878152], [-146.69513, -22.875461], [-146.69752, -22.872093], [-146.698917, -22.870291], [-146.701042, -22.867297], [-146.70376, -22.864372], [-146.705514, -22.861916], [-146.706786, -22.86014], [-146.70948, -22.856144], [-146.711284, -22.852949], [-146.712682, -22.850493], [-146.714706, -22.847473], [-146.716057, -22.844625], [-146.717679, -22.841535], [-146.718949, -22.83933], [-146.720833, -22.835599], [-146.722336, -22.832775], [-146.724218, -22.829635], [-146.72509, -22.827695], [-146.727531, -22.824544], [-146.729731, -22.822037], [-146.731934, -22.819145], [-146.732946, -22.817569], [-146.734641, -22.814599], [-146.736414, -22.811637], [-146.73813, -22.808542], [-146.739401, -22.806364], [-146.742101, -22.803462], [-146.744187, -22.800758], [-146.745788, -22.797609], [-146.747693, -22.794645], [-146.749781, -22.791537], [-146.752151, -22.788874], [-146.754618, -22.786365], [-146.756188, -22.783857], [-146.758346, -22.78101], [-146.760362, -22.777884], [-146.762314, -22.774865], [-146.76379, -22.772539], [-146.765284, -22.770255], [-146.767425, -22.766993], [-146.769836, -22.763179], [-146.771253, -22.76094], [-146.773285, -22.757732], [-146.775391, -22.754468], [-146.777451, -22.751335], [-146.778676, -22.749426], [-146.781091, -22.745649], [-146.782982, -22.742745], [-146.784933, -22.739831], [-146.786505, -22.737467], [-146.788376, -22.734671], [-146.789894, -22.732442], [-146.792091, -22.729216], [-146.793753, -22.726733], [-146.795974, -22.723399], [-146.798029, -22.72025], [-146.799981, -22.717343], [-146.80168, -22.714904], [-146.803477, -22.71228], [-146.805702, -22.709179], [-146.80767, -22.70642], [-146.809385, -22.704001], [-146.810798, -22.702038], [-146.813668, -22.698006], [-146.81577, -22.694972], [-146.81751, -22.692497], [-146.819499, -22.689602], [-146.821412, -22.686824], [-146.823044, -22.684532], [-146.825027, -22.681696], [-146.82669, -22.679349], [-146.828705, -22.676586], [-146.830437, -22.674223], [-146.832379, -22.671654], [-146.833798, -22.669706], [-146.836137, -22.666519], [-146.837917, -22.664203], [-146.839674, -22.662009], [-146.840939, -22.660432], [-146.843561, -22.657303], [-146.845478, -22.654891], [-146.847086, -22.652815], [-146.849324, -22.650127], [-146.851049, -22.647978], [-146.852755, -22.645782], [-146.854665, -22.643289], [-146.856395, -22.641008], [-146.857882, -22.638996], [-146.85937, -22.637059], [-146.861272, -22.634616], [-146.863063, -22.632281], [-146.86433, -22.63048], [-146.865987, -22.628217], [-146.867629, -22.625936], [-146.869444, -22.623528], [-146.87066, -22.621966], [-146.872777, -22.619078], [-146.874674, -22.616537], [-146.876109, -22.614687], [-146.877858, -22.612277], [-146.879623, -22.609883], [-146.881317, -22.607628], [-146.882674, -22.605816], [-146.884898, -22.602501], [-146.886703, -22.599863], [-146.888391, -22.597385], [-146.889504, -22.595764], [-146.891728, -22.592493], [-146.893906, -22.589307], [-146.895529, -22.586848], [-146.897354, -22.584119], [-146.899322, -22.581091], [-146.901354, -22.577862], [-146.902807, -22.575532], [-146.904732, -22.572596], [-146.906637, -22.56968], [-146.908424, -22.566845], [-146.910024, -22.564393], [-146.912056, -22.561287], [-146.913905, -22.558598], [-146.915756, -22.555845], [-146.917101, -22.553863], [-146.91919, -22.550707], [-146.921402, -22.547416], [-146.923302, -22.544519], [-146.924764, -22.542334], [-146.926529, -22.539593], [-146.928544, -22.53649], [-146.930764, -22.533201], [-146.932579, -22.530368], [-146.933695, -22.528628], [-146.935913, -22.525279], [-146.938294, -22.521611], [-146.939941, -22.518923], [-146.941631, -22.516163], [-146.943756, -22.512778], [-146.945638, -22.509709], [-146.947563, -22.506638], [-146.949149, -22.504011], [-146.95015, -22.502335], [-146.952171, -22.499167], [-146.954091, -22.495976], [-146.955948, -22.493001], [-146.957237, -22.49087], [-146.958977, -22.487972], [-146.960922, -22.484844], [-146.963578, -22.480435], [-146.965095, -22.477877], [-146.966827, -22.47502], [-146.968376, -22.472395], [-146.970048, -22.469746], [-146.972027, -22.466516], [-146.973704, -22.463814], [-146.97596, -22.460426], [-146.977608, -22.457707], [-146.97931, -22.45482], [-146.980145, -22.45189], [-146.980546, -22.448228], [-146.981761, -22.444935], [-146.983467, -22.44217], [-146.985188, -22.439705], [-146.986028, -22.438013], [-146.987908, -22.43487], [-146.989388, -22.432031], [-146.990967, -22.428658], [-146.992415, -22.425577], [-146.994088, -22.422643], [-146.99575, -22.419909], [-146.997536, -22.417535], [-146.999274, -22.413917], [-147.000251, -22.412365], [-147.003517, -22.408413], [-147.005448, -22.405367], [-147.007477, -22.402292], [-147.01043, -22.399018], [-147.012611, -22.396635], [-147.014964, -22.393685], [-147.017198, -22.390433], [-147.018265, -22.388954], [-147.020119, -22.386119], [-147.022059, -22.383391], [-147.024498, -22.379922], [-147.026073, -22.378037], [-147.027947, -22.374786], [-147.029808, -22.371265], [-147.031368, -22.368368], [-147.032829, -22.366079], [-147.034974, -22.362787], [-147.036743, -22.359853], [-147.038689, -22.357139], [-147.040065, -22.355116], [-147.042518, -22.351921], [-147.044823, -22.348459], [-147.046903, -22.345734], [-147.04853, -22.343688], [-147.050887, -22.340228], [-147.053249, -22.337352], [-147.055534, -22.33432], [-147.057279, -22.332241], [-147.059639, -22.329811], [-147.062118, -22.326914], [-147.064476, -22.323993], [-147.066213, -22.321536], [-147.067917, -22.319056], [-147.069924, -22.316462], [-147.072047, -22.313576], [-147.074548, -22.310792], [-147.075932, -22.309509], [-147.078209, -22.307034], [-147.080373, -22.304277], [-147.082398, -22.301592], [-147.084469, -22.299845], [-147.087173, -22.297688], [-147.089904, -22.295282], [-147.092254, -22.292583], [-147.09451, -22.290153], [-147.095581, -22.288698], [-147.09803, -22.286072], [-147.100408, -22.283394], [-147.10273, -22.280838], [-147.104499, -22.279073], [-147.107258, -22.276282], [-147.109871, -22.273668], [-147.112401, -22.271071], [-147.114887, -22.269171], [-147.117127, -22.267174], [-147.119828, -22.26448], [-147.121933, -22.262262], [-147.124175, -22.259983], [-147.126191, -22.257246], [-147.129265, -22.253864], [-147.13234, -22.250295], [-147.134476, -22.247973], [-147.136735, -22.24495], [-147.139443, -22.240923], [-147.14254, -22.237164], [-147.144654, -22.234813], [-147.146224, -22.232512], [-147.148123, -22.229861], [-147.151038, -22.226704], [-147.153222, -22.224152], [-147.155273, -22.221692], [-147.156778, -22.219599], [-147.158844, -22.216908], [-147.161964, -22.213862], [-147.165413, -22.209961], [-147.168415, -22.206753], [-147.170405, -22.204101], [-147.17318, -22.20066], [-147.175254, -22.197812], [-147.178348, -22.193919], [-147.183007, -22.18917], [-147.1856, -22.186894], [-147.187996, -22.184621], [-147.190631, -22.182105], [-147.192195, -22.180454], [-147.195999, -22.176137], [-147.198875, -22.172268], [-147.200879, -22.169371], [-147.202098, -22.167595], [-147.204651, -22.164676], [-147.207085, -22.16243], [-147.210113, -22.158749], [-147.21187, -22.156429], [-147.214654, -22.151839], [-147.216981, -22.14787], [-147.218734, -22.145044], [-147.220126, -22.14256], [-147.222169, -22.139618], [-147.224145, -22.13713], [-147.226135, -22.134573], [-147.228081, -22.131914], [-147.23001, -22.129766], [-147.231926, -22.126545], [-147.233719, -22.123804], [-147.235748, -22.120593], [-147.23799, -22.117361], [-147.239385, -22.11542], [-147.241624, -22.112017], [-147.243217, -22.109243], [-147.245163, -22.106713], [-147.247467, -22.104102], [-147.248744, -22.10234], [-147.25106, -22.099215], [-147.253448, -22.096376], [-147.255807, -22.093328], [-147.257366, -22.090951], [-147.259468, -22.088337], [-147.261284, -22.08579], [-147.263025, -22.08314], [-147.264923, -22.080459], [-147.266819, -22.078164], [-147.268738, -22.075322], [-147.270348, -22.07256], [-147.272292, -22.070115], [-147.27443, -22.067828], [-147.276166, -22.065713], [-147.278382, -22.063055], [-147.280318, -22.060639], [-147.282155, -22.057358], [-147.28436, -22.0542], [-147.286148, -22.051868], [-147.289079, -22.048046], [-147.291198, -22.045527], [-147.293262, -22.042373], [-147.294438, -22.040598], [-147.296242, -22.038012], [-147.298345, -22.035007], [-147.300353, -22.031953], [-147.302393, -22.029356], [-147.303493, -22.02771], [-147.30542, -22.024494], [-147.307259, -22.02181], [-147.309425, -22.019413], [-147.311329, -22.016586], [-147.31324, -22.013583], [-147.315933, -22.010489], [-147.317794, -22.007861], [-147.319778, -22.005217], [-147.321532, -22.002258], [-147.323937, -21.99851], [-147.325461, -21.99577], [-147.327235, -21.992445], [-147.329279, -21.989298], [-147.331056, -21.986568], [-147.332941, -21.98341], [-147.335701, -21.979679], [-147.33738, -21.977576], [-147.339249, -21.975225], [-147.341454, -21.972278], [-147.34373, -21.969385], [-147.34592, -21.966031], [-147.346949, -21.964302], [-147.348893, -21.961351], [-147.350957, -21.958418], [-147.352944, -21.955227], [-147.353906, -21.952921], [-147.355239, -21.950074], [-147.35699, -21.946989], [-147.358368, -21.943846], [-147.359564, -21.940921], [-147.360148, -21.938911], [-147.361627, -21.935477], [-147.363429, -21.932329], [-147.36599, -21.927954], [-147.366971, -21.926329], [-147.368957, -21.922859], [-147.370808, -21.919844], [-147.372329, -21.916702], [-147.373554, -21.9146], [-147.375743, -21.911408], [-147.378045, -21.908701], [-147.380137, -21.905566], [-147.38163, -21.902846], [-147.383171, -21.899947], [-147.385432, -21.896997], [-147.387672, -21.893953], [-147.389373, -21.891371], [-147.390335, -21.889696], [-147.392234, -21.886624], [-147.39441, -21.88359], [-147.396217, -21.880356], [-147.397755, -21.87805], [-147.399643, -21.875481], [-147.401772, -21.872427], [-147.403526, -21.869214], [-147.405643, -21.866248], [-147.407054, -21.863864], [-147.40886, -21.860731], [-147.410589, -21.857447], [-147.412241, -21.853953], [-147.413459, -21.850267], [-147.414815, -21.84707], [-147.416832, -21.843947], [-147.418291, -21.84101], [-147.419739, -21.83797], [-147.420945, -21.834702], [-147.422859, -21.831661], [-147.424763, -21.828325], [-147.425781, -21.826334], [-147.427491, -21.823123], [-147.429219, -21.819958], [-147.430969, -21.816717], [-147.432514, -21.814468], [-147.433799, -21.81161], [-147.435221, -21.808178], [-147.436631, -21.804508], [-147.437662, -21.801303], [-147.438934, -21.798069], [-147.440528, -21.794581], [-147.442103, -21.791158], [-147.44402, -21.787783], [-147.445027, -21.784584], [-147.446114, -21.781123], [-147.447916, -21.777978], [-147.450043, -21.774829], [-147.451286, -21.773283], [-147.453476, -21.769787], [-147.45475, -21.76698], [-147.456772, -21.763815], [-147.458905, -21.760928], [-147.460838, -21.758319], [-147.462809, -21.75516], [-147.465148, -21.752057], [-147.466996, -21.74922], [-147.468068, -21.747636], [-147.470267, -21.744554], [-147.472191, -21.74201], [-147.474258, -21.738976], [-147.475876, -21.736647], [-147.477631, -21.734204], [-147.479714, -21.731116], [-147.481898, -21.727996], [-147.483823, -21.724687], [-147.485088, -21.723209], [-147.487586, -21.720462], [-147.489761, -21.717393], [-147.491988, -21.714295], [-147.493703, -21.712201], [-147.495948, -21.708845], [-147.497681, -21.705727], [-147.499822, -21.702682], [-147.501907, -21.699902], [-147.504532, -21.696328], [-147.506561, -21.693991], [-147.508591, -21.691468], [-147.510868, -21.688681], [-147.512533, -21.686238], [-147.514748, -21.683133], [-147.516541, -21.680447], [-147.519212, -21.677233], [-147.520625, -21.675406], [-147.523262, -21.671906], [-147.525361, -21.6696], [-147.528159, -21.666229], [-147.530217, -21.663586], [-147.532334, -21.65953], [-147.534087, -21.656888], [-147.536153, -21.653645], [-147.538018, -21.651184], [-147.53982, -21.64853], [-147.541884, -21.645037], [-147.543709, -21.642456], [-147.545264, -21.639845], [-147.546808, -21.637511], [-147.548614, -21.63438], [-147.55127, -21.630616], [-147.553352, -21.628129], [-147.55577, -21.625248], [-147.55746, -21.623067], [-147.560631, -21.61918], [-147.562546, -21.616638], [-147.56455, -21.61335], [-147.566147, -21.611239], [-147.568604, -21.607525], [-147.57119, -21.603532], [-147.573073, -21.600959], [-147.574403, -21.598403], [-147.575928, -21.595491], [-147.577418, -21.592062], [-147.579727, -21.587405], [-147.581199, -21.584949], [-147.583435, -21.581522], [-147.584983, -21.578128], [-147.586135, -21.574574], [-147.587265, -21.571644], [-147.588191, -21.56877], [-147.589508, -21.565376], [-147.591141, -21.562109], [-147.592859, -21.558711], [-147.593826, -21.55712], [-147.595643, -21.554102], [-147.597219, -21.550903], [-147.598724, -21.547568], [-147.60002, -21.54544], [-147.60171, -21.54221], [-147.603195, -21.53921], [-147.604629, -21.53606], [-147.6057, -21.533142], [-147.607091, -21.529779], [-147.608201, -21.526707], [-147.609284, -21.524245], [-147.610361, -21.521395], [-147.611114, -21.518999], [-147.612752, -21.515551], [-147.614537, -21.512419], [-147.615971, -21.50992], [-147.617721, -21.506186], [-147.619197, -21.503059], [-147.620393, -21.499907], [-147.620923, -21.497664], [-147.621811, -21.49479], [-147.623008, -21.490898], [-147.623821, -21.48753], [-147.624624, -21.484933], [-147.625419, -21.482304], [-147.626694, -21.479154], [-147.627996, -21.475975], [-147.628922, -21.472155], [-147.630509, -21.468272], [-147.631904, -21.464469], [-147.632699, -21.461543], [-147.633715, -21.458453], [-147.634435, -21.456677], [-147.635719, -21.453105], [-147.637116, -21.449062], [-147.638229, -21.445946], [-147.639052, -21.44385], [-147.640071, -21.440339], [-147.640831, -21.436894], [-147.642299, -21.433592], [-147.64335, -21.430916], [-147.644521, -21.428263], [-147.645958, -21.424792], [-147.646739, -21.421268], [-147.648052, -21.417608], [-147.648722, -21.41575], [-147.649932, -21.412341], [-147.651031, -21.408987], [-147.652435, -21.405548], [-147.653377, -21.403227], [-147.654617, -21.400217], [-147.655502, -21.397516], [-147.656547, -21.393603], [-147.657309, -21.390619], [-147.658, -21.388803], [-147.659211, -21.385519], [-147.660238, -21.382228], [-147.661186, -21.378791], [-147.662185, -21.376406], [-147.663612, -21.373564], [-147.664881, -21.370311], [-147.665962, -21.366976], [-147.666915, -21.364194], [-147.667763, -21.36199], [-147.669411, -21.358193], [-147.670736, -21.354894], [-147.671657, -21.351447], [-147.67219, -21.349684], [-147.673096, -21.346313], [-147.674057, -21.342859], [-147.674934, -21.339556], [-147.67565, -21.337309], [-147.677208, -21.333679], [-147.678337, -21.33063], [-147.679375, -21.328007], [-147.680716, -21.324583], [-147.681626, -21.321966], [-147.683137, -21.31875], [-147.685051, -21.315157], [-147.686012, -21.31199], [-147.687235, -21.309049], [-147.68914, -21.305105], [-147.690674, -21.302256], [-147.691916, -21.29952], [-147.692805, -21.29787], [-147.694168, -21.294546], [-147.695368, -21.291406], [-147.696518, -21.288081], [-147.697419, -21.285733], [-147.698949, -21.282271], [-147.70015, -21.278934], [-147.701508, -21.275276], [-147.70244, -21.272986], [-147.704002, -21.270223], [-147.705627, -21.266918], [-147.707086, -21.263624], [-147.70841, -21.260832], [-147.709351, -21.259124], [-147.711144, -21.255841], [-147.7131, -21.252648], [-147.715355, -21.249593], [-147.716864, -21.247423], [-147.718285, -21.244541], [-147.719895, -21.241212], [-147.721505, -21.238048], [-147.723151, -21.235464], [-147.724076, -21.233957], [-147.725685, -21.230897], [-147.727013, -21.22833], [-147.729346, -21.224984], [-147.730675, -21.222848], [-147.732686, -21.21956], [-147.734741, -21.215913], [-147.736336, -21.212747], [-147.73715, -21.210443], [-147.738609, -21.207901], [-147.740769, -21.204473], [-147.742406, -21.201611], [-147.743716, -21.198813], [-147.745651, -21.195068], [-147.746968, -21.191668], [-147.74826, -21.188487], [-147.749455, -21.185966], [-147.751587, -21.181233], [-147.75351, -21.177121], [-147.754718, -21.174517], [-147.75625, -21.171374], [-147.758103, -21.168368], [-147.759407, -21.165529], [-147.760688, -21.163217], [-147.761955, -21.160846], [-147.763336, -21.157856], [-147.765358, -21.153743], [-147.767147, -21.150509], [-147.768959, -21.147035], [-147.770417, -21.143815], [-147.771729, -21.140493], [-147.77275, -21.138181], [-147.774131, -21.135103], [-147.775609, -21.131746], [-147.77678, -21.128608], [-147.777278, -21.125827], [-147.778004, -21.12366], [-147.779237, -21.120009], [-147.779836, -21.116884], [-147.781074, -21.113479], [-147.781977, -21.111784], [-147.783783, -21.108795], [-147.785431, -21.105656], [-147.787072, -21.102359], [-147.788475, -21.100064], [-147.790123, -21.097277], [-147.792099, -21.094198], [-147.794052, -21.09115], [-147.795779, -21.08876], [-147.796829, -21.087235], [-147.799216, -21.083647], [-147.801552, -21.080156], [-147.803576, -21.077129], [-147.804774, -21.075436], [-147.808006, -21.071385], [-147.810533, -21.067921], [-147.812581, -21.065131], [-147.813588, -21.063371], [-147.815636, -21.060291], [-147.817353, -21.057739], [-147.819377, -21.054555], [-147.821, -21.052155], [-147.822952, -21.0497], [-147.825347, -21.04654], [-147.827225, -21.044007], [-147.829298, -21.040803], [-147.830693, -21.038753], [-147.83339, -21.035314], [-147.835679, -21.032311], [-147.83757, -21.029166], [-147.839035, -21.026871], [-147.84066, -21.023958], [-147.842498, -21.020649], [-147.844368, -21.017557], [-147.846118, -21.014752], [-147.847194, -21.012612], [-147.849777, -21.008096], [-147.85144, -21.004956], [-147.852826, -21.002174], [-147.853597, -21.000475], [-147.855141, -20.997273], [-147.856608, -20.994106], [-147.857917, -20.991021], [-147.858743, -20.988724], [-147.860219, -20.985464], [-147.861733, -20.982435], [-147.863286, -20.979653], [-147.864916, -20.977043], [-147.866934, -20.974102], [-147.868942, -20.970785], [-147.870309, -20.967339], [-147.871476, -20.965241], [-147.873708, -20.962121], [-147.875392, -20.958871], [-147.876776, -20.955946], [-147.878097, -20.953509], [-147.879807, -20.950136], [-147.882081, -20.946991], [-147.883267, -20.945376], [-147.885573, -20.942168], [-147.887319, -20.939866], [-147.889404, -20.937215], [-147.890712, -20.935024], [-147.892845, -20.931967], [-147.894944, -20.929128], [-147.896356, -20.927135], [-147.89846, -20.924719], [-147.901072, -20.921956], [-147.903458, -20.919168], [-147.906087, -20.916365], [-147.908913, -20.913826], [-147.911206, -20.912277], [-147.913201, -20.910685], [-147.916496, -20.908266], [-147.918391, -20.906696], [-147.920056, -20.905145], [-147.922114, -20.903167], [-147.924728, -20.901328], [-147.92731, -20.899438], [-147.928933, -20.898415], [-147.931727, -20.896338], [-147.934789, -20.894392], [-147.937015, -20.892594], [-147.938538, -20.891399], [-147.941482, -20.889267], [-147.94402, -20.887541], [-147.945959, -20.886304], [-147.948404, -20.884744], [-147.951085, -20.883221], [-147.953834, -20.881848], [-147.955444, -20.881128], [-147.958023, -20.879786], [-147.96056, -20.879398], [-147.963123, -20.879364], [-147.965459, -20.878978], [-147.968455, -20.878418], [-147.97139, -20.877482], [-147.974042, -20.876611], [-147.977137, -20.875883], [-147.980159, -20.875506], [-147.982807, -20.874936], [-147.98521, -20.875066], [-147.988215, -20.875627], [-147.99116, -20.875619], [-147.993263, -20.876249], [-147.995174, -20.877762], [-147.997643, -20.878646], [-147.999432, -20.879153], [-148.002473, -20.877626], [-148.004878, -20.874633], [-148.006732, -20.872326], [-148.008703, -20.869453], [-148.010726, -20.865722], [-148.012174, -20.86301], [-148.013321, -20.860863], [-148.01532, -20.857101], [-148.016801, -20.854376], [-148.018317, -20.851515], [-148.019368, -20.849552], [-148.021003, -20.846342], [-148.022243, -20.84364], [-148.023537, -20.840702], [-148.02476, -20.838053], [-148.026372, -20.834643], [-148.027898, -20.831244], [-148.029168, -20.828567], [-148.030876, -20.825128], [-148.032257, -20.822404], [-148.033923, -20.819135], [-148.035014, -20.816937], [-148.036673, -20.813644], [-148.038582, -20.809876], [-148.039711, -20.807454], [-148.040676, -20.805426], [-148.042222, -20.802084], [-148.043569, -20.799346], [-148.045019, -20.796404], [-148.046036, -20.794408], [-148.047691, -20.791154], [-148.049108, -20.788372], [-148.050589, -20.785599], [-148.051885, -20.78312], [-148.053533, -20.779901], [-148.055206, -20.776683], [-148.056471, -20.774214], [-148.057907, -20.771468], [-148.05956, -20.768366], [-148.061229, -20.765278], [-148.062373, -20.763241], [-148.064047, -20.760185], [-148.065705, -20.757143], [-148.067211, -20.754422], [-148.068237, -20.752538], [-148.069885, -20.749434], [-148.071294, -20.746837], [-148.072729, -20.744134], [-148.073684, -20.742287], [-148.075714, -20.738297], [-148.077041, -20.735767], [-148.078215, -20.733446], [-148.079651, -20.730637], [-148.081177, -20.727618], [-148.082707, -20.724512], [-148.083771, -20.722461], [-148.085526, -20.718908], [-148.086955, -20.71583], [-148.088492, -20.712621], [-148.089869, -20.709784], [-148.091652, -20.706094], [-148.093001, -20.703411], [-148.094391, -20.700593], [-148.096024, -20.697054], [-148.09757, -20.693815], [-148.098689, -20.69124], [-148.100063, -20.688293], [-148.101425, -20.685434], [-148.102974, -20.682099], [-148.103913, -20.68005], [-148.105372, -20.676917], [-148.106944, -20.673426], [-148.108514, -20.669976], [-148.109569, -20.667667], [-148.111365, -20.663606], [-148.112661, -20.660641], [-148.114059, -20.657498], [-148.115032, -20.655332], [-148.116608, -20.651816], [-148.11789, -20.648948], [-148.119239, -20.645848], [-148.120213, -20.643696], [-148.122055, -20.639692], [-148.123673, -20.636195], [-148.124788, -20.63376], [-148.125901, -20.631336], [-148.127266, -20.628245], [-148.128668, -20.625224], [-148.130145, -20.622019], [-148.13118, -20.619884], [-148.132904, -20.616284], [-148.134302, -20.613342], [-148.135834, -20.610164], [-148.136833, -20.608011], [-148.138511, -20.604483], [-148.139892, -20.601543], [-148.141351, -20.598441], [-148.142325, -20.59631], [-148.143883, -20.592828], [-148.145243, -20.589897], [-148.146616, -20.586838], [-148.147572, -20.58467], [-148.14904, -20.581164], [-148.150268, -20.578215], [-148.151557, -20.574998], [-148.152664, -20.572197], [-148.153854, -20.569209], [-148.155098, -20.566195], [-148.156366, -20.563106], [-148.157222, -20.560937], [-148.158531, -20.557425], [-148.159785, -20.554183], [-148.161008, -20.551141], [-148.161871, -20.548932], [-148.163558, -20.544982], [-148.164739, -20.542204], [-148.165895, -20.539566], [-148.16706, -20.536526], [-148.168205, -20.533732], [-148.169502, -20.530343], [-148.170388, -20.527927], [-148.171671, -20.524343], [-148.173035, -20.520908], [-148.174261, -20.517811], [-148.175079, -20.515707], [-148.176445, -20.512322], [-148.177561, -20.509568], [-148.178776, -20.506601], [-148.179886, -20.503981], [-148.181341, -20.500756], [-148.182845, -20.497429], [-148.184015, -20.494867], [-148.185287, -20.492015], [-148.186852, -20.488654], [-148.188248, -20.485656], [-148.189152, -20.483681], [-148.190775, -20.480122], [-148.192276, -20.476823], [-148.193626, -20.473993], [-148.194572, -20.472112], [-148.196135, -20.469037], [-148.197448, -20.466451], [-148.199017, -20.463309], [-148.200267, -20.460334], [-148.201561, -20.457137], [-148.202917, -20.453994], [-148.204416, -20.450616], [-148.205742, -20.447786], [-148.207383, -20.444782], [-148.209114, -20.441336], [-148.210603, -20.438652], [-148.211482, -20.436998], [-148.213502, -20.432986], [-148.2152, -20.429951], [-148.217003, -20.426513], [-148.21859, -20.423633], [-148.220179, -20.420746], [-148.22184, -20.417749], [-148.223415, -20.41489], [-148.224605, -20.412604], [-148.22612, -20.409731], [-148.227656, -20.406821], [-148.229281, -20.403696], [-148.230796, -20.400873], [-148.23236, -20.397977], [-148.233917, -20.394999], [-148.235547, -20.391865], [-148.236394, -20.390258], [-148.237983, -20.387189], [-148.239543, -20.384147], [-148.241165, -20.381118], [-148.242385, -20.378771], [-148.24459, -20.374509], [-148.24617, -20.371567], [-148.247695, -20.368601], [-148.248807, -20.366527], [-148.250572, -20.363262], [-148.252212, -20.360275], [-148.253823, -20.357227], [-148.255047, -20.355004], [-148.256795, -20.351754], [-148.258918, -20.34758], [-148.260527, -20.344438], [-148.261559, -20.342336], [-148.263275, -20.338864], [-148.264771, -20.335778], [-148.266212, -20.33245], [-148.267248, -20.330178], [-148.268829, -20.326782], [-148.270271, -20.323512], [-148.271667, -20.32033], [-148.272723, -20.317591], [-148.273854, -20.3149], [-148.275276, -20.311619], [-148.276954, -20.307758], [-148.278172, -20.304921], [-148.278926, -20.303178], [-148.280296, -20.299856], [-148.281729, -20.296544], [-148.283142, -20.2932], [-148.28417, -20.290841], [-148.285624, -20.287329], [-148.28698, -20.283983], [-148.288325, -20.280614], [-148.289409, -20.277903], [-148.290489, -20.275275], [-148.291871, -20.272044], [-148.293178, -20.26874], [-148.294539, -20.265244], [-148.295746, -20.262256], [-148.296974, -20.259032], [-148.298381, -20.255859], [-148.299854, -20.252474], [-148.300913, -20.249313], [-148.302078, -20.245899], [-148.303803, -20.24295], [-148.305444, -20.239659], [-148.306193, -20.23791], [-148.307586, -20.234722], [-148.308888, -20.231404], [-148.310204, -20.228145], [-148.311157, -20.225809], [-148.312739, -20.222395], [-148.31418, -20.219211], [-148.315597, -20.216092], [-148.316915, -20.213184], [-148.318365, -20.209889], [-148.319679, -20.206739], [-148.32109, -20.203661], [-148.322343, -20.20058], [-148.324089, -20.19673], [-148.325424, -20.193342], [-148.326698, -20.190324], [-148.32769, -20.187885], [-148.328934, -20.185023], [-148.330604, -20.181019], [-148.332307, -20.177077], [-148.33334, -20.174611], [-148.334587, -20.171717], [-148.336311, -20.167717], [-148.338097, -20.163667], [-148.339211, -20.161224], [-148.340492, -20.158308], [-148.342041, -20.154873], [-148.343551, -20.151538], [-148.344874, -20.148644], [-148.345692, -20.146882], [-148.347237, -20.143549], [-148.348739, -20.140213], [-148.350251, -20.136857], [-148.351343, -20.134379], [-148.352592, -20.131486], [-148.354081, -20.128129], [-148.355569, -20.124782], [-148.356893, -20.121822], [-148.357738, -20.120008], [-148.359283, -20.116587], [-148.360542, -20.113796], [-148.3618, -20.111006], [-148.363196, -20.107856], [-148.364542, -20.104885], [-148.36612, -20.10129], [-148.367409, -20.098463], [-148.368683, -20.095585], [-148.369812, -20.092994], [-148.371857, -20.088424], [-148.373146, -20.085514], [-148.374443, -20.082617], [-148.375867, -20.079453], [-148.377671, -20.075437], [-148.378982, -20.072543], [-148.380387, -20.069631], [-148.38176, -20.066744], [-148.382982, -20.064119], [-148.384475, -20.060955], [-148.386474, -20.056806], [-148.387863, -20.053902], [-148.389358, -20.050642], [-148.391251, -20.046576], [-148.392632, -20.043649], [-148.394379, -20.039947], [-148.396125, -20.036231], [-148.397146, -20.034051], [-148.398759, -20.03041], [-148.40004, -20.027473], [-148.401298, -20.02451], [-148.402655, -20.021282], [-148.403762, -20.018546], [-148.405029, -20.015498], [-148.406723, -20.011251], [-148.40796, -20.008287], [-148.409025, -20.00572], [-148.410705, -20.0016], [-148.412171, -19.998018], [-148.413406, -19.995107], [-148.414758, -19.991842], [-148.416123, -19.988553], [-148.417664, -19.984875], [-148.418862, -19.981946], [-148.420067, -19.979025], [-148.421121, -19.976458], [-148.4225, -19.973188], [-148.423713, -19.970298], [-148.424897, -19.967434], [-148.42611, -19.964563], [-148.427196, -19.961966], [-148.428589, -19.958718], [-148.429825, -19.955763], [-148.431107, -19.952879], [-148.432373, -19.950002], [-148.433488, -19.947499], [-148.434883, -19.944328], [-148.436141, -19.941461], [-148.43737, -19.938598], [-148.438621, -19.93572], [-148.439711, -19.933216], [-148.441147, -19.929992], [-148.44243, -19.927115], [-148.443687, -19.924266], [-148.444932, -19.921466], [-148.446024, -19.918967], [-148.44744, -19.915817], [-148.448693, -19.913021], [-148.449982, -19.910178], [-148.451271, -19.907383], [-148.452425, -19.904892], [-148.453912, -19.901745], [-148.455223, -19.898961], [-148.456527, -19.896124], [-148.457847, -19.893284], [-148.459034, -19.890768], [-148.460571, -19.887607], [-148.461922, -19.884747], [-148.463257, -19.881875], [-148.464599, -19.879013], [-148.465785, -19.876465], [-148.467308, -19.873237], [-148.468735, -19.870283], [-148.470726, -19.866112], [-148.472234, -19.862965], [-148.473159, -19.860984], [-148.475503, -19.856082], [-148.476952, -19.853186], [-148.478295, -19.85029], [-148.479571, -19.847641], [-148.481728, -19.843198], [-148.483109, -19.840338], [-148.484474, -19.837463], [-148.486004, -19.834244], [-148.487961, -19.830233], [-148.489335, -19.827396], [-148.490646, -19.824581], [-148.491974, -19.821774], [-148.493584, -19.818765], [-148.494568, -19.81686], [-148.496193, -19.813332], [-148.49778, -19.810644], [-148.499383, -19.807151], [-148.500948, -19.804478], [-148.502395, -19.801713], [-148.504256, -19.798312], [-148.506256, -19.794299], [-148.507864, -19.791256], [-148.50887, -19.78941], [-148.51043, -19.78581], [-148.511841, -19.783034], [-148.513275, -19.780262], [-148.514707, -19.777217], [-148.515655, -19.775399], [-148.517326, -19.771891], [-148.518941, -19.768471], [-148.520561, -19.764989], [-148.521649, -19.762476], [-148.52324, -19.759548], [-148.524658, -19.756072], [-148.526253, -19.75269], [-148.527842, -19.749185], [-148.529139, -19.746494], [-148.530815, -19.743127], [-148.532378, -19.739781], [-148.534055, -19.736215], [-148.534933, -19.734408], [-148.53653, -19.731006], [-148.538086, -19.727647], [-148.539681, -19.7243], [-148.541029, -19.7214], [-148.542716, -19.717694], [-148.544286, -19.71447], [-148.545814, -19.711258], [-148.546887, -19.708989], [-148.548232, -19.706138], [-148.549662, -19.702895], [-148.551239, -19.699609], [-148.552569, -19.696797], [-148.554066, -19.693655], [-148.556137, -19.689217], [-148.557678, -19.685791], [-148.559025, -19.682854], [-148.560379, -19.6799], [-148.561971, -19.676543], [-148.563568, -19.673232], [-148.564953, -19.67033], [-148.565811, -19.668534], [-148.567443, -19.665166], [-148.569097, -19.661777], [-148.570694, -19.658387], [-148.571836, -19.65599], [-148.573273, -19.652982], [-148.574722, -19.649595], [-148.576096, -19.646144], [-148.57727, -19.643155], [-148.577987, -19.641345], [-148.579308, -19.637915], [-148.580607, -19.634488], [-148.581879, -19.63113], [-148.582797, -19.628691], [-148.5839, -19.625766], [-148.585155, -19.6224], [-148.586373, -19.619017], [-148.58744, -19.616126], [-148.588807, -19.612394], [-148.589915, -19.609089], [-148.591134, -19.605728], [-148.59217, -19.602855], [-148.593544, -19.599131], [-148.595215, -19.59478], [-148.596496, -19.591324], [-148.597393, -19.588826], [-148.598625, -19.585563], [-148.599925, -19.582095], [-148.60128, -19.578654], [-148.602449, -19.575611], [-148.603704, -19.572327], [-148.605027, -19.56876], [-148.606095, -19.56591], [-148.60714, -19.56304], [-148.60807, -19.56054], [-148.609268, -19.5573], [-148.610626, -19.553639], [-148.611946, -19.55016], [-148.613138, -19.547019], [-148.613841, -19.545074], [-148.61528, -19.541086], [-148.616668, -19.537184], [-148.617791, -19.534008], [-148.618705, -19.531358], [-148.619828, -19.52823], [-148.620942, -19.525146], [-148.622513, -19.520847], [-148.62364, -19.517591], [-148.624355, -19.515599], [-148.625694, -19.511918], [-148.626747, -19.508959], [-148.627815, -19.506072], [-148.628947, -19.502925], [-148.629679, -19.50101], [-148.63105, -19.497399], [-148.632081, -19.494492], [-148.633134, -19.491613], [-148.634271, -19.488511], [-148.634994, -19.48661], [-148.636352, -19.483006], [-148.637452, -19.480053], [-148.638534, -19.4771], [-148.639679, -19.473927], [-148.640864, -19.470711], [-148.642273, -19.466898], [-148.643364, -19.463964], [-148.644448, -19.461089], [-148.645399, -19.458559], [-148.646622, -19.455402], [-148.647743, -19.45255], [-148.648888, -19.449738], [-148.650009, -19.446928], [-148.65101, -19.444446], [-148.652352, -19.441373], [-148.653533, -19.438576], [-148.654739, -19.435773], [-148.655945, -19.432978], [-148.656977, -19.430504], [-148.658334, -19.427343], [-148.659531, -19.424502], [-148.661041, -19.421056], [-148.662541, -19.417566], [-148.663288, -19.415857], [-148.664963, -19.412069], [-148.66623, -19.409325], [-148.667808, -19.405777], [-148.668965, -19.402943], [-148.670278, -19.399672], [-148.672005, -19.395286], [-148.673421, -19.391835], [-148.674568, -19.38898], [-148.675499, -19.38675], [-148.677117, -19.38277], [-148.6783, -19.379982], [-148.679474, -19.377137], [-148.680474, -19.374575], [-148.682305, -19.369989], [-148.683953, -19.365877], [-148.685173, -19.362967], [-148.686107, -19.360516], [-148.68734, -19.357735], [-148.688561, -19.354183], [-148.689636, -19.351045], [-148.690605, -19.348304], [-148.691472, -19.345814], [-148.692612, -19.34264], [-148.693655, -19.339607], [-148.694746, -19.336389], [-148.695339, -19.33475], [-148.696488, -19.331723], [-148.69755, -19.328654], [-148.698616, -19.325525], [-148.699394, -19.323309], [-148.700669, -19.319824], [-148.702049, -19.316121], [-148.703186, -19.312994], [-148.70402, -19.310727], [-148.705338, -19.30722], [-148.706543, -19.304037], [-148.707692, -19.30084], [-148.708659, -19.298279], [-148.709524, -19.295742], [-148.710655, -19.292493], [-148.711761, -19.2893], [-148.713008, -19.28591], [-148.714127, -19.282951], [-148.715339, -19.279719], [-148.716502, -19.276719], [-148.717711, -19.27339], [-148.718796, -19.270357], [-148.719887, -19.267271], [-148.721054, -19.264125], [-148.722353, -19.260743], [-148.723179, -19.258581], [-148.724648, -19.254658], [-148.725814, -19.251416], [-148.72703, -19.248021], [-148.727748, -19.246148], [-148.728363, -19.244197], [-148.728654, -19.243331], [-148.729349, -19.242121], [-148.730068, -19.241143], [-148.730797, -19.24015], [-148.731502, -19.23919], [-148.73232, -19.238222], [-148.733152, -19.23736], [-148.733867, -19.236398], [-148.734827, -19.235328], [-148.735734, -19.234526], [-148.73649, -19.233805], [-148.737593, -19.232929], [-148.738683, -19.232261], [-148.73978, -19.231802], [-148.741108, -19.231444], [-148.742343, -19.231144], [-148.743728, -19.230756], [-148.744974, -19.230514], [-148.746237, -19.230268], [-148.747587, -19.230036], [-148.748999, -19.229861], [-148.750277, -19.229849], [-148.751541, -19.229778], [-148.752794, -19.22973], [-148.753966, -19.229792], [-148.755164, -19.229869], [-148.756435, -19.229789], [-148.757702, -19.22966], [-148.758987, -19.229506], [-148.760181, -19.229463], [-148.761476, -19.229466], [-148.762791, -19.22957], [-148.764202, -19.229709], [-148.765363, -19.229823], [-148.766579, -19.230056], [-148.76775, -19.230374], [-148.768827, -19.230684], [-148.769811, -19.230992], [-148.770725, -19.231198], [-148.771718, -19.231099], [-148.772402, -19.230599], [-148.772937, -19.229866], [-148.773353, -19.229176], [-148.774937, -19.225922], [-148.776693, -19.222841], [-148.778349, -19.21991], [-148.779251, -19.218302], [-148.78089, -19.215291], [-148.782288, -19.212792], [-148.783611, -19.210382], [-148.784863, -19.208154], [-148.786422, -19.205288], [-148.787532, -19.203135], [-148.788608, -19.201032], [-148.789922, -19.198349], [-148.790821, -19.196537], [-148.791786, -19.19453], [-148.793406, -19.191427], [-148.795119, -19.188113], [-148.796093, -19.186199], [-148.797831, -19.182724], [-148.799393, -19.179545], [-148.80085, -19.176733], [-148.801758, -19.17489], [-148.803507, -19.171368], [-148.804941, -19.168472], [-148.805976, -19.166454], [-148.807302, -19.163664], [-148.808446, -19.161305], [-148.809348, -19.159335], [-148.810315, -19.15728], [-148.811518, -19.15467], [-148.812627, -19.152338], [-148.813667, -19.150282], [-148.814855, -19.147799], [-148.815841, -19.145746], [-148.817042, -19.143419], [-148.818323, -19.140883], [-148.819677, -19.138325], [-148.82045, -19.136767], [-148.821833, -19.134101], [-148.823033, -19.131708], [-148.824172, -19.129436], [-148.825221, -19.127438], [-148.826772, -19.124585], [-148.828593, -19.121474], [-148.829876, -19.119089], [-148.831411, -19.116485], [-148.833171, -19.113479], [-148.834804, -19.11064], [-148.836059, -19.108559], [-148.837529, -19.106152], [-148.838673, -19.104003], [-148.839706, -19.102053], [-148.840846, -19.099856], [-148.842046, -19.097459], [-148.843267, -19.095212], [-148.844361, -19.093224], [-148.845769, -19.090664], [-148.847296, -19.087901], [-148.848629, -19.085463], [-148.850199, -19.082572], [-148.851623, -19.079962], [-148.852901, -19.077529], [-148.854107, -19.075334], [-148.855647, -19.072569], [-148.857074, -19.070059], [-148.857975, -19.068523], [-148.859665, -19.06565], [-148.861511, -19.062569], [-148.862663, -19.060542], [-148.863927, -19.058459], [-148.865715, -19.05539], [-148.867471, -19.052487], [-148.868538, -19.050735], [-148.870092, -19.048085], [-148.872025, -19.044888], [-148.873643, -19.042222], [-148.87531, -19.039543], [-148.876658, -19.037313], [-148.877926, -19.035222], [-148.87917, -19.033173], [-148.881027, -19.029992], [-148.882137, -19.02806], [-148.88314, -19.026145], [-148.884857, -19.023095], [-148.88627, -19.020693], [-148.88797, -19.017802], [-148.889572, -19.015232], [-148.891221, -19.012481], [-148.892475, -19.010333], [-148.894383, -19.007239], [-148.896017, -19.004557], [-148.89723, -19.00256], [-148.898723, -18.999999], [-148.900375, -18.997193], [-148.902008, -18.994405], [-148.903127, -18.992567], [-148.904825, -18.989773], [-148.906544, -18.98693], [-148.908064, -18.984358], [-148.909267, -18.982338], [-148.911316, -18.978863], [-148.912735, -18.976495], [-148.913988, -18.974449], [-148.915538, -18.971859], [-148.917302, -18.968919], [-148.919293, -18.965721], [-148.920277, -18.96422], [-148.922094, -18.961226], [-148.92362, -18.958692], [-148.924816, -18.956695], [-148.926183, -18.954286], [-148.927806, -18.951496], [-148.929517, -18.94863], [-148.93055, -18.946977], [-148.93261, -18.943639], [-148.934225, -18.940942], [-148.935604, -18.93849], [-148.936732, -18.93656], [-148.938248, -18.933885], [-148.939824, -18.931143], [-148.941094, -18.929022], [-148.942424, -18.927066], [-148.943725, -18.925132], [-148.945324, -18.922692], [-148.946506, -18.920881], [-148.948692, -18.917541], [-148.950271, -18.915183], [-148.951971, -18.912742], [-148.953045, -18.911179], [-148.955032, -18.908247], [-148.956635, -18.905855], [-148.957828, -18.904155], [-148.959223, -18.90211], [-148.960673, -18.899949], [-148.96203, -18.89785], [-148.963074, -18.896322], [-148.964844, -18.893751], [-148.966232, -18.891745], [-148.967342, -18.890086], [-148.968867, -18.887848], [-148.970454, -18.885574], [-148.972036, -18.88334], [-148.973124, -18.881881], [-148.975001, -18.879503], [-148.976497, -18.87758], [-148.977818, -18.875793], [-148.979462, -18.873582], [-148.981303, -18.871064], [-148.983248, -18.868437], [-148.984352, -18.866951], [-148.986308, -18.864404], [-148.987981, -18.862269], [-148.989557, -18.860242], [-148.991131, -18.858212], [-148.993224, -18.855553], [-148.995045, -18.853198], [-148.996559, -18.851247], [-148.998681, -18.84854], [-149.000712, -18.845876], [-149.002189, -18.843915], [-149.0044, -18.841053], [-149.006714, -18.838214], [-149.008493, -18.835908], [-149.00996, -18.833974], [-149.012497, -18.830817], [-149.014288, -18.828669], [-149.01593, -18.826763], [-149.017883, -18.824752], [-149.020111, -18.822077], [-149.022445, -18.819683], [-149.025088, -18.817188], [-149.027314, -18.815022], [-149.030769, -18.811684], [-149.033211, -18.809265], [-149.035653, -18.806802], [-149.038245, -18.804242], [-149.04152, -18.801026], [-149.043938, -18.798628], [-149.04631, -18.796296], [-149.048836, -18.793753], [-149.050964, -18.791558], [-149.05336, -18.789108], [-149.055702, -18.786699], [-149.057982, -18.784398], [-149.060469, -18.781857], [-149.062592, -18.779675], [-149.065025, -18.777163], [-149.06739, -18.774711], [-149.069618, -18.772447], [-149.072021, -18.769925], [-149.074667, -18.767231], [-149.077363, -18.764504], [-149.080002, -18.761762], [-149.082729, -18.758971], [-149.084967, -18.756764], [-149.087296, -18.754461], [-149.089686, -18.752045], [-149.092192, -18.749588], [-149.093876, -18.7479], [-149.096436, -18.745348], [-149.098549, -18.743181], [-149.100791, -18.740906], [-149.102391, -18.739274], [-149.105094, -18.736686], [-149.107239, -18.734593], [-149.109331, -18.732508], [-149.11089, -18.730976], [-149.113318, -18.728533], [-149.11526, -18.726588], [-149.117014, -18.724927], [-149.119268, -18.72266], [-149.121343, -18.720545], [-149.123489, -18.718597], [-149.125306, -18.716686], [-149.127731, -18.713974], [-149.129852, -18.71182], [-149.131939, -18.709745], [-149.13356, -18.708112], [-149.136073, -18.705595], [-149.138555, -18.70294], [-149.140825, -18.700525], [-149.143258, -18.698116], [-149.14538, -18.696001], [-149.147867, -18.693505], [-149.149485, -18.691892], [-149.151723, -18.689599], [-149.153997, -18.687217], [-149.155949, -18.685123], [-149.157186, -18.6838], [-149.159911, -18.681024], [-149.162212, -18.678653], [-149.163915, -18.676882], [-149.166422, -18.674361], [-149.169149, -18.671684], [-149.170921, -18.669963], [-149.172994, -18.66813], [-149.175008, -18.666134], [-149.177053, -18.664058], [-149.178749, -18.662426], [-149.181346, -18.659934], [-149.183869, -18.657506], [-149.185318, -18.656129], [-149.187683, -18.653833], [-149.189621, -18.652014], [-149.191372, -18.650457], [-149.193706, -18.648317], [-149.19602, -18.646241], [-149.198096, -18.644408], [-149.199607, -18.643054], [-149.202494, -18.640484], [-149.204814, -18.638411], [-149.2069, -18.636546], [-149.209509, -18.634279], [-149.212117, -18.631958], [-149.214243, -18.630011], [-149.216034, -18.628472], [-149.218846, -18.625943], [-149.221836, -18.623105], [-149.223163, -18.621849], [-149.225792, -18.619423], [-149.227976, -18.617435], [-149.230121, -18.615417], [-149.23159, -18.614143], [-149.234335, -18.611671], [-149.236756, -18.609463], [-149.238402, -18.608086], [-149.240382, -18.606391], [-149.242635, -18.604396], [-149.244815, -18.602476], [-149.246539, -18.600966], [-149.248876, -18.598869], [-149.251007, -18.596996], [-149.252881, -18.595368], [-149.254995, -18.593333], [-149.256841, -18.591557], [-149.258828, -18.589925], [-149.260198, -18.588358], [-149.262751, -18.585667], [-149.26524, -18.583858], [-149.267228, -18.582301], [-149.268921, -18.580167], [-149.271983, -18.578061], [-149.273834, -18.576415], [-149.276073, -18.574412], [-149.278077, -18.572601], [-149.279507, -18.571325], [-149.281952, -18.569074], [-149.284863, -18.566318], [-149.28634, -18.564921], [-149.289314, -18.562015], [-149.291495, -18.559892], [-149.293217, -18.558208], [-149.295493, -18.556021], [-149.297811, -18.553784], [-149.300146, -18.55153], [-149.301662, -18.550073], [-149.304032, -18.54783], [-149.306183, -18.54564], [-149.307961, -18.54396], [-149.310441, -18.541617], [-149.312867, -18.53935], [-149.314852, -18.537457], [-149.316666, -18.535717], [-149.319173, -18.533288], [-149.321779, -18.530621], [-149.323018, -18.529338], [-149.325492, -18.526879], [-149.327927, -18.524448], [-149.330065, -18.522307], [-149.332347, -18.520125], [-149.335549, -18.517036], [-149.338093, -18.514527], [-149.339508, -18.513137], [-149.341898, -18.510764], [-149.344385, -18.508218], [-149.346443, -18.505709], [-149.34755, -18.503672], [-149.349404, -18.500211], [-149.350896, -18.497314], [-149.352549, -18.494247], [-149.354071, -18.49145], [-149.35572, -18.488477], [-149.357361, -18.485504], [-149.359086, -18.482281], [-149.359945, -18.480746], [-149.361565, -18.477851], [-149.363154, -18.4751], [-149.364987, -18.472083], [-149.366165, -18.470113], [-149.368037, -18.466912], [-149.369782, -18.463903], [-149.371417, -18.461108], [-149.372828, -18.458508], [-149.374628, -18.455208], [-149.376552, -18.451932], [-149.378047, -18.449404], [-149.379719, -18.446453], [-149.381363, -18.443486], [-149.383052, -18.440634], [-149.384498, -18.438135], [-149.386413, -18.434865], [-149.388794, -18.430742], [-149.390485, -18.427887], [-149.391876, -18.425454], [-149.3936, -18.422401], [-149.395289, -18.419439], [-149.397011, -18.41644], [-149.398386, -18.41409], [-149.400629, -18.411206], [-149.401298, -18.41269], [-149.401517, -18.414325], [-149.401665, -18.416915], [-149.401502, -18.418919], [-149.401341, -18.421371], [-149.401145, -18.423871], [-149.401024, -18.426472], [-149.401131, -18.429011], [-149.401312, -18.430992], [-149.401417, -18.433616], [-149.401651, -18.436246], [-149.4016, -18.43805], [-149.401985, -18.439818], [-149.402752, -18.441207], [-149.403591, -18.442887], [-149.404262, -18.444407], [-149.404984, -18.445942], [-149.405782, -18.447615], [-149.406599, -18.448974], [-149.407692, -18.450762], [-149.408524, -18.452105], [-149.409506, -18.453605], [-149.410257, -18.454874], [-149.410933, -18.456208], [-149.413564, -18.454737], [-149.416468, -18.452338], [-149.419133, -18.450126], [-149.420749, -18.448465], [-149.423057, -18.445582], [-149.424815, -18.443117], [-149.426705, -18.440421], [-149.428261, -18.438724], [-149.430466, -18.435988], [-149.432318, -18.433475], [-149.434219, -18.431044], [-149.435867, -18.429434], [-149.438074, -18.426899], [-149.440028, -18.424273], [-149.441779, -18.422258], [-149.443828, -18.420262], [-149.445429, -18.418558], [-149.447053, -18.416895], [-149.44817, -18.415126], [-149.449703, -18.412974], [-149.451281, -18.410827], [-149.452661, -18.408821], [-149.454183, -18.407007], [-149.455595, -18.405054], [-149.456811, -18.403937], [-149.459157, -18.402074], [-149.460983, -18.400145], [-149.462354, -18.398642], [-149.464051, -18.396844], [-149.466909, -18.394604], [-149.469233, -18.39324], [-149.471563, -18.392057], [-149.474238, -18.390774], [-149.476304, -18.389587], [-149.47784, -18.387974], [-149.479182, -18.38653], [-149.480461, -18.385129], [-149.482007, -18.383659], [-149.48341, -18.382033], [-149.484657, -18.380666], [-149.486061, -18.379059], [-149.487266, -18.377624], [-149.488659, -18.375988], [-149.489947, -18.374444], [-149.490952, -18.373275], [-149.492417, -18.3719], [-149.493583, -18.370696], [-149.494946, -18.369179], [-149.496305, -18.367634], [-149.497376, -18.366248], [-149.499005, -18.364356], [-149.500544, -18.36251], [-149.501744, -18.360745], [-149.503632, -18.357784], [-149.504617, -18.354045], [-149.50504, -18.352169], [-149.50573, -18.348993], [-149.506394, -18.345798], [-149.507213, -18.342067], [-149.507923, -18.338761], [-149.508691, -18.335235], [-149.50936, -18.332125], [-149.510165, -18.328388], [-149.510646, -18.326244], [-149.511536, -18.322121], [-149.512207, -18.318982], [-149.512971, -18.315114], [-149.513661, -18.311684], [-149.514626, -18.306993], [-149.515409, -18.303068], [-149.515962, -18.300505], [-149.516853, -18.295962], [-149.517517, -18.292647], [-149.518165, -18.289189], [-149.518623, -18.286764], [-149.519363, -18.282853], [-149.520009, -18.279425], [-149.520692, -18.275802], [-149.521038, -18.273987], [-149.52169, -18.270532], [-149.522369, -18.267179], [-149.523055, -18.26377], [-149.523548, -18.261387], [-149.524409, -18.257775], [-149.5252, -18.254412], [-149.52595, -18.251071], [-149.526618, -18.24799], [-149.527375, -18.244469], [-149.528092, -18.24119], [-149.528829, -18.23792], [-149.529407, -18.235256], [-149.530065, -18.232621], [-149.530868, -18.229313], [-149.531652, -18.226017], [-149.532507, -18.222467], [-149.533264, -18.219438], [-149.534119, -18.216035], [-149.534979, -18.212654], [-149.535913, -18.208977], [-149.536723, -18.205931], [-149.537636, -18.202573], [-149.538564, -18.199097], [-149.539617, -18.195037], [-149.54033, -18.192279], [-149.541389, -18.188174], [-149.542222, -18.184943], [-149.542928, -18.181959], [-149.543741, -18.17981], [-149.545502, -18.175821], [-149.546956, -18.172619], [-149.548498, -18.169057], [-149.54981, -18.166015], [-149.55127, -18.162661], [-149.552765, -18.159344], [-149.55433, -18.155842], [-149.555333, -18.153628], [-149.557525, -18.148741], [-149.558945, -18.145429], [-149.560282, -18.142479], [-149.561625, -18.139417], [-149.563149, -18.136064], [-149.564688, -18.132752], [-149.566409, -18.129142], [-149.567256, -18.127383], [-149.568914, -18.124072], [-149.570415, -18.121087], [-149.571698, -18.118567], [-149.572881, -18.116302], [-149.574554, -18.112888], [-149.575975, -18.109867], [-149.577182, -18.107311], [-149.577999, -18.105651], [-149.57949, -18.102632], [-149.580968, -18.099548], [-149.582413, -18.096485], [-149.583432, -18.094388], [-149.585328, -18.090404], [-149.586807, -18.087337], [-149.588295, -18.084194], [-149.58936, -18.081986], [-149.591029, -18.078574], [-149.592553, -18.075426], [-149.594091, -18.072258], [-149.595235, -18.069775], [-149.596431, -18.067207], [-149.597916, -18.063973], [-149.599334, -18.060871], [-149.600708, -18.05787], [-149.601471, -18.056199], [-149.602539, -18.052854], [-149.603368, -18.049464], [-149.604119, -18.046143], [-149.604653, -18.043799], [-149.605454, -18.040184], [-149.606209, -18.036898], [-149.606759, -18.034268], [-149.607448, -18.031027], [-149.60801, -18.028408], [-149.608604, -18.025166], [-149.609273, -18.021889], [-149.609978, -18.018368], [-149.610332, -18.016625], [-149.611099, -18.012543], [-149.611785, -18.009211], [-149.612456, -18.005755], [-149.612899, -18.00333], [-149.613563, -17.999841], [-149.614182, -17.99653], [-149.61483, -17.993279], [-149.615236, -17.990986], [-149.615886, -17.987411], [-149.616517, -17.984149], [-149.617193, -17.98088], [-149.617658, -17.978206], [-149.618108, -17.975657], [-149.618652, -17.972432], [-149.619176, -17.969174], [-149.619629, -17.965986], [-149.620068, -17.963433], [-149.620698, -17.959587], [-149.621185, -17.956358], [-149.621727, -17.953164], [-149.622102, -17.95093], [-149.622731, -17.947442], [-149.623298, -17.944261], [-149.623856, -17.941086], [-149.624377, -17.938504], [-149.624853, -17.936007], [-149.625495, -17.93284], [-149.626155, -17.929597], [-149.626784, -17.926162], [-149.627461, -17.923902], [-149.628898, -17.920244], [-149.630132, -17.917185], [-149.631517, -17.913835], [-149.632746, -17.910971], [-149.633995, -17.907921], [-149.635244, -17.904911], [-149.636564, -17.901635], [-149.637273, -17.89998], [-149.63881, -17.896193], [-149.640099, -17.893123], [-149.641403, -17.890017], [-149.642311, -17.887864], [-149.643837, -17.884103], [-149.645219, -17.880671], [-149.646709, -17.876981], [-149.64735, -17.875411], [-149.649223, -17.870797], [-149.650704, -17.867135], [-149.651794, -17.864404], [-149.652492, -17.862694], [-149.654213, -17.85836], [-149.655477, -17.855102], [-149.656798, -17.851716], [-149.657486, -17.850002], [-149.658791, -17.846735], [-149.66008, -17.843443], [-149.661393, -17.84024], [-149.662233, -17.83795], [-149.663584, -17.834434], [-149.664825, -17.831237], [-149.666076, -17.828013], [-149.667086, -17.825397], [-149.668051, -17.822852], [-149.669258, -17.819637], [-149.670411, -17.816511], [-149.671654, -17.813284], [-149.672679, -17.810538], [-149.673996, -17.807129], [-149.675339, -17.803745], [-149.676326, -17.80117], [-149.677476, -17.798094], [-149.678793, -17.794724], [-149.68009, -17.791245], [-149.680914, -17.789055], [-149.682205, -17.785633], [-149.683487, -17.782131], [-149.684599, -17.77903], [-149.68533, -17.776916], [-149.686768, -17.772785], [-149.687866, -17.769548], [-149.68873, -17.766946], [-149.689629, -17.764269], [-149.690727, -17.760899], [-149.691682, -17.758001], [-149.692504, -17.755406], [-149.693085, -17.752746], [-149.69265, -17.749093], [-149.692253, -17.745995], [-149.691805, -17.742727], [-149.69133, -17.739281], [-149.690949, -17.736176], [-149.69049, -17.732385], [-149.690201, -17.730206], [-149.689758, -17.726793], [-149.689293, -17.723598], [-149.688728, -17.719928], [-149.688392, -17.717732], [-149.687836, -17.714254], [-149.687353, -17.711086], [-149.686709, -17.706771], [-149.686515, -17.705221], [-149.686005, -17.701752], [-149.685481, -17.698507], [-149.68499, -17.695259], [-149.684639, -17.692941], [-149.684219, -17.689548], [-149.684061, -17.685717], [-149.684044, -17.682431], [-149.683898, -17.68022], [-149.683797, -17.676667], [-149.683707, -17.673437], [-149.683624, -17.670159], [-149.683559, -17.667501], [-149.683517, -17.664886], [-149.683494, -17.661595], [-149.683471, -17.658363], [-149.683481, -17.654709], [-149.683487, -17.651927], [-149.683556, -17.648639], [-149.683639, -17.645348], [-149.683712, -17.641834], [-149.683741, -17.640097], [-149.683816, -17.636855], [-149.683914, -17.633487], [-149.684051, -17.630112], [-149.684147, -17.627811], [-149.684336, -17.624152], [-149.684524, -17.620839], [-149.684708, -17.617485], [-149.684872, -17.61479], [-149.685059, -17.612111], [-149.685478, -17.60754], [-149.685785, -17.604187], [-149.686171, -17.600485], [-149.686661, -17.59682], [-149.687074, -17.593563], [-149.687432, -17.590218], [-149.687712, -17.587983], [-149.688115, -17.584573], [-149.688584, -17.580858], [-149.689027, -17.577202], [-149.688763, -17.574013], [-149.687815, -17.570303], [-149.686106, -17.567456], [-149.684763, -17.565452], [-149.682999, -17.562766], [-149.680854, -17.559576], [-149.679352, -17.55738], [-149.678288, -17.555785], [-149.676154, -17.552572], [-149.674266, -17.54955], [-149.6731, -17.547555], [-149.671707, -17.545168], [-149.670247, -17.542542], [-149.668909, -17.540015], [-149.668185, -17.538597], [-149.666631, -17.535796], [-149.664728, -17.533304], [-149.663018, -17.531131], [-149.661911, -17.529722], [-149.659825, -17.527054], [-149.658097, -17.524746], [-149.656354, -17.52263], [-149.653814, -17.52145], [-149.651133, -17.520683], [-149.648581, -17.52002], [-149.646053, -17.519405], [-149.642898, -17.518706], [-149.6402, -17.518196], [-149.638223, -17.517824], [-149.635005, -17.517212], [-149.632263, -17.51679], [-149.6298, -17.516412], [-149.627025, -17.515894], [-149.624588, -17.515455], [-149.62212, -17.514923], [-149.619659, -17.514472], [-149.616979, -17.51395], [-149.614294, -17.513415], [-149.612363, -17.513086], [-149.609004, -17.512563], [-149.605792, -17.511977], [-149.603832, -17.511648], [-149.600824, -17.511061], [-149.597895, -17.510527], [-149.595212, -17.509998], [-149.592865, -17.509559], [-149.589616, -17.508931], [-149.586416, -17.50829], [-149.584028, -17.507775], [-149.582117, -17.507967], [-149.579396, -17.509555], [-149.577001, -17.512168], [-149.57477, -17.514736], [-149.574008, -17.516099], [-149.573519, -17.519589], [-149.575389, -17.521414], [-149.578941, -17.523703], [-149.581703, -17.525569], [-149.582838, -17.52693], [-149.58519, -17.530617], [-149.58642, -17.533064], [-149.585963, -17.534888], [-149.584549, -17.537094], [-149.583222, -17.538899], [-149.581555, -17.541039], [-149.579743, -17.541823], [-149.577397, -17.541754], [-149.57488, -17.541171], [-149.572028, -17.539839], [-149.570548, -17.539351], [-149.569716, -17.539584]]}, "times": ["2025-05-28T22:56:40+00:00", "2025-05-29T01:12:19+00:00", "2025-05-29T01:14:22+00:00", "2025-05-29T01:17:23+00:00", "2025-05-29T01:32:20+00:00", "2025-05-29T01:41:11+00:00", "2025-05-29T01:43:11+00:00", "2025-05-29T01:46:11+00:00", "2025-05-29T01:48:11+00:00", "2025-05-29T01:51:11+00:00", "2025-05-29T01:53:11+00:00", "2025-05-29T01:56:11+00:00", "2025-05-29T01:59:11+00:00", "2025-05-29T02:02:11+00:00", "2025-05-29T02:04:11+00:00", "2025-05-29T02:07:11+00:00", "2025-05-29T02:10:11+00:00", "2025-05-29T02:12:26+00:00", "2025-05-29T02:15:11+00:00", "2025-05-29T02:18:11+00:00", "2025-05-29T02:21:11+00:00", "2025-05-29T02:22:15+00:00", "2025-05-29T02:24:11+00:00", "2025-05-29T02:27:11+00:00", "2025-05-29T02:29:11+00:00", "2025-05-29T02:32:11+00:00", "2025-05-29T02:33:11+00:00", "2025-05-29T02:36:11+00:00", "2025-05-29T02:38:11+00:00", "2025-05-29T02:41:11+00:00", "2025-05-29T02:42:27+00:00", "2025-05-29T02:45:11+00:00", "2025-05-29T02:48:11+00:00", "2025-05-29T02:50:11+00:00", "2025-05-29T02:52:28+00:00", "2025-05-29T02:55:11+00:00", "2025-05-29T02:58:11+00:00", "2025-05-29T03:00:11+00:00", "2025-05-29T03:02:15+00:00", "2025-05-29T03:04:11+00:00", "2025-05-29T03:07:11+00:00", "2025-05-29T03:09:11+00:00", "2025-05-29T03:12:11+00:00", "2025-05-29T03:14:11+00:00", "2025-05-29T03:17:11+00:00", "2025-05-29T03:19:11+00:00", "2025-05-29T03:22:11+00:00", "2025-05-29T03:24:11+00:00", "2025-05-29T03:27:11+00:00", "2025-05-29T03:29:11+00:00", "2025-05-29T03:32:11+00:00", "2025-05-29T03:34:11+00:00", "2025-05-29T03:37:11+00:00", "2025-05-29T03:39:11+00:00", "2025-05-29T03:42:11+00:00", "2025-05-29T03:44:11+00:00", "2025-05-29T03:47:11+00:00", "2025-05-29T03:49:11+00:00", "2025-05-29T03:52:11+00:00", "2025-05-29T03:54:11+00:00", "2025-05-29T03:57:11+00:00", "2025-05-29T03:59:11+00:00", "2025-05-29T04:02:11+00:00", "2025-05-29T04:04:11+00:00", "2025-05-29T04:07:11+00:00", "2025-05-29T04:09:11+00:00", "2025-05-29T04:12:11+00:00", "2025-05-29T04:13:12+00:00", "2025-05-29T04:16:12+00:00", "2025-05-29T04:18:12+00:00", "2025-05-29T04:21:12+00:00", "2025-05-29T04:23:12+00:00", "2025-05-29T04:26:12+00:00", "2025-05-29T04:28:12+00:00", "2025-05-29T04:31:12+00:00", "2025-05-29T04:33:12+00:00", "2025-05-29T04:36:12+00:00", "2025-05-29T04:39:12+00:00", "2025-05-29T04:42:12+00:00", "2025-05-29T04:44:12+00:00", "2025-05-29T04:47:12+00:00", "2025-05-29T04:50:12+00:00", "2025-05-29T04:52:30+00:00", "2025-05-29T04:54:12+00:00", "2025-05-29T04:57:12+00:00", "2025-05-29T04:59:12+00:00", "2025-05-29T05:02:12+00:00", "2025-05-29T05:04:12+00:00", "2025-05-29T05:07:13+00:00", "2025-05-29T05:09:13+00:00", "2025-05-29T05:12:13+00:00", "2025-05-29T05:14:13+00:00", "2025-05-29T05:17:13+00:00", "2025-05-29T05:19:13+00:00", "2025-05-29T05:22:13+00:00", "2025-05-29T05:24:13+00:00", "2025-05-29T05:27:13+00:00", "2025-05-29T05:29:13+00:00", "2025-05-29T05:32:13+00:00", "2025-05-29T05:34:13+00:00", "2025-05-29T05:37:13+00:00", "2025-05-29T05:39:13+00:00", "2025-05-29T05:42:13+00:00", "2025-05-29T05:44:13+00:00", "2025-05-29T05:47:13+00:00", "2025-05-29T05:49:13+00:00", "2025-05-29T05:52:13+00:00", "2025-05-29T05:54:13+00:00", "2025-05-29T05:57:13+00:00", "2025-05-29T05:59:13+00:00", "2025-05-29T06:02:13+00:00", "2025-05-29T06:04:13+00:00", "2025-05-29T06:07:13+00:00", "2025-05-29T06:09:13+00:00", "2025-05-29T06:12:13+00:00", "2025-05-29T06:13:13+00:00", "2025-05-29T06:16:13+00:00", "2025-05-29T06:18:13+00:00", "2025-05-29T06:21:13+00:00", "2025-05-29T06:22:40+00:00", "2025-05-29T06:25:13+00:00", "2025-05-29T06:28:13+00:00", "2025-05-29T06:30:13+00:00", "2025-05-29T06:32:30+00:00", "2025-05-29T06:34:13+00:00", "2025-05-29T06:37:13+00:00", "2025-05-29T06:39:13+00:00", "2025-05-29T06:41:13+00:00", "2025-05-29T06:42:30+00:00", "2025-05-29T06:44:13+00:00", "2025-05-29T06:47:13+00:00", "2025-05-29T06:49:13+00:00", "2025-05-29T06:52:13+00:00", "2025-05-29T06:53:13+00:00", "2025-05-29T06:56:13+00:00", "2025-05-29T06:58:13+00:00", "2025-05-29T07:01:13+00:00", "2025-05-29T07:02:30+00:00", "2025-05-29T07:04:13+00:00", "2025-05-29T07:07:13+00:00", "2025-05-29T07:09:13+00:00", "2025-05-29T07:12:13+00:00", "2025-05-29T07:13:15+00:00", "2025-05-29T07:16:15+00:00", "2025-05-29T07:18:15+00:00", "2025-05-29T07:20:15+00:00", "2025-05-29T07:22:15+00:00", "2025-05-29T07:23:16+00:00", "2025-05-29T07:26:16+00:00", "2025-05-29T07:28:16+00:00", "2025-05-29T07:30:16+00:00", "2025-05-29T07:32:16+00:00", "2025-05-29T07:33:16+00:00", "2025-05-29T07:36:16+00:00", "2025-05-29T07:38:16+00:00", "2025-05-29T07:41:16+00:00", "2025-05-29T07:42:30+00:00", "2025-05-29T07:44:16+00:00", "2025-05-29T07:47:16+00:00", "2025-05-29T07:49:16+00:00", "2025-05-29T07:51:16+00:00", "2025-05-29T07:52:45+00:00", "2025-05-29T07:54:16+00:00", "2025-05-29T07:57:16+00:00", "2025-05-29T07:59:16+00:00", "2025-05-29T08:01:16+00:00", "2025-05-29T08:02:45+00:00", "2025-05-29T08:05:16+00:00", "2025-05-29T08:08:16+00:00", "2025-05-29T08:10:16+00:00", "2025-05-29T08:12:45+00:00", "2025-05-29T08:14:16+00:00", "2025-05-29T08:17:16+00:00", "2025-05-29T08:19:16+00:00", "2025-05-29T08:22:16+00:00", "2025-05-29T08:23:16+00:00", "2025-05-29T08:26:16+00:00", "2025-05-29T08:28:16+00:00", "2025-05-29T08:31:16+00:00", "2025-05-29T08:32:45+00:00", "2025-05-29T08:34:16+00:00", "2025-05-29T08:37:16+00:00", "2025-05-29T08:39:16+00:00", "2025-05-29T08:42:16+00:00", "2025-05-29T08:43:16+00:00", "2025-05-29T08:46:16+00:00", "2025-05-29T08:48:16+00:00", "2025-05-29T08:51:16+00:00", "2025-05-29T08:52:48+00:00", "2025-05-29T08:55:16+00:00", "2025-05-29T08:58:16+00:00", "2025-05-29T09:00:16+00:00", "2025-05-29T09:02:45+00:00", "2025-05-29T09:04:16+00:00", "2025-05-29T09:07:16+00:00", "2025-05-29T09:10:16+00:00", "2025-05-29T09:12:16+00:00", "2025-05-29T09:14:16+00:00", "2025-05-29T09:17:16+00:00", "2025-05-29T09:19:16+00:00", "2025-05-29T09:22:16+00:00", "2025-05-29T09:24:16+00:00", "2025-05-29T09:27:16+00:00", "2025-05-29T09:29:16+00:00", "2025-05-29T09:32:16+00:00", "2025-05-29T09:34:16+00:00", "2025-05-29T09:37:16+00:00", "2025-05-29T09:39:16+00:00", "2025-05-29T09:42:16+00:00", "2025-05-29T09:44:16+00:00", "2025-05-29T09:47:16+00:00", "2025-05-29T09:49:16+00:00", "2025-05-29T09:52:16+00:00", "2025-05-29T09:54:16+00:00", "2025-05-29T09:57:16+00:00", "2025-05-29T09:59:16+00:00", "2025-05-29T10:02:16+00:00", "2025-05-29T10:04:16+00:00", "2025-05-29T10:07:16+00:00", "2025-05-29T10:09:16+00:00", "2025-05-29T10:12:16+00:00", "2025-05-29T10:14:16+00:00", "2025-05-29T10:17:16+00:00", "2025-05-29T10:19:16+00:00", "2025-05-29T10:22:16+00:00", "2025-05-29T10:24:16+00:00", "2025-05-29T10:27:16+00:00", "2025-05-29T10:29:16+00:00", "2025-05-29T10:32:16+00:00", "2025-05-29T10:34:16+00:00", "2025-05-29T10:37:16+00:00", "2025-05-29T10:39:16+00:00", "2025-05-29T10:42:16+00:00", "2025-05-29T10:44:20+00:00", "2025-05-29T10:47:20+00:00", "2025-05-29T10:49:20+00:00", "2025-05-29T10:52:20+00:00", "2025-05-29T10:54:20+00:00", "2025-05-29T10:57:20+00:00", "2025-05-29T10:59:20+00:00", "2025-05-29T11:02:20+00:00", "2025-05-29T11:04:20+00:00", "2025-05-29T11:07:20+00:00", "2025-05-29T11:09:20+00:00", "2025-05-29T11:12:20+00:00", "2025-05-29T11:14:20+00:00", "2025-05-29T11:17:20+00:00", "2025-05-29T11:19:20+00:00", "2025-05-29T11:22:20+00:00", "2025-05-29T11:24:20+00:00", "2025-05-29T11:27:20+00:00", "2025-05-29T11:29:20+00:00", "2025-05-29T11:32:20+00:00", "2025-05-29T11:34:22+00:00", "2025-05-29T11:37:22+00:00", "2025-05-29T11:39:22+00:00", "2025-05-29T11:42:22+00:00", "2025-05-29T11:44:22+00:00", "2025-05-29T11:47:22+00:00", "2025-05-29T11:49:22+00:00", "2025-05-29T11:52:22+00:00", "2025-05-29T11:54:22+00:00", "2025-05-29T11:57:22+00:00", "2025-05-29T11:59:22+00:00", "2025-05-29T12:02:22+00:00", "2025-05-29T12:04:22+00:00", "2025-05-29T12:07:22+00:00", "2025-05-29T12:09:22+00:00", "2025-05-29T12:12:22+00:00", "2025-05-29T12:14:25+00:00", "2025-05-29T12:17:25+00:00", "2025-05-29T12:20:25+00:00", "2025-05-29T12:22:45+00:00", "2025-05-29T12:24:25+00:00", "2025-05-29T12:27:26+00:00", "2025-05-29T12:30:26+00:00", "2025-05-29T12:32:26+00:00", "2025-05-29T12:34:26+00:00", "2025-05-29T12:37:26+00:00", "2025-05-29T12:39:26+00:00", "2025-05-29T12:42:26+00:00", "2025-05-29T12:44:26+00:00", "2025-05-29T12:47:26+00:00", "2025-05-29T12:49:26+00:00", "2025-05-29T12:52:26+00:00", "2025-05-29T12:54:26+00:00", "2025-05-29T12:57:26+00:00", "2025-05-29T12:59:26+00:00", "2025-05-29T13:02:26+00:00", "2025-05-29T13:04:26+00:00", "2025-05-29T13:07:26+00:00", "2025-05-29T13:09:26+00:00", "2025-05-29T13:12:26+00:00", "2025-05-29T13:14:26+00:00", "2025-05-29T13:17:26+00:00", "2025-05-29T13:19:26+00:00", "2025-05-29T13:22:26+00:00", "2025-05-29T13:24:26+00:00", "2025-05-29T13:27:26+00:00", "2025-05-29T13:29:26+00:00", "2025-05-29T13:32:26+00:00", "2025-05-29T13:34:26+00:00", "2025-05-29T13:37:26+00:00", "2025-05-29T13:39:26+00:00", "2025-05-29T13:42:26+00:00", "2025-05-29T13:44:26+00:00", "2025-05-29T13:47:26+00:00", "2025-05-29T13:49:26+00:00", "2025-05-29T13:52:26+00:00", "2025-05-29T13:54:26+00:00", "2025-05-29T13:57:26+00:00", "2025-05-29T13:59:26+00:00", "2025-05-29T14:02:26+00:00", "2025-05-29T14:04:26+00:00", "2025-05-29T14:07:26+00:00", "2025-05-29T14:09:26+00:00", "2025-05-29T14:12:26+00:00", "2025-05-29T14:13:26+00:00", "2025-05-29T14:16:27+00:00", "2025-05-29T14:18:27+00:00", "2025-05-29T14:21:27+00:00", "2025-05-29T14:23:00+00:00", "2025-05-29T14:24:27+00:00", "2025-05-29T14:27:28+00:00", "2025-05-29T14:29:28+00:00", "2025-05-29T14:32:28+00:00", "2025-05-29T14:34:28+00:00", "2025-05-29T14:37:28+00:00", "2025-05-29T14:39:28+00:00", "2025-05-29T14:42:28+00:00", "2025-05-29T14:44:28+00:00", "2025-05-29T14:47:28+00:00", "2025-05-29T14:49:28+00:00", "2025-05-29T14:52:28+00:00", "2025-05-29T14:54:28+00:00", "2025-05-29T14:57:28+00:00", "2025-05-29T14:59:28+00:00", "2025-05-29T15:02:28+00:00", "2025-05-29T15:04:28+00:00", "2025-05-29T15:07:28+00:00", "2025-05-29T15:09:28+00:00", "2025-05-29T15:12:28+00:00", "2025-05-29T15:14:28+00:00", "2025-05-29T15:17:29+00:00", "2025-05-29T15:19:29+00:00", "2025-05-29T15:22:29+00:00", "2025-05-29T15:23:49+00:00", "2025-05-29T15:26:49+00:00", "2025-05-29T15:29:49+00:00", "2025-05-29T15:32:49+00:00", "2025-05-29T15:34:49+00:00", "2025-05-29T15:37:49+00:00", "2025-05-29T15:39:49+00:00", "2025-05-29T15:42:49+00:00", "2025-05-29T15:44:49+00:00", "2025-05-29T15:47:49+00:00", "2025-05-29T15:49:49+00:00", "2025-05-29T15:52:49+00:00", "2025-05-29T15:54:49+00:00", "2025-05-29T15:57:49+00:00", "2025-05-29T15:59:49+00:00", "2025-05-29T16:02:49+00:00", "2025-05-29T16:04:49+00:00", "2025-05-29T16:07:49+00:00", "2025-05-29T16:09:49+00:00", "2025-05-29T16:12:49+00:00", "2025-05-29T16:14:49+00:00", "2025-05-29T16:17:49+00:00", "2025-05-29T16:19:49+00:00", "2025-05-29T16:22:49+00:00", "2025-05-29T16:24:49+00:00", "2025-05-29T16:27:49+00:00", "2025-05-29T16:29:49+00:00", "2025-05-29T16:32:56+00:00", "2025-05-29T16:34:56+00:00", "2025-05-29T16:37:56+00:00", "2025-05-29T16:39:56+00:00", "2025-05-29T16:42:56+00:00", "2025-05-29T16:44:56+00:00", "2025-05-29T16:47:56+00:00", "2025-05-29T16:49:56+00:00", "2025-05-29T16:52:56+00:00", "2025-05-29T16:54:56+00:00", "2025-05-29T16:57:56+00:00", "2025-05-29T16:59:56+00:00", "2025-05-29T17:02:56+00:00", "2025-05-29T17:04:56+00:00", "2025-05-29T17:07:56+00:00", "2025-05-29T17:09:56+00:00", "2025-05-29T17:12:56+00:00", "2025-05-29T17:13:56+00:00", "2025-05-29T17:16:56+00:00", "2025-05-29T17:18:56+00:00", "2025-05-29T17:21:56+00:00", "2025-05-29T17:23:56+00:00", "2025-05-29T17:26:56+00:00", "2025-05-29T17:29:56+00:00", "2025-05-29T17:31:56+00:00", "2025-05-29T17:33:56+00:00", "2025-05-29T17:36:56+00:00", "2025-05-29T17:38:56+00:00", "2025-05-29T17:41:56+00:00", "2025-05-29T17:43:12+00:00", "2025-05-29T17:45:56+00:00", "2025-05-29T17:48:56+00:00", "2025-05-29T17:50:56+00:00", "2025-05-29T17:53:00+00:00", "2025-05-29T17:54:56+00:00", "2025-05-29T17:57:56+00:00", "2025-05-29T18:00:56+00:00", "2025-05-29T18:03:00+00:00", "2025-05-29T18:04:56+00:00", "2025-05-29T18:07:56+00:00", "2025-05-29T18:10:56+00:00", "2025-05-29T18:13:14+00:00", "2025-05-29T18:15:56+00:00", "2025-05-29T18:18:56+00:00", "2025-05-29T18:21:56+00:00", "2025-05-29T18:23:56+00:00", "2025-05-29T18:26:56+00:00", "2025-05-29T18:29:56+00:00", "2025-05-29T18:32:56+00:00", "2025-05-29T18:34:56+00:00", "2025-05-29T18:37:56+00:00", "2025-05-29T18:40:56+00:00", "2025-05-29T18:43:15+00:00", "2025-05-29T18:44:56+00:00", "2025-05-29T18:47:56+00:00", "2025-05-29T18:50:56+00:00", "2025-05-29T18:53:15+00:00", "2025-05-29T18:54:56+00:00", "2025-05-29T18:57:56+00:00", "2025-05-29T19:00:56+00:00", "2025-05-29T19:02:56+00:00", "2025-05-29T19:04:56+00:00", "2025-05-29T19:07:56+00:00", "2025-05-29T19:09:56+00:00", "2025-05-29T19:12:56+00:00", "2025-05-29T19:14:56+00:00", "2025-05-29T19:17:56+00:00", "2025-05-29T19:20:56+00:00", "2025-05-29T19:23:17+00:00", "2025-05-29T19:25:56+00:00", "2025-05-29T19:28:56+00:00", "2025-05-29T19:31:56+00:00", "2025-05-29T19:33:56+00:00", "2025-05-29T19:37:05+00:00", "2025-05-29T19:40:05+00:00", "2025-05-29T19:43:05+00:00", "2025-05-29T19:45:05+00:00", "2025-05-29T19:48:05+00:00", "2025-05-29T19:51:05+00:00", "2025-05-29T19:53:20+00:00", "2025-05-29T19:56:08+00:00", "2025-05-29T19:59:09+00:00", "2025-05-29T20:03:09+00:00", "2025-05-29T20:05:09+00:00", "2025-05-29T20:09:09+00:00", "2025-05-29T20:13:09+00:00", "2025-05-29T20:15:09+00:00", "2025-05-29T20:18:09+00:00", "2025-05-29T20:22:09+00:00", "2025-05-29T20:24:09+00:00", "2025-05-29T20:28:15+00:00", "2025-05-29T20:31:19+00:00", "2025-05-29T20:33:22+00:00", "2025-05-29T20:36:19+00:00", "2025-05-29T20:39:24+00:00", "2025-05-29T20:43:15+00:00", "2025-05-29T20:45:21+00:00", "2025-05-29T20:48:21+00:00", "2025-05-29T20:51:21+00:00", "2025-05-29T20:53:23+00:00", "2025-05-29T20:57:21+00:00", "2025-05-29T21:00:23+00:00", "2025-05-29T21:03:15+00:00", "2025-05-29T21:06:23+00:00", "2025-05-29T21:10:23+00:00", "2025-05-29T21:13:23+00:00", "2025-05-29T21:16:23+00:00", "2025-05-29T21:20:23+00:00", "2025-05-29T21:23:24+00:00", "2025-05-29T21:27:24+00:00", "2025-05-29T21:31:24+00:00", "2025-05-29T21:34:24+00:00", "2025-05-29T21:37:24+00:00", "2025-05-29T21:40:24+00:00", "2025-05-29T21:43:24+00:00", "2025-05-29T21:46:24+00:00", "2025-05-29T21:49:25+00:00", "2025-05-29T21:52:25+00:00", "2025-05-29T21:55:25+00:00", "2025-05-29T21:58:25+00:00", "2025-05-29T22:02:25+00:00", "2025-05-29T22:05:25+00:00", "2025-05-29T22:08:25+00:00", "2025-05-29T22:11:25+00:00", "2025-05-29T22:13:27+00:00", "2025-05-29T22:16:25+00:00", "2025-05-29T22:19:26+00:00", "2025-05-29T22:22:26+00:00", "2025-05-29T22:24:26+00:00", "2025-05-29T22:27:26+00:00", "2025-05-29T22:30:26+00:00", "2025-05-29T22:33:30+00:00", "2025-05-29T22:36:26+00:00", "2025-05-29T22:41:31+00:00", "2025-05-29T22:44:24+00:00", "2025-05-29T22:47:27+00:00", "2025-05-29T22:50:27+00:00", "2025-05-29T22:53:30+00:00", "2025-05-29T22:56:28+00:00", "2025-05-29T22:59:28+00:00", "2025-05-29T23:03:28+00:00", "2025-05-29T23:05:28+00:00", "2025-05-29T23:08:28+00:00", "2025-05-29T23:11:28+00:00", "2025-05-29T23:14:28+00:00", "2025-05-29T23:18:28+00:00", "2025-05-29T23:20:28+00:00", "2025-05-29T23:22:28+00:00", "2025-05-29T23:23:30+00:00", "2025-05-29T23:25:28+00:00", "2025-05-29T23:28:28+00:00", "2025-05-29T23:30:28+00:00", "2025-05-29T23:32:28+00:00", "2025-05-29T23:33:30+00:00", "2025-05-29T23:35:28+00:00", "2025-05-29T23:38:28+00:00", "2025-05-29T23:40:28+00:00", "2025-05-29T23:42:28+00:00", "2025-05-29T23:43:30+00:00", "2025-05-29T23:45:28+00:00", "2025-05-29T23:48:28+00:00", "2025-05-29T23:50:28+00:00", "2025-05-29T23:52:28+00:00", "2025-05-29T23:53:30+00:00", "2025-05-29T23:55:28+00:00", "2025-05-29T23:58:28+00:00", "2025-05-30T00:00:28+00:00", "2025-05-30T00:02:28+00:00", "2025-05-30T00:03:30+00:00", "2025-05-30T00:05:28+00:00", "2025-05-30T00:08:28+00:00", "2025-05-30T00:10:28+00:00", "2025-05-30T00:12:28+00:00", "2025-05-30T00:13:30+00:00", "2025-05-30T00:15:28+00:00", "2025-05-30T00:18:28+00:00", "2025-05-30T00:20:28+00:00", "2025-05-30T00:22:28+00:00", "2025-05-30T00:23:30+00:00", "2025-05-30T00:25:28+00:00", "2025-05-30T00:28:28+00:00", "2025-05-30T00:30:28+00:00", "2025-05-30T00:32:28+00:00", "2025-05-30T00:33:35+00:00", "2025-05-30T00:36:28+00:00", "2025-05-30T00:38:28+00:00", "2025-05-30T00:40:28+00:00", "2025-05-30T00:42:28+00:00", "2025-05-30T00:43:35+00:00", "2025-05-30T00:46:28+00:00", "2025-05-30T00:48:28+00:00", "2025-05-30T00:50:28+00:00", "2025-05-30T00:52:28+00:00", "2025-05-30T00:53:36+00:00", "2025-05-30T00:56:28+00:00", "2025-05-30T00:58:28+00:00", "2025-05-30T01:01:28+00:00", "2025-05-30T01:03:28+00:00", "2025-05-30T01:05:28+00:00", "2025-05-30T01:08:28+00:00", "2025-05-30T01:10:28+00:00", "2025-05-30T01:13:28+00:00", "2025-05-30T01:15:28+00:00", "2025-05-30T01:18:28+00:00", "2025-05-30T01:20:28+00:00", "2025-05-30T01:23:28+00:00", "2025-05-30T01:25:28+00:00", "2025-05-30T01:28:28+00:00", "2025-05-30T01:30:28+00:00", "2025-05-30T01:33:28+00:00", "2025-05-30T01:35:28+00:00", "2025-05-30T01:38:28+00:00", "2025-05-30T01:40:28+00:00", "2025-05-30T01:43:28+00:00", "2025-05-30T01:44:28+00:00", "2025-05-30T01:47:28+00:00", "2025-05-30T01:49:28+00:00", "2025-05-30T01:52:29+00:00", "2025-05-30T01:53:38+00:00", "2025-05-30T01:56:29+00:00", "2025-05-30T01:59:29+00:00", "2025-05-30T02:01:29+00:00", "2025-05-30T02:03:39+00:00", "2025-05-30T02:06:29+00:00", "2025-05-30T02:08:29+00:00", "2025-05-30T02:11:29+00:00", "2025-05-30T02:13:29+00:00", "2025-05-30T02:15:29+00:00", "2025-05-30T02:18:29+00:00", "2025-05-30T02:20:29+00:00", "2025-05-30T02:23:29+00:00", "2025-05-30T02:25:29+00:00", "2025-05-30T02:28:29+00:00", "2025-05-30T02:31:30+00:00", "2025-05-30T02:33:39+00:00", "2025-05-30T02:36:30+00:00", "2025-05-30T02:39:30+00:00", "2025-05-30T02:42:30+00:00", "2025-05-30T02:44:30+00:00", "2025-05-30T02:47:30+00:00", "2025-05-30T02:50:30+00:00", "2025-05-30T02:53:30+00:00", "2025-05-30T02:55:30+00:00", "2025-05-30T02:58:30+00:00", "2025-05-30T03:01:31+00:00", "2025-05-30T03:03:41+00:00", "2025-05-30T03:06:31+00:00", "2025-05-30T03:09:31+00:00", "2025-05-30T03:11:31+00:00", "2025-05-30T03:13:41+00:00", "2025-05-30T03:16:31+00:00", "2025-05-30T03:19:31+00:00", "2025-05-30T03:22:31+00:00", "2025-05-30T03:23:41+00:00", "2025-05-30T03:26:32+00:00", "2025-05-30T03:29:32+00:00", "2025-05-30T03:31:36+00:00", "2025-05-30T03:33:30+00:00", "2025-05-30T03:34:36+00:00", "2025-05-30T03:37:36+00:00", "2025-05-30T03:39:36+00:00", "2025-05-30T03:41:36+00:00", "2025-05-30T03:43:36+00:00", "2025-05-30T03:45:36+00:00", "2025-05-30T03:48:36+00:00", "2025-05-30T03:50:40+00:00", "2025-05-30T03:53:30+00:00", "2025-05-30T03:54:40+00:00", "2025-05-30T03:57:40+00:00", "2025-05-30T03:59:40+00:00", "2025-05-30T04:02:40+00:00", "2025-05-30T04:03:43+00:00", "2025-05-30T04:06:40+00:00", "2025-05-30T04:08:40+00:00", "2025-05-30T04:11:40+00:00", "2025-05-30T04:13:30+00:00", "2025-05-30T04:14:40+00:00", "2025-05-30T04:17:40+00:00", "2025-05-30T04:19:40+00:00", "2025-05-30T04:22:40+00:00", "2025-05-30T04:23:44+00:00", "2025-05-30T04:26:40+00:00", "2025-05-30T04:28:40+00:00", "2025-05-30T04:30:40+00:00", "2025-05-30T04:32:40+00:00", "2025-05-30T04:33:45+00:00", "2025-05-30T04:35:40+00:00", "2025-05-30T04:38:40+00:00", "2025-05-30T04:40:40+00:00", "2025-05-30T04:42:40+00:00", "2025-05-30T04:43:45+00:00", "2025-05-30T04:45:40+00:00", "2025-05-30T04:48:40+00:00", "2025-05-30T04:50:40+00:00", "2025-05-30T04:52:40+00:00", "2025-05-30T04:53:45+00:00", "2025-05-30T04:55:40+00:00", "2025-05-30T04:58:40+00:00", "2025-05-30T05:00:40+00:00", "2025-05-30T05:02:40+00:00", "2025-05-30T05:03:45+00:00", "2025-05-30T05:05:40+00:00", "2025-05-30T05:08:40+00:00", "2025-05-30T05:10:40+00:00", "2025-05-30T05:12:40+00:00", "2025-05-30T05:13:45+00:00", "2025-05-30T05:15:41+00:00", "2025-05-30T05:18:41+00:00", "2025-05-30T05:20:41+00:00", "2025-05-30T05:22:41+00:00", "2025-05-30T05:23:45+00:00", "2025-05-30T05:25:41+00:00", "2025-05-30T05:28:41+00:00", "2025-05-30T05:30:41+00:00", "2025-05-30T05:33:41+00:00", "2025-05-30T05:34:41+00:00", "2025-05-30T05:37:45+00:00", "2025-05-30T05:39:45+00:00", "2025-05-30T05:42:45+00:00", "2025-05-30T05:43:48+00:00", "2025-05-30T05:46:45+00:00", "2025-05-30T05:48:45+00:00", "2025-05-30T05:50:45+00:00", "2025-05-30T05:52:46+00:00", "2025-05-30T05:53:49+00:00", "2025-05-30T05:56:46+00:00", "2025-05-30T05:58:46+00:00", "2025-05-30T06:00:46+00:00", "2025-05-30T06:02:46+00:00", "2025-05-30T06:03:46+00:00", "2025-05-30T06:05:46+00:00", "2025-05-30T06:08:46+00:00", "2025-05-30T06:10:46+00:00", "2025-05-30T06:12:46+00:00", "2025-05-30T06:13:49+00:00", "2025-05-30T06:16:50+00:00", "2025-05-30T06:18:50+00:00", "2025-05-30T06:20:50+00:00", "2025-05-30T06:22:50+00:00", "2025-05-30T06:23:49+00:00", "2025-05-30T06:25:50+00:00", "2025-05-30T06:28:50+00:00", "2025-05-30T06:30:50+00:00", "2025-05-30T06:32:50+00:00", "2025-05-30T06:33:50+00:00", "2025-05-30T06:36:50+00:00", "2025-05-30T06:38:50+00:00", "2025-05-30T06:40:50+00:00", "2025-05-30T06:42:50+00:00", "2025-05-30T06:43:50+00:00", "2025-05-30T06:46:50+00:00", "2025-05-30T06:48:50+00:00", "2025-05-30T06:50:50+00:00", "2025-05-30T06:52:50+00:00", "2025-05-30T06:53:50+00:00", "2025-05-30T06:56:55+00:00", "2025-05-30T06:58:55+00:00", "2025-05-30T07:00:55+00:00", "2025-05-30T07:02:55+00:00", "2025-05-30T07:03:52+00:00", "2025-05-30T07:05:55+00:00", "2025-05-30T07:08:55+00:00", "2025-05-30T07:10:55+00:00", "2025-05-30T07:12:55+00:00", "2025-05-30T07:13:52+00:00", "2025-05-30T07:15:55+00:00", "2025-05-30T07:18:55+00:00", "2025-05-30T07:20:55+00:00", "2025-05-30T07:22:55+00:00", "2025-05-30T07:23:55+00:00", "2025-05-30T07:26:55+00:00", "2025-05-30T07:28:55+00:00", "2025-05-30T07:30:55+00:00", "2025-05-30T07:32:55+00:00", "2025-05-30T07:33:53+00:00", "2025-05-30T07:36:49+00:00", "2025-05-30T07:38:50+00:00", "2025-05-30T07:40:51+00:00", "2025-05-30T07:42:51+00:00", "2025-05-30T07:43:54+00:00", "2025-05-30T07:46:52+00:00", "2025-05-30T07:50:50+00:00", "2025-05-30T07:52:51+00:00", "2025-05-30T07:53:54+00:00", "2025-05-30T07:56:52+00:00", "2025-05-30T07:59:52+00:00", "2025-05-30T08:01:52+00:00", "2025-05-30T08:03:52+00:00", "2025-05-30T08:05:52+00:00", "2025-05-30T08:08:52+00:00", "2025-05-30T08:10:52+00:00", "2025-05-30T08:13:45+00:00", "2025-05-30T08:15:53+00:00", "2025-05-30T08:19:50+00:00", "2025-05-30T08:21:52+00:00", "2025-05-30T08:23:45+00:00", "2025-05-30T08:25:52+00:00", "2025-05-30T08:29:00+00:00", "2025-05-30T08:31:21+00:00", "2025-05-30T08:33:45+00:00", "2025-05-30T08:34:53+00:00", "2025-05-30T08:37:54+00:00", "2025-05-30T08:39:54+00:00", "2025-05-30T08:42:54+00:00", "2025-05-30T08:43:56+00:00", "2025-05-30T08:46:55+00:00", "2025-05-30T08:48:56+00:00", "2025-05-30T08:51:56+00:00", "2025-05-30T08:53:45+00:00", "2025-05-30T08:55:56+00:00", "2025-05-30T08:58:56+00:00", "2025-05-30T09:01:56+00:00", "2025-05-30T09:03:56+00:00", "2025-05-30T09:05:56+00:00", "2025-05-30T09:08:56+00:00", "2025-05-30T09:10:56+00:00", "2025-05-30T09:13:45+00:00", "2025-05-30T09:14:56+00:00", "2025-05-30T09:17:57+00:00", "2025-05-30T09:19:57+00:00", "2025-05-30T09:22:57+00:00", "2025-05-30T09:23:57+00:00", "2025-05-30T09:26:57+00:00", "2025-05-30T09:29:57+00:00", "2025-05-30T09:31:57+00:00", "2025-05-30T09:33:57+00:00", "2025-05-30T09:35:57+00:00", "2025-05-30T09:38:57+00:00", "2025-05-30T09:40:57+00:00", "2025-05-30T09:43:45+00:00", "2025-05-30T09:45:58+00:00", "2025-05-30T09:48:58+00:00", "2025-05-30T09:50:58+00:00", "2025-05-30T09:53:45+00:00", "2025-05-30T09:55:58+00:00", "2025-05-30T09:58:58+00:00", "2025-05-30T10:00:58+00:00", "2025-05-30T10:03:59+00:00", "2025-05-30T10:05:59+00:00", "2025-05-30T10:09:57+00:00", "2025-05-30T10:11:57+00:00", "2025-05-30T10:14:05+00:00", "2025-05-30T10:18:03+00:00", "2025-05-30T10:20:03+00:00", "2025-05-30T10:23:03+00:00", "2025-05-30T10:24:06+00:00", "2025-05-30T10:27:11+00:00", "2025-05-30T10:30:03+00:00", "2025-05-30T10:32:03+00:00", "2025-05-30T10:34:07+00:00", "2025-05-30T10:38:11+00:00", "2025-05-30T10:41:04+00:00", "2025-05-30T10:43:11+00:00", "2025-05-30T10:45:03+00:00", "2025-05-30T10:48:04+00:00", "2025-05-30T10:51:05+00:00", "2025-05-30T10:54:00+00:00", "2025-05-30T10:56:05+00:00", "2025-05-30T10:59:16+00:00", "2025-05-30T11:02:06+00:00", "2025-05-30T11:04:00+00:00", "2025-05-30T11:06:08+00:00", "2025-05-30T11:09:08+00:00", "2025-05-30T11:12:08+00:00", "2025-05-30T11:14:08+00:00", "2025-05-30T11:17:08+00:00", "2025-05-30T11:20:08+00:00", "2025-05-30T11:23:08+00:00", "2025-05-30T11:26:08+00:00", "2025-05-30T11:29:11+00:00", "2025-05-30T11:33:07+00:00", "2025-05-30T11:35:07+00:00", "2025-05-30T11:38:08+00:00", "2025-05-30T11:41:08+00:00", "2025-05-30T11:44:10+00:00", "2025-05-30T11:47:10+00:00", "2025-05-30T11:50:11+00:00", "2025-05-30T11:53:23+00:00", "2025-05-30T11:56:08+00:00", "2025-05-30T11:59:09+00:00", "2025-05-30T12:02:10+00:00", "2025-05-30T12:04:11+00:00", "2025-05-30T12:07:17+00:00", "2025-05-30T12:11:09+00:00", "2025-05-30T12:14:00+00:00", "2025-05-30T12:16:38+00:00", "2025-05-30T12:20:10+00:00", "2025-05-30T12:22:37+00:00", "2025-05-30T12:25:11+00:00", "2025-05-30T12:28:13+00:00", "2025-05-30T12:31:14+00:00", "2025-05-30T12:34:14+00:00", "2025-05-30T12:36:16+00:00", "2025-05-30T12:40:14+00:00", "2025-05-30T12:42:17+00:00", "2025-05-30T12:45:13+00:00", "2025-05-30T12:48:15+00:00", "2025-05-30T12:51:15+00:00", "2025-05-30T12:54:15+00:00", "2025-05-30T12:56:15+00:00", "2025-05-30T12:59:15+00:00", "2025-05-30T13:02:16+00:00", "2025-05-30T13:04:17+00:00", "2025-05-30T13:07:17+00:00", "2025-05-30T13:10:19+00:00", "2025-05-30T13:13:19+00:00", "2025-05-30T13:15:19+00:00", "2025-05-30T13:18:23+00:00", "2025-05-30T13:22:16+00:00", "2025-05-30T13:24:18+00:00", "2025-05-30T13:27:17+00:00", "2025-05-30T13:30:17+00:00", "2025-05-30T13:33:18+00:00", "2025-05-30T13:35:18+00:00", "2025-05-30T13:39:16+00:00", "2025-05-30T13:41:17+00:00", "2025-05-30T13:44:15+00:00", "2025-05-30T13:46:18+00:00", "2025-05-30T13:49:18+00:00", "2025-05-30T13:52:18+00:00", "2025-05-30T13:54:20+00:00", "2025-05-30T13:57:18+00:00", "2025-05-30T14:00:19+00:00", "2025-05-30T14:03:19+00:00", "2025-05-30T14:05:19+00:00", "2025-05-30T14:08:19+00:00", "2025-05-30T14:11:20+00:00", "2025-05-30T14:14:15+00:00", "2025-05-30T14:15:20+00:00", "2025-05-30T14:18:20+00:00", "2025-05-30T14:20:20+00:00", "2025-05-30T14:23:20+00:00", "2025-05-30T14:25:20+00:00", "2025-05-30T14:28:20+00:00", "2025-05-30T14:31:21+00:00", "2025-05-30T14:34:15+00:00", "2025-05-30T14:36:21+00:00", "2025-05-30T14:39:21+00:00", "2025-05-30T14:42:22+00:00", "2025-05-30T14:45:23+00:00", "2025-05-30T14:48:23+00:00", "2025-05-30T14:52:21+00:00", "2025-05-30T14:54:24+00:00", "2025-05-30T14:58:23+00:00", "2025-05-30T15:01:29+00:00", "2025-05-30T15:04:26+00:00", "2025-05-30T15:08:24+00:00", "2025-05-30T15:10:25+00:00", "2025-05-30T15:13:26+00:00", "2025-05-30T15:15:30+00:00", "2025-05-30T15:18:30+00:00", "2025-05-30T15:21:26+00:00", "2025-05-30T15:24:15+00:00", "2025-05-30T15:26:26+00:00", "2025-05-30T15:29:26+00:00", "2025-05-30T15:31:27+00:00", "2025-05-30T15:34:15+00:00", "2025-05-30T15:36:27+00:00", "2025-05-30T15:39:27+00:00", "2025-05-30T15:42:27+00:00", "2025-05-30T15:44:28+00:00", "2025-05-30T15:47:27+00:00", "2025-05-30T15:50:27+00:00", "2025-05-30T15:53:28+00:00", "2025-05-30T15:55:28+00:00", "2025-05-30T15:58:28+00:00", "2025-05-30T16:01:28+00:00", "2025-05-30T16:04:28+00:00", "2025-05-30T16:05:36+00:00", "2025-05-30T16:09:27+00:00", "2025-05-30T16:12:27+00:00", "2025-05-30T16:14:30+00:00", "2025-05-30T16:17:35+00:00", "2025-05-30T16:21:29+00:00", "2025-05-30T16:24:27+00:00", "2025-05-30T16:26:29+00:00", "2025-05-30T16:29:29+00:00", "2025-05-30T16:32:29+00:00", "2025-05-30T16:34:30+00:00", "2025-05-30T16:38:28+00:00", "2025-05-30T16:41:26+00:00", "2025-05-30T16:44:30+00:00", "2025-05-30T16:46:30+00:00", "2025-05-30T16:49:30+00:00", "2025-05-30T16:52:30+00:00", "2025-05-30T16:54:33+00:00", "2025-05-30T16:57:34+00:00", "2025-05-30T17:01:31+00:00", "2025-05-30T17:03:34+00:00", "2025-05-30T17:05:34+00:00", "2025-05-30T17:09:03+00:00", "2025-05-30T17:11:31+00:00", "2025-05-30T17:14:30+00:00", "2025-05-30T17:16:31+00:00", "2025-05-30T17:19:39+00:00", "2025-05-30T17:22:30+00:00", "2025-05-30T17:24:34+00:00", "2025-05-30T17:27:32+00:00", "2025-05-30T17:30:32+00:00", "2025-05-30T17:33:32+00:00", "2025-05-30T17:35:32+00:00", "2025-05-30T17:38:33+00:00", "2025-05-30T17:41:33+00:00", "2025-05-30T17:44:30+00:00", "2025-05-30T17:46:33+00:00", "2025-05-30T17:49:33+00:00", "2025-05-30T17:52:34+00:00", "2025-05-30T17:54:36+00:00", "2025-05-30T17:57:41+00:00", "2025-05-30T18:01:33+00:00", "2025-05-30T18:03:34+00:00", "2025-05-30T18:06:38+00:00", "2025-05-30T18:10:39+00:00", "2025-05-30T18:12:40+00:00", "2025-05-30T18:14:44+00:00", "2025-05-30T18:17:42+00:00", "2025-05-30T18:21:41+00:00", "2025-05-30T18:23:43+00:00", "2025-05-30T18:25:47+00:00", "2025-05-30T18:29:44+00:00", "2025-05-30T18:31:44+00:00", "2025-05-30T18:34:44+00:00", "2025-05-30T18:36:44+00:00", "2025-05-30T18:39:44+00:00", "2025-05-30T18:42:44+00:00", "2025-05-30T18:44:46+00:00", "2025-05-30T18:47:46+00:00", "2025-05-30T18:50:46+00:00", "2025-05-30T18:53:46+00:00", "2025-05-30T18:55:47+00:00", "2025-05-30T18:58:55+00:00", "2025-05-30T19:02:45+00:00", "2025-05-30T19:04:47+00:00", "2025-05-30T19:07:45+00:00", "2025-05-30T19:10:45+00:00", "2025-05-30T19:13:45+00:00", "2025-05-30T19:15:48+00:00", "2025-05-30T19:18:49+00:00", "2025-05-30T19:22:18+00:00", "2025-05-30T19:24:45+00:00", "2025-05-30T19:26:46+00:00", "2025-05-30T19:29:47+00:00", "2025-05-30T19:32:47+00:00", "2025-05-30T19:34:50+00:00", "2025-05-30T19:37:48+00:00", "2025-05-30T19:40:48+00:00", "2025-05-30T19:43:48+00:00", "2025-05-30T19:45:48+00:00", "2025-05-30T19:48:49+00:00", "2025-05-30T19:51:49+00:00", "2025-05-30T19:54:49+00:00", "2025-05-30T19:56:52+00:00", "2025-05-30T19:59:54+00:00", "2025-05-30T20:02:54+00:00", "2025-05-30T20:04:54+00:00", "2025-05-30T20:07:59+00:00", "2025-05-30T20:11:51+00:00", "2025-05-30T20:13:52+00:00", "2025-05-30T20:16:00+00:00", "2025-05-30T20:19:52+00:00", "2025-05-30T20:22:00+00:00", "2025-05-30T20:24:52+00:00", "2025-05-30T20:26:54+00:00", "2025-05-30T20:31:50+00:00", "2025-05-30T20:33:59+00:00", "2025-05-30T20:35:51+00:00", "2025-05-30T20:38:59+00:00", "2025-05-30T20:41:52+00:00", "2025-05-30T20:43:52+00:00", "2025-05-30T20:46:57+00:00", "2025-05-30T20:49:58+00:00", "2025-05-30T20:52:58+00:00", "2025-05-30T20:55:00+00:00", "2025-05-30T20:58:01+00:00", "2025-05-30T21:01:01+00:00", "2025-05-30T21:04:01+00:00", "2025-05-30T21:06:01+00:00", "2025-05-30T21:09:59+00:00", "2025-05-30T21:11:59+00:00", "2025-05-30T21:15:00+00:00", "2025-05-30T21:17:02+00:00", "2025-05-30T21:20:08+00:00", "2025-05-30T21:23:03+00:00", "2025-05-30T21:25:03+00:00", "2025-05-30T21:28:03+00:00", "2025-05-30T21:31:04+00:00", "2025-05-30T21:34:59+00:00", "2025-05-30T21:37:05+00:00", "2025-05-30T21:40:05+00:00", "2025-05-30T21:43:19+00:00", "2025-05-30T21:45:58+00:00", "2025-05-30T21:49:00+00:00", "2025-05-30T21:52:01+00:00", "2025-05-30T21:55:02+00:00", "2025-05-30T21:58:02+00:00", "2025-05-30T22:01:02+00:00", "2025-05-30T22:04:02+00:00", "2025-05-30T22:06:02+00:00", "2025-05-30T22:09:02+00:00", "2025-05-30T22:12:03+00:00", "2025-05-30T22:15:03+00:00", "2025-05-30T22:17:03+00:00", "2025-05-30T22:20:03+00:00", "2025-05-30T22:23:03+00:00", "2025-05-30T22:25:06+00:00", "2025-05-30T22:28:04+00:00", "2025-05-30T22:32:02+00:00", "2025-05-30T22:35:03+00:00", "2025-05-30T22:37:04+00:00", "2025-05-30T22:41:04+00:00", "2025-05-30T22:45:00+00:00", "2025-05-30T22:47:05+00:00", "2025-05-30T22:50:05+00:00", "2025-05-30T22:53:06+00:00", "2025-05-30T22:55:08+00:00", "2025-05-30T22:58:07+00:00", "2025-05-30T23:01:09+00:00", "2025-05-30T23:05:00+00:00", "2025-05-30T23:07:10+00:00", "2025-05-30T23:12:04+00:00", "2025-05-30T23:15:00+00:00", "2025-05-30T23:16:11+00:00", "2025-05-30T23:20:06+00:00", "2025-05-30T23:23:07+00:00", "2025-05-30T23:25:09+00:00", "2025-05-30T23:28:08+00:00", "2025-05-30T23:31:08+00:00", "2025-05-30T23:34:08+00:00", "2025-05-30T23:36:08+00:00", "2025-05-30T23:39:08+00:00", "2025-05-30T23:42:08+00:00", "2025-05-30T23:45:00+00:00", "2025-05-30T23:47:10+00:00", "2025-05-30T23:50:10+00:00", "2025-05-30T23:53:10+00:00", "2025-05-30T23:55:10+00:00", "2025-05-30T23:58:10+00:00", "2025-05-31T00:01:13+00:00", "2025-05-31T00:05:00+00:00", "2025-05-31T00:07:10+00:00", "2025-05-31T00:10:10+00:00", "2025-05-31T00:12:10+00:00", "2025-05-31T00:15:00+00:00", "2025-05-31T00:16:10+00:00", "2025-05-31T00:19:10+00:00", "2025-05-31T00:21:10+00:00", "2025-05-31T00:24:08+00:00", "2025-05-31T00:25:09+00:00", "2025-05-31T00:27:10+00:00", "2025-05-31T00:31:09+00:00", "2025-05-31T00:33:10+00:00", "2025-05-31T00:35:00+00:00", "2025-05-31T00:36:10+00:00", "2025-05-31T00:39:10+00:00", "2025-05-31T00:41:10+00:00", "2025-05-31T00:43:46+00:00", "2025-05-31T00:45:00+00:00", "2025-05-31T00:47:09+00:00", "2025-05-31T00:50:14+00:00", "2025-05-31T00:52:14+00:00", "2025-05-31T00:54:14+00:00", "2025-05-31T00:55:14+00:00", "2025-05-31T00:58:14+00:00", "2025-05-31T01:00:15+00:00", "2025-05-31T01:03:17+00:00", "2025-05-31T01:05:15+00:00", "2025-05-31T01:07:14+00:00", "2025-05-31T01:10:14+00:00", "2025-05-31T01:12:18+00:00", "2025-05-31T01:15:12+00:00", "2025-05-31T01:16:12+00:00", "2025-05-31T01:19:13+00:00", "2025-05-31T01:21:13+00:00", "2025-05-31T01:24:13+00:00", "2025-05-31T01:25:15+00:00", "2025-05-31T01:28:13+00:00", "2025-05-31T01:31:14+00:00", "2025-05-31T01:33:14+00:00", "2025-05-31T01:35:15+00:00", "2025-05-31T01:37:15+00:00", "2025-05-31T01:40:15+00:00", "2025-05-31T01:42:15+00:00", "2025-05-31T01:45:15+00:00", "2025-05-31T01:46:15+00:00", "2025-05-31T01:49:15+00:00", "2025-05-31T01:51:15+00:00", "2025-05-31T01:54:15+00:00", "2025-05-31T01:55:17+00:00", "2025-05-31T01:58:15+00:00", "2025-05-31T02:00:16+00:00", "2025-05-31T02:02:16+00:00", "2025-05-31T02:04:16+00:00", "2025-05-31T02:05:18+00:00", "2025-05-31T02:09:08+00:00", "2025-05-31T02:11:08+00:00", "2025-05-31T02:13:08+00:00", "2025-05-31T02:15:08+00:00", "2025-05-31T02:16:08+00:00", "2025-05-31T02:19:08+00:00", "2025-05-31T02:21:10+00:00", "2025-05-31T02:24:13+00:00", "2025-05-31T02:25:20+00:00", "2025-05-31T02:28:17+00:00", "2025-05-31T02:30:17+00:00", "2025-05-31T02:32:17+00:00", "2025-05-31T02:34:18+00:00", "2025-05-31T02:35:20+00:00", "2025-05-31T02:38:18+00:00", "2025-05-31T02:40:19+00:00", "2025-05-31T02:43:19+00:00", "2025-05-31T02:45:15+00:00", "2025-05-31T02:46:19+00:00", "2025-05-31T02:49:19+00:00", "2025-05-31T02:51:20+00:00", "2025-05-31T02:54:20+00:00", "2025-05-31T02:55:21+00:00", "2025-05-31T02:58:20+00:00", "2025-05-31T03:00:20+00:00", "2025-05-31T03:02:20+00:00", "2025-05-31T03:04:20+00:00", "2025-05-31T03:05:22+00:00", "2025-05-31T03:08:20+00:00", "2025-05-31T03:10:21+00:00", "2025-05-31T03:12:21+00:00", "2025-05-31T03:14:21+00:00", "2025-05-31T03:15:22+00:00", "2025-05-31T03:18:22+00:00", "2025-05-31T03:20:22+00:00", "2025-05-31T03:22:22+00:00", "2025-05-31T03:24:22+00:00", "2025-05-31T03:25:22+00:00", "2025-05-31T03:28:22+00:00", "2025-05-31T03:30:22+00:00", "2025-05-31T03:32:22+00:00", "2025-05-31T03:34:22+00:00", "2025-05-31T03:35:22+00:00", "2025-05-31T03:37:22+00:00", "2025-05-31T03:40:22+00:00", "2025-05-31T03:42:22+00:00", "2025-05-31T03:44:22+00:00", "2025-05-31T03:45:22+00:00", "2025-05-31T03:47:22+00:00", "2025-05-31T03:50:22+00:00", "2025-05-31T03:52:22+00:00", "2025-05-31T03:54:22+00:00", "2025-05-31T03:55:22+00:00", "2025-05-31T03:57:22+00:00", "2025-05-31T04:01:21+00:00", "2025-05-31T04:03:22+00:00", "2025-05-31T04:05:15+00:00", "2025-05-31T04:07:21+00:00", "2025-05-31T04:10:22+00:00", "2025-05-31T04:12:22+00:00", "2025-05-31T04:14:22+00:00", "2025-05-31T04:15:30+00:00", "2025-05-31T04:19:29+00:00", "2025-05-31T04:21:29+00:00", "2025-05-31T04:23:29+00:00", "2025-05-31T04:25:29+00:00", "2025-05-31T04:26:29+00:00", "2025-05-31T04:30:28+00:00", "2025-05-31T04:33:27+00:00", "2025-05-31T04:35:28+00:00", "2025-05-31T04:36:35+00:00", "2025-05-31T04:40:30+00:00", "2025-05-31T04:42:30+00:00", "2025-05-31T04:44:30+00:00", "2025-05-31T04:45:31+00:00", "2025-05-31T04:48:35+00:00", "2025-05-31T04:50:35+00:00", "2025-05-31T04:52:35+00:00", "2025-05-31T04:55:29+00:00", "2025-05-31T04:58:29+00:00", "2025-05-31T05:00:30+00:00", "2025-05-31T05:02:30+00:00", "2025-05-31T05:04:30+00:00", "2025-05-31T05:05:30+00:00", "2025-05-31T05:07:30+00:00", "2025-05-31T05:10:30+00:00", "2025-05-31T05:12:32+00:00", "2025-05-31T05:14:32+00:00", "2025-05-31T05:15:33+00:00", "2025-05-31T05:18:34+00:00", "2025-05-31T05:20:34+00:00", "2025-05-31T05:22:34+00:00", "2025-05-31T05:24:34+00:00", "2025-05-31T05:25:34+00:00", "2025-05-31T05:28:34+00:00", "2025-05-31T05:31:32+00:00", "2025-05-31T05:33:32+00:00", "2025-05-31T05:35:30+00:00", "2025-05-31T05:37:33+00:00", "2025-05-31T05:40:33+00:00", "2025-05-31T05:42:33+00:00", "2025-05-31T05:44:33+00:00", "2025-05-31T05:46:33+00:00", "2025-05-31T05:49:33+00:00", "2025-05-31T05:51:34+00:00", "2025-05-31T05:53:34+00:00", "2025-05-31T05:55:34+00:00", "2025-05-31T05:58:35+00:00", "2025-05-31T06:00:35+00:00", "2025-05-31T06:02:35+00:00", "2025-05-31T06:05:30+00:00", "2025-05-31T06:06:35+00:00", "2025-05-31T06:09:45+00:00", "2025-05-31T06:12:34+00:00", "2025-05-31T06:14:34+00:00", "2025-05-31T06:15:36+00:00", "2025-05-31T06:18:34+00:00", "2025-05-31T06:21:32+00:00", "2025-05-31T06:23:34+00:00", "2025-05-31T06:25:30+00:00", "2025-05-31T06:26:34+00:00", "2025-05-31T06:29:36+00:00", "2025-05-31T06:31:39+00:00", "2025-05-31T06:34:36+00:00", "2025-05-31T06:35:36+00:00", "2025-05-31T06:37:41+00:00", "2025-05-31T06:41:35+00:00", "2025-05-31T06:43:41+00:00", "2025-05-31T06:45:35+00:00", "2025-05-31T06:47:35+00:00", "2025-05-31T06:50:40+00:00", "2025-05-31T06:53:39+00:00", "2025-05-31T06:55:30+00:00", "2025-05-31T06:57:41+00:00", "2025-05-31T07:01:26+00:00", "2025-05-31T07:03:30+00:00", "2025-05-31T07:05:30+00:00", "2025-05-31T07:06:34+00:00", "2025-05-31T07:09:39+00:00", "2025-05-31T07:11:44+00:00", "2025-05-31T07:14:37+00:00", "2025-05-31T07:15:41+00:00", "2025-05-31T07:18:41+00:00", "2025-05-31T07:20:41+00:00", "2025-05-31T07:22:41+00:00", "2025-05-31T07:25:30+00:00", "2025-05-31T07:27:38+00:00", "2025-05-31T07:30:38+00:00", "2025-05-31T07:32:38+00:00", "2025-05-31T07:34:40+00:00", "2025-05-31T07:36:40+00:00", "2025-05-31T07:39:40+00:00", "2025-05-31T07:41:40+00:00", "2025-05-31T07:44:40+00:00", "2025-05-31T07:45:41+00:00", "2025-05-31T07:48:40+00:00", "2025-05-31T07:50:41+00:00", "2025-05-31T07:53:41+00:00", "2025-05-31T07:55:30+00:00", "2025-05-31T07:56:41+00:00", "2025-05-31T08:00:38+00:00", "2025-05-31T08:02:40+00:00", "2025-05-31T08:04:47+00:00", "2025-05-31T08:05:43+00:00", "2025-05-31T08:08:40+00:00", "2025-05-31T08:11:39+00:00", "2025-05-31T08:13:47+00:00", "2025-05-31T08:15:39+00:00", "2025-05-31T08:17:40+00:00", "2025-05-31T08:21:39+00:00", "2025-05-31T08:23:41+00:00", "2025-05-31T08:25:41+00:00", "2025-05-31T08:28:40+00:00", "2025-05-31T08:31:39+00:00", "2025-05-31T08:33:40+00:00", "2025-05-31T08:35:45+00:00", "2025-05-31T08:38:44+00:00", "2025-05-31T08:40:45+00:00", "2025-05-31T08:43:45+00:00", "2025-05-31T08:45:45+00:00", "2025-05-31T08:46:45+00:00", "2025-05-31T08:49:46+00:00", "2025-05-31T08:51:46+00:00", "2025-05-31T08:54:47+00:00", "2025-05-31T08:55:47+00:00", "2025-05-31T08:58:47+00:00", "2025-05-31T09:00:47+00:00", "2025-05-31T09:03:47+00:00", "2025-05-31T09:05:45+00:00", "2025-05-31T09:08:47+00:00", "2025-05-31T09:10:47+00:00", "2025-05-31T09:13:47+00:00", "2025-05-31T09:15:45+00:00", "2025-05-31T09:17:47+00:00", "2025-05-31T09:20:47+00:00", "2025-05-31T09:22:47+00:00", "2025-05-31T09:25:45+00:00", "2025-05-31T09:26:48+00:00", "2025-05-31T09:29:48+00:00", "2025-05-31T09:31:49+00:00", "2025-05-31T09:35:45+00:00", "2025-05-31T09:37:49+00:00", "2025-05-31T09:39:52+00:00", "2025-05-31T09:41:52+00:00", "2025-05-31T09:43:52+00:00", "2025-05-31T09:45:52+00:00", "2025-05-31T09:47:52+00:00", "2025-05-31T09:51:51+00:00", "2025-05-31T09:53:53+00:00", "2025-05-31T09:55:53+00:00", "2025-05-31T09:58:53+00:00", "2025-05-31T10:00:54+00:00", "2025-05-31T10:02:54+00:00", "2025-05-31T10:05:45+00:00", "2025-05-31T10:07:54+00:00", "2025-05-31T10:10:54+00:00", "2025-05-31T10:12:54+00:00", "2025-05-31T10:15:45+00:00", "2025-05-31T10:16:56+00:00", "2025-05-31T10:19:56+00:00", "2025-05-31T10:21:56+00:00", "2025-05-31T10:24:56+00:00", "2025-05-31T10:25:55+00:00", "2025-05-31T10:27:56+00:00", "2025-05-31T10:30:56+00:00", "2025-05-31T10:32:56+00:00", "2025-05-31T10:34:56+00:00", "2025-05-31T10:36:56+00:00", "2025-05-31T10:39:56+00:00", "2025-05-31T10:41:56+00:00", "2025-05-31T10:43:56+00:00", "2025-05-31T10:45:45+00:00", "2025-05-31T10:46:57+00:00", "2025-05-31T10:50:58+00:00", "2025-05-31T10:53:53+00:00", "2025-05-31T10:55:45+00:00", "2025-05-31T10:56:55+00:00", "2025-05-31T10:59:59+00:00", "2025-05-31T11:01:59+00:00", "2025-05-31T11:04:47+00:00", "2025-05-31T11:05:49+00:00", "2025-05-31T11:07:52+00:00", "2025-05-31T11:10:54+00:00", "2025-05-31T11:12:55+00:00", "2025-05-31T11:14:55+00:00", "2025-05-31T11:15:58+00:00", "2025-05-31T11:18:56+00:00", "2025-05-31T11:20:56+00:00", "2025-05-31T11:22:56+00:00", "2025-05-31T11:24:56+00:00", "2025-05-31T11:25:58+00:00", "2025-05-31T11:28:56+00:00", "2025-05-31T11:30:56+00:00", "2025-05-31T11:32:56+00:00", "2025-05-31T11:34:56+00:00", "2025-05-31T11:35:58+00:00", "2025-05-31T11:38:56+00:00", "2025-05-31T11:40:56+00:00", "2025-05-31T11:42:57+00:00", "2025-05-31T11:44:57+00:00", "2025-05-31T11:45:58+00:00", "2025-05-31T11:48:57+00:00", "2025-05-31T11:50:57+00:00", "2025-05-31T11:52:57+00:00", "2025-05-31T11:54:57+00:00", "2025-05-31T11:55:59+00:00", "2025-05-31T11:58:57+00:00", "2025-05-31T12:00:57+00:00", "2025-05-31T12:03:05+00:00", "2025-05-31T12:05:56+00:00", "2025-05-31T12:06:56+00:00", "2025-05-31T12:09:57+00:00", "2025-05-31T12:12:05+00:00", "2025-05-31T12:14:57+00:00", "2025-05-31T12:16:00+00:00", "2025-05-31T12:18:59+00:00", "2025-05-31T12:20:59+00:00", "2025-05-31T12:22:59+00:00", "2025-05-31T12:24:59+00:00", "2025-05-31T12:26:05+00:00", "2025-05-31T12:30:02+00:00", "2025-05-31T12:32:02+00:00", "2025-05-31T12:34:05+00:00", "2025-05-31T12:36:00+00:00", "2025-05-31T12:38:05+00:00", "2025-05-31T12:41:05+00:00", "2025-05-31T12:43:11+00:00", "2025-05-31T12:46:00+00:00", "2025-05-31T12:47:03+00:00", "2025-05-31T12:50:05+00:00", "2025-05-31T12:52:05+00:00", "2025-05-31T12:55:02+00:00", "2025-05-31T12:56:02+00:00", "2025-05-31T12:58:04+00:00", "2025-05-31T13:01:06+00:00", "2025-05-31T13:03:06+00:00", "2025-05-31T13:06:00+00:00", "2025-05-31T13:09:05+00:00", "2025-05-31T13:11:08+00:00", "2025-05-31T13:13:08+00:00", "2025-05-31T13:15:08+00:00", "2025-05-31T13:16:07+00:00", "2025-05-31T13:19:11+00:00", "2025-05-31T13:22:04+00:00", "2025-05-31T13:25:03+00:00", "2025-05-31T13:26:06+00:00", "2025-05-31T13:28:06+00:00", "2025-05-31T13:31:06+00:00", "2025-05-31T13:34:04+00:00", "2025-05-31T13:36:00+00:00", "2025-05-31T13:38:10+00:00", "2025-05-31T13:40:10+00:00", "2025-05-31T13:42:12+00:00", "2025-05-31T13:44:17+00:00", "2025-05-31T13:46:06+00:00", "2025-05-31T13:48:13+00:00", "2025-05-31T13:52:11+00:00", "2025-05-31T13:54:11+00:00", "2025-05-31T13:56:00+00:00", "2025-05-31T13:58:09+00:00", "2025-05-31T14:01:11+00:00", "2025-05-31T14:03:13+00:00", "2025-05-31T14:06:15+00:00", "2025-05-31T14:07:17+00:00", "2025-05-31T14:10:17+00:00", "2025-05-31T14:12:19+00:00", "2025-05-31T14:15:16+00:00", "2025-05-31T14:16:17+00:00", "2025-05-31T14:19:17+00:00", "2025-05-31T14:21:17+00:00", "2025-05-31T14:24:18+00:00", "2025-05-31T14:26:15+00:00", "2025-05-31T14:28:18+00:00", "2025-05-31T14:31:20+00:00", "2025-05-31T14:34:12+00:00", "2025-05-31T14:36:14+00:00", "2025-05-31T14:38:17+00:00", "2025-05-31T14:41:19+00:00", "2025-05-31T14:44:11+00:00", "2025-05-31T14:46:13+00:00", "2025-05-31T14:47:13+00:00", "2025-05-31T14:51:15+00:00", "2025-05-31T14:54:15+00:00", "2025-05-31T14:56:15+00:00", "2025-05-31T14:58:16+00:00", "2025-05-31T15:02:23+00:00", "2025-05-31T15:05:23+00:00", "2025-05-31T15:06:20+00:00", "2025-05-31T15:10:17+00:00", "2025-05-31T15:12:18+00:00", "2025-05-31T15:14:19+00:00", "2025-05-31T15:16:19+00:00", "2025-05-31T15:19:18+00:00", "2025-05-31T15:21:19+00:00", "2025-05-31T15:24:19+00:00", "2025-05-31T15:26:15+00:00", "2025-05-31T15:27:20+00:00", "2025-05-31T15:30:20+00:00", "2025-05-31T15:32:20+00:00", "2025-05-31T15:35:21+00:00", "2025-05-31T15:36:21+00:00", "2025-05-31T15:39:22+00:00", "2025-05-31T15:41:22+00:00", "2025-05-31T15:44:22+00:00", "2025-05-31T15:46:15+00:00", "2025-05-31T15:48:22+00:00", "2025-05-31T15:51:22+00:00", "2025-05-31T15:53:22+00:00", "2025-05-31T15:56:15+00:00", "2025-05-31T15:58:22+00:00", "2025-05-31T16:01:23+00:00", "2025-05-31T16:03:23+00:00", "2025-05-31T16:06:15+00:00", "2025-05-31T16:07:23+00:00", "2025-05-31T16:10:23+00:00", "2025-05-31T16:12:23+00:00", "2025-05-31T16:15:23+00:00", "2025-05-31T16:16:23+00:00", "2025-05-31T16:20:21+00:00", "2025-05-31T16:22:21+00:00", "2025-05-31T16:25:21+00:00", "2025-05-31T16:26:23+00:00", "2025-05-31T16:29:21+00:00", "2025-05-31T16:32:22+00:00", "2025-05-31T16:34:22+00:00", "2025-05-31T16:36:22+00:00", "2025-05-31T16:38:22+00:00", "2025-05-31T16:41:29+00:00", "2025-05-31T16:44:21+00:00", "2025-05-31T16:46:15+00:00", "2025-05-31T16:47:21+00:00", "2025-05-31T16:50:29+00:00", "2025-05-31T16:53:21+00:00", "2025-05-31T16:55:29+00:00", "2025-05-31T16:57:21+00:00", "2025-05-31T17:00:22+00:00", "2025-05-31T17:03:21+00:00", "2025-05-31T17:05:22+00:00", "2025-05-31T17:06:25+00:00", "2025-05-31T17:09:23+00:00", "2025-05-31T17:11:23+00:00", "2025-05-31T17:15:22+00:00", "2025-05-31T17:16:29+00:00", "2025-05-31T17:20:27+00:00", "2025-05-31T17:22:27+00:00", "2025-05-31T17:25:36+00:00", "2025-05-31T17:26:30+00:00", "2025-05-31T17:29:28+00:00", "2025-05-31T17:33:26+00:00", "2025-05-31T17:35:27+00:00", "2025-05-31T17:36:31+00:00", "2025-05-31T17:40:29+00:00", "2025-05-31T17:42:35+00:00", "2025-05-31T17:45:28+00:00", "2025-05-31T17:46:35+00:00", "2025-05-31T17:50:32+00:00", "2025-05-31T17:52:37+00:00", "2025-05-31T17:56:30+00:00", "2025-05-31T17:57:34+00:00", "2025-05-31T18:00:40+00:00", "2025-05-31T18:03:35+00:00", "2025-05-31T18:05:35+00:00", "2025-05-31T18:07:35+00:00", "2025-05-31T18:11:34+00:00", "2025-05-31T18:13:34+00:00", "2025-05-31T18:16:35+00:00", "2025-05-31T18:18:35+00:00", "2025-05-31T18:22:35+00:00", "2025-05-31T18:24:35+00:00", "2025-05-31T18:26:37+00:00", "2025-05-31T18:29:36+00:00", "2025-05-31T18:32:37+00:00", "2025-05-31T18:36:34+00:00", "2025-05-31T18:37:35+00:00", "2025-05-31T18:40:44+00:00", "2025-05-31T18:42:44+00:00", "2025-05-31T18:45:44+00:00", "2025-05-31T18:47:44+00:00", "2025-05-31T18:50:45+00:00", "2025-05-31T18:52:45+00:00", "2025-05-31T18:55:45+00:00", "2025-05-31T18:57:46+00:00", "2025-05-31T19:00:47+00:00", "2025-05-31T19:03:47+00:00", "2025-05-31T19:05:47+00:00", "2025-05-31T19:07:47+00:00", "2025-05-31T19:10:45+00:00", "2025-05-31T19:13:45+00:00", "2025-05-31T19:16:46+00:00", "2025-05-31T19:18:46+00:00", "2025-05-31T19:21:48+00:00", "2025-05-31T19:23:48+00:00", "2025-05-31T19:26:48+00:00", "2025-05-31T19:27:48+00:00", "2025-05-31T19:31:45+00:00", "2025-05-31T19:33:46+00:00", "2025-05-31T19:36:47+00:00", "2025-05-31T19:38:47+00:00", "2025-05-31T19:41:47+00:00", "2025-05-31T19:44:45+00:00", "2025-05-31T19:46:53+00:00", "2025-05-31T19:48:45+00:00", "2025-05-31T19:51:48+00:00", "2025-05-31T19:54:48+00:00", "2025-05-31T19:57:45+00:00", "2025-05-31T19:59:53+00:00", "2025-05-31T20:03:48+00:00", "2025-05-31T20:05:49+00:00", "2025-05-31T20:07:53+00:00", "2025-05-31T20:10:53+00:00", "2025-05-31T20:13:53+00:00", "2025-05-31T20:16:53+00:00", "2025-05-31T20:18:45+00:00", "2025-05-31T20:20:50+00:00", "2025-05-31T20:23:50+00:00", "2025-05-31T20:25:50+00:00", "2025-05-31T20:28:45+00:00", "2025-05-31T20:30:50+00:00", "2025-05-31T20:33:50+00:00", "2025-05-31T20:35:50+00:00", "2025-05-31T20:38:45+00:00", "2025-05-31T20:41:48+00:00", "2025-05-31T20:43:49+00:00", "2025-05-31T20:46:49+00:00", "2025-05-31T20:48:45+00:00", "2025-05-31T20:49:55+00:00", "2025-05-31T20:53:49+00:00", "2025-05-31T20:55:51+00:00", "2025-05-31T20:58:45+00:00", "2025-05-31T20:59:51+00:00", "2025-05-31T21:02:51+00:00", "2025-05-31T21:04:51+00:00", "2025-05-31T21:07:51+00:00", "2025-05-31T21:08:51+00:00", "2025-05-31T21:11:51+00:00", "2025-05-31T21:15:49+00:00", "2025-05-31T21:17:50+00:00", "2025-05-31T21:19:50+00:00", "2025-05-31T21:22:51+00:00", "2025-05-31T21:25:51+00:00", "2025-05-31T21:28:45+00:00", "2025-05-31T21:29:51+00:00", "2025-05-31T21:32:51+00:00", "2025-05-31T21:34:51+00:00", "2025-05-31T21:37:51+00:00", "2025-05-31T21:38:54+00:00", "2025-05-31T21:41:55+00:00", "2025-05-31T21:45:50+00:00", "2025-05-31T21:47:51+00:00", "2025-05-31T21:49:51+00:00", "2025-05-31T21:52:53+00:00", "2025-05-31T21:54:53+00:00", "2025-05-31T21:58:45+00:00", "2025-05-31T21:59:51+00:00", "2025-05-31T22:02:59+00:00", "2025-05-31T22:05:51+00:00", "2025-05-31T22:08:45+00:00", "2025-05-31T22:10:05+00:00", "2025-05-31T22:14:51+00:00", "2025-05-31T22:16:52+00:00", "2025-05-31T22:18:56+00:00", "2025-05-31T22:22:52+00:00", "2025-05-31T22:25:52+00:00", "2025-05-31T22:28:45+00:00", "2025-05-31T22:29:59+00:00", "2025-05-31T22:33:54+00:00", "2025-05-31T22:35:55+00:00", "2025-05-31T22:38:45+00:00", "2025-05-31T22:40:55+00:00", "2025-05-31T22:43:55+00:00", "2025-05-31T22:45:55+00:00", "2025-05-31T22:48:45+00:00", "2025-05-31T22:49:55+00:00", "2025-05-31T22:52:57+00:00", "2025-05-31T22:54:57+00:00", "2025-05-31T22:57:57+00:00", "2025-05-31T22:58:59+00:00", "2025-05-31T23:01:57+00:00", "2025-05-31T23:04:58+00:00", "2025-05-31T23:06:58+00:00", "2025-05-31T23:08:58+00:00", "2025-05-31T23:11:59+00:00", "2025-05-31T23:14:59+00:00", "2025-05-31T23:16:59+00:00", "2025-05-31T23:18:59+00:00", "2025-05-31T23:21:59+00:00", "2025-05-31T23:24:59+00:00", "2025-05-31T23:27:00+00:00", "2025-05-31T23:28:59+00:00", "2025-05-31T23:31:00+00:00", "2025-05-31T23:34:00+00:00", "2025-05-31T23:37:55+00:00", "2025-05-31T23:39:00+00:00", "2025-05-31T23:41:58+00:00", "2025-05-31T23:45:56+00:00", "2025-05-31T23:47:57+00:00", "2025-05-31T23:49:57+00:00", "2025-05-31T23:53:57+00:00", "2025-05-31T23:55:57+00:00", "2025-05-31T23:58:05+00:00", "2025-05-31T23:59:58+00:00", "2025-06-01T00:02:58+00:00", "2025-06-01T00:05:05+00:00", "2025-06-01T00:07:57+00:00", "2025-06-01T00:09:45+00:00", "2025-06-01T00:12:59+00:00", "2025-06-01T00:14:59+00:00", "2025-06-01T00:17:59+00:00", "2025-06-01T00:19:45+00:00", "2025-06-01T00:21:59+00:00", "2025-06-01T00:25:50+00:00", "2025-06-01T00:27:57+00:00", "2025-06-01T00:29:57+00:00", "2025-06-01T00:31:58+00:00", "2025-06-01T00:35:57+00:00", "2025-06-01T00:37:58+00:00", "2025-06-01T00:40:01+00:00", "2025-06-01T00:42:59+00:00", "2025-06-01T00:45:59+00:00", "2025-06-01T00:48:05+00:00", "2025-06-01T00:50:00+00:00", "2025-06-01T00:52:00+00:00", "2025-06-01T00:55:05+00:00", "2025-06-01T00:58:00+00:00", "2025-06-01T01:00:00+00:00", "2025-06-01T01:02:03+00:00", "2025-06-01T01:05:04+00:00", "2025-06-01T01:07:04+00:00", "2025-06-01T01:10:00+00:00", "2025-06-01T01:12:04+00:00", "2025-06-01T01:16:04+00:00", "2025-06-01T01:19:05+00:00", "2025-06-01T01:21:12+00:00", "2025-06-01T01:25:06+00:00", "2025-06-01T01:28:06+00:00", "2025-06-01T01:31:09+00:00", "2025-06-01T01:34:09+00:00", "2025-06-01T01:37:09+00:00", "2025-06-01T01:40:00+00:00", "2025-06-01T01:42:11+00:00", "2025-06-01T01:45:11+00:00", "2025-06-01T01:48:11+00:00", "2025-06-01T01:50:12+00:00", "2025-06-01T01:53:11+00:00", "2025-06-01T01:56:11+00:00", "2025-06-01T01:59:11+00:00", "2025-06-01T02:01:11+00:00", "2025-06-01T02:05:11+00:00", "2025-06-01T02:08:11+00:00", "2025-06-01T02:10:15+00:00", "2025-06-01T02:13:13+00:00", "2025-06-01T02:16:13+00:00", "2025-06-01T02:19:15+00:00", "2025-06-01T02:21:17+00:00", "2025-06-01T02:25:13+00:00", "2025-06-01T02:28:13+00:00", "2025-06-01T02:31:00+00:00", "2025-06-01T02:33:13+00:00", "2025-06-01T02:36:13+00:00", "2025-06-01T02:39:13+00:00", "2025-06-01T02:41:13+00:00", "2025-06-01T02:44:14+00:00", "2025-06-01T02:47:14+00:00", "2025-06-01T02:50:14+00:00", "2025-06-01T02:52:16+00:00", "2025-06-01T02:55:16+00:00", "2025-06-01T02:57:16+00:00", "2025-06-01T03:00:16+00:00", "2025-06-01T03:01:21+00:00", "2025-06-01T03:05:21+00:00", "2025-06-01T03:07:21+00:00", "2025-06-01T03:10:21+00:00", "2025-06-01T03:11:22+00:00", "2025-06-01T03:14:21+00:00", "2025-06-01T03:17:21+00:00", "2025-06-01T03:20:22+00:00", "2025-06-01T03:21:22+00:00", "2025-06-01T03:24:22+00:00", "2025-06-01T03:26:22+00:00", "2025-06-01T03:29:23+00:00", "2025-06-01T03:31:15+00:00", "2025-06-01T03:32:23+00:00", "2025-06-01T03:35:29+00:00", "2025-06-01T03:38:21+00:00", "2025-06-01T03:40:21+00:00", "2025-06-01T03:42:15+00:00", "2025-06-01T03:45:19+00:00", "2025-06-01T03:47:19+00:00", "2025-06-01T03:50:19+00:00", "2025-06-01T03:52:15+00:00", "2025-06-01T03:53:19+00:00", "2025-06-01T03:56:19+00:00", "2025-06-01T03:58:20+00:00", "2025-06-01T04:01:20+00:00", "2025-06-01T04:02:22+00:00", "2025-06-01T04:05:22+00:00", "2025-06-01T04:07:22+00:00", "2025-06-01T04:11:22+00:00", "2025-06-01T04:12:22+00:00", "2025-06-01T04:15:22+00:00", "2025-06-01T04:17:22+00:00", "2025-06-01T04:19:22+00:00", "2025-06-01T04:21:22+00:00", "2025-06-01T04:23:22+00:00", "2025-06-01T04:26:22+00:00", "2025-06-01T04:28:22+00:00", "2025-06-01T04:30:22+00:00", "2025-06-01T04:32:15+00:00", "2025-06-01T04:35:22+00:00", "2025-06-01T04:37:22+00:00", "2025-06-01T04:40:22+00:00", "2025-06-01T04:42:15+00:00", "2025-06-01T04:43:22+00:00", "2025-06-01T04:46:22+00:00", "2025-06-01T04:48:23+00:00", "2025-06-01T04:50:23+00:00", "2025-06-01T04:52:24+00:00", "2025-06-01T04:55:21+00:00", "2025-06-01T04:57:22+00:00", "2025-06-01T04:59:29+00:00", "2025-06-01T05:02:15+00:00", "2025-06-01T05:03:22+00:00", "2025-06-01T05:07:22+00:00", "2025-06-01T05:10:21+00:00", "2025-06-01T05:12:15+00:00", "2025-06-01T05:15:26+00:00", "2025-06-01T05:17:27+00:00", "2025-06-01T05:19:27+00:00", "2025-06-01T05:22:15+00:00", "2025-06-01T05:23:28+00:00", "2025-06-01T05:26:28+00:00", "2025-06-01T05:28:28+00:00", "2025-06-01T05:32:28+00:00", "2025-06-01T05:33:28+00:00", "2025-06-01T05:36:35+00:00", "2025-06-01T05:39:28+00:00", "2025-06-01T05:41:28+00:00", "2025-06-01T05:44:28+00:00", "2025-06-01T05:46:29+00:00", "2025-06-01T05:49:30+00:00", "2025-06-01T05:51:32+00:00", "2025-06-01T05:53:32+00:00", "2025-06-01T05:56:35+00:00", "2025-06-01T05:59:29+00:00", "2025-06-01T06:01:29+00:00", "2025-06-01T06:03:30+00:00", "2025-06-01T06:06:31+00:00", "2025-06-01T06:08:34+00:00", "2025-06-01T06:11:34+00:00", "2025-06-01T06:12:34+00:00", "2025-06-01T06:15:34+00:00", "2025-06-01T06:17:34+00:00", "2025-06-01T06:20:34+00:00", "2025-06-01T06:22:30+00:00", "2025-06-01T06:24:29+00:00", "2025-06-01T06:27:31+00:00", "2025-06-01T06:29:31+00:00", "2025-06-01T06:32:30+00:00", "2025-06-01T06:33:31+00:00", "2025-06-01T06:36:31+00:00", "2025-06-01T06:38:31+00:00", "2025-06-01T06:41:31+00:00", "2025-06-01T06:42:33+00:00", "2025-06-01T06:45:31+00:00", "2025-06-01T06:47:31+00:00", "2025-06-01T06:50:31+00:00", "2025-06-01T06:52:30+00:00", "2025-06-01T06:53:31+00:00", "2025-06-01T06:56:33+00:00", "2025-06-01T06:58:33+00:00", "2025-06-01T07:01:33+00:00", "2025-06-01T07:02:34+00:00", "2025-06-01T07:05:33+00:00", "2025-06-01T07:08:33+00:00", "2025-06-01T07:10:33+00:00", "2025-06-01T07:12:33+00:00", "2025-06-01T07:15:36+00:00", "2025-06-01T07:17:36+00:00", "2025-06-01T07:19:36+00:00", "2025-06-01T07:21:36+00:00", "2025-06-01T07:22:36+00:00", "2025-06-01T07:26:41+00:00", "2025-06-01T07:29:33+00:00", "2025-06-01T07:31:34+00:00", "2025-06-01T07:32:41+00:00", "2025-06-01T07:36:49+00:00", "2025-06-01T07:39:38+00:00", "2025-06-01T07:41:40+00:00", "2025-06-01T07:42:41+00:00", "2025-06-01T07:44:41+00:00", "2025-06-01T07:47:41+00:00", "2025-06-01T07:49:41+00:00", "2025-06-01T07:51:41+00:00", "2025-06-01T07:52:41+00:00", "2025-06-01T07:54:41+00:00", "2025-06-01T07:57:47+00:00", "2025-06-01T08:00:47+00:00", "2025-06-01T08:02:45+00:00", "2025-06-01T08:04:44+00:00", "2025-06-01T08:07:47+00:00", "2025-06-01T08:09:47+00:00", "2025-06-01T08:12:45+00:00", "2025-06-01T08:16:46+00:00", "2025-06-01T08:18:46+00:00", "2025-06-01T08:20:46+00:00", "2025-06-01T08:22:45+00:00", "2025-06-01T08:23:46+00:00", "2025-06-01T08:27:53+00:00", "2025-06-01T08:30:45+00:00", "2025-06-01T08:32:45+00:00", "2025-06-01T08:33:47+00:00", "2025-06-01T08:36:47+00:00", "2025-06-01T08:38:53+00:00", "2025-06-01T08:41:47+00:00", "2025-06-01T08:42:49+00:00", "2025-06-01T08:46:53+00:00", "2025-06-01T08:49:45+00:00", "2025-06-01T08:51:53+00:00", "2025-06-01T08:52:50+00:00", "2025-06-01T08:55:48+00:00", "2025-06-01T08:57:48+00:00", "2025-06-01T08:59:48+00:00", "2025-06-01T09:01:48+00:00", "2025-06-01T09:02:50+00:00", "2025-06-01T09:05:49+00:00", "2025-06-01T09:07:49+00:00", "2025-06-01T09:09:49+00:00", "2025-06-01T09:12:45+00:00", "2025-06-01T09:13:50+00:00", "2025-06-01T09:16:52+00:00", "2025-06-01T09:18:52+00:00", "2025-06-01T09:20:52+00:00", "2025-06-01T09:22:45+00:00", "2025-06-01T09:23:52+00:00", "2025-06-01T09:26:52+00:00", "2025-06-01T09:28:52+00:00", "2025-06-01T09:31:52+00:00", "2025-06-01T09:32:52+00:00", "2025-06-01T09:35:52+00:00", "2025-06-01T09:37:52+00:00", "2025-06-01T09:39:52+00:00", "2025-06-01T09:41:52+00:00", "2025-06-01T09:42:52+00:00", "2025-06-01T09:45:52+00:00", "2025-06-01T09:47:52+00:00", "2025-06-01T09:49:52+00:00", "2025-06-01T09:51:52+00:00", "2025-06-01T09:52:53+00:00", "2025-06-01T09:55:52+00:00", "2025-06-01T09:57:52+00:00", "2025-06-01T09:59:52+00:00", "2025-06-01T10:02:45+00:00", "2025-06-01T10:04:53+00:00", "2025-06-01T10:07:52+00:00", "2025-06-01T10:09:53+00:00", "2025-06-01T10:11:53+00:00", "2025-06-01T10:12:54+00:00", "2025-06-01T10:15:53+00:00", "2025-06-01T10:17:53+00:00", "2025-06-01T10:20:53+00:00", "2025-06-01T10:22:45+00:00", "2025-06-01T10:23:53+00:00", "2025-06-01T10:26:53+00:00", "2025-06-01T10:28:53+00:00", "2025-06-01T10:30:55+00:00", "2025-06-01T10:32:45+00:00", "2025-06-01T10:35:52+00:00", "2025-06-01T10:37:55+00:00", "2025-06-01T10:39:55+00:00", "2025-06-01T10:41:55+00:00", "2025-06-01T10:42:55+00:00", "2025-06-01T10:46:54+00:00", "2025-06-01T10:48:54+00:00", "2025-06-01T10:50:54+00:00", "2025-06-01T10:52:56+00:00", "2025-06-01T10:55:56+00:00", "2025-06-01T10:57:56+00:00", "2025-06-01T11:01:48+00:00", "2025-06-01T11:02:48+00:00", "2025-06-01T11:04:51+00:00", "2025-06-01T11:07:54+00:00", "2025-06-01T11:09:55+00:00", "2025-06-01T11:12:45+00:00", "2025-06-01T11:13:55+00:00", "2025-06-01T11:16:55+00:00", "2025-06-01T11:18:55+00:00", "2025-06-01T11:21:56+00:00", "2025-06-01T11:22:58+00:00", "2025-06-01T11:25:59+00:00", "2025-06-01T11:27:59+00:00", "2025-06-01T11:30:59+00:00", "2025-06-01T11:32:45+00:00", "2025-06-01T11:34:00+00:00", "2025-06-01T11:37:00+00:00", "2025-06-01T11:39:00+00:00", "2025-06-01T11:42:45+00:00", "2025-06-01T11:43:58+00:00", "2025-06-01T11:46:58+00:00", "2025-06-01T11:48:58+00:00", "2025-06-01T11:51:58+00:00", "2025-06-01T11:52:59+00:00", "2025-06-01T11:56:01+00:00", "2025-06-01T11:59:01+00:00", "2025-06-01T12:01:02+00:00", "2025-06-01T12:02:59+00:00", "2025-06-01T12:05:58+00:00", "2025-06-01T12:07:58+00:00", "2025-06-01T12:10:59+00:00", "2025-06-01T12:12:59+00:00", "2025-06-01T12:13:59+00:00", "2025-06-01T12:16:59+00:00", "2025-06-01T12:18:59+00:00", "2025-06-01T12:21:59+00:00", "2025-06-01T12:23:00+00:00", "2025-06-01T12:26:00+00:00", "2025-06-01T12:28:56+00:00", "2025-06-01T12:31:05+00:00", "2025-06-01T12:33:00+00:00", "2025-06-01T12:34:59+00:00", "2025-06-01T12:38:01+00:00", "2025-06-01T12:40:01+00:00", "2025-06-01T12:43:00+00:00", "2025-06-01T12:46:02+00:00", "2025-06-01T12:48:03+00:00", "2025-06-01T12:51:05+00:00", "2025-06-01T12:53:00+00:00", "2025-06-01T12:55:05+00:00", "2025-06-01T12:58:05+00:00", "2025-06-01T13:01:05+00:00", "2025-06-01T13:03:00+00:00", "2025-06-01T13:04:05+00:00", "2025-06-01T13:07:05+00:00", "2025-06-01T13:09:05+00:00", "2025-06-01T13:12:05+00:00", "2025-06-01T13:13:05+00:00", "2025-06-01T13:16:05+00:00", "2025-06-01T13:18:05+00:00", "2025-06-01T13:21:07+00:00", "2025-06-01T13:23:00+00:00", "2025-06-01T13:25:05+00:00", "2025-06-01T13:28:05+00:00", "2025-06-01T13:30:07+00:00", "2025-06-01T13:33:00+00:00", "2025-06-01T13:35:06+00:00", "2025-06-01T13:38:06+00:00", "2025-06-01T13:40:06+00:00", "2025-06-01T13:43:00+00:00", "2025-06-01T13:44:06+00:00", "2025-06-01T13:47:06+00:00", "2025-06-01T13:49:06+00:00", "2025-06-01T13:51:06+00:00", "2025-06-01T13:53:10+00:00", "2025-06-01T13:56:11+00:00", "2025-06-01T13:58:11+00:00", "2025-06-01T14:01:11+00:00", "2025-06-01T14:03:00+00:00", "2025-06-01T14:04:12+00:00", "2025-06-01T14:07:12+00:00", "2025-06-01T14:09:15+00:00", "2025-06-01T14:12:08+00:00", "2025-06-01T14:13:09+00:00", "2025-06-01T14:15:11+00:00", "2025-06-01T14:18:11+00:00", "2025-06-01T14:20:11+00:00", "2025-06-01T14:23:00+00:00", "2025-06-01T14:24:11+00:00", "2025-06-01T14:27:11+00:00", "2025-06-01T14:29:11+00:00", "2025-06-01T14:32:14+00:00", "2025-06-01T14:33:13+00:00", "2025-06-01T14:37:08+00:00", "2025-06-01T14:39:11+00:00", "2025-06-01T14:41:13+00:00", "2025-06-01T14:43:13+00:00", "2025-06-01T14:47:10+00:00", "2025-06-01T14:49:11+00:00", "2025-06-01T14:51:17+00:00", "2025-06-01T14:53:09+00:00", "2025-06-01T14:55:11+00:00", "2025-06-01T14:58:11+00:00", "2025-06-01T15:00:11+00:00", "2025-06-01T15:03:00+00:00", "2025-06-01T15:04:07+00:00", "2025-06-01T15:07:13+00:00", "2025-06-01T15:09:17+00:00", "2025-06-01T15:12:10+00:00", "2025-06-01T15:13:17+00:00", "2025-06-01T15:17:15+00:00", "2025-06-01T15:19:15+00:00", "2025-06-01T15:21:15+00:00", "2025-06-01T15:23:15+00:00", "2025-06-01T15:25:15+00:00", "2025-06-01T15:28:15+00:00", "2025-06-01T15:30:15+00:00", "2025-06-01T15:32:15+00:00", "2025-06-01T15:33:18+00:00", "2025-06-01T15:36:23+00:00", "2025-06-01T15:39:15+00:00", "2025-06-01T15:41:15+00:00", "2025-06-01T15:43:15+00:00", "2025-06-01T15:44:23+00:00", "2025-06-01T15:48:16+00:00", "2025-06-01T15:50:16+00:00", "2025-06-01T15:53:15+00:00", "2025-06-01T15:54:15+00:00", "2025-06-01T15:57:23+00:00", "2025-06-01T16:00:15+00:00", "2025-06-01T16:02:16+00:00", "2025-06-01T16:03:19+00:00", "2025-06-01T16:06:17+00:00", "2025-06-01T16:08:17+00:00", "2025-06-01T16:12:23+00:00", "2025-06-01T16:13:19+00:00", "2025-06-01T16:17:15+00:00", "2025-06-01T16:19:17+00:00", "2025-06-01T16:21:17+00:00", "2025-06-01T16:23:18+00:00", "2025-06-01T16:25:18+00:00", "2025-06-01T16:28:18+00:00", "2025-06-01T16:30:18+00:00", "2025-06-01T16:33:15+00:00", "2025-06-01T16:34:18+00:00", "2025-06-01T16:37:19+00:00", "2025-06-01T16:39:19+00:00", "2025-06-01T16:42:22+00:00", "2025-06-01T16:43:22+00:00", "2025-06-01T16:46:23+00:00", "2025-06-01T16:49:23+00:00", "2025-06-01T16:51:23+00:00", "2025-06-01T16:53:23+00:00", "2025-06-01T16:56:23+00:00", "2025-06-01T16:59:23+00:00", "2025-06-01T17:01:27+00:00", "2025-06-01T17:03:22+00:00", "2025-06-01T17:05:22+00:00", "2025-06-01T17:08:23+00:00", "2025-06-01T17:11:23+00:00", "2025-06-01T17:13:24+00:00", "2025-06-01T17:17:21+00:00", "2025-06-01T17:19:23+00:00", "2025-06-01T17:22:23+00:00", "2025-06-01T17:23:24+00:00", "2025-06-01T17:26:29+00:00", "2025-06-01T17:29:21+00:00", "2025-06-01T17:31:21+00:00", "2025-06-01T17:33:22+00:00", "2025-06-01T17:36:23+00:00", "2025-06-01T17:38:24+00:00", "2025-06-01T17:40:24+00:00", "2025-06-01T17:43:30+00:00", "2025-06-01T17:46:48+00:00", "2025-06-01T17:49:25+00:00", "2025-06-01T17:51:28+00:00", "2025-06-01T17:53:29+00:00", "2025-06-01T17:54:29+00:00", "2025-06-01T17:57:35+00:00", "2025-06-01T18:00:28+00:00", "2025-06-01T18:02:54+00:00", "2025-06-01T18:03:32+00:00", "2025-06-01T18:06:30+00:00", "2025-06-01T18:09:30+00:00", "2025-06-01T18:11:30+00:00", "2025-06-01T18:13:30+00:00", "2025-06-01T18:15:31+00:00", "2025-06-01T18:18:31+00:00", "2025-06-01T18:20:31+00:00", "2025-06-01T18:23:30+00:00", "2025-06-01T18:24:31+00:00", "2025-06-01T18:27:31+00:00", "2025-06-01T18:29:31+00:00", "2025-06-01T18:32:35+00:00", "2025-06-01T18:33:35+00:00", "2025-06-01T18:36:35+00:00", "2025-06-01T18:38:40+00:00", "2025-06-01T18:41:31+00:00", "2025-06-01T18:43:30+00:00", "2025-06-01T18:44:32+00:00", "2025-06-01T18:47:33+00:00", "2025-06-01T18:49:33+00:00", "2025-06-01T18:52:33+00:00", "2025-06-01T18:53:35+00:00", "2025-06-01T18:56:33+00:00", "2025-06-01T18:58:33+00:00", "2025-06-01T19:01:33+00:00", "2025-06-01T19:03:30+00:00", "2025-06-01T19:05:33+00:00", "2025-06-01T19:08:34+00:00", "2025-06-01T19:10:34+00:00", "2025-06-01T19:13:30+00:00", "2025-06-01T19:14:34+00:00", "2025-06-01T19:17:34+00:00", "2025-06-01T19:19:35+00:00", "2025-06-01T19:22:35+00:00", "2025-06-01T19:23:36+00:00", "2025-06-01T19:27:33+00:00", "2025-06-01T19:29:33+00:00", "2025-06-01T19:31:41+00:00", "2025-06-01T19:33:33+00:00", "2025-06-01T19:35:34+00:00", "2025-06-01T19:38:41+00:00", "2025-06-01T19:41:34+00:00", "2025-06-01T19:43:30+00:00", "2025-06-01T19:45:34+00:00", "2025-06-01T19:49:35+00:00", "2025-06-01T19:51:35+00:00", "2025-06-01T19:53:30+00:00", "2025-06-01T19:54:35+00:00", "2025-06-01T19:57:37+00:00", "2025-06-01T19:59:37+00:00", "2025-06-01T20:02:37+00:00", "2025-06-01T20:03:39+00:00", "2025-06-01T20:06:37+00:00", "2025-06-01T20:09:45+00:00", "2025-06-01T20:12:38+00:00", "2025-06-01T20:13:39+00:00", "2025-06-01T20:16:38+00:00", "2025-06-01T20:18:39+00:00", "2025-06-01T20:21:39+00:00", "2025-06-01T20:23:30+00:00", "2025-06-01T20:24:39+00:00", "2025-06-01T20:27:39+00:00", "2025-06-01T20:29:39+00:00", "2025-06-01T20:32:39+00:00", "2025-06-01T20:33:41+00:00", "2025-06-01T20:36:39+00:00", "2025-06-01T20:38:39+00:00", "2025-06-01T20:41:39+00:00", "2025-06-01T20:43:30+00:00", "2025-06-01T20:44:39+00:00", "2025-06-01T20:47:40+00:00", "2025-06-01T20:49:47+00:00", "2025-06-01T20:52:39+00:00", "2025-06-01T20:53:42+00:00", "2025-06-01T20:56:40+00:00", "2025-06-01T21:00:39+00:00", "2025-06-01T21:02:47+00:00", "2025-06-01T21:03:43+00:00", "2025-06-01T21:06:45+00:00", "2025-06-01T21:09:43+00:00", "2025-06-01T21:11:43+00:00", "2025-06-01T21:13:43+00:00", "2025-06-01T21:17:40+00:00", "2025-06-01T21:19:45+00:00", "2025-06-01T21:22:45+00:00", "2025-06-01T21:23:45+00:00", "2025-06-01T21:28:47+00:00", "2025-06-01T21:32:41+00:00", "2025-06-01T21:33:44+00:00", "2025-06-01T21:36:42+00:00", "2025-06-01T21:39:47+00:00", "2025-06-01T21:42:44+00:00", "2025-06-01T21:43:45+00:00", "2025-06-01T21:46:42+00:00", "2025-06-01T21:48:47+00:00", "2025-06-01T21:52:42+00:00", "2025-06-01T21:53:47+00:00", "2025-06-01T21:57:47+00:00", "2025-06-01T21:59:47+00:00", "2025-06-01T22:02:47+00:00", "2025-06-01T22:03:48+00:00", "2025-06-01T22:06:47+00:00", "2025-06-01T22:08:47+00:00", "2025-06-01T22:11:47+00:00", "2025-06-01T22:13:45+00:00", "2025-06-01T22:15:47+00:00", "2025-06-01T22:18:47+00:00", "2025-06-01T22:20:47+00:00", "2025-06-01T22:23:45+00:00", "2025-06-01T22:24:47+00:00", "2025-06-01T22:27:47+00:00", "2025-06-01T22:29:47+00:00", "2025-06-01T22:32:47+00:00", "2025-06-01T22:33:50+00:00", "2025-06-01T22:36:47+00:00", "2025-06-01T22:38:47+00:00", "2025-06-01T22:41:47+00:00", "2025-06-01T22:43:45+00:00", "2025-06-01T22:44:47+00:00", "2025-06-01T22:48:47+00:00", "2025-06-01T22:51:47+00:00", "2025-06-01T22:53:45+00:00", "2025-06-01T22:54:53+00:00", "2025-06-01T22:58:55+00:00", "2025-06-01T23:01:46+00:00", "2025-06-01T23:03:45+00:00", "2025-06-01T23:04:48+00:00", "2025-06-01T23:07:49+00:00", "2025-06-01T23:09:49+00:00", "2025-06-01T23:11:51+00:00", "2025-06-01T23:13:51+00:00", "2025-06-01T23:15:51+00:00", "2025-06-01T23:18:51+00:00", "2025-06-01T23:20:51+00:00", "2025-06-01T23:22:51+00:00", "2025-06-01T23:23:54+00:00", "2025-06-01T23:27:56+00:00", "2025-06-01T23:30:51+00:00", "2025-06-01T23:32:51+00:00", "2025-06-01T23:33:54+00:00", "2025-06-01T23:36:52+00:00", "2025-06-01T23:39:51+00:00", "2025-06-01T23:41:52+00:00", "2025-06-01T23:43:45+00:00", "2025-06-01T23:44:59+00:00", "2025-06-01T23:49:51+00:00", "2025-06-01T23:51:53+00:00", "2025-06-01T23:53:45+00:00", "2025-06-01T23:54:53+00:00", "2025-06-01T23:57:54+00:00", "2025-06-01T23:59:56+00:00", "2025-06-02T00:02:56+00:00", "2025-06-02T00:03:56+00:00", "2025-06-02T00:06:56+00:00", "2025-06-02T00:09:56+00:00", "2025-06-02T00:11:56+00:00", "2025-06-02T00:13:59+00:00", "2025-06-02T00:16:59+00:00", "2025-06-02T00:19:59+00:00", "2025-06-02T00:22:59+00:00", "2025-06-02T00:24:59+00:00", "2025-06-02T00:27:59+00:00", "2025-06-02T00:30:59+00:00", "2025-06-02T00:33:59+00:00", "2025-06-02T00:35:59+00:00", "2025-06-02T00:39:28+00:00", "2025-06-02T00:42:57+00:00", "2025-06-02T00:44:58+00:00", "2025-06-02T00:48:57+00:00", "2025-06-02T00:50:57+00:00", "2025-06-02T00:54:00+00:00", "2025-06-02T00:55:57+00:00", "2025-06-02T00:59:58+00:00", "2025-06-02T01:02:57+00:00", "2025-06-02T01:04:01+00:00", "2025-06-02T01:07:57+00:00", "2025-06-02T01:10:05+00:00", "2025-06-02T01:14:00+00:00", "2025-06-02T01:17:04+00:00", "2025-06-02T01:21:03+00:00", "2025-06-02T01:23:06+00:00", "2025-06-02T01:26:10+00:00", "2025-06-02T01:30:04+00:00", "2025-06-02T01:32:05+00:00", "2025-06-02T01:34:08+00:00", "2025-06-02T01:37:06+00:00", "2025-06-02T01:40:06+00:00", "2025-06-02T01:43:06+00:00", "2025-06-02T01:45:06+00:00", "2025-06-02T01:48:06+00:00", "2025-06-02T01:51:06+00:00", "2025-06-02T01:54:00+00:00", "2025-06-02T01:56:08+00:00", "2025-06-02T01:59:08+00:00", "2025-06-02T02:02:08+00:00", "2025-06-02T02:04:09+00:00", "2025-06-02T02:07:08+00:00", "2025-06-02T02:10:08+00:00", "2025-06-02T02:13:08+00:00", "2025-06-02T02:15:08+00:00", "2025-06-02T02:18:08+00:00", "2025-06-02T02:21:08+00:00", "2025-06-02T02:24:00+00:00", "2025-06-02T02:26:08+00:00", "2025-06-02T02:29:11+00:00", "2025-06-02T02:32:11+00:00", "2025-06-02T02:35:11+00:00", "2025-06-02T02:38:11+00:00", "2025-06-02T02:41:11+00:00", "2025-06-02T02:44:00+00:00", "2025-06-02T02:46:11+00:00", "2025-06-02T02:49:11+00:00", "2025-06-02T02:52:11+00:00", "2025-06-02T02:54:12+00:00", "2025-06-02T02:59:12+00:00", "2025-06-02T03:03:12+00:00", "2025-06-02T03:05:12+00:00", "2025-06-02T03:10:08+00:00", "2025-06-02T03:12:08+00:00", "2025-06-02T03:14:12+00:00", "2025-06-02T03:17:10+00:00", "2025-06-02T03:21:09+00:00", "2025-06-02T03:23:10+00:00", "2025-06-02T03:25:17+00:00", "2025-06-02T03:29:11+00:00", "2025-06-02T03:31:11+00:00", "2025-06-02T03:34:00+00:00", "2025-06-02T03:36:11+00:00", "2025-06-02T03:39:13+00:00", "2025-06-02T03:41:13+00:00", "2025-06-02T03:44:00+00:00", "2025-06-02T03:46:14+00:00", "2025-06-02T03:49:14+00:00", "2025-06-02T03:52:14+00:00", "2025-06-02T03:54:15+00:00", "2025-06-02T03:58:13+00:00", "2025-06-02T04:00:13+00:00", "2025-06-02T04:03:15+00:00", "2025-06-02T04:05:15+00:00", "2025-06-02T04:08:16+00:00", "2025-06-02T04:12:13+00:00", "2025-06-02T04:14:13+00:00", "2025-06-02T04:16:13+00:00", "2025-06-02T04:19:13+00:00", "2025-06-02T04:21:13+00:00", "2025-06-02T04:24:13+00:00", "2025-06-02T04:26:13+00:00", "2025-06-02T04:29:14+00:00", "2025-06-02T04:31:15+00:00", "2025-06-02T04:34:15+00:00", "2025-06-02T04:36:16+00:00", "2025-06-02T04:39:16+00:00", "2025-06-02T04:42:16+00:00", "2025-06-02T04:44:16+00:00", "2025-06-02T04:47:16+00:00", "2025-06-02T04:50:16+00:00", "2025-06-02T04:53:16+00:00", "2025-06-02T04:55:16+00:00", "2025-06-02T04:58:16+00:00", "2025-06-02T05:01:16+00:00", "2025-06-02T05:04:15+00:00", "2025-06-02T05:06:16+00:00", "2025-06-02T05:09:16+00:00", "2025-06-02T05:11:16+00:00", "2025-06-02T05:14:15+00:00", "2025-06-02T05:16:16+00:00", "2025-06-02T05:20:15+00:00", "2025-06-02T05:22:15+00:00", "2025-06-02T05:24:18+00:00", "2025-06-02T05:27:17+00:00", "2025-06-02T05:30:17+00:00", "2025-06-02T05:33:17+00:00", "2025-06-02T05:35:24+00:00", "2025-06-02T05:39:16+00:00", "2025-06-02T05:41:23+00:00", "2025-06-02T05:44:19+00:00", "2025-06-02T05:47:16+00:00", "2025-06-02T05:51:15+00:00", "2025-06-02T05:53:16+00:00", "2025-06-02T05:56:20+00:00", "2025-06-02T05:59:21+00:00", "2025-06-02T06:02:22+00:00", "2025-06-02T06:04:24+00:00", "2025-06-02T06:07:22+00:00", "2025-06-02T06:10:29+00:00", "2025-06-02T06:13:21+00:00", "2025-06-02T06:14:24+00:00", "2025-06-02T06:17:22+00:00", "2025-06-02T06:20:23+00:00", "2025-06-02T06:23:23+00:00", "2025-06-02T06:25:29+00:00", "2025-06-02T06:29:23+00:00", "2025-06-02T06:31:23+00:00", "2025-06-02T06:34:15+00:00", "2025-06-02T06:36:24+00:00", "2025-06-02T06:39:27+00:00", "2025-06-02T06:41:27+00:00", "2025-06-02T06:44:15+00:00", "2025-06-02T06:46:27+00:00", "2025-06-02T06:50:19+00:00", "2025-06-02T06:52:25+00:00", "2025-06-02T06:54:25+00:00", "2025-06-02T06:56:25+00:00", "2025-06-02T06:59:25+00:00", "2025-06-02T07:01:26+00:00", "2025-06-02T07:04:15+00:00", "2025-06-02T07:06:26+00:00", "2025-06-02T07:09:26+00:00", "2025-06-02T07:11:26+00:00", "2025-06-02T07:14:15+00:00", "2025-06-02T07:16:26+00:00", "2025-06-02T07:19:26+00:00", "2025-06-02T07:21:26+00:00", "2025-06-02T07:24:15+00:00", "2025-06-02T07:26:26+00:00", "2025-06-02T07:29:28+00:00", "2025-06-02T07:31:30+00:00", "2025-06-02T07:34:15+00:00", "2025-06-02T07:36:30+00:00", "2025-06-02T07:39:30+00:00", "2025-06-02T07:41:30+00:00", "2025-06-02T07:44:30+00:00", "2025-06-02T07:46:30+00:00", "2025-06-02T07:49:30+00:00", "2025-06-02T07:52:27+00:00", "2025-06-02T07:54:29+00:00", "2025-06-02T07:56:29+00:00", "2025-06-02T07:59:30+00:00", "2025-06-02T08:01:36+00:00", "2025-06-02T08:04:30+00:00", "2025-06-02T08:06:28+00:00", "2025-06-02T08:10:28+00:00", "2025-06-02T08:12:28+00:00", "2025-06-02T08:14:31+00:00", "2025-06-02T08:18:27+00:00", "2025-06-02T08:20:35+00:00", "2025-06-02T08:23:35+00:00", "2025-06-02T08:25:27+00:00", "2025-06-02T08:28:30+00:00", "2025-06-02T08:31:30+00:00", "2025-06-02T08:34:30+00:00", "2025-06-02T08:36:31+00:00", "2025-06-02T08:39:32+00:00", "2025-06-02T08:41:32+00:00", "2025-06-02T08:44:30+00:00", "2025-06-02T08:46:32+00:00", "2025-06-02T08:49:32+00:00", "2025-06-02T08:52:32+00:00", "2025-06-02T08:54:33+00:00", "2025-06-02T08:57:33+00:00", "2025-06-02T09:01:16+00:00", "2025-06-02T09:03:27+00:00", "2025-06-02T09:05:29+00:00", "2025-06-02T09:08:31+00:00", "2025-06-02T09:11:31+00:00", "2025-06-02T09:14:30+00:00", "2025-06-02T09:16:31+00:00", "2025-06-02T09:19:34+00:00", "2025-06-02T09:21:34+00:00", "2025-06-02T09:24:30+00:00", "2025-06-02T09:26:35+00:00", "2025-06-02T09:29:35+00:00", "2025-06-02T09:31:35+00:00", "2025-06-02T09:34:30+00:00", "2025-06-02T09:37:33+00:00", "2025-06-02T09:39:42+00:00", "2025-06-02T09:42:33+00:00", "2025-06-02T09:44:30+00:00", "2025-06-02T09:45:34+00:00", "2025-06-02T09:49:33+00:00", "2025-06-02T09:51:34+00:00", "2025-06-02T09:54:32+00:00", "2025-06-02T09:57:33+00:00", "2025-06-02T09:59:33+00:00", "2025-06-02T10:02:41+00:00", "2025-06-02T10:04:32+00:00", "2025-06-02T10:06:35+00:00", "2025-06-02T10:09:36+00:00", "2025-06-02T10:11:36+00:00", "2025-06-02T10:14:30+00:00", "2025-06-02T10:17:33+00:00", "2025-06-02T10:19:34+00:00", "2025-06-02T10:22:33+00:00", "2025-06-02T10:24:30+00:00", "2025-06-02T10:25:35+00:00", "2025-06-02T10:28:38+00:00", "2025-06-02T10:30:38+00:00", "2025-06-02T10:33:38+00:00", "2025-06-02T10:34:38+00:00", "2025-06-02T10:39:35+00:00", "2025-06-02T10:41:35+00:00", "2025-06-02T10:43:35+00:00", "2025-06-02T10:45:37+00:00", "2025-06-02T10:48:37+00:00", "2025-06-02T10:50:37+00:00", "2025-06-02T10:53:37+00:00", "2025-06-02T10:54:37+00:00", "2025-06-02T10:57:37+00:00", "2025-06-02T11:01:36+00:00", "2025-06-02T11:04:30+00:00", "2025-06-02T11:05:35+00:00", "2025-06-02T11:08:38+00:00", "2025-06-02T11:11:34+00:00", "2025-06-02T11:13:41+00:00", "2025-06-02T11:14:39+00:00", "2025-06-02T11:17:37+00:00", "2025-06-02T11:20:37+00:00", "2025-06-02T11:22:37+00:00", "2025-06-02T11:24:37+00:00", "2025-06-02T11:26:41+00:00", "2025-06-02T11:29:41+00:00", "2025-06-02T11:32:36+00:00", "2025-06-02T11:34:30+00:00", "2025-06-02T11:35:38+00:00", "2025-06-02T11:38:38+00:00", "2025-06-02T11:40:38+00:00", "2025-06-02T11:43:41+00:00", "2025-06-02T11:44:39+00:00", "2025-06-02T11:47:38+00:00", "2025-06-02T11:50:38+00:00", "2025-06-02T11:52:39+00:00", "2025-06-02T11:54:40+00:00", "2025-06-02T11:57:38+00:00", "2025-06-02T11:59:38+00:00", "2025-06-02T12:01:40+00:00", "2025-06-02T12:04:30+00:00", "2025-06-02T12:06:40+00:00", "2025-06-02T12:09:40+00:00", "2025-06-02T12:11:40+00:00", "2025-06-02T12:14:30+00:00", "2025-06-02T12:16:41+00:00", "2025-06-02T12:19:42+00:00", "2025-06-02T12:21:42+00:00", "2025-06-02T12:24:30+00:00", "2025-06-02T12:25:42+00:00", "2025-06-02T12:28:42+00:00", "2025-06-02T12:30:42+00:00", "2025-06-02T12:33:42+00:00", "2025-06-02T12:34:42+00:00", "2025-06-02T12:37:42+00:00", "2025-06-02T12:40:42+00:00", "2025-06-02T12:42:42+00:00", "2025-06-02T12:44:42+00:00", "2025-06-02T12:47:42+00:00", "2025-06-02T12:50:42+00:00", "2025-06-02T12:52:42+00:00", "2025-06-02T12:54:42+00:00", "2025-06-02T12:58:42+00:00", "2025-06-02T13:01:31+00:00", "2025-06-02T13:03:38+00:00", "2025-06-02T13:04:44+00:00", "2025-06-02T13:07:48+00:00", "2025-06-02T13:10:47+00:00", "2025-06-02T13:13:47+00:00", "2025-06-02T13:14:44+00:00", "2025-06-02T13:17:47+00:00", "2025-06-02T13:20:47+00:00", "2025-06-02T13:23:47+00:00", "2025-06-02T13:24:45+00:00", "2025-06-02T13:27:42+00:00", "2025-06-02T13:29:44+00:00", "2025-06-02T13:32:44+00:00", "2025-06-02T13:34:44+00:00", "2025-06-02T13:35:44+00:00", "2025-06-02T13:38:47+00:00", "2025-06-02T13:40:47+00:00", "2025-06-02T13:43:47+00:00", "2025-06-02T13:44:47+00:00", "2025-06-02T13:47:48+00:00", "2025-06-02T13:50:47+00:00", "2025-06-02T13:52:47+00:00", "2025-06-02T13:54:45+00:00", "2025-06-02T13:55:47+00:00", "2025-06-02T13:58:47+00:00", "2025-06-02T14:00:47+00:00", "2025-06-02T14:02:47+00:00", "2025-06-02T14:04:45+00:00", "2025-06-02T14:06:40+00:00", "2025-06-02T14:09:44+00:00", "2025-06-02T14:11:44+00:00", "2025-06-02T14:13:45+00:00", "2025-06-02T14:14:48+00:00", "2025-06-02T14:18:49+00:00", "2025-06-02T14:20:49+00:00", "2025-06-02T14:22:50+00:00", "2025-06-02T14:24:45+00:00", "2025-06-02T14:27:50+00:00", "2025-06-02T14:29:51+00:00", "2025-06-02T14:31:54+00:00", "2025-06-02T14:33:54+00:00", "2025-06-02T14:34:54+00:00", "2025-06-02T14:37:59+00:00", "2025-06-02T14:40:51+00:00", "2025-06-02T14:42:52+00:00", "2025-06-02T14:44:45+00:00", "2025-06-02T14:47:56+00:00", "2025-06-02T14:49:56+00:00", "2025-06-02T14:52:59+00:00", "2025-06-02T14:54:45+00:00", "2025-06-02T14:55:59+00:00", "2025-06-02T14:58:59+00:00", "2025-06-02T15:00:59+00:00", "2025-06-02T15:02:59+00:00", "2025-06-02T15:04:45+00:00", "2025-06-02T15:06:59+00:00", "2025-06-02T15:09:05+00:00", "2025-06-02T15:11:56+00:00", "2025-06-02T15:13:57+00:00", "2025-06-02T15:15:00+00:00", "2025-06-02T15:18:57+00:00", "2025-06-02T15:20:57+00:00", "2025-06-02T15:22:58+00:00", "2025-06-02T15:25:00+00:00", "2025-06-02T15:26:59+00:00", "2025-06-02T15:29:59+00:00", "2025-06-02T15:31:59+00:00", "2025-06-02T15:33:59+00:00", "2025-06-02T15:35:01+00:00", "2025-06-02T15:38:00+00:00", "2025-06-02T15:40:00+00:00", "2025-06-02T15:42:00+00:00", "2025-06-02T15:44:00+00:00", "2025-06-02T15:45:02+00:00", "2025-06-02T15:48:00+00:00", "2025-06-02T15:50:00+00:00", "2025-06-02T15:52:00+00:00", "2025-06-02T15:54:00+00:00", "2025-06-02T15:55:03+00:00", "2025-06-02T15:58:01+00:00", "2025-06-02T16:00:01+00:00", "2025-06-02T16:02:01+00:00", "2025-06-02T16:04:01+00:00", "2025-06-02T16:05:03+00:00", "2025-06-02T16:08:01+00:00", "2025-06-02T16:10:02+00:00", "2025-06-02T16:12:02+00:00", "2025-06-02T16:14:02+00:00", "2025-06-02T16:15:04+00:00", "2025-06-02T16:18:02+00:00", "2025-06-02T16:20:02+00:00", "2025-06-02T16:22:02+00:00", "2025-06-02T16:24:02+00:00", "2025-06-02T16:25:05+00:00", "2025-06-02T16:28:03+00:00", "2025-06-02T16:30:03+00:00", "2025-06-02T16:32:03+00:00", "2025-06-02T16:34:03+00:00", "2025-06-02T16:35:05+00:00", "2025-06-02T16:38:03+00:00", "2025-06-02T16:40:03+00:00", "2025-06-02T16:42:03+00:00", "2025-06-02T16:44:03+00:00", "2025-06-02T16:45:05+00:00", "2025-06-02T16:48:04+00:00", "2025-06-02T16:50:11+00:00", "2025-06-02T16:53:02+00:00", "2025-06-02T16:55:00+00:00", "2025-06-02T16:56:04+00:00", "2025-06-02T17:00:03+00:00", "2025-06-02T17:02:06+00:00", "2025-06-02T17:04:06+00:00", "2025-06-02T17:05:06+00:00", "2025-06-02T17:09:04+00:00", "2025-06-02T17:11:04+00:00", "2025-06-02T17:13:04+00:00", "2025-06-02T17:15:00+00:00", "2025-06-02T17:18:08+00:00", "2025-06-02T17:20:09+00:00", "2025-06-02T17:22:09+00:00", "2025-06-02T17:24:09+00:00", "2025-06-02T17:26:00+00:00", "2025-06-02T17:27:13+00:00", "2025-06-02T17:30:13+00:00", "2025-06-02T17:32:14+00:00", "2025-06-02T17:35:09+00:00", "2025-06-02T17:36:09+00:00", "2025-06-02T17:38:16+00:00", "2025-06-02T17:41:16+00:00", "2025-06-02T17:44:10+00:00", "2025-06-02T17:46:00+00:00", "2025-06-02T17:47:12+00:00", "2025-06-02T17:50:12+00:00", "2025-06-02T17:52:12+00:00", "2025-06-02T17:54:12+00:00", "2025-06-02T17:56:00+00:00", "2025-06-02T17:57:12+00:00", "2025-06-02T18:00:13+00:00", "2025-06-02T18:02:13+00:00", "2025-06-02T18:05:14+00:00", "2025-06-02T18:06:14+00:00", "2025-06-02T18:09:14+00:00", "2025-06-02T18:11:14+00:00", "2025-06-02T18:14:16+00:00", "2025-06-02T18:16:12+00:00", "2025-06-02T18:18:14+00:00", "2025-06-02T18:21:14+00:00", "2025-06-02T18:24:11+00:00", "2025-06-02T18:26:13+00:00", "2025-06-02T18:27:14+00:00", "2025-06-02T18:30:14+00:00", "2025-06-02T18:32:14+00:00", "2025-06-02T18:35:15+00:00", "2025-06-02T18:36:18+00:00", "2025-06-02T18:40:17+00:00", "2025-06-02T18:42:17+00:00", "2025-06-02T18:45:17+00:00", "2025-06-02T18:46:19+00:00", "2025-06-02T18:49:17+00:00", "2025-06-02T18:51:17+00:00", "2025-06-02T18:54:18+00:00", "2025-06-02T18:56:15+00:00", "2025-06-02T18:58:20+00:00", "2025-06-02T19:02:14+00:00", "2025-06-02T19:04:15+00:00", "2025-06-02T19:06:20+00:00", "2025-06-02T19:09:17+00:00", "2025-06-02T19:11:18+00:00", "2025-06-02T19:14:18+00:00", "2025-06-02T19:16:15+00:00", "2025-06-02T19:17:18+00:00", "2025-06-02T19:20:18+00:00", "2025-06-02T19:22:19+00:00", "2025-06-02T19:25:19+00:00", "2025-06-02T19:26:20+00:00", "2025-06-02T19:29:19+00:00", "2025-06-02T19:31:19+00:00", "2025-06-02T19:34:19+00:00", "2025-06-02T19:36:15+00:00", "2025-06-02T19:37:19+00:00", "2025-06-02T19:40:20+00:00", "2025-06-02T19:42:21+00:00", "2025-06-02T19:45:21+00:00", "2025-06-02T19:46:21+00:00", "2025-06-02T19:49:21+00:00", "2025-06-02T19:51:21+00:00", "2025-06-02T19:54:21+00:00", "2025-06-02T19:56:15+00:00", "2025-06-02T19:59:20+00:00", "2025-06-02T20:01:20+00:00", "2025-06-02T20:04:21+00:00", "2025-06-02T20:06:15+00:00", "2025-06-02T20:09:21+00:00", "2025-06-02T20:12:38+00:00", "2025-06-02T20:14:40+00:00", "2025-06-02T20:16:22+00:00", "2025-06-02T20:19:22+00:00", "2025-06-02T20:21:22+00:00", "2025-06-02T20:24:22+00:00", "2025-06-02T20:26:15+00:00", "2025-06-02T20:28:22+00:00", "2025-06-02T20:31:22+00:00", "2025-06-02T20:33:22+00:00", "2025-06-02T20:35:22+00:00", "2025-06-02T20:36:23+00:00", "2025-06-02T20:39:22+00:00", "2025-06-02T20:42:21+00:00", "2025-06-02T20:44:21+00:00", "2025-06-02T20:46:15+00:00", "2025-06-02T20:47:21+00:00", "2025-06-02T20:50:45+00:00", "2025-06-02T20:53:21+00:00", "2025-06-02T20:55:29+00:00", "2025-06-02T20:56:24+00:00", "2025-06-02T20:59:22+00:00", "2025-06-02T21:01:29+00:00", "2025-06-02T21:04:21+00:00", "2025-06-02T21:06:15+00:00", "2025-06-02T21:07:22+00:00", "2025-06-02T21:10:23+00:00", "2025-06-02T21:12:24+00:00", "2025-06-02T21:14:24+00:00", "2025-06-02T21:16:15+00:00", "2025-06-02T21:17:24+00:00", "2025-06-02T21:20:25+00:00", "2025-06-02T21:22:25+00:00", "2025-06-02T21:24:25+00:00", "2025-06-02T21:26:15+00:00", "2025-06-02T21:27:25+00:00", "2025-06-02T21:30:25+00:00", "2025-06-02T21:32:29+00:00", "2025-06-02T21:34:29+00:00", "2025-06-02T21:36:15+00:00", "2025-06-02T21:38:25+00:00", "2025-06-02T21:41:26+00:00", "2025-06-02T21:43:26+00:00", "2025-06-02T21:45:26+00:00", "2025-06-02T21:46:28+00:00", "2025-06-02T21:49:27+00:00", "2025-06-02T21:51:27+00:00", "2025-06-02T21:53:27+00:00", "2025-06-02T21:55:27+00:00", "2025-06-02T21:56:28+00:00", "2025-06-02T21:59:27+00:00", "2025-06-02T22:01:27+00:00", "2025-06-02T22:03:27+00:00", "2025-06-02T22:05:27+00:00", "2025-06-02T22:06:28+00:00", "2025-06-02T22:09:27+00:00", "2025-06-02T22:11:27+00:00", "2025-06-02T22:13:27+00:00", "2025-06-02T22:16:15+00:00", "2025-06-02T22:17:27+00:00", "2025-06-02T22:20:27+00:00", "2025-06-02T22:22:27+00:00", "2025-06-02T22:25:30+00:00", "2025-06-02T22:26:29+00:00", "2025-06-02T22:28:35+00:00", "2025-06-02T22:32:27+00:00", "2025-06-02T22:34:27+00:00", "2025-06-02T22:36:30+00:00", "2025-06-02T22:38:35+00:00", "2025-06-02T22:41:27+00:00", "2025-06-02T22:43:28+00:00", "2025-06-02T22:45:28+00:00", "2025-06-02T22:46:31+00:00", "2025-06-02T22:50:35+00:00", "2025-06-02T22:53:28+00:00", "2025-06-02T22:55:29+00:00", "2025-06-02T22:56:31+00:00", "2025-06-02T22:59:31+00:00", "2025-06-02T23:02:18+00:00", "2025-06-02T23:04:18+00:00", "2025-06-02T23:06:30+00:00", "2025-06-02T23:08:30+00:00", "2025-06-02T23:11:35+00:00", "2025-06-02T23:13:35+00:00", "2025-06-02T23:16:30+00:00", "2025-06-02T23:17:35+00:00", "2025-06-02T23:20:35+00:00", "2025-06-02T23:22:35+00:00", "2025-06-02T23:25:35+00:00", "2025-06-02T23:26:35+00:00", "2025-06-02T23:29:35+00:00", "2025-06-02T23:33:32+00:00", "2025-06-02T23:35:32+00:00", "2025-06-02T23:36:34+00:00", "2025-06-02T23:39:32+00:00", "2025-06-02T23:42:32+00:00", "2025-06-02T23:44:32+00:00", "2025-06-02T23:46:32+00:00", "2025-06-02T23:48:33+00:00", "2025-06-02T23:51:35+00:00", "2025-06-02T23:53:35+00:00", "2025-06-02T23:56:30+00:00", "2025-06-02T23:58:36+00:00", "2025-06-03T00:01:36+00:00", "2025-06-03T00:03:36+00:00", "2025-06-03T00:06:30+00:00", "2025-06-03T00:09:34+00:00", "2025-06-03T00:11:34+00:00", "2025-06-03T00:13:34+00:00", "2025-06-03T00:16:30+00:00", "2025-06-03T00:17:45+00:00", "2025-06-03T00:21:35+00:00", "2025-06-03T00:24:33+00:00", "2025-06-03T00:26:30+00:00", "2025-06-03T00:27:41+00:00", "2025-06-03T00:32:35+00:00", "2025-06-03T00:40:34+00:00", "2025-06-03T00:49:42+00:00", "2025-06-03T00:56:36+00:00", "2025-06-03T01:03:37+00:00", "2025-06-03T01:10:41+00:00", "2025-06-03T01:19:32+00:00", "2025-06-03T01:26:38+00:00", "2025-06-03T01:35:39+00:00", "2025-06-03T01:46:38+00:00", "2025-06-03T01:53:39+00:00", "2025-06-03T02:01:39+00:00", "2025-06-03T02:09:40+00:00", "2025-06-03T02:16:41+00:00", "2025-06-03T02:24:40+00:00", "2025-06-03T02:32:39+00:00", "2025-06-03T02:38:41+00:00", "2025-06-03T02:46:39+00:00", "2025-06-03T02:53:47+00:00", "2025-06-03T03:01:40+00:00", "2025-06-03T03:09:39+00:00", "2025-06-03T03:16:43+00:00", "2025-06-03T03:24:45+00:00", "2025-06-03T03:30:45+00:00", "2025-06-03T03:37:24+00:00", "2025-06-03T03:45:31+00:00", "2025-06-03T03:52:41+00:00", "2025-06-03T03:59:45+00:00", "2025-06-03T04:06:45+00:00", "2025-06-03T04:14:45+00:00", "2025-06-03T04:20:48+00:00", "2025-06-03T04:27:44+00:00", "2025-06-03T04:36:45+00:00", "2025-06-03T04:43:50+00:00", "2025-06-03T04:51:55+00:00", "2025-06-03T04:58:55+00:00", "2025-06-03T05:06:57+00:00", "2025-06-03T05:16:45+00:00", "2025-06-03T05:28:57+00:00", "2025-06-03T05:44:45+00:00", "2025-06-03T06:00:58+00:00", "2025-06-03T06:20:56+00:00", "2025-06-03T06:49:45+00:00", "2025-06-03T07:06:54+00:00", "2025-06-03T07:19:49+00:00", "2025-06-03T07:22:49+00:00", "2025-06-03T07:25:51+00:00", "2025-06-03T07:27:51+00:00", "2025-06-03T07:30:51+00:00", "2025-06-03T07:33:51+00:00", "2025-06-03T07:36:52+00:00", "2025-06-03T07:39:53+00:00", "2025-06-03T07:43:13+00:00", "2025-06-03T07:46:51+00:00", "2025-06-03T07:49:59+00:00", "2025-06-03T07:53:52+00:00", "2025-06-03T07:56:52+00:00", "2025-06-03T07:59:52+00:00", "2025-06-03T08:02:53+00:00", "2025-06-03T08:05:56+00:00", "2025-06-03T08:07:57+00:00", "2025-06-03T08:10:57+00:00", "2025-06-03T08:13:57+00:00", "2025-06-03T08:16:45+00:00", "2025-06-03T08:18:57+00:00", "2025-06-03T08:21:57+00:00", "2025-06-03T08:24:57+00:00", "2025-06-03T08:26:56+00:00", "2025-06-03T08:30:54+00:00", "2025-06-03T08:33:54+00:00", "2025-06-03T08:37:00+00:00", "2025-06-03T08:39:59+00:00", "2025-06-03T08:43:05+00:00", "2025-06-03T08:47:00+00:00", "2025-06-03T08:50:57+00:00", "2025-06-03T08:53:58+00:00", "2025-06-03T08:57:01+00:00", "2025-06-03T08:59:59+00:00", "2025-06-03T09:02:59+00:00", "2025-06-03T09:05:59+00:00", "2025-06-03T09:07:59+00:00", "2025-06-03T09:11:01+00:00", "2025-06-03T09:14:01+00:00", "2025-06-03T09:17:01+00:00", "2025-06-03T09:19:01+00:00", "2025-06-03T09:22:02+00:00", "2025-06-03T09:25:02+00:00", "2025-06-03T09:27:02+00:00", "2025-06-03T09:30:02+00:00", "2025-06-03T09:33:02+00:00", "2025-06-03T09:36:02+00:00", "2025-06-03T09:39:03+00:00", "2025-06-03T09:42:03+00:00", "2025-06-03T09:46:03+00:00", "2025-06-03T09:48:03+00:00", "2025-06-03T09:51:03+00:00", "2025-06-03T09:54:03+00:00", "2025-06-03T09:57:00+00:00", "2025-06-03T09:59:03+00:00", "2025-06-03T10:02:03+00:00", "2025-06-03T10:05:03+00:00", "2025-06-03T10:08:03+00:00", "2025-06-03T10:11:03+00:00", "2025-06-03T10:14:03+00:00", "2025-06-03T10:17:03+00:00", "2025-06-03T10:20:03+00:00", "2025-06-03T10:23:03+00:00", "2025-06-03T10:26:03+00:00", "2025-06-03T10:28:03+00:00", "2025-06-03T10:31:04+00:00", "2025-06-03T10:35:03+00:00", "2025-06-03T10:37:03+00:00", "2025-06-03T10:39:04+00:00", "2025-06-03T10:43:04+00:00", "2025-06-03T10:46:02+00:00", "2025-06-03T10:48:04+00:00", "2025-06-03T10:51:05+00:00", "2025-06-03T10:55:02+00:00", "2025-06-03T10:57:11+00:00", "2025-06-03T11:01:11+00:00", "2025-06-03T11:04:11+00:00", "2025-06-03T11:07:00+00:00", "2025-06-03T11:10:11+00:00", "2025-06-03T11:14:09+00:00", "2025-06-03T11:17:10+00:00", "2025-06-03T11:20:10+00:00", "2025-06-03T11:24:09+00:00", "2025-06-03T11:27:15+00:00", "2025-06-03T11:30:18+00:00", "2025-06-03T11:33:18+00:00", "2025-06-03T11:36:19+00:00", "2025-06-03T11:39:15+00:00", "2025-06-03T11:42:18+00:00", "2025-06-03T11:45:18+00:00", "2025-06-03T11:47:19+00:00", "2025-06-03T11:50:20+00:00", "2025-06-03T11:53:20+00:00", "2025-06-03T11:56:20+00:00", "2025-06-03T11:58:15+00:00", "2025-06-03T12:02:15+00:00", "2025-06-03T12:04:17+00:00", "2025-06-03T12:07:15+00:00", "2025-06-03T12:09:30+00:00", "2025-06-03T12:13:19+00:00", "2025-06-03T12:15:19+00:00", "2025-06-03T12:17:24+00:00", "2025-06-03T12:20:24+00:00", "2025-06-03T12:23:24+00:00", "2025-06-03T12:27:15+00:00", "2025-06-03T12:29:23+00:00", "2025-06-03T12:32:23+00:00", "2025-06-03T12:35:23+00:00", "2025-06-03T12:37:25+00:00", "2025-06-03T12:40:24+00:00", "2025-06-03T12:43:24+00:00", "2025-06-03T12:46:24+00:00", "2025-06-03T12:48:24+00:00", "2025-06-03T12:52:23+00:00", "2025-06-03T12:54:26+00:00", "2025-06-03T12:57:15+00:00", "2025-06-03T12:59:22+00:00", "2025-06-03T13:02:23+00:00", "2025-06-03T13:05:24+00:00", "2025-06-03T13:07:26+00:00", "2025-06-03T13:10:24+00:00", "2025-06-03T13:13:24+00:00", "2025-06-03T13:16:24+00:00", "2025-06-03T13:18:24+00:00", "2025-06-03T13:22:25+00:00", "2025-06-03T13:24:25+00:00", "2025-06-03T13:27:15+00:00", "2025-06-03T13:29:25+00:00", "2025-06-03T13:32:25+00:00", "2025-06-03T13:35:25+00:00", "2025-06-03T13:37:27+00:00", "2025-06-03T13:40:25+00:00", "2025-06-03T13:43:25+00:00", "2025-06-03T13:46:25+00:00", "2025-06-03T13:48:26+00:00", "2025-06-03T13:52:27+00:00", "2025-06-03T13:55:27+00:00", "2025-06-03T13:57:28+00:00", "2025-06-03T14:00:27+00:00", "2025-06-03T14:03:27+00:00", "2025-06-03T14:06:27+00:00", "2025-06-03T14:08:27+00:00", "2025-06-03T14:12:27+00:00", "2025-06-03T14:15:27+00:00", "2025-06-03T14:17:29+00:00", "2025-06-03T14:20:27+00:00", "2025-06-03T14:23:27+00:00", "2025-06-03T14:26:27+00:00", "2025-06-03T14:28:27+00:00", "2025-06-03T14:31:28+00:00", "2025-06-03T14:34:28+00:00", "2025-06-03T14:37:28+00:00", "2025-06-03T14:40:28+00:00", "2025-06-03T14:44:26+00:00", "2025-06-03T14:46:30+00:00", "2025-06-03T14:49:31+00:00", "2025-06-03T14:53:28+00:00", "2025-06-03T14:55:35+00:00", "2025-06-03T14:57:30+00:00", "2025-06-03T15:01:32+00:00", "2025-06-03T15:05:31+00:00", "2025-06-03T15:07:30+00:00", "2025-06-03T15:09:28+00:00", "2025-06-03T15:13:29+00:00", "2025-06-03T15:15:29+00:00", "2025-06-03T15:17:31+00:00", "2025-06-03T15:21:28+00:00", "2025-06-03T15:23:28+00:00", "2025-06-03T15:25:30+00:00", "2025-06-03T15:27:30+00:00", "2025-06-03T15:29:35+00:00", "2025-06-03T15:32:30+00:00", "2025-06-03T15:34:31+00:00", "2025-06-03T15:36:33+00:00", "2025-06-03T15:37:33+00:00", "2025-06-03T15:41:31+00:00", "2025-06-03T15:43:33+00:00", "2025-06-03T15:45:33+00:00", "2025-06-03T15:47:30+00:00", "2025-06-03T15:49:33+00:00", "2025-06-03T15:51:33+00:00", "2025-06-03T15:53:33+00:00", "2025-06-03T15:55:33+00:00", "2025-06-03T15:57:30+00:00", "2025-06-03T15:59:34+00:00", "2025-06-03T16:01:34+00:00", "2025-06-03T16:03:34+00:00", "2025-06-03T16:05:34+00:00", "2025-06-03T16:07:30+00:00", "2025-06-03T16:09:34+00:00", "2025-06-03T16:12:34+00:00", "2025-06-03T16:14:34+00:00", "2025-06-03T16:17:30+00:00", "2025-06-03T16:19:35+00:00", "2025-06-03T16:22:36+00:00", "2025-06-03T16:24:36+00:00", "2025-06-03T16:27:30+00:00", "2025-06-03T16:29:36+00:00", "2025-06-03T16:32:36+00:00", "2025-06-03T16:35:34+00:00", "2025-06-03T16:37:30+00:00", "2025-06-03T16:39:35+00:00", "2025-06-03T16:42:35+00:00", "2025-06-03T16:44:35+00:00", "2025-06-03T16:47:30+00:00", "2025-06-03T16:49:35+00:00", "2025-06-03T16:52:35+00:00", "2025-06-03T16:55:35+00:00", "2025-06-03T16:58:35+00:00", "2025-06-03T17:01:35+00:00", "2025-06-03T17:04:35+00:00", "2025-06-03T17:07:30+00:00", "2025-06-03T17:09:33+00:00", "2025-06-03T17:13:33+00:00", "2025-06-03T17:15:38+00:00", "2025-06-03T17:17:34+00:00", "2025-06-03T17:19:35+00:00", "2025-06-03T17:22:35+00:00", "2025-06-03T17:25:37+00:00", "2025-06-03T17:27:37+00:00", "2025-06-03T17:31:37+00:00", "2025-06-03T17:33:37+00:00", "2025-06-03T17:36:37+00:00", "2025-06-03T17:38:37+00:00", "2025-06-03T17:41:37+00:00", "2025-06-03T17:44:37+00:00", "2025-06-03T17:47:30+00:00", "2025-06-03T17:48:43+00:00", "2025-06-03T17:52:36+00:00", "2025-06-03T17:55:38+00:00", "2025-06-03T17:57:40+00:00", "2025-06-03T18:01:41+00:00", "2025-06-03T18:05:41+00:00", "2025-06-03T18:07:40+00:00", "2025-06-03T18:10:40+00:00", "2025-06-03T18:13:40+00:00", "2025-06-03T18:16:40+00:00", "2025-06-03T18:19:40+00:00", "2025-06-03T18:22:42+00:00", "2025-06-03T18:26:38+00:00", "2025-06-03T18:28:38+00:00", "2025-06-03T18:32:41+00:00", "2025-06-03T18:35:41+00:00", "2025-06-03T18:38:42+00:00", "2025-06-03T18:41:42+00:00", "2025-06-03T18:44:42+00:00", "2025-06-03T18:47:30+00:00", "2025-06-03T18:49:42+00:00", "2025-06-03T18:52:43+00:00", "2025-06-03T18:55:43+00:00", "2025-06-03T18:58:43+00:00", "2025-06-03T19:01:45+00:00", "2025-06-03T19:04:48+00:00", "2025-06-03T19:07:41+00:00", "2025-06-03T19:09:47+00:00", "2025-06-03T19:13:41+00:00", "2025-06-03T19:17:30+00:00", "2025-06-03T19:18:43+00:00", "2025-06-03T19:22:43+00:00", "2025-06-03T19:24:43+00:00", "2025-06-03T19:27:44+00:00", "2025-06-03T19:29:44+00:00", "2025-06-03T19:32:44+00:00", "2025-06-03T19:36:42+00:00", "2025-06-03T19:37:45+00:00", "2025-06-03T19:40:44+00:00", "2025-06-03T19:43:44+00:00", "2025-06-03T19:46:45+00:00", "2025-06-03T19:49:45+00:00", "2025-06-03T19:52:45+00:00", "2025-06-03T19:55:45+00:00", "2025-06-03T19:58:46+00:00", "2025-06-03T20:01:47+00:00", "2025-06-03T20:04:47+00:00", "2025-06-03T20:07:46+00:00", "2025-06-03T20:09:49+00:00", "2025-06-03T20:14:44+00:00", "2025-06-03T20:17:45+00:00", "2025-06-03T20:19:48+00:00", "2025-06-03T20:23:47+00:00", "2025-06-03T20:27:45+00:00", "2025-06-03T20:30:47+00:00", "2025-06-03T20:33:47+00:00", "2025-06-03T20:37:45+00:00", "2025-06-03T20:39:47+00:00", "2025-06-03T20:42:47+00:00", "2025-06-03T20:46:45+00:00", "2025-06-03T20:48:45+00:00", "2025-06-03T20:53:46+00:00", "2025-06-03T20:55:53+00:00", "2025-06-03T20:58:45+00:00", "2025-06-03T21:02:45+00:00", "2025-06-03T21:04:46+00:00", "2025-06-03T21:07:46+00:00", "2025-06-03T21:09:46+00:00", "2025-06-03T21:12:48+00:00", "2025-06-03T21:15:48+00:00", "2025-06-03T21:17:48+00:00", "2025-06-03T21:21:45+00:00", "2025-06-03T21:25:46+00:00", "2025-06-03T21:27:45+00:00", "2025-06-03T21:29:46+00:00", "2025-06-03T21:32:53+00:00", "2025-06-03T21:37:44+00:00", "2025-06-03T21:38:45+00:00", "2025-06-03T21:42:46+00:00", "2025-06-03T21:45:46+00:00", "2025-06-03T21:47:45+00:00", "2025-06-03T21:49:53+00:00", "2025-06-03T21:54:45+00:00", "2025-06-03T21:57:13+00:00", "2025-06-03T21:58:47+00:00", "2025-06-03T22:01:48+00:00", "2025-06-03T22:04:49+00:00", "2025-06-03T22:07:45+00:00", "2025-06-03T22:09:50+00:00", "2025-06-03T22:12:51+00:00", "2025-06-03T22:14:51+00:00", "2025-06-03T22:17:45+00:00", "2025-06-03T22:19:51+00:00", "2025-06-03T22:22:51+00:00", "2025-06-03T22:24:51+00:00", "2025-06-03T22:27:45+00:00", "2025-06-03T22:28:51+00:00", "2025-06-03T22:31:52+00:00", "2025-06-03T22:33:52+00:00", "2025-06-03T22:36:52+00:00", "2025-06-03T22:38:53+00:00", "2025-06-03T22:41:53+00:00", "2025-06-03T22:44:53+00:00", "2025-06-03T22:47:45+00:00", "2025-06-03T22:49:54+00:00", "2025-06-03T22:52:54+00:00", "2025-06-03T22:55:54+00:00", "2025-06-03T22:57:54+00:00", "2025-06-03T23:00:55+00:00", "2025-06-03T23:03:55+00:00", "2025-06-03T23:05:55+00:00", "2025-06-03T23:07:55+00:00", "2025-06-03T23:10:55+00:00", "2025-06-03T23:14:52+00:00", "2025-06-03T23:16:52+00:00", "2025-06-03T23:19:55+00:00", "2025-06-03T23:21:57+00:00", "2025-06-03T23:23:57+00:00", "2025-06-03T23:26:57+00:00", "2025-06-03T23:27:59+00:00", "2025-06-03T23:31:57+00:00", "2025-06-03T23:36:57+00:00", "2025-06-03T23:39:58+00:00", "2025-06-03T23:45:56+00:00", "2025-06-03T23:48:00+00:00", "2025-06-03T23:53:57+00:00", "2025-06-03T23:58:00+00:00", "2025-06-04T00:02:02+00:00", "2025-06-04T00:06:03+00:00", "2025-06-04T00:08:05+00:00", "2025-06-04T00:13:05+00:00", "2025-06-04T00:17:05+00:00", "2025-06-04T00:20:05+00:00", "2025-06-04T00:25:03+00:00", "2025-06-04T00:28:06+00:00", "2025-06-04T00:34:03+00:00", "2025-06-04T00:38:00+00:00", "2025-06-04T00:42:05+00:00", "2025-06-04T00:47:06+00:00", "2025-06-04T00:52:04+00:00", "2025-06-04T00:58:04+00:00", "2025-06-04T01:02:05+00:00", "2025-06-04T01:08:05+00:00", "2025-06-04T01:13:09+00:00", "2025-06-04T01:18:09+00:00", "2025-06-04T01:22:09+00:00", "2025-06-04T01:25:09+00:00", "2025-06-04T01:28:00+00:00", "2025-06-04T01:30:12+00:00", "2025-06-04T01:33:12+00:00", "2025-06-04T01:35:12+00:00", "2025-06-04T01:38:00+00:00", "2025-06-04T01:40:12+00:00", "2025-06-04T01:43:12+00:00", "2025-06-04T01:45:12+00:00", "2025-06-04T01:48:04+00:00", "2025-06-04T01:50:10+00:00", "2025-06-04T01:53:10+00:00", "2025-06-04T01:56:10+00:00", "2025-06-04T01:59:10+00:00", "2025-06-04T02:02:10+00:00", "2025-06-04T02:05:10+00:00", "2025-06-04T02:08:10+00:00", "2025-06-04T02:11:11+00:00", "2025-06-04T02:14:11+00:00", "2025-06-04T02:18:00+00:00", "2025-06-04T02:21:08+00:00", "2025-06-04T02:24:10+00:00", "2025-06-04T02:28:00+00:00", "2025-06-04T02:30:10+00:00", "2025-06-04T02:33:10+00:00", "2025-06-04T02:36:10+00:00", "2025-06-04T02:38:13+00:00", "2025-06-04T02:41:10+00:00", "2025-06-04T02:45:10+00:00", "2025-06-04T02:48:13+00:00", "2025-06-04T02:51:17+00:00", "2025-06-04T02:55:10+00:00", "2025-06-04T02:58:14+00:00", "2025-06-04T03:03:10+00:00", "2025-06-04T03:07:21+00:00", "2025-06-04T03:11:12+00:00", "2025-06-04T03:15:14+00:00", "2025-06-04T03:18:15+00:00", "2025-06-04T03:22:14+00:00", "2025-06-04T03:26:14+00:00", "2025-06-04T03:28:16+00:00", "2025-06-04T03:33:15+00:00", "2025-06-04T03:37:15+00:00", "2025-06-04T03:40:16+00:00", "2025-06-04T03:45:16+00:00", "2025-06-04T03:48:17+00:00", "2025-06-04T03:53:16+00:00", "2025-06-04T03:57:24+00:00", "2025-06-04T04:00:16+00:00", "2025-06-04T04:04:48+00:00", "2025-06-04T04:08:19+00:00", "2025-06-04T04:11:23+00:00", "2025-06-04T04:15:23+00:00", "2025-06-04T04:18:15+00:00", "2025-06-04T04:19:16+00:00", "2025-06-04T04:22:18+00:00", "2025-06-04T04:24:18+00:00", "2025-06-04T04:27:18+00:00", "2025-06-04T04:29:18+00:00", "2025-06-04T04:33:16+00:00", "2025-06-04T04:35:16+00:00", "2025-06-04T04:38:16+00:00", "2025-06-04T04:40:16+00:00", "2025-06-04T04:44:15+00:00", "2025-06-04T04:46:23+00:00", "2025-06-04T04:49:15+00:00", "2025-06-04T04:51:23+00:00", "2025-06-04T04:56:15+00:00", "2025-06-04T04:59:15+00:00", "2025-06-04T05:00:16+00:00", "2025-06-04T05:04:23+00:00", "2025-06-04T05:07:15+00:00", "2025-06-04T05:09:15+00:00", "2025-06-04T05:11:23+00:00", "2025-06-04T05:14:18+00:00", "2025-06-04T05:16:18+00:00", "2025-06-04T05:19:15+00:00", "2025-06-04T05:20:18+00:00", "2025-06-04T05:23:19+00:00", "2025-06-04T05:25:20+00:00", "2025-06-04T05:28:20+00:00", "2025-06-04T05:29:21+00:00", "2025-06-04T05:32:20+00:00", "2025-06-04T05:35:22+00:00", "2025-06-04T05:37:22+00:00", "2025-06-04T05:39:22+00:00", "2025-06-04T05:42:22+00:00", "2025-06-04T05:45:22+00:00", "2025-06-04T05:47:22+00:00", "2025-06-04T05:49:22+00:00", "2025-06-04T05:51:22+00:00", "2025-06-04T05:54:22+00:00", "2025-06-04T05:56:22+00:00", "2025-06-04T05:59:15+00:00", "2025-06-04T06:01:21+00:00", "2025-06-04T06:04:21+00:00", "2025-06-04T06:06:22+00:00", "2025-06-04T06:09:15+00:00", "2025-06-04T06:11:20+00:00", "2025-06-04T06:14:21+00:00", "2025-06-04T06:16:22+00:00", "2025-06-04T06:19:20+00:00", "2025-06-04T06:21:21+00:00", "2025-06-04T06:25:21+00:00", "2025-06-04T06:27:21+00:00", "2025-06-04T06:29:15+00:00", "2025-06-04T06:30:22+00:00", "2025-06-04T06:34:15+00:00", "2025-06-04T06:36:15+00:00", "2025-06-04T06:39:15+00:00", "2025-06-04T06:41:22+00:00", "2025-06-04T06:44:22+00:00", "2025-06-04T06:47:21+00:00", "2025-06-04T06:49:15+00:00", "2025-06-04T06:50:29+00:00", "2025-06-04T06:55:21+00:00", "2025-06-04T06:57:22+00:00", "2025-06-04T06:59:15+00:00", "2025-06-04T07:01:23+00:00", "2025-06-04T07:04:24+00:00", "2025-06-04T07:06:24+00:00", "2025-06-04T07:09:15+00:00", "2025-06-04T07:10:25+00:00", "2025-06-04T07:13:26+00:00", "2025-06-04T07:16:26+00:00", "2025-06-04T07:19:15+00:00", "2025-06-04T07:21:29+00:00", "2025-06-04T07:24:29+00:00", "2025-06-04T07:27:29+00:00", "2025-06-04T07:29:15+00:00", "2025-06-04T07:30:29+00:00", "2025-06-04T07:33:29+00:00", "2025-06-04T07:35:29+00:00", "2025-06-04T07:38:29+00:00", "2025-06-04T07:39:29+00:00", "2025-06-04T07:43:26+00:00", "2025-06-04T07:45:26+00:00", "2025-06-04T07:48:26+00:00", "2025-06-04T07:49:28+00:00", "2025-06-04T07:52:26+00:00", "2025-06-04T07:55:27+00:00", "2025-06-04T07:57:27+00:00", "2025-06-04T07:59:27+00:00", "2025-06-04T08:01:27+00:00", "2025-06-04T08:04:35+00:00", "2025-06-04T08:07:05+00:00", "2025-06-04T08:09:05+00:00", "2025-06-04T08:10:05+00:00", "2025-06-04T08:13:18+00:00", "2025-06-04T08:15:23+00:00", "2025-06-04T08:18:26+00:00", "2025-06-04T08:19:30+00:00", "2025-06-04T08:22:27+00:00", "2025-06-04T08:25:28+00:00", "2025-06-04T08:27:32+00:00", "2025-06-04T08:29:30+00:00", "2025-06-04T08:32:27+00:00", "2025-06-04T08:34:27+00:00", "2025-06-04T08:36:28+00:00", "2025-06-04T08:39:28+00:00", "2025-06-04T08:40:28+00:00", "2025-06-04T08:44:27+00:00", "2025-06-04T08:46:29+00:00", "2025-06-04T08:48:35+00:00", "2025-06-04T08:50:05+00:00", "2025-06-04T08:53:30+00:00", "2025-06-04T08:55:30+00:00", "2025-06-04T08:58:30+00:00", "2025-06-04T08:59:32+00:00", "2025-06-04T09:02:30+00:00", "2025-06-04T09:05:30+00:00", "2025-06-04T09:07:31+00:00", "2025-06-04T09:09:31+00:00", "2025-06-04T09:11:31+00:00", "2025-06-04T09:14:32+00:00", "2025-06-04T09:16:33+00:00", "2025-06-04T09:19:33+00:00", "2025-06-04T09:20:33+00:00", "2025-06-04T09:24:30+00:00", "2025-06-04T09:26:31+00:00", "2025-06-04T09:29:31+00:00", "2025-06-04T09:30:32+00:00", "2025-06-04T09:33:31+00:00", "2025-06-04T09:36:31+00:00", "2025-06-04T09:38:31+00:00", "2025-06-04T09:40:31+00:00", "2025-06-04T09:42:31+00:00", "2025-06-04T09:45:31+00:00", "2025-06-04T09:47:31+00:00", "2025-06-04T09:50:30+00:00", "2025-06-04T09:52:31+00:00", "2025-06-04T09:55:31+00:00", "2025-06-04T09:57:31+00:00", "2025-06-04T10:00:30+00:00", "2025-06-04T10:02:34+00:00", "2025-06-04T10:05:36+00:00", "2025-06-04T10:07:36+00:00", "2025-06-04T10:10:30+00:00", "2025-06-04T10:11:36+00:00", "2025-06-04T10:15:32+00:00", "2025-06-04T10:17:33+00:00", "2025-06-04T10:19:33+00:00", "2025-06-04T10:21:33+00:00", "2025-06-04T10:24:59+00:00", "2025-06-04T10:27:41+00:00", "2025-06-04T10:30:30+00:00", "2025-06-04T10:31:34+00:00", "2025-06-04T10:35:41+00:00", "2025-06-04T10:38:34+00:00", "2025-06-04T10:40:30+00:00", "2025-06-04T10:41:34+00:00", "2025-06-04T10:45:35+00:00", "2025-06-04T10:47:35+00:00", "2025-06-04T10:50:30+00:00", "2025-06-04T10:51:37+00:00", "2025-06-04T10:54:37+00:00", "2025-06-04T10:56:37+00:00", "2025-06-04T10:59:37+00:00", "2025-06-04T11:00:39+00:00", "2025-06-04T11:03:37+00:00", "2025-06-04T11:06:37+00:00", "2025-06-04T11:08:37+00:00", "2025-06-04T11:10:37+00:00", "2025-06-04T11:12:38+00:00", "2025-06-04T11:15:38+00:00", "2025-06-04T11:17:38+00:00", "2025-06-04T11:20:30+00:00", "2025-06-04T11:22:39+00:00", "2025-06-04T11:25:39+00:00", "2025-06-04T11:28:39+00:00", "2025-06-04T11:30:41+00:00", "2025-06-04T11:33:39+00:00", "2025-06-04T11:36:39+00:00", "2025-06-04T11:39:48+00:00", "2025-06-04T11:41:38+00:00", "2025-06-04T11:44:39+00:00", "2025-06-04T11:47:39+00:00", "2025-06-04T11:50:30+00:00", "2025-06-04T11:52:40+00:00", "2025-06-04T11:56:39+00:00", "2025-06-04T11:58:40+00:00", "2025-06-04T12:00:43+00:00", "2025-06-04T12:03:47+00:00", "2025-06-04T12:06:39+00:00", "2025-06-04T12:08:40+00:00", "2025-06-04T12:10:43+00:00", "2025-06-04T12:13:48+00:00", "2025-06-04T12:16:47+00:00", "2025-06-04T12:19:41+00:00", "2025-06-04T12:20:47+00:00", "2025-06-04T12:24:45+00:00", "2025-06-04T12:26:45+00:00", "2025-06-04T12:30:40+00:00", "2025-06-04T12:31:45+00:00", "2025-06-04T12:34:46+00:00", "2025-06-04T12:37:45+00:00", "2025-06-04T12:39:45+00:00", "2025-06-04T12:41:46+00:00", "2025-06-04T12:44:50+00:00", "2025-06-04T12:46:50+00:00", "2025-06-04T12:50:45+00:00", "2025-06-04T12:51:47+00:00", "2025-06-04T12:54:47+00:00", "2025-06-04T12:56:48+00:00", "2025-06-04T12:59:53+00:00", "2025-06-04T13:00:50+00:00", "2025-06-04T13:03:47+00:00", "2025-06-04T13:06:48+00:00", "2025-06-04T13:09:49+00:00", "2025-06-04T13:10:50+00:00", "2025-06-04T13:13:49+00:00", "2025-06-04T13:16:49+00:00", "2025-06-04T13:18:49+00:00", "2025-06-04T13:20:49+00:00", "2025-06-04T13:22:52+00:00", "2025-06-04T13:25:53+00:00", "2025-06-04T13:27:53+00:00", "2025-06-04T13:30:45+00:00", "2025-06-04T13:32:49+00:00", "2025-06-04T13:35:50+00:00", "2025-06-04T13:37:50+00:00", "2025-06-04T13:40:45+00:00", "2025-06-04T13:41:51+00:00", "2025-06-04T13:44:51+00:00", "2025-06-04T13:46:51+00:00", "2025-06-04T13:49:51+00:00", "2025-06-04T13:50:53+00:00", "2025-06-04T13:53:51+00:00", "2025-06-04T13:56:51+00:00", "2025-06-04T13:58:51+00:00", "2025-06-04T14:00:51+00:00", "2025-06-04T14:02:52+00:00", "2025-06-04T14:06:52+00:00", "2025-06-04T14:08:52+00:00", "2025-06-04T14:11:00+00:00", "2025-06-04T14:14:57+00:00", "2025-06-04T14:16:59+00:00", "2025-06-04T14:20:05+00:00", "2025-06-04T14:21:01+00:00", "2025-06-04T14:23:59+00:00", "2025-06-04T14:27:57+00:00", "2025-06-04T14:29:58+00:00", "2025-06-04T14:32:55+00:00", "2025-06-04T14:36:03+00:00", "2025-06-04T14:39:03+00:00", "2025-06-04T14:41:06+00:00", "2025-06-04T14:44:04+00:00", "2025-06-04T14:48:03+00:00", "2025-06-04T14:50:03+00:00", "2025-06-04T14:52:04+00:00", "2025-06-04T14:56:11+00:00", "2025-06-04T14:59:03+00:00", "2025-06-04T15:01:07+00:00", "2025-06-04T15:04:05+00:00", "2025-06-04T15:07:06+00:00", "2025-06-04T15:10:06+00:00", "2025-06-04T15:12:06+00:00", "2025-06-04T15:15:07+00:00", "2025-06-04T15:18:07+00:00", "2025-06-04T15:21:00+00:00", "2025-06-04T15:23:07+00:00", "2025-06-04T15:26:08+00:00", "2025-06-04T15:29:08+00:00", "2025-06-04T15:32:11+00:00", "2025-06-04T15:35:11+00:00", "2025-06-04T15:38:11+00:00", "2025-06-04T15:41:00+00:00", "2025-06-04T15:44:09+00:00", "2025-06-04T15:47:09+00:00", "2025-06-04T15:50:09+00:00", "2025-06-04T15:52:09+00:00", "2025-06-04T15:56:10+00:00", "2025-06-04T15:59:10+00:00", "2025-06-04T16:02:10+00:00", "2025-06-04T16:05:10+00:00", "2025-06-04T16:08:10+00:00", "2025-06-04T16:11:10+00:00", "2025-06-04T16:14:10+00:00", "2025-06-04T16:17:10+00:00", "2025-06-04T16:20:12+00:00", "2025-06-04T16:22:12+00:00", "2025-06-04T16:26:12+00:00", "2025-06-04T16:29:58+00:00", "2025-06-04T16:32:09+00:00", "2025-06-04T16:35:09+00:00", "2025-06-04T16:38:09+00:00", "2025-06-04T16:41:09+00:00", "2025-06-04T16:43:11+00:00", "2025-06-04T16:45:58+00:00", "2025-06-04T16:49:09+00:00", "2025-06-04T16:51:12+00:00", "2025-06-04T16:53:10+00:00", "2025-06-04T16:55:28+00:00", "2025-06-04T16:58:18+00:00", "2025-06-04T17:00:49+00:00", "2025-06-04T17:01:37+00:00", "2025-06-04T17:04:17+00:00", "2025-06-04T17:06:06+00:00", "2025-06-04T17:09:08+00:00", "2025-06-04T17:10:34+00:00", "2025-06-04T17:11:22+00:00", "2025-06-04T17:15:08+00:00", "2025-06-04T17:16:08+00:00", "2025-06-04T17:18:08+00:00", "2025-06-04T17:20:08+00:00", "2025-06-04T17:22:08+00:00", "2025-06-04T17:24:03+00:00", "2025-06-04T17:25:15+00:00", "2025-06-04T17:27:08+00:00", "2025-06-04T17:29:08+00:00", "2025-06-04T17:31:08+00:00", "2025-06-04T17:33:08+00:00", "2025-06-04T23:15:02+00:00"], "elevations": [5.1, 0.7, 3.8, 4.3, 4.4, 2.7, -0.2, 5.5, 10.0, 13.0, 12.6, 12.0, 11.0, 9.1, 9.5, 9.7, 10.0, 10.4, 9.7, 9.7, 9.0, 8.8, 7.3, 9.0, 7.7, 7.0, 5.8, 7.5, 9.0, 11.0, 7.3, 7.0, 8.5, 9.3, 9.3, 9.0, 8.0, 6.7, 6.1, 5.7, 6.5, 6.7, 6.0, 5.3, 5.5, 5.7, 6.0, 4.7, 6.5, 7.0, 6.8, 5.5, 6.5, 7.7, 8.1, 8.0, 8.5, 7.7, 8.1, 7.5, 8.0, 7.3, 8.8, 8.0, 7.5, 7.7, 7.8, 7.3, 7.0, 7.0, 6.3, 6.1, 6.0, 6.3, 6.7, 5.6, 5.0, 5.0, 5.5, 5.0, 6.0, 6.0, 6.1, 4.7, 6.0, 6.7, 7.8, 6.5, 6.5, 7.3, 8.1, 6.8, 2.0, 3.7, 4.1, 3.5, 4.0, 4.0, 4.1, 4.2, 5.0, 5.0, 5.5, 5.2, 5.0, 6.7, 6.8, 6.8, 7.0, 6.3, 6.8, 5.8, 6.5, 7.0, 6.8, 6.3, 6.0, 7.0, 7.0, 6.3, 6.0, 6.5, 6.7, 7.8, 6.0, 7.0, 5.0, 4.0, 4.1, 3.0, 4.0, 4.0, 4.0, 3.3, 3.5, 4.3, 5.0, 4.8, 2.7, 4.0, 5.3, 5.0, 4.3, 4.5, 5.0, 4.0, 2.8, 2.0, 2.0, 3.0, 3.0, 3.5, 3.0, 3.0, 4.0, 4.0, 4.1, 3.0, 4.0, 4.0, 4.0, 4.1, 4.0, 4.0, 5.0, 5.0, 4.1, 3.7, 4.0, 4.7, 2.8, 3.3, 5.0, 3.3, 3.5, 3.3, 4.0, 4.0, 3.0, 2.8, 2.7, 3.5, 4.0, 4.0, 2.6, 2.5, 4.0, 5.0, 4.3, 1.3, 1.5, 2.0, 2.1, 1.0, 2.0, 1.0, 2.4, 1.5, 2.0, 1.7, 2.1, 0.2, 0.5, 0.7, 0.1, 0.8, 1.0, 1.0, 1.8, 1.5, 2.5, 3.3, 2.8, 3.0, 3.0, 3.3, 4.1, 3.5, 3.5, 3.0, 2.1, 1.5, 2.0, 1.7, 2.1, 1.5, 2.0, 1.7, 1.1, 0.5, 0.0, 0.3, 0.4, 0.5, 0.5, -0.3, 0.1, -1.8, -1.5, 0.0, 0.1, -1.5, -1.0, -0.7, 0.1, 0.2, 1.5, 2.0, 0.1, -0.2, 0.0, 0.0, 0.1, 0.2, 0.0, 0.0, 0.4, 0.8, 1.0, 0.0, 0.1, -0.2, 1.0, 1.0, 1.4, 0.5, 0.0, 0.0, 0.8, 1.5, 2.0, 3.0, 2.8, 0.3, 1.3, 2.0, 2.4, 1.8, 3.5, 4.0, 4.1, 2.5, 2.5, 4.0, 4.8, 4.0, 5.0, 3.3, 2.1, 1.2, 1.5, 1.0, 1.4, 1.0, 2.0, 1.3, 0.8, 0.2, 1.0, 1.0, 0.8, 0.2, 0.0, 0.0, 0.1, 0.0, 0.0, 0.0, 0.8, 1.5, 3.0, 1.7, 1.4, 1.5, 2.0, 2.0, 2.0, 1.8, 2.0, 2.0, 1.0, 0.8, 1.3, 1.0, 1.0, 2.1, 1.0, 1.0, 1.0, 1.1, 0.2, 0.5, 1.3, 2.1, 1.0, 2.0, 2.0, 2.8, 1.2, 1.0, 1.0, 0.8, 0.5, 0.0, 1.0, 0.8, 1.0, 1.0, 1.0, 0.8, 0.2, 0.0, 1.0, 0.8, 0.5, 1.0, 2.0, 2.1, 0.8, 1.0, 8.3, 4.1, 3.8, 4.0, 4.0, 4.1, 3.8, 3.0, 3.0, 2.8, 1.8, 2.0, 3.3, 4.8, 4.2, 4.5, 6.0, 4.5, 4.0, 4.5, 4.7, 4.8, 4.8, 3.5, 0.7, -0.6, -0.8, 0.0, -1.0, -1.6, 2.7, 3.0, 2.7, 2.3, 2.3, 3.7, 4.5, 3.7, 4.1, 4.5, 5.0, 5.5, 3.8, 7.0, 7.5, 6.7, 6.8, 5.7, 2.7, 5.7, 4.1, 6.0, 4.0, 3.7, 4.8, 4.7, 5.3, 6.3, 7.1, 3.7, 0.0, -3.9, -6.5, 3.3, 6.0, 6.8, 4.3, 6.3, 7.0, 6.5, 5.3, 4.0, 3.0, 4.8, 3.5, 2.0, 4.3, 4.1, 5.0, 4.7, 5.0, 4.3, 5.3, 4.7, 3.7, 2.1, 5.0, 5.3, 6.1, 5.2, 3.7, 6.0, 8.4, 4.3, 6.3, 6.3, 5.0, 5.7, 7.3, 5.5, 7.0, 8.8, 7.5, 11.3, 6.3, 5.3, 4.0, 3.0, 1.8, 2.0, 6.0, 3.7, 3.1, 7.8, 8.7, 3.7, 4.8, 7.5, 5.3, -0.2, 3.5, 1.1, 4.5, 5.2, 4.3, 4.3, 6.0, 7.9, 7.8, 7.7, 7.1, 6.8, 5.3, 3.6, 4.8, 5.7, 5.7, 5.8, 5.0, 4.3, 4.1, 4.0, 3.7, 3.0, 4.6, 2.0, 4.2, 6.1, 7.3, 6.0, 4.1, 3.2, 7.0, 9.4, 11.0, 6.7, 4.0, 0.9, 1.5, 3.5, 5.5, 6.8, 7.7, 8.5, 9.5, 10.5, 2.8, 2.3, 2.5, 4.0, 5.0, 6.1, 3.3, 4.0, 4.0, 3.0, 3.5, 2.7, 4.0, 3.0, 3.0, 2.8, 3.7, 4.0, 4.0, 4.0, 4.8, 4.7, 5.0, 4.0, 5.0, 4.8, 4.0, 3.5, 4.0, 5.5, 6.3, 6.5, 8.0, 3.0, 3.5, 3.7, 4.0, 5.5, 6.0, 5.0, 3.6, 3.0, 3.0, 3.5, 3.3, 3.0, 5.0, 6.0, 1.7, 0.7, 1.5, 2.0, 2.7, 2.3, 3.5, 4.7, 5.3, 5.3, 6.0, 3.3, 3.4, 2.7, 2.5, 2.3, 3.0, 2.0, 3.3, 4.5, 2.0, 4.7, 4.5, 5.0, 5.0, 5.0, 4.0, 4.5, 6.7, 8.7, 8.0, 5.0, 3.3, 1.4, 2.0, 2.3, 2.1, 1.0, 3.3, 5.7, 6.8, 2.3, 3.3, 0.3, 1.4, 2.0, 3.5, 2.3, 2.1, 2.0, 2.0, 2.0, 1.4, 0.7, 1.5, 2.5, 2.8, 2.3, 2.0, 2.0, 2.3, 2.8, 1.0, 1.5, 1.7, 2.2, 2.2, 3.0, 3.7, 4.0, 3.8, 4.0, 4.7, 5.0, 4.8, 4.0, 4.5, 5.0, 5.0, 4.3, 3.5, 4.0, 4.0, 4.0, 4.1, 3.0, 3.5, 3.0, 3.5, 4.1, 2.7, 3.0, 4.0, 4.0, 4.1, 2.3, 3.0, 4.0, 4.0, 4.8, 3.0, 4.0, 4.0, 4.0, 4.1, 2.3, 3.0, 3.0, 3.0, 2.8, 2.0, 2.0, 2.0, 1.0, 0.3, 0.0, 0.0, 0.0, 0.6, 1.5, 1.5, 2.0, 2.0, 1.8, 3.5, 5.0, 4.5, 5.0, 4.8, 3.0, 4.5, 5.0, 5.0, 4.1, 3.0, 4.0, 4.0, 4.0, 4.1, 5.7, 3.5, 4.0, 4.0, 3.1, 2.0, 3.0, 3.0, 3.0, 1.8, 4.5, 4.0, 5.0, 5.0, 3.8, 2.5, 1.5, 2.5, 2.0, 2.1, 1.0, 2.0, 2.0, 2.0, 2.1, 0.0, 1.0, 1.0, 0.0, 0.6, 0.0, 0.0, 0.0, 1.0, 0.8, 0.5, 1.5, 3.0, 7.5, 0.3, 1.7, 3.5, 4.0, 3.3, 3.0, 5.0, 5.7, 4.8, 5.0, 5.0, 4.0, 1.4, 2.0, 2.5, 3.5, 4.1, 7.0, 4.0, 3.0, -0.9, -3.0, 0.5, 0.7, 1.0, 0.8, -0.5, 0.0, 1.0, 1.8, 0.0, 0.0, 0.3, -8.3, -1.7, 0.5, 1.3, 1.8, 1.3, 2.0, 2.0, 4.0, -0.9, 0.0, -1.5, 0.7, 0.8, 0.7, 0.5, 0.3, 2.1, 1.0, -1.0, 4.3, 5.1, 4.8, 6.5, 4.7, 0.8, 2.0, 1.5, 0.0, 0.4, 1.5, 1.0, -3.0, 0.1, 2.0, 2.0, 1.7, 3.6, 3.5, 4.0, 4.5, -4.7, -1.0, -1.0, 6.8, 5.0, 6.0, -1.5, 15.4, -6.3, -13.0, -15.0, -10.3, -1.3, -0.3, 1.1, -1.2, -0.3, -0.6, -3.0, 1.3, 0.0, -1.2, -2.7, -2.0, -2.6, -6.2, -6.7, -5.7, 2.6, -2.0, -2.0, -2.6, -3.2, -3.0, null, null, -8.7, -6.3, -26.7, -30.5, 0.5, -21.0, 7.1, 7.7, 9.0, 10.8, 7.0, 5.7, -3.0, -0.4, 2.0, -2.3, -1.2, -2.5, -1.7, -1.3, -0.9, -1.3, 0.0, 0.8, 0.7, 2.0, -4.7, -4.9, -2.0, 2.0, 1.3, -1.4, 0.7, 2.7, 5.8, -0.2, 9.3, 13.0, 27.2, 6.7, 2.5, 3.0, 0.1, 1.8, 5.3, 2.7, 3.1, 2.3, 3.0, 21.3, 2.8, 2.0, 9.3, -2.5, 1.0, 2.7, -8.0, 10.5, 5.3, 17.2, 6.5, -4.0, -4.0, -3.9, -4.8, -4.5, -4.0, -5.3, -3.7, 1.0, 4.3, 2.1, -0.7, 0.3, 2.1, 1.8, 1.3, 1.7, 2.1, 1.3, 1.0, 2.0, 1.1, 1.0, 1.0, 0.8, 0.2, 3.7, 1.3, 3.8, 0.0, 3.7, 6.8, 3.8, 0.0, -2.0, -5.9, 0.3, 1.0, 4.1, 0.0, -6.5, 0.0, -2.2, 0.8, 6.0, 3.3, 2.8, 4.0, 2.0, 2.1, 2.2, 3.7, 4.7, 1.4, 2.8, 2.0, 4.7, 2.3, 9.0, 3.5, 6.1, 13.0, 6.0, 6.7, 7.3, 7.3, 6.0, 4.7, 4.3, 4.0, 6.7, 6.8, 3.7, 2.7, 3.3, 4.1, 5.0, 6.7, 4.1, 3.7, 4.3, 4.3, 8.1, 2.3, 1.0, 1.4, 2.8, 2.0, 4.3, 6.1, 2.0, 0.0, 2.0, 1.8, 2.7, 10.0, 4.8, 6.8, 7.7, 2.3, 9.9, 8.0, 5.3, 6.3, 7.8, 8.0, 10.5, 10.8, 9.5, 9.0, 11.7, 12.8, 14.3, 8.0, 6.1, 7.3, 7.0, 2.0, 7.0, 13.2, 18.7, 17.3, 5.6, 5.7, -2.0, 0.4, -1.5, -4.0, -2.3, -2.6, -3.7, -2.5, -4.5, -8.2, -5.7, -4.7, 2.0, 4.7, 7.3, 9.3, 15.4, 8.7, 1.0, 7.1, 2.8, 5.3, 4.8, 5.8, 10.3, 6.3, 3.1, 7.0, 10.0, 10.0, 8.9, 9.0, 4.7, 9.9, 10.0, 3.7, 4.5, 5.0, 9.7, 6.3, 6.8, 5.3, 23.3, 29.3, 25.8, 10.5, -0.2, -0.3, -1.0, 0.7, 2.1, 2.0, 2.0, -1.2, -1.5, -1.3, 0.0, 0.8, 0.0, -4.0, -5.3, -5.9, -6.3, -6.3, -8.6, -13.2, -15.5, -7.7, -16.4, -6.8, 3.0, -26.5, -10.5, 5.8, 12.3, 23.5, 36.5, -1.6, 0.3, 0.0, 2.5, 3.5, 1.4, 2.0, 4.5, 4.0, 3.0, -2.2, 1.5, 2.0, 1.5, 2.4, 2.7, 3.0, 4.5, 3.5, -0.7, 1.0, -0.7, -0.5, 0.8, 0.3, 1.0, 1.0, 0.1, -0.7, -0.5, 8.7, 5.8, 6.0, 6.0, 6.3, 6.0, 4.6, 2.5, 1.5, 1.0, 2.0, 3.8, 4.0, 4.0, 3.5, 2.4, 1.3, 1.0, 1.7, 3.5, 4.1, 1.0, 2.5, 4.5, 6.0, 3.8, -0.5, 2.3, 5.0, 6.5, 0.0, 3.0, 7.0, 8.5, 7.6, 2.5, 4.5, 5.5, 6.0, 2.1, 0.0, 0.0, 2.0, 4.0, 4.1, -2.5, 5.5, 0.0, -0.5, 3.8, 6.5, 5.0, 2.0, 0.0, 0.1, 1.0, 2.5, 2.5, 3.0, 4.1, 2.3, 2.5, 3.5, 4.0, 4.1, -2.3, 7.5, 4.5, 5.8, 4.3, 5.0, 5.0, 10.0, 5.8, 7.0, 8.0, 11.5, 10.8, 9.7, 4.5, 11.5, 6.5, 9.8, 11.5, 12.5, 13.0, 9.9, 13.0, 13.5, 12.0, 11.5, 14.5, 13.0, 11.5, 3.0, 2.8, 3.7, 3.5, 3.0, 2.0, -1.7, 9.5, 3.5, 3.0, 3.5, 2.6, 2.0, 3.0, 3.5, 3.5, 3.0, 3.5, 4.0, 5.5, 5.5, 5.5, 14.0, 7.3, 8.1, 3.0, 4.0, 4.0, 4.2, 3.7, 3.0, 3.0, 3.0, 2.6, 2.0, 2.5, 0.0, 0.1, 0.0, -7.0, -13.0, -13.0, -11.9, -15.0, -15.0, -15.0, -30.0, -33.7, -33.0, -32.0, -32.7, null, -1.0, 14.0, -3.6, -2.0, -0.5, 0.0, -0.5, -0.2, -1.0, -0.5, 0.0, 0.1, 0.0, 0.0, 0.0, -4.6, -13.0, -13.0, -8.0, 0.0, -0.4, -1.5, 0.0, 0.0, 6.4, 1.3, 4.5, -6.0, -6.0, 10.8, 4.0, 3.5, -3.0, -3.2, -1.3, 9.0, 4.3, 4.1, 3.5, 5.0, 5.5, 6.8, 5.5, 6.7, 7.0, 6.8, 6.0, 3.5, 4.0, 4.0, 2.1, 1.5, 2.0, 2.0, 2.1, -1.0, 0.3, -0.5, 0.8, 0.3, -3.5, -1.3, -3.6, -1.3, -2.5, 0.0, -0.8, 0.0, 2.0, 6.0, 12.3, 16.8, 29.3, 61.0, null, null, null, 20.5, -5.0, -5.3, 7.3, -3.5, -11.7, -20.5, -21.5, 16.5, -3.3, -13.0, -13.3, 21.7, 3.5, 46.0, 0.5, 12.0, 7.5, 7.5, 8.0, -0.2, 1.7, 9.5, 8.0, 7.7, 21.0, 27.5, 27.0, 13.0, -2.6, -4.7, -2.0, -2.0, -1.0, -0.2, -3.0, -2.0, -2.5, -3.0, -3.4, -2.5, -3.5, -3.0, -5.0, -2.7, -4.0, -5.5, -5.5, -2.5, -4.4, -7.0, -5.5, -4.0, -1.5, -2.2, -2.5, -3.0, -2.5, -2.0, -2.7, -3.0, -2.5, -1.5, -1.9, -5.5, 5.5, 5.5, 14.5, 8.5, 7.0, 9.0, 8.0, 9.8, 16.3, 29.0, 28.0, 38.4, 28.8, 2.5, 4.0, 3.0, 4.5, 23.0, -6.0, 9.5, 15.6, -3.0, 5.5, 1.0, -3.0, -1.9, -2.5, -2.0, -2.0, -2.6, -4.0, -3.0, -3.0, -2.4, -2.5, -1.5, 0.0, -0.5, 8.1, 10.3, 1.5, -4.0, -3.2, 2.7, 0.0, 10.7, 4.2, 3.3, 2.5, -11.0, 14.0, 0.6, 0.0, -5.7, -1.5, 7.8, -17.0, -8.0, 5.0, 19.0, 37.7, 65.0, 56.5, null, null, null, null, null, null, null, null, null, null, null, null, null, null, null, 7.0, -0.9, 8.0, -3.0, -3.0, -0.5, -1.9, -2.5, 0.0, 0.0, -4.6, -2.0, 1.0, -0.7, -1.2, -1.0, -1.5, -0.3, -0.9, -0.3, -1.0, -1.3, -2.0, -0.6, 0.5, -2.3, -3.0, 2.1, 0.0, 0.0, 0.0, -0.6, 2.0, 1.5, 0.0, 5.8, 4.3, 1.5, 1.0, 2.5, 1.0, 0.0, 6.0, 3.5, 2.3, 1.0, 0.3, 2.0, 7.8, 1.5, -0.7, 1.0, 4.1, 2.0, 14.5, 3.0, 17.6, 12.0, 11.5, 28.0, 43.3, 64.0, 74.7, null, null, null, null, null, null, null, null, null, null, null, null, null, null, null, null, null, null, null, null, null, null, null, null, null, null, null, null, null, null, null, null, null, null, null, null, null, null, null, null, null, null, null, null, null, null, null, null, null, null, null, null, null, null, null, null, null, null, null, null, null, null, null, null, null, null, null, null, null, null, null, null, null, null, null, null, null, null, null, null, null, null, null, null, null, null, null, null, 30.5, 2.7, 4.0, 0.8, -1.0, -3.5, 2.0, 0.2, 5.5, 7.0, 3.0, -0.9, -1.0, 0.0, 1.0, 0.6, -2.5, -0.5, 1.2, 0.0, -3.0, -3.0, 2.8, 1.0, -6.5, -2.3, -2.6, -5.0, -3.5, -0.7, 0.5, -4.7, 2.7, 2.5, 7.3, 22.2, 0.0, 3.0, -4.7, -5.3, -1.7, -2.0, -2.7, -4.3, -2.3, -3.0, -4.5, -1.4, 0.0, -1.5, -3.0, -2.9, -1.5, -1.0, 0.1, 0.0, 0.0, 0.0, -1.0, -1.2, -6.0, -3.0, 6.0, 0.1, 9.3, -6.5, -1.0, -3.6, -2.8, -4.5, -2.0, -2.2, -1.3, -2.5, -2.0, -2.6, -3.3, -0.5, -4.0, -0.5, -0.8, -2.5, -2.7, -2.2, -4.0, -4.7, -5.3, -5.7, -2.7, 0.0, -2.2, 3.0, 2.7, -2.2, -7.7, 1.7, 2.0, 2.8, 4.0, 2.3, 1.1, 1.0, 4.0, 4.0, 5.8, 7.0, 3.3, 3.7, 7.1, 2.0, 0.0, 1.8, 0.5, 1.0, 2.7, 1.8, 2.7, 2.3, -0.6, -1.0, 0.5, 3.3, -4.5, -1.2, 0.0, 0.7, 1.0, 1.8, 1.3, 3.3, -0.5, 10.5, 2.0, 3.3, 4.0, 4.5, 8.3, 5.5, 2.0, 0.5, 0.8, 9.5, -1.0, 0.0, 0.1, -0.7, 3.5, 0.0, 0.0, 0.1, 2.5, 1.7, 6.5, 2.1, 1.0, 1.5, 1.0, 0.4, 0.0, 1.0, 2.0, 2.5, 2.4, 2.0, 0.7, 1.0, 0.8, 0.3, 0.0, 0.0, 1.0, 0.1, -1.5, -0.5, -4.5, 0.7, 0.2, 0.5, 0.5, 0.1, 0.0, 0.5, 0.0, 0.1, 0.0, 0.0, 1.0, 3.5, 3.8, 4.0, 5.0, 12.2, 26.5, 4.0, 5.0, 5.5, 4.8, 5.5, 6.0, 6.1, 4.5, 5.0, 1.0, 1.0, 1.3, -2.0, 0.0, 0.5, 0.8, 0.0, -9.0, -9.0, -9.3, -9.0, -8.0, -7.7, -6.0, -6.2, -7.0, -2.3, 3.0, 2.4, 1.0, 0.5, 1.3, 2.0, 1.6, -1.7, 2.5, 1.0, 0.8, 0.0, 0.0, 0.5, 1.0, 2.1, 2.0, 2.5, 2.5, 2.1, 2.5, 3.0, 39.0, 10.5, 8.3, 0.5, 2.5, 0.0, -0.6, 0.0, 0.0, 1.5, 1.4, 2.3, 2.0, 2.0, 2.7, 1.5, 1.5, 1.5, 0.4, 0.0, 2.0, 6.5, 5.8, 2.3, 1.0, -0.5, 4.0, -0.4, -2.5, -1.0, -0.5, -0.9, -1.0, 0.0, 1.0, -6.0, 2.1, 14.0, -2.0, -2.7, -2.9, -2.3, -3.0, -3.0, -2.5, -3.3, -4.3, -4.0, -2.3, -0.5, 1.8, 6.0, -1.5, 10.0, 7.5, 17.4, 2.0, 3.0, 5.0, 11.0, 7.4, 5.0, 6.5, 7.7, 5.1, 7.5, 11.0, 56.0, 8.8, 15.0, 0.0, 1.3, -2.5, -8.6, -6.3, -5.5, 11.0, 7.0, 4.8, 0.0, 0.0, 1.5, 3.0, 1.8, 0.0, 0.0, 2.3, -0.2, 7.5, 7.3, 3.0, 0.4, -8.0, 15.0, -3.0, -1.2, -3.0, -3.0, 0.0, -4.5, -4.4, -8.5, -0.7, -1.0, -10.0, -7.7, -6.5, -6.3, -11.4, -9.5, 0.0, -18.0, -7.0, -3.4, -13.0, -0.5, -11.7, -30.0, -3.5, -9.7, -2.5, 4.1, 2.0, 2.0, 2.7, -4.5, 8.5, 10.0, 10.0, 10.0, 10.2, 9.3, 10.0, 10.3, 10.8, -3.0, 10.7, 11.0, 12.2, 10.0, 10.0, -6.0, -6.9, -6.7, -6.5, -6.0, -6.0, 0.4, 15.0, 4.3, 13.0, 14.2, 12.7, 26.5, 3.0, 2.8, 1.0, 0.0, 1.0, 2.2, 3.5, 6.0, 1.0, 8.0, -0.9, -1.0, -1.0, 0.0, -2.2, -2.7, -1.5, 0.0, 0.0, 0.1, 2.3, 4.0, 4.7, 4.8, 1.7, 1.0, 4.7, 1.5, 2.5, 0.0, 28.0, 0.3, 19.2, 12.5, 14.5, 18.5, 20.2, 19.0, 19.5, 20.5, -2.4, -4.5, -3.0, -0.5, 0.0, -0.9, 6.5, 12.5, 1.3, -3.2, -7.3, -0.5, -5.5, -3.0, -4.2, -5.0, -3.5, -2.5, -2.6, -2.3, -1.0, 0.5, 0.2, 1.0, 1.0, -3.0, -1.0, -0.9, -1.5, -1.0, -0.5, -0.9, -1.0, 3.0, 2.0, 2.1, 2.7, 1.5, 5.0, 3.1, 3.3, 1.5, 9.7, 3.0, 0.4, 8.0, 3.5, 4.0, 3.5, 7.0, 5.0, 4.5, 2.1, 10.0, 2.7, 4.7, 4.3, 4.0, 5.0, 5.0, 4.6, 3.0, 22.5, 8.3, 4.8, 18.0, 2.5, 4.0, null, null, 3.5, 3.5, 1.1, 2.0, 5.0, 5.0, 6.5, 2.8, 6.7, 6.5, 4.7, 6.5, 4.7, 4.0, 3.0, 4.1, 3.0, 3.5, 5.7, 7.0, 5.1, 5.5, 8.0, 4.5, 7.1, 8.0, 8.5, 7.7, 10.5, 6.8, 3.5, 9.0, 4.5, 8.8, 5.0, 4.5, 3.3, 2.1, 1.3, 3.0, -2.0, 4.5, 2.8, 5.0, 1.5, 0.5, -8.9, 5.0, 0.0, 1.0, 1.4, 2.0, 1.0, -4.5, -0.9, -1.7, 5.0, -0.7, 3.0, 3.8, 3.3, 3.5, 2.0, 0.3, 9.0, 6.3, 2.5, 2.4, 8.3, 11.0, 4.0, 3.5, -4.2, -1.0, 0.0, 0.0, -1.6, -5.0, -1.0, -4.0, -1.0, -1.4, -2.7, -1.5, 1.5, 3.5, 2.5, 3.0, 3.0, 2.8, 3.0, 6.3, 7.5, 6.6, 3.5, 2.5, 0.8, 3.7, 5.0, 7.0, 7.5, 3.0, 8.5, -4.5, -5.2, -11.5, -0.3, -6.0, -4.4, -7.0, -11.3, -13.0, 3.5, -3.0, -8.0, -8.3, -10.6, -12.7, -12.5, -3.0, -5.0, -6.2, -2.5, -7.0, -3.0, 2.8, 3.0, 9.0, 25.5, 44.7, 55.0, 77.5, null, null, null, null, null, null, null, null, null, null, null, null, null, null, null, null, null, null, null, null, null, null, null, null, null, null, null, null, null, null, null, null, null, null, null, null, null, null, null, null, null, null, null, null, null, null, null, null, null, null, null, null, null, null, null, null, null, null, null, null, null, null, null, null, null, null, null, null, null, null, null, null, null, null, null, null, null, null, null, null, null, null, null, null, null, null, null, null, null, null, null, null, null, null, null, null, null, null, null, null, null, null, null, null, null, null, null, null, null, null, null, null, null, null, null, null, null, null, null, null, null, null, null, null, null, null, null, null, null, null, null, null, null, null, null, null, null, null, null, null, null, null, null, null, null, null, null, null, null, null, null, null, null, null, null, null, null, null, null, null, null, null, null, null, null, null, null, null, null, null, null, null, null, null, null, null, null, null, null, null, null, null, null, null, null, null, null, null, null, null, null, null, null, null, null, null, null, null, null, null, null, null, null, null, null, null, null, null, null, null, null, null, null, null, null, null, null, null, null, null, null, null, null, null, null, null, null, null, null, null, null, null, null, null, null, null, null, null, 34.7, 56.1, 7.0, 13.0, 17.5, 51.8, 50.7, 11.0, 24.7, 3.8, 0.5, 3.7, 5.5, 52.0, 14.7, -2.5, 0.3, 0.8, 1.0, 3.5, 6.5, 6.8, 6.3, 16.0, 1.7, 4.0, 3.3, 3.5, 5.0, 5.5, 7.2, 4.0, 8.7, -0.5, -1.2, 0.3, 1.5, 1.7, 1.8, -2.0, -11.0, 4.5, -0.9, -2.0, 4.5, -14.0, -4.9, 0.0, 2.0, 10.0, -10.9, -7.0, 7.0, 0.3, -4.5, -7.9, -14.7, -11.5, -3.7, 12.8, 12.0, 2.0, -0.7, 3.5, 7.3, 39.0, 25.0, 2.0, null, null, 18.7, null, null, null, null, -18.0, -7.9, -24.0, 9.5, 11.7, 1.8, -18.0, -3.5, -10.3, -13.3, -25.5, 0.0, 1.5, 1.8, 9.0, 2.5, 10.0, 0.8, 0.0, 5.0, 8.0, 10.5, 10.5, 19.0, 32.0, 41.9, 51.0, 75.5, 38.7, -4.0, -3.9, -4.0, -3.5, -3.0, -3.2, -3.3, 12.5, 28.0, 28.0, 0.1, -0.7, -0.5, -0.5, -1.0, 0.1, -1.0, 0.0, 0.0, 0.1, 0.0, 0.0, -2.5, -3.0, -3.6, -4.0, -1.5, -2.0, -2.6, -2.5, -2.0, -1.0, -1.4, -1.3, -0.5, 0.0, 4.0, 4.8, 5.0, 13.0, 0.0, -1.0, -2.2, -3.0, -2.0, -1.5, -3.6, -1.3, 0.0, 0.0, 0.0, -0.4, -1.5, -0.5, 0.5, 1.0, 1.1, -0.5, 1.0, 2.0, 2.5, 2.8, 2.0, 3.0, 3.5, 0.5, 9.9, -0.5, 0.0, 0.0, 0.0, 0.6, 0.0, 4.0, 1.5, 1.0, 0.6, 0.0, 4.5, 2.5, 0.0, -0.2, 0.0, 0.5, -1.5, -2.0, -0.9, 1.5, 0.0, 1.0, 0.8, -1.0, 12.0, 7.0, 1.0, 5.8, 8.0, 9.5, 15.5, 11.5, 15.0, 19.0, 29.5, 39.0, 21.2, 14.7, 47.0, 1.0, 49.0, 10.2, 14.0, 21.0, 36.0, 42.6, 28.7, 45.0, 46.5, 33.5, 61.4, 36.0, 42.0, 34.3, 41.0, 31.3, 14.0, 20.7, 23.5, 30.6, 16.3, 9.5, 3.5, -2.9, -6.7, -9.5, -10.3, -7.5, -5.6, 9.0, 1.3, -1.5, -2.2, -6.0, 8.3, -3.0, -3.2, -7.0, -0.5, -2.0, 0.1, -0.5, 1.0, -3.0, -0.6, -0.7, 1.0, -0.3, -0.5, -3.9, 1.0, -2.0, -5.0, -3.9, -1.0, -1.0, -0.3, 1.0, 2.8, 3.0, 3.7, 3.5, 2.1, 0.0, 2.0, 5.0, -1.6, 1.0, 4.5, 7.7, 8.8, 3.5, 0.0, -2.5, -2.9, -2.3, -1.5, 0.0, 4.5, 8.1, 3.0, -1.5, -0.5, -1.2, -1.0, -1.0, 2.0, 1.0, 2.8, 3.0, 3.0, 3.5, 6.1, 6.7, 12.0, 12.0, 17.0, 7.8, 12.0, 44.0, 5.0, 5.5, 1.4, 2.0, 6.0, 3.5, 4.5, 6.1, 7.7, 11.5, 7.0, 4.0, 0.3, 1.5, 1.5, 0.5, 0.0, -1.2, -4.5, 0.0, 0.0, -1.0, 0.1, -0.5, -1.0, -0.3, 0.2, 1.0, 2.0, -2.0, 2.0, 3.1, -0.7, -3.0, 4.0, 3.8, 5.0, 7.5, 9.5, 10.0, 15.1, 17.5, 10.5, 18.0, 48.0, 4.5, 0.0, 7.0, 2.4, -2.0, -0.5, 0.3, 4.1, 3.3, -0.5, -1.0, -2.0, -2.9, -2.0, -2.0, -2.5, -1.7, -0.7, -1.0, -0.3, 0.1, -1.0, 0.5, 2.7, 5.5, 7.0, 25.0, -3.3, -10.6, -3.5, 6.0, 3.0, 6.1, 5.3, 5.0, 6.0, 2.1, 3.0, 3.8, 1.8, 1.3, -2.5, -1.4, -2.1, -0.5, 1.2, 3.1, -0.7, 2.8, 2.1, 1.5, -0.1, -1.6, -1.1, -1.9, -0.4, -0.3, 3.1, 5.3, 7.1, 14.1, 7.1, 2.6, 4.6, 3.0, 2.3, 3.1, 2.5, 3.8, 4.5, 4.7, 6.6, 5.4, 4.9, 3.9, 6.0, 3.7, 3.0, 1.8, 2.3, 5.7, 5.3, 8.7, 7.3, 0.4, 0.5, 1.3, 3.3, 7.6, 8.0, 3.0, 1.8, 0.5, 1.0, 0.1, -2.0, -1.0, 3.1, 4.0, 4.0, 3.3, 2.8, 2.0, 2.7, 2.0, 4.1, 4.0, 9.7, 7.1, 0.2, -0.3, 0.1, -1.0, -1.0, -2.4, -3.3, -2.3, -1.0, -1.4, 8.0, 9.0, 10.9, 8.3, 15.3, 22.3, -9.6, -9.0, 9.7, -0.2, 0.2, 1.3, 2.8, 11.3, 5.7, 3.0, 3.5, 2.7, 3.0, 3.7, 2.6, 1.7, 3.0, 3.3, 2.5, 3.7, 3.1, 2.5, 3.0, 4.5, 5.8, 11.3, 5.0, 5.5, 25.8, -2.3, 2.7, -0.2, 1.0, 3.0, 2.1, 1.5, 4.0, -4.2, -2.5, -0.3, -0.6, 3.7, -1.0, -0.6, 0.0, 1.7, 0.0, 0.1, 0.3, 1.0, 0.8, 0.3, 0.0, 0.0, 7.1, 14.0, 31.0, 59.0, null, null, 14.3, 14.8, 12.8, 13.7, 4.0, 13.4, 8.3, 10.3, 11.5, 2.5, -20.0, -11.3, 4.5, 4.0, 5.0, 5.0, 2.3, 7.0, 9.3, 8.8, 8.2, 12.0, 16.7, 20.9, 16.8, 13.0, 3.7, 4.6, -0.7, 2.7, 0.4, 2.0, 5.0, 5.0, 4.1, 5.3, 3.7, 7.1, 6.0, 6.0, 6.7, 6.6, 5.3, 6.3, 6.5, 6.8, 7.7, 8.0, 7.1, 4.0, 4.0, 4.1, 3.2, 3.0, 3.0, 2.1, 29.0, -2.0, -2.6, -4.0, -3.5, 5.0, 20.6, 20.5, 23.0, 25.5, 9.5, 10.5, 13.0, 14.5, 15.5, 16.8, 9.5, 9.5, 16.5, 8.8, 29.0, 7.0, 23.5, 20.0, 19.5, 18.0, 18.0, 16.5, 14.5, 5.8, 1.7, 2.0, 2.0, 0.8, 3.3, 1.5, 0.7, 0.1, -0.8, -2.0, -4.5, -8.9, -13.0, -11.0, -3.3, -3.2, -3.7, -4.0, -5.7, -8.9, 2.0, 0.7, -0.9, 7.7, 0.5, -1.0, 7.1, 6.0, 20.3, 4.7, -1.6, 5.5, 7.7, 8.5, 9.7, 12.7, 14.0, 11.5, 12.7, 12.0, 3.7, 4.6, 8.0, 12.0, 15.8, 19.3, 24.7, 19.6, 18.5, 14.0, 13.2, 13.0, 15.7, 16.0, 15.1, 10.3, 11.3, 10.8, 8.0, 2.7, 3.0, 5.1, 8.3, 7.7, 8.5, 6.7, 4.3, 0.2, 5.4, 7.5, 6.0, 5.8, 5.2, 7.7, 4.5, 6.8, 10.7, 5.0, 3.1, -1.2, -1.0, 10.0, 8.9, 25.3, 38.7, 23.9, null, null, 48.7, 13.0, null, -2.9, 3.0, 2.0, 2.8, 1.8, 0.0, 2.4, 2.0, 2.5, 2.8, 9.2, 11.5, 13.3, 24.9, 19.3, 40.0, 14.3, 15.2, 15.0, 15.0, 18.5, 10.3, 17.0, 11.0, 1.3, 6.0, 2.5, 5.5, 4.7, 2.0, 3.5, 3.3, 5.0, 7.3, 8.1, 3.5, 7.0, 9.3, 10.2, 8.0, 11.5, 13.3, 16.2, 18.0, 23.5, 21.0, 28.7, 48.0, 16.0, 16.0, 14.5, 16.7, 43.3, 41.7, 10.2, 11.7, 23.5, 28.3, 30.2, 5.7, 7.0, 3.5, 3.5, 4.5, 2.3, 2.5, 3.6, 4.7, 3.1, 4.0, 9.8, 4.9, 6.2, 8.9, 7.5, 11.0, 17.5, 15.0, 13.6, 10.0, 13.2, 9.4, 3.5, 7.5, 11.4, 14.5, 11.8, 11.9, 15.8, 13.9, 13.0, 9.9, 7.7, 6.3, 8.8, 6.8, 5.5, 4.7, 12.2, 7.0, 8.0, 6.0, 6.1, 4.3, 6.0, 6.3, 3.8, 3.3, 3.0, 3.8, 3.8, 4.7, 4.6, 3.3, 5.0, 0.3, 0.5, 3.3, 3.3, 4.1, 4.0, 4.7, 6.6, 7.3, 5.7, 8.1, 5.0, 10.7, 7.2, 7.0, 8.6, 8.0, 7.8, 7.1, 2.2, 6.3, 6.2, 7.5, 2.7, 3.2, 4.6, 4.5, 4.8, 7.1, 4.3, 5.0, 4.7, 10.3, 9.0, 4.7, 5.7, 8.1, 7.5, 5.7, 9.5, 8.5, 8.0, 8.5, 8.8, 9.7, 12.5, 7.7, 8.3, 8.5, 9.0, 8.5, 7.0, 26.5, 11.3, 10.8, 9.7, 9.0, 9.0, 8.5, 6.3, 5.0, 7.5, 7.7, 6.1, 6.0, 7.0, 7.3, 8.5, 5.7, 12.0, 10.0, 8.1, 3.7, 5.5, 7.7, 4.8, 4.0, 4.5, 5.3, 6.1, 5.7, 6.0, 4.5, 6.5, 10.0, 6.0, 6.3, 6.8, 3.0, 5.0, 7.5, 8.1, 6.3, 6.0, 6.0, 6.8, 8.0, 9.0, 10.0, 10.8, 10.3, 10.0, 10.7, 10.2, 10.0, 10.0, 10.0, 12.2, 10.7, 11.0, 10.3, 9.0, 8.6, 3.5, 6.7, 8.0, 6.6, 6.0, 6.0, -1.7, 8.1, 7.3, 8.0, 7.5, 5.8, 4.0, 9.0, 10.0, 10.5, 10.1, 10.7, 5.5, 7.0, 16.2, 19.0, 3.5, 4.7, 2.8, 2.0, 2.5, 4.5, 6.1, 4.0, 5.5, 3.7, 3.0, 2.1, 2.0, 5.0, 20.0, 23.9, 21.3, 21.0, 18.0, 3.5, 4.1, 8.0, 8.0, 12.0, 8.9, 9.0, 9.0, 7.3, 8.1, 9.3, 9.5, 10.3, 10.8, 9.8, 8.0, 8.3, 8.8, 8.0, 4.0, 5.3, 4.8, 4.3, 6.0, 5.0, 5.8, 8.0, 7.5, 7.5, 6.7, 6.8, 7.5, 21.5, 17.1, 7.0, 23.0, 3.0, 2.8, 8.7, 5.5, 2.0, 2.5, 3.8, 3.0, 4.0, 6.0, 6.1, 1.7, 6.0, 6.3, 4.1, 3.0, 4.0, 4.0, 4.1, 3.0, 2.0, 2.1, 2.0, 4.0, 11.0, 8.8, 5.5, 8.5, 7.7, 10.9, 8.5, 9.0, 12.0, 4.8, 4.0, 3.5, 8.0, 7.8, 4.5, 4.0, 5.5, 5.3, 10.5, 7.0, 5.1, 4.8, 8.0, 7.7, 7.7, 7.5, 12.0, 9.0, 8.0, 7.8, 16.3, 12.3, 47.5, 8.9, 8.0, 7.5, 14.3, 8.1, 22.3, 6.0, 6.3, 4.5, 4.3, -0.5, 4.3, 4.8, 4.7, 5.0, 5.7, 8.0, 8.9, 9.0, 9.0, 10.0, 10.8, 11.0, 16.5, 13.3, 12.5, 5.5, 5.0, 9.5, 10.2, 10.0, 10.0, 10.2, 10.3, 8.0, 7.3, 6.8, 12.3, 17.0, 10.8, 0.5, 16.0, 8.0, 4.8, 5.0, -2.0, 4.8, 3.0, 4.0, 6.7, 6.1, 2.8, 3.0, 5.7, 7.9, 7.3, 9.7, 13.5, 14.2, 12.3, 12.8, 12.4, 12.0, 9.0, 9.1, 8.3, 9.0, 10.1, 5.7, 9.0, 10.2, 12.2, 11.3, 8.5, 5.2, 9.7, 11.7, 12.6, 12.7, 12.5, 12.0, 12.1, 11.0, 11.0, 10.0, 8.7, 7.3, 6.0, 6.7, 9.5, 7.2, 9.8, 11.0, 12.0, 12.7, 13.2, 13.0, 16.5, 14.0, 13.0, 13.0, 12.5, 14.0, 16.8]}