{"type": "Feature", "properties": {"leg_id": 30, "name": "20220122 - San Diego to La Ventana, Mexico", "stated_nm": 954.0, "computed_nm": 954.0}, "geometry": {"type": "LineString", "coordinates": [[-117.189672, 32.72183], [-117.191239, 32.721257], [-117.195038, 32.720539], [-117.197704, 32.719715], [-117.203669, 32.718424], [-117.209692, 32.716986], [-117.213019, 32.715754], [-117.216383, 32.714454], [-117.218848, 32.71349], [-117.221425, 32.712018], [-117.223513, 32.710417], [-117.226046, 32.708491], [-117.228377, 32.70728], [-117.230079, 32.706902], [-117.232013, 32.70575], [-117.233542, 32.70436], [-117.234441, 32.70511], [-117.235187, 32.707639], [-117.235218, 32.709531], [-117.234173, 32.709668], [-117.234335, 32.709482], [-117.234744, 32.705748], [-117.234278, 32.703921], [-117.233628, 32.700222], [-117.233237, 32.697123], [-117.23234, 32.693792], [-117.230789, 32.687956], [-117.230539, 32.685736], [-117.230411, 32.682174], [-117.230341, 32.678079], [-117.230934, 32.677252], [-117.229572, 32.674637], [-117.228954, 32.672424], [-117.229149, 32.670629], [-117.228524, 32.668696], [-117.227548, 32.666377], [-117.226956, 32.664153], [-117.226935, 32.661504], [-117.226517, 32.658096], [-117.225921, 32.654705], [-117.225402, 32.651998], [-117.224575, 32.646856], [-117.224039, 32.643776], [-117.223287, 32.641415], [-117.22189, 32.637807], [-117.221152, 32.636066], [-117.220285, 32.635118], [-117.218853, 32.633629], [-117.2178, 32.630676], [-117.216316, 32.625774], [-117.214747, 32.620738], [-117.213127, 32.615525], [-117.212548, 32.613326], [-117.212181, 32.610669], [-117.211354, 32.604366], [-117.210958, 32.601112], [-117.210541, 32.598513], [-117.210014, 32.596012], [-117.209574, 32.593691], [-117.209129, 32.590327], [-117.208623, 32.586072], [-117.208217, 32.58365], [-117.207413, 32.578763], [-117.206642, 32.574504], [-117.206259, 32.570865], [-117.205955, 32.569171], [-117.204409, 32.566115], [-117.203171, 32.562671], [-117.201855, 32.559013], [-117.200679, 32.555599], [-117.19962, 32.552758], [-117.198343, 32.549408], [-117.197134, 32.546001], [-117.195216, 32.54052], [-117.193861, 32.536835], [-117.192973, 32.534242], [-117.191855, 32.530878], [-117.190185, 32.52639], [-117.189192, 32.523638], [-117.187905, 32.520066], [-117.187223, 32.518147], [-117.18577, 32.513878], [-117.184871, 32.51134], [-117.183605, 32.507644], [-117.182686, 32.505422], [-117.18111, 32.501772], [-117.179462, 32.497953], [-117.178493, 32.495699], [-117.177197, 32.492447], [-117.175843, 32.488878], [-117.174528, 32.485452], [-117.17341, 32.482563], [-117.173583, 32.481044], [-117.174732, 32.478113], [-117.176157, 32.47453], [-117.177388, 32.471691], [-117.179965, 32.465849], [-117.181025, 32.463444], [-117.182955, 32.459383], [-117.183681, 32.457705], [-117.185505, 32.453392], [-117.18642, 32.451386], [-117.187634, 32.44853], [-117.188703, 32.446021], [-117.189534, 32.44418], [-117.190227, 32.442649], [-117.19041, 32.441081], [-117.190079, 32.439335], [-117.189397, 32.436941], [-117.188664, 32.435246], [-117.187496, 32.433005], [-117.186836, 32.431777], [-117.185236, 32.428331], [-117.184431, 32.426883], [-117.183681, 32.425473], [-117.182951, 32.423517], [-117.182441, 32.422103], [-117.181307, 32.419724], [-117.180556, 32.417797], [-117.179966, 32.41516], [-117.179519, 32.413659], [-117.179076, 32.411668], [-117.178533, 32.409734], [-117.177524, 32.407621], [-117.176899, 32.405913], [-117.176079, 32.403852], [-117.175453, 32.40215], [-117.174752, 32.400583], [-117.173843, 32.398033], [-117.172996, 32.39651], [-117.172259, 32.394367], [-117.171524, 32.392802], [-117.171034, 32.390865], [-117.170375, 32.389285], [-117.16912, 32.386805], [-117.168196, 32.384797], [-117.166474, 32.382236], [-117.165364, 32.380359], [-117.164631, 32.378677], [-117.163507, 32.376067], [-117.162592, 32.374397], [-117.161576, 32.372245], [-117.160237, 32.369648], [-117.158248, 32.366135], [-117.157923, 32.364598], [-117.157649, 32.362421], [-117.157641, 32.359946], [-117.157035, 32.358206], [-117.156792, 32.356398], [-117.156522, 32.354911], [-117.156029, 32.351835], [-117.155445, 32.350174], [-117.154965, 32.348364], [-117.154566, 32.345728], [-117.153745, 32.34158], [-117.153204, 32.339989], [-117.152488, 32.33728], [-117.152074, 32.335344], [-117.151437, 32.33249], [-117.150819, 32.330672], [-117.150217, 32.328368], [-117.149102, 32.325151], [-117.148634, 32.323297], [-117.147157, 32.31988], [-117.14634, 32.318395], [-117.145359, 32.316461], [-117.144802, 32.314582], [-117.144008, 32.311557], [-117.143109, 32.308709], [-117.142528, 32.30695], [-117.142072, 32.304705], [-117.141897, 32.303095], [-117.141597, 32.300891], [-117.140896, 32.297847], [-117.140121, 32.295108], [-117.140305, 32.293852], [-117.141153, 32.291154], [-117.141434, 32.289631], [-117.141751, 32.288117], [-117.142832, 32.286409], [-117.143887, 32.284664], [-117.144993, 32.281552], [-117.14616, 32.277991], [-117.14692, 32.275777], [-117.148751, 32.270861], [-117.149725, 32.268266], [-117.150477, 32.266172], [-117.151343, 32.264246], [-117.152258, 32.260826], [-117.152747, 32.259329], [-117.152863, 32.25772], [-117.150691, 32.255761], [-117.14829, 32.253982], [-117.146709, 32.252489], [-117.144229, 32.250161], [-117.142504, 32.248575], [-117.140313, 32.246383], [-117.138511, 32.244714], [-117.134552, 32.240794], [-117.131022, 32.237274], [-117.129026, 32.235307], [-117.124496, 32.230663], [-117.121227, 32.227336], [-117.11903, 32.22491], [-117.115035, 32.220561], [-117.113839, 32.219222], [-117.111716, 32.217897], [-117.10889, 32.215811], [-117.107215, 32.214516], [-117.104306, 32.212537], [-117.102339, 32.211346], [-117.0979, 32.208213], [-117.094839, 32.205967], [-117.092963, 32.204427], [-117.087188, 32.200104], [-117.084193, 32.197925], [-117.082808, 32.196984], [-117.080537, 32.195228], [-117.076893, 32.192627], [-117.075672, 32.191747], [-117.073648, 32.190301], [-117.070925, 32.188155], [-117.068863, 32.186655], [-117.06649, 32.184811], [-117.065028, 32.183776], [-117.061789, 32.181653], [-117.05985, 32.180527], [-117.057003, 32.178812], [-117.054748, 32.177596], [-117.051083, 32.175436], [-117.048902, 32.174081], [-117.044929, 32.171643], [-117.043833, 32.171015], [-117.039777, 32.168409], [-117.036994, 32.16659], [-117.033359, 32.164321], [-117.031894, 32.163332], [-117.028558, 32.161166], [-117.02708, 32.160164], [-117.024796, 32.158678], [-117.021245, 32.156438], [-117.019519, 32.15529], [-117.016258, 32.153048], [-117.010956, 32.149457], [-117.008249, 32.147719], [-117.005781, 32.145813], [-117.003192, 32.143138], [-117.001404, 32.141622], [-116.9995, 32.139898], [-116.997817, 32.138645], [-116.993653, 32.135845], [-116.991878, 32.134647], [-116.989742, 32.133236], [-116.987549, 32.131655], [-116.985389, 32.130209], [-116.982934, 32.128723], [-116.979457, 32.126729], [-116.977918, 32.126349], [-116.976156, 32.125764], [-116.974036, 32.125259], [-116.972521, 32.124595], [-116.972539, 32.122419], [-116.972167, 32.117522], [-116.972288, 32.115868], [-116.97303, 32.111013], [-116.973456, 32.10906], [-116.975002, 32.10462], [-116.97575, 32.102771], [-116.976727, 32.100147], [-116.976988, 32.098916], [-116.977573, 32.095421], [-116.978, 32.092285], [-116.978779, 32.086797], [-116.979035, 32.084439], [-116.980059, 32.078179], [-116.980305, 32.076349], [-116.980597, 32.074771], [-116.980859, 32.072942], [-116.981013, 32.07093], [-116.981379, 32.068368], [-116.981529, 32.066334], [-116.981816, 32.064091], [-116.982182, 32.061695], [-116.982538, 32.059732], [-116.982771, 32.057466], [-116.983162, 32.054573], [-116.983535, 32.050281], [-116.983748, 32.048462], [-116.983883, 32.047181], [-116.984241, 32.043304], [-116.984679, 32.038864], [-116.98499, 32.03516], [-116.98538, 32.030985], [-116.985518, 32.028791], [-116.985687, 32.02618], [-116.98592, 32.023223], [-116.986262, 32.019281], [-116.98653, 32.017053], [-116.986903, 32.013154], [-116.986989, 32.011625], [-116.987373, 32.006056], [-116.987597, 32.001869], [-116.98779, 31.998968], [-116.988166, 31.994196], [-116.98839, 31.990838], [-116.988465, 31.988045], [-116.987904, 31.986066], [-116.9858, 31.98459], [-116.983526, 31.982862], [-116.979002, 31.980587], [-116.974422, 31.978247], [-116.966352, 31.973948], [-116.963961, 31.97267], [-116.960762, 31.970897], [-116.957856, 31.969378], [-116.952535, 31.966432], [-116.950368, 31.965262], [-116.946218, 31.963039], [-116.942889, 31.96115], [-116.940276, 31.959504], [-116.937297, 31.957774], [-116.934474, 31.956071], [-116.930809, 31.953713], [-116.927961, 31.952061], [-116.922849, 31.949131], [-116.920154, 31.947447], [-116.916839, 31.945363], [-116.913642, 31.943478], [-116.908615, 31.940467], [-116.905801, 31.938754], [-116.902346, 31.936753], [-116.897857, 31.934162], [-116.894681, 31.932266], [-116.891165, 31.930101], [-116.887443, 31.927796], [-116.884247, 31.925801], [-116.882434, 31.924635], [-116.879566, 31.922671], [-116.877624, 31.92136], [-116.876456, 31.920528], [-116.874363, 31.919495], [-116.871624, 31.918053], [-116.867508, 31.916068], [-116.861782, 31.913252], [-116.859743, 31.912207], [-116.854999, 31.910017], [-116.846068, 31.905556], [-116.843609, 31.904283], [-116.840362, 31.902532], [-116.833081, 31.898739], [-116.830602, 31.897343], [-116.827945, 31.895814], [-116.823163, 31.893148], [-116.820984, 31.892059], [-116.816717, 31.889997], [-116.813333, 31.888878], [-116.811364, 31.888169], [-116.806264, 31.886241], [-116.803667, 31.885347], [-116.799812, 31.884133], [-116.797067, 31.883325], [-116.791611, 31.881916], [-116.782017, 31.879444], [-116.779347, 31.878689], [-116.774761, 31.877633], [-116.771442, 31.876898], [-116.768723, 31.87628], [-116.765533, 31.875384], [-116.761357, 31.874037], [-116.755224, 31.87236], [-116.752577, 31.871284], [-116.749886, 31.87014], [-116.74521, 31.868321], [-116.743099, 31.86755], [-116.740435, 31.866999], [-116.735505, 31.865768], [-116.733232, 31.865346], [-116.730469, 31.864778], [-116.726543, 31.863695], [-116.724093, 31.862953], [-116.722908, 31.862652], [-116.719954, 31.861963], [-116.716913, 31.861164], [-116.711941, 31.860056], [-116.706289, 31.858708], [-116.703675, 31.858114], [-116.69979, 31.857133], [-116.694091, 31.855745], [-116.691826, 31.855162], [-116.687919, 31.854132], [-116.68261, 31.852729], [-116.679986, 31.852058], [-116.675156, 31.85082], [-116.670232, 31.849619], [-116.6642, 31.84814], [-116.659693, 31.847005], [-116.65643, 31.846237], [-116.652605, 31.84527], [-116.64637, 31.843437], [-116.642914, 31.842387], [-116.637147, 31.840695], [-116.634589, 31.839994], [-116.630612, 31.83884], [-116.627721, 31.838008], [-116.626125, 31.838354], [-116.624281, 31.840273], [-116.623502, 31.842801], [-116.623665, 31.845942], [-116.624098, 31.847883], [-116.624951, 31.850779], [-116.625967, 31.853587], [-116.626195, 31.855777], [-116.625957, 31.857751], [-116.625411, 31.85877], [-116.625745, 31.858539], [-116.626559, 31.855481], [-116.626325, 31.853799], [-116.625504, 31.850147], [-116.624369, 31.846477], [-116.623824, 31.843853], [-116.623771, 31.842079], [-116.624248, 31.840425], [-116.62717, 31.838623], [-116.631075, 31.836457], [-116.634448, 31.834658], [-116.639553, 31.831943], [-116.64805, 31.827261], [-116.651128, 31.825567], [-116.658007, 31.821878], [-116.660659, 31.820395], [-116.663332, 31.818924], [-116.667416, 31.816779], [-116.670008, 31.81539], [-116.676325, 31.812005], [-116.679247, 31.810426], [-116.682427, 31.808793], [-116.684925, 31.807445], [-116.689902, 31.804661], [-116.692169, 31.803363], [-116.695977, 31.801073], [-116.699262, 31.799216], [-116.701611, 31.797852], [-116.705494, 31.795578], [-116.709241, 31.793365], [-116.711684, 31.791855], [-116.717939, 31.788233], [-116.720436, 31.786753], [-116.724289, 31.784321], [-116.72853, 31.781798], [-116.730934, 31.780309], [-116.733252, 31.778911], [-116.736944, 31.776727], [-116.740105, 31.774986], [-116.742638, 31.773443], [-116.745589, 31.771728], [-116.74984, 31.769363], [-116.752607, 31.767857], [-116.755511, 31.76639], [-116.757437, 31.765234], [-116.759165, 31.763735], [-116.761434, 31.760965], [-116.764449, 31.757393], [-116.764456, 31.755595], [-116.764226, 31.752134], [-116.763938, 31.747687], [-116.763858, 31.745368], [-116.763631, 31.741537], [-116.763495, 31.738321], [-116.76342, 31.735172], [-116.763297, 31.730135], [-116.763168, 31.727527], [-116.76295, 31.722529], [-116.762907, 31.721117], [-116.76255, 31.717003], [-116.762291, 31.712474], [-116.762169, 31.709513], [-116.762196, 31.706693], [-116.762078, 31.703837], [-116.761761, 31.697961], [-116.761518, 31.69378], [-116.761392, 31.691595], [-116.761136, 31.688627], [-116.760997, 31.684837], [-116.760631, 31.680611], [-116.760395, 31.677476], [-116.75997, 31.671982], [-116.759573, 31.666172], [-116.759302, 31.663649], [-116.759018, 31.660548], [-116.758538, 31.653814], [-116.758242, 31.649541], [-116.75807, 31.646201], [-116.757801, 31.643409], [-116.757601, 31.639127], [-116.757141, 31.632866], [-116.756745, 31.627314], [-116.756826, 31.624609], [-116.75734, 31.619438], [-116.757667, 31.615451], [-116.757992, 31.612651], [-116.758866, 31.605804], [-116.759266, 31.602657], [-116.760125, 31.595092], [-116.760286, 31.592414], [-116.760498, 31.589448], [-116.761003, 31.584837], [-116.761262, 31.582116], [-116.761565, 31.577393], [-116.762151, 31.574778], [-116.762616, 31.572109], [-116.762737, 31.565886], [-116.762823, 31.561603], [-116.762829, 31.557575], [-116.763316, 31.555607], [-116.764545, 31.554499], [-116.766935, 31.550893], [-116.768287, 31.546773], [-116.768998, 31.543821], [-116.769476, 31.542081], [-116.770875, 31.53736], [-116.771275, 31.535764], [-116.772758, 31.529629], [-116.77364, 31.526259], [-116.775314, 31.51981], [-116.776862, 31.513531], [-116.777634, 31.510143], [-116.77921, 31.503732], [-116.780896, 31.497561], [-116.781807, 31.494266], [-116.783608, 31.488026], [-116.78546, 31.481968], [-116.786481, 31.478778], [-116.788471, 31.472654], [-116.790552, 31.466674], [-116.791714, 31.46347], [-116.793887, 31.457255], [-116.79596, 31.45122], [-116.797131, 31.448025], [-116.799455, 31.44186], [-116.801801, 31.435871], [-116.803012, 31.432859], [-116.805249, 31.427231], [-116.807499, 31.421318], [-116.808704, 31.418183], [-116.810234, 31.412025], [-116.811349, 31.405926], [-116.811982, 31.40271], [-116.813186, 31.396497], [-116.814443, 31.390462], [-116.815032, 31.387287], [-116.816174, 31.381316], [-116.817246, 31.375562], [-116.817761, 31.372568], [-116.818721, 31.366856], [-116.819631, 31.361235], [-116.820129, 31.358272], [-116.821023, 31.352556], [-116.82194, 31.346954], [-116.822384, 31.344024], [-116.823281, 31.338383], [-116.824333, 31.332858], [-116.824939, 31.329974], [-116.825371, 31.324353], [-116.825313, 31.318764], [-116.825287, 31.313023], [-116.825203, 31.307336], [-116.825232, 31.301735], [-116.825203, 31.296005], [-116.825122, 31.290407], [-116.824932, 31.28469], [-116.82489, 31.27901], [-116.824906, 31.273421], [-116.824911, 31.267712], [-116.824955, 31.26211], [-116.824971, 31.25641], [-116.824959, 31.250787], [-116.82488, 31.245218], [-116.824859, 31.239468], [-116.825005, 31.23379], [-116.825153, 31.227974], [-116.825211, 31.222209], [-116.825226, 31.219727], [-116.825303, 31.216371], [-116.825518, 31.212745], [-116.825656, 31.20782], [-116.825748, 31.204339], [-116.825974, 31.199278], [-116.826165, 31.19353], [-116.826357, 31.189355], [-116.826399, 31.186354], [-116.826614, 31.182123], [-116.826798, 31.177922], [-116.826927, 31.17358], [-116.82704, 31.170176], [-116.827417, 31.165225], [-116.827572, 31.162378], [-116.82778, 31.157391], [-116.827852, 31.154542], [-116.827957, 31.150775], [-116.828109, 31.148112], [-116.828142, 31.142581], [-116.828218, 31.141269], [-116.828316, 31.13552], [-116.828387, 31.131283], [-116.828609, 31.127623], [-116.828874, 31.12082], [-116.829088, 31.116284], [-116.829207, 31.113397], [-116.8293, 31.109818], [-116.829501, 31.107634], [-116.829681, 31.103298], [-116.829921, 31.097437], [-116.830192, 31.091533], [-116.830554, 31.082747], [-116.830638, 31.08043], [-116.830918, 31.074357], [-116.831058, 31.071271], [-116.831164, 31.068274], [-116.831372, 31.065374], [-116.831642, 31.05936], [-116.831763, 31.056775], [-116.831805, 31.054348], [-116.832093, 31.047721], [-116.832313, 31.04251], [-116.832709, 31.036338], [-116.83289, 31.03024], [-116.833059, 31.026163], [-116.833255, 31.021486], [-116.833543, 31.015533], [-116.83369, 31.010143], [-116.833896, 31.006121], [-116.834027, 31.000942], [-116.834107, 30.998337], [-116.834378, 30.993765], [-116.834434, 30.991426], [-116.834562, 30.988348], [-116.834636, 30.986036], [-116.834711, 30.98282], [-116.83478, 30.98055], [-116.834806, 30.978618], [-116.834828, 30.97565], [-116.835057, 30.969371], [-116.835216, 30.965524], [-116.835289, 30.96095], [-116.835284, 30.955235], [-116.835319, 30.949627], [-116.835224, 30.944553], [-116.835341, 30.938339], [-116.835305, 30.932462], [-116.835291, 30.928044], [-116.83528, 30.925797], [-116.835178, 30.922838], [-116.835202, 30.918033], [-116.835195, 30.913519], [-116.835179, 30.909252], [-116.835197, 30.903921], [-116.835186, 30.897844], [-116.835146, 30.895242], [-116.835036, 30.88919], [-116.834944, 30.886748], [-116.834798, 30.883204], [-116.834649, 30.876909], [-116.83467, 30.874854], [-116.834665, 30.870478], [-116.83469, 30.863903], [-116.834596, 30.860984], [-116.834601, 30.855732], [-116.834571, 30.850328], [-116.834621, 30.84755], [-116.834495, 30.840769], [-116.834371, 30.835591], [-116.834399, 30.83268], [-116.834339, 30.826754], [-116.834299, 30.824684], [-116.834205, 30.822186], [-116.834259, 30.816806], [-116.834279, 30.814216], [-116.834254, 30.809148], [-116.834231, 30.807376], [-116.834155, 30.800568], [-116.834133, 30.799108], [-116.834029, 30.794272], [-116.833999, 30.790149], [-116.833913, 30.784348], [-116.833853, 30.781351], [-116.833885, 30.779475], [-116.83379, 30.775664], [-116.833595, 30.76987], [-116.833488, 30.766498], [-116.833496, 30.764914], [-116.833259, 30.758414], [-116.833186, 30.75549], [-116.833216, 30.751968], [-116.833135, 30.750096], [-116.833098, 30.746271], [-116.833202, 30.74237], [-116.833162, 30.739285], [-116.833273, 30.736335], [-116.833344, 30.733587], [-116.833445, 30.727952], [-116.833407, 30.725844], [-116.833535, 30.722768], [-116.833487, 30.720013], [-116.833503, 30.717746], [-116.833616, 30.713137], [-116.833597, 30.711654], [-116.83353, 30.707005], [-116.833534, 30.703294], [-116.833248, 30.695515], [-116.833216, 30.693468], [-116.833215, 30.690816], [-116.833131, 30.688307], [-116.83315, 30.686133], [-116.832971, 30.680239], [-116.832967, 30.678371], [-116.833, 30.673488], [-116.833077, 30.667519], [-116.833034, 30.663364], [-116.833068, 30.6585], [-116.833158, 30.651187], [-116.833272, 30.649084], [-116.83345, 30.64684], [-116.833586, 30.642634], [-116.833841, 30.63862], [-116.833973, 30.634847], [-116.834051, 30.631717], [-116.834139, 30.629025], [-116.834356, 30.625943], [-116.834526, 30.621121], [-116.834515, 30.618952], [-116.834561, 30.616993], [-116.834616, 30.612224], [-116.834716, 30.610248], [-116.834856, 30.606144], [-116.83521, 30.599835], [-116.835357, 30.596586], [-116.835677, 30.592505], [-116.835912, 30.590322], [-116.836142, 30.587638], [-116.836457, 30.582633], [-116.836756, 30.577611], [-116.836883, 30.575803], [-116.837181, 30.57252], [-116.83723, 30.569843], [-116.83747, 30.567275], [-116.837538, 30.564894], [-116.837654, 30.562448], [-116.837717, 30.559462], [-116.837713, 30.556461], [-116.837915, 30.553875], [-116.838098, 30.549435], [-116.838185, 30.546188], [-116.838273, 30.542098], [-116.838318, 30.537837], [-116.838569, 30.533982], [-116.838825, 30.527938], [-116.838863, 30.525751], [-116.838986, 30.52216], [-116.839128, 30.519266], [-116.839155, 30.51706], [-116.839191, 30.514533], [-116.839323, 30.511923], [-116.839356, 30.50911], [-116.839403, 30.505741], [-116.83939, 30.502813], [-116.839377, 30.500732], [-116.8395, 30.496778], [-116.839478, 30.493399], [-116.839469, 30.490624], [-116.839583, 30.487465], [-116.8397, 30.484512], [-116.839726, 30.479544], [-116.839822, 30.476704], [-116.83989, 30.467811], [-116.839907, 30.463047], [-116.839748, 30.461383], [-116.838745, 30.459127], [-116.837619, 30.456965], [-116.836957, 30.455461], [-116.836179, 30.453449], [-116.834682, 30.450409], [-116.833652, 30.448281], [-116.831776, 30.444246], [-116.829496, 30.439368], [-116.828344, 30.436742], [-116.826815, 30.433153], [-116.825423, 30.430219], [-116.823594, 30.426011], [-116.822551, 30.423528], [-116.820411, 30.419055], [-116.819384, 30.416763], [-116.818044, 30.413537], [-116.814822, 30.406083], [-116.814269, 30.404961], [-116.812803, 30.401539], [-116.811025, 30.397829], [-116.810118, 30.395817], [-116.808994, 30.392962], [-116.807517, 30.389653], [-116.806465, 30.386953], [-116.805229, 30.384145], [-116.804219, 30.381611], [-116.802777, 30.378135], [-116.80186, 30.375573], [-116.799721, 30.370333], [-116.79816, 30.366333], [-116.797062, 30.363569], [-116.796099, 30.361022], [-116.794174, 30.356314], [-116.793548, 30.35488], [-116.791084, 30.349099], [-116.788651, 30.343284], [-116.78768, 30.340988], [-116.78704, 30.338059], [-116.786547, 30.334658], [-116.785807, 30.330833], [-116.785279, 30.327928], [-116.784637, 30.326237], [-116.782761, 30.321648], [-116.782053, 30.319972], [-116.781335, 30.318097], [-116.780231, 30.31417], [-116.779521, 30.31024], [-116.779333, 30.30846], [-116.779535, 30.306008], [-116.77953, 30.302783], [-116.779591, 30.298962], [-116.779648, 30.295926], [-116.779932, 30.292263], [-116.779407, 30.289901], [-116.777327, 30.286496], [-116.773803, 30.281078], [-116.772037, 30.278339], [-116.770275, 30.275671], [-116.76702, 30.270575], [-116.764582, 30.266992], [-116.762962, 30.264193], [-116.761311, 30.261424], [-116.759775, 30.258987], [-116.757762, 30.255942], [-116.755429, 30.252127], [-116.753516, 30.248915], [-116.751746, 30.246121], [-116.749748, 30.242795], [-116.747009, 30.238211], [-116.745147, 30.235147], [-116.74336, 30.231856], [-116.741742, 30.229073], [-116.738923, 30.224252], [-116.737992, 30.22252], [-116.736429, 30.219586], [-116.734995, 30.217141], [-116.732197, 30.21193], [-116.730434, 30.208756], [-116.728917, 30.205863], [-116.726295, 30.201136], [-116.722925, 30.194493], [-116.720678, 30.189985], [-116.719367, 30.187221], [-116.717655, 30.183598], [-116.716373, 30.181093], [-116.715279, 30.178986], [-116.714107, 30.176777], [-116.712305, 30.173054], [-116.710082, 30.168797], [-116.706877, 30.162929], [-116.705716, 30.160553], [-116.704164, 30.157651], [-116.702718, 30.155098], [-116.700884, 30.151563], [-116.699666, 30.149431], [-116.698484, 30.147053], [-116.696677, 30.143708], [-116.695253, 30.140489], [-116.69435, 30.138491], [-116.693263, 30.136231], [-116.692204, 30.134058], [-116.691117, 30.132595], [-116.688498, 30.130179], [-116.686691, 30.128477], [-116.683861, 30.126027], [-116.681563, 30.124138], [-116.679548, 30.122534], [-116.678095, 30.121305], [-116.673378, 30.11736], [-116.671355, 30.115679], [-116.669206, 30.113816], [-116.665928, 30.111174], [-116.663536, 30.109121], [-116.661565, 30.107484], [-116.657385, 30.104086], [-116.656199, 30.103033], [-116.652598, 30.100131], [-116.649627, 30.097754], [-116.646965, 30.095683], [-116.643374, 30.092934], [-116.640728, 30.090768], [-116.637491, 30.088002], [-116.636813, 30.086729], [-116.635624, 30.084058], [-116.634241, 30.081243], [-116.632711, 30.078463], [-116.630994, 30.074299], [-116.629436, 30.070917], [-116.628743, 30.069154], [-116.62662, 30.064456], [-116.623383, 30.057592], [-116.622586, 30.055815], [-116.620941, 30.052275], [-116.619885, 30.049809], [-116.618796, 30.047021], [-116.617701, 30.044516], [-116.616805, 30.042369], [-116.615671, 30.040001], [-116.614197, 30.036809], [-116.61317, 30.034197], [-116.612859, 30.032479], [-116.611964, 30.030478], [-116.611179, 30.029076], [-116.609465, 30.026077], [-116.60728, 30.022002], [-116.606311, 30.020272], [-116.605123, 30.017973], [-116.604449, 30.016648], [-116.60366, 30.015105], [-116.602539, 30.013085], [-116.601024, 30.010794], [-116.599802, 30.008893], [-116.598619, 30.006906], [-116.596218, 30.003285], [-116.595092, 30.001711], [-116.59434, 30.000289], [-116.592435, 29.997692], [-116.591221, 29.99599], [-116.588773, 29.992591], [-116.587703, 29.991092], [-116.586866, 29.98978], [-116.5846, 29.986515], [-116.583444, 29.984958], [-116.581751, 29.982328], [-116.580275, 29.980039], [-116.579134, 29.978293], [-116.5765, 29.974104], [-116.5753, 29.972226], [-116.574832, 29.970596], [-116.574292, 29.969243], [-116.572659, 29.966084], [-116.570792, 29.962858], [-116.56914, 29.959484], [-116.567533, 29.956808], [-116.565806, 29.953771], [-116.56493, 29.952121], [-116.56413, 29.950242], [-116.56248, 29.947313], [-116.561225, 29.945441], [-116.559152, 29.941946], [-116.557889, 29.940007], [-116.556891, 29.938294], [-116.555954, 29.936487], [-116.554737, 29.934198], [-116.553549, 29.931977], [-116.551976, 29.929468], [-116.551231, 29.928202], [-116.549442, 29.9253], [-116.548331, 29.923441], [-116.547047, 29.921196], [-116.545916, 29.919368], [-116.543898, 29.915723], [-116.542285, 29.913016], [-116.541255, 29.911376], [-116.539946, 29.909266], [-116.538755, 29.907491], [-116.537796, 29.905821], [-116.537453, 29.904425], [-116.537006, 29.902647], [-116.535907, 29.89891], [-116.535373, 29.897093], [-116.534761, 29.894702], [-116.534579, 29.893196], [-116.5343, 29.891401], [-116.534194, 29.889569], [-116.533445, 29.886651], [-116.533097, 29.885047], [-116.533039, 29.883911], [-116.5324, 29.882257], [-116.531562, 29.880168], [-116.530906, 29.879356], [-116.530997, 29.877813], [-116.531339, 29.876409], [-116.5313, 29.875181], [-116.531234, 29.874122], [-116.531364, 29.872786], [-116.53091, 29.871364], [-116.530631, 29.870002], [-116.530866, 29.868728], [-116.530583, 29.867497], [-116.530203, 29.864535], [-116.529966, 29.862088], [-116.529842, 29.859977], [-116.5297, 29.857897], [-116.529591, 29.856244], [-116.529237, 29.853658], [-116.528991, 29.852201], [-116.528767, 29.850532], [-116.52843, 29.848614], [-116.528242, 29.847168], [-116.527995, 29.845504], [-116.527782, 29.843197], [-116.527384, 29.839549], [-116.527245, 29.837535], [-116.527013, 29.835928], [-116.526901, 29.834169], [-116.526732, 29.832536], [-116.526251, 29.829933], [-116.525934, 29.827652], [-116.525661, 29.82586], [-116.525626, 29.823986], [-116.525178, 29.819796], [-116.525004, 29.818565], [-116.524515, 29.8148], [-116.52408, 29.812364], [-116.523856, 29.810693], [-116.523453, 29.807212], [-116.523163, 29.805646], [-116.522632, 29.801595], [-116.522468, 29.800124], [-116.522252, 29.798333], [-116.521696, 29.795006], [-116.521427, 29.793449], [-116.52091, 29.789865], [-116.520417, 29.786976], [-116.520156, 29.784744], [-116.519788, 29.781846], [-116.519641, 29.780314], [-116.519411, 29.778253], [-116.519139, 29.775853], [-116.519021, 29.774327], [-116.518674, 29.770879], [-116.518261, 29.767253], [-116.517786, 29.764237], [-116.517423, 29.760398], [-116.51707, 29.758276], [-116.516864, 29.756281], [-116.516364, 29.753492], [-116.516086, 29.751281], [-116.515691, 29.748131], [-116.515232, 29.74587], [-116.515094, 29.743995], [-116.515129, 29.742279], [-116.515296, 29.739706], [-116.515238, 29.738013], [-116.515042, 29.736437], [-116.515304, 29.734193], [-116.515507, 29.732807], [-116.515289, 29.73127], [-116.515077, 29.729571], [-116.51509, 29.72819], [-116.514895, 29.72613], [-116.514517, 29.724257], [-116.514151, 29.722782], [-116.513753, 29.720587], [-116.513576, 29.719256], [-116.513638, 29.717094], [-116.51348, 29.715646], [-116.513677, 29.714435], [-116.514352, 29.712862], [-116.514933, 29.710997], [-116.514944, 29.709402], [-116.514629, 29.707407], [-116.514291, 29.705923], [-116.513596, 29.704712], [-116.512647, 29.703939], [-116.512118, 29.702703], [-116.512154, 29.701537], [-116.512134, 29.700212], [-116.512685, 29.698554], [-116.513119, 29.697471], [-116.513356, 29.696318], [-116.513169, 29.695225], [-116.5124, 29.694828], [-116.512532, 29.693079], [-116.512892, 29.690504], [-116.513184, 29.687052], [-116.51335, 29.684735], [-116.513578, 29.682956], [-116.513947, 29.679617], [-116.514082, 29.677708], [-116.514362, 29.675392], [-116.514773, 29.672177], [-116.515155, 29.669738], [-116.515606, 29.66696], [-116.515988, 29.663214], [-116.516263, 29.660898], [-116.516518, 29.657452], [-116.516654, 29.655867], [-116.516947, 29.653192], [-116.517302, 29.650589], [-116.517682, 29.646691], [-116.517884, 29.645242], [-116.517982, 29.6435], [-116.518563, 29.639457], [-116.518838, 29.636502], [-116.519217, 29.633738], [-116.519517, 29.631321], [-116.51977, 29.629254], [-116.520058, 29.627086], [-116.520268, 29.625683], [-116.520762, 29.622288], [-116.521619, 29.616415], [-116.522065, 29.61255], [-116.522441, 29.609159], [-116.522939, 29.604218], [-116.523342, 29.600939], [-116.524269, 29.595591], [-116.524735, 29.591809], [-116.525437, 29.588087], [-116.526008, 29.584748], [-116.526319, 29.581789], [-116.526798, 29.577133], [-116.527166, 29.573844], [-116.527572, 29.570618], [-116.528073, 29.566006], [-116.528581, 29.561835], [-116.528874, 29.558701], [-116.529373, 29.553975], [-116.529735, 29.550637], [-116.529814, 29.547739], [-116.529985, 29.543841], [-116.530166, 29.540429], [-116.530499, 29.535877], [-116.530781, 29.532595], [-116.530299, 29.528721], [-116.529022, 29.526541], [-116.527491, 29.523959], [-116.525691, 29.520953], [-116.523982, 29.517814], [-116.52259, 29.514657], [-116.522053, 29.512147], [-116.521186, 29.508679], [-116.520431, 29.505026], [-116.519676, 29.500721], [-116.51908, 29.497527], [-116.518461, 29.494627], [-116.517799, 29.491374], [-116.517375, 29.488897], [-116.51702, 29.486363], [-116.513672, 29.481361], [-116.511283, 29.478295], [-116.507401, 29.473132], [-116.504168, 29.468611], [-116.501941, 29.46554], [-116.498357, 29.460377], [-116.495306, 29.455686], [-116.493179, 29.452577], [-116.489564, 29.447446], [-116.486445, 29.442777], [-116.484181, 29.439685], [-116.480511, 29.434602], [-116.477176, 29.430081], [-116.474925, 29.427052], [-116.471135, 29.422059], [-116.467691, 29.417647], [-116.465465, 29.414631], [-116.461768, 29.409632], [-116.458436, 29.405052], [-116.45618, 29.40202], [-116.452518, 29.396901], [-116.449299, 29.392201], [-116.447128, 29.389029], [-116.44358, 29.383688], [-116.440393, 29.378901], [-116.43824, 29.375739], [-116.434712, 29.370418], [-116.431628, 29.3656], [-116.429546, 29.362431], [-116.426201, 29.357099], [-116.423187, 29.352276], [-116.421184, 29.349097], [-116.417821, 29.343743], [-116.414644, 29.338969], [-116.412498, 29.335825], [-116.409027, 29.330534], [-116.40585, 29.325744], [-116.403724, 29.322648], [-116.400069, 29.317482], [-116.396843, 29.312684], [-116.394608, 29.309556], [-116.390655, 29.30432], [-116.38696, 29.299668], [-116.384541, 29.296628], [-116.380573, 29.29148], [-116.376871, 29.286848], [-116.3745, 29.283771], [-116.370551, 29.27862], [-116.366973, 29.274013], [-116.364585, 29.270977], [-116.360389, 29.265926], [-116.356611, 29.261317], [-116.35411, 29.258375], [-116.349926, 29.253332], [-116.34606, 29.248742], [-116.343739, 29.245677], [-116.33976, 29.240451], [-116.336114, 29.235744], [-116.333808, 29.232667], [-116.329929, 29.227434], [-116.326486, 29.222582], [-116.324222, 29.219479], [-116.320484, 29.214156], [-116.317206, 29.20922], [-116.315048, 29.206107], [-116.311385, 29.200746], [-116.308184, 29.195729], [-116.306091, 29.192529], [-116.302425, 29.187098], [-116.299165, 29.182057], [-116.297129, 29.178835], [-116.293671, 29.173295], [-116.290576, 29.168162], [-116.288562, 29.164988], [-116.285091, 29.159546], [-116.281875, 29.154588], [-116.279724, 29.151443], [-116.276428, 29.145972], [-116.27509, 29.140411], [-116.27415, 29.136907], [-116.273435, 29.134242], [-116.272755, 29.131607], [-116.271032, 29.125252], [-116.270589, 29.123522], [-116.269897, 29.120277], [-116.270645, 29.115821], [-116.271047, 29.113866], [-116.272001, 29.110926], [-116.272937, 29.108469], [-116.275086, 29.102741], [-116.276303, 29.099383], [-116.277889, 29.095279], [-116.279068, 29.091879], [-116.280077, 29.088245], [-116.281241, 29.084514], [-116.282559, 29.082015], [-116.283814, 29.079175], [-116.285104, 29.076817], [-116.285579, 29.075464], [-116.287519, 29.073529], [-116.287818, 29.072126], [-116.288761, 29.067588], [-116.289321, 29.06425], [-116.289857, 29.060596], [-116.290722, 29.055564], [-116.291263, 29.052293], [-116.291611, 29.049955], [-116.29245, 29.045955], [-116.293228, 29.041564], [-116.293744, 29.039009], [-116.294499, 29.034527], [-116.295187, 29.030462], [-116.295629, 29.028135], [-116.296668, 29.023435], [-116.297483, 29.01941], [-116.298156, 29.016775], [-116.299103, 29.012882], [-116.300787, 29.008621], [-116.301679, 29.005602], [-116.303016, 29.001179], [-116.304237, 28.996969], [-116.305008, 28.994552], [-116.306305, 28.990114], [-116.306876, 28.988201], [-116.307765, 28.984748], [-116.308762, 28.981068], [-116.309816, 28.976928], [-116.310309, 28.975013], [-116.311242, 28.971775], [-116.312556, 28.967438], [-116.313688, 28.963212], [-116.314427, 28.96065], [-116.315202, 28.957802], [-116.316418, 28.954015], [-116.317245, 28.951364], [-116.318467, 28.947082], [-116.319073, 28.94487], [-116.320312, 28.941047], [-116.321346, 28.937763], [-116.322522, 28.934179], [-116.323513, 28.930573], [-116.324145, 28.928333], [-116.325803, 28.923078], [-116.326889, 28.919855], [-116.328258, 28.915655], [-116.329487, 28.91195], [-116.330536, 28.908786], [-116.331608, 28.905409], [-116.33263, 28.902297], [-116.333978, 28.898183], [-116.335269, 28.893931], [-116.335999, 28.89166], [-116.33634, 28.88841], [-116.336518, 28.886101], [-116.337307, 28.882683], [-116.338123, 28.879242], [-116.339146, 28.874997], [-116.340091, 28.871316], [-116.341123, 28.867077], [-116.34172, 28.864943], [-116.34294, 28.860683], [-116.343845, 28.857339], [-116.344928, 28.853214], [-116.345616, 28.850972], [-116.34715, 28.84608], [-116.348613, 28.841553], [-116.349313, 28.83912], [-116.350644, 28.834548], [-116.352056, 28.829911], [-116.352772, 28.82769], [-116.354278, 28.823449], [-116.355621, 28.819423], [-116.356683, 28.816402], [-116.357932, 28.812791], [-116.359455, 28.808501], [-116.360527, 28.805411], [-116.361644, 28.802185], [-116.362954, 28.79808], [-116.364245, 28.794363], [-116.365514, 28.79043], [-116.365891, 28.787259], [-116.366295, 28.784225], [-116.366803, 28.780147], [-116.367272, 28.775696], [-116.367672, 28.772572], [-116.367525, 28.770267], [-116.366641, 28.768236], [-116.363958, 28.765732], [-116.362195, 28.763932], [-116.359753, 28.760486], [-116.357608, 28.757393], [-116.355048, 28.753618], [-116.352804, 28.750324], [-116.350921, 28.747595], [-116.347693, 28.743414], [-116.3454, 28.740666], [-116.342621, 28.737223], [-116.340213, 28.734179], [-116.33812, 28.731315], [-116.334911, 28.726956], [-116.332897, 28.72428], [-116.330544, 28.721199], [-116.328594, 28.718484], [-116.326062, 28.715694], [-116.324104, 28.713491], [-116.320694, 28.709609], [-116.318714, 28.707335], [-116.316639, 28.704818], [-116.314994, 28.702727], [-116.312234, 28.69973], [-116.309265, 28.696501], [-116.3069, 28.693881], [-116.304429, 28.691164], [-116.301777, 28.688137], [-116.29977, 28.685793], [-116.298508, 28.683355], [-116.297048, 28.678818], [-116.29601, 28.67562], [-116.294338, 28.670507], [-116.293425, 28.667836], [-116.292862, 28.663843], [-116.292363, 28.660007], [-116.291348, 28.65823], [-116.289448, 28.655955], [-116.28548, 28.650613], [-116.284148, 28.648787], [-116.281802, 28.645345], [-116.279186, 28.641682], [-116.275959, 28.63718], [-116.273756, 28.634051], [-116.272175, 28.631681], [-116.268723, 28.626383], [-116.266801, 28.623646], [-116.263421, 28.618967], [-116.260151, 28.614242], [-116.257814, 28.611043], [-116.256754, 28.60955], [-116.254013, 28.605216], [-116.251352, 28.601067], [-116.249825, 28.598795], [-116.247534, 28.595575], [-116.24551, 28.592322], [-116.243442, 28.588805], [-116.241543, 28.586822], [-116.23645, 28.582327], [-116.233741, 28.579369], [-116.231132, 28.576018], [-116.227646, 28.571611], [-116.225202, 28.56854], [-116.223623, 28.566193], [-116.21981, 28.560573], [-116.217738, 28.557426], [-116.215149, 28.553629], [-116.213364, 28.55117], [-116.210553, 28.547724], [-116.208325, 28.544629], [-116.204502, 28.539147], [-116.20174, 28.535613], [-116.200227, 28.533196], [-116.197932, 28.530267], [-116.195576, 28.526771], [-116.194156, 28.524708], [-116.191607, 28.521238], [-116.190262, 28.519216], [-116.187984, 28.51597], [-116.184588, 28.511261], [-116.182653, 28.508664], [-116.180886, 28.506137], [-116.179447, 28.504], [-116.176605, 28.500193], [-116.175646, 28.4989], [-116.172478, 28.494304], [-116.16969, 28.490429], [-116.16774, 28.487708], [-116.165979, 28.485172], [-116.16425, 28.482573], [-116.162746, 28.480531], [-116.159896, 28.476275], [-116.157238, 28.472243], [-116.15589, 28.470503], [-116.152123, 28.466544], [-116.148312, 28.462594], [-116.145544, 28.45972], [-116.143041, 28.456995], [-116.140927, 28.454929], [-116.137364, 28.451252], [-116.134778, 28.448745], [-116.132262, 28.44619], [-116.12812, 28.441923], [-116.126292, 28.439992], [-116.122737, 28.436313], [-116.119607, 28.433011], [-116.117356, 28.430671], [-116.11463, 28.427727], [-116.112689, 28.425783], [-116.110259, 28.42336], [-116.10731, 28.420437], [-116.10508, 28.418371], [-116.101259, 28.414463], [-116.099185, 28.412341], [-116.095242, 28.408345], [-116.091162, 28.404384], [-116.08881, 28.402132], [-116.086765, 28.400161], [-116.082485, 28.395597], [-116.079679, 28.392527], [-116.076969, 28.389654], [-116.075383, 28.387904], [-116.071147, 28.383573], [-116.069967, 28.382297], [-116.066646, 28.378763], [-116.063513, 28.37535], [-116.061685, 28.373445], [-116.059148, 28.370889], [-116.05688, 28.368351], [-116.055102, 28.366441], [-116.050782, 28.361843], [-116.04853, 28.35937], [-116.04602, 28.356622], [-116.04413, 28.354328], [-116.041778, 28.35184], [-116.038677, 28.348311], [-116.036977, 28.346379], [-116.032994, 28.342396], [-116.030326, 28.339185], [-116.027264, 28.335904], [-116.025943, 28.334397], [-116.02348, 28.331843], [-116.021487, 28.329991], [-116.017229, 28.325439], [-116.015695, 28.324037], [-116.01375, 28.321586], [-116.012719, 28.320049], [-116.010711, 28.317473], [-116.007481, 28.31497], [-116.005298, 28.313711], [-116.003388, 28.311811], [-116.001103, 28.310488], [-115.998094, 28.308846], [-115.996396, 28.307554], [-115.994517, 28.305123], [-115.991579, 28.302546], [-115.990007, 28.301392], [-115.985605, 28.298178], [-115.982902, 28.295898], [-115.979194, 28.293072], [-115.977325, 28.291737], [-115.974458, 28.289729], [-115.971588, 28.287451], [-115.967512, 28.284584], [-115.965808, 28.283148], [-115.963645, 28.28077], [-115.960654, 28.277892], [-115.958851, 28.275947], [-115.955517, 28.272868], [-115.95432, 28.271944], [-115.951442, 28.269434], [-115.946347, 28.265653], [-115.942563, 28.262709], [-115.94114, 28.261541], [-115.938432, 28.259381], [-115.933876, 28.255476], [-115.931301, 28.253481], [-115.928028, 28.251033], [-115.921556, 28.245934], [-115.920718, 28.245288], [-115.915963, 28.241945], [-115.913929, 28.240301], [-115.911491, 28.238295], [-115.908724, 28.23635], [-115.905596, 28.23363], [-115.903682, 28.232478], [-115.901216, 28.230329], [-115.898099, 28.2278], [-115.896446, 28.226609], [-115.891988, 28.222955], [-115.890352, 28.22155], [-115.886443, 28.218498], [-115.884292, 28.217049], [-115.881158, 28.21471], [-115.879052, 28.212869], [-115.876259, 28.211276], [-115.874281, 28.210076], [-115.869363, 28.207634], [-115.867444, 28.206583], [-115.864656, 28.205727], [-115.861533, 28.203763], [-115.860057, 28.201685], [-115.857411, 28.198472], [-115.855884, 28.196901], [-115.854077, 28.19491], [-115.85277, 28.193013], [-115.851367, 28.191116], [-115.850627, 28.190101], [-115.848482, 28.187496], [-115.847395, 28.186057], [-115.845948, 28.184767], [-115.84202, 28.185206], [-115.840231, 28.185534], [-115.837909, 28.184666], [-115.836436, 28.184041], [-115.834325, 28.183575], [-115.831763, 28.181582], [-115.828889, 28.179116], [-115.827247, 28.176308], [-115.824679, 28.17114], [-115.821796, 28.166421], [-115.819061, 28.161922], [-115.817112, 28.158846], [-115.814977, 28.155273], [-115.812191, 28.150647], [-115.809339, 28.145753], [-115.806767, 28.141443], [-115.803551, 28.136273], [-115.802141, 28.134085], [-115.798686, 28.129098], [-115.795441, 28.124553], [-115.792175, 28.119889], [-115.787376, 28.112627], [-115.784317, 28.10783], [-115.781958, 28.10419], [-115.779995, 28.100864], [-115.777185, 28.096275], [-115.774665, 28.091948], [-115.772026, 28.087416], [-115.770547, 28.085041], [-115.76722, 28.080139], [-115.764079, 28.075344], [-115.760793, 28.070493], [-115.757537, 28.065613], [-115.756137, 28.063628], [-115.753465, 28.06044], [-115.750224, 28.056008], [-115.746868, 28.051434], [-115.743332, 28.046701], [-115.741249, 28.043854], [-115.737929, 28.040059], [-115.734602, 28.036533], [-115.731563, 28.033106], [-115.727532, 28.028571], [-115.725754, 28.026618], [-115.721829, 28.021977], [-115.717979, 28.017472], [-115.714982, 28.014083], [-115.71258, 28.011183], [-115.709198, 28.006664], [-115.706708, 28.003281], [-115.704414, 28.00007], [-115.70121, 27.995709], [-115.698003, 27.991436], [-115.695737, 27.988513], [-115.694679, 27.987511], [-115.691293, 27.983208], [-115.688656, 27.979773], [-115.687075, 27.97783], [-115.682949, 27.97279], [-115.681837, 27.971415], [-115.678146, 27.966603], [-115.6758, 27.963554], [-115.673734, 27.961007], [-115.671089, 27.957804], [-115.667992, 27.953908], [-115.6647, 27.949508], [-115.662582, 27.946255], [-115.661036, 27.943866], [-115.657757, 27.939403], [-115.656143, 27.937193], [-115.653313, 27.933165], [-115.650429, 27.929022], [-115.648989, 27.926975], [-115.646183, 27.922956], [-115.643378, 27.919018], [-115.641856, 27.916927], [-115.639164, 27.913011], [-115.635693, 27.9088], [-115.633579, 27.906754], [-115.629547, 27.902811], [-115.625644, 27.898902], [-115.623766, 27.897091], [-115.620922, 27.893941], [-115.617672, 27.890844], [-115.614456, 27.887742], [-115.611572, 27.884842], [-115.607314, 27.880858], [-115.605041, 27.878755], [-115.602566, 27.876897], [-115.600136, 27.875047], [-115.595854, 27.871475], [-115.593521, 27.869537], [-115.591554, 27.868022], [-115.58786, 27.865233], [-115.58567, 27.863829], [-115.582794, 27.862051], [-115.579815, 27.859938], [-115.575196, 27.85647], [-115.570362, 27.852918], [-115.568375, 27.851398], [-115.565739, 27.849582], [-115.56153, 27.846625], [-115.559165, 27.844924], [-115.556321, 27.84281], [-115.552432, 27.839809], [-115.550323, 27.83815], [-115.545946, 27.834655], [-115.542629, 27.832066], [-115.538048, 27.828493], [-115.534593, 27.825789], [-115.531662, 27.823392], [-115.528163, 27.820535], [-115.525089, 27.818288], [-115.52197, 27.816092], [-115.518504, 27.813927], [-115.513687, 27.810828], [-115.51172, 27.809669], [-115.508843, 27.808143], [-115.506605, 27.806553], [-115.503063, 27.803297], [-115.50026, 27.800915], [-115.497064, 27.798249], [-115.495642, 27.796934], [-115.493421, 27.794999], [-115.491995, 27.793669], [-115.489059, 27.791147], [-115.486809, 27.788822], [-115.484787, 27.786702], [-115.483498, 27.785419], [-115.481516, 27.783572], [-115.479273, 27.781312], [-115.477684, 27.779763], [-115.476386, 27.778409], [-115.473794, 27.775937], [-115.471441, 27.774031], [-115.469493, 27.772721], [-115.467518, 27.771022], [-115.464535, 27.768538], [-115.462584, 27.766804], [-115.460584, 27.765264], [-115.458674, 27.763709], [-115.456825, 27.762162], [-115.454305, 27.759828], [-115.452621, 27.758483], [-115.450507, 27.756472], [-115.447973, 27.75461], [-115.445884, 27.753034], [-115.442845, 27.75109], [-115.440448, 27.748979], [-115.437996, 27.747382], [-115.435245, 27.745519], [-115.432671, 27.743461], [-115.429876, 27.741842], [-115.427486, 27.740117], [-115.425347, 27.738819], [-115.422397, 27.736581], [-115.420236, 27.735142], [-115.417102, 27.73339], [-115.414068, 27.731404], [-115.410537, 27.729571], [-115.40813, 27.728091], [-115.406139, 27.727101], [-115.402972, 27.725499], [-115.401106, 27.724533], [-115.398116, 27.722765], [-115.396212, 27.721889], [-115.392695, 27.719571], [-115.389703, 27.717645], [-115.387353, 27.716202], [-115.383164, 27.71402], [-115.380763, 27.713131], [-115.378159, 27.711992], [-115.373915, 27.709542], [-115.369072, 27.706454], [-115.365102, 27.70376], [-115.363598, 27.702908], [-115.360713, 27.701054], [-115.358885, 27.699745], [-115.356889, 27.698136], [-115.354682, 27.696602], [-115.353107, 27.695074], [-115.351664, 27.694045], [-115.348315, 27.691116], [-115.345583, 27.688547], [-115.343843, 27.687366], [-115.342082, 27.686204], [-115.34034, 27.684858], [-115.337347, 27.682939], [-115.334914, 27.680976], [-115.332659, 27.679504], [-115.330366, 27.677658], [-115.329, 27.676755], [-115.32552, 27.674044], [-115.323059, 27.672177], [-115.321015, 27.671078], [-115.319536, 27.670177], [-115.31468, 27.667107], [-115.310595, 27.664542], [-115.307643, 27.662618], [-115.306191, 27.661644], [-115.302943, 27.659309], [-115.301708, 27.658436], [-115.29921, 27.657054], [-115.296465, 27.655107], [-115.29371, 27.653306], [-115.292232, 27.652527], [-115.289556, 27.651134], [-115.287239, 27.649577], [-115.28524, 27.648407], [-115.283785, 27.647635], [-115.280101, 27.64585], [-115.277938, 27.64496], [-115.2743, 27.643159], [-115.270794, 27.64104], [-115.269245, 27.639987], [-115.265798, 27.63817], [-115.262209, 27.635689], [-115.260414, 27.634559], [-115.257697, 27.632525], [-115.255151, 27.630451], [-115.253456, 27.629412], [-115.250659, 27.62707], [-115.249242, 27.625653], [-115.244937, 27.622176], [-115.243558, 27.62123], [-115.2416, 27.619639], [-115.240005, 27.618307], [-115.237921, 27.616531], [-115.236606, 27.615333], [-115.234697, 27.613434], [-115.232322, 27.611233], [-115.23063, 27.609485], [-115.227605, 27.60696], [-115.226118, 27.605802], [-115.223761, 27.603327], [-115.221971, 27.601646], [-115.220657, 27.600011], [-115.218818, 27.597967], [-115.217593, 27.596427], [-115.21548, 27.593514], [-115.212951, 27.590547], [-115.211736, 27.589368], [-115.210065, 27.587321], [-115.208821, 27.585695], [-115.20639, 27.582528], [-115.204696, 27.580902], [-115.202535, 27.578252], [-115.201132, 27.576381], [-115.19869, 27.57282], [-115.197943, 27.571764], [-115.196239, 27.569988], [-115.194263, 27.56869], [-115.192028, 27.567819], [-115.189479, 27.566159], [-115.18707, 27.564159], [-115.183609, 27.561591], [-115.181764, 27.559934], [-115.178066, 27.557178], [-115.174495, 27.554865], [-115.170424, 27.551892], [-115.167669, 27.55014], [-115.165317, 27.548917], [-115.162171, 27.546689], [-115.158471, 27.543984], [-115.15655, 27.542286], [-115.153284, 27.53948], [-115.150783, 27.537692], [-115.147735, 27.534863], [-115.145833, 27.533169], [-115.142938, 27.530636], [-115.138909, 27.526962], [-115.136678, 27.525254], [-115.131633, 27.521759], [-115.128864, 27.519886], [-115.125782, 27.517413], [-115.124139, 27.515884], [-115.121851, 27.513309], [-115.120992, 27.511139], [-115.119213, 27.509167], [-115.116067, 27.506672], [-115.114635, 27.504895], [-115.113467, 27.502546], [-115.112431, 27.500067], [-115.111286, 27.498098], [-115.109599, 27.495535], [-115.107143, 27.493225], [-115.104354, 27.490215], [-115.101853, 27.48716], [-115.100576, 27.484948], [-115.097589, 27.482113], [-115.09563, 27.480604], [-115.092285, 27.4777], [-115.088522, 27.47452], [-115.086145, 27.47321], [-115.084647, 27.47235], [-115.082937, 27.470562], [-115.081095, 27.469387], [-115.079708, 27.467765], [-115.074869, 27.464588], [-115.07279, 27.463286], [-115.070372, 27.461835], [-115.067666, 27.46013], [-115.064739, 27.458048], [-115.062111, 27.456363], [-115.059806, 27.455253], [-115.056475, 27.453552], [-115.054348, 27.452243], [-115.049981, 27.44997], [-115.048044, 27.448589], [-115.045513, 27.446561], [-115.04377, 27.445006], [-115.043484, 27.443555], [-115.042427, 27.439408], [-115.041672, 27.435477], [-115.041011, 27.432669], [-115.040733, 27.430498], [-115.039981, 27.42779], [-115.040525, 27.425114], [-115.040126, 27.422271], [-115.039871, 27.420633], [-115.038906, 27.41674], [-115.038448, 27.414552], [-115.038162, 27.411801], [-115.03786, 27.409304], [-115.03692, 27.403979], [-115.03644, 27.401589], [-115.035982, 27.397744], [-115.036089, 27.395831], [-115.03577, 27.391714], [-115.035797, 27.387994], [-115.034954, 27.384082], [-115.034636, 27.382019], [-115.034352, 27.378357], [-115.034064, 27.374737], [-115.033259, 27.373344], [-115.031596, 27.369506], [-115.030638, 27.36798], [-115.028945, 27.36466], [-115.027293, 27.361018], [-115.025674, 27.3582], [-115.024074, 27.354733], [-115.023306, 27.352596], [-115.022257, 27.349783], [-115.020797, 27.346687], [-115.019726, 27.344614], [-115.01758, 27.342584], [-115.014769, 27.340528], [-115.012279, 27.338266], [-115.011176, 27.337083], [-115.008596, 27.33452], [-115.007048, 27.33311], [-115.004224, 27.329975], [-115.00204, 27.327209], [-115.000547, 27.325501], [-114.998482, 27.323415], [-114.996116, 27.321062], [-114.994376, 27.319098], [-114.992389, 27.317143], [-114.989981, 27.314041], [-114.987693, 27.310825], [-114.983887, 27.305924], [-114.980351, 27.301199], [-114.978646, 27.299123], [-114.975795, 27.295133], [-114.97364, 27.292485], [-114.972034, 27.290298], [-114.970324, 27.287817], [-114.968131, 27.285052], [-114.962574, 27.277124], [-114.960277, 27.273913], [-114.95892, 27.272136], [-114.955211, 27.267043], [-114.953113, 27.264125], [-114.951077, 27.261581], [-114.947438, 27.257086], [-114.945132, 27.254308], [-114.942224, 27.250518], [-114.940802, 27.248637], [-114.937656, 27.244912], [-114.934071, 27.240456], [-114.932195, 27.238103], [-114.930318, 27.235704], [-114.928529, 27.233583], [-114.926929, 27.231343], [-114.9232, 27.226649], [-114.920707, 27.223588], [-114.916972, 27.219004], [-114.914914, 27.216504], [-114.91289, 27.213889], [-114.90961, 27.20946], [-114.90445, 27.203029], [-114.903294, 27.201556], [-114.899299, 27.196439], [-114.896641, 27.192902], [-114.894331, 27.189933], [-114.892733, 27.187675], [-114.891156, 27.185517], [-114.887477, 27.18094], [-114.885266, 27.178215], [-114.881996, 27.173936], [-114.880413, 27.171851], [-114.878867, 27.169467], [-114.876767, 27.166326], [-114.874666, 27.163281], [-114.872584, 27.160139], [-114.870547, 27.157182], [-114.868377, 27.154115], [-114.866467, 27.151361], [-114.865417, 27.149834], [-114.863519, 27.147308], [-114.862134, 27.145407], [-114.860217, 27.143018], [-114.858889, 27.14111], [-114.857651, 27.139382], [-114.856723, 27.137787], [-114.855663, 27.136014], [-114.854753, 27.1344], [-114.853651, 27.132855], [-114.852156, 27.130917], [-114.851022, 27.129445], [-114.849717, 27.127987], [-114.848293, 27.126394], [-114.84722, 27.125355], [-114.845534, 27.123973], [-114.844278, 27.122937], [-114.842311, 27.121942], [-114.840674, 27.121089], [-114.838858, 27.11988], [-114.837024, 27.118809], [-114.835185, 27.118014], [-114.833126, 27.117158], [-114.831313, 27.116687], [-114.829117, 27.11587], [-114.826812, 27.114742], [-114.826206, 27.11378], [-114.825304, 27.112118], [-114.822917, 27.109849], [-114.821721, 27.108844], [-114.82067, 27.107877], [-114.818502, 27.106284], [-114.816126, 27.104541], [-114.81298, 27.102562], [-114.809621, 27.100552], [-114.805954, 27.098506], [-114.802824, 27.096727], [-114.799465, 27.094755], [-114.797404, 27.093501], [-114.795362, 27.092163], [-114.791802, 27.089939], [-114.789316, 27.088356], [-114.788006, 27.086314], [-114.786344, 27.084706], [-114.783279, 27.082719], [-114.779121, 27.080072], [-114.774802, 27.077473], [-114.772451, 27.076122], [-114.769267, 27.07472], [-114.766992, 27.073849], [-114.762895, 27.072641], [-114.761227, 27.072142], [-114.756904, 27.069544], [-114.753263, 27.067223], [-114.749214, 27.064504], [-114.745049, 27.061739], [-114.742007, 27.059739], [-114.74027, 27.058419], [-114.737113, 27.056315], [-114.735312, 27.054633], [-114.733091, 27.051748], [-114.731342, 27.049699], [-114.728016, 27.045752], [-114.726293, 27.043598], [-114.72324, 27.040178], [-114.720328, 27.03679], [-114.717977, 27.034098], [-114.714706, 27.030181], [-114.712257, 27.027297], [-114.71113, 27.025925], [-114.707725, 27.022067], [-114.705353, 27.019275], [-114.703051, 27.016528], [-114.701607, 27.014405], [-114.70014, 27.009878], [-114.699168, 27.006852], [-114.697637, 27.001949], [-114.697109, 27.000157], [-114.696319, 26.996946], [-114.695484, 26.994105], [-114.694557, 26.991116], [-114.693849, 26.988003], [-114.692852, 26.984615], [-114.692358, 26.98243], [-114.691491, 26.979024], [-114.690314, 26.97477], [-114.689844, 26.972746], [-114.688926, 26.968638], [-114.68808, 26.964164], [-114.687862, 26.962298], [-114.687308, 26.959352], [-114.686982, 26.956906], [-114.686654, 26.953365], [-114.685933, 26.948779], [-114.685104, 26.943632], [-114.68459, 26.940087], [-114.683757, 26.934387], [-114.683071, 26.929597], [-114.682857, 26.926902], [-114.682461, 26.923386], [-114.681608, 26.917644], [-114.681259, 26.9142], [-114.680747, 26.911135], [-114.679577, 26.904592], [-114.679118, 26.901917], [-114.678341, 26.896696], [-114.67712, 26.88919], [-114.676536, 26.885969], [-114.675783, 26.882183], [-114.676114, 26.880445], [-114.676029, 26.876233], [-114.675894, 26.873998], [-114.675419, 26.869], [-114.675364, 26.867042], [-114.674945, 26.863443], [-114.674745, 26.861286], [-114.674224, 26.854776], [-114.673749, 26.850003], [-114.673348, 26.846665], [-114.672751, 26.841106], [-114.67217, 26.836176], [-114.671833, 26.832766], [-114.67148, 26.829951], [-114.671219, 26.826686], [-114.670652, 26.822129], [-114.670378, 26.819637], [-114.670238, 26.816512], [-114.669673, 26.812757], [-114.669548, 26.807612], [-114.669417, 26.804836], [-114.668896, 26.801978], [-114.668541, 26.798108], [-114.668084, 26.793373], [-114.66788, 26.791895], [-114.666347, 26.787054], [-114.666006, 26.785606], [-114.665638, 26.783746], [-114.665074, 26.780349], [-114.664844, 26.778868], [-114.664243, 26.77574], [-114.663562, 26.773071], [-114.662906, 26.770156], [-114.662672, 26.767905], [-114.662729, 26.766153], [-114.662456, 26.763688], [-114.661785, 26.76027], [-114.66164, 26.757294], [-114.660898, 26.753565], [-114.660711, 26.751887], [-114.660587, 26.748324], [-114.660114, 26.746393], [-114.659567, 26.744165], [-114.659597, 26.740791], [-114.659557, 26.738853], [-114.659205, 26.736408], [-114.658779, 26.73278], [-114.658308, 26.730072], [-114.658405, 26.726025], [-114.658652, 26.724362], [-114.658861, 26.722754], [-114.65894, 26.719431], [-114.658879, 26.71663], [-114.658875, 26.713448], [-114.65937, 26.710869], [-114.660058, 26.708973], [-114.661006, 26.70642], [-114.661629, 26.704186], [-114.662228, 26.700861], [-114.662786, 26.69598], [-114.662884, 26.690842], [-114.662976, 26.687961], [-114.663025, 26.686319], [-114.659402, 26.687459], [-114.656495, 26.686971], [-114.652298, 26.686658], [-114.650547, 26.686036], [-114.648654, 26.685399], [-114.645415, 26.684469], [-114.642175, 26.682661], [-114.639045, 26.680742], [-114.635782, 26.679032], [-114.633042, 26.677086], [-114.629607, 26.674998], [-114.628465, 26.674018], [-114.626365, 26.67145], [-114.62385, 26.667689], [-114.622238, 26.665846], [-114.619061, 26.662227], [-114.615713, 26.65845], [-114.613884, 26.656267], [-114.610512, 26.652383], [-114.607262, 26.648414], [-114.603994, 26.64441], [-114.602499, 26.642672], [-114.600871, 26.640835], [-114.597987, 26.63715], [-114.594686, 26.632878], [-114.592312, 26.629723], [-114.590429, 26.62734], [-114.58654, 26.622482], [-114.58509, 26.620675], [-114.581611, 26.61599], [-114.578627, 26.611892], [-114.576339, 26.608782], [-114.574641, 26.606464], [-114.571377, 26.601828], [-114.569381, 26.598911], [-114.566707, 26.595054], [-114.564461, 26.591814], [-114.562589, 26.589258], [-114.5608, 26.586568], [-114.558643, 26.583271], [-114.556152, 26.579606], [-114.554035, 26.576513], [-114.552035, 26.573575], [-114.549686, 26.570109], [-114.547739, 26.567415], [-114.54514, 26.563691], [-114.542629, 26.560202], [-114.540379, 26.557144], [-114.537263, 26.552896], [-114.534263, 26.548649], [-114.532443, 26.54605], [-114.529426, 26.541584], [-114.526668, 26.537668], [-114.525348, 26.535857], [-114.523228, 26.532793], [-114.520252, 26.528463], [-114.518456, 26.525816], [-114.516186, 26.522519], [-114.513535, 26.51858], [-114.51171, 26.515885], [-114.509243, 26.512249], [-114.50632, 26.507919], [-114.504276, 26.50498], [-114.501801, 26.501283], [-114.500344, 26.499131], [-114.49769, 26.495662], [-114.495844, 26.493049], [-114.492255, 26.487873], [-114.489529, 26.483827], [-114.487865, 26.481393], [-114.48586, 26.478436], [-114.483361, 26.474989], [-114.481258, 26.472071], [-114.478577, 26.468263], [-114.475394, 26.463863], [-114.47324, 26.460931], [-114.470532, 26.457152], [-114.467163, 26.452531], [-114.464975, 26.449472], [-114.462135, 26.445454], [-114.460542, 26.443222], [-114.457371, 26.43902], [-114.455249, 26.436301], [-114.451515, 26.431429], [-114.448081, 26.427092], [-114.445969, 26.424328], [-114.444038, 26.421861], [-114.440478, 26.417158], [-114.438111, 26.413999], [-114.435089, 26.409945], [-114.433297, 26.407536], [-114.430447, 26.403421], [-114.428712, 26.401146], [-114.424724, 26.395778], [-114.421863, 26.391928], [-114.420138, 26.389629], [-114.41715, 26.385617], [-114.414525, 26.382212], [-114.412922, 26.380116], [-114.409931, 26.376163], [-114.407363, 26.372717], [-114.405835, 26.37069], [-114.403319, 26.36733], [-114.40196, 26.36554], [-114.399628, 26.3626], [-114.39711, 26.359381], [-114.394559, 26.356254], [-114.392711, 26.354052], [-114.389583, 26.350118], [-114.386942, 26.346824], [-114.384983, 26.344349], [-114.382991, 26.341744], [-114.379708, 26.337235], [-114.378216, 26.335135], [-114.375278, 26.331371], [-114.37264, 26.327964], [-114.37104, 26.325923], [-114.368279, 26.322271], [-114.365929, 26.319169], [-114.364356, 26.316831], [-114.362856, 26.314576], [-114.360095, 26.310788], [-114.357896, 26.307749], [-114.355328, 26.304195], [-114.353477, 26.301859], [-114.351752, 26.299675], [-114.34925, 26.296121], [-114.346501, 26.292346], [-114.344611, 26.289796], [-114.342946, 26.288088], [-114.341173, 26.286472], [-114.337169, 26.28248], [-114.334976, 26.280302], [-114.330616, 26.27621], [-114.326149, 26.272094], [-114.324487, 26.270656], [-114.321106, 26.268302], [-114.315911, 26.264613], [-114.311017, 26.261129], [-114.308797, 26.259537], [-114.305016, 26.257048], [-114.3007, 26.254312], [-114.299265, 26.253314], [-114.295225, 26.250502], [-114.292975, 26.248907], [-114.289815, 26.24706], [-114.285715, 26.244147], [-114.283392, 26.242307], [-114.281361, 26.240659], [-114.276882, 26.236617], [-114.273154, 26.233187], [-114.270945, 26.231502], [-114.268616, 26.229776], [-114.264617, 26.227082], [-114.260064, 26.223906], [-114.256971, 26.221739], [-114.25363, 26.21922], [-114.250966, 26.217145], [-114.249987, 26.215631], [-114.248837, 26.212485], [-114.247067, 26.206612], [-114.245677, 26.202604], [-114.244663, 26.200268], [-114.242885, 26.196312], [-114.241265, 26.192597], [-114.240234, 26.19029], [-114.238444, 26.186275], [-114.236891, 26.182914], [-114.235905, 26.180644], [-114.234065, 26.176443], [-114.232319, 26.172664], [-114.231495, 26.170554], [-114.23058, 26.167222], [-114.2294, 26.162515], [-114.228446, 26.159095], [-114.227337, 26.155079], [-114.226834, 26.152092], [-114.226214, 26.147193], [-114.226267, 26.145095], [-114.225924, 26.142529], [-114.224762, 26.136921], [-114.224524, 26.13529], [-114.223686, 26.131592], [-114.223367, 26.128635], [-114.222925, 26.125726], [-114.222075, 26.121935], [-114.221131, 26.119235], [-114.220245, 26.116511], [-114.219536, 26.113489], [-114.218938, 26.11056], [-114.21727, 26.105319], [-114.213978, 26.101475], [-114.212823, 26.100079], [-114.209913, 26.095368], [-114.208676, 26.092444], [-114.207213, 26.087995], [-114.205773, 26.084625], [-114.204984, 26.081391], [-114.204067, 26.078489], [-114.203375, 26.076144], [-114.202811, 26.073564], [-114.201657, 26.070125], [-114.199582, 26.064842], [-114.198562, 26.061656], [-114.197355, 26.057944], [-114.196244, 26.053776], [-114.195327, 26.050717], [-114.193433, 26.046929], [-114.192185, 26.044842], [-114.190556, 26.043341], [-114.191461, 26.042847], [-114.192369, 26.041786], [-114.190919, 26.039309], [-114.188519, 26.034164], [-114.186686, 26.030547], [-114.185086, 26.028071], [-114.183722, 26.026009], [-114.181327, 26.023667], [-114.178418, 26.021991], [-114.176689, 26.020308], [-114.174038, 26.017675], [-114.171291, 26.016082], [-114.168834, 26.014435], [-114.166189, 26.012509], [-114.164617, 26.010617], [-114.16288, 26.008206], [-114.160683, 26.006523], [-114.156583, 26.003613], [-114.152396, 26.000593], [-114.151067, 25.999687], [-114.145251, 25.995752], [-114.143435, 25.994421], [-114.141219, 25.992664], [-114.139786, 25.99149], [-114.133735, 25.98797], [-114.129748, 25.985903], [-114.12511, 25.983566], [-114.120416, 25.981067], [-114.119117, 25.978622], [-114.118164, 25.975945], [-114.117156, 25.972384], [-114.11619, 25.96985], [-114.116165, 25.967357], [-114.116159, 25.964934], [-114.115864, 25.960712], [-114.115656, 25.958381], [-114.11491, 25.955533], [-114.113746, 25.953145], [-114.112134, 25.950525], [-114.110617, 25.94672], [-114.109228, 25.945103], [-114.108004, 25.942472], [-114.106477, 25.940622], [-114.102413, 25.93642], [-114.100658, 25.93387], [-114.098508, 25.930842], [-114.097683, 25.929235], [-114.094563, 25.925449], [-114.092223, 25.923355], [-114.088968, 25.920158], [-114.087457, 25.918743], [-114.084585, 25.915847], [-114.081153, 25.912834], [-114.078173, 25.909695], [-114.076123, 25.907367], [-114.072118, 25.903963], [-114.070454, 25.902235], [-114.067944, 25.900129], [-114.065571, 25.897831], [-114.064341, 25.896531], [-114.061968, 25.894263], [-114.059061, 25.891972], [-114.054833, 25.889252], [-114.049358, 25.8851], [-114.047004, 25.883097], [-114.044693, 25.88146], [-114.042306, 25.879352], [-114.040586, 25.877772], [-114.036682, 25.874561], [-114.035044, 25.873403], [-114.029609, 25.869247], [-114.024306, 25.864285], [-114.020622, 25.860669], [-114.019614, 25.859828], [-114.015191, 25.855745], [-114.011276, 25.852075], [-114.007598, 25.848517], [-114.005839, 25.846742], [-114.001961, 25.841839], [-113.997737, 25.836097], [-113.994181, 25.831809], [-113.990089, 25.826874], [-113.987233, 25.823367], [-113.98536, 25.82099], [-113.982555, 25.817058], [-113.979143, 25.812485], [-113.977372, 25.810071], [-113.974083, 25.805574], [-113.970967, 25.801327], [-113.969241, 25.799063], [-113.966544, 25.795026], [-113.966067, 25.792873], [-113.966262, 25.789544], [-113.966454, 25.785967], [-113.966736, 25.782273], [-113.966712, 25.780249], [-113.966358, 25.774968], [-113.966126, 25.771385], [-113.965847, 25.76757], [-113.965577, 25.764156], [-113.965226, 25.760666], [-113.964894, 25.757065], [-113.9643, 25.755004], [-113.962562, 25.751134], [-113.961281, 25.748312], [-113.960912, 25.745414], [-113.960479, 25.74178], [-113.959921, 25.738313], [-113.959266, 25.734089], [-113.958676, 25.730798], [-113.95831, 25.728532], [-113.957661, 25.725413], [-113.956938, 25.722002], [-113.956461, 25.719702], [-113.955608, 25.716389], [-113.954782, 25.712846], [-113.953962, 25.70937], [-113.953082, 25.706288], [-113.95181, 25.701587], [-113.951343, 25.699606], [-113.950955, 25.695919], [-113.950722, 25.692577], [-113.950498, 25.690172], [-113.950344, 25.686325], [-113.950263, 25.682896], [-113.950116, 25.679796], [-113.950096, 25.67776], [-113.950082, 25.675601], [-113.949267, 25.669963], [-113.948739, 25.667408], [-113.946434, 25.662217], [-113.944708, 25.658516], [-113.942955, 25.654632], [-113.940605, 25.649558], [-113.938868, 25.645803], [-113.93763, 25.642996], [-113.933959, 25.64088], [-113.931238, 25.639417], [-113.930525, 25.639342], [-113.925498, 25.636275], [-113.922451, 25.63501], [-113.918393, 25.633309], [-113.914181, 25.631575], [-113.911391, 25.630236], [-113.912251, 25.629839], [-113.91139, 25.630001], [-113.909349, 25.628045], [-113.906605, 25.624055], [-113.903495, 25.619523], [-113.900535, 25.615293], [-113.899005, 25.612988], [-113.895923, 25.60795], [-113.892944, 25.60324], [-113.89004, 25.59868], [-113.887616, 25.594695], [-113.886201, 25.592533], [-113.882673, 25.587101], [-113.879628, 25.582555], [-113.877534, 25.57936], [-113.874754, 25.575966], [-113.872679, 25.573438], [-113.869204, 25.569665], [-113.865555, 25.565554], [-113.86193, 25.561348], [-113.858234, 25.557227], [-113.855152, 25.553954], [-113.85304, 25.552275], [-113.847622, 25.548246], [-113.844491, 25.545927], [-113.840854, 25.543133], [-113.836414, 25.539661], [-113.831989, 25.536156], [-113.827495, 25.532603], [-113.822962, 25.529129], [-113.818382, 25.52558], [-113.813789, 25.522046], [-113.809267, 25.518479], [-113.804702, 25.514943], [-113.800104, 25.511521], [-113.795444, 25.508147], [-113.792857, 25.506249], [-113.788604, 25.502895], [-113.783997, 25.49937], [-113.780333, 25.49655], [-113.778024, 25.49491], [-113.772244, 25.490656], [-113.767536, 25.487168], [-113.765477, 25.485579], [-113.760662, 25.481652], [-113.756228, 25.477889], [-113.754749, 25.476753], [-113.749226, 25.472933], [-113.74453, 25.469456], [-113.74236, 25.467806], [-113.737305, 25.464316], [-113.732311, 25.460989], [-113.727372, 25.45767], [-113.722413, 25.454246], [-113.717556, 25.450893], [-113.713924, 25.448401], [-113.710538, 25.445715], [-113.705926, 25.442216], [-113.70129, 25.438578], [-113.696727, 25.434973], [-113.692082, 25.431425], [-113.68744, 25.427867], [-113.682864, 25.42435], [-113.680864, 25.422752], [-113.675895, 25.419135], [-113.671935, 25.41622], [-113.669771, 25.414531], [-113.664238, 25.410239], [-113.659541, 25.406681], [-113.656843, 25.404613], [-113.652446, 25.401496], [-113.647658, 25.39814], [-113.643509, 25.395036], [-113.635715, 25.389669], [-113.63384, 25.388452], [-113.628135, 25.385121], [-113.623035, 25.382196], [-113.617997, 25.379222], [-113.612957, 25.376213], [-113.607985, 25.373103], [-113.602993, 25.369968], [-113.597877, 25.366889], [-113.595656, 25.365542], [-113.592845, 25.363726], [-113.58789, 25.36062], [-113.58431, 25.358354], [-113.580745, 25.356176], [-113.577831, 25.354374], [-113.572764, 25.351197], [-113.5692, 25.348848], [-113.566675, 25.347549], [-113.563118, 25.346128], [-113.55941, 25.344658], [-113.555996, 25.343293], [-113.553788, 25.342366], [-113.550775, 25.341557], [-113.546227, 25.340605], [-113.542576, 25.339927], [-113.539268, 25.339265], [-113.536327, 25.33868], [-113.531989, 25.337992], [-113.527913, 25.337406], [-113.525127, 25.337024], [-113.519504, 25.336256], [-113.51485, 25.335617], [-113.510498, 25.335027], [-113.505966, 25.33446], [-113.502508, 25.334011], [-113.50071, 25.333768], [-113.493977, 25.332907], [-113.488875, 25.332301], [-113.483333, 25.331588], [-113.479511, 25.331065], [-113.475521, 25.330216], [-113.470894, 25.329324], [-113.466079, 25.328399], [-113.460815, 25.32739], [-113.455556, 25.326387], [-113.450344, 25.325409], [-113.444969, 25.324399], [-113.440397, 25.323524], [-113.437189, 25.322714], [-113.431756, 25.321198], [-113.426946, 25.319896], [-113.424357, 25.319149], [-113.419552, 25.317816], [-113.415775, 25.316742], [-113.413764, 25.316361], [-113.410111, 25.315337], [-113.405456, 25.314087], [-113.401107, 25.312973], [-113.39634, 25.311732], [-113.391911, 25.310567], [-113.388949, 25.309754], [-113.386048, 25.308956], [-113.380958, 25.307506], [-113.377713, 25.306565], [-113.372608, 25.305055], [-113.368711, 25.303891], [-113.364148, 25.302624], [-113.360921, 25.301742], [-113.358287, 25.300879], [-113.354355, 25.299615], [-113.35159, 25.29874], [-113.348252, 25.297867], [-113.345909, 25.297391], [-113.340961, 25.296447], [-113.337675, 25.295854], [-113.33208, 25.294871], [-113.327905, 25.294164], [-113.325297, 25.293732], [-113.321668, 25.293282], [-113.318091, 25.292718], [-113.313953, 25.292017], [-113.309562, 25.291241], [-113.305459, 25.290511], [-113.301534, 25.289895], [-113.297888, 25.288901], [-113.295675, 25.288366], [-113.291794, 25.287959], [-113.286822, 25.287312], [-113.282502, 25.286807], [-113.280129, 25.2865], [-113.274661, 25.28575], [-113.270845, 25.285195], [-113.267646, 25.284719], [-113.263455, 25.284066], [-113.260567, 25.283696], [-113.25674, 25.283237], [-113.252106, 25.282749], [-113.247992, 25.28228], [-113.243663, 25.28178], [-113.239323, 25.281274], [-113.235939, 25.280911], [-113.230254, 25.280306], [-113.225897, 25.279837], [-113.221477, 25.279353], [-113.215147, 25.278789], [-113.211788, 25.278427], [-113.207796, 25.278016], [-113.204255, 25.278191], [-113.201426, 25.278372], [-113.196354, 25.278702], [-113.190854, 25.279096], [-113.187724, 25.279288], [-113.184337, 25.279507], [-113.179089, 25.280015], [-113.175171, 25.279655], [-113.175244, 25.278142], [-113.174705, 25.276125], [-113.172447, 25.27281], [-113.1714, 25.270759], [-113.170826, 25.26887], [-113.169719, 25.263677], [-113.168633, 25.25883], [-113.168107, 25.256437], [-113.167644, 25.253903], [-113.166853, 25.249481], [-113.166392, 25.247329], [-113.165649, 25.244019], [-113.164714, 25.239458], [-113.163948, 25.236164], [-113.163362, 25.232668], [-113.162736, 25.228795], [-113.162197, 25.224531], [-113.161656, 25.220475], [-113.161318, 25.218521], [-113.160762, 25.215086], [-113.160037, 25.209425], [-113.159718, 25.207059], [-113.158722, 25.200808], [-113.158119, 25.197579], [-113.157723, 25.194102], [-113.15715, 25.190589], [-113.156509, 25.186365], [-113.156049, 25.184074], [-113.155308, 25.180561], [-113.154514, 25.17586], [-113.153785, 25.170867], [-113.153322, 25.168149], [-113.152489, 25.163486], [-113.151829, 25.159802], [-113.151204, 25.157125], [-113.150158, 25.152282], [-113.148865, 25.147469], [-113.148095, 25.144936], [-113.146775, 25.140392], [-113.14545, 25.135559], [-113.144743, 25.132839], [-113.144342, 25.131018], [-113.143192, 25.126008], [-113.142494, 25.123098], [-113.141583, 25.120062], [-113.139973, 25.114336], [-113.138856, 25.110417], [-113.137886, 25.107098], [-113.136517, 25.102402], [-113.135373, 25.098616], [-113.134392, 25.095323], [-113.133756, 25.093181], [-113.132446, 25.088245], [-113.131673, 25.085615], [-113.130481, 25.081144], [-113.129523, 25.077617], [-113.128582, 25.074561], [-113.12741, 25.070763], [-113.126795, 25.068699], [-113.125788, 25.065029], [-113.124957, 25.062182], [-113.123806, 25.058196], [-113.122738, 25.054552], [-113.121677, 25.050643], [-113.120593, 25.046881], [-113.119893, 25.044392], [-113.11941, 25.042049], [-113.118621, 25.037575], [-113.11812, 25.034813], [-113.117439, 25.030659], [-113.116971, 25.027932], [-113.116396, 25.025338], [-113.115605, 25.021733], [-113.115205, 25.019285], [-113.114444, 25.014616], [-113.113942, 25.01158], [-113.113395, 25.007739], [-113.112794, 25.003981], [-113.112315, 25.001879], [-113.110357, 25.000962], [-113.105662, 24.998456], [-113.101818, 24.996316], [-113.098686, 24.994571], [-113.093983, 24.99198], [-113.089972, 24.989793], [-113.087983, 24.988695], [-113.081364, 24.98516], [-113.078933, 24.983885], [-113.07558, 24.98196], [-113.071178, 24.979436], [-113.063239, 24.975155], [-113.059577, 24.973093], [-113.053917, 24.970095], [-113.049306, 24.967591], [-113.045413, 24.965491], [-113.039764, 24.962516], [-113.035223, 24.960017], [-113.033304, 24.959031], [-113.027199, 24.955876], [-113.023761, 24.954197], [-113.020337, 24.952368], [-113.014656, 24.94934], [-113.008969, 24.946427], [-113.005872, 24.94475], [-113.000915, 24.942118], [-112.995738, 24.939413], [-112.992961, 24.937928], [-112.988284, 24.935488], [-112.981723, 24.93195], [-112.978358, 24.930157], [-112.974044, 24.927782], [-112.971137, 24.926127], [-112.966971, 24.923772], [-112.962611, 24.921312], [-112.958944, 24.919257], [-112.956039, 24.917614], [-112.951564, 24.915084], [-112.947866, 24.913044], [-112.944931, 24.91135], [-112.940539, 24.908827], [-112.936791, 24.90678], [-112.934651, 24.905615], [-112.929246, 24.90298], [-112.925422, 24.901148], [-112.922276, 24.899609], [-112.918555, 24.897841], [-112.915699, 24.896394], [-112.913033, 24.895057], [-112.908965, 24.892947], [-112.906644, 24.891748], [-112.90334, 24.889902], [-112.900627, 24.888448], [-112.896939, 24.886395], [-112.894407, 24.885005], [-112.891602, 24.883291], [-112.888366, 24.881371], [-112.885056, 24.879412], [-112.881543, 24.877332], [-112.87772, 24.875091], [-112.874513, 24.873178], [-112.869976, 24.870415], [-112.866867, 24.868397], [-112.863404, 24.866196], [-112.8595, 24.863751], [-112.856304, 24.861781], [-112.853821, 24.860097], [-112.850654, 24.857236], [-112.848457, 24.855143], [-112.844964, 24.851972], [-112.842085, 24.849354], [-112.83915, 24.846601], [-112.8373, 24.844782], [-112.835746, 24.842607], [-112.834739, 24.841014], [-112.833331, 24.83877], [-112.831239, 24.836477], [-112.82888, 24.833709], [-112.826263, 24.830629], [-112.824447, 24.828585], [-112.821735, 24.825519], [-112.820445, 24.824058], [-112.817848, 24.821249], [-112.814876, 24.818067], [-112.812205, 24.815254], [-112.810128, 24.813119], [-112.80781, 24.810655], [-112.805138, 24.808032], [-112.802983, 24.805857], [-112.799706, 24.802612], [-112.795967, 24.79896], [-112.793394, 24.796513], [-112.791652, 24.794655], [-112.788419, 24.791385], [-112.785092, 24.788156], [-112.782748, 24.785818], [-112.779747, 24.782926], [-112.777439, 24.780536], [-112.774901, 24.777873], [-112.772788, 24.775752], [-112.769092, 24.772256], [-112.767293, 24.770502], [-112.763977, 24.767262], [-112.761017, 24.764352], [-112.758604, 24.762036], [-112.755164, 24.758679], [-112.753215, 24.756762], [-112.751176, 24.754782], [-112.749209, 24.752867], [-112.746013, 24.749647], [-112.743538, 24.747113], [-112.739974, 24.743494], [-112.737357, 24.740817], [-112.735554, 24.739003], [-112.731831, 24.735042], [-112.729073, 24.732208], [-112.727108, 24.730184], [-112.724117, 24.726956], [-112.722339, 24.725048], [-112.720047, 24.723023], [-112.715927, 24.71955], [-112.713988, 24.717843], [-112.710377, 24.714558], [-112.706528, 24.711074], [-112.703318, 24.708204], [-112.700874, 24.705965], [-112.697108, 24.702529], [-112.69392, 24.699556], [-112.691505, 24.697362], [-112.688806, 24.694851], [-112.685372, 24.691829], [-112.682851, 24.689611], [-112.67928, 24.686477], [-112.676938, 24.684431], [-112.674038, 24.681654], [-112.671753, 24.679485], [-112.668881, 24.676721], [-112.666866, 24.673645], [-112.665064, 24.671007], [-112.663389, 24.66856], [-112.66116, 24.665582], [-112.658686, 24.662267], [-112.656823, 24.659716], [-112.65428, 24.656208], [-112.650906, 24.65179], [-112.648987, 24.649373], [-112.647175, 24.646947], [-112.644763, 24.643623], [-112.643036, 24.641078], [-112.640967, 24.638071], [-112.638405, 24.634968], [-112.636399, 24.632381], [-112.633587, 24.628765], [-112.63084, 24.625249], [-112.629393, 24.623289], [-112.626191, 24.618836], [-112.624768, 24.616856], [-112.621749, 24.612958], [-112.619518, 24.610051], [-112.618083, 24.608188], [-112.61494, 24.603831], [-112.613341, 24.602052], [-112.61176, 24.600392], [-112.609233, 24.598033], [-112.605896, 24.59467], [-112.602297, 24.591206], [-112.59964, 24.588687], [-112.595508, 24.584813], [-112.592026, 24.581529], [-112.589903, 24.579732], [-112.584949, 24.575823], [-112.581155, 24.57295], [-112.579459, 24.571865], [-112.573673, 24.568298], [-112.569581, 24.565824], [-112.566899, 24.564159], [-112.562618, 24.561574], [-112.559027, 24.559401], [-112.556443, 24.558006], [-112.552216, 24.555873], [-112.548545, 24.554054], [-112.546826, 24.553138], [-112.541984, 24.550554], [-112.538326, 24.548665], [-112.535802, 24.547378], [-112.531731, 24.54522], [-112.528073, 24.543323], [-112.525711, 24.542071], [-112.521309, 24.539672], [-112.517406, 24.537537], [-112.514889, 24.536092], [-112.511796, 24.534304], [-112.508705, 24.532679], [-112.505228, 24.530816], [-112.500206, 24.528127], [-112.496419, 24.526142], [-112.493783, 24.524818], [-112.489384, 24.52252], [-112.4854, 24.520526], [-112.482647, 24.519085], [-112.479407, 24.517356], [-112.475965, 24.51578], [-112.472305, 24.514001], [-112.467552, 24.51172], [-112.463709, 24.509945], [-112.461071, 24.50864], [-112.456899, 24.506695], [-112.453171, 24.504857], [-112.450619, 24.503608], [-112.446492, 24.501653], [-112.44418, 24.50063], [-112.440262, 24.498969], [-112.43575, 24.496997], [-112.431619, 24.495424], [-112.428854, 24.494388], [-112.425114, 24.492864], [-112.423636, 24.492377], [-112.42001, 24.490839], [-112.416401, 24.489213], [-112.41287, 24.487665], [-112.409987, 24.48628], [-112.405884, 24.484426], [-112.40173, 24.482444], [-112.398929, 24.481173], [-112.394982, 24.4793], [-112.390832, 24.477383], [-112.388481, 24.476272], [-112.383956, 24.473992], [-112.379539, 24.47179], [-112.375954, 24.470042], [-112.370918, 24.46754], [-112.367679, 24.465889], [-112.365176, 24.464483], [-112.360207, 24.461776], [-112.356384, 24.4597], [-112.354064, 24.458443], [-112.349807, 24.456144], [-112.34786, 24.455105], [-112.345157, 24.453549], [-112.341274, 24.451402], [-112.336903, 24.448901], [-112.333813, 24.447156], [-112.331197, 24.445619], [-112.325539, 24.442226], [-112.322688, 24.440496], [-112.318718, 24.438043], [-112.314095, 24.435196], [-112.311184, 24.433413], [-112.308603, 24.431916], [-112.305272, 24.42971], [-112.301773, 24.427326], [-112.299719, 24.425964], [-112.295501, 24.423321], [-112.29181, 24.421014], [-112.289203, 24.419382], [-112.284706, 24.41648], [-112.280643, 24.413927], [-112.277927, 24.412331], [-112.273655, 24.409804], [-112.270214, 24.407784], [-112.262917, 24.403301], [-112.25877, 24.400789], [-112.256613, 24.399467], [-112.253689, 24.397752], [-112.249594, 24.395406], [-112.246769, 24.393738], [-112.244232, 24.392229], [-112.240518, 24.390015], [-112.235472, 24.386832], [-112.233288, 24.385472], [-112.22907, 24.382816], [-112.225201, 24.380378], [-112.222152, 24.378457], [-112.21945, 24.376769], [-112.217621, 24.375645], [-112.214965, 24.374116], [-112.213235, 24.37299], [-112.209885, 24.37085], [-112.206317, 24.368499], [-112.204033, 24.367064], [-112.200764, 24.364984], [-112.198082, 24.363186], [-112.195698, 24.361607], [-112.192612, 24.35966], [-112.188252, 24.356912], [-112.184275, 24.354406], [-112.181638, 24.35276], [-112.179001, 24.351068], [-112.174457, 24.348085], [-112.172145, 24.346583], [-112.168553, 24.344253], [-112.166072, 24.342697], [-112.163362, 24.341055], [-112.159775, 24.338952], [-112.155571, 24.336404], [-112.152305, 24.334432], [-112.149836, 24.332893], [-112.145726, 24.330253], [-112.143999, 24.329222], [-112.140987, 24.327493], [-112.138429, 24.32582], [-112.135896, 24.324246], [-112.13254, 24.32224], [-112.129395, 24.320383], [-112.125554, 24.318142], [-112.122144, 24.316102], [-112.117936, 24.313583], [-112.114919, 24.311871], [-112.111336, 24.309818], [-112.107456, 24.307583], [-112.104767, 24.306021], [-112.102546, 24.304798], [-112.098401, 24.302586], [-112.094644, 24.300549], [-112.091491, 24.298776], [-112.088694, 24.297212], [-112.083946, 24.294601], [-112.081257, 24.293167], [-112.076695, 24.290677], [-112.072631, 24.288481], [-112.069999, 24.287095], [-112.065079, 24.284458], [-112.060561, 24.282021], [-112.058293, 24.280718], [-112.052384, 24.277687], [-112.047494, 24.274982], [-112.045316, 24.273738], [-112.04058, 24.271245], [-112.039005, 24.269877], [-112.034766, 24.266625], [-112.031929, 24.264381], [-112.029451, 24.262389], [-112.025227, 24.259186], [-112.022188, 24.25685], [-112.018177, 24.253875], [-112.01545, 24.251905], [-112.011762, 24.248946], [-112.009324, 24.246996], [-112.006137, 24.24457], [-112.003907, 24.241284], [-112.001847, 24.238282], [-112.000498, 24.236479], [-111.997399, 24.232334], [-111.995058, 24.229233], [-111.992154, 24.224959], [-111.989968, 24.221444], [-111.988449, 24.219047], [-111.986983, 24.216544], [-111.984635, 24.211987], [-111.983793, 24.210199], [-111.98193, 24.204933], [-111.980388, 24.200631], [-111.979424, 24.198035], [-111.978181, 24.194656], [-111.977154, 24.190936], [-111.976615, 24.188649], [-111.975403, 24.183268], [-111.974507, 24.179432], [-111.974049, 24.175533], [-111.973517, 24.172488], [-111.972634, 24.167515], [-111.972309, 24.16486], [-111.972219, 24.162553], [-111.97169, 24.156613], [-111.971069, 24.151347], [-111.971165, 24.148822], [-111.971729, 24.145123], [-111.971828, 24.141636], [-111.971908, 24.139092], [-111.972223, 24.133195], [-111.972148, 24.130368], [-111.972484, 24.126769], [-111.972788, 24.123616], [-111.972571, 24.120399], [-111.973178, 24.116654], [-111.973787, 24.112932], [-111.97351, 24.108863], [-111.973392, 24.106388], [-111.97329, 24.102165], [-111.97324, 24.097696], [-111.973137, 24.092442], [-111.973111, 24.08924], [-111.973168, 24.083681], [-111.973102, 24.077807], [-111.973019, 24.074369], [-111.97311, 24.069745], [-111.973251, 24.066729], [-111.973226, 24.061914], [-111.973266, 24.058952], [-111.972552, 24.055951], [-111.970364, 24.054402], [-111.967079, 24.052628], [-111.964546, 24.051192], [-111.962171, 24.049861], [-111.958059, 24.048176], [-111.954057, 24.045464], [-111.951734, 24.043819], [-111.947459, 24.041334], [-111.944978, 24.039719], [-111.940354, 24.0367], [-111.938243, 24.03532], [-111.935243, 24.033685], [-111.93242, 24.031925], [-111.927824, 24.030034], [-111.92569, 24.029006], [-111.920944, 24.025953], [-111.917765, 24.023968], [-111.912607, 24.021045], [-111.910182, 24.019468], [-111.906609, 24.016984], [-111.904174, 24.015538], [-111.898584, 24.011792], [-111.897331, 24.01099], [-111.892784, 24.007863], [-111.888972, 24.005156], [-111.88583, 24.003095], [-111.883056, 24.001265], [-111.878292, 23.998037], [-111.874112, 23.995214], [-111.871452, 23.993475], [-111.866997, 23.990458], [-111.862973, 23.987707], [-111.861179, 23.986495], [-111.856636, 23.983502], [-111.852929, 23.981085], [-111.850708, 23.979666], [-111.846276, 23.97685], [-111.843826, 23.975593], [-111.8415, 23.976994], [-111.838713, 23.97834], [-111.837584, 23.97826], [-111.834289, 23.975747], [-111.831791, 23.97422], [-111.827167, 23.971353], [-111.82341, 23.969071], [-111.821063, 23.967736], [-111.816013, 23.964825], [-111.811811, 23.962416], [-111.810193, 23.961535], [-111.805512, 23.959029], [-111.803314, 23.957736], [-111.799318, 23.95544], [-111.795934, 23.953488], [-111.791275, 23.950877], [-111.788148, 23.949079], [-111.785639, 23.947702], [-111.782166, 23.945572], [-111.778137, 23.943122], [-111.775803, 23.941696], [-111.7716, 23.939067], [-111.768038, 23.936793], [-111.765747, 23.935417], [-111.762024, 23.93294], [-111.758693, 23.930786], [-111.755796, 23.92886], [-111.753031, 23.926996], [-111.749703, 23.924711], [-111.746735, 23.922528], [-111.743446, 23.920152], [-111.740887, 23.918325], [-111.739237, 23.917118], [-111.73558, 23.914313], [-111.732586, 23.91205], [-111.728977, 23.909337], [-111.72568, 23.906845], [-111.72313, 23.90484], [-111.72022, 23.90265], [-111.717646, 23.900683], [-111.715192, 23.898795], [-111.712452, 23.897284], [-111.709315, 23.895693], [-111.707556, 23.895581], [-111.706341, 23.894833], [-111.70386, 23.892427], [-111.700758, 23.889367], [-111.699314, 23.887821], [-111.696659, 23.885267], [-111.693734, 23.88248], [-111.691777, 23.880731], [-111.688, 23.877281], [-111.684817, 23.874309], [-111.682861, 23.872521], [-111.679558, 23.869553], [-111.676038, 23.866439], [-111.673739, 23.864638], [-111.671516, 23.862804], [-111.667261, 23.859175], [-111.665717, 23.857894], [-111.661046, 23.854306], [-111.657086, 23.851221], [-111.654889, 23.849471], [-111.650551, 23.846218], [-111.646164, 23.842835], [-111.643811, 23.84101], [-111.639424, 23.837675], [-111.634841, 23.834294], [-111.632264, 23.832414], [-111.627499, 23.82886], [-111.623155, 23.82556], [-111.620911, 23.823887], [-111.616543, 23.820666], [-111.611694, 23.817093], [-111.60918, 23.815173], [-111.604878, 23.811977], [-111.600565, 23.808829], [-111.598716, 23.807508], [-111.593314, 23.803762], [-111.590086, 23.80148], [-111.587627, 23.799997], [-111.583973, 23.79739], [-111.579918, 23.794604], [-111.577623, 23.793266], [-111.575497, 23.792129], [-111.571241, 23.790707], [-111.568893, 23.7891], [-111.564858, 23.785933], [-111.563224, 23.784919], [-111.558918, 23.782273], [-111.550426, 23.778105], [-111.5476, 23.776708], [-111.542891, 23.77433], [-111.535099, 23.770691], [-111.530579, 23.768675], [-111.525435, 23.76631], [-111.52063, 23.764252], [-111.515312, 23.76248], [-111.507114, 23.758868], [-111.505534, 23.757911], [-111.501135, 23.755762], [-111.499382, 23.75576], [-111.497103, 23.754989], [-111.492196, 23.752183], [-111.490591, 23.75138], [-111.485951, 23.748486], [-111.481605, 23.745634], [-111.478956, 23.74444], [-111.476506, 23.743329], [-111.473125, 23.74175], [-111.469977, 23.740232], [-111.464658, 23.736794], [-111.462385, 23.735698], [-111.458991, 23.733912], [-111.457147, 23.732719], [-111.454357, 23.731925], [-111.451282, 23.730757], [-111.447376, 23.729969], [-111.444843, 23.729116], [-111.442041, 23.728026], [-111.439573, 23.727393], [-111.434639, 23.726285], [-111.432727, 23.725965], [-111.429548, 23.72524], [-111.42397, 23.72425], [-111.421647, 23.72363], [-111.419201, 23.723172], [-111.415398, 23.722563], [-111.413252, 23.722152], [-111.409919, 23.721452], [-111.407392, 23.72015], [-111.404227, 23.717898], [-111.402668, 23.716868], [-111.399397, 23.714791], [-111.397007, 23.713452], [-111.392499, 23.711112], [-111.39012, 23.70979], [-111.387589, 23.708543], [-111.384534, 23.706663], [-111.381957, 23.704844], [-111.378606, 23.702742], [-111.376524, 23.701247], [-111.371925, 23.69882], [-111.370036, 23.697945], [-111.36749, 23.696496], [-111.364005, 23.694079], [-111.361549, 23.692691], [-111.359252, 23.691166], [-111.356539, 23.689268], [-111.354251, 23.687876], [-111.350896, 23.685666], [-111.348799, 23.683897], [-111.346441, 23.682479], [-111.344031, 23.680889], [-111.341344, 23.67895], [-111.339534, 23.677391], [-111.33692, 23.675603], [-111.332219, 23.672631], [-111.330531, 23.671489], [-111.327884, 23.66979], [-111.325823, 23.668553], [-111.321346, 23.665554], [-111.31859, 23.663737], [-111.316375, 23.66256], [-111.313966, 23.661237], [-111.312501, 23.660355], [-111.307898, 23.657882], [-111.3032, 23.655601], [-111.299584, 23.65383], [-111.297361, 23.652557], [-111.29356, 23.650861], [-111.291127, 23.649841], [-111.288391, 23.64896], [-111.283098, 23.647467], [-111.279909, 23.646553], [-111.277876, 23.64574], [-111.274232, 23.644592], [-111.27162, 23.643638], [-111.266007, 23.642036], [-111.263879, 23.641555], [-111.260764, 23.640662], [-111.258753, 23.640242], [-111.253208, 23.638687], [-111.248344, 23.637668], [-111.243729, 23.636686], [-111.241743, 23.636163], [-111.240475, 23.634302], [-111.239025, 23.632793], [-111.23768, 23.63149], [-111.235547, 23.62925], [-111.234237, 23.627775], [-111.231415, 23.626338], [-111.228924, 23.625775], [-111.22681, 23.625829], [-111.223819, 23.625741], [-111.22186, 23.625277], [-111.219848, 23.624867], [-111.21766, 23.624717], [-111.213995, 23.624125], [-111.210787, 23.623661], [-111.204698, 23.622939], [-111.200369, 23.622499], [-111.197766, 23.622535], [-111.194413, 23.622214], [-111.191533, 23.622132], [-111.186807, 23.622441], [-111.184602, 23.622445], [-111.17981, 23.622028], [-111.176385, 23.621796], [-111.172951, 23.62137], [-111.16883, 23.620893], [-111.165628, 23.620439], [-111.161844, 23.620413], [-111.158522, 23.620587], [-111.152432, 23.620924], [-111.150881, 23.620989], [-111.147783, 23.619722], [-111.145377, 23.619182], [-111.142868, 23.617629], [-111.138467, 23.614247], [-111.130849, 23.609553], [-111.126068, 23.606596], [-111.121232, 23.603695], [-111.117888, 23.601588], [-111.114044, 23.599372], [-111.109331, 23.596629], [-111.107438, 23.595631], [-111.101685, 23.592954], [-111.096367, 23.590551], [-111.088545, 23.5866], [-111.084341, 23.584712], [-111.080668, 23.582885], [-111.077162, 23.581053], [-111.075202, 23.580074], [-111.068883, 23.577084], [-111.06688, 23.575946], [-111.064723, 23.574709], [-111.05973, 23.572276], [-111.054926, 23.569844], [-111.051956, 23.568622], [-111.048389, 23.567251], [-111.045121, 23.566369], [-111.038458, 23.564865], [-111.033711, 23.565265], [-111.031745, 23.564915], [-111.028546, 23.564208], [-111.024517, 23.563651], [-111.022153, 23.563415], [-111.019991, 23.563146], [-111.015997, 23.562109], [-111.013477, 23.56195], [-111.008834, 23.560872], [-111.006289, 23.56086], [-111.001957, 23.560905], [-110.997343, 23.560518], [-110.994952, 23.560371], [-110.991946, 23.560464], [-110.989472, 23.560116], [-110.98744, 23.560585], [-110.984822, 23.561467], [-110.982652, 23.561673], [-110.980551, 23.561888], [-110.976854, 23.562292], [-110.974811, 23.562568], [-110.972686, 23.563437], [-110.970424, 23.563536], [-110.965713, 23.564207], [-110.963169, 23.564251], [-110.960493, 23.5647], [-110.958861, 23.564383], [-110.957517, 23.562331], [-110.955957, 23.559034], [-110.955917, 23.557436], [-110.955052, 23.555418], [-110.953727, 23.553854], [-110.951857, 23.551784], [-110.951004, 23.549609], [-110.949956, 23.547987], [-110.949097, 23.544917], [-110.948384, 23.542712], [-110.947674, 23.540045], [-110.946786, 23.538558], [-110.944654, 23.534339], [-110.942226, 23.529451], [-110.94114, 23.527015], [-110.939525, 23.523603], [-110.937742, 23.519609], [-110.936373, 23.517672], [-110.934998, 23.51567], [-110.933287, 23.512973], [-110.931984, 23.510838], [-110.930483, 23.507967], [-110.929636, 23.506423], [-110.928019, 23.503515], [-110.926974, 23.500841], [-110.926643, 23.498945], [-110.927363, 23.496215], [-110.926071, 23.495045], [-110.924082, 23.494877], [-110.919139, 23.493693], [-110.915335, 23.492836], [-110.911187, 23.49209], [-110.905858, 23.491042], [-110.900383, 23.48999], [-110.895131, 23.488993], [-110.890248, 23.488138], [-110.886691, 23.487465], [-110.883683, 23.487117], [-110.88177, 23.485779], [-110.879272, 23.483124], [-110.875453, 23.479087], [-110.871311, 23.474861], [-110.866642, 23.470861], [-110.862167, 23.466853], [-110.858178, 23.463305], [-110.849946, 23.457678], [-110.844799, 23.454268], [-110.839628, 23.450731], [-110.837124, 23.449022], [-110.831691, 23.445665], [-110.828386, 23.443613], [-110.823689, 23.440515], [-110.820667, 23.438503], [-110.815739, 23.435516], [-110.811258, 23.432825], [-110.80899, 23.430986], [-110.805478, 23.428023], [-110.803836, 23.425954], [-110.801806, 23.423292], [-110.799194, 23.418214], [-110.796451, 23.412893], [-110.794732, 23.409779], [-110.791413, 23.405691], [-110.78574, 23.399029], [-110.78274, 23.395598], [-110.780216, 23.39255], [-110.776199, 23.388132], [-110.773092, 23.384723], [-110.770308, 23.381631], [-110.767095, 23.378159], [-110.765234, 23.376069], [-110.762395, 23.372788], [-110.758561, 23.36844], [-110.7551, 23.364446], [-110.753709, 23.363214], [-110.749882, 23.360129], [-110.747281, 23.357994], [-110.742565, 23.354438], [-110.739956, 23.352404], [-110.735198, 23.348755], [-110.732252, 23.346504], [-110.728918, 23.343809], [-110.725503, 23.341047], [-110.722791, 23.338795], [-110.718167, 23.335308], [-110.715425, 23.333298], [-110.710553, 23.3297], [-110.705631, 23.326026], [-110.702971, 23.324082], [-110.699354, 23.321409], [-110.695774, 23.318623], [-110.693158, 23.31659], [-110.690656, 23.314828], [-110.685875, 23.31134], [-110.682006, 23.308569], [-110.680218, 23.307209], [-110.675815, 23.303968], [-110.670827, 23.300427], [-110.666859, 23.297705], [-110.66335, 23.295326], [-110.658364, 23.291973], [-110.653324, 23.288305], [-110.650118, 23.286105], [-110.646205, 23.283127], [-110.642886, 23.280476], [-110.638912, 23.27755], [-110.634332, 23.274128], [-110.631905, 23.272246], [-110.629602, 23.270288], [-110.62654, 23.268012], [-110.624193, 23.266465], [-110.620432, 23.264349], [-110.617653, 23.262817], [-110.613777, 23.260638], [-110.610617, 23.258888], [-110.607712, 23.257289], [-110.603976, 23.255222], [-110.601315, 23.253268], [-110.598152, 23.250799], [-110.594639, 23.248025], [-110.591737, 23.24584], [-110.58937, 23.243913], [-110.586625, 23.241892], [-110.58256, 23.239078], [-110.579842, 23.237163], [-110.577846, 23.235731], [-110.573909, 23.233112], [-110.571677, 23.231559], [-110.5682, 23.229228], [-110.565773, 23.227751], [-110.562508, 23.22561], [-110.559792, 23.223889], [-110.555828, 23.221238], [-110.552213, 23.218896], [-110.548279, 23.216384], [-110.546347, 23.215173], [-110.543029, 23.213367], [-110.540385, 23.212003], [-110.537441, 23.210267], [-110.534252, 23.208462], [-110.531667, 23.20697], [-110.528129, 23.20498], [-110.525097, 23.203269], [-110.521727, 23.201365], [-110.519395, 23.199948], [-110.516491, 23.198157], [-110.513272, 23.196213], [-110.509731, 23.194053], [-110.506855, 23.192223], [-110.502701, 23.189721], [-110.499951, 23.188075], [-110.49842, 23.187068], [-110.49441, 23.184454], [-110.488751, 23.182916], [-110.483719, 23.181722], [-110.479834, 23.180782], [-110.475845, 23.179743], [-110.469879, 23.178306], [-110.464485, 23.176917], [-110.461574, 23.176154], [-110.456959, 23.174981], [-110.452439, 23.173893], [-110.450582, 23.173372], [-110.44651, 23.172282], [-110.44204, 23.171107], [-110.438137, 23.170013], [-110.433705, 23.168832], [-110.429714, 23.167771], [-110.428621, 23.166507], [-110.426826, 23.163017], [-110.42553, 23.160196], [-110.424086, 23.15654], [-110.422654, 23.153082], [-110.421911, 23.151165], [-110.42017, 23.146169], [-110.419169, 23.143476], [-110.417557, 23.13908], [-110.416898, 23.137125], [-110.415487, 23.132682], [-110.414753, 23.130057], [-110.413647, 23.126869], [-110.411957, 23.121963], [-110.410947, 23.119155], [-110.409432, 23.114878], [-110.407932, 23.11018], [-110.407215, 23.107847], [-110.40569, 23.103475], [-110.405136, 23.10162], [-110.404433, 23.09845], [-110.403796, 23.096561], [-110.401856, 23.092295], [-110.399963, 23.087988], [-110.398481, 23.084682], [-110.397219, 23.081832], [-110.39537, 23.077528], [-110.394257, 23.074908], [-110.393167, 23.07257], [-110.391829, 23.069641], [-110.390128, 23.065507], [-110.388889, 23.062579], [-110.387092, 23.058251], [-110.385581, 23.054656], [-110.384801, 23.05265], [-110.382848, 23.047216], [-110.381432, 23.04343], [-110.380635, 23.04114], [-110.379864, 23.038572], [-110.378631, 23.03519], [-110.377551, 23.03133], [-110.376858, 23.02922], [-110.374927, 23.023621], [-110.373555, 23.019655], [-110.372414, 23.016429], [-110.371536, 23.01404], [-110.369686, 23.009692], [-110.368945, 23.00783], [-110.367069, 23.002727], [-110.365468, 22.998584], [-110.364137, 22.995255], [-110.362707, 22.993253], [-110.360238, 22.992287], [-110.357165, 22.990807], [-110.354474, 22.989782], [-110.349217, 22.988017], [-110.344673, 22.986586], [-110.342467, 22.985755], [-110.34031, 22.985053], [-110.335767, 22.984097], [-110.33096, 22.982443], [-110.325978, 22.980608], [-110.323828, 22.979837], [-110.319317, 22.977625], [-110.31693, 22.976391], [-110.313681, 22.974572], [-110.31066, 22.973096], [-110.308547, 22.97213], [-110.304748, 22.97057], [-110.300681, 22.968446], [-110.298432, 22.967452], [-110.293362, 22.965221], [-110.290635, 22.964024], [-110.283786, 22.961216], [-110.280093, 22.959754], [-110.277119, 22.958604], [-110.272443, 22.956578], [-110.270153, 22.955894], [-110.267533, 22.954934], [-110.264133, 22.953309], [-110.260278, 22.951656], [-110.257536, 22.950684], [-110.252469, 22.948331], [-110.250225, 22.947342], [-110.246451, 22.945854], [-110.240464, 22.943218], [-110.236232, 22.941683], [-110.233233, 22.940435], [-110.230786, 22.93962], [-110.224888, 22.937727], [-110.219783, 22.935727], [-110.217388, 22.934883], [-110.21011, 22.931841], [-110.205502, 22.929827], [-110.203086, 22.928825], [-110.199174, 22.927], [-110.193978, 22.924566], [-110.190959, 22.923109], [-110.186352, 22.920852], [-110.182214, 22.91883], [-110.180454, 22.917952], [-110.176745, 22.916028], [-110.174145, 22.914625], [-110.170411, 22.912841], [-110.167595, 22.911459], [-110.165408, 22.910351], [-110.161786, 22.908417], [-110.159857, 22.907441], [-110.15596, 22.906273], [-110.149654, 22.904463], [-110.145894, 22.903327], [-110.140243, 22.901684], [-110.133968, 22.899827], [-110.130203, 22.898685], [-110.127542, 22.897857], [-110.122512, 22.896103], [-110.119541, 22.895172], [-110.114507, 22.893635], [-110.108703, 22.891802], [-110.105254, 22.890745], [-110.099933, 22.889196], [-110.095696, 22.887975], [-110.08918, 22.88607], [-110.083667, 22.884505], [-110.079459, 22.883215], [-110.072952, 22.881278], [-110.067513, 22.879688], [-110.063633, 22.878532], [-110.053371, 22.875778], [-110.049308, 22.874781], [-110.045715, 22.873903], [-110.039986, 22.873183], [-110.034261, 22.872405], [-110.02983, 22.871818], [-110.022991, 22.870993], [-110.017036, 22.870285], [-110.012955, 22.869733], [-110.009911, 22.868938], [-110.006182, 22.867405], [-110.002091, 22.866943], [-109.997713, 22.866368], [-109.992341, 22.865706], [-109.988956, 22.865233], [-109.981333, 22.864157], [-109.976589, 22.863433], [-109.969203, 22.862322], [-109.963039, 22.861385], [-109.961151, 22.861117], [-109.954242, 22.860348], [-109.946991, 22.859633], [-109.94267, 22.859217], [-109.939829, 22.859091], [-109.934907, 22.85943], [-109.932907, 22.859694], [-109.927175, 22.860478], [-109.919371, 22.862656], [-109.912892, 22.86457], [-109.90896, 22.865743], [-109.903376, 22.867421], [-109.897874, 22.869569], [-109.895251, 22.870961], [-109.893596, 22.872379], [-109.892167, 22.874255], [-109.891922, 22.876056], [-109.893488, 22.878809], [-109.895407, 22.880168], [-109.898314, 22.880877], [-109.900607, 22.881336], [-109.903486, 22.881703], [-109.906436, 22.881318], [-109.907487, 22.88106], [-109.909432, 22.880868], [-109.907828, 22.88096], [-109.9016, 22.881949], [-109.897864, 22.882716], [-109.893156, 22.883726], [-109.890408, 22.884022], [-109.887582, 22.883682], [-109.886415, 22.882311], [-109.884108, 22.881865], [-109.879738, 22.881882], [-109.875466, 22.882675], [-109.869913, 22.883609], [-109.866079, 22.884344], [-109.856793, 22.886209], [-109.852984, 22.886972], [-109.849948, 22.887674], [-109.846939, 22.889031], [-109.843546, 22.890933], [-109.840336, 22.893301], [-109.835529, 22.896898], [-109.831087, 22.900271], [-109.82949, 22.9016], [-109.82634, 22.904443], [-109.82398, 22.906512], [-109.819542, 22.909999], [-109.817748, 22.911459], [-109.81424, 22.914454], [-109.809551, 22.918408], [-109.805606, 22.9218], [-109.803969, 22.923314], [-109.800445, 22.926132], [-109.79559, 22.929961], [-109.792614, 22.93226], [-109.78833, 22.935595], [-109.783408, 22.939442], [-109.780362, 22.94181], [-109.77618, 22.945079], [-109.771566, 22.948745], [-109.768732, 22.950945], [-109.766435, 22.952756], [-109.762452, 22.955794], [-109.758464, 22.958782], [-109.755573, 22.961041], [-109.751882, 22.963828], [-109.749932, 22.965194], [-109.747164, 22.967234], [-109.74352, 22.970126], [-109.739002, 22.973729], [-109.735026, 22.976825], [-109.732261, 22.979007], [-109.725364, 22.984156], [-109.723346, 22.985625], [-109.718235, 22.989055], [-109.715118, 22.991097], [-109.71157, 22.993619], [-109.708518, 22.995773], [-109.704297, 22.998736], [-109.702267, 23.000258], [-109.698978, 23.002941], [-109.69698, 23.004626], [-109.692977, 23.008056], [-109.688962, 23.011519], [-109.685986, 23.014104], [-109.681274, 23.018163], [-109.677366, 23.021438], [-109.676028, 23.022227], [-109.670544, 23.025623], [-109.665447, 23.028857], [-109.660199, 23.032502], [-109.655091, 23.036029], [-109.649005, 23.039137], [-109.641683, 23.042786], [-109.637296, 23.044892], [-109.634138, 23.046435], [-109.626484, 23.049777], [-109.62332, 23.051086], [-109.618908, 23.052872], [-109.614229, 23.054788], [-109.61232, 23.055506], [-109.610887, 23.055799], [-109.608363, 23.054519], [-109.605587, 23.052563], [-109.601574, 23.049988], [-109.600058, 23.049097], [-109.598981, 23.048712], [-109.597066, 23.048252], [-109.594201, 23.049396], [-109.591861, 23.050328], [-109.588459, 23.051575], [-109.584491, 23.052996], [-109.580861, 23.054268], [-109.578424, 23.055075], [-109.576067, 23.056421], [-109.572801, 23.057844], [-109.570089, 23.058777], [-109.565765, 23.060308], [-109.561614, 23.061647], [-109.55815, 23.062864], [-109.555614, 23.0637], [-109.551056, 23.065159], [-109.547705, 23.066237], [-109.543083, 23.067799], [-109.539186, 23.069005], [-109.537313, 23.069821], [-109.534776, 23.071816], [-109.532563, 23.073062], [-109.531173, 23.074084], [-109.528917, 23.075304], [-109.526436, 23.077049], [-109.524341, 23.078988], [-109.52142, 23.081204], [-109.517894, 23.08401], [-109.516293, 23.085136], [-109.514245, 23.086625], [-109.51093, 23.089205], [-109.507688, 23.091732], [-109.505113, 23.093688], [-109.501346, 23.096677], [-109.498123, 23.099189], [-109.495047, 23.101641], [-109.492581, 23.103461], [-109.489632, 23.105628], [-109.487728, 23.107118], [-109.483932, 23.110098], [-109.481147, 23.112303], [-109.479139, 23.113916], [-109.47554, 23.116533], [-109.473552, 23.117951], [-109.470364, 23.120031], [-109.466778, 23.122403], [-109.46395, 23.12427], [-109.460395, 23.126575], [-109.457724, 23.128546], [-109.455055, 23.130451], [-109.451713, 23.132959], [-109.449703, 23.134801], [-109.448047, 23.137937], [-109.446448, 23.140936], [-109.445767, 23.143465], [-109.444846, 23.147244], [-109.443998, 23.150692], [-109.443393, 23.152646], [-109.44231, 23.15595], [-109.441194, 23.159433], [-109.440591, 23.161657], [-109.439942, 23.164008], [-109.438675, 23.168036], [-109.437687, 23.170838], [-109.436593, 23.173909], [-109.435735, 23.17684], [-109.434685, 23.180422], [-109.433426, 23.184588], [-109.432778, 23.187045], [-109.431709, 23.19009], [-109.430902, 23.192151], [-109.42935, 23.195276], [-109.427383, 23.199231], [-109.426181, 23.201636], [-109.425183, 23.203777], [-109.423512, 23.207538], [-109.42196, 23.210948], [-109.421043, 23.213016], [-109.419003, 23.218089], [-109.417745, 23.221326], [-109.415979, 23.226037], [-109.413968, 23.230927], [-109.412346, 23.234776], [-109.410246, 23.240639], [-109.409393, 23.243327], [-109.40778, 23.247928], [-109.406296, 23.252098], [-109.405293, 23.255009], [-109.403755, 23.259438], [-109.402244, 23.263781], [-109.40119, 23.266864], [-109.400349, 23.269129], [-109.398636, 23.273893], [-109.397384, 23.27715], [-109.395783, 23.281483], [-109.393182, 23.288896], [-109.392076, 23.292108], [-109.3903, 23.297451], [-109.389023, 23.301387], [-109.387786, 23.304684], [-109.385723, 23.310712], [-109.383971, 23.315461], [-109.383059, 23.318023], [-109.382339, 23.321291], [-109.38136, 23.326477], [-109.380681, 23.329638], [-109.380402, 23.331704], [-109.379669, 23.337103], [-109.37896, 23.342022], [-109.378522, 23.345178], [-109.377791, 23.350451], [-109.377919, 23.356616], [-109.378208, 23.360126], [-109.378562, 23.363379], [-109.378979, 23.368035], [-109.379281, 23.371244], [-109.379715, 23.376521], [-109.380223, 23.381543], [-109.380589, 23.384833], [-109.381195, 23.39043], [-109.381721, 23.39544], [-109.382062, 23.39881], [-109.382565, 23.404398], [-109.38288, 23.408031], [-109.382999, 23.411044], [-109.383198, 23.415847], [-109.383333, 23.421399], [-109.383394, 23.424623], [-109.383557, 23.426969], [-109.383916, 23.432547], [-109.384204, 23.439135], [-109.384376, 23.443958], [-109.384517, 23.449342], [-109.384634, 23.452583], [-109.384697, 23.454774], [-109.384724, 23.460248], [-109.384704, 23.464952], [-109.384712, 23.468405], [-109.384662, 23.473821], [-109.384597, 23.478426], [-109.384621, 23.481827], [-109.385548, 23.483985], [-109.388242, 23.488131], [-109.389951, 23.490721], [-109.39236, 23.494368], [-109.393725, 23.496511], [-109.39589, 23.500173], [-109.397468, 23.502961], [-109.399971, 23.507328], [-109.402126, 23.511143], [-109.403729, 23.513878], [-109.406302, 23.518209], [-109.40856, 23.522], [-109.410133, 23.524752], [-109.412613, 23.528995], [-109.414456, 23.532113], [-109.41588, 23.53469], [-109.418671, 23.539789], [-109.420732, 23.54373], [-109.422196, 23.546542], [-109.42463, 23.551015], [-109.42717, 23.556075], [-109.429115, 23.559936], [-109.431289, 23.564318], [-109.432634, 23.56709], [-109.434533, 23.571008], [-109.436703, 23.575522], [-109.438094, 23.578394], [-109.439968, 23.582389], [-109.441072, 23.58474], [-109.442865, 23.588688], [-109.444146, 23.591552], [-109.44523, 23.594002], [-109.44706, 23.598619], [-109.448269, 23.601655], [-109.449725, 23.605424], [-109.450778, 23.607536], [-109.453418, 23.612219], [-109.454963, 23.615028], [-109.456997, 23.618684], [-109.458611, 23.621814], [-109.460093, 23.624638], [-109.46217, 23.628598], [-109.464527, 23.633026], [-109.465992, 23.635829], [-109.467499, 23.638813], [-109.469261, 23.641908], [-109.471544, 23.645868], [-109.473038, 23.648598], [-109.474893, 23.651985], [-109.476884, 23.655231], [-109.478648, 23.657972], [-109.480561, 23.660739], [-109.482292, 23.663773], [-109.483811, 23.666278], [-109.485822, 23.669266], [-109.48901, 23.673903], [-109.490853, 23.676462], [-109.492516, 23.679064], [-109.495529, 23.683607], [-109.498379, 23.688268], [-109.500717, 23.692121], [-109.503465, 23.696635], [-109.50518, 23.699448], [-109.507511, 23.703307], [-109.510112, 23.707552], [-109.511869, 23.710263], [-109.513652, 23.713141], [-109.515472, 23.715888], [-109.517806, 23.719475], [-109.519431, 23.721872], [-109.522014, 23.725784], [-109.524237, 23.729228], [-109.525551, 23.731183], [-109.528512, 23.735537], [-109.530877, 23.738986], [-109.532513, 23.741332], [-109.534725, 23.744582], [-109.536595, 23.74721], [-109.538438, 23.749733], [-109.540591, 23.752675], [-109.542503, 23.755074], [-109.545401, 23.758671], [-109.547233, 23.761017], [-109.550328, 23.764893], [-109.553125, 23.768356], [-109.554978, 23.770626], [-109.557363, 23.773466], [-109.560112, 23.776193], [-109.562495, 23.778481], [-109.565697, 23.781553], [-109.567868, 23.783607], [-109.570997, 23.786756], [-109.573258, 23.789034], [-109.577007, 23.792828], [-109.580452, 23.796318], [-109.582755, 23.798663], [-109.586628, 23.802564], [-109.590149, 23.806136], [-109.592468, 23.808528], [-109.596306, 23.8125], [-109.599808, 23.81604], [-109.601697, 23.81797], [-109.604003, 23.820473], [-109.60777, 23.824559], [-109.610238, 23.827217], [-109.613383, 23.830714], [-109.617112, 23.834734], [-109.618812, 23.836607], [-109.62252, 23.840846], [-109.625588, 23.844339], [-109.62704, 23.846094], [-109.62976, 23.849335], [-109.633362, 23.85365], [-109.638436, 23.858308], [-109.642123, 23.861677], [-109.64613, 23.865727], [-109.6489, 23.869], [-109.65219, 23.872926], [-109.65762, 23.87953], [-109.659843, 23.882303], [-109.663669, 23.887107], [-109.667275, 23.891547], [-109.668958, 23.893695], [-109.673374, 23.899381], [-109.676915, 23.903921], [-109.679188, 23.906834], [-109.683007, 23.911749], [-109.686516, 23.916281], [-109.688775, 23.91917], [-109.694485, 23.926661], [-109.697049, 23.930018], [-109.700226, 23.934251], [-109.704066, 23.939336], [-109.706599, 23.942763], [-109.709709, 23.947045], [-109.714957, 23.954474], [-109.717129, 23.957481], [-109.720807, 23.96271], [-109.724234, 23.967533], [-109.726379, 23.970593], [-109.730075, 23.975898], [-109.7335, 23.980825], [-109.73454, 23.982314], [-109.7373, 23.986589], [-109.743144, 23.994177], [-109.745317, 23.996879], [-109.752354, 24.00432], [-109.755494, 24.007501], [-109.759366, 24.011438], [-109.766473, 24.017683], [-109.769478, 24.02013], [-109.774621, 24.024346], [-109.779304, 24.028158], [-109.782197, 24.030603], [-109.787252, 24.034853], [-109.791864, 24.038854], [-109.793736, 24.040381], [-109.796998, 24.043678], [-109.79978, 24.046454], [-109.802685, 24.048784], [-109.80552, 24.050928], [-109.808559, 24.05306], [-109.811716, 24.056445], [-109.814291, 24.059217], [-109.816307, 24.060302], [-109.822468, 24.063306], [-109.827374, 24.065143], [-109.830677, 24.067422], [-109.833494, 24.068878], [-109.839653, 24.072024], [-109.841475, 24.072865], [-109.844554, 24.073843], [-109.84757, 24.074386], [-109.8554, 24.075274], [-109.861747, 24.076084], [-109.865706, 24.076573], [-109.871353, 24.077223], [-109.873171, 24.077348], [-109.878801, 24.077707], [-109.880842, 24.077738], [-109.887718, 24.077654], [-109.890458, 24.077799], [-109.894039, 24.07882], [-109.896555, 24.079697], [-109.900654, 24.081361], [-109.904041, 24.082688], [-109.906776, 24.083728], [-109.910122, 24.085023], [-109.912839, 24.086167], [-109.914719, 24.086856], [-109.917322, 24.087415], [-109.920625, 24.087773], [-109.922956, 24.088079], [-109.926776, 24.088665], [-109.928841, 24.08902], [-109.933152, 24.089522], [-109.936271, 24.089857], [-109.938538, 24.089963], [-109.942588, 24.089824], [-109.945438, 24.09016], [-109.95018, 24.090821], [-109.956398, 24.091794], [-109.95902, 24.092197], [-109.963481, 24.093021], [-109.969752, 24.094344], [-109.972359, 24.094744], [-109.976829, 24.095247], [-109.982207, 24.095825], [-109.985361, 24.095505], [-109.990576, 24.094915], [-109.9911, 24.095032], [-109.98984, 24.097637], [-109.989557, 24.099878], [-109.989095, 24.102003], [-109.988735, 24.104187], [-109.988074, 24.104556], [-109.988465, 24.106663], [-109.98827, 24.107536], [-109.987619, 24.109311], [-109.986805, 24.111335], [-109.986148, 24.113101], [-109.985732, 24.114896], [-109.984435, 24.118229], [-109.983983, 24.120338], [-109.984162, 24.122872], [-109.984187, 24.124582], [-109.984308, 24.127042], [-109.983947, 24.129148], [-109.983948, 24.132301], [-109.984245, 24.13469], [-109.985404, 24.137569], [-109.985751, 24.139459], [-109.986882, 24.143013], [-109.988083, 24.146074], [-109.989075, 24.148929], [-109.989597, 24.150936], [-109.989253, 24.152003], [-109.990125, 24.152138], [-109.991099, 24.152195], [-109.991957, 24.152581], [-109.992605, 24.153387], [-109.993399, 24.156346], [-109.994304, 24.158395], [-109.995858, 24.160604], [-109.997194, 24.162058], [-109.998548, 24.163584], [-109.999514, 24.16521], [-110.000484, 24.167005], [-110.002307, 24.169441], [-110.003153, 24.170303], [-110.006183, 24.17225], [-110.007116, 24.173508], [-110.008276, 24.174679], [-110.009907, 24.176231], [-110.012606, 24.178692], [-110.013486, 24.179831], [-110.014708, 24.181081], [-110.015882, 24.182219], [-110.0176, 24.183353], [-110.019708, 24.184892], [-110.021132, 24.186066], [-110.024484, 24.188705], [-110.026199, 24.190022], [-110.027035, 24.191333], [-110.029787, 24.19379], [-110.031452, 24.195068], [-110.033605, 24.196697], [-110.035432, 24.198094], [-110.036907, 24.199167], [-110.039188, 24.200979], [-110.040261, 24.201805], [-110.041833, 24.202977], [-110.043487, 24.204109], [-110.04509, 24.205277], [-110.047979, 24.207167], [-110.050931, 24.209034], [-110.053294, 24.210632], [-110.055794, 24.212571], [-110.058205, 24.214459], [-110.05921, 24.215283], [-110.060651, 24.216582], [-110.062481, 24.217857], [-110.064463, 24.21939], [-110.066728, 24.22091], [-110.068948, 24.222632], [-110.071354, 24.224546], [-110.074318, 24.226625], [-110.075733, 24.227722], [-110.079399, 24.229729], [-110.085127, 24.233116], [-110.087592, 24.234673], [-110.092, 24.237517], [-110.096123, 24.240099], [-110.098747, 24.241848], [-110.102757, 24.244429], [-110.104914, 24.246065], [-110.108861, 24.24934], [-110.111666, 24.251611], [-110.115287, 24.254812], [-110.121095, 24.259487], [-110.125214, 24.262768], [-110.130112, 24.266734], [-110.134873, 24.270799], [-110.141769, 24.277248], [-110.14417, 24.279593], [-110.146351, 24.281641], [-110.150959, 24.285959], [-110.155213, 24.289925], [-110.15796, 24.2924], [-110.160501, 24.294773], [-110.164845, 24.299075], [-110.167885, 24.302222], [-110.171544, 24.306095], [-110.177768, 24.31241], [-110.180294, 24.314887], [-110.184555, 24.319142], [-110.186887, 24.321497], [-110.189573, 24.32401], [-110.193077, 24.327402], [-110.196131, 24.330425], [-110.197974, 24.331944], [-110.200455, 24.334201], [-110.204033, 24.337596], [-110.205399, 24.338694], [-110.20749, 24.340458], [-110.211656, 24.342108], [-110.215225, 24.343367], [-110.219218, 24.344872], [-110.224435, 24.347029], [-110.228573, 24.348834], [-110.236866, 24.352534], [-110.242193, 24.354869], [-110.244132, 24.355616], [-110.246938, 24.356307], [-110.249499, 24.356602], [-110.253453, 24.357089], [-110.259431, 24.357917], [-110.261581, 24.358258], [-110.266769, 24.358197], [-110.273872, 24.358062], [-110.278288, 24.358131], [-110.280371, 24.358249], [-110.282697, 24.358311], [-110.286852, 24.358197], [-110.292186, 24.356435], [-110.295975, 24.355328], [-110.299235, 24.354371], [-110.301908, 24.353604], [-110.307457, 24.350848], [-110.310933, 24.349112], [-110.316978, 24.346046], [-110.32051, 24.34401], [-110.322398, 24.342378], [-110.324308, 24.341047], [-110.328315, 24.337846], [-110.332907, 24.334183], [-110.334377, 24.333177], [-110.337115, 24.331032], [-110.338632, 24.329849], [-110.339045, 24.328673], [-110.337295, 24.327061], [-110.33538, 24.32638], [-110.332876, 24.326979], [-110.332625, 24.326864], [-110.337015, 24.323552], [-110.338274, 24.322096], [-110.340505, 24.31995], [-110.340869, 24.320607], [-110.34303, 24.319194], [-110.343322, 24.316473], [-110.343551, 24.313719], [-110.344194, 24.311218], [-110.343408, 24.308446], [-110.342444, 24.305945], [-110.341505, 24.303321], [-110.339709, 24.299688], [-110.338079, 24.299007], [-110.336311, 24.29853], [-110.333227, 24.29825], [-110.331607, 24.298485], [-110.331992, 24.298807], [-110.337412, 24.298466], [-110.343307, 24.2954], [-110.343523, 24.292777], [-110.343555, 24.289914], [-110.342902, 24.287319], [-110.342631, 24.284156], [-110.342235, 24.280052], [-110.342142, 24.277661], [-110.341507, 24.273902], [-110.341344, 24.272166], [-110.341041, 24.269704], [-110.341173, 24.267316], [-110.340693, 24.261951], [-110.340282, 24.260047], [-110.339895, 24.258192], [-110.338163, 24.254028], [-110.33685, 24.251571], [-110.335102, 24.248907], [-110.333152, 24.24631], [-110.331985, 24.244177], [-110.329866, 24.240815], [-110.328268, 24.237752], [-110.326325, 24.235099], [-110.325084, 24.232667], [-110.323684, 24.230658], [-110.321985, 24.227969], [-110.320406, 24.225659], [-110.319192, 24.223841], [-110.317551, 24.220543], [-110.31564, 24.218454], [-110.313722, 24.217192], [-110.310832, 24.216036], [-110.309076, 24.216213], [-110.305146, 24.21802], [-110.304827, 24.218153], [-110.305643, 24.215957], [-110.30368, 24.213243], [-110.302974, 24.211165], [-110.303113, 24.208904], [-110.303599, 24.205974], [-110.303759, 24.203941], [-110.303636, 24.200442], [-110.303734, 24.197839], [-110.304141, 24.19537], [-110.304484, 24.192097], [-110.30484, 24.189759], [-110.305234, 24.187545], [-110.306455, 24.184408], [-110.307406, 24.18266], [-110.309173, 24.180338], [-110.311801, 24.177146], [-110.312767, 24.175576], [-110.313896, 24.173573], [-110.316532, 24.170826], [-110.318522, 24.16813], [-110.320719, 24.16516], [-110.322623, 24.162794], [-110.322785, 24.161459], [-110.322301, 24.159328], [-110.328903, 24.156978], [-110.327796, 24.154253]]}, "times": ["2022-01-22T22:52:07+00:00", "2022-01-22T22:52:58+00:00", "2022-01-22T22:55:19+00:00", "2022-01-22T22:56:38+00:00", "2022-01-22T23:01:00+00:00", "2022-01-22T23:03:30+00:00", "2022-01-22T23:05:00+00:00", "2022-01-22T23:07:01+00:00", "2022-01-22T23:08:50+00:00", "2022-01-22T23:09:42+00:00", "2022-01-22T23:11:51+00:00", "2022-01-22T23:13:31+00:00", "2022-01-22T23:15:01+00:00", "2022-01-22T23:16:02+00:00", "2022-01-22T23:16:54+00:00", "2022-01-22T23:18:17+00:00", "2022-01-22T23:19:04+00:00", "2022-01-22T23:20:57+00:00", "2022-01-22T23:22:42+00:00", "2022-01-23T09:11:23+00:00", "2022-01-23T14:46:29+00:00", "2022-01-23T19:01:45+00:00", "2022-01-23T19:03:39+00:00", "2022-01-23T19:06:47+00:00", "2022-01-23T19:07:26+00:00", "2022-01-23T19:10:51+00:00", "2022-01-23T19:15:17+00:00", "2022-01-23T19:16:41+00:00", "2022-01-23T19:19:34+00:00", "2022-01-23T19:21:36+00:00", "2022-01-23T19:22:38+00:00", "2022-01-23T19:24:36+00:00", "2022-01-23T19:27:15+00:00", "2022-01-23T19:27:45+00:00", "2022-01-23T19:29:17+00:00", "2022-01-23T19:31:43+00:00", "2022-01-23T19:32:17+00:00", "2022-01-23T19:33:45+00:00", "2022-01-23T19:35:45+00:00", "2022-01-23T19:37:45+00:00", "2022-01-23T19:39:45+00:00", "2022-01-23T19:45:45+00:00", "2022-01-23T19:47:09+00:00", "2022-01-23T19:49:15+00:00", "2022-01-23T19:53:45+00:00", "2022-01-23T19:55:32+00:00", "2022-01-23T19:56:56+00:00", "2022-01-23T19:59:56+00:00", "2022-01-23T20:03:45+00:00", "2022-01-23T20:07:45+00:00", "2022-01-23T20:13:45+00:00", "2022-01-23T20:18:25+00:00", "2022-01-23T20:19:24+00:00", "2022-01-23T20:20:55+00:00", "2022-01-23T20:26:55+00:00", "2022-01-23T20:27:54+00:00", "2022-01-23T20:30:17+00:00", "2022-01-23T20:32:00+00:00", "2022-01-23T20:33:30+00:00", "2022-01-23T20:36:55+00:00", "2022-01-23T20:38:31+00:00", "2022-01-23T20:40:55+00:00", "2022-01-23T20:44:55+00:00", "2022-01-23T20:47:20+00:00", "2022-01-23T20:49:45+00:00", "2022-01-23T20:50:45+00:00", "2022-01-23T20:53:07+00:00", "2022-01-23T20:56:55+00:00", "2022-01-23T20:59:45+00:00", "2022-01-23T21:02:55+00:00", "2022-01-23T21:04:55+00:00", "2022-01-23T21:07:51+00:00", "2022-01-23T21:10:55+00:00", "2022-01-23T21:16:55+00:00", "2022-01-23T21:19:19+00:00", "2022-01-23T21:20:55+00:00", "2022-01-23T21:23:27+00:00", "2022-01-23T21:28:55+00:00", "2022-01-23T21:30:55+00:00", "2022-01-23T21:34:23+00:00", "2022-01-23T21:34:55+00:00", "2022-01-23T21:39:45+00:00", "2022-01-23T21:42:55+00:00", "2022-01-23T21:46:14+00:00", "2022-01-23T21:48:55+00:00", "2022-01-23T21:52:55+00:00", "2022-01-23T21:56:55+00:00", "2022-01-23T21:58:55+00:00", "2022-01-23T22:02:55+00:00", "2022-01-23T22:06:55+00:00", "2022-01-23T22:09:45+00:00", "2022-01-23T22:13:42+00:00", "2022-01-23T22:14:55+00:00", "2022-01-23T22:18:55+00:00", "2022-01-23T22:20:55+00:00", "2022-01-23T22:22:55+00:00", "2022-01-23T22:28:55+00:00", "2022-01-23T22:29:45+00:00", "2022-01-23T22:32:38+00:00", "2022-01-23T22:34:55+00:00", "2022-01-23T22:37:42+00:00", "2022-01-23T22:39:32+00:00", "2022-01-23T22:40:55+00:00", "2022-01-23T22:43:35+00:00", "2022-01-23T22:44:55+00:00", "2022-01-23T22:45:41+00:00", "2022-01-23T22:47:02+00:00", "2022-01-23T22:48:43+00:00", "2022-01-23T22:49:48+00:00", "2022-01-23T22:50:55+00:00", "2022-01-23T22:53:23+00:00", "2022-01-23T22:54:55+00:00", "2022-01-23T22:58:18+00:00", "2022-01-23T22:58:59+00:00", "2022-01-23T23:00:04+00:00", "2022-01-23T23:01:57+00:00", "2022-01-23T23:02:34+00:00", "2022-01-23T23:04:51+00:00", "2022-01-23T23:06:20+00:00", "2022-01-23T23:07:49+00:00", "2022-01-23T23:08:38+00:00", "2022-01-23T23:09:59+00:00", "2022-01-23T23:10:55+00:00", "2022-01-23T23:12:48+00:00", "2022-01-23T23:13:13+00:00", "2022-01-23T23:14:55+00:00", "2022-01-23T23:15:51+00:00", "2022-01-23T23:16:56+00:00", "2022-01-23T23:18:01+00:00", "2022-01-23T23:19:43+00:00", "2022-01-23T23:20:52+00:00", "2022-01-23T23:21:33+00:00", "2022-01-23T23:22:45+00:00", "2022-01-23T23:24:03+00:00", "2022-01-23T23:25:28+00:00", "2022-01-23T23:26:55+00:00", "2022-01-23T23:28:55+00:00", "2022-01-23T23:30:00+00:00", "2022-01-23T23:30:55+00:00", "2022-01-23T23:32:54+00:00", "2022-01-23T23:33:39+00:00", "2022-01-23T23:35:17+00:00", "2022-01-23T23:36:55+00:00", "2022-01-23T23:39:38+00:00", "2022-01-23T23:40:51+00:00", "2022-01-23T23:41:20+00:00", "2022-01-23T23:43:26+00:00", "2022-01-23T23:44:19+00:00", "2022-01-23T23:45:16+00:00", "2022-01-23T23:45:53+00:00", "2022-01-23T23:47:30+00:00", "2022-01-23T23:48:44+00:00", "2022-01-23T23:49:53+00:00", "2022-01-23T23:50:55+00:00", "2022-01-23T23:54:01+00:00", "2022-01-23T23:54:55+00:00", "2022-01-23T23:56:39+00:00", "2022-01-23T23:57:48+00:00", "2022-01-23T23:59:26+00:00", "2022-01-24T00:00:55+00:00", "2022-01-24T00:02:55+00:00", "2022-01-24T00:03:58+00:00", "2022-01-24T00:05:51+00:00", "2022-01-24T00:08:13+00:00", "2022-01-24T00:08:45+00:00", "2022-01-24T00:09:54+00:00", "2022-01-24T00:12:08+00:00", "2022-01-24T00:14:55+00:00", "2022-01-24T00:16:03+00:00", "2022-01-24T00:18:24+00:00", "2022-01-24T00:19:45+00:00", "2022-01-24T00:22:03+00:00", "2022-01-24T00:22:55+00:00", "2022-01-24T00:25:57+00:00", "2022-01-24T00:28:51+00:00", "2022-01-24T00:29:56+00:00", "2022-01-24T00:32:55+00:00", "2022-01-24T00:35:03+00:00", "2022-01-24T00:37:57+00:00", "2022-01-24T00:39:45+00:00", "2022-01-24T00:41:43+00:00", "2022-01-24T00:44:45+00:00", "2022-01-24T00:48:55+00:00", "2022-01-24T00:50:55+00:00", "2022-01-24T00:56:55+00:00", "2022-01-24T00:58:11+00:00", "2022-01-24T01:00:08+00:00", "2022-01-24T01:02:14+00:00", "2022-01-24T01:05:04+00:00", "2022-01-24T01:06:25+00:00", "2022-01-24T01:08:14+00:00", "2022-01-24T01:11:03+00:00", "2022-01-24T01:12:55+00:00", "2022-01-24T01:13:57+00:00", "2022-01-24T01:16:55+00:00", "2022-01-24T01:17:44+00:00", "2022-01-24T01:19:58+00:00", "2022-01-24T01:21:35+00:00", "2022-01-24T01:26:55+00:00", "2022-01-24T01:30:00+00:00", "2022-01-24T01:30:55+00:00", "2022-01-24T01:36:55+00:00", "2022-01-24T01:39:08+00:00", "2022-01-24T01:40:55+00:00", "2022-01-24T01:45:36+00:00", "2022-01-24T01:46:41+00:00", "2022-01-24T01:47:33+00:00", "2022-01-24T01:50:06+00:00", "2022-01-24T01:50:55+00:00", "2022-01-24T01:53:21+00:00", "2022-01-24T01:55:14+00:00", "2022-01-24T01:58:55+00:00", "2022-01-24T02:00:16+00:00", "2022-01-24T02:01:25+00:00", "2022-01-24T02:06:55+00:00", "2022-01-24T02:07:48+00:00", "2022-01-24T02:08:55+00:00", "2022-01-24T02:10:54+00:00", "2022-01-24T02:13:35+00:00", "2022-01-24T02:13:55+00:00", "2022-01-24T02:15:08+00:00", "2022-01-24T02:17:05+00:00", "2022-01-24T02:18:57+00:00", "2022-01-24T02:21:07+00:00", "2022-01-24T02:22:31+00:00", "2022-01-24T02:25:17+00:00", "2022-01-24T02:26:55+00:00", "2022-01-24T02:28:55+00:00", "2022-01-24T02:30:47+00:00", "2022-01-24T02:34:28+00:00", "2022-01-24T02:36:55+00:00", "2022-01-24T02:39:43+00:00", "2022-01-24T02:40:19+00:00", "2022-01-24T02:44:55+00:00", "2022-01-24T02:46:22+00:00", "2022-01-24T02:50:00+00:00", "2022-01-24T02:50:51+00:00", "2022-01-24T02:53:52+00:00", "2022-01-24T02:55:25+00:00", "2022-01-24T02:56:55+00:00", "2022-01-24T03:00:00+00:00", "2022-01-24T03:02:20+00:00", "2022-01-24T03:04:55+00:00", "2022-01-24T03:08:02+00:00", "2022-01-24T03:10:02+00:00", "2022-01-24T03:11:59+00:00", "2022-01-24T03:15:08+00:00", "2022-01-24T03:16:55+00:00", "2022-01-24T03:18:55+00:00", "2022-01-24T03:20:00+00:00", "2022-01-24T03:24:55+00:00", "2022-01-24T03:25:44+00:00", "2022-01-24T03:27:21+00:00", "2022-01-24T03:30:00+00:00", "2022-01-24T03:30:55+00:00", "2022-01-24T03:33:15+00:00", "2022-01-24T03:37:13+00:00", "2022-01-24T03:38:17+00:00", "2022-01-24T03:40:00+00:00", "2022-01-24T03:41:26+00:00", "2022-01-24T03:43:11+00:00", "2022-01-24T03:44:55+00:00", "2022-01-24T03:48:42+00:00", "2022-01-24T03:49:43+00:00", "2022-01-24T03:53:38+00:00", "2022-01-24T03:54:54+00:00", "2022-01-24T03:58:09+00:00", "2022-01-24T03:59:05+00:00", "2022-01-24T04:00:45+00:00", "2022-01-24T04:01:09+00:00", "2022-01-24T04:04:14+00:00", "2022-01-24T04:06:55+00:00", "2022-01-24T04:09:27+00:00", "2022-01-24T04:10:55+00:00", "2022-01-24T04:16:22+00:00", "2022-01-24T04:17:10+00:00", "2022-01-24T04:18:02+00:00", "2022-01-24T04:20:00+00:00", "2022-01-24T04:21:27+00:00", "2022-01-24T04:23:00+00:00", "2022-01-24T04:24:55+00:00", "2022-01-24T04:26:55+00:00", "2022-01-24T04:28:55+00:00", "2022-01-24T04:30:37+00:00", "2022-01-24T04:32:01+00:00", "2022-01-24T04:34:02+00:00", "2022-01-24T04:38:47+00:00", "2022-01-24T04:39:39+00:00", "2022-01-24T04:40:07+00:00", "2022-01-24T04:44:55+00:00", "2022-01-24T04:48:55+00:00", "2022-01-24T04:50:55+00:00", "2022-01-24T04:55:38+00:00", "2022-01-24T04:56:55+00:00", "2022-01-24T04:58:55+00:00", "2022-01-24T05:02:55+00:00", "2022-01-24T05:05:37+00:00", "2022-01-24T05:06:55+00:00", "2022-01-24T05:10:18+00:00", "2022-01-24T05:11:22+00:00", "2022-01-24T05:16:55+00:00", "2022-01-24T05:20:00+00:00", "2022-01-24T05:22:55+00:00", "2022-01-24T05:26:55+00:00", "2022-01-24T05:28:43+00:00", "2022-01-24T05:30:55+00:00", "2022-01-24T05:33:52+00:00", "2022-01-24T05:35:24+00:00", "2022-01-24T05:36:55+00:00", "2022-01-24T05:40:55+00:00", "2022-01-24T05:44:43+00:00", "2022-01-24T05:50:00+00:00", "2022-01-24T05:50:55+00:00", "2022-01-24T05:52:55+00:00", "2022-01-24T05:54:55+00:00", "2022-01-24T05:59:48+00:00", "2022-01-24T06:00:55+00:00", "2022-01-24T06:03:37+00:00", "2022-01-24T06:06:37+00:00", "2022-01-24T06:09:22+00:00", "2022-01-24T06:12:55+00:00", "2022-01-24T06:14:55+00:00", "2022-01-24T06:19:12+00:00", "2022-01-24T06:20:55+00:00", "2022-01-24T06:25:05+00:00", "2022-01-24T06:26:55+00:00", "2022-01-24T06:29:05+00:00", "2022-01-24T06:32:55+00:00", "2022-01-24T06:36:55+00:00", "2022-01-24T06:37:42+00:00", "2022-01-24T06:40:55+00:00", "2022-01-24T06:44:56+00:00", "2022-01-24T06:46:35+00:00", "2022-01-24T06:50:00+00:00", "2022-01-24T06:54:57+00:00", "2022-01-24T06:58:57+00:00", "2022-01-24T07:00:15+00:00", "2022-01-24T07:04:57+00:00", "2022-01-24T07:08:57+00:00", "2022-01-24T07:10:15+00:00", "2022-01-24T07:11:50+00:00", "2022-01-24T07:13:30+00:00", "2022-01-24T07:16:57+00:00", "2022-01-24T07:20:15+00:00", "2022-01-24T07:20:58+00:00", "2022-01-24T07:24:57+00:00", "2022-01-24T07:30:15+00:00", "2022-01-24T07:30:57+00:00", "2022-01-24T07:32:57+00:00", "2022-01-24T07:38:57+00:00", "2022-01-24T07:40:09+00:00", "2022-01-24T07:40:57+00:00", "2022-01-24T07:44:33+00:00", "2022-01-24T07:46:57+00:00", "2022-01-24T07:48:34+00:00", "2022-01-24T07:50:57+00:00", "2022-01-24T07:52:57+00:00", "2022-01-24T07:55:18+00:00", "2022-01-24T07:56:57+00:00", "2022-01-24T07:58:57+00:00", "2022-01-24T08:00:35+00:00", "2022-01-24T08:04:57+00:00", "2022-01-24T08:10:15+00:00", "2022-01-24T08:11:25+00:00", "2022-01-24T08:14:57+00:00", "2022-01-24T08:15:34+00:00", "2022-01-24T08:16:57+00:00", "2022-01-24T08:18:58+00:00", "2022-01-24T08:22:57+00:00", "2022-01-24T08:25:58+00:00", "2022-01-24T08:27:15+00:00", "2022-01-24T08:28:57+00:00", "2022-01-24T08:32:43+00:00", "2022-01-24T08:33:23+00:00", "2022-01-24T08:34:28+00:00", "2022-01-24T08:38:00+00:00", "2022-01-24T08:39:20+00:00", "2022-01-24T08:41:00+00:00", "2022-01-24T08:44:57+00:00", "2022-01-24T08:46:21+00:00", "2022-01-24T08:47:26+00:00", "2022-01-24T08:50:22+00:00", "2022-01-24T08:52:31+00:00", "2022-01-24T08:56:57+00:00", "2022-01-24T09:00:15+00:00", "2022-01-24T09:01:34+00:00", "2022-01-24T09:04:57+00:00", "2022-01-24T09:08:32+00:00", "2022-01-24T09:08:57+00:00", "2022-01-24T09:12:57+00:00", "2022-01-24T09:16:11+00:00", "2022-01-24T09:16:57+00:00", "2022-01-24T09:20:57+00:00", "2022-01-24T09:24:57+00:00", "2022-01-24T09:28:57+00:00", "2022-01-24T09:30:57+00:00", "2022-01-24T09:32:57+00:00", "2022-01-24T09:34:57+00:00", "2022-01-24T09:40:15+00:00", "2022-01-24T09:42:57+00:00", "2022-01-24T09:46:35+00:00", "2022-01-24T09:48:08+00:00", "2022-01-24T09:50:15+00:00", "2022-01-24T09:52:17+00:00", "2022-01-24T09:53:10+00:00", "2022-01-24T09:55:10+00:00", "2022-01-24T09:58:20+00:00", "2022-01-24T10:00:15+00:00", "2022-01-24T10:00:57+00:00", "2022-01-24T10:03:18+00:00", "2022-01-24T10:05:43+00:00", "2022-01-24T10:08:40+00:00", "2022-01-24T10:09:08+00:00", "2022-01-24T10:11:13+00:00", "2022-01-25T00:03:27+00:00", "2022-01-25T00:06:31+00:00", "2022-01-25T00:07:16+00:00", "2022-01-25T00:09:31+00:00", "2022-01-25T00:12:15+00:00", "2022-01-25T00:14:00+00:00", "2022-01-25T00:15:41+00:00", "2022-01-25T00:16:29+00:00", "2022-01-25T00:18:31+00:00", "2022-01-25T00:21:24+00:00", "2022-01-25T00:24:00+00:00", "2022-01-25T00:28:08+00:00", "2022-01-25T00:34:00+00:00", "2022-01-25T00:36:31+00:00", "2022-01-25T00:40:22+00:00", "2022-01-25T00:42:31+00:00", "2022-01-25T00:44:00+00:00", "2022-01-25T00:47:29+00:00", "2022-01-25T00:48:31+00:00", "2022-01-25T00:54:00+00:00", "2022-01-25T00:55:57+00:00", "2022-01-25T00:58:21+00:00", "2022-01-25T01:00:31+00:00", "2022-01-25T01:03:40+00:00", "2022-01-25T01:04:31+00:00", "2022-01-25T01:07:32+00:00", "2022-01-25T01:10:31+00:00", "2022-01-25T01:12:31+00:00", "2022-01-25T01:14:31+00:00", "2022-01-25T01:17:18+00:00", "2022-01-25T01:18:31+00:00", "2022-01-25T01:24:00+00:00", "2022-01-25T01:24:56+00:00", "2022-01-25T01:28:00+00:00", "2022-01-25T01:32:16+00:00", "2022-01-25T01:34:00+00:00", "2022-01-25T01:34:31+00:00", "2022-01-25T01:37:32+00:00", "2022-01-25T01:40:03+00:00", "2022-01-25T01:41:57+00:00", "2022-01-25T01:44:32+00:00", "2022-01-25T01:48:32+00:00", "2022-01-25T01:49:07+00:00", "2022-01-25T01:51:19+00:00", "2022-01-25T01:53:45+00:00", "2022-01-25T01:54:14+00:00", "2022-01-25T01:56:32+00:00", "2022-01-25T01:59:55+00:00", "2022-01-25T02:02:13+00:00", "2022-01-25T02:04:00+00:00", "2022-01-25T02:07:13+00:00", "2022-01-25T02:09:05+00:00", "2022-01-25T02:11:26+00:00", "2022-01-25T02:14:00+00:00", "2022-01-25T02:16:32+00:00", "2022-01-25T02:19:31+00:00", "2022-01-25T02:20:32+00:00", "2022-01-25T02:24:32+00:00", "2022-01-25T02:25:34+00:00", "2022-01-25T02:28:12+00:00", "2022-01-25T02:32:32+00:00", "2022-01-25T02:33:20+00:00", "2022-01-25T02:36:05+00:00", "2022-01-25T02:38:32+00:00", "2022-01-25T02:42:32+00:00", "2022-01-25T02:44:32+00:00", "2022-01-25T02:46:32+00:00", "2022-01-25T02:48:32+00:00", "2022-01-25T02:50:32+00:00", "2022-01-25T02:54:15+00:00", "2022-01-25T02:56:32+00:00", "2022-01-25T03:00:00+00:00", "2022-01-25T03:03:12+00:00", "2022-01-25T03:04:32+00:00", "2022-01-25T03:06:32+00:00", "2022-01-25T03:12:32+00:00", "2022-01-25T03:14:32+00:00", "2022-01-25T03:16:42+00:00", "2022-01-25T03:18:31+00:00", "2022-01-25T03:22:14+00:00", "2022-01-25T03:26:32+00:00", "2022-01-25T03:29:52+00:00", "2022-01-25T03:30:32+00:00", "2022-01-25T03:34:32+00:00", "2022-01-25T03:37:33+00:00", "2022-01-25T03:38:32+00:00", "2022-01-25T03:44:15+00:00", "2022-01-25T03:46:32+00:00", "2022-01-25T03:50:34+00:00", "2022-01-25T03:52:32+00:00", "2022-01-25T03:54:15+00:00", "2022-01-25T03:57:53+00:00", "2022-01-25T03:58:32+00:00", "2022-01-25T04:02:03+00:00", "2022-01-25T04:04:15+00:00", "2022-01-25T04:05:05+00:00", "2022-01-25T04:10:32+00:00", "2022-01-25T04:12:08+00:00", "2022-01-25T04:14:32+00:00", "2022-01-25T04:16:13+00:00", "2022-01-25T04:17:19+00:00", "2022-01-25T04:19:49+00:00", "2022-01-25T04:22:47+00:00", "2022-01-25T04:24:32+00:00", "2022-01-25T04:26:32+00:00", "2022-01-25T04:28:42+00:00", "2022-01-25T04:30:32+00:00", "2022-01-25T04:34:15+00:00", "2022-01-25T04:36:32+00:00", "2022-01-25T04:40:32+00:00", "2022-01-25T04:44:15+00:00", "2022-01-25T04:46:32+00:00", "2022-01-25T04:50:32+00:00", "2022-01-25T04:54:15+00:00", "2022-01-25T04:56:32+00:00", "2022-01-25T05:00:32+00:00", "2022-01-25T05:04:15+00:00", "2022-01-25T05:06:32+00:00", "2022-01-25T05:10:32+00:00", "2022-01-25T05:14:15+00:00", "2022-01-25T05:16:32+00:00", "2022-01-25T05:20:32+00:00", "2022-01-25T05:24:15+00:00", "2022-01-25T05:26:32+00:00", "2022-01-25T05:30:32+00:00", "2022-01-25T05:34:15+00:00", "2022-01-25T05:36:32+00:00", "2022-01-25T05:40:32+00:00", "2022-01-25T05:44:15+00:00", "2022-01-25T05:46:32+00:00", "2022-01-25T05:50:32+00:00", "2022-01-25T05:54:15+00:00", "2022-01-25T05:56:32+00:00", "2022-01-25T06:00:32+00:00", "2022-01-25T06:04:15+00:00", "2022-01-25T06:06:32+00:00", "2022-01-25T06:10:32+00:00", "2022-01-25T06:14:15+00:00", "2022-01-25T06:16:33+00:00", "2022-01-25T06:20:33+00:00", "2022-01-25T06:24:15+00:00", "2022-01-25T06:26:33+00:00", "2022-01-25T06:30:33+00:00", "2022-01-25T06:34:15+00:00", "2022-01-25T06:36:33+00:00", "2022-01-25T06:40:33+00:00", "2022-01-25T06:44:15+00:00", "2022-01-25T06:46:33+00:00", "2022-01-25T06:50:33+00:00", "2022-01-25T06:54:15+00:00", "2022-01-25T06:58:33+00:00", "2022-01-25T07:02:33+00:00", "2022-01-25T07:06:33+00:00", "2022-01-25T07:10:33+00:00", "2022-01-25T07:14:15+00:00", "2022-01-25T07:18:33+00:00", "2022-01-25T07:22:33+00:00", "2022-01-25T07:26:33+00:00", "2022-01-25T07:30:33+00:00", "2022-01-25T07:34:15+00:00", "2022-01-25T07:38:33+00:00", "2022-01-25T07:42:33+00:00", "2022-01-25T07:46:33+00:00", "2022-01-25T07:50:33+00:00", "2022-01-25T07:54:15+00:00", "2022-01-25T07:58:33+00:00", "2022-01-25T08:02:33+00:00", "2022-01-25T08:03:09+00:00", "2022-01-25T08:05:37+00:00", "2022-01-25T08:08:23+00:00", "2022-01-25T08:12:33+00:00", "2022-01-25T08:14:12+00:00", "2022-01-25T08:18:33+00:00", "2022-01-25T08:22:33+00:00", "2022-01-25T08:24:57+00:00", "2022-01-25T08:27:04+00:00", "2022-01-25T08:30:33+00:00", "2022-01-25T08:32:57+00:00", "2022-01-25T08:36:33+00:00", "2022-01-25T08:38:01+00:00", "2022-01-25T08:42:32+00:00", "2022-01-25T08:44:30+00:00", "2022-01-25T08:47:23+00:00", "2022-01-25T08:48:33+00:00", "2022-01-25T08:51:01+00:00", "2022-01-25T08:52:43+00:00", "2022-01-25T08:57:26+00:00", "2022-01-25T08:58:28+00:00", "2022-01-25T09:02:33+00:00", "2022-01-25T09:04:49+00:00", "2022-01-25T09:06:32+00:00", "2022-01-25T09:12:33+00:00", "2022-01-25T09:15:13+00:00", "2022-01-25T09:16:33+00:00", "2022-01-25T09:19:32+00:00", "2022-01-25T09:21:02+00:00", "2022-01-25T09:24:30+00:00", "2022-01-25T09:28:33+00:00", "2022-01-25T09:32:33+00:00", "2022-01-25T09:38:33+00:00", "2022-01-25T09:39:02+00:00", "2022-01-25T09:44:33+00:00", "2022-01-25T09:46:33+00:00", "2022-01-25T09:47:31+00:00", "2022-01-25T09:49:30+00:00", "2022-01-25T09:54:30+00:00", "2022-01-25T09:55:11+00:00", "2022-01-25T09:56:41+00:00", "2022-01-25T10:02:33+00:00", "2022-01-25T10:06:08+00:00", "2022-01-25T10:09:16+00:00", "2022-01-25T10:14:30+00:00", "2022-01-25T10:16:44+00:00", "2022-01-25T10:20:33+00:00", "2022-01-25T10:24:30+00:00", "2022-01-25T10:27:04+00:00", "2022-01-25T10:30:12+00:00", "2022-01-25T10:34:30+00:00", "2022-01-25T10:35:12+00:00", "2022-01-25T10:38:58+00:00", "2022-01-25T10:40:33+00:00", "2022-01-25T10:42:33+00:00", "2022-01-25T10:44:22+00:00", "2022-01-25T10:46:33+00:00", "2022-01-25T10:48:07+00:00", "2022-01-25T10:49:17+00:00", "2022-01-25T10:50:56+00:00", "2022-01-25T10:56:33+00:00", "2022-01-25T10:58:40+00:00", "2022-01-25T11:02:33+00:00", "2022-01-25T11:06:33+00:00", "2022-01-25T11:10:33+00:00", "2022-01-25T11:14:03+00:00", "2022-01-25T11:17:20+00:00", "2022-01-25T11:22:33+00:00", "2022-01-25T11:24:33+00:00", "2022-01-25T11:26:33+00:00", "2022-01-25T11:28:41+00:00", "2022-01-25T11:32:33+00:00", "2022-01-25T11:34:33+00:00", "2022-01-25T11:38:33+00:00", "2022-01-25T11:42:14+00:00", "2022-01-25T11:44:41+00:00", "2022-01-25T11:46:41+00:00", "2022-01-25T11:52:02+00:00", "2022-01-25T11:52:33+00:00", "2022-01-25T11:54:42+00:00", "2022-01-25T12:00:31+00:00", "2022-01-25T12:01:28+00:00", "2022-01-25T12:04:30+00:00", "2022-01-25T12:08:18+00:00", "2022-01-25T12:10:17+00:00", "2022-01-25T12:14:30+00:00", "2022-01-25T12:17:04+00:00", "2022-01-25T12:18:51+00:00", "2022-01-25T12:24:30+00:00", "2022-01-25T12:26:55+00:00", "2022-01-25T12:28:50+00:00", "2022-01-25T12:33:54+00:00", "2022-01-25T12:34:33+00:00", "2022-01-25T12:36:14+00:00", "2022-01-25T12:40:33+00:00", "2022-01-25T12:41:05+00:00", "2022-01-25T12:44:33+00:00", "2022-01-25T12:45:08+00:00", "2022-01-25T12:50:49+00:00", "2022-01-25T12:52:33+00:00", "2022-01-25T12:54:44+00:00", "2022-01-25T12:58:33+00:00", "2022-01-25T13:02:33+00:00", "2022-01-25T13:03:32+00:00", "2022-01-25T13:05:40+00:00", "2022-01-25T13:08:33+00:00", "2022-01-25T13:12:33+00:00", "2022-01-25T13:13:57+00:00", "2022-01-25T13:14:50+00:00", "2022-01-25T13:20:33+00:00", "2022-01-25T13:21:33+00:00", "2022-01-25T13:24:04+00:00", "2022-01-25T13:24:44+00:00", "2022-01-25T13:28:03+00:00", "2022-01-25T13:31:07+00:00", "2022-01-25T13:33:19+00:00", "2022-01-25T13:34:44+00:00", "2022-01-25T13:36:33+00:00", "2022-01-25T13:40:54+00:00", "2022-01-25T13:42:49+00:00", "2022-01-25T13:44:11+00:00", "2022-01-25T13:46:33+00:00", "2022-01-25T13:48:33+00:00", "2022-01-25T13:50:57+00:00", "2022-01-25T13:52:33+00:00", "2022-01-25T13:54:45+00:00", "2022-01-25T13:58:17+00:00", "2022-01-25T14:03:00+00:00", "2022-01-25T14:04:33+00:00", "2022-01-25T14:05:52+00:00", "2022-01-25T14:07:27+00:00", "2022-01-25T14:08:40+00:00", "2022-01-25T14:13:57+00:00", "2022-01-25T14:14:34+00:00", "2022-01-25T14:18:34+00:00", "2022-01-25T14:22:34+00:00", "2022-01-25T14:24:33+00:00", "2022-01-25T14:28:34+00:00", "2022-01-25T14:32:58+00:00", "2022-01-25T14:34:34+00:00", "2022-01-25T14:35:26+00:00", "2022-01-25T14:38:43+00:00", "2022-01-25T14:41:44+00:00", "2022-01-25T14:44:34+00:00", "2022-01-25T14:46:34+00:00", "2022-01-25T14:47:28+00:00", "2022-01-25T14:49:36+00:00", "2022-01-25T14:53:38+00:00", "2022-01-25T14:54:45+00:00", "2022-01-25T14:56:34+00:00", "2022-01-25T14:59:51+00:00", "2022-01-25T15:01:09+00:00", "2022-01-25T15:04:18+00:00", "2022-01-25T15:08:34+00:00", "2022-01-25T15:09:54+00:00", "2022-01-25T15:13:40+00:00", "2022-01-25T15:14:34+00:00", "2022-01-25T15:16:20+00:00", "2022-01-25T15:20:34+00:00", "2022-01-25T15:24:00+00:00", "2022-01-25T15:24:34+00:00", "2022-01-25T15:27:04+00:00", "2022-01-25T15:28:51+00:00", "2022-01-25T15:30:34+00:00", "2022-01-25T15:32:16+00:00", "2022-01-25T15:34:34+00:00", "2022-01-25T15:35:33+00:00", "2022-01-25T15:37:41+00:00", "2022-01-25T15:39:23+00:00", "2022-01-25T15:42:56+00:00", "2022-01-25T15:44:45+00:00", "2022-01-25T15:48:34+00:00", "2022-01-25T15:51:05+00:00", "2022-01-25T15:54:34+00:00", "2022-01-25T15:58:34+00:00", "2022-01-25T15:59:44+00:00", "2022-01-25T16:02:34+00:00", "2022-01-25T16:03:33+00:00", "2022-01-25T16:05:29+00:00", "2022-01-25T16:06:34+00:00", "2022-01-25T16:08:46+00:00", "2022-01-25T16:10:34+00:00", "2022-01-25T16:12:34+00:00", "2022-01-25T16:15:37+00:00", "2022-01-25T16:16:35+00:00", "2022-01-25T16:19:43+00:00", "2022-01-25T16:22:36+00:00", "2022-01-25T16:23:29+00:00", "2022-01-25T16:26:36+00:00", "2022-01-25T16:27:55+00:00", "2022-01-25T16:32:34+00:00", "2022-01-25T16:34:36+00:00", "2022-01-25T16:40:36+00:00", "2022-01-25T16:43:44+00:00", "2022-01-25T16:44:33+00:00", "2022-01-25T16:46:36+00:00", "2022-01-25T16:49:08+00:00", "2022-01-25T16:51:27+00:00", "2022-01-25T16:52:45+00:00", "2022-01-25T16:54:45+00:00", "2022-01-25T16:56:51+00:00", "2022-01-25T17:00:36+00:00", "2022-01-25T17:04:35+00:00", "2022-01-25T17:06:36+00:00", "2022-01-25T17:08:34+00:00", "2022-01-25T17:10:45+00:00", "2022-01-25T17:14:36+00:00", "2022-01-25T17:15:40+00:00", "2022-01-25T17:19:43+00:00", "2022-01-25T17:20:36+00:00", "2022-01-25T17:24:30+00:00", "2022-01-25T17:29:05+00:00", "2022-01-25T17:29:46+00:00", "2022-01-25T17:32:10+00:00", "2022-01-25T17:34:45+00:00", "2022-01-25T17:37:22+00:00", "2022-01-25T17:38:44+00:00", "2022-01-25T17:41:24+00:00", "2022-01-25T17:43:23+00:00", "2022-01-25T17:44:45+00:00", "2022-01-25T17:46:36+00:00", "2022-01-25T17:49:48+00:00", "2022-01-25T17:51:06+00:00", "2022-01-25T17:55:00+00:00", "2022-01-25T17:58:36+00:00", "2022-01-25T17:59:27+00:00", "2022-01-25T18:01:05+00:00", "2022-01-25T18:04:59+00:00", "2022-01-25T18:06:36+00:00", "2022-01-25T18:10:36+00:00", "2022-01-25T18:14:36+00:00", "2022-01-25T18:15:23+00:00", "2022-01-25T18:16:36+00:00", "2022-01-25T18:18:49+00:00", "2022-01-25T18:21:21+00:00", "2022-01-25T18:23:20+00:00", "2022-01-25T18:24:36+00:00", "2022-01-25T18:28:36+00:00", "2022-01-25T18:29:12+00:00", "2022-01-25T18:30:36+00:00", "2022-01-25T18:32:46+00:00", "2022-01-25T18:35:00+00:00", "2022-01-25T18:36:15+00:00", "2022-01-25T18:38:14+00:00", "2022-01-25T18:40:05+00:00", "2022-01-25T18:42:36+00:00", "2022-01-25T18:43:18+00:00", "2022-01-25T18:46:23+00:00", "2022-01-25T18:47:53+00:00", "2022-01-25T18:50:36+00:00", "2022-01-25T18:54:36+00:00", "2022-01-25T18:56:22+00:00", "2022-01-25T18:58:36+00:00", "2022-01-25T19:01:10+00:00", "2022-01-25T19:04:31+00:00", "2022-01-25T19:06:36+00:00", "2022-01-25T19:08:36+00:00", "2022-01-25T19:10:36+00:00", "2022-01-25T19:12:31+00:00", "2022-01-25T19:15:00+00:00", "2022-01-25T19:17:56+00:00", "2022-01-25T19:19:59+00:00", "2022-01-25T19:22:36+00:00", "2022-01-25T19:25:00+00:00", "2022-01-25T19:27:43+00:00", "2022-01-25T19:30:35+00:00", "2022-01-25T19:32:36+00:00", "2022-01-25T19:35:00+00:00", "2022-01-25T19:36:36+00:00", "2022-01-25T19:38:36+00:00", "2022-01-25T19:40:06+00:00", "2022-01-25T19:44:36+00:00", "2022-01-25T19:46:36+00:00", "2022-01-25T19:47:58+00:00", "2022-01-25T19:52:20+00:00", "2022-01-25T19:56:36+00:00", "2022-01-25T19:59:44+00:00", "2022-01-25T20:00:36+00:00", "2022-01-25T20:03:46+00:00", "2022-01-25T20:05:00+00:00", "2022-01-25T20:06:36+00:00", "2022-01-25T20:08:36+00:00", "2022-01-25T20:11:06+00:00", "2022-01-25T20:14:36+00:00", "2022-01-25T20:17:44+00:00", "2022-01-25T20:19:10+00:00", "2022-01-25T20:21:13+00:00", "2022-01-25T20:22:56+00:00", "2022-01-25T20:26:17+00:00", "2022-01-25T20:27:47+00:00", "2022-01-25T20:29:14+00:00", "2022-01-25T20:31:42+00:00", "2022-01-25T20:34:36+00:00", "2022-01-25T20:36:36+00:00", "2022-01-25T20:38:45+00:00", "2022-01-25T20:42:30+00:00", "2022-01-25T20:43:28+00:00", "2022-01-25T20:46:36+00:00", "2022-01-25T20:49:17+00:00", "2022-01-25T20:52:36+00:00", "2022-01-25T20:54:36+00:00", "2022-01-25T20:57:05+00:00", "2022-01-25T20:58:19+00:00", "2022-01-25T21:04:36+00:00", "2022-01-25T21:06:36+00:00", "2022-01-25T21:08:36+00:00", "2022-01-25T21:12:03+00:00", "2022-01-25T21:14:36+00:00", "2022-01-25T21:16:36+00:00", "2022-01-25T21:20:52+00:00", "2022-01-25T21:22:06+00:00", "2022-01-25T21:25:00+00:00", "2022-01-25T21:28:36+00:00", "2022-01-25T21:30:36+00:00", "2022-01-25T21:34:25+00:00", "2022-01-25T21:36:36+00:00", "2022-01-25T21:40:13+00:00", "2022-01-25T21:41:39+00:00", "2022-01-25T21:42:49+00:00", "2022-01-25T21:45:46+00:00", "2022-01-25T21:48:34+00:00", "2022-01-25T21:50:49+00:00", "2022-01-25T21:53:38+00:00", "2022-01-25T21:54:36+00:00", "2022-01-25T21:58:36+00:00", "2022-01-25T22:03:41+00:00", "2022-01-25T22:04:37+00:00", "2022-01-25T22:07:55+00:00", "2022-01-25T22:09:26+00:00", "2022-01-25T22:10:37+00:00", "2022-01-25T22:13:03+00:00", "2022-01-25T22:14:37+00:00", "2022-01-25T22:16:53+00:00", "2022-01-25T22:19:09+00:00", "2022-01-25T22:21:16+00:00", "2022-01-25T22:22:01+00:00", "2022-01-25T22:24:09+00:00", "2022-01-25T22:24:41+00:00", "2022-01-25T22:27:09+00:00", "2022-01-25T22:30:37+00:00", "2022-01-25T22:31:32+00:00", "2022-01-25T22:32:50+00:00", "2022-01-25T22:34:08+00:00", "2022-01-25T22:35:02+00:00", "2022-01-25T22:36:37+00:00", "2022-01-25T22:38:37+00:00", "2022-01-25T22:40:10+00:00", "2022-01-25T22:40:37+00:00", "2022-01-25T22:44:24+00:00", "2022-01-25T22:45:42+00:00", "2022-01-25T22:46:44+00:00", "2022-01-25T22:49:07+00:00", "2022-01-25T22:50:37+00:00", "2022-01-25T22:54:15+00:00", "2022-01-25T22:54:36+00:00", "2022-01-25T22:55:41+00:00", "2022-01-25T22:58:29+00:00", "2022-01-25T23:00:37+00:00", "2022-01-25T23:02:37+00:00", "2022-01-25T23:04:37+00:00", "2022-01-25T23:06:09+00:00", "2022-01-25T23:10:37+00:00", "2022-01-25T23:11:54+00:00", "2022-01-25T23:12:37+00:00", "2022-01-25T23:13:16+00:00", "2022-01-25T23:15:15+00:00", "2022-01-25T23:18:24+00:00", "2022-01-25T23:20:56+00:00", "2022-01-25T23:23:19+00:00", "2022-01-25T23:25:15+00:00", "2022-01-25T23:27:05+00:00", "2022-01-25T23:27:50+00:00", "2022-01-25T23:29:41+00:00", "2022-01-25T23:31:07+00:00", "2022-01-25T23:35:02+00:00", "2022-01-25T23:36:37+00:00", "2022-01-25T23:38:23+00:00", "2022-01-25T23:39:50+00:00", "2022-01-25T23:42:05+00:00", "2022-01-25T23:43:19+00:00", "2022-01-25T23:45:15+00:00", "2022-01-25T23:47:22+00:00", "2022-01-25T23:50:37+00:00", "2022-01-25T23:51:57+00:00", "2022-01-25T23:54:33+00:00", "2022-01-25T23:55:47+00:00", "2022-01-26T00:00:02+00:00", "2022-01-26T00:02:37+00:00", "2022-01-26T00:04:00+00:00", "2022-01-26T00:05:15+00:00", "2022-01-26T00:08:27+00:00", "2022-01-26T00:08:56+00:00", "2022-01-26T00:09:53+00:00", "2022-01-26T00:11:36+00:00", "2022-01-26T00:14:37+00:00", "2022-01-26T00:15:15+00:00", "2022-01-26T00:17:04+00:00", "2022-01-26T00:18:27+00:00", "2022-01-26T00:18:55+00:00", "2022-01-26T00:20:09+00:00", "2022-01-26T00:21:56+00:00", "2022-01-26T00:23:39+00:00", "2022-01-26T00:24:53+00:00", "2022-01-26T00:25:46+00:00", "2022-01-26T00:28:06+00:00", "2022-01-26T00:29:00+00:00", "2022-01-26T00:30:05+00:00", "2022-01-26T00:31:11+00:00", "2022-01-26T00:32:33+00:00", "2022-01-26T00:33:31+00:00", "2022-01-26T00:34:32+00:00", "2022-01-26T00:35:42+00:00", "2022-01-26T00:37:16+00:00", "2022-01-26T00:38:30+00:00", "2022-01-26T00:39:24+00:00", "2022-01-26T00:41:39+00:00", "2022-01-26T00:44:37+00:00", "2022-01-26T00:46:18+00:00", "2022-01-26T00:46:55+00:00", "2022-01-26T00:48:21+00:00", "2022-01-26T00:50:37+00:00", "2022-01-26T00:51:30+00:00", "2022-01-26T00:52:23+00:00", "2022-01-26T00:53:54+00:00", "2022-01-26T00:55:12+00:00", "2022-01-26T00:56:26+00:00", "2022-01-26T00:58:05+00:00", "2022-01-26T01:00:57+00:00", "2022-01-26T01:02:32+00:00", "2022-01-26T01:04:14+00:00", "2022-01-26T01:04:51+00:00", "2022-01-26T01:05:32+00:00", "2022-01-26T01:08:20+00:00", "2022-01-26T01:09:51+00:00", "2022-01-26T01:11:50+00:00", "2022-01-26T01:12:19+00:00", "2022-01-26T01:15:15+00:00", "2022-01-26T01:16:05+00:00", "2022-01-26T01:19:42+00:00", "2022-01-26T01:21:33+00:00", "2022-01-26T01:23:16+00:00", "2022-01-26T01:25:15+00:00", "2022-01-26T01:27:06+00:00", "2022-01-26T01:30:37+00:00", "2022-01-26T01:31:13+00:00", "2022-01-26T01:32:37+00:00", "2022-01-26T01:35:15+00:00", "2022-01-26T01:36:17+00:00", "2022-01-26T01:38:37+00:00", "2022-01-26T01:41:29+00:00", "2022-01-26T01:44:34+00:00", "2022-01-26T01:46:37+00:00", "2022-01-26T01:48:20+00:00", "2022-01-26T01:51:04+00:00", "2022-01-26T01:53:19+00:00", "2022-01-26T01:53:56+00:00", "2022-01-26T01:56:37+00:00", "2022-01-26T01:58:31+00:00", "2022-01-26T02:00:59+00:00", "2022-01-26T02:04:08+00:00", "2022-01-26T02:05:34+00:00", "2022-01-26T02:06:52+00:00", "2022-01-26T02:09:37+00:00", "2022-01-26T02:11:52+00:00", "2022-01-26T02:14:48+00:00", "2022-01-26T02:18:37+00:00", "2022-01-26T02:21:23+00:00", "2022-01-26T02:22:37+00:00", "2022-01-26T02:25:41+00:00", "2022-01-26T02:28:21+00:00", "2022-01-26T02:29:47+00:00", "2022-01-26T02:32:27+00:00", "2022-01-26T02:33:45+00:00", "2022-01-26T02:35:32+00:00", "2022-01-26T02:37:52+00:00", "2022-01-26T02:39:30+00:00", "2022-01-26T02:42:03+00:00", "2022-01-26T02:44:02+00:00", "2022-01-26T02:45:24+00:00", "2022-01-26T02:48:21+00:00", "2022-01-26T02:49:47+00:00", "2022-01-26T02:52:19+00:00", "2022-01-26T02:53:32+00:00", "2022-01-26T02:55:27+00:00", "2022-01-26T02:56:41+00:00", "2022-01-26T03:00:01+00:00", "2022-01-26T03:01:52+00:00", "2022-01-26T03:04:19+00:00", "2022-01-26T03:05:15+00:00", "2022-01-26T03:07:07+00:00", "2022-01-26T03:08:50+00:00", "2022-01-26T03:11:38+00:00", "2022-01-26T03:14:14+00:00", "2022-01-26T03:16:58+00:00", "2022-01-26T03:19:06+00:00", "2022-01-26T03:20:37+00:00", "2022-01-26T03:22:37+00:00", "2022-01-26T03:24:42+00:00", "2022-01-26T03:28:56+00:00", "2022-01-26T03:32:37+00:00", "2022-01-26T03:36:37+00:00", "2022-01-26T03:42:37+00:00", "2022-01-26T03:46:37+00:00", "2022-01-26T03:49:09+00:00", "2022-01-26T03:52:37+00:00", "2022-01-26T03:55:30+00:00", "2022-01-26T03:58:37+00:00", "2022-01-26T04:03:21+00:00", "2022-01-26T04:05:30+00:00", "2022-01-26T04:09:10+00:00", "2022-01-26T04:14:37+00:00", "2022-01-26T04:17:18+00:00", "2022-01-26T04:22:37+00:00", "2022-01-26T04:24:37+00:00", "2022-01-26T04:26:37+00:00", "2022-01-26T04:29:07+00:00", "2022-01-26T04:34:15+00:00", "2022-01-26T04:34:51+00:00", "2022-01-26T04:37:27+00:00", "2022-01-26T04:41:54+00:00", "2022-01-26T04:44:37+00:00", "2022-01-26T04:46:44+00:00", "2022-01-26T04:48:56+00:00", "2022-01-26T04:51:39+00:00", "2022-01-26T04:52:53+00:00", "2022-01-26T04:54:28+00:00", "2022-01-26T04:56:37+00:00", "2022-01-26T05:02:37+00:00", "2022-01-26T05:05:30+00:00", "2022-01-26T05:08:37+00:00", "2022-01-26T05:14:37+00:00", "2022-01-26T05:16:37+00:00", "2022-01-26T05:22:37+00:00", "2022-01-26T05:25:30+00:00", "2022-01-26T05:30:37+00:00", "2022-01-26T05:34:37+00:00", "2022-01-26T05:36:37+00:00", "2022-01-26T05:42:37+00:00", "2022-01-26T05:45:30+00:00", "2022-01-26T05:48:37+00:00", "2022-01-26T05:52:37+00:00", "2022-01-26T05:55:30+00:00", "2022-01-26T05:58:37+00:00", "2022-01-26T06:02:37+00:00", "2022-01-26T06:05:30+00:00", "2022-01-26T06:10:37+00:00", "2022-01-26T06:15:30+00:00", "2022-01-26T06:18:37+00:00", "2022-01-26T06:24:37+00:00", "2022-01-26T06:26:37+00:00", "2022-01-26T06:32:37+00:00", "2022-01-26T06:35:30+00:00", "2022-01-26T06:40:37+00:00", "2022-01-26T06:45:30+00:00", "2022-01-26T06:50:38+00:00", "2022-01-26T06:54:38+00:00", "2022-01-26T06:56:38+00:00", "2022-01-26T07:02:38+00:00", "2022-01-26T07:06:38+00:00", "2022-01-26T07:12:38+00:00", "2022-01-26T07:15:30+00:00", "2022-01-26T07:20:38+00:00", "2022-01-26T07:25:30+00:00", "2022-01-26T07:30:38+00:00", "2022-01-26T07:40:38+00:00", "2022-01-26T07:45:45+00:00", "2022-01-26T07:48:38+00:00", "2022-01-26T07:52:38+00:00", "2022-01-26T07:55:45+00:00", "2022-01-26T07:58:38+00:00", "2022-01-26T08:02:38+00:00", "2022-01-26T08:05:45+00:00", "2022-01-26T08:08:38+00:00", "2022-01-26T08:12:38+00:00", "2022-01-26T08:15:45+00:00", "2022-01-26T08:18:38+00:00", "2022-01-26T08:22:38+00:00", "2022-01-26T08:25:45+00:00", "2022-01-26T08:28:38+00:00", "2022-01-26T08:32:38+00:00", "2022-01-26T08:35:45+00:00", "2022-01-26T08:38:38+00:00", "2022-01-26T08:42:38+00:00", "2022-01-26T08:45:45+00:00", "2022-01-26T08:48:38+00:00", "2022-01-26T08:52:38+00:00", "2022-01-26T08:55:45+00:00", "2022-01-26T08:58:38+00:00", "2022-01-26T09:02:38+00:00", "2022-01-26T09:05:45+00:00", "2022-01-26T09:08:38+00:00", "2022-01-26T09:12:38+00:00", "2022-01-26T09:15:45+00:00", "2022-01-26T09:18:38+00:00", "2022-01-26T09:22:38+00:00", "2022-01-26T09:25:45+00:00", "2022-01-26T09:28:38+00:00", "2022-01-26T09:32:38+00:00", "2022-01-26T09:35:45+00:00", "2022-01-26T09:38:38+00:00", "2022-01-26T09:42:38+00:00", "2022-01-26T09:45:45+00:00", "2022-01-26T09:48:38+00:00", "2022-01-26T09:52:38+00:00", "2022-01-26T09:55:45+00:00", "2022-01-26T09:58:38+00:00", "2022-01-26T10:02:38+00:00", "2022-01-26T10:05:45+00:00", "2022-01-26T10:08:38+00:00", "2022-01-26T10:12:38+00:00", "2022-01-26T10:15:45+00:00", "2022-01-26T10:18:38+00:00", "2022-01-26T10:22:38+00:00", "2022-01-26T10:25:45+00:00", "2022-01-26T10:28:38+00:00", "2022-01-26T10:32:38+00:00", "2022-01-26T10:35:45+00:00", "2022-01-26T10:38:38+00:00", "2022-01-26T10:42:38+00:00", "2022-01-26T10:45:45+00:00", "2022-01-26T10:48:38+00:00", "2022-01-26T10:52:38+00:00", "2022-01-26T10:55:45+00:00", "2022-01-26T10:58:38+00:00", "2022-01-26T11:02:39+00:00", "2022-01-26T11:05:45+00:00", "2022-01-26T11:08:39+00:00", "2022-01-26T11:12:39+00:00", "2022-01-26T11:15:45+00:00", "2022-01-26T11:18:39+00:00", "2022-01-26T11:22:39+00:00", "2022-01-26T11:25:45+00:00", "2022-01-26T11:28:39+00:00", "2022-01-26T11:32:39+00:00", "2022-01-26T11:35:45+00:00", "2022-01-26T11:38:39+00:00", "2022-01-26T11:42:39+00:00", "2022-01-26T11:45:45+00:00", "2022-01-26T11:48:39+00:00", "2022-01-26T11:52:39+00:00", "2022-01-26T11:55:45+00:00", "2022-01-26T11:58:39+00:00", "2022-01-26T12:02:39+00:00", "2022-01-26T12:06:00+00:00", "2022-01-26T12:08:39+00:00", "2022-01-26T12:09:20+00:00", "2022-01-26T12:10:56+00:00", "2022-01-26T12:16:00+00:00", "2022-01-26T12:16:39+00:00", "2022-01-26T12:19:24+00:00", "2022-01-26T12:22:40+00:00", "2022-01-26T12:23:18+00:00", "2022-01-26T12:26:40+00:00", "2022-01-26T12:28:40+00:00", "2022-01-26T12:34:40+00:00", "2022-01-26T12:36:40+00:00", "2022-01-26T12:40:40+00:00", "2022-01-26T12:42:59+00:00", "2022-01-26T12:46:00+00:00", "2022-01-26T12:49:46+00:00", "2022-01-26T12:50:59+00:00", "2022-01-26T12:53:23+00:00", "2022-01-26T12:56:00+00:00", "2022-01-26T12:57:32+00:00", "2022-01-26T12:59:08+00:00", "2022-01-26T13:00:40+00:00", "2022-01-26T13:04:40+00:00", "2022-01-26T13:06:40+00:00", "2022-01-26T13:10:40+00:00", "2022-01-26T13:14:40+00:00", "2022-01-26T13:16:40+00:00", "2022-01-26T13:18:59+00:00", "2022-01-26T13:22:40+00:00", "2022-01-26T13:26:00+00:00", "2022-01-26T13:28:40+00:00", "2022-01-26T13:32:40+00:00", "2022-01-26T13:36:00+00:00", "2022-01-26T13:37:49+00:00", "2022-01-26T13:42:40+00:00", "2022-01-26T13:46:00+00:00", "2022-01-26T13:48:40+00:00", "2022-01-26T13:52:24+00:00", "2022-01-26T13:54:56+00:00", "2022-01-26T13:58:40+00:00", "2022-01-26T14:02:40+00:00", "2022-01-26T14:06:00+00:00", "2022-01-26T14:08:40+00:00", "2022-01-26T14:12:40+00:00", "2022-01-26T14:13:16+00:00", "2022-01-26T14:16:40+00:00", "2022-01-26T14:20:40+00:00", "2022-01-26T14:24:06+00:00", "2022-01-26T14:24:40+00:00", "2022-01-26T14:28:40+00:00", "2022-01-26T14:32:40+00:00", "2022-01-26T14:36:00+00:00", "2022-01-26T14:38:40+00:00", "2022-01-26T14:40:26+00:00", "2022-01-26T14:44:40+00:00", "2022-01-26T14:46:11+00:00", "2022-01-26T14:50:40+00:00", "2022-01-26T14:51:40+00:00", "2022-01-26T14:56:00+00:00", "2022-01-26T14:58:40+00:00", "2022-01-26T15:02:22+00:00", "2022-01-26T15:06:00+00:00", "2022-01-26T15:08:40+00:00", "2022-01-26T15:14:40+00:00", "2022-01-26T15:16:40+00:00", "2022-01-26T15:22:40+00:00", "2022-01-26T15:26:00+00:00", "2022-01-26T15:30:40+00:00", "2022-01-26T15:34:40+00:00", "2022-01-26T15:36:40+00:00", "2022-01-26T15:42:40+00:00", "2022-01-26T15:46:00+00:00", "2022-01-26T15:48:23+00:00", "2022-01-26T15:50:40+00:00", "2022-01-26T15:52:48+00:00", "2022-01-26T15:56:40+00:00", "2022-01-26T16:00:40+00:00", "2022-01-26T16:04:40+00:00", "2022-01-26T16:06:40+00:00", "2022-01-26T16:11:32+00:00", "2022-01-26T16:12:40+00:00", "2022-01-26T16:16:40+00:00", "2022-01-26T16:20:40+00:00", "2022-01-26T16:24:31+00:00", "2022-01-26T16:26:00+00:00", "2022-01-26T16:30:40+00:00", "2022-01-26T16:34:40+00:00", "2022-01-26T16:36:00+00:00", "2022-01-26T16:40:40+00:00", "2022-01-26T16:44:40+00:00", "2022-01-26T16:46:00+00:00", "2022-01-26T16:50:40+00:00", "2022-01-26T16:54:40+00:00", "2022-01-26T16:56:40+00:00", "2022-01-26T17:00:40+00:00", "2022-01-26T17:04:40+00:00", "2022-01-26T17:06:40+00:00", "2022-01-26T17:10:41+00:00", "2022-01-26T17:14:41+00:00", "2022-01-26T17:16:41+00:00", "2022-01-26T17:21:47+00:00", "2022-01-26T17:24:41+00:00", "2022-01-26T17:28:41+00:00", "2022-01-26T17:32:42+00:00", "2022-01-26T17:36:15+00:00", "2022-01-26T17:38:42+00:00", "2022-01-26T17:40:42+00:00", "2022-01-26T17:43:51+00:00", "2022-01-26T17:46:42+00:00", "2022-01-26T17:49:28+00:00", "2022-01-26T17:54:42+00:00", "2022-01-26T17:56:42+00:00", "2022-01-26T18:02:42+00:00", "2022-01-26T18:06:15+00:00", "2022-01-26T18:08:42+00:00", "2022-01-26T18:14:42+00:00", "2022-01-26T18:16:42+00:00", "2022-01-26T18:22:42+00:00", "2022-01-26T18:26:14+00:00", "2022-01-26T18:28:43+00:00", "2022-01-26T18:34:43+00:00", "2022-01-26T18:36:43+00:00", "2022-01-26T18:40:43+00:00", "2022-01-26T18:43:05+00:00", "2022-01-26T18:46:15+00:00", "2022-01-26T18:48:43+00:00", "2022-01-26T18:52:43+00:00", "2022-01-26T18:54:10+00:00", "2022-01-26T18:56:43+00:00", "2022-01-26T18:58:59+00:00", "2022-01-26T19:02:43+00:00", "2022-01-26T19:06:15+00:00", "2022-01-26T19:08:44+00:00", "2022-01-26T19:12:05+00:00", "2022-01-26T19:16:15+00:00", "2022-01-26T19:18:44+00:00", "2022-01-26T19:20:44+00:00", "2022-01-26T19:26:15+00:00", "2022-01-26T19:28:44+00:00", "2022-01-26T19:34:44+00:00", "2022-01-26T19:36:42+00:00", "2022-01-26T19:40:44+00:00", "2022-01-26T19:44:03+00:00", "2022-01-26T19:44:51+00:00", "2022-01-26T19:46:43+00:00", "2022-01-26T19:52:44+00:00", "2022-01-26T19:53:16+00:00", "2022-01-26T19:56:44+00:00", "2022-01-26T20:00:44+00:00", "2022-01-26T20:04:44+00:00", "2022-01-26T20:06:44+00:00", "2022-01-26T20:08:44+00:00", "2022-01-26T20:14:40+00:00", "2022-01-26T20:16:15+00:00", "2022-01-26T20:20:44+00:00", "2022-01-26T20:24:44+00:00", "2022-01-26T20:26:44+00:00", "2022-01-26T20:28:02+00:00", "2022-01-26T20:32:44+00:00", "2022-01-26T20:36:15+00:00", "2022-01-26T20:38:44+00:00", "2022-01-26T20:41:24+00:00", "2022-01-26T20:44:44+00:00", "2022-01-26T20:46:44+00:00", "2022-01-26T20:48:44+00:00", "2022-01-26T20:54:45+00:00", "2022-01-26T20:56:47+00:00", "2022-01-26T21:00:47+00:00", "2022-01-26T21:04:47+00:00", "2022-01-26T21:06:48+00:00", "2022-01-26T21:08:48+00:00", "2022-01-26T21:14:48+00:00", "2022-01-26T21:16:48+00:00", "2022-01-26T21:20:48+00:00", "2022-01-26T21:21:55+00:00", "2022-01-26T21:25:23+00:00", "2022-01-26T21:26:48+00:00", "2022-01-26T21:32:48+00:00", "2022-01-26T21:35:09+00:00", "2022-01-26T21:37:01+00:00", "2022-01-26T21:39:34+00:00", "2022-01-26T21:42:48+00:00", "2022-01-26T21:43:27+00:00", "2022-01-26T21:46:48+00:00", "2022-01-26T21:48:48+00:00", "2022-01-26T21:52:48+00:00", "2022-01-26T21:56:15+00:00", "2022-01-26T21:58:48+00:00", "2022-01-26T22:00:48+00:00", "2022-01-26T22:02:48+00:00", "2022-01-26T22:06:15+00:00", "2022-01-26T22:06:48+00:00", "2022-01-26T22:12:48+00:00", "2022-01-26T22:16:30+00:00", "2022-01-26T22:18:48+00:00", "2022-01-26T22:20:48+00:00", "2022-01-26T22:23:42+00:00", "2022-01-26T22:26:30+00:00", "2022-01-26T22:30:48+00:00", "2022-01-26T22:34:48+00:00", "2022-01-26T22:36:30+00:00", "2022-01-26T22:40:48+00:00", "2022-01-26T22:44:48+00:00", "2022-01-26T22:46:48+00:00", "2022-01-26T22:50:27+00:00", "2022-01-26T22:52:48+00:00", "2022-01-26T22:56:30+00:00", "2022-01-26T22:58:48+00:00", "2022-01-26T23:00:48+00:00", "2022-01-26T23:06:30+00:00", "2022-01-26T23:08:48+00:00", "2022-01-26T23:12:48+00:00", "2022-01-26T23:16:30+00:00", "2022-01-26T23:18:48+00:00", "2022-01-26T23:22:32+00:00", "2022-01-26T23:24:48+00:00", "2022-01-26T23:26:48+00:00", "2022-01-26T23:30:48+00:00", "2022-01-26T23:32:02+00:00", "2022-01-26T23:36:30+00:00", "2022-01-26T23:38:48+00:00", "2022-01-26T23:42:48+00:00", "2022-01-26T23:46:30+00:00", "2022-01-26T23:48:48+00:00", "2022-01-26T23:49:36+00:00", "2022-01-26T23:54:48+00:00", "2022-01-26T23:56:48+00:00", "2022-01-26T23:59:30+00:00", "2022-01-27T00:00:40+00:00", "2022-01-27T00:06:09+00:00", "2022-01-27T00:06:30+00:00", "2022-01-27T00:10:48+00:00", "2022-01-27T00:14:10+00:00", "2022-01-27T00:14:48+00:00", "2022-01-27T00:18:19+00:00", "2022-01-27T00:20:48+00:00", "2022-01-27T00:21:32+00:00", "2022-01-27T00:26:30+00:00", "2022-01-27T00:28:48+00:00", "2022-01-27T00:30:14+00:00", "2022-01-27T00:31:58+00:00", "2022-01-27T00:33:59+00:00", "2022-01-27T00:36:48+00:00", "2022-01-27T00:38:31+00:00", "2022-01-27T00:42:48+00:00", "2022-01-27T00:44:17+00:00", "2022-01-27T00:46:48+00:00", "2022-01-27T00:48:01+00:00", "2022-01-27T00:50:10+00:00", "2022-01-27T00:51:30+00:00", "2022-01-27T00:55:55+00:00", "2022-01-27T00:56:30+00:00", "2022-01-27T00:58:19+00:00", "2022-01-27T01:00:28+00:00", "2022-01-27T01:01:56+00:00", "2022-01-27T01:04:45+00:00", "2022-01-27T01:05:49+00:00", "2022-01-27T01:07:01+00:00", "2022-01-27T01:08:48+00:00", "2022-01-27T01:10:48+00:00", "2022-01-27T01:12:39+00:00", "2022-01-27T01:14:39+00:00", "2022-01-27T01:16:48+00:00", "2022-01-27T01:17:20+00:00", "2022-01-27T01:22:01+00:00", "2022-01-27T01:24:48+00:00", "2022-01-27T01:26:48+00:00", "2022-01-27T01:28:49+00:00", "2022-01-27T01:30:49+00:00", "2022-01-27T01:33:16+00:00", "2022-01-27T01:36:30+00:00", "2022-01-27T01:37:01+00:00", "2022-01-27T01:39:01+00:00", "2022-01-27T01:41:58+00:00", "2022-01-27T01:43:42+00:00", "2022-01-27T01:46:49+00:00", "2022-01-27T01:48:07+00:00", "2022-01-27T01:50:15+00:00", "2022-01-27T01:54:49+00:00", "2022-01-27T01:56:49+00:00", "2022-01-27T01:57:53+00:00", "2022-01-27T02:00:49+00:00", "2022-01-27T02:04:42+00:00", "2022-01-27T02:06:30+00:00", "2022-01-27T02:08:49+00:00", "2022-01-27T02:13:00+00:00", "2022-01-27T02:13:24+00:00", "2022-01-27T02:16:46+00:00", "2022-01-27T02:18:49+00:00", "2022-01-27T02:20:49+00:00", "2022-01-27T02:22:15+00:00", "2022-01-27T02:25:03+00:00", "2022-01-27T02:26:00+00:00", "2022-01-27T02:28:09+00:00", "2022-01-27T02:30:25+00:00", "2022-01-27T02:31:14+00:00", "2022-01-27T02:35:30+00:00", "2022-01-27T02:35:54+00:00", "2022-01-27T02:39:47+00:00", "2022-01-27T02:40:49+00:00", "2022-01-27T02:43:47+00:00", "2022-01-27T02:45:31+00:00", "2022-01-27T02:47:00+00:00", "2022-01-27T02:48:49+00:00", "2022-01-27T02:51:24+00:00", "2022-01-27T02:52:44+00:00", "2022-01-27T02:54:28+00:00", "2022-01-27T02:56:29+00:00", "2022-01-27T02:57:01+00:00", "2022-01-27T02:59:57+00:00", "2022-01-27T03:01:49+00:00", "2022-01-27T03:02:49+00:00", "2022-01-27T03:05:02+00:00", "2022-01-27T03:06:30+00:00", "2022-01-27T03:07:19+00:00", "2022-01-27T03:09:51+00:00", "2022-01-27T03:10:49+00:00", "2022-01-27T03:12:15+00:00", "2022-01-27T03:15:52+00:00", "2022-01-27T03:17:36+00:00", "2022-01-27T03:19:04+00:00", "2022-01-27T03:20:00+00:00", "2022-01-27T03:21:44+00:00", "2022-01-27T03:22:49+00:00", "2022-01-27T03:25:29+00:00", "2022-01-27T03:27:53+00:00", "2022-01-27T03:32:49+00:00", "2022-01-27T03:36:45+00:00", "2022-01-27T03:40:50+00:00", "2022-01-27T03:43:07+00:00", "2022-01-27T03:46:45+00:00", "2022-01-27T03:50:50+00:00", "2022-01-27T03:54:50+00:00", "2022-01-27T03:58:50+00:00", "2022-01-27T04:02:50+00:00", "2022-01-27T04:03:27+00:00", "2022-01-27T04:08:50+00:00", "2022-01-27T04:12:50+00:00", "2022-01-27T04:16:45+00:00", "2022-01-27T04:22:50+00:00", "2022-01-27T04:26:45+00:00", "2022-01-27T04:29:31+00:00", "2022-01-27T04:32:50+00:00", "2022-01-27T04:36:45+00:00", "2022-01-27T04:40:50+00:00", "2022-01-27T04:44:50+00:00", "2022-01-27T04:45:49+00:00", "2022-01-27T04:50:50+00:00", "2022-01-27T04:54:50+00:00", "2022-01-27T04:58:50+00:00", "2022-01-27T05:02:50+00:00", "2022-01-27T05:03:19+00:00", "2022-01-27T05:06:17+00:00", "2022-01-27T05:10:50+00:00", "2022-01-27T05:14:50+00:00", "2022-01-27T05:18:50+00:00", "2022-01-27T05:20:36+00:00", "2022-01-27T05:24:50+00:00", "2022-01-27T05:26:50+00:00", "2022-01-27T05:30:50+00:00", "2022-01-27T05:34:50+00:00", "2022-01-27T05:35:31+00:00", "2022-01-27T05:40:50+00:00", "2022-01-27T05:44:50+00:00", "2022-01-27T05:46:50+00:00", "2022-01-27T05:50:50+00:00", "2022-01-27T05:54:50+00:00", "2022-01-27T05:56:50+00:00", "2022-01-27T06:00:50+00:00", "2022-01-27T06:04:50+00:00", "2022-01-27T06:08:50+00:00", "2022-01-27T06:11:11+00:00", "2022-01-27T06:12:16+00:00", "2022-01-27T06:16:45+00:00", "2022-01-27T06:19:57+00:00", "2022-01-27T06:20:50+00:00", "2022-01-27T06:26:45+00:00", "2022-01-27T06:27:21+00:00", "2022-01-27T06:32:50+00:00", "2022-01-27T06:35:17+00:00", "2022-01-27T06:37:00+00:00", "2022-01-27T06:40:50+00:00", "2022-01-27T06:44:25+00:00", "2022-01-27T06:47:39+00:00", "2022-01-27T06:50:50+00:00", "2022-01-27T06:51:57+00:00", "2022-01-27T06:56:50+00:00", "2022-01-27T06:58:50+00:00", "2022-01-27T07:02:50+00:00", "2022-01-27T07:06:50+00:00", "2022-01-27T07:08:50+00:00", "2022-01-27T07:12:50+00:00", "2022-01-27T07:16:50+00:00", "2022-01-27T07:18:50+00:00", "2022-01-27T07:22:53+00:00", "2022-01-27T07:26:53+00:00", "2022-01-27T07:28:53+00:00", "2022-01-27T07:32:53+00:00", "2022-01-27T07:36:53+00:00", "2022-01-27T07:38:00+00:00", "2022-01-27T07:41:18+00:00", "2022-01-27T07:44:53+00:00", "2022-01-27T07:47:00+00:00", "2022-01-27T07:50:53+00:00", "2022-01-27T07:54:53+00:00", "2022-01-27T07:56:05+00:00", "2022-01-27T07:58:53+00:00", "2022-01-27T07:59:59+00:00", "2022-01-27T08:04:53+00:00", "2022-01-27T08:06:26+00:00", "2022-01-27T08:08:53+00:00", "2022-01-27T08:12:21+00:00", "2022-01-27T08:12:53+00:00", "2022-01-27T08:15:18+00:00", "2022-01-27T08:18:53+00:00", "2022-01-27T08:22:53+00:00", "2022-01-27T08:26:53+00:00", "2022-01-27T08:28:28+00:00", "2022-01-27T08:30:53+00:00", "2022-01-27T08:34:47+00:00", "2022-01-27T08:36:53+00:00", "2022-01-27T08:38:53+00:00", "2022-01-27T08:42:19+00:00", "2022-01-27T08:42:53+00:00", "2022-01-27T08:47:00+00:00", "2022-01-27T08:50:53+00:00", "2022-01-27T08:54:53+00:00", "2022-01-27T08:57:00+00:00", "2022-01-27T09:00:53+00:00", "2022-01-27T09:04:05+00:00", "2022-01-27T09:06:53+00:00", "2022-01-27T09:09:36+00:00", "2022-01-27T09:12:53+00:00", "2022-01-27T09:16:53+00:00", "2022-01-27T09:17:24+00:00", "2022-01-27T09:19:41+00:00", "2022-01-27T09:21:50+00:00", "2022-01-27T09:26:53+00:00", "2022-01-27T09:28:53+00:00", "2022-01-27T09:32:44+00:00", "2022-01-27T09:34:53+00:00", "2022-01-27T09:36:53+00:00", "2022-01-27T09:38:07+00:00", "2022-01-27T09:41:45+00:00", "2022-01-27T09:44:53+00:00", "2022-01-27T09:46:53+00:00", "2022-01-27T09:48:53+00:00", "2022-01-27T09:50:53+00:00", "2022-01-27T09:53:51+00:00", "2022-01-27T09:56:53+00:00", "2022-01-27T09:58:18+00:00", "2022-01-27T10:01:07+00:00", "2022-01-27T10:03:41+00:00", "2022-01-27T10:06:30+00:00", "2022-01-27T10:07:59+00:00", "2022-01-27T10:10:53+00:00", "2022-01-27T10:12:53+00:00", "2022-01-27T10:14:53+00:00", "2022-01-27T10:17:00+00:00", "2022-01-27T10:18:45+00:00", "2022-01-27T10:21:18+00:00", "2022-01-27T10:23:03+00:00", "2022-01-27T10:26:01+00:00", "2022-01-27T10:28:53+00:00", "2022-01-27T10:30:53+00:00", "2022-01-27T10:33:25+00:00", "2022-01-27T10:36:07+00:00", "2022-01-27T10:37:00+00:00", "2022-01-27T10:40:26+00:00", "2022-01-27T10:43:07+00:00", "2022-01-27T10:45:41+00:00", "2022-01-27T10:47:58+00:00", "2022-01-27T10:49:43+00:00", "2022-01-27T10:52:53+00:00", "2022-01-27T10:54:53+00:00", "2022-01-27T10:56:53+00:00", "2022-01-27T10:59:25+00:00", "2022-01-27T11:02:31+00:00", "2022-01-27T11:04:08+00:00", "2022-01-27T11:06:10+00:00", "2022-01-27T11:07:00+00:00", "2022-01-27T11:09:48+00:00", "2022-01-27T11:11:58+00:00", "2022-01-27T11:12:53+00:00", "2022-01-27T11:16:53+00:00", "2022-01-27T11:18:50+00:00", "2022-01-27T11:20:43+00:00", "2022-01-27T11:23:25+00:00", "2022-01-27T11:25:26+00:00", "2022-01-27T11:26:53+00:00", "2022-01-27T11:30:53+00:00", "2022-01-27T11:34:53+00:00", "2022-01-27T11:37:15+00:00", "2022-01-27T11:38:53+00:00", "2022-01-27T11:40:53+00:00", "2022-01-27T11:42:41+00:00", "2022-01-27T11:44:02+00:00", "2022-01-27T11:45:55+00:00", "2022-01-27T11:47:24+00:00", "2022-01-27T11:49:17+00:00", "2022-01-27T11:52:53+00:00", "2022-01-27T11:54:49+00:00", "2022-01-27T11:56:18+00:00", "2022-01-27T11:57:55+00:00", "2022-01-27T11:59:24+00:00", "2022-01-27T12:01:42+00:00", "2022-01-27T12:03:59+00:00", "2022-01-27T12:05:52+00:00", "2022-01-27T12:07:15+00:00", "2022-01-27T12:09:15+00:00", "2022-01-27T12:12:53+00:00", "2022-01-27T12:14:22+00:00", "2022-01-27T12:16:53+00:00", "2022-01-27T12:17:28+00:00", "2022-01-27T12:22:44+00:00", "2022-01-27T12:26:06+00:00", "2022-01-27T12:27:15+00:00", "2022-01-27T12:30:01+00:00", "2022-01-27T12:32:53+00:00", "2022-01-27T12:33:31+00:00", "2022-01-27T12:36:05+00:00", "2022-01-27T12:37:15+00:00", "2022-01-27T12:40:24+00:00", "2022-01-27T12:41:45+00:00", "2022-01-27T12:43:55+00:00", "2022-01-27T12:44:52+00:00", "2022-01-27T12:47:15+00:00", "2022-01-27T12:48:06+00:00", "2022-01-27T12:51:37+00:00", "2022-01-27T12:52:53+00:00", "2022-01-27T12:55:07+00:00", "2022-01-27T12:58:53+00:00", "2022-01-27T12:59:58+00:00", "2022-01-27T13:02:32+00:00", "2022-01-27T13:06:20+00:00", "2022-01-27T13:06:54+00:00", "2022-01-27T13:09:26+00:00", "2022-01-27T13:12:00+00:00", "2022-01-27T13:13:37+00:00", "2022-01-27T13:16:03+00:00", "2022-01-27T13:17:24+00:00", "2022-01-27T13:22:32+00:00", "2022-01-27T13:23:37+00:00", "2022-01-27T13:25:06+00:00", "2022-01-27T13:26:54+00:00", "2022-01-27T13:28:45+00:00", "2022-01-27T13:30:14+00:00", "2022-01-27T13:32:48+00:00", "2022-01-27T13:34:42+00:00", "2022-01-27T13:36:54+00:00", "2022-01-27T13:39:41+00:00", "2022-01-27T13:40:30+00:00", "2022-01-27T13:43:04+00:00", "2022-01-27T13:44:54+00:00", "2022-01-27T13:46:43+00:00", "2022-01-27T13:48:36+00:00", "2022-01-27T13:50:22+00:00", "2022-01-27T13:52:31+00:00", "2022-01-27T13:55:46+00:00", "2022-01-27T13:56:51+00:00", "2022-01-27T13:58:54+00:00", "2022-01-27T14:00:22+00:00", "2022-01-27T14:03:28+00:00", "2022-01-27T14:05:05+00:00", "2022-01-27T14:07:15+00:00", "2022-01-27T14:08:54+00:00", "2022-01-27T14:13:04+00:00", "2022-01-27T14:14:17+00:00", "2022-01-27T14:16:10+00:00", "2022-01-27T14:17:23+00:00", "2022-01-27T14:19:49+00:00", "2022-01-27T14:21:26+00:00", "2022-01-27T14:22:54+00:00", "2022-01-27T14:26:18+00:00", "2022-01-27T14:28:04+00:00", "2022-01-27T14:31:35+00:00", "2022-01-27T14:34:54+00:00", "2022-01-27T14:37:48+00:00", "2022-01-27T14:40:22+00:00", "2022-01-27T14:41:59+00:00", "2022-01-27T14:44:54+00:00", "2022-01-27T14:47:15+00:00", "2022-01-27T14:48:54+00:00", "2022-01-27T14:52:00+00:00", "2022-01-27T14:54:18+00:00", "2022-01-27T14:57:15+00:00", "2022-01-27T14:58:54+00:00", "2022-01-27T15:01:36+00:00", "2022-01-27T15:06:44+00:00", "2022-01-27T15:07:15+00:00", "2022-01-27T15:12:54+00:00", "2022-01-27T15:14:26+00:00", "2022-01-27T15:17:15+00:00", "2022-01-27T15:18:54+00:00", "2022-01-27T15:22:17+00:00", "2022-01-27T15:24:42+00:00", "2022-01-27T15:26:54+00:00", "2022-01-27T15:30:54+00:00", "2022-01-27T15:33:30+00:00", "2022-01-27T15:36:12+00:00", "2022-01-27T15:37:15+00:00", "2022-01-27T15:40:16+00:00", "2022-01-27T15:44:11+00:00", "2022-01-27T15:46:54+00:00", "2022-01-27T15:50:54+00:00", "2022-01-27T15:53:48+00:00", "2022-01-27T15:54:45+00:00", "2022-01-27T15:58:32+00:00", "2022-01-27T16:00:01+00:00", "2022-01-27T16:02:55+00:00", "2022-01-27T16:05:09+00:00", "2022-01-27T16:07:15+00:00", "2022-01-27T16:10:26+00:00", "2022-01-27T16:11:06+00:00", "2022-01-27T16:13:16+00:00", "2022-01-27T16:14:54+00:00", "2022-01-27T16:17:15+00:00", "2022-01-27T16:18:55+00:00", "2022-01-27T16:20:55+00:00", "2022-01-27T16:22:55+00:00", "2022-01-27T16:24:55+00:00", "2022-01-27T16:26:55+00:00", "2022-01-27T16:28:55+00:00", "2022-01-27T16:30:55+00:00", "2022-01-27T16:32:55+00:00", "2022-01-27T16:36:24+00:00", "2022-01-27T16:36:55+00:00", "2022-01-27T16:38:42+00:00", "2022-01-27T16:40:19+00:00", "2022-01-27T16:41:48+00:00", "2022-01-27T16:44:55+00:00", "2022-01-27T16:46:08+00:00", "2022-01-27T16:48:18+00:00", "2022-01-27T16:50:20+00:00", "2022-01-27T16:51:17+00:00", "2022-01-27T16:52:46+00:00", "2022-01-27T16:54:55+00:00", "2022-01-27T16:56:01+00:00", "2022-01-27T16:57:30+00:00", "2022-01-27T16:58:55+00:00", "2022-01-27T17:00:55+00:00", "2022-01-27T17:02:55+00:00", "2022-01-27T17:05:46+00:00", "2022-01-27T17:06:55+00:00", "2022-01-27T17:09:25+00:00", "2022-01-27T17:10:14+00:00", "2022-01-27T17:13:04+00:00", "2022-01-27T17:15:30+00:00", "2022-01-27T17:17:30+00:00", "2022-01-27T17:18:53+00:00", "2022-01-27T17:21:35+00:00", "2022-01-27T17:24:02+00:00", "2022-01-27T17:24:26+00:00", "2022-01-27T17:27:08+00:00", "2022-01-27T17:27:49+00:00", "2022-01-27T17:29:59+00:00", "2022-01-27T17:32:50+00:00", "2022-01-27T17:34:19+00:00", "2022-01-27T17:36:45+00:00", "2022-01-27T17:38:14+00:00", "2022-01-27T17:39:28+00:00", "2022-01-27T17:41:54+00:00", "2022-01-27T17:44:04+00:00", "2022-01-27T17:45:17+00:00", "2022-01-27T17:46:54+00:00", "2022-01-27T17:49:05+00:00", "2022-01-27T17:50:18+00:00", "2022-01-27T17:51:56+00:00", "2022-01-27T17:53:42+00:00", "2022-01-27T17:56:01+00:00", "2022-01-27T17:57:30+00:00", "2022-01-27T17:58:55+00:00", "2022-01-27T18:00:55+00:00", "2022-01-27T18:02:55+00:00", "2022-01-27T18:04:41+00:00", "2022-01-27T18:06:18+00:00", "2022-01-27T18:07:30+00:00", "2022-01-27T18:10:22+00:00", "2022-01-27T18:14:55+00:00", "2022-01-27T18:17:57+00:00", "2022-01-27T18:18:46+00:00", "2022-01-27T18:22:41+00:00", "2022-01-27T18:24:55+00:00", "2022-01-27T18:26:55+00:00", "2022-01-27T18:28:22+00:00", "2022-01-27T18:30:55+00:00", "2022-01-27T18:36:55+00:00", "2022-01-27T18:38:55+00:00", "2022-01-27T18:40:55+00:00", "2022-01-27T18:44:55+00:00", "2022-01-27T18:46:23+00:00", "2022-01-27T18:48:55+00:00", "2022-01-27T18:52:55+00:00", "2022-01-27T18:54:23+00:00", "2022-01-27T18:57:30+00:00", "2022-01-27T18:59:15+00:00", "2022-01-27T19:02:56+00:00", "2022-01-27T19:06:50+00:00", "2022-01-27T19:07:30+00:00", "2022-01-27T19:09:32+00:00", "2022-01-27T19:11:42+00:00", "2022-01-27T19:12:56+00:00", "2022-01-27T19:17:30+00:00", "2022-01-27T19:20:56+00:00", "2022-01-27T19:24:56+00:00", "2022-01-27T19:26:11+00:00", "2022-01-27T19:28:56+00:00", "2022-01-27T19:32:56+00:00", "2022-01-27T19:37:30+00:00", "2022-01-27T19:38:56+00:00", "2022-01-27T19:42:56+00:00", "2022-01-27T19:46:56+00:00", "2022-01-27T19:48:56+00:00", "2022-01-27T19:50:56+00:00", "2022-01-27T19:52:56+00:00", "2022-01-27T19:56:56+00:00", "2022-01-27T19:58:56+00:00", "2022-01-27T20:02:56+00:00", "2022-01-27T20:04:11+00:00", "2022-01-27T20:07:30+00:00", "2022-01-27T20:12:56+00:00", "2022-01-27T20:17:30+00:00", "2022-01-27T20:22:56+00:00", "2022-01-27T20:27:30+00:00", "2022-01-27T20:32:57+00:00", "2022-01-27T20:37:30+00:00", "2022-01-27T20:40:57+00:00", "2022-01-27T20:46:57+00:00", "2022-01-27T20:50:57+00:00", "2022-01-27T20:56:57+00:00", "2022-01-27T21:00:57+00:00", "2022-01-27T21:06:40+00:00", "2022-01-27T21:12:57+00:00", "2022-01-27T21:20:57+00:00", "2022-01-27T21:30:57+00:00", "2022-01-27T21:36:57+00:00", "2022-01-27T21:44:57+00:00", "2022-01-27T21:50:57+00:00", "2022-01-27T21:56:57+00:00", "2022-01-27T22:04:57+00:00", "2022-01-27T22:08:57+00:00", "2022-01-27T22:17:45+00:00", "2022-01-27T22:22:57+00:00", "2022-01-27T22:32:57+00:00", "2022-01-27T22:37:45+00:00", "2022-01-27T22:42:57+00:00", "2022-01-27T22:50:20+00:00", "2022-01-27T22:54:57+00:00", "2022-01-27T23:00:05+00:00", "2022-01-27T23:03:37+00:00", "2022-01-27T23:10:57+00:00", "2022-01-27T23:16:13+00:00", "2022-01-27T23:18:15+00:00", "2022-01-27T23:19:20+00:00", "2022-01-27T23:22:57+00:00", "2022-01-27T23:24:21+00:00", "2022-01-27T23:25:42+00:00", "2022-01-27T23:27:45+00:00", "2022-01-27T23:31:32+00:00", "2022-01-27T23:34:57+00:00", "2022-01-27T23:38:58+00:00", "2022-01-27T23:44:58+00:00", "2022-01-27T23:47:45+00:00", "2022-01-27T23:52:58+00:00", "2022-01-27T23:54:58+00:00", "2022-01-27T23:56:58+00:00", "2022-01-28T00:00:58+00:00", "2022-01-28T00:02:57+00:00", "2022-01-28T00:04:02+00:00", "2022-01-28T00:05:40+00:00", "2022-01-28T00:08:58+00:00", "2022-01-28T00:12:58+00:00", "2022-01-28T00:16:58+00:00", "2022-01-28T00:18:58+00:00", "2022-01-28T00:20:58+00:00", "2022-01-28T00:23:17+00:00", "2022-01-28T00:27:45+00:00", "2022-01-28T00:30:11+00:00", "2022-01-28T00:34:58+00:00", "2022-01-28T00:37:45+00:00", "2022-01-28T00:42:58+00:00", "2022-01-28T00:46:58+00:00", "2022-01-28T00:48:58+00:00", "2022-01-28T00:51:44+00:00", "2022-01-28T00:54:58+00:00", "2022-01-28T00:56:58+00:00", "2022-01-28T01:00:46+00:00", "2022-01-28T01:02:58+00:00", "2022-01-28T01:06:58+00:00", "2022-01-28T01:08:20+00:00", "2022-01-28T01:12:58+00:00", "2022-01-28T01:16:58+00:00", "2022-01-28T01:18:58+00:00", "2022-01-28T01:24:58+00:00", "2022-01-28T01:27:45+00:00", "2022-01-28T01:29:32+00:00", "2022-01-28T01:34:58+00:00", "2022-01-28T01:37:45+00:00", "2022-01-28T01:40:58+00:00", "2022-01-28T01:43:18+00:00", "2022-01-28T01:47:45+00:00", "2022-01-28T01:50:58+00:00", "2022-01-28T01:54:30+00:00", "2022-01-28T01:55:11+00:00", "2022-01-28T01:58:10+00:00", "2022-01-28T02:00:58+00:00", "2022-01-28T02:02:37+00:00", "2022-01-28T02:05:19+00:00", "2022-01-28T02:07:45+00:00", "2022-01-28T02:10:46+00:00", "2022-01-28T02:12:58+00:00", "2022-01-28T02:16:26+00:00", "2022-01-28T02:16:58+00:00", "2022-01-28T02:20:58+00:00", "2022-01-28T02:24:17+00:00", "2022-01-28T02:25:39+00:00", "2022-01-28T02:27:16+00:00", "2022-01-28T02:28:58+00:00", "2022-01-28T02:31:20+00:00", "2022-01-28T02:34:58+00:00", "2022-01-28T02:37:45+00:00", "2022-01-28T02:40:58+00:00", "2022-01-28T02:44:58+00:00", "2022-01-28T02:48:00+00:00", "2022-01-28T02:50:12+00:00", "2022-01-28T02:52:58+00:00", "2022-01-28T02:56:27+00:00", "2022-01-28T02:58:58+00:00", "2022-01-28T03:00:58+00:00", "2022-01-28T03:06:58+00:00", "2022-01-28T03:08:08+00:00", "2022-01-28T03:12:58+00:00", "2022-01-28T03:18:00+00:00", "2022-01-28T03:20:58+00:00", "2022-01-28T03:23:29+00:00", "2022-01-28T03:24:26+00:00", "2022-01-28T03:28:00+00:00", "2022-01-28T03:29:12+00:00", "2022-01-28T03:34:13+00:00", "2022-01-28T03:35:43+00:00", "2022-01-28T03:38:00+00:00", "2022-01-28T03:38:58+00:00", "2022-01-28T03:44:58+00:00", "2022-01-28T03:48:00+00:00", "2022-01-28T03:50:58+00:00", "2022-01-28T03:54:58+00:00", "2022-01-28T03:58:00+00:00", "2022-01-28T04:00:58+00:00", "2022-01-28T04:02:04+00:00", "2022-01-28T04:04:23+00:00", "2022-01-28T04:08:00+00:00", "2022-01-28T04:09:09+00:00", "2022-01-28T04:11:12+00:00", "2022-01-28T04:14:11+00:00", "2022-01-28T04:18:00+00:00", "2022-01-28T04:20:02+00:00", "2022-01-28T04:22:04+00:00", "2022-01-28T04:24:58+00:00", "2022-01-28T04:27:39+00:00", "2022-01-28T04:28:00+00:00", "2022-01-28T04:32:24+00:00", "2022-01-28T04:32:57+00:00", "2022-01-28T04:34:51+00:00", "2022-01-28T04:36:21+00:00", "2022-01-28T04:37:42+00:00", "2022-01-28T04:38:58+00:00", "2022-01-28T04:40:58+00:00", "2022-01-28T04:42:58+00:00", "2022-01-28T04:44:47+00:00", "2022-01-28T04:45:44+00:00", "2022-01-28T04:47:46+00:00", "2022-01-28T04:49:49+00:00", "2022-01-28T04:51:35+00:00", "2022-01-28T04:54:26+00:00", "2022-01-28T04:54:51+00:00", "2022-01-28T04:56:53+00:00", "2022-01-28T04:58:23+00:00", "2022-01-28T05:00:42+00:00", "2022-01-28T05:02:20+00:00", "2022-01-28T05:03:50+00:00", "2022-01-28T05:04:55+00:00", "2022-01-28T05:07:06+00:00", "2022-01-28T05:08:58+00:00", "2022-01-28T05:11:51+00:00", "2022-01-28T05:12:40+00:00", "2022-01-28T05:14:02+00:00", "2022-01-28T05:15:56+00:00", "2022-01-28T05:17:43+00:00", "2022-01-28T05:18:58+00:00", "2022-01-28T05:20:58+00:00", "2022-01-28T05:22:20+00:00", "2022-01-28T05:23:50+00:00", "2022-01-28T05:24:58+00:00", "2022-01-28T05:26:58+00:00", "2022-01-28T05:30:58+00:00", "2022-01-28T05:33:06+00:00", "2022-01-28T05:35:24+00:00", "2022-01-28T05:37:10+00:00", "2022-01-28T05:40:43+00:00", "2022-01-28T05:41:40+00:00", "2022-01-28T05:44:23+00:00", "2022-01-28T05:45:12+00:00", "2022-01-28T05:46:42+00:00", "2022-01-28T05:47:55+00:00", "2022-01-28T05:50:14+00:00", "2022-01-28T05:52:24+00:00", "2022-01-28T05:54:52+00:00", "2022-01-28T05:56:30+00:00", "2022-01-28T05:58:58+00:00", "2022-01-28T06:00:00+00:00", "2022-01-28T06:01:55+00:00", "2022-01-28T06:05:51+00:00", "2022-01-28T06:06:58+00:00", "2022-01-28T06:10:58+00:00", "2022-01-28T06:14:01+00:00", "2022-01-28T06:14:58+00:00", "2022-01-28T06:18:59+00:00", "2022-01-28T06:22:59+00:00", "2022-01-28T06:26:31+00:00", "2022-01-28T06:26:59+00:00", "2022-01-28T06:29:06+00:00", "2022-01-28T06:32:59+00:00", "2022-01-28T06:36:59+00:00", "2022-01-28T06:38:59+00:00", "2022-01-28T06:40:59+00:00", "2022-01-28T06:46:59+00:00", "2022-01-28T06:48:00+00:00", "2022-01-28T06:52:59+00:00", "2022-01-28T06:56:59+00:00", "2022-01-28T06:58:59+00:00", "2022-01-28T07:00:59+00:00", "2022-01-28T07:06:59+00:00", "2022-01-28T07:08:59+00:00", "2022-01-28T07:14:59+00:00", "2022-01-28T07:18:00+00:00", "2022-01-28T07:22:09+00:00", "2022-01-28T07:24:59+00:00", "2022-01-28T07:28:59+00:00", "2022-01-28T07:34:59+00:00", "2022-01-28T07:38:00+00:00", "2022-01-28T07:40:59+00:00", "2022-01-28T07:45:33+00:00", "2022-01-28T07:48:00+00:00", "2022-01-28T07:52:59+00:00", "2022-01-28T07:56:59+00:00", "2022-01-28T07:58:59+00:00", "2022-01-28T08:04:59+00:00", "2022-01-28T08:08:00+00:00", "2022-01-28T08:10:59+00:00", "2022-01-28T08:14:59+00:00", "2022-01-28T08:18:00+00:00", "2022-01-28T08:19:56+00:00", "2022-01-28T08:23:00+00:00", "2022-01-28T08:27:00+00:00", "2022-01-28T08:29:00+00:00", "2022-01-28T08:33:00+00:00", "2022-01-28T08:37:00+00:00", "2022-01-28T08:39:00+00:00", "2022-01-28T08:43:00+00:00", "2022-01-28T08:47:00+00:00", "2022-01-28T08:49:00+00:00", "2022-01-28T08:53:00+00:00", "2022-01-28T08:53:55+00:00", "2022-01-28T08:57:35+00:00", "2022-01-28T08:59:00+00:00", "2022-01-28T09:05:00+00:00", "2022-01-28T09:08:15+00:00", "2022-01-28T09:11:00+00:00", "2022-01-28T09:13:22+00:00", "2022-01-28T09:17:00+00:00", "2022-01-28T09:19:00+00:00", "2022-01-28T09:23:00+00:00", "2022-01-28T09:27:00+00:00", "2022-01-28T09:29:00+00:00", "2022-01-28T09:33:00+00:00", "2022-01-28T09:37:00+00:00", "2022-01-28T09:39:00+00:00", "2022-01-28T09:43:00+00:00", "2022-01-28T09:43:58+00:00", "2022-01-28T09:48:15+00:00", "2022-01-28T09:51:00+00:00", "2022-01-28T09:55:00+00:00", "2022-01-28T09:58:15+00:00", "2022-01-28T10:01:00+00:00", "2022-01-28T10:02:12+00:00", "2022-01-28T10:07:00+00:00", "2022-01-28T10:09:00+00:00", "2022-01-28T10:13:00+00:00", "2022-01-28T10:14:02+00:00", "2022-01-28T10:18:06+00:00", "2022-01-28T10:19:00+00:00", "2022-01-28T10:25:00+00:00", "2022-01-28T10:28:15+00:00", "2022-01-28T10:31:00+00:00", "2022-01-28T10:35:00+00:00", "2022-01-28T10:38:15+00:00", "2022-01-28T10:41:00+00:00", "2022-01-28T10:45:00+00:00", "2022-01-28T10:48:15+00:00", "2022-01-28T10:51:00+00:00", "2022-01-28T10:55:00+00:00", "2022-01-28T10:57:00+00:00", "2022-01-28T11:01:00+00:00", "2022-01-28T11:05:00+00:00", "2022-01-28T11:08:15+00:00", "2022-01-28T11:11:00+00:00", "2022-01-28T11:15:00+00:00", "2022-01-28T11:18:15+00:00", "2022-01-28T11:21:00+00:00", "2022-01-28T11:23:01+00:00", "2022-01-28T11:28:15+00:00", "2022-01-28T11:30:58+00:00", "2022-01-28T11:35:01+00:00", "2022-01-28T11:38:15+00:00", "2022-01-28T11:41:01+00:00", "2022-01-28T11:45:01+00:00", "2022-01-28T11:47:41+00:00", "2022-01-28T11:49:01+00:00", "2022-01-28T11:51:54+00:00", "2022-01-28T11:57:01+00:00", "2022-01-28T11:59:01+00:00", "2022-01-28T12:04:17+00:00", "2022-01-28T12:07:01+00:00", "2022-01-28T12:08:30+00:00", "2022-01-28T12:13:01+00:00", "2022-01-28T12:17:01+00:00", "2022-01-28T12:19:01+00:00", "2022-01-28T12:21:01+00:00", "2022-01-28T12:22:56+00:00", "2022-01-28T12:27:01+00:00", "2022-01-28T12:28:06+00:00", "2022-01-28T12:33:01+00:00", "2022-01-28T12:37:01+00:00", "2022-01-28T12:37:29+00:00", "2022-01-28T12:41:01+00:00", "2022-01-28T12:45:01+00:00", "2022-01-28T12:48:15+00:00", "2022-01-28T12:50:07+00:00", "2022-01-28T12:53:01+00:00", "2022-01-28T12:55:25+00:00", "2022-01-28T12:57:01+00:00", "2022-01-28T12:59:01+00:00", "2022-01-28T13:00:27+00:00", "2022-01-28T13:02:54+00:00", "2022-01-28T13:06:01+00:00", "2022-01-28T13:07:01+00:00", "2022-01-28T13:08:45+00:00", "2022-01-28T13:13:01+00:00", "2022-01-28T13:15:49+00:00", "2022-01-28T13:17:01+00:00", "2022-01-28T13:19:13+00:00", "2022-01-28T13:23:01+00:00", "2022-01-28T13:27:01+00:00", "2022-01-28T13:29:01+00:00", "2022-01-28T13:33:01+00:00", "2022-01-28T13:35:56+00:00", "2022-01-28T13:37:01+00:00", "2022-01-28T13:39:01+00:00", "2022-01-28T13:45:01+00:00", "2022-01-28T13:48:15+00:00", "2022-01-28T13:51:01+00:00", "2022-01-28T13:55:01+00:00", "2022-01-28T13:58:15+00:00", "2022-01-28T14:01:01+00:00", "2022-01-28T14:05:01+00:00", "2022-01-28T14:08:15+00:00", "2022-01-28T14:11:01+00:00", "2022-01-28T14:15:01+00:00", "2022-01-28T14:18:23+00:00", "2022-01-28T14:20:34+00:00", "2022-01-28T14:23:01+00:00", "2022-01-28T14:27:01+00:00", "2022-01-28T14:29:01+00:00", "2022-01-28T14:32:57+00:00", "2022-01-28T14:35:01+00:00", "2022-01-28T14:37:26+00:00", "2022-01-28T14:39:02+00:00", "2022-01-28T14:41:02+00:00", "2022-01-28T14:44:46+00:00", "2022-01-28T14:45:19+00:00", "2022-01-28T14:47:46+00:00", "2022-01-28T14:49:02+00:00", "2022-01-28T14:51:02+00:00", "2022-01-28T14:54:42+00:00", "2022-01-28T14:57:02+00:00", "2022-01-28T14:58:07+00:00", "2022-01-28T15:01:02+00:00", "2022-01-28T15:02:20+00:00", "2022-01-28T15:07:02+00:00", "2022-01-28T15:09:57+00:00", "2022-01-28T15:10:38+00:00", "2022-01-28T15:14:59+00:00", "2022-01-28T15:17:02+00:00", "2022-01-28T15:19:02+00:00", "2022-01-28T15:21:54+00:00", "2022-01-28T15:24:46+00:00", "2022-01-28T15:27:02+00:00", "2022-01-28T15:27:53+00:00", "2022-01-28T15:30:28+00:00", "2022-01-28T15:33:02+00:00", "2022-01-28T15:37:00+00:00", "2022-01-28T15:38:30+00:00", "2022-01-28T15:41:13+00:00", "2022-01-28T15:45:02+00:00", "2022-01-28T15:46:23+00:00", "2022-01-28T15:49:02+00:00", "2022-01-28T15:51:01+00:00", "2022-01-28T15:52:56+00:00", "2022-01-28T15:56:37+00:00", "2022-01-28T15:58:47+00:00", "2022-01-28T16:00:42+00:00", "2022-01-28T16:05:02+00:00", "2022-01-28T16:06:49+00:00", "2022-01-28T16:08:30+00:00", "2022-01-28T16:09:33+00:00", "2022-01-28T16:11:35+00:00", "2022-01-28T16:14:10+00:00", "2022-01-28T16:15:32+00:00", "2022-01-28T16:18:07+00:00", "2022-01-28T16:19:03+00:00", "2022-01-28T16:21:03+00:00", "2022-01-28T16:23:03+00:00", "2022-01-28T16:25:03+00:00", "2022-01-28T16:26:01+00:00", "2022-01-28T16:27:03+00:00", "2022-01-28T16:31:03+00:00", "2022-01-28T16:33:14+00:00", "2022-01-28T16:34:20+00:00", "2022-01-28T16:38:30+00:00", "2022-01-28T16:39:14+00:00", "2022-01-28T16:41:03+00:00", "2022-01-28T16:43:03+00:00", "2022-01-28T16:47:03+00:00", "2022-01-28T16:49:03+00:00", "2022-01-28T16:53:03+00:00", "2022-01-28T16:56:07+00:00", "2022-01-28T16:57:03+00:00", "2022-01-28T16:59:23+00:00", "2022-01-28T17:01:01+00:00", "2022-01-28T17:03:20+00:00", "2022-01-28T17:05:03+00:00", "2022-01-28T17:07:03+00:00", "2022-01-28T17:09:03+00:00", "2022-01-28T17:10:33+00:00", "2022-01-28T17:12:20+00:00", "2022-01-28T17:13:41+00:00", "2022-01-28T17:15:20+00:00", "2022-01-28T17:18:27+00:00", "2022-01-28T17:19:16+00:00", "2022-01-28T17:21:03+00:00", "2022-01-28T17:23:03+00:00", "2022-01-28T17:26:21+00:00", "2022-01-28T17:27:03+00:00", "2022-01-28T17:30:02+00:00", "2022-01-28T17:30:42+00:00", "2022-01-28T17:34:07+00:00", "2022-01-28T17:35:03+00:00", "2022-01-28T17:38:28+00:00", "2022-01-28T17:39:17+00:00", "2022-01-28T17:42:08+00:00", "2022-01-28T17:45:03+00:00", "2022-01-28T17:46:46+00:00", "2022-01-28T17:48:24+00:00", "2022-01-28T17:52:04+00:00", "2022-01-28T17:53:35+00:00", "2022-01-28T17:54:48+00:00", "2022-01-28T17:56:34+00:00", "2022-01-28T17:58:37+00:00", "2022-01-28T17:59:50+00:00", "2022-01-28T18:01:53+00:00", "2022-01-28T18:05:03+00:00", "2022-01-28T18:08:45+00:00", "2022-01-28T18:10:28+00:00", "2022-01-28T18:11:49+00:00", "2022-01-28T18:13:11+00:00", "2022-01-28T18:15:03+00:00", "2022-01-28T18:17:40+00:00", "2022-01-28T18:19:02+00:00", "2022-01-28T18:23:03+00:00", "2022-01-28T18:27:03+00:00", "2022-01-28T18:29:03+00:00", "2022-01-28T18:30:28+00:00", "2022-01-28T18:33:03+00:00", "2022-01-28T18:37:03+00:00", "2022-01-28T18:39:03+00:00", "2022-01-28T18:40:32+00:00", "2022-01-28T18:45:03+00:00", "2022-01-28T18:48:58+00:00", "2022-01-28T18:53:03+00:00", "2022-01-28T18:57:03+00:00", "2022-01-28T18:59:03+00:00", "2022-01-28T19:01:21+00:00", "2022-01-28T19:05:03+00:00", "2022-01-28T19:08:45+00:00", "2022-01-28T19:11:03+00:00", "2022-01-28T19:15:03+00:00", "2022-01-28T19:18:45+00:00", "2022-01-28T19:21:03+00:00", "2022-01-28T19:25:03+00:00", "2022-01-28T19:27:03+00:00", "2022-01-28T19:31:03+00:00", "2022-01-28T19:35:03+00:00", "2022-01-28T19:38:45+00:00", "2022-01-28T19:41:03+00:00", "2022-01-28T19:47:03+00:00", "2022-01-28T19:51:03+00:00", "2022-01-28T19:55:03+00:00", "2022-01-28T19:58:45+00:00", "2022-01-28T20:03:03+00:00", "2022-01-28T20:07:03+00:00", "2022-01-28T20:08:45+00:00", "2022-01-28T20:15:03+00:00", "2022-01-28T20:18:23+00:00", "2022-01-28T20:21:03+00:00", "2022-01-28T20:25:37+00:00", "2022-01-28T20:28:45+00:00", "2022-01-28T20:35:03+00:00", "2022-01-28T20:38:45+00:00", "2022-01-28T20:40:44+00:00", "2022-01-28T20:45:03+00:00", "2022-01-28T20:48:45+00:00", "2022-01-28T20:50:40+00:00", "2022-01-28T20:55:03+00:00", "2022-01-28T20:58:45+00:00", "2022-01-28T21:02:46+00:00", "2022-01-28T21:05:03+00:00", "2022-01-28T21:11:03+00:00", "2022-01-28T21:12:02+00:00", "2022-01-28T21:17:03+00:00", "2022-01-28T21:21:03+00:00", "2022-01-28T21:23:03+00:00", "2022-01-28T21:28:45+00:00", "2022-01-28T21:35:03+00:00", "2022-01-28T21:38:45+00:00", "2022-01-28T21:43:04+00:00", "2022-01-28T21:45:39+00:00", "2022-01-28T21:51:04+00:00", "2022-01-28T21:51:55+00:00", "2022-01-28T21:57:04+00:00", "2022-01-28T21:59:04+00:00", "2022-01-28T22:03:05+00:00", "2022-01-28T22:07:05+00:00", "2022-01-28T22:09:05+00:00", "2022-01-28T22:11:47+00:00", "2022-01-28T22:15:05+00:00", "2022-01-28T22:17:05+00:00", "2022-01-28T22:19:00+00:00", "2022-01-28T22:24:27+00:00", "2022-01-28T22:27:05+00:00", "2022-01-28T22:29:05+00:00", "2022-01-28T22:33:05+00:00", "2022-01-28T22:35:05+00:00", "2022-01-28T22:37:05+00:00", "2022-01-28T22:41:03+00:00", "2022-01-28T22:43:05+00:00", "2022-01-28T22:47:05+00:00", "2022-01-28T22:51:05+00:00", "2022-01-28T22:54:56+00:00", "2022-01-28T22:57:05+00:00", "2022-01-28T23:01:05+00:00", "2022-01-28T23:05:05+00:00", "2022-01-28T23:09:00+00:00", "2022-01-28T23:12:22+00:00", "2022-01-28T23:13:05+00:00", "2022-01-28T23:19:00+00:00", "2022-01-28T23:23:05+00:00", "2022-01-28T23:25:17+00:00", "2022-01-28T23:29:00+00:00", "2022-01-28T23:30:35+00:00", "2022-01-28T23:35:05+00:00", "2022-01-28T23:39:00+00:00", "2022-01-28T23:43:05+00:00", "2022-01-28T23:47:05+00:00", "2022-01-28T23:50:11+00:00", "2022-01-28T23:51:05+00:00", "2022-01-28T23:57:05+00:00", "2022-01-28T23:59:17+00:00", "2022-01-29T00:03:05+00:00", "2022-01-29T00:07:05+00:00", "2022-01-29T00:11:05+00:00", "2022-01-29T00:15:05+00:00", "2022-01-29T00:19:00+00:00", "2022-01-29T00:23:05+00:00", "2022-01-29T00:27:05+00:00", "2022-01-29T00:31:05+00:00", "2022-01-29T00:35:05+00:00", "2022-01-29T00:39:00+00:00", "2022-01-29T00:43:05+00:00", "2022-01-29T00:44:28+00:00", "2022-01-29T00:49:00+00:00", "2022-01-29T00:53:05+00:00", "2022-01-29T00:56:01+00:00", "2022-01-29T00:57:05+00:00", "2022-01-29T01:03:08+00:00", "2022-01-29T01:07:08+00:00", "2022-01-29T01:07:51+00:00", "2022-01-29T01:13:08+00:00", "2022-01-29T01:17:08+00:00", "2022-01-29T01:17:31+00:00", "2022-01-29T01:23:08+00:00", "2022-01-29T01:27:08+00:00", "2022-01-29T01:27:59+00:00", "2022-01-29T01:33:08+00:00", "2022-01-29T01:37:08+00:00", "2022-01-29T01:41:08+00:00", "2022-01-29T01:45:08+00:00", "2022-01-29T01:49:00+00:00", "2022-01-29T01:51:40+00:00", "2022-01-29T01:55:08+00:00", "2022-01-29T01:59:00+00:00", "2022-01-29T02:03:08+00:00", "2022-01-29T02:07:08+00:00", "2022-01-29T02:11:08+00:00", "2022-01-29T02:15:08+00:00", "2022-01-29T02:19:00+00:00", "2022-01-29T02:19:50+00:00", "2022-01-29T02:25:08+00:00", "2022-01-29T02:28:25+00:00", "2022-01-29T02:29:00+00:00", "2022-01-29T02:35:08+00:00", "2022-01-29T02:39:00+00:00", "2022-01-29T02:40:40+00:00", "2022-01-29T02:45:08+00:00", "2022-01-29T02:49:00+00:00", "2022-01-29T02:52:47+00:00", "2022-01-29T02:59:00+00:00", "2022-01-29T02:59:27+00:00", "2022-01-29T03:05:08+00:00", "2022-01-29T03:09:00+00:00", "2022-01-29T03:13:08+00:00", "2022-01-29T03:17:08+00:00", "2022-01-29T03:21:08+00:00", "2022-01-29T03:25:08+00:00", "2022-01-29T03:29:00+00:00", "2022-01-29T03:30:06+00:00", "2022-01-29T03:33:00+00:00", "2022-01-29T03:37:08+00:00", "2022-01-29T03:39:00+00:00", "2022-01-29T03:42:15+00:00", "2022-01-29T03:45:08+00:00", "2022-01-29T03:49:00+00:00", "2022-01-29T03:51:30+00:00", "2022-01-29T03:54:54+00:00", "2022-01-29T03:59:00+00:00", "2022-01-29T04:03:08+00:00", "2022-01-29T04:07:08+00:00", "2022-01-29T04:08:48+00:00", "2022-01-29T04:11:32+00:00", "2022-01-29T04:17:08+00:00", "2022-01-29T04:21:08+00:00", "2022-01-29T04:25:09+00:00", "2022-01-29T04:27:13+00:00", "2022-01-29T04:33:09+00:00", "2022-01-29T04:37:09+00:00", "2022-01-29T04:39:00+00:00", "2022-01-29T04:45:09+00:00", "2022-01-29T04:49:09+00:00", "2022-01-29T04:53:09+00:00", "2022-01-29T04:57:09+00:00", "2022-01-29T05:00:00+00:00", "2022-01-29T05:01:09+00:00", "2022-01-29T05:07:09+00:00", "2022-01-29T05:11:09+00:00", "2022-01-29T05:15:09+00:00", "2022-01-29T05:17:21+00:00", "2022-01-29T05:21:09+00:00", "2022-01-29T05:25:09+00:00", "2022-01-29T05:29:09+00:00", "2022-01-29T05:33:09+00:00", "2022-01-29T05:37:09+00:00", "2022-01-29T05:41:09+00:00", "2022-01-29T05:45:09+00:00", "2022-01-29T05:48:03+00:00", "2022-01-29T05:49:15+00:00", "2022-01-29T05:55:09+00:00", "2022-01-29T05:59:09+00:00", "2022-01-29T06:01:09+00:00", "2022-01-29T06:05:09+00:00", "2022-01-29T06:08:07+00:00", "2022-01-29T06:09:37+00:00", "2022-01-29T06:13:09+00:00", "2022-01-29T06:17:09+00:00", "2022-01-29T06:19:15+00:00", "2022-01-29T06:25:09+00:00", "2022-01-29T06:29:09+00:00", "2022-01-29T06:31:09+00:00", "2022-01-29T06:33:09+00:00", "2022-01-29T06:39:09+00:00", "2022-01-29T06:41:09+00:00", "2022-01-29T06:47:09+00:00", "2022-01-29T06:49:15+00:00", "2022-01-29T06:55:09+00:00", "2022-01-29T06:57:42+00:00", "2022-01-29T06:59:15+00:00", "2022-01-29T07:05:09+00:00", "2022-01-29T07:07:09+00:00", "2022-01-29T07:11:09+00:00", "2022-01-29T07:13:09+00:00", "2022-01-29T07:19:09+00:00", "2022-01-29T07:21:09+00:00", "2022-01-29T07:27:09+00:00", "2022-01-29T07:29:15+00:00", "2022-01-29T07:32:17+00:00", "2022-01-29T07:35:58+00:00", "2022-01-29T07:39:09+00:00", "2022-01-29T07:43:09+00:00", "2022-01-29T07:47:09+00:00", "2022-01-29T07:49:15+00:00", "2022-01-29T07:54:10+00:00", "2022-01-29T07:57:09+00:00", "2022-01-29T07:59:09+00:00", "2022-01-29T08:03:09+00:00", "2022-01-29T08:07:09+00:00", "2022-01-29T08:09:15+00:00", "2022-01-29T08:11:09+00:00", "2022-01-29T08:17:09+00:00", "2022-01-29T08:19:15+00:00", "2022-01-29T08:23:10+00:00", "2022-01-29T08:26:50+00:00", "2022-01-29T08:29:10+00:00", "2022-01-29T08:33:10+00:00", "2022-01-29T08:37:10+00:00", "2022-01-29T08:39:15+00:00", "2022-01-29T08:45:10+00:00", "2022-01-29T08:49:10+00:00", "2022-01-29T08:51:10+00:00", "2022-01-29T08:57:10+00:00", "2022-01-29T08:59:15+00:00", "2022-01-29T09:05:00+00:00", "2022-01-29T09:09:15+00:00", "2022-01-29T09:13:10+00:00", "2022-01-29T09:16:06+00:00", "2022-01-29T09:19:10+00:00", "2022-01-29T09:21:10+00:00", "2022-01-29T09:25:10+00:00", "2022-01-29T09:29:10+00:00", "2022-01-29T09:31:10+00:00", "2022-01-29T09:32:56+00:00", "2022-01-29T09:37:10+00:00", "2022-01-29T09:39:30+00:00", "2022-01-29T09:41:17+00:00", "2022-01-29T09:42:39+00:00", "2022-01-29T09:47:10+00:00", "2022-01-29T09:49:10+00:00", "2022-01-29T09:49:46+00:00", "2022-01-29T09:55:10+00:00", "2022-01-29T09:59:10+00:00", "2022-01-29T10:01:00+00:00", "2022-01-29T10:03:10+00:00", "2022-01-29T10:06:45+00:00", "2022-01-29T10:07:10+00:00", "2022-01-29T10:11:10+00:00", "2022-01-29T10:15:10+00:00", "2022-01-29T10:17:33+00:00", "2022-01-29T10:19:30+00:00", "2022-01-29T10:23:19+00:00", "2022-01-29T10:27:10+00:00", "2022-01-29T10:29:30+00:00", "2022-01-29T10:31:10+00:00", "2022-01-29T10:33:10+00:00", "2022-01-29T10:38:56+00:00", "2022-01-29T10:39:30+00:00", "2022-01-29T10:45:10+00:00", "2022-01-29T10:47:01+00:00", "2022-01-29T10:49:30+00:00", "2022-01-29T10:53:10+00:00", "2022-01-29T10:56:29+00:00", "2022-01-29T10:57:10+00:00", "2022-01-29T11:01:10+00:00", "2022-01-29T11:05:10+00:00", "2022-01-29T11:09:10+00:00", "2022-01-29T11:11:10+00:00", "2022-01-29T11:15:10+00:00", "2022-01-29T11:18:01+00:00", "2022-01-29T11:19:30+00:00", "2022-01-29T11:25:10+00:00", "2022-01-29T11:29:10+00:00", "2022-01-29T11:31:10+00:00", "2022-01-29T11:35:10+00:00", "2022-01-29T11:39:10+00:00", "2022-01-29T11:41:10+00:00", "2022-01-29T11:43:10+00:00", "2022-01-29T11:47:10+00:00", "2022-01-29T11:49:01+00:00", "2022-01-29T11:51:10+00:00", "2022-01-29T11:57:10+00:00", "2022-01-29T11:59:30+00:00", "2022-01-29T12:03:10+00:00", "2022-01-29T12:07:10+00:00", "2022-01-29T12:09:30+00:00", "2022-01-29T12:13:10+00:00", "2022-01-29T12:13:57+00:00", "2022-01-29T12:19:10+00:00", "2022-01-29T12:21:10+00:00", "2022-01-29T12:25:10+00:00", "2022-01-29T12:27:07+00:00", "2022-01-29T12:31:10+00:00", "2022-01-29T12:35:04+00:00", "2022-01-29T12:37:10+00:00", "2022-01-29T12:39:30+00:00", "2022-01-29T12:43:10+00:00", "2022-01-29T12:47:10+00:00", "2022-01-29T12:49:30+00:00", "2022-01-29T12:55:10+00:00", "2022-01-29T12:59:10+00:00", "2022-01-29T13:01:10+00:00", "2022-01-29T13:03:10+00:00", "2022-01-29T13:09:10+00:00", "2022-01-29T13:11:10+00:00", "2022-01-29T13:17:10+00:00", "2022-01-29T13:20:11+00:00", "2022-01-29T13:23:10+00:00", "2022-01-29T13:28:57+00:00", "2022-01-29T13:31:10+00:00", "2022-01-29T13:37:10+00:00", "2022-01-29T13:39:30+00:00", "2022-01-29T13:45:10+00:00", "2022-01-29T13:49:10+00:00", "2022-01-29T13:51:02+00:00", "2022-01-29T13:52:24+00:00", "2022-01-29T13:57:10+00:00", "2022-01-29T13:59:30+00:00", "2022-01-29T14:03:10+00:00", "2022-01-29T14:07:10+00:00", "2022-01-29T14:09:30+00:00", "2022-01-29T14:11:10+00:00", "2022-01-29T14:17:10+00:00", "2022-01-29T14:17:54+00:00", "2022-01-29T14:21:10+00:00", "2022-01-29T14:24:54+00:00", "2022-01-29T14:29:30+00:00", "2022-01-29T14:33:10+00:00", "2022-01-29T14:37:10+00:00", "2022-01-29T14:39:30+00:00", "2022-01-29T14:43:10+00:00", "2022-01-29T14:47:10+00:00", "2022-01-29T14:49:30+00:00", "2022-01-29T14:51:10+00:00", "2022-01-29T14:55:10+00:00", "2022-01-29T14:58:15+00:00", "2022-01-29T14:59:30+00:00", "2022-01-29T15:05:10+00:00", "2022-01-29T15:09:10+00:00", "2022-01-29T15:11:10+00:00", "2022-01-29T15:15:10+00:00", "2022-01-29T15:19:10+00:00", "2022-01-29T15:21:10+00:00", "2022-01-29T15:25:10+00:00", "2022-01-29T15:29:45+00:00", "2022-01-29T15:33:10+00:00", "2022-01-29T15:37:05+00:00", "2022-01-29T15:39:10+00:00", "2022-01-29T15:43:10+00:00", "2022-01-29T15:47:10+00:00", "2022-01-29T15:49:45+00:00", "2022-01-29T15:53:11+00:00", "2022-01-29T15:57:11+00:00", "2022-01-29T15:59:45+00:00", "2022-01-29T16:03:11+00:00", "2022-01-29T16:07:11+00:00", "2022-01-29T16:09:45+00:00", "2022-01-29T16:11:23+00:00", "2022-01-29T16:17:11+00:00", "2022-01-29T16:19:45+00:00", "2022-01-29T16:23:11+00:00", "2022-01-29T16:26:12+00:00", "2022-01-29T16:29:11+00:00", "2022-01-29T16:31:11+00:00", "2022-01-29T16:35:11+00:00", "2022-01-29T16:36:21+00:00", "2022-01-29T16:39:45+00:00", "2022-01-29T16:43:11+00:00", "2022-01-29T16:47:11+00:00", "2022-01-29T16:49:07+00:00", "2022-01-29T16:53:11+00:00", "2022-01-29T16:57:11+00:00", "2022-01-29T16:59:45+00:00", "2022-01-29T17:05:11+00:00", "2022-01-29T17:09:11+00:00", "2022-01-29T17:11:11+00:00", "2022-01-29T17:17:11+00:00", "2022-01-29T17:19:45+00:00", "2022-01-29T17:25:11+00:00", "2022-01-29T17:29:11+00:00", "2022-01-29T17:31:11+00:00", "2022-01-29T17:34:05+00:00", "2022-01-29T17:39:11+00:00", "2022-01-29T17:41:11+00:00", "2022-01-29T17:47:11+00:00", "2022-01-29T17:49:45+00:00", "2022-01-29T17:55:11+00:00", "2022-01-29T17:57:36+00:00", "2022-01-29T17:59:45+00:00", "2022-01-29T18:02:56+00:00", "2022-01-29T18:05:49+00:00", "2022-01-29T18:09:11+00:00", "2022-01-29T18:13:11+00:00", "2022-01-29T18:19:11+00:00", "2022-01-29T18:21:11+00:00", "2022-01-29T18:27:11+00:00", "2022-01-29T18:29:11+00:00", "2022-01-29T18:33:11+00:00", "2022-01-29T18:37:11+00:00", "2022-01-29T18:39:45+00:00", "2022-01-29T18:43:11+00:00", "2022-01-29T18:45:37+00:00", "2022-01-29T18:49:11+00:00", "2022-01-29T18:51:11+00:00", "2022-01-29T18:55:11+00:00", "2022-01-29T18:59:11+00:00", "2022-01-29T19:01:11+00:00", "2022-01-29T19:03:44+00:00", "2022-01-29T19:07:11+00:00", "2022-01-29T19:09:45+00:00", "2022-01-29T19:13:11+00:00", "2022-01-29T19:16:21+00:00", "2022-01-29T19:19:11+00:00", "2022-01-29T19:21:11+00:00", "2022-01-29T19:23:11+00:00", "2022-01-29T19:28:15+00:00", "2022-01-29T19:29:45+00:00", "2022-01-29T19:35:11+00:00", "2022-01-29T19:39:11+00:00", "2022-01-29T19:41:11+00:00", "2022-01-29T19:47:11+00:00", "2022-01-29T19:48:30+00:00", "2022-01-29T19:51:00+00:00", "2022-01-29T19:54:31+00:00", "2022-01-29T19:59:11+00:00", "2022-01-29T20:01:11+00:00", "2022-01-29T20:07:11+00:00", "2022-01-29T20:10:00+00:00", "2022-01-29T20:11:57+00:00", "2022-01-29T20:17:11+00:00", "2022-01-29T20:20:00+00:00", "2022-01-29T20:23:11+00:00", "2022-01-29T20:27:11+00:00", "2022-01-29T20:28:50+00:00", "2022-01-29T20:31:11+00:00", "2022-01-29T20:37:11+00:00", "2022-01-29T20:39:11+00:00", "2022-01-29T20:43:11+00:00", "2022-01-29T20:47:11+00:00", "2022-01-29T20:50:00+00:00", "2022-01-29T20:53:11+00:00", "2022-01-29T20:57:11+00:00", "2022-01-29T21:00:00+00:00", "2022-01-29T21:03:11+00:00", "2022-01-29T21:05:20+00:00", "2022-01-29T21:09:11+00:00", "2022-01-29T21:11:11+00:00", "2022-01-29T21:15:11+00:00", "2022-01-29T21:16:44+00:00", "2022-01-29T21:20:00+00:00", "2022-01-29T21:23:11+00:00", "2022-01-29T21:25:56+00:00", "2022-01-29T21:29:11+00:00", "2022-01-29T21:31:11+00:00", "2022-01-29T21:33:29+00:00", "2022-01-29T21:37:11+00:00", "2022-01-29T21:40:00+00:00", "2022-01-29T21:43:11+00:00", "2022-01-29T21:46:56+00:00", "2022-01-29T21:51:11+00:00", "2022-01-29T21:54:12+00:00", "2022-01-29T21:57:11+00:00", "2022-01-29T22:00:00+00:00", "2022-01-29T22:03:11+00:00", "2022-01-29T22:05:36+00:00", "2022-01-29T22:09:11+00:00", "2022-01-29T22:11:11+00:00", "2022-01-29T22:15:11+00:00", "2022-01-29T22:18:47+00:00", "2022-01-29T22:20:00+00:00", "2022-01-29T22:25:11+00:00", "2022-01-29T22:26:03+00:00", "2022-01-29T22:30:00+00:00", "2022-01-29T22:33:11+00:00", "2022-01-29T22:33:36+00:00", "2022-01-29T22:37:51+00:00", "2022-01-29T22:39:11+00:00", "2022-01-29T22:40:35+00:00", "2022-01-29T22:43:20+00:00", "2022-01-29T22:47:11+00:00", "2022-01-29T22:50:00+00:00", "2022-01-29T22:53:11+00:00", "2022-01-29T22:57:11+00:00", "2022-01-29T23:00:00+00:00", "2022-01-29T23:01:36+00:00", "2022-01-29T23:07:11+00:00", "2022-01-29T23:10:00+00:00", "2022-01-29T23:11:11+00:00", "2022-01-29T23:17:11+00:00", "2022-01-29T23:20:00+00:00", "2022-01-29T23:23:11+00:00", "2022-01-29T23:27:11+00:00", "2022-01-29T23:30:00+00:00", "2022-01-29T23:33:11+00:00", "2022-01-29T23:37:11+00:00", "2022-01-29T23:40:00+00:00", "2022-01-29T23:41:11+00:00", "2022-01-29T23:47:11+00:00", "2022-01-29T23:50:00+00:00", "2022-01-29T23:53:11+00:00", "2022-01-29T23:57:11+00:00", "2022-01-30T00:00:00+00:00", "2022-01-30T00:02:24+00:00", "2022-01-30T00:07:11+00:00", "2022-01-30T00:10:00+00:00", "2022-01-30T00:13:11+00:00", "2022-01-30T00:15:50+00:00", "2022-01-30T00:19:11+00:00", "2022-01-30T00:21:11+00:00", "2022-01-30T00:27:11+00:00", "2022-01-30T00:30:00+00:00", "2022-01-30T00:33:11+00:00", "2022-01-30T00:37:11+00:00", "2022-01-30T00:40:00+00:00", "2022-01-30T00:43:11+00:00", "2022-01-30T00:45:41+00:00", "2022-01-30T00:49:11+00:00", "2022-01-30T00:51:11+00:00", "2022-01-30T00:57:11+00:00", "2022-01-30T01:00:00+00:00", "2022-01-30T01:03:11+00:00", "2022-01-30T01:07:11+00:00", "2022-01-30T01:10:15+00:00", "2022-01-30T01:13:11+00:00", "2022-01-30T01:17:11+00:00", "2022-01-30T01:19:11+00:00", "2022-01-30T01:23:11+00:00", "2022-01-30T01:27:11+00:00", "2022-01-30T01:30:15+00:00", "2022-01-30T01:33:11+00:00", "2022-01-30T01:36:30+00:00", "2022-01-30T01:37:11+00:00", "2022-01-30T01:41:11+00:00", "2022-01-30T01:45:11+00:00", "2022-01-30T01:48:08+00:00", "2022-01-30T01:50:15+00:00", "2022-01-30T01:55:11+00:00", "2022-01-30T01:59:11+00:00", "2022-01-30T02:01:11+00:00", "2022-01-30T02:05:11+00:00", "2022-01-30T02:09:07+00:00", "2022-01-30T02:10:15+00:00", "2022-01-30T02:15:11+00:00", "2022-01-30T02:19:11+00:00", "2022-01-30T02:21:11+00:00", "2022-01-30T02:27:11+00:00", "2022-01-30T02:29:49+00:00", "2022-01-30T02:31:11+00:00", "2022-01-30T02:37:11+00:00", "2022-01-30T02:40:15+00:00", "2022-01-30T02:43:11+00:00", "2022-01-30T02:47:11+00:00", "2022-01-30T02:48:09+00:00", "2022-01-30T02:51:12+00:00", "2022-01-30T02:55:12+00:00", "2022-01-30T02:59:12+00:00", "2022-01-30T03:01:12+00:00", "2022-01-30T03:03:12+00:00", "2022-01-30T03:09:12+00:00", "2022-01-30T03:11:12+00:00", "2022-01-30T03:15:12+00:00", "2022-01-30T03:19:12+00:00", "2022-01-30T03:21:12+00:00", "2022-01-30T03:23:40+00:00", "2022-01-30T03:27:12+00:00", "2022-01-30T03:30:15+00:00", "2022-01-30T03:32:06+00:00", "2022-01-30T03:37:12+00:00", "2022-01-30T03:40:15+00:00", "2022-01-30T03:43:12+00:00", "2022-01-30T03:47:12+00:00", "2022-01-30T03:50:15+00:00", "2022-01-30T03:53:12+00:00", "2022-01-30T03:57:12+00:00", "2022-01-30T04:00:00+00:00", "2022-01-30T04:07:13+00:00", "2022-01-30T04:10:00+00:00", "2022-01-30T04:12:27+00:00", "2022-01-30T04:15:13+00:00", "2022-01-30T04:18:00+00:00", "2022-01-30T04:20:15+00:00", "2022-01-30T04:23:13+00:00", "2022-01-30T04:26:57+00:00", "2022-01-30T04:30:00+00:00", "2022-01-30T04:33:13+00:00", "2022-01-30T04:37:00+00:00", "2022-01-30T04:40:15+00:00", "2022-01-30T04:43:00+00:00", "2022-01-30T04:45:13+00:00", "2022-01-30T04:47:00+00:00", "2022-01-30T04:49:40+00:00", "2022-01-30T04:50:45+00:00", "2022-01-30T04:55:13+00:00", "2022-01-30T04:57:30+00:00", "2022-01-30T05:00:15+00:00", "2022-01-30T05:04:45+00:00", "2022-01-30T05:07:13+00:00", "2022-01-30T05:09:13+00:00", "2022-01-30T05:13:13+00:00", "2022-01-30T05:17:13+00:00", "2022-01-30T05:20:15+00:00", "2022-01-30T05:23:13+00:00", "2022-01-30T05:25:13+00:00", "2022-01-30T05:30:15+00:00", "2022-01-30T05:33:13+00:00", "2022-01-30T05:36:37+00:00", "2022-01-30T05:39:13+00:00", "2022-01-30T05:41:13+00:00", "2022-01-30T05:45:13+00:00", "2022-01-30T05:49:13+00:00", "2022-01-30T05:51:13+00:00", "2022-01-30T05:53:13+00:00", "2022-01-30T05:57:58+00:00", "2022-01-30T05:59:13+00:00", "2022-01-30T06:02:54+00:00", "2022-01-30T06:05:13+00:00", "2022-01-30T06:07:13+00:00", "2022-01-30T06:11:13+00:00", "2022-01-30T06:15:13+00:00", "2022-01-30T06:19:13+00:00", "2022-01-30T06:21:13+00:00", "2022-01-30T06:27:07+00:00", "2022-01-30T06:29:13+00:00", "2022-01-30T06:33:13+00:00", "2022-01-30T06:37:13+00:00", "2022-01-30T06:39:35+00:00", "2022-01-30T06:41:13+00:00", "2022-01-30T06:47:13+00:00", "2022-01-30T06:50:30+00:00", "2022-01-30T06:53:13+00:00", "2022-01-30T06:55:13+00:00", "2022-01-30T07:00:30+00:00", "2022-01-30T07:03:13+00:00", "2022-01-30T07:07:13+00:00", "2022-01-30T07:10:30+00:00", "2022-01-30T07:13:13+00:00", "2022-01-30T07:17:13+00:00", "2022-01-30T07:20:30+00:00", "2022-01-30T07:21:45+00:00", "2022-01-30T07:27:13+00:00", "2022-01-30T07:30:30+00:00", "2022-01-30T07:31:23+00:00", "2022-01-30T07:35:39+00:00", "2022-01-30T07:37:24+00:00", "2022-01-30T07:40:30+00:00", "2022-01-30T07:43:13+00:00", "2022-01-30T07:44:29+00:00", "2022-01-30T07:49:13+00:00", "2022-01-30T07:51:13+00:00", "2022-01-30T07:55:13+00:00", "2022-01-30T07:57:04+00:00", "2022-01-30T08:00:30+00:00", "2022-01-30T08:03:13+00:00", "2022-01-30T08:05:37+00:00", "2022-01-30T08:09:13+00:00", "2022-01-30T08:11:13+00:00", "2022-01-30T08:13:13+00:00", "2022-01-30T08:19:13+00:00", "2022-01-30T08:21:13+00:00", "2022-01-30T08:27:13+00:00", "2022-01-30T08:30:30+00:00", "2022-01-30T08:33:13+00:00", "2022-01-30T08:35:13+00:00", "2022-01-30T08:40:30+00:00", "2022-01-30T08:41:50+00:00", "2022-01-30T08:47:13+00:00", "2022-01-30T08:50:30+00:00", "2022-01-30T08:53:13+00:00", "2022-01-30T08:55:37+00:00", "2022-01-30T08:59:13+00:00", "2022-01-30T09:00:30+00:00", "2022-01-30T09:05:13+00:00", "2022-01-30T09:07:39+00:00", "2022-01-30T09:10:30+00:00", "2022-01-30T09:13:13+00:00", "2022-01-30T09:17:13+00:00", "2022-01-30T09:18:29+00:00", "2022-01-30T09:20:30+00:00", "2022-01-30T09:25:13+00:00", "2022-01-30T09:29:03+00:00", "2022-01-30T09:30:30+00:00", "2022-01-30T09:32:48+00:00", "2022-01-30T09:35:13+00:00", "2022-01-30T09:35:52+00:00", "2022-01-30T09:40:30+00:00", "2022-01-30T09:42:43+00:00", "2022-01-30T09:45:13+00:00", "2022-01-30T09:46:19+00:00", "2022-01-30T09:48:36+00:00", "2022-01-30T09:51:13+00:00", "2022-01-30T09:53:57+00:00", "2022-01-30T09:57:13+00:00", "2022-01-30T09:57:50+00:00", "2022-01-30T10:01:14+00:00", "2022-01-30T10:05:14+00:00", "2022-01-30T10:09:04+00:00", "2022-01-30T10:10:30+00:00", "2022-01-30T10:15:14+00:00", "2022-01-30T10:19:14+00:00", "2022-01-30T10:21:14+00:00", "2022-01-30T10:25:14+00:00", "2022-01-30T10:26:20+00:00", "2022-01-30T10:30:30+00:00", "2022-01-30T10:33:14+00:00", "2022-01-30T10:36:06+00:00", "2022-01-30T10:38:15+00:00", "2022-01-30T10:40:30+00:00", "2022-01-30T10:42:00+00:00", "2022-01-30T10:43:36+00:00", "2022-01-30T10:46:49+00:00", "2022-01-30T10:50:30+00:00", "2022-01-30T10:52:10+00:00", "2022-01-30T10:55:39+00:00", "2022-01-30T10:57:14+00:00", "2022-01-30T11:01:14+00:00", "2022-01-30T11:02:44+00:00", "2022-01-30T11:05:08+00:00", "2022-01-30T11:07:00+00:00", "2022-01-30T11:10:21+00:00", "2022-01-30T11:11:41+00:00", "2022-01-30T11:15:14+00:00", "2022-01-30T11:16:38+00:00", "2022-01-30T11:20:30+00:00", "2022-01-30T11:21:43+00:00", "2022-01-30T11:24:24+00:00", "2022-01-30T11:25:52+00:00", "2022-01-30T11:30:30+00:00", "2022-01-30T11:31:14+00:00", "2022-01-30T11:35:14+00:00", "2022-01-30T11:37:54+00:00", "2022-01-30T11:40:30+00:00", "2022-01-30T11:43:14+00:00", "2022-01-30T11:47:14+00:00", "2022-01-30T11:50:30+00:00", "2022-01-30T11:53:14+00:00", "2022-01-30T11:57:14+00:00", "2022-01-30T12:00:30+00:00", "2022-01-30T12:01:43+00:00", "2022-01-30T12:07:14+00:00", "2022-01-30T12:10:30+00:00", "2022-01-30T12:13:14+00:00", "2022-01-30T12:17:14+00:00", "2022-01-30T12:18:49+00:00", "2022-01-30T12:22:02+00:00", "2022-01-30T12:25:14+00:00", "2022-01-30T12:26:27+00:00", "2022-01-30T12:30:03+00:00", "2022-01-30T12:31:14+00:00", "2022-01-30T12:37:14+00:00", "2022-01-30T12:40:21+00:00", "2022-01-30T12:41:14+00:00", "2022-01-30T12:47:14+00:00", "2022-01-30T12:50:45+00:00", "2022-01-30T12:51:14+00:00", "2022-01-30T12:55:44+00:00", "2022-01-30T12:57:14+00:00", "2022-01-30T13:01:14+00:00", "2022-01-30T13:05:14+00:00", "2022-01-30T13:09:14+00:00", "2022-01-30T13:11:14+00:00", "2022-01-30T13:13:31+00:00", "2022-01-30T13:17:14+00:00", "2022-01-30T13:20:45+00:00", "2022-01-30T13:23:14+00:00", "2022-01-30T13:27:14+00:00", "2022-01-30T13:30:45+00:00", "2022-01-30T13:32:39+00:00", "2022-01-30T13:37:14+00:00", "2022-01-30T13:40:45+00:00", "2022-01-30T13:43:14+00:00", "2022-01-30T13:46:41+00:00", "2022-01-30T13:50:45+00:00", "2022-01-30T13:55:14+00:00", "2022-01-30T13:59:14+00:00", "2022-01-30T14:01:14+00:00", "2022-01-30T14:03:14+00:00", "2022-01-30T14:09:14+00:00", "2022-01-30T14:11:14+00:00", "2022-01-30T14:17:14+00:00", "2022-01-30T14:20:45+00:00", "2022-01-30T14:25:14+00:00", "2022-01-30T14:29:14+00:00", "2022-01-30T14:31:14+00:00", "2022-01-30T14:36:26+00:00", "2022-01-30T14:39:14+00:00", "2022-01-30T14:43:14+00:00", "2022-01-30T14:46:44+00:00", "2022-01-30T14:50:45+00:00", "2022-01-30T14:55:14+00:00", "2022-01-30T15:00:45+00:00", "2022-01-30T15:03:42+00:00", "2022-01-30T15:07:14+00:00", "2022-01-30T15:10:45+00:00", "2022-01-30T15:13:14+00:00", "2022-01-30T15:17:14+00:00", "2022-01-30T15:20:45+00:00", "2022-01-30T15:23:14+00:00", "2022-01-30T15:27:14+00:00", "2022-01-30T15:30:45+00:00", "2022-01-30T15:33:14+00:00", "2022-01-30T15:35:14+00:00", "2022-01-30T15:40:45+00:00", "2022-01-30T15:41:59+00:00", "2022-01-30T15:47:14+00:00", "2022-01-30T15:50:45+00:00", "2022-01-30T15:53:14+00:00", "2022-01-30T15:57:14+00:00", "2022-01-30T16:00:45+00:00", "2022-01-30T16:03:14+00:00", "2022-01-30T16:07:14+00:00", "2022-01-30T16:10:45+00:00", "2022-01-30T16:13:14+00:00", "2022-01-30T16:17:14+00:00", "2022-01-30T16:20:45+00:00", "2022-01-30T16:23:14+00:00", "2022-01-30T16:27:14+00:00", "2022-01-30T16:30:45+00:00", "2022-01-30T16:33:14+00:00", "2022-01-30T16:37:14+00:00", "2022-01-30T16:40:45+00:00", "2022-01-30T16:41:38+00:00", "2022-01-30T16:47:14+00:00", "2022-01-30T16:49:40+00:00", "2022-01-30T16:51:32+00:00", "2022-01-30T16:55:14+00:00", "2022-01-30T16:58:45+00:00", "2022-01-30T16:59:14+00:00", "2022-01-30T17:01:26+00:00", "2022-01-30T17:04:30+00:00", "2022-01-30T17:05:14+00:00", "2022-01-30T17:09:27+00:00", "2022-01-30T17:11:00+00:00", "2022-01-30T17:14:48+00:00", "2022-01-30T17:21:00+00:00", "2022-01-30T17:23:14+00:00", "2022-01-30T17:26:51+00:00", "2022-01-30T17:31:14+00:00", "2022-01-30T17:35:14+00:00", "2022-01-30T17:39:01+00:00", "2022-01-30T17:41:42+00:00", "2022-01-30T17:45:14+00:00", "2022-01-30T17:50:00+00:00", "2022-01-30T17:51:00+00:00", "2022-01-30T17:54:33+00:00", "2022-01-30T17:55:29+00:00", "2022-01-30T17:56:25+00:00", "2022-01-30T18:00:50+00:00", "2022-01-30T18:01:30+00:00", "2022-01-30T18:05:14+00:00", "2022-01-30T18:08:27+00:00", "2022-01-30T18:09:14+00:00", "2022-01-30T18:11:08+00:00", "2022-01-30T18:13:14+00:00", "2022-01-30T18:15:49+00:00", "2022-01-30T18:21:00+00:00", "2022-01-30T18:22:30+00:00", "2022-01-30T18:25:02+00:00", "2022-01-30T18:25:34+00:00", "2022-01-30T18:27:51+00:00", "2022-01-30T18:29:43+00:00", "2022-01-30T18:31:14+00:00", "2022-01-30T18:33:14+00:00", "2022-01-30T18:35:14+00:00", "2022-01-30T18:37:14+00:00", "2022-01-30T18:39:45+00:00", "2022-01-30T18:40:33+00:00", "2022-01-30T18:42:09+00:00", "2022-01-30T18:46:10+00:00", "2022-01-30T18:47:46+00:00", "2022-01-30T18:48:18+00:00", "2022-01-30T18:50:35+00:00", "2022-01-30T18:51:47+00:00", "2022-01-30T18:54:28+00:00", "2022-01-30T18:55:32+00:00", "2022-01-30T18:58:20+00:00", "2022-01-30T19:00:45+00:00", "2022-01-30T19:03:14+00:00", "2022-01-30T19:03:57+00:00", "2022-01-30T19:08:14+00:00", "2022-01-30T19:09:14+00:00", "2022-01-30T19:11:11+00:00", "2022-01-30T19:13:14+00:00", "2022-01-30T19:15:35+00:00", "2022-01-30T19:18:32+00:00", "2022-01-30T19:20:00+00:00", "2022-01-30T19:24:09+00:00", "2022-01-30T19:25:13+00:00", "2022-01-30T19:27:14+00:00", "2022-01-30T19:30:34+00:00", "2022-01-30T19:31:46+00:00", "2022-01-30T19:34:51+00:00", "2022-01-30T19:37:07+00:00", "2022-01-30T19:38:20+00:00", "2022-01-30T19:41:32+00:00", "2022-01-30T19:43:40+00:00", "2022-01-30T19:45:33+00:00", "2022-01-30T19:47:18+00:00", "2022-01-30T19:49:33+00:00", "2022-01-30T19:51:10+00:00", "2022-01-30T19:53:50+00:00", "2022-01-30T19:59:18+00:00", "2022-01-30T20:01:00+00:00", "2022-01-30T20:03:18+00:00", "2022-01-30T20:05:18+00:00", "2022-01-30T20:09:18+00:00", "2022-01-30T20:11:13+00:00", "2022-01-30T20:13:19+00:00", "2022-01-30T20:15:19+00:00", "2022-01-30T20:17:14+00:00", "2022-01-30T20:21:00+00:00", "2022-01-30T20:25:19+00:00", "2022-01-30T20:28:05+00:00", "2022-01-30T20:29:19+00:00", "2022-01-30T20:33:20+00:00", "2022-01-30T20:35:20+00:00", "2022-01-30T20:37:20+00:00", "2022-01-30T20:41:00+00:00", "2022-01-30T20:43:20+00:00", "2022-01-30T20:44:48+00:00", "2022-01-30T20:47:37+00:00", "2022-01-30T20:49:20+00:00", "2022-01-30T20:54:34+00:00", "2022-01-30T20:56:35+00:00", "2022-01-30T20:58:43+00:00", "2022-01-30T20:59:31+00:00", "2022-01-30T21:05:21+00:00", "2022-01-30T21:09:21+00:00", "2022-01-30T21:13:21+00:00", "2022-01-30T21:14:46+00:00", "2022-01-30T21:16:14+00:00", "2022-01-30T21:19:02+00:00", "2022-01-30T21:19:59+00:00", "2022-01-30T21:23:21+00:00", "2022-01-30T21:24:23+00:00", "2022-01-30T21:27:21+00:00", "2022-01-30T21:30:57+00:00", "2022-01-30T21:31:21+00:00", "2022-01-30T21:33:54+00:00", "2022-01-30T21:36:50+00:00", "2022-01-30T21:38:02+00:00", "2022-01-30T21:39:24+00:00", "2022-01-30T21:43:24+00:00", "2022-01-30T21:45:24+00:00", "2022-01-30T21:51:15+00:00", "2022-01-30T21:54:29+00:00", "2022-01-30T21:56:29+00:00", "2022-01-30T21:59:24+00:00", "2022-01-30T22:01:15+00:00", "2022-01-30T22:05:24+00:00", "2022-01-30T22:06:07+00:00", "2022-01-30T22:11:15+00:00", "2022-01-30T22:13:36+00:00", "2022-01-30T22:17:24+00:00", "2022-01-30T22:21:15+00:00", "2022-01-30T22:24:18+00:00", "2022-01-30T22:27:24+00:00", "2022-01-30T22:29:24+00:00", "2022-01-30T22:35:24+00:00", "2022-01-30T22:35:56+00:00", "2022-01-30T22:38:44+00:00", "2022-01-30T22:40:12+00:00", "2022-01-30T22:41:15+00:00", "2022-01-30T22:47:01+00:00", "2022-01-30T22:53:24+00:00", "2022-01-30T22:57:24+00:00", "2022-01-30T23:01:15+00:00", "2022-01-30T23:03:36+00:00", "2022-01-30T23:07:24+00:00", "2022-01-30T23:11:15+00:00", "2022-01-30T23:11:38+00:00", "2022-01-30T23:17:24+00:00", "2022-01-30T23:21:15+00:00", "2022-01-30T23:27:24+00:00", "2022-01-30T23:29:49+00:00", "2022-01-30T23:33:24+00:00", "2022-01-30T23:35:41+00:00", "2022-01-30T23:37:24+00:00", "2022-01-30T23:42:22+00:00", "2022-01-30T23:43:24+00:00", "2022-01-30T23:45:24+00:00", "2022-01-30T23:49:25+00:00", "2022-01-30T23:52:39+00:00", "2022-01-30T23:53:25+00:00", "2022-01-30T23:55:44+00:00", "2022-01-30T23:57:44+00:00", "2022-01-31T00:03:05+00:00", "2022-01-31T00:05:14+00:00", "2022-01-31T00:06:10+00:00", "2022-01-31T00:07:38+00:00", "2022-01-31T00:10:35+00:00", "2022-01-31T00:12:35+00:00", "2022-01-31T00:12:59+00:00", "2022-01-31T00:15:39+00:00", "2022-01-31T00:16:44+00:00", "2022-01-31T00:20:04+00:00", "2022-01-31T00:21:40+00:00", "2022-01-31T00:23:41+00:00", "2022-01-31T00:26:46+00:00", "2022-01-31T00:28:06+00:00", "2022-01-31T00:29:03+00:00", "2022-01-31T00:31:05+00:00", "2022-01-31T00:32:01+00:00", "2022-01-31T00:34:02+00:00", "2022-01-31T00:35:28+00:00", "2022-01-31T00:36:26+00:00", "2022-01-31T00:38:26+00:00", "2022-01-31T00:40:27+00:00", "2022-01-31T00:41:39+00:00", "2022-01-31T00:42:35+00:00", "2022-01-31T00:45:56+00:00", "2022-01-31T00:47:28+00:00", "2022-01-31T00:49:00+00:00", "2022-01-31T00:50:04+00:00", "2022-01-31T00:51:49+00:00", "2022-01-31T00:54:13+00:00", "2022-01-31T00:55:17+00:00", "2022-01-31T00:56:46+00:00", "2022-01-31T00:57:42+00:00", "2022-01-31T01:00:06+00:00", "2022-01-31T01:01:28+00:00", "2022-01-31T01:02:39+00:00", "2022-01-31T01:04:15+00:00", "2022-01-31T01:06:40+00:00", "2022-01-31T01:08:16+00:00", "2022-01-31T01:09:28+00:00", "2022-01-31T01:13:13+00:00", "2022-01-31T01:15:37+00:00", "2022-01-31T01:18:42+00:00", "2022-01-31T01:21:28+00:00", "2022-01-31T01:24:03+00:00", "2022-01-31T01:25:28+00:00", "2022-01-31T01:27:28+00:00", "2022-01-31T01:29:28+00:00", "2022-01-31T01:32:20+00:00", "2022-01-31T01:34:29+00:00", "2022-01-31T01:35:28+00:00", "2022-01-31T01:38:14+00:00", "2022-01-31T01:40:38+00:00", "2022-01-31T01:41:58+00:00", "2022-01-31T01:45:28+00:00", "2022-01-31T01:47:19+00:00", "2022-01-31T01:48:39+00:00", "2022-01-31T01:53:28+00:00", "2022-01-31T01:56:02+00:00", "2022-01-31T01:59:28+00:00", "2022-01-31T02:03:28+00:00", "2022-01-31T02:07:28+00:00", "2022-01-31T02:11:28+00:00", "2022-01-31T02:15:28+00:00", "2022-01-31T02:18:16+00:00", "2022-01-31T02:21:04+00:00", "2022-01-31T02:22:41+00:00", "2022-01-31T02:25:28+00:00", "2022-01-31T02:29:28+00:00", "2022-01-31T02:33:28+00:00", "2022-01-31T02:37:28+00:00", "2022-01-31T02:41:28+00:00", "2022-01-31T02:45:02+00:00", "2022-01-31T02:51:28+00:00", "2022-01-31T02:55:28+00:00", "2022-01-31T02:59:28+00:00", "2022-01-31T03:00:24+00:00", "2022-01-31T03:05:29+00:00", "2022-01-31T03:07:13+00:00", "2022-01-31T03:11:29+00:00", "2022-01-31T03:13:22+00:00", "2022-01-31T03:17:29+00:00", "2022-01-31T03:20:43+00:00", "2022-01-31T03:21:29+00:00", "2022-01-31T03:25:16+00:00", "2022-01-31T03:27:29+00:00", "2022-01-31T03:28:52+00:00", "2022-01-31T03:33:29+00:00", "2022-01-31T03:37:29+00:00", "2022-01-31T03:39:09+00:00", "2022-01-31T03:43:29+00:00", "2022-01-31T03:49:29+00:00", "2022-01-31T03:51:45+00:00", "2022-01-31T03:55:21+00:00", "2022-01-31T03:59:29+00:00", "2022-01-31T04:01:45+00:00", "2022-01-31T04:05:29+00:00", "2022-01-31T04:08:35+00:00", "2022-01-31T04:09:29+00:00", "2022-01-31T04:13:29+00:00", "2022-01-31T04:17:29+00:00", "2022-01-31T04:21:10+00:00", "2022-01-31T04:21:30+00:00", "2022-01-31T04:25:30+00:00", "2022-01-31T04:26:47+00:00", "2022-01-31T04:31:30+00:00", "2022-01-31T04:33:30+00:00", "2022-01-31T04:37:30+00:00", "2022-01-31T04:39:06+00:00", "2022-01-31T04:41:45+00:00", "2022-01-31T04:45:30+00:00", "2022-01-31T04:46:59+00:00", "2022-01-31T04:51:30+00:00", "2022-01-31T04:53:30+00:00", "2022-01-31T04:57:30+00:00", "2022-01-31T05:01:30+00:00", "2022-01-31T05:03:30+00:00", "2022-01-31T05:06:06+00:00", "2022-01-31T05:09:30+00:00", "2022-01-31T05:10:47+00:00", "2022-01-31T05:13:30+00:00", "2022-01-31T05:17:30+00:00", "2022-01-31T05:20:09+00:00", "2022-01-31T05:21:30+00:00", "2022-01-31T05:25:30+00:00", "2022-01-31T05:29:30+00:00", "2022-01-31T05:31:45+00:00", "2022-01-31T05:35:30+00:00", "2022-01-31T05:39:30+00:00", "2022-01-31T05:43:30+00:00", "2022-01-31T05:45:42+00:00", "2022-01-31T05:49:30+00:00", "2022-01-31T05:51:43+00:00", "2022-01-31T05:55:30+00:00", "2022-01-31T05:59:20+00:00", "2022-01-31T06:01:30+00:00", "2022-01-31T06:02:49+00:00", "2022-01-31T06:05:30+00:00", "2022-01-31T06:07:30+00:00", "2022-01-31T06:11:45+00:00", "2022-01-31T06:15:30+00:00", "2022-01-31T06:19:30+00:00", "2022-01-31T06:21:45+00:00", "2022-01-31T06:25:30+00:00", "2022-01-31T06:29:02+00:00", "2022-01-31T06:31:30+00:00", "2022-01-31T06:35:30+00:00", "2022-01-31T06:39:30+00:00", "2022-01-31T06:41:45+00:00", "2022-01-31T06:45:21+00:00", "2022-01-31T06:47:30+00:00", "2022-01-31T06:51:45+00:00", "2022-01-31T06:55:30+00:00", "2022-01-31T06:56:34+00:00", "2022-01-31T07:01:30+00:00", "2022-01-31T07:03:30+00:00", "2022-01-31T07:07:09+00:00", "2022-01-31T07:09:30+00:00", "2022-01-31T07:11:45+00:00", "2022-01-31T07:15:30+00:00", "2022-01-31T07:19:30+00:00", "2022-01-31T07:21:45+00:00", "2022-01-31T07:27:30+00:00", "2022-01-31T07:28:40+00:00", "2022-01-31T07:31:45+00:00", "2022-01-31T07:35:53+00:00", "2022-01-31T07:39:30+00:00", "2022-01-31T07:41:45+00:00", "2022-01-31T07:45:30+00:00", "2022-01-31T07:49:30+00:00", "2022-01-31T07:51:45+00:00", "2022-01-31T07:57:30+00:00", "2022-01-31T07:59:30+00:00", "2022-01-31T08:03:30+00:00", "2022-01-31T08:07:30+00:00", "2022-01-31T08:11:30+00:00", "2022-01-31T08:13:30+00:00", "2022-01-31T08:19:30+00:00", "2022-01-31T08:22:00+00:00", "2022-01-31T08:23:30+00:00", "2022-01-31T08:29:12+00:00", "2022-01-31T08:33:30+00:00", "2022-01-31T08:37:31+00:00", "2022-01-31T08:39:45+00:00", "2022-01-31T08:42:00+00:00", "2022-01-31T08:47:31+00:00", "2022-01-31T08:51:31+00:00", "2022-01-31T08:53:31+00:00", "2022-01-31T08:57:31+00:00", "2022-01-31T09:00:44+00:00", "2022-01-31T09:01:31+00:00", "2022-01-31T09:05:31+00:00", "2022-01-31T09:09:31+00:00", "2022-01-31T09:12:00+00:00", "2022-01-31T09:17:31+00:00", "2022-01-31T09:21:27+00:00", "2022-01-31T09:22:39+00:00", "2022-01-31T09:26:24+00:00", "2022-01-31T09:29:31+00:00", "2022-01-31T09:32:00+00:00", "2022-01-31T09:35:31+00:00", "2022-01-31T09:37:32+00:00", "2022-01-31T09:41:32+00:00", "2022-01-31T09:43:32+00:00", "2022-01-31T09:47:32+00:00", "2022-01-31T09:48:03+00:00", "2022-01-31T09:52:00+00:00", "2022-01-31T09:54:37+00:00", "2022-01-31T09:57:32+00:00", "2022-01-31T10:01:32+00:00", "2022-01-31T10:03:32+00:00", "2022-01-31T10:07:32+00:00", "2022-01-31T10:11:32+00:00", "2022-01-31T10:12:48+00:00", "2022-01-31T10:17:32+00:00", "2022-01-31T10:18:08+00:00", "2022-01-31T10:21:13+00:00", "2022-01-31T10:22:57+00:00", "2022-01-31T10:27:33+00:00", "2022-01-31T10:31:33+00:00", "2022-01-31T10:33:33+00:00", "2022-01-31T10:36:27+00:00", "2022-01-31T10:41:33+00:00", "2022-01-31T10:43:33+00:00", "2022-01-31T10:45:33+00:00", "2022-01-31T10:47:33+00:00", "2022-01-31T10:52:00+00:00", "2022-01-31T10:55:33+00:00", "2022-01-31T10:59:33+00:00", "2022-01-31T11:02:00+00:00", "2022-01-31T11:03:33+00:00", "2022-01-31T11:09:33+00:00", "2022-01-31T11:12:00+00:00", "2022-01-31T11:13:30+00:00", "2022-01-31T11:15:47+00:00", "2022-01-31T11:19:15+00:00", "2022-01-31T11:22:00+00:00", "2022-01-31T11:23:33+00:00", "2022-01-31T11:29:33+00:00", "2022-01-31T11:32:00+00:00", "2022-01-31T11:35:33+00:00", "2022-01-31T11:36:38+00:00", "2022-01-31T11:41:33+00:00", "2022-01-31T11:41:59+00:00", "2022-01-31T11:47:33+00:00", "2022-01-31T11:51:33+00:00", "2022-01-31T11:53:33+00:00", "2022-01-31T11:55:46+00:00", "2022-01-31T11:58:02+00:00", "2022-01-31T12:00:51+00:00", "2022-01-31T12:03:15+00:00", "2022-01-31T12:07:33+00:00", "2022-01-31T12:10:12+00:00", "2022-01-31T12:11:33+00:00", "2022-01-31T12:12:36+00:00", "2022-01-31T12:15:41+00:00", "2022-01-31T12:19:33+00:00", "2022-01-31T12:22:00+00:00", "2022-01-31T12:23:42+00:00", "2022-01-31T12:27:33+00:00", "2022-01-31T12:28:14+00:00", "2022-01-31T12:31:03+00:00", "2022-01-31T12:33:33+00:00", "2022-01-31T12:35:33+00:00", "2022-01-31T12:37:12+00:00", "2022-01-31T12:40:40+00:00", "2022-01-31T12:41:33+00:00", "2022-01-31T12:45:33+00:00", "2022-01-31T12:46:09+00:00", "2022-01-31T12:51:33+00:00", "2022-01-31T12:53:33+00:00", "2022-01-31T12:54:51+00:00", "2022-01-31T12:58:27+00:00", "2022-01-31T12:59:33+00:00", "2022-01-31T13:01:33+00:00", "2022-01-31T13:03:33+00:00", "2022-01-31T13:05:24+00:00", "2022-01-31T13:07:33+00:00", "2022-01-31T13:11:34+00:00", "2022-01-31T13:12:15+00:00", "2022-01-31T13:14:38+00:00", "2022-01-31T13:19:34+00:00", "2022-01-31T13:21:44+00:00", "2022-01-31T13:23:34+00:00", "2022-01-31T13:25:34+00:00", "2022-01-31T13:29:34+00:00", "2022-01-31T13:32:15+00:00", "2022-01-31T13:33:34+00:00", "2022-01-31T13:39:34+00:00", "2022-01-31T13:42:15+00:00", "2022-01-31T13:43:39+00:00", "2022-01-31T13:47:34+00:00", "2022-01-31T13:51:34+00:00", "2022-01-31T13:53:34+00:00", "2022-01-31T13:57:34+00:00", "2022-01-31T14:00:22+00:00", "2022-01-31T14:01:34+00:00", "2022-01-31T14:05:34+00:00", "2022-01-31T14:06:54+00:00", "2022-01-31T14:11:34+00:00", "2022-01-31T14:13:34+00:00", "2022-01-31T14:15:34+00:00", "2022-01-31T14:21:34+00:00", "2022-01-31T14:23:48+00:00", "2022-01-31T14:27:34+00:00", "2022-01-31T14:31:34+00:00", "2022-01-31T14:33:34+00:00", "2022-01-31T14:37:34+00:00", "2022-01-31T14:41:34+00:00", "2022-01-31T14:43:34+00:00", "2022-01-31T14:44:11+00:00", "2022-01-31T14:48:17+00:00", "2022-01-31T14:49:34+00:00", "2022-01-31T14:53:34+00:00", "2022-01-31T14:57:34+00:00", "2022-01-31T14:58:16+00:00", "2022-01-31T15:02:15+00:00", "2022-01-31T15:05:34+00:00", "2022-01-31T15:09:34+00:00", "2022-01-31T15:12:15+00:00", "2022-01-31T15:15:34+00:00", "2022-01-31T15:19:34+00:00", "2022-01-31T15:22:15+00:00", "2022-01-31T15:25:11+00:00", "2022-01-31T15:31:34+00:00", "2022-01-31T15:33:34+00:00", "2022-01-31T15:34:54+00:00", "2022-01-31T15:39:34+00:00", "2022-01-31T15:42:15+00:00", "2022-01-31T15:45:34+00:00", "2022-01-31T15:49:34+00:00", "2022-01-31T15:52:15+00:00", "2022-01-31T15:54:59+00:00", "2022-01-31T15:55:34+00:00", "2022-01-31T15:58:16+00:00", "2022-01-31T16:01:34+00:00", "2022-01-31T16:03:34+00:00", "2022-01-31T16:06:19+00:00", "2022-01-31T16:07:34+00:00", "2022-01-31T16:12:15+00:00", "2022-01-31T16:15:34+00:00", "2022-01-31T16:19:34+00:00", "2022-01-31T16:22:11+00:00", "2022-01-31T16:23:34+00:00", "2022-01-31T16:27:34+00:00", "2022-01-31T16:31:34+00:00", "2022-01-31T16:33:34+00:00", "2022-01-31T16:34:06+00:00", "2022-01-31T16:37:23+00:00", "2022-01-31T16:39:34+00:00", "2022-01-31T16:42:10+00:00", "2022-01-31T16:47:34+00:00", "2022-01-31T16:51:34+00:00", "2022-01-31T16:53:34+00:00", "2022-01-31T16:57:20+00:00", "2022-01-31T16:59:34+00:00", "2022-01-31T17:01:35+00:00", "2022-01-31T17:03:34+00:00", "2022-01-31T17:04:43+00:00", "2022-01-31T17:05:57+00:00", "2022-01-31T17:08:00+00:00", "2022-01-31T17:10:53+00:00", "2022-01-31T17:12:15+00:00", "2022-01-31T17:14:35+00:00", "2022-01-31T17:16:05+00:00", "2022-01-31T17:18:40+00:00", "2022-01-31T17:20:44+00:00", "2022-01-31T17:24:17+00:00", "2022-01-31T17:25:55+00:00", "2022-01-31T17:31:34+00:00", "2022-01-31T17:33:34+00:00", "2022-01-31T17:36:44+00:00", "2022-01-31T17:37:34+00:00", "2022-01-31T17:40:26+00:00", "2022-01-31T17:41:34+00:00", "2022-01-31T17:42:54+00:00", "2022-01-31T17:45:38+00:00", "2022-01-31T17:49:34+00:00", "2022-01-31T17:52:30+00:00", "2022-01-31T17:55:28+00:00", "2022-01-31T18:01:34+00:00", "2022-01-31T18:03:34+00:00", "2022-01-31T18:04:47+00:00", "2022-01-31T18:07:06+00:00", "2022-01-31T18:09:58+00:00", "2022-01-31T18:12:30+00:00", "2022-01-31T18:17:35+00:00", "2022-01-31T18:21:02+00:00", "2022-01-31T18:21:35+00:00", "2022-01-31T18:25:35+00:00", "2022-01-31T18:26:14+00:00", "2022-01-31T18:30:53+00:00", "2022-01-31T18:31:35+00:00", "2022-01-31T18:35:35+00:00", "2022-01-31T18:39:35+00:00", "2022-01-31T18:42:30+00:00", "2022-01-31T18:43:28+00:00", "2022-01-31T18:47:35+00:00", "2022-01-31T18:51:35+00:00", "2022-01-31T18:53:35+00:00", "2022-01-31T18:57:35+00:00", "2022-01-31T19:01:35+00:00", "2022-01-31T19:03:35+00:00", "2022-01-31T19:07:35+00:00", "2022-01-31T19:11:35+00:00", "2022-01-31T19:13:35+00:00", "2022-01-31T19:14:47+00:00", "2022-01-31T19:19:35+00:00", "2022-01-31T19:22:30+00:00", "2022-01-31T19:25:35+00:00", "2022-01-31T19:27:47+00:00", "2022-01-31T19:29:35+00:00", "2022-01-31T19:31:35+00:00", "2022-01-31T19:35:35+00:00", "2022-01-31T19:39:35+00:00", "2022-01-31T19:42:30+00:00", "2022-01-31T19:45:24+00:00", "2022-01-31T19:51:34+00:00", "2022-01-31T19:52:30+00:00", "2022-01-31T19:57:35+00:00", "2022-01-31T19:58:48+00:00", "2022-01-31T20:02:30+00:00", "2022-01-31T20:05:40+00:00", "2022-01-31T20:08:47+00:00", "2022-01-31T20:09:40+00:00", "2022-01-31T20:13:40+00:00", "2022-01-31T20:14:39+00:00", "2022-01-31T20:19:40+00:00", "2022-01-31T20:22:30+00:00", "2022-01-31T20:25:40+00:00", "2022-01-31T20:29:40+00:00", "2022-01-31T20:32:00+00:00", "2022-01-31T20:32:30+00:00", "2022-01-31T20:37:45+00:00", "2022-01-31T20:41:26+00:00", "2022-01-31T20:45:45+00:00", "2022-01-31T20:49:45+00:00", "2022-01-31T20:53:45+00:00", "2022-01-31T20:59:45+00:00", "2022-01-31T21:02:30+00:00", "2022-01-31T21:05:40+00:00", "2022-01-31T21:11:45+00:00", "2022-01-31T21:13:45+00:00", "2022-01-31T21:17:45+00:00", "2022-01-31T21:21:25+00:00", "2022-01-31T21:22:30+00:00", "2022-01-31T21:23:45+00:00", "2022-01-31T21:26:13+00:00", "2022-01-31T21:29:45+00:00", "2022-01-31T21:32:30+00:00", "2022-01-31T21:33:36+00:00", "2022-01-31T21:34:50+00:00", "2022-01-31T21:35:55+00:00", "2022-01-31T21:39:49+00:00", "2022-01-31T21:41:49+00:00", "2022-01-31T21:45:49+00:00", "2022-01-31T21:49:49+00:00", "2022-01-31T21:52:30+00:00", "2022-01-31T21:54:49+00:00", "2022-01-31T21:57:09+00:00", "2022-01-31T22:00:19+00:00", "2022-01-31T22:02:30+00:00", "2022-01-31T22:07:49+00:00", "2022-01-31T22:11:49+00:00", "2022-01-31T22:13:49+00:00", "2022-01-31T22:15:49+00:00", "2022-01-31T22:21:49+00:00", "2022-01-31T22:23:49+00:00", "2022-01-31T22:29:49+00:00", "2022-01-31T22:32:30+00:00", "2022-01-31T22:34:17+00:00", "2022-01-31T22:37:58+00:00", "2022-01-31T22:39:54+00:00", "2022-01-31T22:41:52+00:00", "2022-01-31T22:44:28+00:00", "2022-01-31T22:47:37+00:00", "2022-01-31T22:50:14+00:00", "2022-01-31T22:53:49+00:00", "2022-01-31T22:59:00+00:00", "2022-01-31T23:01:12+00:00", "2022-01-31T23:02:45+00:00", "2022-01-31T23:07:49+00:00", "2022-01-31T23:11:49+00:00", "2022-01-31T23:13:49+00:00", "2022-01-31T23:19:49+00:00", "2022-01-31T23:22:45+00:00", "2022-01-31T23:27:04+00:00", "2022-01-31T23:29:49+00:00", "2022-01-31T23:33:49+00:00", "2022-01-31T23:35:49+00:00", "2022-01-31T23:41:49+00:00", "2022-01-31T23:43:49+00:00", "2022-01-31T23:45:57+00:00", "2022-01-31T23:51:49+00:00", "2022-01-31T23:52:47+00:00", "2022-01-31T23:57:49+00:00", "2022-02-01T00:01:49+00:00", "2022-02-01T00:03:49+00:00", "2022-02-01T00:08:39+00:00", "2022-02-01T00:11:50+00:00", "2022-02-01T00:15:50+00:00", "2022-02-01T00:19:50+00:00", "2022-02-01T00:21:50+00:00", "2022-02-01T00:25:50+00:00", "2022-02-01T00:29:42+00:00", "2022-02-01T00:32:45+00:00", "2022-02-01T00:37:50+00:00", "2022-02-01T00:40:46+00:00", "2022-02-01T00:42:45+00:00", "2022-02-01T00:47:50+00:00", "2022-02-01T00:51:10+00:00", "2022-02-01T00:53:50+00:00", "2022-02-01T00:55:50+00:00", "2022-02-01T01:01:50+00:00", "2022-02-01T01:03:50+00:00", "2022-02-01T01:08:08+00:00", "2022-02-01T01:11:50+00:00", "2022-02-01T01:15:50+00:00", "2022-02-01T01:21:50+00:00", "2022-02-01T01:24:16+00:00", "2022-02-01T01:27:50+00:00", "2022-02-01T01:29:50+00:00", "2022-02-01T01:33:50+00:00", "2022-02-01T01:39:50+00:00", "2022-02-01T01:41:37+00:00", "2022-02-01T01:43:50+00:00", "2022-02-01T01:49:50+00:00", "2022-02-01T01:52:45+00:00", "2022-02-01T01:55:50+00:00", "2022-02-01T02:01:50+00:00", "2022-02-01T02:03:50+00:00", "2022-02-01T02:09:48+00:00", "2022-02-01T02:13:50+00:00", "2022-02-01T02:17:50+00:00", "2022-02-01T02:22:45+00:00", "2022-02-01T02:25:50+00:00", "2022-02-01T02:29:50+00:00", "2022-02-01T02:32:45+00:00", "2022-02-01T02:35:50+00:00", "2022-02-01T02:39:50+00:00", "2022-02-01T02:42:45+00:00", "2022-02-01T02:45:30+00:00", "2022-02-01T02:47:50+00:00", "2022-02-01T02:51:50+00:00", "2022-02-01T02:53:50+00:00", "2022-02-01T02:57:32+00:00", "2022-02-01T03:03:00+00:00", "2022-02-01T03:05:50+00:00", "2022-02-01T03:09:50+00:00", "2022-02-01T03:11:45+00:00", "2022-02-01T03:13:50+00:00", "2022-02-01T03:19:50+00:00", "2022-02-01T03:23:00+00:00", "2022-02-01T03:24:35+00:00", "2022-02-01T03:27:50+00:00", "2022-02-01T03:31:50+00:00", "2022-02-01T03:33:28+00:00", "2022-02-01T03:35:50+00:00", "2022-02-01T03:39:50+00:00", "2022-02-01T03:43:00+00:00", "2022-02-01T03:45:50+00:00", "2022-02-01T03:49:35+00:00", "2022-02-01T03:53:50+00:00", "2022-02-01T03:56:33+00:00", "2022-02-01T03:59:50+00:00", "2022-02-01T04:03:00+00:00", "2022-02-01T04:05:50+00:00", "2022-02-01T04:09:50+00:00", "2022-02-01T04:13:00+00:00", "2022-02-01T04:15:50+00:00", "2022-02-01T04:19:50+00:00", "2022-02-01T04:23:00+00:00", "2022-02-01T04:25:50+00:00", "2022-02-01T04:29:50+00:00", "2022-02-01T04:31:07+00:00", "2022-02-01T04:33:50+00:00", "2022-02-01T04:37:50+00:00", "2022-02-01T04:41:50+00:00", "2022-02-01T04:43:08+00:00", "2022-02-01T04:45:50+00:00", "2022-02-01T04:49:50+00:00", "2022-02-01T04:54:11+00:00", "2022-02-01T04:58:11+00:00", "2022-02-01T05:02:11+00:00", "2022-02-01T05:03:45+00:00", "2022-02-01T05:06:11+00:00", "2022-02-01T05:10:11+00:00", "2022-02-01T05:13:00+00:00", "2022-02-01T05:16:11+00:00", "2022-02-01T05:20:11+00:00", "2022-02-01T05:23:00+00:00", "2022-02-01T05:25:45+00:00", "2022-02-01T05:28:11+00:00", "2022-02-01T05:32:11+00:00", "2022-02-01T05:34:11+00:00", "2022-02-01T05:38:11+00:00", "2022-02-01T05:38:45+00:00", "2022-02-01T05:43:00+00:00", "2022-02-01T05:46:11+00:00", "2022-02-01T05:50:11+00:00", "2022-02-01T05:53:00+00:00", "2022-02-01T05:56:11+00:00", "2022-02-01T06:00:11+00:00", "2022-02-01T06:03:00+00:00", "2022-02-01T06:06:11+00:00", "2022-02-01T06:10:11+00:00", "2022-02-01T06:12:05+00:00", "2022-02-01T06:14:11+00:00", "2022-02-01T06:20:11+00:00", "2022-02-01T06:23:00+00:00", "2022-02-01T06:26:11+00:00", "2022-02-01T06:30:11+00:00", "2022-02-01T06:34:11+00:00", "2022-02-01T06:38:11+00:00", "2022-02-01T06:42:11+00:00", "2022-02-01T06:44:11+00:00", "2022-02-01T06:48:11+00:00", "2022-02-01T06:52:11+00:00", "2022-02-01T06:54:11+00:00", "2022-02-01T06:58:11+00:00", "2022-02-01T06:58:47+00:00", "2022-02-01T07:03:00+00:00", "2022-02-01T07:06:11+00:00", "2022-02-01T07:06:50+00:00", "2022-02-01T07:12:11+00:00", "2022-02-01T07:14:11+00:00", "2022-02-01T07:17:21+00:00", "2022-02-01T07:18:11+00:00", "2022-02-01T07:23:00+00:00", "2022-02-01T07:26:12+00:00", "2022-02-01T07:28:33+00:00", "2022-02-01T07:32:12+00:00", "2022-02-01T07:34:12+00:00", "2022-02-01T07:38:12+00:00", "2022-02-01T07:42:12+00:00", "2022-02-01T07:44:12+00:00", "2022-02-01T07:46:27+00:00", "2022-02-01T07:50:12+00:00", "2022-02-01T07:53:15+00:00", "2022-02-01T07:56:12+00:00", "2022-02-01T07:58:11+00:00", "2022-02-01T08:02:12+00:00", "2022-02-01T08:04:12+00:00", "2022-02-01T08:06:20+00:00", "2022-02-01T08:10:12+00:00", "2022-02-01T08:11:15+00:00", "2022-02-01T08:14:12+00:00", "2022-02-01T08:20:12+00:00", "2022-02-01T08:21:39+00:00", "2022-02-01T08:24:12+00:00", "2022-02-01T08:30:12+00:00", "2022-02-01T08:34:12+00:00", "2022-02-01T08:38:12+00:00", "2022-02-01T08:42:12+00:00", "2022-02-01T08:44:12+00:00", "2022-02-01T08:48:12+00:00", "2022-02-01T08:52:12+00:00", "2022-02-01T08:54:12+00:00", "2022-02-01T08:56:38+00:00", "2022-02-01T09:00:12+00:00", "2022-02-01T09:03:15+00:00", "2022-02-01T09:06:12+00:00", "2022-02-01T09:10:12+00:00", "2022-02-01T09:13:15+00:00", "2022-02-01T09:14:15+00:00", "2022-02-01T09:20:12+00:00", "2022-02-01T09:23:15+00:00", "2022-02-01T09:26:12+00:00", "2022-02-01T09:28:36+00:00", "2022-02-01T09:32:12+00:00", "2022-02-01T09:34:12+00:00", "2022-02-01T09:37:05+00:00", "2022-02-01T09:40:12+00:00", "2022-02-01T09:43:15+00:00", "2022-02-01T09:46:12+00:00", "2022-02-01T09:50:12+00:00", "2022-02-01T09:53:15+00:00", "2022-02-01T09:56:12+00:00", "2022-02-01T09:58:07+00:00", "2022-02-01T10:02:12+00:00", "2022-02-01T10:04:12+00:00", "2022-02-01T10:08:12+00:00", "2022-02-01T10:09:03+00:00", "2022-02-01T10:13:15+00:00", "2022-02-01T10:16:12+00:00", "2022-02-01T10:20:12+00:00", "2022-02-01T10:23:15+00:00", "2022-02-01T10:26:12+00:00", "2022-02-01T10:30:12+00:00", "2022-02-01T10:33:15+00:00", "2022-02-01T10:36:12+00:00", "2022-02-01T10:40:12+00:00", "2022-02-01T10:43:15+00:00", "2022-02-01T10:44:58+00:00", "2022-02-01T10:48:12+00:00", "2022-02-01T10:52:12+00:00", "2022-02-01T10:54:12+00:00", "2022-02-01T10:58:12+00:00", "2022-02-01T11:02:12+00:00", "2022-02-01T11:03:15+00:00", "2022-02-01T11:08:12+00:00", "2022-02-01T11:10:56+00:00", "2022-02-01T11:12:12+00:00", "2022-02-01T11:16:12+00:00", "2022-02-01T11:20:12+00:00", "2022-02-01T11:24:12+00:00", "2022-02-01T11:28:09+00:00", "2022-02-01T11:30:20+00:00", "2022-02-01T11:34:12+00:00", "2022-02-01T11:38:12+00:00", "2022-02-01T11:43:30+00:00", "2022-02-01T11:46:12+00:00", "2022-02-01T11:50:12+00:00", "2022-02-01T11:53:30+00:00", "2022-02-01T11:54:12+00:00", "2022-02-01T12:00:12+00:00", "2022-02-01T12:03:30+00:00", "2022-02-01T12:06:12+00:00", "2022-02-01T12:10:12+00:00", "2022-02-01T12:13:30+00:00", "2022-02-01T12:16:12+00:00", "2022-02-01T12:22:12+00:00", "2022-02-01T12:24:12+00:00", "2022-02-01T12:28:12+00:00", "2022-02-01T12:32:12+00:00", "2022-02-01T12:34:12+00:00", "2022-02-01T12:38:12+00:00", "2022-02-01T12:43:30+00:00", "2022-02-01T12:46:12+00:00", "2022-02-01T12:50:12+00:00", "2022-02-01T12:53:30+00:00", "2022-02-01T12:56:12+00:00", "2022-02-01T13:00:12+00:00", "2022-02-01T13:03:30+00:00", "2022-02-01T13:03:51+00:00", "2022-02-01T13:07:57+00:00", "2022-02-01T13:13:30+00:00", "2022-02-01T13:15:45+00:00", "2022-02-01T13:22:12+00:00", "2022-02-01T13:24:12+00:00", "2022-02-01T13:28:12+00:00", "2022-02-01T13:33:30+00:00", "2022-02-01T13:36:12+00:00", "2022-02-01T13:40:12+00:00", "2022-02-01T13:43:30+00:00", "2022-02-01T13:46:12+00:00", "2022-02-01T13:50:12+00:00", "2022-02-01T13:53:30+00:00", "2022-02-01T13:54:25+00:00", "2022-02-01T13:58:12+00:00", "2022-02-01T13:59:12+00:00", "2022-02-01T14:01:31+00:00", "2022-02-01T14:04:12+00:00", "2022-02-01T14:06:10+00:00", "2022-02-01T14:10:12+00:00", "2022-02-01T14:11:21+00:00", "2022-02-01T14:13:30+00:00", "2022-02-01T14:18:11+00:00", "2022-02-01T14:20:38+00:00", "2022-02-01T14:22:58+00:00", "2022-02-01T14:24:12+00:00", "2022-02-01T14:30:12+00:00", "2022-02-01T14:31:34+00:00", "2022-02-01T14:33:12+00:00", "2022-02-01T14:34:12+00:00", "2022-02-01T14:40:12+00:00", "2022-02-01T14:43:30+00:00", "2022-02-01T14:46:12+00:00", "2022-02-01T14:48:30+00:00", "2022-02-01T14:50:12+00:00", "2022-02-01T14:52:36+00:00", "2022-02-01T14:53:30+00:00", "2022-02-01T14:58:12+00:00", "2022-02-01T14:59:09+00:00", "2022-02-01T15:02:10+00:00", "2022-02-01T15:03:30+00:00", "2022-02-01T15:08:13+00:00", "2022-02-01T15:12:13+00:00", "2022-02-01T15:14:13+00:00", "2022-02-01T15:20:13+00:00", "2022-02-01T15:23:30+00:00", "2022-02-01T15:26:13+00:00", "2022-02-01T15:29:20+00:00", "2022-02-01T15:33:30+00:00", "2022-02-01T15:36:13+00:00", "2022-02-01T15:42:13+00:00", "2022-02-01T15:44:21+00:00", "2022-02-01T15:52:13+00:00", "2022-02-01T15:54:13+00:00", "2022-02-01T15:56:13+00:00", "2022-02-01T16:00:20+00:00", "2022-02-01T16:04:13+00:00", "2022-02-01T16:10:13+00:00", "2022-02-01T16:13:30+00:00", "2022-02-01T16:14:40+00:00", "2022-02-01T16:18:13+00:00", "2022-02-01T16:21:46+00:00", "2022-02-01T16:22:13+00:00", "2022-02-01T16:26:13+00:00", "2022-02-01T16:28:35+00:00", "2022-02-01T16:30:13+00:00", "2022-02-01T16:34:13+00:00", "2022-02-02T04:00:39+00:00", "2022-02-02T19:54:08+00:00", "2022-02-02T19:56:52+00:00", "2022-02-02T19:57:40+00:00", "2022-02-02T19:59:36+00:00", "2022-02-02T20:00:41+00:00", "2022-02-02T20:03:17+00:00", "2022-02-02T20:04:23+00:00", "2022-02-02T20:05:53+00:00", "2022-02-02T20:07:31+00:00", "2022-02-02T20:08:29+00:00", "2022-02-02T20:09:59+00:00", "2022-02-02T20:12:45+00:00", "2022-02-02T20:13:40+00:00", "2022-02-02T20:15:40+00:00", "2022-02-02T20:16:16+00:00", "2022-02-02T20:18:36+00:00", "2022-02-02T20:19:40+00:00", "2022-02-02T20:21:40+00:00", "2022-02-02T20:22:45+00:00", "2022-02-02T20:24:45+00:00", "2022-02-02T20:25:40+00:00", "2022-02-02T20:28:35+00:00", "2022-02-02T20:31:40+00:00", "2022-02-02T20:32:24+00:00", "2022-02-02T20:33:46+00:00", "2022-02-02T20:36:05+00:00", "2022-02-02T20:39:14+00:00", "2022-02-02T20:43:04+00:00", "2022-02-02T20:46:37+00:00", "2022-02-02T20:51:16+00:00", "2022-02-02T20:53:40+00:00", "2022-02-02T20:55:46+00:00", "2022-02-02T20:57:40+00:00", "2022-02-02T20:59:36+00:00", "2022-02-02T21:01:23+00:00", "2022-02-02T21:02:28+00:00", "2022-02-02T21:03:50+00:00", "2022-02-02T21:06:51+00:00", "2022-02-02T21:08:21+00:00", "2022-02-02T21:11:54+00:00", "2022-02-02T21:13:40+00:00", "2022-02-02T21:15:27+00:00", "2022-02-02T21:17:40+00:00", "2022-02-02T21:20:31+00:00", "2022-02-02T21:22:51+00:00", "2022-02-02T21:24:37+00:00", "2022-02-02T21:26:32+00:00", "2022-02-02T21:28:11+00:00", "2022-02-02T21:32:45+00:00", "2022-02-02T21:35:40+00:00", "2022-02-02T21:41:40+00:00", "2022-02-02T21:43:13+00:00", "2022-02-02T21:46:06+00:00", "2022-02-02T21:51:40+00:00", "2022-02-02T21:53:40+00:00", "2022-02-02T21:58:49+00:00", "2022-02-02T22:01:41+00:00", "2022-02-02T22:03:41+00:00", "2022-02-02T22:08:23+00:00", "2022-02-02T22:10:10+00:00", "2022-02-02T22:14:16+00:00", "2022-02-02T22:16:35+00:00", "2022-02-02T22:19:42+00:00", "2022-02-02T22:23:42+00:00", "2022-02-02T22:29:43+00:00", "2022-02-02T22:31:43+00:00", "2022-02-02T22:35:43+00:00", "2022-02-02T22:39:43+00:00", "2022-02-02T22:41:43+00:00", "2022-02-02T22:43:03+00:00", "2022-02-02T22:45:43+00:00", "2022-02-02T22:47:59+00:00", "2022-02-02T22:51:16+00:00", "2022-02-02T22:53:43+00:00", "2022-02-02T22:57:01+00:00", "2022-02-02T23:01:16+00:00", "2022-02-02T23:02:13+00:00", "2022-02-02T23:07:26+00:00", "2022-02-02T23:13:00+00:00", "2022-02-02T23:15:43+00:00", "2022-02-02T23:19:43+00:00", "2022-02-02T23:23:00+00:00", "2022-02-02T23:25:44+00:00", "2022-02-02T23:28:23+00:00", "2022-02-02T23:29:44+00:00", "2022-02-02T23:33:44+00:00", "2022-02-02T23:35:38+00:00", "2022-02-02T23:39:44+00:00", "2022-02-02T23:43:44+00:00", "2022-02-02T23:47:44+00:00", "2022-02-02T23:51:44+00:00", "2022-02-02T23:55:44+00:00", "2022-02-03T00:01:44+00:00", "2022-02-03T00:02:41+00:00", "2022-02-03T00:05:44+00:00", "2022-02-03T00:09:44+00:00", "2022-02-03T00:13:00+00:00", "2022-02-03T00:15:44+00:00", "2022-02-03T00:16:29+00:00", "2022-02-03T00:21:44+00:00", "2022-02-03T00:23:44+00:00", "2022-02-03T00:27:42+00:00", "2022-02-03T00:33:00+00:00", "2022-02-03T00:35:44+00:00", "2022-02-03T00:39:44+00:00", "2022-02-03T00:40:32+00:00", "2022-02-03T00:43:44+00:00", "2022-02-03T00:47:44+00:00", "2022-02-03T00:49:33+00:00", "2022-02-03T00:50:55+00:00", "2022-02-03T00:53:46+00:00", "2022-02-03T00:57:37+00:00", "2022-02-03T00:58:02+00:00", "2022-02-03T00:59:40+00:00", "2022-02-03T01:03:00+00:00", "2022-02-03T01:05:47+00:00", "2022-02-03T01:07:11+00:00", "2022-02-03T01:11:47+00:00", "2022-02-03T01:13:47+00:00", "2022-02-03T01:19:47+00:00", "2022-02-03T01:22:29+00:00", "2022-02-03T01:23:51+00:00", "2022-02-03T01:25:38+00:00", "2022-02-03T01:26:52+00:00", "2022-02-03T01:29:53+00:00", "2022-02-03T01:33:00+00:00", "2022-02-03T01:33:50+00:00", "2022-02-03T01:37:53+00:00", "2022-02-03T01:41:53+00:00", "2022-02-03T01:43:53+00:00", "2022-02-03T01:45:02+00:00", "2022-02-03T01:45:53+00:00", "2022-02-03T01:48:52+00:00", "2022-02-03T01:53:00+00:00", "2022-02-03T01:55:53+00:00", "2022-02-03T01:56:31+00:00", "2022-02-03T01:58:09+00:00", "2022-02-03T02:03:00+00:00", "2022-02-03T02:05:53+00:00", "2022-02-03T02:09:53+00:00", "2022-02-03T02:10:52+00:00", "2022-02-03T02:12:22+00:00", "2022-02-03T02:14:00+00:00", "2022-02-03T02:17:53+00:00", "2022-02-03T02:20:42+00:00", "2022-02-03T02:21:23+00:00", "2022-02-03T02:23:34+00:00", "2022-02-03T02:24:40+00:00", "2022-02-03T02:26:18+00:00", "2022-02-03T02:27:53+00:00", "2022-02-03T02:28:38+00:00", "2022-02-03T02:31:22+00:00", "2022-02-03T08:30:25+00:00", "2022-02-03T09:54:42+00:00", "2022-02-03T09:55:06+00:00", "2022-02-03T09:56:50+00:00", "2022-02-03T10:00:31+00:00", "2022-02-03T10:02:28+00:00", "2022-02-03T10:04:25+00:00", "2022-02-03T10:06:05+00:00", "2022-02-03T10:07:04+00:00", "2022-02-03T10:08:50+00:00", "2022-02-03T10:10:15+00:00", "2022-02-03T10:11:31+00:00", "2022-02-03T10:14:01+00:00", "2022-02-03T10:15:17+00:00", "2022-02-03T10:16:41+00:00", "2022-02-03T10:18:50+00:00", "2022-02-03T10:20:35+00:00", "2022-02-03T14:57:57+00:00", "2022-02-03T18:21:59+00:00", "2022-02-03T18:25:13+00:00", "2022-02-03T18:26:40+00:00", "2022-02-03T18:29:08+00:00", "2022-02-03T18:30:17+00:00", "2022-02-03T18:31:59+00:00", "2022-02-03T18:34:45+00:00", "2022-02-03T18:35:59+00:00", "2022-02-03T18:39:24+00:00", "2022-02-03T18:40:09+00:00", "2022-02-03T18:41:12+00:00", "2022-02-03T18:42:24+00:00", "2022-02-03T18:46:28+00:00", "2022-02-03T18:47:39+00:00", "2022-02-03T18:48:15+00:00", "2022-02-03T18:51:22+00:00", "2022-02-03T18:53:35+00:00", "2022-02-03T18:55:59+00:00", "2022-02-03T18:56:41+00:00", "2022-02-03T18:58:15+00:00", "2022-02-03T19:00:23+00:00", "2022-02-03T19:02:45+00:00", "2022-02-03T19:04:58+00:00", "2022-02-03T19:06:35+00:00", "2022-02-03T19:08:15+00:00", "2022-02-03T19:09:59+00:00", "2022-02-03T19:11:59+00:00", "2022-02-03T19:13:46+00:00", "2022-02-03T19:15:52+00:00", "2022-02-03T19:17:59+00:00", "2022-02-03T19:19:01+00:00", "2022-02-03T19:21:07+00:00", "2022-02-03T19:22:28+00:00", "2022-02-03T19:25:26+00:00", "2022-02-03T19:28:32+00:00", "2022-02-03T20:00:57+00:00", "2022-02-03T20:03:10+00:00", "2022-02-03T20:04:05+00:00", "2022-02-03T20:06:08+00:00", "2022-02-03T20:08:21+00:00", "2022-02-03T20:10:25+00:00", "2022-02-03T20:12:57+00:00", "2022-02-03T20:15:10+00:00", "2022-02-03T20:16:48+00:00", "2022-02-03T20:20:05+00:00", "2022-02-03T20:22:05+00:00", "2022-02-03T20:24:28+00:00", "2022-02-03T20:27:26+00:00", "2022-02-03T20:28:55+00:00", "2022-02-03T20:32:06+00:00", "2022-02-03T20:34:41+00:00", "2022-02-03T20:36:06+00:00", "2022-02-03T20:38:06+00:00", "2022-02-03T20:41:52+00:00", "2022-02-03T20:44:06+00:00", "2022-02-03T20:46:25+00:00", "2022-02-03T20:49:30+00:00", "2022-02-03T20:50:07+00:00", "2022-02-03T20:52:07+00:00", "2022-02-16T18:12:53+00:00", "2022-02-16T18:40:48+00:00"], "elevations": [null, 6.0, 6.0, 6.0, 6.2, 6.0, 6.0, 5.0, 4.4, -6.0, null, -5.0, 2.0, null, null, 16.0, -5.8, 0.0, null, -1.1, -0.9, null, null, 13.5, 0.0, 1.7, 2.0, 2.0, 2.0, null, 2.0, 2.0, null, -6.0, null, 14.0, null, 12.0, 2.0, 2.0, 2.7, 13.5, 3.0, 4.4, 5.5, 5.0, -10.0, 0.3, 8.0, 5.0, 14.7, 11.0, 12.0, 1.4, 6.5, 5.0, 4.4, 5.1, 3.4, 5.0, 3.0, 3.7, 3.0, 3.0, 2.7, 3.0, 4.0, 4.0, 4.2, 4.0, 3.5, 4.0, 2.1, 1.0, 1.0, 0.8, 1.0, 1.0, 1.7, 1.0, 1.0, 0.7, 1.0, 1.0, 0.8, 1.0, 1.5, 2.2, 2.0, 2.0, 2.1, 3.0, 3.0, 3.0, 2.7, 2.5, 2.0, 2.2, null, 2.0, 3.0, 3.0, 2.7, 3.0, 3.0, null, 2.0, 2.0, 2.3, 2.0, null, 2.0, 2.0, 2.0, 2.7, null, 3.0, 3.0, 4.0, null, 4.0, 4.4, 4.0, null, 5.0, 5.0, null, 4.0, null, 4.0, null, 4.0, 3.0, null, 3.0, 3.0, 3.0, 2.3, 2.0, null, 2.0, 2.0, 1.5, 0.3, 0.0, 0.0, null, 0.0, null, -1.0, null, -1.0, -1.7, -1.0, null, -1.0, -1.0, -1.0, -1.7, 0.0, 0.0, null, 0.0, 0.0, -1.0, -1.4, null, -1.0, null, -1.0, -1.7, -1.0, 0.5, 0.0, 1.0, 0.7, 0.0, 0.0, 0.0, -1.7, 0.0, 0.0, -1.5, -1.6, -2.5, -3.0, -3.0, -3.0, -3.0, -3.0, -3.0, -3.4, -3.0, null, -3.0, -3.0, -3.7, -4.0, -4.0, -0.8, -0.5, 0.0, -1.0, -1.2, -1.0, -1.0, -2.0, -1.7, -2.0, null, -1.0, -4.0, -3.7, -3.0, -4.0, null, -4.0, -5.4, -5.0, -6.0, -8.0, -5.0, -5.8, -6.0, -7.0, -7.0, -7.0, -6.9, -5.0, -5.0, -4.5, -4.0, -3.0, -2.5, -2.0, -1.9, -1.0, 0.0, null, 0.0, 0.0, null, 0.0, 0.0, -0.8, 0.0, 0.0, 0.0, 0.0, 0.2, 0.0, null, 0.0, -0.8, 0.0, 0.0, 0.0, null, 2.2, 1.0, null, 0.5, null, -0.2, 0.0, 1.0, 0.0, 0.0, 0.3, 0.0, 0.0, 0.0, 0.3, 0.0, 0.0, 0.0, null, 1.2, 0.0, 0.0, 1.0, 1.0, 1.0, 0.3, 1.0, 1.0, 1.0, 1.0, 0.7, 1.0, 1.0, 0.8, -1.0, -1.0, -0.8, 0.0, 0.0, 0.5, 0.3, 0.0, 0.0, 0.0, 1.0, 1.0, 1.0, 0.7, 2.0, 2.0, 2.0, 1.7, 1.0, 0.7, 1.0, 0.0, 0.0, -4.0, -3.2, -2.0, -2.0, -1.9, -1.0, -1.0, 0.0, -0.9, 0.0, 0.0, 0.3, 0.0, 0.0, 1.0, 0.2, 1.0, 1.0, 0.8, 1.5, 2.5, 2.7, 4.0, 4.0, 4.4, 5.0, 4.0, 4.5, 4.2, 4.0, 0.0, -1.4, 0.0, 0.0, 0.0, null, 0.4, null, 1.5, 1.0, -0.8, 2.0, 1.0, 2.0, 2.2, 3.0, 3.5, 4.2, 4.0, 4.0, null, 4.0, 4.4, 4.0, null, 3.0, 2.7, 2.0, 3.0, 3.0, 3.0, 3.0, 2.7, 3.0, null, 3.5, 4.0, 4.0, 4.5, 4.2, 4.0, 4.5, 5.0, 4.7, 5.5, 5.0, 5.0, 4.7, 5.0, 3.0, 0.7, 2.0, 2.5, 2.7, 3.0, 3.0, 3.0, 2.8, null, 3.0, 3.0, 2.0, 2.2, 2.0, 1.0, null, 1.0, 0.2, 0.0, 1.8, 2.0, 1.0, 0.0, 1.0, 0.3, 1.0, 0.0, 0.0, null, 0.1, 1.0, 0.2, 0.0, null, 0.5, 0.2, 1.0, 1.5, 2.2, 2.0, 3.0, 2.0, 2.0, 2.1, null, 2.0, 2.0, 2.2, 2.0, -0.5, 0.2, 1.5, 2.0, 2.0, 2.7, 2.0, 2.0, 2.0, 2.0, 1.7, 1.0, 1.0, null, 1.0, 0.7, 1.5, null, 1.0, 0.4, 2.0, 1.0, 2.0, 2.2, 1.5, 2.0, 3.0, 2.7, 2.0, 2.0, 2.5, 2.3, 3.0, 3.0, 3.0, 4.2, 7.0, 6.0, 5.0, 4.7, 3.5, 2.0, null, 0.2, 1.0, 1.5, 0.7, 2.0, 1.0, 2.0, 0.0, -1.0, 2.5, 2.7, 2.0, 1.0, 0.2, 0.0, 0.0, 0.0, -0.8, 0.0, 0.0, null, 0.1, 0.0, 0.0, 0.0, 0.2, 0.0, 0.0, 0.0, 1.0, 0.2, 0.0, 1.0, 1.0, 0.7, 0.0, 0.5, 0.7, 0.0, 0.0, 0.2, 0.0, -1.0, -1.4, -2.0, -1.0, -2.9, -2.0, -2.5, -1.9, -2.5, -0.5, -1.4, -1.0, 0.0, -0.8, 0.5, 0.0, -0.3, 0.0, 1.5, 1.7, 1.0, 1.5, 1.7, 0.5, 1.0, 2.2, 2.0, 3.5, 4.2, 5.0, 4.5, 3.2, 3.5, 2.5, 1.2, 1.5, 1.0, 2.2, 2.5, 2.2, 2.0, 2.5, 2.2, 2.5, 3.7, 4.0, 1.5, -0.8, 0.5, 0.2, 0.0, 0.0, 0.3, 0.0, 0.0, 0.0, 0.3, 0.0, 0.0, 0.3, 1.0, 0.5, 0.0, 0.2, 0.0, 0.0, 0.3, 0.0, 0.0, 0.0, 0.3, 0.0, null, 0.0, 0.3, 0.0, 1.5, 0.3, 1.0, null, 2.0, 0.2, 3.5, 3.5, 3.5, 3.0, 1.5, 1.2, 1.0, 1.0, 0.2, 0.0, 0.0, 0.0, -1.7, 1.0, 1.7, 1.0, 0.5, 0.7, 1.0, 1.0, -0.8, 0.0, 0.0, 0.0, 0.0, null, 0.0, 0.0, 0.0, 0.0, 0.2, -1.0, -0.5, -0.8, 0.0, 0.0, 0.0, 0.5, 0.2, 1.0, null, 0.5, 1.4, 0.5, 0.0, 0.0, 0.0, 1.0, 0.0, 0.5, 1.0, null, 2.2, 2.0, 3.0, 2.7, 2.0, 1.0, 1.2, 1.0, 2.0, 2.0, 2.1, 2.0, 2.0, 3.0, 2.7, 2.3, 3.0, 3.0, 2.7, 2.5, 0.0, 0.3, 0.5, 0.0, 0.0, 0.3, 0.5, 0.5, 0.0, 0.3, 0.3, 1.0, 1.0, 2.0, 1.7, 1.5, 3.0, 4.0, 1.0, 1.7, 0.0, 0.0, 1.0, 0.2, 1.0, 1.0, 2.2, 2.0, 4.0, 2.0, 2.0, 2.2, 1.5, 2.5, 2.3, 2.0, 1.0, 2.2, 2.0, 1.0, 2.0, 2.5, 2.2, 2.0, 1.0, 2.0, 2.7, 1.0, 0.0, 2.0, 1.0, 0.5, 1.0, null, 1.7, 0.0, 0.0, 0.0, 0.2, 0.0, 0.0, 0.0, -1.0, -2.9, -3.0, -2.0, -1.0, -1.0, -1.9, -0.5, 1.0, 1.0, 3.0, null, 3.0, 3.0, 4.4, 2.5, null, 3.0, 4.0, 4.0, 3.0, null, 3.0, 3.0, 2.7, 2.0, 4.0, 2.0, 1.5, 1.0, 0.3, 0.5, 0.0, null, 0.0, 0.2, 0.0, 1.0, 2.0, 1.0, null, 0.0, 2.0, 2.7, 1.0, 1.0, null, 1.0, 1.0, 1.0, 2.2, 2.0, 2.0, 2.0, 2.0, 0.7, 0.5, null, 1.0, 0.7, 0.5, 2.0, 1.0, 1.0, 1.0, 0.5, 1.5, 0.3, 0.0, 1.0, 1.0, null, 2.2, 3.0, null, 2.0, 2.0, 2.2, 3.0, null, 4.0, 2.5, 2.0, 2.3, 1.0, 0.5, 0.5, 0.3, 0.5, 2.0, null, 1.7, 1.0, 1.0, null, 1.2, 2.0, 0.0, 0.0, 1.2, 1.0, 1.0, 3.0, 3.2, 2.0, 3.0, 2.0, 2.0, 3.2, 2.0, 3.0, 2.7, 3.0, 3.0, null, 4.2, 5.0, 5.0, 5.0, 5.0, 6.0, 3.0, 4.0, 4.0, 4.4, 4.0, 6.0, 5.0, 4.5, 5.5, null, null, 5.5, 4.2, 1.0, 2.0, 0.7, 2.0, 1.0, 3.5, 3.0, 3.0, 3.0, 3.5, 3.5, 1.0, 3.0, 1.7, 2.0, 2.0, 2.0, 1.4, 1.0, 2.0, 2.0, 2.3, 2.0, 2.0, 2.0, 0.7, 1.0, 1.0, -0.8, 0.0, 0.0, -1.0, null, -1.4, null, -1.0, null, -2.0, null, null, -2.0, -2.0, null, -1.0, null, null, -1.0, -1.0, null, 1.5, null, 1.7, 2.0, 0.0, 0.0, 0.0, 2.3, 1.0, 0.0, -1.0, -1.0, -1.9, -1.0, -2.5, null, -2.0, null, -2.9, -1.0, -2.0, -2.0, -2.9, null, -3.0, -5.0, -5.0, -4.0, -5.4, -5.0, -3.0, null, -3.0, -3.9, 0.0, 0.0, 0.0, null, -1.4, -1.0, -0.5, null, -2.6, null, -2.0, -2.0, null, -2.0, -1.7, -1.0, null, null, -1.0, -1.0, null, null, -3.0, null, -1.0, 0.0, null, null, null, -1.7, -2.0, null, null, -2.0, -2.0, -1.9, null, -2.0, null, -3.0, null, -2.0, -2.0, null, -3.0, -4.0, -3.0, null, null, null, -4.0, null, -4.0, -4.0, -5.0, -5.4, -5.0, -4.0, -4.0, -4.0, -4.9, -5.0, -5.0, null, -5.0, -6.4, -6.0, -6.5, -6.0, null, -7.4, -9.0, -7.0, null, -8.0, -8.9, -9.0, -8.0, -8.0, -8.9, -7.0, null, -9.0, -9.0, -7.6, -2.0, -1.5, -3.7, -2.0, null, 1.0, -1.0, -1.4, null, -2.0, null, -1.5, -1.9, -2.0, -2.0, 0.0, -2.0, -3.7, -1.0, -1.0, -1.5, null, -2.4, -2.0, -1.0, 0.0, 0.0, -0.8, 0.0, 0.0, 0.0, 1.0, -2.5, 1.4, 1.5, 1.0, 1.1, 1.0, 1.0, 2.2, 1.7, 1.0, 0.4, -0.5, -0.9, -1.0, 0.0, -0.8, 0.0, 0.0, 1.0, 0.1, null, 0.0, -0.9, -1.0, -2.0, null, -3.0, -3.0, -3.2, -3.0, -2.9, -3.0, -0.5, -0.9, 0.0, -1.2, -0.5, -2.0, -3.9, -1.5, -1.4, -0.5, -1.5, 0.2, -0.5, 0.0, 0.4, 1.3, 1.7, 1.3, 2.0, 1.4, 1.0, 0.8, 1.3, 1.1, 1.0, 3.0, 1.8, 1.7, 0.1, 0.0, 0.1, -1.3, -0.6, -0.3, 1.3, -3.4, -3.0, -3.0, -1.9, -2.5, -0.5, -1.4, -1.0, -2.0, -1.4, -1.5, -1.5, -0.8, -1.0, 0.0, -0.8, -0.5, 0.0, -1.9, -1.0, -1.0, -2.4, -0.5, 0.0, -1.4, -1.5, 0.0, 0.2, 0.0, 1.5, 0.7, 1.0, 1.0, -0.8, -0.5, 0.0, -0.8, -1.0, -0.5, -1.4, -2.5, -1.0, -1.4, -1.5, -1.5, -0.8, -1.0, -0.5, 0.2, 2.5, 2.5, 5.2, 4.0, 2.0, 3.2, 1.5, 0.5, 0.7, 0.0, 2.0, 0.7, 0.5, 0.0, -1.4, 0.0, 0.0, 0.2, -0.5, 0.0, -1.4, -1.0, -0.5, -0.3, 0.5, 0.0, 1.2, 0.5, 0.0, 0.2, 1.0, 1.0, 2.0, 2.2, 3.0, null, 2.0, 2.0, 1.7, 2.5, 1.5, 1.2, 1.0, 1.0, -1.6, -1.0, -2.0, -1.0, -3.7, -2.0, -2.0, -2.0, -3.0, -3.4, -2.5, -3.5, -3.9, -3.0, -4.0, -4.9, -4.0, -4.0, -3.9, -3.5, -3.5, -3.4, -2.5, -2.0, -3.7, -2.0, -2.0, -1.9, -0.5, 0.0, 0.0, 0.7, -1.0, -1.0, 0.2, 0.0, 0.0, -0.8, 0.0, 0.0, 0.0, -1.4, 0.0, 0.0, -1.4, -0.3, 0.0, -0.9, -1.0, -0.5, -1.6, -1.0, -2.9, -3.0, -2.5, -0.6, 0.0, 0.2, 0.0, 0.0, 0.0, 0.2, 1.0, 3.0, 3.8, 4.0, 4.5, 3.2, 4.0, 2.0, 2.4, 1.5, 1.0, 0.2, 0.0, 0.0, -1.4, -0.5, 0.0, -0.8, 0.0, 0.0, -1.4, 0.0, 0.0, 0.4, 0.0, 0.1, 0.0, 0.0, 0.2, 0.0, 0.0, 0.0, -1.6, -2.0, -2.5, -2.9, -3.5, -3.4, -3.7, -3.5, -3.9, -3.5, -3.0, -3.0, -1.0, -1.9, 0.0, 0.0, 0.2, 0.0, -1.0, -2.0, -1.9, -1.0, -2.0, -2.4, -2.0, -1.0, -1.4, -0.5, -0.5, -2.9, -1.0, -0.5, -1.7, 0.0, 0.0, 0.7, 1.0, -0.5, 1.0, 2.2, 1.0, 1.0, 2.2, -2.0, -3.0, -2.9, -3.0, -3.5, -3.9, -3.0, -3.0, -4.9, -4.0, -5.0, -5.5, -4.9, -4.0, -3.5, -3.4, -2.5, -2.0, 2.1, -1.5, -1.0, -1.4, -1.0, -2.0, -2.0, -1.9, -3.5, -4.0, -3.4, -4.0, -4.0, -3.0, -4.9, -4.0, -3.0, -3.9, -3.5, -3.0, -4.0, -3.4, -3.5, -3.5, -3.9, -4.5, -4.0, -4.0, -5.4, -3.5, -2.5, -3.9, -3.0, -3.0, -3.4, -3.0, -2.5, -3.4, -2.0, -2.5, -3.4, -5.0, -5.5, -5.4, -5.3, -4.0, -4.5, -3.9, -3.0, -3.0, -2.9, -3.0, -3.0, -3.4, -4.0, -3.0, -3.0, -3.9, -3.9, -3.7, -4.0, -4.9, -5.0, -4.0, -4.4, -4.0, -4.0, -3.0, -3.4, -2.0, -2.0, -3.0, -3.0, -4.9, -4.0, -3.0, -3.0, -2.9, -7.0, -4.0, -5.0, -5.0, -5.9, -6.0, null, -6.0, -6.0, null, -7.4, -11.0, -11.0, null, null, -9.9, -8.0, null, -9.5, -8.9, -8.0, -8.0, -9.0, -9.9, -8.5, -9.0, -7.0, -9.0, -8.4, -8.0, -7.0, -7.5, -7.4, -8.0, -8.0, -8.0, -9.8, -7.5, -8.0, -6.0, -9.8, -8.0, -8.0, -7.0, -6.0, -1.7, null, -3.0, -4.0, -4.0, -3.9, null, -5.0, null, -3.0, -3.7, -2.0, -2.0, null, null, -2.0, -2.0, -3.0, null, -5.0, -3.0, -5.8, null, -2.0, -3.0, -5.8, -4.0, -3.7, -3.0, -3.0, null, -2.0, 28.7, -4.0, -6.0, -6.9, -5.5, -5.0, -5.4, -1.5, -2.0, -3.0, -1.5, -2.0, -2.9, -2.0, -2.4, -4.0, -4.9, -5.0, -5.5, -5.4, -5.0, -3.0, 0.3, 1.0, 0.0, -0.8, -1.0, -1.0, -3.7, -1.0, -1.5, -1.9, -3.0, -3.0, -3.4, -3.0, -2.0, -1.7, -3.0, -3.5, -4.9, -4.0, -4.0, -2.6, -1.0, -1.5, -1.4, -1.0, 0.0, -1.4, -1.0, 0.0, -0.8, -0.7, -2.0, -2.0, -1.9, -1.5, 0.0, -1.7, -0.5, -1.0, -1.5, -1.5, -1.0, -1.5, -2.9, -1.5, -1.0, -1.4, -2.0, -2.0, -1.9, -2.0, -4.5, -5.4, -4.0, -4.5, -4.9, -5.0, -4.5, -4.0, -4.4, -3.0, -4.0, -4.0, -4.9, -4.0, -3.5, -4.0, -4.4, -3.5, -4.0, -1.7, 0.0, -1.0, 0.0, 0.7, 1.0, 0.5, -1.9, 1.0, 0.0, 0.2, 0.0, 0.0, -0.9, 0.0, 0.0, 0.0, -0.3, 0.0, 0.0, 0.0, 0.1, 0.0, -2.0, -1.9, -2.0, -3.0, -1.0, -2.9, -3.0, -2.5, null, -2.6, -3.0, -2.0, -2.0, -2.0, -2.9, -2.5, -2.0, -2.0, -3.4, -3.0, -3.0, -3.0, null, -3.0, -2.0, -1.0, 0.0, -4.3, -4.0, -4.0, -3.0, -4.9, -5.0, -5.0, -4.0, -5.4, -2.0, -1.0, 0.0, 0.0, -0.8, null, -1.0, 1.0, -1.0, -1.7, null, 0.0, null, 0.2, 0.0, 0.5, -0.3, 0.0, -1.0, -1.0, -1.0, -1.0, -1.7, null, -0.5, null, 0.0, null, 0.0, -1.0, -1.0, 0.0, 0.2, 0.0, 0.0, 0.0, 1.0, 0.2, 0.0, null, -0.6, null, 0.0, null, 0.0, -0.9, null, null, -3.0, -1.0, -1.7, -2.0, -2.0, -2.0, -1.0, -2.4, -2.0, -3.0, -3.0, -2.9, -3.0, -4.0, -4.0, -3.0, -4.9, -5.0, -4.0, -4.0, -5.4, null, -3.0, null, -4.0, -4.9, -5.0, -3.0, null, -4.0, -4.0, -4.9, -4.0, -4.0, -3.0, -5.8, -3.0, -4.0, -5.0, -4.0, -4.9, -3.5, -4.0, -3.0, -4.0, -3.7, -4.0, -4.0, -5.0, -5.0, -5.9, -6.0, -6.0, -7.8, -7.0, -7.0, -7.0, -7.4, -7.0, -6.0, -6.0, -0.8, -3.0, -6.0, -6.0, -7.4, -8.0, -6.0, -5.9, -3.5, -6.0, -6.0, -4.9, 1.5, 0.0, null, -3.9, -4.0, -3.0, -0.9, 0.0, -1.0, 0.0, -1.7, 0.0, 0.0, 0.0, 0.1, null, 0.0, -1.0, null, -0.8, 0.0, 0.0, 0.0, 0.0, 0.7, 0.0, 0.0, 0.0, 0.0, 0.2, null, -2.0, null, -2.0, -3.0, -1.7, null, -1.0, null, 0.0, null, -0.8, 0.0, 0.0, 0.0, 0.0, 0.2, 0.0, 0.0, 0.0, 0.0, 0.7, null, null, 0.0, 0.0, 0.0, 0.2, 0.0, null, 2.0, null, 0.0, -1.0, null, null, -3.0, -3.7, -5.0, -3.0, null, null, -4.0, -3.4, -3.0, -2.0, -3.0, null, -2.0, -3.9, -3.0, -2.5, -1.7, -1.0, null, -0.5, -1.0, 4.4, 0.5, -0.5, -0.8, 0.0, 0.0, 0.0, -1.4, -0.5, 0.0, -1.4, -1.0, -0.5, -3.0, -4.4, -2.0, null, -1.5, -2.9, -1.5, -2.0, -3.0, -1.9, -2.0, -1.4, -1.5, -1.0, -0.5, 0.2, 1.0, 2.0, 1.0, 1.2, 2.0, 2.0, 2.4, 2.3, -3.9, -3.3, -3.9, -3.3, -2.9, -3.0, -3.6, -4.7, -4.3, -3.7, -4.9, -4.6, -5.5, -5.0, -5.4, -6.0, -6.9, -7.0, -7.0, -6.8, -6.4, -5.8, -4.7, -4.2, -4.0, -5.4, -4.8, -5.3, -5.0, -4.7, -5.0, null, -5.0, -5.0, null, -5.0, -5.3, -5.0, -4.3, -3.9, -3.5, -4.9, -5.0, -5.0, -6.4, -5.5, null, -5.0, -6.0, -7.4, -7.0, -6.0, -6.0, -7.0, -9.0, -8.9, -6.0, -4.0, -2.9, -3.0, -5.0, -5.4, -5.0, -6.5, -7.4, -6.0, -7.5, -8.0, -8.9, -8.5, -8.5, -9.3, -9.5, -10.9, -10.0, -11.0, -11.9, -11.0, -11.0, -11.9, -12.0, -9.9, -12.0, -13.9, -13.0, -13.0, -7.0, -8.9, -8.0, -8.0, -7.0, -7.4, -7.0, -6.0, -6.0, -7.0, -8.4, -7.0, -8.0, -6.9, -6.5, -7.0, -7.4, -7.0, -7.0, -8.0, -8.9, -6.5, -5.0, -4.9, -5.0, -6.9, -5.5, -5.0, -5.0, -4.9, -5.0, -5.0, -5.0, -3.4, -3.0, -3.0, -3.4, -4.5, -5.0, -5.9, -5.0, -5.0, -5.0, -5.4, -5.5, -7.0, -6.0, -7.9, -8.0, -7.0, -7.5, -9.0, -9.4, -9.0, null, null, null, -4.0, -3.4, -1.0, -1.0, null, null, 1.0, -1.0, -2.0, -3.0, null, null, -3.0, null, -2.0, null, null, -3.0, -5.9, -5.0, -8.0, null, -5.0, -6.0, -7.4, -5.0, -7.0, null, -6.0, -7.4, -7.5, -8.0, null, -5.4, 0.0, -7.0, null, -6.0, -5.0, -6.0, -6.0, -6.0, null, -6.0, -6.9, -6.0, -6.0, -5.0, -5.4, -4.0, -5.0, -5.0, -4.9, -4.0, -3.0, -4.9, -5.0, -6.0, -6.0, -6.9, -5.0, -4.5, -4.9, -5.0, -6.0, -4.9, -7.5, -8.5, -8.9, -9.0, -9.6, -8.0, -7.7, -8.6, -7.5, -7.4, -6.3, -6.0, -6.9, -6.5, -6.5, -6.6, -4.0, -4.9, -5.0, -6.5, -7.4, -6.0, -5.0, -5.0, -3.9, -3.0, -2.5, -3.4, -3.0, -3.0, -3.4, -4.0, -3.0, -4.0, -3.2, -3.0, -1.9, -0.5, 0.0, 0.0, -0.3, 0.0, -0.5, -0.8, -6.5, -6.5, -6.9, -6.0, -6.0, -6.9, -6.5, -6.0, -6.4, -6.0, -6.0, -4.5, -4.9, -3.0, -2.0, -1.0, -2.0, -2.5, -0.8, -0.5, -1.5, -2.9, -1.0, -3.5, -5.4, -6.0, -6.0, -5.4, -4.5, -3.0, -2.4, -4.0, -5.0, -5.4, -3.5, -5.0, -4.9, -5.0, -4.0, -3.9, -3.0, -3.5, -2.0, -2.9, -3.0, 0.0, 0.8, 3.0, 3.0, 1.7, 0.0, -3.0, -2.9, -3.0, null, -4.0, -5.0, -4.0, -4.0, -5.8, -3.0, -3.0, -3.4, -3.0, -3.5, -4.0, -4.0, -5.4, -5.0, null, -6.0, -6.9, -6.0, -6.0, -7.0, -8.4, -8.0, -8.0, -8.0, -8.9, -8.5, -8.0, -7.0, -6.5, -8.0, -7.9, -7.5, -8.5, -8.9, -7.0, -6.0, -5.4, -5.5, -5.0, -3.0, -4.0, -4.0, -4.5, -4.9, -4.0, -4.0, -3.0, -4.9, -4.0, -4.0, -4.0, -5.0, -6.9, -5.5, null, -5.5, -7.8, -6.5, -7.0, -6.0, -4.0, -7.0, -8.0, -8.0, -7.9, -8.0, -8.0, -7.0, -7.8, -7.0, -7.5, -6.0, -5.9, -5.0, -4.5, -4.0, -4.9, null, -2.0, -3.5, -4.9, 0.0, -2.0, null, -1.9, -2.0, 0.0, null, null, null, -0.8, -1.0, 0.0, -1.0, null, 0.2, 0.0, 0.0, -2.0, -2.4, -2.0, -2.0, null, -2.0, -1.9, -2.5, -2.0, -1.9, -2.0, -2.0, null, -3.0, -2.0, -2.9, -2.0, -2.0, -2.0, -2.0, null, -2.0, -1.0, -1.0, -2.0, -2.9, -2.0, -2.0, -2.0, -2.5, null, -1.0, -2.0, -5.5, -6.0, -6.0, -7.0, -7.0, -8.0, -7.0, null, -8.0, -4.0, -5.5, -7.9, -8.0, -6.0, -5.0, -5.0, -4.0, -3.7, -4.5, -6.5, -6.9, -2.0, -6.0, -4.0, -7.9, -6.0, -6.0, -5.8, -5.0, -7.0, -9.4, -7.0, -6.0, -5.9, -6.0, -6.5, -6.9, -7.0, -7.0, -4.9, -4.0, -5.5, -6.3, -6.0, -6.0, -7.9, -7.5, -6.9, -6.5, -6.0, -6.9, -6.0, -6.0, -6.6, -5.0, -5.3, -4.5, -6.4, -6.0, -7.0, -7.4, -6.0, -7.5, -9.4, -9.0, -8.7, -7.9, -8.0, -8.0, -8.9, -7.5, -6.9, -7.0, -6.6, -5.5, -6.0, -6.9, -5.0, -5.5, -5.9, -5.0, -5.0, -5.4, -5.0, -8.5, -8.0, -8.6, null, -9.0, -9.4, -8.0, -5.0, -7.0, null, -7.0, -7.0, -7.4, -7.0, -7.0, -7.4, -8.0, -10.9, -9.0, -9.5, -8.9, -7.5, -5.0, -7.4, -4.0, -3.5, -4.9, -4.0, -4.0, -5.8, -4.0, -3.0, -5.8, -6.5, -7.0, -7.4, -7.0, -7.4, -6.0, -5.0, -4.9, -4.0, -4.9, -4.5, -5.0, -8.4, -11.5, -11.0, -11.4, -11.0, -11.5, -9.8, -10.0, -7.5, null, -6.5, -8.0, -7.8, -7.5, -9.0, -9.4, -9.0, -9.4, -9.0, -8.0, -8.9, -9.0, -9.0, -9.4, -9.0, -9.4, -9.0, -8.5, -5.0, -5.4, -6.0, -7.4, -7.0, -7.0, -7.4, -6.0, -6.9, -6.0, -6.0, -6.9, -7.0, -6.5, -7.4, -5.5, -4.4, -5.8, -5.4, -5.5, -5.8, -5.9, -5.0, -5.4, -6.0, -6.0, -6.4, -6.0, -6.0, -7.8, -6.5, -7.5, -6.9, -6.0, -5.4, -5.0, -2.5, -1.4, -1.0, -0.5, 0.0, 0.0, 0.0, 0.0, 0.0, 0.0, -1.5, -2.0, -2.0, -2.0, -2.0, -2.5, -3.0, -3.0, -3.0, -3.0, -3.2, -3.0, -3.5, -3.4, -3.5, -5.0, -4.9, -5.0, -5.0, -5.3, -5.5, -6.0, -6.9, -6.0, -9.0, -8.6, -8.0, -7.9, -7.5, -7.0, -7.3, -7.0, -6.5, -6.9, -6.5, -6.5, -7.3, -6.0, -5.3, -5.0, -5.0, -5.3, -5.0, -4.0, -3.6, -3.0, -1.5, -1.4, -1.0, 0.0, -1.4, -1.5, -1.0, -1.4, -1.5, -2.0, -3.3, -4.5, -5.0, -4.6, -4.0, -3.0, -3.9, -3.0, -2.9, -3.0, -2.9, -2.0, -4.0, -4.0, -3.4, -5.5, -7.5, -7.4, -7.0, -8.0, -7.9, -7.0, -7.0, -5.0, -3.4, -2.0, -3.0, -2.5, -3.7, -3.0, -3.0, -2.5, -3.4, -3.0, -2.0, -1.9, -2.0, -2.5, -2.9, -3.0, -2.5, -2.0, -5.3, -5.0, -5.0, -5.4, -5.0, -5.0, -5.0, -5.4, -4.5, -3.5, -3.4, -3.5, -3.0, -2.9, -2.0, -2.0, -1.4, -1.5, -1.0, -0.8, -1.0, -1.0, -1.0, -1.6, -1.5, -1.9, -0.5, 0.0, -0.8, -1.5, -1.0, -2.0, -2.9, -3.0, -3.0, -3.4, -3.0, -3.0, -3.4, -3.5, -4.0, -7.3, -7.0, -7.0, -7.4, -7.0, -7.0, -7.3, -6.0, -6.9, -6.7, -5.0, -5.4, -6.0, -5.9, -6.0, -6.0, -5.4, -6.0, -4.5, -3.4, -3.5, -3.5, -3.9, -3.5, -4.0, -4.0, -4.9, -5.0, -5.4, -4.0, -4.5, -4.9, -4.0, -3.0, -3.4, -3.0, -3.0, -3.0, -4.9, -4.0, -4.0, -5.4, -5.0, -4.5, -2.9, -1.5, -0.8, -0.5, -1.0, -1.4, -1.0, -0.5, -0.8, 0.0, 0.0, -0.8, 0.0, -0.5, -0.8, -0.5, -0.5, -1.4, -1.0, 0.0, -1.0, -1.4, -1.0, -1.0, -2.4, -2.0, -2.0, -3.7, -3.0, -2.0, -3.2, -1.0, -1.0, -1.6, -2.0, -2.6, -2.5, -3.0, -3.2, -3.0, -3.5, -5.3, -6.0, -8.3, -10.5, -10.0, -7.3, -7.0, -7.0, -7.3, -5.7, -3.5, -3.9, -3.5, -4.9, -4.0, -4.0, -3.9, -4.0, -4.0, -4.5, -5.4, -5.0, -4.5, -5.4, -5.0, -4.5, -8.9, -9.0, -9.0, -9.5, -9.4, -8.0, -9.4, -7.6, -5.0, -5.0, -5.3, -4.0, -6.9, -7.1, -4.5, -4.0, -4.6, -6.5, -6.9, -6.5, -6.5, -6.9, -7.0, -7.0, -7.0, -7.9, -9.0, -7.9, -6.5, -6.0, -5.4, -5.0, -5.0, -5.4, -5.0, -4.0, -4.0, -5.4, -5.0, -5.0, -6.9, -6.5, -7.0, -8.0, -8.9, -9.0, -9.0, -10.9, -11.0, -9.0, -9.4, -9.0, -8.0, -7.9, -7.0, -6.0, -6.0, -7.4, -10.0, -10.0, -9.3, -8.0, -8.0, -7.9, -7.0, -7.0, -7.0, -7.4, -7.0, -8.0, -8.0, -7.9, -8.0, -8.0, -9.4, -9.0, -9.0, -9.4, -8.5, -7.0, -4.9, -4.0, -4.5, -4.9, -5.0, -4.5, -5.4, -4.5, -6.5, -6.9, -7.0, -6.0, -7.9, -8.0, -6.0, -6.9, -7.5, -9.0, -8.0, -7.9, -8.0, -7.4, -7.0, -7.5, -8.9, -8.0, -8.0, -7.5, -7.6, -7.0, -7.4, -7.0, -9.0, -9.4, -9.0, -9.0, -9.4, -9.5, -7.0, -7.4, -7.0, -8.0, -7.0, -7.9, -8.0, -8.0, -9.3, -8.5, -8.0, -9.4, -9.0, -9.0, -8.9, -9.0, -9.0, -5.9, -4.0, -3.0, -3.2, -4.0, -5.4, -5.0, -5.0, -5.0, -5.4, -5.0, -5.0, -5.4, -4.5, -4.0, -3.9, -4.0, -4.0, -4.9, -5.0, -4.0, -3.4, -3.0, -3.5, -3.4, -3.0, -3.0, -3.4, -3.0, -3.0, -3.0, -2.0, -4.4, -5.0, -5.0, -5.4, -6.2, -6.4, -5.0, -1.8, -1.5, 1.7, 2.7, 1.4, 0.7, 0.2, 1.0, 0.2, 0.0, -0.6, -2.4, -0.8, 0.0, 0.2, 0.0, 0.5, 0.2, 0.0, 0.0, -0.8, -0.5, -1.0, -3.5, -3.4, -3.0, -3.0, -3.4, -3.0, -4.0, -3.9, -3.0, -3.0, -4.0, -3.4, -4.0, -4.0, -3.9, -4.0, -3.4, -3.0, -3.0, -3.0, -3.2, -4.0, -4.9, -4.0, -3.5, -3.4, -4.0, -3.5, -3.9, -3.5, -4.0, -4.9, -5.0, -4.0, -3.4, -3.0, -3.0, -4.0, -3.4, -3.5, -2.0, -2.0, -2.9, -1.5, null, -1.9, -0.5, -1.0, -1.0, -1.4, -1.0, -1.0, -1.2, -1.5, -1.4, -1.5, -2.0, -1.4, -1.0, -1.0, -0.8, 0.0, 0.0, -0.5, -1.4, -1.0, -1.0, 0.7, -1.5, -2.0, -1.0, -1.4, -1.5, -1.0, -1.7, -1.0, -0.5, 0.0, 0.7, 0.0, 0.0, -2.0, -1.0, -1.4, -1.0, -2.0, -1.0, -1.4, -1.0, -2.0, -1.9, -2.0, -0.5, -1.4, -2.0, -2.0, -1.4, -2.0, -1.0, -3.0, -1.9, -2.0, -1.0, -2.0, -0.8, 0.0, 0.0, 0.0, -1.4, -2.0, null, -1.0, 0.0, 0.0, 0.0, 0.0, -0.8, 0.0, 0.0, 0.0, 2.2, 2.0, 0.0, 0.0, 0.2, 0.0, 1.0, 1.7, 1.5, 0.5, -0.8, -1.5, -2.0, -2.9, -2.5, -2.0, -2.0, -2.9, -2.0, null, -3.0, -3.2, 0.0, 0.0, -0.9, -1.0, -1.4, -1.0, -2.0, -2.0, -2.9, -3.0, -3.5, -4.9, -5.0, -5.0, -5.4, -5.0, -5.5, -5.9, -5.5, -5.0, -5.4, -5.0, -5.0, -5.3, -3.5, -2.0, -2.9, -2.0, -2.0, -2.9, -3.0, -3.6, -4.0, -4.0, -4.6, -4.0, -3.9, -3.5, -0.7, -1.6, -1.5, 0.7, 0.0, 0.0, -0.8, -1.0, -1.5, -2.9, -2.0, -1.0, -0.3, 1.0, 0.5, 0.2, 0.0, 0.0, 0.2, 0.0, 0.0, -1.4, -0.5, 0.0, 0.2, 0.0, 0.0, 0.2, 0.5, 0.0, 0.2, 0.0, 0.0, -1.4, 0.0, 0.0, 0.0, -0.8, 0.0, 0.0, -0.8, -1.0, -1.0, -0.5, 0.0, -0.8, 0.0, -0.8, 0.0, 0.0, 0.2, 0.0, 0.0, 0.0, 0.0, -1.0, -4.9, -3.0, 0.0, -4.0, -5.0, -5.0, -4.0, -3.0, -3.4, null, -2.0, -2.0, -1.9, -2.0, -2.0, -1.0, -1.0, -1.0, -1.4, 0.0, 0.0, 0.0, 0.0, -1.4, -5.0, -3.0, -5.0, -4.0, -5.8, -4.0, -4.0, -3.5, -4.0, null, -3.4, -3.0, -2.0, -3.4, null, -3.5, -6.0, -6.0, -7.8, -6.0, null, -5.0, -5.0, -4.9, null, -4.0, -3.0, -3.7, -3.0, -2.0, -2.0, -1.7, -2.0, -2.0, -2.0, -1.7, -2.0, -2.0, -3.5, -5.8, -4.0, -3.0, null, -3.9, -3.0, -3.0, -3.4, -3.0, -3.0, -3.0, -3.4, -2.5, -2.0, -2.0, -2.9, -2.0, -1.0, -2.0, -3.4, -3.0, -3.0, -3.9, null, -4.0, null, -4.0, -6.9, -8.0, -6.5, null, -5.9, -6.0, null, -6.0, -6.0, -5.4, -5.5, -5.9, -5.0, -5.0, -5.0, -4.9, -4.0, -4.0, -3.9, -4.0, -3.5, -4.4, -6.0, -5.0, -3.9, -4.0, null, -5.0, null, -5.4, -6.0, -5.4, -5.0, -5.4, -5.0, -5.0, -5.4, -5.0, -4.5, -4.9, -4.0, -4.0, -5.4, -5.0, -5.0, -5.8, -5.0, -3.0, -4.0, -5.8, -4.0, -4.0, -4.0, -5.8, null, -4.0, -4.0, null, null, -5.0, -6.0, -6.0, -6.0, null, -6.0, -5.0, -6.0, -6.0, null, null, -5.0, -6.0, -6.0, -6.0, null, -7.0, -7.0, -6.0, -7.0, -7.0, null, -7.0, -7.0, null, null, null, null, -9.0, -7.0, -8.0, null, -8.0, -9.0, -8.0, -8.0, null, -7.0, -7.0, -8.0, -6.0, -6.5, null, -8.0, -7.0, -8.0, -8.0, -9.0, -9.5, -9.0, -7.0, -8.0, -1.0, -1.5, -2.5, -1.0, -1.5, -3.0, -3.0, -2.0, -1.0, -2.0, -4.0, -1.0, -1.5, -3.0, -3.0, -3.0, -2.0, -2.0, -3.0, -2.5, 0.0, 0.0, null, -2.0, -1.0, -2.0, null, 0.0, 2.0, 0.0, 0.0, 0.0, 0.0, -0.5, -0.8, -1.0, -2.0, -2.9, -2.0, -2.0, -2.0, -3.4, -3.0, -3.0, -3.4, -2.5, 1.0, 1.5, 2.2, 2.0, 1.0, 0.7, 0.0, 0.0, 0.0, 0.2, 0.0, 0.0, 0.2, 0.0, 0.0, 0.0, 0.2, 0.0, 0.0, 0.2, 0.0, 0.0, 0.2, 0.0, 0.0, -1.4, -2.0, -3.0, -3.0, -3.5, -3.0, -2.0, -3.7, -2.0, -0.5, -0.8, 0.0, 0.0, 0.2, 0.0, 0.0, -0.9, -1.0, -1.0, -1.4, -1.0, -0.7, -0.8, 0.0, 0.0, 0.0, 0.2, 0.0, 0.0, 0.2, 0.0, 0.0, -0.6, 0.0, -1.0, -1.2, 0.0, -1.0, -1.4, -1.0, -1.0, -1.2, -1.0, -1.0, -1.4, 0.0, 0.0, -0.6, 0.0, 0.2, 0.0, -3.0, -1.4, 0.0, 0.0, 0.1, 0.0, 0.0, 0.2, 0.0, 0.0, 0.2, 0.0, 0.0, 0.1, 0.0, 0.0, 0.2, 0.0, 0.0, 0.2, 0.0, 0.0, 0.0, 0.2, 0.0, 0.0, 0.2, 0.0, 1.0, 1.0, 0.7, 1.0, 1.5, 0.7, 1.5, 2.0, 2.0, 2.2, 1.0, -1.5, -1.2, -1.0, -1.0, -1.4, -1.0, -1.0, -1.9, -2.0, -2.0, -2.9, -3.0, -2.0, -2.9, -2.0, -1.0, -1.0, -1.4, -1.0, -0.5, -0.8, 0.0, 0.0, 1.0, 1.0, 1.5, 2.0, 1.8, 1.0, 1.0, 1.0, 0.7, 1.0, 1.0, 0.7, 1.0, 1.0, 0.0, -0.8, 0.0, 0.0, -1.0, -1.0, -1.4, -1.0, -1.0, -2.0, -1.9, -2.0, -2.0, -2.0, -2.9, -2.0, -1.0, -1.0, 1.0, 0.7, null, 1.0, 0.0, 0.2, 1.0, 0.0, 0.0, 0.2, 0.0, 0.0, 0.2, 0.0, 0.0, 0.2, 0.0, 0.0, 0.0, 0.2, 0.0, 0.0, 0.7, 1.0, 2.0, 1.0, 0.7, 1.0, 1.0, 0.2, 0.0, 0.0, 0.2, 0.0, 0.0, -1.4, 0.0, 0.0, 0.0, -1.4, -0.5, 0.0, -0.8, 0.0, 0.0, 0.2, 0.5, 1.0, 3.7, 5.0, 5.0, 5.7, 5.0, 6.0, 4.7, 4.0, 4.0, 3.7, 3.0, 4.0, null, 4.0, 4.2, 4.0, 4.0, 4.2, 4.0, 4.5, 5.0, 5.0, 5.0, 5.0, 4.7, 5.0, null, 4.0, 5.0, 8.5, 9.0, 8.7, 9.0, 9.0, 8.4, 9.0, null, 9.5, null, 10.0, 9.2, 9.0, 2.0, 3.0, 4.3, null, 5.0, 0.5, -2.4, 0.0, 3.0, null, 3.0, 2.2, 2.0, 1.0, 0.2, 0.0, 0.0, 2.2, 4.0, 6.0, 6.0, 6.8, 7.0, 7.0, 8.2, 7.0, 8.0, 8.0, 8.2, 8.0, 8.0, 1.2, 1.0, 1.5, 2.0, 2.2, 3.0, 3.0, 2.7, 3.5, 4.0, 6.7, 4.0, 4.5, 4.7, 5.5, 6.0, 6.0, 6.2, 6.0, 6.0, 6.2, 7.0, 7.0, 6.8, 7.5, 8.0, 7.2, 6.5, 5.0, 4.0, 3.2, 2.0, 1.0, 0.2, 0.5, 0.0, 0.0, 20.2, 2.5, 0.0, 10.5, 5.5, 6.2, 0.0, 0.2, 0.0, -1.5, -1.4, -1.0, -1.0, -1.9, -1.0, -1.0, -1.0, -4.9, -3.0, null, -3.0, -3.0, -3.4, -2.0, -2.5, -2.9, -2.0, -2.0, -2.0, -2.6, -2.0, -1.5, -1.4, -2.0, -1.0, -1.2, -1.0, -1.2, -2.0, -2.0, -2.0, -3.7, -2.5, -3.0, -2.5, -2.6, -2.0, -2.0, -2.9, -3.0, -3.0, -3.2, -3.0, -3.6, -3.0, -3.3, -3.9, -4.0, -3.5, -3.2, -3.0, -3.0, -4.9, -3.0, -2.5, -2.6, -2.0, -2.6, -1.0, -2.5, -1.9, 4.7, 3.0, 2.8, 2.0, 1.0, 0.4, 0.5, 1.0, 0.8, 1.0, 1.0, 0.8, 1.0, -0.2, 0.0, 0.0, -0.8, 0.0, 0.0, 0.1, 0.0, 1.0, 1.4, 1.5, 1.7, 2.0, 1.5, 1.1, 2.0, 1.7, 1.5, 0.7, 0.0, 1.0, 0.7, 0.0, 0.0, 0.2, 0.0, 0.0, 0.0, 0.0, 0.0, -7.4, -7.0, -6.0, -6.0, -4.2, -3.5, -3.4, -3.0, -2.0, -1.5, -3.7, -3.0, -4.5, -4.9, -4.0, -4.0, -1.4, 10.0, 2.5, 2.2, 2.0, 1.0, 0.7, 0.5, 1.0, 0.7, 4.5, 4.0, 5.0, 4.7, 4.0, 3.5, 4.4, 3.0, 4.0, 4.2, 5.0, 4.5, 4.4, 4.0, 3.5, 2.7, 3.5, 4.0, 4.2, 3.0, 3.0, 2.0, -0.8, -1.5, -2.0, -2.9, -3.0, -3.0, -2.9, -3.0, -3.0, -3.4, -3.0, -3.0, -3.0, -3.2, -3.0, -3.4, -3.0, -3.0, 0.7, 1.0, 1.0, 0.7, 1.0, 1.0, 1.7, 1.0, 1.0, 0.7, 1.0, 0.0, 0.5, 0.7, 2.0, 2.0, 2.2, 2.0, 2.0, 2.0, 2.2, 2.0, 0.0, 0.0, 0.0, 0.5, 0.7, 1.0, 1.0, 1.0, 0.7, 1.0, 0.5, 1.0, 0.1, 0.0, 0.0, -1.9, -1.0, -1.4, -1.0, -1.0, -1.4, -1.0, -2.0, -2.9, -8.0, -8.0, -5.4, -3.0, -3.0, -3.4, -3.0, -4.0, -3.9, -4.0, -3.0, -3.0, -3.4, -2.0, -1.5, -1.4, -1.0, 0.0, 1.2, 2.5, 2.0, 2.0, 2.2, 3.0, 4.0, 4.2, 4.0, 3.0, -2.9, -3.0, -1.5, -1.4, 0.0, 0.0, 0.2, 0.0, -1.0, -2.0, -3.4, -3.0, -3.0, -4.4, -4.0, -4.0, -3.4, -2.5, -0.5, -2.9, -4.0, -3.0, -3.4, -2.0, -3.0, -3.0, -3.5, -3.0, -3.0, -3.0, -3.4, -3.0, -3.5, -3.4, -3.0, -3.0, -3.4, -1.0, 0.0, -0.8, 0.5, 0.7, 1.0, 1.0, 0.7, 1.0, 1.0, 0.7, 0.0, 0.0, -0.8, 0.0, -1.0, -1.4, 0.0, 0.2, 0.0, 0.0, 0.2, 0.0, 0.0, 0.2, 0.0, 0.0, 0.0, -1.0, -1.4, -2.0, -2.0, null, -2.9, -3.0, -3.0, -8.0, -3.2, -5.0, -5.0, -4.0, -4.6, -4.0, 0.2, 1.0, 0.0, 0.0, 0.0, 0.7, 2.0, null, 2.0, 2.4, 2.0, 2.0, 2.4, 1.0, -0.6, 0.0, 0.0, 0.1, 0.0, 0.1, 0.0, 0.0, 0.2, 0.0, 0.0, 4.8, 4.5, 4.7, 4.0, 4.5, 4.0, 4.2, 4.0, 4.0, 2.0, 2.7, -4.8, null, 7.0, 7.0, 7.0, 6.4, null, 7.0, 8.0, null, 7.5, null, -1.4, 0.0, 1.0, null, 3.0, 3.0, 3.0, 2.7, null, 3.0, null, 3.5, 4.4, 5.0, 6.0, 17.0, 12.2, 10.5, 5.5, 8.7, 9.0, 9.0, 9.0, null, 6.8, 7.0, null, 5.5, 5.0, 3.7, 2.0, 1.5, null, -2.9, -3.0, null, -3.0, -3.4, -3.0, -3.0, -3.4, -2.5, -1.9, -1.0, null, 0.0, 0.0, 1.0, 6.0, 4.7, 5.0, 3.5, 2.1, 1.5, -3.4, -4.0, -3.0, -3.0, -3.4, -3.0, -4.0, -3.0, -3.2, -3.0, -3.0, -3.2, -3.0, -5.4, -5.0, -6.0, -6.9, -7.0, -7.0, -7.5, -8.9, 6.0, 2.5, -1.4, -1.0, -2.0, -3.0, -3.5, -3.7, -4.0, -3.0, -3.4, -3.5, -3.0, -2.0, -2.9, -2.0, -1.4, -0.5, 0.5, 1.0, 0.7, 1.0, 1.0, 1.0, 0.7, 1.0, 1.0, 1.0, 0.7, 1.0, 1.0, 0.0, 0.2, 0.0, -1.0, -1.7, -2.0, -1.0, -2.0, -2.9, -2.0, -2.0, -2.5, -3.4, null, -3.0, -2.0, -2.9, -2.0, -1.0, -1.0, -1.4, 0.0, 0.0, 0.0, -1.7, 0.0, -0.5, -1.0, -1.0, -1.7, -1.0, -2.0, -2.0, null, -1.5, -1.4, -3.0, -2.0, -1.0, -1.6, 7.0, null, 1.0, 0.0, 0.0, -1.4, 0.0, null, 2.0, 0.0, 1.7, 1.0, 1.8, 6.0, 5.0, 5.0, 4.4, 7.0, 5.0, null, 4.5, 4.4, 5.0, 2.0, 3.0, 3.0, 2.0, 2.7, null, 5.0, 2.0, null, 2.1, 2.0, 2.0, 0.0, 1.0, 0.3, 0.0, 1.0, 1.0, 2.0, 3.7, 3.0, null, 3.5, 3.0, 7.6, 7.0, 3.0, 4.0, 4.0, 4.0, 4.7, 5.0, 5.0, 4.0, 4.2, 4.0, 4.0, 4.0, 4.7, 5.5, 6.0, 6.0, 6.2, 7.0, 7.0, 7.0, 6.4, 7.0, 7.0, null, null]}