{"type": "Feature", "properties": {"leg_id": 76, "name": "20241020 - Fiji to Whangarei, New Zealand", "stated_nm": 1373.1, "computed_nm": 1373.1}, "geometry": {"type": "LineString", "coordinates": [[177.393777, -17.639162], [177.392593, -17.631808], [177.386055, -17.630561], [177.379487, -17.634358], [177.375718, -17.639167], [177.373665, -17.646228], [177.373313, -17.652345], [177.372696, -17.661268], [177.373619, -17.667724], [177.375755, -17.676167], [177.38015, -17.682991], [177.383523, -17.684826], [177.386639, -17.680869], [177.383286, -17.685065], [177.379644, -17.689633], [177.376699, -17.693668], [177.373384, -17.698107], [177.370183, -17.702531], [177.36726, -17.706464], [177.362437, -17.71123], [177.359096, -17.715695], [177.35607, -17.722104], [177.353455, -17.727442], [177.349623, -17.733475], [177.346321, -17.738396], [177.342881, -17.743653], [177.339783, -17.748418], [177.336266, -17.753661], [177.332971, -17.758502], [177.329209, -17.762729], [177.324844, -17.767612], [177.322469, -17.771935], [177.319389, -17.777923], [177.317108, -17.782282], [177.313904, -17.788643], [177.31162, -17.793257], [177.30865, -17.799591], [177.306117, -17.805083], [177.302962, -17.811918], [177.300621, -17.817073], [177.296409, -17.822134], [177.292135, -17.826567], [177.287272, -17.831457], [177.283391, -17.835516], [177.27852, -17.840703], [177.273803, -17.84532], [177.266627, -17.850587], [177.262035, -17.854237], [177.257787, -17.859804], [177.253713, -17.86529], [177.249451, -17.871316], [177.246607, -17.875088], [177.242341, -17.880508], [177.239975, -17.886107], [177.237175, -17.892943], [177.235058, -17.898222], [177.232162, -17.904577], [177.229748, -17.910423], [177.227793, -17.916944], [177.224611, -17.922354], [177.216965, -17.926395], [177.210769, -17.928304], [177.202797, -17.931024], [177.196129, -17.932972], [177.188269, -17.933797], [177.182287, -17.935696], [177.182536, -17.936713], [177.178391, -17.940399], [177.1742, -17.943795], [177.168449, -17.949972], [177.163593, -17.953468], [177.159331, -17.961005], [177.157843, -17.966588], [177.155724, -17.974163], [177.153194, -17.980816], [177.149513, -17.989961], [177.146594, -17.99588], [177.143189, -18.002504], [177.140633, -18.008607], [177.138755, -18.014426], [177.136536, -18.022127], [177.135478, -18.027701], [177.133668, -18.036466], [177.132894, -18.043343], [177.131447, -18.052228], [177.130728, -18.059455], [177.129624, -18.066668], [177.128471, -18.072292], [177.127206, -18.079501], [177.125382, -18.08615], [177.124135, -18.091768], [177.123229, -18.099246], [177.122555, -18.104986], [177.12149, -18.112413], [177.120301, -18.119041], [177.119445, -18.124836], [177.118607, -18.132231], [177.117668, -18.138107], [177.117042, -18.14577], [177.11563, -18.152297], [177.114647, -18.158713], [177.114091, -18.165486], [177.113982, -18.171678], [177.1139, -18.178908], [177.114174, -18.185432], [177.114548, -18.191934], [177.114525, -18.198634], [177.114968, -18.20447], [177.115044, -18.212009], [177.114954, -18.220259], [177.114486, -18.226535], [177.114768, -18.232909], [177.114593, -18.238083], [177.115143, -18.246485], [177.115562, -18.252606], [177.114631, -18.259571], [177.110859, -18.264002], [177.105452, -18.269388], [177.099979, -18.274573], [177.094859, -18.279881], [177.091556, -18.284971], [177.087112, -18.289777], [177.083141, -18.294992], [177.079552, -18.302176], [177.075359, -18.307616], [177.072454, -18.313843], [177.071238, -18.320824], [177.069723, -18.327852], [177.068217, -18.333898], [177.06614, -18.341508], [177.064068, -18.348488], [177.062083, -18.355308], [177.059794, -18.361745], [177.05668, -18.36905], [177.054234, -18.373406], [177.051163, -18.379894], [177.048925, -18.386316], [177.046295, -18.393206], [177.044085, -18.398743], [177.041862, -18.4059], [177.040871, -18.412569], [177.039467, -18.418526], [177.037176, -18.425488], [177.034683, -18.430955], [177.031723, -18.437871], [177.029243, -18.443289], [177.026597, -18.450263], [177.025208, -18.45514], [177.022878, -18.462034], [177.021079, -18.467877], [177.018789, -18.474323], [177.015816, -18.48075], [177.013366, -18.485979], [177.009681, -18.492374], [177.006507, -18.497446], [177.003417, -18.503481], [177.000557, -18.508488], [176.99752, -18.515312], [176.994252, -18.521692], [176.991424, -18.527506], [176.988709, -18.533184], [176.986061, -18.538736], [176.983429, -18.545941], [176.98143, -18.551091], [176.978538, -18.557748], [176.975467, -18.56463], [176.972993, -18.570952], [176.969742, -18.578268], [176.96646, -18.585499], [176.963775, -18.591209], [176.96051, -18.596691], [176.957977, -18.602362], [176.955283, -18.607537], [176.952026, -18.613515], [176.948997, -18.619022], [176.946075, -18.624772], [176.942992, -18.630232], [176.940022, -18.635555], [176.936478, -18.641362], [176.933701, -18.646893], [176.931069, -18.652596], [176.928383, -18.658278], [176.925685, -18.663409], [176.922959, -18.669447], [176.920518, -18.675204], [176.918388, -18.680799], [176.915565, -18.686388], [176.912829, -18.691804], [176.909461, -18.697897], [176.905282, -18.705324], [176.902146, -18.711993], [176.899063, -18.718536], [176.895035, -18.727507], [176.892239, -18.733515], [176.889497, -18.739077], [176.886422, -18.74459], [176.883781, -18.749697], [176.880211, -18.756296], [176.876542, -18.762435], [176.873382, -18.76879], [176.870484, -18.774457], [176.866646, -18.783214], [176.863506, -18.790573], [176.860908, -18.79751], [176.858773, -18.803379], [176.856636, -18.809569], [176.854035, -18.818322], [176.852412, -18.823724], [176.850212, -18.830562], [176.847923, -18.8362], [176.845757, -18.844031], [176.843874, -18.850939], [176.842049, -18.856924], [176.839906, -18.864482], [176.83857, -18.871571], [176.837456, -18.877748], [176.836415, -18.883685], [176.834702, -18.894202], [176.834076, -18.900055], [176.832444, -18.908586], [176.831665, -18.914856], [176.83049, -18.922325], [176.829834, -18.927928], [176.829063, -18.935123], [176.828218, -18.94356], [176.82756, -18.952996], [176.82701, -18.959771], [176.826134, -18.965938], [176.82566, -18.972536], [176.825384, -18.978443], [176.824654, -18.985886], [176.823984, -18.99261], [176.823219, -18.998865], [176.822587, -19.005263], [176.822149, -19.012446], [176.82167, -19.021259], [176.820989, -19.027043], [176.819863, -19.034281], [176.81909, -19.041504], [176.818672, -19.048863], [176.817131, -19.056208], [176.815162, -19.065859], [176.813509, -19.072828], [176.812264, -19.080145], [176.811478, -19.086185], [176.810577, -19.092382], [176.809471, -19.098478], [176.808752, -19.104138], [176.807643, -19.111034], [176.807328, -19.117646], [176.807038, -19.123065], [176.80645, -19.130012], [176.806634, -19.13566], [176.805832, -19.142644], [176.805924, -19.14735], [176.805303, -19.154239], [176.802978, -19.159981], [176.799657, -19.165996], [176.796481, -19.17232], [176.793396, -19.178796], [176.790216, -19.185558], [176.786002, -19.191347], [176.782354, -19.197118], [176.778946, -19.202905], [176.775795, -19.208614], [176.771505, -19.214392], [176.765785, -19.220714], [176.761856, -19.2247], [176.756919, -19.230201], [176.752824, -19.235769], [176.748665, -19.240414], [176.743538, -19.244945], [176.740661, -19.249324], [176.737904, -19.255948], [176.734281, -19.261181], [176.730416, -19.266426], [176.726424, -19.272952], [176.723573, -19.277957], [176.720132, -19.283075], [176.717117, -19.287515], [176.712013, -19.295662], [176.709294, -19.301737], [176.706237, -19.308343], [176.703732, -19.313575], [176.700536, -19.319725], [176.697745, -19.326158], [176.695381, -19.33152], [176.693046, -19.338445], [176.690254, -19.343685], [176.686576, -19.349952], [176.683685, -19.354744], [176.67942, -19.360574], [176.67599, -19.365979], [176.671264, -19.371952], [176.666952, -19.378899], [176.662643, -19.385202], [176.658557, -19.39208], [176.656273, -19.397379], [176.653175, -19.40309], [176.649796, -19.407958], [176.64621, -19.414086], [176.643251, -19.419986], [176.640999, -19.425396], [176.638092, -19.431182], [176.636052, -19.436149], [176.632538, -19.442318], [176.629529, -19.448156], [176.62703, -19.454427], [176.625387, -19.461553], [176.624444, -19.466845], [176.623429, -19.473732], [176.622459, -19.479324], [176.621102, -19.486156], [176.618775, -19.493606], [176.617234, -19.5005], [176.615387, -19.505933], [176.614058, -19.513576], [176.612879, -19.518461], [176.610565, -19.525292], [176.608663, -19.530776], [176.607101, -19.537991], [176.605944, -19.544919], [176.604996, -19.551655], [176.603651, -19.559079], [176.602119, -19.564614], [176.600902, -19.573607], [176.600189, -19.58014], [176.599702, -19.587524], [176.598884, -19.592976], [176.597809, -19.599844], [176.597046, -19.60652], [176.596101, -19.613368], [176.595017, -19.619497], [176.59433, -19.626402], [176.593364, -19.63194], [176.59285, -19.638292], [176.592201, -19.643974], [176.590919, -19.653123], [176.589662, -19.659224], [176.589134, -19.666724], [176.588439, -19.672082], [176.586767, -19.680618], [176.586197, -19.6862], [176.585609, -19.692696], [176.585053, -19.697924], [176.584702, -19.705016], [176.583637, -19.711046], [176.582702, -19.718266], [176.581814, -19.724828], [176.580909, -19.731833], [176.57959, -19.738372], [176.578681, -19.745415], [176.577707, -19.751355], [176.577965, -19.757346], [176.577896, -19.764153], [176.57763, -19.770555], [176.577728, -19.777495], [176.577926, -19.785078], [176.577346, -19.791438], [176.576195, -19.799101], [176.575545, -19.805693], [176.5737, -19.812237], [176.571968, -19.819721], [176.570534, -19.825711], [176.568596, -19.833022], [176.567536, -19.839235], [176.566528, -19.846816], [176.565246, -19.85341], [176.564476, -19.860481], [176.56395, -19.866401], [176.562822, -19.872854], [176.561699, -19.878937], [176.560021, -19.884996], [176.558486, -19.891069], [176.556752, -19.896552], [176.554952, -19.903047], [176.553768, -19.909714], [176.552308, -19.916629], [176.550977, -19.92405], [176.550018, -19.929414], [176.548744, -19.936511], [176.547661, -19.942113], [176.545411, -19.949247], [176.544078, -19.95432], [176.542397, -19.960955], [176.54065, -19.967105], [176.53871, -19.974173], [176.536934, -19.980125], [176.535576, -19.986275], [176.534714, -19.993082], [176.534337, -19.998711], [176.533371, -20.006201], [176.532307, -20.012425], [176.531423, -20.019499], [176.530788, -20.026307], [176.529968, -20.033399], [176.529484, -20.040767], [176.528923, -20.047697], [176.528531, -20.054778], [176.528792, -20.060108], [176.52903, -20.067301], [176.529565, -20.073532], [176.528875, -20.080421], [176.528799, -20.086129], [176.529562, -20.094641], [176.529974, -20.100385], [176.53038, -20.109622], [176.530341, -20.115278], [176.53038, -20.124083], [176.530418, -20.130008], [176.530144, -20.137366], [176.53009, -20.142421], [176.529795, -20.1496], [176.530176, -20.156764], [176.531258, -20.164247], [176.532227, -20.170055], [176.532951, -20.177017], [176.532698, -20.183523], [176.531898, -20.189807], [176.531547, -20.196319], [176.530693, -20.202851], [176.528748, -20.211016], [176.527643, -20.217461], [176.526597, -20.2243], [176.524616, -20.231875], [176.522187, -20.240797], [176.519823, -20.248938], [176.518218, -20.255385], [176.517182, -20.261738], [176.516134, -20.268739], [176.514931, -20.275693], [176.51378, -20.281476], [176.51223, -20.289392], [176.511269, -20.29595], [176.509704, -20.303102], [176.508202, -20.310729], [176.506867, -20.317048], [176.505103, -20.324725], [176.503449, -20.334089], [176.502636, -20.341825], [176.501175, -20.348006], [176.498878, -20.354346], [176.496857, -20.360205], [176.494232, -20.367323], [176.491035, -20.373636], [176.487397, -20.380406], [176.484405, -20.386503], [176.481598, -20.392692], [176.477882, -20.398461], [176.474121, -20.404177], [176.470238, -20.410281], [176.466514, -20.416255], [176.463058, -20.422638], [176.459823, -20.428686], [176.456915, -20.434105], [176.452782, -20.440956], [176.448502, -20.448256], [176.44526, -20.454398], [176.441704, -20.460494], [176.436608, -20.467941], [176.432746, -20.474089], [176.428837, -20.480319], [176.424324, -20.487462], [176.420513, -20.493728], [176.416634, -20.500087], [176.413016, -20.506996], [176.409835, -20.513225], [176.406342, -20.519107], [176.402605, -20.524646], [176.398873, -20.531022], [176.395668, -20.53709], [176.392583, -20.542255], [176.388451, -20.54882], [176.385333, -20.55546], [176.381455, -20.562758], [176.378251, -20.568926], [176.374627, -20.574797], [176.370452, -20.581459], [176.367363, -20.586503], [176.362679, -20.593212], [176.358959, -20.598144], [176.354691, -20.60501], [176.351043, -20.610932], [176.347931, -20.616461], [176.344125, -20.621959], [176.340881, -20.62709], [176.336914, -20.633495], [176.33325, -20.639403], [176.330072, -20.644883], [176.326218, -20.650325], [176.323054, -20.655361], [176.319671, -20.662186], [176.316421, -20.66874], [176.313224, -20.674584], [176.309372, -20.682251], [176.306605, -20.687588], [176.302437, -20.694226], [176.299165, -20.700314], [176.294906, -20.707605], [176.291275, -20.713736], [176.288764, -20.720481], [176.286492, -20.727364], [176.284728, -20.73323], [176.282604, -20.74002], [176.280426, -20.746088], [176.278267, -20.753014], [176.276543, -20.759246], [176.274536, -20.766791], [176.2733, -20.772264], [176.271866, -20.779023], [176.270438, -20.786009], [176.269592, -20.79444], [176.268867, -20.799947], [176.26709, -20.808174], [176.265847, -20.813815], [176.263923, -20.8214], [176.262461, -20.827246], [176.26052, -20.836547], [176.259638, -20.846136], [176.259054, -20.852042], [176.259026, -20.85914], [176.258361, -20.865179], [176.258141, -20.871979], [176.257964, -20.878159], [176.257691, -20.88349], [176.257976, -20.890776], [176.257911, -20.896693], [176.257386, -20.903801], [176.257233, -20.909709], [176.25663, -20.916209], [176.256447, -20.922117], [176.256615, -20.929799], [176.256516, -20.935426], [176.256814, -20.941801], [176.256562, -20.94816], [176.256273, -20.955158], [176.25562, -20.961395], [176.255158, -20.968675], [176.252663, -20.975083], [176.250292, -20.982183], [176.247758, -20.989592], [176.245096, -20.99673], [176.24308, -21.004676], [176.241299, -21.011448], [176.240204, -21.018493], [176.239128, -21.024516], [176.237449, -21.03047], [176.236067, -21.037379], [176.234917, -21.043155], [176.233421, -21.051772], [176.232437, -21.057529], [176.231254, -21.063932], [176.229386, -21.071323], [176.227149, -21.078582], [176.224944, -21.08457], [176.223268, -21.09082], [176.222344, -21.097311], [176.221663, -21.102943], [176.21985, -21.110221], [176.217948, -21.116653], [176.216339, -21.122146], [176.214517, -21.129479], [176.213093, -21.135285], [176.211341, -21.142375], [176.209505, -21.149456], [176.207955, -21.156292], [176.206711, -21.162509], [176.205129, -21.167898], [176.202545, -21.174625], [176.200622, -21.180854], [176.198372, -21.186538], [176.196564, -21.192641], [176.194804, -21.198224], [176.193252, -21.205265], [176.191795, -21.211836], [176.190559, -21.217738], [176.188919, -21.223855], [176.187587, -21.229414], [176.186347, -21.236617], [176.185701, -21.243254], [176.184776, -21.249413], [176.183579, -21.255753], [176.182566, -21.261653], [176.180245, -21.268935], [176.178945, -21.275936], [176.177475, -21.282261], [176.175513, -21.289052], [176.174754, -21.295029], [176.17302, -21.302675], [176.171285, -21.30977], [176.170211, -21.316245], [176.169121, -21.32312], [176.168, -21.329188], [176.166595, -21.336856], [176.165964, -21.343897], [176.165199, -21.350329], [176.164155, -21.357352], [176.163366, -21.363388], [176.162522, -21.371237], [176.161556, -21.378503], [176.160172, -21.385169], [176.159768, -21.392149], [176.158874, -21.398097], [176.157745, -21.405587], [176.156941, -21.412971], [176.15609, -21.419442], [176.155312, -21.426311], [176.154993, -21.432272], [176.154746, -21.440076], [176.153204, -21.447104], [176.15104, -21.453941], [176.148964, -21.461132], [176.147487, -21.467106], [176.145683, -21.475459], [176.143368, -21.482389], [176.142273, -21.489114], [176.140854, -21.496114], [176.139359, -21.502015], [176.137726, -21.510845], [176.135597, -21.5182], [176.133645, -21.525365], [176.131989, -21.532573], [176.130329, -21.538452], [176.127769, -21.54646], [176.126243, -21.553629], [176.124633, -21.560665], [176.123215, -21.567825], [176.121652, -21.573618], [176.118271, -21.584055], [176.117128, -21.590308], [176.11509, -21.59795], [176.113213, -21.605237], [176.110778, -21.613582], [176.108756, -21.619779], [176.107414, -21.626628], [176.105622, -21.633223], [176.103293, -21.640013], [176.101678, -21.646292], [176.100174, -21.6528], [176.098602, -21.658385], [176.096786, -21.665484], [176.094567, -21.671559], [176.091759, -21.678736], [176.089134, -21.685094], [176.086751, -21.690842], [176.083229, -21.697991], [176.08037, -21.703378], [176.077226, -21.709927], [176.075485, -21.717654], [176.072121, -21.729976], [176.070644, -21.73657], [176.068566, -21.745249], [176.066697, -21.753687], [176.064796, -21.761417], [176.063271, -21.768998], [176.061913, -21.776052], [176.06034, -21.784833], [176.058335, -21.793707], [176.055649, -21.801598], [176.05326, -21.809073], [176.050766, -21.817337], [176.047271, -21.825078], [176.044419, -21.83045], [176.040261, -21.836866], [176.037407, -21.843759], [176.035714, -21.853963], [176.033761, -21.861788], [176.03289, -21.868078], [176.032349, -21.876539], [176.031922, -21.885084], [176.030595, -21.895265], [176.028985, -21.903337], [176.027268, -21.911096], [176.025115, -21.918975], [176.023718, -21.925961], [176.021949, -21.934136], [176.020081, -21.943006], [176.017417, -21.952756], [176.015091, -21.960665], [176.012863, -21.968186], [176.010773, -21.977785], [176.008255, -21.985987], [176.00521, -21.993977], [176.00302, -22.002819], [176.001267, -22.010905], [175.999065, -22.019524], [175.995582, -22.031057], [175.993976, -22.037996], [175.992363, -22.045713], [175.991149, -22.053063], [175.990334, -22.059256], [175.989006, -22.068021], [175.987589, -22.075328], [175.984856, -22.08541], [175.982756, -22.092329], [175.980712, -22.098895], [175.978546, -22.105882], [175.976456, -22.111781], [175.974243, -22.119407], [175.972974, -22.126623], [175.97168, -22.133627], [175.970467, -22.140593], [175.969213, -22.146748], [175.967766, -22.155174], [175.966363, -22.162836], [175.965195, -22.170532], [175.964615, -22.177828], [175.963999, -22.184651], [175.963868, -22.193563], [175.962731, -22.200817], [175.961197, -22.20767], [175.959962, -22.213889], [175.958801, -22.22038], [175.957817, -22.228794], [175.957527, -22.234718], [175.956191, -22.2423], [175.955133, -22.250917], [175.953148, -22.258828], [175.9514, -22.267325], [175.950203, -22.274212], [175.949615, -22.282209], [175.949204, -22.288843], [175.947098, -22.29726], [175.946232, -22.303211], [175.94577, -22.312436], [175.945077, -22.318417], [175.944076, -22.325756], [175.943069, -22.332366], [175.942352, -22.338508], [175.941276, -22.348336], [175.940841, -22.354878], [175.940452, -22.36231], [175.940076, -22.368653], [175.938751, -22.375443], [175.937421, -22.384608], [175.936318, -22.392115], [175.935226, -22.39915], [175.93441, -22.40595], [175.93283, -22.412951], [175.931394, -22.419318], [175.929443, -22.42808], [175.927226, -22.436837], [175.923652, -22.448116], [175.922511, -22.455247], [175.920656, -22.465012], [175.919129, -22.472641], [175.917716, -22.481571], [175.916171, -22.490496], [175.915505, -22.498258], [175.914886, -22.505739], [175.913742, -22.513036], [175.912704, -22.520204], [175.912158, -22.52741], [175.910919, -22.53503], [175.910056, -22.542137], [175.908833, -22.548236], [175.907463, -22.555886], [175.906225, -22.561817], [175.905357, -22.569454], [175.90374, -22.576102], [175.902634, -22.581921], [175.901535, -22.589624], [175.900811, -22.595657], [175.899971, -22.603292], [175.898742, -22.611362], [175.897354, -22.61807], [175.89547, -22.625595], [175.893208, -22.631913], [175.89022, -22.640484], [175.887812, -22.647726], [175.885087, -22.656911], [175.883419, -22.662909], [175.880157, -22.671776], [175.878358, -22.678127], [175.875763, -22.686214], [175.873517, -22.692907], [175.871086, -22.698903], [175.868187, -22.707459], [175.866005, -22.714786], [175.863168, -22.722653], [175.86024, -22.72796], [175.856369, -22.734626], [175.853607, -22.740784], [175.85089, -22.747254], [175.84758, -22.753329], [175.844889, -22.758912], [175.841508, -22.765851], [175.838971, -22.771864], [175.836091, -22.778319], [175.833344, -22.784511], [175.830628, -22.790605], [175.827995, -22.797007], [175.823784, -22.805875], [175.821785, -22.811948], [175.819533, -22.817443], [175.816483, -22.824527], [175.813956, -22.830943], [175.811958, -22.837136], [175.810173, -22.843513], [175.808595, -22.849525], [175.806586, -22.857586], [175.80453, -22.864283], [175.80275, -22.870896], [175.801239, -22.877907], [175.798515, -22.885703], [175.796761, -22.892058], [175.794953, -22.898301], [175.791901, -22.905867], [175.79017, -22.911436], [175.787345, -22.918047], [175.784238, -22.925594], [175.779869, -22.932305], [175.776466, -22.938036], [175.772706, -22.943235], [175.769387, -22.949035], [175.76626, -22.953923], [175.762529, -22.960287], [175.75898, -22.965657], [175.755402, -22.971066], [175.752045, -22.97682], [175.748983, -22.981671], [175.744813, -22.987833], [175.741028, -22.993329], [175.737152, -22.998582], [175.733512, -23.003912], [175.729789, -23.008867], [175.723838, -23.016134], [175.719144, -23.022419], [175.713747, -23.028315], [175.709465, -23.034134], [175.705727, -23.03944], [175.700737, -23.046162], [175.696601, -23.05144], [175.692643, -23.056879], [175.688118, -23.062646], [175.683273, -23.071058], [175.679542, -23.076511], [175.675317, -23.084361], [175.671806, -23.09156], [175.66774, -23.09915], [175.663714, -23.104708], [175.660919, -23.110393], [175.657051, -23.115909], [175.653707, -23.120814], [175.649445, -23.127026], [175.645377, -23.13338], [175.641251, -23.139871], [175.637772, -23.145768], [175.634812, -23.151208], [175.63002, -23.159355], [175.626227, -23.165475], [175.62214, -23.171401], [175.61756, -23.178407], [175.613526, -23.185408], [175.609322, -23.191597], [175.60521, -23.198056], [175.600502, -23.205937], [175.594254, -23.215265], [175.588562, -23.223186], [175.585099, -23.229675], [175.581589, -23.235982], [175.578407, -23.242779], [175.57383, -23.250566], [175.56962, -23.258177], [175.566306, -23.265892], [175.56289, -23.272368], [175.560036, -23.277444], [175.556359, -23.285706], [175.553401, -23.291566], [175.549568, -23.299219], [175.546186, -23.307341], [175.541322, -23.31814], [175.538394, -23.325741], [175.535348, -23.33433], [175.531668, -23.342732], [175.527642, -23.349725], [175.524018, -23.355911], [175.521214, -23.361626], [175.51699, -23.368798], [175.514527, -23.374715], [175.510926, -23.382015], [175.507454, -23.388257], [175.50293, -23.396007], [175.499893, -23.402515], [175.497871, -23.408144], [175.49498, -23.415535], [175.492011, -23.422259], [175.489951, -23.428671], [175.487754, -23.43538], [175.485754, -23.44177], [175.482468, -23.450149], [175.480446, -23.456277], [175.478097, -23.464078], [175.476105, -23.471078], [175.475037, -23.476471], [175.472328, -23.484341], [175.469595, -23.490908], [175.467415, -23.497254], [175.464668, -23.504162], [175.462936, -23.511088], [175.461647, -23.518356], [175.459675, -23.525506], [175.457687, -23.532993], [175.45626, -23.540525], [175.45411, -23.551488], [175.452027, -23.558906], [175.450525, -23.56489], [175.449439, -23.573884], [175.448364, -23.58141], [175.44725, -23.588889], [175.44545, -23.596438], [175.444831, -23.602787], [175.443488, -23.611692], [175.441372, -23.618901], [175.440132, -23.626004], [175.438278, -23.634988], [175.436585, -23.642225], [175.434784, -23.650893], [175.433462, -23.656972], [175.431641, -23.666409], [175.431065, -23.673497], [175.429771, -23.684498], [175.42891, -23.691351], [175.427651, -23.701429], [175.426423, -23.708868], [175.424697, -23.716197], [175.423309, -23.722148], [175.421792, -23.729817], [175.420342, -23.736764], [175.419383, -23.74282], [175.417122, -23.750262], [175.415605, -23.755864], [175.413812, -23.764114], [175.411028, -23.771754], [175.408493, -23.779632], [175.406227, -23.78604], [175.403763, -23.791712], [175.401023, -23.798997], [175.399223, -23.805093], [175.396866, -23.811833], [175.393818, -23.8201], [175.39106, -23.827084], [175.387978, -23.834058], [175.384606, -23.840404], [175.380829, -23.846761], [175.378265, -23.852239], [175.374612, -23.859052], [175.371322, -23.865626], [175.368324, -23.871932], [175.365113, -23.878319], [175.362574, -23.884123], [175.359794, -23.891483], [175.356431, -23.898101], [175.352905, -23.905436], [175.349693, -23.911706], [175.34669, -23.917193], [175.342896, -23.924007], [175.340006, -23.929521], [175.336594, -23.935644], [175.333557, -23.941368], [175.330505, -23.947393], [175.32782, -23.953463], [175.325305, -23.958745], [175.322708, -23.965925], [175.320091, -23.97195], [175.317955, -23.978006], [175.315887, -23.984164], [175.314466, -23.989885], [175.312012, -23.995888], [175.309601, -24.001889], [175.30716, -24.007779], [175.30471, -24.013609], [175.30281, -24.019173], [175.300568, -24.025569], [175.298493, -24.031987], [175.296303, -24.038556], [175.29422, -24.044696], [175.292053, -24.050978], [175.289643, -24.057592], [175.287269, -24.06344], [175.28482, -24.070684], [175.282476, -24.076709], [175.279881, -24.083207], [175.277319, -24.089506], [175.27517, -24.094842], [175.272232, -24.101416], [175.269843, -24.106685], [175.267281, -24.113197], [175.26564, -24.118055], [175.26326, -24.124153], [175.260844, -24.130076], [175.25779, -24.13628], [175.254516, -24.142219], [175.252434, -24.147582], [175.249482, -24.154017], [175.24684, -24.160376], [175.243797, -24.166866], [175.24106, -24.172425], [175.237983, -24.178027], [175.234518, -24.184079], [175.231134, -24.189212], [175.226888, -24.195255], [175.223663, -24.200422], [175.219966, -24.206018], [175.21586, -24.210995], [175.212357, -24.215775], [175.207909, -24.221767], [175.204765, -24.2269], [175.201186, -24.233211], [175.198319, -24.239527], [175.195206, -24.247227], [175.192353, -24.254608], [175.189881, -24.260512], [175.187904, -24.265923], [175.185798, -24.272256], [175.183907, -24.278215], [175.182357, -24.28413], [175.180099, -24.290847], [175.178003, -24.296437], [175.175303, -24.303329], [175.172577, -24.309293], [175.168976, -24.317456], [175.166554, -24.323027], [175.163676, -24.329537], [175.161116, -24.335744], [175.15863, -24.342465], [175.156124, -24.349464], [175.154046, -24.3555], [175.152686, -24.362257], [175.151677, -24.368361], [175.15001, -24.37791], [175.14885, -24.384158], [175.147622, -24.391848], [175.146996, -24.398924], [175.145605, -24.404956], [175.143372, -24.41253], [175.140981, -24.41923], [175.1381, -24.427164], [175.138116, -24.43413], [175.137114, -24.440407], [175.136926, -24.448235], [175.137161, -24.453986], [175.137169, -24.461396], [175.136945, -24.467397], [175.135041, -24.475924], [175.132816, -24.481899], [175.129661, -24.48954], [175.127082, -24.495368], [175.12387, -24.501125], [175.117606, -24.507875], [175.113993, -24.512708], [175.109268, -24.518957], [175.105775, -24.523995], [175.102168, -24.530762], [175.098998, -24.536259], [175.095698, -24.542036], [175.091957, -24.547841], [175.08822, -24.552411], [175.084173, -24.557911], [175.080438, -24.56345], [175.075395, -24.567762], [175.071391, -24.573668], [175.066528, -24.579257], [175.061213, -24.584543], [175.056511, -24.591052], [175.053483, -24.595305], [175.048301, -24.601339], [175.044369, -24.606223], [175.038528, -24.612688], [175.035416, -24.617645], [175.029808, -24.624561], [175.024605, -24.630197], [175.019694, -24.635042], [175.014572, -24.638181], [175.010645, -24.64375], [175.007843, -24.649745], [175.004478, -24.656447], [175.001687, -24.661975], [174.99828, -24.667417], [174.993484, -24.673341], [174.987304, -24.677282], [174.98114, -24.680047], [174.974365, -24.682437], [174.966718, -24.684794], [174.963219, -24.689738], [174.959965, -24.694386], [174.95692, -24.700469], [174.955445, -24.704929], [174.955543, -24.709094], [174.95491, -24.715032], [174.954228, -24.72061], [174.953847, -24.725904], [174.95366, -24.730653], [174.955124, -24.734785], [174.957611, -24.738875], [174.959061, -24.743291], [174.96164, -24.748818], [174.963389, -24.753499], [174.965679, -24.758477], [174.96905, -24.762135], [174.971855, -24.765218], [174.97446, -24.769006], [174.976688, -24.77492], [174.978073, -24.779346], [174.979676, -24.783815], [174.982198, -24.787498], [174.984201, -24.791347], [174.986295, -24.795559], [174.98942, -24.800055], [174.99175, -24.804357], [174.993843, -24.809442], [174.995457, -24.813649], [174.997492, -24.81947], [174.999481, -24.825783], [175.000751, -24.830748], [175.002117, -24.836419], [175.003566, -24.841069], [175.005192, -24.846309], [175.006678, -24.85246], [175.007757, -24.857698], [175.008689, -24.863095], [175.007179, -24.869844], [175.004932, -24.87535], [175.001907, -24.88257], [174.999894, -24.889756], [174.998337, -24.897163], [174.997218, -24.902728], [174.995521, -24.909135], [174.993966, -24.914807], [174.991684, -24.921477], [174.989052, -24.927887], [174.986648, -24.934633], [174.9843, -24.941812], [174.982216, -24.947553], [174.980248, -24.953375], [174.978547, -24.958329], [174.975231, -24.964998], [174.972525, -24.97097], [174.969777, -24.97715], [174.966947, -24.983207], [174.964622, -24.988197], [174.96162, -24.994298], [174.958954, -24.999673], [174.955952, -25.006609], [174.952911, -25.013209], [174.949143, -25.021293], [174.946541, -25.026628], [174.943364, -25.032778], [174.940025, -25.038984], [174.936727, -25.044964], [174.933899, -25.049853], [174.930339, -25.056141], [174.927458, -25.061477], [174.923928, -25.067778], [174.920779, -25.07308], [174.917526, -25.078386], [174.913918, -25.08436], [174.910258, -25.090428], [174.906874, -25.095621], [174.904076, -25.100116], [174.900414, -25.105905], [174.897339, -25.111108], [174.893414, -25.117527], [174.890397, -25.12286], [174.887247, -25.128931], [174.884674, -25.134161], [174.882273, -25.140053], [174.880325, -25.146296], [174.878366, -25.151843], [174.875538, -25.158337], [174.873227, -25.164091], [174.870377, -25.170228], [174.868226, -25.175546], [174.865677, -25.181834], [174.863678, -25.187323], [174.860458, -25.19426], [174.857881, -25.200665], [174.855681, -25.205716], [174.852855, -25.211664], [174.849757, -25.217504], [174.846568, -25.223772], [174.844781, -25.229181], [174.842036, -25.235488], [174.837978, -25.240572], [174.833893, -25.244888], [174.829497, -25.249909], [174.82632, -25.255345], [174.823439, -25.260849], [174.82017, -25.267056], [174.817827, -25.272747], [174.815667, -25.278343], [174.813781, -25.284586], [174.813817, -25.29011], [174.814804, -25.294412], [174.813303, -25.297556], [174.810486, -25.305162], [174.809454, -25.311403], [174.807948, -25.318933], [174.805883, -25.325911], [174.80336, -25.333251], [174.801056, -25.339196], [174.798187, -25.346016], [174.796101, -25.3514], [174.792811, -25.358316], [174.790498, -25.363478], [174.788315, -25.369654], [174.786288, -25.377046], [174.784607, -25.382394], [174.782432, -25.388517], [174.781291, -25.394737], [174.780441, -25.402192], [174.779622, -25.408002], [174.779151, -25.414887], [174.778636, -25.420698], [174.777726, -25.427008], [174.776785, -25.434566], [174.775955, -25.439951], [174.774833, -25.446933], [174.774124, -25.452613], [174.773758, -25.459432], [174.77333, -25.46423], [174.772605, -25.471449], [174.77216, -25.477242], [174.771706, -25.48516], [174.770686, -25.49075], [174.768787, -25.497567], [174.767075, -25.503346], [174.765686, -25.509895], [174.764979, -25.515435], [174.763845, -25.52286], [174.762727, -25.529049], [174.761411, -25.535208], [174.760353, -25.541652], [174.760073, -25.547449], [174.759117, -25.554493], [174.757191, -25.560218], [174.755051, -25.567965], [174.753489, -25.574456], [174.750871, -25.581359], [174.748535, -25.586865], [174.746289, -25.594136], [174.744522, -25.599807], [174.742147, -25.606384], [174.740486, -25.612114], [174.738685, -25.618374], [174.737266, -25.623457], [174.735001, -25.629827], [174.733399, -25.635838], [174.730876, -25.642251], [174.729293, -25.647739], [174.727626, -25.654545], [174.725448, -25.65992], [174.722229, -25.667686], [174.719761, -25.673681], [174.716582, -25.680317], [174.713731, -25.686755], [174.711029, -25.693521], [174.708566, -25.699691], [174.705635, -25.70682], [174.70224, -25.713432], [174.699229, -25.717812], [174.695424, -25.724199], [174.692479, -25.730052], [174.689629, -25.736083], [174.686128, -25.742005], [174.683502, -25.747727], [174.679405, -25.754137], [174.675995, -25.759547], [174.672203, -25.765518], [174.669596, -25.769886], [174.665527, -25.776365], [174.661987, -25.781274], [174.657898, -25.786701], [174.653878, -25.792182], [174.649285, -25.79707], [174.644554, -25.802193], [174.641098, -25.806681], [174.636742, -25.812585], [174.633285, -25.817703], [174.628982, -25.82374], [174.625808, -25.828476], [174.622581, -25.834801], [174.619212, -25.84143], [174.61614, -25.848505], [174.613352, -25.855139], [174.611077, -25.861303], [174.608724, -25.867067], [174.605744, -25.875279], [174.603409, -25.881228], [174.600617, -25.887473], [174.5984, -25.893491], [174.596856, -25.899977], [174.595143, -25.906856], [174.593169, -25.913193], [174.591422, -25.920649], [174.589508, -25.927663], [174.588398, -25.935063], [174.587043, -25.941077], [174.584911, -25.948538], [174.583573, -25.955832], [174.582072, -25.963032], [174.581254, -25.969496], [174.580194, -25.976568], [174.578728, -25.982982], [174.577329, -25.989073], [174.576228, -25.996004], [174.575256, -26.001858], [174.573761, -26.00889], [174.572749, -26.01487], [174.571645, -26.022236], [174.571132, -26.029076], [174.57044, -26.036141], [174.570287, -26.042006], [174.570943, -26.049487], [174.571369, -26.055991], [174.571663, -26.063352], [174.572138, -26.070266], [174.573039, -26.076943], [174.574133, -26.083785], [174.575653, -26.092452], [174.577176, -26.098712], [174.578117, -26.104529], [174.577861, -26.112018], [174.576049, -26.118206], [174.574631, -26.124886], [174.573105, -26.131014], [174.572433, -26.137825], [174.571416, -26.142563], [174.57049, -26.149863], [174.569826, -26.15589], [174.568832, -26.162293], [174.567658, -26.168823], [174.566116, -26.176155], [174.565426, -26.183871], [174.564677, -26.191454], [174.564509, -26.19746], [174.563859, -26.204659], [174.563493, -26.211333], [174.562844, -26.217741], [174.561791, -26.225149], [174.560464, -26.231659], [174.559211, -26.2387], [174.558753, -26.245775], [174.55758, -26.253168], [174.556907, -26.260106], [174.556557, -26.266853], [174.555405, -26.272562], [174.554038, -26.280023], [174.5534, -26.286041], [174.552437, -26.293065], [174.551049, -26.299041], [174.54984, -26.305954], [174.548165, -26.313061], [174.546504, -26.319686], [174.545684, -26.325675], [174.54396, -26.332668], [174.542702, -26.337564], [174.540933, -26.344124], [174.539818, -26.350618], [174.537843, -26.357053], [174.536591, -26.36312], [174.534953, -26.36986], [174.533874, -26.375196], [174.531983, -26.381717], [174.530183, -26.386845], [174.528008, -26.393652], [174.526764, -26.399996], [174.525395, -26.406764], [174.524543, -26.412931], [174.522822, -26.41932], [174.522051, -26.426274], [174.521539, -26.431742], [174.519815, -26.438161], [174.518163, -26.444009], [174.516322, -26.450638], [174.51487, -26.457579], [174.513519, -26.464212], [174.512483, -26.469753], [174.511053, -26.476653], [174.509862, -26.482394], [174.508438, -26.489542], [174.50723, -26.495797], [174.506169, -26.502459], [174.505192, -26.509502], [174.504196, -26.515054], [174.503072, -26.521858], [174.501531, -26.527817], [174.500056, -26.535272], [174.498169, -26.542247], [174.496314, -26.549413], [174.495034, -26.55528], [174.493652, -26.561602], [174.491634, -26.56952], [174.490563, -26.575558], [174.488961, -26.581787], [174.487209, -26.586943], [174.485175, -26.595035], [174.48371, -26.600923], [174.482521, -26.607294], [174.480903, -26.61347], [174.479645, -26.619487], [174.478035, -26.625324], [174.47683, -26.630941], [174.475047, -26.637603], [174.473214, -26.643776], [174.471961, -26.648879], [174.470238, -26.655707], [174.468177, -26.662087], [174.466451, -26.669263], [174.464967, -26.675204], [174.463279, -26.68184], [174.462541, -26.687493], [174.461044, -26.694646], [174.460175, -26.702061], [174.460129, -26.709972], [174.460099, -26.71593], [174.459687, -26.72347], [174.459854, -26.73023], [174.459916, -26.739776], [174.459346, -26.745918], [174.459824, -26.753757], [174.460185, -26.759982], [174.460825, -26.766827], [174.461754, -26.77469], [174.462318, -26.781264], [174.462849, -26.787516], [174.462982, -26.794361], [174.463333, -26.799859], [174.463236, -26.806723], [174.464026, -26.814153], [174.465148, -26.821173], [174.466243, -26.826988], [174.466826, -26.834843], [174.467208, -26.84069], [174.467074, -26.8473], [174.466965, -26.853299], [174.467087, -26.860064], [174.467514, -26.865831], [174.467849, -26.871845], [174.467988, -26.877972], [174.467894, -26.884286], [174.467209, -26.890841], [174.466286, -26.896386], [174.466298, -26.904007], [174.465836, -26.909739], [174.464611, -26.916198], [174.463339, -26.921258], [174.461633, -26.927016], [174.45963, -26.931998], [174.457617, -26.937569], [174.45489, -26.943159], [174.452904, -26.94834], [174.449804, -26.955924], [174.447047, -26.96137], [174.444756, -26.967723], [174.44301, -26.973399], [174.440766, -26.982108], [174.43853, -26.989556], [174.436211, -26.995863], [174.43488, -27.001776], [174.433136, -27.008443], [174.431482, -27.014037], [174.429779, -27.02097], [174.428198, -27.026931], [174.425747, -27.033775], [174.423561, -27.040163], [174.421859, -27.046203], [174.420877, -27.052394], [174.419123, -27.059232], [174.416769, -27.066784], [174.4154, -27.072015], [174.413391, -27.078849], [174.411308, -27.084657], [174.408843, -27.091653], [174.406713, -27.09774], [174.40435, -27.104023], [174.402266, -27.111326], [174.400559, -27.11664], [174.39837, -27.123409], [174.397064, -27.129062], [174.395608, -27.136417], [174.394007, -27.142909], [174.392754, -27.149639], [174.392083, -27.155639], [174.390564, -27.162068], [174.389275, -27.168065], [174.387558, -27.17425], [174.386269, -27.180808], [174.384713, -27.187437], [174.382569, -27.195547], [174.381441, -27.203059], [174.379975, -27.210887], [174.37887, -27.218541], [174.37787, -27.226853], [174.376635, -27.235559], [174.375328, -27.242724], [174.373063, -27.251694], [174.372108, -27.259106], [174.370995, -27.267721], [174.370117, -27.278485], [174.369056, -27.285958], [174.367768, -27.293813], [174.367218, -27.300722], [174.366921, -27.306091], [174.366616, -27.313163], [174.366232, -27.32057], [174.366043, -27.327418], [174.365585, -27.334146], [174.364991, -27.340028], [174.364991, -27.347576], [174.365004, -27.354808], [174.365167, -27.361288], [174.365082, -27.368154], [174.365037, -27.375034], [174.364891, -27.381865], [174.364212, -27.390019], [174.363961, -27.397909], [174.363429, -27.405719], [174.363053, -27.411825], [174.361871, -27.419773], [174.361672, -27.426497], [174.361587, -27.433216], [174.361111, -27.440097], [174.359916, -27.447796], [174.358337, -27.454538], [174.356881, -27.462485], [174.355837, -27.470042], [174.355453, -27.477238], [174.355475, -27.486151], [174.355796, -27.494122], [174.356255, -27.500357], [174.3564, -27.506744], [174.356537, -27.513129], [174.356529, -27.518785], [174.357033, -27.525171], [174.357361, -27.531346], [174.35743, -27.537539], [174.357659, -27.543661], [174.357921, -27.549444], [174.357963, -27.556016], [174.357849, -27.563229], [174.357101, -27.571478], [174.356835, -27.577753], [174.355851, -27.583672], [174.355399, -27.589838], [174.354969, -27.595816], [174.354599, -27.602179], [174.354011, -27.608362], [174.353654, -27.614779], [174.352998, -27.622865], [174.353775, -27.628927], [174.355568, -27.638277], [174.357606, -27.648544], [174.358872, -27.655409], [174.359585, -27.661519], [174.361122, -27.669465], [174.363038, -27.676452], [174.3641, -27.682519], [174.36602, -27.690205], [174.367305, -27.697466], [174.36902, -27.705781], [174.370639, -27.71308], [174.372238, -27.719628], [174.37371, -27.727643], [174.374482, -27.735712], [174.375015, -27.741774], [174.375153, -27.747297], [174.375474, -27.754715], [174.376108, -27.760774], [174.377282, -27.767536], [174.378617, -27.773775], [174.380982, -27.781504], [174.383347, -27.787909], [174.385178, -27.793646], [174.388001, -27.802418], [174.38998, -27.809356], [174.392266, -27.818275], [174.394387, -27.823929], [174.396126, -27.832719], [174.397822, -27.8392], [174.399246, -27.8459], [174.40169, -27.854359], [174.404777, -27.863014], [174.407318, -27.869913], [174.40979, -27.875072], [174.41243, -27.881998], [174.414673, -27.887754], [174.417455, -27.894003], [174.420136, -27.899254], [174.423219, -27.906503], [174.426023, -27.912313], [174.429189, -27.918838], [174.432117, -27.925198], [174.435929, -27.9321], [174.438965, -27.93804], [174.44191, -27.943607], [174.444771, -27.949294], [174.447968, -27.954609], [174.442085, -27.956419], [174.436122, -27.95967], [174.429268, -27.964256], [174.425892, -27.969202], [174.421234, -27.975025], [174.417687, -27.979949], [174.412908, -27.985018], [174.407087, -27.989184], [174.403617, -27.993645], [174.398865, -27.998974], [174.395027, -28.003622], [174.390343, -28.008826], [174.387279, -28.013336], [174.383652, -28.018906], [174.380976, -28.024745], [174.377136, -28.030194], [174.374219, -28.034937], [174.371093, -28.041209], [174.367619, -28.046895], [174.364665, -28.054114], [174.362398, -28.060626], [174.3597, -28.066526], [174.357812, -28.072693], [174.356557, -28.077958], [174.354378, -28.084546], [174.35354, -28.089102], [174.351736, -28.096204], [174.350652, -28.101037], [174.350413, -28.107862], [174.349976, -28.113817], [174.349101, -28.121686], [174.349198, -28.127492], [174.349084, -28.133666], [174.348709, -28.139958], [174.348603, -28.146039], [174.345749, -28.152504], [174.342738, -28.158023], [174.339371, -28.163429], [174.33597, -28.169492], [174.333976, -28.174889], [174.33099, -28.180944], [174.327592, -28.18706], [174.324834, -28.191939], [174.321742, -28.197658], [174.318825, -28.202638], [174.315781, -28.209305], [174.313589, -28.214329], [174.311655, -28.220846], [174.308798, -28.225692], [174.305803, -28.230496], [174.302882, -28.235947], [174.300524, -28.240339], [174.296499, -28.245595], [174.292634, -28.250393], [174.288173, -28.256165], [174.284078, -28.260522], [174.279287, -28.265481], [174.275614, -28.269474], [174.271495, -28.274096], [174.267832, -28.2788], [174.264542, -28.283962], [174.260896, -28.28888], [174.257824, -28.294236], [174.255315, -28.300405], [174.253465, -28.305992], [174.251053, -28.312595], [174.248575, -28.317948], [174.245717, -28.324016], [174.243393, -28.329002], [174.240727, -28.335549], [174.238895, -28.341506], [174.236481, -28.348586], [174.234288, -28.354556], [174.232399, -28.36046], [174.230936, -28.367533], [174.23011, -28.372903], [174.22802, -28.379615], [174.226598, -28.385576], [174.224819, -28.392076], [174.223012, -28.398379], [174.220718, -28.404694], [174.218513, -28.410792], [174.216796, -28.417667], [174.215302, -28.42383], [174.21341, -28.430782], [174.211756, -28.435923], [174.209055, -28.442504], [174.206356, -28.447937], [174.203606, -28.454785], [174.201244, -28.460647], [174.199037, -28.467456], [174.197194, -28.472964], [174.195039, -28.480362], [174.193343, -28.485806], [174.191672, -28.494235], [174.190903, -28.499795], [174.190041, -28.508706], [174.188652, -28.514495], [174.187699, -28.522523], [174.187408, -28.528516], [174.186509, -28.536861], [174.186115, -28.542581], [174.185568, -28.549473], [174.185339, -28.555895], [174.184814, -28.563455], [174.184803, -28.569533], [174.184342, -28.57648], [174.184357, -28.582516], [174.184403, -28.588936], [174.184711, -28.594622], [174.186086, -28.601826], [174.186244, -28.607463], [174.186956, -28.613599], [174.187657, -28.618224], [174.188451, -28.623776], [174.188039, -28.629686], [174.187393, -28.635395], [174.186717, -28.642309], [174.185227, -28.647559], [174.183283, -28.653569], [174.181401, -28.658716], [174.177779, -28.665006], [174.174393, -28.66994], [174.170816, -28.675859], [174.168435, -28.682234], [174.166944, -28.689306], [174.166473, -28.695909], [174.165675, -28.702301], [174.164617, -28.707799], [174.161953, -28.714522], [174.159266, -28.719503], [174.15607, -28.725757], [174.153315, -28.731135], [174.151077, -28.736399], [174.148951, -28.741896], [174.148568, -28.746477], [174.146626, -28.75285], [174.145095, -28.758012], [174.142473, -28.763753], [174.140045, -28.768471], [174.136336, -28.77404], [174.132691, -28.779058], [174.129406, -28.784506], [174.126228, -28.789887], [174.123166, -28.7952], [174.119909, -28.800749], [174.116543, -28.806047], [174.112874, -28.811475], [174.110027, -28.816241], [174.105972, -28.82337], [174.102104, -28.828927], [174.09768, -28.834068], [174.093384, -28.838583], [174.086356, -28.843612], [174.081176, -28.848008], [174.075151, -28.852706], [174.069321, -28.857023], [174.063683, -28.86145], [174.058899, -28.8663], [174.054559, -28.870738], [174.049324, -28.876039], [174.044331, -28.880611], [174.038132, -28.885544], [174.032474, -28.890067], [174.026794, -28.895269], [174.01941, -28.902415], [174.01374, -28.908311], [174.010048, -28.914335], [174.00676, -28.920565], [174.003884, -28.926361], [174.000754, -28.931575], [173.997009, -28.937463], [173.994056, -28.943161], [173.991036, -28.94977], [173.988439, -28.956608], [173.986626, -28.962584], [173.984138, -28.969708], [173.982748, -28.974839], [173.980469, -28.981451], [173.977484, -28.987559], [173.974639, -28.994303], [173.972638, -29.000704], [173.971055, -29.006526], [173.97006, -29.013497], [173.971299, -29.019658], [173.972528, -29.026701], [173.975044, -29.032615], [173.977576, -29.038331], [173.974503, -29.032917], [173.972596, -29.027762], [173.970185, -29.021339], [173.968373, -29.016584], [173.965556, -29.010351], [173.96313, -29.005], [173.959422, -28.998087], [173.956273, -28.992503], [173.952854, -28.985764], [173.95028, -28.980293], [173.946826, -28.974272], [173.94369, -28.969141], [173.942042, -28.973956], [173.940633, -28.980931], [173.939922, -28.98622], [173.940033, -28.992661], [173.941197, -28.99849], [173.942363, -29.005593], [173.944418, -29.010942], [173.947199, -29.017013], [173.949774, -29.021926], [173.952809, -29.027464], [173.956635, -29.032869], [173.960033, -29.038331], [173.963186, -29.044307], [173.965409, -29.048908], [173.964973, -29.051573], [173.958003, -29.04753], [173.951732, -29.043906], [173.945241, -29.040327], [173.940033, -29.037088], [173.933416, -29.033538], [173.927599, -29.030266], [173.920899, -29.026712], [173.914436, -29.023119], [173.9089, -29.019814], [173.903155, -29.016298], [173.897837, -29.013338], [173.893113, -29.010065], [173.888021, -29.006572], [173.883118, -29.003972], [173.876562, -28.999641], [173.871147, -28.997045], [173.864313, -28.994603], [173.858125, -28.992604], [173.850515, -28.990552], [173.842911, -28.988691], [173.835599, -28.987063], [173.829352, -28.985634], [173.822656, -28.984165], [173.815023, -28.983219], [173.808593, -28.982585], [173.799851, -28.980598], [173.794189, -28.979615], [173.786115, -28.978934], [173.77964, -28.977799], [173.772567, -28.976923], [173.765306, -28.975314], [173.757162, -28.973488], [173.749291, -28.971929], [173.741673, -28.970748], [173.733956, -28.969867], [173.725853, -28.968532], [173.720199, -28.967124], [173.711405, -28.965839], [173.704941, -28.965176], [173.697043, -28.964681], [173.691086, -28.964], [173.68335, -28.963381], [173.676706, -28.963029], [173.668678, -28.96271], [173.661855, -28.962776], [173.654884, -28.962482], [173.647031, -28.962249], [173.641304, -28.961763], [173.632591, -28.961543], [173.626496, -28.96103], [173.618391, -28.961108], [173.611755, -28.96067], [173.604622, -28.960043], [173.597784, -28.960179], [173.589795, -28.959655], [173.5821, -28.958894], [173.57463, -28.958221], [173.567892, -28.957133], [173.560176, -28.955748], [173.553904, -28.955156], [173.546163, -28.953556], [173.539973, -28.952666], [173.532211, -28.951126], [173.525508, -28.950059], [173.517409, -28.948637], [173.510325, -28.947181], [173.502755, -28.945269], [173.495753, -28.943555], [173.489884, -28.942594], [173.482368, -28.940661], [173.47532, -28.939041], [173.468468, -28.937274], [173.461604, -28.935696], [173.452912, -28.933434], [173.44423, -28.931041], [173.434761, -28.928795], [173.426453, -28.927155], [173.418396, -28.925249], [173.412498, -28.924287], [173.404969, -28.921952], [173.398097, -28.920196], [173.390299, -28.918501], [173.384054, -28.917351], [173.376877, -28.915893], [173.370106, -28.914834], [173.361236, -28.91287], [173.354043, -28.911334], [173.346248, -28.908956], [173.339583, -28.907282], [173.330902, -28.904681], [173.324409, -28.903471], [173.316747, -28.902542], [173.309464, -28.901251], [173.303436, -28.900329], [173.29583, -28.898697], [173.289189, -28.897385], [173.281834, -28.895995], [173.274786, -28.894395], [173.2674, -28.893129], [173.260219, -28.89229], [173.25176, -28.890615], [173.245079, -28.889654], [173.237778, -28.888029], [173.231312, -28.8865], [173.223994, -28.884848], [173.217896, -28.883842], [173.210155, -28.88277], [173.204198, -28.881107], [173.196676, -28.879561], [173.189293, -28.878353], [173.181188, -28.876684], [173.174119, -28.874643], [173.166672, -28.873086], [173.159731, -28.87137], [173.151108, -28.869119], [173.144008, -28.867332], [173.134644, -28.865628], [173.12822, -28.863877], [173.118424, -28.861901], [173.111908, -28.860428], [173.10369, -28.858677], [173.097189, -28.85688], [173.089345, -28.855628], [173.083155, -28.854234], [173.075475, -28.85289], [173.069387, -28.852207], [173.061409, -28.850746], [173.054881, -28.849604], [173.046611, -28.848798], [173.039469, -28.847747], [173.032096, -28.84646], [173.026062, -28.845218], [173.018326, -28.844089], [173.011561, -28.842742], [173.004637, -28.841472], [172.997383, -28.840874], [172.991771, -28.839325], [172.98407, -28.83798], [172.978638, -28.836808], [172.971543, -28.834249], [172.966568, -28.831945], [172.960624, -28.829422], [172.954676, -28.827437], [172.947716, -28.825587], [172.9416, -28.824014], [172.934987, -28.821815], [172.928803, -28.820211], [172.92191, -28.817532], [172.913951, -28.815448], [172.907094, -28.813691], [172.899033, -28.813323], [172.893681, -28.812945], [172.886241, -28.810916], [172.879863, -28.809202], [172.872502, -28.807617], [172.866501, -28.806334], [172.859243, -28.804752], [172.853226, -28.803404], [172.846294, -28.800278], [172.84027, -28.797065], [172.835424, -28.793891], [172.82925, -28.791331], [172.824562, -28.789831], [172.819108, -28.788698], [172.814931, -28.787191], [172.808792, -28.784519], [172.80188, -28.782559], [172.795349, -28.780773], [172.788294, -28.777318], [172.781379, -28.774918], [172.774865, -28.772602], [172.768478, -28.770278], [172.761447, -28.768076], [172.754497, -28.765259], [172.748075, -28.763545], [172.741293, -28.761457], [172.734747, -28.759276], [172.727768, -28.756698], [172.722611, -28.755224], [172.715663, -28.752114], [172.709711, -28.750178], [172.701533, -28.74779], [172.695522, -28.746026], [172.687987, -28.743926], [172.68221, -28.742269], [172.675487, -28.740188], [172.668818, -28.738407], [172.661827, -28.736618], [172.655451, -28.733644], [172.649378, -28.732056], [172.642198, -28.730027], [172.635548, -28.728572], [172.627785, -28.725469], [172.621696, -28.724042], [172.614227, -28.722319], [172.607728, -28.719809], [172.599365, -28.717113], [172.59452, -28.715267], [172.587387, -28.712555], [172.581157, -28.710653], [172.574295, -28.70846], [172.568457, -28.707247], [172.562861, -28.706313], [172.556076, -28.705553], [172.549988, -28.704899], [172.54275, -28.703726], [172.537578, -28.702839], [172.530892, -28.702334], [172.525078, -28.702338], [172.517678, -28.701692], [172.510414, -28.700347], [172.503919, -28.6992], [172.496471, -28.698322], [172.491382, -28.697715], [172.483887, -28.695853], [172.476767, -28.694289], [172.468977, -28.692767], [172.462593, -28.69182], [172.456001, -28.690761], [172.44839, -28.689436], [172.441243, -28.688442], [172.434834, -28.687147], [172.428421, -28.686485], [172.421724, -28.685918], [172.415492, -28.686434], [172.410965, -28.687184], [172.405263, -28.687715], [172.400589, -28.688817], [172.394985, -28.689733], [172.387904, -28.689938], [172.38283, -28.689517], [172.375107, -28.689238], [172.369227, -28.68838], [172.360983, -28.687906], [172.354225, -28.686678], [172.346587, -28.685207], [172.339691, -28.684587], [172.33136, -28.684601], [172.32462, -28.684937], [172.317693, -28.684933], [172.311426, -28.6853], [172.305244, -28.685553], [172.297373, -28.685953], [172.290441, -28.686341], [172.281648, -28.686392], [172.275216, -28.686881], [172.268349, -28.687264], [172.262233, -28.687506], [172.256176, -28.688352], [172.250514, -28.688364], [172.245438, -28.688268], [172.238765, -28.688814], [172.233872, -28.689862], [172.229097, -28.69113], [172.224716, -28.692199], [172.22114, -28.69233], [172.217411, -28.691629], [172.212975, -28.690948], [172.207067, -28.691094], [172.200892, -28.692009], [172.196415, -28.692573], [172.190429, -28.693387], [172.185196, -28.693932], [172.180398, -28.694086], [172.176169, -28.694382], [172.172163, -28.694965], [172.16783, -28.69543], [172.162633, -28.695684], [172.160305, -28.694763], [172.162041, -28.691585], [172.162115, -28.697223], [172.162232, -28.702256], [172.162257, -28.709547], [172.162176, -28.715168], [172.162344, -28.721915], [172.162562, -28.727632], [172.16274, -28.734302], [172.162938, -28.74055], [172.162931, -28.746766], [172.16285, -28.753439], [172.162506, -28.759459], [172.161875, -28.767096], [172.161291, -28.773975], [172.160518, -28.782238], [172.16001, -28.787652], [172.15944, -28.793993], [172.158957, -28.799776], [172.158471, -28.806702], [172.158031, -28.812721], [172.157532, -28.81868], [172.15683, -28.825263], [172.156166, -28.832007], [172.155808, -28.8366], [172.155329, -28.843326], [172.1549, -28.849743], [172.154373, -28.857056], [172.154002, -28.862851], [172.153443, -28.870608], [172.153062, -28.876192], [172.152527, -28.884038], [172.152171, -28.890725], [172.151665, -28.898708], [172.151332, -28.903884], [172.151001, -28.91091], [172.150746, -28.915759], [172.148803, -28.923345], [172.146026, -28.929706], [172.143052, -28.936442], [172.140954, -28.941287], [172.137929, -28.948484], [172.135436, -28.954323], [172.132808, -28.960735], [172.130483, -28.966376], [172.127477, -28.973815], [172.125488, -28.978888], [172.122849, -28.985602], [172.120857, -28.990794], [172.118377, -28.997342], [172.116069, -29.003753], [172.113525, -29.010894], [172.111608, -29.016007], [172.109207, -29.022378], [172.106949, -29.027839], [172.103791, -29.034606], [172.100831, -29.040411], [172.097498, -29.047198], [172.094752, -29.052654], [172.091421, -29.059231], [172.088738, -29.064404], [172.085373, -29.070733], [172.082374, -29.076406], [172.079007, -29.082814], [172.076125, -29.088339], [172.07285, -29.09418], [172.069779, -29.099577], [172.066445, -29.105361], [172.063583, -29.110265], [172.05957, -29.116749], [172.056793, -29.121212], [172.052949, -29.127313], [172.050797, -29.132631], [172.049584, -29.138987], [172.048518, -29.1448], [172.047307, -29.151252], [172.046316, -29.156318], [172.045044, -29.162808], [172.04397, -29.168057], [172.042557, -29.17456], [172.04134, -29.180107], [172.039726, -29.187148], [172.038367, -29.193161], [172.037072, -29.200393], [172.035821, -29.20692], [172.034317, -29.215376], [172.033421, -29.22106], [172.032265, -29.229326], [172.031322, -29.235818], [172.030091, -29.24398], [172.029154, -29.250758], [172.028045, -29.25929], [172.027016, -29.267097], [172.02611, -29.273662], [172.025284, -29.279773], [172.024343, -29.286997], [172.023705, -29.292493], [172.022797, -29.299358], [172.022039, -29.305231], [172.021111, -29.312893], [172.02021, -29.318635], [172.018815, -29.32685], [172.017937, -29.332284], [172.016777, -29.339461], [172.015839, -29.345541], [172.01477, -29.352987], [172.013481, -29.362697], [172.012803, -29.369942], [172.01294, -29.376159], [172.013214, -29.384383], [172.013467, -29.390297], [172.013612, -29.398702], [172.01361, -29.40416], [172.013657, -29.411635], [172.013687, -29.418269], [172.01371, -29.426655], [172.013717, -29.433495], [172.013741, -29.441516], [172.013728, -29.448068], [172.013748, -29.455498], [172.013841, -29.463113], [172.01365, -29.469293], [172.01354, -29.475102], [172.013368, -29.482877], [172.013194, -29.489237], [172.01307, -29.496624], [172.012803, -29.502843], [172.012626, -29.510699], [172.012536, -29.519049], [172.012596, -29.526049], [172.012574, -29.534143], [172.012536, -29.540644], [172.012451, -29.547453], [172.012314, -29.554322], [172.012246, -29.564234], [172.012177, -29.570918], [172.012161, -29.579113], [172.012193, -29.586965], [172.012193, -29.595669], [172.012131, -29.602712], [172.012307, -29.611674], [172.012383, -29.61816], [172.01246, -29.626375], [172.012695, -29.632084], [172.013077, -29.639737], [172.013452, -29.646218], [172.013924, -29.654438], [172.014138, -29.661456], [172.014245, -29.668844], [172.014509, -29.678632], [172.014764, -29.684619], [172.015266, -29.694098], [172.016023, -29.704612], [172.016632, -29.71178], [172.017433, -29.721201], [172.018311, -29.733027], [172.01883, -29.740217], [172.019203, -29.7467], [172.019714, -29.754628], [172.020143, -29.760314], [172.020814, -29.769248], [172.021252, -29.774946], [172.021721, -29.782307], [172.022086, -29.788835], [172.022461, -29.795275], [172.022842, -29.801613], [172.023221, -29.80752], [172.023567, -29.814313], [172.023903, -29.820786], [172.024323, -29.827001], [172.024474, -29.833462], [172.024583, -29.839537], [172.024696, -29.846407], [172.024788, -29.852934], [172.024796, -29.858631], [172.024934, -29.867566], [172.025162, -29.873327], [172.025627, -29.882171], [172.026245, -29.892193], [172.026864, -29.900277], [172.027344, -29.906849], [172.027985, -29.915127], [172.029007, -29.929318], [172.029322, -29.936532], [172.02993, -29.945988], [172.030009, -29.95256], [172.029679, -29.962058], [172.029407, -29.967849], [172.029069, -29.97571], [172.028868, -29.981845], [172.028587, -29.989137], [172.028271, -29.995924], [172.028099, -30.002047], [172.028031, -30.009059], [172.027964, -30.014795], [172.028005, -30.023547], [172.028122, -30.030204], [172.02803, -30.038015], [172.027826, -30.044067], [172.02769, -30.053256], [172.027466, -30.059182], [172.027153, -30.066632], [172.026856, -30.075032], [172.026406, -30.082406], [172.025841, -30.088969], [172.025002, -30.097002], [172.024429, -30.103483], [172.023636, -30.112312], [172.022981, -30.119329], [172.022126, -30.126427], [172.021286, -30.133415], [172.020474, -30.140692], [172.019752, -30.147554], [172.018921, -30.154814], [172.018364, -30.160227], [172.017571, -30.167304], [172.016876, -30.172974], [172.016152, -30.179966], [172.015651, -30.184953], [172.015116, -30.192021], [172.014632, -30.197938], [172.014237, -30.204596], [172.013729, -30.211224], [172.013352, -30.216673], [172.012872, -30.223757], [172.012444, -30.229454], [172.011925, -30.236392], [172.011576, -30.241201], [172.011201, -30.247574], [172.010868, -30.25417], [172.010491, -30.260174], [172.010099, -30.267171], [172.009843, -30.272445], [172.009666, -30.279694], [172.009477, -30.285638], [172.009377, -30.29226], [172.009216, -30.298458], [172.008988, -30.305784], [172.008759, -30.311317], [172.00837, -30.31975], [172.008095, -30.326666], [172.00773, -30.334917], [172.007408, -30.341487], [172.006969, -30.348449], [172.00669, -30.355857], [172.006461, -30.362706], [172.006165, -30.370119], [172.006145, -30.376879], [172.006211, -30.38489], [172.006159, -30.391476], [172.006311, -30.3979], [172.006563, -30.406031], [172.00673, -30.413664], [172.005593, -30.41993], [172.003911, -30.427547], [172.002662, -30.433077], [172.001267, -30.43957], [171.999913, -30.445548], [171.998457, -30.45272], [171.997308, -30.458824], [171.996406, -30.463851], [171.995361, -30.470688], [171.994578, -30.476043], [171.993663, -30.482914], [171.993063, -30.488155], [171.992234, -30.495664], [171.991548, -30.502037], [171.990998, -30.507928], [171.990458, -30.514956], [171.990082, -30.519866], [171.989588, -30.526738], [171.989111, -30.532751], [171.988469, -30.53893], [171.987848, -30.544939], [171.987181, -30.551524], [171.98652, -30.556968], [171.985943, -30.563484], [171.985607, -30.569381], [171.985245, -30.575748], [171.985002, -30.582842], [171.984981, -30.588354], [171.984734, -30.595949], [171.984808, -30.601259], [171.985011, -30.608178], [171.985218, -30.613902], [171.985591, -30.620842], [171.985905, -30.626439], [171.986415, -30.633574], [171.986648, -30.639277], [171.986903, -30.64632], [171.98555, -30.651784], [171.984207, -30.657888], [171.983218, -30.66327], [171.982005, -30.669816], [171.980344, -30.675698], [171.979996, -30.682161], [171.977195, -30.694578], [171.975419, -30.702429], [171.973404, -30.70989], [171.972686, -30.715468], [171.972284, -30.722321], [171.971997, -30.728835], [171.971786, -30.735597], [171.971338, -30.742234], [171.969869, -30.749579], [171.968678, -30.755034], [171.967888, -30.762546], [171.967938, -30.769049], [171.968513, -30.776508], [171.968379, -30.782], [171.966957, -30.788689], [171.967262, -30.795737], [171.965947, -30.8026], [171.965595, -30.80842], [171.966039, -30.815114], [171.966142, -30.821885], [171.966317, -30.827013], [171.965873, -30.834147], [171.965867, -30.840239], [171.965766, -30.846401], [171.965154, -30.853131], [171.96418, -30.861759], [171.962563, -30.871735], [171.961304, -30.878082], [171.96046, -30.884803], [171.95913, -30.891955], [171.958679, -30.897616], [171.95729, -30.905588], [171.956086, -30.912822], [171.955665, -30.919649], [171.955125, -30.926775], [171.955484, -30.934876], [171.955927, -30.942143], [171.954918, -30.950678], [171.955311, -30.958147], [171.955788, -30.96569], [171.955973, -30.972876], [171.956497, -30.979168], [171.956619, -30.986974], [171.957024, -30.99591], [171.956283, -31.002339], [171.955803, -31.008961], [171.956277, -31.015214], [171.956688, -31.021242], [171.957413, -31.031282], [171.958323, -31.038197], [171.960044, -31.046992], [171.960526, -31.053049], [171.961655, -31.062676], [171.96251, -31.070228], [171.963426, -31.079233], [171.963393, -31.087144], [171.964812, -31.093545], [171.967271, -31.101267], [171.969147, -31.108374], [171.970444, -31.114747], [171.97328, -31.122393], [171.975037, -31.130001], [171.97686, -31.136845], [171.979789, -31.144611], [171.981982, -31.151528], [171.983635, -31.157421], [171.985611, -31.165337], [171.988518, -31.175041], [171.989474, -31.181494], [171.990348, -31.18864], [171.991791, -31.196186], [171.992508, -31.202435], [171.991783, -31.210738], [171.990846, -31.219297], [171.990448, -31.226136], [171.989441, -31.232092], [171.989204, -31.240042], [171.988825, -31.245485], [171.9887, -31.252728], [171.988068, -31.259113], [171.987099, -31.26474], [171.986497, -31.272205], [171.985726, -31.281714], [171.9848, -31.288931], [171.982872, -31.296328], [171.981892, -31.303721], [171.982606, -31.312152], [171.982873, -31.322902], [171.982354, -31.330089], [171.980652, -31.337536], [171.978966, -31.345539], [171.977195, -31.352693], [171.975546, -31.360197], [171.974274, -31.370047], [171.974062, -31.37568], [171.972496, -31.385004], [171.971733, -31.390953], [171.969795, -31.398475], [171.967524, -31.404127], [171.964149, -31.412777], [171.961836, -31.418139], [171.957297, -31.426691], [171.9549, -31.432278], [171.952614, -31.441062], [171.950868, -31.446644], [171.94899, -31.453054], [171.945869, -31.460367], [171.947049, -31.462933], [171.951951, -31.460099], [171.95645, -31.456075], [171.961258, -31.452245], [171.964802, -31.449193], [171.968943, -31.44502], [171.972269, -31.44149], [171.974107, -31.437239], [171.976207, -31.432468], [171.977748, -31.427659], [171.978788, -31.42276], [171.978851, -31.417516], [171.979805, -31.413342], [171.981521, -31.409012], [171.983144, -31.404124], [171.984038, -31.399484], [171.98446, -31.394771], [171.985023, -31.38986], [171.985107, -31.384878], [171.985123, -31.379754], [171.984817, -31.375528], [171.984348, -31.370287], [171.983287, -31.365756], [171.982583, -31.361458], [171.981213, -31.356884], [171.979878, -31.352306], [171.978905, -31.348176], [171.977801, -31.343581], [171.976329, -31.339557], [171.975384, -31.335737], [171.974362, -31.331299], [171.973366, -31.326915], [171.972077, -31.322914], [171.971104, -31.318901], [171.969913, -31.314371], [171.969295, -31.310106], [171.968144, -31.305326], [171.967679, -31.301372], [171.96774, -31.296976], [171.967805, -31.292522], [171.96669, -31.288041], [171.965874, -31.284083], [171.964742, -31.279059], [171.963706, -31.274905], [171.962623, -31.270665], [171.96157, -31.265562], [171.960684, -31.2613], [171.959582, -31.257421], [171.95789, -31.252388], [171.956802, -31.24764], [171.955494, -31.243345], [171.953991, -31.237734], [171.954049, -31.233494], [171.954865, -31.229671], [171.955597, -31.225012], [171.956676, -31.220371], [171.956406, -31.21561], [171.957718, -31.213685], [171.962311, -31.215678], [171.967116, -31.217051], [171.971825, -31.218585], [171.97606, -31.219479], [171.980247, -31.220757], [171.984714, -31.221898], [171.988685, -31.223167], [171.992429, -31.2241], [171.996595, -31.225037], [172.000599, -31.225859], [172.005026, -31.226895], [172.009903, -31.227662], [172.014225, -31.228323], [172.018752, -31.229433], [172.022942, -31.230196], [172.026618, -31.231111], [172.029993, -31.232231], [172.033832, -31.233349], [172.037732, -31.234772], [172.041527, -31.236102], [172.046167, -31.237645], [172.050396, -31.239248], [172.054205, -31.240183], [172.058294, -31.241849], [172.062453, -31.243111], [172.066798, -31.244479], [172.070674, -31.246172], [172.074116, -31.247787], [172.077487, -31.24919], [172.081284, -31.250636], [172.085239, -31.252485], [172.089962, -31.254211], [172.093727, -31.255911], [172.097172, -31.25771], [172.100891, -31.25936], [172.105238, -31.261158], [172.110286, -31.262836], [172.114884, -31.264087], [172.119377, -31.265461], [172.123935, -31.266362], [172.129123, -31.267198], [172.135385, -31.267926], [172.139958, -31.268545], [172.144446, -31.268862], [172.149284, -31.26945], [172.15415, -31.272586], [172.156784, -31.277648], [172.158923, -31.283301], [172.161184, -31.288966], [172.164772, -31.293661], [172.167969, -31.300481], [172.171234, -31.305183], [172.174906, -31.311167], [172.177465, -31.316693], [172.179977, -31.322907], [172.18163, -31.328031], [172.184072, -31.335182], [172.185598, -31.341031], [172.188637, -31.346981], [172.190944, -31.353274], [172.19344, -31.359335], [172.195679, -31.365904], [172.198196, -31.371915], [172.200599, -31.379005], [172.202017, -31.383687], [172.204412, -31.390308], [172.206426, -31.396229], [172.209193, -31.40349], [172.211334, -31.408944], [172.214165, -31.416167], [172.216157, -31.421596], [172.218292, -31.427473], [172.219993, -31.43262], [172.222679, -31.440463], [172.226951, -31.448836], [172.229772, -31.454798], [172.232748, -31.461695], [172.234852, -31.467128], [172.237661, -31.473369], [172.240574, -31.478645], [172.243729, -31.484808], [172.246146, -31.489921], [172.248672, -31.496831], [172.250671, -31.50217], [172.253571, -31.509088], [172.255442, -31.513551], [172.258629, -31.520742], [172.261062, -31.527671], [172.263342, -31.533145], [172.265899, -31.538821], [172.267715, -31.543449], [172.269784, -31.550248], [172.271087, -31.555403], [172.273309, -31.561225], [172.275352, -31.567574], [172.277385, -31.572581], [172.280279, -31.579496], [172.282705, -31.585664], [172.285639, -31.59209], [172.288146, -31.597229], [172.290108, -31.603127], [172.292135, -31.610603], [172.293869, -31.61654], [172.296117, -31.62349], [172.298757, -31.627854], [172.302073, -31.634702], [172.304485, -31.63947], [172.307968, -31.646727], [172.310348, -31.652135], [172.313827, -31.659143], [172.316673, -31.664231], [172.31933, -31.670408], [172.321854, -31.675943], [172.325546, -31.68213], [172.328651, -31.687758], [172.331604, -31.693293], [172.335399, -31.699178], [172.338362, -31.704206], [172.341833, -31.710831], [172.344304, -31.71573], [172.347351, -31.721804], [172.350002, -31.726344], [172.353785, -31.733026], [172.357574, -31.738532], [172.361561, -31.744107], [172.365636, -31.749147], [172.36977, -31.754596], [172.373909, -31.760649], [172.376693, -31.764935], [172.382259, -31.771687], [172.386452, -31.777127], [172.390421, -31.781727], [172.394875, -31.78751], [172.398181, -31.791278], [172.401652, -31.796805], [172.404719, -31.802328], [172.408487, -31.807992], [172.412186, -31.813003], [172.416462, -31.81785], [172.420969, -31.823188], [172.424256, -31.827682], [172.427964, -31.832979], [172.431056, -31.837595], [172.434945, -31.843505], [172.438355, -31.847484], [172.442484, -31.852035], [172.446624, -31.857481], [172.450363, -31.861171], [172.456027, -31.866655], [172.460709, -31.870993], [172.464506, -31.874986], [172.468333, -31.879035], [172.471424, -31.883319], [172.476232, -31.888561], [172.479935, -31.891943], [172.484146, -31.896415], [172.488384, -31.900392], [172.492157, -31.905227], [172.49644, -31.910016], [172.500179, -31.915032], [172.504512, -31.920517], [172.507975, -31.924414], [172.513346, -31.929387], [172.517481, -31.933388], [172.522118, -31.937084], [172.527308, -31.941793], [172.532253, -31.946799], [172.53495, -31.951976], [172.538285, -31.956824], [172.541237, -31.960551], [172.545685, -31.965515], [172.549352, -31.968988], [172.553573, -31.973656], [172.557506, -31.977606], [172.562343, -31.982014], [172.565959, -31.985344], [172.57042, -31.989315], [172.574961, -31.992845], [172.579406, -31.996859], [172.584457, -32.001345], [172.588654, -32.004639], [172.593506, -32.00873], [172.59751, -32.012196], [172.602916, -32.016721], [172.606954, -32.020689], [172.611139, -32.024882], [172.615179, -32.029647], [172.619426, -32.034054], [172.625318, -32.03901], [172.630011, -32.042402], [172.63515, -32.045867], [172.640951, -32.049523], [172.645569, -32.052258], [172.651733, -32.056004], [172.656713, -32.059111], [172.661356, -32.061262], [172.6666, -32.064064], [172.672257, -32.067925], [172.676379, -32.071034], [172.680898, -32.074464], [172.684693, -32.076858], [172.689509, -32.080249], [172.693975, -32.082932], [172.698254, -32.085577], [172.703337, -32.08791], [172.707931, -32.090308], [172.712647, -32.093038], [172.715881, -32.095507], [172.720319, -32.098003], [172.72438, -32.10119], [172.728207, -32.10353], [172.73176, -32.106083], [172.734843, -32.110215], [172.737824, -32.113681], [172.740601, -32.116599], [172.744022, -32.11942], [172.746944, -32.122799], [172.750251, -32.126167], [172.752411, -32.129649], [172.754633, -32.13398], [172.755788, -32.139744], [172.756871, -32.144342], [172.758094, -32.149557], [172.75961, -32.155615], [172.759481, -32.160647], [172.759993, -32.16514], [172.762792, -32.169127], [172.765366, -32.172548], [172.767688, -32.17652], [172.769719, -32.181925], [172.771719, -32.18622], [172.775252, -32.190348], [172.778275, -32.194884], [172.780965, -32.200309], [172.783961, -32.205555], [172.786748, -32.211982], [172.789083, -32.216684], [172.791667, -32.222032], [172.794861, -32.22695], [172.797448, -32.231274], [172.800545, -32.235805], [172.802607, -32.239908], [172.804216, -32.244684], [172.80568, -32.249666], [172.807023, -32.255308], [172.808695, -32.261238], [172.810767, -32.266628], [172.812919, -32.271743], [172.814708, -32.276532], [172.815334, -32.280878], [172.81839, -32.286197], [172.819927, -32.290553], [172.820663, -32.295784], [172.820882, -32.302199], [172.822169, -32.307322], [172.820892, -32.312185], [172.819639, -32.317638], [172.821105, -32.323286], [172.822518, -32.329194], [172.822978, -32.335331], [172.823028, -32.341604], [172.822504, -32.34851], [172.821747, -32.35411], [172.822261, -32.360336], [172.823339, -32.366057], [172.823913, -32.372608], [172.825053, -32.378548], [172.825898, -32.384885], [172.826901, -32.390052], [172.830415, -32.397087], [172.832138, -32.402216], [172.834099, -32.408525], [172.836116, -32.413311], [172.839384, -32.419362], [172.842535, -32.424635], [172.846183, -32.430575], [172.848724, -32.435398], [172.851756, -32.44063], [172.855541, -32.445649], [172.858798, -32.450994], [172.86205, -32.456965], [172.863435, -32.461613], [172.864593, -32.467942], [172.865398, -32.473815], [172.867663, -32.481054], [172.869386, -32.486879], [172.871641, -32.492142], [172.8744, -32.497383], [172.877675, -32.503333], [172.878917, -32.510711], [172.87967, -32.516803], [172.88012, -32.523177], [172.879266, -32.529402], [172.881878, -32.535312], [172.884093, -32.540666], [172.886804, -32.54659], [172.888153, -32.55278], [172.888047, -32.559221], [172.889596, -32.565815], [172.889599, -32.571612], [172.889656, -32.578038], [172.891319, -32.584647], [172.892318, -32.590606], [172.894473, -32.597803], [172.896676, -32.604489], [172.899066, -32.610468], [172.901253, -32.616669], [172.901519, -32.623597], [172.902664, -32.629543], [172.905501, -32.636202], [172.907494, -32.641689], [172.911041, -32.647878], [172.913222, -32.652945], [172.915352, -32.660119], [172.918251, -32.665591], [172.921052, -32.672518], [172.923238, -32.677537], [172.926116, -32.683382], [172.928593, -32.688622], [172.93467, -32.695463], [172.937765, -32.700743], [172.944275, -32.707127], [172.948821, -32.712781], [172.952882, -32.717765], [172.957779, -32.723936], [172.961461, -32.728652], [172.964645, -32.73474], [172.96608, -32.741598], [172.968399, -32.749189], [172.970779, -32.755184], [172.972933, -32.761785], [172.975625, -32.766769], [172.979314, -32.772834], [172.981994, -32.779108], [172.984712, -32.785386], [172.987709, -32.792906], [172.989513, -32.798362], [172.991844, -32.805964], [172.99382, -32.815762], [172.996184, -32.822579], [172.999436, -32.829943], [173.000504, -32.835992], [173.002808, -32.842169], [173.004744, -32.848395], [173.006028, -32.855958], [173.007265, -32.861364], [173.00917, -32.868471], [173.011448, -32.873988], [173.0141, -32.881764], [173.015243, -32.887372], [173.019068, -32.894703], [173.020426, -32.900066], [173.023489, -32.906318], [173.026714, -32.912606], [173.032356, -32.91778], [173.038096, -32.920725], [173.046281, -32.926964], [173.050445, -32.931475], [173.057725, -32.936698], [173.062584, -32.941062], [173.068847, -32.945515], [173.075279, -32.950096], [173.083091, -32.953244], [173.090408, -32.957752], [173.097381, -32.961319], [173.105187, -32.965137], [173.112534, -32.972716], [173.116361, -32.97773], [173.124283, -32.984766], [173.127878, -32.988977], [173.13343, -32.994364], [173.137974, -32.998626], [173.143417, -33.003293], [173.148302, -33.007937], [173.154335, -33.012972], [173.160233, -33.017798], [173.166497, -33.021862], [173.171311, -33.025876], [173.176964, -33.031745], [173.181636, -33.036963], [173.189988, -33.043039], [173.195732, -33.047292], [173.203033, -33.053377], [173.209434, -33.057995], [173.218399, -33.061771], [173.224497, -33.064574], [173.231103, -33.067709], [173.238206, -33.071147], [173.24401, -33.075214], [173.250922, -33.079034], [173.258988, -33.08364], [173.264728, -33.087299], [173.272407, -33.092297], [173.278337, -33.095453], [173.286187, -33.100588], [173.291291, -33.105436], [173.298148, -33.109659], [173.304679, -33.113514], [173.311234, -33.117656], [173.314606, -33.121601], [173.319542, -33.127007], [173.323939, -33.132459], [173.329434, -33.138561], [173.333815, -33.143057], [173.339256, -33.147318], [173.344553, -33.150386], [173.350165, -33.15473], [173.355056, -33.159753], [173.360026, -33.164764], [173.364202, -33.169909], [173.368251, -33.174973], [173.372737, -33.179591], [173.377258, -33.18324], [173.383108, -33.187426], [173.388997, -33.192183], [173.393253, -33.195934], [173.398199, -33.201689], [173.40297, -33.205448], [173.40797, -33.209819], [173.41275, -33.214934], [173.416472, -33.219493], [173.419723, -33.225155], [173.423162, -33.229612], [173.427491, -33.234727], [173.430008, -33.239459], [173.433102, -33.24396], [173.435026, -33.250333], [173.437332, -33.256188], [173.438533, -33.261009], [173.440938, -33.266135], [173.440492, -33.271075], [173.43947, -33.27599], [173.439636, -33.281124], [173.441747, -33.285978], [173.446525, -33.292395], [173.448781, -33.296984], [173.452165, -33.304098], [173.454865, -33.309626], [173.458132, -33.314941], [173.460943, -33.320763], [173.464917, -33.325679], [173.469559, -33.330521], [173.474147, -33.334574], [173.478658, -33.340794], [173.481724, -33.345585], [173.486349, -33.350939], [173.49059, -33.355535], [173.495636, -33.361092], [173.4991, -33.364976], [173.503205, -33.37065], [173.506958, -33.375744], [173.509952, -33.381439], [173.513093, -33.388376], [173.516083, -33.393094], [173.519645, -33.399322], [173.52285, -33.404056], [173.526815, -33.409999], [173.529908, -33.415643], [173.533798, -33.42243], [173.537654, -33.427846], [173.542144, -33.434203], [173.545127, -33.439464], [173.548165, -33.445674], [173.551479, -33.450636], [173.555445, -33.45671], [173.558273, -33.462464], [173.560744, -33.46909], [173.562555, -33.475475], [173.565269, -33.481959], [173.570014, -33.48928], [173.573304, -33.494543], [173.576797, -33.500441], [173.58137, -33.505647], [173.58728, -33.511484], [173.591771, -33.515273], [173.597926, -33.519601], [173.602656, -33.523534], [173.607345, -33.528735], [173.613149, -33.532089], [173.619695, -33.535803], [173.625138, -33.54177], [173.629298, -33.547139], [173.63279, -33.552332], [173.636185, -33.558563], [173.639672, -33.564643], [173.64267, -33.570952], [173.646194, -33.576392], [173.650355, -33.582219], [173.653386, -33.5867], [173.658034, -33.592449], [173.660776, -33.596322], [173.666341, -33.602204], [173.671076, -33.606416], [173.677287, -33.611274], [173.682449, -33.615162], [173.68758, -33.619478], [173.691597, -33.624043], [173.695898, -33.629407], [173.700134, -33.635386], [173.704261, -33.64044], [173.708815, -33.645249], [173.713711, -33.65063], [173.717163, -33.654868], [173.722122, -33.660185], [173.726319, -33.665173], [173.73113, -33.670578], [173.734701, -33.67506], [173.740041, -33.682029], [173.743586, -33.686773], [173.749015, -33.693107], [173.753016, -33.698625], [173.758018, -33.704569], [173.762996, -33.710125], [173.767594, -33.715698], [173.771774, -33.720163], [173.777202, -33.725633], [173.781046, -33.730674], [173.785248, -33.73632], [173.789449, -33.741476], [173.793496, -33.747021], [173.79781, -33.752907], [173.802139, -33.759151], [173.806653, -33.764953], [173.811181, -33.770889], [173.815799, -33.775381], [173.820695, -33.779833], [173.825448, -33.784876], [173.830805, -33.78967], [173.835186, -33.79492], [173.839234, -33.801011], [173.842736, -33.805849], [173.846903, -33.812075], [173.850443, -33.817102], [173.85438, -33.823386], [173.859594, -33.827969], [173.863661, -33.832867], [173.866816, -33.838894], [173.869457, -33.843622], [173.873654, -33.849421], [173.876479, -33.854597], [173.87929, -33.858894], [173.882242, -33.863442], [173.886307, -33.867862], [173.889699, -33.871903], [173.89264, -33.876657], [173.897664, -33.882238], [173.902842, -33.886383], [173.908193, -33.890049], [173.913915, -33.894082], [173.918656, -33.898365], [173.922097, -33.904674], [173.925518, -33.908729], [173.929566, -33.914884], [173.932317, -33.919273], [173.937699, -33.924906], [173.942185, -33.929544], [173.948068, -33.934998], [173.953817, -33.939102], [173.958955, -33.943737], [173.965044, -33.949208], [173.969619, -33.953051], [173.97606, -33.957819], [173.981206, -33.962249], [173.987162, -33.966933], [173.99323, -33.971371], [173.998322, -33.976875], [174.003287, -33.982034], [174.008071, -33.98785], [174.012046, -33.993707], [174.016659, -33.998571], [174.021057, -34.002909], [174.025948, -34.007227], [174.031379, -34.013362], [174.036036, -34.017852], [174.039543, -34.022982], [174.043671, -34.029212], [174.046537, -34.033335], [174.050868, -34.038772], [174.054179, -34.043998], [174.059127, -34.049241], [174.062057, -34.053841], [174.066732, -34.059811], [174.069052, -34.064725], [174.071253, -34.071251], [174.072866, -34.07852], [174.073212, -34.084737], [174.072381, -34.091147], [174.07223, -34.096235], [174.073212, -34.102245], [174.075355, -34.108468], [174.077497, -34.113139], [174.081064, -34.119253], [174.084437, -34.124039], [174.088445, -34.129933], [174.090429, -34.135349], [174.093154, -34.140743], [174.095864, -34.146867], [174.097117, -34.152838], [174.098241, -34.15997], [174.099345, -34.166558], [174.100086, -34.171648], [174.100941, -34.17799], [174.10106, -34.183388], [174.10147, -34.19008], [174.10212, -34.19564], [174.102804, -34.202052], [174.102967, -34.20766], [174.10285, -34.213731], [174.102309, -34.220364], [174.102238, -34.226881], [174.101184, -34.233404], [174.103425, -34.239776], [174.106098, -34.24524], [174.109665, -34.25064], [174.112634, -34.255806], [174.116037, -34.262107], [174.116826, -34.267904], [174.120293, -34.275441], [174.123412, -34.280806], [174.127151, -34.287006], [174.130727, -34.29235], [174.134588, -34.29871], [174.138069, -34.304848], [174.140493, -34.31017], [174.143112, -34.315786], [174.145375, -34.321], [174.148483, -34.327366], [174.15093, -34.332869], [174.153539, -34.339512], [174.155706, -34.345321], [174.158187, -34.351537], [174.16155, -34.36036], [174.163884, -34.365593], [174.166137, -34.372079], [174.169251, -34.377757], [174.172536, -34.385122], [174.176079, -34.392488], [174.178276, -34.398127], [174.181023, -34.404623], [174.182386, -34.41028], [174.183664, -34.417265], [174.185443, -34.423174], [174.190405, -34.430207], [174.194, -34.435409], [174.197195, -34.440803], [174.200966, -34.446355], [174.203681, -34.451941], [174.207072, -34.458003], [174.209831, -34.463317], [174.212428, -34.469109], [174.215896, -34.473785], [174.22118, -34.479288], [174.225701, -34.483978], [174.230693, -34.488993], [174.235158, -34.493492], [174.240118, -34.49838], [174.244396, -34.502542], [174.249186, -34.507709], [174.253284, -34.51218], [174.258148, -34.517276], [174.262667, -34.522131], [174.266908, -34.526584], [174.271904, -34.531996], [174.276321, -34.536932], [174.281531, -34.542558], [174.285881, -34.547372], [174.291073, -34.552872], [174.295365, -34.557459], [174.300754, -34.562867], [174.305153, -34.567276], [174.309952, -34.572061], [174.314407, -34.576337], [174.31974, -34.581353], [174.324523, -34.585846], [174.330034, -34.591068], [174.335121, -34.595564], [174.340575, -34.600554], [174.345296, -34.604999], [174.350952, -34.609962], [174.355407, -34.614175], [174.360896, -34.619083], [174.365392, -34.623022], [174.370743, -34.628441], [174.3754, -34.632725], [174.38059, -34.638164], [174.385162, -34.643035], [174.38948, -34.646918], [174.394927, -34.652189], [174.398163, -34.656873], [174.401229, -34.663395], [174.403362, -34.66802], [174.405773, -34.67467], [174.408089, -34.679901], [174.410512, -34.686793], [174.412399, -34.692797], [174.415627, -34.6977], [174.42086, -34.703392], [174.424935, -34.708043], [174.429649, -34.713583], [174.432932, -34.717559], [174.437408, -34.72312], [174.441887, -34.728133], [174.446844, -34.73364], [174.450903, -34.73814], [174.456582, -34.743469], [174.46145, -34.747943], [174.467682, -34.75298], [174.47279, -34.756493], [174.478897, -34.761232], [174.483436, -34.764675], [174.490376, -34.769191], [174.495524, -34.773181], [174.50134, -34.777873], [174.505971, -34.781938], [174.510879, -34.786766], [174.515117, -34.791746], [174.518133, -34.796204], [174.520559, -34.801666], [174.522682, -34.806481], [174.524968, -34.813203], [174.527004, -34.818123], [174.529292, -34.824125], [174.530717, -34.829233], [174.531912, -34.835687], [174.53323, -34.840893], [174.534942, -34.847277], [174.535715, -34.852153], [174.536631, -34.859417], [174.537435, -34.864215], [174.537786, -34.87152], [174.538345, -34.87692], [174.538849, -34.883413], [174.538658, -34.888821], [174.538467, -34.89549], [174.537655, -34.900937], [174.536388, -34.907655], [174.535405, -34.912575], [174.534001, -34.919786], [174.532955, -34.925089], [174.531358, -34.931755], [174.531441, -34.93661], [174.532323, -34.943337], [174.533218, -34.948374], [174.534273, -34.954815], [174.535396, -34.960153], [174.536437, -34.966012], [174.537374, -34.971935], [174.538651, -34.977712], [174.54009, -34.984382], [174.541104, -34.990182], [174.542689, -34.997534], [174.543707, -35.002618], [174.544851, -35.009047], [174.54522, -35.014604], [174.545891, -35.021304], [174.546047, -35.026958], [174.546075, -35.032963], [174.545662, -35.040185], [174.545166, -35.045327], [174.544982, -35.052182], [174.544808, -35.057672], [174.544693, -35.064369], [174.544576, -35.069056], [174.545075, -35.076535], [174.545727, -35.082089], [174.547307, -35.088821], [174.548568, -35.094216], [174.549536, -35.101179], [174.549855, -35.108052], [174.549779, -35.114873], [174.549763, -35.121284], [174.54953, -35.128436], [174.548991, -35.134421], [174.549255, -35.141712], [174.54979, -35.147455], [174.550316, -35.153893], [174.550552, -35.159878], [174.550913, -35.166878], [174.551336, -35.172513], [174.551859, -35.179636], [174.552108, -35.185489], [174.552902, -35.192774], [174.553318, -35.19902], [174.55452, -35.205763], [174.555991, -35.212006], [174.557631, -35.216959], [174.559578, -35.223521], [174.56162, -35.229598], [174.564199, -35.236902], [174.566147, -35.242665], [174.567589, -35.249911], [174.568824, -35.25768], [174.569839, -35.264431], [174.572739, -35.271615], [174.574402, -35.2762], [174.576257, -35.282342], [174.578282, -35.287178], [174.580066, -35.292933], [174.581259, -35.298208], [174.58244, -35.30333], [174.583719, -35.308629], [174.584828, -35.313217], [174.586571, -35.318604], [174.589347, -35.324239], [174.591927, -35.330101], [174.594139, -35.335739], [174.596695, -35.342237], [174.599145, -35.348411], [174.601517, -35.354591], [174.603889, -35.360834], [174.606205, -35.36659], [174.608239, -35.373234], [174.609001, -35.379773], [174.609787, -35.385535], [174.610635, -35.392899], [174.611435, -35.398621], [174.612396, -35.405444], [174.613182, -35.411833], [174.613937, -35.417873], [174.615013, -35.425463], [174.615977, -35.431671], [174.617416, -35.439909], [174.618693, -35.447425], [174.620042, -35.455164], [174.621206, -35.461959], [174.621932, -35.468964], [174.622258, -35.477626], [174.622613, -35.486393], [174.622767, -35.493681], [174.622695, -35.501133], [174.622688, -35.507373], [174.622527, -35.513674], [174.622459, -35.520963], [174.622572, -35.526815], [174.622787, -35.534228], [174.622936, -35.540981], [174.622955, -35.548624], [174.622856, -35.555841], [174.622459, -35.564615], [174.621972, -35.571896], [174.621414, -35.583036], [174.621009, -35.590082], [174.620903, -35.596712], [174.620949, -35.60277], [174.620941, -35.608925], [174.620774, -35.615223], [174.620612, -35.621224], [174.620461, -35.627972], [174.620224, -35.634479], [174.619973, -35.640913], [174.619644, -35.64708], [174.619254, -35.652711], [174.618673, -35.659793], [174.618156, -35.666879], [174.617607, -35.672635], [174.616936, -35.680075], [174.616563, -35.685932], [174.615982, -35.693403], [174.615539, -35.698623], [174.615287, -35.705247], [174.615055, -35.711831], [174.614787, -35.719235], [174.614535, -35.726229], [174.614311, -35.732765], [174.614204, -35.739497], [174.614059, -35.746439], [174.61396, -35.753382], [174.613724, -35.761411], [174.613387, -35.767813], [174.613077, -35.773858], [174.612929, -35.780478], [174.612794, -35.78677], [174.612656, -35.792988], [174.612396, -35.800892], [174.612254, -35.806979], [174.611817, -35.815741], [174.611564, -35.821478], [174.611099, -35.830469], [174.610521, -35.836582], [174.60756, -35.842636], [174.604836, -35.848396], [174.601161, -35.854279], [174.594719, -35.858626], [174.589574, -35.861777], [174.581598, -35.864843], [174.574829, -35.866715], [174.566335, -35.86887], [174.558407, -35.870852], [174.55046, -35.872263], [174.542571, -35.871373], [174.534616, -35.869635], [174.527634, -35.86568], [174.524607, -35.860204], [174.522156, -35.853615], [174.521112, -35.846798], [174.515772, -35.840872], [174.50949, -35.837668], [174.501732, -35.834463], [174.493095, -35.831302], [174.482971, -35.830411], [174.474036, -35.831193], [174.468679, -35.836062], [174.468768, -35.838313], [174.468825, -35.838237], [174.469856, -35.834272], [174.476527, -35.829369], [174.475744, -35.824686], [174.471433, -35.82081], [174.466151, -35.817471], [174.461473, -35.815182], [174.454916, -35.812499], [174.449452, -35.810287], [174.442708, -35.807751], [174.437296, -35.805672], [174.430134, -35.8031], [174.424251, -35.801037], [174.418007, -35.798598], [174.410959, -35.793671], [174.404587, -35.789147], [174.398487, -35.785046], [174.392965, -35.780759], [174.386511, -35.777186], [174.378713, -35.775415], [174.372502, -35.775883], [174.364238, -35.777309], [174.357914, -35.776373], [174.353455, -35.770705], [174.352, -35.764053], [174.351121, -35.757415], [174.349975, -35.75077], [174.349325, -35.744244], [174.349075, -35.738966], [174.345916, -35.735013], [174.341111, -35.738588], [174.335345, -35.735788], [174.334086, -35.729667], [174.330176, -35.726519], [174.33019, -35.726536], [174.330209, -35.726558], [174.330803, -35.72921], [174.330219, -35.726495], [174.330245, -35.72646], [174.334686, -35.73189], [174.335813, -35.736874], [174.338408, -35.739167], [174.338659, -35.740449], [174.338726, -35.740511], [174.338697, -35.740545], [174.338731, -35.740407], [174.338664, -35.740488], [174.338711, -35.740438]]}, "times": ["2024-10-20T19:07:52+00:00", "2024-10-20T19:13:23+00:00", "2024-10-20T19:17:52+00:00", "2024-10-20T19:22:59+00:00", "2024-10-20T19:26:52+00:00", "2024-10-20T19:31:52+00:00", "2024-10-20T19:35:59+00:00", "2024-10-20T19:41:59+00:00", "2024-10-20T19:46:52+00:00", "2024-10-20T19:52:52+00:00", "2024-10-20T19:57:56+00:00", "2024-10-20T20:04:00+00:00", "2024-10-20T20:14:00+00:00", "2024-10-21T03:36:54+00:00", "2024-10-21T03:41:54+00:00", "2024-10-21T03:46:54+00:00", "2024-10-21T03:52:54+00:00", "2024-10-21T03:58:55+00:00", "2024-10-21T04:04:56+00:00", "2024-10-21T04:10:56+00:00", "2024-10-21T04:15:56+00:00", "2024-10-21T04:21:56+00:00", "2024-10-21T04:26:57+00:00", "2024-10-21T04:32:45+00:00", "2024-10-21T04:37:57+00:00", "2024-10-21T04:42:45+00:00", "2024-10-21T04:47:57+00:00", "2024-10-21T04:52:45+00:00", "2024-10-21T04:57:58+00:00", "2024-10-21T05:02:45+00:00", "2024-10-21T05:08:56+00:00", "2024-10-21T05:13:00+00:00", "2024-10-21T05:19:57+00:00", "2024-10-21T05:23:56+00:00", "2024-10-21T05:30:58+00:00", "2024-10-21T05:34:59+00:00", "2024-10-21T05:41:01+00:00", "2024-10-21T05:46:01+00:00", "2024-10-21T05:52:01+00:00", "2024-10-21T05:57:02+00:00", "2024-10-21T06:02:02+00:00", "2024-10-21T06:06:03+00:00", "2024-10-21T06:11:03+00:00", "2024-10-21T06:15:03+00:00", "2024-10-21T06:20:04+00:00", "2024-10-21T06:24:23+00:00", "2024-10-21T06:31:00+00:00", "2024-10-21T06:35:02+00:00", "2024-10-21T06:40:04+00:00", "2024-10-21T06:45:07+00:00", "2024-10-21T06:51:03+00:00", "2024-10-21T06:54:03+00:00", "2024-10-21T06:59:05+00:00", "2024-10-21T07:04:05+00:00", "2024-10-21T07:10:03+00:00", "2024-10-21T07:14:05+00:00", "2024-10-21T07:19:05+00:00", "2024-10-21T07:24:04+00:00", "2024-10-21T07:29:05+00:00", "2024-10-21T07:34:04+00:00", "2024-10-21T07:41:11+00:00", "2024-10-21T07:46:04+00:00", "2024-10-21T07:51:08+00:00", "2024-10-21T07:56:33+00:00", "2024-10-21T08:00:33+00:00", "2024-10-21T08:05:08+00:00", "2024-10-21T08:13:11+00:00", "2024-10-21T08:20:43+00:00", "2024-10-21T08:23:43+00:00", "2024-10-21T08:30:08+00:00", "2024-10-21T08:34:08+00:00", "2024-10-21T08:40:09+00:00", "2024-10-21T08:43:12+00:00", "2024-10-21T08:49:18+00:00", "2024-10-21T08:53:13+00:00", "2024-10-21T09:00:10+00:00", "2024-10-21T09:03:17+00:00", "2024-10-21T09:09:15+00:00", "2024-10-21T09:13:15+00:00", "2024-10-21T09:17:23+00:00", "2024-10-21T09:22:15+00:00", "2024-10-21T09:25:17+00:00", "2024-10-21T09:31:23+00:00", "2024-10-21T09:35:17+00:00", "2024-10-21T09:41:23+00:00", "2024-10-21T09:45:17+00:00", "2024-10-21T09:50:17+00:00", "2024-10-21T09:53:18+00:00", "2024-10-21T09:58:19+00:00", "2024-10-21T10:02:19+00:00", "2024-10-21T10:05:19+00:00", "2024-10-21T10:10:19+00:00", "2024-10-21T10:13:19+00:00", "2024-10-21T10:18:18+00:00", "2024-10-21T10:22:19+00:00", "2024-10-21T10:25:19+00:00", "2024-10-21T10:30:19+00:00", "2024-10-21T10:33:19+00:00", "2024-10-21T10:38:19+00:00", "2024-10-21T10:42:19+00:00", "2024-10-21T10:46:19+00:00", "2024-10-21T10:50:20+00:00", "2024-10-21T10:53:22+00:00", "2024-10-21T10:58:21+00:00", "2024-10-21T11:02:21+00:00", "2024-10-21T11:06:22+00:00", "2024-10-21T11:10:22+00:00", "2024-10-21T11:13:22+00:00", "2024-10-21T11:18:23+00:00", "2024-10-21T11:23:15+00:00", "2024-10-21T11:27:27+00:00", "2024-10-21T11:31:27+00:00", "2024-10-21T11:34:27+00:00", "2024-10-21T11:40:30+00:00", "2024-10-21T11:44:30+00:00", "2024-10-21T11:50:26+00:00", "2024-10-21T11:53:31+00:00", "2024-10-21T11:59:35+00:00", "2024-10-21T12:03:35+00:00", "2024-10-21T12:09:33+00:00", "2024-10-21T12:13:35+00:00", "2024-10-21T12:18:34+00:00", "2024-10-21T12:23:36+00:00", "2024-10-21T12:30:31+00:00", "2024-10-21T12:35:37+00:00", "2024-10-21T12:40:41+00:00", "2024-10-21T12:45:41+00:00", "2024-10-21T12:50:41+00:00", "2024-10-21T12:54:47+00:00", "2024-10-21T13:01:37+00:00", "2024-10-21T13:05:47+00:00", "2024-10-21T13:10:47+00:00", "2024-10-21T13:15:47+00:00", "2024-10-21T13:21:46+00:00", "2024-10-21T13:24:46+00:00", "2024-10-21T13:29:47+00:00", "2024-10-21T13:34:46+00:00", "2024-10-21T13:39:47+00:00", "2024-10-21T13:43:50+00:00", "2024-10-21T13:49:47+00:00", "2024-10-21T13:53:48+00:00", "2024-10-21T13:58:49+00:00", "2024-10-21T14:03:45+00:00", "2024-10-21T14:07:50+00:00", "2024-10-21T14:12:50+00:00", "2024-10-21T14:16:50+00:00", "2024-10-21T14:21:50+00:00", "2024-10-21T14:24:50+00:00", "2024-10-21T14:29:51+00:00", "2024-10-21T14:33:52+00:00", "2024-10-21T14:38:51+00:00", "2024-10-21T14:43:45+00:00", "2024-10-21T14:47:52+00:00", "2024-10-21T14:52:52+00:00", "2024-10-21T14:56:52+00:00", "2024-10-21T15:01:50+00:00", "2024-10-21T15:04:51+00:00", "2024-10-21T15:10:00+00:00", "2024-10-21T15:13:53+00:00", "2024-10-21T15:18:55+00:00", "2024-10-21T15:22:55+00:00", "2024-10-21T15:27:01+00:00", "2024-10-21T15:31:52+00:00", "2024-10-21T15:34:52+00:00", "2024-10-21T15:40:00+00:00", "2024-10-21T15:43:55+00:00", "2024-10-21T15:48:54+00:00", "2024-10-21T15:53:45+00:00", "2024-10-21T15:58:53+00:00", "2024-10-21T16:02:53+00:00", "2024-10-21T16:06:54+00:00", "2024-10-21T16:10:54+00:00", "2024-10-21T16:13:57+00:00", "2024-10-21T16:18:55+00:00", "2024-10-21T16:22:55+00:00", "2024-10-21T16:26:55+00:00", "2024-10-21T16:30:55+00:00", "2024-10-21T16:33:57+00:00", "2024-10-21T16:38:56+00:00", "2024-10-21T16:42:56+00:00", "2024-10-21T16:46:56+00:00", "2024-10-21T16:50:56+00:00", "2024-10-21T16:53:58+00:00", "2024-10-21T16:58:57+00:00", "2024-10-21T17:02:57+00:00", "2024-10-21T17:06:57+00:00", "2024-10-21T17:10:57+00:00", "2024-10-21T17:13:59+00:00", "2024-10-21T17:19:06+00:00", "2024-10-21T17:24:00+00:00", "2024-10-21T17:28:57+00:00", "2024-10-21T17:33:57+00:00", "2024-10-21T17:39:51+00:00", "2024-10-21T17:43:56+00:00", "2024-10-21T17:47:59+00:00", "2024-10-21T17:51:59+00:00", "2024-10-21T17:55:59+00:00", "2024-10-21T18:00:16+00:00", "2024-10-21T18:04:00+00:00", "2024-10-21T18:09:00+00:00", "2024-10-21T18:13:00+00:00", "2024-10-21T18:19:05+00:00", "2024-10-21T18:24:00+00:00", "2024-10-21T18:29:00+00:00", "2024-10-21T18:33:00+00:00", "2024-10-21T18:37:09+00:00", "2024-10-21T18:42:54+00:00", "2024-10-21T18:46:03+00:00", "2024-10-21T18:51:05+00:00", "2024-10-21T18:54:07+00:00", "2024-10-21T19:00:37+00:00", "2024-10-21T19:04:00+00:00", "2024-10-21T19:08:21+00:00", "2024-10-21T19:13:22+00:00", "2024-10-21T19:18:05+00:00", "2024-10-21T19:22:06+00:00", "2024-10-21T19:25:11+00:00", "2024-10-21T19:32:45+00:00", "2024-10-21T19:36:06+00:00", "2024-10-21T19:42:12+00:00", "2024-10-21T19:46:08+00:00", "2024-10-21T19:51:08+00:00", "2024-10-21T19:54:08+00:00", "2024-10-21T19:59:10+00:00", "2024-10-21T20:04:00+00:00", "2024-10-21T20:10:15+00:00", "2024-10-21T20:14:00+00:00", "2024-10-21T20:18:09+00:00", "2024-10-21T20:22:10+00:00", "2024-10-21T20:25:12+00:00", "2024-10-21T20:30:12+00:00", "2024-10-21T20:34:00+00:00", "2024-10-21T20:38:12+00:00", "2024-10-21T20:42:17+00:00", "2024-10-21T20:46:09+00:00", "2024-10-21T20:52:09+00:00", "2024-10-21T20:55:09+00:00", "2024-10-21T21:00:10+00:00", "2024-10-21T21:04:09+00:00", "2024-10-21T21:09:09+00:00", "2024-10-21T21:14:00+00:00", "2024-10-21T21:20:09+00:00", "2024-10-21T21:24:00+00:00", "2024-10-21T21:29:11+00:00", "2024-10-21T21:33:12+00:00", "2024-10-21T21:37:16+00:00", "2024-10-21T21:41:16+00:00", "2024-10-21T21:44:16+00:00", "2024-10-21T21:49:16+00:00", "2024-10-21T21:54:15+00:00", "2024-10-21T21:58:17+00:00", "2024-10-21T22:03:17+00:00", "2024-10-21T22:07:17+00:00", "2024-10-21T22:12:18+00:00", "2024-10-21T22:15:18+00:00", "2024-10-21T22:20:18+00:00", "2024-10-21T22:24:18+00:00", "2024-10-21T22:29:18+00:00", "2024-10-21T22:34:15+00:00", "2024-10-21T22:39:24+00:00", "2024-10-21T22:44:15+00:00", "2024-10-21T22:49:24+00:00", "2024-10-21T22:53:26+00:00", "2024-10-21T22:58:26+00:00", "2024-10-21T23:02:26+00:00", "2024-10-21T23:06:26+00:00", "2024-10-21T23:12:23+00:00", "2024-10-21T23:15:24+00:00", "2024-10-21T23:20:24+00:00", "2024-10-21T23:24:15+00:00", "2024-10-21T23:28:24+00:00", "2024-10-21T23:32:25+00:00", "2024-10-21T23:35:25+00:00", "2024-10-21T23:40:25+00:00", "2024-10-21T23:44:27+00:00", "2024-10-21T23:49:26+00:00", "2024-10-21T23:54:15+00:00", "2024-10-21T23:58:26+00:00", "2024-10-22T00:02:26+00:00", "2024-10-22T00:05:26+00:00", "2024-10-22T00:12:39+00:00", "2024-10-22T00:16:26+00:00", "2024-10-22T00:21:27+00:00", "2024-10-22T00:24:29+00:00", "2024-10-22T00:29:27+00:00", "2024-10-22T00:34:15+00:00", "2024-10-22T00:38:29+00:00", "2024-10-22T00:43:29+00:00", "2024-10-22T00:47:29+00:00", "2024-10-22T00:52:26+00:00", "2024-10-22T00:56:51+00:00", "2024-10-22T01:00:51+00:00", "2024-10-22T01:04:30+00:00", "2024-10-22T01:09:36+00:00", "2024-10-22T01:14:28+00:00", "2024-10-22T01:19:35+00:00", "2024-10-22T01:24:28+00:00", "2024-10-22T01:28:30+00:00", "2024-10-22T01:32:30+00:00", "2024-10-22T01:35:31+00:00", "2024-10-22T01:40:33+00:00", "2024-10-22T01:44:30+00:00", "2024-10-22T01:48:33+00:00", "2024-10-22T01:52:33+00:00", "2024-10-22T01:55:33+00:00", "2024-10-22T02:00:33+00:00", "2024-10-22T02:04:30+00:00", "2024-10-22T02:09:20+00:00", "2024-10-22T02:14:21+00:00", "2024-10-22T02:18:32+00:00", "2024-10-22T02:23:32+00:00", "2024-10-22T02:27:36+00:00", "2024-10-22T02:32:42+00:00", "2024-10-22T02:38:33+00:00", "2024-10-22T02:42:35+00:00", "2024-10-22T02:47:34+00:00", "2024-10-22T02:52:35+00:00", "2024-10-22T02:55:35+00:00", "2024-10-22T03:00:39+00:00", "2024-10-22T03:04:38+00:00", "2024-10-22T03:09:36+00:00", "2024-10-22T03:14:30+00:00", "2024-10-22T03:19:37+00:00", "2024-10-22T03:24:30+00:00", "2024-10-22T03:28:37+00:00", "2024-10-22T03:34:30+00:00", "2024-10-22T03:39:37+00:00", "2024-10-22T03:44:30+00:00", "2024-10-22T03:48:38+00:00", "2024-10-22T03:53:40+00:00", "2024-10-22T03:58:33+00:00", "2024-10-22T04:03:35+00:00", "2024-10-22T04:07:39+00:00", "2024-10-22T04:12:39+00:00", "2024-10-22T04:16:42+00:00", "2024-10-22T04:22:15+00:00", "2024-10-22T04:26:16+00:00", "2024-10-22T04:33:52+00:00", "2024-10-22T04:37:45+00:00", "2024-10-22T04:43:45+00:00", "2024-10-22T04:46:46+00:00", "2024-10-22T04:53:07+00:00", "2024-10-22T04:57:47+00:00", "2024-10-22T05:02:47+00:00", "2024-10-22T05:05:48+00:00", "2024-10-22T05:10:49+00:00", "2024-10-22T05:14:51+00:00", "2024-10-22T05:20:51+00:00", "2024-10-22T05:24:51+00:00", "2024-10-22T05:30:51+00:00", "2024-10-22T05:34:52+00:00", "2024-10-22T05:40:53+00:00", "2024-10-22T05:44:52+00:00", "2024-10-22T05:49:53+00:00", "2024-10-22T05:54:45+00:00", "2024-10-22T05:59:53+00:00", "2024-10-22T06:04:45+00:00", "2024-10-22T06:10:50+00:00", "2024-10-22T06:14:51+00:00", "2024-10-22T06:20:51+00:00", "2024-10-22T06:24:52+00:00", "2024-10-22T06:29:52+00:00", "2024-10-22T06:34:45+00:00", "2024-10-22T06:38:53+00:00", "2024-10-22T06:43:51+00:00", "2024-10-22T06:47:59+00:00", "2024-10-22T06:53:05+00:00", "2024-10-22T06:56:52+00:00", "2024-10-22T07:01:53+00:00", "2024-10-22T07:04:56+00:00", "2024-10-22T07:09:55+00:00", "2024-10-22T07:13:55+00:00", "2024-10-22T07:17:55+00:00", "2024-10-22T07:21:56+00:00", "2024-10-22T07:24:58+00:00", "2024-10-22T07:29:56+00:00", "2024-10-22T07:34:45+00:00", "2024-10-22T07:39:56+00:00", "2024-10-22T07:44:45+00:00", "2024-10-22T07:48:56+00:00", "2024-10-22T07:53:57+00:00", "2024-10-22T07:57:57+00:00", "2024-10-22T08:02:57+00:00", "2024-10-22T08:05:57+00:00", "2024-10-22T08:10:59+00:00", "2024-10-22T08:14:45+00:00", "2024-10-22T08:19:59+00:00", "2024-10-22T08:23:59+00:00", "2024-10-22T08:28:02+00:00", "2024-10-22T08:33:00+00:00", "2024-10-22T08:36:01+00:00", "2024-10-22T08:41:03+00:00", "2024-10-22T08:45:04+00:00", "2024-10-22T08:50:03+00:00", "2024-10-22T08:55:00+00:00", "2024-10-22T09:00:05+00:00", "2024-10-22T09:05:00+00:00", "2024-10-22T09:10:05+00:00", "2024-10-22T09:15:00+00:00", "2024-10-22T09:19:05+00:00", "2024-10-22T09:24:05+00:00", "2024-10-22T09:28:55+00:00", "2024-10-22T09:33:01+00:00", "2024-10-22T09:37:04+00:00", "2024-10-22T09:43:04+00:00", "2024-10-22T09:47:09+00:00", "2024-10-22T09:54:05+00:00", "2024-10-22T09:58:11+00:00", "2024-10-22T10:04:05+00:00", "2024-10-22T10:08:07+00:00", "2024-10-22T10:13:07+00:00", "2024-10-22T10:16:07+00:00", "2024-10-22T10:21:11+00:00", "2024-10-22T10:26:09+00:00", "2024-10-22T10:32:07+00:00", "2024-10-22T10:36:08+00:00", "2024-10-22T10:41:10+00:00", "2024-10-22T10:45:00+00:00", "2024-10-22T10:49:10+00:00", "2024-10-22T10:53:11+00:00", "2024-10-22T10:57:13+00:00", "2024-10-22T11:02:11+00:00", "2024-10-22T11:05:11+00:00", "2024-10-22T11:10:11+00:00", "2024-10-22T11:15:00+00:00", "2024-10-22T11:20:11+00:00", "2024-10-22T11:25:00+00:00", "2024-10-22T11:29:08+00:00", "2024-10-22T11:33:11+00:00", "2024-10-22T11:37:17+00:00", "2024-10-22T11:42:17+00:00", "2024-10-22T11:45:18+00:00", "2024-10-22T11:51:15+00:00", "2024-10-22T11:55:15+00:00", "2024-10-22T12:00:17+00:00", "2024-10-22T12:05:15+00:00", "2024-10-22T12:10:17+00:00", "2024-10-22T12:15:15+00:00", "2024-10-22T12:21:16+00:00", "2024-10-22T12:25:15+00:00", "2024-10-22T12:29:18+00:00", "2024-10-22T12:33:18+00:00", "2024-10-22T12:36:19+00:00", "2024-10-22T12:41:20+00:00", "2024-10-22T12:45:15+00:00", "2024-10-22T12:50:21+00:00", "2024-10-22T12:54:21+00:00", "2024-10-22T12:58:21+00:00", "2024-10-22T13:02:21+00:00", "2024-10-22T13:05:22+00:00", "2024-10-22T13:10:22+00:00", "2024-10-22T13:14:22+00:00", "2024-10-22T13:18:23+00:00", "2024-10-22T13:22:23+00:00", "2024-10-22T13:25:22+00:00", "2024-10-22T13:30:25+00:00", "2024-10-22T13:35:15+00:00", "2024-10-22T13:39:22+00:00", "2024-10-22T13:43:22+00:00", "2024-10-22T13:48:22+00:00", "2024-10-22T13:52:24+00:00", "2024-10-22T13:56:22+00:00", "2024-10-22T14:01:23+00:00", "2024-10-22T14:05:15+00:00", "2024-10-22T14:10:24+00:00", "2024-10-22T14:14:24+00:00", "2024-10-22T14:18:24+00:00", "2024-10-22T14:22:24+00:00", "2024-10-22T14:25:24+00:00", "2024-10-22T14:30:24+00:00", "2024-10-22T14:34:24+00:00", "2024-10-22T14:37:24+00:00", "2024-10-22T14:42:24+00:00", "2024-10-22T14:45:35+00:00", "2024-10-22T14:51:35+00:00", "2024-10-22T14:55:30+00:00", "2024-10-22T15:00:14+00:00", "2024-10-22T15:04:34+00:00", "2024-10-22T15:08:33+00:00", "2024-10-22T15:13:33+00:00", "2024-10-22T15:16:35+00:00", "2024-10-22T15:21:36+00:00", "2024-10-22T15:25:30+00:00", "2024-10-22T15:29:38+00:00", "2024-10-22T15:33:38+00:00", "2024-10-22T15:36:38+00:00", "2024-10-22T15:41:39+00:00", "2024-10-22T15:45:30+00:00", "2024-10-22T15:49:39+00:00", "2024-10-22T15:53:39+00:00", "2024-10-22T15:56:39+00:00", "2024-10-22T16:01:39+00:00", "2024-10-22T16:05:30+00:00", "2024-10-22T16:09:43+00:00", "2024-10-22T16:14:39+00:00", "2024-10-22T16:17:40+00:00", "2024-10-22T16:22:40+00:00", "2024-10-22T16:25:40+00:00", "2024-10-22T16:31:38+00:00", "2024-10-22T16:35:30+00:00", "2024-10-22T16:40:48+00:00", "2024-10-22T16:45:30+00:00", "2024-10-22T16:50:38+00:00", "2024-10-22T16:54:40+00:00", "2024-10-22T16:59:47+00:00", "2024-10-22T17:04:47+00:00", "2024-10-22T17:09:45+00:00", "2024-10-22T17:14:45+00:00", "2024-10-22T17:18:46+00:00", "2024-10-22T17:23:45+00:00", "2024-10-22T17:28:51+00:00", "2024-10-22T17:34:51+00:00", "2024-10-22T17:38:52+00:00", "2024-10-22T17:44:51+00:00", "2024-10-22T17:48:59+00:00", "2024-10-22T17:54:52+00:00", "2024-10-22T17:57:59+00:00", "2024-10-22T18:05:45+00:00", "2024-10-22T18:11:54+00:00", "2024-10-22T18:15:59+00:00", "2024-10-22T18:21:57+00:00", "2024-10-22T18:26:00+00:00", "2024-10-22T18:31:56+00:00", "2024-10-22T18:35:58+00:00", "2024-10-22T18:40:05+00:00", "2024-10-22T18:44:59+00:00", "2024-10-22T18:50:02+00:00", "2024-10-22T18:55:03+00:00", "2024-10-22T19:00:06+00:00", "2024-10-22T19:05:04+00:00", "2024-10-22T19:10:03+00:00", "2024-10-22T19:16:00+00:00", "2024-10-22T19:20:04+00:00", "2024-10-22T19:25:04+00:00", "2024-10-22T19:30:09+00:00", "2024-10-22T19:35:10+00:00", "2024-10-22T19:40:12+00:00", "2024-10-22T19:46:00+00:00", "2024-10-22T19:51:12+00:00", "2024-10-22T19:56:00+00:00", "2024-10-22T20:01:22+00:00", "2024-10-22T20:06:00+00:00", "2024-10-22T20:12:35+00:00", "2024-10-22T20:16:00+00:00", "2024-10-22T20:21:12+00:00", "2024-10-22T20:25:12+00:00", "2024-10-22T20:29:12+00:00", "2024-10-22T20:34:11+00:00", "2024-10-22T20:37:12+00:00", "2024-10-22T20:43:11+00:00", "2024-10-22T20:46:15+00:00", "2024-10-22T20:51:13+00:00", "2024-10-22T20:56:14+00:00", "2024-10-22T21:01:12+00:00", "2024-10-22T21:05:13+00:00", "2024-10-22T21:09:14+00:00", "2024-10-22T21:13:14+00:00", "2024-10-22T21:16:15+00:00", "2024-10-22T21:21:16+00:00", "2024-10-22T21:25:16+00:00", "2024-10-22T21:28:16+00:00", "2024-10-22T21:33:16+00:00", "2024-10-22T21:36:16+00:00", "2024-10-22T21:41:17+00:00", "2024-10-22T21:46:15+00:00", "2024-10-22T21:50:17+00:00", "2024-10-22T21:54:17+00:00", "2024-10-22T21:57:18+00:00", "2024-10-22T22:02:18+00:00", "2024-10-22T22:06:15+00:00", "2024-10-22T22:10:18+00:00", "2024-10-22T22:14:18+00:00", "2024-10-22T22:17:18+00:00", "2024-10-22T22:22:18+00:00", "2024-10-22T22:26:15+00:00", "2024-10-22T22:30:18+00:00", "2024-10-22T22:34:18+00:00", "2024-10-22T22:37:18+00:00", "2024-10-22T22:42:18+00:00", "2024-10-22T22:46:15+00:00", "2024-10-22T22:50:18+00:00", "2024-10-22T22:54:18+00:00", "2024-10-22T22:57:19+00:00", "2024-10-22T23:02:19+00:00", "2024-10-22T23:06:15+00:00", "2024-10-22T23:10:19+00:00", "2024-10-22T23:14:19+00:00", "2024-10-22T23:17:19+00:00", "2024-10-22T23:22:19+00:00", "2024-10-22T23:26:15+00:00", "2024-10-22T23:30:19+00:00", "2024-10-22T23:34:19+00:00", "2024-10-22T23:37:19+00:00", "2024-10-22T23:42:19+00:00", "2024-10-22T23:46:15+00:00", "2024-10-22T23:50:20+00:00", "2024-10-22T23:54:20+00:00", "2024-10-22T23:57:20+00:00", "2024-10-23T00:02:20+00:00", "2024-10-23T00:06:15+00:00", "2024-10-23T00:10:20+00:00", "2024-10-23T00:14:20+00:00", "2024-10-23T00:17:20+00:00", "2024-10-23T00:22:20+00:00", "2024-10-23T00:26:15+00:00", "2024-10-23T00:30:20+00:00", "2024-10-23T00:34:20+00:00", "2024-10-23T00:37:20+00:00", "2024-10-23T00:42:20+00:00", "2024-10-23T00:46:15+00:00", "2024-10-23T00:50:20+00:00", "2024-10-23T00:54:20+00:00", "2024-10-23T00:57:20+00:00", "2024-10-23T01:02:20+00:00", "2024-10-23T01:06:15+00:00", "2024-10-23T01:10:20+00:00", "2024-10-23T01:14:20+00:00", "2024-10-23T01:17:20+00:00", "2024-10-23T01:22:20+00:00", "2024-10-23T01:26:20+00:00", "2024-10-23T01:30:20+00:00", "2024-10-23T01:34:20+00:00", "2024-10-23T01:37:20+00:00", "2024-10-23T01:42:20+00:00", "2024-10-23T01:46:20+00:00", "2024-10-23T01:50:20+00:00", "2024-10-23T01:54:20+00:00", "2024-10-23T01:57:20+00:00", "2024-10-23T02:03:47+00:00", "2024-10-23T02:06:32+00:00", "2024-10-23T02:11:31+00:00", "2024-10-23T02:15:32+00:00", "2024-10-23T02:20:32+00:00", "2024-10-23T02:24:32+00:00", "2024-10-23T02:28:32+00:00", "2024-10-23T02:32:33+00:00", "2024-10-23T02:36:30+00:00", "2024-10-23T02:40:33+00:00", "2024-10-23T02:44:33+00:00", "2024-10-23T02:47:33+00:00", "2024-10-23T02:52:33+00:00", "2024-10-23T02:56:30+00:00", "2024-10-23T03:01:33+00:00", "2024-10-23T03:05:33+00:00", "2024-10-23T03:08:33+00:00", "2024-10-23T03:13:33+00:00", "2024-10-23T03:16:35+00:00", "2024-10-23T03:21:33+00:00", "2024-10-23T03:26:30+00:00", "2024-10-23T03:33:19+00:00", "2024-10-23T03:36:30+00:00", "2024-10-23T03:41:51+00:00", "2024-10-23T03:46:28+00:00", "2024-10-23T03:50:36+00:00", "2024-10-23T03:54:36+00:00", "2024-10-23T03:58:39+00:00", "2024-10-23T04:02:40+00:00", "2024-10-23T04:06:43+00:00", "2024-10-23T04:11:42+00:00", "2024-10-23T04:15:47+00:00", "2024-10-23T04:20:57+00:00", "2024-10-23T04:24:58+00:00", "2024-10-23T04:28:42+00:00", "2024-10-23T04:32:42+00:00", "2024-10-23T04:36:42+00:00", "2024-10-23T04:41:45+00:00", "2024-10-23T04:45:45+00:00", "2024-10-23T04:48:45+00:00", "2024-10-23T04:52:45+00:00", "2024-10-23T04:56:45+00:00", "2024-10-23T05:01:45+00:00", "2024-10-23T05:05:46+00:00", "2024-10-23T05:09:45+00:00", "2024-10-23T05:13:45+00:00", "2024-10-23T05:16:45+00:00", "2024-10-23T05:21:45+00:00", "2024-10-23T05:25:46+00:00", "2024-10-23T05:30:47+00:00", "2024-10-23T05:34:54+00:00", "2024-10-23T05:38:46+00:00", "2024-10-23T05:43:53+00:00", "2024-10-23T05:47:44+00:00", "2024-10-23T05:52:53+00:00", "2024-10-23T05:56:50+00:00", "2024-10-23T06:01:48+00:00", "2024-10-23T06:06:45+00:00", "2024-10-23T06:12:48+00:00", "2024-10-23T06:16:45+00:00", "2024-10-23T06:20:49+00:00", "2024-10-23T06:24:49+00:00", "2024-10-23T06:27:49+00:00", "2024-10-23T06:32:50+00:00", "2024-10-23T06:36:45+00:00", "2024-10-23T06:42:49+00:00", "2024-10-23T06:46:45+00:00", "2024-10-23T06:50:51+00:00", "2024-10-23T06:54:51+00:00", "2024-10-23T06:57:51+00:00", "2024-10-23T07:02:51+00:00", "2024-10-23T07:06:45+00:00", "2024-10-23T07:10:51+00:00", "2024-10-23T07:14:51+00:00", "2024-10-23T07:17:51+00:00", "2024-10-23T07:22:51+00:00", "2024-10-23T07:26:45+00:00", "2024-10-23T07:30:54+00:00", "2024-10-23T07:34:54+00:00", "2024-10-23T07:37:51+00:00", "2024-10-23T07:42:51+00:00", "2024-10-23T07:46:45+00:00", "2024-10-23T07:50:54+00:00", "2024-10-23T07:54:54+00:00", "2024-10-23T07:58:54+00:00", "2024-10-23T08:03:51+00:00", "2024-10-23T08:06:52+00:00", "2024-10-23T08:12:00+00:00", "2024-10-23T08:16:45+00:00", "2024-10-23T08:21:52+00:00", "2024-10-23T08:26:59+00:00", "2024-10-23T08:30:56+00:00", "2024-10-23T08:35:56+00:00", "2024-10-23T08:38:58+00:00", "2024-10-23T08:44:58+00:00", "2024-10-23T08:48:00+00:00", "2024-10-23T08:53:57+00:00", "2024-10-23T08:57:00+00:00", "2024-10-23T09:01:59+00:00", "2024-10-23T09:05:59+00:00", "2024-10-23T09:09:58+00:00", "2024-10-23T09:15:55+00:00", "2024-10-23T09:19:00+00:00", "2024-10-23T09:24:02+00:00", "2024-10-23T09:27:02+00:00", "2024-10-23T09:32:11+00:00", "2024-10-23T09:37:01+00:00", "2024-10-23T09:42:00+00:00", "2024-10-23T09:46:05+00:00", "2024-10-23T09:50:03+00:00", "2024-10-23T09:54:05+00:00", "2024-10-23T09:57:05+00:00", "2024-10-23T10:03:04+00:00", "2024-10-23T10:08:00+00:00", "2024-10-23T10:15:19+00:00", "2024-10-23T10:19:07+00:00", "2024-10-23T10:25:09+00:00", "2024-10-23T10:28:13+00:00", "2024-10-23T10:34:17+00:00", "2024-10-23T10:38:14+00:00", "2024-10-23T10:43:14+00:00", "2024-10-23T10:47:14+00:00", "2024-10-23T10:51:14+00:00", "2024-10-23T10:55:14+00:00", "2024-10-23T10:58:15+00:00", "2024-10-23T11:03:17+00:00", "2024-10-23T11:07:17+00:00", "2024-10-23T11:10:17+00:00", "2024-10-23T11:15:17+00:00", "2024-10-23T11:18:16+00:00", "2024-10-23T11:23:14+00:00", "2024-10-23T11:27:15+00:00", "2024-10-23T11:30:15+00:00", "2024-10-23T11:35:16+00:00", "2024-10-23T11:38:16+00:00", "2024-10-23T11:43:18+00:00", "2024-10-23T11:48:15+00:00", "2024-10-23T11:52:16+00:00", "2024-10-23T11:57:15+00:00", "2024-10-23T12:00:16+00:00", "2024-10-23T12:06:14+00:00", "2024-10-23T12:09:18+00:00", "2024-10-23T12:16:15+00:00", "2024-10-23T12:19:17+00:00", "2024-10-23T12:25:15+00:00", "2024-10-23T12:28:19+00:00", "2024-10-23T12:34:17+00:00", "2024-10-23T12:38:15+00:00", "2024-10-23T12:42:21+00:00", "2024-10-23T12:48:15+00:00", "2024-10-23T12:52:23+00:00", "2024-10-23T12:57:17+00:00", "2024-10-23T13:00:19+00:00", "2024-10-23T13:05:21+00:00", "2024-10-23T13:08:21+00:00", "2024-10-23T13:13:22+00:00", "2024-10-23T13:17:22+00:00", "2024-10-23T13:20:22+00:00", "2024-10-23T13:25:22+00:00", "2024-10-23T13:28:22+00:00", "2024-10-23T13:33:22+00:00", "2024-10-23T13:37:22+00:00", "2024-10-23T13:41:22+00:00", "2024-10-23T13:45:23+00:00", "2024-10-23T13:51:23+00:00", "2024-10-23T13:55:23+00:00", "2024-10-23T13:58:23+00:00", "2024-10-23T14:03:23+00:00", "2024-10-23T14:07:23+00:00", "2024-10-23T14:11:23+00:00", "2024-10-23T14:15:25+00:00", "2024-10-23T14:18:25+00:00", "2024-10-23T14:24:23+00:00", "2024-10-23T14:28:15+00:00", "2024-10-23T14:33:21+00:00", "2024-10-23T14:37:29+00:00", "2024-10-23T14:42:28+00:00", "2024-10-23T14:46:30+00:00", "2024-10-23T14:50:45+00:00", "2024-10-23T14:55:26+00:00", "2024-10-23T14:58:30+00:00", "2024-10-23T15:03:28+00:00", "2024-10-23T15:08:30+00:00", "2024-10-23T15:13:31+00:00", "2024-10-23T15:17:31+00:00", "2024-10-23T15:21:31+00:00", "2024-10-23T15:25:31+00:00", "2024-10-23T15:28:31+00:00", "2024-10-23T15:33:31+00:00", "2024-10-23T15:37:32+00:00", "2024-10-23T15:41:32+00:00", "2024-10-23T15:45:32+00:00", "2024-10-23T15:48:32+00:00", "2024-10-23T15:53:34+00:00", "2024-10-23T15:57:34+00:00", "2024-10-23T16:01:34+00:00", "2024-10-23T16:05:34+00:00", "2024-10-23T16:08:35+00:00", "2024-10-23T16:16:33+00:00", "2024-10-23T16:19:33+00:00", "2024-10-23T16:24:33+00:00", "2024-10-23T16:28:30+00:00", "2024-10-23T16:32:35+00:00", "2024-10-23T16:37:33+00:00", "2024-10-23T16:41:34+00:00", "2024-10-23T16:45:41+00:00", "2024-10-23T16:49:35+00:00", "2024-10-23T16:55:34+00:00", "2024-10-23T16:58:38+00:00", "2024-10-23T17:04:41+00:00", "2024-10-23T17:08:38+00:00", "2024-10-23T17:14:35+00:00", "2024-10-23T17:18:30+00:00", "2024-10-23T17:22:38+00:00", "2024-10-23T17:26:39+00:00", "2024-10-23T17:29:39+00:00", "2024-10-23T17:34:40+00:00", "2024-10-23T17:38:38+00:00", "2024-10-23T17:43:40+00:00", "2024-10-23T17:47:40+00:00", "2024-10-23T17:50:44+00:00", "2024-10-23T17:56:42+00:00", "2024-10-23T18:00:42+00:00", "2024-10-23T18:04:47+00:00", "2024-10-23T18:08:47+00:00", "2024-10-23T18:13:45+00:00", "2024-10-23T18:17:45+00:00", "2024-10-23T18:21:47+00:00", "2024-10-23T18:26:45+00:00", "2024-10-23T18:32:46+00:00", "2024-10-23T18:37:45+00:00", "2024-10-23T18:41:48+00:00", "2024-10-23T18:45:48+00:00", "2024-10-23T18:49:53+00:00", "2024-10-23T18:54:46+00:00", "2024-10-23T18:58:53+00:00", "2024-10-23T19:03:51+00:00", "2024-10-23T19:07:51+00:00", "2024-10-23T19:10:59+00:00", "2024-10-23T19:15:51+00:00", "2024-10-23T19:18:52+00:00", "2024-10-23T19:23:51+00:00", "2024-10-23T19:28:45+00:00", "2024-10-23T19:34:59+00:00", "2024-10-23T19:38:52+00:00", "2024-10-23T19:44:51+00:00", "2024-10-23T19:48:51+00:00", "2024-10-23T19:53:53+00:00", "2024-10-23T19:57:54+00:00", "2024-10-23T20:00:56+00:00", "2024-10-23T20:05:56+00:00", "2024-10-23T20:08:56+00:00", "2024-10-23T20:13:56+00:00", "2024-10-23T20:17:57+00:00", "2024-10-23T20:22:55+00:00", "2024-10-23T20:26:56+00:00", "2024-10-23T20:30:55+00:00", "2024-10-23T20:34:56+00:00", "2024-10-23T20:38:45+00:00", "2024-10-23T20:42:56+00:00", "2024-10-23T20:46:56+00:00", "2024-10-23T20:49:56+00:00", "2024-10-23T20:55:57+00:00", "2024-10-23T20:58:57+00:00", "2024-10-23T21:03:57+00:00", "2024-10-23T21:07:58+00:00", "2024-10-23T21:10:59+00:00", "2024-10-23T21:15:56+00:00", "2024-10-23T21:19:00+00:00", "2024-10-23T21:22:59+00:00", "2024-10-23T21:27:05+00:00", "2024-10-23T21:30:57+00:00", "2024-10-23T21:34:59+00:00", "2024-10-23T21:39:00+00:00", "2024-10-23T21:43:01+00:00", "2024-10-23T21:47:01+00:00", "2024-10-23T21:53:00+00:00", "2024-10-23T21:57:00+00:00", "2024-10-23T22:00:00+00:00", "2024-10-23T22:05:01+00:00", "2024-10-23T22:09:00+00:00", "2024-10-23T22:13:02+00:00", "2024-10-23T22:17:02+00:00", "2024-10-23T22:20:02+00:00", "2024-10-23T22:25:03+00:00", "2024-10-23T22:29:00+00:00", "2024-10-23T22:33:11+00:00", "2024-10-23T22:38:04+00:00", "2024-10-23T22:42:06+00:00", "2024-10-23T22:47:03+00:00", "2024-10-23T22:50:04+00:00", "2024-10-23T22:56:11+00:00", "2024-10-23T23:00:04+00:00", "2024-10-23T23:07:04+00:00", "2024-10-23T23:11:11+00:00", "2024-10-23T23:17:12+00:00", "2024-10-23T23:22:01+00:00", "2024-10-23T23:26:06+00:00", "2024-10-23T23:29:07+00:00", "2024-10-23T23:34:08+00:00", "2024-10-23T23:38:08+00:00", "2024-10-23T23:41:08+00:00", "2024-10-23T23:46:09+00:00", "2024-10-23T23:49:09+00:00", "2024-10-23T23:55:18+00:00", "2024-10-23T23:59:00+00:00", "2024-10-24T00:04:09+00:00", "2024-10-24T00:08:09+00:00", "2024-10-24T00:11:09+00:00", "2024-10-24T00:16:09+00:00", "2024-10-24T00:19:12+00:00", "2024-10-24T00:24:09+00:00", "2024-10-24T00:29:00+00:00", "2024-10-24T00:34:11+00:00", "2024-10-24T00:38:53+00:00", "2024-10-24T00:43:23+00:00", "2024-10-24T00:47:23+00:00", "2024-10-24T00:50:23+00:00", "2024-10-24T00:55:24+00:00", "2024-10-24T00:59:15+00:00", "2024-10-24T01:03:17+00:00", "2024-10-24T01:07:17+00:00", "2024-10-24T01:10:17+00:00", "2024-10-24T01:15:17+00:00", "2024-10-24T01:19:15+00:00", "2024-10-24T01:24:17+00:00", "2024-10-24T01:28:18+00:00", "2024-10-24T01:31:19+00:00", "2024-10-24T01:36:20+00:00", "2024-10-24T01:39:22+00:00", "2024-10-24T01:44:20+00:00", "2024-10-24T01:48:20+00:00", "2024-10-24T01:52:20+00:00", "2024-10-24T01:56:21+00:00", "2024-10-24T01:59:21+00:00", "2024-10-24T02:04:22+00:00", "2024-10-24T02:08:22+00:00", "2024-10-24T02:12:22+00:00", "2024-10-24T02:16:22+00:00", "2024-10-24T02:19:23+00:00", "2024-10-24T02:24:22+00:00", "2024-10-24T02:28:22+00:00", "2024-10-24T02:32:22+00:00", "2024-10-24T02:36:22+00:00", "2024-10-24T02:39:24+00:00", "2024-10-24T02:44:29+00:00", "2024-10-24T02:49:03+00:00", "2024-10-24T02:53:21+00:00", "2024-10-24T02:57:36+00:00", "2024-10-24T03:01:22+00:00", "2024-10-24T03:06:24+00:00", "2024-10-24T03:10:24+00:00", "2024-10-24T03:15:25+00:00", "2024-10-24T03:19:27+00:00", "2024-10-24T03:24:26+00:00", "2024-10-24T03:29:15+00:00", "2024-10-24T03:33:27+00:00", "2024-10-24T03:38:27+00:00", "2024-10-24T03:42:27+00:00", "2024-10-24T03:47:27+00:00", "2024-10-24T03:50:27+00:00", "2024-10-24T03:55:27+00:00", "2024-10-24T03:59:15+00:00", "2024-10-24T04:04:21+00:00", "2024-10-24T04:08:28+00:00", "2024-10-24T04:12:23+00:00", "2024-10-24T04:16:24+00:00", "2024-10-24T04:20:25+00:00", "2024-10-24T04:25:25+00:00", "2024-10-24T04:29:25+00:00", "2024-10-24T04:33:25+00:00", "2024-10-24T04:37:25+00:00", "2024-10-24T04:41:25+00:00", "2024-10-24T04:46:26+00:00", "2024-10-24T04:50:28+00:00", "2024-10-24T04:55:27+00:00", "2024-10-24T05:00:15+00:00", "2024-10-24T05:04:27+00:00", "2024-10-24T05:09:27+00:00", "2024-10-24T05:13:27+00:00", "2024-10-24T05:18:27+00:00", "2024-10-24T05:22:30+00:00", "2024-10-24T05:28:28+00:00", "2024-10-24T05:33:32+00:00", "2024-10-24T05:37:33+00:00", "2024-10-24T05:40:35+00:00", "2024-10-24T05:45:33+00:00", "2024-10-24T05:49:34+00:00", "2024-10-24T05:53:35+00:00", "2024-10-24T05:58:23+00:00", "2024-10-24T06:01:33+00:00", "2024-10-24T06:06:35+00:00", "2024-10-24T06:10:37+00:00", "2024-10-24T06:17:36+00:00", "2024-10-24T06:20:37+00:00", "2024-10-24T06:25:37+00:00", "2024-10-24T06:30:30+00:00", "2024-10-24T06:35:37+00:00", "2024-10-24T06:40:30+00:00", "2024-10-24T06:44:38+00:00", "2024-10-24T06:48:38+00:00", "2024-10-24T06:51:38+00:00", "2024-10-24T06:57:37+00:00", "2024-10-24T07:00:41+00:00", "2024-10-24T07:05:39+00:00", "2024-10-24T07:09:41+00:00", "2024-10-24T07:12:41+00:00", "2024-10-24T07:17:41+00:00", "2024-10-24T07:20:47+00:00", "2024-10-24T07:26:45+00:00", "2024-10-24T07:30:45+00:00", "2024-10-24T07:34:53+00:00", "2024-10-24T07:39:47+00:00", "2024-10-24T07:42:47+00:00", "2024-10-24T07:47:47+00:00", "2024-10-24T07:50:48+00:00", "2024-10-24T07:56:47+00:00", "2024-10-24T08:00:45+00:00", "2024-10-24T08:05:50+00:00", "2024-10-24T08:09:50+00:00", "2024-10-24T08:13:49+00:00", "2024-10-24T08:19:25+00:00", "2024-10-24T08:22:49+00:00", "2024-10-24T08:27:50+00:00", "2024-10-24T08:31:50+00:00", "2024-10-24T08:36:50+00:00", "2024-10-24T08:40:52+00:00", "2024-10-24T08:45:51+00:00", "2024-10-24T08:50:45+00:00", "2024-10-24T08:54:52+00:00", "2024-10-24T08:58:53+00:00", "2024-10-24T09:03:53+00:00", "2024-10-24T09:08:53+00:00", "2024-10-24T09:13:53+00:00", "2024-10-24T09:18:53+00:00", "2024-10-24T09:22:53+00:00", "2024-10-24T09:28:51+00:00", "2024-10-24T09:31:59+00:00", "2024-10-24T09:37:59+00:00", "2024-10-24T09:41:51+00:00", "2024-10-24T09:47:59+00:00", "2024-10-24T09:51:52+00:00", "2024-10-24T09:58:51+00:00", "2024-10-24T10:03:55+00:00", "2024-10-24T10:08:57+00:00", "2024-10-24T10:13:58+00:00", "2024-10-24T10:19:59+00:00", "2024-10-24T10:25:56+00:00", "2024-10-24T10:31:00+00:00", "2024-10-24T10:36:05+00:00", "2024-10-24T10:41:00+00:00", "2024-10-24T10:47:57+00:00", "2024-10-24T10:53:02+00:00", "2024-10-24T10:58:04+00:00", "2024-10-24T11:04:03+00:00", "2024-10-24T11:11:00+00:00", "2024-10-24T11:17:03+00:00", "2024-10-24T11:22:03+00:00", "2024-10-24T11:30:03+00:00", "2024-10-24T11:36:05+00:00", "2024-10-24T11:41:08+00:00", "2024-10-24T11:47:07+00:00", "2024-10-24T11:53:09+00:00", "2024-10-24T11:59:09+00:00", "2024-10-24T12:05:09+00:00", "2024-10-24T12:11:10+00:00", "2024-10-24T12:18:09+00:00", "2024-10-24T12:23:10+00:00", "2024-10-24T12:29:10+00:00", "2024-10-24T12:34:10+00:00", "2024-10-24T12:41:00+00:00", "2024-10-24T12:48:09+00:00", "2024-10-24T12:55:11+00:00", "2024-10-24T13:02:10+00:00", "2024-10-24T13:10:11+00:00", "2024-10-24T13:15:12+00:00", "2024-10-24T13:21:15+00:00", "2024-10-24T13:28:13+00:00", "2024-10-24T13:34:13+00:00", "2024-10-24T13:41:16+00:00", "2024-10-24T13:47:16+00:00", "2024-10-24T13:52:17+00:00", "2024-10-24T14:00:17+00:00", "2024-10-24T14:05:18+00:00", "2024-10-24T14:11:16+00:00", "2024-10-24T14:18:16+00:00", "2024-10-24T14:24:16+00:00", "2024-10-24T14:30:18+00:00", "2024-10-24T14:36:16+00:00", "2024-10-24T14:41:18+00:00", "2024-10-24T14:49:15+00:00", "2024-10-24T14:55:16+00:00", "2024-10-24T15:01:19+00:00", "2024-10-24T15:08:17+00:00", "2024-10-24T15:12:18+00:00", "2024-10-24T15:19:16+00:00", "2024-10-24T15:24:23+00:00", "2024-10-24T15:29:17+00:00", "2024-10-24T15:33:17+00:00", "2024-10-24T15:38:18+00:00", "2024-10-24T15:41:20+00:00", "2024-10-24T15:46:20+00:00", "2024-10-24T15:51:15+00:00", "2024-10-24T15:56:20+00:00", "2024-10-24T16:01:15+00:00", "2024-10-24T16:05:20+00:00", "2024-10-24T16:09:20+00:00", "2024-10-24T16:12:21+00:00", "2024-10-24T16:17:21+00:00", "2024-10-24T16:21:23+00:00", "2024-10-24T16:26:22+00:00", "2024-10-24T16:31:15+00:00", "2024-10-24T16:35:23+00:00", "2024-10-24T16:39:23+00:00", "2024-10-24T16:43:23+00:00", "2024-10-24T16:48:23+00:00", "2024-10-24T16:53:22+00:00", "2024-10-24T17:00:21+00:00", "2024-10-24T17:04:23+00:00", "2024-10-24T17:08:23+00:00", "2024-10-24T17:14:22+00:00", "2024-10-24T17:18:24+00:00", "2024-10-24T17:22:28+00:00", "2024-10-24T17:27:29+00:00", "2024-10-24T17:31:30+00:00", "2024-10-24T17:37:26+00:00", "2024-10-24T17:41:26+00:00", "2024-10-24T17:46:26+00:00", "2024-10-24T17:51:15+00:00", "2024-10-24T17:56:27+00:00", "2024-10-24T18:01:15+00:00", "2024-10-24T18:05:27+00:00", "2024-10-24T18:10:27+00:00", "2024-10-24T18:14:27+00:00", "2024-10-24T18:20:27+00:00", "2024-10-24T18:25:27+00:00", "2024-10-24T18:31:27+00:00", "2024-10-24T18:36:28+00:00", "2024-10-24T18:41:30+00:00", "2024-10-24T18:47:27+00:00", "2024-10-24T18:51:30+00:00", "2024-10-24T18:57:29+00:00", "2024-10-24T19:03:23+00:00", "2024-10-24T19:08:27+00:00", "2024-10-24T19:13:27+00:00", "2024-10-24T19:19:28+00:00", "2024-10-24T19:25:27+00:00", "2024-10-24T19:31:29+00:00", "2024-10-24T19:37:29+00:00", "2024-10-24T19:41:32+00:00", "2024-10-24T19:47:32+00:00", "2024-10-24T19:52:32+00:00", "2024-10-24T19:57:34+00:00", "2024-10-24T20:01:34+00:00", "2024-10-24T20:06:34+00:00", "2024-10-24T20:11:30+00:00", "2024-10-24T20:15:34+00:00", "2024-10-24T20:21:31+00:00", "2024-10-24T20:26:32+00:00", "2024-10-24T20:31:30+00:00", "2024-10-24T20:36:31+00:00", "2024-10-24T20:41:30+00:00", "2024-10-24T20:46:36+00:00", "2024-10-24T20:51:37+00:00", "2024-10-24T20:57:32+00:00", "2024-10-24T21:04:29+00:00", "2024-10-24T21:13:31+00:00", "2024-10-24T21:21:32+00:00", "2024-10-24T21:24:33+00:00", "2024-10-24T21:29:35+00:00", "2024-10-24T21:34:34+00:00", "2024-10-24T21:40:41+00:00", "2024-10-24T21:44:35+00:00", "2024-10-24T21:49:35+00:00", "2024-10-24T21:53:36+00:00", "2024-10-24T21:58:37+00:00", "2024-10-24T22:02:37+00:00", "2024-10-24T22:07:37+00:00", "2024-10-24T22:12:30+00:00", "2024-10-24T22:16:40+00:00", "2024-10-24T22:21:40+00:00", "2024-10-24T22:25:40+00:00", "2024-10-24T22:30:40+00:00", "2024-10-24T22:34:41+00:00", "2024-10-24T22:39:41+00:00", "2024-10-24T22:42:41+00:00", "2024-10-24T22:47:47+00:00", "2024-10-24T22:52:30+00:00", "2024-10-24T22:56:40+00:00", "2024-10-24T23:01:39+00:00", "2024-10-24T23:05:39+00:00", "2024-10-24T23:10:39+00:00", "2024-10-24T23:13:39+00:00", "2024-10-24T23:19:47+00:00", "2024-10-24T23:23:40+00:00", "2024-10-24T23:30:39+00:00", "2024-10-24T23:33:47+00:00", "2024-10-24T23:39:40+00:00", "2024-10-24T23:44:40+00:00", "2024-10-24T23:50:41+00:00", "2024-10-24T23:55:42+00:00", "2024-10-25T00:02:45+00:00", "2024-10-25T00:07:45+00:00", "2024-10-25T00:12:47+00:00", "2024-10-25T00:18:47+00:00", "2024-10-25T00:22:48+00:00", "2024-10-25T00:29:44+00:00", "2024-10-25T00:33:50+00:00", "2024-10-25T00:39:46+00:00", "2024-10-25T00:44:46+00:00", "2024-10-25T00:51:45+00:00", "2024-10-25T00:55:47+00:00", "2024-10-25T01:01:48+00:00", "2024-10-25T01:06:48+00:00", "2024-10-25T01:12:45+00:00", "2024-10-25T01:17:49+00:00", "2024-10-25T01:22:45+00:00", "2024-10-25T01:26:49+00:00", "2024-10-25T01:31:49+00:00", "2024-10-25T01:35:49+00:00", "2024-10-25T01:40:50+00:00", "2024-10-25T01:44:51+00:00", "2024-10-25T01:49:52+00:00", "2024-10-25T01:53:52+00:00", "2024-10-25T02:00:55+00:00", "2024-10-25T02:03:55+00:00", "2024-10-25T02:09:00+00:00", "2024-10-25T02:12:52+00:00", "2024-10-25T02:17:52+00:00", "2024-10-25T02:21:52+00:00", "2024-10-25T02:26:47+00:00", "2024-10-25T02:31:47+00:00", "2024-10-25T02:34:47+00:00", "2024-10-25T02:39:47+00:00", "2024-10-25T02:43:50+00:00", "2024-10-25T02:48:49+00:00", "2024-10-25T02:52:49+00:00", "2024-10-25T02:57:49+00:00", "2024-10-25T03:02:49+00:00", "2024-10-25T03:06:50+00:00", "2024-10-25T03:12:31+00:00", "2024-10-25T03:15:35+00:00", "2024-10-25T03:20:52+00:00", "2024-10-25T03:24:52+00:00", "2024-10-25T03:29:52+00:00", "2024-10-25T03:33:52+00:00", "2024-10-25T03:38:53+00:00", "2024-10-25T03:43:45+00:00", "2024-10-25T03:47:54+00:00", "2024-10-25T03:52:51+00:00", "2024-10-25T03:56:52+00:00", "2024-10-25T04:01:59+00:00", "2024-10-25T04:05:59+00:00", "2024-10-25T04:10:59+00:00", "2024-10-25T04:15:56+00:00", "2024-10-25T04:20:58+00:00", "2024-10-25T04:25:58+00:00", "2024-10-25T04:31:06+00:00", "2024-10-25T04:34:58+00:00", "2024-10-25T04:40:58+00:00", "2024-10-25T04:46:01+00:00", "2024-10-25T04:50:03+00:00", "2024-10-25T04:54:05+00:00", "2024-10-25T04:59:04+00:00", "2024-10-25T05:04:00+00:00", "2024-10-25T05:09:12+00:00", "2024-10-25T05:14:00+00:00", "2024-10-25T05:19:03+00:00", "2024-10-25T05:24:00+00:00", "2024-10-25T05:29:04+00:00", "2024-10-25T05:34:00+00:00", "2024-10-25T05:39:12+00:00", "2024-10-25T05:44:00+00:00", "2024-10-25T05:49:13+00:00", "2024-10-25T05:54:00+00:00", "2024-10-25T06:00:08+00:00", "2024-10-25T06:04:13+00:00", "2024-10-25T06:10:10+00:00", "2024-10-25T06:15:09+00:00", "2024-10-25T06:21:17+00:00", "2024-10-25T06:25:17+00:00", "2024-10-25T06:31:10+00:00", "2024-10-25T06:36:11+00:00", "2024-10-25T06:41:11+00:00", "2024-10-25T06:45:12+00:00", "2024-10-25T06:50:13+00:00", "2024-10-25T06:54:15+00:00", "2024-10-25T07:00:13+00:00", "2024-10-25T07:04:15+00:00", "2024-10-25T07:09:15+00:00", "2024-10-25T07:14:15+00:00", "2024-10-25T07:20:13+00:00", "2024-10-25T07:24:14+00:00", "2024-10-25T07:28:14+00:00", "2024-10-25T07:33:17+00:00", "2024-10-25T07:38:16+00:00", "2024-10-25T07:42:17+00:00", "2024-10-25T07:47:13+00:00", "2024-10-25T07:52:13+00:00", "2024-10-25T07:55:14+00:00", "2024-10-25T08:00:15+00:00", "2024-10-25T08:04:17+00:00", "2024-10-25T08:10:19+00:00", "2024-10-25T08:14:18+00:00", "2024-10-25T08:20:23+00:00", "2024-10-25T08:24:20+00:00", "2024-10-25T08:30:19+00:00", "2024-10-25T08:34:21+00:00", "2024-10-25T08:40:20+00:00", "2024-10-25T08:44:22+00:00", "2024-10-25T08:49:23+00:00", "2024-10-25T08:54:15+00:00", "2024-10-25T08:59:23+00:00", "2024-10-25T09:04:15+00:00", "2024-10-25T09:09:23+00:00", "2024-10-25T09:14:15+00:00", "2024-10-25T09:19:23+00:00", "2024-10-25T09:23:24+00:00", "2024-10-25T09:28:24+00:00", "2024-10-25T09:34:15+00:00", "2024-10-25T09:38:21+00:00", "2024-10-25T09:43:40+00:00", "2024-10-25T09:48:22+00:00", "2024-10-25T09:53:21+00:00", "2024-10-25T09:59:22+00:00", "2024-10-25T10:04:22+00:00", "2024-10-25T10:09:24+00:00", "2024-10-25T10:14:15+00:00", "2024-10-25T10:18:25+00:00", "2024-10-25T10:23:25+00:00", "2024-10-25T10:28:25+00:00", "2024-10-25T10:33:26+00:00", "2024-10-25T10:37:26+00:00", "2024-10-25T10:42:26+00:00", "2024-10-25T10:46:26+00:00", "2024-10-25T10:51:26+00:00", "2024-10-25T10:55:26+00:00", "2024-10-25T11:01:30+00:00", "2024-10-25T11:05:26+00:00", "2024-10-25T11:10:26+00:00", "2024-10-25T11:14:28+00:00", "2024-10-25T11:19:27+00:00", "2024-10-25T11:24:15+00:00", "2024-10-25T11:28:28+00:00", "2024-10-25T11:33:28+00:00", "2024-10-25T11:37:29+00:00", "2024-10-25T11:42:29+00:00", "2024-10-25T11:48:29+00:00", "2024-10-25T11:52:30+00:00", "2024-10-25T11:56:31+00:00", "2024-10-25T12:01:31+00:00", "2024-10-25T12:05:31+00:00", "2024-10-25T12:10:32+00:00", "2024-10-25T12:14:32+00:00", "2024-10-25T12:19:32+00:00", "2024-10-25T12:24:30+00:00", "2024-10-25T12:28:35+00:00", "2024-10-25T12:32:35+00:00", "2024-10-25T12:36:35+00:00", "2024-10-25T12:41:35+00:00", "2024-10-25T12:46:32+00:00", "2024-10-25T12:51:32+00:00", "2024-10-25T12:54:35+00:00", "2024-10-25T12:59:41+00:00", "2024-10-25T13:04:30+00:00", "2024-10-25T13:08:35+00:00", "2024-10-25T13:12:39+00:00", "2024-10-25T13:15:39+00:00", "2024-10-25T13:21:33+00:00", "2024-10-25T13:24:37+00:00", "2024-10-25T13:29:35+00:00", "2024-10-25T13:33:36+00:00", "2024-10-25T13:37:36+00:00", "2024-10-25T13:41:37+00:00", "2024-10-25T13:44:38+00:00", "2024-10-25T13:49:39+00:00", "2024-10-25T13:54:30+00:00", "2024-10-25T13:58:39+00:00", "2024-10-25T14:03:39+00:00", "2024-10-25T14:08:38+00:00", "2024-10-25T14:14:30+00:00", "2024-10-25T14:18:40+00:00", "2024-10-25T14:23:40+00:00", "2024-10-25T14:27:40+00:00", "2024-10-25T14:32:40+00:00", "2024-10-25T14:37:40+00:00", "2024-10-25T14:43:35+00:00", "2024-10-25T14:47:39+00:00", "2024-10-25T14:52:40+00:00", "2024-10-25T14:56:40+00:00", "2024-10-25T15:03:48+00:00", "2024-10-25T15:07:41+00:00", "2024-10-25T15:13:42+00:00", "2024-10-25T15:17:43+00:00", "2024-10-25T15:22:44+00:00", "2024-10-25T15:28:45+00:00", "2024-10-25T15:33:45+00:00", "2024-10-25T15:37:45+00:00", "2024-10-25T15:42:45+00:00", "2024-10-25T15:47:44+00:00", "2024-10-25T15:51:46+00:00", "2024-10-25T15:57:51+00:00", "2024-10-25T16:03:51+00:00", "2024-10-25T16:07:52+00:00", "2024-10-25T16:14:45+00:00", "2024-10-25T16:18:57+00:00", "2024-10-25T16:24:45+00:00", "2024-10-25T16:28:55+00:00", "2024-10-25T16:34:45+00:00", "2024-10-25T16:39:55+00:00", "2024-10-25T16:44:45+00:00", "2024-10-25T16:49:55+00:00", "2024-10-25T16:54:57+00:00", "2024-10-25T17:00:55+00:00", "2024-10-25T17:05:59+00:00", "2024-10-25T17:12:51+00:00", "2024-10-25T17:17:55+00:00", "2024-10-25T17:23:56+00:00", "2024-10-25T17:28:56+00:00", "2024-10-25T17:34:45+00:00", "2024-10-25T17:39:59+00:00", "2024-10-25T17:44:59+00:00", "2024-10-25T17:51:01+00:00", "2024-10-25T17:56:01+00:00", "2024-10-25T18:01:57+00:00", "2024-10-25T18:06:56+00:00", "2024-10-25T18:12:56+00:00", "2024-10-25T18:16:58+00:00", "2024-10-25T18:22:58+00:00", "2024-10-25T18:29:02+00:00", "2024-10-25T18:34:03+00:00", "2024-10-25T18:38:03+00:00", "2024-10-25T18:44:02+00:00", "2024-10-25T18:48:11+00:00", "2024-10-25T18:53:04+00:00", "2024-10-25T18:58:04+00:00", "2024-10-25T19:04:03+00:00", "2024-10-25T19:10:11+00:00", "2024-10-25T19:15:03+00:00", "2024-10-25T19:20:06+00:00", "2024-10-25T19:25:07+00:00", "2024-10-25T19:32:05+00:00", "2024-10-25T19:36:06+00:00", "2024-10-25T19:41:06+00:00", "2024-10-25T19:45:08+00:00", "2024-10-25T19:51:07+00:00", "2024-10-25T19:55:07+00:00", "2024-10-25T20:00:08+00:00", "2024-10-25T20:05:00+00:00", "2024-10-25T20:09:08+00:00", "2024-10-25T20:14:10+00:00", "2024-10-25T20:18:10+00:00", "2024-10-25T20:23:10+00:00", "2024-10-25T20:27:10+00:00", "2024-10-25T20:32:10+00:00", "2024-10-25T20:35:10+00:00", "2024-10-25T20:40:10+00:00", "2024-10-25T20:44:10+00:00", "2024-10-25T20:48:10+00:00", "2024-10-25T20:52:17+00:00", "2024-10-25T20:56:09+00:00", "2024-10-25T21:01:56+00:00", "2024-10-25T21:05:12+00:00", "2024-10-25T21:11:09+00:00", "2024-10-25T21:15:00+00:00", "2024-10-25T21:20:17+00:00", "2024-10-25T21:25:00+00:00", "2024-10-25T21:30:10+00:00", "2024-10-25T21:35:00+00:00", "2024-10-25T21:40:10+00:00", "2024-10-25T21:45:00+00:00", "2024-10-25T21:51:12+00:00", "2024-10-25T21:55:15+00:00", "2024-10-25T22:00:14+00:00", "2024-10-25T22:04:14+00:00", "2024-10-25T22:07:14+00:00", "2024-10-25T22:11:14+00:00", "2024-10-25T22:15:14+00:00", "2024-10-25T22:19:17+00:00", "2024-10-25T22:23:17+00:00", "2024-10-25T22:26:17+00:00", "2024-10-25T22:31:17+00:00", "2024-10-25T22:35:15+00:00", "2024-10-25T22:39:17+00:00", "2024-10-25T22:43:17+00:00", "2024-10-25T22:47:17+00:00", "2024-10-25T22:51:17+00:00", "2024-10-25T22:55:18+00:00", "2024-10-25T23:01:14+00:00", "2024-10-25T23:05:15+00:00", "2024-10-25T23:09:16+00:00", "2024-10-25T23:14:16+00:00", "2024-10-25T23:18:18+00:00", "2024-10-25T23:22:18+00:00", "2024-10-25T23:25:23+00:00", "2024-10-25T23:31:21+00:00", "2024-10-25T23:35:25+00:00", "2024-10-25T23:41:21+00:00", "2024-10-25T23:45:15+00:00", "2024-10-25T23:50:22+00:00", "2024-10-25T23:55:15+00:00", "2024-10-26T00:00:22+00:00", "2024-10-26T00:04:23+00:00", "2024-10-26T00:08:23+00:00", "2024-10-26T00:12:24+00:00", "2024-10-26T00:15:26+00:00", "2024-10-26T00:20:24+00:00", "2024-10-26T00:24:25+00:00", "2024-10-26T00:28:25+00:00", "2024-10-26T00:32:25+00:00", "2024-10-26T00:35:27+00:00", "2024-10-26T00:40:30+00:00", "2024-10-26T00:45:15+00:00", "2024-10-26T00:50:26+00:00", "2024-10-26T00:54:27+00:00", "2024-10-26T00:58:28+00:00", "2024-10-26T01:02:28+00:00", "2024-10-26T01:05:30+00:00", "2024-10-26T01:10:30+00:00", "2024-10-26T01:14:30+00:00", "2024-10-26T01:18:34+00:00", "2024-10-26T01:23:27+00:00", "2024-10-26T01:26:27+00:00", "2024-10-26T01:32:28+00:00", "2024-10-26T01:38:29+00:00", "2024-10-26T01:42:30+00:00", "2024-10-26T01:45:30+00:00", "2024-10-26T01:50:30+00:00", "2024-10-26T01:54:30+00:00", "2024-10-26T01:57:30+00:00", "2024-10-26T02:02:30+00:00", "2024-10-26T02:05:35+00:00", "2024-10-26T02:11:36+00:00", "2024-10-26T02:15:30+00:00", "2024-10-26T02:19:41+00:00", "2024-10-26T02:24:34+00:00", "2024-10-26T02:29:38+00:00", "2024-10-26T02:33:38+00:00", "2024-10-26T02:36:39+00:00", "2024-10-26T02:41:39+00:00", "2024-10-26T02:45:40+00:00", "2024-10-26T02:50:39+00:00", "2024-10-26T02:54:39+00:00", "2024-10-26T02:59:38+00:00", "2024-10-26T03:03:39+00:00", "2024-10-26T03:06:39+00:00", "2024-10-26T03:12:39+00:00", "2024-10-26T03:15:48+00:00", "2024-10-26T03:22:46+00:00", "2024-10-26T03:25:46+00:00", "2024-10-26T03:31:45+00:00", "2024-10-26T03:35:45+00:00", "2024-10-26T03:40:45+00:00", "2024-10-26T03:45:45+00:00", "2024-10-26T03:51:47+00:00", "2024-10-26T03:55:45+00:00", "2024-10-26T03:59:48+00:00", "2024-10-26T04:04:49+00:00", "2024-10-26T04:08:49+00:00", "2024-10-26T04:12:49+00:00", "2024-10-26T04:16:49+00:00", "2024-10-26T04:21:51+00:00", "2024-10-26T04:25:53+00:00", "2024-10-26T04:30:51+00:00", "2024-10-26T04:35:45+00:00", "2024-10-26T04:40:53+00:00", "2024-10-26T04:44:53+00:00", "2024-10-26T04:48:53+00:00", "2024-10-26T04:52:53+00:00", "2024-10-26T04:55:54+00:00", "2024-10-26T05:02:51+00:00", "2024-10-26T05:06:51+00:00", "2024-10-26T05:12:53+00:00", "2024-10-26T05:16:53+00:00", "2024-10-26T05:21:53+00:00", "2024-10-26T05:25:56+00:00", "2024-10-26T05:30:55+00:00", "2024-10-26T05:35:45+00:00", "2024-10-26T05:39:56+00:00", "2024-10-26T05:44:56+00:00", "2024-10-26T05:48:57+00:00", "2024-10-26T05:53:58+00:00", "2024-10-26T05:57:58+00:00", "2024-10-26T06:02:58+00:00", "2024-10-26T06:07:58+00:00", "2024-10-26T06:12:58+00:00", "2024-10-26T06:17:58+00:00", "2024-10-26T06:22:58+00:00", "2024-10-26T06:27:58+00:00", "2024-10-26T06:33:58+00:00", "2024-10-26T06:40:03+00:00", "2024-10-26T06:46:00+00:00", "2024-10-26T06:52:03+00:00", "2024-10-26T06:56:07+00:00", "2024-10-26T07:03:05+00:00", "2024-10-26T07:07:06+00:00", "2024-10-26T07:14:02+00:00", "2024-10-26T07:18:05+00:00", "2024-10-26T07:24:09+00:00", "2024-10-26T07:29:09+00:00", "2024-10-26T07:36:00+00:00", "2024-10-26T07:41:09+00:00", "2024-10-26T07:46:00+00:00", "2024-10-26T07:51:09+00:00", "2024-10-26T07:56:09+00:00", "2024-10-26T08:02:09+00:00", "2024-10-26T08:06:09+00:00", "2024-10-26T08:11:09+00:00", "2024-10-26T08:16:00+00:00", "2024-10-26T08:21:13+00:00", "2024-10-26T08:26:10+00:00", "2024-10-26T08:32:09+00:00", "2024-10-26T08:36:13+00:00", "2024-10-26T08:42:11+00:00", "2024-10-26T08:47:17+00:00", "2024-10-26T08:54:11+00:00", "2024-10-26T08:59:12+00:00", "2024-10-26T09:06:13+00:00", "2024-10-26T09:11:13+00:00", "2024-10-26T09:16:15+00:00", "2024-10-26T09:22:13+00:00", "2024-10-26T09:27:14+00:00", "2024-10-26T09:33:15+00:00", "2024-10-26T09:38:15+00:00", "2024-10-26T09:44:16+00:00", "2024-10-26T09:49:16+00:00", "2024-10-26T09:55:16+00:00", "2024-10-26T10:00:16+00:00", "2024-10-26T10:06:15+00:00", "2024-10-26T10:11:18+00:00", "2024-10-26T10:16:18+00:00", "2024-10-26T10:22:23+00:00", "2024-10-26T10:27:24+00:00", "2024-10-26T10:33:16+00:00", "2024-10-26T10:38:16+00:00", "2024-10-26T10:44:23+00:00", "2024-10-26T10:48:17+00:00", "2024-10-26T10:53:18+00:00", "2024-10-26T10:57:23+00:00", "2024-10-26T11:02:23+00:00", "2024-10-26T11:06:23+00:00", "2024-10-26T11:12:23+00:00", "2024-10-26T11:16:23+00:00", "2024-10-26T11:21:24+00:00", "2024-10-26T11:26:15+00:00", "2024-10-26T11:30:24+00:00", "2024-10-26T11:35:24+00:00", "2024-10-26T11:39:24+00:00", "2024-10-26T11:44:24+00:00", "2024-10-26T11:49:24+00:00", "2024-10-26T11:54:24+00:00", "2024-10-26T11:59:24+00:00", "2024-10-26T12:04:24+00:00", "2024-10-26T12:08:24+00:00", "2024-10-26T12:13:24+00:00", "2024-10-26T12:17:24+00:00", "2024-10-26T12:22:24+00:00", "2024-10-26T12:26:29+00:00", "2024-10-26T12:32:27+00:00", "2024-10-26T12:36:30+00:00", "2024-10-26T12:42:27+00:00", "2024-10-26T12:46:30+00:00", "2024-10-26T12:53:33+00:00", "2024-10-26T12:57:29+00:00", "2024-10-26T13:04:27+00:00", "2024-10-26T13:07:28+00:00", "2024-10-26T13:14:28+00:00", "2024-10-26T13:18:37+00:00", "2024-10-26T13:24:28+00:00", "2024-10-26T13:27:27+00:00", "2024-10-26T13:33:29+00:00", "2024-10-26T13:36:32+00:00", "2024-10-26T13:41:30+00:00", "2024-10-26T13:46:30+00:00", "2024-10-26T13:52:32+00:00", "2024-10-26T13:56:34+00:00", "2024-10-26T14:02:32+00:00", "2024-10-26T14:07:33+00:00", "2024-10-26T14:12:33+00:00", "2024-10-26T14:17:33+00:00", "2024-10-26T14:23:34+00:00", "2024-10-26T14:28:34+00:00", "2024-10-26T14:34:34+00:00", "2024-10-26T14:39:34+00:00", "2024-10-26T14:46:30+00:00", "2024-10-26T14:51:34+00:00", "2024-10-26T14:56:36+00:00", "2024-10-26T15:03:35+00:00", "2024-10-26T15:08:36+00:00", "2024-10-26T15:14:36+00:00", "2024-10-26T15:19:36+00:00", "2024-10-26T15:25:36+00:00", "2024-10-26T15:30:37+00:00", "2024-10-26T15:36:30+00:00", "2024-10-26T15:41:37+00:00", "2024-10-26T15:46:30+00:00", "2024-10-26T15:51:37+00:00", "2024-10-26T15:56:30+00:00", "2024-10-26T16:00:37+00:00", "2024-10-26T16:06:30+00:00", "2024-10-26T16:10:37+00:00", "2024-10-26T16:16:30+00:00", "2024-10-26T16:21:38+00:00", "2024-10-26T16:26:40+00:00", "2024-10-26T16:32:39+00:00", "2024-10-26T16:38:39+00:00", "2024-10-26T16:44:39+00:00", "2024-10-26T16:49:40+00:00", "2024-10-26T16:55:40+00:00", "2024-10-26T17:00:40+00:00", "2024-10-26T17:06:30+00:00", "2024-10-26T17:11:43+00:00", "2024-10-26T17:16:30+00:00", "2024-10-26T17:21:46+00:00", "2024-10-26T17:26:41+00:00", "2024-10-26T17:31:41+00:00", "2024-10-26T17:36:44+00:00", "2024-10-26T17:42:41+00:00", "2024-10-26T17:47:41+00:00", "2024-10-26T17:54:42+00:00", "2024-10-26T17:59:47+00:00", "2024-10-26T18:04:47+00:00", "2024-10-26T18:08:47+00:00", "2024-10-26T18:16:45+00:00", "2024-10-26T18:21:44+00:00", "2024-10-26T18:26:45+00:00", "2024-10-26T18:31:51+00:00", "2024-10-26T18:36:54+00:00", "2024-10-26T18:42:51+00:00", "2024-10-26T18:46:52+00:00", "2024-10-26T18:52:59+00:00", "2024-10-26T18:56:55+00:00", "2024-10-26T19:02:52+00:00", "2024-10-26T19:06:52+00:00", "2024-10-26T19:11:59+00:00", "2024-10-26T19:16:51+00:00", "2024-10-26T19:21:53+00:00", "2024-10-26T19:25:53+00:00", "2024-10-26T19:29:53+00:00", "2024-10-26T19:33:53+00:00", "2024-10-26T19:36:56+00:00", "2024-10-26T19:41:55+00:00", "2024-10-26T19:45:55+00:00", "2024-10-26T19:51:03+00:00", "2024-10-26T19:55:03+00:00", "2024-10-26T19:59:55+00:00", "2024-10-26T20:04:56+00:00", "2024-10-26T20:07:56+00:00", "2024-10-26T20:12:57+00:00", "2024-10-26T20:16:45+00:00", "2024-10-26T20:21:57+00:00", "2024-10-26T20:25:59+00:00", "2024-10-26T20:30:56+00:00", "2024-10-26T20:35:57+00:00", "2024-10-26T20:41:56+00:00", "2024-10-26T20:46:45+00:00", "2024-10-26T20:51:57+00:00", "2024-10-26T20:57:00+00:00", "2024-10-26T21:05:05+00:00", "2024-10-26T21:08:57+00:00", "2024-10-26T21:14:57+00:00", "2024-10-26T21:18:40+00:00", "2024-10-26T21:24:04+00:00", "2024-10-26T21:29:04+00:00", "2024-10-26T21:35:05+00:00", "2024-10-26T21:40:03+00:00", "2024-10-26T21:46:04+00:00", "2024-10-26T21:51:07+00:00", "2024-10-26T21:56:08+00:00", "2024-10-26T22:01:08+00:00", "2024-10-26T22:08:08+00:00", "2024-10-26T22:14:08+00:00", "2024-10-26T22:19:08+00:00", "2024-10-26T22:24:08+00:00", "2024-10-26T22:29:09+00:00", "2024-10-26T22:35:09+00:00", "2024-10-26T22:40:09+00:00", "2024-10-26T22:46:09+00:00", "2024-10-26T22:51:10+00:00", "2024-10-26T22:57:10+00:00", "2024-10-26T23:03:10+00:00", "2024-10-26T23:09:15+00:00", "2024-10-26T23:16:16+00:00", "2024-10-26T23:21:16+00:00", "2024-10-26T23:27:19+00:00", "2024-10-26T23:34:18+00:00", "2024-10-26T23:39:19+00:00", "2024-10-26T23:44:19+00:00", "2024-10-26T23:48:19+00:00", "2024-10-26T23:53:19+00:00", "2024-10-26T23:57:21+00:00", "2024-10-27T00:02:20+00:00", "2024-10-27T00:07:15+00:00", "2024-10-27T00:11:20+00:00", "2024-10-27T00:17:15+00:00", "2024-10-27T00:22:21+00:00", "2024-10-27T00:27:22+00:00", "2024-10-27T00:33:21+00:00", "2024-10-27T00:38:21+00:00", "2024-10-27T00:44:22+00:00", "2024-10-27T00:49:23+00:00", "2024-10-27T00:54:23+00:00", "2024-10-27T00:59:25+00:00", "2024-10-27T01:05:25+00:00", "2024-10-27T01:11:27+00:00", "2024-10-27T01:17:30+00:00", "2024-10-27T01:22:28+00:00", "2024-10-27T01:27:30+00:00", "2024-10-27T01:33:35+00:00", "2024-10-27T01:39:28+00:00", "2024-10-27T01:46:20+00:00", "2024-10-27T01:50:27+00:00", "2024-10-27T01:57:28+00:00", "2024-10-27T02:03:27+00:00", "2024-10-27T02:07:30+00:00", "2024-10-27T02:12:29+00:00", "2024-10-27T02:17:30+00:00", "2024-10-27T02:22:33+00:00", "2024-10-27T02:26:36+00:00", "2024-10-27T02:31:36+00:00", "2024-10-27T02:36:37+00:00", "2024-10-27T02:40:41+00:00", "2024-10-27T02:45:37+00:00", "2024-10-27T02:49:37+00:00", "2024-10-27T02:54:37+00:00", "2024-10-27T02:58:37+00:00", "2024-10-27T03:03:37+00:00", "2024-10-27T03:07:39+00:00", "2024-10-27T03:13:38+00:00", "2024-10-27T03:17:38+00:00", "2024-10-27T03:22:38+00:00", "2024-10-27T03:27:30+00:00", "2024-10-27T03:31:43+00:00", "2024-10-27T03:37:30+00:00", "2024-10-27T03:41:39+00:00", "2024-10-27T03:46:39+00:00", "2024-10-27T03:51:39+00:00", "2024-10-27T03:56:38+00:00", "2024-10-27T04:00:41+00:00", "2024-10-27T04:05:48+00:00", "2024-10-27T04:11:41+00:00", "2024-10-27T04:16:42+00:00", "2024-10-27T04:20:42+00:00", "2024-10-27T04:25:43+00:00", "2024-10-27T04:29:43+00:00", "2024-10-27T04:34:44+00:00", "2024-10-27T04:38:44+00:00", "2024-10-27T04:43:46+00:00", "2024-10-27T04:47:46+00:00", "2024-10-27T04:53:45+00:00", "2024-10-27T04:57:45+00:00", "2024-10-27T05:03:45+00:00", "2024-10-27T05:07:45+00:00", "2024-10-27T05:11:46+00:00", "2024-10-27T05:16:45+00:00", "2024-10-27T05:21:45+00:00", "2024-10-27T05:25:53+00:00", "2024-10-27T05:29:46+00:00", "2024-10-27T05:35:53+00:00", "2024-10-27T05:41:46+00:00", "2024-10-27T05:47:45+00:00", "2024-10-27T05:52:48+00:00", "2024-10-27T05:57:45+00:00", "2024-10-27T06:01:51+00:00", "2024-10-27T06:06:51+00:00", "2024-10-27T06:10:51+00:00", "2024-10-27T06:15:51+00:00", "2024-10-27T06:19:51+00:00", "2024-10-27T06:24:59+00:00", "2024-10-27T06:28:51+00:00", "2024-10-27T06:34:51+00:00", "2024-10-27T06:39:57+00:00", "2024-10-27T06:43:58+00:00", "2024-10-27T06:48:01+00:00", "2024-10-27T06:54:58+00:00", "2024-10-27T06:58:01+00:00", "2024-10-27T07:02:59+00:00", "2024-10-27T07:08:00+00:00", "2024-10-27T07:12:01+00:00", "2024-10-27T07:17:02+00:00", "2024-10-27T07:21:02+00:00", "2024-10-27T07:26:02+00:00", "2024-10-27T07:31:03+00:00", "2024-10-27T07:36:05+00:00", "2024-10-27T07:41:05+00:00", "2024-10-27T07:47:03+00:00", "2024-10-27T07:52:03+00:00", "2024-10-27T07:57:03+00:00", "2024-10-27T08:01:03+00:00", "2024-10-27T08:06:03+00:00", "2024-10-27T08:10:04+00:00", "2024-10-27T08:15:04+00:00", "2024-10-27T08:19:04+00:00", "2024-10-27T08:24:05+00:00", "2024-10-27T08:29:03+00:00", "2024-10-27T08:34:05+00:00", "2024-10-27T08:39:03+00:00", "2024-10-27T08:44:12+00:00", "2024-10-27T08:48:07+00:00", "2024-10-27T08:54:05+00:00", "2024-10-27T08:59:11+00:00", "2024-10-27T09:06:04+00:00", "2024-10-27T09:10:04+00:00", "2024-10-27T09:17:11+00:00", "2024-10-27T09:22:04+00:00", "2024-10-27T09:27:05+00:00", "2024-10-27T09:31:08+00:00", "2024-10-27T09:36:08+00:00", "2024-10-27T09:40:09+00:00", "2024-10-27T09:45:09+00:00", "2024-10-27T09:49:11+00:00", "2024-10-27T09:55:11+00:00", "2024-10-27T09:59:11+00:00", "2024-10-27T10:05:11+00:00", "2024-10-27T10:10:11+00:00", "2024-10-27T10:16:19+00:00", "2024-10-27T10:20:10+00:00", "2024-10-27T10:26:10+00:00", "2024-10-27T10:32:14+00:00", "2024-10-27T10:38:15+00:00", "2024-10-27T10:44:15+00:00", "2024-10-27T10:48:18+00:00", "2024-10-27T10:55:15+00:00", "2024-10-27T11:00:15+00:00", "2024-10-27T11:06:15+00:00", "2024-10-27T11:12:15+00:00", "2024-10-27T11:18:19+00:00", "2024-10-27T11:26:23+00:00", "2024-10-27T11:34:23+00:00", "2024-10-27T11:40:22+00:00", "2024-10-27T11:46:23+00:00", "2024-10-27T11:51:29+00:00", "2024-10-27T11:58:29+00:00", "2024-10-27T12:04:28+00:00", "2024-10-27T12:10:27+00:00", "2024-10-27T12:16:26+00:00", "2024-10-27T12:19:28+00:00", "2024-10-27T12:25:28+00:00", "2024-10-27T12:30:29+00:00", "2024-10-27T12:36:29+00:00", "2024-10-27T12:41:29+00:00", "2024-10-27T12:47:30+00:00", "2024-10-27T12:52:30+00:00", "2024-10-27T12:58:30+00:00", "2024-10-27T13:03:31+00:00", "2024-10-27T13:08:33+00:00", "2024-10-27T13:14:33+00:00", "2024-10-27T13:20:33+00:00", "2024-10-27T13:27:33+00:00", "2024-10-27T13:35:35+00:00", "2024-10-27T13:41:32+00:00", "2024-10-27T13:46:33+00:00", "2024-10-27T13:51:34+00:00", "2024-10-27T13:57:34+00:00", "2024-10-27T14:03:40+00:00", "2024-10-27T14:08:30+00:00", "2024-10-27T14:13:33+00:00", "2024-10-27T14:18:30+00:00", "2024-10-27T14:23:36+00:00", "2024-10-27T14:28:30+00:00", "2024-10-27T14:33:33+00:00", "2024-10-27T14:38:37+00:00", "2024-10-27T14:44:35+00:00", "2024-10-27T14:49:38+00:00", "2024-10-27T14:55:40+00:00", "2024-10-27T15:00:33+00:00", "2024-10-27T15:06:36+00:00", "2024-10-27T15:11:38+00:00", "2024-10-27T15:17:38+00:00", "2024-10-27T15:22:39+00:00", "2024-10-27T15:28:30+00:00", "2024-10-27T15:33:41+00:00", "2024-10-27T15:38:41+00:00", "2024-10-27T15:44:42+00:00", "2024-10-27T15:48:42+00:00", "2024-10-27T15:54:42+00:00", "2024-10-27T15:58:40+00:00", "2024-10-27T16:05:39+00:00", "2024-10-27T16:08:44+00:00", "2024-10-27T16:14:47+00:00", "2024-10-27T16:19:40+00:00", "2024-10-27T16:26:41+00:00", "2024-10-27T16:30:42+00:00", "2024-10-27T16:36:43+00:00", "2024-10-27T16:41:45+00:00", "2024-10-27T16:47:45+00:00", "2024-10-27T16:53:45+00:00", "2024-10-27T16:58:47+00:00", "2024-10-27T17:04:46+00:00", "2024-10-27T17:09:46+00:00", "2024-10-27T17:15:46+00:00", "2024-10-27T17:20:47+00:00", "2024-10-27T17:27:45+00:00", "2024-10-27T17:33:45+00:00", "2024-10-27T17:38:45+00:00", "2024-10-27T17:44:46+00:00", "2024-10-27T17:48:51+00:00", "2024-10-27T17:55:49+00:00", "2024-10-27T18:00:52+00:00", "2024-10-27T18:06:47+00:00", "2024-10-27T18:11:53+00:00", "2024-10-27T18:17:58+00:00", "2024-10-27T18:24:12+00:00", "2024-10-27T18:28:54+00:00", "2024-10-27T18:35:54+00:00", "2024-10-27T18:41:54+00:00", "2024-10-27T18:47:54+00:00", "2024-10-27T18:53:26+00:00", "2024-10-27T18:58:45+00:00", "2024-10-27T19:04:54+00:00", "2024-10-27T19:09:55+00:00", "2024-10-27T19:17:55+00:00", "2024-10-27T19:22:55+00:00", "2024-10-27T19:28:55+00:00", "2024-10-27T19:34:57+00:00", "2024-10-27T19:39:57+00:00", "2024-10-27T19:46:57+00:00", "2024-10-27T19:52:57+00:00", "2024-10-27T19:58:45+00:00", "2024-10-27T20:03:56+00:00", "2024-10-27T20:07:57+00:00", "2024-10-27T20:12:57+00:00", "2024-10-27T20:18:56+00:00", "2024-10-27T20:22:57+00:00", "2024-10-27T20:28:57+00:00", "2024-10-27T20:34:05+00:00", "2024-10-27T20:39:58+00:00", "2024-10-27T20:46:58+00:00", "2024-10-27T20:52:05+00:00", "2024-10-27T20:58:59+00:00", "2024-10-27T21:04:01+00:00", "2024-10-27T21:09:00+00:00", "2024-10-27T21:14:01+00:00", "2024-10-27T21:19:03+00:00", "2024-10-27T21:25:01+00:00", "2024-10-27T21:30:01+00:00", "2024-10-27T21:37:02+00:00", "2024-10-27T21:42:02+00:00", "2024-10-27T21:49:00+00:00", "2024-10-27T21:56:02+00:00", "2024-10-27T22:03:02+00:00", "2024-10-27T22:11:03+00:00", "2024-10-27T22:19:04+00:00", "2024-10-27T22:27:10+00:00", "2024-10-27T22:34:05+00:00", "2024-10-27T22:40:06+00:00", "2024-10-27T22:48:07+00:00", "2024-10-27T22:56:09+00:00", "2024-10-27T23:05:10+00:00", "2024-10-27T23:12:11+00:00", "2024-10-27T23:19:13+00:00", "2024-10-27T23:29:00+00:00", "2024-10-27T23:39:00+00:00", "2024-10-27T23:48:14+00:00", "2024-10-27T23:59:13+00:00", "2024-10-28T00:06:14+00:00", "2024-10-28T00:11:14+00:00", "2024-10-28T00:17:15+00:00", "2024-10-28T00:22:15+00:00", "2024-10-28T00:28:15+00:00", "2024-10-28T00:33:15+00:00", "2024-10-28T00:39:15+00:00", "2024-10-28T00:44:18+00:00", "2024-10-28T00:49:18+00:00", "2024-10-28T00:56:15+00:00", "2024-10-28T01:00:23+00:00", "2024-10-28T01:06:23+00:00", "2024-10-28T01:12:15+00:00", "2024-10-28T01:18:38+00:00", "2024-10-28T01:23:18+00:00", "2024-10-28T01:28:19+00:00", "2024-10-28T01:32:20+00:00", "2024-10-28T01:38:20+00:00", "2024-10-28T01:42:20+00:00", "2024-10-28T01:47:20+00:00", "2024-10-28T01:52:22+00:00", "2024-10-28T01:57:23+00:00", "2024-10-28T02:00:23+00:00", "2024-10-28T02:05:23+00:00", "2024-10-28T02:09:23+00:00", "2024-10-28T02:15:49+00:00", "2024-10-28T02:19:53+00:00", "2024-10-28T02:26:37+00:00", "2024-10-28T02:29:42+00:00", "2024-10-28T02:36:13+00:00", "2024-10-28T02:41:22+00:00", "2024-10-28T02:48:20+00:00", "2024-10-28T02:51:21+00:00", "2024-10-28T02:57:23+00:00", "2024-10-28T03:00:23+00:00", "2024-10-28T03:07:15+00:00", "2024-10-28T03:11:58+00:00", "2024-10-28T03:18:57+00:00", "2024-10-28T03:22:08+00:00", "2024-10-28T03:27:32+00:00", "2024-10-28T03:33:04+00:00", "2024-10-28T03:37:24+00:00", "2024-10-28T03:41:25+00:00", "2024-10-28T03:47:43+00:00", "2024-10-28T03:51:43+00:00", "2024-10-28T03:57:01+00:00", "2024-10-28T04:02:13+00:00", "2024-10-28T04:06:13+00:00", "2024-10-28T04:11:29+00:00", "2024-10-28T04:17:33+00:00", "2024-10-28T04:21:27+00:00", "2024-10-28T04:26:27+00:00", "2024-10-28T04:30:31+00:00", "2024-10-28T04:36:27+00:00", "2024-10-28T04:41:29+00:00", "2024-10-28T04:47:29+00:00", "2024-10-28T04:52:29+00:00", "2024-10-28T04:58:29+00:00", "2024-10-28T05:03:35+00:00", "2024-10-28T05:09:27+00:00", "2024-10-28T05:14:27+00:00", "2024-10-28T05:19:29+00:00", "2024-10-28T05:24:30+00:00", "2024-10-28T05:29:30+00:00", "2024-10-28T05:34:30+00:00", "2024-10-28T05:39:30+00:00", "2024-10-28T05:43:31+00:00", "2024-10-28T05:49:30+00:00", "2024-10-28T05:53:32+00:00", "2024-10-28T05:58:32+00:00", "2024-10-28T06:03:32+00:00", "2024-10-28T06:08:32+00:00", "2024-10-28T06:12:32+00:00", "2024-10-28T06:17:32+00:00", "2024-10-28T06:21:32+00:00", "2024-10-28T06:26:33+00:00", "2024-10-28T06:30:34+00:00", "2024-10-28T06:35:34+00:00", "2024-10-28T06:39:35+00:00", "2024-10-28T06:45:35+00:00", "2024-10-28T06:49:35+00:00", "2024-10-28T06:55:33+00:00", "2024-10-28T06:59:36+00:00", "2024-10-28T07:06:51+00:00", "2024-10-28T07:10:51+00:00", "2024-10-28T07:17:16+00:00", "2024-10-28T07:21:35+00:00", "2024-10-28T07:27:36+00:00", "2024-10-28T07:32:37+00:00", "2024-10-28T07:39:17+00:00", "2024-10-28T07:45:58+00:00", "2024-10-28T07:49:30+00:00", "2024-10-28T07:54:21+00:00", "2024-10-28T07:59:21+00:00", "2024-10-28T08:03:38+00:00", "2024-10-28T08:08:38+00:00", "2024-10-28T08:12:38+00:00", "2024-10-28T08:18:55+00:00", "2024-10-28T08:23:23+00:00", "2024-10-28T08:28:31+00:00", "2024-10-28T08:32:37+00:00", "2024-10-28T08:37:54+00:00", "2024-10-28T08:42:25+00:00", "2024-10-28T08:47:00+00:00", "2024-10-28T08:53:40+00:00", "2024-10-28T08:58:47+00:00", "2024-10-28T09:02:40+00:00", "2024-10-28T09:08:47+00:00", "2024-10-28T09:12:47+00:00", "2024-10-28T09:18:47+00:00", "2024-10-28T09:22:34+00:00", "2024-10-28T09:27:38+00:00", "2024-10-28T09:32:25+00:00", "2024-10-28T09:37:51+00:00", "2024-10-28T09:42:43+00:00", "2024-10-28T09:48:44+00:00", "2024-10-28T09:52:11+00:00", "2024-10-28T09:57:11+00:00", "2024-10-28T10:02:45+00:00", "2024-10-28T10:06:45+00:00", "2024-10-28T10:09:47+00:00", "2024-10-28T10:15:38+00:00", "2024-10-28T10:19:40+00:00", "2024-10-28T10:24:47+00:00", "2024-10-28T10:28:48+00:00", "2024-10-28T10:33:53+00:00", "2024-10-28T10:39:44+00:00", "2024-10-28T10:43:47+00:00", "2024-10-28T10:48:59+00:00", "2024-10-28T10:53:07+00:00", "2024-10-28T10:57:32+00:00", "2024-10-28T11:01:22+00:00", "2024-10-28T11:08:38+00:00", "2024-10-28T11:11:48+00:00", "2024-10-28T11:17:42+00:00", "2024-10-28T11:22:48+00:00", "2024-10-28T11:28:22+00:00", "2024-10-28T11:32:59+00:00", "2024-10-28T11:39:19+00:00", "2024-10-28T11:42:42+00:00", "2024-10-28T11:47:49+00:00", "2024-10-28T11:50:49+00:00", "2024-10-28T11:56:12+00:00", "2024-10-28T11:59:45+00:00", "2024-10-28T12:05:14+00:00", "2024-10-28T12:09:34+00:00", "2024-10-28T12:14:25+00:00", "2024-10-28T12:19:51+00:00", "2024-10-28T12:24:12+00:00", "2024-10-28T12:29:55+00:00", "2024-10-28T12:37:14+00:00", "2024-10-28T12:40:40+00:00", "2024-10-28T12:47:12+00:00", "2024-10-28T12:54:57+00:00", "2024-10-28T12:58:59+00:00", "2024-10-28T13:03:05+00:00", "2024-10-28T13:07:59+00:00", "2024-10-28T13:12:05+00:00", "2024-10-28T13:16:59+00:00", "2024-10-28T13:20:00+00:00", "2024-10-28T13:25:00+00:00", "2024-10-28T13:29:00+00:00", "2024-10-28T13:33:01+00:00", "2024-10-28T13:37:01+00:00", "2024-10-28T13:40:02+00:00", "2024-10-28T13:45:01+00:00", "2024-10-28T13:49:05+00:00", "2024-10-28T13:53:01+00:00", "2024-10-28T13:57:02+00:00", "2024-10-28T14:00:03+00:00", "2024-10-28T14:05:02+00:00", "2024-10-28T14:09:03+00:00", "2024-10-28T14:12:04+00:00", "2024-10-28T14:18:04+00:00", "2024-10-28T14:21:04+00:00", "2024-10-28T14:27:04+00:00", "2024-10-28T14:33:11+00:00", "2024-10-28T14:38:04+00:00", "2024-10-28T14:42:03+00:00", "2024-10-28T14:47:45+00:00", "2024-10-28T14:56:06+00:00", "2024-10-28T15:00:05+00:00", "2024-10-28T15:07:17+00:00", "2024-10-28T15:10:09+00:00", "2024-10-28T15:17:11+00:00", "2024-10-28T15:20:30+00:00", "2024-10-28T15:26:21+00:00", "2024-10-28T15:30:00+00:00", "2024-10-28T15:35:24+00:00", "2024-10-28T15:39:28+00:00", "2024-10-28T15:44:14+00:00", "2024-10-28T15:48:46+00:00", "2024-10-28T15:52:24+00:00", "2024-10-28T15:58:15+00:00", "2024-10-28T16:03:56+00:00", "2024-10-28T16:09:07+00:00", "2024-10-28T16:12:11+00:00", "2024-10-28T16:18:33+00:00", "2024-10-28T16:23:10+00:00", "2024-10-28T16:28:55+00:00", "2024-10-28T16:34:04+00:00", "2024-10-28T16:39:15+00:00", "2024-10-28T16:43:53+00:00", "2024-10-28T16:49:35+00:00", "2024-10-28T16:54:36+00:00", "2024-10-28T17:00:15+00:00", "2024-10-28T17:05:16+00:00", "2024-10-28T17:10:14+00:00", "2024-10-28T17:15:16+00:00", "2024-10-28T17:20:15+00:00", "2024-10-28T17:25:23+00:00", "2024-10-28T17:30:15+00:00", "2024-10-28T17:34:18+00:00", "2024-10-28T17:39:18+00:00", "2024-10-28T17:43:19+00:00", "2024-10-28T17:48:19+00:00", "2024-10-28T17:51:19+00:00", "2024-10-28T17:56:20+00:00", "2024-10-28T18:00:21+00:00", "2024-10-28T18:05:21+00:00", "2024-10-28T18:10:15+00:00", "2024-10-28T18:14:21+00:00", "2024-10-28T18:19:21+00:00", "2024-10-28T18:23:22+00:00", "2024-10-28T18:28:21+00:00", "2024-10-28T18:31:21+00:00", "2024-10-28T18:36:29+00:00", "2024-10-28T18:40:24+00:00", "2024-10-28T18:45:29+00:00", "2024-10-28T18:50:15+00:00", "2024-10-28T18:54:29+00:00", "2024-10-28T18:59:22+00:00", "2024-10-28T19:04:27+00:00", "2024-10-28T19:09:28+00:00", "2024-10-28T19:13:31+00:00", "2024-10-28T19:19:27+00:00", "2024-10-28T19:23:35+00:00", "2024-10-28T19:29:48+00:00", "2024-10-28T19:34:47+00:00", "2024-10-28T19:40:30+00:00", "2024-10-28T19:45:39+00:00", "2024-10-28T19:50:30+00:00", "2024-10-28T19:56:19+00:00", "2024-10-28T20:00:30+00:00", "2024-10-28T20:06:14+00:00", "2024-10-28T20:10:30+00:00", "2024-10-28T20:17:38+00:00", "2024-10-28T20:20:48+00:00", "2024-10-28T20:25:59+00:00", "2024-10-28T20:31:25+00:00", "2024-10-28T20:37:33+00:00", "2024-10-28T20:41:32+00:00", "2024-10-28T20:46:43+00:00", "2024-10-28T20:50:45+00:00", "2024-10-28T20:57:45+00:00", "2024-10-28T21:03:33+00:00", "2024-10-28T21:10:16+00:00", "2024-10-28T21:16:33+00:00", "2024-10-28T21:20:37+00:00", "2024-10-28T21:27:07+00:00", "2024-10-28T21:31:07+00:00", "2024-10-28T21:38:21+00:00", "2024-10-28T21:42:33+00:00", "2024-10-28T21:49:41+00:00", "2024-10-28T21:56:05+00:00", "2024-10-28T22:00:39+00:00", "2024-10-28T22:07:36+00:00", "2024-10-28T22:12:37+00:00", "2024-10-28T22:18:39+00:00", "2024-10-28T22:23:39+00:00", "2024-10-28T22:28:39+00:00", "2024-10-28T22:33:45+00:00", "2024-10-28T22:39:40+00:00", "2024-10-28T22:44:48+00:00", "2024-10-28T22:50:30+00:00", "2024-10-28T22:55:42+00:00", "2024-10-28T23:00:43+00:00", "2024-10-28T23:06:45+00:00", "2024-10-28T23:11:45+00:00", "2024-10-28T23:17:45+00:00", "2024-10-28T23:20:45+00:00", "2024-10-28T23:26:43+00:00", "2024-10-28T23:31:44+00:00", "2024-10-28T23:37:15+00:00", "2024-10-28T23:41:18+00:00", "2024-10-28T23:47:44+00:00", "2024-10-28T23:52:44+00:00", "2024-10-28T23:57:45+00:00", "2024-10-29T00:01:45+00:00", "2024-10-29T00:07:30+00:00", "2024-10-29T00:10:45+00:00", "2024-10-29T00:15:45+00:00", "2024-10-29T00:20:45+00:00", "2024-10-29T00:26:19+00:00", "2024-10-29T00:35:20+00:00", "2024-10-29T00:40:45+00:00", "2024-10-29T00:46:58+00:00", "2024-10-29T00:50:46+00:00", "2024-10-29T00:56:56+00:00", "2024-10-29T01:01:08+00:00", "2024-10-29T01:06:23+00:00", "2024-10-29T01:10:54+00:00", "2024-10-29T01:17:10+00:00", "2024-10-29T01:21:51+00:00", "2024-10-29T01:28:40+00:00", "2024-10-29T01:32:55+00:00", "2024-10-29T01:38:27+00:00", "2024-10-29T01:41:54+00:00", "2024-10-29T01:47:26+00:00", "2024-10-29T01:52:55+00:00", "2024-10-29T01:56:56+00:00", "2024-10-29T02:00:57+00:00", "2024-10-29T02:05:56+00:00", "2024-10-29T02:10:45+00:00", "2024-10-29T02:14:56+00:00", "2024-10-29T02:19:56+00:00", "2024-10-29T02:23:57+00:00", "2024-10-29T02:27:58+00:00", "2024-10-29T02:31:58+00:00", "2024-10-29T02:38:10+00:00", "2024-10-29T02:44:40+00:00", "2024-10-29T02:48:43+00:00", "2024-10-29T02:52:43+00:00", "2024-10-29T02:57:52+00:00", "2024-10-29T03:01:00+00:00", "2024-10-29T03:06:39+00:00", "2024-10-29T03:11:00+00:00", "2024-10-29T03:16:01+00:00", "2024-10-29T03:20:21+00:00", "2024-10-29T03:26:23+00:00", "2024-10-29T03:31:00+00:00", "2024-10-29T03:37:17+00:00", "2024-10-29T03:41:00+00:00", "2024-10-29T03:46:49+00:00", "2024-10-29T03:51:00+00:00", "2024-10-29T03:55:08+00:00", "2024-10-29T04:00:50+00:00", "2024-10-29T04:05:50+00:00", "2024-10-29T04:10:03+00:00", "2024-10-29T04:14:12+00:00", "2024-10-29T04:18:14+00:00", "2024-10-29T04:22:16+00:00", "2024-10-29T04:28:15+00:00", "2024-10-29T04:32:36+00:00", "2024-10-29T04:39:16+00:00", "2024-10-29T04:42:33+00:00", "2024-10-29T04:50:31+00:00", "2024-10-29T04:54:49+00:00", "2024-10-29T05:00:13+00:00", "2024-10-29T05:05:58+00:00", "2024-10-29T05:10:52+00:00", "2024-10-29T05:16:16+00:00", "2024-10-29T05:21:00+00:00", "2024-10-29T05:25:38+00:00", "2024-10-29T05:31:00+00:00", "2024-10-29T05:36:35+00:00", "2024-10-29T05:40:54+00:00", "2024-10-29T05:46:38+00:00", "2024-10-29T05:51:00+00:00", "2024-10-29T05:55:36+00:00", "2024-10-29T06:00:50+00:00", "2024-10-29T06:07:12+00:00", "2024-10-29T06:11:15+00:00", "2024-10-29T06:16:05+00:00", "2024-10-29T06:21:11+00:00", "2024-10-29T06:25:13+00:00", "2024-10-29T06:30:21+00:00", "2024-10-29T06:36:11+00:00", "2024-10-29T06:40:11+00:00", "2024-10-29T06:43:15+00:00", "2024-10-29T06:49:04+00:00", "2024-10-29T06:52:04+00:00", "2024-10-29T06:57:22+00:00", "2024-10-29T07:01:15+00:00", "2024-10-29T07:05:22+00:00", "2024-10-29T07:11:09+00:00", "2024-10-29T07:16:45+00:00", "2024-10-29T07:21:15+00:00", "2024-10-29T07:26:48+00:00", "2024-10-29T07:31:15+00:00", "2024-10-29T07:37:30+00:00", "2024-10-29T07:45:01+00:00", "2024-10-29T07:50:08+00:00", "2024-10-29T07:55:32+00:00", "2024-10-29T08:01:05+00:00", "2024-10-29T08:06:10+00:00", "2024-10-29T08:11:13+00:00", "2024-10-29T08:19:02+00:00", "2024-10-29T08:21:29+00:00", "2024-10-29T08:28:32+00:00", "2024-10-29T08:32:22+00:00", "2024-10-29T08:38:40+00:00", "2024-10-29T08:41:30+00:00", "2024-10-29T08:48:36+00:00", "2024-10-29T08:51:51+00:00", "2024-10-29T08:58:42+00:00", "2024-10-29T09:01:42+00:00", "2024-10-29T09:08:23+00:00", "2024-10-29T09:11:32+00:00", "2024-10-29T09:16:30+00:00", "2024-10-29T09:21:30+00:00", "2024-10-29T09:28:22+00:00", "2024-10-29T09:34:30+00:00", "2024-10-29T09:41:30+00:00", "2024-10-29T09:49:31+00:00", "2024-10-29T09:53:32+00:00", "2024-10-29T09:59:32+00:00", "2024-10-29T10:05:33+00:00", "2024-10-29T10:11:35+00:00", "2024-10-29T10:19:35+00:00", "2024-10-29T10:26:32+00:00", "2024-10-29T10:31:41+00:00", "2024-10-29T10:39:39+00:00", "2024-10-29T10:45:39+00:00", "2024-10-29T10:51:42+00:00", "2024-10-29T11:01:30+00:00", "2024-10-29T11:07:47+00:00", "2024-10-29T11:15:40+00:00", "2024-10-29T11:21:42+00:00", "2024-10-29T11:29:29+00:00", "2024-10-29T11:36:39+00:00", "2024-10-29T11:42:47+00:00", "2024-10-29T11:50:41+00:00", "2024-10-29T11:56:42+00:00", "2024-10-29T12:03:44+00:00", "2024-10-29T12:10:44+00:00", "2024-10-29T12:17:44+00:00", "2024-10-29T12:23:44+00:00", "2024-10-29T12:31:45+00:00", "2024-10-29T12:37:45+00:00", "2024-10-29T12:44:45+00:00", "2024-10-29T12:51:46+00:00", "2024-10-29T12:59:48+00:00", "2024-10-29T13:06:48+00:00", "2024-10-29T13:13:54+00:00", "2024-10-29T13:21:48+00:00", "2024-10-29T13:29:49+00:00", "2024-10-29T13:37:51+00:00", "2024-10-29T13:43:54+00:00", "2024-10-29T13:51:51+00:00", "2024-10-29T13:59:52+00:00", "2024-10-29T14:06:57+00:00", "2024-10-29T14:13:57+00:00", "2024-10-29T14:20:58+00:00", "2024-10-29T14:26:59+00:00", "2024-10-29T14:32:59+00:00", "2024-10-29T14:40:59+00:00", "2024-10-29T14:47:01+00:00", "2024-10-29T14:53:01+00:00", "2024-10-29T15:01:05+00:00", "2024-10-29T15:07:01+00:00", "2024-10-29T15:13:02+00:00", "2024-10-29T15:22:00+00:00", "2024-10-29T15:28:03+00:00", "2024-10-29T15:34:03+00:00", "2024-10-29T15:42:03+00:00", "2024-10-29T15:51:04+00:00", "2024-10-29T15:58:09+00:00", "2024-10-29T16:06:11+00:00", "2024-10-29T16:14:17+00:00", "2024-10-29T16:24:09+00:00", "2024-10-29T16:33:09+00:00", "2024-10-29T16:42:13+00:00", "2024-10-29T16:50:18+00:00", "2024-10-29T16:59:37+00:00", "2024-10-29T17:08:15+00:00", "2024-10-29T17:16:17+00:00", "2024-10-29T17:25:17+00:00", "2024-10-29T17:33:17+00:00", "2024-10-29T17:42:19+00:00", "2024-10-29T17:53:15+00:00", "2024-10-29T18:02:15+00:00", "2024-10-29T18:12:25+00:00", "2024-10-29T18:21:15+00:00", "2024-10-29T18:29:15+00:00", "2024-10-29T18:37:17+00:00", "2024-10-29T18:46:16+00:00", "2024-10-29T18:56:15+00:00", "2024-10-29T19:06:15+00:00", "2024-10-29T19:16:58+00:00", "2024-10-29T19:26:21+00:00", "2024-10-29T19:34:21+00:00", "2024-10-29T19:43:24+00:00", "2024-10-29T19:53:15+00:00", "2024-10-29T20:02:44+00:00", "2024-10-29T20:11:25+00:00", "2024-10-29T20:19:25+00:00", "2024-10-29T20:26:25+00:00", "2024-10-29T20:34:25+00:00", "2024-10-29T20:43:15+00:00", "2024-10-29T20:53:15+00:00", "2024-10-29T21:01:27+00:00", "2024-10-29T21:08:27+00:00", "2024-10-29T21:15:32+00:00", "2024-10-29T21:23:35+00:00", "2024-10-29T21:33:30+00:00", "2024-10-29T21:40:34+00:00", "2024-10-29T21:48:42+00:00", "2024-10-29T21:55:35+00:00", "2024-10-29T22:03:38+00:00", "2024-10-29T22:12:38+00:00", "2024-10-29T22:19:38+00:00", "2024-10-29T22:26:39+00:00", "2024-10-29T22:34:39+00:00", "2024-10-29T22:43:30+00:00", "2024-10-29T22:48:40+00:00", "2024-10-29T22:53:30+00:00", "2024-10-29T22:58:41+00:00", "2024-10-29T23:04:38+00:00", "2024-10-29T23:10:39+00:00", "2024-10-29T23:15:40+00:00", "2024-10-29T23:20:40+00:00", "2024-10-29T23:25:41+00:00", "2024-10-29T23:31:47+00:00", "2024-10-29T23:35:39+00:00", "2024-10-29T23:41:41+00:00", "2024-10-29T23:46:44+00:00", "2024-10-29T23:52:40+00:00", "2024-10-29T23:58:45+00:00", "2024-10-30T00:03:48+00:00", "2024-10-30T00:09:47+00:00", "2024-10-30T00:15:45+00:00", "2024-10-30T00:21:45+00:00", "2024-10-30T00:24:54+00:00", "2024-10-30T00:30:48+00:00", "2024-10-30T00:35:48+00:00", "2024-10-30T00:42:02+00:00", "2024-10-30T00:46:47+00:00", "2024-10-30T00:52:48+00:00", "2024-10-30T00:57:48+00:00", "2024-10-30T01:02:49+00:00", "2024-10-30T01:06:49+00:00", "2024-10-30T01:13:41+00:00", "2024-10-30T01:19:52+00:00", "2024-10-30T01:23:51+00:00", "2024-10-30T01:29:53+00:00", "2024-10-30T01:34:33+00:00", "2024-10-30T01:39:51+00:00", "2024-10-30T01:44:51+00:00", "2024-10-30T01:50:37+00:00", "2024-10-30T01:54:28+00:00", "2024-10-30T02:01:24+00:00", "2024-10-30T02:05:33+00:00", "2024-10-30T02:11:37+00:00", "2024-10-30T02:15:37+00:00", "2024-10-30T02:22:46+00:00", "2024-10-30T02:29:30+00:00", "2024-10-30T02:34:52+00:00", "2024-10-30T02:41:22+00:00", "2024-10-30T02:44:38+00:00", "2024-10-30T02:52:24+00:00", "2024-10-30T02:57:39+00:00", "2024-10-30T03:03:39+00:00", "2024-10-30T03:10:13+00:00", "2024-10-30T03:14:29+00:00", "2024-10-30T03:21:28+00:00", "2024-10-30T03:26:55+00:00", "2024-10-30T03:33:45+00:00", "2024-10-30T03:38:56+00:00", "2024-10-30T03:43:58+00:00", "2024-10-30T03:50:16+00:00", "2024-10-30T03:55:57+00:00", "2024-10-30T04:01:38+00:00", "2024-10-30T04:05:45+00:00", "2024-10-30T04:11:54+00:00", "2024-10-30T04:16:00+00:00", "2024-10-30T04:22:14+00:00", "2024-10-30T04:26:59+00:00", "2024-10-30T04:33:00+00:00", "2024-10-30T04:38:00+00:00", "2024-10-30T04:43:01+00:00", "2024-10-30T04:48:01+00:00", "2024-10-30T04:54:00+00:00", "2024-10-30T04:59:24+00:00", "2024-10-30T05:04:00+00:00", "2024-10-30T05:09:29+00:00", "2024-10-30T05:14:22+00:00", "2024-10-30T05:21:03+00:00", "2024-10-30T05:26:35+00:00", "2024-10-30T05:31:36+00:00", "2024-10-30T05:36:03+00:00", "2024-10-30T05:42:05+00:00", "2024-10-30T05:48:03+00:00", "2024-10-30T05:54:00+00:00", "2024-10-30T05:59:05+00:00", "2024-10-30T06:04:05+00:00", "2024-10-30T06:11:31+00:00", "2024-10-30T06:14:46+00:00", "2024-10-30T06:22:47+00:00", "2024-10-30T06:29:18+00:00", "2024-10-30T06:34:04+00:00", "2024-10-30T06:40:55+00:00", "2024-10-30T06:46:05+00:00", "2024-10-30T06:52:05+00:00", "2024-10-30T06:58:03+00:00", "2024-10-30T07:04:41+00:00", "2024-10-30T07:10:05+00:00", "2024-10-30T07:15:11+00:00", "2024-10-30T07:22:10+00:00", "2024-10-30T07:27:13+00:00", "2024-10-30T07:33:13+00:00", "2024-10-30T07:38:11+00:00", "2024-10-30T07:45:00+00:00", "2024-10-30T07:50:17+00:00", "2024-10-30T07:55:13+00:00", "2024-10-30T08:02:17+00:00", "2024-10-30T08:07:12+00:00", "2024-10-30T08:14:17+00:00", "2024-10-30T08:20:13+00:00", "2024-10-30T08:25:15+00:00", "2024-10-30T08:31:17+00:00", "2024-10-30T08:36:17+00:00", "2024-10-30T08:43:14+00:00", "2024-10-30T08:48:15+00:00", "2024-10-30T08:54:17+00:00", "2024-10-30T09:00:13+00:00", "2024-10-30T09:06:13+00:00", "2024-10-30T09:12:13+00:00", "2024-10-30T09:18:19+00:00", "2024-10-30T09:24:20+00:00", "2024-10-30T09:29:22+00:00", "2024-10-30T09:36:15+00:00", "2024-10-30T09:41:21+00:00", "2024-10-30T09:47:22+00:00", "2024-10-30T09:53:30+00:00", "2024-10-30T10:00:21+00:00", "2024-10-30T10:06:24+00:00", "2024-10-30T10:12:24+00:00", "2024-10-30T10:17:24+00:00", "2024-10-30T10:23:25+00:00", "2024-10-30T10:28:25+00:00", "2024-10-30T10:34:25+00:00", "2024-10-30T10:39:27+00:00", "2024-10-30T10:45:27+00:00", "2024-10-30T10:50:28+00:00", "2024-10-30T10:56:15+00:00", "2024-10-30T11:01:28+00:00", "2024-10-30T11:06:29+00:00", "2024-10-30T11:12:28+00:00", "2024-10-30T11:17:28+00:00", "2024-10-30T11:23:28+00:00", "2024-10-30T11:28:29+00:00", "2024-10-30T11:35:29+00:00", "2024-10-30T11:40:29+00:00", "2024-10-30T11:46:30+00:00", "2024-10-30T11:52:33+00:00", "2024-10-30T11:58:35+00:00", "2024-10-30T12:06:29+00:00", "2024-10-30T12:11:33+00:00", "2024-10-30T12:17:30+00:00", "2024-10-30T12:23:35+00:00", "2024-10-30T12:28:32+00:00", "2024-10-30T12:35:36+00:00", "2024-10-30T12:41:36+00:00", "2024-10-30T12:46:38+00:00", "2024-10-30T12:53:40+00:00", "2024-10-30T13:01:20+00:00", "2024-10-30T13:06:41+00:00", "2024-10-30T13:13:38+00:00", "2024-10-30T13:19:40+00:00", "2024-10-30T13:26:42+00:00", "2024-10-30T13:32:47+00:00", "2024-10-30T13:39:41+00:00", "2024-10-30T13:46:42+00:00", "2024-10-30T13:53:47+00:00", "2024-10-30T14:01:39+00:00", "2024-10-30T14:08:37+00:00", "2024-10-30T14:16:30+00:00", "2024-10-30T14:23:41+00:00", "2024-10-30T14:30:43+00:00", "2024-10-30T14:36:45+00:00", "2024-10-30T14:45:44+00:00", "2024-10-30T14:52:45+00:00", "2024-10-30T14:59:45+00:00", "2024-10-30T15:06:48+00:00", "2024-10-30T15:14:53+00:00", "2024-10-30T15:22:47+00:00", "2024-10-30T15:28:48+00:00", "2024-10-30T15:36:45+00:00", "2024-10-30T15:43:46+00:00", "2024-10-30T15:49:53+00:00", "2024-10-30T15:57:45+00:00", "2024-10-30T16:05:53+00:00", "2024-10-30T16:11:48+00:00", "2024-10-30T16:16:50+00:00", "2024-10-30T16:25:53+00:00", "2024-10-30T16:31:53+00:00", "2024-10-30T16:37:53+00:00", "2024-10-30T16:45:52+00:00", "2024-10-30T16:52:52+00:00", "2024-10-30T16:58:53+00:00", "2024-10-30T17:04:53+00:00", "2024-10-30T17:11:53+00:00", "2024-10-30T17:17:54+00:00", "2024-10-30T17:24:53+00:00", "2024-10-30T17:29:54+00:00", "2024-10-30T17:35:54+00:00", "2024-10-30T17:41:54+00:00", "2024-10-30T17:47:54+00:00", "2024-10-30T17:54:54+00:00", "2024-10-30T17:59:54+00:00", "2024-10-30T18:05:54+00:00", "2024-10-30T18:12:55+00:00", "2024-10-30T18:19:05+00:00", "2024-10-30T18:25:06+00:00", "2024-10-30T18:33:06+00:00", "2024-10-30T18:37:07+00:00", "2024-10-30T18:43:06+00:00", "2024-10-30T18:48:06+00:00", "2024-10-30T18:55:02+00:00", "2024-10-30T19:01:11+00:00", "2024-10-30T19:08:03+00:00", "2024-10-30T19:17:00+00:00", "2024-10-30T19:25:03+00:00", "2024-10-30T19:31:06+00:00", "2024-10-30T19:37:00+00:00", "2024-10-30T19:42:07+00:00", "2024-10-30T19:47:00+00:00", "2024-10-30T19:52:09+00:00", "2024-10-30T19:57:10+00:00", "2024-10-30T20:03:09+00:00", "2024-10-30T20:08:09+00:00", "2024-10-30T20:13:10+00:00", "2024-10-30T20:18:11+00:00", "2024-10-30T20:24:13+00:00", "2024-10-30T20:29:09+00:00", "2024-10-30T20:35:09+00:00", "2024-10-30T20:39:11+00:00", "2024-10-30T20:46:09+00:00", "2024-10-30T20:50:10+00:00", "2024-10-30T20:56:09+00:00", "2024-10-30T21:00:11+00:00", "2024-10-30T21:06:12+00:00", "2024-10-30T21:11:17+00:00", "2024-10-30T21:17:15+00:00", "2024-10-30T21:22:17+00:00", "2024-10-30T21:27:15+00:00", "2024-10-30T21:32:21+00:00", "2024-10-30T21:37:21+00:00", "2024-10-30T21:44:18+00:00", "2024-10-30T21:49:18+00:00", "2024-10-30T21:54:53+00:00", "2024-10-30T22:00:15+00:00", "2024-10-30T22:07:15+00:00", "2024-10-30T22:12:59+00:00", "2024-10-30T22:17:15+00:00", "2024-10-30T22:22:24+00:00", "2024-10-30T22:29:21+00:00", "2024-10-30T22:35:50+00:00", "2024-10-30T22:41:46+00:00", "2024-10-30T22:46:59+00:00", "2024-10-30T22:52:23+00:00", "2024-10-30T22:57:15+00:00", "2024-10-30T23:02:23+00:00", "2024-10-30T23:07:15+00:00", "2024-10-30T23:13:01+00:00", "2024-10-30T23:17:24+00:00", "2024-10-30T23:23:25+00:00", "2024-10-30T23:27:15+00:00", "2024-10-30T23:32:42+00:00", "2024-10-30T23:37:15+00:00", "2024-10-30T23:42:20+00:00", "2024-10-30T23:47:30+00:00", "2024-10-30T23:53:08+00:00", "2024-10-30T23:57:31+00:00", "2024-10-31T00:03:05+00:00", "2024-10-31T00:07:30+00:00", "2024-10-31T00:12:24+00:00", "2024-10-31T00:17:24+00:00", "2024-10-31T00:21:49+00:00", "2024-10-31T00:26:25+00:00", "2024-10-31T00:30:59+00:00", "2024-10-31T00:36:32+00:00", "2024-10-31T00:40:48+00:00", "2024-10-31T00:46:30+00:00", "2024-10-31T00:49:34+00:00", "2024-10-31T00:54:52+00:00", "2024-10-31T00:58:41+00:00", "2024-10-31T01:06:00+00:00", "2024-10-31T01:10:05+00:00", "2024-10-31T01:17:30+00:00", "2024-10-31T01:23:45+00:00", "2024-10-31T01:27:33+00:00", "2024-10-31T01:33:34+00:00", "2024-10-31T01:37:36+00:00", "2024-10-31T01:44:08+00:00", "2024-10-31T01:49:55+00:00", "2024-10-31T01:56:46+00:00", "2024-10-31T02:02:12+00:00", "2024-10-31T02:07:30+00:00", "2024-10-31T02:12:14+00:00", "2024-10-31T02:17:30+00:00", "2024-10-31T02:22:50+00:00", "2024-10-31T02:27:36+00:00", "2024-10-31T02:34:21+00:00", "2024-10-31T02:37:40+00:00", "2024-10-31T02:44:17+00:00", "2024-10-31T02:52:19+00:00", "2024-10-31T02:57:19+00:00", "2024-10-31T03:03:38+00:00", "2024-10-31T03:07:37+00:00", "2024-10-31T03:13:28+00:00", "2024-10-31T03:17:47+00:00", "2024-10-31T03:24:33+00:00", "2024-10-31T03:27:42+00:00", "2024-10-31T03:34:14+00:00", "2024-10-31T03:38:15+00:00", "2024-10-31T03:44:55+00:00", "2024-10-31T03:48:59+00:00", "2024-10-31T03:54:58+00:00", "2024-10-31T03:59:06+00:00", "2024-10-31T04:04:13+00:00", "2024-10-31T04:09:27+00:00", "2024-10-31T04:15:39+00:00", "2024-10-31T04:18:58+00:00", "2024-10-31T04:25:58+00:00", "2024-10-31T04:30:34+00:00", "2024-10-31T04:34:52+00:00", "2024-10-31T04:38:02+00:00", "2024-10-31T04:43:06+00:00", "2024-10-31T04:47:30+00:00", "2024-10-31T04:52:15+00:00", "2024-10-31T04:57:42+00:00", "2024-10-31T05:02:36+00:00", "2024-10-31T05:07:43+00:00", "2024-10-31T05:14:37+00:00", "2024-10-31T05:17:46+00:00", "2024-10-31T05:25:08+00:00", "2024-10-31T05:28:16+00:00", "2024-10-31T05:34:29+00:00", "2024-10-31T05:37:47+00:00", "2024-10-31T05:43:46+00:00", "2024-10-31T05:47:55+00:00", "2024-10-31T05:54:07+00:00", "2024-10-31T06:00:03+00:00", "2024-10-31T06:04:45+00:00", "2024-10-31T06:07:53+00:00", "2024-10-31T06:14:03+00:00", "2024-10-31T06:17:51+00:00", "2024-10-31T06:25:20+00:00", "2024-10-31T06:28:21+00:00", "2024-10-31T06:35:00+00:00", "2024-10-31T06:38:50+00:00", "2024-10-31T06:45:04+00:00", "2024-10-31T06:47:53+00:00", "2024-10-31T06:53:04+00:00", "2024-10-31T06:57:45+00:00", "2024-10-31T07:02:43+00:00", "2024-10-31T07:07:20+00:00", "2024-10-31T07:13:52+00:00", "2024-10-31T07:17:52+00:00", "2024-10-31T07:24:32+00:00", "2024-10-31T07:30:06+00:00", "2024-10-31T07:35:59+00:00", "2024-10-31T07:40:24+00:00", "2024-10-31T07:46:05+00:00", "2024-10-31T07:50:53+00:00", "2024-10-31T07:55:56+00:00", "2024-10-31T07:58:56+00:00", "2024-10-31T08:05:59+00:00", "2024-10-31T08:10:59+00:00", "2024-10-31T08:17:21+00:00", "2024-10-31T08:22:53+00:00", "2024-10-31T08:27:54+00:00", "2024-10-31T08:32:54+00:00", "2024-10-31T08:38:45+00:00", "2024-10-31T08:44:53+00:00", "2024-10-31T08:49:45+00:00", "2024-10-31T08:55:57+00:00", "2024-10-31T09:02:03+00:00", "2024-10-31T09:08:04+00:00", "2024-10-31T09:13:56+00:00", "2024-10-31T09:19:03+00:00", "2024-10-31T09:25:33+00:00", "2024-10-31T09:31:08+00:00", "2024-10-31T09:37:10+00:00", "2024-10-31T09:42:12+00:00", "2024-10-31T09:48:12+00:00", "2024-10-31T09:55:11+00:00", "2024-10-31T09:59:13+00:00", "2024-10-31T10:06:10+00:00", "2024-10-31T10:12:09+00:00", "2024-10-31T10:19:13+00:00", "2024-10-31T10:25:12+00:00", "2024-10-31T10:32:10+00:00", "2024-10-31T10:39:17+00:00", "2024-10-31T10:46:15+00:00", "2024-10-31T10:51:15+00:00", "2024-10-31T10:58:16+00:00", "2024-10-31T11:04:15+00:00", "2024-10-31T11:09:16+00:00", "2024-10-31T11:15:17+00:00", "2024-10-31T11:20:14+00:00", "2024-10-31T11:27:23+00:00", "2024-10-31T11:31:16+00:00", "2024-10-31T11:38:17+00:00", "2024-10-31T11:44:18+00:00", "2024-10-31T11:49:15+00:00", "2024-10-31T11:54:21+00:00", "2024-10-31T11:59:21+00:00", "2024-10-31T12:05:21+00:00", "2024-10-31T12:10:21+00:00", "2024-10-31T12:16:23+00:00", "2024-10-31T12:21:23+00:00", "2024-10-31T12:26:23+00:00", "2024-10-31T12:31:23+00:00", "2024-10-31T12:38:22+00:00", "2024-10-31T12:42:22+00:00", "2024-10-31T12:48:24+00:00", "2024-10-31T12:54:24+00:00", "2024-10-31T12:59:45+00:00", "2024-10-31T13:05:46+00:00", "2024-10-31T13:10:49+00:00", "2024-10-31T13:17:48+00:00", "2024-10-31T13:21:50+00:00", "2024-10-31T13:26:51+00:00", "2024-10-31T13:31:52+00:00", "2024-10-31T13:37:52+00:00", "2024-10-31T13:42:54+00:00", "2024-10-31T13:48:51+00:00", "2024-10-31T13:53:51+00:00", "2024-10-31T13:58:52+00:00", "2024-10-31T14:02:55+00:00", "2024-10-31T14:08:53+00:00", "2024-10-31T14:14:51+00:00", "2024-10-31T14:19:45+00:00", "2024-10-31T14:24:54+00:00", "2024-10-31T14:29:45+00:00", "2024-10-31T14:36:53+00:00", "2024-10-31T14:40:54+00:00", "2024-10-31T14:45:59+00:00", "2024-10-31T14:50:57+00:00", "2024-10-31T14:56:55+00:00", "2024-10-31T15:00:59+00:00", "2024-10-31T15:06:57+00:00", "2024-10-31T15:11:54+00:00", "2024-10-31T15:16:58+00:00", "2024-10-31T15:21:59+00:00", "2024-10-31T15:27:59+00:00", "2024-10-31T15:35:00+00:00", "2024-10-31T15:39:01+00:00", "2024-10-31T15:44:04+00:00", "2024-10-31T15:49:05+00:00", "2024-10-31T15:54:03+00:00", "2024-10-31T15:59:04+00:00", "2024-10-31T16:03:04+00:00", "2024-10-31T16:08:06+00:00", "2024-10-31T16:12:06+00:00", "2024-10-31T16:18:03+00:00", "2024-10-31T16:21:06+00:00", "2024-10-31T16:27:05+00:00", "2024-10-31T16:32:05+00:00", "2024-10-31T16:38:33+00:00", "2024-10-31T16:44:05+00:00", "2024-10-31T16:50:00+00:00", "2024-10-31T16:55:05+00:00", "2024-10-31T17:00:15+00:00", "2024-10-31T17:05:22+00:00", "2024-10-31T17:10:15+00:00", "2024-10-31T17:15:25+00:00", "2024-10-31T17:20:15+00:00", "2024-10-31T17:24:27+00:00", "2024-10-31T17:29:27+00:00", "2024-10-31T17:33:27+00:00", "2024-10-31T17:38:27+00:00", "2024-10-31T17:42:28+00:00", "2024-10-31T17:48:27+00:00", "2024-10-31T17:52:28+00:00", "2024-10-31T17:58:28+00:00", "2024-10-31T18:02:28+00:00", "2024-10-31T18:08:32+00:00", "2024-10-31T18:12:32+00:00", "2024-10-31T18:17:33+00:00", "2024-10-31T18:21:33+00:00", "2024-10-31T18:26:34+00:00", "2024-10-31T18:30:34+00:00", "2024-10-31T18:36:33+00:00", "2024-10-31T18:40:30+00:00", "2024-10-31T18:45:33+00:00", "2024-10-31T18:50:33+00:00", "2024-10-31T18:55:32+00:00", "2024-10-31T19:00:34+00:00", "2024-10-31T19:06:34+00:00", "2024-10-31T19:10:34+00:00", "2024-10-31T19:15:36+00:00", "2024-10-31T19:20:30+00:00", "2024-10-31T19:25:36+00:00", "2024-10-31T19:30:36+00:00", "2024-10-31T19:37:33+00:00", "2024-10-31T19:41:36+00:00", "2024-10-31T19:47:38+00:00", "2024-10-31T19:52:38+00:00", "2024-10-31T19:58:42+00:00", "2024-10-31T20:04:39+00:00", "2024-10-31T20:10:37+00:00", "2024-10-31T20:17:05+00:00", "2024-10-31T20:22:41+00:00", "2024-10-31T20:29:41+00:00", "2024-10-31T20:35:41+00:00", "2024-10-31T20:40:30+00:00", "2024-10-31T20:45:42+00:00", "2024-10-31T20:50:42+00:00", "2024-10-31T20:56:43+00:00", "2024-10-31T21:02:35+00:00", "2024-10-31T21:08:47+00:00", "2024-10-31T21:14:47+00:00", "2024-10-31T21:20:44+00:00", "2024-10-31T21:26:43+00:00", "2024-10-31T21:31:45+00:00", "2024-10-31T21:38:18+00:00", "2024-10-31T21:42:44+00:00", "2024-10-31T21:48:27+00:00", "2024-10-31T21:51:28+00:00", "2024-10-31T21:56:45+00:00", "2024-10-31T22:00:47+00:00", "2024-10-31T22:06:45+00:00", "2024-10-31T22:10:45+00:00", "2024-10-31T22:15:46+00:00", "2024-10-31T22:20:45+00:00", "2024-10-31T22:24:46+00:00", "2024-10-31T22:29:46+00:00", "2024-10-31T22:33:49+00:00", "2024-10-31T22:38:49+00:00", "2024-10-31T22:43:49+00:00", "2024-10-31T22:50:10+00:00", "2024-10-31T22:54:34+00:00", "2024-10-31T22:59:34+00:00", "2024-10-31T23:05:31+00:00", "2024-10-31T23:10:32+00:00", "2024-10-31T23:15:49+00:00", "2024-10-31T23:20:45+00:00", "2024-10-31T23:28:53+00:00", "2024-10-31T23:34:21+00:00", "2024-10-31T23:40:22+00:00", "2024-10-31T23:47:41+00:00", "2024-10-31T23:51:41+00:00", "2024-10-31T23:57:38+00:00", "2024-11-01T00:03:23+00:00", "2024-11-01T00:08:24+00:00", "2024-11-01T00:13:24+00:00", "2024-11-01T00:19:08+00:00", "2024-11-01T00:24:10+00:00", "2024-11-01T00:30:45+00:00", "2024-11-01T00:37:01+00:00", "2024-11-01T00:43:24+00:00", "2024-11-01T00:49:49+00:00", "2024-11-01T00:54:54+00:00", "2024-11-01T01:00:45+00:00", "2024-11-01T01:07:25+00:00", "2024-11-01T01:11:25+00:00", "2024-11-01T01:17:49+00:00", "2024-11-01T01:22:56+00:00", "2024-11-01T01:30:07+00:00", "2024-11-01T01:35:18+00:00", "2024-11-01T01:40:55+00:00", "2024-11-01T01:47:49+00:00", "2024-11-01T01:53:56+00:00", "2024-11-01T02:00:45+00:00", "2024-11-01T02:07:09+00:00", "2024-11-01T02:12:10+00:00", "2024-11-01T02:18:09+00:00", "2024-11-01T02:23:10+00:00", "2024-11-01T02:30:20+00:00", "2024-11-01T02:35:28+00:00", "2024-11-01T02:41:00+00:00", "2024-11-01T02:46:04+00:00", "2024-11-01T02:52:03+00:00", "2024-11-01T02:59:03+00:00", "2024-11-01T03:04:09+00:00", "2024-11-01T03:11:00+00:00", "2024-11-01T03:17:18+00:00", "2024-11-01T03:21:00+00:00", "2024-11-01T03:26:29+00:00", "2024-11-01T03:31:00+00:00", "2024-11-01T03:37:09+00:00", "2024-11-01T03:41:14+00:00", "2024-11-01T03:48:47+00:00", "2024-11-01T03:53:12+00:00", "2024-11-01T03:59:29+00:00", "2024-11-01T04:04:17+00:00", "2024-11-01T04:10:15+00:00", "2024-11-01T04:16:30+00:00", "2024-11-01T04:21:15+00:00", "2024-11-01T04:26:31+00:00", "2024-11-01T04:31:31+00:00", "2024-11-01T04:38:29+00:00", "2024-11-01T04:43:14+00:00", "2024-11-01T04:49:28+00:00", "2024-11-01T04:54:28+00:00", "2024-11-01T05:01:15+00:00", "2024-11-01T05:08:21+00:00", "2024-11-01T05:13:19+00:00", "2024-11-01T05:19:55+00:00", "2024-11-01T05:24:57+00:00", "2024-11-01T05:30:21+00:00", "2024-11-01T05:38:11+00:00", "2024-11-01T05:41:19+00:00", "2024-11-01T05:47:21+00:00", "2024-11-01T05:51:22+00:00", "2024-11-01T05:57:29+00:00", "2024-11-01T06:02:37+00:00", "2024-11-01T06:09:45+00:00", "2024-11-01T06:15:40+00:00", "2024-11-01T06:20:51+00:00", "2024-11-01T06:26:55+00:00", "2024-11-01T06:31:19+00:00", "2024-11-01T06:37:19+00:00", "2024-11-01T06:42:19+00:00", "2024-11-01T06:47:44+00:00", "2024-11-01T06:52:44+00:00", "2024-11-01T06:57:44+00:00", "2024-11-01T07:02:44+00:00", "2024-11-01T07:07:44+00:00", "2024-11-01T07:12:44+00:00", "2024-11-01T07:17:44+00:00", "2024-11-01T07:22:44+00:00", "2024-11-01T07:27:44+00:00", "2024-11-01T07:31:44+00:00", "2024-11-01T07:36:47+00:00", "2024-11-01T07:41:15+00:00", "2024-11-01T07:45:47+00:00", "2024-11-01T07:50:47+00:00", "2024-11-01T07:55:49+00:00", "2024-11-01T08:00:49+00:00", "2024-11-01T08:05:49+00:00", "2024-11-01T08:10:49+00:00", "2024-11-01T08:15:49+00:00", "2024-11-01T08:20:49+00:00", "2024-11-01T08:25:49+00:00", "2024-11-01T08:30:49+00:00", "2024-11-01T08:35:50+00:00", "2024-11-01T08:40:50+00:00", "2024-11-01T08:45:50+00:00", "2024-11-01T08:50:50+00:00", "2024-11-01T08:55:50+00:00", "2024-11-01T09:00:50+00:00", "2024-11-01T09:04:50+00:00", "2024-11-01T09:09:50+00:00", "2024-11-01T09:13:50+00:00", "2024-11-01T09:18:50+00:00", "2024-11-01T09:22:50+00:00", "2024-11-01T09:27:50+00:00", "2024-11-01T09:31:50+00:00", "2024-11-01T09:36:50+00:00", "2024-11-01T09:41:30+00:00", "2024-11-01T09:45:51+00:00", "2024-11-01T09:50:51+00:00", "2024-11-01T09:54:51+00:00", "2024-11-01T09:59:51+00:00", "2024-11-01T10:02:52+00:00", "2024-11-01T10:07:52+00:00", "2024-11-01T10:11:52+00:00", "2024-11-01T10:16:52+00:00", "2024-11-01T10:21:30+00:00", "2024-11-01T10:25:52+00:00", "2024-11-01T10:30:52+00:00", "2024-11-01T10:34:52+00:00", "2024-11-01T10:39:52+00:00", "2024-11-01T10:42:52+00:00", "2024-11-01T10:47:52+00:00", "2024-11-01T10:52:52+00:00", "2024-11-01T10:57:52+00:00", "2024-11-01T11:01:52+00:00", "2024-11-01T11:07:52+00:00", "2024-11-01T11:11:52+00:00", "2024-11-01T11:17:53+00:00", "2024-11-01T11:22:53+00:00", "2024-11-01T11:28:53+00:00", "2024-11-01T11:33:53+00:00", "2024-11-01T11:39:53+00:00", "2024-11-01T11:44:53+00:00", "2024-11-01T11:50:53+00:00", "2024-11-01T11:55:53+00:00", "2024-11-01T12:01:30+00:00", "2024-11-01T12:06:53+00:00", "2024-11-01T12:11:53+00:00", "2024-11-01T12:17:53+00:00", "2024-11-01T12:22:53+00:00", "2024-11-01T12:28:54+00:00", "2024-11-01T12:33:54+00:00", "2024-11-01T12:38:54+00:00", "2024-11-01T12:43:54+00:00", "2024-11-01T12:48:54+00:00", "2024-11-01T12:53:54+00:00", "2024-11-01T12:58:54+00:00", "2024-11-01T13:02:54+00:00", "2024-11-01T13:08:54+00:00", "2024-11-01T13:12:54+00:00", "2024-11-01T13:18:54+00:00", "2024-11-01T13:23:54+00:00", "2024-11-01T13:28:54+00:00", "2024-11-01T13:33:54+00:00", "2024-11-01T13:38:54+00:00", "2024-11-01T13:43:54+00:00", "2024-11-01T13:48:54+00:00", "2024-11-01T13:52:54+00:00", "2024-11-01T13:58:54+00:00", "2024-11-01T14:03:54+00:00", "2024-11-01T14:08:54+00:00", "2024-11-01T14:13:54+00:00", "2024-11-01T14:19:54+00:00", "2024-11-01T14:24:54+00:00", "2024-11-01T14:30:54+00:00", "2024-11-01T14:35:54+00:00", "2024-11-01T14:41:45+00:00", "2024-11-01T14:46:54+00:00", "2024-11-01T14:51:54+00:00", "2024-11-01T14:57:54+00:00", "2024-11-01T15:02:54+00:00", "2024-11-01T15:08:54+00:00", "2024-11-01T15:12:54+00:00", "2024-11-01T15:17:54+00:00", "2024-11-01T15:21:54+00:00", "2024-11-01T15:27:54+00:00", "2024-11-01T15:31:52+00:00", "2024-11-01T15:36:54+00:00", "2024-11-01T15:41:45+00:00", "2024-11-01T15:45:54+00:00", "2024-11-01T15:50:54+00:00", "2024-11-01T15:54:54+00:00", "2024-11-01T15:59:54+00:00", "2024-11-01T16:02:54+00:00", "2024-11-01T16:08:54+00:00", "2024-11-01T16:13:54+00:00", "2024-11-01T16:18:54+00:00", "2024-11-01T16:23:54+00:00", "2024-11-01T16:28:54+00:00", "2024-11-01T16:33:54+00:00", "2024-11-01T16:38:54+00:00", "2024-11-01T16:43:54+00:00", "2024-11-01T16:49:54+00:00", "2024-11-01T16:54:54+00:00", "2024-11-01T17:00:54+00:00", "2024-11-01T17:05:54+00:00", "2024-11-01T17:10:54+00:00", "2024-11-01T17:14:54+00:00", "2024-11-01T17:19:54+00:00", "2024-11-01T17:23:54+00:00", "2024-11-01T17:28:54+00:00", "2024-11-01T17:32:56+00:00", "2024-11-01T17:37:56+00:00", "2024-11-01T17:41:58+00:00", "2024-11-01T17:46:57+00:00", "2024-11-01T17:51:45+00:00", "2024-11-01T17:55:58+00:00", "2024-11-01T18:00:59+00:00", "2024-11-01T18:04:59+00:00", "2024-11-01T18:10:57+00:00", "2024-11-01T18:16:57+00:00", "2024-11-01T18:22:00+00:00", "2024-11-01T18:27:57+00:00", "2024-11-01T18:32:05+00:00", "2024-11-01T18:40:04+00:00", "2024-11-01T18:45:05+00:00", "2024-11-01T18:51:05+00:00", "2024-11-01T18:56:06+00:00", "2024-11-01T19:02:00+00:00", "2024-11-01T19:07:08+00:00", "2024-11-01T19:13:08+00:00", "2024-11-01T19:19:08+00:00", "2024-11-01T19:25:08+00:00", "2024-11-01T19:31:08+00:00", "2024-11-01T19:35:08+00:00", "2024-11-01T19:39:08+00:00", "2024-11-01T19:42:10+00:00", "2024-11-01T19:47:09+00:00", "2024-11-01T19:51:09+00:00", "2024-11-01T19:55:09+00:00", "2024-11-01T19:59:09+00:00", "2024-11-01T20:02:14+00:00", "2024-11-01T20:07:13+00:00", "2024-11-01T20:11:14+00:00", "2024-11-01T20:14:15+00:00", "2024-11-01T20:19:15+00:00", "2024-11-01T20:22:15+00:00", "2024-11-01T20:27:04+00:00", "2024-11-01T20:31:06+00:00", "2024-11-01T20:35:37+00:00", "2024-11-01T20:39:38+00:00", "2024-11-01T20:42:39+00:00", "2024-11-01T20:49:15+00:00", "2024-11-01T20:52:23+00:00", "2024-11-01T20:58:21+00:00", "2024-11-01T21:02:15+00:00", "2024-11-01T21:07:21+00:00", "2024-11-01T21:12:15+00:00", "2024-11-01T21:18:23+00:00", "2024-11-01T21:22:15+00:00", "2024-11-01T21:27:26+00:00", "2024-11-01T21:31:27+00:00", "2024-11-01T21:35:27+00:00", "2024-11-01T21:40:26+00:00", "2024-11-01T21:43:26+00:00", "2024-11-01T21:48:27+00:00", "2024-11-01T21:52:30+00:00", "2024-11-01T21:57:28+00:00", "2024-11-01T22:02:27+00:00", "2024-11-01T22:07:29+00:00", "2024-11-01T22:12:28+00:00", "2024-11-01T22:19:11+00:00", "2024-11-01T22:22:32+00:00", "2024-11-01T22:27:31+00:00", "2024-11-01T22:31:31+00:00", "2024-11-01T22:35:31+00:00", "2024-11-01T22:39:31+00:00", "2024-11-01T22:42:33+00:00", "2024-11-01T22:47:32+00:00", "2024-11-01T22:51:32+00:00", "2024-11-01T22:55:31+00:00", "2024-11-01T22:59:32+00:00", "2024-11-01T23:02:34+00:00", "2024-11-01T23:07:32+00:00", "2024-11-01T23:12:30+00:00", "2024-11-01T23:16:34+00:00", "2024-11-01T23:21:34+00:00", "2024-11-01T23:25:34+00:00", "2024-11-01T23:30:34+00:00", "2024-11-01T23:33:34+00:00", "2024-11-01T23:38:34+00:00", "2024-11-01T23:42:33+00:00", "2024-11-01T23:47:33+00:00", "2024-11-01T23:52:30+00:00", "2024-11-01T23:57:32+00:00", "2024-11-02T00:01:33+00:00", "2024-11-02T00:06:34+00:00", "2024-11-02T00:10:34+00:00", "2024-11-02T00:15:37+00:00", "2024-11-02T00:19:38+00:00", "2024-11-02T00:22:41+00:00", "2024-11-02T00:27:39+00:00", "2024-11-02T00:31:39+00:00", "2024-11-02T00:35:40+00:00", "2024-11-02T00:40:39+00:00", "2024-11-02T00:43:47+00:00", "2024-11-02T00:50:39+00:00", "2024-11-02T00:53:40+00:00", "2024-11-02T00:59:41+00:00", "2024-11-02T01:02:43+00:00", "2024-11-02T01:07:41+00:00", "2024-11-02T01:11:43+00:00", "2024-11-02T01:15:46+00:00", "2024-11-02T01:21:42+00:00", "2024-11-02T01:24:45+00:00", "2024-11-02T01:29:47+00:00", "2024-11-02T01:33:47+00:00", "2024-11-02T01:38:47+00:00", "2024-11-02T01:42:47+00:00", "2024-11-02T01:47:47+00:00", "2024-11-02T01:51:47+00:00", "2024-11-02T01:55:47+00:00", "2024-11-02T02:00:47+00:00", "2024-11-02T02:04:47+00:00", "2024-11-02T02:09:47+00:00", "2024-11-02T02:14:45+00:00", "2024-11-02T02:19:46+00:00", "2024-11-02T02:24:51+00:00", "2024-11-02T02:28:59+00:00", "2024-11-02T02:32:55+00:00", "2024-11-02T02:38:52+00:00", "2024-11-02T02:43:00+00:00", "2024-11-02T02:47:57+00:00", "2024-11-02T04:26:18+00:00", "2024-11-04T04:09:06+00:00", "2024-11-04T23:41:33+00:00", "2024-11-04T23:46:30+00:00", "2024-11-04T23:51:36+00:00", "2024-11-04T23:56:38+00:00", "2024-11-05T00:02:37+00:00", "2024-11-05T00:07:41+00:00", "2024-11-05T00:13:45+00:00", "2024-11-05T00:18:45+00:00", "2024-11-05T00:24:46+00:00", "2024-11-05T00:29:46+00:00", "2024-11-05T00:36:45+00:00", "2024-11-05T00:41:47+00:00", "2024-11-05T00:47:46+00:00", "2024-11-05T00:54:45+00:00", "2024-11-05T01:00:54+00:00", "2024-11-05T01:06:45+00:00", "2024-11-05T01:11:52+00:00", "2024-11-05T01:16:56+00:00", "2024-11-05T01:22:54+00:00", "2024-11-05T01:27:54+00:00", "2024-11-05T01:33:54+00:00", "2024-11-05T01:38:55+00:00", "2024-11-05T01:43:57+00:00", "2024-11-05T01:48:57+00:00", "2024-11-05T01:53:57+00:00", "2024-11-05T01:58:57+00:00", "2024-11-05T02:03:57+00:00", "2024-11-05T02:07:57+00:00", "2024-11-05T02:15:57+00:00", "2024-11-05T23:30:56+00:00", "2024-11-05T23:36:00+00:00", "2024-11-05T23:40:55+00:00", "2024-11-06T01:37:01+00:00", "2024-11-11T09:54:51+00:00", "2024-11-12T19:16:02+00:00", "2024-11-13T08:27:30+00:00", "2024-11-13T20:18:36+00:00", "2024-11-24T22:55:27+00:00", "2024-11-25T21:34:23+00:00", "2024-11-25T21:39:23+00:00", "2024-11-26T02:55:33+00:00", "2024-11-27T10:55:29+00:00", "2024-11-28T10:18:31+00:00", "2024-11-29T05:20:54+00:00", "2024-12-01T09:37:05+00:00", "2024-12-02T06:59:31+00:00", "2024-12-03T05:21:42+00:00"], "elevations": [9.5, 11.0, 10.0, 8.0, 8.5, 12.0, 12.0, 13.0, 13.0, 14.5, 15.0, 14.9, 16.1, 24.5, 20.2, 16.3, 8.9, 6.3, 9.2, 19.0, 10.3, 10.5, 11.3, 14.2, 18.5, 15.8, 16.0, 12.2, 12.0, 17.2, 17.5, 16.9, 11.5, 13.0, 14.0, 15.0, 14.3, 14.3, 14.8, 15.0, 17.0, 19.0, 14.7, 15.0, 17.7, 5.7, 5.0, 3.0, 1.0, -2.0, -3.0, -0.7, 0.0, 0.0, -12.5, -2.5, 11.3, 8.2, 11.0, 3.3, 3.0, 0.0, 1.5, 3.5, 6.7, 3.0, 2.8, -2.0, 0.0, -1.0, -2.0, -3.0, -3.2, -2.5, 8.3, 7.0, 7.2, 3.0, 11.8, 3.0, 10.5, 10.0, 24.0, 15.7, 41.0, 36.3, 27.5, 26.9, 35.0, 35.0, 35.7, 35.5, 35.6, 33.5, 22.5, 33.0, 33.0, 31.3, 30.5, 15.5, 18.0, 16.0, 25.7, 3.0, 25.0, 26.5, 23.5, 26.2, 26.0, 25.9, 24.5, 19.5, 18.9, 20.0, 20.2, 31.5, 28.9, 35.5, 24.6, 18.3, 16.4, 16.0, 13.6, 20.5, 19.7, 34.3, 14.3, 12.3, 12.7, 16.0, 14.7, 14.3, 15.0, 15.0, 17.3, 17.0, 18.1, 17.3, 18.4, 14.5, 13.8, 18.0, 15.7, 15.0, 13.5, 14.0, 14.5, 12.7, 13.3, 12.6, 14.3, 10.8, 14.0, 11.0, 16.5, 15.5, 15.0, 15.0, 16.1, 16.0, 16.5, 17.0, 17.0, 17.3, 16.0, 15.1, 16.0, 14.8, 15.0, 13.5, 11.5, 11.0, 11.1, 7.0, 7.5, 5.5, 4.5, 4.8, 5.0, 4.0, 4.0, 6.0, 5.1, 8.0, 7.0, 9.0, 4.5, 1.6, 5.5, 6.8, 8.0, 6.0, 7.5, 6.1, 6.5, 4.5, 6.0, 7.0, 10.2, 10.0, 9.0, 13.5, 13.2, 9.5, 10.0, 10.0, 20.0, 5.7, 11.0, 9.6, 7.5, 7.8, 7.0, 10.0, 10.0, 11.0, 11.3, 8.0, 10.0, 10.0, 10.0, 10.0, 10.2, 12.0, 12.8, 11.0, 12.2, 20.0, 28.5, 15.7, 14.0, 14.5, 16.0, 16.5, 11.3, 16.0, 14.7, 17.5, 18.5, 25.5, 20.3, 12.0, 12.2, 12.0, 7.5, 8.0, 10.5, 9.1, 11.0, 10.8, 14.0, 17.5, 17.0, 18.0, 18.0, 18.0, 18.1, 13.3, 12.8, 11.0, 8.8, 9.5, 12.5, 11.0, 12.0, 11.3, 13.0, 12.0, 16.5, 19.2, 15.0, 13.5, 19.0, 17.3, 16.1, 15.0, 14.2, 14.0, 14.0, 10.7, 44.0, 21.7, null, 7.6, 35.0, 29.3, 30.0, 26.5, 31.0, 28.5, 29.9, 29.5, 28.2, 27.0, 20.8, 18.0, 16.8, 18.0, 17.0, 18.0, 18.5, 18.5, 19.5, 20.0, 23.3, 31.0, 25.6, 25.5, 24.9, 26.0, 25.5, 25.5, 25.0, 25.0, 23.3, 22.5, 20.0, 18.7, 5.0, 10.2, 22.0, 16.2, 17.0, 30.9, 33.5, 32.3, 35.5, 24.6, 25.0, 17.5, 17.5, 16.0, 12.3, 11.3, 9.3, 10.5, 11.2, 13.0, 13.0, 14.0, 12.7, 10.3, 10.0, 10.5, 6.3, 6.3, 6.8, 6.0, 4.8, 5.0, 6.1, 6.0, 12.2, 13.0, 15.5, 13.0, 12.8, 13.0, 16.2, 12.0, 12.2, 10.5, 11.3, 13.5, 14.0, 14.0, 11.5, 10.3, 8.5, 12.6, 6.0, 5.5, 8.0, 8.0, 35.7, 7.7, 8.5, 9.5, 8.8, 8.0, 15.0, 11.5, 8.0, 10.0, 10.0, 9.1, 7.0, -0.5, 2.0, 0.0, 0.1, 0.7, 2.3, 15.3, 29.6, 33.5, 40.7, 55.0, 63.4, 76.0, 112.5, 89.5, null, null, null, null, null, null, null, null, null, null, null, null, null, null, null, null, null, 41.0, 62.0, 60.5, 59.7, 77.0, 93.7, 148.5, null, null, null, null, null, null, null, null, null, null, null, null, null, null, null, null, null, null, null, null, null, null, null, null, null, null, null, null, null, null, null, null, null, null, null, null, null, null, null, null, null, null, null, null, null, null, null, null, null, null, null, null, null, null, null, null, null, null, null, null, null, null, null, null, null, null, null, null, null, null, null, null, null, null, null, null, null, null, null, null, null, null, null, null, null, null, null, null, null, null, null, null, null, null, null, null, null, null, null, null, null, null, null, null, null, null, null, null, null, null, null, null, null, null, null, null, null, null, null, null, null, null, null, null, null, null, null, null, null, null, null, null, null, null, null, null, null, null, null, null, null, null, null, null, null, null, null, null, null, null, null, null, null, null, null, null, null, null, null, null, null, null, null, null, null, null, null, null, null, null, null, null, null, null, null, null, null, null, null, null, null, null, null, null, null, null, null, null, null, null, null, null, null, null, null, null, null, null, null, null, null, null, null, null, null, null, null, null, null, null, null, null, null, null, null, null, null, null, null, null, null, null, null, null, null, null, null, null, null, null, null, null, null, null, null, null, null, null, null, null, null, null, null, null, null, null, null, null, null, null, null, null, null, null, null, null, null, null, null, null, null, null, null, null, null, null, null, null, null, null, null, null, null, null, null, null, null, null, null, null, null, null, null, null, null, null, null, null, null, null, null, null, null, null, null, null, null, null, null, null, null, null, null, null, null, null, null, null, null, null, null, null, null, null, null, null, null, null, null, null, null, null, null, null, null, null, null, null, null, null, null, null, null, null, null, null, null, null, null, null, null, null, null, null, null, null, null, null, null, null, null, null, null, null, null, null, null, null, null, null, null, null, null, null, null, null, null, null, null, null, null, null, null, null, null, null, null, null, null, null, null, null, null, null, null, null, null, null, null, null, null, null, null, null, null, null, null, null, null, null, null, null, null, null, null, null, null, null, null, null, null, null, null, null, null, null, null, null, null, null, null, null, null, null, null, null, null, null, null, null, null, null, null, null, null, null, null, null, null, null, null, null, null, null, null, null, null, null, null, null, null, null, null, null, null, null, null, null, null, null, null, null, null, null, null, null, null, null, null, null, null, null, null, null, null, null, null, null, null, null, null, null, null, null, null, null, null, null, null, null, null, null, null, null, null, null, null, null, null, null, null, null, null, null, null, null, null, null, null, null, null, null, null, null, null, null, null, null, null, null, null, null, null, null, null, null, null, null, null, null, null, null, null, null, null, null, null, null, null, null, null, null, null, null, null, null, null, null, null, null, null, null, null, null, null, null, null, null, null, null, null, null, null, null, null, null, null, null, null, null, null, null, null, null, null, null, null, null, null, null, null, null, null, null, null, null, null, null, null, null, null, null, null, null, null, null, null, null, null, null, null, null, null, null, null, null, null, null, null, null, null, null, null, null, null, null, null, null, null, null, null, null, null, null, null, null, null, null, null, null, null, null, null, null, null, null, null, null, null, null, null, null, null, null, null, null, null, null, null, null, null, null, null, null, null, null, null, null, null, null, null, null, null, null, null, null, null, null, null, null, null, null, null, null, null, null, null, null, null, null, null, null, null, null, null, null, null, null, null, null, null, null, null, null, null, null, null, null, null, null, null, null, null, null, null, null, null, null, null, null, null, null, null, null, null, null, null, null, null, null, null, null, null, null, null, null, null, null, null, null, null, null, null, null, null, null, null, null, null, null, null, null, null, null, null, null, null, null, null, null, null, null, null, null, null, null, null, null, null, null, null, null, null, null, null, null, null, null, null, null, null, null, null, null, null, null, null, null, null, null, null, null, null, null, null, null, null, null, null, null, null, null, null, null, null, null, null, null, null, null, null, null, null, null, null, null, null, null, null, null, null, null, null, null, null, null, null, null, null, null, null, null, null, null, null, null, null, null, null, null, null, null, null, null, null, null, null, null, null, null, null, null, null, null, null, null, null, null, null, null, null, null, null, null, null, null, null, null, null, null, null, null, null, null, null, null, null, null, null, null, null, null, null, null, null, null, null, null, null, null, null, null, null, null, null, null, null, null, null, null, null, null, null, null, null, null, null, null, null, null, null, null, null, null, null, null, null, null, null, null, null, null, null, null, null, null, null, null, null, null, null, null, null, null, null, null, null, null, null, null, null, null, null, null, null, null, null, null, null, null, null, null, null, null, null, null, null, null, null, null, null, null, null, null, null, null, null, null, null, null, null, null, null, null, null, null, null, null, null, null, null, null, null, null, null, null, null, null, null, null, null, null, null, null, null, null, null, null, null, null, null, null, null, null, null, null, null, null, null, null, null, null, null, null, null, null, null, null, null, null, null, null, null, null, null, null, null, null, null, null, null, null, null, null, null, null, null, null, null, null, null, null, null, null, null, null, null, null, null, null, null, null, null, null, null, null, null, null, null, null, null, null, null, null, null, null, null, null, null, null, null, null, null, null, null, null, null, null, null, null, null, null, null, null, null, null, null, null, null, null, null, null, null, null, null, null, null, null, null, null, null, null, null, null, null, null, null, null, null, null, null, null, null, null, null, null, null, null, null, null, null, null, null, null, null, null, null, null, null, null, null, null, null, null, null, null, null, null, null, null, null, null, null, null, null, null, null, null, null, null, null, null, null, null, null, null, null, null, null, null, null, null, null, null, null, null, null, null, null, null, null, null, null, null, null, null, null, null, null, null, null, null, null, null, null, null, null, null, null, null, null, null, null, null, null, null, null, null, null, null, null, null, null, null, null, null, null, null, null, null, null, null, null, null, null, null, null, null, null, null, null, null, null, null, null, null, null, null, null, null, null, null, null, null, null, null, null, null, null, null, null, null, null, null, null, null, null, null, null, null, null, null, null, null, null, null, null, null, null, null, null, null, null, null, null, null, null, null, null, null, null, null, null, null, null, null, null, null, null, null, null, null, null, null, null, null, null, null, null, null, null, null, null, null, null, null, null, null, null, null, null, null, null, null, null, null, null, null, null, null, null, null, null, null, null, null, null, null, null, null, null, null, null, null, null, null, null, null, null, null, null, null, null, null, 136.0, null, null, null, null, null, null, null, null, null, null, null, null, null, null, null, null, null, null, null, null, null, null, null, null, null, null, null, null, null, null, null, null, null, null, null, null, null, null, null, null, null, null, null, null, null, null, null, null, null, null, null, null, null, null, null, null, null, null, null, null, null, null, null, null, null, null, null, null, null, null, null, null, null, null, null, null, null, null, null, null, null, null, null, null, null, null, null, null, null, null, null, null, null, null, null, null, null, null, null, null, null, null, null, null, null, null, null, null, null, null, null, null, null, null, null, null, null, null, null, null, null, null, null, null, null, null, null, null, null, null, null, null, null, null, null, null, null, null, null, null, null, null, null, null, null, null, null, null, null, null, null, null, null, null, null, null, null, null, null, null, null, null, null, null, null, null, null, null, null, null, null, null, null, null, null, null, null, null, null, null, null, null, null, null, null, null, null, null, null, null, null, null, null, null, null, null, null, null, null, null, null, null, null, null, null, null, null, null, null, null, null, null, null, null, null, null, null, null, null, null, null, null, null, null, null, null, null, null, null, null, null, null, null, null, null, null, null, null, null, null, null, null, 88.7, null, null, null, null, null, null, null, null, null, null, null, null, null, null, null, null, null, null, null, null, null, null, null, null, null, null, null, null, null, null, null, null, null, null, null, null, null, null, null, null, null, null, null, null, null, null, null, null, null, null, null, null, null, null, null, null, null, null, null, null, null, null, null, null, null, null, null, null, null, null, null, null, null, null, null, null, null, null, null, null, null, null, null, null, null, null, null, null, null, null, null, null, null, null, null, null, null, null, null, null, null, null, null, null, null, null, null, null, null, null, null, null, null, null, null, null, null, null, null, null, null, null, null, null, null, null, null, null, null, null, null, null, null, null, null, null, null, null, null, null, null, null, null, null, null, null, null, null, null, null, null, null, null, null, null, null, null, null, null, null, null, null, null, null, null, null, null, null, null, null, null, null, null, null, null, null, null, null, null, null, null, null, null, null, null, null, null, null, null, null, null, null, null, null, null, null, null, null, null, null, null, null, null, null, null, null, null, null, null, null, null, null, null, null, null, null, null, null, null, null, null, null, null, null, null, null, null, null, null, null, null, null, null, null, null, null, null, null, null, null, null, null, null, null, null, null, null, null, null, null, null, null, null, null, null, null, null, null, null, null, null, null, null, null, null, null, null, null, null, null, null, null, null, null, null, null, null, null, null, null, null, null, null, null, null, null, null, null, null, null, null, null, null, null, null, null, null, null, null, null, null, null, null, null, null, null, null, null, null, null, null, null, null, null, null, null, null, null, null, null, null, null, null, null, null, null, null, null, null, null, null, null, null, null, null, null, null, null, null, null, null, null, null, null, null, null, null, null, null, null, null, null, null, null, null, null, null, null, null, null, null, null, null, null, null, null, null, null, null, null, null, null, null, null, null, null, null, null, null, null, null, null, null, null, null, null, null, null, null, null, null, null, null, null, null, null, null, null, null, null, null, null, null, null, null, null, null, null, null, null, null, null, null, null, null, null, null, null, null, null, null, null, null, null, null, null, null, null, null, null, null, null, null, null, null, null, null, null, null, null, null, null, null, null, null, null, null, null, null, null, null, null, null, null, null, null, null, null, null, null, null, null, null, null, null, null, null, null, null, null, null, null, null, null, null, null, null, null, null, null, null, 14.8, 1.5, -1.7, -5.0, 0.3, -1.5, -0.9, 0.0, -1.4, -1.6, 1.0, -0.9, 0.0, 0.0, 2.3, 2.7, 3.1, 0.3, 2.3, 1.4, 2.8, 2.0, 3.1, 1.3, -1.0, 0.8, 1.8, 0.0, 1.3, 0.5, -0.7, 0.0, 3.2, 4.5, 5.8, 5.3, 3.6, 4.7, 1.2, 3.9, -4.5, 15.2, 17.8, 16.7, 5.0, 4.8, 4.8, 6.9, 0.3, 0.7, 2.3, 0.7, 2.7, 2.1, 3.5, 4.0, 2.4, 2.1, 5.0, 5.0, 1.8, 1.8, 1.6, 0.7, -0.2, -1.7, -1.7, -2.2, 0.7, 2.3, 4.7, 23.5, 4.0, -0.2, -4.6, -5.6, -6.3, -4.1, 0.6, 1.5, 2.6, 0.0, 0.6, -4.0, 1.8, 9.2, 3.7, 3.2, 3.0, 0.1, 8.5, 6.7, 4.5, 4.3, 3.5, 3.6, 2.4, 6.1, 3.9, 4.8, 3.0, 4.6, 8.9, 21.4, 50.0, 1.8, 5.0, 6.3, 12.8, 3.5, 7.0, 6.8, 16.8, 21.0, -12.9, -4.0, -5.0, 1.0, 11.5, -1.3, -3.0, -3.0, 5.7, -0.3, 0.7, 8.8, 6.0, 13.9, 11.3, 23.5, 22.5, 16.7, 20.7, null, null, null, null, null, null, 14.0, -5.0, -5.0, 2.8, 3.3, -0.2, 2.0, 12.8, -7.5, 11.1, -1.0, -0.2, 6.0, 9.0, 12.5, -0.5, 1.3, 0.0, 2.3, 0.0, 15.0, -1.9, -5.0, -5.4, -8.3, -2.3, -5.3, -5.5, -8.5, -4.7, 0.2, 0.0, 0.0, 2.3, 6.0, 2.0, 3.0, 2.0, 0.5, 4.1, 15.7, -1.6, 6.5, 6.5, 3.3, 8.4, 14.3, 5.8, -3.7, -4.0, -3.7, -4.7, -0.9, -4.0, -3.9, -3.5, -2.7, -7.0, -4.5, -1.9, 1.0, 9.2, -1.0, 0.0, 0.5, -1.0, -2.6, 3.0, 1.3, 7.7, 8.0, -8.6, -5.0, -13.5, -3.5, -1.2, -10.3, -12.7, 12.1, null, null, 41.0, 21.0, 32.3, 5.7, -2.7, 0.0, -1.2, -5.0, -5.7, -0.9, -1.7, -3.2, 0.0, -2.0, 4.1, 5.0, -0.2, -1.0, 1.3, -1.0, 0.0, 0.8, 4.3, 4.1, 6.7, 5.6, 7.7, 18.0, 35.0, 2.7, 8.3, 1.7, -1.2, -7.7, 5.7, 7.5, 13.3, 9.4, -2.3, 16.3, -1.8, 7.3, 52.8, 77.7, null, null, null, null, null, null, null, null, null, 43.0, -2.2, 6.6, 7.7, 5.0, 6.1, 30.7, 1.7, -3.0, -7.6, -6.0, -7.2, -2.8, -0.9, -0.3, -1.0, -1.7, -0.9, -2.0, 0.5, 8.7, 21.7, 22.0, 15.3, 4.7, 11.0, -4.7, -1.0, -7.0, 4.3, -2.0, -7.6, -0.3, -1.4, -4.0, -7.0, -8.9, -14.0, -16.0, -10.3, -5.5, -10.7, 8.0, 38.2, -5.7, -12.0, -0.4, -2.9, -10.0, -6.3, -2.9, -4.0, -1.5, 4.7, 4.1, 1.7, 2.8, -4.0, 2.7, 6.5, 6.3, 2.0, 2.0, 6.5, -1.0, 2.0, -0.3, 8.5, 6.7, 18.2, 12.5, 12.5, 0.7, 3.6, 1.7, 2.2, -3.0, 0.0, 0.4, 0.0, 8.8, 7.0, 7.0, 1.3, 14.5, 0.8, 5.0, 3.1, 6.5, 2.4, 2.5, -0.2, -2.0, -2.9, -3.5, -1.2, 12.5, 4.8, 7.0, 9.2, 13.5, 16.5, 21.0, 12.2, 11.0, 1.3, 0.5, 1.0, 4.0, 5.0, 6.3, 8.5, 9.0, 6.0, -1.7, 0.1, 4.5, 2.8, 4.3, -3.7, 3.0, 0.3, 37.5, 5.0, 14.5, 11.0, 9.1, -0.5, 2.8, 3.0, 0.3, 1.0, -0.5, -3.3, -0.5, -2.9, 0.5, -6.7, -3.5, -5.2, -5.0, -3.9, -3.5, -4.2, -2.3, -1.3, 0.0, 1.7, -0.5, -0.7, -0.5, -1.5, -1.5, -1.7, 0.0, 3.7, -1.0, -1.0, 3.0, -1.0, 1.0, -3.2, -2.0, -2.7, -2.5, -4.7, -1.0, -0.9, -7.0, 2.5, -0.5, -2.7, -1.0, -3.2, -6.5, -1.2, -1.0, -0.8, 16.0, -4.9, -2.5, -0.9, -0.5, -0.9, 3.5, 2.1, 11.0, 13.0, 3.5, 0.3, 23.5, 9.5, 1.5, 4.3, 2.5, 2.7, 1.8, 0.0, 2.1, 18.3, 10.5, 17.5, 0.3, 8.3, -0.3, -0.6, -0.5, -1.2, 0.0, -1.2, -2.7, -1.7, 3.8, 7.5, 10.3, 0.7, 0.0, -0.2, 1.3, 2.2, 2.8, 5.3, 3.0, 5.3, 6.0, 4.8, 12.3, 4.0, 5.5, 7.0, 5.5, 10.0, 8.8, 8.0, 13.2, 9.3, 10.0, 10.3, 7.2, 3.0, -2.3, -2.0, -2.0, -4.3, -10.0, 1.1, 5.3, 8.2, 1.5, 5.8, 6.7, 5.0, 1.3, 5.0, 15.2, 21.0, 42.5, 22.7, 6.5, 4.0, 1.1, -3.0, 12.5, 0.0, 5.0, 2.7, -1.0, 2.7, 6.0, 4.3, 8.7, 7.3, 10.0, 6.7, 4.5, 2.1, 4.5, 2.0, 4.5, 8.0, 4.0, 6.0, 3.3, 7.5, 11.3, 31.3, 46.3, 40.0, 8.0, 9.5, 10.5, 10.5, 5.0, 2.4, 4.5, 4.8, 6.5, 3.0, 2.0, 2.7, 5.0, 10.7, 4.3, -0.5, -4.0, -3.0, 2.7, 0.3, 4.7, 2.7, 5.8, 13.5, 17.5, 7.5, 4.7, 5.0, 6.1, 6.5, 4.1, 7.5, 3.1, 12.0, 14.6, 28.0, -1.2, -2.0, -5.0, 8.2, 15.7, 67.8, null, null, null, null, null, null, null, null, null, null, null, null, null, null, null, null, null, null, null, null, null, null, null, null, null, null, null, null, null, null, null, null, null, null, null, null, null, null, null, null, null, null, null, null, null, null, null, null, null, null, null, null, null, null, null, null, null, null, null, null, null, null, null, null, null, null, null, null, null, null, null, null, null, null, null, null, null, null, null, null, null, null, null, null, null, null, null, null, null, null, null, null, null, null, null, null, null, null, null, null, null, null, null, null, null, null, null, null, null, null, null, null, null, null, null, null, null, null, null, null, null, null, null, null, null, null, null, null, null, null, null, null, null, null, null, null, null, null, null, null, null, null, null, null, null, null, null, null, null, null, null, null, null, null, null, null, null, null, null, null, null, null, null, null, null, null, null, null, null, null, null, null, null, null, null, null, null, null, null, null, null, null, null, null, null, null, null, null, null, null, null, null, null, null, null, null, null, null, null, null, null, null, null, null, null, null, null, null, null, null, null, null, null, null, null, null, null, null, null, null, null, null, null, null, null, null, null, null, null, null, null, null, null, null, null, null, null, null, null, null, null, null, null, null, null, null, null, null, null, null, null, null, null, null, null, null, null, null, null, null, null, null, null, null, null, null, null, null, null, null, null, null, null, null, null, null, null, null, null, 28.9, 7.5, 11.5, 3.0, 9.0, 11.3, 11.5, 8.1, 10.0, 5.8, 9.0, 5.7, 4.0, 11.5, 4.0, 9.0, 2.0, 8.5, 4.1, 5.0, 8.1, 8.0, 8.5, 15.0, 13.0, 9.5, 9.6, 7.5, 22.0, 2.0, 8.0, -0.4, 0.5, 4.0, 3.0, 6.5, 5.8, 5.7, 5.1, 3.5, 8.0, 8.0, 5.0, 5.0, 5.5, 8.8, 15.3, 21.6, 20.5, 9.0, 4.0, 9.0, 15.0, 11.0, 9.1, 8.0, 1.5, 3.0, 1.0, 6.3, -0.5, 1.5, 1.5, 15.5, 6.0, 13.0, 8.0, 16.0, 4.7, 7.0, 4.7, 5.0, 2.4, 4.0, 1.5, 0.0, 6.0, 4.7, 12.7, 7.0, 3.0, 10.0, 22.0, 3.1, 3.5, -0.8, 4.3, 8.6, 9.8, 11.0, 8.8, 6.3, 14.6, 10.0, 9.6, 4.0, 10.3, 7.3, 10.0, 8.1, 7.0, 6.0, 7.3, 8.3, 6.8, 4.7, 5.1, 7.3, 2.5, 0.7, 3.0, 8.7, 7.0, 12.3, 14.7, 9.0, 8.0, 2.7, 20.0, 14.9, 23.7, 3.5, 9.7, 3.0, null, 11.7, 15.8, 4.0, 5.3, 6.7, 29.1, 46.4, 22.4, 41.7, 34.3, 32.5]}