{"type": "Feature", "properties": {"leg_id": 46, "name": "20230107 - Sydney to Coffs Harbour", "stated_nm": 315.4, "computed_nm": 274.2}, "geometry": {"type": "LineString", "coordinates": [[151.265942, -33.822109], [151.26763, -33.822212], [151.270059, -33.824289], [151.271768, -33.826182], [151.270889, -33.82828], [151.269392, -33.830108], [151.267716, -33.831991], [151.265895, -33.833762], [151.265002, -33.835962], [151.264122, -33.837936], [151.262947, -33.839789], [151.261956, -33.841391], [151.259837, -33.843685], [151.257888, -33.845562], [151.255529, -33.84768], [151.25349, -33.849532], [151.252067, -33.850874], [151.250406, -33.852685], [151.248952, -33.853967], [151.246715, -33.855689], [151.244244, -33.857352], [151.242231, -33.859083], [151.23992, -33.861129], [151.238238, -33.862903], [151.236123, -33.864767], [151.234409, -33.866388], [151.233143, -33.867803], [151.233781, -33.869569], [151.23478, -33.870548], [151.234282, -33.870698], [151.233202, -33.867583], [151.232994, -33.865236], [151.232855, -33.86252], [151.232383, -33.859914], [151.231512, -33.858177], [151.22975, -33.857057], [151.227081, -33.857226], [151.224507, -33.857813], [151.222085, -33.858442], [151.219514, -33.859387], [151.218986, -33.860645], [151.218338, -33.86124], [151.218185, -33.861157], [151.217253, -33.856858], [151.215596, -33.855424], [151.21273, -33.853926], [151.209304, -33.8529], [151.206444, -33.852866], [151.204385, -33.853378], [151.201453, -33.854609], [151.199687, -33.855567], [151.198344, -33.857977], [151.197398, -33.859952], [151.195324, -33.861377], [151.191602, -33.862931], [151.188977, -33.864588], [151.187069, -33.866479], [151.185835, -33.868799], [151.186064, -33.870472], [151.186318, -33.871982], [151.185922, -33.871959], [151.185477, -33.870598], [151.186329, -33.867782], [151.188199, -33.865664], [151.190067, -33.863835], [151.192664, -33.862457], [151.194853, -33.861337], [151.196957, -33.859763], [151.198779, -33.85677], [151.200384, -33.854846], [151.203132, -33.853486], [151.205881, -33.852752], [151.208936, -33.852658], [151.211743, -33.853302], [151.214265, -33.85382], [151.217405, -33.854062], [151.220643, -33.854213], [151.223208, -33.854094], [151.226468, -33.854113], [151.229494, -33.854211], [151.233959, -33.854203], [151.236696, -33.854399], [151.240326, -33.854577], [151.244163, -33.854925], [151.247602, -33.855198], [151.250886, -33.855139], [151.253631, -33.854012], [151.255955, -33.852122], [151.258067, -33.849838], [151.260123, -33.847483], [151.261815, -33.845724], [151.263596, -33.844005], [151.266729, -33.841756], [151.269422, -33.83984], [151.272229, -33.837621], [151.274098, -33.835894], [151.276645, -33.832968], [151.27849, -33.8314], [151.28144, -33.83025], [151.284052, -33.829997], [151.288147, -33.829775], [151.291091, -33.829578], [151.295163, -33.829252], [151.299462, -33.828869], [151.302357, -33.828603], [151.304354, -33.828331], [151.307353, -33.826304], [151.309383, -33.824566], [151.311067, -33.822323], [151.312877, -33.819783], [151.31415, -33.818101], [151.316121, -33.815425], [151.317588, -33.813339], [151.319088, -33.811302], [151.3207, -33.809304], [151.322152, -33.807364], [151.324263, -33.804877], [151.32571, -33.802946], [151.32706, -33.801087], [151.32864, -33.798978], [151.330065, -33.797134], [151.331589, -33.795101], [151.333417, -33.792674], [151.334971, -33.790446], [151.336446, -33.788463], [151.338133, -33.786126], [151.339461, -33.784335], [151.341109, -33.782075], [151.342321, -33.780119], [151.343462, -33.777892], [151.344459, -33.775594], [151.345478, -33.773348], [151.346765, -33.770734], [151.347602, -33.768617], [151.348635, -33.766438], [151.350042, -33.763903], [151.351234, -33.761564], [151.352549, -33.758928], [151.354068, -33.756133], [151.355077, -33.754273], [151.356399, -33.751895], [151.357445, -33.749995], [151.358736, -33.747638], [151.35991, -33.745612], [151.361754, -33.74268], [151.363551, -33.739753], [151.364966, -33.737232], [151.36566, -33.735067], [151.366285, -33.732537], [151.366958, -33.730038], [151.367589, -33.727362], [151.368013, -33.72573], [151.368602, -33.723351], [151.369211, -33.720428], [151.369627, -33.718547], [151.370237, -33.716112], [151.370917, -33.713516], [151.371437, -33.71117], [151.371818, -33.709366], [151.371704, -33.706698], [151.371568, -33.704726], [151.371305, -33.702684], [151.371101, -33.700632], [151.370915, -33.698258], [151.370758, -33.695976], [151.370534, -33.693724], [151.370209, -33.691313], [151.369908, -33.689304], [151.369667, -33.687426], [151.369284, -33.685512], [151.368988, -33.683492], [151.368821, -33.681583], [151.368516, -33.680116], [151.368157, -33.67814], [151.367632, -33.676416], [151.3672, -33.674882], [151.366779, -33.67288], [151.366379, -33.671003], [151.365928, -33.669167], [151.365544, -33.667164], [151.36524, -33.665317], [151.364929, -33.662937], [151.364594, -33.660503], [151.36424, -33.658458], [151.363881, -33.656609], [151.363463, -33.654365], [151.362928, -33.652006], [151.362539, -33.650019], [151.362213, -33.64795], [151.361682, -33.645528], [151.361264, -33.64351], [151.360473, -33.641361], [151.359796, -33.639594], [151.358613, -33.637138], [151.357471, -33.634341], [151.356354, -33.631353], [151.355239, -33.628141], [151.35441, -33.625529], [151.353281, -33.62203], [151.352415, -33.619314], [151.351599, -33.616586], [151.350925, -33.613824], [151.350313, -33.611413], [151.34937, -33.607716], [151.348645, -33.604282], [151.348154, -33.601603], [151.347601, -33.599018], [151.347113, -33.596386], [151.346522, -33.593303], [151.345981, -33.591221], [151.344903, -33.588586], [151.343696, -33.585925], [151.341772, -33.583054], [151.339785, -33.580191], [151.338271, -33.577865], [151.33661, -33.576455], [151.334046, -33.57467], [151.331211, -33.57414], [151.327711, -33.574419], [151.325188, -33.57498], [151.322015, -33.576492], [151.320242, -33.577983], [151.317317, -33.580601], [151.316023, -33.582149], [151.314204, -33.584558], [151.312301, -33.58706], [151.311074, -33.589134], [151.309628, -33.591332], [151.307613, -33.594005], [151.305559, -33.596075], [151.30235, -33.597763], [151.299222, -33.599168], [151.297939, -33.599812], [151.297939, -33.599816], [151.30284, -33.600472], [151.305523, -33.601007], [151.308061, -33.602555], [151.31053, -33.604226], [151.312717, -33.605823], [151.315043, -33.608152], [151.316799, -33.609975], [151.318249, -33.612007], [151.319399, -33.614637], [151.320261, -33.616556], [151.321407, -33.618439], [151.322775, -33.620063], [151.322521, -33.619809], [151.318953, -33.614247], [151.317321, -33.610827], [151.317114, -33.609318], [151.316865, -33.608135], [151.313997, -33.603003], [151.313092, -33.600901], [151.311789, -33.595732], [151.31221, -33.591087], [151.312818, -33.588574], [151.314177, -33.586403], [151.316647, -33.582443], [151.31907, -33.579454], [151.321139, -33.577784], [151.323889, -33.575347], [151.326471, -33.573999], [151.32987, -33.572646], [151.332637, -33.571573], [151.335453, -33.571004], [151.33843, -33.570613], [151.341644, -33.570476], [151.344503, -33.570215], [151.347291, -33.569537], [151.349403, -33.56876], [151.351511, -33.567454], [151.353656, -33.565949], [151.356212, -33.564949], [151.359325, -33.564393], [151.361972, -33.563629], [151.365241, -33.562793], [151.368, -33.562343], [151.370364, -33.56196], [151.373473, -33.561929], [151.376493, -33.561562], [151.37911, -33.560909], [151.382734, -33.559888], [151.384824, -33.559334], [151.388235, -33.559229], [151.390471, -33.558796], [151.39311, -33.558412], [151.395302, -33.558072], [151.398554, -33.557367], [151.400526, -33.55679], [151.40276, -33.556429], [151.405649, -33.556318], [151.408236, -33.555966], [151.411562, -33.555719], [151.414201, -33.555412], [151.417177, -33.554784], [151.419723, -33.554615], [151.422693, -33.555025], [151.424913, -33.554852], [151.426631, -33.55329], [151.428608, -33.55143], [151.430225, -33.550015], [151.432282, -33.548497], [151.434081, -33.547542], [151.43624, -33.546188], [151.438664, -33.544666], [151.441063, -33.543813], [151.443296, -33.542437], [151.445527, -33.540756], [151.447223, -33.539462], [151.448771, -33.538199], [151.450651, -33.536353], [151.452783, -33.534756], [151.455432, -33.532824], [151.457295, -33.531311], [151.458872, -33.530077], [151.460955, -33.528894], [151.462582, -33.528127], [151.464881, -33.52683], [151.46687, -33.52587], [151.469233, -33.524709], [151.471866, -33.523381], [151.474477, -33.522169], [151.476915, -33.521059], [151.478346, -33.520297], [151.480779, -33.518902], [151.482147, -33.517521], [151.483796, -33.515378], [151.485795, -33.51293], [151.486912, -33.5112], [151.487822, -33.508814], [151.48825, -33.506598], [151.489135, -33.503812], [151.490042, -33.501727], [151.491576, -33.499513], [151.492938, -33.497575], [151.49389, -33.495613], [151.495074, -33.493932], [151.4965, -33.491857], [151.498014, -33.490414], [151.499915, -33.488645], [151.501412, -33.487162], [151.502934, -33.485462], [151.504094, -33.48359], [151.505309, -33.481439], [151.506616, -33.479346], [151.507941, -33.47749], [151.509957, -33.474876], [151.510804, -33.472969], [151.511954, -33.471252], [151.512908, -33.469788], [151.514145, -33.467522], [151.51528, -33.465554], [151.516286, -33.463099], [151.517251, -33.460729], [151.518481, -33.458774], [151.519513, -33.456135], [151.52037, -33.454086], [151.52094, -33.452075], [151.521346, -33.450081], [151.521646, -33.447648], [151.522358, -33.44517], [151.522905, -33.443299], [151.523564, -33.441227], [151.524415, -33.438953], [151.525938, -33.437019], [151.526849, -33.435486], [151.527715, -33.432494], [151.528684, -33.43004], [151.530033, -33.427736], [151.531357, -33.425919], [151.532701, -33.423592], [151.533586, -33.421429], [151.534381, -33.419498], [151.53585, -33.417314], [151.537477, -33.415522], [151.539082, -33.413105], [151.540786, -33.410946], [151.542706, -33.40886], [151.544407, -33.406673], [151.546183, -33.404362], [151.548203, -33.401793], [151.549748, -33.400087], [151.551861, -33.398103], [151.554004, -33.395207], [151.555439, -33.393129], [151.556788, -33.391192], [151.559026, -33.388647], [151.560688, -33.386652], [151.562507, -33.384259], [151.564039, -33.382273], [151.56543, -33.380188], [151.567225, -33.377878], [151.568393, -33.375848], [151.569765, -33.373563], [151.571081, -33.371563], [151.572697, -33.368709], [151.573871, -33.366803], [151.575282, -33.364817], [151.577093, -33.36262], [151.578701, -33.360782], [151.579982, -33.358724], [151.581469, -33.35668], [151.583203, -33.354285], [151.584673, -33.352069], [151.585958, -33.349801], [151.587165, -33.347437], [151.588001, -33.345796], [151.58927, -33.343505], [151.590158, -33.341805], [151.591277, -33.338907], [151.592014, -33.336955], [151.592897, -33.334161], [151.593907, -33.331709], [151.594748, -33.329538], [151.595827, -33.327422], [151.597, -33.325593], [151.59859, -33.323338], [151.600148, -33.321591], [151.601799, -33.319796], [151.603638, -33.317647], [151.604833, -33.315679], [151.605959, -33.313669], [151.606742, -33.311683], [151.607555, -33.309213], [151.60842, -33.307139], [151.609705, -33.305042], [151.610725, -33.302695], [151.611624, -33.300391], [151.612763, -33.29802], [151.614574, -33.29625], [151.61661, -33.294491], [151.618545, -33.292302], [151.620138, -33.290494], [151.622222, -33.288476], [151.624079, -33.286695], [151.626306, -33.284501], [151.627918, -33.282535], [151.629158, -33.28082], [151.630994, -33.278828], [151.633342, -33.27716], [151.635803, -33.275677], [151.637759, -33.274465], [151.640009, -33.273154], [151.642878, -33.271877], [151.645365, -33.270622], [151.647568, -33.269468], [151.650494, -33.268145], [151.652239, -33.267321], [151.654849, -33.266135], [151.657099, -33.264732], [151.65914, -33.263556], [151.661357, -33.262377], [151.664106, -33.261045], [151.6663, -33.260219], [151.668873, -33.259245], [151.67188, -33.25855], [151.674596, -33.257838], [151.677098, -33.256624], [151.679361, -33.255208], [151.681727, -33.253531], [151.684072, -33.25209], [151.686607, -33.250001], [151.688614, -33.247999], [151.690827, -33.246105], [151.692881, -33.24444], [151.694999, -33.242824], [151.697318, -33.241231], [151.699496, -33.239593], [151.702163, -33.238422], [151.704064, -33.236998], [151.705705, -33.235111], [151.707372, -33.233634], [151.708709, -33.231948], [151.71019, -33.230432], [151.711885, -33.228308], [151.713095, -33.226482], [151.715124, -33.224618], [151.717407, -33.222834], [151.719793, -33.22122], [151.722042, -33.219513], [151.724425, -33.217742], [151.726403, -33.216259], [151.728673, -33.21455], [151.731347, -33.213182], [151.733782, -33.211708], [151.735678, -33.209873], [151.737731, -33.208051], [151.739111, -33.206525], [151.740861, -33.204711], [151.742843, -33.203125], [151.745048, -33.201622], [151.746939, -33.200007], [151.749315, -33.198474], [151.751177, -33.197336], [151.753894, -33.196039], [151.756208, -33.195385], [151.758833, -33.19437], [151.761417, -33.193683], [151.765385, -33.192491], [151.768231, -33.191358], [151.770992, -33.190089], [151.773332, -33.189141], [151.775594, -33.187742], [151.777928, -33.18647], [151.779901, -33.184969], [151.781835, -33.18377], [151.784245, -33.182426], [151.786471, -33.180794], [151.788967, -33.178934], [151.790879, -33.17788], [151.792928, -33.17678], [151.794757, -33.175403], [151.79688, -33.173753], [151.798831, -33.172599], [151.800864, -33.17138], [151.802913, -33.169726], [151.805121, -33.168151], [151.807465, -33.166431], [151.809279, -33.16509], [151.811066, -33.163766], [151.813, -33.161965], [151.814605, -33.160486], [151.816893, -33.15855], [151.818655, -33.15711], [151.821095, -33.155537], [151.822833, -33.154036], [151.824467, -33.152417], [151.826173, -33.150662], [151.827936, -33.14858], [151.829323, -33.147201], [151.831063, -33.145856], [151.833019, -33.144524], [151.835574, -33.143228], [151.838576, -33.141995], [151.840727, -33.141461], [151.843585, -33.140561], [151.845935, -33.139786], [151.848367, -33.139045], [151.851094, -33.138017], [151.853426, -33.136904], [151.856392, -33.136014], [151.859255, -33.135365], [151.861861, -33.134487], [151.864463, -33.133283], [151.867669, -33.131894], [151.870422, -33.130829], [151.872994, -33.130111], [151.875426, -33.129337], [151.878065, -33.128545], [151.881043, -33.127388], [151.883316, -33.126473], [151.885687, -33.125522], [151.887836, -33.124308], [151.889452, -33.122856], [151.89121, -33.121962], [151.893123, -33.120964], [151.894797, -33.119847], [151.897543, -33.118695], [151.899761, -33.118074], [151.902391, -33.117593], [151.905434, -33.11693], [151.908201, -33.116747], [151.909886, -33.11618], [151.91252, -33.115453], [151.915051, -33.114916], [151.917043, -33.114253], [151.919133, -33.113241], [151.920869, -33.112149], [151.923485, -33.111102], [151.925624, -33.110338], [151.927954, -33.109077], [151.930157, -33.107427], [151.931752, -33.106205], [151.933531, -33.10442], [151.935431, -33.102827], [151.937101, -33.101386], [151.939314, -33.099873], [151.941499, -33.098855], [151.944304, -33.097677], [151.946767, -33.09608], [151.948852, -33.094739], [151.950778, -33.093278], [151.952807, -33.091978], [151.954815, -33.091014], [151.957318, -33.08997], [151.959704, -33.088678], [151.962353, -33.087458], [151.964982, -33.086141], [151.967126, -33.085185], [151.969716, -33.083835], [151.971484, -33.082718], [151.973932, -33.081718], [151.976211, -33.081103], [151.979629, -33.079742], [151.981308, -33.078951], [151.982789, -33.078158], [151.985339, -33.077153], [151.987864, -33.076598], [151.990756, -33.075494], [151.993067, -33.074145], [151.99523, -33.073004], [151.997535, -33.071677], [151.999833, -33.070696], [152.002032, -33.069567], [152.003862, -33.067813], [152.005244, -33.066229], [152.007267, -33.064089], [152.008987, -33.062861], [152.011218, -33.061453], [152.013259, -33.059956], [152.015267, -33.058622], [152.017516, -33.056818], [152.019201, -33.054115], [152.020167, -33.052128], [152.021568, -33.050304], [152.023069, -33.048515], [152.025076, -33.047015], [152.02712, -33.04537], [152.028815, -33.043806], [152.030602, -33.041651], [152.0319, -33.040088], [152.03377, -33.038399], [152.036056, -33.03694], [152.038011, -33.035302], [152.039717, -33.034034], [152.041797, -33.032342], [152.043422, -33.030841], [152.045048, -33.029544], [152.046547, -33.028155], [152.048326, -33.026551], [152.049906, -33.025171], [152.051511, -33.023822], [152.052853, -33.022483], [152.054197, -33.021049], [152.056031, -33.019248], [152.05759, -33.017061], [152.058812, -33.015581], [152.061073, -33.01412], [152.063627, -33.012348], [152.065493, -33.011268], [152.067125, -33.010048], [152.06885, -33.008652], [152.070531, -33.007103], [152.071854, -33.005347], [152.072974, -33.003695], [152.073704, -33.002234], [152.075474, -33.000524], [152.07745, -32.999356], [152.078995, -32.997438], [152.080304, -32.995511], [152.081779, -32.994249], [152.083129, -32.992869], [152.084701, -32.991885], [152.086484, -32.990632], [152.088038, -32.989231], [152.089052, -32.987648], [152.089828, -32.986082], [152.091535, -32.984816], [152.09352, -32.983683], [152.095232, -32.982395], [152.09711, -32.980701], [152.099255, -32.979107], [152.101896, -32.977571], [152.103902, -32.975976], [152.106192, -32.973987], [152.108101, -32.972736], [152.110626, -32.971202], [152.112597, -32.969913], [152.115111, -32.968007], [152.116733, -32.966685], [152.11889, -32.965155], [152.12114, -32.963797], [152.123379, -32.961729], [152.12491, -32.960062], [152.126832, -32.958212], [152.128498, -32.956739], [152.130482, -32.954792], [152.132495, -32.953122], [152.134663, -32.951587], [152.136585, -32.950317], [152.138475, -32.948782], [152.140547, -32.946892], [152.142249, -32.945309], [152.144231, -32.943825], [152.146138, -32.941982], [152.147985, -32.940464], [152.150056, -32.938626], [152.152025, -32.937117], [152.153792, -32.935929], [152.156421, -32.93425], [152.158441, -32.932596], [152.160154, -32.931304], [152.162053, -32.929665], [152.163815, -32.928011], [152.166022, -32.926695], [152.167845, -32.924908], [152.170207, -32.923206], [152.17231, -32.922074], [152.174677, -32.920685], [152.176492, -32.919532], [152.178993, -32.917955], [152.180835, -32.916411], [152.182852, -32.914002], [152.184621, -32.91261], [152.186918, -32.911082], [152.189846, -32.908852], [152.192228, -32.907231], [152.19459, -32.905885], [152.196029, -32.904177], [152.197593, -32.902917], [152.199174, -32.901297], [152.201155, -32.899782], [152.202444, -32.898615], [152.203931, -32.897178], [152.205471, -32.895815], [152.208077, -32.894409], [152.209842, -32.893232], [152.211951, -32.891758], [152.213402, -32.890281], [152.21509, -32.888372], [152.216528, -32.886632], [152.217867, -32.885459], [152.219965, -32.884425], [152.221665, -32.883309], [152.223938, -32.881918], [152.225458, -32.880799], [152.227048, -32.879238], [152.228161, -32.877704], [152.229533, -32.875768], [152.231274, -32.873935], [152.233336, -32.872573], [152.235249, -32.871221], [152.236747, -32.869546], [152.237546, -32.867462], [152.238781, -32.865596], [152.24024, -32.863848], [152.242065, -32.861782], [152.244014, -32.859997], [152.246343, -32.85875], [152.24843, -32.857224], [152.25042, -32.855984], [152.251895, -32.85452], [152.253532, -32.852219], [152.255166, -32.850046], [152.257151, -32.847798], [152.258602, -32.845831], [152.260452, -32.84421], [152.262276, -32.842992], [152.2638, -32.840834], [152.26517, -32.838693], [152.265503, -32.835981], [152.265823, -32.833276], [152.26623, -32.831066], [152.26675, -32.828691], [152.268005, -32.826471], [152.269044, -32.824436], [152.269784, -32.82187], [152.270811, -32.819438], [152.271482, -32.817544], [152.271919, -32.815096], [152.272419, -32.813016], [152.273178, -32.810857], [152.273801, -32.808834], [152.274543, -32.806748], [152.275166, -32.804577], [152.276545, -32.802324], [152.277416, -32.800021], [152.277808, -32.798126], [152.27845, -32.796056], [152.279345, -32.794022], [152.280094, -32.791799], [152.280707, -32.789435], [152.281457, -32.787047], [152.28206, -32.784566], [152.283363, -32.781951], [152.284135, -32.780025], [152.285318, -32.77812], [152.286885, -32.775993], [152.287604, -32.774107], [152.288185, -32.772151], [152.288891, -32.769907], [152.289821, -32.768086], [152.291142, -32.766316], [152.292729, -32.764281], [152.295043, -32.76189], [152.296968, -32.759954], [152.298647, -32.758188], [152.299336, -32.756106], [152.300189, -32.754053], [152.301819, -32.752104], [152.303955, -32.750209], [152.30537, -32.748523], [152.306828, -32.746697], [152.308846, -32.74485], [152.310811, -32.743339], [152.312731, -32.741595], [152.314557, -32.739802], [152.316237, -32.738262], [152.317858, -32.736949], [152.319828, -32.735296], [152.321952, -32.73392], [152.324211, -32.732638], [152.325951, -32.731376], [152.327824, -32.729893], [152.32945, -32.728707], [152.331598, -32.727269], [152.333319, -32.725751], [152.334848, -32.723837], [152.336129, -32.721717], [152.337949, -32.720129], [152.339961, -32.71827], [152.341344, -32.716433], [152.343089, -32.714453], [152.344172, -32.71225], [152.345605, -32.710045], [152.34744, -32.708456], [152.349172, -32.707067], [152.350917, -32.705484], [152.352451, -32.703613], [152.353698, -32.702067], [152.355541, -32.700254], [152.356741, -32.698598], [152.358145, -32.696624], [152.359803, -32.695258], [152.361018, -32.693403], [152.362631, -32.691723], [152.364102, -32.689928], [152.365713, -32.687517], [152.366893, -32.685846], [152.369379, -32.683922], [152.370384, -32.682391], [152.370899, -32.679922], [152.371585, -32.67771], [152.372321, -32.675579], [152.373415, -32.674098], [152.374306, -32.672199], [152.375209, -32.6701], [152.376508, -32.668711], [152.378627, -32.666941], [152.379893, -32.665582], [152.381464, -32.663534], [152.38332, -32.661954], [152.384997, -32.660549], [152.386876, -32.658942], [152.388798, -32.656924], [152.390566, -32.655077], [152.392227, -32.652863], [152.39367, -32.651182], [152.39584, -32.649302], [152.397468, -32.647599], [152.399741, -32.646026], [152.401991, -32.644599], [152.403605, -32.642836], [152.404978, -32.641592], [152.407312, -32.640116], [152.410462, -32.637927], [152.412276, -32.635911], [152.413234, -32.634178], [152.414073, -32.632392], [152.41525, -32.63032], [152.417155, -32.628449], [152.418594, -32.626903], [152.420211, -32.625027], [152.421878, -32.622409], [152.423373, -32.620206], [152.426021, -32.617235], [152.427142, -32.615553], [152.428453, -32.613605], [152.430392, -32.612031], [152.432199, -32.609791], [152.433478, -32.607788], [152.434377, -32.605633], [152.435236, -32.603857], [152.437084, -32.601967], [152.438675, -32.600131], [152.440214, -32.59815], [152.441955, -32.596465], [152.444, -32.594904], [152.446107, -32.593083], [152.447858, -32.59208], [152.450247, -32.590857], [152.452601, -32.589122], [152.454597, -32.587913], [152.45706, -32.586587], [152.458918, -32.585351], [152.461246, -32.583924], [152.46339, -32.582334], [152.464836, -32.580008], [152.466289, -32.578519], [152.469361, -32.575561], [152.470471, -32.57407], [152.471994, -32.571721], [152.473131, -32.570309], [152.474576, -32.567978], [152.475906, -32.565981], [152.477288, -32.564495], [152.479442, -32.562701], [152.481122, -32.561094], [152.483481, -32.559094], [152.485071, -32.55777], [152.486677, -32.55618], [152.488113, -32.554665], [152.489653, -32.553232], [152.491905, -32.551464], [152.493849, -32.549787], [152.495718, -32.548374], [152.497656, -32.546511], [152.498818, -32.544855], [152.500555, -32.543154], [152.502516, -32.540937], [152.504548, -32.538601], [152.506386, -32.536874], [152.508104, -32.535462], [152.509486, -32.533949], [152.511458, -32.532029], [152.513734, -32.530253], [152.515846, -32.528371], [152.517511, -32.526502], [152.518998, -32.524582], [152.520999, -32.522444], [152.522443, -32.520961], [152.524967, -32.51892], [152.526794, -32.51729], [152.528348, -32.515422], [152.529918, -32.513204], [152.530891, -32.511354], [152.531131, -32.509473], [152.532053, -32.507277], [152.533581, -32.505635], [152.53559, -32.504316], [152.537065, -32.502899], [152.5384, -32.501496], [152.539625, -32.500206], [152.540775, -32.498808], [152.542714, -32.496826], [152.543981, -32.495364], [152.545549, -32.493226], [152.546835, -32.491926], [152.548497, -32.490459], [152.549671, -32.488781], [152.551016, -32.486941], [152.551891, -32.485695], [152.553114, -32.483886], [152.554221, -32.482411], [152.555342, -32.480523], [152.55615, -32.478394], [152.557147, -32.47674], [152.558153, -32.474976], [152.559164, -32.473604], [152.560417, -32.471851], [152.561198, -32.470279], [152.562479, -32.468811], [152.563395, -32.466981], [152.565253, -32.464882], [152.566549, -32.463251], [152.567487, -32.46151], [152.568719, -32.459419], [152.570116, -32.457618], [152.570863, -32.456017], [152.571911, -32.454365], [152.573699, -32.45295], [152.575622, -32.451458], [152.577227, -32.450153], [152.578585, -32.448669], [152.580276, -32.446953], [152.581294, -32.445439], [152.582571, -32.443228], [152.584363, -32.441409], [152.585799, -32.440053], [152.586647, -32.438428], [152.586933, -32.436582], [152.587348, -32.434493], [152.587797, -32.432196], [152.588657, -32.430283], [152.589907, -32.42864], [152.591241, -32.427077], [152.591777, -32.42548], [152.591806, -32.423702], [152.591436, -32.421679], [152.590855, -32.420193], [152.590761, -32.418639], [152.590977, -32.416666], [152.591506, -32.41519], [152.592645, -32.413359], [152.593368, -32.411983], [152.594351, -32.410219], [152.594555, -32.408405], [152.594525, -32.406675], [152.593773, -32.404872], [152.592899, -32.403404], [152.592419, -32.401474], [152.591525, -32.39965], [152.591577, -32.397937], [152.591982, -32.396388], [152.592041, -32.394709], [152.592299, -32.392698], [152.591958, -32.390826], [152.591658, -32.389051], [152.591804, -32.387092], [152.591766, -32.385521], [152.591573, -32.383987], [152.591298, -32.382073], [152.590589, -32.380369], [152.589837, -32.378972], [152.589013, -32.3773], [152.588848, -32.37527], [152.588434, -32.372921], [152.587959, -32.371364], [152.587296, -32.369931], [152.58686, -32.368203], [152.58655, -32.366354], [152.586534, -32.364577], [152.586503, -32.362587], [152.586328, -32.360662], [152.585622, -32.358811], [152.584731, -32.356712], [152.584535, -32.355044], [152.585152, -32.353258], [152.585325, -32.351661], [152.585412, -32.35007], [152.58497, -32.348483], [152.584286, -32.347088], [152.583654, -32.345549], [152.582935, -32.34407], [152.582531, -32.343464], [152.582079, -32.339843], [152.582187, -32.337798], [152.58258, -32.335276], [152.583875, -32.333421], [152.585283, -32.331329], [152.587061, -32.328947], [152.588795, -32.326605], [152.590258, -32.324514], [152.591852, -32.322209], [152.593125, -32.32039], [152.594477, -32.318293], [152.596273, -32.315545], [152.597515, -32.313718], [152.599121, -32.311458], [152.600743, -32.309334], [152.602425, -32.307081], [152.604057, -32.305067], [152.605528, -32.303224], [152.607391, -32.301141], [152.609893, -32.29854], [152.611936, -32.296433], [152.613678, -32.294746], [152.615983, -32.292491], [152.617963, -32.290608], [152.619856, -32.288878], [152.621643, -32.287183], [152.623671, -32.285282], [152.625585, -32.283192], [152.627372, -32.281189], [152.629363, -32.279151], [152.631227, -32.277305], [152.633029, -32.275303], [152.635359, -32.272951], [152.636873, -32.271324], [152.639478, -32.268763], [152.641301, -32.267103], [152.643539, -32.265039], [152.645548, -32.263165], [152.647863, -32.260923], [152.649874, -32.25907], [152.652288, -32.25675], [152.654308, -32.254748], [152.656357, -32.252636], [152.658189, -32.250771], [152.660481, -32.248508], [152.662799, -32.24622], [152.664663, -32.244343], [152.6668, -32.242011], [152.669368, -32.239476], [152.672173, -32.236711], [152.673865, -32.235074], [152.676463, -32.23275], [152.679146, -32.230359], [152.681192, -32.228491], [152.683965, -32.22584], [152.686405, -32.223455], [152.688323, -32.221558], [152.69073, -32.218993], [152.692506, -32.217192], [152.694378, -32.215356], [152.696444, -32.213236], [152.698251, -32.211465], [152.699947, -32.209737], [152.70203, -32.207765], [152.704112, -32.205529], [152.706456, -32.202952], [152.708801, -32.200414], [152.710491, -32.198578], [152.712379, -32.196522], [152.714273, -32.194545], [152.716667, -32.191968], [152.718605, -32.189912], [152.720622, -32.187658], [152.722225, -32.185791], [152.724465, -32.183258], [152.725999, -32.181522], [152.727636, -32.179647], [152.72972, -32.177556], [152.731548, -32.175654], [152.733806, -32.173228], [152.735535, -32.171279], [152.737931, -32.168676], [152.740008, -32.166312], [152.741918, -32.164318], [152.744096, -32.162021], [152.746819, -32.159217], [152.748584, -32.157339], [152.751495, -32.154258], [152.753843, -32.151953], [152.75607, -32.149681], [152.757974, -32.147714], [152.759748, -32.145986], [152.761625, -32.143992], [152.763347, -32.142171], [152.76583, -32.139624], [152.767582, -32.137788], [152.769557, -32.135533], [152.771234, -32.133764], [152.773032, -32.131773], [152.775103, -32.129651], [152.776889, -32.127633], [152.778781, -32.125537], [152.781096, -32.122832], [152.7836, -32.120158], [152.785339, -32.11829], [152.787643, -32.115648], [152.789738, -32.113246], [152.791616, -32.111188], [152.793101, -32.109278], [152.79472, -32.107352], [152.796851, -32.104682], [152.798276, -32.102837], [152.800223, -32.10037], [152.802805, -32.097233], [152.805274, -32.094174], [152.806994, -32.091932], [152.80941, -32.08896], [152.811107, -32.086914], [152.813325, -32.084087], [152.815036, -32.082008], [152.817161, -32.079271], [152.818985, -32.076806], [152.820958, -32.074213], [152.822489, -32.072314], [152.824687, -32.069587], [152.826874, -32.066839], [152.829086, -32.064059], [152.831279, -32.061301], [152.833441, -32.058605], [152.83487, -32.056835], [152.836985, -32.054101], [152.839162, -32.0512], [152.840734, -32.049236], [152.842982, -32.046343], [152.845226, -32.043483], [152.84703, -32.041296], [152.849142, -32.038595], [152.851403, -32.03582], [152.853711, -32.032812], [152.857025, -32.028545], [152.858453, -32.026699], [152.86078, -32.023561], [152.862549, -32.021168], [152.864423, -32.018629], [152.866982, -32.015017], [152.868526, -32.012775], [152.870119, -32.010713], [152.872147, -32.007796], [152.87409, -32.004896], [152.876125, -32.001922], [152.878164, -31.998953], [152.880188, -31.995998], [152.8822, -31.993003], [152.883686, -31.990767], [152.885078, -31.988439], [152.886652, -31.985955], [152.888193, -31.983504], [152.889146, -31.981085], [152.8903, -31.977334], [152.891368, -31.973889], [152.892405, -31.9704], [152.893459, -31.96689], [152.894554, -31.963217], [152.895647, -31.959881], [152.896361, -31.957481], [152.897369, -31.953973], [152.898341, -31.950386], [152.899097, -31.947657], [152.90014, -31.944367], [152.900907, -31.941595], [152.901896, -31.938334], [152.903057, -31.934678], [152.904205, -31.931], [152.905216, -31.92785], [152.906245, -31.924893], [152.907327, -31.92181], [152.908381, -31.918729], [152.909684, -31.915047], [152.910625, -31.912553], [152.911562, -31.910064], [152.912703, -31.906974], [152.913859, -31.903829], [152.914887, -31.901103], [152.916216, -31.89787], [152.917338, -31.895011], [152.918581, -31.891679], [152.919826, -31.888646], [152.921151, -31.885471], [152.922444, -31.882301], [152.923798, -31.879085], [152.925125, -31.875843], [152.926451, -31.872614], [152.927816, -31.869399], [152.92923, -31.866174], [152.930512, -31.86294], [152.931819, -31.859528], [152.933192, -31.856353], [152.934601, -31.853032], [152.935596, -31.850686], [152.936807, -31.847646], [152.937912, -31.844901], [152.939576, -31.840938], [152.940583, -31.838538], [152.941924, -31.835607], [152.943531, -31.832391], [152.945152, -31.829142], [152.946302, -31.826844], [152.94764, -31.823819], [152.948769, -31.821301], [152.950161, -31.817891], [152.95137, -31.815109], [152.952805, -31.811935], [152.954339, -31.808624], [152.956162, -31.804628], [152.957642, -31.80136], [152.959106, -31.798092], [152.960337, -31.795452], [152.961846, -31.79222], [152.963225, -31.789183], [152.9644, -31.786141], [152.965331, -31.783037], [152.966194, -31.779588], [152.966815, -31.777173], [152.967544, -31.77406], [152.968361, -31.770567], [152.969231, -31.767076], [152.970009, -31.763963], [152.970863, -31.760842], [152.971675, -31.758036], [152.972679, -31.754743], [152.973687, -31.751299], [152.974295, -31.747903], [152.974853, -31.744961], [152.975563, -31.741698], [152.976066, -31.739039], [152.976822, -31.73601], [152.977458, -31.732788], [152.978096, -31.729352], [152.978682, -31.72593], [152.979235, -31.722762], [152.979558, -31.720302], [152.980151, -31.716763], [152.980666, -31.713819], [152.981187, -31.710897], [152.981557, -31.707839], [152.981958, -31.705162], [152.982289, -31.702531], [152.982597, -31.699997], [152.98292, -31.697361], [152.98348, -31.693935], [152.984066, -31.691499], [152.984469, -31.689228], [152.985042, -31.686848], [152.985612, -31.684481], [152.986242, -31.681566], [152.987076, -31.678125], [152.987785, -31.675063], [152.988429, -31.672671], [152.988957, -31.67054], [152.989963, -31.666634], [152.990631, -31.664201], [152.991293, -31.661788], [152.992051, -31.659266], [152.992576, -31.656955], [152.993368, -31.653822], [152.993959, -31.651612], [152.994582, -31.64874], [152.995224, -31.646045], [152.99561, -31.643628], [152.996318, -31.640079], [152.996858, -31.637405], [152.997419, -31.635033], [152.997841, -31.632944], [152.998529, -31.629818], [152.999081, -31.627484], [152.999934, -31.624523], [153.00087, -31.621481], [153.001419, -31.619436], [153.00209, -31.616772], [153.002843, -31.614019], [153.003846, -31.610291], [153.004405, -31.608182], [153.004944, -31.606009], [153.005726, -31.603338], [153.006394, -31.60087], [153.007219, -31.597919], [153.007821, -31.595975], [153.008525, -31.592944], [153.009283, -31.589919], [153.01018, -31.587451], [153.01129, -31.585215], [153.012022, -31.583233], [153.013141, -31.580692], [153.014115, -31.578405], [153.01536, -31.57554], [153.016335, -31.573225], [153.017417, -31.570996], [153.018281, -31.568791], [153.019104, -31.56686], [153.020021, -31.564548], [153.021163, -31.561914], [153.021974, -31.559647], [153.022506, -31.557524], [153.023547, -31.554774], [153.024331, -31.552552], [153.025795, -31.549316], [153.02663, -31.547228], [153.027415, -31.545169], [153.028656, -31.54245], [153.029916, -31.540046], [153.031334, -31.536976], [153.032369, -31.534364], [153.033185, -31.532407], [153.034311, -31.530186], [153.035343, -31.528152], [153.036358, -31.526084], [153.037569, -31.523724], [153.038598, -31.521766], [153.039725, -31.519461], [153.040712, -31.517416], [153.041647, -31.515607], [153.042918, -31.513366], [153.044292, -31.510996], [153.045313, -31.508975], [153.046783, -31.506566], [153.047801, -31.505004], [153.048955, -31.503171], [153.050221, -31.501606], [153.051524, -31.499668], [153.052868, -31.49762], [153.053846, -31.496073], [153.055146, -31.494446], [153.0565, -31.4925], [153.057755, -31.490658], [153.058837, -31.489015], [153.060368, -31.487455], [153.061399, -31.484818], [153.062287, -31.483115], [153.063219, -31.481786], [153.064541, -31.479876], [153.065311, -31.478374], [153.066231, -31.476517], [153.06667, -31.475092], [153.067387, -31.473444], [153.068437, -31.471777], [153.069754, -31.469623], [153.070891, -31.467821], [153.072446, -31.465709], [153.073575, -31.464065], [153.074761, -31.46231], [153.076172, -31.46019], [153.077429, -31.457935], [153.078411, -31.456183], [153.079692, -31.454116], [153.080643, -31.452281], [153.081679, -31.450459], [153.082643, -31.448815], [153.083715, -31.446906], [153.084673, -31.445099], [153.085881, -31.44316], [153.086983, -31.441401], [153.087901, -31.439672], [153.088721, -31.4381], [153.0896, -31.436052], [153.090247, -31.434262], [153.091022, -31.43257], [153.091976, -31.430496], [153.092754, -31.42847], [153.093484, -31.426568], [153.094587, -31.424291], [153.095494, -31.421723], [153.096029, -31.420186], [153.096793, -31.418118], [153.097772, -31.415991], [153.098572, -31.414181], [153.099602, -31.412215], [153.100537, -31.410185], [153.101465, -31.408278], [153.102208, -31.406711], [153.103, -31.405001], [153.103862, -31.403179], [153.104634, -31.401383], [153.105632, -31.399379], [153.106397, -31.397549], [153.107338, -31.395529], [153.108002, -31.393545], [153.108663, -31.391948], [153.10944, -31.390057], [153.110145, -31.388166], [153.110607, -31.386562], [153.111618, -31.384592], [153.112361, -31.382724], [153.112869, -31.381303], [153.11345, -31.37966], [153.113891, -31.378335], [153.114571, -31.376797], [153.115143, -31.375288], [153.115696, -31.373745], [153.116204, -31.372475], [153.115691, -31.372023], [153.114574, -31.373152], [153.113148, -31.373069], [153.11174, -31.371516], [153.110617, -31.370215], [153.109844, -31.368618], [153.109301, -31.366658], [153.108844, -31.364528], [153.108523, -31.362451], [153.108202, -31.360942], [153.108037, -31.359003], [153.107734, -31.357079], [153.107323, -31.35508], [153.106867, -31.353408], [153.106587, -31.351513], [153.106099, -31.349635], [153.105121, -31.350949], [153.104421, -31.350211], [153.104639, -31.346285], [153.104933, -31.343982], [153.105698, -31.341904], [153.10676, -31.339277], [153.107682, -31.33703], [153.108858, -31.334464], [153.109467, -31.331911], [153.11004, -31.329529], [153.110733, -31.326877], [153.111517, -31.323769], [153.112318, -31.320721], [153.113103, -31.317685], [153.113867, -31.314637], [153.114642, -31.311753], [153.115412, -31.308311], [153.115923, -31.305758], [153.116653, -31.302374], [153.117202, -31.299648], [153.117944, -31.296339], [153.118729, -31.292842], [153.119184, -31.290471], [153.119985, -31.287242], [153.120688, -31.284411], [153.121345, -31.281246], [153.122021, -31.27833], [153.122869, -31.274741], [153.123779, -31.270872], [153.124461, -31.267829], [153.125245, -31.26465], [153.125769, -31.262473], [153.126519, -31.259243], [153.127227, -31.256107], [153.127768, -31.253708], [153.128438, -31.250923], [153.128893, -31.248699], [153.129566, -31.246121], [153.130082, -31.243736], [153.130605, -31.241445], [153.131317, -31.238657], [153.132027, -31.235727], [153.133052, -31.23189], [153.133789, -31.228987], [153.134412, -31.226627], [153.135061, -31.223952], [153.135617, -31.221629], [153.136271, -31.219345], [153.136836, -31.216917], [153.137517, -31.214148], [153.138062, -31.211966], [153.138901, -31.208991], [153.139675, -31.205962], [153.140435, -31.203137], [153.141245, -31.199804], [153.141955, -31.196644], [153.142662, -31.193508], [153.143226, -31.191029], [153.143751, -31.188916], [153.144481, -31.185657], [153.145061, -31.182979], [153.145667, -31.180758], [153.146389, -31.177632], [153.147051, -31.17466], [153.147837, -31.171515], [153.148743, -31.167963], [153.149542, -31.164938], [153.15052, -31.161111], [153.151235, -31.158386], [153.151871, -31.155981], [153.152382, -31.153258], [153.15303, -31.150678], [153.153576, -31.148517], [153.154367, -31.145686], [153.155006, -31.143307], [153.155624, -31.140574], [153.156306, -31.138061], [153.157018, -31.135591], [153.157771, -31.132738], [153.158433, -31.130158], [153.15917, -31.127646], [153.160031, -31.12463], [153.160929, -31.121657], [153.161814, -31.118715], [153.16263, -31.116169], [153.163803, -31.112923], [153.1646, -31.110691], [153.165246, -31.108434], [153.166102, -31.105903], [153.166894, -31.103453], [153.167903, -31.100934], [153.168984, -31.09819], [153.169754, -31.096081], [153.17098, -31.093143], [153.172048, -31.090667], [153.173157, -31.087817], [153.174045, -31.085783], [153.17543, -31.082817], [153.176505, -31.080414], [153.177551, -31.078282], [153.178782, -31.075711], [153.179794, -31.073404], [153.180733, -31.071134], [153.181784, -31.068872], [153.18312, -31.065833], [153.184117, -31.06322], [153.184743, -31.061118], [153.18576, -31.057546], [153.186418, -31.055286], [153.187475, -31.052453], [153.188031, -31.050674], [153.18895, -31.048135], [153.189858, -31.045682], [153.190784, -31.043558], [153.191908, -31.041008], [153.192846, -31.038742], [153.194111, -31.035701], [153.195097, -31.033205], [153.196402, -31.030385], [153.197448, -31.027928], [153.198425, -31.025663], [153.199462, -31.023485], [153.200627, -31.02101], [153.201773, -31.018563], [153.202316, -31.016603], [153.202339, -31.013942], [153.202782, -31.011089], [153.20315, -31.008979], [153.203598, -31.006484], [153.20391, -31.004468], [153.204336, -31.001963], [153.204838, -30.999613], [153.205528, -30.996604], [153.205973, -30.994484], [153.206489, -30.992072], [153.206962, -30.989887], [153.207565, -30.987599], [153.20814, -30.984817], [153.208618, -30.982338], [153.209, -30.980095], [153.209293, -30.977694], [153.209499, -30.975432], [153.209941, -30.971988], [153.21021, -30.970058], [153.21048, -30.967758], [153.210785, -30.964753], [153.211044, -30.961876], [153.211285, -30.959558], [153.211466, -30.957125], [153.211659, -30.954495], [153.2114, -30.951971], [153.211157, -30.949472], [153.210914, -30.94738], [153.210655, -30.945308], [153.210302, -30.942961], [153.20991, -30.940862], [153.209617, -30.938913], [153.209507, -30.937078], [153.209514, -30.934027], [153.209506, -30.931559], [153.2096, -30.929278], [153.209588, -30.927239], [153.209622, -30.924585], [153.209523, -30.922089], [153.209454, -30.919513], [153.209434, -30.91683], [153.209498, -30.914164], [153.209581, -30.911805], [153.209604, -30.908585], [153.209616, -30.905981], [153.209709, -30.903345], [153.209686, -30.899837], [153.209611, -30.897254], [153.20964, -30.894647], [153.209594, -30.892044], [153.209559, -30.889422], [153.209567, -30.887146], [153.209454, -30.884493], [153.209397, -30.882463], [153.209233, -30.879559], [153.209046, -30.876787], [153.208794, -30.873361], [153.208613, -30.871292], [153.208289, -30.867904], [153.208069, -30.86553], [153.207789, -30.861832], [153.207592, -30.859134], [153.207484, -30.856965], [153.207444, -30.85394], [153.207235, -30.851152], [153.207042, -30.848218], [153.206876, -30.844576], [153.206696, -30.841853], [153.206491, -30.838785], [153.206315, -30.835835], [153.205887, -30.832575], [153.205548, -30.830188], [153.204824, -30.827412], [153.204245, -30.825008], [153.203597, -30.822308], [153.203117, -30.819872], [153.202841, -30.816778], [153.202639, -30.814617], [153.20244, -30.811489], [153.202228, -30.809047], [153.201973, -30.806362], [153.201794, -30.803463], [153.201609, -30.801116], [153.201204, -30.797627], [153.200801, -30.794136], [153.200513, -30.791609], [153.200048, -30.788265], [153.199544, -30.784692], [153.199247, -30.782155], [153.199057, -30.779316], [153.198796, -30.776853], [153.198655, -30.773861], [153.198516, -30.77025], [153.198366, -30.767263], [153.19827, -30.765365], [153.198114, -30.761804], [153.198027, -30.758848], [153.198055, -30.756053], [153.197998, -30.753522], [153.197945, -30.75001], [153.197937, -30.746513], [153.197933, -30.744025], [153.198004, -30.740828], [153.198002, -30.738231], [153.198166, -30.73486], [153.198299, -30.731302], [153.198477, -30.727925], [153.198584, -30.725208], [153.198704, -30.721763], [153.198691, -30.719373], [153.198652, -30.71664], [153.198535, -30.714308], [153.198511, -30.711682], [153.198483, -30.70849], [153.19838, -30.706297], [153.19825, -30.703663], [153.198171, -30.700813], [153.198097, -30.697592], [153.197928, -30.694399], [153.197787, -30.691701], [153.197617, -30.688957], [153.197339, -30.685241], [153.196992, -30.682594], [153.196712, -30.678988], [153.196402, -30.67514], [153.196011, -30.671943], [153.195809, -30.669539], [153.195393, -30.666659], [153.195143, -30.664242], [153.194773, -30.660974], [153.19441, -30.657617], [153.194089, -30.654186], [153.193685, -30.650987], [153.19313, -30.647354], [153.192788, -30.644194], [153.192437, -30.64111], [153.192069, -30.63845], [153.191782, -30.635807], [153.191396, -30.632775], [153.191112, -30.629708], [153.190831, -30.627172], [153.190416, -30.623876], [153.189999, -30.621301], [153.189596, -30.618462], [153.189289, -30.615565], [153.188921, -30.613182], [153.18869, -30.610628], [153.188232, -30.607752], [153.187732, -30.604961], [153.187373, -30.602529], [153.18693, -30.599255], [153.186511, -30.596744], [153.186098, -30.594572], [153.185707, -30.591864], [153.185033, -30.588213], [153.184446, -30.584996], [153.184013, -30.582775], [153.183523, -30.580085], [153.183055, -30.577502], [153.182641, -30.575093], [153.182061, -30.57164], [153.181717, -30.569014], [153.18118, -30.566037], [153.180736, -30.563029], [153.180339, -30.559908], [153.179959, -30.557343], [153.179616, -30.554641], [153.179399, -30.551981], [153.179083, -30.54932], [153.178681, -30.546585], [153.178234, -30.543036], [153.178085, -30.539285], [153.177623, -30.536171], [153.177235, -30.533601], [153.17701, -30.530223], [153.176626, -30.528119], [153.176526, -30.524723], [153.175971, -30.52181], [153.175161, -30.519187], [153.175518, -30.51582], [153.175901, -30.512735], [153.175691, -30.509506], [153.175608, -30.506888], [153.175538, -30.503376], [153.175499, -30.500042], [153.175399, -30.497561], [153.175227, -30.494067], [153.175072, -30.490613], [153.174996, -30.488244], [153.174743, -30.484817], [153.174586, -30.482009], [153.174487, -30.479296], [153.174304, -30.476573], [153.174097, -30.473207], [153.174007, -30.47066], [153.173698, -30.466997], [153.173496, -30.464332], [153.173152, -30.461097], [153.172786, -30.457558], [153.172325, -30.453637], [153.172076, -30.451292], [153.17185, -30.448148], [153.171606, -30.445483], [153.171347, -30.443139], [153.171093, -30.439225], [153.170807, -30.436312], [153.170461, -30.432733], [153.170088, -30.429167], [153.169715, -30.425474], [153.169327, -30.422287], [153.16898, -30.41971], [153.168661, -30.416854], [153.168198, -30.41338], [153.167723, -30.409901], [153.167323, -30.406054], [153.167071, -30.403613], [153.166672, -30.399627], [153.16635, -30.396524], [153.166032, -30.39317], [153.165803, -30.390513], [153.165497, -30.386805], [153.165298, -30.38366], [153.165089, -30.380498], [153.164739, -30.376744], [153.164382, -30.373527], [153.164026, -30.369749], [153.163595, -30.366628], [153.163254, -30.362922], [153.16316, -30.360379], [153.162855, -30.356593], [153.16274, -30.353958], [153.162635, -30.350508], [153.162491, -30.346997], [153.162268, -30.343353], [153.162135, -30.339916], [153.162088, -30.335636], [153.162122, -30.333335], [153.162273, -30.330035], [153.162444, -30.326388], [153.161876, -30.323779], [153.160962, -30.321259], [153.159714, -30.317476], [153.158508, -30.31379], [153.157494, -30.311559], [153.155428, -30.309656], [153.152371, -30.308355], [153.148531, -30.306995], [153.146044, -30.305728], [153.144234, -30.304488], [153.143824, -30.30461], [153.14235, -30.305243], [153.143483, -30.304757], [153.143929, -30.304546], [153.147196, -30.304626], [153.147291, -30.304464], [153.143498, -30.306901], [153.143586, -30.306478], [153.14575, -30.304054], [153.147425, -30.304573]]}, "times": ["2023-01-07T01:14:05+00:00", "2023-01-07T01:15:53+00:00", "2023-01-07T01:18:34+00:00", "2023-01-07T01:20:59+00:00", "2023-01-07T01:23:32+00:00", "2023-01-07T01:26:33+00:00", "2023-01-07T01:29:34+00:00", "2023-01-07T01:32:33+00:00", "2023-01-07T01:35:59+00:00", "2023-01-07T01:38:34+00:00", "2023-01-07T01:40:58+00:00", "2023-01-07T01:43:35+00:00", "2023-01-07T01:46:37+00:00", "2023-01-07T01:49:40+00:00", "2023-01-07T01:52:40+00:00", "2023-01-07T01:55:40+00:00", "2023-01-07T01:57:52+00:00", "2023-01-07T02:00:40+00:00", "2023-01-07T02:03:13+00:00", "2023-01-07T02:06:40+00:00", "2023-01-07T02:09:11+00:00", "2023-01-07T02:11:45+00:00", "2023-01-07T02:14:30+00:00", "2023-01-07T02:16:47+00:00", "2023-01-07T02:18:46+00:00", "2023-01-07T02:21:40+00:00", "2023-01-07T02:23:04+00:00", "2023-01-07T02:24:44+00:00", "2023-01-07T02:28:40+00:00", "2023-01-07T03:43:07+00:00", "2023-01-07T03:46:22+00:00", "2023-01-07T03:48:35+00:00", "2023-01-07T03:50:23+00:00", "2023-01-07T03:52:16+00:00", "2023-01-07T03:54:03+00:00", "2023-01-07T03:55:12+00:00", "2023-01-07T03:58:17+00:00", "2023-01-07T04:01:08+00:00", "2023-01-07T04:03:18+00:00", "2023-01-07T04:05:06+00:00", "2023-01-07T04:06:43+00:00", "2023-01-07T22:04:52+00:00", "2023-01-08T07:09:30+00:00", "2023-01-08T10:53:29+00:00", "2023-01-08T10:54:42+00:00", "2023-01-08T10:56:51+00:00", "2023-01-08T10:58:41+00:00", "2023-01-08T11:01:19+00:00", "2023-01-08T11:02:20+00:00", "2023-01-08T11:04:24+00:00", "2023-01-08T11:06:09+00:00", "2023-01-08T11:08:27+00:00", "2023-01-08T11:10:27+00:00", "2023-01-08T11:12:15+00:00", "2023-01-08T11:15:13+00:00", "2023-01-08T11:16:51+00:00", "2023-01-08T11:18:45+00:00", "2023-01-08T11:21:27+00:00", "2023-01-08T11:23:21+00:00", "2023-01-08T11:25:29+00:00", "2023-01-08T23:13:03+00:00", "2023-01-09T00:55:43+00:00", "2023-01-09T00:58:44+00:00", "2023-01-09T01:01:06+00:00", "2023-01-09T01:03:20+00:00", "2023-01-09T01:05:45+00:00", "2023-01-09T01:07:44+00:00", "2023-01-09T01:09:34+00:00", "2023-01-09T01:11:45+00:00", "2023-01-09T01:13:45+00:00", "2023-01-09T01:15:45+00:00", "2023-01-09T01:17:45+00:00", "2023-01-09T01:19:45+00:00", "2023-01-09T01:21:41+00:00", "2023-01-09T01:22:45+00:00", "2023-01-09T01:24:45+00:00", "2023-01-09T01:26:59+00:00", "2023-01-09T01:28:45+00:00", "2023-01-09T01:30:45+00:00", "2023-01-09T01:33:30+00:00", "2023-01-09T01:36:16+00:00", "2023-01-09T01:38:19+00:00", "2023-01-09T01:40:19+00:00", "2023-01-09T01:42:45+00:00", "2023-01-09T01:44:45+00:00", "2023-01-09T01:46:54+00:00", "2023-01-09T01:49:24+00:00", "2023-01-09T01:50:54+00:00", "2023-01-09T01:53:45+00:00", "2023-01-09T01:55:45+00:00", "2023-01-09T01:57:45+00:00", "2023-01-09T01:58:53+00:00", "2023-01-09T02:01:45+00:00", "2023-01-09T02:03:45+00:00", "2023-01-09T02:06:19+00:00", "2023-01-09T02:07:45+00:00", "2023-01-09T02:10:44+00:00", "2023-01-09T02:12:09+00:00", "2023-01-09T02:13:47+00:00", "2023-01-09T02:15:53+00:00", "2023-01-09T02:18:45+00:00", "2023-01-09T02:20:46+00:00", "2023-01-09T02:23:46+00:00", "2023-01-09T02:27:45+00:00", "2023-01-09T02:29:20+00:00", "2023-01-09T02:30:53+00:00", "2023-01-09T02:33:27+00:00", "2023-01-09T02:36:08+00:00", "2023-01-09T02:38:52+00:00", "2023-01-09T02:41:45+00:00", "2023-01-09T02:43:53+00:00", "2023-01-09T02:46:47+00:00", "2023-01-09T02:49:47+00:00", "2023-01-09T02:52:04+00:00", "2023-01-09T02:54:48+00:00", "2023-01-09T02:56:48+00:00", "2023-01-09T02:59:50+00:00", "2023-01-09T03:01:50+00:00", "2023-01-09T03:04:10+00:00", "2023-01-09T03:06:20+00:00", "2023-01-09T03:08:50+00:00", "2023-01-09T03:10:50+00:00", "2023-01-09T03:13:42+00:00", "2023-01-09T03:15:50+00:00", "2023-01-09T03:18:14+00:00", "2023-01-09T03:20:50+00:00", "2023-01-09T03:22:45+00:00", "2023-01-09T03:25:01+00:00", "2023-01-09T03:27:51+00:00", "2023-01-09T03:30:51+00:00", "2023-01-09T03:32:45+00:00", "2023-01-09T03:35:51+00:00", "2023-01-09T03:37:51+00:00", "2023-01-09T03:39:51+00:00", "2023-01-09T03:41:51+00:00", "2023-01-09T03:44:51+00:00", "2023-01-09T03:47:24+00:00", "2023-01-09T03:49:51+00:00", "2023-01-09T03:52:45+00:00", "2023-01-09T03:54:51+00:00", "2023-01-09T03:57:22+00:00", "2023-01-09T03:59:24+00:00", "2023-01-09T04:01:55+00:00", "2023-01-09T04:03:55+00:00", "2023-01-09T04:06:59+00:00", "2023-01-09T04:09:51+00:00", "2023-01-09T04:12:13+00:00", "2023-01-09T04:14:57+00:00", "2023-01-09T04:17:57+00:00", "2023-01-09T04:20:58+00:00", "2023-01-09T04:23:58+00:00", "2023-01-09T04:26:06+00:00", "2023-01-09T04:28:59+00:00", "2023-01-09T04:32:58+00:00", "2023-01-09T04:35:59+00:00", "2023-01-09T04:38:13+00:00", "2023-01-09T04:40:56+00:00", "2023-01-09T04:44:40+00:00", "2023-01-09T04:46:50+00:00", "2023-01-09T04:50:56+00:00", "2023-01-09T04:53:58+00:00", "2023-01-09T04:57:57+00:00", "2023-01-09T05:00:59+00:00", "2023-01-09T05:04:00+00:00", "2023-01-09T05:08:00+00:00", "2023-01-09T05:11:57+00:00", "2023-01-09T05:15:02+00:00", "2023-01-09T05:19:00+00:00", "2023-01-09T05:22:23+00:00", "2023-01-09T05:26:00+00:00", "2023-01-09T05:31:01+00:00", "2023-01-09T05:35:00+00:00", "2023-01-09T05:38:00+00:00", "2023-01-09T05:41:52+00:00", "2023-01-09T05:46:01+00:00", "2023-01-09T05:50:02+00:00", "2023-01-09T05:55:03+00:00", "2023-01-09T05:59:03+00:00", "2023-01-09T06:03:00+00:00", "2023-01-09T06:07:05+00:00", "2023-01-09T06:10:05+00:00", "2023-01-09T06:14:05+00:00", "2023-01-09T06:18:05+00:00", "2023-01-09T06:21:05+00:00", "2023-01-09T06:25:05+00:00", "2023-01-09T06:29:02+00:00", "2023-01-09T06:33:00+00:00", "2023-01-09T06:36:04+00:00", "2023-01-09T06:39:13+00:00", "2023-01-09T06:43:03+00:00", "2023-01-09T06:46:14+00:00", "2023-01-09T06:50:15+00:00", "2023-01-09T06:52:48+00:00", "2023-01-09T06:56:59+00:00", "2023-01-09T06:59:17+00:00", "2023-01-09T07:02:00+00:00", "2023-01-09T07:05:00+00:00", "2023-01-09T07:07:00+00:00", "2023-01-09T07:10:00+00:00", "2023-01-09T07:12:00+00:00", "2023-01-09T07:14:55+00:00", "2023-01-09T07:17:00+00:00", "2023-01-09T07:19:00+00:00", "2023-01-09T07:22:01+00:00", "2023-01-09T07:25:01+00:00", "2023-01-09T07:27:01+00:00", "2023-01-09T07:29:01+00:00", "2023-01-09T07:31:01+00:00", "2023-01-09T07:33:11+00:00", "2023-01-09T07:35:01+00:00", "2023-01-09T07:37:01+00:00", "2023-01-09T07:39:25+00:00", "2023-01-09T07:42:02+00:00", "2023-01-09T07:45:02+00:00", "2023-01-09T07:46:36+00:00", "2023-01-09T07:48:03+00:00", "2023-01-09T07:50:03+00:00", "2023-01-09T07:52:11+00:00", "2023-01-09T07:54:01+00:00", "2023-01-09T07:56:04+00:00", "2023-01-09T07:58:19+00:00", "2023-01-09T08:00:05+00:00", "2023-01-09T08:02:44+00:00", "2023-01-09T08:04:00+00:00", "2023-01-09T08:06:05+00:00", "2023-01-09T08:08:05+00:00", "2023-01-09T08:09:35+00:00", "2023-01-09T08:11:05+00:00", "2023-01-09T08:13:26+00:00", "2023-01-09T08:15:53+00:00", "2023-01-09T08:18:03+00:00", "2023-01-09T08:20:03+00:00", "2023-01-09T08:25:10+00:00", "2023-01-10T01:51:35+00:00", "2023-01-10T05:17:54+00:00", "2023-01-10T05:19:59+00:00", "2023-01-10T05:22:31+00:00", "2023-01-10T05:25:00+00:00", "2023-01-10T05:27:00+00:00", "2023-01-10T05:30:00+00:00", "2023-01-10T05:32:00+00:00", "2023-01-10T05:34:15+00:00", "2023-01-10T05:37:00+00:00", "2023-01-10T05:39:02+00:00", "2023-01-10T05:40:29+00:00", "2023-01-10T05:45:00+00:00", "2023-01-10T05:53:33+00:00", "2023-01-10T08:10:59+00:00", "2023-01-10T08:13:26+00:00", "2023-01-10T08:14:55+00:00", "2023-01-10T08:18:18+00:00", "2023-01-10T08:24:09+00:00", "2023-01-10T08:25:45+00:00", "2023-01-10T08:29:38+00:00", "2023-01-10T08:33:53+00:00", "2023-01-10T08:35:25+00:00", "2023-01-10T08:38:16+00:00", "2023-01-10T08:45:45+00:00", "2023-01-10T08:49:05+00:00", "2023-01-10T08:51:31+00:00", "2023-01-10T08:55:57+00:00", "2023-01-10T08:58:27+00:00", "2023-01-10T09:01:08+00:00", "2023-01-10T09:03:09+00:00", "2023-01-10T09:05:21+00:00", "2023-01-10T09:07:25+00:00", "2023-01-10T09:09:47+00:00", "2023-01-10T09:11:09+00:00", "2023-01-10T09:13:24+00:00", "2023-01-10T09:14:56+00:00", "2023-01-10T09:16:48+00:00", "2023-01-10T09:18:56+00:00", "2023-01-10T09:19:59+00:00", "2023-01-10T09:22:56+00:00", "2023-01-10T09:24:20+00:00", "2023-01-10T09:26:56+00:00", "2023-01-10T09:28:53+00:00", "2023-01-10T09:30:14+00:00", "2023-01-10T09:32:16+00:00", "2023-01-10T09:34:15+00:00", "2023-01-10T09:35:45+00:00", "2023-01-10T09:38:56+00:00", "2023-01-10T09:40:04+00:00", "2023-01-10T09:42:17+00:00", "2023-01-10T09:43:56+00:00", "2023-01-10T09:45:45+00:00", "2023-01-10T09:47:10+00:00", "2023-01-10T09:49:40+00:00", "2023-01-10T09:51:01+00:00", "2023-01-10T09:52:57+00:00", "2023-01-10T09:54:58+00:00", "2023-01-10T09:56:58+00:00", "2023-01-10T09:58:58+00:00", "2023-01-10T10:01:38+00:00", "2023-01-10T10:03:20+00:00", "2023-01-10T10:05:31+00:00", "2023-01-10T10:08:05+00:00", "2023-01-10T10:09:10+00:00", "2023-01-10T10:11:48+00:00", "2023-01-10T10:13:57+00:00", "2023-01-10T10:14:59+00:00", "2023-01-10T10:16:59+00:00", "2023-01-10T10:17:59+00:00", "2023-01-10T10:19:49+00:00", "2023-01-10T10:22:02+00:00", "2023-01-10T10:24:11+00:00", "2023-01-10T10:25:59+00:00", "2023-01-10T10:28:00+00:00", "2023-01-10T10:29:03+00:00", "2023-01-10T10:31:00+00:00", "2023-01-10T10:33:10+00:00", "2023-01-10T10:35:22+00:00", "2023-01-10T10:37:23+00:00", "2023-01-10T10:39:13+00:00", "2023-01-10T10:40:47+00:00", "2023-01-10T10:42:12+00:00", "2023-01-10T10:43:14+00:00", "2023-01-10T10:45:03+00:00", "2023-01-10T10:46:40+00:00", "2023-01-10T10:48:13+00:00", "2023-01-10T10:50:07+00:00", "2023-01-10T10:52:03+00:00", "2023-01-10T10:53:11+00:00", "2023-01-10T10:54:03+00:00", "2023-01-10T10:56:19+00:00", "2023-01-10T10:57:20+00:00", "2023-01-10T10:59:22+00:00", "2023-01-10T11:02:02+00:00", "2023-01-10T11:03:41+00:00", "2023-01-10T11:06:00+00:00", "2023-01-10T11:07:03+00:00", "2023-01-10T11:09:03+00:00", "2023-01-10T11:11:12+00:00", "2023-01-10T11:13:26+00:00", "2023-01-10T11:15:04+00:00", "2023-01-10T11:17:03+00:00", "2023-01-10T11:18:56+00:00", "2023-01-10T11:21:08+00:00", "2023-01-10T11:23:08+00:00", "2023-01-10T11:25:07+00:00", "2023-01-10T11:26:00+00:00", "2023-01-10T11:27:40+00:00", "2023-01-10T11:29:09+00:00", "2023-01-10T11:30:53+00:00", "2023-01-10T11:32:22+00:00", "2023-01-10T11:33:54+00:00", "2023-01-10T11:35:39+00:00", "2023-01-10T11:37:23+00:00", "2023-01-10T11:38:32+00:00", "2023-01-10T11:39:56+00:00", "2023-01-10T11:41:13+00:00", "2023-01-10T11:43:15+00:00", "2023-01-10T11:45:14+00:00", "2023-01-10T11:46:58+00:00", "2023-01-10T11:48:23+00:00", "2023-01-10T11:50:15+00:00", "2023-01-10T11:52:08+00:00", "2023-01-10T11:53:28+00:00", "2023-01-10T11:55:16+00:00", "2023-01-10T11:57:33+00:00", "2023-01-10T11:59:21+00:00", "2023-01-10T12:01:10+00:00", "2023-01-10T12:02:21+00:00", "2023-01-10T12:04:16+00:00", "2023-01-10T12:06:15+00:00", "2023-01-10T12:07:26+00:00", "2023-01-10T12:09:30+00:00", "2023-01-10T12:12:07+00:00", "2023-01-10T12:14:21+00:00", "2023-01-10T12:16:15+00:00", "2023-01-10T12:18:22+00:00", "2023-01-10T12:20:32+00:00", "2023-01-10T12:22:09+00:00", "2023-01-10T12:23:41+00:00", "2023-01-10T12:25:37+00:00", "2023-01-10T12:28:14+00:00", "2023-01-10T12:30:29+00:00", "2023-01-10T12:32:21+00:00", "2023-01-10T12:34:22+00:00", "2023-01-10T12:36:15+00:00", "2023-01-10T12:38:59+00:00", "2023-01-10T12:40:32+00:00", "2023-01-10T12:43:08+00:00", "2023-01-10T12:45:29+00:00", "2023-01-10T12:47:13+00:00", "2023-01-10T12:49:29+00:00", "2023-01-10T12:51:22+00:00", "2023-01-10T12:53:55+00:00", "2023-01-10T12:55:29+00:00", "2023-01-10T12:57:23+00:00", "2023-01-10T12:59:23+00:00", "2023-01-10T13:01:33+00:00", "2023-01-10T13:03:23+00:00", "2023-01-10T13:06:07+00:00", "2023-01-10T13:07:32+00:00", "2023-01-10T13:10:25+00:00", "2023-01-10T13:12:00+00:00", "2023-01-10T13:14:08+00:00", "2023-01-10T13:15:45+00:00", "2023-01-10T13:17:25+00:00", "2023-01-10T13:19:25+00:00", "2023-01-10T13:21:25+00:00", "2023-01-10T13:23:25+00:00", "2023-01-10T13:25:25+00:00", "2023-01-10T13:27:25+00:00", "2023-01-10T13:29:25+00:00", "2023-01-10T13:31:24+00:00", "2023-01-10T13:33:12+00:00", "2023-01-10T13:34:32+00:00", "2023-01-10T13:37:01+00:00", "2023-01-10T13:38:49+00:00", "2023-01-10T13:41:25+00:00", "2023-01-10T13:43:25+00:00", "2023-01-10T13:45:26+00:00", "2023-01-10T13:47:25+00:00", "2023-01-10T13:49:27+00:00", "2023-01-10T13:51:27+00:00", "2023-01-10T13:53:27+00:00", "2023-01-10T13:54:56+00:00", "2023-01-10T13:57:27+00:00", "2023-01-10T13:59:27+00:00", "2023-01-10T14:01:27+00:00", "2023-01-10T14:03:27+00:00", "2023-01-10T14:05:19+00:00", "2023-01-10T14:07:15+00:00", "2023-01-10T14:09:04+00:00", "2023-01-10T14:10:28+00:00", "2023-01-10T14:12:53+00:00", "2023-01-10T14:14:49+00:00", "2023-01-10T14:17:14+00:00", "2023-01-10T14:19:06+00:00", "2023-01-10T14:21:29+00:00", "2023-01-10T14:23:35+00:00", "2023-01-10T14:26:04+00:00", "2023-01-10T14:28:28+00:00", "2023-01-10T14:31:25+00:00", "2023-01-10T14:33:18+00:00", "2023-01-10T14:35:27+00:00", "2023-01-10T14:37:35+00:00", "2023-01-10T14:40:53+00:00", "2023-01-10T14:44:27+00:00", "2023-01-10T14:46:55+00:00", "2023-01-10T14:49:35+00:00", "2023-01-10T14:52:28+00:00", "2023-01-10T14:55:27+00:00", "2023-01-10T14:57:28+00:00", "2023-01-10T15:00:33+00:00", "2023-01-10T15:03:18+00:00", "2023-01-10T15:05:38+00:00", "2023-01-10T15:08:29+00:00", "2023-01-10T15:10:52+00:00", "2023-01-10T15:13:48+00:00", "2023-01-10T15:16:27+00:00", "2023-01-10T15:19:30+00:00", "2023-01-10T15:22:25+00:00", "2023-01-10T15:25:31+00:00", "2023-01-10T15:27:31+00:00", "2023-01-10T15:29:31+00:00", "2023-01-10T15:31:31+00:00", "2023-01-10T15:33:31+00:00", "2023-01-10T15:35:31+00:00", "2023-01-10T15:37:59+00:00", "2023-01-10T15:40:31+00:00", "2023-01-10T15:42:31+00:00", "2023-01-10T15:44:31+00:00", "2023-01-10T15:46:30+00:00", "2023-01-10T15:49:01+00:00", "2023-01-10T15:51:32+00:00", "2023-01-10T15:53:32+00:00", "2023-01-10T15:55:32+00:00", "2023-01-10T15:57:32+00:00", "2023-01-10T15:59:20+00:00", "2023-01-10T16:01:32+00:00", "2023-01-10T16:02:37+00:00", "2023-01-10T16:05:34+00:00", "2023-01-10T16:07:34+00:00", "2023-01-10T16:09:34+00:00", "2023-01-10T16:12:10+00:00", "2023-01-10T16:14:35+00:00", "2023-01-10T16:16:45+00:00", "2023-01-10T16:19:36+00:00", "2023-01-10T16:21:49+00:00", "2023-01-10T16:23:49+00:00", "2023-01-10T16:25:49+00:00", "2023-01-10T16:28:20+00:00", "2023-01-10T16:30:51+00:00", "2023-01-10T16:32:51+00:00", "2023-01-10T16:34:51+00:00", "2023-01-10T16:37:00+00:00", "2023-01-10T16:39:46+00:00", "2023-01-10T16:41:53+00:00", "2023-01-10T16:43:53+00:00", "2023-01-10T16:45:53+00:00", "2023-01-10T16:47:53+00:00", "2023-01-10T16:49:53+00:00", "2023-01-10T16:52:33+00:00", "2023-01-10T16:54:53+00:00", "2023-01-10T16:56:45+00:00", "2023-01-10T16:59:52+00:00", "2023-01-10T17:02:53+00:00", "2023-01-10T17:04:58+00:00", "2023-01-10T17:07:19+00:00", "2023-01-10T17:09:48+00:00", "2023-01-10T17:11:53+00:00", "2023-01-10T17:13:54+00:00", "2023-01-10T17:16:11+00:00", "2023-01-10T17:18:39+00:00", "2023-01-10T17:21:17+00:00", "2023-01-10T17:23:39+00:00", "2023-01-10T17:25:52+00:00", "2023-01-10T17:27:20+00:00", "2023-01-10T17:29:48+00:00", "2023-01-10T17:31:22+00:00", "2023-01-10T17:33:07+00:00", "2023-01-10T17:35:04+00:00", "2023-01-10T17:37:33+00:00", "2023-01-10T17:39:05+00:00", "2023-01-10T17:41:34+00:00", "2023-01-10T17:43:36+00:00", "2023-01-10T17:45:00+00:00", "2023-01-10T17:47:38+00:00", "2023-01-10T17:48:55+00:00", "2023-01-10T17:51:20+00:00", "2023-01-10T17:53:37+00:00", "2023-01-10T17:55:55+00:00", "2023-01-10T17:57:55+00:00", "2023-01-10T17:59:56+00:00", "2023-01-10T18:01:56+00:00", "2023-01-10T18:04:18+00:00", "2023-01-10T18:05:59+00:00", "2023-01-10T18:07:56+00:00", "2023-01-10T18:09:56+00:00", "2023-01-10T18:11:56+00:00", "2023-01-10T18:14:15+00:00", "2023-01-10T18:15:58+00:00", "2023-01-10T18:18:13+00:00", "2023-01-10T18:20:06+00:00", "2023-01-10T18:22:01+00:00", "2023-01-10T18:24:01+00:00", "2023-01-10T18:26:01+00:00", "2023-01-10T18:28:01+00:00", "2023-01-10T18:30:01+00:00", "2023-01-10T18:32:20+00:00", "2023-01-10T18:35:01+00:00", "2023-01-10T18:36:45+00:00", "2023-01-10T18:39:08+00:00", "2023-01-10T18:41:01+00:00", "2023-01-10T18:43:01+00:00", "2023-01-10T18:45:01+00:00", "2023-01-10T18:46:45+00:00", "2023-01-10T18:49:01+00:00", "2023-01-10T18:51:01+00:00", "2023-01-10T18:53:17+00:00", "2023-01-10T18:55:35+00:00", "2023-01-10T18:57:11+00:00", "2023-01-10T18:59:46+00:00", "2023-01-10T19:01:30+00:00", "2023-01-10T19:04:37+00:00", "2023-01-10T19:06:57+00:00", "2023-01-10T19:09:35+00:00", "2023-01-10T19:12:05+00:00", "2023-01-10T19:15:27+00:00", "2023-01-10T19:16:58+00:00", "2023-01-10T19:19:49+00:00", "2023-01-10T19:22:01+00:00", "2023-01-10T19:23:11+00:00", "2023-01-10T19:25:02+00:00", "2023-01-10T19:26:49+00:00", "2023-01-10T19:29:58+00:00", "2023-01-10T19:31:02+00:00", "2023-01-10T19:33:56+00:00", "2023-01-10T19:35:58+00:00", "2023-01-10T19:37:59+00:00", "2023-01-10T19:39:58+00:00", "2023-01-10T19:42:00+00:00", "2023-01-10T19:43:30+00:00", "2023-01-10T19:46:16+00:00", "2023-01-10T19:48:21+00:00", "2023-01-10T19:50:42+00:00", "2023-01-10T19:52:59+00:00", "2023-01-10T19:55:00+00:00", "2023-01-10T19:57:00+00:00", "2023-01-10T19:59:00+00:00", "2023-01-10T20:01:01+00:00", "2023-01-10T20:03:01+00:00", "2023-01-10T20:04:59+00:00", "2023-01-10T20:07:44+00:00", "2023-01-10T20:10:02+00:00", "2023-01-10T20:12:02+00:00", "2023-01-10T20:14:07+00:00", "2023-01-10T20:16:00+00:00", "2023-01-10T20:17:53+00:00", "2023-01-10T20:19:14+00:00", "2023-01-10T20:22:05+00:00", "2023-01-10T20:23:05+00:00", "2023-01-10T20:24:33+00:00", "2023-01-10T20:26:54+00:00", "2023-01-10T20:28:31+00:00", "2023-01-10T20:31:05+00:00", "2023-01-10T20:33:05+00:00", "2023-01-10T20:35:05+00:00", "2023-01-10T20:37:24+00:00", "2023-01-10T20:39:06+00:00", "2023-01-10T20:41:06+00:00", "2023-01-10T20:43:27+00:00", "2023-01-10T20:45:06+00:00", "2023-01-10T20:47:21+00:00", "2023-01-10T20:49:06+00:00", "2023-01-10T20:51:35+00:00", "2023-01-10T20:53:20+00:00", "2023-01-10T20:55:49+00:00", "2023-01-10T20:58:06+00:00", "2023-01-10T21:01:00+00:00", "2023-01-10T21:02:32+00:00", "2023-01-10T21:04:58+00:00", "2023-01-10T21:07:00+00:00", "2023-01-10T21:08:47+00:00", "2023-01-10T21:11:05+00:00", "2023-01-10T21:13:06+00:00", "2023-01-10T21:15:06+00:00", "2023-01-10T21:16:23+00:00", "2023-01-10T21:19:06+00:00", "2023-01-10T21:21:06+00:00", "2023-01-10T21:23:04+00:00", "2023-01-10T21:24:25+00:00", "2023-01-10T21:27:00+00:00", "2023-01-10T21:28:56+00:00", "2023-01-10T21:30:41+00:00", "2023-01-10T21:32:14+00:00", "2023-01-10T21:34:19+00:00", "2023-01-10T21:36:13+00:00", "2023-01-10T21:38:51+00:00", "2023-01-10T21:41:04+00:00", "2023-01-10T21:42:37+00:00", "2023-01-10T21:45:11+00:00", "2023-01-10T21:48:01+00:00", "2023-01-10T21:49:38+00:00", "2023-01-10T21:52:08+00:00", "2023-01-10T21:54:08+00:00", "2023-01-10T21:56:43+00:00", "2023-01-10T21:59:04+00:00", "2023-01-10T22:01:08+00:00", "2023-01-10T22:03:09+00:00", "2023-01-10T22:05:28+00:00", "2023-01-10T22:07:08+00:00", "2023-01-10T22:09:09+00:00", "2023-01-10T22:12:09+00:00", "2023-01-10T22:14:43+00:00", "2023-01-10T22:17:00+00:00", "2023-01-10T22:19:10+00:00", "2023-01-10T22:22:04+00:00", "2023-01-10T22:23:28+00:00", "2023-01-10T22:26:12+00:00", "2023-01-10T22:29:12+00:00", "2023-01-10T22:32:12+00:00", "2023-01-10T22:34:17+00:00", "2023-01-10T22:37:00+00:00", "2023-01-10T22:40:09+00:00", "2023-01-10T22:43:09+00:00", "2023-01-10T22:45:12+00:00", "2023-01-10T22:48:11+00:00", "2023-01-10T22:50:17+00:00", "2023-01-10T22:53:10+00:00", "2023-01-10T22:55:10+00:00", "2023-01-10T22:57:47+00:00", "2023-01-10T23:00:03+00:00", "2023-01-10T23:02:10+00:00", "2023-01-10T23:04:50+00:00", "2023-01-10T23:06:59+00:00", "2023-01-10T23:09:00+00:00", "2023-01-10T23:10:57+00:00", "2023-01-10T23:13:42+00:00", "2023-01-10T23:15:36+00:00", "2023-01-10T23:18:10+00:00", "2023-01-10T23:19:38+00:00", "2023-01-10T23:22:12+00:00", "2023-01-10T23:24:33+00:00", "2023-01-10T23:27:06+00:00", "2023-01-10T23:29:13+00:00", "2023-01-10T23:31:13+00:00", "2023-01-10T23:33:26+00:00", "2023-01-10T23:36:13+00:00", "2023-01-10T23:38:16+00:00", "2023-01-10T23:40:17+00:00", "2023-01-10T23:42:17+00:00", "2023-01-10T23:44:22+00:00", "2023-01-10T23:47:13+00:00", "2023-01-10T23:49:13+00:00", "2023-01-10T23:51:11+00:00", "2023-01-10T23:53:46+00:00", "2023-01-10T23:56:12+00:00", "2023-01-10T23:58:13+00:00", "2023-01-11T00:00:14+00:00", "2023-01-11T00:02:14+00:00", "2023-01-11T00:04:25+00:00", "2023-01-11T00:06:59+00:00", "2023-01-11T00:09:15+00:00", "2023-01-11T00:11:15+00:00", "2023-01-11T00:13:36+00:00", "2023-01-11T00:15:15+00:00", "2023-01-11T00:18:15+00:00", "2023-01-11T00:20:41+00:00", "2023-01-11T00:23:27+00:00", "2023-01-11T00:25:15+00:00", "2023-01-11T00:27:15+00:00", "2023-01-11T00:31:17+00:00", "2023-01-11T00:34:08+00:00", "2023-01-11T00:36:23+00:00", "2023-01-11T00:38:15+00:00", "2023-01-11T00:40:16+00:00", "2023-01-11T00:42:17+00:00", "2023-01-11T00:44:22+00:00", "2023-01-11T00:46:03+00:00", "2023-01-11T00:48:18+00:00", "2023-01-11T00:50:14+00:00", "2023-01-11T00:52:47+00:00", "2023-01-11T00:55:20+00:00", "2023-01-11T00:57:58+00:00", "2023-01-11T00:59:51+00:00", "2023-01-11T01:02:16+00:00", "2023-01-11T01:04:19+00:00", "2023-01-11T01:06:19+00:00", "2023-01-11T01:09:12+00:00", "2023-01-11T01:11:19+00:00", "2023-01-11T01:13:55+00:00", "2023-01-11T01:15:53+00:00", "2023-01-11T01:17:50+00:00", "2023-01-11T01:20:19+00:00", "2023-01-11T01:22:26+00:00", "2023-01-11T01:25:19+00:00", "2023-01-11T01:27:15+00:00", "2023-01-11T01:29:51+00:00", "2023-01-11T01:31:52+00:00", "2023-01-11T01:34:20+00:00", "2023-01-11T01:36:20+00:00", "2023-01-11T01:38:20+00:00", "2023-01-11T01:41:20+00:00", "2023-01-11T01:43:51+00:00", "2023-01-11T01:46:22+00:00", "2023-01-11T01:48:23+00:00", "2023-01-11T01:50:23+00:00", "2023-01-11T01:52:23+00:00", "2023-01-11T01:54:23+00:00", "2023-01-11T01:56:41+00:00", "2023-01-11T01:59:06+00:00", "2023-01-11T02:01:23+00:00", "2023-01-11T02:03:01+00:00", "2023-01-11T02:04:50+00:00", "2023-01-11T02:07:15+00:00", "2023-01-11T02:09:21+00:00", "2023-01-11T02:11:23+00:00", "2023-01-11T02:14:21+00:00", "2023-01-11T02:16:21+00:00", "2023-01-11T02:18:34+00:00", "2023-01-11T02:20:26+00:00", "2023-01-11T02:22:26+00:00", "2023-01-11T02:25:21+00:00", "2023-01-11T02:27:06+00:00", "2023-01-11T02:28:26+00:00", "2023-01-11T02:30:28+00:00", "2023-01-11T02:32:26+00:00", "2023-01-11T02:35:10+00:00", "2023-01-11T02:37:15+00:00", "2023-01-11T02:39:16+00:00", "2023-01-11T02:41:04+00:00", "2023-01-11T02:43:27+00:00", "2023-01-11T02:45:30+00:00", "2023-01-11T02:47:15+00:00", "2023-01-11T02:49:53+00:00", "2023-01-11T02:51:54+00:00", "2023-01-11T02:53:30+00:00", "2023-01-11T02:55:40+00:00", "2023-01-11T02:58:01+00:00", "2023-01-11T03:00:27+00:00", "2023-01-11T03:02:27+00:00", "2023-01-11T03:04:27+00:00", "2023-01-11T03:06:27+00:00", "2023-01-11T03:08:31+00:00", "2023-01-11T03:11:20+00:00", "2023-01-11T03:13:09+00:00", "2023-01-11T03:15:27+00:00", "2023-01-11T03:17:28+00:00", "2023-01-11T03:20:17+00:00", "2023-01-11T03:22:28+00:00", "2023-01-11T03:25:26+00:00", "2023-01-11T03:28:20+00:00", "2023-01-11T03:30:29+00:00", "2023-01-11T03:32:29+00:00", "2023-01-11T03:34:27+00:00", "2023-01-11T03:36:27+00:00", "2023-01-11T03:39:31+00:00", "2023-01-11T03:41:32+00:00", "2023-01-11T03:44:29+00:00", "2023-01-11T03:46:32+00:00", "2023-01-11T03:48:32+00:00", "2023-01-11T03:51:32+00:00", "2023-01-11T03:54:05+00:00", "2023-01-11T03:56:11+00:00", "2023-01-11T03:58:32+00:00", "2023-01-11T04:00:32+00:00", "2023-01-11T04:03:32+00:00", "2023-01-11T04:05:43+00:00", "2023-01-11T04:08:04+00:00", "2023-01-11T04:10:32+00:00", "2023-01-11T04:12:32+00:00", "2023-01-11T04:14:35+00:00", "2023-01-11T04:16:34+00:00", "2023-01-11T04:19:34+00:00", "2023-01-11T04:21:35+00:00", "2023-01-11T04:24:17+00:00", "2023-01-11T04:26:41+00:00", "2023-01-11T04:28:38+00:00", "2023-01-11T04:31:29+00:00", "2023-01-11T04:33:36+00:00", "2023-01-11T04:36:08+00:00", "2023-01-11T04:38:30+00:00", "2023-01-11T04:40:33+00:00", "2023-01-11T04:42:33+00:00", "2023-01-11T04:45:22+00:00", "2023-01-11T04:46:34+00:00", "2023-01-11T04:48:39+00:00", "2023-01-11T04:51:12+00:00", "2023-01-11T04:53:36+00:00", "2023-01-11T04:55:36+00:00", "2023-01-11T04:58:27+00:00", "2023-01-11T05:00:36+00:00", "2023-01-11T05:02:36+00:00", "2023-01-11T05:05:37+00:00", "2023-01-11T05:07:36+00:00", "2023-01-11T05:10:33+00:00", "2023-01-11T05:12:35+00:00", "2023-01-11T05:15:53+00:00", "2023-01-11T05:18:34+00:00", "2023-01-11T05:20:52+00:00", "2023-01-11T05:22:44+00:00", "2023-01-11T05:25:36+00:00", "2023-01-11T05:28:19+00:00", "2023-01-11T05:30:07+00:00", "2023-01-11T05:32:39+00:00", "2023-01-11T05:34:39+00:00", "2023-01-11T05:37:30+00:00", "2023-01-11T05:40:38+00:00", "2023-01-11T05:42:26+00:00", "2023-01-11T05:45:38+00:00", "2023-01-11T05:48:13+00:00", "2023-01-11T05:50:59+00:00", "2023-01-11T05:53:25+00:00", "2023-01-11T05:55:39+00:00", "2023-01-11T05:57:49+00:00", "2023-01-11T06:01:08+00:00", "2023-01-11T06:03:39+00:00", "2023-01-11T06:05:41+00:00", "2023-01-11T06:08:18+00:00", "2023-01-11T06:10:30+00:00", "2023-01-11T06:12:39+00:00", "2023-01-11T06:16:41+00:00", "2023-01-11T06:19:03+00:00", "2023-01-11T06:20:55+00:00", "2023-01-11T06:22:44+00:00", "2023-01-11T06:25:44+00:00", "2023-01-11T06:27:57+00:00", "2023-01-11T06:29:49+00:00", "2023-01-11T06:33:03+00:00", "2023-01-11T06:36:44+00:00", "2023-01-11T06:38:31+00:00", "2023-01-11T06:42:12+00:00", "2023-01-11T06:44:38+00:00", "2023-01-11T06:46:39+00:00", "2023-01-11T06:48:47+00:00", "2023-01-11T06:51:22+00:00", "2023-01-11T06:53:41+00:00", "2023-01-11T06:55:42+00:00", "2023-01-11T06:57:42+00:00", "2023-01-11T07:00:43+00:00", "2023-01-11T07:02:43+00:00", "2023-01-11T07:05:40+00:00", "2023-01-11T07:07:43+00:00", "2023-01-11T07:09:58+00:00", "2023-01-11T07:12:47+00:00", "2023-01-11T07:14:20+00:00", "2023-01-11T07:16:47+00:00", "2023-01-11T07:19:47+00:00", "2023-01-11T07:21:47+00:00", "2023-01-11T07:24:47+00:00", "2023-01-11T07:26:33+00:00", "2023-01-11T07:28:47+00:00", "2023-01-11T07:30:47+00:00", "2023-01-11T07:32:47+00:00", "2023-01-11T07:34:47+00:00", "2023-01-11T07:38:24+00:00", "2023-01-11T07:39:47+00:00", "2023-01-11T07:42:34+00:00", "2023-01-11T07:44:15+00:00", "2023-01-11T07:46:43+00:00", "2023-01-11T07:48:48+00:00", "2023-01-11T07:50:45+00:00", "2023-01-11T07:52:47+00:00", "2023-01-11T07:55:32+00:00", "2023-01-11T07:57:45+00:00", "2023-01-11T07:59:47+00:00", "2023-01-11T08:01:59+00:00", "2023-01-11T08:03:52+00:00", "2023-01-11T08:05:47+00:00", "2023-01-11T08:07:45+00:00", "2023-01-11T08:10:44+00:00", "2023-01-11T08:12:44+00:00", "2023-01-11T08:15:47+00:00", "2023-01-11T08:17:45+00:00", "2023-01-11T08:19:35+00:00", "2023-01-11T08:22:36+00:00", "2023-01-11T08:24:45+00:00", "2023-01-11T08:27:26+00:00", "2023-01-11T08:29:48+00:00", "2023-01-11T08:31:48+00:00", "2023-01-11T08:34:01+00:00", "2023-01-11T08:36:48+00:00", "2023-01-11T08:39:24+00:00", "2023-01-11T08:41:33+00:00", "2023-01-11T08:42:53+00:00", "2023-01-11T08:45:47+00:00", "2023-01-11T08:47:45+00:00", "2023-01-11T08:50:48+00:00", "2023-01-11T08:53:22+00:00", "2023-01-11T08:55:23+00:00", "2023-01-11T08:57:45+00:00", "2023-01-11T08:59:49+00:00", "2023-01-11T09:02:49+00:00", "2023-01-11T09:04:56+00:00", "2023-01-11T09:07:45+00:00", "2023-01-11T09:09:50+00:00", "2023-01-11T09:11:50+00:00", "2023-01-11T09:13:50+00:00", "2023-01-11T09:15:50+00:00", "2023-01-11T09:18:06+00:00", "2023-01-11T09:21:32+00:00", "2023-01-11T09:23:17+00:00", "2023-01-11T09:26:38+00:00", "2023-01-11T09:27:59+00:00", "2023-01-11T09:30:49+00:00", "2023-01-11T09:33:49+00:00", "2023-01-11T09:35:49+00:00", "2023-01-11T09:37:32+00:00", "2023-01-11T09:39:53+00:00", "2023-01-11T09:42:38+00:00", "2023-01-11T09:44:51+00:00", "2023-01-11T09:47:45+00:00", "2023-01-11T09:49:52+00:00", "2023-01-11T09:52:46+00:00", "2023-01-11T09:54:27+00:00", "2023-01-11T09:57:29+00:00", "2023-01-11T09:59:52+00:00", "2023-01-11T10:01:52+00:00", "2023-01-11T10:04:52+00:00", "2023-01-11T10:08:50+00:00", "2023-01-11T10:10:52+00:00", "2023-01-11T10:12:56+00:00", "2023-01-11T10:16:52+00:00", "2023-01-11T10:18:59+00:00", "2023-01-11T10:21:25+00:00", "2023-01-11T10:23:52+00:00", "2023-01-11T10:26:52+00:00", "2023-01-11T10:29:21+00:00", "2023-01-11T10:31:52+00:00", "2023-01-11T10:34:03+00:00", "2023-01-11T10:37:26+00:00", "2023-01-11T10:40:02+00:00", "2023-01-11T10:43:59+00:00", "2023-01-11T10:46:59+00:00", "2023-01-11T10:49:08+00:00", "2023-01-11T10:52:29+00:00", "2023-01-11T10:55:00+00:00", "2023-01-11T10:59:07+00:00", "2023-01-11T11:02:02+00:00", "2023-01-11T11:05:00+00:00", "2023-01-11T11:08:00+00:00", "2023-01-11T11:10:26+00:00", "2023-01-11T11:12:55+00:00", "2023-01-11T11:16:02+00:00", "2023-01-11T11:19:03+00:00", "2023-01-11T11:21:38+00:00", "2023-01-11T11:25:03+00:00", "2023-01-11T11:28:00+00:00", "2023-01-11T11:30:23+00:00", "2023-01-11T11:34:05+00:00", "2023-01-11T11:37:05+00:00", "2023-01-11T11:39:52+00:00", "2023-01-11T11:43:02+00:00", "2023-01-11T11:46:03+00:00", "2023-01-11T11:49:04+00:00", "2023-01-11T11:52:27+00:00", "2023-01-11T11:56:03+00:00", "2023-01-11T11:59:04+00:00", "2023-01-11T12:02:04+00:00", "2023-01-11T12:04:49+00:00", "2023-01-11T12:07:04+00:00", "2023-01-11T12:12:04+00:00", "2023-01-11T12:15:03+00:00", "2023-01-11T12:18:00+00:00", "2023-01-11T12:21:05+00:00", "2023-01-11T12:23:49+00:00", "2023-01-11T12:26:05+00:00", "2023-01-11T12:30:06+00:00", "2023-01-11T12:33:13+00:00", "2023-01-11T12:36:07+00:00", "2023-01-11T12:39:25+00:00", "2023-01-11T12:43:05+00:00", "2023-01-11T12:46:07+00:00", "2023-01-11T12:49:07+00:00", "2023-01-11T12:52:07+00:00", "2023-01-11T12:55:08+00:00", "2023-01-11T12:58:00+00:00", "2023-01-11T13:02:10+00:00", "2023-01-11T13:04:32+00:00", "2023-01-11T13:08:00+00:00", "2023-01-11T13:11:11+00:00", "2023-01-11T13:15:11+00:00", "2023-01-11T13:17:11+00:00", "2023-01-11T13:20:11+00:00", "2023-01-11T13:23:11+00:00", "2023-01-11T13:26:11+00:00", "2023-01-11T13:30:17+00:00", "2023-01-11T13:33:08+00:00", "2023-01-11T13:36:17+00:00", "2023-01-11T13:39:29+00:00", "2023-01-11T13:46:10+00:00", "2023-01-11T13:51:08+00:00", "2023-01-11T13:53:10+00:00", "2023-01-11T13:55:10+00:00", "2023-01-11T13:57:11+00:00", "2023-01-11T13:59:11+00:00", "2023-01-11T14:02:11+00:00", "2023-01-11T14:05:09+00:00", "2023-01-11T14:07:11+00:00", "2023-01-11T14:09:59+00:00", "2023-01-11T14:12:11+00:00", "2023-01-11T14:14:11+00:00", "2023-01-11T14:17:11+00:00", "2023-01-11T14:19:11+00:00", "2023-01-11T14:21:53+00:00", "2023-01-11T14:24:11+00:00", "2023-01-11T14:26:55+00:00", "2023-01-11T14:29:11+00:00", "2023-01-11T14:31:11+00:00", "2023-01-11T14:34:11+00:00", "2023-01-11T14:37:11+00:00", "2023-01-11T14:40:11+00:00", "2023-01-11T14:42:11+00:00", "2023-01-11T14:45:11+00:00", "2023-01-11T14:47:34+00:00", "2023-01-11T14:50:11+00:00", "2023-01-11T14:52:11+00:00", "2023-01-11T14:54:33+00:00", "2023-01-11T14:57:11+00:00", "2023-01-11T14:59:23+00:00", "2023-01-11T15:02:11+00:00", "2023-01-11T15:04:13+00:00", "2023-01-11T15:07:11+00:00", "2023-01-11T15:10:11+00:00", "2023-01-11T15:12:11+00:00", "2023-01-11T15:15:11+00:00", "2023-01-11T15:17:11+00:00", "2023-01-11T15:19:55+00:00", "2023-01-11T15:22:11+00:00", "2023-01-11T15:25:11+00:00", "2023-01-11T15:27:46+00:00", "2023-01-11T15:30:11+00:00", "2023-01-11T15:32:27+00:00", "2023-01-11T15:35:11+00:00", "2023-01-11T15:37:11+00:00", "2023-01-11T15:40:14+00:00", "2023-01-11T15:43:15+00:00", "2023-01-11T15:45:15+00:00", "2023-01-11T15:48:06+00:00", "2023-01-11T15:51:16+00:00", "2023-01-11T15:55:16+00:00", "2023-01-11T15:56:16+00:00", "2023-01-11T15:59:16+00:00", "2023-01-11T16:03:16+00:00", "2023-01-11T16:04:31+00:00", "2023-01-11T16:08:15+00:00", "2023-01-11T16:11:17+00:00", "2023-01-11T16:13:18+00:00", "2023-01-11T16:16:19+00:00", "2023-01-11T16:18:15+00:00", "2023-01-11T16:20:42+00:00", "2023-01-11T16:23:20+00:00", "2023-01-11T16:25:32+00:00", "2023-01-11T16:27:20+00:00", "2023-01-11T16:29:38+00:00", "2023-01-11T16:32:20+00:00", "2023-01-11T16:35:20+00:00", "2023-01-11T16:38:15+00:00", "2023-01-11T16:40:53+00:00", "2023-01-11T16:43:20+00:00", "2023-01-11T16:45:20+00:00", "2023-01-11T16:48:15+00:00", "2023-01-11T16:51:19+00:00", "2023-01-11T16:53:21+00:00", "2023-01-11T16:55:21+00:00", "2023-01-11T16:58:15+00:00", "2023-01-11T17:00:21+00:00", "2023-01-11T17:02:21+00:00", "2023-01-11T17:05:21+00:00", "2023-01-11T17:07:21+00:00", "2023-01-11T17:10:21+00:00", "2023-01-11T17:12:22+00:00", "2023-01-11T17:15:22+00:00", "2023-01-11T17:18:15+00:00", "2023-01-11T17:20:22+00:00", "2023-01-11T17:23:12+00:00", "2023-01-11T17:26:21+00:00", "2023-01-11T17:28:15+00:00", "2023-01-11T17:31:58+00:00", "2023-01-11T17:34:27+00:00", "2023-01-11T17:38:15+00:00", "2023-01-11T17:39:37+00:00", "2023-01-11T17:41:55+00:00", "2023-01-11T17:44:23+00:00", "2023-01-11T17:46:23+00:00", "2023-01-11T17:49:23+00:00", "2023-01-11T17:51:24+00:00", "2023-01-11T17:54:24+00:00", "2023-01-11T17:56:24+00:00", "2023-01-11T17:58:26+00:00", "2023-01-11T18:00:46+00:00", "2023-01-11T18:03:24+00:00", "2023-01-11T18:05:24+00:00", "2023-01-11T18:08:13+00:00", "2023-01-11T18:11:25+00:00", "2023-01-11T18:13:25+00:00", "2023-01-11T18:16:25+00:00", "2023-01-11T18:18:29+00:00", "2023-01-11T18:21:19+00:00", "2023-01-11T18:23:35+00:00", "2023-01-11T18:25:16+00:00", "2023-01-11T18:28:27+00:00", "2023-01-11T18:30:35+00:00", "2023-01-11T18:33:35+00:00", "2023-01-11T18:36:27+00:00", "2023-01-11T18:40:28+00:00", "2023-01-11T18:41:37+00:00", "2023-01-11T18:46:27+00:00", "2023-01-11T18:47:28+00:00", "2023-01-11T18:51:24+00:00", "2023-01-11T18:53:13+00:00", "2023-01-11T18:56:35+00:00", "2023-01-11T18:58:30+00:00", "2023-01-11T19:01:31+00:00", "2023-01-11T19:03:32+00:00", "2023-01-11T19:06:33+00:00", "2023-01-11T19:09:33+00:00", "2023-01-11T19:12:33+00:00", "2023-01-11T19:15:50+00:00", "2023-01-11T19:18:45+00:00", "2023-01-11T19:20:50+00:00", "2023-01-11T19:23:50+00:00", "2023-01-11T19:26:52+00:00", "2023-01-11T19:29:28+00:00", "2023-01-11T19:31:58+00:00", "2023-01-11T19:35:04+00:00", "2023-01-11T19:37:52+00:00", "2023-01-11T19:40:52+00:00", "2023-01-11T19:43:58+00:00", "2023-01-11T19:46:58+00:00", "2023-01-11T19:52:33+00:00", "2023-01-11T19:53:34+00:00", "2023-01-11T19:57:34+00:00", "2023-01-11T19:59:34+00:00", "2023-01-11T20:02:34+00:00", "2023-01-11T20:06:42+00:00", "2023-01-11T20:08:30+00:00", "2023-01-11T20:10:59+00:00", "2023-01-11T20:14:33+00:00", "2023-01-11T20:16:34+00:00", "2023-01-11T20:20:38+00:00", "2023-01-11T20:22:39+00:00", "2023-01-11T20:25:40+00:00", "2023-01-11T20:28:30+00:00", "2023-01-11T20:30:40+00:00", "2023-01-11T20:33:21+00:00", "2023-01-11T20:35:41+00:00", "2023-01-11T20:38:03+00:00", "2023-01-11T20:40:41+00:00", "2023-01-11T20:43:41+00:00", "2023-01-11T20:46:42+00:00", "2023-01-11T20:49:42+00:00", "2023-01-11T20:52:42+00:00", "2023-01-11T20:56:07+00:00", "2023-01-11T20:58:30+00:00", "2023-01-11T21:00:43+00:00", "2023-01-11T21:03:43+00:00", "2023-01-11T21:06:43+00:00", "2023-01-11T21:08:30+00:00", "2023-01-11T21:11:42+00:00", "2023-01-11T21:13:42+00:00", "2023-01-11T21:16:42+00:00", "2023-01-11T21:19:44+00:00", "2023-01-11T21:22:44+00:00", "2023-01-11T21:25:28+00:00", "2023-01-11T21:27:44+00:00", "2023-01-11T21:30:44+00:00", "2023-01-11T21:32:44+00:00", "2023-01-11T21:35:44+00:00", "2023-01-11T21:37:44+00:00", "2023-01-11T21:39:44+00:00", "2023-01-11T21:42:44+00:00", "2023-01-11T21:44:45+00:00", "2023-01-11T21:46:45+00:00", "2023-01-11T21:49:45+00:00", "2023-01-11T21:51:45+00:00", "2023-01-11T21:54:33+00:00", "2023-01-11T21:56:45+00:00", "2023-01-11T21:59:45+00:00", "2023-01-11T22:01:45+00:00", "2023-01-11T22:04:45+00:00", "2023-01-11T22:06:45+00:00", "2023-01-11T22:09:45+00:00", "2023-01-11T22:11:45+00:00", "2023-01-11T22:14:45+00:00", "2023-01-11T22:16:47+00:00", "2023-01-11T22:19:36+00:00", "2023-01-11T22:21:47+00:00", "2023-01-11T22:24:47+00:00", "2023-01-11T22:25:47+00:00", "2023-01-11T22:28:45+00:00", "2023-01-11T22:30:51+00:00", "2023-01-11T22:33:45+00:00", "2023-01-11T22:34:45+00:00", "2023-01-11T22:37:20+00:00", "2023-01-11T22:39:45+00:00", "2023-01-11T22:42:47+00:00", "2023-01-11T22:43:47+00:00", "2023-01-11T22:46:47+00:00", "2023-01-11T22:47:54+00:00", "2023-01-11T22:50:47+00:00", "2023-01-11T22:53:45+00:00", "2023-01-11T22:55:46+00:00", "2023-01-11T22:57:46+00:00", "2023-01-11T23:01:30+00:00", "2023-01-11T23:03:51+00:00", "2023-01-11T23:05:51+00:00", "2023-01-11T23:07:51+00:00", "2023-01-11T23:10:53+00:00", "2023-01-11T23:12:53+00:00", "2023-01-11T23:14:59+00:00", "2023-01-11T23:17:52+00:00", "2023-01-11T23:19:52+00:00", "2023-01-11T23:21:53+00:00", "2023-01-11T23:23:53+00:00", "2023-01-11T23:26:53+00:00", "2023-01-11T23:28:45+00:00", "2023-01-11T23:30:54+00:00", "2023-01-11T23:33:54+00:00", "2023-01-11T23:35:37+00:00", "2023-01-11T23:37:54+00:00", "2023-01-11T23:40:31+00:00", "2023-01-11T23:42:54+00:00", "2023-01-11T23:44:55+00:00", "2023-01-11T23:47:55+00:00", "2023-01-11T23:49:11+00:00", "2023-01-11T23:51:55+00:00", "2023-01-11T23:53:55+00:00", "2023-01-11T23:56:55+00:00", "2023-01-11T23:58:45+00:00", "2023-01-12T00:00:59+00:00", "2023-01-12T00:02:59+00:00", "2023-01-12T00:05:59+00:00", "2023-01-12T00:07:59+00:00", "2023-01-12T00:09:59+00:00", "2023-01-12T00:12:13+00:00", "2023-01-12T00:14:59+00:00", "2023-01-12T00:17:59+00:00", "2023-01-12T00:19:59+00:00", "2023-01-12T00:23:01+00:00", "2023-01-12T00:25:56+00:00", "2023-01-12T00:28:24+00:00", "2023-01-12T00:30:57+00:00", "2023-01-12T00:33:05+00:00", "2023-01-12T00:34:57+00:00", "2023-01-12T00:37:58+00:00", "2023-01-12T00:40:58+00:00", "2023-01-12T00:43:59+00:00", "2023-01-12T00:45:59+00:00", "2023-01-12T00:47:59+00:00", "2023-01-12T00:51:36+00:00", "2023-01-12T00:54:02+00:00", "2023-01-12T00:56:03+00:00", "2023-01-12T00:58:11+00:00", "2023-01-12T01:01:06+00:00", "2023-01-12T01:04:08+00:00", "2023-01-12T01:06:14+00:00", "2023-01-12T01:09:00+00:00", "2023-01-12T01:11:48+00:00", "2023-01-12T01:14:08+00:00", "2023-01-12T01:17:08+00:00", "2023-01-12T01:19:28+00:00", "2023-01-12T01:22:08+00:00", "2023-01-12T01:23:58+00:00", "2023-01-12T01:27:08+00:00", "2023-01-12T01:29:00+00:00", "2023-01-12T01:32:09+00:00", "2023-01-12T01:35:11+00:00", "2023-01-12T01:37:11+00:00", "2023-01-12T01:40:11+00:00", "2023-01-12T01:43:06+00:00", "2023-01-12T01:47:06+00:00", "2023-01-12T01:49:00+00:00", "2023-01-12T01:51:11+00:00", "2023-01-12T01:54:11+00:00", "2023-01-12T01:56:11+00:00", "2023-01-12T01:59:00+00:00", "2023-01-12T02:01:11+00:00", "2023-01-12T02:04:11+00:00", "2023-01-12T02:07:11+00:00", "2023-01-12T02:10:11+00:00", "2023-01-12T02:12:11+00:00", "2023-01-12T02:14:11+00:00", "2023-01-12T02:16:57+00:00", "2023-01-12T02:19:00+00:00", "2023-01-12T02:22:12+00:00", "2023-01-12T02:24:44+00:00", "2023-01-12T02:27:12+00:00", "2023-01-12T02:29:06+00:00", "2023-01-12T02:31:12+00:00", "2023-01-12T02:33:14+00:00", "2023-01-12T02:35:52+00:00", "2023-01-12T02:38:01+00:00", "2023-01-12T02:40:34+00:00", "2023-01-12T02:42:54+00:00", "2023-01-12T02:45:11+00:00", "2023-01-12T02:48:11+00:00", "2023-01-12T02:50:11+00:00", "2023-01-12T02:52:11+00:00", "2023-01-12T02:55:11+00:00", "2023-01-12T02:58:12+00:00", "2023-01-12T03:00:32+00:00", "2023-01-12T03:04:06+00:00", "2023-01-12T03:07:09+00:00", "2023-01-12T03:10:10+00:00", "2023-01-12T03:13:09+00:00", "2023-01-12T03:15:17+00:00", "2023-01-12T03:18:09+00:00", "2023-01-12T03:21:04+00:00", "2023-01-12T03:23:18+00:00", "2023-01-12T03:26:25+00:00", "2023-01-12T03:29:00+00:00", "2023-01-12T03:31:17+00:00", "2023-01-12T03:34:17+00:00", "2023-01-12T03:38:10+00:00", "2023-01-12T03:43:15+00:00", "2023-01-12T03:45:16+00:00", "2023-01-12T03:49:14+00:00", "2023-01-12T03:52:02+00:00", "2023-01-12T03:55:15+00:00", "2023-01-12T03:59:15+00:00", "2023-01-12T04:02:17+00:00", "2023-01-12T04:05:19+00:00", "2023-01-12T04:08:19+00:00", "2023-01-12T04:11:19+00:00", "2023-01-12T04:13:59+00:00", "2023-01-12T04:17:20+00:00", "2023-01-12T04:20:20+00:00", "2023-01-12T04:23:20+00:00", "2023-01-12T04:27:21+00:00", "2023-01-12T04:31:22+00:00", "2023-01-12T04:33:22+00:00", "2023-01-12T04:37:22+00:00", "2023-01-12T04:41:22+00:00", "2023-01-12T04:45:24+00:00", "2023-01-12T04:49:15+00:00", "2023-01-12T04:52:19+00:00", "2023-01-12T04:56:08+00:00", "2023-01-12T04:59:15+00:00", "2023-01-12T05:02:18+00:00", "2023-01-12T05:06:21+00:00", "2023-01-12T05:09:15+00:00", "2023-01-12T05:12:21+00:00", "2023-01-12T05:15:21+00:00", "2023-01-12T05:19:15+00:00", "2023-01-12T05:22:21+00:00", "2023-01-12T05:25:22+00:00", "2023-01-12T05:27:27+00:00", "2023-01-12T05:30:22+00:00", "2023-01-12T05:33:23+00:00", "2023-01-12T05:36:23+00:00", "2023-01-12T05:38:23+00:00", "2023-01-12T05:40:23+00:00", "2023-01-12T05:42:23+00:00", "2023-01-12T05:45:23+00:00", "2023-01-12T05:47:36+00:00", "2023-01-12T05:50:45+00:00", "2023-01-12T05:53:23+00:00", "2023-01-12T05:56:23+00:00", "2023-01-12T05:59:15+00:00", "2023-01-12T06:02:23+00:00", "2023-01-12T06:05:55+00:00", "2023-01-12T06:08:23+00:00", "2023-01-12T06:11:23+00:00", "2023-01-12T06:14:23+00:00", "2023-01-12T06:16:50+00:00", "2023-01-12T06:20:23+00:00", "2023-01-12T06:23:23+00:00", "2023-01-12T06:26:23+00:00", "2023-01-12T06:29:15+00:00", "2023-01-12T06:32:23+00:00", "2023-01-12T06:35:40+00:00", "2023-01-12T06:38:29+00:00", "2023-01-12T06:41:23+00:00", "2023-01-12T06:44:23+00:00", "2023-01-12T06:48:23+00:00", "2023-01-12T06:51:21+00:00", "2023-01-12T06:53:23+00:00", "2023-01-12T06:56:23+00:00", "2023-01-12T06:59:15+00:00", "2023-01-12T07:03:10+00:00", "2023-01-12T07:06:28+00:00", "2023-01-12T07:09:15+00:00", "2023-01-12T07:12:23+00:00", "2023-01-12T07:16:59+00:00", "2023-01-12T07:21:23+00:00", "2023-01-12T07:26:42+00:00", "2023-01-12T07:30:23+00:00", "2023-01-12T07:35:24+00:00", "2023-01-12T07:39:24+00:00", "2023-01-12T07:49:38+00:00", "2023-01-12T07:55:28+00:00", "2023-01-12T07:58:24+00:00", "2023-01-12T08:02:24+00:00", "2023-01-12T08:05:39+00:00", "2023-01-12T08:09:24+00:00", "2023-01-12T08:12:10+00:00", "2023-01-12T08:15:24+00:00", "2023-01-12T08:18:24+00:00", "2023-01-12T08:20:24+00:00", "2023-01-12T08:23:58+00:00", "2023-01-12T08:26:24+00:00", "2023-01-12T08:29:52+00:00", "2023-01-12T08:33:24+00:00", "2023-01-12T08:36:38+00:00", "2023-01-12T08:40:24+00:00", "2023-01-12T08:45:24+00:00", "2023-01-12T08:48:24+00:00", "2023-01-12T08:52:24+00:00", "2023-01-12T08:55:24+00:00", "2023-01-12T08:57:24+00:00", "2023-01-12T09:00:24+00:00", "2023-01-12T09:03:24+00:00", "2023-01-12T09:05:32+00:00", "2023-01-12T09:08:24+00:00", "2023-01-12T09:11:24+00:00", "2023-01-12T09:13:24+00:00", "2023-01-12T09:16:28+00:00", "2023-01-12T09:19:30+00:00", "2023-01-12T09:22:33+00:00", "2023-01-12T09:25:34+00:00", "2023-01-12T09:27:44+00:00", "2023-01-12T09:31:33+00:00", "2023-01-12T09:34:09+00:00", "2023-01-12T09:37:34+00:00", "2023-01-12T09:39:30+00:00", "2023-01-12T09:42:41+00:00", "2023-01-12T09:46:35+00:00", "2023-01-12T09:48:35+00:00", "2023-01-12T09:51:39+00:00", "2023-01-12T09:53:40+00:00", "2023-01-12T09:56:38+00:00", "2023-01-12T09:59:30+00:00", "2023-01-12T10:02:47+00:00", "2023-01-12T10:06:39+00:00", "2023-01-12T10:09:30+00:00", "2023-01-12T10:12:39+00:00", "2023-01-12T10:14:40+00:00", "2023-01-12T10:18:38+00:00", "2023-01-12T10:20:39+00:00", "2023-01-12T10:22:47+00:00", "2023-01-12T10:25:40+00:00", "2023-01-12T10:27:41+00:00", "2023-01-12T10:30:41+00:00", "2023-01-12T10:32:44+00:00", "2023-01-12T10:34:44+00:00", "2023-01-12T10:37:44+00:00", "2023-01-12T10:40:40+00:00", "2023-01-12T10:44:43+00:00", "2023-01-12T10:47:44+00:00", "2023-01-12T10:49:45+00:00", "2023-01-12T10:52:45+00:00", "2023-01-12T10:54:45+00:00", "2023-01-12T10:57:30+00:00", "2023-01-12T10:59:45+00:00", "2023-01-12T11:02:45+00:00", "2023-01-12T11:04:45+00:00", "2023-01-12T11:07:45+00:00", "2023-01-12T11:10:46+00:00", "2023-01-12T11:13:54+00:00", "2023-01-12T11:16:46+00:00", "2023-01-12T11:19:45+00:00", "2023-01-12T11:23:45+00:00", "2023-01-12T11:25:36+00:00", "2023-01-12T11:27:45+00:00", "2023-01-12T11:31:50+00:00", "2023-01-12T11:33:51+00:00", "2023-01-12T11:35:59+00:00", "2023-01-12T11:38:51+00:00", "2023-01-12T11:41:59+00:00", "2023-01-12T11:44:52+00:00", "2023-01-12T11:48:51+00:00", "2023-01-12T11:50:59+00:00", "2023-01-12T11:55:52+00:00", "2023-01-12T11:57:07+00:00", "2023-01-12T11:59:45+00:00", "2023-01-12T12:02:32+00:00", "2023-01-12T12:04:54+00:00", "2023-01-12T12:06:54+00:00", "2023-01-12T12:09:45+00:00", "2023-01-12T12:11:55+00:00", "2023-01-12T12:14:55+00:00", "2023-01-12T12:17:55+00:00", "2023-01-12T12:19:45+00:00", "2023-01-12T12:22:55+00:00", "2023-01-12T12:25:16+00:00", "2023-01-12T12:27:56+00:00", "2023-01-12T12:30:56+00:00", "2023-01-12T12:33:56+00:00", "2023-01-12T12:36:56+00:00", "2023-01-12T12:39:45+00:00", "2023-01-12T12:42:56+00:00", "2023-01-12T12:44:57+00:00", "2023-01-12T12:47:19+00:00", "2023-01-12T12:49:45+00:00", "2023-01-12T12:52:10+00:00", "2023-01-12T12:54:57+00:00", "2023-01-12T12:57:58+00:00", "2023-01-12T12:59:45+00:00", "2023-01-12T13:03:00+00:00", "2023-01-12T13:06:00+00:00", "2023-01-12T13:09:00+00:00", "2023-01-12T13:11:02+00:00", "2023-01-12T13:14:02+00:00", "2023-01-12T13:16:59+00:00", "2023-01-12T13:19:59+00:00", "2023-01-12T13:22:16+00:00", "2023-01-12T13:25:01+00:00", "2023-01-12T13:27:34+00:00", "2023-01-12T13:30:23+00:00", "2023-01-12T13:33:58+00:00", "2023-01-12T13:36:55+00:00", "2023-01-12T13:39:01+00:00", "2023-01-12T13:43:04+00:00", "2023-01-12T13:46:04+00:00", "2023-01-12T13:49:06+00:00", "2023-01-12T13:51:33+00:00", "2023-01-12T13:54:05+00:00", "2023-01-12T13:57:05+00:00", "2023-01-12T14:00:00+00:00", "2023-01-12T14:02:57+00:00", "2023-01-12T14:05:11+00:00", "2023-01-12T14:09:04+00:00", "2023-01-12T14:12:11+00:00", "2023-01-12T14:15:43+00:00", "2023-01-12T14:18:33+00:00", "2023-01-12T14:21:04+00:00", "2023-01-12T14:24:05+00:00", "2023-01-12T14:27:06+00:00", "2023-01-12T14:30:00+00:00", "2023-01-12T14:32:07+00:00", "2023-01-12T14:36:09+00:00", "2023-01-12T14:39:09+00:00", "2023-01-12T14:42:09+00:00", "2023-01-12T14:44:47+00:00", "2023-01-12T14:47:09+00:00", "2023-01-12T14:50:00+00:00", "2023-01-12T14:53:09+00:00", "2023-01-12T14:56:09+00:00", "2023-01-12T14:59:09+00:00", "2023-01-12T15:02:06+00:00", "2023-01-12T15:04:11+00:00", "2023-01-12T15:06:56+00:00", "2023-01-12T15:10:00+00:00", "2023-01-12T15:13:10+00:00", "2023-01-12T15:16:10+00:00", "2023-01-12T15:19:10+00:00", "2023-01-12T15:22:11+00:00", "2023-01-12T15:26:11+00:00", "2023-01-12T15:29:14+00:00", "2023-01-12T15:32:14+00:00", "2023-01-12T15:35:17+00:00", "2023-01-12T15:39:13+00:00", "2023-01-12T15:42:13+00:00", "2023-01-12T15:45:13+00:00", "2023-01-12T15:49:13+00:00", "2023-01-12T15:52:18+00:00", "2023-01-12T15:55:05+00:00", "2023-01-12T15:58:08+00:00", "2023-01-12T16:00:13+00:00", "2023-01-12T16:03:14+00:00", "2023-01-12T16:06:14+00:00", "2023-01-12T16:08:31+00:00", "2023-01-12T16:11:14+00:00", "2023-01-12T16:14:32+00:00", "2023-01-12T16:18:16+00:00", "2023-01-12T16:21:16+00:00", "2023-01-12T16:23:16+00:00", "2023-01-12T16:27:01+00:00", "2023-01-12T16:30:15+00:00", "2023-01-12T16:33:17+00:00", "2023-01-12T16:36:17+00:00", "2023-01-12T16:39:17+00:00", "2023-01-12T16:42:17+00:00", "2023-01-12T16:46:14+00:00", "2023-01-12T16:49:15+00:00", "2023-01-12T16:52:16+00:00", "2023-01-12T16:56:15+00:00", "2023-01-12T16:59:15+00:00", "2023-01-12T17:02:17+00:00", "2023-01-12T17:05:17+00:00", "2023-01-12T17:08:17+00:00", "2023-01-12T17:10:15+00:00", "2023-01-12T17:13:54+00:00", "2023-01-12T17:16:21+00:00", "2023-01-12T17:19:21+00:00", "2023-01-12T17:22:22+00:00", "2023-01-12T17:26:21+00:00", "2023-01-12T17:28:22+00:00", "2023-01-12T17:32:27+00:00", "2023-01-12T17:34:28+00:00", "2023-01-12T17:38:26+00:00", "2023-01-12T17:41:27+00:00", "2023-01-12T17:43:28+00:00", "2023-01-12T17:46:28+00:00", "2023-01-12T17:49:27+00:00", "2023-01-12T17:52:14+00:00", "2023-01-12T17:56:26+00:00", "2023-01-12T17:58:28+00:00", "2023-01-12T18:01:28+00:00", "2023-01-12T18:04:35+00:00", "2023-01-12T18:07:27+00:00", "2023-01-12T18:09:35+00:00", "2023-01-12T18:12:29+00:00", "2023-01-12T18:15:29+00:00", "2023-01-12T18:17:30+00:00", "2023-01-12T18:20:01+00:00", "2023-01-12T18:22:31+00:00", "2023-01-12T18:24:31+00:00", "2023-01-12T18:27:31+00:00", "2023-01-12T18:29:31+00:00", "2023-01-12T18:31:41+00:00", "2023-01-12T18:34:31+00:00", "2023-01-12T18:36:31+00:00", "2023-01-12T18:39:31+00:00", "2023-01-12T18:42:31+00:00", "2023-01-12T18:44:31+00:00", "2023-01-12T18:47:31+00:00", "2023-01-12T18:50:30+00:00", "2023-01-12T18:52:32+00:00", "2023-01-12T18:55:00+00:00", "2023-01-12T18:57:05+00:00", "2023-01-12T18:59:33+00:00", "2023-01-12T19:02:33+00:00", "2023-01-12T19:04:48+00:00", "2023-01-12T19:06:33+00:00", "2023-01-12T19:09:33+00:00", "2023-01-12T19:11:59+00:00", "2023-01-12T19:14:33+00:00", "2023-01-12T19:16:33+00:00", "2023-01-12T19:19:33+00:00", "2023-01-12T19:22:33+00:00", "2023-01-12T19:24:33+00:00", "2023-01-12T19:27:33+00:00", "2023-01-12T19:29:33+00:00", "2023-01-12T19:32:56+00:00", "2023-01-12T19:35:56+00:00", "2023-01-12T19:38:57+00:00", "2023-01-12T19:40:57+00:00", "2023-01-12T19:44:33+00:00", "2023-01-12T19:46:35+00:00", "2023-01-12T19:48:54+00:00", "2023-01-12T19:51:15+00:00", "2023-01-12T19:53:35+00:00", "2023-01-12T19:56:35+00:00", "2023-01-12T19:58:35+00:00", "2023-01-12T20:00:47+00:00", "2023-01-12T20:03:35+00:00", "2023-01-12T20:07:32+00:00", "2023-01-12T20:09:33+00:00", "2023-01-12T20:12:07+00:00", "2023-01-12T20:14:34+00:00", "2023-01-12T20:17:33+00:00", "2023-01-12T20:19:33+00:00", "2023-01-12T20:22:34+00:00", "2023-01-12T20:25:34+00:00", "2023-01-12T20:28:31+00:00", "2023-01-12T20:29:47+00:00", "2023-01-12T20:32:33+00:00", "2023-01-12T20:34:35+00:00", "2023-01-12T20:36:41+00:00", "2023-01-12T20:39:33+00:00", "2023-01-12T20:43:00+00:00", "2023-01-12T20:45:33+00:00", "2023-01-12T20:49:07+00:00", "2023-01-12T20:51:37+00:00", "2023-01-12T20:54:08+00:00", "2023-01-12T20:56:49+00:00", "2023-01-12T20:59:35+00:00", "2023-01-12T21:02:38+00:00", "2023-01-12T21:05:38+00:00", "2023-01-12T21:08:39+00:00", "2023-01-12T21:11:39+00:00", "2023-01-12T21:14:12+00:00", "2023-01-12T21:16:40+00:00", "2023-01-12T21:19:40+00:00", "2023-01-12T21:22:23+00:00", "2023-01-12T21:24:37+00:00", "2023-01-12T21:27:37+00:00", "2023-01-12T21:30:30+00:00", "2023-01-12T21:33:41+00:00", "2023-01-12T21:36:41+00:00", "2023-01-12T21:38:41+00:00", "2023-01-12T21:41:38+00:00", "2023-01-12T21:44:40+00:00", "2023-01-12T21:48:36+00:00", "2023-01-12T21:51:37+00:00", "2023-01-12T21:54:41+00:00", "2023-01-12T21:56:41+00:00", "2023-01-12T21:59:16+00:00", "2023-01-12T22:01:41+00:00", "2023-01-12T22:05:37+00:00", "2023-01-12T22:07:41+00:00", "2023-01-12T22:10:30+00:00", "2023-01-12T22:13:41+00:00", "2023-01-12T22:16:41+00:00", "2023-01-12T22:18:58+00:00", "2023-01-12T22:21:41+00:00", "2023-01-12T22:24:16+00:00", "2023-01-12T22:26:43+00:00", "2023-01-12T22:28:44+00:00", "2023-01-12T22:32:42+00:00", "2023-01-12T22:36:08+00:00", "2023-01-12T22:39:09+00:00", "2023-01-12T22:41:51+00:00", "2023-01-12T22:44:43+00:00", "2023-01-12T22:46:43+00:00", "2023-01-12T22:49:44+00:00", "2023-01-12T22:52:45+00:00", "2023-01-12T22:55:41+00:00", "2023-01-12T22:58:22+00:00", "2023-01-12T23:00:45+00:00", "2023-01-12T23:03:40+00:00", "2023-01-12T23:05:41+00:00", "2023-01-12T23:08:42+00:00", "2023-01-12T23:11:46+00:00", "2023-01-12T23:13:46+00:00", "2023-01-12T23:16:46+00:00", "2023-01-12T23:19:46+00:00", "2023-01-12T23:21:46+00:00", "2023-01-12T23:24:46+00:00", "2023-01-12T23:26:53+00:00", "2023-01-12T23:29:47+00:00", "2023-01-12T23:31:47+00:00", "2023-01-12T23:34:47+00:00", "2023-01-12T23:36:47+00:00", "2023-01-12T23:39:47+00:00", "2023-01-12T23:41:47+00:00", "2023-01-12T23:44:47+00:00", "2023-01-12T23:47:47+00:00", "2023-01-12T23:51:43+00:00", "2023-01-12T23:52:56+00:00", "2023-01-12T23:55:56+00:00", "2023-01-12T23:57:57+00:00", "2023-01-12T23:59:57+00:00", "2023-01-13T00:03:44+00:00", "2023-01-13T00:06:03+00:00", "2023-01-13T00:09:06+00:00", "2023-01-13T00:12:06+00:00", "2023-01-13T00:15:01+00:00", "2023-01-13T00:18:03+00:00", "2023-01-13T00:20:11+00:00", "2023-01-13T00:23:04+00:00", "2023-01-13T00:26:03+00:00", "2023-01-13T00:28:12+00:00", "2023-01-13T00:32:04+00:00", "2023-01-13T00:34:05+00:00", "2023-01-13T00:38:04+00:00", "2023-01-13T00:41:00+00:00", "2023-01-13T00:43:04+00:00", "2023-01-13T00:46:04+00:00", "2023-01-13T00:49:03+00:00", "2023-01-13T00:51:00+00:00", "2023-01-13T00:53:07+00:00", "2023-01-13T00:56:09+00:00", "2023-01-13T00:59:17+00:00", "2023-01-13T01:01:43+00:00", "2023-01-13T01:04:10+00:00", "2023-01-13T01:07:09+00:00", "2023-01-13T01:09:09+00:00", "2023-01-13T01:12:11+00:00", "2023-01-13T01:14:12+00:00", "2023-01-13T01:17:11+00:00", "2023-01-13T01:20:10+00:00", "2023-01-13T01:23:02+00:00", "2023-01-13T01:25:10+00:00", "2023-01-13T01:29:10+00:00", "2023-01-13T01:30:19+00:00", "2023-01-13T01:33:09+00:00", "2023-01-13T01:36:48+00:00", "2023-01-13T01:38:13+00:00", "2023-01-13T01:40:13+00:00", "2023-01-13T01:44:10+00:00", "2023-01-13T01:46:11+00:00", "2023-01-13T01:48:11+00:00", "2023-01-13T01:50:12+00:00", "2023-01-13T01:52:15+00:00", "2023-01-13T01:55:15+00:00", "2023-01-13T01:57:13+00:00", "2023-01-13T01:59:02+00:00", "2023-01-14T04:39:01+00:00", "2023-01-14T22:49:42+00:00", "2023-01-15T00:48:51+00:00", "2023-01-15T19:27:45+00:00", "2023-01-17T01:22:07+00:00", "2023-01-17T17:58:14+00:00", "2023-01-18T07:11:24+00:00", "2023-01-18T08:03:23+00:00", "2023-01-18T08:08:08+00:00", "2023-01-18T08:10:09+00:00"], "elevations": [-2.3, 3.0, 12.0, 11.5, 2.4, 2.5, 2.0, 2.0, 1.8, 1.0, 1.5, 1.4, 2.0, 2.7, 3.0, 3.5, 0.5, 2.0, 2.3, 2.8, 3.0, 0.0, 2.2, 5.5, 0.5, 6.0, 6.5, 9.2, 2.7, 3.1, 2.0, 0.0, 0.0, 0.0, 0.2, 1.0, 5.3, 8.0, 2.5, 2.2, 0.0, 3.2, 1.5, 1.0, 21.0, 20.5, 20.0, 4.1, 6.5, 6.0, 6.5, 3.7, 3.0, 2.5, 2.5, 3.5, 6.5, 7.0, 6.5, 3.0, -1.6, 3.8, 4.0, 9.5, 13.8, 6.5, 8.5, 2.0, 11.5, 3.0, -0.5, 11.5, 8.5, 5.0, 6.7, 9.0, 10.0, 7.5, 11.0, 10.7, 11.5, 11.0, 11.0, 6.8, 6.5, 6.0, 2.5, 1.0, 6.7, 6.0, 5.0, 4.5, 4.5, 0.5, 4.0, -1.0, 5.0, 4.2, 3.0, 3.0, 4.3, 0.5, 3.1, 4.0, 3.0, 3.5, 2.7, 3.0, 3.0, 0.5, 2.7, 4.0, 4.0, 3.7, 3.0, 6.5, 3.0, 3.5, 4.0, 3.0, 3.0, 1.3, 5.7, 0.3, 2.0, 4.5, 1.1, 1.0, 2.0, 2.5, -1.9, 0.0, 2.0, 0.5, 1.2, 2.7, 3.0, 3.0, 5.7, 11.0, 4.5, 4.0, 4.5, 4.8, 5.0, 5.0, 4.7, 5.0, 4.7, 4.7, 4.0, 4.0, 1.3, 5.0, 1.7, 2.7, 2.0, 2.0, 4.7, 5.0, 6.0, 7.0, 7.8, 11.8, -1.0, -1.2, -1.0, -1.0, -0.2, 2.0, 3.5, 5.1, 5.8, 3.8, 2.2, 3.0, 5.3, 1.5, 2.3, 1.5, 4.3, 2.1, 3.2, 3.7, 3.6, 4.0, 4.3, 6.0, 6.0, 5.1, 7.0, 4.7, 4.1, 3.3, -1.0, 6.0, 4.2, 4.0, 3.0, -1.5, 2.2, 1.0, 1.0, 1.0, 0.7, 1.0, 1.0, 0.3, -0.8, 0.5, 0.0, 0.0, 0.0, -0.8, 0.0, 10.3, 1.0, 2.0, 2.7, -5.0, 2.0, 3.7, 6.0, 2.3, 3.0, 2.5, 2.0, 3.0, 1.2, 4.0, 1.0, 3.0, 8.0, 12.6, 0.5, 4.3, 5.5, 2.8, 2.0, 3.3, 1.5, 5.7, 5.5, 5.0, 4.0, 2.7, 4.4, null, null, 0.3, null, null, -1.7, null, null, 0.3, null, -1.7, null, null, -0.3, -1.0, 9.3, 5.0, 3.1, 3.0, 3.0, -5.5, 0.5, 10.0, 0.2, 1.0, 1.0, -2.5, -2.5, 2.6, -1.5, -3.0, -3.0, -3.0, 3.1, 4.0, 7.5, 1.0, 1.0, 0.2, 9.0, 4.0, 4.0, 3.5, 2.5, 2.0, 2.0, 2.0, 2.0, 2.0, 2.5, 3.0, 3.0, 2.0, 2.0, 3.0, 3.0, 3.0, 3.0, 2.0, 2.0, 2.0, 2.0, 2.0, 2.0, 2.1, 2.0, 2.0, 2.0, 2.0, 2.0, 3.0, 2.7, 3.0, 2.5, 2.5, 3.0, 2.0, 2.3, 2.5, 2.5, 2.0, 2.0, 2.2, 2.0, 6.0, 4.0, 4.0, 4.4, 3.0, 3.5, 4.0, 5.0, 6.0, 28.7, 27.0, 29.0, 73.0, 45.0, null, 75.8, null, null, null, null, null, null, null, null, null, null, null, null, null, null, null, null, null, null, null, null, null, null, null, null, null, null, null, null, null, null, null, null, null, null, null, null, null, null, null, null, null, null, null, null, null, null, null, null, null, null, null, null, null, null, null, null, null, null, null, null, null, null, null, null, null, null, null, null, null, null, null, null, null, null, null, null, null, null, null, null, null, null, null, null, null, null, null, null, null, null, null, null, null, null, null, null, null, null, null, null, null, null, null, null, null, null, null, null, null, null, null, null, null, null, null, null, null, null, null, null, null, null, null, null, null, null, null, null, null, null, null, null, null, null, null, null, null, null, null, 29.5, 38.5, 15.2, -1.0, 29.0, 17.5, 15.7, -4.0, 7.0, 10.0, 2.5, 4.1, 4.0, 4.0, 4.0, 4.2, 4.0, -1.0, 1.0, 13.0, 0.8, 3.0, 4.0, 5.5, 0.3, 2.0, -3.5, 11.5, 0.0, 5.5, 4.0, 3.5, 3.5, 8.5, 5.7, 4.5, 6.0, 7.0, 6.0, 4.2, 3.5, 3.0, 3.0, 3.0, 2.8, 9.0, 11.0, 10.0, 6.2, 5.0, 5.0, 5.0, 5.0, 5.5, 5.5, 5.0, 5.0, 4.0, 4.1, 4.0, 4.0, 3.5, 2.5, 5.7, 3.0, 2.3, 2.5, 2.0, 2.3, 2.0, 2.0, 2.0, 2.0, 2.0, 2.0, 3.0, 3.0, 4.0, 3.5, 3.0, 3.0, 2.8, 3.0, 3.0, 3.0, 2.0, 3.0, 2.0, 2.0, -3.0, -13.0, 4.8, 6.0, 3.5, 4.0, 4.7, 6.0, 6.0, 7.0, 49.0, 25.4, 16.5, 16.5, 15.7, -5.0, -4.9, -4.5, -5.0, -5.0, -5.5, -5.4, -5.5, -19.0, -8.5, 2.0, 2.1, 2.0, 2.0, 2.0, 2.0, -13.8, -14.0, -33.0, -33.0, -21.0, -9.4, -4.5, 0.0, 1.0, 1.7, 2.0, 2.5, 2.0, 3.5, -0.8, 0.5, 1.5, 7.0, 4.0, 4.7, 2.0, 2.5, 3.5, 3.0, 2.8, 3.0, 3.5, 4.0, 5.5, 2.7, 4.0, 4.0, 5.5, 2.2, 1.5, 4.3, 5.0, 3.3, 0.2, 6.0, 2.3, -1.0, -2.9, -1.0, 0.0, 0.0, -0.6, 0.0, 0.0, 0.0, -0.8, 0.3, 0.5, 0.3, 0.8, 1.0, 1.0, 1.0, 1.0, 4.0, 7.0, 12.5, 11.0, 23.5, 25.5, 49.0, 50.0, 25.5, 0.0, null, 11.7, 2.7, -35.0, -16.5, -23.0, -7.0, -25.0, -7.5, -19.0, 4.5, -35.0, -2.0, -27.0, -27.0, 14.5, 4.0, 4.7, 3.5, 2.5, 2.7, 8.0, 2.7, 1.0, 3.0, 2.2, 3.0, 9.0, 11.7, 8.4, 7.0, 6.5, 5.5, 6.2, 6.0, 14.0, -2.0, 12.0, 4.2, 6.0, 5.0, 5.0, 5.2, 6.0, 7.0, 8.5, 10.5, 5.0, 5.5, 12.7, 8.0, 6.7, 8.0, 7.3, 7.0, 6.7, 10.0, 5.5, 6.5, 5.5, 4.5, 5.3, 0.5, -0.5, 1.7, 2.0, 3.5, 3.5, 3.1, 3.0, 2.0, 3.0, 3.0, -1.4, -0.5, 0.0, 0.0, -0.6, 0.0, 0.0, 0.0, 0.0, -6.9, 0.0, -2.0, 1.5, 0.0, 3.7, -2.0, 4.0, 3.7, 1.0, 4.2, 3.5, 2.5, 3.0, 3.0, 11.2, 3.5, 0.0, 3.5, 1.4, 0.0, 0.0, 0.0, 4.5, 0.0, -3.7, -3.3, -3.0, -3.0, -2.0, -2.0, -3.0, -7.4, 7.5, 5.7, 2.5, 5.5, 6.0, 6.0, 6.0, 6.0, 6.7, 7.0, 7.0, 20.3, 14.8, 16.0, 33.0, 39.7, 37.4, 50.0, 18.0, -8.3, 1.0, 2.8, 3.0, -11.5, 6.5, 6.2, 6.0, 11.7, 7.0, 7.2, 9.5, 9.0, 0.0, 11.5, 26.3, 38.0, 13.3, 1.0, 0.7, 1.0, 1.0, 1.0, 0.7, 1.7, 2.0, 3.0, 2.8, 3.0, 3.0, 3.0, 2.7, 3.0, 3.0, 3.0, 2.8, 3.0, 3.0, 4.0, 4.2, 4.0, -5.0, 7.7, 6.7, -14.0, 21.5, 21.0, 20.9, 21.0, -27.0, 1.5, -7.0, 8.0, null, null, null, 9.5, -7.0, 5.0, 2.2, 0.5, 0.0, 0.0, 0.0, 0.0, -1.0, -1.0, -1.0, -9.0, -2.0, -2.5, -3.2, -4.0, -4.0, -4.0, -4.0, 6.8, 0.0, 0.0, 0.0, 0.2, 0.0, -2.0, -3.0, -3.5, -4.9, -3.0, -3.0, 0.0, -0.6, -0.5, 0.0, 0.0, 0.0, -1.7, 0.0, 8.0, 1.0, -0.8, -1.0, -2.0, -1.5, -1.9, 0.0, 0.0, 0.0, 0.1, 0.0, 0.0, 0.0, 0.0, 3.8, 8.0, 1.0, 0.0, 0.7, 0.0, 0.0, 0.0, 10.3, 5.0, 4.3, 4.5, 5.0, 4.4, 3.0, 12.0, 4.5, 13.5, 8.3, 7.5, 7.5, 8.2, 8.0, 8.3, 9.3, 9.2, 9.0, 9.0, 8.7, 8.2, 8.0, 7.5, 6.7, 5.1, 3.0, 3.0, 1.8, 0.5, -0.5, 0.5, 3.1, 0.5, 0.0, 0.0, 0.0, 0.0, 0.0, 1.0, 4.7, 0.5, -2.0, -1.9, 0.0, 0.0, -0.8, 2.3, 0.0, 0.0, -0.6, 0.0, 3.2, 0.1, 2.3, -0.7, -1.2, -1.0, 0.5, 0.3, -0.4, 0.0, 0.0, 0.1, 0.0, 0.0, 0.1, -1.0, -0.3, 0.1, 1.3, 0.0, 0.6, 0.3, 1.7, 5.1, 4.0, 3.0, 0.3, 2.1, 9.3, 9.0, 3.1, 4.3, 3.0, 3.7, 3.7, 5.0, 7.8, 2.0, 8.5, 6.5, 8.5, 12.7, 10.5, 10.2, 8.1, 8.0, 6.3, 7.0, 4.5, 3.5, 4.0, 3.0, 2.8, 2.0, 2.0, 1.3, 0.4, 0.0, -0.5, 0.0, 0.0, 3.1, 5.0, 5.0, 5.8, 5.0, 5.0, 5.3, 5.0, 5.0, 5.0, 4.5, 4.7, 6.0, 5.0, 5.0, 5.0, 5.0, 5.7, 6.0, 6.0, 6.0, 6.0, 6.0, 6.0, 6.7, 7.0, 7.0, 7.0, 7.0, 7.0, 5.3, 5.2, 6.0, 6.0, 6.0, 9.8, 7.5, 7.0, 6.8, 7.0, 11.0, 6.7, 7.2, 8.0, 8.0, 8.0, 15.3, 11.5, 3.0, 1.7, -0.9, -1.5, -1.5, -2.0, -2.6, -2.0, -1.7, 0.0, 0.8, 0.5, 1.0, 1.0, 0.8, 0.5, 0.0, 0.0, 3.2, 1.0, 0.0, 0.5, 0.1, -3.5, 0.0, 0.2, 0.0, 0.0, -3.5, -0.7, 0.1, 0.0, 0.0, 0.0, 0.1, 0.0, 0.0, 0.0, 0.0, 0.3, 1.0, 0.7, 0.0, 0.0, 0.0, 0.0, 0.0, 0.5, -3.0, -2.0, 1.5, -2.0, 2.0, -0.5, 0.0, 0.0, 0.0, 0.1, 7.5, -2.0, -2.3, -3.2, -3.0, -2.3, -2.9, -1.0, -4.7, -0.5, -0.6, 2.3, 2.5, 0.8, 4.0, 3.0, 2.8, 1.5, 1.0, 0.5, 7.8, 3.5, 2.0, 7.7, 9.0, 0.0, -4.7, 2.6, 2.7, 2.0, -0.9, 1.0, 2.0, 2.3, 2.2, 1.0, 0.7, -1.7, -6.3, -7.7, 2.0, 18.8, 17.0, 8.7, 1.0, -34.1, 14.0, 0.0, 0.0, -0.9, 4.3, 4.0, 4.5, 5.0, 5.0, 5.0, 5.0, 12.5, 9.5, 8.7, 7.0, 3.2, 2.0, 2.5, 3.0, 2.7, 1.3, 0.5, 0.0, 0.2, 0.3, 1.0, 0.3, 3.2, 2.3, 2.0, 1.5, 4.2, 4.0, 3.0, 4.0, 2.5, -0.6, -3.5, 0.0, 0.0, 0.2, 0.0, 0.0, -1.0, -1.2, -1.0, -2.0, -2.0, -2.6, -2.0, -2.0, -2.0, -3.5, -3.2, -3.0, -3.0, -3.0, -3.6, -4.0, -4.5, -3.5, -3.6, -4.5, -3.3, -2.5, -9.5, -1.8, 0.5, -2.0, -2.0, -2.6, -1.0, -1.0, -2.0, -1.9, -1.0, 0.0, -1.7, -3.0, -1.2, -0.3, 0.0, 0.5, 4.3, 4.0, 13.5, 0.0, 1.3, 0.0, 0.3, 0.7, 1.0, 24.0, 4.0, 2.7, 4.0, 4.7, 3.5, 4.5, 1.5, 9.3, 6.0, 4.2, 19.5, 15.5, 14.7, 6.2, 1.0, 3.7, 0.5, 9.2, 3.7, 5.0, 4.2, 5.0, 5.5, 5.3, 4.7, 3.0, 2.7, 0.0, 5.2, 5.5, 4.7, 5.0, 4.8, 5.7, 5.5, 4.7, 2.3, 6.0, 8.0, 8.0, 6.0, 2.2, 8.0, 10.7, 17.5, 20.3, 21.0, 22.0, 18.2, 8.5, 6.0, 6.0, 8.5, 6.0, 4.5, 4.8, 5.0, 5.0, 5.0, 4.5, 4.0, 3.0, 0.4, 3.7, 4.0, 4.3, 5.0, 4.7, 4.5, 5.0, 5.3, 5.8, -22.3, null, -66.0, null, null, null, null, null, null, null, null, null, null, null, null, null, null, null, null, null, null, null, null, null, null, null, null, null, null, null, null, null, null, null, null, null, null, null, null, null, null, null, null, null, null, null, null, null, null, null, null, null, null, null, null, null, null, null, null, null, null, null, null, null, null, null, null, null, null, null, null, null, null, null, null, null, null, null, null, null, null, null, null, null, null, null, null, null, null, null, null, null, null, null, null, null, null, null, null, null, null, null, null, null, null, null, null, null, null, null, null, null, null, null, null, null, null, null, null, null, null, null, null, null, null, null, null, null, null, null, null, null, null, null, null, null, null, null, null, null, null, null, null, null, null, null, null, null, null, null, null, null, null, null, null, null, null, null, null, null, null, null, null, null, null, null, null, null, null, null, null, null, null, null, null, null, null, null, null, null, null, null, null, null, null, null, null, null, null, null, null, null, null, null, null, null, null, null, null, null, null, null, null, null, null, null, null, null, null, null, null, null, null, null, null, null, null, null, null, null, null, null, null, null, null, null, null, null, null, null, null, null, null, null, null, null, null, null, null, null, null, null, null, null, null, null, null, null, null, null, null, null, null, null, null, null, null, null, null, null, null, null, null, null, null, null, null, null, null, null, null, null, null, null, null, null, null, null, null, null, null, null, null, null, null, null, null, null, null, null, null, null, null, null, null, null, null, null, null, null, null, null, null, null, null, null, null, null, null, null, null, null, null, null, null, null, null, null, null, null, null, null, null, null, null, null, null, null, null, null, null, null, null, null, null, null, null, null, null, null, null, null, null, null, null, null, null, null, null, null, null, null, null, null, null, null, null, null, null, null, null, null, null, null, null, null, null, null, null, null, null, null, null, null, null, null, null, null, null, null, null, null, null, null, null, null, null, null, null, null, null, null, null, null, null, null, null, null, null, null, null, null, null, null, null, null, null, null, null, null, null, null, null, null, null, null, null, null, null, null, null, null, null, null, null, null, null, null, null, null, null, null, null, null, null, null, null, null, null, null, null, null, null, null, null, null, null, null, null, null, null, null, null, null, null, null, null, null, null, null, null, null, null, null, null, null]}