{"type": "Feature", "properties": {"leg_id": 70, "name": "20240104 - Busselton to Hobart, Tasmania", "stated_nm": 2570.7, "computed_nm": 2570.7}, "geometry": {"type": "LineString", "coordinates": [[115.389238, -33.631349], [115.376762, -33.621363], [115.356922, -33.615574], [115.329787, -33.608023], [115.29701, -33.598722], [115.244513, -33.582953], [115.18767, -33.55389], [115.106377, -33.524852], [115.056992, -33.535922], [115.035816, -33.541993], [115.045489, -33.543393], [115.043175, -33.532122], [115.036117, -33.525877], [115.011322, -33.520222], [114.995992, -33.529067], [114.994522, -33.556692], [114.996239, -33.579143], [114.998705, -33.602689], [114.999899, -33.626463], [114.998606, -33.651102], [114.99713, -33.668416], [114.9883, -33.662538], [114.941838, -33.691531], [114.934725, -33.697983], [114.927716, -33.704237], [114.917234, -33.714106], [114.907368, -33.722288], [114.896748, -33.736588], [114.888792, -33.746943], [114.878773, -33.760858], [114.870976, -33.775278], [114.864611, -33.788789], [114.85836, -33.803588], [114.85508, -33.815594], [114.850917, -33.832381], [114.848615, -33.84729], [114.847704, -33.864991], [114.843873, -33.878269], [114.841147, -33.89638], [114.840448, -33.912451], [114.836616, -33.925687], [114.829162, -33.94295], [114.823938, -33.958584], [114.822093, -33.971459], [114.820471, -33.985059], [114.818911, -33.999924], [114.820734, -34.020003], [114.819832, -34.036673], [114.81745, -34.052617], [114.817106, -34.069827], [114.816552, -34.08557], [114.814985, -34.101427], [114.810327, -34.115059], [114.803192, -34.127444], [114.793937, -34.138737], [114.788246, -34.149778], [114.781032, -34.161874], [114.778159, -34.176118], [114.777357, -34.188645], [114.777563, -34.205434], [114.774085, -34.219513], [114.769866, -34.233466], [114.766688, -34.248265], [114.762957, -34.26255], [114.759068, -34.27695], [114.753839, -34.292782], [114.749059, -34.30812], [114.744892, -34.325572], [114.742647, -34.345661], [114.740186, -34.360854], [114.738123, -34.37721], [114.732822, -34.391613], [114.724689, -34.41022], [114.719654, -34.426359], [114.715638, -34.438852], [114.710187, -34.45493], [114.703982, -34.468742], [114.695593, -34.485404], [114.685856, -34.502376], [114.673517, -34.518397], [114.65866, -34.536999], [114.647573, -34.55095], [114.639522, -34.564656], [114.629669, -34.584815], [114.621824, -34.601506], [114.615361, -34.617889], [114.608853, -34.635428], [114.603168, -34.65127], [114.59775, -34.663949], [114.592503, -34.678031], [114.58433, -34.696897], [114.576652, -34.712575], [114.570196, -34.727658], [114.562805, -34.742548], [114.555679, -34.758869], [114.54984, -34.771963], [114.541835, -34.784442], [114.527173, -34.802603], [114.517437, -34.814967], [114.506152, -34.825696], [114.493938, -34.838801], [114.482478, -34.850086], [114.466965, -34.86472], [114.454619, -34.876018], [114.440543, -34.887057], [114.428831, -34.898304], [114.41005, -34.916805], [114.396148, -34.929941], [114.381884, -34.942963], [114.366999, -34.956545], [114.351998, -34.969943], [114.335426, -34.985871], [114.319611, -34.996782], [114.305088, -35.007155], [114.291593, -35.017214], [114.278578, -35.030197], [114.265192, -35.047618], [114.252824, -35.060128], [114.240899, -35.070702], [114.225141, -35.083972], [114.211007, -35.096851], [114.196795, -35.109227], [114.178777, -35.126139], [114.164403, -35.137683], [114.15142, -35.14982], [114.135672, -35.165161], [114.118748, -35.180303], [114.103502, -35.195885], [114.092127, -35.207572], [114.078382, -35.220663], [114.066124, -35.231724], [114.050348, -35.245542], [114.039389, -35.258786], [114.026386, -35.273334], [114.016542, -35.284373], [114.006493, -35.299517], [113.996117, -35.317624], [113.98912, -35.332233], [113.978559, -35.345949], [113.964347, -35.363135], [113.952452, -35.377945], [113.941622, -35.390918], [113.930013, -35.406063], [113.916948, -35.418714], [113.905494, -35.430633], [113.896936, -35.444024], [113.888726, -35.458262], [113.877722, -35.477349], [113.867093, -35.490462], [113.854299, -35.50292], [113.841512, -35.517476], [113.827024, -35.533292], [113.817856, -35.546182], [113.809038, -35.562703], [113.800958, -35.576397], [113.791874, -35.587943], [113.781609, -35.602909], [113.772347, -35.618647], [113.763883, -35.634973], [113.758515, -35.647656], [113.752598, -35.660623], [113.745943, -35.671812], [113.741307, -35.685394], [113.735924, -35.699197], [113.728979, -35.712762], [113.724667, -35.726657], [113.719361, -35.741194], [113.716632, -35.758547], [113.71451, -35.772975], [113.711987, -35.786612], [113.709908, -35.800628], [113.708906, -35.815152], [113.704736, -35.828347], [113.698323, -35.839967], [113.690028, -35.853812], [113.685557, -35.867423], [113.676341, -35.883726], [113.670752, -35.894801], [113.664235, -35.907838], [113.658038, -35.920818], [113.657812, -35.935578], [113.655552, -35.949303], [113.653247, -35.962584], [113.649218, -35.977357], [113.647401, -35.991838], [113.647523, -36.007403], [113.642215, -36.024202], [113.635871, -36.039607], [113.629773, -36.052698], [113.628523, -36.068269], [113.624865, -36.085155], [113.622907, -36.101093], [113.626532, -36.115241], [113.628568, -36.134298], [113.625219, -36.145649], [113.622112, -36.160349], [113.621063, -36.17978], [113.621683, -36.197057], [113.617251, -36.215632], [113.615642, -36.230862], [113.612147, -36.247882], [113.604382, -36.262667], [113.594646, -36.280541], [113.587333, -36.293497], [113.57942, -36.305684], [113.571707, -36.319299], [113.559103, -36.331845], [113.545384, -36.345962], [113.53046, -36.358943], [113.51899, -36.369548], [113.509151, -36.381532], [113.499801, -36.394868], [113.489064, -36.405406], [113.475572, -36.417921], [113.461701, -36.429435], [113.448523, -36.440658], [113.434913, -36.451486], [113.42145, -36.461441], [113.408281, -36.473377], [113.392536, -36.484064], [113.379108, -36.492565], [113.365008, -36.503507], [113.349916, -36.513394], [113.336858, -36.519907], [113.32134, -36.526732], [113.308229, -36.535743], [113.295459, -36.543476], [113.282182, -36.549474], [113.269977, -36.559662], [113.262163, -36.570312], [113.254187, -36.582867], [113.244208, -36.595183], [113.232589, -36.604596], [113.220368, -36.614772], [113.217687, -36.627667], [113.223031, -36.648308], [113.229813, -36.670801], [113.234344, -36.683744], [113.238587, -36.6955], [113.239646, -36.711572], [113.245243, -36.72694], [113.253102, -36.739337], [113.264056, -36.750307], [113.275115, -36.762987], [113.285922, -36.775877], [113.294062, -36.787981], [113.296347, -36.804002], [113.298554, -36.819733], [113.301158, -36.838503], [113.305842, -36.854417], [113.311767, -36.868572], [113.318904, -36.882967], [113.323766, -36.895684], [113.330629, -36.905391], [113.336971, -36.918793], [113.344692, -36.940569], [113.35285, -36.959459], [113.357559, -36.974108], [113.362252, -36.988644], [113.366878, -37.00193], [113.372333, -37.015217], [113.377217, -37.028487], [113.383543, -37.041519], [113.392291, -37.055543], [113.402103, -37.067752], [113.415336, -37.079853], [113.426498, -37.09181], [113.441708, -37.105224], [113.458407, -37.119478], [113.472679, -37.131377], [113.4853, -37.147274], [113.494713, -37.160278], [113.504564, -37.173205], [113.513402, -37.18434], [113.51372, -37.196533], [113.509268, -37.209652], [113.506665, -37.229743], [113.503103, -37.257033], [113.498267, -37.28782], [113.493242, -37.319984], [113.487498, -37.359795], [113.48232, -37.391205], [113.47971, -37.414652], [113.478803, -37.438271], [113.475267, -37.46046], [113.472471, -37.480873], [113.47103, -37.495058], [113.470122, -37.517493], [113.46804, -37.527351], [113.466251, -37.541421], [113.465778, -37.552485], [113.467086, -37.566658], [113.468647, -37.581043], [113.470185, -37.595554], [113.471232, -37.612622], [113.473803, -37.624158], [113.476354, -37.634458], [113.478331, -37.646567], [113.481049, -37.657199], [113.485761, -37.671462], [113.490526, -37.685643], [113.494949, -37.702247], [113.499187, -37.718766], [113.496784, -37.739786], [113.496955, -37.754605], [113.495906, -37.770953], [113.492048, -37.78731], [113.489878, -37.810383], [113.489544, -37.832023], [113.496864, -37.846724], [113.505762, -37.863566], [113.513168, -37.877333], [113.521751, -37.892219], [113.533383, -37.907892], [113.544969, -37.92236], [113.55962, -37.940277], [113.572146, -37.955287], [113.587382, -37.971722], [113.598731, -37.983799], [113.612508, -37.997277], [113.625812, -38.010511], [113.637558, -38.022878], [113.653288, -38.040389], [113.668283, -38.058762], [113.680228, -38.072685], [113.692203, -38.087868], [113.702677, -38.101498], [113.711275, -38.113912], [113.721409, -38.127442], [113.733585, -38.141531], [113.748724, -38.15747], [113.759287, -38.169368], [113.771536, -38.18558], [113.785907, -38.202311], [113.795521, -38.21503], [113.804268, -38.226571], [113.814701, -38.241507], [113.825939, -38.253304], [113.844233, -38.267245], [113.854875, -38.267893], [113.851264, -38.256774], [113.846867, -38.245474], [113.841149, -38.233879], [113.835109, -38.222931], [113.826274, -38.210486], [113.81995, -38.199477], [113.813341, -38.187894], [113.804737, -38.175889], [113.795674, -38.165374], [113.785892, -38.155424], [113.776494, -38.146651], [113.769837, -38.13874], [113.76456, -38.129529], [113.761806, -38.121849], [113.764125, -38.11503], [113.772064, -38.121071], [113.777332, -38.134873], [113.785659, -38.140245], [113.794038, -38.153069], [113.802336, -38.166348], [113.808457, -38.176945], [113.817274, -38.192984], [113.823482, -38.204681], [113.830586, -38.220033], [113.834425, -38.232683], [113.840433, -38.244978], [113.844942, -38.255298], [113.848499, -38.265469], [113.855788, -38.276593], [113.861288, -38.286559], [113.867789, -38.298653], [113.874327, -38.311027], [113.881002, -38.323902], [113.885191, -38.333285], [113.890857, -38.346488], [113.896682, -38.361023], [113.900838, -38.371595], [113.907088, -38.386431], [113.914509, -38.395843], [113.918198, -38.408309], [113.926198, -38.425328], [113.931441, -38.438445], [113.934551, -38.451455], [113.936653, -38.463817], [113.938381, -38.479854], [113.938452, -38.493624], [113.938374, -38.505582], [113.937962, -38.518802], [113.93567, -38.533273], [113.93685, -38.547577], [113.937467, -38.564906], [113.941087, -38.579693], [113.945284, -38.593042], [113.951144, -38.608773], [113.953864, -38.620466], [113.956759, -38.631913], [113.960914, -38.646773], [113.963867, -38.65684], [113.967978, -38.669992], [113.971086, -38.684833], [113.974108, -38.699892], [113.979798, -38.715694], [113.981024, -38.729633], [113.983959, -38.743136], [113.988551, -38.753989], [113.990873, -38.766914], [113.994985, -38.780866], [113.997416, -38.793109], [113.999172, -38.808376], [113.999135, -38.820546], [113.998988, -38.832582], [113.99998, -38.849123], [114.000365, -38.863395], [114.003764, -38.877684], [114.005257, -38.893991], [114.006629, -38.906419], [114.008647, -38.920121], [114.009367, -38.934747], [114.010354, -38.949126], [114.01135, -38.963482], [114.01118, -38.981628], [114.009841, -38.996212], [114.01056, -39.008265], [114.00994, -39.022905], [114.011646, -39.036417], [114.014973, -39.050059], [114.015138, -39.063134], [114.016035, -39.079796], [114.015471, -39.093991], [114.013938, -39.106716], [114.009945, -39.121997], [114.009771, -39.135801], [114.010242, -39.152633], [114.010388, -39.169022], [114.008366, -39.183877], [114.009591, -39.195914], [114.0114, -39.206981], [114.012504, -39.221601], [114.015624, -39.235718], [114.016016, -39.248997], [114.015293, -39.263005], [114.012845, -39.281916], [114.011291, -39.297433], [114.012308, -39.310573], [114.013353, -39.324558], [114.01368, -39.338304], [114.012547, -39.357222], [114.009594, -39.373247], [114.005098, -39.386598], [114.000999, -39.400633], [114.001343, -39.417284], [114.000935, -39.433495], [113.99897, -39.445887], [113.994852, -39.463644], [113.989192, -39.478381], [113.984938, -39.495032], [113.981702, -39.510169], [113.979684, -39.523438], [113.977911, -39.541493], [113.976609, -39.555087], [113.975139, -39.568906], [113.971819, -39.586931], [113.968717, -39.606522], [113.969038, -39.619542], [113.969172, -39.631221], [113.968475, -39.645743], [113.965961, -39.660894], [113.966851, -39.675113], [113.969427, -39.689738], [113.971178, -39.702692], [113.971372, -39.717024], [113.970258, -39.730378], [113.971424, -39.742112], [113.972684, -39.755208], [113.974592, -39.768458], [113.975061, -39.78378], [113.975281, -39.800738], [113.974901, -39.814296], [113.975358, -39.827038], [113.976265, -39.843316], [113.976601, -39.858723], [113.978312, -39.872701], [113.98148, -39.883571], [113.983709, -39.899688], [113.986294, -39.914162], [113.9859, -39.928482], [113.984934, -39.94042], [113.993749, -39.951277], [114.003338, -39.962207], [114.012272, -39.973404], [114.022103, -39.984376], [114.028973, -39.994616], [114.037453, -40.005988], [114.040842, -40.019924], [114.043226, -40.030914], [114.038206, -40.041478], [114.039823, -40.05464], [114.040615, -40.06703], [114.042266, -40.079293], [114.037912, -40.092513], [114.033826, -40.107457], [114.032066, -40.119904], [114.026456, -40.140234], [114.025335, -40.153018], [114.023609, -40.165997], [114.021867, -40.179737], [114.019408, -40.196591], [114.011928, -40.213734], [114.004409, -40.229345], [113.993382, -40.248112], [113.989456, -40.263324], [113.984648, -40.278135], [113.980003, -40.290498], [113.976368, -40.307987], [113.972181, -40.323452], [113.967667, -40.337967], [113.955045, -40.365517], [113.947282, -40.379916], [113.940274, -40.391709], [113.935177, -40.4066], [113.931445, -40.418444], [113.926321, -40.43282], [113.929663, -40.451198], [113.931632, -40.469957], [113.935598, -40.482949], [113.938117, -40.496603], [113.942082, -40.508718], [113.947158, -40.523755], [113.950739, -40.538556], [113.954868, -40.553887], [113.955797, -40.565904], [113.957119, -40.578864], [113.96232, -40.591695], [113.966255, -40.606725], [113.968002, -40.618138], [113.970616, -40.630929], [113.972253, -40.643514], [113.972778, -40.658563], [113.971901, -40.672433], [113.971136, -40.685973], [113.971734, -40.697817], [113.973343, -40.711696], [113.974706, -40.725388], [113.976339, -40.738657], [113.978856, -40.755474], [113.980358, -40.769244], [113.980657, -40.782857], [113.981268, -40.798237], [113.985723, -40.813346], [113.987828, -40.828436], [113.992038, -40.844688], [113.995161, -40.861196], [113.99709, -40.873854], [114.002335, -40.886593], [114.005459, -40.898794], [114.010348, -40.91145], [114.014891, -40.9249], [114.019044, -40.944297], [114.021074, -40.958016], [114.022037, -40.971722], [114.021137, -40.983947], [114.018555, -40.996996], [114.013247, -41.014164], [114.007814, -41.027872], [114.002777, -41.042351], [113.996383, -41.055451], [113.990097, -41.069233], [113.984578, -41.082847], [113.982284, -41.093623], [113.981438, -41.110794], [113.984882, -41.124057], [113.99078, -41.135843], [113.992809, -41.150126], [113.99759, -41.162984], [114.002843, -41.177185], [114.007447, -41.191237], [114.014678, -41.204952], [114.017857, -41.218537], [114.017031, -41.231103], [114.01398, -41.244748], [114.015838, -41.258879], [114.018733, -41.27158], [114.026798, -41.281729], [114.035963, -41.294558], [114.041909, -41.30827], [114.045326, -41.319804], [114.047913, -41.33265], [114.050217, -41.342459], [114.054689, -41.356873], [114.058744, -41.369921], [114.065695, -41.38269], [114.071894, -41.397281], [114.076746, -41.409492], [114.082508, -41.424073], [114.087103, -41.43775], [114.091208, -41.450633], [114.094351, -41.463262], [114.097829, -41.478794], [114.098375, -41.489342], [114.098906, -41.503587], [114.098808, -41.517624], [114.099506, -41.531045], [114.101551, -41.545954], [114.108009, -41.558184], [114.119297, -41.568908], [114.130397, -41.578181], [114.142155, -41.589696], [114.152965, -41.601896], [114.160962, -41.613697], [114.168336, -41.625835], [114.17425, -41.640044], [114.181165, -41.654956], [114.187947, -41.668022], [114.195873, -41.683314], [114.200433, -41.695174], [114.204621, -41.708913], [114.205322, -41.723497], [114.207237, -41.736933], [114.209643, -41.748996], [114.212062, -41.760646], [114.214599, -41.773749], [114.219767, -41.786033], [114.226081, -41.797719], [114.232932, -41.809172], [114.238958, -41.819521], [114.244933, -41.82974], [114.250834, -41.843978], [114.255954, -41.855544], [114.261382, -41.866867], [114.265725, -41.877501], [114.270557, -41.891185], [114.275023, -41.90318], [114.281011, -41.914396], [114.288242, -41.924359], [114.303446, -41.929781], [114.319409, -41.931678], [114.336274, -41.934251], [114.356339, -41.936178], [114.373072, -41.938798], [114.387647, -41.941664], [114.407427, -41.946568], [114.423657, -41.951178], [114.442603, -41.957732], [114.458296, -41.969332], [114.471966, -41.978752], [114.485292, -41.988623], [114.499996, -41.998462], [114.517128, -42.010999], [114.530582, -42.023464], [114.544398, -42.033842], [114.562214, -42.04522], [114.58071, -42.058631], [114.594605, -42.067878], [114.613067, -42.07865], [114.631242, -42.089212], [114.645667, -42.099163], [114.657098, -42.108322], [114.671412, -42.118061], [114.69147, -42.127662], [114.710631, -42.134555], [114.731697, -42.142372], [114.746492, -42.146781], [114.764298, -42.15118], [114.778111, -42.154426], [114.781612, -42.158058], [114.765229, -42.163776], [114.748541, -42.169667], [114.732712, -42.175113], [114.715075, -42.181013], [114.699749, -42.185395], [114.680328, -42.18948], [114.662268, -42.191295], [114.644658, -42.194991], [114.629772, -42.198186], [114.610546, -42.201796], [114.59058, -42.204088], [114.571903, -42.208827], [114.553423, -42.212957], [114.533696, -42.217191], [114.516253, -42.222986], [114.500933, -42.227676], [114.483342, -42.233297], [114.466983, -42.237747], [114.454769, -42.243547], [114.440622, -42.250007], [114.426299, -42.256296], [114.410404, -42.263891], [114.395136, -42.27204], [114.384467, -42.27804], [114.372071, -42.282558], [114.36095, -42.28755], [114.346317, -42.294071], [114.332147, -42.297724], [114.318026, -42.300533], [114.303141, -42.304382], [114.289347, -42.308552], [114.276231, -42.311627], [114.263782, -42.315744], [114.251612, -42.320926], [114.238457, -42.327463], [114.225879, -42.333114], [114.214551, -42.339617], [114.20224, -42.34907], [114.192503, -42.356882], [114.182027, -42.364704], [114.173488, -42.373841], [114.162019, -42.382487], [114.154452, -42.390281], [114.147564, -42.400052], [114.140243, -42.411538], [114.137228, -42.423575], [114.130616, -42.435358], [114.122842, -42.446044], [114.119913, -42.457349], [114.112898, -42.466786], [114.106291, -42.476037], [114.101841, -42.487946], [114.098498, -42.498392], [114.097268, -42.510033], [114.089727, -42.519931], [114.084264, -42.531056], [114.079949, -42.544738], [114.079451, -42.554735], [114.076369, -42.561986], [114.079141, -42.572438], [114.083139, -42.585578], [114.08322, -42.598282], [114.08366, -42.613592], [114.083864, -42.627027], [114.083916, -42.638198], [114.085898, -42.650466], [114.087669, -42.664034], [114.084964, -42.676412], [114.0859, -42.68782], [114.086927, -42.699093], [114.089967, -42.712675], [114.093703, -42.726765], [114.095597, -42.739276], [114.094508, -42.752479], [114.091876, -42.767254], [114.094583, -42.781546], [114.099964, -42.794717], [114.100379, -42.807804], [114.100077, -42.821658], [114.099879, -42.835934], [114.100113, -42.84896], [114.099172, -42.863794], [114.099971, -42.874455], [114.10203, -42.888102], [114.103697, -42.901248], [114.103016, -42.91474], [114.104458, -42.927308], [114.108913, -42.943431], [114.111392, -42.956458], [114.113931, -42.967773], [114.117936, -42.979343], [114.120387, -42.992368], [114.123006, -43.005313], [114.12639, -43.017072], [114.127187, -43.029737], [114.128322, -43.042897], [114.130178, -43.056753], [114.132213, -43.069927], [114.137958, -43.081395], [114.143925, -43.092655], [114.148146, -43.103993], [114.151158, -43.116421], [114.153893, -43.128666], [114.155794, -43.139924], [114.162477, -43.151881], [114.163545, -43.162811], [114.164202, -43.179293], [114.162502, -43.193056], [114.166146, -43.206117], [114.168308, -43.220459], [114.168233, -43.233128], [114.169869, -43.244458], [114.178481, -43.256511], [114.185753, -43.266657], [114.192739, -43.277863], [114.203532, -43.291353], [114.213133, -43.302581], [114.21905, -43.317233], [114.226191, -43.326744], [114.233673, -43.340783], [114.242924, -43.353252], [114.251741, -43.367791], [114.262968, -43.374899], [114.268977, -43.386573], [114.273341, -43.400719], [114.282507, -43.410632], [114.289158, -43.424661], [114.297303, -43.436556], [114.30101, -43.449415], [114.305232, -43.461761], [114.310849, -43.473932], [114.314377, -43.48621], [114.320034, -43.501937], [114.330345, -43.521647], [114.340606, -43.533634], [114.349225, -43.549196], [114.357417, -43.563905], [114.362415, -43.575619], [114.367228, -43.589186], [114.378963, -43.600822], [114.390216, -43.617868], [114.395507, -43.631421], [114.403672, -43.641989], [114.413417, -43.654275], [114.423491, -43.668197], [114.432973, -43.680024], [114.44128, -43.691814], [114.45108, -43.706103], [114.461144, -43.718349], [114.470346, -43.731502], [114.482173, -43.747001], [114.492811, -43.756724], [114.509575, -43.775823], [114.523039, -43.791258], [114.536478, -43.80294], [114.548743, -43.813378], [114.563778, -43.823864], [114.579285, -43.838337], [114.585998, -43.853118], [114.593728, -43.868714], [114.603157, -43.885636], [114.61084, -43.897502], [114.621768, -43.914393], [114.631511, -43.928074], [114.643081, -43.942556], [114.654274, -43.955367], [114.665836, -43.966397], [114.683204, -43.982174], [114.699648, -43.994734], [114.717439, -44.006596], [114.729209, -44.01488], [114.745435, -44.024408], [114.762293, -44.036267], [114.778242, -44.045261], [114.795657, -44.055282], [114.811167, -44.063648], [114.829842, -44.070565], [114.848999, -44.079746], [114.866477, -44.087274], [114.886092, -44.096273], [114.901197, -44.103745], [114.914063, -44.113563], [114.921279, -44.126206], [114.928872, -44.137822], [114.934486, -44.150814], [114.937216, -44.161514], [114.940207, -44.173566], [114.944131, -44.185232], [114.949306, -44.199272], [114.955639, -44.212612], [114.960812, -44.225434], [114.969381, -44.239336], [114.977733, -44.255143], [114.982795, -44.268346], [114.99027, -44.282589], [114.997107, -44.292579], [115.005695, -44.307723], [115.013732, -44.322559], [115.020288, -44.337946], [115.024087, -44.349473], [115.029837, -44.365937], [115.03205, -44.38006], [115.034431, -44.391214], [115.038459, -44.406208], [115.040628, -44.418624], [115.042819, -44.432395], [115.04452, -44.446516], [115.046021, -44.457555], [115.046642, -44.470655], [115.050964, -44.487666], [115.054464, -44.501981], [115.059063, -44.519367], [115.063083, -44.530867], [115.067478, -44.547103], [115.070464, -44.559769], [115.073956, -44.57433], [115.077937, -44.585766], [115.083329, -44.598922], [115.087735, -44.609017], [115.092002, -44.619672], [115.097092, -44.634479], [115.102234, -44.646788], [115.106245, -44.65682], [115.111789, -44.669064], [115.11971, -44.687666], [115.123933, -44.702695], [115.125939, -44.715523], [115.129256, -44.731298], [115.131483, -44.743806], [115.133632, -44.756759], [115.135985, -44.768841], [115.139483, -44.783952], [115.143416, -44.798784], [115.14816, -44.817068], [115.150933, -44.827708], [115.155391, -44.841661], [115.15965, -44.857711], [115.162384, -44.879931], [115.164896, -44.892351], [115.168423, -44.905722], [115.172273, -44.923887], [115.176534, -44.940126], [115.180443, -44.954428], [115.184207, -44.967517], [115.18882, -44.984293], [115.192662, -45.000423], [115.197073, -45.014907], [115.202427, -45.028973], [115.20788, -45.044053], [115.217635, -45.065001], [115.223917, -45.080043], [115.230641, -45.094658], [115.237202, -45.108561], [115.244151, -45.122991], [115.2504, -45.134949], [115.255463, -45.145628], [115.261263, -45.157432], [115.268547, -45.171356], [115.273057, -45.183701], [115.276502, -45.19449], [115.281598, -45.20912], [115.284342, -45.220098], [115.286917, -45.230515], [115.289753, -45.241355], [115.294808, -45.254801], [115.300003, -45.266902], [115.306898, -45.281739], [115.312314, -45.29242], [115.318159, -45.304708], [115.323175, -45.31505], [115.328771, -45.326156], [115.336309, -45.340934], [115.342233, -45.352276], [115.34857, -45.363326], [115.3566, -45.377446], [115.36438, -45.390109], [115.371659, -45.400517], [115.377538, -45.408801], [115.382018, -45.419019], [115.386255, -45.428065], [115.39149, -45.438604], [115.396205, -45.447934], [115.401389, -45.456868], [115.407833, -45.466513], [115.414298, -45.475974], [115.419524, -45.484568], [115.422275, -45.494114], [115.425737, -45.505188], [115.428996, -45.516158], [115.432054, -45.527568], [115.434559, -45.53697], [115.437317, -45.547152], [115.440476, -45.560698], [115.443636, -45.572402], [115.44571, -45.580663], [115.449075, -45.59122], [115.450907, -45.599725], [115.454396, -45.610331], [115.457326, -45.619018], [115.460259, -45.626999], [115.465494, -45.640066], [115.469289, -45.650047], [115.47351, -45.6609], [115.477571, -45.669718], [115.480464, -45.678333], [115.482148, -45.686977], [115.485806, -45.698551], [115.488198, -45.707717], [115.490507, -45.716318], [115.488487, -45.722127], [115.498176, -45.727247], [115.526533, -45.72901], [115.555414, -45.731217], [115.584293, -45.735183], [115.60257, -45.73769], [115.632506, -45.7413], [115.656766, -45.744163], [115.683435, -45.74671], [115.710158, -45.749089], [115.737542, -45.751541], [115.762626, -45.753197], [115.787808, -45.754037], [115.817297, -45.757241], [115.839506, -45.759818], [115.862721, -45.762429], [115.886787, -45.767273], [115.908087, -45.770468], [115.933655, -45.773003], [115.956171, -45.774648], [115.983161, -45.776612], [116.005166, -45.779038], [116.026312, -45.782457], [116.051339, -45.787605], [116.069438, -45.790599], [116.104807, -45.796688], [116.128191, -45.800033], [116.158687, -45.805678], [116.186343, -45.811143], [116.223175, -45.814354], [116.249059, -45.815819], [116.285768, -45.81767], [116.312323, -45.819156], [116.343278, -45.820209], [116.369541, -45.821268], [116.396253, -45.822185], [116.42552, -45.823781], [116.455518, -45.82539], [116.477506, -45.826421], [116.501837, -45.827797], [116.529955, -45.828445], [116.560348, -45.829221], [116.597508, -45.829252], [116.632875, -45.829392], [116.664943, -45.830288], [116.696982, -45.832012], [116.731719, -45.834588], [116.767655, -45.837898], [116.796998, -45.840122], [116.834247, -45.843023], [116.865038, -45.845497], [116.889328, -45.847933], [116.883126, -45.864524], [116.878188, -45.880879], [116.87293, -45.897903], [116.877576, -45.908794], [116.896874, -45.91031], [116.924352, -45.910335], [116.955014, -45.910585], [116.98588, -45.911082], [117.016852, -45.912159], [117.039017, -45.913213], [117.06039, -45.913667], [117.088219, -45.913749], [117.107822, -45.914469], [117.131928, -45.915259], [117.15934, -45.916464], [117.178687, -45.916984], [117.200065, -45.917057], [117.221523, -45.916983], [117.241867, -45.915965], [117.266963, -45.914748], [117.288084, -45.914456], [117.310073, -45.912601], [117.330719, -45.912132], [117.349354, -45.912479], [117.366563, -45.913171], [117.37931, -45.910879], [117.364493, -45.904836], [117.353722, -45.902273], [117.339595, -45.898373], [117.326196, -45.891432], [117.310962, -45.88466], [117.300324, -45.878955], [117.288506, -45.873161], [117.276562, -45.868432], [117.267739, -45.864315], [117.255747, -45.859265], [117.243982, -45.853813], [117.231011, -45.849318], [117.219238, -45.844555], [117.207174, -45.838492], [117.196878, -45.832778], [117.188089, -45.827448], [117.178528, -45.820634], [117.171368, -45.813267], [117.164256, -45.80488], [117.156753, -45.797737], [117.149869, -45.788957], [117.145088, -45.780777], [117.137425, -45.772666], [117.130446, -45.763825], [117.124098, -45.753316], [117.117927, -45.744305], [117.112441, -45.73515], [117.1048, -45.72578], [117.096078, -45.715977], [117.087675, -45.704619], [117.078333, -45.693829], [117.069888, -45.68425], [117.060545, -45.674196], [117.050526, -45.663256], [117.04156, -45.654293], [117.031482, -45.646367], [117.022848, -45.637311], [117.013826, -45.628557], [117.002876, -45.619232], [116.992804, -45.610486], [116.982438, -45.601154], [116.970736, -45.593322], [116.960426, -45.58578], [116.949691, -45.578214], [116.938845, -45.569359], [116.925959, -45.55968], [116.914164, -45.550125], [116.902931, -45.540552], [116.891058, -45.531288], [116.879374, -45.523972], [116.866936, -45.518975], [116.852366, -45.511576], [116.841088, -45.504974], [116.824596, -45.497907], [116.813442, -45.492521], [116.801407, -45.485399], [116.789732, -45.478658], [116.776943, -45.472129], [116.764576, -45.464791], [116.754569, -45.45774], [116.741931, -45.44854], [116.727988, -45.438817], [116.716448, -45.430678], [116.705733, -45.423014], [116.693176, -45.414863], [116.679688, -45.406026], [116.670183, -45.399584], [116.659173, -45.393493], [116.647251, -45.385361], [116.633821, -45.377573], [116.62028, -45.369308], [116.6079, -45.363006], [116.594227, -45.356117], [116.578767, -45.348299], [116.56213, -45.33947], [116.545226, -45.330934], [116.528282, -45.323323], [116.516822, -45.318357], [116.501996, -45.312755], [116.486942, -45.307563], [116.470391, -45.301572], [116.455217, -45.296084], [116.460454, -45.290392], [116.480636, -45.286901], [116.497975, -45.282672], [116.514762, -45.277621], [116.532187, -45.27475], [116.55041, -45.271902], [116.571236, -45.268722], [116.588618, -45.265691], [116.604749, -45.261688], [116.627955, -45.263244], [116.647431, -45.265176], [116.666038, -45.268537], [116.687452, -45.270862], [116.704781, -45.27074], [116.725509, -45.273726], [116.743707, -45.276183], [116.760338, -45.277969], [116.779351, -45.279121], [116.800789, -45.27844], [116.819892, -45.278701], [116.839137, -45.279893], [116.860534, -45.280705], [116.881821, -45.281504], [116.901478, -45.283343], [116.922822, -45.285175], [116.945829, -45.288037], [116.963092, -45.289203], [116.984961, -45.288664], [117.006508, -45.287803], [117.024942, -45.288353], [117.045043, -45.288946], [117.067056, -45.289895], [117.090818, -45.291391], [117.115414, -45.293234], [117.137331, -45.293558], [117.157039, -45.293597], [117.178638, -45.29309], [117.199673, -45.292058], [117.220493, -45.291843], [117.242072, -45.292366], [117.2648, -45.291191], [117.287187, -45.288854], [117.309862, -45.285334], [117.334041, -45.283715], [117.356132, -45.282251], [117.380819, -45.281619], [117.398976, -45.279183], [117.417914, -45.277744], [117.441199, -45.271728], [117.462088, -45.268267], [117.483482, -45.263082], [117.501108, -45.255571], [117.521198, -45.248576], [117.537625, -45.242459], [117.556269, -45.236635], [117.573937, -45.232293], [117.592449, -45.227638], [117.608781, -45.223503], [117.629456, -45.219262], [117.64433, -45.211017], [117.656394, -45.20146], [117.672023, -45.195384], [117.688894, -45.188585], [117.708403, -45.181924], [117.7199, -45.174601], [117.730111, -45.164475], [117.745398, -45.158175], [117.758595, -45.151302], [117.772053, -45.142534], [117.783945, -45.136268], [117.801585, -45.129893], [117.817085, -45.125168], [117.831832, -45.11919], [117.849033, -45.113572], [117.86458, -45.105968], [117.883013, -45.098539], [117.897938, -45.093297], [117.909051, -45.087652], [117.925373, -45.080427], [117.94174, -45.07239], [117.958063, -45.063338], [117.973016, -45.055728], [117.985515, -45.048077], [118.002487, -45.041468], [118.020157, -45.032952], [118.034233, -45.025509], [118.048576, -45.01801], [118.061319, -45.010547], [118.074213, -45.002398], [118.086381, -44.992927], [118.096128, -44.983943], [118.105379, -44.975146], [118.117476, -44.967574], [118.128754, -44.955889], [118.126911, -44.947825], [118.134721, -44.935774], [118.130602, -44.94651], [118.126917, -44.958927], [118.121696, -44.972812], [118.116307, -44.983727], [118.117972, -44.998266], [118.118057, -45.008035], [118.112456, -45.008202], [118.106916, -44.997205], [118.112167, -45.006778], [118.113868, -45.016614], [118.115342, -45.027722], [118.114753, -45.037181], [118.115721, -45.049993], [118.114982, -45.063382], [118.116075, -45.075312], [118.118267, -45.086911], [118.119543, -45.099913], [118.119528, -45.115529], [118.120533, -45.127402], [118.124229, -45.138731], [118.130663, -45.152038], [118.138698, -45.162881], [118.147765, -45.174373], [118.156147, -45.186124], [118.169291, -45.199938], [118.181116, -45.210742], [118.189422, -45.221976], [118.200521, -45.236892], [118.206985, -45.250732], [118.216316, -45.267232], [118.22533, -45.280117], [118.230466, -45.292187], [118.236515, -45.305337], [118.242298, -45.318824], [118.250247, -45.335552], [118.256068, -45.348373], [118.261068, -45.361583], [118.270329, -45.376278], [118.273965, -45.389662], [118.275853, -45.403339], [118.280521, -45.417087], [118.283725, -45.431489], [118.285956, -45.448218], [118.291659, -45.463553], [118.301847, -45.476389], [118.311728, -45.487723], [118.32305, -45.498664], [118.330028, -45.513316], [118.330425, -45.526752], [118.334456, -45.540426], [118.346467, -45.556868], [118.359207, -45.57097], [118.368666, -45.588576], [118.38072, -45.600882], [118.390203, -45.614532], [118.397308, -45.626355], [118.402008, -45.638581], [118.410544, -45.652363], [118.412319, -45.66641], [118.420565, -45.6813], [118.428884, -45.691061], [118.434095, -45.704752], [118.433128, -45.723451], [118.438123, -45.735944], [118.449486, -45.751674], [118.452801, -45.767833], [118.462293, -45.778759], [118.473112, -45.791109], [118.485143, -45.802426], [118.496042, -45.81597], [118.508893, -45.830005], [118.508807, -45.843592], [118.511251, -45.858215], [118.513622, -45.873146], [118.516462, -45.889523], [118.523936, -45.901454], [118.531423, -45.918207], [118.536567, -45.931919], [118.546994, -45.944592], [118.556649, -45.957061], [118.575733, -45.970107], [118.594614, -45.976782], [118.6076, -45.986717], [118.615432, -46.000334], [118.619561, -46.014922], [118.621905, -46.027764], [118.62718, -46.043253], [118.641032, -46.056697], [118.651894, -46.068258], [118.658942, -46.082268], [118.661844, -46.096273], [118.673533, -46.105751], [118.688169, -46.113115], [118.708336, -46.118206], [118.722663, -46.126023], [118.73925, -46.128691], [118.760864, -46.129514], [118.781609, -46.134145], [118.799889, -46.136899], [118.814947, -46.144202], [118.831998, -46.143457], [118.852013, -46.141101], [118.871466, -46.141962], [118.884835, -46.148139], [118.893425, -46.161168], [118.897792, -46.172356], [118.911686, -46.178671], [118.923294, -46.190258], [118.945657, -46.199063], [118.96254, -46.208016], [118.976219, -46.218968], [118.979954, -46.232372], [118.979468, -46.245985], [118.982951, -46.259762], [118.980682, -46.275459], [118.988577, -46.285858], [119.019883, -46.298638], [119.049543, -46.307377], [119.059051, -46.316906], [119.074905, -46.334875], [119.089487, -46.341607], [119.147927, -46.32903], [119.194557, -46.319661], [119.230797, -46.311027], [119.268677, -46.299772], [119.303242, -46.29294], [119.3304, -46.287333], [119.365116, -46.281439], [119.401953, -46.275608], [119.435452, -46.272058], [119.46815, -46.267237], [119.506733, -46.260087], [119.534141, -46.252319], [119.565129, -46.246225], [119.593711, -46.244694], [119.618083, -46.249022], [119.655388, -46.254002], [119.689162, -46.258032], [119.722572, -46.264992], [119.753389, -46.276096], [119.791693, -46.29092], [119.821763, -46.300988], [119.847885, -46.310785], [119.884412, -46.323457], [119.91396, -46.337363], [119.94422, -46.351618], [119.975537, -46.364485], [119.99946, -46.365379], [120.010174, -46.368514], [120.030882, -46.364532], [120.083362, -46.361685], [120.122263, -46.359458], [120.180162, -46.35529], [120.272327, -46.34662], [120.35586, -46.338815], [120.403917, -46.334105], [120.450292, -46.3293], [120.491594, -46.324341], [120.546635, -46.317888], [120.603272, -46.311408], [120.662017, -46.303968], [120.723257, -46.295807], [120.779995, -46.287955], [120.821682, -46.281888], [120.869332, -46.275348], [120.904402, -46.270645], [120.984897, -46.26031], [121.032282, -46.254767], [121.068362, -46.250508], [121.118506, -46.243445], [121.15211, -46.2347], [121.191766, -46.233471], [121.214284, -46.238622], [121.235983, -46.242781], [121.257473, -46.248058], [121.279303, -46.253772], [121.298992, -46.25822], [121.321594, -46.262012], [121.353003, -46.266127], [121.372022, -46.26857], [121.395706, -46.270903], [121.42138, -46.273653], [121.443129, -46.275243], [121.465828, -46.278263], [121.491834, -46.280118], [121.516686, -46.280773], [121.539399, -46.283848], [121.563693, -46.288349], [121.586735, -46.292433], [121.605607, -46.295289], [121.627299, -46.299908], [121.648354, -46.303956], [121.674136, -46.307566], [121.695886, -46.31079], [121.717679, -46.311983], [121.74143, -46.315832], [121.762348, -46.318753], [121.786429, -46.324172], [121.805327, -46.328641], [121.825732, -46.335957], [121.846132, -46.342496], [121.861979, -46.347717], [121.884877, -46.344413], [121.907211, -46.340791], [121.926257, -46.337675], [121.946188, -46.333766], [121.965496, -46.331388], [121.985147, -46.329878], [122.004509, -46.328711], [122.025183, -46.327524], [122.043321, -46.326706], [122.061527, -46.326156], [122.083653, -46.324508], [122.100738, -46.32381], [122.117558, -46.323262], [122.136239, -46.323793], [122.153553, -46.323766], [122.175406, -46.323135], [122.192379, -46.323135], [122.209534, -46.323692], [122.226303, -46.324209], [122.242726, -46.324663], [122.259163, -46.326018], [122.272627, -46.325889], [122.288153, -46.325352], [122.309293, -46.326403], [122.328138, -46.327383], [122.347799, -46.328962], [122.362509, -46.330064], [122.38615, -46.332892], [122.406593, -46.335141], [122.421893, -46.337231], [122.437548, -46.341773], [122.455188, -46.343218], [122.4722, -46.345803], [122.487601, -46.349646], [122.502114, -46.352366], [122.515764, -46.355613], [122.52913, -46.358553], [122.541656, -46.364759], [122.555957, -46.370872], [122.572056, -46.370916], [122.587543, -46.369118], [122.608322, -46.367667], [122.628284, -46.36412], [122.650677, -46.362108], [122.673507, -46.357923], [122.697362, -46.35581], [122.720508, -46.351228], [122.739321, -46.34831], [122.755709, -46.346496], [122.773771, -46.344996], [122.79289, -46.342529], [122.809648, -46.341358], [122.834288, -46.339054], [122.858163, -46.336299], [122.878354, -46.335352], [122.897192, -46.334334], [122.91161, -46.335399], [122.928251, -46.337095], [122.942461, -46.338411], [122.960763, -46.338568], [122.978194, -46.340572], [122.994782, -46.341447], [123.014719, -46.342467], [123.033827, -46.343955], [123.056489, -46.346261], [123.065496, -46.347708], [123.076552, -46.346455], [123.090628, -46.347997], [123.104758, -46.348567], [123.119793, -46.349813], [123.136556, -46.350181], [123.164261, -46.351572], [123.185846, -46.351844], [123.200088, -46.349131], [123.216486, -46.345702], [123.2304, -46.343659], [123.243394, -46.340782], [123.256494, -46.338537], [123.270529, -46.336055], [123.287523, -46.333832], [123.302282, -46.333421], [123.321649, -46.332457], [123.336607, -46.331847], [123.356184, -46.331649], [123.372013, -46.331403], [123.3858, -46.331925], [123.401019, -46.332524], [123.416646, -46.333163], [123.43045, -46.332208], [123.452317, -46.331373], [123.467636, -46.330347], [123.486472, -46.328103], [123.501287, -46.325458], [123.516689, -46.324969], [123.535532, -46.32285], [123.550776, -46.320304], [123.567316, -46.317788], [123.586209, -46.314316], [123.602483, -46.312902], [123.626072, -46.312872], [123.641469, -46.31443], [123.657946, -46.316006], [123.671349, -46.317268], [123.686267, -46.318289], [123.699571, -46.318098], [123.714167, -46.317477], [123.726677, -46.318036], [123.74145, -46.319251], [123.756978, -46.319777], [123.772276, -46.320937], [123.785862, -46.321684], [123.79876, -46.319545], [123.813163, -46.318069], [123.825415, -46.319054], [123.840375, -46.321193], [123.855465, -46.322903], [123.867713, -46.322711], [123.879426, -46.322627], [123.893081, -46.322449], [123.904971, -46.322871], [123.919858, -46.322076], [123.933391, -46.322952], [123.947192, -46.323858], [123.959817, -46.324359], [123.973863, -46.325315], [123.985443, -46.327382], [123.997388, -46.328398], [124.010996, -46.329264], [124.025361, -46.330205], [124.036753, -46.332828], [124.049779, -46.332055], [124.064846, -46.330475], [124.078888, -46.331296], [124.093141, -46.332291], [124.108574, -46.332076], [124.119851, -46.332281], [124.13272, -46.332065], [124.145097, -46.332203], [124.157178, -46.33076], [124.171464, -46.329628], [124.187052, -46.328116], [124.203232, -46.32807], [124.215095, -46.329151], [124.22751, -46.33197], [124.238618, -46.334952], [124.250288, -46.337617], [124.263165, -46.340482], [124.277218, -46.341218], [124.291334, -46.342086], [124.306657, -46.342957], [124.320721, -46.344132], [124.334053, -46.346052], [124.34567, -46.346394], [124.360287, -46.348337], [124.372102, -46.35038], [124.385041, -46.351319], [124.399602, -46.353334], [124.412068, -46.354549], [124.424533, -46.357387], [124.43787, -46.359516], [124.453398, -46.36387], [124.465369, -46.365157], [124.479467, -46.365744], [124.497222, -46.368382], [124.513863, -46.370548], [124.526492, -46.372683], [124.539683, -46.374433], [124.557407, -46.375146], [124.575123, -46.375243], [124.596485, -46.375455], [124.612212, -46.376207], [124.627566, -46.377751], [124.643149, -46.379968], [124.662879, -46.380048], [124.677915, -46.380607], [124.694524, -46.380834], [124.710509, -46.383049], [124.728397, -46.383172], [124.740029, -46.381921], [124.755357, -46.380324], [124.768195, -46.379577], [124.782553, -46.380842], [124.797364, -46.382507], [124.812838, -46.383187], [124.826573, -46.384843], [124.841456, -46.387893], [124.854517, -46.390889], [124.870748, -46.393671], [124.890034, -46.398421], [124.900984, -46.401618], [124.915131, -46.405192], [124.929422, -46.408274], [124.941016, -46.41175], [124.956633, -46.414674], [124.971804, -46.418547], [124.986, -46.420794], [124.998377, -46.422639], [125.012756, -46.424479], [125.02933, -46.427319], [125.04717, -46.428715], [125.058541, -46.42946], [125.070268, -46.430473], [125.082098, -46.430517], [125.096071, -46.430743], [125.112682, -46.433318], [125.129441, -46.433479], [125.143325, -46.434671], [125.160523, -46.437639], [125.175794, -46.439869], [125.189728, -46.441169], [125.201524, -46.441243], [125.221339, -46.440671], [125.236665, -46.441905], [125.252756, -46.444264], [125.269908, -46.446611], [125.286852, -46.450424], [125.306344, -46.4536], [125.319582, -46.455853], [125.335668, -46.45909], [125.353772, -46.461852], [125.371114, -46.463269], [125.387024, -46.464564], [125.403402, -46.465948], [125.419239, -46.46633], [125.437196, -46.465208], [125.456368, -46.464202], [125.46954, -46.463025], [125.485141, -46.462885], [125.500649, -46.462341], [125.515877, -46.46174], [125.53012, -46.461422], [125.547487, -46.46113], [125.562452, -46.460531], [125.578277, -46.459701], [125.594548, -46.460273], [125.614242, -46.460112], [125.6301, -46.460882], [125.647422, -46.459536], [125.66458, -46.458887], [125.680641, -46.457925], [125.693746, -46.457438], [125.709409, -46.454611], [125.722062, -46.454112], [125.739889, -46.453606], [125.755787, -46.453242], [125.768532, -46.453282], [125.781382, -46.450985], [125.794256, -46.448752], [125.808244, -46.447658], [125.820859, -46.447501], [125.834764, -46.448137], [125.850193, -46.448179], [125.861929, -46.449018], [125.874224, -46.449698], [125.885923, -46.44999], [125.897607, -46.450667], [125.909562, -46.451732], [125.921887, -46.45243], [125.934769, -46.453334], [125.946795, -46.451337], [125.962906, -46.448256], [125.974312, -46.446717], [125.990213, -46.446267], [126.004722, -46.445538], [126.025517, -46.446216], [126.042673, -46.446957], [126.061053, -46.446523], [126.073515, -46.448909], [126.086785, -46.454302], [126.100977, -46.459152], [126.113364, -46.462878], [126.126524, -46.465617], [126.138078, -46.46802], [126.15448, -46.46777], [126.170453, -46.464917], [126.186112, -46.462608], [126.201414, -46.459542], [126.217468, -46.456142], [126.22983, -46.455584], [126.240947, -46.45466], [126.257012, -46.453443], [126.271541, -46.451483], [126.285967, -46.448559], [126.304088, -46.446042], [126.319567, -46.445123], [126.334862, -46.441636], [126.353152, -46.434425], [126.370518, -46.428693], [126.386907, -46.425002], [126.401152, -46.420991], [126.41498, -46.416802], [126.430798, -46.414197], [126.447734, -46.409819], [126.467353, -46.405316], [126.484716, -46.402479], [126.502809, -46.399103], [126.519707, -46.394928], [126.535502, -46.389478], [126.54911, -46.385907], [126.565473, -46.380993], [126.581235, -46.378436], [126.600688, -46.377776], [126.620928, -46.376605], [126.637006, -46.369602], [126.650835, -46.360608], [126.662076, -46.351901], [126.676789, -46.34011], [126.690624, -46.330998], [126.710832, -46.321086], [126.725138, -46.313531], [126.739477, -46.304275], [126.759418, -46.292948], [126.774693, -46.287283], [126.794363, -46.277857], [126.811117, -46.26946], [126.827456, -46.260591], [126.842616, -46.254536], [126.858909, -46.248582], [126.879966, -46.242019], [126.902341, -46.23813], [126.925318, -46.232955], [126.943768, -46.228625], [126.96298, -46.221006], [126.980996, -46.217031], [127.003571, -46.210201], [127.022167, -46.206532], [127.039267, -46.202943], [127.056279, -46.200167], [127.074861, -46.196939], [127.094612, -46.193795], [127.115726, -46.193091], [127.136016, -46.190999], [127.158572, -46.188334], [127.174927, -46.187126], [127.193173, -46.185248], [127.212926, -46.183853], [127.227874, -46.182859], [127.252972, -46.181662], [127.273392, -46.180879], [127.293851, -46.180179], [127.316825, -46.17799], [127.337346, -46.174807], [127.358179, -46.17158], [127.375177, -46.169243], [127.393864, -46.166917], [127.410888, -46.164268], [127.427577, -46.162868], [127.449217, -46.159552], [127.470984, -46.154393], [127.489857, -46.152654], [127.508026, -46.149317], [127.523517, -46.145618], [127.54012, -46.139024], [127.551599, -46.128646], [127.562696, -46.120747], [127.582276, -46.113717], [127.601696, -46.107112], [127.621228, -46.099916], [127.637411, -46.090346], [127.650665, -46.0846], [127.668993, -46.077027], [127.683046, -46.070088], [127.698157, -46.063071], [127.714713, -46.055558], [127.730379, -46.048074], [127.745066, -46.040142], [127.757304, -46.032453], [127.765411, -46.024605], [127.778345, -46.017062], [127.786488, -46.00733], [127.795821, -45.99803], [127.808825, -45.986203], [127.813954, -45.974745], [127.812738, -45.962447], [127.811644, -45.948522], [127.811032, -45.938086], [127.809967, -45.928603], [127.793624, -45.924892], [127.776405, -45.919557], [127.760436, -45.913318], [127.746943, -45.908152], [127.729697, -45.907637], [127.732202, -45.906457], [127.758737, -45.911727], [127.796042, -45.916113], [127.827598, -45.919123], [127.855812, -45.922277], [127.884327, -45.925548], [127.914755, -45.92836], [127.94678, -45.931798], [127.982692, -45.936005], [128.025775, -45.941777], [128.061107, -45.946393], [128.081413, -45.948503], [128.11401, -45.952912], [128.160522, -45.95933], [128.19817, -45.964837], [128.232068, -45.969517], [128.275277, -45.975055], [128.332157, -45.982823], [128.36979, -45.987312], [128.406583, -45.991878], [128.447072, -45.996005], [128.486416, -45.999697], [128.521172, -46.002847], [128.564453, -46.006767], [128.599932, -46.010042], [128.647145, -46.014448], [128.688022, -46.01799], [128.727192, -46.021478], [128.766201, -46.024291], [128.803185, -46.022978], [128.835643, -46.026415], [128.871465, -46.030547], [128.91198, -46.035558], [128.943598, -46.039158], [128.969762, -46.041966], [129.003984, -46.045231], [129.021208, -46.050395], [129.020314, -46.061766], [129.019151, -46.07324], [129.019084, -46.083589], [129.018854, -46.095423], [129.019292, -46.107818], [129.026983, -46.122595], [129.031758, -46.133021], [129.034495, -46.141297], [129.037515, -46.149492], [129.03649, -46.158673], [129.036448, -46.169527], [129.034213, -46.178253], [129.033165, -46.189079], [129.032688, -46.200488], [129.033975, -46.209233], [129.034984, -46.219806], [129.036016, -46.231802], [129.037455, -46.241656], [129.040374, -46.252394], [129.043611, -46.262667], [129.048027, -46.27392], [129.052153, -46.283817], [129.057148, -46.293446], [129.062606, -46.302746], [129.070813, -46.314327], [129.078695, -46.324888], [129.088874, -46.335949], [129.09771, -46.34493], [129.105256, -46.353681], [129.11284, -46.361334], [129.120396, -46.370454], [129.127208, -46.378508], [129.134569, -46.387111], [129.14079, -46.394595], [129.147974, -46.402074], [129.155576, -46.409397], [129.16116, -46.41615], [129.168452, -46.422847], [129.175881, -46.429642], [129.183299, -46.437664], [129.189536, -46.444658], [129.192801, -46.451219], [129.196227, -46.459162], [129.199741, -46.468291], [129.202578, -46.477311], [129.204536, -46.487035], [129.206663, -46.496023], [129.210204, -46.507264], [129.215034, -46.518877], [129.219969, -46.530794], [129.225493, -46.541532], [129.231933, -46.553011], [129.238601, -46.563577], [129.246133, -46.57288], [129.253327, -46.581526], [129.262354, -46.590447], [129.270389, -46.59853], [129.280666, -46.607552], [129.289222, -46.614063], [129.298954, -46.622214], [129.30856, -46.629878], [129.319052, -46.637927], [129.328122, -46.644126], [129.340786, -46.65177], [129.354276, -46.658479], [129.373303, -46.664137], [129.390393, -46.667476], [129.407153, -46.668535], [129.429483, -46.668246], [129.449842, -46.666326], [129.469284, -46.665321], [129.495542, -46.661253], [129.525158, -46.655194], [129.545398, -46.650637], [129.564517, -46.64693], [129.586492, -46.64414], [129.616578, -46.633968], [129.643573, -46.625512], [129.684198, -46.616425], [129.715855, -46.607646], [129.745087, -46.598013], [129.767081, -46.59228], [129.794127, -46.586032], [129.822397, -46.580216], [129.860478, -46.573685], [129.897189, -46.569893], [129.924252, -46.567068], [129.94981, -46.569227], [129.983428, -46.569536], [130.009925, -46.566441], [130.034193, -46.560688], [130.057709, -46.55567], [130.090182, -46.552595], [130.111274, -46.551271], [130.135393, -46.547676], [130.158747, -46.541173], [130.18731, -46.529856], [130.211768, -46.520842], [130.237077, -46.511524], [130.259175, -46.501733], [130.280868, -46.492018], [130.297277, -46.482357], [130.319073, -46.468513], [130.334991, -46.457449], [130.350223, -46.446288], [130.362834, -46.434553], [130.375728, -46.418534], [130.388469, -46.401503], [130.400069, -46.390899], [130.413847, -46.374606], [130.428234, -46.361012], [130.43992, -46.348319], [130.451751, -46.336036], [130.463284, -46.324177], [130.477145, -46.313473], [130.491003, -46.304339], [130.506483, -46.295617], [130.521791, -46.287759], [130.535493, -46.280583], [130.549617, -46.275061], [130.566991, -46.268868], [130.587122, -46.259829], [130.600882, -46.257453], [130.617022, -46.257613], [130.636121, -46.258868], [130.66255, -46.259907], [130.679634, -46.258636], [130.690988, -46.252606], [130.708145, -46.246243], [130.72558, -46.24145], [130.751466, -46.235058], [130.779917, -46.229228], [130.80612, -46.226159], [130.829457, -46.223192], [130.853651, -46.222218], [130.871861, -46.219963], [130.892249, -46.214138], [130.912239, -46.207814], [130.93353, -46.201254], [130.957116, -46.197854], [130.980996, -46.196323], [131.011673, -46.196352], [131.03444, -46.198152], [131.058315, -46.201304], [131.082844, -46.206087], [131.119297, -46.214528], [131.144092, -46.220802], [131.172539, -46.229264], [131.199032, -46.237126], [131.22739, -46.242884], [131.25421, -46.249064], [131.280287, -46.256037], [131.303611, -46.26327], [131.324275, -46.268504], [131.347452, -46.274247], [131.369343, -46.277028], [131.387381, -46.278776], [131.401375, -46.283631], [131.415035, -46.289084], [131.427249, -46.294213], [131.440095, -46.299192], [131.456414, -46.302988], [131.469974, -46.306621], [131.484554, -46.310259], [131.499139, -46.314248], [131.515053, -46.318808], [131.528266, -46.321333], [131.543588, -46.325492], [131.559131, -46.327156], [131.574375, -46.327813], [131.587103, -46.331819], [131.60632, -46.338124], [131.6234, -46.343248], [131.649996, -46.351217], [131.668047, -46.354809], [131.687941, -46.357596], [131.702083, -46.364508], [131.713629, -46.373809], [131.728064, -46.379441], [131.742281, -46.386884], [131.758911, -46.396954], [131.769045, -46.402939], [131.781808, -46.409227], [131.802957, -46.416072], [131.824194, -46.42071], [131.844475, -46.422852], [131.861571, -46.423984], [131.886012, -46.423483], [131.902879, -46.42265], [131.922919, -46.421721], [131.945178, -46.4217], [131.963102, -46.422322], [131.978716, -46.422167], [132.001542, -46.422404], [132.0237, -46.42324], [132.046446, -46.425227], [132.062311, -46.427541], [132.080742, -46.431071], [132.098394, -46.435102], [132.125657, -46.443021], [132.146626, -46.448196], [132.164339, -46.452592], [132.178994, -46.456326], [132.1993, -46.460503], [132.218451, -46.464577], [132.236169, -46.468305], [132.255173, -46.472764], [132.271732, -46.4764], [132.291936, -46.480939], [132.30897, -46.479066], [132.321736, -46.476904], [132.335181, -46.48332], [132.358461, -46.49246], [132.38321, -46.502011], [132.403153, -46.510072], [132.420138, -46.518031], [132.44205, -46.527547], [132.461418, -46.53738], [132.483137, -46.544107], [132.506763, -46.549334], [132.527703, -46.553332], [132.551243, -46.558523], [132.576794, -46.562911], [132.594776, -46.56553], [132.616213, -46.568852], [132.636454, -46.571674], [132.659018, -46.574953], [132.679524, -46.578018], [132.701239, -46.580025], [132.720274, -46.58195], [132.740317, -46.584684], [132.760291, -46.586692], [132.777662, -46.588016], [132.799732, -46.589322], [132.825438, -46.590648], [132.844384, -46.590709], [132.861152, -46.589829], [132.87825, -46.591181], [132.897613, -46.592834], [132.919795, -46.594814], [132.943348, -46.596667], [132.963072, -46.597345], [132.981439, -46.598236], [133.002984, -46.59931], [133.020118, -46.600568], [133.036791, -46.601554], [133.049603, -46.602282], [133.063912, -46.60369], [133.082556, -46.6037], [133.097232, -46.602297], [133.112897, -46.600804], [133.131282, -46.599193], [133.153344, -46.597092], [133.170927, -46.595009], [133.185419, -46.593928], [133.218617, -46.592602], [133.239316, -46.591417], [133.264422, -46.588948], [133.282279, -46.586376], [133.301061, -46.583003], [133.329622, -46.57685], [133.350059, -46.571208], [133.365712, -46.56788], [133.390211, -46.560824], [133.410201, -46.555733], [133.427062, -46.551922], [133.443149, -46.547102], [133.463031, -46.540844], [133.48224, -46.533973], [133.496777, -46.529345], [133.511967, -46.525288], [133.530869, -46.519386], [133.551644, -46.513947], [133.571189, -46.508182], [133.588748, -46.504815], [133.610897, -46.502379], [133.639908, -46.496627], [133.657815, -46.493161], [133.680147, -46.489272], [133.695748, -46.486104], [133.713786, -46.481855], [133.735165, -46.478347], [133.755002, -46.473845], [133.773369, -46.469485], [133.797334, -46.463279], [133.820379, -46.458213], [133.838632, -46.453401], [133.859284, -46.447767], [133.876026, -46.442049], [133.897008, -46.436247], [133.915067, -46.431004], [133.935818, -46.424715], [133.952809, -46.419567], [133.971843, -46.413954], [133.988891, -46.409891], [134.006688, -46.405533], [134.023036, -46.400408], [134.045542, -46.393127], [134.067909, -46.386991], [134.08562, -46.38152], [134.102524, -46.377287], [134.119868, -46.372569], [134.144016, -46.366305], [134.161442, -46.362123], [134.177863, -46.359547], [134.194933, -46.355586], [134.211186, -46.352084], [134.22942, -46.348945], [134.249802, -46.345723], [134.264648, -46.343446], [134.284132, -46.33991], [134.300286, -46.33747], [134.317096, -46.335782], [134.332183, -46.334844], [134.349778, -46.333238], [134.365684, -46.332045], [134.382975, -46.331685], [134.397526, -46.331502], [134.413914, -46.331383], [134.429673, -46.332049], [134.44333, -46.333432], [134.462427, -46.336561], [134.482063, -46.340007], [134.500334, -46.343912], [134.520644, -46.349068], [134.536681, -46.353869], [134.554487, -46.360566], [134.571994, -46.367509], [134.698411, -46.410003], [134.716795, -46.411465], [134.741743, -46.412646], [134.764375, -46.413787], [134.78814, -46.414604], [134.812741, -46.413704], [134.835477, -46.411377], [134.852925, -46.409681], [134.873687, -46.406876], [134.898165, -46.403247], [134.91539, -46.401283], [134.935262, -46.39969], [134.9558, -46.398474], [134.979964, -46.397883], [135.004665, -46.39487], [135.025412, -46.392675], [135.048088, -46.390114], [135.071083, -46.386635], [135.099748, -46.380444], [135.127068, -46.37258], [135.153266, -46.363146], [135.178515, -46.355763], [135.202607, -46.346015], [135.22645, -46.336117], [135.245321, -46.328233], [135.262952, -46.321698], [135.2811, -46.314066], [135.299862, -46.306692], [135.317704, -46.299018], [135.337833, -46.291026], [135.355663, -46.283687], [135.372909, -46.276894], [135.386994, -46.270452], [135.401711, -46.26407], [135.418886, -46.258101], [135.435396, -46.253085], [135.447438, -46.249619], [135.460152, -46.245942], [135.480141, -46.241126], [135.494772, -46.237931], [135.508752, -46.23456], [135.52036, -46.230773], [135.531254, -46.225861], [135.542068, -46.221328], [135.552957, -46.217773], [135.566272, -46.212428], [135.577558, -46.203816], [135.588942, -46.195126], [135.60271, -46.185083], [135.616917, -46.174543], [135.629919, -46.165421], [135.645564, -46.157273], [135.660628, -46.147419], [135.671724, -46.137655], [135.683134, -46.127581], [135.696126, -46.117212], [135.713526, -46.109902], [135.732992, -46.10199], [135.749167, -46.095572], [135.763558, -46.090977], [135.784896, -46.084604], [135.805734, -46.078572], [135.823761, -46.075281], [135.849688, -46.070697], [135.870671, -46.067712], [135.888373, -46.066286], [135.908045, -46.062837], [135.929887, -46.059414], [135.951569, -46.055845], [135.977631, -46.048854], [135.998585, -46.041168], [136.016458, -46.03503], [136.040714, -46.030857], [136.060677, -46.028332], [136.085134, -46.026916], [136.102503, -46.026519], [136.12542, -46.025585], [136.146379, -46.026255], [136.163133, -46.027183], [136.179299, -46.027006], [136.200453, -46.030861], [136.218128, -46.035402], [136.232399, -46.03951], [136.244923, -46.043315], [136.25766, -46.048669], [136.272418, -46.055873], [136.288268, -46.062347], [136.301585, -46.067304], [136.31681, -46.072852], [136.328988, -46.077916], [136.340598, -46.083891], [136.354052, -46.088247], [136.369576, -46.089741], [136.386924, -46.08926], [136.402148, -46.084873], [136.414682, -46.077958], [136.42479, -46.070603], [136.436544, -46.063262], [136.449319, -46.055386], [136.460652, -46.047389], [136.473442, -46.038245], [136.486703, -46.029863], [136.498667, -46.022823], [136.509463, -46.015261], [136.5235, -46.006687], [136.535098, -45.999005], [136.545127, -45.992352], [136.558007, -45.985385], [136.56852, -45.978315], [136.579863, -45.971023], [136.591738, -45.96439], [136.603296, -45.957372], [136.614024, -45.950809], [136.624247, -45.944202], [136.635819, -45.938234], [136.647785, -45.931178], [136.657658, -45.924567], [136.669663, -45.917935], [136.681062, -45.911063], [136.692661, -45.905009], [136.704577, -45.898499], [136.716082, -45.892595], [136.727222, -45.885488], [136.7375, -45.879107], [136.748883, -45.871799], [136.759565, -45.865809], [136.771842, -45.859656], [136.782833, -45.853482], [136.793614, -45.848376], [136.804752, -45.842325], [136.816432, -45.835679], [136.827775, -45.828877], [136.837695, -45.822282], [136.848587, -45.8161], [136.860418, -45.809986], [136.872755, -45.80342], [136.88247, -45.797234], [136.896016, -45.787049], [136.90743, -45.781475], [136.919763, -45.776619], [136.93117, -45.769484], [136.941527, -45.761254], [136.952715, -45.752974], [136.961833, -45.744055], [136.972598, -45.736915], [136.985057, -45.729814], [136.996763, -45.721771], [137.009946, -45.714431], [137.022087, -45.70587], [137.03321, -45.698471], [137.045944, -45.690247], [137.058359, -45.690943], [137.068373, -45.692339], [137.080202, -45.694066], [137.092503, -45.696111], [137.104265, -45.697493], [137.115364, -45.699377], [137.12724, -45.700808], [137.138061, -45.70208], [137.151853, -45.702838], [137.16173, -45.704204], [137.174642, -45.70649], [137.187426, -45.708081], [137.19909, -45.709367], [137.210176, -45.710948], [137.22395, -45.712734], [137.235416, -45.712579], [137.247102, -45.71202], [137.257608, -45.71235], [137.269521, -45.712097], [137.281233, -45.711858], [137.292174, -45.712291], [137.304272, -45.710672], [137.31684, -45.710358], [137.332796, -45.711914], [137.345604, -45.71285], [137.357297, -45.713568], [137.36975, -45.714688], [137.381401, -45.71679], [137.39203, -45.718362], [137.404758, -45.719434], [137.416161, -45.721756], [137.427417, -45.723218], [137.4398, -45.725693], [137.45101, -45.727919], [137.464068, -45.730419], [137.477501, -45.732405], [137.491675, -45.733364], [137.503057, -45.73323], [137.514576, -45.733603], [137.526406, -45.73397], [137.53926, -45.733125], [137.551749, -45.733073], [137.563712, -45.732357], [137.575276, -45.732182], [137.587979, -45.731536], [137.59954, -45.730798], [137.610425, -45.730055], [137.621428, -45.728563], [137.634312, -45.726804], [137.648536, -45.726339], [137.660775, -45.725535], [137.673166, -45.725495], [137.688837, -45.725259], [137.700747, -45.72398], [137.715606, -45.722897], [137.729533, -45.722436], [137.742959, -45.722493], [137.756166, -45.721329], [137.768958, -45.719968], [137.781312, -45.717899], [137.793473, -45.715841], [137.80601, -45.713629], [137.819912, -45.710623], [137.832301, -45.707357], [137.844862, -45.704461], [137.8564, -45.701799], [137.870707, -45.698117], [137.886487, -45.695516], [137.899715, -45.693025], [137.913606, -45.690647], [137.9286, -45.687445], [137.94086, -45.68412], [137.955426, -45.681065], [137.968564, -45.678197], [137.98266, -45.675663], [137.997165, -45.672744], [138.010193, -45.669997], [138.023832, -45.667658], [138.03713, -45.664972], [138.049149, -45.662557], [138.062807, -45.659731], [138.07561, -45.656747], [138.08693, -45.654512], [138.098382, -45.65151], [138.111401, -45.648656], [138.123983, -45.64621], [138.136742, -45.643604], [138.151301, -45.640284], [138.16584, -45.637378], [138.178914, -45.633478], [138.19093, -45.629656], [138.203656, -45.626258], [138.214124, -45.623519], [138.227287, -45.62072], [138.240845, -45.617747], [138.25471, -45.614911], [138.268855, -45.612538], [138.282709, -45.610073], [138.295811, -45.607686], [138.309495, -45.605179], [138.324386, -45.602587], [138.33954, -45.599906], [138.352056, -45.597416], [138.368879, -45.594548], [138.381434, -45.592168], [138.396532, -45.59051], [138.411545, -45.588527], [138.425465, -45.587259], [138.438267, -45.585856], [138.451037, -45.584283], [138.465802, -45.582682], [138.480441, -45.581541], [138.497211, -45.580288], [138.510698, -45.578926], [138.524297, -45.577789], [138.537475, -45.576233], [138.550033, -45.575153], [138.5629, -45.574161], [138.576815, -45.573392], [138.591875, -45.572465], [138.607299, -45.570547], [138.622954, -45.56894], [138.637004, -45.567899], [138.653348, -45.566232], [138.667133, -45.565303], [138.67969, -45.564487], [138.693293, -45.562695], [138.707801, -45.561559], [138.723245, -45.560603], [138.737713, -45.559862], [138.750737, -45.559348], [138.7655, -45.558794], [138.784489, -45.558649], [138.801907, -45.55784], [138.819405, -45.557168], [138.835673, -45.556783], [138.849178, -45.556289], [138.86346, -45.555835], [138.877013, -45.555562], [138.891753, -45.554691], [138.904124, -45.554184], [138.919335, -45.553192], [138.932607, -45.552337], [138.946693, -45.552024], [138.960172, -45.551457], [138.97427, -45.550682], [138.989098, -45.550183], [139.002406, -45.549289], [139.017009, -45.548306], [139.032629, -45.546493], [139.046427, -45.543887], [139.063131, -45.541783], [139.076953, -45.53942], [139.091323, -45.535193], [139.108223, -45.529692], [139.119153, -45.523273], [139.129669, -45.517146], [139.141716, -45.511891], [139.158006, -45.505706], [139.171465, -45.501802], [139.185602, -45.498393], [139.197939, -45.49487], [139.212972, -45.490638], [139.227697, -45.486622], [139.241617, -45.483157], [139.255067, -45.479587], [139.270128, -45.474683], [139.284324, -45.468539], [139.296388, -45.462316], [139.306063, -45.455443], [139.317261, -45.447755], [139.328709, -45.440969], [139.342156, -45.436041], [139.354753, -45.432247], [139.371346, -45.429312], [139.38763, -45.426852], [139.403859, -45.423684], [139.417035, -45.421049], [139.432541, -45.414576], [139.443965, -45.409109], [139.458757, -45.403403], [139.47055, -45.39849], [139.483971, -45.394164], [139.496243, -45.39005], [139.510986, -45.385217], [139.525818, -45.380838], [139.543053, -45.375692], [139.560142, -45.370677], [139.574375, -45.365608], [139.58402, -45.360425], [139.595212, -45.353529], [139.605815, -45.347638], [139.617133, -45.341491], [139.625698, -45.336365], [139.636635, -45.331206], [139.65093, -45.325611], [139.661826, -45.320299], [139.672775, -45.315331], [139.684927, -45.308096], [139.69523, -45.302217], [139.705633, -45.296733], [139.7161, -45.291083], [139.726436, -45.286573], [139.737497, -45.280595], [139.748686, -45.275098], [139.759873, -45.26976], [139.770826, -45.263935], [139.782682, -45.256588], [139.792137, -45.248757], [139.798583, -45.242462], [139.807737, -45.235172], [139.815458, -45.22855], [139.824274, -45.220789], [139.8315, -45.213307], [139.839416, -45.205476], [139.847637, -45.197481], [139.85619, -45.190557], [139.866235, -45.182565], [139.875399, -45.17443], [139.883888, -45.166517], [139.892333, -45.160001], [139.900794, -45.153262], [139.909695, -45.145741], [139.917945, -45.138127], [139.925177, -45.130004], [139.93292, -45.121968], [139.940409, -45.113555], [139.949885, -45.103056], [139.957512, -45.095465], [139.966986, -45.086006], [139.977551, -45.078853], [139.987198, -45.071266], [139.995954, -45.063968], [140.005154, -45.056772], [140.013982, -45.049678], [140.020455, -45.042129], [140.030052, -45.0354], [140.039093, -45.028427], [140.049313, -45.019964], [140.056633, -45.012785], [140.064161, -45.002493], [140.070352, -44.994309], [140.078804, -44.986368], [140.087816, -44.978451], [140.095815, -44.970802], [140.10395, -44.963434], [140.111403, -44.954799], [140.119989, -44.946475], [140.128229, -44.938341], [140.135781, -44.930438], [140.143935, -44.921329], [140.150896, -44.913212], [140.160121, -44.904983], [140.168798, -44.895265], [140.177111, -44.886017], [140.185605, -44.880441], [140.197598, -44.873743], [140.207205, -44.867417], [140.217608, -44.862549], [140.227389, -44.857155], [140.235956, -44.852814], [140.248025, -44.847123], [140.258672, -44.842447], [140.269074, -44.837487], [140.28035, -44.832406], [140.291487, -44.826897], [140.300926, -44.822132], [140.310209, -44.817213], [140.320411, -44.811744], [140.331095, -44.805488], [140.34188, -44.800658], [140.35248, -44.795587], [140.364392, -44.791602], [140.374607, -44.78719], [140.384399, -44.782831], [140.394056, -44.777954], [140.405587, -44.773186], [140.415393, -44.76909], [140.425903, -44.7643], [140.435826, -44.758368], [140.445195, -44.753816], [140.45675, -44.748711], [140.468631, -44.743973], [140.477833, -44.738555], [140.486969, -44.733859], [140.496487, -44.728763], [140.507134, -44.724032], [140.517774, -44.718663], [140.528239, -44.713266], [140.538294, -44.707925], [140.54815, -44.702839], [140.558767, -44.698236], [140.568873, -44.694183], [140.580541, -44.689604], [140.59143, -44.685348], [140.600547, -44.681778], [140.610734, -44.677313], [140.620807, -44.672917], [140.633476, -44.667767], [140.642928, -44.662964], [140.652744, -44.658122], [140.665188, -44.653068], [140.677319, -44.647245], [140.689279, -44.641181], [140.699534, -44.637195], [140.709302, -44.632983], [140.721943, -44.62788], [140.732538, -44.623085], [140.745007, -44.617975], [140.757847, -44.613064], [140.769876, -44.608172], [140.782569, -44.603379], [140.794043, -44.599389], [140.806757, -44.594829], [140.820943, -44.590449], [140.833992, -44.586077], [140.849432, -44.581849], [140.861175, -44.578398], [140.872647, -44.574251], [140.884929, -44.569716], [140.898883, -44.564481], [140.910328, -44.56081], [140.922718, -44.556483], [140.936985, -44.551994], [140.952046, -44.546596], [140.966963, -44.54141], [140.979397, -44.536356], [140.991798, -44.531051], [141.001341, -44.526709], [141.014643, -44.521983], [141.025399, -44.517892], [141.037716, -44.513882], [141.051118, -44.509422], [141.065791, -44.50496], [141.080498, -44.500277], [141.093164, -44.496773], [141.104402, -44.49351], [141.118844, -44.489358], [141.133601, -44.485498], [141.147417, -44.481962], [141.160632, -44.478042], [141.17644, -44.474309], [141.187722, -44.471694], [141.202426, -44.467588], [141.217069, -44.463619], [141.228886, -44.460202], [141.245754, -44.45622], [141.261277, -44.451891], [141.274414, -44.448471], [141.289616, -44.443947], [141.304046, -44.440255], [141.31806, -44.436106], [141.333722, -44.43212], [141.347895, -44.427883], [141.359804, -44.425474], [141.371918, -44.422763], [141.389472, -44.418404], [141.404592, -44.415818], [141.421006, -44.412494], [141.435033, -44.409837], [141.450271, -44.407207], [141.467316, -44.40457], [141.484616, -44.401528], [141.503354, -44.398237], [141.522012, -44.396774], [141.540023, -44.395724], [141.555126, -44.39494], [141.575415, -44.394721], [141.590482, -44.394626], [141.604438, -44.394516], [141.621938, -44.393671], [141.640827, -44.393052], [141.65918, -44.392016], [141.673672, -44.390607], [141.692209, -44.389247], [141.708843, -44.388671], [141.725587, -44.388564], [141.741857, -44.388332], [141.759896, -44.388352], [141.778516, -44.388892], [141.794888, -44.390391], [141.812871, -44.391442], [141.830758, -44.393204], [141.849133, -44.394066], [141.867483, -44.395044], [141.882255, -44.395813], [141.896185, -44.39596], [141.913831, -44.396829], [141.928905, -44.397131], [141.942102, -44.39726], [141.956633, -44.397848], [141.973144, -44.399469], [141.990967, -44.400682], [142.007361, -44.401581], [142.024163, -44.402611], [142.038167, -44.402977], [142.055508, -44.403472], [142.06922, -44.404437], [142.081888, -44.405565], [142.098119, -44.407148], [142.112817, -44.40869], [142.125997, -44.410783], [142.142162, -44.413715], [142.156094, -44.415582], [142.16841, -44.41629], [142.182129, -44.417081], [142.196776, -44.417792], [142.212531, -44.418353], [142.227329, -44.418721], [142.240251, -44.419376], [142.255431, -44.420591], [142.268348, -44.421171], [142.28465, -44.421568], [142.298092, -44.422309], [142.30953, -44.423033], [142.325622, -44.423873], [142.339488, -44.424759], [142.354567, -44.425725], [142.370739, -44.428081], [142.382388, -44.429874], [142.395495, -44.432167], [142.409283, -44.433803], [142.424985, -44.434904], [142.437225, -44.436181], [142.449839, -44.437501], [142.464018, -44.438917], [142.477545, -44.439796], [142.490205, -44.440624], [142.502967, -44.440595], [142.516049, -44.440718], [142.532129, -44.440708], [142.54512, -44.441168], [142.558454, -44.441526], [142.570883, -44.442013], [142.582706, -44.442266], [142.597069, -44.442658], [142.610015, -44.442985], [142.626173, -44.443852], [142.639948, -44.445012], [142.654654, -44.445761], [142.667221, -44.446301], [142.681657, -44.446908], [142.693225, -44.447232], [142.706648, -44.448125], [142.719766, -44.448964], [142.735099, -44.449456], [142.747421, -44.449231], [142.760677, -44.449147], [142.774596, -44.449254], [142.787158, -44.448995], [142.799178, -44.447823], [142.812946, -44.44627], [142.82543, -44.444168], [142.837634, -44.442949], [142.849828, -44.442375], [142.863512, -44.441678], [142.878126, -44.441577], [142.889774, -44.44128], [142.900663, -44.440946], [142.913361, -44.440146], [142.925064, -44.43891], [142.938652, -44.437844], [142.951292, -44.437153], [142.963604, -44.435942], [142.977331, -44.435192], [142.987859, -44.434729], [143.000613, -44.433515], [143.014061, -44.432878], [143.027977, -44.432743], [143.041886, -44.432505], [143.055968, -44.431717], [143.069813, -44.431151], [143.082262, -44.430453], [143.093558, -44.42882], [143.105461, -44.426464], [143.119092, -44.423168], [143.131983, -44.421719], [143.145224, -44.419407], [143.157911, -44.417302], [143.168582, -44.415348], [143.181346, -44.412395], [143.193138, -44.40867], [143.204948, -44.406001], [143.216306, -44.403764], [143.22901, -44.39983], [143.241025, -44.396941], [143.255121, -44.394848], [143.269608, -44.393329], [143.282932, -44.391657], [143.294401, -44.390689], [143.309174, -44.389091], [143.323797, -44.38839], [143.337075, -44.387714], [143.351502, -44.387204], [143.362346, -44.386975], [143.37499, -44.38717], [143.389324, -44.387019], [143.401303, -44.38674], [143.413523, -44.386705], [143.426242, -44.386929], [143.443198, -44.38709], [143.459503, -44.387007], [143.473853, -44.386474], [143.486121, -44.385707], [143.499593, -44.384426], [143.512237, -44.383447], [143.5255, -44.383098], [143.539684, -44.382164], [143.55395, -44.381354], [143.569781, -44.380884], [143.582601, -44.380154], [143.59586, -44.379013], [143.607977, -44.378307], [143.619759, -44.377661], [143.632658, -44.377049], [143.648636, -44.376479], [143.662536, -44.375755], [143.674327, -44.374899], [143.68686, -44.373799], [143.701716, -44.372785], [143.716339, -44.371693], [143.728993, -44.370541], [143.742927, -44.369931], [143.757652, -44.369368], [143.77024, -44.369239], [143.786611, -44.368968], [143.801163, -44.368708], [143.814446, -44.368426], [143.829641, -44.368446], [143.842975, -44.367608], [143.856265, -44.366288], [143.868228, -44.364677], [143.880133, -44.363184], [143.890155, -44.361993], [143.902011, -44.360857], [143.916268, -44.360093], [143.927076, -44.358998], [143.939128, -44.357645], [143.951617, -44.357171], [143.964126, -44.355785], [143.975996, -44.353636], [143.986978, -44.351888], [143.998243, -44.349859], [144.009263, -44.347872], [144.020961, -44.346049], [144.032075, -44.34446], [144.042397, -44.3436], [144.054222, -44.342856], [144.066694, -44.342153], [144.079468, -44.341449], [144.091059, -44.340064], [144.10482, -44.339427], [144.118224, -44.338385], [144.129248, -44.337055], [144.14071, -44.335973], [144.152304, -44.335384], [144.163565, -44.333937], [144.174209, -44.332825], [144.185862, -44.331664], [144.197657, -44.329921], [144.211835, -44.328378], [144.224993, -44.327056], [144.237451, -44.326211], [144.249818, -44.32477], [144.26375, -44.323128], [144.276065, -44.320755], [144.286576, -44.319103], [144.298343, -44.317952], [144.311286, -44.316339], [144.322365, -44.31558], [144.334664, -44.314917], [144.349742, -44.31343], [144.362007, -44.31207], [144.374386, -44.310791], [144.386545, -44.30938], [144.398505, -44.307948], [144.409648, -44.306452], [144.421, -44.305643], [144.432993, -44.303777], [144.44452, -44.302074], [144.456037, -44.300607], [144.467265, -44.298444], [144.478964, -44.296388], [144.491493, -44.294574], [144.50412, -44.292935], [144.516127, -44.290674], [144.528304, -44.289108], [144.539586, -44.286546], [144.551881, -44.283436], [144.562822, -44.278856], [144.572792, -44.27181], [144.585285, -44.267793], [144.596359, -44.262619], [144.60602, -44.257683], [144.615827, -44.253427], [144.628423, -44.248173], [144.638445, -44.242905], [144.648362, -44.238056], [144.658558, -44.2336], [144.670901, -44.229367], [144.679988, -44.224905], [144.690423, -44.22129], [144.70214, -44.217427], [144.715451, -44.213478], [144.727562, -44.209436], [144.737869, -44.204662], [144.746946, -44.198553], [144.756764, -44.189817], [144.763242, -44.181241], [144.770565, -44.173584], [144.77933, -44.166084], [144.785964, -44.157827], [144.793434, -44.148841], [144.803388, -44.141567], [144.810964, -44.133206], [144.821505, -44.123907], [144.831233, -44.115767], [144.842635, -44.107571], [144.851556, -44.099334], [144.86453, -44.098832], [144.874647, -44.102499], [144.884656, -44.103203], [144.896035, -44.102287], [144.906404, -44.101884], [144.91895, -44.100818], [144.931745, -44.100765], [144.940919, -44.101996], [144.952135, -44.103741], [144.962773, -44.105577], [144.974446, -44.107336], [144.986313, -44.109371], [144.99755, -44.111644], [145.008427, -44.113823], [145.020064, -44.116261], [145.030261, -44.119022], [145.041556, -44.121807], [145.055212, -44.125213], [145.067314, -44.126939], [145.077872, -44.129353], [145.093583, -44.133121], [145.103246, -44.135447], [145.113971, -44.137368], [145.125137, -44.139762], [145.138091, -44.142315], [145.147803, -44.1438], [145.15797, -44.145492], [145.170441, -44.147025], [145.182515, -44.149516], [145.19491, -44.151084], [145.208704, -44.152481], [145.221193, -44.15444], [145.234287, -44.157208], [145.246497, -44.158968], [145.259854, -44.160747], [145.271608, -44.162223], [145.284627, -44.163585], [145.297829, -44.164571], [145.308778, -44.165337], [145.32081, -44.166574], [145.332765, -44.167671], [145.343158, -44.167807], [145.353358, -44.169271], [145.364757, -44.17022], [145.378799, -44.169456], [145.392214, -44.168663], [145.407093, -44.168307], [145.419903, -44.168654], [145.431278, -44.16945], [145.442623, -44.170085], [145.452748, -44.170573], [145.463411, -44.170906], [145.474429, -44.171341], [145.489591, -44.172869], [145.499849, -44.173765], [145.513863, -44.174424], [145.527675, -44.174994], [145.540318, -44.17425], [145.552586, -44.174675], [145.563615, -44.175086], [145.575842, -44.175342], [145.588547, -44.175652], [145.604941, -44.175587], [145.618977, -44.175456], [145.632301, -44.17537], [145.64689, -44.176109], [145.659575, -44.176278], [145.67432, -44.176948], [145.694047, -44.176685], [145.70895, -44.17748], [145.724468, -44.178025], [145.74393, -44.176743], [145.758318, -44.174928], [145.771336, -44.173003], [145.790741, -44.171396], [145.804737, -44.170765], [145.820414, -44.169656], [145.836014, -44.169576], [145.850248, -44.169579], [145.869279, -44.168929], [145.885875, -44.169589], [145.900386, -44.169717], [145.91509, -44.169956], [145.93177, -44.171002], [145.946847, -44.173206], [145.959212, -44.175832], [145.973337, -44.179094], [145.990893, -44.182188], [146.002122, -44.184426], [146.017828, -44.187243], [146.033497, -44.191419], [146.046512, -44.195468], [146.060687, -44.199491], [146.071538, -44.203513], [146.088623, -44.209347], [146.099998, -44.214323], [146.109703, -44.218029], [146.121636, -44.216227], [146.133641, -44.211034], [146.145435, -44.206001], [146.157247, -44.200959], [146.167784, -44.19631], [146.180535, -44.191742], [146.19082, -44.187755], [146.202331, -44.183318], [146.215091, -44.179975], [146.229028, -44.174705], [146.241187, -44.170194], [146.25435, -44.16576], [146.267741, -44.159609], [146.280045, -44.153694], [146.292239, -44.146022], [146.301759, -44.139399], [146.313098, -44.133519], [146.326716, -44.127043], [146.337235, -44.120265], [146.350192, -44.116429], [146.361163, -44.112048], [146.371275, -44.107217], [146.381512, -44.102648], [146.394031, -44.097961], [146.404783, -44.092937], [146.418731, -44.08914], [146.430175, -44.083774], [146.442158, -44.080388], [146.453434, -44.075957], [146.465874, -44.07189], [146.478631, -44.069127], [146.491268, -44.062387], [146.50187, -44.057289], [146.512533, -44.052746], [146.525586, -44.049084], [146.53827, -44.044462], [146.55356, -44.041387], [146.568349, -44.03797], [146.582006, -44.033811], [146.593391, -44.028501], [146.608462, -44.023608], [146.620372, -44.017419], [146.634597, -44.010506], [146.647177, -44.005431], [146.660452, -43.997465], [146.673521, -43.989038], [146.684233, -43.980404], [146.693702, -43.972178], [146.705578, -43.962595], [146.717208, -43.952182], [146.728549, -43.942408], [146.739365, -43.934979], [146.749687, -43.925603], [146.761364, -43.915264], [146.771761, -43.906526], [146.781887, -43.895548], [146.793255, -43.886423], [146.803992, -43.877868], [146.822777, -43.862898], [146.831593, -43.856189], [146.842396, -43.846854], [146.851315, -43.837161], [146.860907, -43.825898], [146.874264, -43.818083], [146.888783, -43.811977], [146.902553, -43.806943], [146.914895, -43.802159], [146.930757, -43.797707], [146.943126, -43.797288], [146.959562, -43.793733], [146.977277, -43.787946], [146.993801, -43.780792], [147.006742, -43.775303], [147.021658, -43.769342], [147.036306, -43.763937], [147.05264, -43.758977], [147.068536, -43.753722], [147.082411, -43.749023], [147.097962, -43.745888], [147.112199, -43.742973], [147.124647, -43.738596], [147.139332, -43.731787], [147.150977, -43.722142], [147.163529, -43.712943], [147.179438, -43.706848], [147.193273, -43.700754], [147.20999, -43.696667], [147.225018, -43.698521], [147.237367, -43.699606], [147.251307, -43.701062], [147.262963, -43.695377], [147.279084, -43.690271], [147.295587, -43.685422], [147.319514, -43.671107], [147.333458, -43.66107], [147.349813, -43.650771], [147.365143, -43.637786], [147.379581, -43.624924], [147.391469, -43.612717], [147.402894, -43.602873], [147.417462, -43.594862], [147.426313, -43.583087], [147.437592, -43.572385], [147.448073, -43.557305], [147.460099, -43.548338], [147.473776, -43.537769], [147.482126, -43.527028], [147.490332, -43.515609], [147.497152, -43.494222], [147.508038, -43.466443], [147.51615, -43.443708], [147.5205, -43.42382], [147.521337, -43.393032], [147.523822, -43.360337], [147.524475, -43.337458], [147.525447, -43.316237], [147.52678, -43.295973], [147.530052, -43.270173], [147.533112, -43.24555], [147.538193, -43.212755], [147.533803, -43.19167], [147.518638, -43.165203], [147.509205, -43.149782], [147.492469, -43.127966], [147.476042, -43.112007], [147.455669, -43.100835], [147.436007, -43.091013], [147.419702, -43.081264], [147.409112, -43.071906], [147.395217, -43.056331], [147.382988, -43.04245], [147.374357, -43.020232], [147.375566, -43.000433], [147.376907, -42.976365], [147.376631, -42.961778], [147.37587, -42.945689], [147.376148, -42.921356], [147.366288, -42.900475], [147.357791, -42.887216], [147.336413, -42.884624], [147.342856, -42.881809], [147.346248, -42.865858], [147.333357, -42.843103], [147.318837, -42.82755], [147.30312, -42.826988]]}, "times": ["2024-01-04T05:22:22+00:00", "2024-01-04T05:35:08+00:00", "2024-01-04T05:47:10+00:00", "2024-01-04T06:01:13+00:00", "2024-01-04T06:18:43+00:00", "2024-01-04T06:48:42+00:00", "2024-01-04T07:28:05+00:00", "2024-01-04T08:21:37+00:00", "2024-01-04T08:51:26+00:00", "2024-01-04T09:11:01+00:00", "2024-01-04T21:04:25+00:00", "2024-01-04T23:09:19+00:00", "2024-01-04T23:14:52+00:00", "2024-01-04T23:27:38+00:00", "2024-01-04T23:38:36+00:00", "2024-01-04T23:57:27+00:00", "2024-01-05T00:14:42+00:00", "2024-01-05T00:33:04+00:00", "2024-01-05T00:49:50+00:00", "2024-01-05T01:07:38+00:00", "2024-01-05T01:22:04+00:00", "2024-01-05T16:39:50+00:00", "2024-01-05T17:11:24+00:00", "2024-01-05T17:15:57+00:00", "2024-01-05T17:21:17+00:00", "2024-01-05T17:29:50+00:00", "2024-01-05T17:37:08+00:00", "2024-01-05T17:48:45+00:00", "2024-01-05T17:58:31+00:00", "2024-01-05T18:11:36+00:00", "2024-01-05T18:22:59+00:00", "2024-01-05T18:31:32+00:00", "2024-01-05T18:40:21+00:00", "2024-01-05T18:47:46+00:00", "2024-01-05T18:59:36+00:00", "2024-01-05T19:08:42+00:00", "2024-01-05T19:19:00+00:00", "2024-01-05T19:29:22+00:00", "2024-01-05T19:44:12+00:00", "2024-01-05T19:53:46+00:00", "2024-01-05T20:04:52+00:00", "2024-01-05T20:19:55+00:00", "2024-01-05T20:32:49+00:00", "2024-01-05T20:42:58+00:00", "2024-01-05T20:52:43+00:00", "2024-01-05T21:03:57+00:00", "2024-01-05T21:17:11+00:00", "2024-01-05T21:30:09+00:00", "2024-01-05T21:42:39+00:00", "2024-01-05T21:54:48+00:00", "2024-01-05T22:06:16+00:00", "2024-01-05T22:19:09+00:00", "2024-01-05T22:31:55+00:00", "2024-01-05T22:43:23+00:00", "2024-01-05T22:56:54+00:00", "2024-01-05T23:08:28+00:00", "2024-01-05T23:22:18+00:00", "2024-01-05T23:35:55+00:00", "2024-01-05T23:45:45+00:00", "2024-01-06T00:02:24+00:00", "2024-01-06T00:15:10+00:00", "2024-01-06T00:26:28+00:00", "2024-01-06T00:38:41+00:00", "2024-01-06T00:51:19+00:00", "2024-01-06T01:02:05+00:00", "2024-01-06T01:14:32+00:00", "2024-01-06T01:27:02+00:00", "2024-01-06T01:39:25+00:00", "2024-01-06T01:53:56+00:00", "2024-01-06T02:03:54+00:00", "2024-01-06T02:15:27+00:00", "2024-01-06T02:26:25+00:00", "2024-01-06T02:40:16+00:00", "2024-01-06T02:50:24+00:00", "2024-01-06T02:59:13+00:00", "2024-01-06T03:09:52+00:00", "2024-01-06T03:21:24+00:00", "2024-01-06T03:32:31+00:00", "2024-01-06T03:45:09+00:00", "2024-01-06T03:57:46+00:00", "2024-01-06T04:11:48+00:00", "2024-01-06T04:23:21+00:00", "2024-01-06T04:33:54+00:00", "2024-01-06T04:49:56+00:00", "2024-01-06T05:02:21+00:00", "2024-01-06T05:13:06+00:00", "2024-01-06T05:26:16+00:00", "2024-01-06T05:36:08+00:00", "2024-01-06T05:45:53+00:00", "2024-01-06T05:55:45+00:00", "2024-01-06T06:09:55+00:00", "2024-01-06T06:21:52+00:00", "2024-01-06T06:33:00+00:00", "2024-01-06T06:43:57+00:00", "2024-01-06T06:55:31+00:00", "2024-01-06T07:06:00+00:00", "2024-01-06T07:15:21+00:00", "2024-01-06T07:29:44+00:00", "2024-01-06T07:40:09+00:00", "2024-01-06T07:49:21+00:00", "2024-01-06T08:00:02+00:00", "2024-01-06T08:10:34+00:00", "2024-01-06T08:22:56+00:00", "2024-01-06T08:33:33+00:00", "2024-01-06T08:44:02+00:00", "2024-01-06T08:52:55+00:00", "2024-01-06T09:08:09+00:00", "2024-01-06T09:19:33+00:00", "2024-01-06T09:30:06+00:00", "2024-01-06T09:42:33+00:00", "2024-01-06T09:55:19+00:00", "2024-01-06T10:07:53+00:00", "2024-01-06T10:18:18+00:00", "2024-01-06T10:29:12+00:00", "2024-01-06T10:39:04+00:00", "2024-01-06T10:50:22+00:00", "2024-01-06T11:04:19+00:00", "2024-01-06T11:14:17+00:00", "2024-01-06T11:23:15+00:00", "2024-01-06T11:33:52+00:00", "2024-01-06T11:45:26+00:00", "2024-01-06T11:55:56+00:00", "2024-01-06T12:10:18+00:00", "2024-01-06T12:20:16+00:00", "2024-01-06T12:30:58+00:00", "2024-01-06T12:43:36+00:00", "2024-01-06T12:56:17+00:00", "2024-01-06T13:07:22+00:00", "2024-01-06T13:17:19+00:00", "2024-01-06T13:26:04+00:00", "2024-01-06T13:35:08+00:00", "2024-01-06T13:46:46+00:00", "2024-01-06T13:56:40+00:00", "2024-01-06T14:07:45+00:00", "2024-01-06T14:16:33+00:00", "2024-01-06T14:27:42+00:00", "2024-01-06T14:41:09+00:00", "2024-01-06T14:50:50+00:00", "2024-01-06T15:01:29+00:00", "2024-01-06T15:13:43+00:00", "2024-01-06T15:26:04+00:00", "2024-01-06T15:35:59+00:00", "2024-01-06T15:48:00+00:00", "2024-01-06T15:58:42+00:00", "2024-01-06T16:09:37+00:00", "2024-01-06T16:21:28+00:00", "2024-01-06T16:35:00+00:00", "2024-01-06T16:50:42+00:00", "2024-01-06T17:02:08+00:00", "2024-01-06T17:15:18+00:00", "2024-01-06T17:29:13+00:00", "2024-01-06T17:45:36+00:00", "2024-01-06T17:55:42+00:00", "2024-01-06T18:11:15+00:00", "2024-01-06T18:22:41+00:00", "2024-01-06T18:35:10+00:00", "2024-01-06T18:50:05+00:00", "2024-01-06T19:07:12+00:00", "2024-01-06T19:24:15+00:00", "2024-01-06T19:35:21+00:00", "2024-01-06T19:47:52+00:00", "2024-01-06T19:58:18+00:00", "2024-01-06T20:10:51+00:00", "2024-01-06T20:24:59+00:00", "2024-01-06T20:38:41+00:00", "2024-01-06T20:51:16+00:00", "2024-01-06T21:03:21+00:00", "2024-01-06T21:19:56+00:00", "2024-01-06T21:32:49+00:00", "2024-01-06T21:45:55+00:00", "2024-01-06T21:59:23+00:00", "2024-01-06T22:10:33+00:00", "2024-01-06T22:23:18+00:00", "2024-01-06T22:34:48+00:00", "2024-01-06T22:51:13+00:00", "2024-01-06T23:04:40+00:00", "2024-01-06T23:20:10+00:00", "2024-01-06T23:32:25+00:00", "2024-01-06T23:47:19+00:00", "2024-01-07T00:00:51+00:00", "2024-01-07T00:15:22+00:00", "2024-01-07T00:26:19+00:00", "2024-01-07T00:36:37+00:00", "2024-01-07T00:47:31+00:00", "2024-01-07T00:59:32+00:00", "2024-01-07T01:10:54+00:00", "2024-01-07T01:23:28+00:00", "2024-01-07T01:36:14+00:00", "2024-01-07T01:48:00+00:00", "2024-01-07T02:00:14+00:00", "2024-01-07T02:14:01+00:00", "2024-01-07T02:25:27+00:00", "2024-01-07T02:36:58+00:00", "2024-01-07T02:51:04+00:00", "2024-01-07T02:59:58+00:00", "2024-01-07T03:10:47+00:00", "2024-01-07T03:25:41+00:00", "2024-01-07T03:36:59+00:00", "2024-01-07T03:50:53+00:00", "2024-01-07T04:01:39+00:00", "2024-01-07T04:13:23+00:00", "2024-01-07T04:23:57+00:00", "2024-01-07T04:38:12+00:00", "2024-01-07T04:46:42+00:00", "2024-01-07T04:57:51+00:00", "2024-01-07T05:10:50+00:00", "2024-01-07T05:26:51+00:00", "2024-01-07T05:42:29+00:00", "2024-01-07T05:56:35+00:00", "2024-01-07T06:07:45+00:00", "2024-01-07T06:17:26+00:00", "2024-01-07T06:31:16+00:00", "2024-01-07T06:43:35+00:00", "2024-01-07T06:57:13+00:00", "2024-01-07T07:11:33+00:00", "2024-01-07T07:22:28+00:00", "2024-01-07T07:39:13+00:00", "2024-01-07T07:57:24+00:00", "2024-01-07T08:09:42+00:00", "2024-01-07T08:27:53+00:00", "2024-01-07T08:41:51+00:00", "2024-01-07T08:59:59+00:00", "2024-01-07T09:20:43+00:00", "2024-01-07T09:38:22+00:00", "2024-01-07T10:00:03+00:00", "2024-01-07T10:18:58+00:00", "2024-01-07T10:40:03+00:00", "2024-01-07T11:04:57+00:00", "2024-01-07T11:26:12+00:00", "2024-01-07T11:41:46+00:00", "2024-01-07T12:03:58+00:00", "2024-01-07T12:34:19+00:00", "2024-01-07T13:12:38+00:00", "2024-01-07T13:58:36+00:00", "2024-01-07T14:38:10+00:00", "2024-01-07T15:17:21+00:00", "2024-01-07T15:46:39+00:00", "2024-01-07T16:05:01+00:00", "2024-01-07T16:20:15+00:00", "2024-01-07T16:50:55+00:00", "2024-01-07T17:11:30+00:00", "2024-01-07T17:27:24+00:00", "2024-01-07T17:40:34+00:00", "2024-01-07T17:56:57+00:00", "2024-01-07T18:11:39+00:00", "2024-01-07T18:26:51+00:00", "2024-01-07T18:48:33+00:00", "2024-01-07T19:10:57+00:00", "2024-01-07T19:31:12+00:00", "2024-01-07T19:46:31+00:00", "2024-01-07T19:59:28+00:00", "2024-01-07T20:14:50+00:00", "2024-01-07T20:23:48+00:00", "2024-01-07T20:32:05+00:00", "2024-01-07T20:43:14+00:00", "2024-01-07T21:04:05+00:00", "2024-01-07T21:21:50+00:00", "2024-01-07T21:38:21+00:00", "2024-01-07T21:59:49+00:00", "2024-01-07T22:16:39+00:00", "2024-01-07T22:41:00+00:00", "2024-01-07T23:02:19+00:00", "2024-01-07T23:19:54+00:00", "2024-01-07T23:40:21+00:00", "2024-01-07T23:56:16+00:00", "2024-01-08T00:10:58+00:00", "2024-01-08T00:24:36+00:00", "2024-01-08T00:41:57+00:00", "2024-01-08T00:59:56+00:00", "2024-01-08T01:15:25+00:00", "2024-01-08T01:34:32+00:00", "2024-01-08T01:49:34+00:00", "2024-01-08T02:01:47+00:00", "2024-01-08T02:14:22+00:00", "2024-01-08T02:24:45+00:00", "2024-01-08T02:33:22+00:00", "2024-01-08T02:45:04+00:00", "2024-01-08T03:01:28+00:00", "2024-01-08T03:17:27+00:00", "2024-01-08T03:37:11+00:00", "2024-01-08T03:57:10+00:00", "2024-01-08T04:13:24+00:00", "2024-01-08T04:24:55+00:00", "2024-01-08T04:36:48+00:00", "2024-01-08T04:48:18+00:00", "2024-01-08T04:59:03+00:00", "2024-01-08T05:05:00+00:00", "2024-01-08T05:17:30+00:00", "2024-01-08T05:21:50+00:00", "2024-01-08T05:29:15+00:00", "2024-01-08T05:34:59+00:00", "2024-01-08T05:42:05+00:00", "2024-01-08T05:48:57+00:00", "2024-01-08T05:56:46+00:00", "2024-01-08T06:04:47+00:00", "2024-01-08T06:11:10+00:00", "2024-01-08T06:16:45+00:00", "2024-01-08T06:23:14+00:00", "2024-01-08T06:28:51+00:00", "2024-01-08T06:37:35+00:00", "2024-01-08T06:47:20+00:00", "2024-01-08T06:56:22+00:00", "2024-01-08T07:05:37+00:00", "2024-01-08T07:19:53+00:00", "2024-01-08T07:28:46+00:00", "2024-01-08T07:39:20+00:00", "2024-01-08T07:50:59+00:00", "2024-01-08T08:06:48+00:00", "2024-01-08T08:18:54+00:00", "2024-01-08T08:28:40+00:00", "2024-01-08T08:39:46+00:00", "2024-01-08T08:49:12+00:00", "2024-01-08T08:59:40+00:00", "2024-01-08T09:11:54+00:00", "2024-01-08T09:21:50+00:00", "2024-01-08T09:34:17+00:00", "2024-01-08T09:46:38+00:00", "2024-01-08T09:59:06+00:00", "2024-01-08T10:07:32+00:00", "2024-01-08T10:19:31+00:00", "2024-01-08T10:31:33+00:00", "2024-01-08T10:41:21+00:00", "2024-01-08T10:55:51+00:00", "2024-01-08T11:11:09+00:00", "2024-01-08T11:23:53+00:00", "2024-01-08T11:36:14+00:00", "2024-01-08T11:47:51+00:00", "2024-01-08T11:58:04+00:00", "2024-01-08T12:09:06+00:00", "2024-01-08T12:22:39+00:00", "2024-01-08T12:37:51+00:00", "2024-01-08T12:51:00+00:00", "2024-01-08T13:05:34+00:00", "2024-01-08T13:25:06+00:00", "2024-01-08T13:36:38+00:00", "2024-01-08T13:48:33+00:00", "2024-01-08T14:01:14+00:00", "2024-01-08T14:12:11+00:00", "2024-01-08T14:26:39+00:00", "2024-01-08T14:48:23+00:00", "2024-01-08T15:10:14+00:00", "2024-01-08T15:31:43+00:00", "2024-01-08T15:53:38+00:00", "2024-01-08T16:16:29+00:00", "2024-01-08T16:43:06+00:00", "2024-01-08T17:08:06+00:00", "2024-01-08T17:36:15+00:00", "2024-01-08T18:06:29+00:00", "2024-01-08T18:36:49+00:00", "2024-01-08T19:11:19+00:00", "2024-01-08T19:52:38+00:00", "2024-01-08T20:30:16+00:00", "2024-01-08T21:10:18+00:00", "2024-01-08T21:56:05+00:00", "2024-01-08T22:43:06+00:00", "2024-01-08T22:55:08+00:00", "2024-01-08T23:05:21+00:00", "2024-01-08T23:29:29+00:00", "2024-01-08T23:39:54+00:00", "2024-01-08T23:49:40+00:00", "2024-01-08T23:57:53+00:00", "2024-01-09T00:10:43+00:00", "2024-01-09T00:20:45+00:00", "2024-01-09T00:36:04+00:00", "2024-01-09T00:46:42+00:00", "2024-01-09T00:58:25+00:00", "2024-01-09T01:08:12+00:00", "2024-01-09T01:16:44+00:00", "2024-01-09T01:26:43+00:00", "2024-01-09T01:35:54+00:00", "2024-01-09T01:46:40+00:00", "2024-01-09T01:57:13+00:00", "2024-01-09T02:09:48+00:00", "2024-01-09T02:17:42+00:00", "2024-01-09T02:29:19+00:00", "2024-01-09T02:41:13+00:00", "2024-01-09T02:50:22+00:00", "2024-01-09T03:02:27+00:00", "2024-01-09T03:13:33+00:00", "2024-01-09T03:22:43+00:00", "2024-01-09T03:35:33+00:00", "2024-01-09T03:46:03+00:00", "2024-01-09T03:55:00+00:00", "2024-01-09T04:04:02+00:00", "2024-01-09T04:17:48+00:00", "2024-01-09T04:28:26+00:00", "2024-01-09T04:38:24+00:00", "2024-01-09T04:48:06+00:00", "2024-01-09T05:00:36+00:00", "2024-01-09T05:11:17+00:00", "2024-01-09T05:24:18+00:00", "2024-01-09T05:36:18+00:00", "2024-01-09T05:46:02+00:00", "2024-01-09T05:59:01+00:00", "2024-01-09T06:07:43+00:00", "2024-01-09T06:17:36+00:00", "2024-01-09T06:30:02+00:00", "2024-01-09T06:37:45+00:00", "2024-01-09T06:49:47+00:00", "2024-01-09T07:01:13+00:00", "2024-01-09T07:13:47+00:00", "2024-01-09T07:26:38+00:00", "2024-01-09T07:37:15+00:00", "2024-01-09T07:48:22+00:00", "2024-01-09T07:58:40+00:00", "2024-01-09T08:08:49+00:00", "2024-01-09T08:20:54+00:00", "2024-01-09T08:31:31+00:00", "2024-01-09T08:44:29+00:00", "2024-01-09T08:54:29+00:00", "2024-01-09T09:04:39+00:00", "2024-01-09T09:19:35+00:00", "2024-01-09T09:31:31+00:00", "2024-01-09T09:42:37+00:00", "2024-01-09T09:56:49+00:00", "2024-01-09T10:06:02+00:00", "2024-01-09T10:17:54+00:00", "2024-01-09T10:30:38+00:00", "2024-01-09T10:42:19+00:00", "2024-01-09T10:54:59+00:00", "2024-01-09T11:10:00+00:00", "2024-01-09T11:21:59+00:00", "2024-01-09T11:31:28+00:00", "2024-01-09T11:44:31+00:00", "2024-01-09T11:54:53+00:00", "2024-01-09T12:06:22+00:00", "2024-01-09T12:17:44+00:00", "2024-01-09T12:32:15+00:00", "2024-01-09T12:42:52+00:00", "2024-01-09T12:52:54+00:00", "2024-01-09T13:05:44+00:00", "2024-01-09T13:17:22+00:00", "2024-01-09T13:30:28+00:00", "2024-01-09T13:43:38+00:00", "2024-01-09T13:55:55+00:00", "2024-01-09T14:04:44+00:00", "2024-01-09T14:13:45+00:00", "2024-01-09T14:26:23+00:00", "2024-01-09T14:36:52+00:00", "2024-01-09T14:49:06+00:00", "2024-01-09T15:00:12+00:00", "2024-01-09T15:15:45+00:00", "2024-01-09T15:27:22+00:00", "2024-01-09T15:36:43+00:00", "2024-01-09T15:48:53+00:00", "2024-01-09T15:58:33+00:00", "2024-01-09T16:14:16+00:00", "2024-01-09T16:25:46+00:00", "2024-01-09T16:35:51+00:00", "2024-01-09T16:45:29+00:00", "2024-01-09T16:58:43+00:00", "2024-01-09T17:11:13+00:00", "2024-01-09T17:19:58+00:00", "2024-01-09T17:34:01+00:00", "2024-01-09T17:43:42+00:00", "2024-01-09T17:57:01+00:00", "2024-01-09T18:07:55+00:00", "2024-01-09T18:16:29+00:00", "2024-01-09T18:30:27+00:00", "2024-01-09T18:39:32+00:00", "2024-01-09T18:50:19+00:00", "2024-01-09T19:02:29+00:00", "2024-01-09T19:16:10+00:00", "2024-01-09T19:25:56+00:00", "2024-01-09T19:33:49+00:00", "2024-01-09T19:44:42+00:00", "2024-01-09T19:55:43+00:00", "2024-01-09T20:05:56+00:00", "2024-01-09T20:16:11+00:00", "2024-01-09T20:27:00+00:00", "2024-01-09T20:36:38+00:00", "2024-01-09T20:47:44+00:00", "2024-01-09T20:55:58+00:00", "2024-01-09T21:06:31+00:00", "2024-01-09T21:15:09+00:00", "2024-01-09T21:26:50+00:00", "2024-01-09T21:39:04+00:00", "2024-01-09T21:49:06+00:00", "2024-01-09T22:00:07+00:00", "2024-01-09T22:12:25+00:00", "2024-01-09T22:24:27+00:00", "2024-01-09T22:35:55+00:00", "2024-01-09T22:46:16+00:00", "2024-01-09T22:59:38+00:00", "2024-01-09T23:13:29+00:00", "2024-01-09T23:27:37+00:00", "2024-01-09T23:39:55+00:00", "2024-01-09T23:55:38+00:00", "2024-01-10T00:09:48+00:00", "2024-01-10T00:26:11+00:00", "2024-01-10T00:39:33+00:00", "2024-01-10T00:51:10+00:00", "2024-01-10T01:05:54+00:00", "2024-01-10T01:18:56+00:00", "2024-01-10T01:32:46+00:00", "2024-01-10T01:44:00+00:00", "2024-01-10T01:56:07+00:00", "2024-01-10T02:07:40+00:00", "2024-01-10T02:20:05+00:00", "2024-01-10T02:32:52+00:00", "2024-01-10T02:48:00+00:00", "2024-01-10T02:58:57+00:00", "2024-01-10T03:17:11+00:00", "2024-01-10T03:28:40+00:00", "2024-01-10T03:39:14+00:00", "2024-01-10T03:52:27+00:00", "2024-01-10T04:08:21+00:00", "2024-01-10T04:24:15+00:00", "2024-01-10T04:38:30+00:00", "2024-01-10T04:54:36+00:00", "2024-01-10T05:06:23+00:00", "2024-01-10T05:19:33+00:00", "2024-01-10T05:30:13+00:00", "2024-01-10T05:44:27+00:00", "2024-01-10T05:57:48+00:00", "2024-01-10T06:12:46+00:00", "2024-01-10T06:35:39+00:00", "2024-01-10T06:49:29+00:00", "2024-01-10T07:01:35+00:00", "2024-01-10T07:13:40+00:00", "2024-01-10T07:22:46+00:00", "2024-01-10T07:32:49+00:00", "2024-01-10T07:52:40+00:00", "2024-01-10T08:03:32+00:00", "2024-01-10T08:13:50+00:00", "2024-01-10T08:22:55+00:00", "2024-01-10T08:31:48+00:00", "2024-01-10T08:42:46+00:00", "2024-01-10T08:55:17+00:00", "2024-01-10T09:07:24+00:00", "2024-01-10T09:17:07+00:00", "2024-01-10T09:25:10+00:00", "2024-01-10T09:37:29+00:00", "2024-01-10T09:54:00+00:00", "2024-01-10T10:00:54+00:00", "2024-01-10T10:10:34+00:00", "2024-01-10T10:20:56+00:00", "2024-01-10T10:30:29+00:00", "2024-01-10T10:38:32+00:00", "2024-01-10T10:47:02+00:00", "2024-01-10T10:53:34+00:00", "2024-01-10T11:03:31+00:00", "2024-01-10T11:12:08+00:00", "2024-01-10T11:21:05+00:00", "2024-01-10T11:32:18+00:00", "2024-01-10T11:41:11+00:00", "2024-01-10T11:48:43+00:00", "2024-01-10T11:58:28+00:00", "2024-01-10T12:10:45+00:00", "2024-01-10T12:20:52+00:00", "2024-01-10T12:37:00+00:00", "2024-01-10T12:49:30+00:00", "2024-01-10T12:58:11+00:00", "2024-01-10T13:09:36+00:00", "2024-01-10T13:19:15+00:00", "2024-01-10T13:34:08+00:00", "2024-01-10T13:46:42+00:00", "2024-01-10T14:07:12+00:00", "2024-01-10T14:19:31+00:00", "2024-01-10T14:35:05+00:00", "2024-01-10T14:46:02+00:00", "2024-01-10T14:56:43+00:00", "2024-01-10T15:12:24+00:00", "2024-01-10T15:21:37+00:00", "2024-01-10T15:32:15+00:00", "2024-01-10T15:42:03+00:00", "2024-01-10T15:52:48+00:00", "2024-01-10T16:02:17+00:00", "2024-01-10T16:10:38+00:00", "2024-01-10T16:24:43+00:00", "2024-01-10T16:35:52+00:00", "2024-01-10T16:47:42+00:00", "2024-01-10T16:58:26+00:00", "2024-01-10T17:12:35+00:00", "2024-01-10T17:25:22+00:00", "2024-01-10T17:36:26+00:00", "2024-01-10T17:53:00+00:00", "2024-01-10T18:08:38+00:00", "2024-01-10T18:23:08+00:00", "2024-01-10T18:37:45+00:00", "2024-01-10T18:51:50+00:00", "2024-01-10T19:00:07+00:00", "2024-01-10T19:08:52+00:00", "2024-01-10T19:18:19+00:00", "2024-01-10T19:29:44+00:00", "2024-01-10T19:38:21+00:00", "2024-01-10T19:47:56+00:00", "2024-01-10T19:54:49+00:00", "2024-01-10T20:04:30+00:00", "2024-01-10T20:13:46+00:00", "2024-01-10T20:25:43+00:00", "2024-01-10T20:37:04+00:00", "2024-01-10T20:46:25+00:00", "2024-01-10T20:59:19+00:00", "2024-01-10T21:13:24+00:00", "2024-01-10T21:25:17+00:00", "2024-01-10T21:38:07+00:00", "2024-01-10T21:54:12+00:00", "2024-01-10T22:01:53+00:00", "2024-01-10T22:16:02+00:00", "2024-01-10T22:29:55+00:00", "2024-01-10T22:44:14+00:00", "2024-01-10T22:58:35+00:00", "2024-01-10T23:10:56+00:00", "2024-01-10T23:23:29+00:00", "2024-01-10T23:33:42+00:00", "2024-01-10T23:48:24+00:00", "2024-01-11T00:00:21+00:00", "2024-01-11T00:09:30+00:00", "2024-01-11T00:22:22+00:00", "2024-01-11T00:34:51+00:00", "2024-01-11T00:49:33+00:00", "2024-01-11T01:00:32+00:00", "2024-01-11T01:16:20+00:00", "2024-01-11T01:25:33+00:00", "2024-01-11T01:37:30+00:00", "2024-01-11T01:46:31+00:00", "2024-01-11T01:54:31+00:00", "2024-01-11T02:02:09+00:00", "2024-01-11T02:09:21+00:00", "2024-01-11T02:17:14+00:00", "2024-01-11T02:25:15+00:00", "2024-01-11T02:33:31+00:00", "2024-01-11T02:41:32+00:00", "2024-01-11T02:48:52+00:00", "2024-01-11T02:56:02+00:00", "2024-01-11T03:05:37+00:00", "2024-01-11T03:12:46+00:00", "2024-01-11T03:20:31+00:00", "2024-01-11T03:27:29+00:00", "2024-01-11T03:37:58+00:00", "2024-01-11T03:45:12+00:00", "2024-01-11T03:52:45+00:00", "2024-01-11T04:01:10+00:00", "2024-01-11T04:09:28+00:00", "2024-01-11T04:17:25+00:00", "2024-01-11T04:27:02+00:00", "2024-01-11T04:38:55+00:00", "2024-01-11T04:48:58+00:00", "2024-01-11T04:57:43+00:00", "2024-01-11T05:11:44+00:00", "2024-01-11T05:22:22+00:00", "2024-01-11T05:36:13+00:00", "2024-01-11T05:50:35+00:00", "2024-01-11T06:02:24+00:00", "2024-01-11T06:14:50+00:00", "2024-01-11T06:27:04+00:00", "2024-01-11T06:42:06+00:00", "2024-01-11T06:55:28+00:00", "2024-01-11T07:06:53+00:00", "2024-01-11T07:19:29+00:00", "2024-01-11T07:34:24+00:00", "2024-01-11T07:46:00+00:00", "2024-01-11T07:58:22+00:00", "2024-01-11T08:13:31+00:00", "2024-01-11T08:24:44+00:00", "2024-01-11T08:37:01+00:00", "2024-01-11T08:50:24+00:00", "2024-01-11T09:03:55+00:00", "2024-01-11T09:18:07+00:00", "2024-01-11T09:32:30+00:00", "2024-01-11T09:41:19+00:00", "2024-01-11T09:52:48+00:00", "2024-01-11T10:02:30+00:00", "2024-01-11T10:13:48+00:00", "2024-01-11T10:25:42+00:00", "2024-01-11T10:38:12+00:00", "2024-01-11T10:48:57+00:00", "2024-01-11T11:02:35+00:00", "2024-01-11T11:12:48+00:00", "2024-01-11T11:27:57+00:00", "2024-01-11T11:39:50+00:00", "2024-01-11T11:53:43+00:00", "2024-01-11T12:05:36+00:00", "2024-01-11T12:20:24+00:00", "2024-01-11T12:34:17+00:00", "2024-01-11T12:49:23+00:00", "2024-01-11T13:02:36+00:00", "2024-01-11T13:17:26+00:00", "2024-01-11T13:31:16+00:00", "2024-01-11T13:45:41+00:00", "2024-01-11T14:00:14+00:00", "2024-01-11T14:12:19+00:00", "2024-01-11T14:25:36+00:00", "2024-01-11T14:38:37+00:00", "2024-01-11T14:51:02+00:00", "2024-01-11T15:05:15+00:00", "2024-01-11T15:21:41+00:00", "2024-01-11T15:33:34+00:00", "2024-01-11T15:47:07+00:00", "2024-01-11T15:58:44+00:00", "2024-01-11T16:11:29+00:00", "2024-01-11T16:27:39+00:00", "2024-01-11T16:40:00+00:00", "2024-01-11T16:52:41+00:00", "2024-01-11T17:05:42+00:00", "2024-01-11T17:18:03+00:00", "2024-01-11T17:34:57+00:00", "2024-01-11T17:51:39+00:00", "2024-01-11T18:09:29+00:00", "2024-01-11T18:29:35+00:00", "2024-01-11T18:48:42+00:00", "2024-01-11T19:03:53+00:00", "2024-01-11T19:15:10+00:00", "2024-01-11T19:28:47+00:00", "2024-01-11T19:41:53+00:00", "2024-01-11T19:59:43+00:00", "2024-01-11T20:14:22+00:00", "2024-01-11T20:27:59+00:00", "2024-01-11T20:46:45+00:00", "2024-01-11T21:02:15+00:00", "2024-01-11T21:20:08+00:00", "2024-01-11T21:33:50+00:00", "2024-01-11T21:52:28+00:00", "2024-01-11T22:05:50+00:00", "2024-01-11T22:21:23+00:00", "2024-01-11T22:40:03+00:00", "2024-01-11T22:55:53+00:00", "2024-01-11T23:13:15+00:00", "2024-01-11T23:29:48+00:00", "2024-01-11T23:41:33+00:00", "2024-01-11T23:57:26+00:00", "2024-01-12T00:11:36+00:00", "2024-01-12T00:35:17+00:00", "2024-01-12T00:53:26+00:00", "2024-01-12T01:04:04+00:00", "2024-01-12T01:16:18+00:00", "2024-01-12T01:29:00+00:00", "2024-01-12T01:42:29+00:00", "2024-01-12T01:53:26+00:00", "2024-01-12T02:04:59+00:00", "2024-01-12T02:16:48+00:00", "2024-01-12T02:34:35+00:00", "2024-01-12T02:50:31+00:00", "2024-01-12T03:03:01+00:00", "2024-01-12T03:16:02+00:00", "2024-01-12T03:28:18+00:00", "2024-01-12T03:38:26+00:00", "2024-01-12T03:50:12+00:00", "2024-01-12T04:02:21+00:00", "2024-01-12T04:15:38+00:00", "2024-01-12T04:26:47+00:00", "2024-01-12T04:39:12+00:00", "2024-01-12T04:50:41+00:00", "2024-01-12T05:02:26+00:00", "2024-01-12T05:14:07+00:00", "2024-01-12T05:24:25+00:00", "2024-01-12T05:33:15+00:00", "2024-01-12T05:44:43+00:00", "2024-01-12T05:53:53+00:00", "2024-01-12T06:04:16+00:00", "2024-01-12T06:13:19+00:00", "2024-01-12T06:26:38+00:00", "2024-01-12T06:35:31+00:00", "2024-01-12T06:43:28+00:00", "2024-01-12T06:52:41+00:00", "2024-01-12T07:02:56+00:00", "2024-01-12T07:13:10+00:00", "2024-01-12T07:22:12+00:00", "2024-01-12T07:31:06+00:00", "2024-01-12T07:40:57+00:00", "2024-01-12T07:51:52+00:00", "2024-01-12T08:01:26+00:00", "2024-01-12T08:10:55+00:00", "2024-01-12T08:20:28+00:00", "2024-01-12T08:30:14+00:00", "2024-01-12T08:39:18+00:00", "2024-01-12T08:48:44+00:00", "2024-01-12T08:57:25+00:00", "2024-01-12T09:07:04+00:00", "2024-01-12T09:16:47+00:00", "2024-01-12T09:30:36+00:00", "2024-01-12T09:41:33+00:00", "2024-01-12T09:50:58+00:00", "2024-01-12T10:02:04+00:00", "2024-01-12T10:12:49+00:00", "2024-01-12T10:21:06+00:00", "2024-01-12T10:34:18+00:00", "2024-01-12T10:44:12+00:00", "2024-01-12T10:54:25+00:00", "2024-01-12T11:08:58+00:00", "2024-01-12T11:20:36+00:00", "2024-01-12T11:32:37+00:00", "2024-01-12T11:41:22+00:00", "2024-01-12T11:53:47+00:00", "2024-01-12T12:03:49+00:00", "2024-01-12T12:17:34+00:00", "2024-01-12T12:25:12+00:00", "2024-01-12T12:34:37+00:00", "2024-01-12T12:43:58+00:00", "2024-01-12T12:52:15+00:00", "2024-01-12T13:02:49+00:00", "2024-01-12T13:11:42+00:00", "2024-01-12T13:23:11+00:00", "2024-01-12T13:33:24+00:00", "2024-01-12T13:45:13+00:00", "2024-01-12T13:53:38+00:00", "2024-01-12T14:06:55+00:00", "2024-01-12T14:19:51+00:00", "2024-01-12T14:30:12+00:00", "2024-01-12T14:43:09+00:00", "2024-01-12T14:51:53+00:00", "2024-01-12T15:01:26+00:00", "2024-01-12T15:10:50+00:00", "2024-01-12T15:21:07+00:00", "2024-01-12T15:33:32+00:00", "2024-01-12T15:43:57+00:00", "2024-01-12T15:52:38+00:00", "2024-01-12T16:02:52+00:00", "2024-01-12T16:14:21+00:00", "2024-01-12T16:23:11+00:00", "2024-01-12T16:31:23+00:00", "2024-01-12T16:42:49+00:00", "2024-01-12T16:51:13+00:00", "2024-01-12T17:00:31+00:00", "2024-01-12T17:12:33+00:00", "2024-01-12T17:19:50+00:00", "2024-01-12T17:34:49+00:00", "2024-01-12T17:45:50+00:00", "2024-01-12T17:55:32+00:00", "2024-01-12T18:04:09+00:00", "2024-01-12T18:14:22+00:00", "2024-01-12T18:28:24+00:00", "2024-01-12T18:41:49+00:00", "2024-01-12T18:53:47+00:00", "2024-01-12T19:06:21+00:00", "2024-01-12T19:14:11+00:00", "2024-01-12T19:25:36+00:00", "2024-01-12T19:34:01+00:00", "2024-01-12T19:43:23+00:00", "2024-01-12T19:51:36+00:00", "2024-01-12T20:00:13+00:00", "2024-01-12T20:12:26+00:00", "2024-01-12T20:21:43+00:00", "2024-01-12T20:30:26+00:00", "2024-01-12T20:37:15+00:00", "2024-01-12T20:45:36+00:00", "2024-01-12T20:56:03+00:00", "2024-01-12T21:03:03+00:00", "2024-01-12T21:12:09+00:00", "2024-01-12T21:20:26+00:00", "2024-01-12T21:28:35+00:00", "2024-01-12T21:37:10+00:00", "2024-01-12T21:45:35+00:00", "2024-01-12T21:55:33+00:00", "2024-01-12T22:02:14+00:00", "2024-01-12T22:10:39+00:00", "2024-01-12T22:20:30+00:00", "2024-01-12T22:27:51+00:00", "2024-01-12T22:38:40+00:00", "2024-01-12T22:46:14+00:00", "2024-01-12T22:55:33+00:00", "2024-01-12T23:04:54+00:00", "2024-01-12T23:16:47+00:00", "2024-01-12T23:26:01+00:00", "2024-01-12T23:36:15+00:00", "2024-01-12T23:46:05+00:00", "2024-01-12T23:58:03+00:00", "2024-01-13T00:07:07+00:00", "2024-01-13T00:17:24+00:00", "2024-01-13T00:24:49+00:00", "2024-01-13T00:35:47+00:00", "2024-01-13T00:47:13+00:00", "2024-01-13T00:58:50+00:00", "2024-01-13T01:08:40+00:00", "2024-01-13T01:19:49+00:00", "2024-01-13T01:29:23+00:00", "2024-01-13T01:37:24+00:00", "2024-01-13T01:47:38+00:00", "2024-01-13T01:56:02+00:00", "2024-01-13T02:04:43+00:00", "2024-01-13T02:13:57+00:00", "2024-01-13T02:21:19+00:00", "2024-01-13T02:31:09+00:00", "2024-01-13T02:41:46+00:00", "2024-01-13T02:51:04+00:00", "2024-01-13T03:02:22+00:00", "2024-01-13T03:09:39+00:00", "2024-01-13T03:20:49+00:00", "2024-01-13T03:28:55+00:00", "2024-01-13T03:38:29+00:00", "2024-01-13T03:46:02+00:00", "2024-01-13T03:55:07+00:00", "2024-01-13T04:00:48+00:00", "2024-01-13T04:07:17+00:00", "2024-01-13T04:17:14+00:00", "2024-01-13T04:25:08+00:00", "2024-01-13T04:31:40+00:00", "2024-01-13T04:39:47+00:00", "2024-01-13T04:51:16+00:00", "2024-01-13T05:00:21+00:00", "2024-01-13T05:08:14+00:00", "2024-01-13T05:17:56+00:00", "2024-01-13T05:26:02+00:00", "2024-01-13T05:33:34+00:00", "2024-01-13T05:41:19+00:00", "2024-01-13T05:50:44+00:00", "2024-01-13T05:59:49+00:00", "2024-01-13T06:11:24+00:00", "2024-01-13T06:17:57+00:00", "2024-01-13T06:26:43+00:00", "2024-01-13T06:38:17+00:00", "2024-01-13T06:51:43+00:00", "2024-01-13T07:00:49+00:00", "2024-01-13T07:08:27+00:00", "2024-01-13T07:19:29+00:00", "2024-01-13T07:29:15+00:00", "2024-01-13T07:38:13+00:00", "2024-01-13T07:47:06+00:00", "2024-01-13T07:57:49+00:00", "2024-01-13T08:08:58+00:00", "2024-01-13T08:18:27+00:00", "2024-01-13T08:27:57+00:00", "2024-01-13T08:37:31+00:00", "2024-01-13T08:50:50+00:00", "2024-01-13T09:00:19+00:00", "2024-01-13T09:09:44+00:00", "2024-01-13T09:18:31+00:00", "2024-01-13T09:27:38+00:00", "2024-01-13T09:35:22+00:00", "2024-01-13T09:42:51+00:00", "2024-01-13T09:50:07+00:00", "2024-01-13T09:59:46+00:00", "2024-01-13T10:06:49+00:00", "2024-01-13T10:14:41+00:00", "2024-01-13T10:25:08+00:00", "2024-01-13T10:32:53+00:00", "2024-01-13T10:39:57+00:00", "2024-01-13T10:47:30+00:00", "2024-01-13T10:57:24+00:00", "2024-01-13T11:05:49+00:00", "2024-01-13T11:16:03+00:00", "2024-01-13T11:24:15+00:00", "2024-01-13T11:33:44+00:00", "2024-01-13T11:40:43+00:00", "2024-01-13T11:48:53+00:00", "2024-01-13T11:59:35+00:00", "2024-01-13T12:08:00+00:00", "2024-01-13T12:15:34+00:00", "2024-01-13T12:26:03+00:00", "2024-01-13T12:35:24+00:00", "2024-01-13T12:42:46+00:00", "2024-01-13T12:48:55+00:00", "2024-01-13T12:56:11+00:00", "2024-01-13T13:03:09+00:00", "2024-01-13T13:10:37+00:00", "2024-01-13T13:17:17+00:00", "2024-01-13T13:24:02+00:00", "2024-01-13T13:31:22+00:00", "2024-01-13T13:38:46+00:00", "2024-01-13T13:45:07+00:00", "2024-01-13T13:52:08+00:00", "2024-01-13T14:01:53+00:00", "2024-01-13T14:11:03+00:00", "2024-01-13T14:20:08+00:00", "2024-01-13T14:27:53+00:00", "2024-01-13T14:35:14+00:00", "2024-01-13T14:45:28+00:00", "2024-01-13T14:53:58+00:00", "2024-01-13T15:00:23+00:00", "2024-01-13T15:08:26+00:00", "2024-01-13T15:15:01+00:00", "2024-01-13T15:23:07+00:00", "2024-01-13T15:30:03+00:00", "2024-01-13T15:36:32+00:00", "2024-01-13T15:46:05+00:00", "2024-01-13T15:53:51+00:00", "2024-01-13T16:01:20+00:00", "2024-01-13T16:08:29+00:00", "2024-01-13T16:14:50+00:00", "2024-01-13T16:21:42+00:00", "2024-01-13T16:30:35+00:00", "2024-01-13T16:37:44+00:00", "2024-01-13T16:44:28+00:00", "2024-01-13T16:55:22+00:00", "2024-01-13T17:21:36+00:00", "2024-01-13T17:35:18+00:00", "2024-01-13T17:50:27+00:00", "2024-01-13T18:03:33+00:00", "2024-01-13T18:12:18+00:00", "2024-01-13T18:27:05+00:00", "2024-01-13T18:39:58+00:00", "2024-01-13T18:51:48+00:00", "2024-01-13T19:05:30+00:00", "2024-01-13T19:19:04+00:00", "2024-01-13T19:32:17+00:00", "2024-01-13T19:45:27+00:00", "2024-01-13T20:00:16+00:00", "2024-01-13T20:11:57+00:00", "2024-01-13T20:23:58+00:00", "2024-01-13T20:35:04+00:00", "2024-01-13T20:46:33+00:00", "2024-01-13T20:59:26+00:00", "2024-01-13T21:10:56+00:00", "2024-01-13T21:24:57+00:00", "2024-01-13T21:35:58+00:00", "2024-01-13T21:47:39+00:00", "2024-01-13T22:01:00+00:00", "2024-01-13T22:10:21+00:00", "2024-01-13T22:28:26+00:00", "2024-01-13T22:40:56+00:00", "2024-01-13T22:56:00+00:00", "2024-01-13T23:10:37+00:00", "2024-01-13T23:28:27+00:00", "2024-01-13T23:39:53+00:00", "2024-01-13T23:56:51+00:00", "2024-01-14T00:09:29+00:00", "2024-01-14T00:23:58+00:00", "2024-01-14T00:34:53+00:00", "2024-01-14T00:47:46+00:00", "2024-01-14T00:59:48+00:00", "2024-01-14T01:12:17+00:00", "2024-01-14T01:21:50+00:00", "2024-01-14T01:32:20+00:00", "2024-01-14T01:44:25+00:00", "2024-01-14T01:58:10+00:00", "2024-01-14T02:12:27+00:00", "2024-01-14T02:26:56+00:00", "2024-01-14T02:39:42+00:00", "2024-01-14T02:52:47+00:00", "2024-01-14T03:07:00+00:00", "2024-01-14T03:20:49+00:00", "2024-01-14T03:32:14+00:00", "2024-01-14T03:47:19+00:00", "2024-01-14T03:58:12+00:00", "2024-01-14T04:07:40+00:00", "2024-01-14T04:50:37+00:00", "2024-01-14T05:33:24+00:00", "2024-01-14T06:13:44+00:00", "2024-01-14T06:50:42+00:00", "2024-01-14T07:02:08+00:00", "2024-01-14T07:18:05+00:00", "2024-01-14T07:37:12+00:00", "2024-01-14T07:55:03+00:00", "2024-01-14T08:15:36+00:00", "2024-01-14T08:29:59+00:00", "2024-01-14T08:43:20+00:00", "2024-01-14T09:00:52+00:00", "2024-01-14T09:13:03+00:00", "2024-01-14T09:30:38+00:00", "2024-01-14T09:50:36+00:00", "2024-01-14T10:04:30+00:00", "2024-01-14T10:18:45+00:00", "2024-01-14T10:34:17+00:00", "2024-01-14T10:50:44+00:00", "2024-01-14T11:13:25+00:00", "2024-01-14T11:34:00+00:00", "2024-01-14T11:56:34+00:00", "2024-01-14T12:23:21+00:00", "2024-01-14T12:53:56+00:00", "2024-01-14T13:20:59+00:00", "2024-01-14T13:50:50+00:00", "2024-01-14T14:10:19+00:00", "2024-01-14T14:32:05+00:00", "2024-01-14T15:01:00+00:00", "2024-01-14T15:27:27+00:00", "2024-01-14T15:55:21+00:00", "2024-01-14T16:14:31+00:00", "2024-01-14T16:39:02+00:00", "2024-01-14T17:02:27+00:00", "2024-01-14T17:22:52+00:00", "2024-01-14T17:46:54+00:00", "2024-01-14T18:14:07+00:00", "2024-01-14T18:43:54+00:00", "2024-01-14T19:14:25+00:00", "2024-01-14T19:45:25+00:00", "2024-01-14T20:10:07+00:00", "2024-01-14T20:32:22+00:00", "2024-01-14T20:59:41+00:00", "2024-01-14T21:27:56+00:00", "2024-01-14T21:59:15+00:00", "2024-01-14T22:23:07+00:00", "2024-01-14T22:51:08+00:00", "2024-01-14T23:16:10+00:00", "2024-01-14T23:43:01+00:00", "2024-01-15T00:11:08+00:00", "2024-01-15T00:37:11+00:00", "2024-01-15T01:00:33+00:00", "2024-01-15T01:23:19+00:00", "2024-01-15T01:46:06+00:00", "2024-01-15T02:09:18+00:00", "2024-01-15T02:32:47+00:00", "2024-01-15T02:57:20+00:00", "2024-01-15T03:18:50+00:00", "2024-01-15T03:41:20+00:00", "2024-01-15T04:05:49+00:00", "2024-01-15T04:25:55+00:00", "2024-01-15T04:47:31+00:00", "2024-01-15T05:08:01+00:00", "2024-01-15T05:27:54+00:00", "2024-01-15T05:50:16+00:00", "2024-01-15T06:11:15+00:00", "2024-01-15T06:31:56+00:00", "2024-01-15T06:54:33+00:00", "2024-01-15T07:15:18+00:00", "2024-01-15T07:35:31+00:00", "2024-01-15T07:57:50+00:00", "2024-01-15T08:24:22+00:00", "2024-01-15T08:49:41+00:00", "2024-01-15T09:14:11+00:00", "2024-01-15T09:37:32+00:00", "2024-01-15T09:58:36+00:00", "2024-01-15T10:19:18+00:00", "2024-01-15T10:43:53+00:00", "2024-01-15T11:05:04+00:00", "2024-01-15T11:33:26+00:00", "2024-01-15T11:54:44+00:00", "2024-01-15T12:18:23+00:00", "2024-01-15T12:41:24+00:00", "2024-01-15T13:08:38+00:00", "2024-01-15T13:34:58+00:00", "2024-01-15T14:00:32+00:00", "2024-01-15T14:29:02+00:00", "2024-01-15T15:04:13+00:00", "2024-01-15T15:33:50+00:00", "2024-01-15T16:00:45+00:00", "2024-01-15T16:27:05+00:00", "2024-01-15T16:54:44+00:00", "2024-01-15T17:15:34+00:00", "2024-01-15T17:37:56+00:00", "2024-01-15T18:03:27+00:00", "2024-01-15T18:28:06+00:00", "2024-01-15T18:58:09+00:00", "2024-01-15T19:18:24+00:00", "2024-01-15T19:42:34+00:00", "2024-01-15T20:12:48+00:00", "2024-01-15T20:42:28+00:00", "2024-01-15T21:14:36+00:00", "2024-01-15T21:42:51+00:00", "2024-01-15T22:05:49+00:00", "2024-01-15T22:34:53+00:00", "2024-01-15T23:03:22+00:00", "2024-01-15T23:34:34+00:00", "2024-01-16T00:06:56+00:00", "2024-01-16T00:29:59+00:00", "2024-01-16T00:51:23+00:00", "2024-01-16T01:08:50+00:00", "2024-01-16T01:24:21+00:00", "2024-01-16T01:43:34+00:00", "2024-01-16T02:03:05+00:00", "2024-01-16T02:25:30+00:00", "2024-01-16T02:41:54+00:00", "2024-01-16T03:00:36+00:00", "2024-01-16T03:13:58+00:00", "2024-01-16T03:24:42+00:00", "2024-01-16T03:34:51+00:00", "2024-01-16T03:47:36+00:00", "2024-01-16T03:57:37+00:00", "2024-01-16T04:08:47+00:00", "2024-01-16T04:19:28+00:00", "2024-01-16T04:30:13+00:00", "2024-01-16T04:39:58+00:00", "2024-01-16T04:51:35+00:00", "2024-01-16T05:01:36+00:00", "2024-01-16T05:12:49+00:00", "2024-01-16T05:24:22+00:00", "2024-01-16T05:35:16+00:00", "2024-01-16T05:44:53+00:00", "2024-01-16T05:56:10+00:00", "2024-01-16T06:07:00+00:00", "2024-01-16T06:17:19+00:00", "2024-01-16T06:27:42+00:00", "2024-01-16T06:38:29+00:00", "2024-01-16T06:47:54+00:00", "2024-01-16T06:56:16+00:00", "2024-01-16T07:08:17+00:00", "2024-01-16T07:21:30+00:00", "2024-01-16T07:32:27+00:00", "2024-01-16T07:42:25+00:00", "2024-01-16T07:52:08+00:00", "2024-01-16T08:04:10+00:00", "2024-01-16T08:13:03+00:00", "2024-01-16T08:24:00+00:00", "2024-01-16T08:35:30+00:00", "2024-01-16T08:47:05+00:00", "2024-01-16T08:57:22+00:00", "2024-01-16T09:09:48+00:00", "2024-01-16T09:21:26+00:00", "2024-01-16T09:32:19+00:00", "2024-01-16T09:45:00+00:00", "2024-01-16T09:53:08+00:00", "2024-01-16T10:03:34+00:00", "2024-01-16T10:15:18+00:00", "2024-01-16T10:25:29+00:00", "2024-01-16T10:37:10+00:00", "2024-01-16T10:47:28+00:00", "2024-01-16T10:59:49+00:00", "2024-01-16T11:08:55+00:00", "2024-01-16T11:19:31+00:00", "2024-01-16T11:30:33+00:00", "2024-01-16T11:40:30+00:00", "2024-01-16T11:50:24+00:00", "2024-01-16T12:02:04+00:00", "2024-01-16T12:13:44+00:00", "2024-01-16T12:24:55+00:00", "2024-01-16T12:34:20+00:00", "2024-01-16T12:45:48+00:00", "2024-01-16T12:57:54+00:00", "2024-01-16T13:07:32+00:00", "2024-01-16T13:18:56+00:00", "2024-01-16T13:29:16+00:00", "2024-01-16T13:38:59+00:00", "2024-01-16T13:49:20+00:00", "2024-01-16T13:58:12+00:00", "2024-01-16T14:10:04+00:00", "2024-01-16T14:20:43+00:00", "2024-01-16T14:30:32+00:00", "2024-01-16T14:43:18+00:00", "2024-01-16T14:53:35+00:00", "2024-01-16T15:08:49+00:00", "2024-01-16T15:19:08+00:00", "2024-01-16T15:29:21+00:00", "2024-01-16T15:41:03+00:00", "2024-01-16T15:52:44+00:00", "2024-01-16T16:04:46+00:00", "2024-01-16T16:16:31+00:00", "2024-01-16T16:25:17+00:00", "2024-01-16T16:37:26+00:00", "2024-01-16T16:50:19+00:00", "2024-01-16T17:00:17+00:00", "2024-01-16T17:12:42+00:00", "2024-01-16T17:24:23+00:00", "2024-01-16T17:38:20+00:00", "2024-01-16T17:49:11+00:00", "2024-01-16T18:04:17+00:00", "2024-01-16T18:16:09+00:00", "2024-01-16T18:27:20+00:00", "2024-01-16T18:38:13+00:00", "2024-01-16T18:55:19+00:00", "2024-01-16T19:12:20+00:00", "2024-01-16T19:33:47+00:00", "2024-01-16T19:44:56+00:00", "2024-01-16T20:01:25+00:00", "2024-01-16T20:18:00+00:00", "2024-01-16T20:35:52+00:00", "2024-01-16T20:49:10+00:00", "2024-01-16T21:26:33+00:00", "2024-01-16T22:03:53+00:00", "2024-01-16T22:15:42+00:00", "2024-01-16T22:25:20+00:00", "2024-01-16T22:40:42+00:00", "2024-01-16T22:51:47+00:00", "2024-01-16T23:01:52+00:00", "2024-01-16T23:13:54+00:00", "2024-01-16T23:23:44+00:00", "2024-01-16T23:33:08+00:00", "2024-01-16T23:43:43+00:00", "2024-01-16T23:56:45+00:00", "2024-01-17T00:07:54+00:00", "2024-01-17T00:17:15+00:00", "2024-01-17T00:30:48+00:00", "2024-01-17T00:40:21+00:00", "2024-01-17T00:51:42+00:00", "2024-01-17T01:02:51+00:00", "2024-01-17T01:18:05+00:00", "2024-01-17T01:30:36+00:00", "2024-01-17T01:41:36+00:00", "2024-01-17T01:54:08+00:00", "2024-01-17T02:05:21+00:00", "2024-01-17T02:19:26+00:00", "2024-01-17T02:28:47+00:00", "2024-01-17T02:38:11+00:00", "2024-01-17T02:49:21+00:00", "2024-01-17T02:59:58+00:00", "2024-01-17T03:13:32+00:00", "2024-01-17T03:23:41+00:00", "2024-01-17T03:34:29+00:00", "2024-01-17T03:46:37+00:00", "2024-01-17T03:57:10+00:00", "2024-01-17T04:08:22+00:00", "2024-01-17T04:18:24+00:00", "2024-01-17T04:29:53+00:00", "2024-01-17T04:42:39+00:00", "2024-01-17T04:54:43+00:00", "2024-01-17T05:05:25+00:00", "2024-01-17T05:14:59+00:00", "2024-01-17T05:26:08+00:00", "2024-01-17T05:42:05+00:00", "2024-01-17T05:51:10+00:00", "2024-01-17T06:04:24+00:00", "2024-01-17T06:20:49+00:00", "2024-01-17T06:34:31+00:00", "2024-01-17T06:54:41+00:00", "2024-01-17T07:06:06+00:00", "2024-01-17T07:20:44+00:00", "2024-01-17T07:30:58+00:00", "2024-01-17T07:44:48+00:00", "2024-01-17T07:56:57+00:00", "2024-01-17T08:09:54+00:00", "2024-01-17T08:23:31+00:00", "2024-01-17T08:38:13+00:00", "2024-01-17T08:55:21+00:00", "2024-01-17T09:15:03+00:00", "2024-01-17T09:25:05+00:00", "2024-01-17T09:39:38+00:00", "2024-01-17T09:55:40+00:00", "2024-01-17T10:06:14+00:00", "2024-01-17T10:18:15+00:00", "2024-01-17T10:30:17+00:00", "2024-01-17T10:42:14+00:00", "2024-01-17T10:56:03+00:00", "2024-01-17T11:17:42+00:00", "2024-01-17T11:38:20+00:00", "2024-01-17T11:56:30+00:00", "2024-01-17T12:22:21+00:00", "2024-01-17T12:33:38+00:00", "2024-01-17T12:48:14+00:00", "2024-01-17T13:01:03+00:00", "2024-01-17T13:15:06+00:00", "2024-01-17T13:24:34+00:00", "2024-01-17T13:41:39+00:00", "2024-01-17T13:53:47+00:00", "2024-01-17T14:05:08+00:00", "2024-01-17T14:24:09+00:00", "2024-01-17T14:42:14+00:00", "2024-01-17T14:54:47+00:00", "2024-01-17T15:14:36+00:00", "2024-01-17T15:32:25+00:00", "2024-01-17T15:46:34+00:00", "2024-01-17T16:03:36+00:00", "2024-01-17T16:19:51+00:00", "2024-01-17T16:33:44+00:00", "2024-01-17T16:43:41+00:00", "2024-01-17T16:56:06+00:00", "2024-01-17T17:22:09+00:00", "2024-01-17T17:32:02+00:00", "2024-01-17T17:44:44+00:00", "2024-01-17T18:02:50+00:00", "2024-01-17T18:13:07+00:00", "2024-01-17T18:30:22+00:00", "2024-01-17T18:42:59+00:00", "2024-01-17T18:54:48+00:00", "2024-01-17T19:20:34+00:00", "2024-01-17T19:46:36+00:00", "2024-01-17T20:13:55+00:00", "2024-01-17T20:35:44+00:00", "2024-01-17T20:59:18+00:00", "2024-01-17T21:27:19+00:00", "2024-01-17T21:43:45+00:00", "2024-01-17T21:57:31+00:00", "2024-01-17T22:21:06+00:00", "2024-01-17T22:45:32+00:00", "2024-01-17T23:03:45+00:00", "2024-01-17T23:23:11+00:00", "2024-01-17T23:43:47+00:00", "2024-01-17T23:58:53+00:00", "2024-01-18T00:18:58+00:00", "2024-01-18T00:36:13+00:00", "2024-01-18T00:46:16+00:00", "2024-01-18T01:00:41+00:00", "2024-01-18T01:11:57+00:00", "2024-01-18T01:44:54+00:00", "2024-01-18T02:13:32+00:00", "2024-01-18T02:33:23+00:00", "2024-01-18T02:57:54+00:00", "2024-01-18T03:18:09+00:00", "2024-01-18T03:36:04+00:00", "2024-01-18T03:56:55+00:00", "2024-01-18T04:17:50+00:00", "2024-01-18T04:38:46+00:00", "2024-01-18T04:56:26+00:00", "2024-01-18T05:20:01+00:00", "2024-01-18T05:38:23+00:00", "2024-01-18T05:57:14+00:00", "2024-01-18T06:11:55+00:00", "2024-01-18T06:25:50+00:00", "2024-01-18T06:44:17+00:00", "2024-01-18T07:02:39+00:00", "2024-01-18T07:19:05+00:00", "2024-01-18T07:38:00+00:00", "2024-01-18T07:56:47+00:00", "2024-01-18T08:13:16+00:00", "2024-01-18T08:26:37+00:00", "2024-01-18T08:45:48+00:00", "2024-01-18T09:02:26+00:00", "2024-01-18T09:20:25+00:00", "2024-01-18T09:36:33+00:00", "2024-01-18T09:49:09+00:00", "2024-01-18T09:57:22+00:00", "2024-01-18T10:08:48+00:00", "2024-01-18T10:33:36+00:00", "2024-01-18T10:51:59+00:00", "2024-01-18T11:19:58+00:00", "2024-01-18T12:04:13+00:00", "2024-01-18T12:44:25+00:00", "2024-01-18T13:07:48+00:00", "2024-01-18T13:30:06+00:00", "2024-01-18T13:51:24+00:00", "2024-01-18T14:16:43+00:00", "2024-01-18T14:43:57+00:00", "2024-01-18T15:12:00+00:00", "2024-01-18T15:41:31+00:00", "2024-01-18T16:09:13+00:00", "2024-01-18T16:29:40+00:00", "2024-01-18T16:53:41+00:00", "2024-01-18T17:10:10+00:00", "2024-01-18T17:50:03+00:00", "2024-01-18T18:13:16+00:00", "2024-01-18T18:30:46+00:00", "2024-01-18T18:55:18+00:00", "2024-01-18T19:13:25+00:00", "2024-01-18T19:32:39+00:00", "2024-01-18T19:44:33+00:00", "2024-01-18T19:55:43+00:00", "2024-01-18T20:06:25+00:00", "2024-01-18T20:19:03+00:00", "2024-01-18T20:28:21+00:00", "2024-01-18T20:41:24+00:00", "2024-01-18T20:57:22+00:00", "2024-01-18T21:09:11+00:00", "2024-01-18T21:21:26+00:00", "2024-01-18T21:35:08+00:00", "2024-01-18T21:46:38+00:00", "2024-01-18T21:58:52+00:00", "2024-01-18T22:14:50+00:00", "2024-01-18T22:27:05+00:00", "2024-01-18T22:40:07+00:00", "2024-01-18T22:52:36+00:00", "2024-01-18T23:02:58+00:00", "2024-01-18T23:10:46+00:00", "2024-01-18T23:21:31+00:00", "2024-01-18T23:29:57+00:00", "2024-01-18T23:41:18+00:00", "2024-01-18T23:50:39+00:00", "2024-01-19T00:00:21+00:00", "2024-01-19T00:11:19+00:00", "2024-01-19T00:19:56+00:00", "2024-01-19T00:31:22+00:00", "2024-01-19T00:39:16+00:00", "2024-01-19T00:49:18+00:00", "2024-01-19T00:58:28+00:00", "2024-01-19T01:06:17+00:00", "2024-01-19T01:18:31+00:00", "2024-01-19T01:29:25+00:00", "2024-01-19T01:39:42+00:00", "2024-01-19T01:48:59+00:00", "2024-01-19T01:58:22+00:00", "2024-01-19T02:06:55+00:00", "2024-01-19T02:16:56+00:00", "2024-01-19T02:26:19+00:00", "2024-01-19T02:34:15+00:00", "2024-01-19T02:42:05+00:00", "2024-01-19T02:53:22+00:00", "2024-01-19T03:00:47+00:00", "2024-01-19T03:07:20+00:00", "2024-01-19T03:16:01+00:00", "2024-01-19T03:22:54+00:00", "2024-01-19T03:33:31+00:00", "2024-01-19T03:40:31+00:00", "2024-01-19T03:49:00+00:00", "2024-01-19T03:57:12+00:00", "2024-01-19T04:04:07+00:00", "2024-01-19T04:10:56+00:00", "2024-01-19T04:16:36+00:00", "2024-01-19T04:22:46+00:00", "2024-01-19T04:31:44+00:00", "2024-01-19T04:39:41+00:00", "2024-01-19T04:48:16+00:00", "2024-01-19T04:54:35+00:00", "2024-01-19T05:06:10+00:00", "2024-01-19T05:14:35+00:00", "2024-01-19T05:21:03+00:00", "2024-01-19T05:27:51+00:00", "2024-01-19T05:35:25+00:00", "2024-01-19T05:43:01+00:00", "2024-01-19T05:48:50+00:00", "2024-01-19T05:55:02+00:00", "2024-01-19T06:00:39+00:00", "2024-01-19T06:06:15+00:00", "2024-01-19T06:13:55+00:00", "2024-01-19T06:22:12+00:00", "2024-01-19T06:28:45+00:00", "2024-01-19T06:35:33+00:00", "2024-01-19T06:45:26+00:00", "2024-01-19T06:53:54+00:00", "2024-01-19T07:04:44+00:00", "2024-01-19T07:15:17+00:00", "2024-01-19T07:26:10+00:00", "2024-01-19T07:37:47+00:00", "2024-01-19T07:46:43+00:00", "2024-01-19T07:54:21+00:00", "2024-01-19T08:03:18+00:00", "2024-01-19T08:13:02+00:00", "2024-01-19T08:21:21+00:00", "2024-01-19T08:35:05+00:00", "2024-01-19T08:45:57+00:00", "2024-01-19T08:54:01+00:00", "2024-01-19T09:01:42+00:00", "2024-01-19T09:07:35+00:00", "2024-01-19T09:14:17+00:00", "2024-01-19T09:19:26+00:00", "2024-01-19T09:27:16+00:00", "2024-01-19T09:33:57+00:00", "2024-01-19T09:40:26+00:00", "2024-01-19T09:48:47+00:00", "2024-01-19T09:57:19+00:00", "2024-01-19T10:06:08+00:00", "2024-01-19T10:22:45+00:00", "2024-01-19T10:28:18+00:00", "2024-01-19T10:34:02+00:00", "2024-01-19T10:39:22+00:00", "2024-01-19T10:44:59+00:00", "2024-01-19T10:52:13+00:00", "2024-01-19T11:04:10+00:00", "2024-01-19T11:14:08+00:00", "2024-01-19T11:21:13+00:00", "2024-01-19T11:29:10+00:00", "2024-01-19T11:35:11+00:00", "2024-01-19T11:42:21+00:00", "2024-01-19T11:50:14+00:00", "2024-01-19T11:58:11+00:00", "2024-01-19T12:06:35+00:00", "2024-01-19T12:13:23+00:00", "2024-01-19T12:22:20+00:00", "2024-01-19T12:28:25+00:00", "2024-01-19T12:38:09+00:00", "2024-01-19T12:44:58+00:00", "2024-01-19T12:50:46+00:00", "2024-01-19T12:56:26+00:00", "2024-01-19T13:04:28+00:00", "2024-01-19T13:10:49+00:00", "2024-01-19T13:21:42+00:00", "2024-01-19T13:27:50+00:00", "2024-01-19T13:36:59+00:00", "2024-01-19T13:44:56+00:00", "2024-01-19T13:52:36+00:00", "2024-01-19T14:02:21+00:00", "2024-01-19T14:10:54+00:00", "2024-01-19T14:19:40+00:00", "2024-01-19T14:28:57+00:00", "2024-01-19T14:37:45+00:00", "2024-01-19T14:49:54+00:00", "2024-01-19T14:57:06+00:00", "2024-01-19T15:05:16+00:00", "2024-01-19T15:11:00+00:00", "2024-01-19T15:17:45+00:00", "2024-01-19T15:24:54+00:00", "2024-01-19T15:33:39+00:00", "2024-01-19T15:39:04+00:00", "2024-01-19T15:45:44+00:00", "2024-01-19T15:52:49+00:00", "2024-01-19T15:59:18+00:00", "2024-01-19T16:05:47+00:00", "2024-01-19T16:12:29+00:00", "2024-01-19T16:20:49+00:00", "2024-01-19T16:27:05+00:00", "2024-01-19T16:34:58+00:00", "2024-01-19T16:41:50+00:00", "2024-01-19T16:47:35+00:00", "2024-01-19T16:52:39+00:00", "2024-01-19T16:58:58+00:00", "2024-01-19T17:04:10+00:00", "2024-01-19T17:11:19+00:00", "2024-01-19T17:17:15+00:00", "2024-01-19T17:23:15+00:00", "2024-01-19T17:28:31+00:00", "2024-01-19T17:35:04+00:00", "2024-01-19T17:40:52+00:00", "2024-01-19T17:46:01+00:00", "2024-01-19T17:52:06+00:00", "2024-01-19T18:00:23+00:00", "2024-01-19T18:05:48+00:00", "2024-01-19T18:12:57+00:00", "2024-01-19T18:21:07+00:00", "2024-01-19T18:27:16+00:00", "2024-01-19T18:34:13+00:00", "2024-01-19T18:41:54+00:00", "2024-01-19T18:46:51+00:00", "2024-01-19T18:52:23+00:00", "2024-01-19T18:57:56+00:00", "2024-01-19T19:03:54+00:00", "2024-01-19T19:11:18+00:00", "2024-01-19T19:20:52+00:00", "2024-01-19T19:29:05+00:00", "2024-01-19T19:34:30+00:00", "2024-01-19T19:39:47+00:00", "2024-01-19T19:44:55+00:00", "2024-01-19T19:49:56+00:00", "2024-01-19T19:55:52+00:00", "2024-01-19T20:01:58+00:00", "2024-01-19T20:08:26+00:00", "2024-01-19T20:15:35+00:00", "2024-01-19T20:22:12+00:00", "2024-01-19T20:28:17+00:00", "2024-01-19T20:33:25+00:00", "2024-01-19T20:40:18+00:00", "2024-01-19T20:45:51+00:00", "2024-01-19T20:51:47+00:00", "2024-01-19T20:59:20+00:00", "2024-01-19T21:04:29+00:00", "2024-01-19T21:09:58+00:00", "2024-01-19T21:15:55+00:00", "2024-01-19T21:22:19+00:00", "2024-01-19T21:27:45+00:00", "2024-01-19T21:34:33+00:00", "2024-01-19T21:42:38+00:00", "2024-01-19T21:49:47+00:00", "2024-01-19T21:55:24+00:00", "2024-01-19T22:00:53+00:00", "2024-01-19T22:10:43+00:00", "2024-01-19T22:19:24+00:00", "2024-01-19T22:30:29+00:00", "2024-01-19T22:37:27+00:00", "2024-01-19T22:45:04+00:00", "2024-01-19T22:52:48+00:00", "2024-01-19T23:02:21+00:00", "2024-01-19T23:09:06+00:00", "2024-01-19T23:16:07+00:00", "2024-01-19T23:23:39+00:00", "2024-01-19T23:32:40+00:00", "2024-01-19T23:38:13+00:00", "2024-01-19T23:45:50+00:00", "2024-01-19T23:51:55+00:00", "2024-01-19T23:57:43+00:00", "2024-01-20T00:04:04+00:00", "2024-01-20T00:10:33+00:00", "2024-01-20T00:16:14+00:00", "2024-01-20T00:23:19+00:00", "2024-01-20T00:28:48+00:00", "2024-01-20T00:36:36+00:00", "2024-01-20T00:44:57+00:00", "2024-01-20T00:49:30+00:00", "2024-01-20T00:56:03+00:00", "2024-01-20T01:02:36+00:00", "2024-01-20T01:08:01+00:00", "2024-01-20T01:15:06+00:00", "2024-01-20T01:22:11+00:00", "2024-01-20T01:29:31+00:00", "2024-01-20T01:34:52+00:00", "2024-01-20T01:40:57+00:00", "2024-01-20T01:48:54+00:00", "2024-01-20T01:56:11+00:00", "2024-01-20T02:01:11+00:00", "2024-01-20T02:06:08+00:00", "2024-01-20T02:11:37+00:00", "2024-01-20T02:17:12+00:00", "2024-01-20T02:25:08+00:00", "2024-01-20T02:32:08+00:00", "2024-01-20T02:38:28+00:00", "2024-01-20T02:46:21+00:00", "2024-01-20T02:53:25+00:00", "2024-01-20T02:59:54+00:00", "2024-01-20T03:05:22+00:00", "2024-01-20T03:14:40+00:00", "2024-01-20T03:22:28+00:00", "2024-01-20T03:31:17+00:00", "2024-01-20T03:39:46+00:00", "2024-01-20T03:49:18+00:00", "2024-01-20T04:00:24+00:00", "2024-01-20T04:07:32+00:00", "2024-01-20T04:15:49+00:00", "2024-01-20T04:24:58+00:00", "2024-01-20T04:32:58+00:00", "2024-01-20T04:40:44+00:00", "2024-01-20T04:49:41+00:00", "2024-01-20T04:58:10+00:00", "2024-01-20T05:06:51+00:00", "2024-01-20T05:16:21+00:00", "2024-01-20T05:22:17+00:00", "2024-01-20T05:30:19+00:00", "2024-01-20T05:38:28+00:00", "2024-01-20T05:46:00+00:00", "2024-01-20T05:53:10+00:00", "2024-01-20T06:02:06+00:00", "2024-01-20T06:09:31+00:00", "2024-01-20T06:18:15+00:00", "2024-01-20T06:27:16+00:00", "2024-01-20T06:37:02+00:00", "2024-01-20T06:45:31+00:00", "2024-01-20T06:54:04+00:00", "2024-01-20T07:02:18+00:00", "2024-01-20T07:10:43+00:00", "2024-01-20T07:18:16+00:00", "2024-01-20T07:27:29+00:00", "2024-01-20T07:34:16+00:00", "2024-01-20T07:44:26+00:00", "2024-01-20T07:52:12+00:00", "2024-01-20T07:59:16+00:00", "2024-01-20T08:05:56+00:00", "2024-01-20T08:12:45+00:00", "2024-01-20T08:19:57+00:00", "2024-01-20T08:26:06+00:00", "2024-01-20T08:32:47+00:00", "2024-01-20T08:39:48+00:00", "2024-01-20T08:45:56+00:00", "2024-01-20T08:51:41+00:00", "2024-01-20T08:57:18+00:00", "2024-01-20T09:02:54+00:00", "2024-01-20T09:08:51+00:00", "2024-01-20T09:14:48+00:00", "2024-01-20T09:20:34+00:00", "2024-01-20T09:26:21+00:00", "2024-01-20T09:34:27+00:00", "2024-01-20T09:40:21+00:00", "2024-01-20T09:47:50+00:00", "2024-01-20T09:55:08+00:00", "2024-01-20T10:05:45+00:00", "2024-01-20T10:14:30+00:00", "2024-01-20T10:23:59+00:00", "2024-01-20T10:29:55+00:00", "2024-01-20T10:36:34+00:00", "2024-01-20T10:44:10+00:00", "2024-01-20T10:50:36+00:00", "2024-01-20T10:56:40+00:00", "2024-01-20T11:01:50+00:00", "2024-01-20T11:10:17+00:00", "2024-01-20T11:18:05+00:00", "2024-01-20T11:24:50+00:00", "2024-01-20T11:32:50+00:00", "2024-01-20T11:40:59+00:00", "2024-01-20T11:45:55+00:00", "2024-01-20T11:51:00+00:00", "2024-01-20T11:57:25+00:00", "2024-01-20T12:04:07+00:00", "2024-01-20T12:11:24+00:00", "2024-01-20T12:21:41+00:00", "2024-01-20T12:31:25+00:00", "2024-01-20T12:41:33+00:00", "2024-01-20T12:52:39+00:00", "2024-01-20T13:03:08+00:00", "2024-01-20T13:13:29+00:00", "2024-01-20T13:23:22+00:00", "2024-01-20T13:32:26+00:00", "2024-01-20T13:41:51+00:00", "2024-01-20T13:51:40+00:00", "2024-01-20T14:03:25+00:00", "2024-01-20T14:12:50+00:00", "2024-01-20T14:24:35+00:00", "2024-01-20T14:35:08+00:00", "2024-01-20T14:44:20+00:00", "2024-01-20T14:52:05+00:00", "2024-01-20T15:00:53+00:00", "2024-01-20T15:09:06+00:00", "2024-01-20T15:19:31+00:00", "2024-01-20T15:31:15+00:00", "2024-01-20T15:40:44+00:00", "2024-01-20T15:49:20+00:00", "2024-01-20T15:59:05+00:00", "2024-01-20T16:11:31+00:00", "2024-01-20T16:20:28+00:00", "2024-01-20T16:33:05+00:00", "2024-01-20T16:42:22+00:00", "2024-01-20T16:53:14+00:00", "2024-01-20T17:07:19+00:00", "2024-01-20T17:16:44+00:00", "2024-01-20T17:29:34+00:00", "2024-01-20T17:39:27+00:00", "2024-01-20T17:50:59+00:00", "2024-01-20T18:01:46+00:00", "2024-01-20T18:11:59+00:00", "2024-01-20T18:26:24+00:00", "2024-01-20T18:37:53+00:00", "2024-01-20T18:52:02+00:00", "2024-01-20T19:04:30+00:00", "2024-01-20T19:16:03+00:00", "2024-01-20T19:26:52+00:00", "2024-01-20T19:41:17+00:00", "2024-01-20T19:51:46+00:00", "2024-01-20T20:02:02+00:00", "2024-01-20T20:11:59+00:00", "2024-01-20T20:21:44+00:00", "2024-01-20T20:34:20+00:00", "2024-01-20T20:45:38+00:00", "2024-01-20T20:55:55+00:00", "2024-01-20T21:07:55+00:00", "2024-01-20T21:15:31+00:00", "2024-01-20T21:25:16+00:00", "2024-01-20T21:34:13+00:00", "2024-01-20T21:42:13+00:00", "2024-01-20T21:54:19+00:00", "2024-01-20T22:04:55+00:00", "2024-01-20T22:13:48+00:00", "2024-01-20T22:25:41+00:00", "2024-01-20T22:35:41+00:00", "2024-01-20T22:45:50+00:00", "2024-01-20T22:54:58+00:00", "2024-01-20T23:06:15+00:00", "2024-01-20T23:17:36+00:00", "2024-01-20T23:25:32+00:00", "2024-01-20T23:36:15+00:00", "2024-01-20T23:49:21+00:00", "2024-01-21T00:01:18+00:00", "2024-01-21T00:12:43+00:00", "2024-01-21T00:23:31+00:00", "2024-01-21T00:36:05+00:00", "2024-01-21T00:50:06+00:00", "2024-01-21T01:03:03+00:00", "2024-01-21T01:17:00+00:00", "2024-01-21T01:28:47+00:00", "2024-01-21T01:41:29+00:00", "2024-01-21T01:54:39+00:00", "2024-01-21T02:05:44+00:00", "2024-01-21T02:20:53+00:00", "2024-01-21T02:33:11+00:00", "2024-01-21T02:45:50+00:00", "2024-01-21T03:00:40+00:00", "2024-01-21T03:14:26+00:00", "2024-01-21T03:28:05+00:00", "2024-01-21T03:42:17+00:00", "2024-01-21T03:56:40+00:00", "2024-01-21T04:18:42+00:00", "2024-01-21T04:40:55+00:00", "2024-01-21T04:59:38+00:00", "2024-01-21T05:27:16+00:00", "2024-01-21T05:45:11+00:00", "2024-01-21T06:06:28+00:00", "2024-01-21T06:31:57+00:00", "2024-01-21T06:51:56+00:00", "2024-01-21T07:18:38+00:00", "2024-01-21T07:51:56+00:00", "2024-01-21T08:23:55+00:00", "2024-01-21T08:51:46+00:00", "2024-01-21T09:15:18+00:00", "2024-01-21T09:43:48+00:00", "2024-01-21T10:12:20+00:00", "2024-01-21T10:28:22+00:00", "2024-01-21T10:50:36+00:00", "2024-01-21T11:09:58+00:00", "2024-01-21T11:27:19+00:00", "2024-01-21T11:41:25+00:00", "2024-01-21T11:58:31+00:00", "2024-01-21T12:16:27+00:00", "2024-01-21T12:38:06+00:00", "2024-01-21T13:00:25+00:00", "2024-01-21T13:20:20+00:00", "2024-01-21T13:30:58+00:00", "2024-01-21T13:49:25+00:00", "2024-01-21T14:13:28+00:00", "2024-01-21T14:33:35+00:00", "2024-01-21T14:52:44+00:00", "2024-01-21T15:13:45+00:00", "2024-01-21T15:43:18+00:00", "2024-01-21T16:03:01+00:00", "2024-01-21T16:22:23+00:00", "2024-01-21T16:43:05+00:00", "2024-01-21T17:04:31+00:00", "2024-01-21T17:21:46+00:00", "2024-01-21T17:43:00+00:00", "2024-01-21T18:00:26+00:00", "2024-01-21T18:24:13+00:00", "2024-01-21T18:45:24+00:00", "2024-01-21T19:05:31+00:00", "2024-01-21T19:25:49+00:00", "2024-01-21T19:46:25+00:00", "2024-01-21T20:04:44+00:00", "2024-01-21T20:23:14+00:00", "2024-01-21T20:48:48+00:00", "2024-01-21T21:10:34+00:00", "2024-01-21T21:29:07+00:00", "2024-01-21T21:53:53+00:00", "2024-01-21T22:16:51+00:00", "2024-01-21T23:02:42+00:00", "2024-01-21T23:45:45+00:00", "2024-01-22T00:21:28+00:00", "2024-01-22T01:03:48+00:00", "2024-01-22T01:36:38+00:00", "2024-01-22T02:20:25+00:00", "2024-01-22T02:45:20+00:00", "2024-01-22T03:12:51+00:00", "2024-01-22T03:37:29+00:00", "2024-01-22T04:04:41+00:00", "2024-01-22T04:34:40+00:00", "2024-01-22T04:56:47+00:00", "2024-01-22T05:24:17+00:00", "2024-01-22T05:50:08+00:00", "2024-01-22T06:12:26+00:00", "2024-01-22T06:36:32+00:00", "2024-01-22T07:00:50+00:00", "2024-01-22T07:24:41+00:00", "2024-01-22T07:47:11+00:00", "2024-01-22T08:11:16+00:00", "2024-01-22T08:33:45+00:00", "2024-01-22T08:56:36+00:00", "2024-01-22T09:18:31+00:00", "2024-01-22T09:39:50+00:00", "2024-01-22T10:07:15+00:00", "2024-01-22T10:32:37+00:00", "2024-01-22T11:00:55+00:00", "2024-01-22T11:26:38+00:00", "2024-01-22T11:48:56+00:00", "2024-01-22T12:12:41+00:00", "2024-01-22T12:38:15+00:00", "2024-01-22T13:03:22+00:00", "2024-01-22T13:29:44+00:00", "2024-01-22T13:55:30+00:00", "2024-01-22T14:23:15+00:00", "2024-01-22T14:51:55+00:00", "2024-01-22T15:17:26+00:00", "2024-01-22T15:44:56+00:00", "2024-01-22T16:14:48+00:00", "2024-01-22T16:48:30+00:00", "2024-01-22T17:17:15+00:00", "2024-01-22T17:46:27+00:00", "2024-01-22T18:13:09+00:00", "2024-01-22T18:44:27+00:00", "2024-01-22T19:11:28+00:00", "2024-01-22T19:38:16+00:00", "2024-01-22T20:03:09+00:00", "2024-01-22T20:32:28+00:00", "2024-01-22T20:59:53+00:00", "2024-01-22T21:27:44+00:00", "2024-01-22T21:53:37+00:00", "2024-01-22T22:21:59+00:00", "2024-01-22T22:47:01+00:00", "2024-01-22T23:14:44+00:00", "2024-01-22T23:37:01+00:00", "2024-01-23T00:01:04+00:00", "2024-01-23T00:23:35+00:00", "2024-01-23T00:51:15+00:00", "2024-01-23T01:14:21+00:00", "2024-01-23T01:42:02+00:00", "2024-01-23T02:09:07+00:00", "2024-01-23T02:39:15+00:00", "2024-01-23T03:03:29+00:00", "2024-01-23T03:36:07+00:00", "2024-01-23T04:07:46+00:00", "2024-01-23T04:27:15+00:00", "2024-01-23T04:44:37+00:00", "2024-01-23T05:00:19+00:00", "2024-01-23T05:11:49+00:00", "2024-01-23T05:22:57+00:00", "2024-01-23T05:36:18+00:00", "2024-01-23T05:50:50+00:00", "2024-01-23T06:08:51+00:00", "2024-01-23T06:21:53+00:00", "2024-01-23T06:35:33+00:00", "2024-01-23T06:49:38+00:00", "2024-01-23T07:10:53+00:00", "2024-01-23T07:32:48+00:00", "2024-01-23T07:57:11+00:00", "2024-01-23T08:16:04+00:00", "2024-01-23T08:32:05+00:00", "2024-01-23T08:46:14+00:00", "2024-01-23T08:58:55+00:00", "2024-01-23T09:15:58+00:00", "2024-01-23T09:39:00+00:00", "2024-01-23T10:00:14+00:00", "2024-01-23T10:15:52+00:00", "2024-01-23T10:31:42+00:00", "2024-01-23T10:49:56+00:00", "2024-01-23T11:03:08+00:00", "2024-01-23T11:15:25+00:00", "2024-01-23T11:26:19+00:00", "2024-01-23T11:44:51+00:00", "2024-01-23T11:56:58+00:00", "2024-01-23T12:12:19+00:00", "2024-01-23T12:25:08+00:00", "2024-01-23T12:41:57+00:00", "2024-01-23T12:58:30+00:00", "2024-01-23T13:15:56+00:00", "2024-01-23T13:31:03+00:00", "2024-01-23T13:48:29+00:00", "2024-01-23T14:01:59+00:00", "2024-01-23T14:19:08+00:00", "2024-01-23T14:31:54+00:00", "2024-01-23T14:46:10+00:00", "2024-01-23T14:57:07+00:00", "2024-01-23T15:09:19+00:00", "2024-01-23T15:25:38+00:00", "2024-01-23T15:37:23+00:00", "2024-01-23T15:57:40+00:00", "2024-01-23T16:12:55+00:00", "2024-01-23T16:25:11+00:00", "2024-01-23T16:37:32+00:00", "2024-01-23T16:49:33+00:00", "2024-01-23T17:03:37+00:00", "2024-01-23T17:14:10+00:00", "2024-01-23T17:24:55+00:00", "2024-01-23T17:35:48+00:00", "2024-01-23T17:43:36+00:00", "2024-01-23T17:52:27+00:00", "2024-01-23T18:02:56+00:00", "2024-01-23T18:19:22+00:00", "2024-01-23T18:33:59+00:00", "2024-01-23T18:48:39+00:00", "2024-01-23T19:02:56+00:00", "2024-01-23T19:17:57+00:00", "2024-01-23T19:26:45+00:00", "2024-01-23T19:33:14+00:00", "2024-01-23T19:42:42+00:00", "2024-01-23T19:56:51+00:00", "2024-01-23T20:15:28+00:00", "2024-01-23T20:35:26+00:00", "2024-01-23T20:55:59+00:00", "2024-01-23T21:12:25+00:00", "2024-01-23T21:29:06+00:00", "2024-01-23T21:41:39+00:00", "2024-01-23T21:53:36+00:00", "2024-01-23T22:10:21+00:00", "2024-01-23T22:23:46+00:00", "2024-01-23T22:41:19+00:00", "2024-01-23T22:57:35+00:00", "2024-01-23T23:20:08+00:00", "2024-01-23T23:36:01+00:00", "2024-01-23T23:52:01+00:00", "2024-01-24T00:09:55+00:00", "2024-01-24T00:32:44+00:00", "2024-01-24T00:48:33+00:00", "2024-01-24T01:06:14+00:00", "2024-01-24T01:22:43+00:00", "2024-01-24T01:39:37+00:00", "2024-01-24T01:54:20+00:00", "2024-01-24T02:07:43+00:00", "2024-01-24T02:20:40+00:00", "2024-01-24T02:31:33+00:00", "2024-01-24T02:44:18+00:00", "2024-01-24T02:54:44+00:00", "2024-01-24T03:03:17+00:00", "2024-01-24T03:09:10+00:00", "2024-01-24T03:15:39+00:00", "2024-01-24T03:21:43+00:00", "2024-01-24T03:27:27+00:00", "2024-01-24T03:34:20+00:00", "2024-01-24T03:40:28+00:00", "2024-01-24T03:47:01+00:00", "2024-01-24T03:53:18+00:00", "2024-01-24T04:00:18+00:00", "2024-01-24T04:06:06+00:00", "2024-01-24T04:12:31+00:00", "2024-01-24T04:19:12+00:00", "2024-01-24T04:25:29+00:00", "2024-01-24T04:32:06+00:00", "2024-01-24T04:42:10+00:00", "2024-01-24T04:53:27+00:00", "2024-01-24T05:09:13+00:00", "2024-01-24T05:19:50+00:00", "2024-01-24T05:30:50+00:00", "2024-01-24T05:39:31+00:00", "2024-01-24T05:47:55+00:00", "2024-01-24T05:56:44+00:00", "2024-01-24T06:05:57+00:00", "2024-01-24T06:18:45+00:00", "2024-01-24T06:26:02+00:00", "2024-01-24T06:35:58+00:00", "2024-01-24T06:51:39+00:00", "2024-01-24T07:05:05+00:00", "2024-01-24T07:17:38+00:00", "2024-01-24T07:27:35+00:00", "2024-01-24T07:44:04+00:00", "2024-01-24T07:55:38+00:00", "2024-01-24T08:08:51+00:00", "2024-01-24T08:24:26+00:00", "2024-01-24T08:36:03+00:00", "2024-01-24T08:46:27+00:00", "2024-01-24T09:03:21+00:00", "2024-01-24T09:20:23+00:00", "2024-01-24T09:36:44+00:00", "2024-01-24T09:49:35+00:00", "2024-01-24T10:03:49+00:00", "2024-01-24T10:19:52+00:00", "2024-01-24T10:41:37+00:00", "2024-01-24T10:57:59+00:00", "2024-01-24T11:09:09+00:00", "2024-01-24T11:19:35+00:00", "2024-01-24T11:33:28+00:00", "2024-01-24T11:44:30+00:00", "2024-01-24T11:55:28+00:00", "2024-01-24T12:07:11+00:00", "2024-01-24T12:17:04+00:00", "2024-01-24T12:30:33+00:00", "2024-01-24T12:41:38+00:00", "2024-01-24T12:49:47+00:00", "2024-01-24T13:01:36+00:00", "2024-01-24T13:40:03+00:00", "2024-01-24T14:18:13+00:00", "2024-01-24T14:56:27+00:00", "2024-01-24T15:22:47+00:00", "2024-01-24T15:50:33+00:00", "2024-01-24T16:21:11+00:00", "2024-01-24T16:42:36+00:00", "2024-01-24T17:04:53+00:00", "2024-01-24T17:29:55+00:00", "2024-01-24T17:53:13+00:00", "2024-01-24T18:17:06+00:00", "2024-01-24T18:37:31+00:00", "2024-01-24T19:01:45+00:00", "2024-01-24T19:22:03+00:00", "2024-01-24T19:48:53+00:00", "2024-01-24T20:09:02+00:00", "2024-01-24T20:33:32+00:00", "2024-01-24T20:56:10+00:00", "2024-01-24T21:17:51+00:00", "2024-01-24T21:39:58+00:00", "2024-01-24T21:58:07+00:00", "2024-01-24T22:24:00+00:00", "2024-01-24T22:55:02+00:00", "2024-01-24T23:16:47+00:00", "2024-01-24T23:43:14+00:00", "2024-01-25T00:04:44+00:00", "2024-01-25T00:31:37+00:00", "2024-01-25T01:02:51+00:00", "2024-01-25T01:35:58+00:00", "2024-01-25T02:05:30+00:00", "2024-01-25T02:37:18+00:00", "2024-01-25T03:10:40+00:00", "2024-01-25T03:39:18+00:00", "2024-01-25T04:08:24+00:00", "2024-01-25T04:30:37+00:00", "2024-01-25T04:54:43+00:00", "2024-01-25T05:28:16+00:00", "2024-01-25T05:53:00+00:00", "2024-01-25T06:24:04+00:00", "2024-01-25T06:57:36+00:00", "2024-01-25T07:30:27+00:00", "2024-01-25T07:57:37+00:00", "2024-01-25T08:17:46+00:00", "2024-01-25T09:04:50+00:00", "2024-01-25T09:30:41+00:00", "2024-01-25T10:04:28+00:00", "2024-01-25T10:24:47+00:00", "2024-01-25T10:43:45+00:00", "2024-01-25T11:20:04+00:00", "2024-01-25T11:41:23+00:00", "2024-01-25T11:58:45+00:00", "2024-01-25T12:26:08+00:00", "2024-01-25T12:53:22+00:00", "2024-01-25T13:14:29+00:00", "2024-01-25T13:34:45+00:00", "2024-01-25T14:00:38+00:00", "2024-01-25T14:26:42+00:00", "2024-01-25T14:43:54+00:00", "2024-01-25T15:01:20+00:00", "2024-01-25T15:23:10+00:00", "2024-01-25T15:48:01+00:00", "2024-01-25T16:12:50+00:00", "2024-01-25T16:32:57+00:00", "2024-01-25T17:00:16+00:00", "2024-01-25T17:29:10+00:00", "2024-01-25T17:44:12+00:00", "2024-01-25T18:06:52+00:00", "2024-01-25T18:21:53+00:00", "2024-01-25T18:41:41+00:00", "2024-01-25T19:01:44+00:00", "2024-01-25T19:21:45+00:00", "2024-01-25T19:38:18+00:00", "2024-01-25T20:04:16+00:00", "2024-01-25T20:28:47+00:00", "2024-01-25T20:47:45+00:00", "2024-01-25T21:08:18+00:00", "2024-01-25T21:25:52+00:00", "2024-01-25T21:50:34+00:00", "2024-01-25T22:10:45+00:00", "2024-01-25T22:33:58+00:00", "2024-01-25T22:49:55+00:00", "2024-01-25T23:13:09+00:00", "2024-01-25T23:31:22+00:00", "2024-01-25T23:49:44+00:00", "2024-01-26T00:06:06+00:00", "2024-01-26T00:33:21+00:00", "2024-01-26T00:58:37+00:00", "2024-01-26T01:17:03+00:00", "2024-01-26T01:35:48+00:00", "2024-01-26T01:54:48+00:00", "2024-01-26T02:21:39+00:00", "2024-01-26T02:47:35+00:00", "2024-01-26T03:02:59+00:00", "2024-01-26T03:22:23+00:00", "2024-01-26T03:45:33+00:00", "2024-01-26T04:06:57+00:00", "2024-01-26T04:35:23+00:00", "2024-01-26T04:54:14+00:00", "2024-01-26T05:22:38+00:00", "2024-01-26T05:43:24+00:00", "2024-01-26T06:07:39+00:00", "2024-01-26T06:27:46+00:00", "2024-01-26T06:51:08+00:00", "2024-01-26T07:14:40+00:00", "2024-01-26T07:40:48+00:00", "2024-01-26T08:02:19+00:00", "2024-01-26T08:28:18+00:00", "2024-01-26T08:53:21+00:00", "2024-01-26T09:14:23+00:00", "2024-01-26T09:38:37+00:00", "2024-01-26T10:08:54+00:00", "2024-01-26T10:30:16+00:00", "2024-01-26T11:00:14+00:00", "2024-01-26T11:20:21+00:00", "2024-01-26T11:42:07+00:00", "2024-01-26T12:01:33+00:00", "2024-01-26T14:14:35+00:00", "2024-01-26T14:28:49+00:00", "2024-01-26T14:49:07+00:00", "2024-01-26T15:09:52+00:00", "2024-01-26T15:27:53+00:00", "2024-01-26T15:46:03+00:00", "2024-01-26T16:05:01+00:00", "2024-01-26T16:18:47+00:00", "2024-01-26T16:36:30+00:00", "2024-01-26T16:59:17+00:00", "2024-01-26T17:14:15+00:00", "2024-01-26T17:32:21+00:00", "2024-01-26T17:52:48+00:00", "2024-01-26T18:12:11+00:00", "2024-01-26T18:32:22+00:00", "2024-01-26T18:49:13+00:00", "2024-01-26T19:08:52+00:00", "2024-01-26T19:29:27+00:00", "2024-01-26T19:53:18+00:00", "2024-01-26T20:18:06+00:00", "2024-01-26T20:37:57+00:00", "2024-01-26T21:00:04+00:00", "2024-01-26T21:18:08+00:00", "2024-01-26T21:42:12+00:00", "2024-01-26T21:58:17+00:00", "2024-01-26T22:17:16+00:00", "2024-01-26T22:39:18+00:00", "2024-01-26T22:55:13+00:00", "2024-01-26T23:15:47+00:00", "2024-01-26T23:40:32+00:00", "2024-01-27T00:01:25+00:00", "2024-01-27T00:21:37+00:00", "2024-01-27T00:42:21+00:00", "2024-01-27T01:02:28+00:00", "2024-01-27T01:27:51+00:00", "2024-01-27T01:49:56+00:00", "2024-01-27T02:06:49+00:00", "2024-01-27T02:27:41+00:00", "2024-01-27T02:59:06+00:00", "2024-01-27T03:15:45+00:00", "2024-01-27T03:35:28+00:00", "2024-01-27T04:01:33+00:00", "2024-01-27T04:26:28+00:00", "2024-01-27T04:55:03+00:00", "2024-01-27T05:27:05+00:00", "2024-01-27T06:06:10+00:00", "2024-01-27T06:20:15+00:00", "2024-01-27T06:29:58+00:00", "2024-01-27T06:40:35+00:00", "2024-01-27T06:50:44+00:00", "2024-01-27T07:00:30+00:00", "2024-01-27T07:11:19+00:00", "2024-01-27T07:22:48+00:00", "2024-01-27T07:33:29+00:00", "2024-01-27T07:45:30+00:00", "2024-01-27T07:58:11+00:00", "2024-01-27T08:10:19+00:00", "2024-01-27T08:22:20+00:00", "2024-01-27T08:32:25+00:00", "2024-01-27T08:41:02+00:00", "2024-01-27T08:56:14+00:00", "2024-01-27T09:10:28+00:00", "2024-01-27T09:22:16+00:00", "2024-01-27T09:39:16+00:00", "2024-01-27T09:52:57+00:00", "2024-01-27T10:04:08+00:00", "2024-01-27T10:20:23+00:00", "2024-01-27T10:34:54+00:00", "2024-01-27T10:49:35+00:00", "2024-01-27T11:05:28+00:00", "2024-01-27T11:18:01+00:00", "2024-01-27T11:28:50+00:00", "2024-01-27T11:44:16+00:00", "2024-01-27T11:56:28+00:00", "2024-01-27T12:11:59+00:00", "2024-01-27T12:20:49+00:00", "2024-01-27T12:35:05+00:00", "2024-01-27T12:49:34+00:00", "2024-01-27T12:57:15+00:00", "2024-01-27T13:05:52+00:00", "2024-01-27T13:18:02+00:00", "2024-01-27T13:29:07+00:00", "2024-01-27T13:38:16+00:00", "2024-01-27T13:46:21+00:00", "2024-01-27T13:55:06+00:00", "2024-01-27T14:05:19+00:00", "2024-01-27T14:15:51+00:00", "2024-01-27T14:23:52+00:00", "2024-01-27T14:33:22+00:00", "2024-01-27T14:41:06+00:00", "2024-01-27T14:48:31+00:00", "2024-01-27T14:56:19+00:00", "2024-01-27T15:04:24+00:00", "2024-01-27T15:13:37+00:00", "2024-01-27T15:21:54+00:00", "2024-01-27T15:29:27+00:00", "2024-01-27T15:36:19+00:00", "2024-01-27T15:44:00+00:00", "2024-01-27T15:51:53+00:00", "2024-01-27T15:59:10+00:00", "2024-01-27T16:08:03+00:00", "2024-01-27T16:16:13+00:00", "2024-01-27T16:23:25+00:00", "2024-01-27T16:30:54+00:00", "2024-01-27T16:39:40+00:00", "2024-01-27T16:47:21+00:00", "2024-01-27T16:53:46+00:00", "2024-01-27T17:01:27+00:00", "2024-01-27T17:09:12+00:00", "2024-01-27T17:16:48+00:00", "2024-01-27T17:24:09+00:00", "2024-01-27T17:32:37+00:00", "2024-01-27T17:39:26+00:00", "2024-01-27T17:46:31+00:00", "2024-01-27T17:53:45+00:00", "2024-01-27T18:02:01+00:00", "2024-01-27T18:08:10+00:00", "2024-01-27T18:16:31+00:00", "2024-01-27T18:24:15+00:00", "2024-01-27T18:31:36+00:00", "2024-01-27T18:39:29+00:00", "2024-01-27T18:46:30+00:00", "2024-01-27T18:54:23+00:00", "2024-01-27T19:01:48+00:00", "2024-01-27T19:09:41+00:00", "2024-01-27T19:16:29+00:00", "2024-01-27T19:23:59+00:00", "2024-01-27T19:31:36+00:00", "2024-01-27T19:38:12+00:00", "2024-01-27T19:45:33+00:00", "2024-01-27T19:53:14+00:00", "2024-01-27T20:00:39+00:00", "2024-01-27T20:08:00+00:00", "2024-01-27T20:15:20+00:00", "2024-01-27T20:22:49+00:00", "2024-01-27T20:29:58+00:00", "2024-01-27T20:37:31+00:00", "2024-01-27T20:47:40+00:00", "2024-01-27T20:54:45+00:00", "2024-01-27T21:01:33+00:00", "2024-01-27T21:08:59+00:00", "2024-01-27T21:17:32+00:00", "2024-01-27T21:25:24+00:00", "2024-01-27T21:32:53+00:00", "2024-01-27T21:40:46+00:00", "2024-01-27T21:49:07+00:00", "2024-01-27T21:57:32+00:00", "2024-01-27T22:05:53+00:00", "2024-01-27T22:14:31+00:00", "2024-01-27T22:21:52+00:00", "2024-01-27T22:31:03+00:00", "2024-01-27T22:36:27+00:00", "2024-01-27T22:40:56+00:00", "2024-01-27T22:46:01+00:00", "2024-01-27T22:51:09+00:00", "2024-01-27T22:56:26+00:00", "2024-01-27T23:00:58+00:00", "2024-01-27T23:06:15+00:00", "2024-01-27T23:10:43+00:00", "2024-01-27T23:16:25+00:00", "2024-01-27T23:20:26+00:00", "2024-01-27T23:25:58+00:00", "2024-01-27T23:31:22+00:00", "2024-01-27T23:36:11+00:00", "2024-01-27T23:41:04+00:00", "2024-01-27T23:46:25+00:00", "2024-01-27T23:51:14+00:00", "2024-01-27T23:56:18+00:00", "2024-01-28T00:00:47+00:00", "2024-01-28T00:05:15+00:00", "2024-01-28T00:10:04+00:00", "2024-01-28T00:14:44+00:00", "2024-01-28T00:20:01+00:00", "2024-01-28T00:25:01+00:00", "2024-01-28T00:31:22+00:00", "2024-01-28T00:36:46+00:00", "2024-01-28T00:41:50+00:00", "2024-01-28T00:47:22+00:00", "2024-01-28T00:52:11+00:00", "2024-01-28T00:56:51+00:00", "2024-01-28T01:02:28+00:00", "2024-01-28T01:07:05+00:00", "2024-01-28T01:12:01+00:00", "2024-01-28T01:17:10+00:00", "2024-01-28T01:21:54+00:00", "2024-01-28T01:27:35+00:00", "2024-01-28T01:32:59+00:00", "2024-01-28T01:38:52+00:00", "2024-01-28T01:43:48+00:00", "2024-01-28T01:48:29+00:00", "2024-01-28T01:53:13+00:00", "2024-01-28T01:58:46+00:00", "2024-01-28T02:03:22+00:00", "2024-01-28T02:08:42+00:00", "2024-01-28T02:13:31+00:00", "2024-01-28T02:18:27+00:00", "2024-01-28T02:23:11+00:00", "2024-01-28T02:27:56+00:00", "2024-01-28T02:32:33+00:00", "2024-01-28T02:37:55+00:00", "2024-01-28T02:43:16+00:00", "2024-01-28T02:48:17+00:00", "2024-01-28T02:53:18+00:00", "2024-01-28T02:59:03+00:00", "2024-01-28T03:03:47+00:00", "2024-01-28T03:09:56+00:00", "2024-01-28T03:15:12+00:00", "2024-01-28T03:20:25+00:00", "2024-01-28T03:25:41+00:00", "2024-01-28T03:30:34+00:00", "2024-01-28T03:35:30+00:00", "2024-01-28T03:40:36+00:00", "2024-01-28T03:45:28+00:00", "2024-01-28T03:51:33+00:00", "2024-01-28T03:56:39+00:00", "2024-01-28T04:02:04+00:00", "2024-01-28T04:06:53+00:00", "2024-01-28T04:12:55+00:00", "2024-01-28T04:19:00+00:00", "2024-01-28T04:24:25+00:00", "2024-01-28T04:29:52+00:00", "2024-01-28T04:35:46+00:00", "2024-01-28T04:40:56+00:00", "2024-01-28T04:46:38+00:00", "2024-01-28T04:51:38+00:00", "2024-01-28T04:57:07+00:00", "2024-01-28T05:03:19+00:00", "2024-01-28T05:08:27+00:00", "2024-01-28T05:13:37+00:00", "2024-01-28T05:18:57+00:00", "2024-01-28T05:23:46+00:00", "2024-01-28T05:28:50+00:00", "2024-01-28T05:34:10+00:00", "2024-01-28T05:38:47+00:00", "2024-01-28T05:43:52+00:00", "2024-01-28T05:48:49+00:00", "2024-01-28T05:53:50+00:00", "2024-01-28T05:59:10+00:00", "2024-01-28T06:04:38+00:00", "2024-01-28T06:10:27+00:00", "2024-01-28T06:16:07+00:00", "2024-01-28T06:21:14+00:00", "2024-01-28T06:26:21+00:00", "2024-01-28T06:30:35+00:00", "2024-01-28T06:36:00+00:00", "2024-01-28T06:41:29+00:00", "2024-01-28T06:47:09+00:00", "2024-01-28T06:52:50+00:00", "2024-01-28T06:58:15+00:00", "2024-01-28T07:03:03+00:00", "2024-01-28T07:09:04+00:00", "2024-01-28T07:14:40+00:00", "2024-01-28T07:20:53+00:00", "2024-01-28T07:25:46+00:00", "2024-01-28T07:32:55+00:00", "2024-01-28T07:37:51+00:00", "2024-01-28T07:43:48+00:00", "2024-01-28T07:50:05+00:00", "2024-01-28T07:55:50+00:00", "2024-01-28T08:01:18+00:00", "2024-01-28T08:06:00+00:00", "2024-01-28T08:12:56+00:00", "2024-01-28T08:19:13+00:00", "2024-01-28T08:27:13+00:00", "2024-01-28T08:32:41+00:00", "2024-01-28T08:38:28+00:00", "2024-01-28T08:44:01+00:00", "2024-01-28T08:49:30+00:00", "2024-01-28T08:55:20+00:00", "2024-01-28T09:01:21+00:00", "2024-01-28T09:07:38+00:00", "2024-01-28T09:14:23+00:00", "2024-01-28T09:21:00+00:00", "2024-01-28T09:26:44+00:00", "2024-01-28T09:33:37+00:00", "2024-01-28T09:39:17+00:00", "2024-01-28T09:44:45+00:00", "2024-01-28T09:50:46+00:00", "2024-01-28T09:56:26+00:00", "2024-01-28T10:03:24+00:00", "2024-01-28T10:09:44+00:00", "2024-01-28T10:15:21+00:00", "2024-01-28T10:21:21+00:00", "2024-01-28T10:30:23+00:00", "2024-01-28T10:37:16+00:00", "2024-01-28T10:44:32+00:00", "2024-01-28T10:51:37+00:00", "2024-01-28T10:57:13+00:00", "2024-01-28T11:03:57+00:00", "2024-01-28T11:10:02+00:00", "2024-01-28T11:16:18+00:00", "2024-01-28T11:21:26+00:00", "2024-01-28T11:27:43+00:00", "2024-01-28T11:33:28+00:00", "2024-01-28T11:39:24+00:00", "2024-01-28T11:45:25+00:00", "2024-01-28T11:51:10+00:00", "2024-01-28T11:57:35+00:00", "2024-01-28T12:03:19+00:00", "2024-01-28T12:09:44+00:00", "2024-01-28T12:15:53+00:00", "2024-01-28T12:22:06+00:00", "2024-01-28T12:29:46+00:00", "2024-01-28T12:36:30+00:00", "2024-01-28T12:43:35+00:00", "2024-01-28T12:52:48+00:00", "2024-01-28T12:58:05+00:00", "2024-01-28T13:04:02+00:00", "2024-01-28T13:09:46+00:00", "2024-01-28T13:17:35+00:00", "2024-01-28T13:23:56+00:00", "2024-01-28T13:30:08+00:00", "2024-01-28T13:36:01+00:00", "2024-01-28T13:43:22+00:00", "2024-01-28T13:49:52+00:00", "2024-01-28T13:55:57+00:00", "2024-01-28T14:03:00+00:00", "2024-01-28T14:11:00+00:00", "2024-01-28T14:16:36+00:00", "2024-01-28T14:23:00+00:00", "2024-01-28T14:27:49+00:00", "2024-01-28T14:35:07+00:00", "2024-01-28T14:41:13+00:00", "2024-01-28T14:48:30+00:00", "2024-01-28T14:54:51+00:00", "2024-01-28T15:03:16+00:00", "2024-01-28T15:11:29+00:00", "2024-01-28T15:19:22+00:00", "2024-01-28T15:26:07+00:00", "2024-01-28T15:33:31+00:00", "2024-01-28T15:39:44+00:00", "2024-01-28T15:46:45+00:00", "2024-01-28T15:53:42+00:00", "2024-01-28T15:59:38+00:00", "2024-01-28T16:06:23+00:00", "2024-01-28T16:13:48+00:00", "2024-01-28T16:21:45+00:00", "2024-01-28T16:29:22+00:00", "2024-01-28T16:38:15+00:00", "2024-01-28T16:45:19+00:00", "2024-01-28T16:50:40+00:00", "2024-01-28T16:56:53+00:00", "2024-01-28T17:02:42+00:00", "2024-01-28T17:08:51+00:00", "2024-01-28T17:13:52+00:00", "2024-01-28T17:19:24+00:00", "2024-01-28T17:26:45+00:00", "2024-01-28T17:31:41+00:00", "2024-01-28T17:37:18+00:00", "2024-01-28T17:44:11+00:00", "2024-01-28T17:49:56+00:00", "2024-01-28T17:55:08+00:00", "2024-01-28T18:00:30+00:00", "2024-01-28T18:05:46+00:00", "2024-01-28T18:11:59+00:00", "2024-01-28T18:17:40+00:00", "2024-01-28T18:23:20+00:00", "2024-01-28T18:29:21+00:00", "2024-01-28T18:35:34+00:00", "2024-01-28T18:42:11+00:00", "2024-01-28T18:46:36+00:00", "2024-01-28T18:52:13+00:00", "2024-01-28T18:57:42+00:00", "2024-01-28T19:03:06+00:00", "2024-01-28T19:08:51+00:00", "2024-01-28T19:14:24+00:00", "2024-01-28T19:20:04+00:00", "2024-01-28T19:25:56+00:00", "2024-01-28T19:32:42+00:00", "2024-01-28T19:38:26+00:00", "2024-01-28T19:44:47+00:00", "2024-01-28T19:50:24+00:00", "2024-01-28T19:55:44+00:00", "2024-01-28T20:01:29+00:00", "2024-01-28T20:07:21+00:00", "2024-01-28T20:13:46+00:00", "2024-01-28T20:19:38+00:00", "2024-01-28T20:25:39+00:00", "2024-01-28T20:33:04+00:00", "2024-01-28T20:38:36+00:00", "2024-01-28T20:45:38+00:00", "2024-01-28T20:51:43+00:00", "2024-01-28T20:57:51+00:00", "2024-01-28T21:03:41+00:00", "2024-01-28T21:09:13+00:00", "2024-01-28T21:14:42+00:00", "2024-01-28T21:20:06+00:00", "2024-01-28T21:26:02+00:00", "2024-01-28T21:31:39+00:00", "2024-01-28T21:38:00+00:00", "2024-01-28T21:43:16+00:00", "2024-01-28T21:50:45+00:00", "2024-01-28T21:55:42+00:00", "2024-01-28T22:01:22+00:00", "2024-01-28T22:07:31+00:00", "2024-01-28T22:12:59+00:00", "2024-01-28T22:18:40+00:00", "2024-01-28T22:24:50+00:00", "2024-01-28T22:30:56+00:00", "2024-01-28T22:36:48+00:00", "2024-01-28T22:42:17+00:00", "2024-01-28T22:48:41+00:00", "2024-01-28T22:54:14+00:00", "2024-01-28T23:00:27+00:00", "2024-01-28T23:07:07+00:00", "2024-01-28T23:13:09+00:00", "2024-01-28T23:18:01+00:00", "2024-01-28T23:24:42+00:00", "2024-01-28T23:30:10+00:00", "2024-01-28T23:35:23+00:00", "2024-01-28T23:40:12+00:00", "2024-01-28T23:44:28+00:00", "2024-01-28T23:50:17+00:00", "2024-01-28T23:55:25+00:00", "2024-01-29T00:00:14+00:00", "2024-01-29T00:05:58+00:00", "2024-01-29T00:11:30+00:00", "2024-01-29T00:16:15+00:00", "2024-01-29T00:21:14+00:00", "2024-01-29T00:26:41+00:00", "2024-01-29T00:32:45+00:00", "2024-01-29T00:38:18+00:00", "2024-01-29T00:43:35+00:00", "2024-01-29T00:49:12+00:00", "2024-01-29T00:54:40+00:00", "2024-01-29T00:59:20+00:00", "2024-01-29T01:04:17+00:00", "2024-01-29T01:09:46+00:00", "2024-01-29T01:14:47+00:00", "2024-01-29T01:19:59+00:00", "2024-01-29T01:25:48+00:00", "2024-01-29T01:30:24+00:00", "2024-01-29T01:36:13+00:00", "2024-01-29T01:41:42+00:00", "2024-01-29T01:46:39+00:00", "2024-01-29T01:51:11+00:00", "2024-01-29T01:56:16+00:00", "2024-01-29T02:01:08+00:00", "2024-01-29T02:06:29+00:00", "2024-01-29T02:11:59+00:00", "2024-01-29T02:17:21+00:00", "2024-01-29T02:22:05+00:00", "2024-01-29T02:27:15+00:00", "2024-01-29T02:32:24+00:00", "2024-01-29T02:38:40+00:00", "2024-01-29T02:44:05+00:00", "2024-01-29T02:48:21+00:00", "2024-01-29T02:53:23+00:00", "2024-01-29T02:58:52+00:00", "2024-01-29T03:05:20+00:00", "2024-01-29T03:10:12+00:00", "2024-01-29T03:15:21+00:00", "2024-01-29T03:21:29+00:00", "2024-01-29T03:27:57+00:00", "2024-01-29T03:34:33+00:00", "2024-01-29T03:39:26+00:00", "2024-01-29T03:44:26+00:00", "2024-01-29T03:50:07+00:00", "2024-01-29T03:55:55+00:00", "2024-01-29T04:02:16+00:00", "2024-01-29T04:08:42+00:00", "2024-01-29T04:15:08+00:00", "2024-01-29T04:21:35+00:00", "2024-01-29T04:27:26+00:00", "2024-01-29T04:33:56+00:00", "2024-01-29T04:40:34+00:00", "2024-01-29T04:47:25+00:00", "2024-01-29T04:54:45+00:00", "2024-01-29T05:00:12+00:00", "2024-01-29T05:05:49+00:00", "2024-01-29T05:12:02+00:00", "2024-01-29T05:19:14+00:00", "2024-01-29T05:24:37+00:00", "2024-01-29T05:30:34+00:00", "2024-01-29T05:37:31+00:00", "2024-01-29T05:44:35+00:00", "2024-01-29T05:52:13+00:00", "2024-01-29T05:58:21+00:00", "2024-01-29T06:05:10+00:00", "2024-01-29T06:09:50+00:00", "2024-01-29T06:16:55+00:00", "2024-01-29T06:22:48+00:00", "2024-01-29T06:28:53+00:00", "2024-01-29T06:35:29+00:00", "2024-01-29T06:42:54+00:00", "2024-01-29T06:50:17+00:00", "2024-01-29T06:56:18+00:00", "2024-01-29T07:02:01+00:00", "2024-01-29T07:09:05+00:00", "2024-01-29T07:16:55+00:00", "2024-01-29T07:23:55+00:00", "2024-01-29T07:30:56+00:00", "2024-01-29T07:39:21+00:00", "2024-01-29T07:44:45+00:00", "2024-01-29T07:52:43+00:00", "2024-01-29T07:59:44+00:00", "2024-01-29T08:06:16+00:00", "2024-01-29T08:14:45+00:00", "2024-01-29T08:22:35+00:00", "2024-01-29T08:29:36+00:00", "2024-01-29T08:37:12+00:00", "2024-01-29T08:45:05+00:00", "2024-01-29T08:53:14+00:00", "2024-01-29T09:01:11+00:00", "2024-01-29T09:08:46+00:00", "2024-01-29T09:15:22+00:00", "2024-01-29T09:21:42+00:00", "2024-01-29T09:31:12+00:00", "2024-01-29T09:39:36+00:00", "2024-01-29T09:48:17+00:00", "2024-01-29T09:55:57+00:00", "2024-01-29T10:04:35+00:00", "2024-01-29T10:13:04+00:00", "2024-01-29T10:22:37+00:00", "2024-01-29T10:33:15+00:00", "2024-01-29T10:43:50+00:00", "2024-01-29T10:53:06+00:00", "2024-01-29T11:01:19+00:00", "2024-01-29T11:12:27+00:00", "2024-01-29T11:19:52+00:00", "2024-01-29T11:28:09+00:00", "2024-01-29T11:37:38+00:00", "2024-01-29T11:47:18+00:00", "2024-01-29T11:55:59+00:00", "2024-01-29T12:04:33+00:00", "2024-01-29T12:13:21+00:00", "2024-01-29T12:22:22+00:00", "2024-01-29T12:31:42+00:00", "2024-01-29T12:39:35+00:00", "2024-01-29T12:50:03+00:00", "2024-01-29T12:59:37+00:00", "2024-01-29T13:08:44+00:00", "2024-01-29T13:18:29+00:00", "2024-01-29T13:27:29+00:00", "2024-01-29T13:37:10+00:00", "2024-01-29T13:46:51+00:00", "2024-01-29T13:54:36+00:00", "2024-01-29T14:01:29+00:00", "2024-01-29T14:11:54+00:00", "2024-01-29T14:18:30+00:00", "2024-01-29T14:25:11+00:00", "2024-01-29T14:32:31+00:00", "2024-01-29T14:41:19+00:00", "2024-01-29T14:50:20+00:00", "2024-01-29T14:58:25+00:00", "2024-01-29T15:06:19+00:00", "2024-01-29T15:13:44+00:00", "2024-01-29T15:21:40+00:00", "2024-01-29T15:28:41+00:00", "2024-01-29T15:34:30+00:00", "2024-01-29T15:42:31+00:00", "2024-01-29T15:49:12+00:00", "2024-01-29T15:55:33+00:00", "2024-01-29T16:03:17+00:00", "2024-01-29T16:09:45+00:00", "2024-01-29T16:15:26+00:00", "2024-01-29T16:21:51+00:00", "2024-01-29T16:28:40+00:00", "2024-01-29T16:35:17+00:00", "2024-01-29T16:41:38+00:00", "2024-01-29T16:47:30+00:00", "2024-01-29T16:54:23+00:00", "2024-01-29T17:00:16+00:00", "2024-01-29T17:07:57+00:00", "2024-01-29T17:13:57+00:00", "2024-01-29T17:19:10+00:00", "2024-01-29T17:26:35+00:00", "2024-01-29T17:32:48+00:00", "2024-01-29T17:39:08+00:00", "2024-01-29T17:46:56+00:00", "2024-01-29T17:52:04+00:00", "2024-01-29T17:58:22+00:00", "2024-01-29T18:04:47+00:00", "2024-01-29T18:11:39+00:00", "2024-01-29T18:17:00+00:00", "2024-01-29T18:22:48+00:00", "2024-01-29T18:28:41+00:00", "2024-01-29T18:34:42+00:00", "2024-01-29T18:40:47+00:00", "2024-01-29T18:46:11+00:00", "2024-01-29T18:51:56+00:00", "2024-01-29T18:58:41+00:00", "2024-01-29T19:04:17+00:00", "2024-01-29T19:10:10+00:00", "2024-01-29T19:15:14+00:00", "2024-01-29T19:20:34+00:00", "2024-01-29T19:26:20+00:00", "2024-01-29T19:32:16+00:00", "2024-01-29T19:39:25+00:00", "2024-01-29T19:45:53+00:00", "2024-01-29T19:51:46+00:00", "2024-01-29T19:57:22+00:00", "2024-01-29T20:03:43+00:00", "2024-01-29T20:08:44+00:00", "2024-01-29T20:14:41+00:00", "2024-01-29T20:20:05+00:00", "2024-01-29T20:26:18+00:00", "2024-01-29T20:31:35+00:00", "2024-01-29T20:37:23+00:00", "2024-01-29T20:43:20+00:00", "2024-01-29T20:48:37+00:00", "2024-01-29T20:53:41+00:00", "2024-01-29T20:59:22+00:00", "2024-01-29T21:05:16+00:00", "2024-01-29T21:10:01+00:00", "2024-01-29T21:15:09+00:00", "2024-01-29T21:20:50+00:00", "2024-01-29T21:26:42+00:00", "2024-01-29T21:31:51+00:00", "2024-01-29T21:36:12+00:00", "2024-01-29T21:41:32+00:00", "2024-01-29T21:46:33+00:00", "2024-01-29T21:52:17+00:00", "2024-01-29T21:57:34+00:00", "2024-01-29T22:02:27+00:00", "2024-01-29T22:08:15+00:00", "2024-01-29T22:12:36+00:00", "2024-01-29T22:18:12+00:00", "2024-01-29T22:23:57+00:00", "2024-01-29T22:29:22+00:00", "2024-01-29T22:34:38+00:00", "2024-01-29T22:41:07+00:00", "2024-01-29T22:46:39+00:00", "2024-01-29T22:51:40+00:00", "2024-01-29T22:56:15+00:00", "2024-01-29T23:01:51+00:00", "2024-01-29T23:07:11+00:00", "2024-01-29T23:12:40+00:00", "2024-01-29T23:18:32+00:00", "2024-01-29T23:23:12+00:00", "2024-01-29T23:27:48+00:00", "2024-01-29T23:32:57+00:00", "2024-01-29T23:38:13+00:00", "2024-01-29T23:43:10+00:00", "2024-01-29T23:47:46+00:00", "2024-01-29T23:53:39+00:00", "2024-01-29T23:58:56+00:00", "2024-01-30T00:04:25+00:00", "2024-01-30T00:10:54+00:00", "2024-01-30T00:16:40+00:00", "2024-01-30T00:21:53+00:00", "2024-01-30T00:28:03+00:00", "2024-01-30T00:34:14+00:00", "2024-01-30T00:40:15+00:00", "2024-01-30T00:46:16+00:00", "2024-01-30T00:51:09+00:00", "2024-01-30T00:56:58+00:00", "2024-01-30T01:02:52+00:00", "2024-01-30T01:08:21+00:00", "2024-01-30T01:13:41+00:00", "2024-01-30T01:19:34+00:00", "2024-01-30T01:26:31+00:00", "2024-01-30T01:34:03+00:00", "2024-01-30T01:39:52+00:00", "2024-01-30T01:45:25+00:00", "2024-01-30T01:51:29+00:00", "2024-01-30T01:56:50+00:00", "2024-01-30T02:02:44+00:00", "2024-01-30T02:08:37+00:00", "2024-01-30T02:14:49+00:00", "2024-01-30T02:21:54+00:00", "2024-01-30T02:27:38+00:00", "2024-01-30T02:33:34+00:00", "2024-01-30T02:39:15+00:00", "2024-01-30T02:44:07+00:00", "2024-01-30T02:50:28+00:00", "2024-01-30T02:57:33+00:00", "2024-01-30T03:03:54+00:00", "2024-01-30T03:09:38+00:00", "2024-01-30T03:15:11+00:00", "2024-01-30T03:22:23+00:00", "2024-01-30T03:29:20+00:00", "2024-01-30T03:35:36+00:00", "2024-01-30T03:42:22+00:00", "2024-01-30T03:49:10+00:00", "2024-01-30T03:55:58+00:00", "2024-01-30T04:03:45+00:00", "2024-01-30T04:10:05+00:00", "2024-01-30T04:16:14+00:00", "2024-01-30T04:24:03+00:00", "2024-01-30T04:30:36+00:00", "2024-01-30T04:37:09+00:00", "2024-01-30T04:42:45+00:00", "2024-01-30T04:48:22+00:00", "2024-01-30T04:53:06+00:00", "2024-01-30T04:59:11+00:00", "2024-01-30T05:05:44+00:00", "2024-01-30T05:10:56+00:00", "2024-01-30T05:16:41+00:00", "2024-01-30T05:22:41+00:00", "2024-01-30T05:28:38+00:00", "2024-01-30T05:34:27+00:00", "2024-01-30T05:39:48+00:00", "2024-01-30T05:45:21+00:00", "2024-01-30T05:50:38+00:00", "2024-01-30T05:56:30+00:00", "2024-01-30T06:01:39+00:00", "2024-01-30T06:06:24+00:00", "2024-01-30T06:11:36+00:00", "2024-01-30T06:17:05+00:00", "2024-01-30T06:22:38+00:00", "2024-01-30T06:27:40+00:00", "2024-01-30T06:33:33+00:00", "2024-01-30T06:39:34+00:00", "2024-01-30T06:44:39+00:00", "2024-01-30T06:49:40+00:00", "2024-01-30T06:54:59+00:00", "2024-01-30T07:00:41+00:00", "2024-01-30T07:04:49+00:00", "2024-01-30T07:10:06+00:00", "2024-01-30T07:15:10+00:00", "2024-01-30T07:21:44+00:00", "2024-01-30T07:27:13+00:00", "2024-01-30T07:32:37+00:00", "2024-01-30T07:38:18+00:00", "2024-01-30T07:44:16+00:00", "2024-01-30T07:49:48+00:00", "2024-01-30T07:54:41+00:00", "2024-01-30T07:59:50+00:00", "2024-01-30T08:05:34+00:00", "2024-01-30T08:10:23+00:00", "2024-01-30T08:16:07+00:00", "2024-01-30T08:22:44+00:00", "2024-01-30T08:28:05+00:00", "2024-01-30T08:33:37+00:00", "2024-01-30T08:38:46+00:00", "2024-01-30T08:44:08+00:00", "2024-01-30T08:49:07+00:00", "2024-01-30T08:54:12+00:00", "2024-01-30T08:59:14+00:00", "2024-01-30T09:04:11+00:00", "2024-01-30T09:09:24+00:00", "2024-01-30T09:14:56+00:00", "2024-01-30T09:20:16+00:00", "2024-01-30T09:25:41+00:00", "2024-01-30T09:31:37+00:00", "2024-01-30T09:37:13+00:00", "2024-01-30T09:42:02+00:00", "2024-01-30T09:47:51+00:00", "2024-01-30T09:53:24+00:00", "2024-01-30T09:59:05+00:00", "2024-01-30T10:06:26+00:00", "2024-01-30T10:12:54+00:00", "2024-01-30T10:19:06+00:00", "2024-01-30T10:24:31+00:00", "2024-01-30T10:29:51+00:00", "2024-01-30T10:37:19+00:00", "2024-01-30T10:43:28+00:00", "2024-01-30T10:49:20+00:00", "2024-01-30T10:55:13+00:00", "2024-01-30T11:02:13+00:00", "2024-01-30T11:07:35+00:00", "2024-01-30T11:13:00+00:00", "2024-01-30T11:18:53+00:00", "2024-01-30T11:26:07+00:00", "2024-01-30T11:32:00+00:00", "2024-01-30T11:37:38+00:00", "2024-01-30T11:43:02+00:00", "2024-01-30T11:50:00+00:00", "2024-01-30T11:55:41+00:00", "2024-01-30T12:01:10+00:00", "2024-01-30T12:07:36+00:00", "2024-01-30T12:13:24+00:00", "2024-01-30T12:19:57+00:00", "2024-01-30T12:26:25+00:00", "2024-01-30T12:32:18+00:00", "2024-01-30T12:40:15+00:00", "2024-01-30T12:46:24+00:00", "2024-01-30T12:53:17+00:00", "2024-01-30T12:59:34+00:00", "2024-01-30T13:07:03+00:00", "2024-01-30T13:12:56+00:00", "2024-01-30T13:18:22+00:00", "2024-01-30T13:24:04+00:00", "2024-01-30T13:29:25+00:00", "2024-01-30T13:35:48+00:00", "2024-01-30T13:42:55+00:00", "2024-01-30T13:47:44+00:00", "2024-01-30T13:53:53+00:00", "2024-01-30T13:59:26+00:00", "2024-01-30T14:06:11+00:00", "2024-01-30T14:12:20+00:00", "2024-01-30T14:18:12+00:00", "2024-01-30T14:23:57+00:00", "2024-01-30T14:29:45+00:00", "2024-01-30T14:35:38+00:00", "2024-01-30T14:41:54+00:00", "2024-01-30T14:49:14+00:00", "2024-01-30T14:55:26+00:00", "2024-01-30T15:01:00+00:00", "2024-01-30T15:09:20+00:00", "2024-01-30T15:14:17+00:00", "2024-01-30T15:20:23+00:00", "2024-01-30T15:26:07+00:00", "2024-01-30T15:33:00+00:00", "2024-01-30T15:38:04+00:00", "2024-01-30T15:43:37+00:00", "2024-01-30T15:51:06+00:00", "2024-01-30T15:57:22+00:00", "2024-01-30T16:04:08+00:00", "2024-01-30T16:12:13+00:00", "2024-01-30T16:18:58+00:00", "2024-01-30T16:26:02+00:00", "2024-01-30T16:32:51+00:00", "2024-01-30T16:39:28+00:00", "2024-01-30T16:46:01+00:00", "2024-01-30T16:52:25+00:00", "2024-01-30T16:59:14+00:00", "2024-01-30T17:04:59+00:00", "2024-01-30T17:11:24+00:00", "2024-01-30T17:17:48+00:00", "2024-01-30T17:23:01+00:00", "2024-01-30T17:28:34+00:00", "2024-01-30T17:35:06+00:00", "2024-01-30T17:42:55+00:00", "2024-01-30T17:51:04+00:00", "2024-01-30T17:59:37+00:00", "2024-01-30T18:06:42+00:00", "2024-01-30T18:12:58+00:00", "2024-01-30T18:19:39+00:00", "2024-01-30T18:25:31+00:00", "2024-01-30T18:31:20+00:00", "2024-01-30T18:37:49+00:00", "2024-01-30T18:46:38+00:00", "2024-01-30T18:52:34+00:00", "2024-01-30T19:00:32+00:00", "2024-01-30T19:08:53+00:00", "2024-01-30T19:16:05+00:00", "2024-01-30T19:23:18+00:00", "2024-01-30T19:30:00+00:00", "2024-01-30T19:37:13+00:00", "2024-01-30T19:46:18+00:00", "2024-01-30T19:56:51+00:00", "2024-01-30T20:03:44+00:00", "2024-01-30T20:11:41+00:00", "2024-01-30T20:20:54+00:00", "2024-01-30T20:27:54+00:00", "2024-01-30T20:36:55+00:00", "2024-01-30T20:49:12+00:00", "2024-01-30T20:57:45+00:00", "2024-01-30T21:06:14+00:00", "2024-01-30T21:18:56+00:00", "2024-01-30T21:28:21+00:00", "2024-01-30T21:36:59+00:00", "2024-01-30T21:49:20+00:00", "2024-01-30T21:58:57+00:00", "2024-01-30T22:09:38+00:00", "2024-01-30T22:20:11+00:00", "2024-01-30T22:30:32+00:00", "2024-01-30T22:42:42+00:00", "2024-01-30T22:53:51+00:00", "2024-01-30T23:04:48+00:00", "2024-01-30T23:15:41+00:00", "2024-01-30T23:28:58+00:00", "2024-01-30T23:39:56+00:00", "2024-01-30T23:48:53+00:00", "2024-01-30T23:58:58+00:00", "2024-01-31T00:10:09+00:00", "2024-01-31T00:17:40+00:00", "2024-01-31T00:29:03+00:00", "2024-01-31T00:38:36+00:00", "2024-01-31T00:47:16+00:00", "2024-01-31T00:57:39+00:00", "2024-01-31T01:06:31+00:00", "2024-01-31T01:20:05+00:00", "2024-01-31T01:27:58+00:00", "2024-01-31T01:35:14+00:00", "2024-01-31T01:44:31+00:00", "2024-01-31T01:54:05+00:00", "2024-01-31T02:02:26+00:00", "2024-01-31T02:10:35+00:00", "2024-01-31T02:18:40+00:00", "2024-01-31T02:27:37+00:00", "2024-01-31T02:34:50+00:00", "2024-01-31T02:42:14+00:00", "2024-01-31T02:50:31+00:00", "2024-01-31T03:00:28+00:00", "2024-01-31T03:07:50+00:00", "2024-01-31T03:16:11+00:00", "2024-01-31T03:24:53+00:00", "2024-01-31T03:33:31+00:00", "2024-01-31T03:42:12+00:00", "2024-01-31T03:49:18+00:00", "2024-01-31T03:56:48+00:00", "2024-01-31T04:05:38+00:00", "2024-01-31T04:12:40+00:00", "2024-01-31T04:20:29+00:00", "2024-01-31T04:26:54+00:00", "2024-01-31T04:33:14+00:00", "2024-01-31T04:39:00+00:00", "2024-01-31T04:46:48+00:00", "2024-01-31T04:53:09+00:00", "2024-01-31T05:00:22+00:00", "2024-01-31T05:07:34+00:00", "2024-01-31T05:14:04+00:00", "2024-01-31T05:20:41+00:00", "2024-01-31T05:27:38+00:00", "2024-01-31T05:33:51+00:00", "2024-01-31T05:41:48+00:00", "2024-01-31T05:47:57+00:00", "2024-01-31T05:54:05+00:00", "2024-01-31T06:00:42+00:00", "2024-01-31T06:08:03+00:00", "2024-01-31T06:15:20+00:00", "2024-01-31T06:22:09+00:00", "2024-01-31T06:28:53+00:00", "2024-01-31T06:35:15+00:00", "2024-01-31T06:42:48+00:00", "2024-01-31T06:49:16+00:00", "2024-01-31T06:57:24+00:00", "2024-01-31T07:03:49+00:00", "2024-01-31T07:11:38+00:00", "2024-01-31T07:19:39+00:00", "2024-01-31T07:27:28+00:00", "2024-01-31T07:35:20+00:00", "2024-01-31T07:43:37+00:00", "2024-01-31T07:53:34+00:00", "2024-01-31T08:00:50+00:00", "2024-01-31T08:07:03+00:00", "2024-01-31T08:15:52+00:00", "2024-01-31T08:23:41+00:00", "2024-01-31T08:30:46+00:00", "2024-01-31T08:39:45+00:00", "2024-01-31T08:47:14+00:00", "2024-01-31T08:54:55+00:00", "2024-01-31T09:07:30+00:00", "2024-01-31T09:12:58+00:00", "2024-01-31T09:20:46+00:00", "2024-01-31T09:27:31+00:00", "2024-01-31T09:36:20+00:00", "2024-01-31T09:43:05+00:00", "2024-01-31T09:49:50+00:00", "2024-01-31T09:55:31+00:00", "2024-01-31T10:00:43+00:00", "2024-01-31T10:07:37+00:00", "2024-01-31T10:14:05+00:00", "2024-01-31T10:21:06+00:00", "2024-01-31T10:29:21+00:00", "2024-01-31T10:37:37+00:00", "2024-01-31T10:43:06+00:00", "2024-01-31T10:50:35+00:00", "2024-01-31T10:56:57+00:00", "2024-01-31T11:05:34+00:00", "2024-01-31T11:13:48+00:00", "2024-01-31T11:21:46+00:00", "2024-01-31T11:30:31+00:00", "2024-01-31T11:38:54+00:00", "2024-01-31T11:47:23+00:00", "2024-01-31T11:58:21+00:00", "2024-01-31T12:07:03+00:00", "2024-01-31T12:14:29+00:00", "2024-01-31T12:23:26+00:00", "2024-01-31T12:31:22+00:00", "2024-01-31T12:42:44+00:00", "2024-01-31T12:55:32+00:00", "2024-01-31T13:06:15+00:00", "2024-01-31T13:17:12+00:00", "2024-01-31T13:23:54+00:00", "2024-01-31T13:34:43+00:00", "2024-01-31T13:44:33+00:00", "2024-01-31T14:02:32+00:00", "2024-01-31T14:13:28+00:00", "2024-01-31T14:26:40+00:00", "2024-01-31T14:40:50+00:00", "2024-01-31T14:52:35+00:00", "2024-01-31T15:03:21+00:00", "2024-01-31T15:14:11+00:00", "2024-01-31T15:28:24+00:00", "2024-01-31T15:39:23+00:00", "2024-01-31T15:50:25+00:00", "2024-01-31T16:05:31+00:00", "2024-01-31T16:17:24+00:00", "2024-01-31T16:38:44+00:00", "2024-01-31T16:52:26+00:00", "2024-01-31T17:04:27+00:00", "2024-01-31T17:21:26+00:00", "2024-01-31T17:46:29+00:00", "2024-01-31T18:05:24+00:00", "2024-01-31T18:24:42+00:00", "2024-01-31T18:52:46+00:00", "2024-01-31T19:21:53+00:00", "2024-01-31T19:38:47+00:00", "2024-01-31T19:54:17+00:00", "2024-01-31T20:09:47+00:00", "2024-01-31T20:30:51+00:00", "2024-01-31T20:51:14+00:00", "2024-01-31T21:12:06+00:00", "2024-01-31T21:28:28+00:00", "2024-01-31T21:47:50+00:00", "2024-01-31T22:00:39+00:00", "2024-01-31T22:19:30+00:00", "2024-01-31T22:33:09+00:00", "2024-01-31T22:48:11+00:00", "2024-01-31T23:01:26+00:00", "2024-01-31T23:13:25+00:00", "2024-01-31T23:23:22+00:00", "2024-01-31T23:37:21+00:00", "2024-01-31T23:48:34+00:00", "2024-02-01T00:02:32+00:00", "2024-02-01T00:14:26+00:00", "2024-02-01T00:29:08+00:00", "2024-02-01T00:36:38+00:00", "2024-02-01T00:45:48+00:00", "2024-02-01T01:01:30+00:00", "2024-02-01T01:16:16+00:00", "2024-02-01T01:30:38+00:00", "2024-02-01T01:45:57+00:00", "2024-02-03T00:38:12+00:00", "2024-02-03T00:55:08+00:00", "2024-02-03T01:13:54+00:00", "2024-02-03T01:31:08+00:00", "2024-02-03T05:14:17+00:00"], "elevations": [null, null, null, null, null, null, null, null, null, null, null, null, null, null, null, null, null, null, null, null, null, null, null, null, null, null, null, null, null, null, null, null, null, null, null, null, null, null, null, null, null, null, null, null, null, null, null, null, null, null, null, null, null, null, null, null, null, null, null, null, null, null, null, null, null, null, null, null, null, null, null, null, null, null, null, null, null, null, null, null, null, null, null, null, null, null, null, null, null, null, null, null, null, null, null, null, null, null, null, null, null, null, null, null, null, null, null, null, null, null, null, null, null, null, null, null, null, null, null, null, null, null, null, null, null, null, null, null, null, null, null, null, null, null, null, null, null, null, null, null, null, null, null, null, null, null, null, null, null, null, null, null, null, null, null, null, null, null, null, null, null, null, null, null, null, null, null, null, null, null, null, null, null, null, null, null, null, null, null, null, null, null, null, null, null, null, null, null, null, null, null, null, null, null, null, null, null, null, null, null, null, null, null, null, null, null, null, null, null, null, null, null, null, null, null, null, null, null, null, null, null, null, null, null, null, null, null, null, null, null, null, null, null, null, null, null, null, null, null, null, null, null, null, null, null, null, null, null, null, null, null, null, null, null, null, null, null, null, null, null, null, null, null, null, null, null, null, null, null, null, null, null, null, null, null, null, null, null, null, null, null, null, null, null, null, null, null, null, null, null, null, null, null, null, null, null, null, null, null, null, null, null, null, null, null, null, null, null, null, null, null, null, null, null, null, null, null, null, null, null, null, null, null, null, null, null, null, null, null, null, null, null, null, null, null, null, null, null, null, null, null, null, null, null, null, null, null, null, null, null, null, null, null, null, null, null, null, null, null, null, null, null, null, null, null, null, null, null, null, null, null, null, null, null, null, null, null, null, null, null, null, null, null, null, null, null, null, null, null, null, null, null, null, null, null, null, null, null, null, null, null, null, null, null, null, null, null, null, null, null, null, null, null, null, null, null, null, null, null, null, null, null, null, null, null, null, null, null, null, null, null, null, null, null, null, null, null, null, null, null, null, null, null, null, null, null, null, null, null, null, null, null, null, null, null, null, null, null, null, null, null, null, null, null, null, null, null, null, null, null, null, null, null, null, null, null, null, null, null, null, null, null, null, null, null, null, null, null, null, null, null, null, null, null, null, null, null, null, null, null, null, null, null, null, null, null, null, null, null, null, null, null, null, null, null, null, null, null, null, null, null, null, null, null, null, null, null, null, null, null, null, null, null, null, null, null, null, null, null, null, null, null, null, null, null, null, null, null, null, null, null, null, null, null, null, null, null, null, null, null, null, null, null, null, null, null, null, null, null, null, null, null, null, null, null, null, null, null, null, null, null, null, null, null, null, null, null, null, null, null, null, null, null, null, null, null, null, null, null, null, null, null, null, null, null, null, null, null, null, null, null, null, null, null, null, null, null, null, null, null, null, null, null, null, null, null, null, null, null, null, null, null, null, null, null, null, null, null, null, null, null, null, null, null, null, null, null, null, null, null, null, null, null, null, null, null, null, null, null, null, null, null, null, null, null, null, null, null, null, null, null, null, null, null, null, null, null, null, null, null, null, null, null, null, null, null, null, null, null, null, null, null, null, null, null, null, null, null, null, null, null, null, null, null, null, null, null, null, null, null, null, null, null, null, null, null, null, null, null, null, null, null, null, null, null, null, null, null, null, null, null, null, null, null, null, null, null, null, null, null, null, null, null, null, null, null, null, null, null, null, null, null, null, null, null, null, null, null, null, null, null, null, null, null, null, null, null, null, null, null, null, null, null, null, null, null, null, null, null, null, null, null, null, null, null, null, null, null, null, null, null, null, null, null, null, null, null, null, null, null, null, null, null, null, null, null, null, null, null, null, null, null, null, null, null, null, null, null, null, null, null, null, null, null, null, null, null, null, null, null, null, null, null, null, null, null, null, null, null, null, null, null, null, null, null, null, null, null, null, null, null, null, null, null, null, null, null, null, null, null, null, null, null, null, null, null, null, null, null, null, null, null, null, null, null, null, null, null, null, null, null, null, null, null, null, null, null, null, null, null, null, null, null, null, null, null, null, null, null, null, null, null, null, null, null, null, null, null, null, null, null, null, null, null, null, null, null, null, null, null, null, null, null, null, null, null, null, null, null, null, null, null, null, null, null, null, null, null, null, null, null, null, null, null, null, null, null, null, null, null, null, null, null, null, null, null, null, null, null, null, null, null, null, null, null, null, null, null, null, null, null, null, null, null, null, null, null, null, null, null, null, null, null, null, null, null, null, null, null, null, null, null, null, null, null, null, null, null, null, null, null, null, null, null, null, null, null, null, null, null, null, null, null, null, null, null, null, null, null, null, null, null, null, null, null, null, null, null, null, null, null, null, null, null, null, null, null, null, null, null, null, null, null, null, null, null, null, null, null, null, null, null, null, null, null, null, null, null, null, null, null, null, null, null, null, null, null, null, null, null, null, null, null, null, null, null, null, null, null, null, null, null, null, null, null, null, null, null, null, null, null, null, null, null, null, null, null, null, null, null, null, null, null, null, null, null, null, null, null, null, null, null, null, null, null, null, null, null, null, null, null, null, null, null, null, null, null, null, null, null, null, null, null, null, null, null, null, null, null, null, null, null, null, null, null, null, null, null, null, null, null, null, null, null, null, null, null, null, null, null, null, null, null, null, null, null, null, null, null, null, null, null, null, null, null, null, null, null, null, null, null, null, null, null, null, null, null, null, null, null, null, null, null, null, null, null, null, null, null, null, null, null, null, null, null, null, null, null, null, null, null, null, null, null, null, null, null, null, null, null, null, null, null, null, null, null, null, null, null, null, null, null, null, null, null, null, null, null, null, null, null, null, null, null, null, null, null, null, null, null, null, null, null, null, null, null, null, null, null, null, null, null, null, null, null, null, null, null, null, null, null, null, null, null, null, null, null, null, null, null, null, null, null, null, null, null, null, null, null, null, null, null, null, null, null, null, null, null, null, null, null, null, null, null, null, null, null, null, null, null, null, null, null, null, null, null, null, null, null, null, null, null, null, null, null, null, null, null, null, null, null, null, null, null, null, null, null, null, null, null, null, null, null, null, null, null, null, null, null, null, null, null, null, null, null, null, null, null, null, null, null, null, null, null, null, null, null, null, null, null, null, null, null, null, null, null, null, null, null, null, null, null, null, null, null, null, null, null, null, null, null, null, null, null, null, null, null, null, null, null, null, null, null, null, null, null, null, null, null, null, null, null, null, null, null, null, null, null, null, null, null, null, null, null, null, null, null, null, null, null, null, null, null, null, null, null, null, null, null, null, null, null, null, null, null, null, null, null, null, null, null, null, null, null, null, null, null, null, null, null, null, null, null, null, null, null, null, null, null, null, null, null, null, null, null, null, null, null, null, null, null, null, null, null, null, null, null, null, null, null, null, null, null, null, null, null, null, null, null, null, null, null, null, null, null, null, null, null, null, null, null, null, null, null, null, null, null, null, null, null, null, null, null, null, null, null, null, null, null, null, null, null, null, null, null, null, null, null, null, null, null, null, null, null, null, null, null, null, null, null, null, null, null, null, null, null, null, null, null, null, null, null, null, null, null, null, null, null, null, null, null, null, null, null, null, null, null, null, null, null, null, null, null, null, null, null, null, null, null, null, null, null, null, null, null, null, null, null, null, null, null, null, null, null, null, null, null, null, null, null, null, null, null, null, null, null, null, null, null, null, null, null, null, null, null, null, null, null, null, null, null, null, null, null, null, null, null, null, null, null, null, null, null, null, null, null, null, null, null, null, null, null, null, null, null, null, null, null, null, null, null, null, null, null, null, null, null, null, null, null, null, null, null, null, null, null, null, null, null, null, null, null, null, null, null, null, null, null, null, null, null, null, null, null, null, null, null, null, null, null, null, null, null, null, null, null, null, null, null, null, null, null, null, null, null, null, null, null, null, null, null, null, null, null, null, null, null, null, null, null, null, null, null, null, null, null, null, null, null, null, null, null, null, null, null, null, null, null, null, null, null, null, null, null, null, null, null, null, null, null, null, null, null, null, null, null, null, null, null, null, null, null, null, null, null, null, null, null, null, null, null, null, null, null, null, null, null, null, null, null, null, null, null, null, null, null, null, null, null, null, null, null, null, null, null, null, null, null, null, null, null, null, null, null, null, null, null, null, null, null, null, null, null, null, null, null, null, null, null, null, null, null, null, null, null, null, null, null, null, null, null, null, null, null, null, null, null, null, null, null, null, null, null, null, null, null, null, null, null, null, null, null, null, null, null, null, null, null, null, null, null, null, null, null, null, null, null, null, null, null, null, null, null, null, null, null, null, null, null, null, null, null, null, null, null, null, null, null, null, null, null, null, null, null, null, null, null, null, null, null, null, null, null, null, null, null, null, null, null, null, null, null, null, null, null, null, null, null, null, null, null, null, null, null, null, null, null, null, null, null, null, null, null, null, null, null, null, null, null, null, null, null, null, null, null, null, null, null, null, null, null, null, null, null, null, null, null, null, null, null, null, null, null, null, null, null, null, null, null, null, null, null, null, null, null, null, null, null, null, null, null, null, null, null, null, null, null, null, null, null, null, null, null, null, null, null, null, null, null, null, null, null, null, null, null, null, null, null, null, null, null, null, null, null, null, null, null, null, null, null, null, null, null, null, null, null, null, null, null, null, null, null, null, null, null, null, null, null, null, null, null, null, null, null, null, null, null, null, null, null, null, null, null, null, null, null, null, null, null, null, null, null, null, null, null, null, null, null, null, null, null, null, null, null, null, null, null, null, null, null, null, null, null, null, null, null, null, null, null, null, null, null, null, null, null, null, null, null, null, null, null, null, null, null, null, null, null, null, null, null, null, null, null, null, null, null, null, null, null, null, null, null, null, null, null, null, null, null, null, null, null, null, null, null, null, null, null, null, null, null, null, null, null, null, null, null, null, null, null, null, null, null, null, null, null, null, null, null, null, null, null, null, null, null, null, null, null, null, null, null, null, null, null, null, null, null, null, null, null, null, null, null, null, null, null, null, null, null, null, null, null, null, null, null, null, null, null, null, null, null, null, null, null, null, null, null, null, null, null, null, null, null, null, null, null, null, null, null, null, null, null, null, null, null, null, null, null, null, null, null, null, null, null, null, null, null, null, null, null, null, null, null, null, null, null, null, null, null, null, null, null, null, null, null, null, null, null, null, null, null, null, null, null, null, null, null, null, null, null, null, null, null, null, null, null, null, null, null, null, null, null, null, null, null, null, null, null, null, null, null, null, null, null, null, null, null, null, null, null, null, null, null, null, null, null, null, null, null, null, null, null, null, null, null, null, null, null, null, null, null, null, null, null, null, null, null, null, null, null, null, null, null, null, null, null, null, null, null, null, null, null, null, null, null, null, null, null, null, null, null, null, null, null, null, null, null, null, null, null, null, null, null, null, null, null, null, null, null, null, null, null, null, null, null, null, null, null, null, null, null, null, null, null, null, null, null, null, null, null, null, null, null, null, null, null, null, null, null, null, null, null, null, null, null, null, null, null, null, null, null, null, null, null, null, null, null, null, null, null, null, null, null, null, null, null, null, null, null, null, null, null, null, null, null, null, null, null, null, null, null, null, null, null, null, null, null, null, null, null, null, null, null, null, null, null, null, null, null, null, null, null, null, null, null, null, null, null, null, null, null, null, null, null, null, null, null, null, null, null, null, null, null, null, null, null, null, null, null, null, null, null, null, null, null, null, null, null, null, null, null, null, null, null, null, null, null, null, null, null, null, null, null, null, null, null, null, null, null, null, null, null, null, null, null, null, null, null, null, null, null, null, null, null, null, null, null, null, null, null, null, null, null, null, null, null, null, null, null, null, null, null, null, null, null, null, null, null, null, null, null, null, null, null, null, null, null, null, null, null, null, null, null, null, null, null, null, null, null, null, null, null, null, null, null, null, null, null, null, null, null, null, null, null, null, null, null, null, null, null, null, null, null, null, null, null, null, null, null, null, null, null, null, null, null, null, null, null, null, null, null, null, null, null, null, null, null, null, null, null, null, null, null, null, null, null, null, null, null, null, null, null, null, null, null, null, null, null, null, null, null, null, null, null, null, null, null, null, null, null, null, null, null, null, null, null, null, null, null, null, null, null, null, null, null, null, null, null, null, null, null, null, null, null, null, null, null, null, null, null, null, null, null, null, null, null, null, null, null, null, null, null, null, null, null, null, null, null, null, null, null, null, null, null, null, null, null, null, null, null, null, null, null, null, null, null, null, null, null, null, null, null, null, null, null, null, null, null, null, null, null, null, null, null, null, null, null, null, null, null, null, null, null, null, null, null, null, null, null, null, null, null, null, null, null, null, null, null, null, null, null, null, null, null, null, null, null, null, null, null, null, null, null, null, null, null, null, null, null, null, null, null, null, null, null, null, null, null, null, null, null, null, null, null, null, null, null, null, null, null, null, null, null, null, null, null, null, null, null, null, null, null, null, null, null, null, null, null, null, null, null, null, null, null, null, null, null, null, null, null, null, null, null, null, null, null, null, null, null, null, null, null, null, null, null, null, null, null, null, null, null, null, null, null, null, null, null, null, null, null, null, null, null, null, null, null, null, null, null, null, null, null, null, null, null, null, null, null, null, null, null, null, null, null, null, null, null, null, null, null, null, null, null, null, null, null, null, null, null, null, null, null, null, null, null, null, null, null, null, null, null, null, null, null, null, null, null, null, null, null, null, null, null, null, null, null, null, null, null, null, null, null, null, null, null, null, null, null, null, null, null, null, null, null, null, null, null, null, null, null, null, null, null, null, null, null, null, null, null, null, null, null, null, null, null, null, null, null, null, null, null, null, null, null, null, null, null, null, null, null, null, null, null, null, null, null, null, null, null, null, null, null, null, null, null, null, null, null, null, null, null, null, null, null, null, null, null, null, null, null, null, null, null, null, null, null, null, null, null, null, null, null, null, null, null, null, null, null, null, null, null, null, null, null, null, null, null, null, null, null, null, null, null, null, null, null, null, null, null, null, null, null, null, null, null, null, null, null, null, null, null, null, null, null, null, null, null, null, null, null, null, null, null, null, null, null, null, null, null, null, null, null, null, null, null, null, null, null, null, null, null, null, null, null, null, null, null, null, null, null, null, null, null, null, null, null, null, null, null, null, null, null, null, null, null, null, null, null, null, null, null, null, null, null, null, null, null, null, null, null, null, null, null, null, null, null, null, null, null, null, null, null, null, null, null, null, null, null, null, null, null, null, null, null, null, null, null, null, null, null, null, null, null, null, null, null, null, null, null, null, null, null]}