{"type": "Feature", "properties": {"leg_id": 34, "name": "20220610 - Nuku Hiva to Fakarava", "stated_nm": 581.7, "computed_nm": 581.7}, "geometry": {"type": "LineString", "coordinates": [[-140.047325, -9.353279], [-140.046968, -9.349401], [-140.046393, -9.346028], [-140.045789, -9.345097], [-140.044785, -9.343119], [-140.045046, -9.341157], [-140.045001, -9.339726], [-140.04609, -9.337439], [-140.048059, -9.33469], [-140.049306, -9.333428], [-140.050674, -9.3314], [-140.051027, -9.329847], [-140.052506, -9.327707], [-140.053408, -9.325734], [-140.053634, -9.324178], [-140.054695, -9.322526], [-140.056968, -9.318929], [-140.059471, -9.315369], [-140.061003, -9.313382], [-140.062289, -9.311854], [-140.063816, -9.309787], [-140.064946, -9.308335], [-140.065826, -9.307095], [-140.067155, -9.30559], [-140.067907, -9.304661], [-140.068879, -9.303678], [-140.069593, -9.30273], [-140.070864, -9.301725], [-140.072668, -9.302154], [-140.074962, -9.30319], [-140.077259, -9.30428], [-140.078921, -9.305306], [-140.080194, -9.306091], [-140.081841, -9.30702], [-140.083533, -9.307846], [-140.085371, -9.308869], [-140.087197, -9.309764], [-140.088406, -9.310458], [-140.090359, -9.311261], [-140.091991, -9.31166], [-140.093906, -9.312669], [-140.096147, -9.314098], [-140.097745, -9.315167], [-140.098988, -9.316576], [-140.100852, -9.317845], [-140.102529, -9.319526], [-140.103634, -9.3205], [-140.105006, -9.321823], [-140.106764, -9.323152], [-140.108167, -9.323997], [-140.10984, -9.324945], [-140.111471, -9.326184], [-140.112894, -9.327485], [-140.114085, -9.328574], [-140.115334, -9.329729], [-140.116564, -9.330936], [-140.117978, -9.332108], [-140.119093, -9.333345], [-140.120163, -9.334596], [-140.121634, -9.336289], [-140.122677, -9.337723], [-140.124054, -9.340043], [-140.125441, -9.341642], [-140.127828, -9.343129], [-140.129505, -9.344133], [-140.130562, -9.345009], [-140.131787, -9.346093], [-140.133444, -9.348702], [-140.134636, -9.350831], [-140.135758, -9.352566], [-140.137242, -9.355237], [-140.137524, -9.356446], [-140.138393, -9.358338], [-140.138943, -9.359735], [-140.140723, -9.36197], [-140.142563, -9.363674], [-140.143925, -9.365698], [-140.144937, -9.368467], [-140.145717, -9.369974], [-140.147377, -9.372721], [-140.149799, -9.375413], [-140.150557, -9.376932], [-140.151454, -9.378666], [-140.152156, -9.379819], [-140.153662, -9.382549], [-140.154583, -9.384682], [-140.156849, -9.387901], [-140.157784, -9.389856], [-140.158465, -9.391804], [-140.158396, -9.3936], [-140.159109, -9.395771], [-140.159702, -9.396898], [-140.159523, -9.397949], [-140.160399, -9.399971], [-140.16182, -9.401923], [-140.163199, -9.403669], [-140.163986, -9.405103], [-140.165285, -9.406686], [-140.16697, -9.408162], [-140.1691, -9.409778], [-140.170854, -9.410907], [-140.173194, -9.413301], [-140.17611, -9.417431], [-140.176957, -9.419048], [-140.17768, -9.421354], [-140.179974, -9.424595], [-140.180739, -9.426902], [-140.182192, -9.429119], [-140.183111, -9.430484], [-140.184545, -9.43272], [-140.186121, -9.435204], [-140.187577, -9.437529], [-140.190331, -9.440324], [-140.191542, -9.442583], [-140.193515, -9.445055], [-140.195205, -9.447655], [-140.196915, -9.450031], [-140.198967, -9.452337], [-140.203901, -9.458442], [-140.20531, -9.460928], [-140.20687, -9.463718], [-140.207821, -9.465496], [-140.209289, -9.468015], [-140.209951, -9.469734], [-140.211072, -9.471663], [-140.212448, -9.473794], [-140.21385, -9.475906], [-140.216188, -9.479151], [-140.217599, -9.481593], [-140.220736, -9.486181], [-140.221804, -9.488106], [-140.223074, -9.490508], [-140.225476, -9.494606], [-140.22701, -9.496951], [-140.22926, -9.49972], [-140.231348, -9.501899], [-140.234005, -9.50504], [-140.235966, -9.506972], [-140.237085, -9.508255], [-140.240528, -9.51123], [-140.24174, -9.512562], [-140.244208, -9.515831], [-140.24549, -9.517724], [-140.246902, -9.519369], [-140.250251, -9.523925], [-140.253284, -9.528181], [-140.256676, -9.532267], [-140.259826, -9.536291], [-140.261913, -9.539484], [-140.262714, -9.540935], [-140.264812, -9.54473], [-140.26591, -9.546825], [-140.270137, -9.553512], [-140.271258, -9.555528], [-140.273368, -9.559683], [-140.274709, -9.56204], [-140.276835, -9.565565], [-140.277825, -9.567533], [-140.279638, -9.571644], [-140.280569, -9.573975], [-140.281935, -9.577058], [-140.283419, -9.579343], [-140.28558, -9.582209], [-140.28867, -9.585853], [-140.293126, -9.591559], [-140.296769, -9.595595], [-140.30031, -9.600384], [-140.301323, -9.602102], [-140.303167, -9.60465], [-140.30515, -9.606895], [-140.307026, -9.608678], [-140.30903, -9.611579], [-140.310702, -9.613446], [-140.3126, -9.61583], [-140.315925, -9.619929], [-140.318387, -9.622939], [-140.319728, -9.624866], [-140.321823, -9.628799], [-140.323049, -9.631058], [-140.324394, -9.633037], [-140.325516, -9.634951], [-140.327248, -9.637318], [-140.328824, -9.639345], [-140.332141, -9.643278], [-140.333607, -9.645298], [-140.335681, -9.64822], [-140.338252, -9.651424], [-140.339743, -9.652999], [-140.342202, -9.656255], [-140.344467, -9.659116], [-140.34581, -9.661177], [-140.348594, -9.664758], [-140.351834, -9.669098], [-140.354699, -9.67275], [-140.356176, -9.674702], [-140.359262, -9.678892], [-140.360549, -9.681025], [-140.363679, -9.686449], [-140.366232, -9.690636], [-140.368066, -9.693073], [-140.370508, -9.695977], [-140.372483, -9.698646], [-140.37368, -9.700674], [-140.374777, -9.703358], [-140.376107, -9.705934], [-140.378225, -9.70944], [-140.379665, -9.712572], [-140.381309, -9.715473], [-140.383067, -9.71856], [-140.384596, -9.720854], [-140.387076, -9.723845], [-140.389827, -9.728054], [-140.391163, -9.730853], [-140.393045, -9.733712], [-140.395042, -9.737703], [-140.396229, -9.739783], [-140.398535, -9.743098], [-140.399626, -9.744978], [-140.401154, -9.748077], [-140.402972, -9.75099], [-140.404841, -9.754018], [-140.407668, -9.760134], [-140.410401, -9.765359], [-140.411401, -9.767436], [-140.41338, -9.771053], [-140.414803, -9.773036], [-140.418564, -9.776315], [-140.420759, -9.778233], [-140.423701, -9.781332], [-140.425073, -9.782603], [-140.427566, -9.785141], [-140.431004, -9.788513], [-140.434044, -9.791004], [-140.436149, -9.792619], [-140.438238, -9.794719], [-140.440048, -9.797088], [-140.441589, -9.798693], [-140.443841, -9.801266], [-140.445494, -9.803242], [-140.447459, -9.805583], [-140.449409, -9.808073], [-140.451747, -9.810555], [-140.454, -9.814127], [-140.456551, -9.818234], [-140.459308, -9.821089], [-140.462757, -9.824197], [-140.46608, -9.827445], [-140.468047, -9.829635], [-140.472508, -9.834028], [-140.474724, -9.836222], [-140.476828, -9.837781], [-140.479096, -9.839669], [-140.481097, -9.841698], [-140.484089, -9.844235], [-140.486183, -9.84589], [-140.490254, -9.849162], [-140.49295, -9.851326], [-140.495012, -9.852846], [-140.498236, -9.855647], [-140.500282, -9.857178], [-140.501994, -9.858198], [-140.506548, -9.860867], [-140.508236, -9.861972], [-140.511214, -9.863808], [-140.51271, -9.864793], [-140.515091, -9.866348], [-140.518636, -9.868349], [-140.520568, -9.869759], [-140.522402, -9.871063], [-140.524259, -9.872276], [-140.52762, -9.874139], [-140.531684, -9.876945], [-140.53347, -9.878001], [-140.535294, -9.879193], [-140.53645, -9.879953], [-140.5395, -9.881718], [-140.54289, -9.884413], [-140.544925, -9.886201], [-140.54738, -9.888336], [-140.549874, -9.891001], [-140.554616, -9.896703], [-140.555874, -9.898242], [-140.559311, -9.902135], [-140.561598, -9.904829], [-140.562712, -9.906337], [-140.564526, -9.90882], [-140.565744, -9.910725], [-140.566599, -9.912035], [-140.568414, -9.914615], [-140.570141, -9.916589], [-140.571821, -9.918576], [-140.573488, -9.92073], [-140.576294, -9.92485], [-140.578278, -9.927619], [-140.579624, -9.929955], [-140.581654, -9.932749], [-140.583436, -9.934637], [-140.585794, -9.937138], [-140.588154, -9.940213], [-140.589482, -9.942883], [-140.590101, -9.944739], [-140.591295, -9.949573], [-140.591808, -9.951499], [-140.593183, -9.953949], [-140.594508, -9.955377], [-140.598968, -9.957939], [-140.600973, -9.959245], [-140.605036, -9.962157], [-140.607038, -9.963539], [-140.610028, -9.965508], [-140.612984, -9.967098], [-140.616682, -9.969212], [-140.619774, -9.971012], [-140.622399, -9.972216], [-140.624822, -9.97329], [-140.628537, -9.975458], [-140.630993, -9.976939], [-140.634636, -9.978829], [-140.638375, -9.9806], [-140.641531, -9.982313], [-140.644641, -9.98392], [-140.648941, -9.9865], [-140.651719, -9.988195], [-140.653912, -9.989791], [-140.655781, -9.99099], [-140.659175, -9.992885], [-140.662582, -9.994521], [-140.665444, -9.995854], [-140.668069, -9.997195], [-140.670263, -9.998542], [-140.67232, -9.999687], [-140.675392, -10.001659], [-140.678628, -10.003632], [-140.681106, -10.005388], [-140.683341, -10.007434], [-140.685243, -10.009247], [-140.686747, -10.010628], [-140.688607, -10.012394], [-140.691354, -10.014681], [-140.694124, -10.017459], [-140.696274, -10.019168], [-140.70025, -10.02287], [-140.70187, -10.024484], [-140.704152, -10.026599], [-140.707172, -10.028647], [-140.709805, -10.030744], [-140.71242, -10.032523], [-140.715018, -10.033962], [-140.716927, -10.035092], [-140.720628, -10.037812], [-140.721971, -10.038927], [-140.725255, -10.041136], [-140.726613, -10.042341], [-140.728223, -10.0448], [-140.729358, -10.04635], [-140.732356, -10.050111], [-140.734017, -10.051895], [-140.736518, -10.054538], [-140.738957, -10.057548], [-140.741334, -10.059752], [-140.743023, -10.061789], [-140.74462, -10.06375], [-140.747092, -10.066076], [-140.748976, -10.068047], [-140.75103, -10.07093], [-140.752808, -10.073456], [-140.754391, -10.076483], [-140.755586, -10.078313], [-140.757628, -10.080753], [-140.759754, -10.083158], [-140.762106, -10.086486], [-140.765236, -10.090062], [-140.767408, -10.092609], [-140.770237, -10.095303], [-140.771437, -10.096882], [-140.773095, -10.098802], [-140.776229, -10.101435], [-140.779162, -10.104798], [-140.783812, -10.109435], [-140.785692, -10.110891], [-140.78833, -10.113324], [-140.791118, -10.116668], [-140.792836, -10.119031], [-140.794785, -10.122413], [-140.796329, -10.124539], [-140.798441, -10.127141], [-140.800703, -10.129457], [-140.803304, -10.132026], [-140.804976, -10.133959], [-140.807567, -10.136508], [-140.809785, -10.138977], [-140.813858, -10.143832], [-140.816783, -10.147181], [-140.817902, -10.148782], [-140.821716, -10.153852], [-140.823791, -10.156614], [-140.826431, -10.160512], [-140.8276, -10.16204], [-140.830248, -10.166263], [-140.832043, -10.16864], [-140.835127, -10.172277], [-140.836125, -10.173235], [-140.839046, -10.175484], [-140.841025, -10.177365], [-140.843212, -10.180124], [-140.844351, -10.181549], [-140.847728, -10.185963], [-140.848915, -10.187405], [-140.850553, -10.189694], [-140.85428, -10.194001], [-140.855372, -10.195394], [-140.85796, -10.19889], [-140.859581, -10.200357], [-140.862053, -10.202816], [-140.866067, -10.20742], [-140.868335, -10.210161], [-140.869712, -10.212339], [-140.871363, -10.214399], [-140.872083, -10.215962], [-140.873923, -10.218308], [-140.876264, -10.221159], [-140.878292, -10.22503], [-140.879414, -10.227], [-140.881678, -10.23012], [-140.883553, -10.233314], [-140.885384, -10.236233], [-140.886537, -10.238114], [-140.887319, -10.240216], [-140.888469, -10.242452], [-140.890634, -10.245531], [-140.894215, -10.251447], [-140.895823, -10.254042], [-140.897117, -10.256263], [-140.900238, -10.260683], [-140.902673, -10.264014], [-140.904502, -10.266241], [-140.905599, -10.268144], [-140.907471, -10.270914], [-140.908373, -10.272503], [-140.909897, -10.275961], [-140.911502, -10.278941], [-140.915268, -10.28459], [-140.917364, -10.287732], [-140.922799, -10.294771], [-140.92445, -10.296919], [-140.92604, -10.299634], [-140.928709, -10.304111], [-140.931763, -10.308042], [-140.933371, -10.310409], [-140.935211, -10.31289], [-140.937333, -10.315347], [-140.939697, -10.318348], [-140.943457, -10.323731], [-140.94557, -10.326545], [-140.94814, -10.329446], [-140.950397, -10.3323], [-140.952197, -10.33516], [-140.955917, -10.340132], [-140.957605, -10.342873], [-140.959659, -10.346306], [-140.961217, -10.348305], [-140.963032, -10.350143], [-140.964957, -10.352341], [-140.967359, -10.355214], [-140.968978, -10.357858], [-140.971001, -10.360837], [-140.973305, -10.363646], [-140.977956, -10.369183], [-140.979368, -10.371786], [-140.980892, -10.373863], [-140.983398, -10.37803], [-140.986962, -10.384125], [-140.989006, -10.38723], [-140.990437, -10.389405], [-140.991198, -10.391222], [-140.994011, -10.396132], [-140.998142, -10.402349], [-141.000249, -10.405238], [-141.00146, -10.407404], [-141.003328, -10.41075], [-141.004766, -10.412894], [-141.006352, -10.415898], [-141.007374, -10.417755], [-141.010342, -10.421892], [-141.01166, -10.423947], [-141.013465, -10.426762], [-141.01516, -10.429281], [-141.017948, -10.433335], [-141.019911, -10.436301], [-141.022848, -10.439957], [-141.024887, -10.442221], [-141.026602, -10.444816], [-141.028142, -10.447415], [-141.030199, -10.450288], [-141.032257, -10.452767], [-141.034417, -10.456031], [-141.03574, -10.457784], [-141.03823, -10.46076], [-141.041168, -10.464765], [-141.044673, -10.469245], [-141.045991, -10.471137], [-141.047664, -10.473925], [-141.049912, -10.477093], [-141.052122, -10.480674], [-141.053807, -10.483614], [-141.05533, -10.487094], [-141.056709, -10.489878], [-141.0596, -10.495039], [-141.062316, -10.49917], [-141.064332, -10.50225], [-141.067466, -10.507679], [-141.071015, -10.513265], [-141.07318, -10.516165], [-141.077233, -10.520561], [-141.081344, -10.525797], [-141.083366, -10.52895], [-141.086746, -10.534253], [-141.090347, -10.539996], [-141.093019, -10.545362], [-141.095767, -10.550061], [-141.096915, -10.552156], [-141.098308, -10.554547], [-141.099624, -10.556942], [-141.101748, -10.560895], [-141.103232, -10.562851], [-141.104844, -10.565451], [-141.106531, -10.56773], [-141.108171, -10.570137], [-141.110179, -10.573891], [-141.111661, -10.576409], [-141.11312, -10.578621], [-141.115197, -10.582013], [-141.116189, -10.583949], [-141.118219, -10.58701], [-141.11947, -10.589185], [-141.121417, -10.592045], [-141.123535, -10.595608], [-141.124825, -10.598372], [-141.127379, -10.60357], [-141.128693, -10.606005], [-141.130081, -10.60842], [-141.132728, -10.612548], [-141.134358, -10.615241], [-141.135826, -10.617897], [-141.137117, -10.620773], [-141.138337, -10.622963], [-141.139604, -10.625655], [-141.141107, -10.62935], [-141.14226, -10.631439], [-141.143661, -10.635278], [-141.144875, -10.638104], [-141.146394, -10.641117], [-141.147948, -10.643256], [-141.149492, -10.645287], [-141.151453, -10.648114], [-141.153391, -10.651322], [-141.154321, -10.653467], [-141.156046, -10.656492], [-141.157423, -10.658321], [-141.16008, -10.662581], [-141.164179, -10.667939], [-141.166488, -10.671091], [-141.167938, -10.672714], [-141.170851, -10.67539], [-141.172149, -10.676133], [-141.174226, -10.676221], [-141.176641, -10.67724], [-141.178421, -10.67764], [-141.180652, -10.67841], [-141.182588, -10.680091], [-141.18567, -10.68256], [-141.187545, -10.684288], [-141.192414, -10.687357], [-141.19427, -10.688579], [-141.198472, -10.692054], [-141.201267, -10.694452], [-141.202727, -10.695752], [-141.206072, -10.698111], [-141.211853, -10.701608], [-141.213472, -10.7027], [-141.216394, -10.704736], [-141.219125, -10.706859], [-141.221406, -10.708947], [-141.224199, -10.711021], [-141.225818, -10.712548], [-141.228343, -10.71498], [-141.232164, -10.7182], [-141.233506, -10.719455], [-141.236686, -10.722098], [-141.239898, -10.725304], [-141.242488, -10.726937], [-141.248458, -10.730203], [-141.250582, -10.731165], [-141.253847, -10.732807], [-141.256456, -10.734625], [-141.259734, -10.736559], [-141.261496, -10.737804], [-141.265297, -10.739742], [-141.267891, -10.741179], [-141.271708, -10.74337], [-141.273669, -10.744686], [-141.276564, -10.745768], [-141.279842, -10.747231], [-141.282651, -10.748969], [-141.284862, -10.749801], [-141.29028, -10.751367], [-141.292248, -10.752186], [-141.294155, -10.753248], [-141.297073, -10.754833], [-141.301275, -10.756815], [-141.303115, -10.758015], [-141.308153, -10.761202], [-141.309952, -10.762497], [-141.312163, -10.763862], [-141.314405, -10.7653], [-141.316159, -10.766715], [-141.320968, -10.769748], [-141.325681, -10.772739], [-141.329174, -10.774766], [-141.333092, -10.777613], [-141.33602, -10.779713], [-141.338001, -10.780941], [-141.340218, -10.782651], [-141.341914, -10.784111], [-141.346028, -10.78814], [-141.347127, -10.789576], [-141.348484, -10.790627], [-141.350295, -10.79207], [-141.351407, -10.794208], [-141.353485, -10.797488], [-141.35556, -10.801694], [-141.357981, -10.806406], [-141.359402, -10.808777], [-141.361657, -10.811852], [-141.363522, -10.81491], [-141.36565, -10.817934], [-141.367187, -10.819797], [-141.369733, -10.823518], [-141.370691, -10.8248], [-141.373102, -10.827882], [-141.374733, -10.830767], [-141.376769, -10.833546], [-141.378284, -10.835405], [-141.380439, -10.838512], [-141.382479, -10.841624], [-141.384497, -10.845112], [-141.38699, -10.848231], [-141.389942, -10.853102], [-141.391334, -10.856068], [-141.392746, -10.858433], [-141.395345, -10.86182], [-141.397585, -10.865243], [-141.398691, -10.867161], [-141.400331, -10.870019], [-141.401308, -10.872053], [-141.404169, -10.876951], [-141.405325, -10.878606], [-141.40648, -10.88029], [-141.409499, -10.88596], [-141.411162, -10.888941], [-141.412351, -10.891393], [-141.414235, -10.894494], [-141.41608, -10.897771], [-141.417146, -10.899861], [-141.418976, -10.903547], [-141.423013, -10.910407], [-141.424302, -10.912113], [-141.4262, -10.914852], [-141.427893, -10.917915], [-141.429969, -10.922467], [-141.431067, -10.924582], [-141.432012, -10.927569], [-141.432908, -10.929923], [-141.434251, -10.932162], [-141.435444, -10.934514], [-141.436476, -10.937818], [-141.437385, -10.939849], [-141.438305, -10.942241], [-141.439484, -10.945845], [-141.441209, -10.949974], [-141.442243, -10.951907], [-141.444747, -10.95671], [-141.447, -10.960698], [-141.447784, -10.96235], [-141.450408, -10.966658], [-141.45153, -10.968731], [-141.453471, -10.972287], [-141.454674, -10.974063], [-141.456671, -10.97675], [-141.458127, -10.979047], [-141.460174, -10.98168], [-141.461327, -10.983832], [-141.462749, -10.987127], [-141.463744, -10.989694], [-141.465947, -10.993736], [-141.466679, -10.995036], [-141.468569, -10.99908], [-141.469198, -11.000926], [-141.471639, -11.005162], [-141.472839, -11.006941], [-141.474365, -11.008784], [-141.475904, -11.010709], [-141.477641, -11.012498], [-141.479237, -11.014485], [-141.480855, -11.016522], [-141.483145, -11.018657], [-141.484984, -11.020701], [-141.486799, -11.023377], [-141.488603, -11.025831], [-141.490103, -11.028087], [-141.491896, -11.030701], [-141.494305, -11.03329], [-141.497883, -11.038751], [-141.500395, -11.042065], [-141.501283, -11.04347], [-141.503143, -11.045781], [-141.504856, -11.047991], [-141.506942, -11.050488], [-141.51022, -11.054777], [-141.5113, -11.05592], [-141.51403, -11.058361], [-141.517657, -11.061522], [-141.518868, -11.062704], [-141.522113, -11.06564], [-141.523453, -11.067023], [-141.527545, -11.071296], [-141.529487, -11.073707], [-141.531845, -11.076845], [-141.534428, -11.079482], [-141.536133, -11.081365], [-141.538261, -11.083669], [-141.540626, -11.087056], [-141.543335, -11.09096], [-141.544397, -11.092342], [-141.546608, -11.095039], [-141.551382, -11.102117], [-141.552562, -11.104203], [-141.556507, -11.109738], [-141.557693, -11.111522], [-141.559944, -11.114451], [-141.562485, -11.118097], [-141.563298, -11.11953], [-141.565116, -11.121988], [-141.56669, -11.124123], [-141.568264, -11.126502], [-141.570048, -11.129214], [-141.571973, -11.131969], [-141.573923, -11.134522], [-141.575957, -11.137436], [-141.577931, -11.140745], [-141.579486, -11.143211], [-141.581771, -11.146665], [-141.583453, -11.149793], [-141.586661, -11.154698], [-141.59037, -11.159522], [-141.591493, -11.161168], [-141.59346, -11.163862], [-141.595086, -11.166327], [-141.596404, -11.168824], [-141.597702, -11.170927], [-141.599757, -11.173797], [-141.601574, -11.176689], [-141.603118, -11.178907], [-141.605306, -11.181727], [-141.606703, -11.183343], [-141.608025, -11.185416], [-141.609899, -11.188877], [-141.611607, -11.191275], [-141.61615, -11.196677], [-141.618333, -11.199675], [-141.621429, -11.204319], [-141.625039, -11.209491], [-141.627346, -11.212316], [-141.630997, -11.21653], [-141.6359, -11.222638], [-141.636912, -11.223802], [-141.640883, -11.228061], [-141.642689, -11.230204], [-141.644947, -11.232833], [-141.646655, -11.235504], [-141.648328, -11.237705], [-141.652691, -11.242864], [-141.654448, -11.245114], [-141.657378, -11.248885], [-141.659498, -11.251793], [-141.663146, -11.255318], [-141.665994, -11.257925], [-141.667608, -11.259824], [-141.670559, -11.263652], [-141.671813, -11.265612], [-141.674512, -11.269211], [-141.675872, -11.270975], [-141.678527, -11.274546], [-141.682511, -11.279177], [-141.686041, -11.282887], [-141.688799, -11.285685], [-141.691041, -11.2879], [-141.696761, -11.294127], [-141.698018, -11.295298], [-141.700168, -11.297544], [-141.702497, -11.299724], [-141.704644, -11.301869], [-141.707446, -11.304947], [-141.70899, -11.306989], [-141.710708, -11.308884], [-141.712765, -11.3107], [-141.715042, -11.312279], [-141.716907, -11.314066], [-141.719339, -11.3161], [-141.72149, -11.317739], [-141.726044, -11.321672], [-141.730267, -11.3252], [-141.732143, -11.326929], [-141.735601, -11.330193], [-141.73761, -11.331902], [-141.74042, -11.334252], [-141.745439, -11.338666], [-141.746575, -11.339779], [-141.749868, -11.343172], [-141.751656, -11.344728], [-141.753823, -11.346976], [-141.7556, -11.348842], [-141.758702, -11.351786], [-141.763168, -11.356031], [-141.770055, -11.362107], [-141.771749, -11.363713], [-141.774136, -11.366015], [-141.778465, -11.369745], [-141.781611, -11.372414], [-141.783278, -11.373955], [-141.788283, -11.378277], [-141.790522, -11.379947], [-141.793345, -11.381955], [-141.795559, -11.383818], [-141.799054, -11.38724], [-141.800933, -11.388722], [-141.802929, -11.390252], [-141.804558, -11.391988], [-141.806473, -11.39433], [-141.808532, -11.396521], [-141.81064, -11.399406], [-141.812185, -11.401189], [-141.813758, -11.402855], [-141.816953, -11.406578], [-141.818449, -11.408455], [-141.819979, -11.410308], [-141.821787, -11.412432], [-141.825475, -11.417609], [-141.827415, -11.419511], [-141.82984, -11.421892], [-141.832031, -11.424253], [-141.834492, -11.426722], [-141.836919, -11.42878], [-141.840076, -11.431958], [-141.84151, -11.433678], [-141.843318, -11.436022], [-141.844585, -11.438235], [-141.846524, -11.440719], [-141.850328, -11.44472], [-141.852149, -11.446384], [-141.854353, -11.448684], [-141.856215, -11.450751], [-141.859261, -11.453142], [-141.861052, -11.45511], [-141.863004, -11.458014], [-141.864531, -11.459656], [-141.868615, -11.463816], [-141.873623, -11.46971], [-141.8749, -11.471086], [-141.877424, -11.473293], [-141.879797, -11.475127], [-141.881609, -11.477365], [-141.884225, -11.481412], [-141.884913, -11.482621], [-141.887067, -11.486302], [-141.887917, -11.488369], [-141.889321, -11.491851], [-141.89088, -11.495492], [-141.892382, -11.498193], [-141.894227, -11.501048], [-141.895562, -11.503121], [-141.898247, -11.507505], [-141.900128, -11.510736], [-141.901353, -11.512768], [-141.902478, -11.515291], [-141.903736, -11.517481], [-141.905583, -11.519663], [-141.907751, -11.523184], [-141.909215, -11.525316], [-141.912788, -11.53019], [-141.914161, -11.531728], [-141.916046, -11.534233], [-141.917729, -11.536185], [-141.918918, -11.538139], [-141.92119, -11.541261], [-141.922894, -11.544166], [-141.924683, -11.546517], [-141.926169, -11.54886], [-141.927722, -11.552029], [-141.928824, -11.554382], [-141.930428, -11.558826], [-141.931609, -11.561453], [-141.933195, -11.564619], [-141.935358, -11.568051], [-141.936728, -11.5699], [-141.938858, -11.573469], [-141.940783, -11.576465], [-141.942679, -11.578803], [-141.944582, -11.581428], [-141.946456, -11.584257], [-141.948351, -11.586872], [-141.949984, -11.589015], [-141.951745, -11.592166], [-141.953063, -11.594868], [-141.95532, -11.597426], [-141.957261, -11.600162], [-141.960135, -11.603655], [-141.962544, -11.606599], [-141.964828, -11.609745], [-141.968609, -11.613913], [-141.97295, -11.61902], [-141.974473, -11.621106], [-141.976046, -11.623508], [-141.97815, -11.627377], [-141.981024, -11.631716], [-141.986993, -11.64047], [-141.988047, -11.641896], [-141.991954, -11.647056], [-141.99508, -11.650982], [-141.997935, -11.653536], [-142.001526, -11.657642], [-142.005768, -11.662492], [-142.007746, -11.664802], [-142.009181, -11.666177], [-142.012245, -11.67041], [-142.018093, -11.676967], [-142.020771, -11.679721], [-142.023405, -11.682653], [-142.024798, -11.684392], [-142.02806, -11.688026], [-142.029442, -11.68972], [-142.031464, -11.692292], [-142.033756, -11.694555], [-142.035765, -11.6969], [-142.037337, -11.69873], [-142.040533, -11.701769], [-142.042111, -11.703237], [-142.045097, -11.70573], [-142.04924, -11.710186], [-142.052648, -11.713781], [-142.056115, -11.718483], [-142.057739, -11.720153], [-142.059423, -11.722436], [-142.060817, -11.723934], [-142.06408, -11.726872], [-142.065887, -11.728469], [-142.068488, -11.731181], [-142.070751, -11.733192], [-142.07318, -11.735945], [-142.075881, -11.738567], [-142.079532, -11.741929], [-142.081724, -11.744054], [-142.085095, -11.747353], [-142.087245, -11.749759], [-142.091615, -11.754221], [-142.095917, -11.759514], [-142.097881, -11.761635], [-142.099742, -11.763661], [-142.103398, -11.767991], [-142.107833, -11.774408], [-142.109815, -11.776952], [-142.111375, -11.779244], [-142.113236, -11.78201], [-142.114671, -11.7839], [-142.116862, -11.787054], [-142.118342, -11.789875], [-142.120973, -11.793536], [-142.121988, -11.795034], [-142.123738, -11.798074], [-142.128323, -11.80484], [-142.129811, -11.806518], [-142.132029, -11.808843], [-142.134335, -11.811763], [-142.136742, -11.815278], [-142.139062, -11.817929], [-142.141135, -11.82062], [-142.143017, -11.822499], [-142.144594, -11.824028], [-142.148028, -11.82767], [-142.149134, -11.829055], [-142.152374, -11.833422], [-142.153699, -11.83497], [-142.155828, -11.837235], [-142.159816, -11.840775], [-142.161606, -11.8427], [-142.164059, -11.84499], [-142.166384, -11.84718], [-142.168438, -11.849193], [-142.170249, -11.851162], [-142.171831, -11.852882], [-142.174864, -11.856965], [-142.17633, -11.858773], [-142.178338, -11.860562], [-142.180543, -11.862699], [-142.184066, -11.866538], [-142.185722, -11.868175], [-142.188994, -11.871119], [-142.190749, -11.87317], [-142.192411, -11.874656], [-142.194393, -11.876705], [-142.197031, -11.878937], [-142.19973, -11.881061], [-142.201272, -11.882904], [-142.203172, -11.885034], [-142.205565, -11.88764], [-142.20897, -11.890629], [-142.210766, -11.892313], [-142.213354, -11.894698], [-142.215871, -11.89661], [-142.218199, -11.898779], [-142.220197, -11.901015], [-142.223754, -11.904178], [-142.225471, -11.905945], [-142.227106, -11.908005], [-142.228965, -11.91042], [-142.231956, -11.913619], [-142.233493, -11.915457], [-142.235504, -11.917727], [-142.236917, -11.919788], [-142.239288, -11.922261], [-142.241088, -11.924706], [-142.243275, -11.928206], [-142.245792, -11.931678], [-142.247818, -11.934119], [-142.249475, -11.936509], [-142.251098, -11.938839], [-142.253132, -11.941182], [-142.255197, -11.943808], [-142.25734, -11.946805], [-142.259384, -11.949785], [-142.262696, -11.953472], [-142.266657, -11.957912], [-142.268146, -11.959601], [-142.271423, -11.962865], [-142.276817, -11.967774], [-142.278593, -11.969623], [-142.280375, -11.971287], [-142.283655, -11.974362], [-142.284978, -11.975853], [-142.286903, -11.977617], [-142.28913, -11.98018], [-142.292068, -11.983888], [-142.29689, -11.989517], [-142.298455, -11.991585], [-142.301161, -11.995113], [-142.302746, -11.996957], [-142.305112, -11.999841], [-142.306825, -12.002387], [-142.308275, -12.004081], [-142.310572, -12.006497], [-142.312382, -12.008532], [-142.31456, -12.011439], [-142.316429, -12.013496], [-142.317746, -12.015724], [-142.320347, -12.019003], [-142.322024, -12.021536], [-142.323569, -12.023486], [-142.325523, -12.0262], [-142.328577, -12.030704], [-142.330158, -12.032531], [-142.332065, -12.034766], [-142.335881, -12.039537], [-142.339175, -12.044504], [-142.340708, -12.047403], [-142.342173, -12.049764], [-142.344091, -12.052369], [-142.346878, -12.056776], [-142.35052, -12.06283], [-142.35234, -12.0654], [-142.355278, -12.069693], [-142.356667, -12.071398], [-142.358937, -12.076039], [-142.359726, -12.077555], [-142.361792, -12.080943], [-142.363908, -12.083488], [-142.366103, -12.086592], [-142.367313, -12.089022], [-142.368377, -12.090984], [-142.3702, -12.095123], [-142.371512, -12.097719], [-142.372996, -12.100513], [-142.374648, -12.103215], [-142.376174, -12.106375], [-142.377753, -12.108639], [-142.378782, -12.11061], [-142.380473, -12.113227], [-142.381797, -12.116292], [-142.383077, -12.11868], [-142.384075, -12.12098], [-142.386053, -12.124371], [-142.388955, -12.128478], [-142.390621, -12.130554], [-142.392618, -12.132968], [-142.394007, -12.134734], [-142.395568, -12.136905], [-142.396952, -12.138862], [-142.399375, -12.14111], [-142.402783, -12.143755], [-142.404442, -12.145274], [-142.405839, -12.146628], [-142.408353, -12.150049], [-142.410286, -12.15223], [-142.412672, -12.154544], [-142.414417, -12.156659], [-142.415846, -12.158621], [-142.417547, -12.161163], [-142.419198, -12.162951], [-142.422886, -12.167298], [-142.424466, -12.169242], [-142.426132, -12.171516], [-142.428795, -12.1755], [-142.430205, -12.177317], [-142.433152, -12.18188], [-142.435749, -12.185621], [-142.437637, -12.18848], [-142.439492, -12.190868], [-142.44154, -12.193976], [-142.444538, -12.198266], [-142.446679, -12.201297], [-142.450645, -12.205584], [-142.453208, -12.207742], [-142.454806, -12.209712], [-142.45617, -12.211533], [-142.458269, -12.213689], [-142.462051, -12.218273], [-142.46508, -12.22185], [-142.466408, -12.223739], [-142.468559, -12.225915], [-142.471938, -12.228834], [-142.474743, -12.232259], [-142.47603, -12.233597], [-142.478459, -12.236285], [-142.480236, -12.237956], [-142.482345, -12.240027], [-142.484238, -12.241826], [-142.487519, -12.24459], [-142.489854, -12.24668], [-142.492778, -12.249778], [-142.494835, -12.251572], [-142.497499, -12.254656], [-142.499262, -12.256527], [-142.501477, -12.258665], [-142.504042, -12.261594], [-142.505663, -12.263209], [-142.507331, -12.264997], [-142.509949, -12.267793], [-142.512538, -12.269676], [-142.514614, -12.271339], [-142.516626, -12.273031], [-142.518703, -12.274877], [-142.520378, -12.276648], [-142.52292, -12.278881], [-142.524667, -12.280395], [-142.52749, -12.28348], [-142.530098, -12.285706], [-142.533575, -12.2886], [-142.534911, -12.289829], [-142.537411, -12.292124], [-142.540036, -12.2943], [-142.542822, -12.297091], [-142.544819, -12.299518], [-142.546746, -12.302373], [-142.548403, -12.304872], [-142.551145, -12.30802], [-142.553206, -12.31011], [-142.556553, -12.313205], [-142.55801, -12.314992], [-142.560469, -12.318], [-142.563543, -12.321317], [-142.564801, -12.322752], [-142.56765, -12.325278], [-142.569608, -12.326918], [-142.571353, -12.328255], [-142.574646, -12.331464], [-142.575796, -12.332797], [-142.578543, -12.335294], [-142.581852, -12.338256], [-142.583793, -12.33996], [-142.587507, -12.342902], [-142.588697, -12.344161], [-142.592148, -12.347755], [-142.594558, -12.350014], [-142.599095, -12.354475], [-142.601678, -12.357939], [-142.603463, -12.359785], [-142.605351, -12.361607], [-142.608766, -12.365365], [-142.612801, -12.369521], [-142.616631, -12.373943], [-142.620155, -12.37848], [-142.623916, -12.382699], [-142.626896, -12.386046], [-142.628824, -12.387597], [-142.631353, -12.38955], [-142.633335, -12.39141], [-142.636, -12.394249], [-142.637998, -12.39588], [-142.639955, -12.397933], [-142.642177, -12.400728], [-142.643813, -12.402553], [-142.646034, -12.4052], [-142.648256, -12.407057], [-142.649679, -12.409101], [-142.651802, -12.411923], [-142.653918, -12.413724], [-142.65611, -12.415744], [-142.657988, -12.417752], [-142.660011, -12.4195], [-142.661985, -12.421362], [-142.663807, -12.423026], [-142.665711, -12.424834], [-142.669038, -12.428187], [-142.670192, -12.429307], [-142.673989, -12.433188], [-142.678551, -12.437525], [-142.680832, -12.439814], [-142.685173, -12.443634], [-142.689353, -12.448332], [-142.69158, -12.450685], [-142.695451, -12.455627], [-142.69925, -12.460729], [-142.701254, -12.463074], [-142.705323, -12.467239], [-142.709182, -12.471797], [-142.71112, -12.47416], [-142.71492, -12.478382], [-142.718819, -12.482684], [-142.720696, -12.485254], [-142.724029, -12.490032], [-142.727936, -12.494416], [-142.729822, -12.496584], [-142.731933, -12.498753], [-142.735184, -12.502111], [-142.736343, -12.503499], [-142.739109, -12.506107], [-142.742247, -12.508851], [-142.746258, -12.512155], [-142.748937, -12.51422], [-142.750507, -12.515449], [-142.752045, -12.517223], [-142.754238, -12.519538], [-142.756449, -12.521618], [-142.758345, -12.523491], [-142.760348, -12.525201], [-142.762013, -12.526794], [-142.764109, -12.529334], [-142.765769, -12.531133], [-142.767278, -12.532886], [-142.769252, -12.535249], [-142.771489, -12.538433], [-142.773007, -12.540073], [-142.775288, -12.542345], [-142.777399, -12.545024], [-142.778635, -12.546999], [-142.780112, -12.548879], [-142.782113, -12.550611], [-142.783666, -12.552589], [-142.78589, -12.555324], [-142.787505, -12.557353], [-142.790405, -12.560709], [-142.791441, -12.562322], [-142.794591, -12.567055], [-142.795821, -12.56914], [-142.797223, -12.571213], [-142.799014, -12.574389], [-142.800027, -12.575877], [-142.802393, -12.578512], [-142.804543, -12.58185], [-142.806158, -12.583939], [-142.807921, -12.586727], [-142.809567, -12.589201], [-142.812, -12.592256], [-142.814018, -12.595339], [-142.81624, -12.598821], [-142.817517, -12.600366], [-142.821053, -12.604627], [-142.824783, -12.609365], [-142.82667, -12.611655], [-142.82887, -12.614331], [-142.831527, -12.618291], [-142.833936, -12.621719], [-142.836762, -12.624692], [-142.838941, -12.627131], [-142.840409, -12.629012], [-142.842467, -12.631646], [-142.844244, -12.634129], [-142.845883, -12.636858], [-142.848516, -12.639832], [-142.849702, -12.641506], [-142.851033, -12.644322], [-142.852148, -12.645534], [-142.853783, -12.647825], [-142.85674, -12.650951], [-142.858629, -12.652712], [-142.860877, -12.655228], [-142.863701, -12.658593], [-142.866088, -12.66124], [-142.868143, -12.663953], [-142.870118, -12.666087], [-142.872588, -12.668304], [-142.87532, -12.671093], [-142.87895, -12.674617], [-142.882502, -12.678505], [-142.883721, -12.680082], [-142.886848, -12.68349], [-142.890275, -12.687253], [-142.891949, -12.689377], [-142.894323, -12.692354], [-142.895981, -12.693972], [-142.899037, -12.696652], [-142.900521, -12.698118], [-142.902828, -12.700114], [-142.906131, -12.703497], [-142.907382, -12.705163], [-142.910674, -12.708824], [-142.91468, -12.713657], [-142.917615, -12.71692], [-142.920514, -12.720548], [-142.926864, -12.726655], [-142.929755, -12.729323], [-142.932961, -12.731856], [-142.934871, -12.733433], [-142.937901, -12.736118], [-142.940308, -12.738849], [-142.942631, -12.740918], [-142.945155, -12.743982], [-142.947495, -12.745885], [-142.95044, -12.748131], [-142.952731, -12.750119], [-142.954539, -12.751911], [-142.956751, -12.753198], [-142.958427, -12.754427], [-142.961301, -12.757062], [-142.963271, -12.758599], [-142.96663, -12.762165], [-142.969467, -12.765298], [-142.971256, -12.767851], [-142.974106, -12.770847], [-142.977003, -12.773833], [-142.979292, -12.776757], [-142.981171, -12.778467], [-142.98409, -12.78097], [-142.987966, -12.783974], [-142.989626, -12.785375], [-142.991166, -12.787391], [-142.992864, -12.789251], [-142.994882, -12.7921], [-142.997777, -12.795363], [-142.99913, -12.7972], [-143.000456, -12.799213], [-143.003792, -12.802944], [-143.006857, -12.806297], [-143.00821, -12.807531], [-143.011859, -12.810762], [-143.013234, -12.812059], [-143.015602, -12.814276], [-143.017609, -12.816274], [-143.021116, -12.820029], [-143.022766, -12.821416], [-143.024529, -12.823113], [-143.027197, -12.825986], [-143.02947, -12.82881], [-143.032286, -12.831266], [-143.034002, -12.833226], [-143.03572, -12.834776], [-143.038169, -12.837477], [-143.041161, -12.840455], [-143.042562, -12.842073], [-143.044719, -12.844238], [-143.045926, -12.845488], [-143.04841, -12.847471], [-143.05139, -12.850159], [-143.053288, -12.852076], [-143.055901, -12.854738], [-143.057884, -12.856897], [-143.059213, -12.85906], [-143.060276, -12.861429], [-143.062106, -12.864888], [-143.063492, -12.869501], [-143.064324, -12.871605], [-143.066986, -12.87662], [-143.068859, -12.880158], [-143.07061, -12.88298], [-143.071597, -12.88532], [-143.072608, -12.887097], [-143.074083, -12.889213], [-143.076736, -12.893515], [-143.078144, -12.895768], [-143.079565, -12.897723], [-143.081398, -12.899512], [-143.085405, -12.902571], [-143.087439, -12.903946], [-143.089919, -12.905317], [-143.093267, -12.906819], [-143.09603, -12.908437], [-143.098251, -12.909943], [-143.100854, -12.912242], [-143.102493, -12.913363], [-143.105637, -12.915756], [-143.107088, -12.916996], [-143.111159, -12.920773], [-143.113093, -12.922251], [-143.11522, -12.923989], [-143.118179, -12.9266], [-143.123489, -12.930919], [-143.129478, -12.934753], [-143.132277, -12.936549], [-143.137511, -12.93945], [-143.142487, -12.941872], [-143.144926, -12.943138], [-143.149368, -12.945807], [-143.153496, -12.948748], [-143.155615, -12.950493], [-143.159493, -12.954541], [-143.163101, -12.958854], [-143.166794, -12.963043], [-143.170631, -12.967064], [-143.174286, -12.9715], [-143.178062, -12.975967], [-143.182023, -12.980134], [-143.18592, -12.984126], [-143.189865, -12.989069], [-143.193328, -12.995173], [-143.195221, -12.998427], [-143.198102, -13.002102], [-143.199203, -13.003802], [-143.203041, -13.009803], [-143.206762, -13.015546], [-143.210467, -13.020926], [-143.212346, -13.023747], [-143.214868, -13.027028], [-143.21616, -13.029108], [-143.218061, -13.03147], [-143.22014, -13.034544], [-143.222218, -13.038251], [-143.223792, -13.040793], [-143.225554, -13.043656], [-143.227264, -13.046411], [-143.23021, -13.050337], [-143.232125, -13.052641], [-143.234644, -13.055694], [-143.236364, -13.057629], [-143.239305, -13.061883], [-143.240676, -13.063441], [-143.243954, -13.068604], [-143.245532, -13.070985], [-143.249429, -13.07621], [-143.250607, -13.077949], [-143.252358, -13.08107], [-143.254293, -13.083708], [-143.255741, -13.085322], [-143.257748, -13.088119], [-143.26017, -13.092198], [-143.262688, -13.09645], [-143.265913, -13.10167], [-143.267603, -13.104198], [-143.269328, -13.106587], [-143.271821, -13.111083], [-143.27391, -13.114995], [-143.275633, -13.117606], [-143.27723, -13.120256], [-143.278993, -13.123417], [-143.280764, -13.126322], [-143.284345, -13.131332], [-143.285847, -13.133722], [-143.288097, -13.136762], [-143.290392, -13.140039], [-143.292778, -13.144188], [-143.296008, -13.150039], [-143.297014, -13.152385], [-143.297926, -13.154406], [-143.301048, -13.160168], [-143.303838, -13.16524], [-143.304806, -13.167342], [-143.308502, -13.173328], [-143.309837, -13.175812], [-143.312636, -13.180823], [-143.313949, -13.182842], [-143.316464, -13.186492], [-143.318993, -13.190943], [-143.32103, -13.194432], [-143.323782, -13.198653], [-143.325843, -13.202006], [-143.326943, -13.204438], [-143.329529, -13.208868], [-143.331732, -13.212627], [-143.332549, -13.21467], [-143.334283, -13.218262], [-143.336212, -13.221963], [-143.337507, -13.22409], [-143.338992, -13.22699], [-143.339949, -13.228921], [-143.341947, -13.233421], [-143.34523, -13.239174], [-143.348007, -13.244439], [-143.349021, -13.246466], [-143.351572, -13.251051], [-143.352732, -13.253491], [-143.354138, -13.256007], [-143.355819, -13.258395], [-143.358177, -13.26215], [-143.359461, -13.263854], [-143.360924, -13.266061], [-143.36316, -13.270162], [-143.364741, -13.272496], [-143.366307, -13.274841], [-143.367432, -13.276546], [-143.369088, -13.278918], [-143.370578, -13.282032], [-143.372845, -13.285668], [-143.374106, -13.287431], [-143.376395, -13.290437], [-143.378808, -13.293707], [-143.380039, -13.296259], [-143.381341, -13.298226], [-143.383154, -13.300512], [-143.38469, -13.303018], [-143.387047, -13.305975], [-143.389291, -13.308865], [-143.390502, -13.310806], [-143.392575, -13.313572], [-143.394249, -13.315519], [-143.39584, -13.316961], [-143.398277, -13.319897], [-143.401401, -13.322546], [-143.404968, -13.326082], [-143.409104, -13.330412], [-143.412258, -13.333115], [-143.41409, -13.33498], [-143.417056, -13.33762], [-143.419816, -13.340574], [-143.421951, -13.342942], [-143.425313, -13.346322], [-143.426445, -13.347278], [-143.428828, -13.349822], [-143.430811, -13.351534], [-143.433762, -13.354581], [-143.436712, -13.357585], [-143.439112, -13.36041], [-143.442365, -13.363634], [-143.445938, -13.367025], [-143.451583, -13.371317], [-143.455874, -13.374621], [-143.459451, -13.377972], [-143.464623, -13.382797], [-143.468794, -13.38666], [-143.47181, -13.390237], [-143.476143, -13.395421], [-143.479843, -13.399406], [-143.482636, -13.40304], [-143.487511, -13.407305], [-143.491366, -13.410628], [-143.494613, -13.413585], [-143.499451, -13.418385], [-143.503171, -13.422633], [-143.505897, -13.42635], [-143.50972, -13.431921], [-143.513629, -13.43597], [-143.516907, -13.439248], [-143.521149, -13.444329], [-143.524568, -13.448623], [-143.527687, -13.451787], [-143.532342, -13.45674], [-143.536069, -13.460905], [-143.539009, -13.464344], [-143.543472, -13.469349], [-143.546821, -13.473759], [-143.549881, -13.477201], [-143.554413, -13.482039], [-143.557511, -13.486451], [-143.560005, -13.490538], [-143.564469, -13.495746], [-143.567558, -13.500307], [-143.570481, -13.504059], [-143.574416, -13.509173], [-143.577415, -13.513544], [-143.580147, -13.517449], [-143.584077, -13.523079], [-143.587049, -13.528123], [-143.589279, -13.532282], [-143.593391, -13.537817], [-143.596879, -13.542275], [-143.599548, -13.546363], [-143.603813, -13.55193], [-143.607005, -13.556844], [-143.609551, -13.56102], [-143.613488, -13.566903], [-143.616823, -13.57178], [-143.619331, -13.576053], [-143.622704, -13.582346], [-143.626052, -13.587179], [-143.628761, -13.59114], [-143.632363, -13.597356], [-143.635187, -13.602517], [-143.637573, -13.606714], [-143.640999, -13.613067], [-143.643847, -13.61805], [-143.646355, -13.621982], [-143.650161, -13.627923], [-143.65314, -13.633023], [-143.65535, -13.637242], [-143.658554, -13.643382], [-143.661298, -13.648401], [-143.663771, -13.652342], [-143.667602, -13.658356], [-143.670365, -13.663596], [-143.67244, -13.667991], [-143.676178, -13.674034], [-143.679039, -13.67923], [-143.68145, -13.683467], [-143.684532, -13.68991], [-143.686858, -13.695237], [-143.688621, -13.69958], [-143.691688, -13.705228], [-143.694644, -13.709563], [-143.696999, -13.713383], [-143.700141, -13.719178], [-143.702661, -13.723681], [-143.705719, -13.726134], [-143.710112, -13.729907], [-143.713101, -13.734006], [-143.716034, -13.737036], [-143.720329, -13.74136], [-143.723638, -13.744574], [-143.726235, -13.747734], [-143.729996, -13.752391], [-143.73339, -13.755695], [-143.736283, -13.758117], [-143.740288, -13.762044], [-143.743659, -13.765475], [-143.7463, -13.768626], [-143.750504, -13.77335], [-143.753911, -13.777009], [-143.756675, -13.780395], [-143.76101, -13.785238], [-143.7642, -13.789555], [-143.767173, -13.792248], [-143.771774, -13.796595], [-143.775357, -13.800366], [-143.778159, -13.803317], [-143.781937, -13.807362], [-143.784908, -13.811351], [-143.787377, -13.814557], [-143.790864, -13.819114], [-143.793506, -13.823104], [-143.795913, -13.826169], [-143.799186, -13.830976], [-143.801999, -13.835233], [-143.804069, -13.838518], [-143.807671, -13.843141], [-143.810204, -13.847137], [-143.812614, -13.850455], [-143.816307, -13.855163], [-143.819114, -13.859224], [-143.821197, -13.862753], [-143.8246, -13.867493], [-143.827794, -13.871253], [-143.830452, -13.874503], [-143.834434, -13.878816], [-143.837635, -13.881816], [-143.840058, -13.884246], [-143.844002, -13.888702], [-143.84697, -13.892275], [-143.849303, -13.894847], [-143.853104, -13.898936], [-143.856982, -13.901906], [-143.85984, -13.904284], [-143.8638, -13.908222], [-143.867044, -13.912299], [-143.869713, -13.915354], [-143.873306, -13.919892], [-143.876024, -13.924048], [-143.878456, -13.927025], [-143.881989, -13.932206], [-143.884777, -13.936721], [-143.887207, -13.939972], [-143.891228, -13.944379], [-143.894533, -13.948052], [-143.896911, -13.951179], [-143.900451, -13.956154], [-143.903217, -13.960588], [-143.905281, -13.963916], [-143.909133, -13.968581], [-143.912634, -13.972508], [-143.915313, -13.975611], [-143.918838, -13.980679], [-143.921582, -13.985238], [-143.924125, -13.988467], [-143.927963, -13.993628], [-143.931256, -13.997593], [-143.933372, -14.000757], [-143.936906, -14.005525], [-143.940079, -14.009375], [-143.94249, -14.012614], [-143.946106, -14.017285], [-143.949129, -14.021016], [-143.951463, -14.023723], [-143.955109, -14.028004], [-143.958147, -14.03189], [-143.960769, -14.034542], [-143.964416, -14.038812], [-143.967452, -14.042572], [-143.969643, -14.045478], [-143.97348, -14.04986], [-143.976642, -14.053517], [-143.97895, -14.056359], [-143.982445, -14.060686], [-143.985107, -14.064597], [-143.987076, -14.067744], [-143.990204, -14.072679], [-143.992839, -14.07696], [-143.995087, -14.079964], [-143.998657, -14.084749], [-144.001723, -14.088687], [-144.003982, -14.091414], [-144.007478, -14.096003], [-144.01089, -14.100145], [-144.013168, -14.103318], [-144.017035, -14.108393], [-144.020414, -14.112448], [-144.023026, -14.115462], [-144.026657, -14.119803], [-144.029728, -14.12319], [-144.032417, -14.126408], [-144.035699, -14.13108], [-144.038586, -14.134849], [-144.041168, -14.137726], [-144.045472, -14.141735], [-144.049055, -14.144536], [-144.051965, -14.146928], [-144.05584, -14.15119], [-144.058887, -14.15458], [-144.061691, -14.157334], [-144.065705, -14.161487], [-144.068773, -14.165055], [-144.07154, -14.16776], [-144.075195, -14.17181], [-144.078094, -14.175393], [-144.080513, -14.178621], [-144.083992, -14.183089], [-144.086929, -14.186924], [-144.08928, -14.190206], [-144.092682, -14.194519], [-144.09574, -14.198049], [-144.098542, -14.200924], [-144.102013, -14.204872], [-144.105058, -14.207635], [-144.107541, -14.210442], [-144.111213, -14.214406], [-144.114681, -14.217288], [-144.11734, -14.220102], [-144.120948, -14.224217], [-144.124258, -14.22727], [-144.127205, -14.230144], [-144.131286, -14.234177], [-144.134265, -14.23722], [-144.137001, -14.239996], [-144.140647, -14.244283], [-144.143359, -14.247565], [-144.145767, -14.250806], [-144.14972, -14.254863], [-144.152538, -14.258051], [-144.15535, -14.261347], [-144.158844, -14.26561], [-144.161643, -14.268571], [-144.164169, -14.271802], [-144.167702, -14.276004], [-144.170513, -14.278874], [-144.173493, -14.281806], [-144.177643, -14.285553], [-144.180677, -14.288245], [-144.183562, -14.290548], [-144.187377, -14.293464], [-144.190006, -14.296056], [-144.192298, -14.298489], [-144.195801, -14.302167], [-144.198282, -14.30516], [-144.200524, -14.307731], [-144.204132, -14.310525], [-144.206979, -14.313052], [-144.209877, -14.314811], [-144.214303, -14.31696], [-144.218001, -14.318413], [-144.222047, -14.318075], [-144.228119, -14.317659], [-144.233612, -14.318642], [-144.238555, -14.321147], [-144.245362, -14.32336], [-144.250203, -14.3251], [-144.253861, -14.328541], [-144.258591, -14.333565], [-144.261674, -14.337097], [-144.265411, -14.340307], [-144.270294, -14.345073], [-144.274384, -14.350022], [-144.278282, -14.354916], [-144.281967, -14.359918], [-144.28563, -14.364239], [-144.289108, -14.368177], [-144.292305, -14.373122], [-144.295448, -14.378328], [-144.298913, -14.382689], [-144.302307, -14.386081], [-144.305794, -14.389046], [-144.308884, -14.392002], [-144.310922, -14.395862], [-144.312324, -14.399975], [-144.313736, -14.403973], [-144.315284, -14.408243], [-144.316749, -14.412509], [-144.317704, -14.417103], [-144.319284, -14.421773], [-144.321808, -14.42662], [-144.324493, -14.430998], [-144.326584, -14.434536], [-144.328255, -14.437697], [-144.329915, -14.440376], [-144.331642, -14.443936], [-144.33265, -14.446449], [-144.334548, -14.451148], [-144.336129, -14.456308], [-144.337585, -14.459546], [-144.340385, -14.463465], [-144.342392, -14.466647], [-144.344833, -14.470322], [-144.347428, -14.473629], [-144.349199, -14.476153], [-144.352454, -14.47946], [-144.355306, -14.481542], [-144.358247, -14.483685], [-144.360867, -14.486228], [-144.363251, -14.488052], [-144.366013, -14.490234], [-144.368563, -14.491791], [-144.37191, -14.494335], [-144.375077, -14.496047], [-144.377856, -14.49785], [-144.381957, -14.501377], [-144.384376, -14.503842], [-144.386627, -14.506298], [-144.389802, -14.509543], [-144.392282, -14.512703], [-144.395242, -14.517082], [-144.398246, -14.520848], [-144.400868, -14.522874], [-144.405068, -14.52604], [-144.407929, -14.527962], [-144.410469, -14.530088], [-144.414284, -14.532857], [-144.417316, -14.535539], [-144.419838, -14.537889], [-144.423607, -14.541711], [-144.426698, -14.545158], [-144.429451, -14.548085], [-144.433358, -14.551631], [-144.436385, -14.553958], [-144.438721, -14.556343], [-144.441719, -14.559674], [-144.44424, -14.562108], [-144.446427, -14.564414], [-144.44925, -14.568086], [-144.451398, -14.571169], [-144.45366, -14.573693], [-144.457001, -14.577219], [-144.459725, -14.58022], [-144.462204, -14.582928], [-144.465981, -14.586669], [-144.468869, -14.58972], [-144.471848, -14.592577], [-144.475799, -14.596516], [-144.47879, -14.599833], [-144.481523, -14.602909], [-144.485504, -14.607284], [-144.488664, -14.610785], [-144.491318, -14.614061], [-144.494606, -14.618628], [-144.497146, -14.622243], [-144.499496, -14.625293], [-144.502731, -14.629725], [-144.505093, -14.633123], [-144.507232, -14.636077], [-144.510255, -14.640137], [-144.512555, -14.643217], [-144.514687, -14.645595], [-144.51786, -14.649173], [-144.520144, -14.652403], [-144.522109, -14.655456], [-144.525017, -14.6595], [-144.527507, -14.662823], [-144.52961, -14.666113], [-144.53235, -14.670876], [-144.53424, -14.674822], [-144.535538, -14.678283], [-144.537675, -14.683247], [-144.539389, -14.68692], [-144.541, -14.690262], [-144.54354, -14.694534], [-144.545668, -14.698094], [-144.547729, -14.7013], [-144.550882, -14.705491], [-144.553261, -14.708788], [-144.555505, -14.71168], [-144.558511, -14.71612], [-144.560744, -14.720246], [-144.562645, -14.723871], [-144.565429, -14.728978], [-144.567788, -14.73262], [-144.56955, -14.736337], [-144.572402, -14.741362], [-144.575539, -14.744687], [-144.578179, -14.74766], [-144.581695, -14.751708], [-144.584602, -14.754819], [-144.587257, -14.757483], [-144.590492, -14.761563], [-144.593097, -14.764833], [-144.595445, -14.767286], [-144.598656, -14.771189], [-144.601398, -14.774732], [-144.603585, -14.77777], [-144.608033, -14.781688], [-144.612551, -14.784849], [-144.616287, -14.786763], [-144.621354, -14.788424], [-144.624715, -14.790942], [-144.626999, -14.793654], [-144.6297, -14.796571], [-144.631264, -14.798635], [-144.633363, -14.801179], [-144.635933, -14.803832], [-144.638249, -14.806149], [-144.642219, -14.811383], [-144.644342, -14.815731], [-144.645828, -14.819813], [-144.648735, -14.825456], [-144.650952, -14.83004], [-144.653007, -14.83387], [-144.656204, -14.839056], [-144.659088, -14.842675], [-144.661514, -14.845746], [-144.664954, -14.850917], [-144.6676, -14.855107], [-144.669204, -14.859281], [-144.671296, -14.865089], [-144.672913, -14.869588], [-144.674217, -14.87325], [-144.676209, -14.878127], [-144.678392, -14.881635], [-144.680878, -14.884529], [-144.684304, -14.888502], [-144.687103, -14.891485], [-144.689597, -14.894068], [-144.693084, -14.898426], [-144.695842, -14.902462], [-144.698043, -14.905521], [-144.701606, -14.909479], [-144.704111, -14.912762], [-144.705986, -14.915879], [-144.708961, -14.920581], [-144.711412, -14.924123], [-144.713074, -14.927125], [-144.715714, -14.931019], [-144.71791, -14.934311], [-144.71981, -14.937133], [-144.722619, -14.941322], [-144.725139, -14.944181], [-144.727302, -14.946606], [-144.7305, -14.949725], [-144.733672, -14.952407], [-144.737068, -14.955582], [-144.740113, -14.958711], [-144.741703, -14.96124], [-144.745621, -14.964664], [-144.749161, -14.967438], [-144.750987, -14.969517], [-144.753266, -14.972285], [-144.754822, -14.974251], [-144.756465, -14.977218], [-144.758781, -14.980476], [-144.76117, -14.983387], [-144.763985, -14.986189], [-144.76603, -14.988553], [-144.769677, -14.992317], [-144.772433, -14.995176], [-144.77475, -14.998034], [-144.777503, -15.001905], [-144.779444, -15.005328], [-144.781486, -15.008491], [-144.784721, -15.013181], [-144.787741, -15.01682], [-144.79029, -15.019796], [-144.793632, -15.024029], [-144.796311, -15.02706], [-144.798676, -15.030166], [-144.802246, -15.034849], [-144.805272, -15.038681], [-144.807701, -15.042037], [-144.811035, -15.047041], [-144.813495, -15.051412], [-144.815574, -15.055083], [-144.818345, -15.060497], [-144.821137, -15.064342], [-144.823555, -15.067339], [-144.826607, -15.071813], [-144.828768, -15.076241], [-144.831176, -15.079832], [-144.834435, -15.085168], [-144.836715, -15.089896], [-144.838486, -15.093718], [-144.841277, -15.099028], [-144.843364, -15.103669], [-144.844887, -15.107512], [-144.84723, -15.113029], [-144.849106, -15.117178], [-144.851249, -15.120605], [-144.854103, -15.125764], [-144.856685, -15.129817], [-144.85891, -15.13343], [-144.863037, -15.137886], [-144.866714, -15.141714], [-144.868745, -15.146287], [-144.873925, -15.151006], [-144.877534, -15.154524], [-144.880599, -15.156659], [-144.884811, -15.15913], [-144.888334, -15.161385], [-144.890693, -15.165483], [-144.892555, -15.17231], [-144.894917, -15.17773], [-144.897163, -15.181466], [-144.900574, -15.186485], [-144.90317, -15.190251], [-144.905655, -15.192822], [-144.908883, -15.196559], [-144.91133, -15.199687], [-144.913314, -15.20174], [-144.916519, -15.204211], [-144.919915, -15.205965], [-144.92366, -15.207841], [-144.92736, -15.209986], [-144.929612, -15.211173], [-144.933494, -15.213311], [-144.937477, -15.215621], [-144.940139, -15.216824], [-144.945137, -15.218315], [-144.950318, -15.219608], [-144.953343, -15.2201], [-144.958458, -15.220938], [-144.963858, -15.222228], [-144.967062, -15.223271], [-144.97213, -15.226431], [-144.977103, -15.23084], [-144.979575, -15.233964], [-144.98346, -15.239202], [-144.98764, -15.244967], [-144.990055, -15.248217], [-144.993965, -15.253483], [-144.997161, -15.257921], [-144.999867, -15.261451], [-145.002906, -15.265515], [-145.007584, -15.271072], [-145.011321, -15.275781], [-145.014327, -15.279655], [-145.017853, -15.283769], [-145.021392, -15.28831], [-145.024361, -15.29165], [-145.029671, -15.295979], [-145.03415, -15.299401], [-145.037378, -15.301988], [-145.041168, -15.304989], [-145.046547, -15.309624], [-145.051164, -15.313251], [-145.054993, -15.316076], [-145.060631, -15.320283], [-145.065256, -15.324026], [-145.068695, -15.327175], [-145.073845, -15.331832], [-145.078157, -15.33568], [-145.081764, -15.338821], [-145.087325, -15.343543], [-145.091804, -15.347292], [-145.095375, -15.350727], [-145.099122, -15.354775], [-145.102952, -15.358776], [-145.105843, -15.361946], [-145.109939, -15.367232], [-145.114905, -15.372416], [-145.117852, -15.375538], [-145.122024, -15.380886], [-145.125289, -15.385384], [-145.128028, -15.388781], [-145.13105, -15.392673], [-145.13469, -15.396885], [-145.138184, -15.401154], [-145.140682, -15.404661], [-145.144722, -15.410183], [-145.147981, -15.41474], [-145.150207, -15.41838], [-145.153426, -15.422141], [-145.157799, -15.427965], [-145.161344, -15.432951], [-145.16455, -15.436582], [-145.16838, -15.440545], [-145.172013, -15.444553], [-145.17523, -15.447481], [-145.180153, -15.452011], [-145.185189, -15.457222], [-145.188162, -15.460133], [-145.192773, -15.464845], [-145.197364, -15.47001], [-145.20001, -15.472967], [-145.205475, -15.477625], [-145.211502, -15.481582], [-145.21469, -15.483688], [-145.217906, -15.486036], [-145.221474, -15.488941], [-145.22549, -15.492798], [-145.228684, -15.495905], [-145.233447, -15.499686], [-145.239131, -15.504824], [-145.242118, -15.507473], [-145.244742, -15.510123], [-145.247788, -15.513654], [-145.250244, -15.516193], [-145.252122, -15.518412], [-145.254142, -15.521548], [-145.255916, -15.524669], [-145.257378, -15.527205], [-145.259276, -15.530248], [-145.261428, -15.533124], [-145.26447, -15.537295], [-145.265988, -15.539118], [-145.267637, -15.541393], [-145.269624, -15.544688], [-145.272374, -15.549144], [-145.27626, -15.555128], [-145.278316, -15.557439], [-145.279868, -15.559883], [-145.283203, -15.564955], [-145.28598, -15.568798], [-145.287652, -15.570938], [-145.289181, -15.572616], [-145.290788, -15.574882], [-145.293299, -15.577769], [-145.297177, -15.582921], [-145.298251, -15.584259], [-145.300147, -15.586631], [-145.303276, -15.591255], [-145.307894, -15.596666], [-145.310783, -15.599664], [-145.312573, -15.602003], [-145.315295, -15.605078], [-145.317616, -15.608297], [-145.318912, -15.609778], [-145.321569, -15.613348], [-145.324776, -15.617148], [-145.329906, -15.622733], [-145.33113, -15.623938], [-145.333668, -15.625449], [-145.338181, -15.627436], [-145.340157, -15.628267], [-145.344987, -15.631608], [-145.353305, -15.63819], [-145.355183, -15.639705], [-145.360382, -15.644257], [-145.363532, -15.646395], [-145.365684, -15.648084], [-145.367192, -15.64901], [-145.37666, -15.65638], [-145.378512, -15.657498], [-145.381219, -15.659366], [-145.385085, -15.662932], [-145.387832, -15.665717], [-145.390006, -15.668001], [-145.392742, -15.670555], [-145.394923, -15.6725], [-145.396657, -15.674435], [-145.398833, -15.677294], [-145.401609, -15.680347], [-145.404066, -15.683025], [-145.406813, -15.685934], [-145.408312, -15.687639], [-145.416975, -15.694488], [-145.418996, -15.695811], [-145.422611, -15.698456], [-145.426545, -15.701347], [-145.430688, -15.704263], [-145.433369, -15.706565], [-145.436682, -15.70924], [-145.442395, -15.71451], [-145.447075, -15.719143], [-145.448981, -15.721283], [-145.451204, -15.723912], [-145.453778, -15.727032], [-145.45554, -15.72999], [-145.458942, -15.737], [-145.459677, -15.739782], [-145.461283, -15.744232], [-145.461998, -15.747285], [-145.463433, -15.750515], [-145.46725, -15.756481], [-145.468958, -15.758638], [-145.472157, -15.763862], [-145.474488, -15.767153], [-145.477057, -15.77016], [-145.480392, -15.772606], [-145.484763, -15.775837], [-145.487522, -15.777896], [-145.493093, -15.782048], [-145.49593, -15.78495], [-145.500436, -15.789751], [-145.501722, -15.791595], [-145.503616, -15.794116], [-145.507515, -15.79877], [-145.509346, -15.801404], [-145.511074, -15.804092], [-145.512358, -15.806943], [-145.513516, -15.810776], [-145.514135, -15.81277], [-145.51699, -15.818482], [-145.519224, -15.821594], [-145.520585, -15.824408], [-145.523033, -15.828166], [-145.524409, -15.830192], [-145.526277, -15.832319], [-145.527874, -15.834122], [-145.530324, -15.837395], [-145.532692, -15.84004], [-145.535698, -15.843431], [-145.537202, -15.845082], [-145.541016, -15.849508], [-145.544877, -15.853933], [-145.546333, -15.856599], [-145.551224, -15.861194], [-145.554508, -15.864948], [-145.559364, -15.870373], [-145.563568, -15.875036], [-145.566543, -15.878297], [-145.569203, -15.881213], [-145.5719, -15.884321], [-145.575615, -15.888779], [-145.577789, -15.891386], [-145.581863, -15.896255], [-145.585519, -15.900436], [-145.586477, -15.901726], [-145.589332, -15.906313], [-145.591699, -15.910019], [-145.592832, -15.912039], [-145.594449, -15.91573], [-145.595283, -15.91762], [-145.596535, -15.91971], [-145.597434, -15.921775], [-145.598377, -15.923998], [-145.600353, -15.926953], [-145.601392, -15.929238], [-145.602285, -15.931266], [-145.602968, -15.933474], [-145.604165, -15.935206], [-145.605273, -15.937025], [-145.607729, -15.940559], [-145.608851, -15.941858], [-145.610503, -15.94388], [-145.612801, -15.946775], [-145.616118, -15.951368], [-145.617632, -15.954019], [-145.61917, -15.955863], [-145.620789, -15.958192], [-145.621972, -15.959668], [-145.623096, -15.961406], [-145.625455, -15.963921], [-145.627742, -15.967425], [-145.628842, -15.969556], [-145.629658, -15.971219], [-145.630808, -15.973162], [-145.632338, -15.975121], [-145.63382, -15.976435], [-145.635959, -15.978244], [-145.637077, -15.980487], [-145.63842, -15.981742], [-145.639943, -15.983141], [-145.641328, -15.985499], [-145.642808, -15.987892], [-145.643898, -15.98991], [-145.644958, -15.991422], [-145.646586, -15.993587], [-145.647603, -15.995009], [-145.649301, -15.997106], [-145.650783, -15.998815], [-145.65327, -16.001491], [-145.656124, -16.003583], [-145.657355, -16.005892], [-145.659151, -16.007917], [-145.66121, -16.009637], [-145.662673, -16.010908], [-145.664058, -16.012532], [-145.665176, -16.014119], [-145.666603, -16.015171], [-145.670807, -16.018769], [-145.671937, -16.01976], [-145.673508, -16.021912], [-145.674859, -16.02362], [-145.6772, -16.025956], [-145.679198, -16.027532], [-145.680721, -16.029335], [-145.683275, -16.032045], [-145.684454, -16.032947], [-145.687091, -16.035744], [-145.688502, -16.037099], [-145.690368, -16.038754], [-145.693378, -16.041162], [-145.69539, -16.043112], [-145.696923, -16.044974], [-145.698448, -16.0467], [-145.700011, -16.04834], [-145.702157, -16.050565], [-145.703607, -16.051861], [-145.704759, -16.053965], [-145.706498, -16.056689], [-145.708091, -16.05989], [-145.70912, -16.06218], [-145.710438, -16.064499], [-145.711352, -16.066391], [-145.712221, -16.068701], [-145.712765, -16.071419], [-145.712896, -16.073614], [-145.713201, -16.076428], [-145.713236, -16.078792], [-145.713838, -16.08017], [-145.7127, -16.081921], [-145.71049, -16.083337], [-145.707802, -16.08455], [-145.70337, -16.085214], [-145.699507, -16.085821], [-145.696814, -16.086194], [-145.692596, -16.085566], [-145.689548, -16.085175], [-145.685966, -16.084146], [-145.683772, -16.083455], [-145.679714, -16.081964], [-145.677437, -16.081042], [-145.673043, -16.079263], [-145.670577, -16.078321], [-145.66679, -16.077031], [-145.661735, -16.075287], [-145.657635, -16.073856], [-145.65576, -16.073191], [-145.650139, -16.071089], [-145.645476, -16.069331], [-145.642883, -16.068334], [-145.638061, -16.066476], [-145.63333, -16.064705], [-145.630684, -16.06373], [-145.626425, -16.062153], [-145.624407, -16.061264], [-145.62232, -16.06048], [-145.621153, -16.058726], [-145.621361, -16.05888], [-145.622273, -16.06181], [-145.620683, -16.062838], [-145.618507, -16.064196], [-145.62282, -16.06344], [-145.625201, -16.063163], [-145.628985, -16.062292], [-145.632682, -16.060928], [-145.635081, -16.059994], [-145.638358, -16.058805], [-145.641492, -16.058277], [-145.649122, -16.055915], [-145.650963, -16.055258], [-145.650711, -16.054918], [-145.642467, -16.056182], [-145.639773, -16.056816], [-145.637777, -16.058231], [-145.63548, -16.059548], [-145.632538, -16.060817], [-145.629191, -16.062153], [-145.626325, -16.063371], [-145.622722, -16.064892], [-145.619761, -16.065897], [-145.618299, -16.066517], [-145.618004, -16.065227], [-145.618376, -16.064784], [-145.620289, -16.065896], [-145.619771, -16.067979], [-145.618941, -16.070389], [-145.618497, -16.071475], [-145.618888, -16.074164], [-145.618615, -16.076511], [-145.618566, -16.078285], [-145.619672, -16.080439], [-145.619881, -16.08283], [-145.619904, -16.08515], [-145.619725, -16.087775], [-145.619613, -16.089913], [-145.619131, -16.092456], [-145.619376, -16.096056], [-145.620028, -16.098547], [-145.620456, -16.100939], [-145.620527, -16.103473], [-145.620775, -16.105619], [-145.620122, -16.107944], [-145.618867, -16.110021], [-145.615572, -16.114717], [-145.612274, -16.118666], [-145.608749, -16.121464], [-145.607434, -16.122881], [-145.605359, -16.125681], [-145.604248, -16.127605], [-145.602402, -16.129791], [-145.600425, -16.13252], [-145.599201, -16.133905], [-145.597108, -16.13692], [-145.595776, -16.139652], [-145.593634, -16.142996], [-145.591609, -16.145285], [-145.589787, -16.148159], [-145.587803, -16.152418], [-145.586386, -16.154337], [-145.584106, -16.157237], [-145.582589, -16.159391], [-145.581378, -16.161106], [-145.580633, -16.163453], [-145.580236, -16.166068], [-145.580138, -16.168481], [-145.579394, -16.172516], [-145.57917, -16.175668], [-145.579255, -16.178419], [-145.578384, -16.180943], [-145.576237, -16.188135], [-145.575395, -16.192095], [-145.573627, -16.197068], [-145.573233, -16.198524], [-145.571907, -16.20368], [-145.571068, -16.205503], [-145.569878, -16.208511], [-145.568661, -16.212147], [-145.567509, -16.214049], [-145.565947, -16.216825], [-145.56427, -16.21878], [-145.562277, -16.22297], [-145.560427, -16.224234], [-145.558328, -16.224274], [-145.557625, -16.223741], [-145.55783, -16.224003], [-145.55866, -16.228993], [-145.559878, -16.23398], [-145.560561, -16.23666], [-145.560459, -16.23837], [-145.55925, -16.241316], [-145.557739, -16.244445], [-145.554733, -16.250862], [-145.553364, -16.253818], [-145.551552, -16.25735], [-145.55019, -16.260536], [-145.548441, -16.263021], [-145.547003, -16.265488], [-145.544419, -16.269926], [-145.54299, -16.272371], [-145.540978, -16.275666], [-145.539891, -16.277524], [-145.537148, -16.280878], [-145.536003, -16.282486], [-145.534058, -16.285298], [-145.531436, -16.28811], [-145.529081, -16.290682], [-145.517947, -16.30083], [-145.516813, -16.301837], [-145.507507, -16.308887], [-145.5062, -16.310197], [-145.50509, -16.312477], [-145.503822, -16.323118], [-145.503408, -16.329608], [-145.50277, -16.336498], [-145.50222, -16.339593], [-145.49769, -16.346367], [-145.49328, -16.351073], [-145.490637, -16.353712], [-145.469155, -16.368222], [-145.466301, -16.369677], [-145.446173, -16.377518], [-145.444041, -16.378493], [-145.42923, -16.388297], [-145.4196, -16.395852], [-145.407068, -16.404343], [-145.384443, -16.42501], [-145.369983, -16.440338], [-145.368871, -16.442066], [-145.366988, -16.445735], [-145.366773, -16.448529], [-145.367671, -16.450181], [-145.368023, -16.451747], [-145.371429, -16.452312], [-145.375074, -16.453913], [-145.379388, -16.456417], [-145.382812, -16.458432], [-145.388214, -16.461589], [-145.391097, -16.463438], [-145.392275, -16.464592], [-145.395504, -16.466565], [-145.398329, -16.467801], [-145.405181, -16.470264], [-145.411209, -16.472402], [-145.417182, -16.474509], [-145.421916, -16.476141], [-145.424698, -16.477541], [-145.429687, -16.480268], [-145.431549, -16.481807], [-145.436675, -16.486206], [-145.439728, -16.488791], [-145.444358, -16.492342], [-145.447529, -16.49497], [-145.45023, -16.497838], [-145.45507, -16.502974], [-145.456828, -16.504952], [-145.458442, -16.506913], [-145.457241, -16.506632], [-145.456012, -16.505904], [-145.454836, -16.505635], [-145.454254, -16.504915]]}, "times": ["2022-06-10T22:34:47+00:00", "2022-06-10T22:36:41+00:00", "2022-06-10T22:39:29+00:00", "2022-06-10T22:40:15+00:00", "2022-06-10T22:42:47+00:00", "2022-06-10T22:43:53+00:00", "2022-06-10T22:44:50+00:00", "2022-06-10T22:46:58+00:00", "2022-06-10T22:49:46+00:00", "2022-06-10T22:50:42+00:00", "2022-06-10T22:53:15+00:00", "2022-06-10T22:54:19+00:00", "2022-06-10T22:56:47+00:00", "2022-06-10T22:57:55+00:00", "2022-06-10T22:59:31+00:00", "2022-06-10T23:00:59+00:00", "2022-06-10T23:04:12+00:00", "2022-06-10T23:08:47+00:00", "2022-06-10T23:09:46+00:00", "2022-06-10T23:10:48+00:00", "2022-06-10T23:13:31+00:00", "2022-06-10T23:14:35+00:00", "2022-06-10T23:15:23+00:00", "2022-06-10T23:16:59+00:00", "2022-06-10T23:18:03+00:00", "2022-06-10T23:19:15+00:00", "2022-06-10T23:20:15+00:00", "2022-06-10T23:21:24+00:00", "2022-06-10T23:23:24+00:00", "2022-06-10T23:24:52+00:00", "2022-06-10T23:26:44+00:00", "2022-06-10T23:28:04+00:00", "2022-06-10T23:29:00+00:00", "2022-06-10T23:30:15+00:00", "2022-06-10T23:31:57+00:00", "2022-06-10T23:33:41+00:00", "2022-06-10T23:35:17+00:00", "2022-06-10T23:36:04+00:00", "2022-06-10T23:38:04+00:00", "2022-06-10T23:40:06+00:00", "2022-06-10T23:42:04+00:00", "2022-06-10T23:43:02+00:00", "2022-06-10T23:44:46+00:00", "2022-06-10T23:46:22+00:00", "2022-06-10T23:48:04+00:00", "2022-06-10T23:49:51+00:00", "2022-06-10T23:50:55+00:00", "2022-06-10T23:51:59+00:00", "2022-06-10T23:53:59+00:00", "2022-06-10T23:55:11+00:00", "2022-06-10T23:56:07+00:00", "2022-06-10T23:57:44+00:00", "2022-06-10T23:59:12+00:00", "2022-06-11T00:00:15+00:00", "2022-06-11T00:01:44+00:00", "2022-06-11T00:02:48+00:00", "2022-06-11T00:04:01+00:00", "2022-06-11T00:05:05+00:00", "2022-06-11T00:06:15+00:00", "2022-06-11T00:08:09+00:00", "2022-06-11T00:08:49+00:00", "2022-06-11T00:11:05+00:00", "2022-06-11T00:12:18+00:00", "2022-06-11T00:14:19+00:00", "2022-06-11T00:16:10+00:00", "2022-06-11T00:17:30+00:00", "2022-06-11T00:18:18+00:00", "2022-06-11T00:20:15+00:00", "2022-06-11T00:22:19+00:00", "2022-06-11T00:23:23+00:00", "2022-06-11T00:25:31+00:00", "2022-06-11T00:26:27+00:00", "2022-06-11T00:28:11+00:00", "2022-06-11T00:28:59+00:00", "2022-06-11T00:30:15+00:00", "2022-06-11T00:32:19+00:00", "2022-06-11T00:34:36+00:00", "2022-06-11T00:35:56+00:00", "2022-06-11T00:37:48+00:00", "2022-06-11T00:39:25+00:00", "2022-06-11T00:41:41+00:00", "2022-06-11T00:42:29+00:00", "2022-06-11T00:43:49+00:00", "2022-06-11T00:44:21+00:00", "2022-06-11T00:47:02+00:00", "2022-06-11T00:48:22+00:00", "2022-06-11T00:51:58+00:00", "2022-06-11T00:53:27+00:00", "2022-06-11T00:54:31+00:00", "2022-06-11T00:55:59+00:00", "2022-06-11T00:58:20+00:00", "2022-06-11T01:04:48+00:00", "2022-06-11T01:11:05+00:00", "2022-06-11T01:16:17+00:00", "2022-06-11T01:17:38+00:00", "2022-06-11T01:19:38+00:00", "2022-06-11T01:21:14+00:00", "2022-06-11T01:23:31+00:00", "2022-06-11T01:24:22+00:00", "2022-06-11T01:26:29+00:00", "2022-06-11T01:28:03+00:00", "2022-06-11T01:30:11+00:00", "2022-06-11T01:34:44+00:00", "2022-06-11T01:36:04+00:00", "2022-06-11T01:38:05+00:00", "2022-06-11T01:40:13+00:00", "2022-06-11T01:42:13+00:00", "2022-06-11T01:43:25+00:00", "2022-06-11T01:45:01+00:00", "2022-06-11T01:46:27+00:00", "2022-06-11T01:48:27+00:00", "2022-06-11T01:50:15+00:00", "2022-06-11T01:53:10+00:00", "2022-06-11T01:55:03+00:00", "2022-06-11T01:57:35+00:00", "2022-06-11T01:59:43+00:00", "2022-06-11T02:01:43+00:00", "2022-06-11T02:04:27+00:00", "2022-06-11T02:09:12+00:00", "2022-06-11T02:10:29+00:00", "2022-06-11T02:12:29+00:00", "2022-06-11T02:14:09+00:00", "2022-06-11T02:15:53+00:00", "2022-06-11T02:16:50+00:00", "2022-06-11T02:19:00+00:00", "2022-06-11T02:20:10+00:00", "2022-06-11T02:21:00+00:00", "2022-06-11T02:23:46+00:00", "2022-06-11T02:25:31+00:00", "2022-06-11T02:30:03+00:00", "2022-06-11T02:31:10+00:00", "2022-06-11T02:33:10+00:00", "2022-06-11T02:36:52+00:00", "2022-06-11T02:37:51+00:00", "2022-06-11T02:40:30+00:00", "2022-06-11T02:42:33+00:00", "2022-06-11T02:46:05+00:00", "2022-06-11T02:48:21+00:00", "2022-06-11T02:49:09+00:00", "2022-06-11T02:53:10+00:00", "2022-06-11T02:54:38+00:00", "2022-06-11T02:57:43+00:00", "2022-06-11T02:59:29+00:00", "2022-06-11T03:00:55+00:00", "2022-06-11T03:06:33+00:00", "2022-06-11T03:10:30+00:00", "2022-06-11T03:14:33+00:00", "2022-06-11T03:18:34+00:00", "2022-06-11T03:20:49+00:00", "2022-06-11T03:21:13+00:00", "2022-06-11T03:25:16+00:00", "2022-06-11T03:28:33+00:00", "2022-06-11T03:33:43+00:00", "2022-06-11T03:34:35+00:00", "2022-06-11T03:38:33+00:00", "2022-06-11T03:40:30+00:00", "2022-06-11T03:43:39+00:00", "2022-06-11T03:44:59+00:00", "2022-06-11T03:48:54+00:00", "2022-06-11T03:50:30+00:00", "2022-06-11T03:52:36+00:00", "2022-06-11T03:54:36+00:00", "2022-06-11T03:57:45+00:00", "2022-06-11T04:02:58+00:00", "2022-06-11T04:06:46+00:00", "2022-06-11T04:12:24+00:00", "2022-06-11T04:15:46+00:00", "2022-06-11T04:17:07+00:00", "2022-06-11T04:19:40+00:00", "2022-06-11T04:22:14+00:00", "2022-06-11T04:24:23+00:00", "2022-06-11T04:27:28+00:00", "2022-06-11T04:29:30+00:00", "2022-06-11T04:32:40+00:00", "2022-06-11T04:36:40+00:00", "2022-06-11T04:38:38+00:00", "2022-06-11T04:40:14+00:00", "2022-06-11T04:44:40+00:00", "2022-06-11T04:46:26+00:00", "2022-06-11T04:47:48+00:00", "2022-06-11T04:49:08+00:00", "2022-06-11T04:50:45+00:00", "2022-06-11T04:52:45+00:00", "2022-06-11T04:57:52+00:00", "2022-06-11T04:58:49+00:00", "2022-06-11T05:01:13+00:00", "2022-06-11T05:04:51+00:00", "2022-06-11T05:06:28+00:00", "2022-06-11T05:10:45+00:00", "2022-06-11T05:12:14+00:00", "2022-06-11T05:13:59+00:00", "2022-06-11T05:18:49+00:00", "2022-06-11T05:22:49+00:00", "2022-06-11T05:25:55+00:00", "2022-06-11T05:26:49+00:00", "2022-06-11T05:31:24+00:00", "2022-06-11T05:32:49+00:00", "2022-06-11T05:38:46+00:00", "2022-06-11T05:41:11+00:00", "2022-06-11T05:43:43+00:00", "2022-06-11T05:47:05+00:00", "2022-06-11T05:49:54+00:00", "2022-06-11T05:51:31+00:00", "2022-06-11T05:53:56+00:00", "2022-06-11T05:56:49+00:00", "2022-06-11T05:59:01+00:00", "2022-06-11T06:01:35+00:00", "2022-06-11T06:04:49+00:00", "2022-06-11T06:06:23+00:00", "2022-06-11T06:08:48+00:00", "2022-06-11T06:12:33+00:00", "2022-06-11T06:14:57+00:00", "2022-06-11T06:17:14+00:00", "2022-06-11T06:19:55+00:00", "2022-06-11T06:24:05+00:00", "2022-06-11T06:24:49+00:00", "2022-06-11T06:28:07+00:00", "2022-06-11T06:29:59+00:00", "2022-06-11T06:32:49+00:00", "2022-06-11T06:34:49+00:00", "2022-06-11T06:36:49+00:00", "2022-06-11T06:42:49+00:00", "2022-06-11T06:45:30+00:00", "2022-06-11T06:46:49+00:00", "2022-06-11T06:50:02+00:00", "2022-06-11T06:52:02+00:00", "2022-06-11T06:56:49+00:00", "2022-06-11T06:57:39+00:00", "2022-06-11T07:01:56+00:00", "2022-06-11T07:03:33+00:00", "2022-06-11T07:06:49+00:00", "2022-06-11T07:09:50+00:00", "2022-06-11T07:14:49+00:00", "2022-06-11T07:16:31+00:00", "2022-06-11T07:19:43+00:00", "2022-06-11T07:22:49+00:00", "2022-06-11T07:25:04+00:00", "2022-06-11T07:28:49+00:00", "2022-06-11T07:30:45+00:00", "2022-06-11T07:32:49+00:00", "2022-06-11T07:34:49+00:00", "2022-06-11T07:38:02+00:00", "2022-06-11T07:42:35+00:00", "2022-06-11T07:44:52+00:00", "2022-06-11T07:48:20+00:00", "2022-06-11T07:52:29+00:00", "2022-06-11T07:54:49+00:00", "2022-06-11T07:56:49+00:00", "2022-06-11T08:02:49+00:00", "2022-06-11T08:03:50+00:00", "2022-06-11T08:05:50+00:00", "2022-06-11T08:08:15+00:00", "2022-06-11T08:10:31+00:00", "2022-06-11T08:14:08+00:00", "2022-06-11T08:16:49+00:00", "2022-06-11T08:20:45+00:00", "2022-06-11T08:22:33+00:00", "2022-06-11T08:24:49+00:00", "2022-06-11T08:27:54+00:00", "2022-06-11T08:29:39+00:00", "2022-06-11T08:30:58+00:00", "2022-06-11T08:36:11+00:00", "2022-06-11T08:37:39+00:00", "2022-06-11T08:40:28+00:00", "2022-06-11T08:40:59+00:00", "2022-06-11T08:43:00+00:00", "2022-06-11T08:46:20+00:00", "2022-06-11T08:48:49+00:00", "2022-06-11T08:50:05+00:00", "2022-06-11T08:50:59+00:00", "2022-06-11T08:53:41+00:00", "2022-06-11T08:58:06+00:00", "2022-06-11T08:59:34+00:00", "2022-06-11T09:00:38+00:00", "2022-06-11T09:01:18+00:00", "2022-06-11T09:03:51+00:00", "2022-06-11T09:07:35+00:00", "2022-06-11T09:08:50+00:00", "2022-06-11T09:11:27+00:00", "2022-06-11T09:14:50+00:00", "2022-06-11T09:19:04+00:00", "2022-06-11T09:20:50+00:00", "2022-06-11T09:24:50+00:00", "2022-06-11T09:25:53+00:00", "2022-06-11T09:26:50+00:00", "2022-06-11T09:28:58+00:00", "2022-06-11T09:31:00+00:00", "2022-06-11T09:32:02+00:00", "2022-06-11T09:34:10+00:00", "2022-06-11T09:36:50+00:00", "2022-06-11T09:38:43+00:00", "2022-06-11T09:40:50+00:00", "2022-06-11T09:44:50+00:00", "2022-06-11T09:46:12+00:00", "2022-06-11T09:48:12+00:00", "2022-06-11T09:51:00+00:00", "2022-06-11T09:52:51+00:00", "2022-06-11T09:54:53+00:00", "2022-06-11T09:58:14+00:00", "2022-06-11T10:00:22+00:00", "2022-06-11T10:01:50+00:00", "2022-06-11T10:06:15+00:00", "2022-06-11T10:07:35+00:00", "2022-06-11T10:09:51+00:00", "2022-06-11T10:10:55+00:00", "2022-06-11T10:15:44+00:00", "2022-06-11T10:16:51+00:00", "2022-06-11T10:21:00+00:00", "2022-06-11T10:22:51+00:00", "2022-06-11T10:25:21+00:00", "2022-06-11T10:28:51+00:00", "2022-06-11T10:31:00+00:00", "2022-06-11T10:34:02+00:00", "2022-06-11T10:36:51+00:00", "2022-06-11T10:37:23+00:00", "2022-06-11T10:41:00+00:00", "2022-06-11T10:42:59+00:00", "2022-06-11T10:46:51+00:00", "2022-06-11T10:48:52+00:00", "2022-06-11T10:51:00+00:00", "2022-06-11T10:53:49+00:00", "2022-06-11T10:58:51+00:00", "2022-06-11T10:59:57+00:00", "2022-06-11T11:02:51+00:00", "2022-06-11T11:04:51+00:00", "2022-06-11T11:07:02+00:00", "2022-06-11T11:10:51+00:00", "2022-06-11T11:12:47+00:00", "2022-06-11T11:14:57+00:00", "2022-06-11T11:16:40+00:00", "2022-06-11T11:17:52+00:00", "2022-06-11T11:21:00+00:00", "2022-06-11T11:24:33+00:00", "2022-06-11T11:26:57+00:00", "2022-06-11T11:28:57+00:00", "2022-06-11T11:30:57+00:00", "2022-06-11T11:32:57+00:00", "2022-06-11T11:34:57+00:00", "2022-06-11T11:36:26+00:00", "2022-06-11T11:39:31+00:00", "2022-06-11T11:40:59+00:00", "2022-06-11T11:46:19+00:00", "2022-06-11T11:46:57+00:00", "2022-06-11T11:48:57+00:00", "2022-06-11T11:52:28+00:00", "2022-06-11T11:54:57+00:00", "2022-06-11T11:56:57+00:00", "2022-06-11T11:58:57+00:00", "2022-06-11T12:00:57+00:00", "2022-06-11T12:03:33+00:00", "2022-06-11T12:04:38+00:00", "2022-06-11T12:07:50+00:00", "2022-06-11T12:08:22+00:00", "2022-06-11T12:10:57+00:00", "2022-06-11T12:12:57+00:00", "2022-06-11T12:15:43+00:00", "2022-06-11T12:16:57+00:00", "2022-06-11T12:18:57+00:00", "2022-06-11T12:21:51+00:00", "2022-06-11T12:24:32+00:00", "2022-06-11T12:26:08+00:00", "2022-06-11T12:27:36+00:00", "2022-06-11T12:30:09+00:00", "2022-06-11T12:31:53+00:00", "2022-06-11T12:34:57+00:00", "2022-06-11T12:35:37+00:00", "2022-06-11T12:38:02+00:00", "2022-06-11T12:39:14+00:00", "2022-06-11T12:41:22+00:00", "2022-06-11T12:43:30+00:00", "2022-06-11T12:46:35+00:00", "2022-06-11T12:50:57+00:00", "2022-06-11T12:51:47+00:00", "2022-06-11T12:54:44+00:00", "2022-06-11T12:56:28+00:00", "2022-06-11T12:57:40+00:00", "2022-06-11T13:00:36+00:00", "2022-06-11T13:04:45+00:00", "2022-06-11T13:08:13+00:00", "2022-06-11T13:09:49+00:00", "2022-06-11T13:11:57+00:00", "2022-06-11T13:15:10+00:00", "2022-06-11T13:16:54+00:00", "2022-06-11T13:19:58+00:00", "2022-06-11T13:20:59+00:00", "2022-06-11T13:22:59+00:00", "2022-06-11T13:24:59+00:00", "2022-06-11T13:27:27+00:00", "2022-06-11T13:28:59+00:00", "2022-06-11T13:32:15+00:00", "2022-06-11T13:34:59+00:00", "2022-06-11T13:38:59+00:00", "2022-06-11T13:40:56+00:00", "2022-06-11T13:42:59+00:00", "2022-06-11T13:46:59+00:00", "2022-06-11T13:47:45+00:00", "2022-06-11T13:51:15+00:00", "2022-06-11T13:52:10+00:00", "2022-06-11T13:56:18+00:00", "2022-06-11T13:56:59+00:00", "2022-06-11T14:00:11+00:00", "2022-06-11T14:00:59+00:00", "2022-06-11T14:03:15+00:00", "2022-06-11T14:04:43+00:00", "2022-06-11T14:06:43+00:00", "2022-06-11T14:08:11+00:00", "2022-06-11T14:11:15+00:00", "2022-06-11T14:12:21+00:00", "2022-06-11T14:13:17+00:00", "2022-06-11T14:17:19+00:00", "2022-06-11T14:18:59+00:00", "2022-06-11T14:20:39+00:00", "2022-06-11T14:22:47+00:00", "2022-06-11T14:24:59+00:00", "2022-06-11T14:26:59+00:00", "2022-06-11T14:29:12+00:00", "2022-06-11T14:31:20+00:00", "2022-06-11T14:32:59+00:00", "2022-06-11T14:33:44+00:00", "2022-06-11T14:34:59+00:00", "2022-06-11T14:37:05+00:00", "2022-06-11T14:40:09+00:00", "2022-06-11T14:41:45+00:00", "2022-06-11T14:43:54+00:00", "2022-06-11T14:46:02+00:00", "2022-06-11T14:48:18+00:00", "2022-06-11T14:49:06+00:00", "2022-06-11T14:49:46+00:00", "2022-06-11T14:51:47+00:00", "2022-06-11T14:54:35+00:00", "2022-06-11T14:57:07+00:00", "2022-06-11T14:58:59+00:00", "2022-06-11T15:00:59+00:00", "2022-06-11T15:04:59+00:00", "2022-06-11T15:05:57+00:00", "2022-06-11T15:07:41+00:00", "2022-06-11T15:09:41+00:00", "2022-06-11T15:11:09+00:00", "2022-06-11T15:12:05+00:00", "2022-06-11T15:13:49+00:00", "2022-06-11T15:15:42+00:00", "2022-06-11T15:20:59+00:00", "2022-06-11T15:22:59+00:00", "2022-06-11T15:27:27+00:00", "2022-06-11T15:28:59+00:00", "2022-06-11T15:30:56+00:00", "2022-06-11T15:32:59+00:00", "2022-06-11T15:36:32+00:00", "2022-06-11T15:38:48+00:00", "2022-06-11T15:40:59+00:00", "2022-06-11T15:42:09+00:00", "2022-06-11T15:44:59+00:00", "2022-06-11T15:46:59+00:00", "2022-06-11T15:48:59+00:00", "2022-06-11T15:52:10+00:00", "2022-06-11T15:54:26+00:00", "2022-06-11T15:56:42+00:00", "2022-06-11T15:59:23+00:00", "2022-06-11T16:01:15+00:00", "2022-06-11T16:03:47+00:00", "2022-06-11T16:04:59+00:00", "2022-06-11T16:06:36+00:00", "2022-06-11T16:08:59+00:00", "2022-06-11T16:09:40+00:00", "2022-06-11T16:12:05+00:00", "2022-06-11T16:14:21+00:00", "2022-06-11T16:16:59+00:00", "2022-06-11T16:19:34+00:00", "2022-06-11T16:21:50+00:00", "2022-06-11T16:23:18+00:00", "2022-06-11T16:26:59+00:00", "2022-06-11T16:29:35+00:00", "2022-06-11T16:32:59+00:00", "2022-06-11T16:34:07+00:00", "2022-06-11T16:34:39+00:00", "2022-06-11T16:38:59+00:00", "2022-06-11T16:42:59+00:00", "2022-06-11T16:43:45+00:00", "2022-06-11T16:46:09+00:00", "2022-06-11T16:48:33+00:00", "2022-06-11T16:49:45+00:00", "2022-06-11T16:51:15+00:00", "2022-06-11T16:52:50+00:00", "2022-06-11T16:56:10+00:00", "2022-06-11T16:56:59+00:00", "2022-06-11T16:58:59+00:00", "2022-06-11T17:00:59+00:00", "2022-06-11T17:02:59+00:00", "2022-06-11T17:04:59+00:00", "2022-06-11T17:08:12+00:00", "2022-06-11T17:10:28+00:00", "2022-06-11T17:11:15+00:00", "2022-06-11T17:12:59+00:00", "2022-06-11T17:14:59+00:00", "2022-06-11T17:17:17+00:00", "2022-06-11T17:20:05+00:00", "2022-06-11T17:20:59+00:00", "2022-06-11T17:23:02+00:00", "2022-06-11T17:26:59+00:00", "2022-06-11T17:29:42+00:00", "2022-06-11T17:30:59+00:00", "2022-06-11T17:32:23+00:00", "2022-06-11T17:34:47+00:00", "2022-06-11T17:37:27+00:00", "2022-06-11T17:39:28+00:00", "2022-06-11T17:41:15+00:00", "2022-06-11T17:42:59+00:00", "2022-06-11T17:46:59+00:00", "2022-06-11T17:50:59+00:00", "2022-06-11T17:52:59+00:00", "2022-06-11T17:56:59+00:00", "2022-06-11T18:00:59+00:00", "2022-06-11T18:02:59+00:00", "2022-06-11T18:06:59+00:00", "2022-06-11T18:10:59+00:00", "2022-06-11T18:12:59+00:00", "2022-06-11T18:16:59+00:00", "2022-06-11T18:20:59+00:00", "2022-06-11T18:23:46+00:00", "2022-06-11T18:26:58+00:00", "2022-06-11T18:28:23+00:00", "2022-06-11T18:30:11+00:00", "2022-06-11T18:32:23+00:00", "2022-06-11T18:34:04+00:00", "2022-06-11T18:36:04+00:00", "2022-06-11T18:37:48+00:00", "2022-06-11T18:39:16+00:00", "2022-06-11T18:40:44+00:00", "2022-06-11T18:43:49+00:00", "2022-06-11T18:44:23+00:00", "2022-06-11T18:46:15+00:00", "2022-06-11T18:48:30+00:00", "2022-06-11T18:49:26+00:00", "2022-06-11T18:51:42+00:00", "2022-06-11T18:52:54+00:00", "2022-06-11T18:54:46+00:00", "2022-06-11T18:57:43+00:00", "2022-06-11T19:00:29+00:00", "2022-06-11T19:03:03+00:00", "2022-06-11T19:04:29+00:00", "2022-06-11T19:06:15+00:00", "2022-06-11T19:09:12+00:00", "2022-06-11T19:10:29+00:00", "2022-06-11T19:12:29+00:00", "2022-06-11T19:13:53+00:00", "2022-06-11T19:14:57+00:00", "2022-06-11T19:16:26+00:00", "2022-06-11T19:19:22+00:00", "2022-06-11T19:20:50+00:00", "2022-06-11T19:23:30+00:00", "2022-06-11T19:24:29+00:00", "2022-06-11T19:26:29+00:00", "2022-06-11T19:28:29+00:00", "2022-06-11T19:30:29+00:00", "2022-06-11T19:31:16+00:00", "2022-06-11T19:33:40+00:00", "2022-06-11T19:36:04+00:00", "2022-06-11T19:37:40+00:00", "2022-06-11T19:38:37+00:00", "2022-06-11T19:42:29+00:00", "2022-06-11T19:45:10+00:00", "2022-06-11T19:47:42+00:00", "2022-06-11T19:48:46+00:00", "2022-06-11T19:51:35+00:00", "2022-06-11T19:52:47+00:00", "2022-06-11T19:54:29+00:00", "2022-06-11T19:56:30+00:00", "2022-06-11T19:57:51+00:00", "2022-06-11T20:00:08+00:00", "2022-06-11T20:00:40+00:00", "2022-06-11T20:03:36+00:00", "2022-06-11T20:04:56+00:00", "2022-06-11T20:09:05+00:00", "2022-06-11T20:10:33+00:00", "2022-06-11T20:14:31+00:00", "2022-06-11T20:15:38+00:00", "2022-06-11T20:17:38+00:00", "2022-06-11T20:20:26+00:00", "2022-06-11T20:24:03+00:00", "2022-06-11T20:25:07+00:00", "2022-06-11T20:28:31+00:00", "2022-06-11T20:29:16+00:00", "2022-06-11T20:31:08+00:00", "2022-06-11T20:33:40+00:00", "2022-06-11T20:35:48+00:00", "2022-06-11T20:38:31+00:00", "2022-06-11T20:40:53+00:00", "2022-06-11T20:41:57+00:00", "2022-06-11T20:44:14+00:00", "2022-06-11T20:47:18+00:00", "2022-06-11T20:48:31+00:00", "2022-06-11T20:53:11+00:00", "2022-06-11T20:54:55+00:00", "2022-06-11T20:56:40+00:00", "2022-06-11T20:58:40+00:00", "2022-06-11T21:01:12+00:00", "2022-06-11T21:02:09+00:00", "2022-06-11T21:05:29+00:00", "2022-06-11T21:06:30+00:00", "2022-06-11T21:09:38+00:00", "2022-06-11T21:10:50+00:00", "2022-06-11T21:12:32+00:00", "2022-06-11T21:14:50+00:00", "2022-06-11T21:17:15+00:00", "2022-06-11T21:18:32+00:00", "2022-06-11T21:22:44+00:00", "2022-06-11T21:24:32+00:00", "2022-06-11T21:25:40+00:00", "2022-06-11T21:26:42+00:00", "2022-06-11T21:30:13+00:00", "2022-06-11T21:32:32+00:00", "2022-06-11T21:35:33+00:00", "2022-06-11T21:36:22+00:00", "2022-06-11T21:38:06+00:00", "2022-06-11T21:39:26+00:00", "2022-06-11T21:40:14+00:00", "2022-06-11T21:44:32+00:00", "2022-06-11T21:46:43+00:00", "2022-06-11T21:49:03+00:00", "2022-06-11T21:52:32+00:00", "2022-06-11T21:53:11+00:00", "2022-06-11T21:54:32+00:00", "2022-06-11T21:56:30+00:00", "2022-06-11T21:57:12+00:00", "2022-06-11T22:01:28+00:00", "2022-06-11T22:02:16+00:00", "2022-06-11T22:03:13+00:00", "2022-06-11T22:04:49+00:00", "2022-06-11T22:06:32+00:00", "2022-06-11T22:08:57+00:00", "2022-06-11T22:12:32+00:00", "2022-06-11T22:14:32+00:00", "2022-06-11T22:16:32+00:00", "2022-06-11T22:18:14+00:00", "2022-06-11T22:20:22+00:00", "2022-06-11T22:22:31+00:00", "2022-06-11T22:23:35+00:00", "2022-06-11T22:26:23+00:00", "2022-06-11T22:26:45+00:00", "2022-06-11T22:29:27+00:00", "2022-06-11T22:31:36+00:00", "2022-06-11T22:33:52+00:00", "2022-06-11T22:34:48+00:00", "2022-06-11T22:36:45+00:00", "2022-06-11T22:38:49+00:00", "2022-06-11T22:41:13+00:00", "2022-06-11T22:44:02+00:00", "2022-06-11T22:46:32+00:00", "2022-06-11T22:48:18+00:00", "2022-06-11T22:49:46+00:00", "2022-06-11T22:52:35+00:00", "2022-06-11T22:55:23+00:00", "2022-06-11T22:56:32+00:00", "2022-06-11T22:58:03+00:00", "2022-06-11T22:59:08+00:00", "2022-06-11T23:03:16+00:00", "2022-06-11T23:04:23+00:00", "2022-06-11T23:06:16+00:00", "2022-06-11T23:08:32+00:00", "2022-06-11T23:10:56+00:00", "2022-06-11T23:12:32+00:00", "2022-06-11T23:14:32+00:00", "2022-06-11T23:18:09+00:00", "2022-06-11T23:19:38+00:00", "2022-06-11T23:22:32+00:00", "2022-06-11T23:26:27+00:00", "2022-06-11T23:28:32+00:00", "2022-06-11T23:30:32+00:00", "2022-06-11T23:31:56+00:00", "2022-06-11T23:36:32+00:00", "2022-06-11T23:37:16+00:00", "2022-06-11T23:39:25+00:00", "2022-06-11T23:41:01+00:00", "2022-06-11T23:42:37+00:00", "2022-06-11T23:44:05+00:00", "2022-06-11T23:46:38+00:00", "2022-06-11T23:48:32+00:00", "2022-06-11T23:50:32+00:00", "2022-06-11T23:51:43+00:00", "2022-06-11T23:54:55+00:00", "2022-06-11T23:56:32+00:00", "2022-06-12T00:00:32+00:00", "2022-06-12T00:02:24+00:00", "2022-06-12T00:03:36+00:00", "2022-06-12T00:06:45+00:00", "2022-06-12T00:08:32+00:00", "2022-06-12T00:10:32+00:00", "2022-06-12T00:12:26+00:00", "2022-06-12T00:14:10+00:00", "2022-06-12T00:15:38+00:00", "2022-06-12T00:18:26+00:00", "2022-06-12T00:20:32+00:00", "2022-06-12T00:21:31+00:00", "2022-06-12T00:23:23+00:00", "2022-06-12T00:27:00+00:00", "2022-06-12T00:27:24+00:00", "2022-06-12T00:30:52+00:00", "2022-06-12T00:32:13+00:00", "2022-06-12T00:35:57+00:00", "2022-06-12T00:37:00+00:00", "2022-06-12T00:38:33+00:00", "2022-06-12T00:40:33+00:00", "2022-06-12T00:42:30+00:00", "2022-06-12T00:44:06+00:00", "2022-06-12T00:45:42+00:00", "2022-06-12T00:47:00+00:00", "2022-06-12T00:48:33+00:00", "2022-06-12T00:50:39+00:00", "2022-06-12T00:52:55+00:00", "2022-06-12T00:54:33+00:00", "2022-06-12T00:57:04+00:00", "2022-06-12T01:00:16+00:00", "2022-06-12T01:02:57+00:00", "2022-06-12T01:06:01+00:00", "2022-06-12T01:06:49+00:00", "2022-06-12T01:08:33+00:00", "2022-06-12T01:10:33+00:00", "2022-06-12T01:12:33+00:00", "2022-06-12T01:16:19+00:00", "2022-06-12T01:17:47+00:00", "2022-06-12T01:20:33+00:00", "2022-06-12T01:22:28+00:00", "2022-06-12T01:24:33+00:00", "2022-06-12T01:26:12+00:00", "2022-06-12T01:27:00+00:00", "2022-06-12T01:31:17+00:00", "2022-06-12T01:32:33+00:00", "2022-06-12T01:35:10+00:00", "2022-06-12T01:37:00+00:00", "2022-06-12T01:39:34+00:00", "2022-06-12T01:41:10+00:00", "2022-06-12T01:44:23+00:00", "2022-06-12T01:46:33+00:00", "2022-06-12T01:47:43+00:00", "2022-06-12T01:50:33+00:00", "2022-06-12T01:54:32+00:00", "2022-06-12T01:56:33+00:00", "2022-06-12T02:00:01+00:00", "2022-06-12T02:01:05+00:00", "2022-06-12T02:02:57+00:00", "2022-06-12T02:06:02+00:00", "2022-06-12T02:06:34+00:00", "2022-06-12T02:08:33+00:00", "2022-06-12T02:10:33+00:00", "2022-06-12T02:12:33+00:00", "2022-06-12T02:14:33+00:00", "2022-06-12T02:16:33+00:00", "2022-06-12T02:18:04+00:00", "2022-06-12T02:20:28+00:00", "2022-06-12T02:23:32+00:00", "2022-06-12T02:24:33+00:00", "2022-06-12T02:27:25+00:00", "2022-06-12T02:30:29+00:00", "2022-06-12T02:32:33+00:00", "2022-06-12T02:37:15+00:00", "2022-06-12T02:38:33+00:00", "2022-06-12T02:40:33+00:00", "2022-06-12T02:42:33+00:00", "2022-06-12T02:44:24+00:00", "2022-06-12T02:46:33+00:00", "2022-06-12T02:48:00+00:00", "2022-06-12T02:50:32+00:00", "2022-06-12T02:52:33+00:00", "2022-06-12T02:53:29+00:00", "2022-06-12T02:54:41+00:00", "2022-06-12T02:56:33+00:00", "2022-06-12T02:59:38+00:00", "2022-06-12T03:00:33+00:00", "2022-06-12T03:06:33+00:00", "2022-06-12T03:08:33+00:00", "2022-06-12T03:12:33+00:00", "2022-06-12T03:16:33+00:00", "2022-06-12T03:18:33+00:00", "2022-06-12T03:22:33+00:00", "2022-06-12T03:26:27+00:00", "2022-06-12T03:27:15+00:00", "2022-06-12T03:31:55+00:00", "2022-06-12T03:32:33+00:00", "2022-06-12T03:35:15+00:00", "2022-06-12T03:37:15+00:00", "2022-06-12T03:38:33+00:00", "2022-06-12T03:43:41+00:00", "2022-06-12T03:44:33+00:00", "2022-06-12T03:48:33+00:00", "2022-06-12T03:50:06+00:00", "2022-06-12T03:54:33+00:00", "2022-06-12T03:55:50+00:00", "2022-06-12T03:57:35+00:00", "2022-06-12T04:01:03+00:00", "2022-06-12T04:02:55+00:00", "2022-06-12T04:06:00+00:00", "2022-06-12T04:06:33+00:00", "2022-06-12T04:10:33+00:00", "2022-06-12T04:14:33+00:00", "2022-06-12T04:17:15+00:00", "2022-06-12T04:20:32+00:00", "2022-06-12T04:22:33+00:00", "2022-06-12T04:26:57+00:00", "2022-06-12T04:28:33+00:00", "2022-06-12T04:30:25+00:00", "2022-06-12T04:32:17+00:00", "2022-06-12T04:34:33+00:00", "2022-06-12T04:35:54+00:00", "2022-06-12T04:37:46+00:00", "2022-06-12T04:39:30+00:00", "2022-06-12T04:40:35+00:00", "2022-06-12T04:42:33+00:00", "2022-06-12T04:44:33+00:00", "2022-06-12T04:46:33+00:00", "2022-06-12T04:47:31+00:00", "2022-06-12T04:52:33+00:00", "2022-06-12T04:55:00+00:00", "2022-06-12T04:56:33+00:00", "2022-06-12T04:59:49+00:00", "2022-06-12T05:00:33+00:00", "2022-06-12T05:02:33+00:00", "2022-06-12T05:07:15+00:00", "2022-06-12T05:08:06+00:00", "2022-06-12T05:10:54+00:00", "2022-06-12T05:12:33+00:00", "2022-06-12T05:14:31+00:00", "2022-06-12T05:16:33+00:00", "2022-06-12T05:18:33+00:00", "2022-06-12T05:22:33+00:00", "2022-06-12T05:27:20+00:00", "2022-06-12T05:28:33+00:00", "2022-06-12T05:30:33+00:00", "2022-06-12T05:34:33+00:00", "2022-06-12T05:35:37+00:00", "2022-06-12T05:37:30+00:00", "2022-06-12T05:41:38+00:00", "2022-06-12T05:42:52+00:00", "2022-06-12T05:44:52+00:00", "2022-06-12T05:46:52+00:00", "2022-06-12T05:50:35+00:00", "2022-06-12T05:51:39+00:00", "2022-06-12T05:52:52+00:00", "2022-06-12T05:54:35+00:00", "2022-06-12T05:56:52+00:00", "2022-06-12T05:57:32+00:00", "2022-06-12T06:00:20+00:00", "2022-06-12T06:00:52+00:00", "2022-06-12T06:02:52+00:00", "2022-06-12T06:05:17+00:00", "2022-06-12T06:06:52+00:00", "2022-06-12T06:07:30+00:00", "2022-06-12T06:08:52+00:00", "2022-06-12T06:13:34+00:00", "2022-06-12T06:14:52+00:00", "2022-06-12T06:16:52+00:00", "2022-06-12T06:18:38+00:00", "2022-06-12T06:20:54+00:00", "2022-06-12T06:22:47+00:00", "2022-06-12T06:26:07+00:00", "2022-06-12T06:26:52+00:00", "2022-06-12T06:28:31+00:00", "2022-06-12T06:29:51+00:00", "2022-06-12T06:31:44+00:00", "2022-06-12T06:36:00+00:00", "2022-06-12T06:37:30+00:00", "2022-06-12T06:38:52+00:00", "2022-06-12T06:40:52+00:00", "2022-06-12T06:43:13+00:00", "2022-06-12T06:44:33+00:00", "2022-06-12T06:46:42+00:00", "2022-06-12T06:48:52+00:00", "2022-06-12T06:52:42+00:00", "2022-06-12T06:56:35+00:00", "2022-06-12T06:57:47+00:00", "2022-06-12T06:59:31+00:00", "2022-06-12T07:01:32+00:00", "2022-06-12T07:03:24+00:00", "2022-06-12T07:07:08+00:00", "2022-06-12T07:07:30+00:00", "2022-06-12T07:10:28+00:00", "2022-06-12T07:12:52+00:00", "2022-06-12T07:13:57+00:00", "2022-06-12T07:16:37+00:00", "2022-06-12T07:18:52+00:00", "2022-06-12T07:20:52+00:00", "2022-06-12T07:22:52+00:00", "2022-06-12T07:26:52+00:00", "2022-06-12T07:28:52+00:00", "2022-06-12T07:30:23+00:00", "2022-06-12T07:31:43+00:00", "2022-06-12T07:33:03+00:00", "2022-06-12T07:34:39+00:00", "2022-06-12T07:37:30+00:00", "2022-06-12T07:38:52+00:00", "2022-06-12T07:42:32+00:00", "2022-06-12T07:44:16+00:00", "2022-06-12T07:46:08+00:00", "2022-06-12T07:47:21+00:00", "2022-06-12T07:48:41+00:00", "2022-06-12T07:51:21+00:00", "2022-06-12T07:53:21+00:00", "2022-06-12T07:55:05+00:00", "2022-06-12T07:56:34+00:00", "2022-06-12T07:58:52+00:00", "2022-06-12T08:00:52+00:00", "2022-06-12T08:03:30+00:00", "2022-06-12T08:04:52+00:00", "2022-06-12T08:06:52+00:00", "2022-06-12T08:09:39+00:00", "2022-06-12T08:10:59+00:00", "2022-06-12T08:13:07+00:00", "2022-06-12T08:15:07+00:00", "2022-06-12T08:16:44+00:00", "2022-06-12T08:18:52+00:00", "2022-06-12T08:20:52+00:00", "2022-06-12T08:22:52+00:00", "2022-06-12T08:24:20+00:00", "2022-06-12T08:26:52+00:00", "2022-06-12T08:27:33+00:00", "2022-06-12T08:29:49+00:00", "2022-06-12T08:31:33+00:00", "2022-06-12T08:34:52+00:00", "2022-06-12T08:35:34+00:00", "2022-06-12T08:38:52+00:00", "2022-06-12T08:40:52+00:00", "2022-06-12T08:45:43+00:00", "2022-06-12T08:46:52+00:00", "2022-06-12T08:48:07+00:00", "2022-06-12T08:50:48+00:00", "2022-06-12T08:54:48+00:00", "2022-06-12T08:58:48+00:00", "2022-06-12T09:00:41+00:00", "2022-06-12T09:06:06+00:00", "2022-06-12T09:07:30+00:00", "2022-06-12T09:09:46+00:00", "2022-06-12T09:14:06+00:00", "2022-06-12T09:17:30+00:00", "2022-06-12T09:18:59+00:00", "2022-06-12T09:19:47+00:00", "2022-06-12T09:23:40+00:00", "2022-06-12T09:28:06+00:00", "2022-06-12T09:30:04+00:00", "2022-06-12T09:32:53+00:00", "2022-06-12T09:34:05+00:00", "2022-06-12T09:37:25+00:00", "2022-06-12T09:38:06+00:00", "2022-06-12T09:40:06+00:00", "2022-06-12T09:42:06+00:00", "2022-06-12T09:44:06+00:00", "2022-06-12T09:46:06+00:00", "2022-06-12T09:48:06+00:00", "2022-06-12T09:48:47+00:00", "2022-06-12T09:51:19+00:00", "2022-06-12T09:56:06+00:00", "2022-06-12T09:58:00+00:00", "2022-06-12T10:01:12+00:00", "2022-06-12T10:02:48+00:00", "2022-06-12T10:04:16+00:00", "2022-06-12T10:05:04+00:00", "2022-06-12T10:08:06+00:00", "2022-06-12T10:08:57+00:00", "2022-06-12T10:11:21+00:00", "2022-06-12T10:13:13+00:00", "2022-06-12T10:15:38+00:00", "2022-06-12T10:18:06+00:00", "2022-06-12T10:21:30+00:00", "2022-06-12T10:22:06+00:00", "2022-06-12T10:25:23+00:00", "2022-06-12T10:27:45+00:00", "2022-06-12T10:30:06+00:00", "2022-06-12T10:35:00+00:00", "2022-06-12T10:36:06+00:00", "2022-06-12T10:37:45+00:00", "2022-06-12T10:41:49+00:00", "2022-06-12T10:45:18+00:00", "2022-06-12T10:47:34+00:00", "2022-06-12T10:48:07+00:00", "2022-06-12T10:50:07+00:00", "2022-06-12T10:52:07+00:00", "2022-06-12T10:53:35+00:00", "2022-06-12T10:55:11+00:00", "2022-06-12T10:58:07+00:00", "2022-06-12T10:59:52+00:00", "2022-06-12T11:01:44+00:00", "2022-06-12T11:05:28+00:00", "2022-06-12T11:06:32+00:00", "2022-06-12T11:08:07+00:00", "2022-06-12T11:10:07+00:00", "2022-06-12T11:13:05+00:00", "2022-06-12T11:15:30+00:00", "2022-06-12T11:17:14+00:00", "2022-06-12T11:18:07+00:00", "2022-06-12T11:20:07+00:00", "2022-06-12T11:22:42+00:00", "2022-06-12T11:24:07+00:00", "2022-06-12T11:26:43+00:00", "2022-06-12T11:27:45+00:00", "2022-06-12T11:28:51+00:00", "2022-06-12T11:32:20+00:00", "2022-06-12T11:34:07+00:00", "2022-06-12T11:36:04+00:00", "2022-06-12T11:37:45+00:00", "2022-06-12T11:38:29+00:00", "2022-06-12T11:40:07+00:00", "2022-06-12T11:42:07+00:00", "2022-06-12T11:44:45+00:00", "2022-06-12T11:46:05+00:00", "2022-06-12T11:47:02+00:00", "2022-06-12T11:50:07+00:00", "2022-06-12T11:52:07+00:00", "2022-06-12T11:54:07+00:00", "2022-06-12T11:56:15+00:00", "2022-06-12T11:57:45+00:00", "2022-06-12T11:58:31+00:00", "2022-06-12T12:00:14+00:00", "2022-06-12T12:02:14+00:00", "2022-06-12T12:04:24+00:00", "2022-06-12T12:06:40+00:00", "2022-06-12T12:08:14+00:00", "2022-06-12T12:10:09+00:00", "2022-06-12T12:13:29+00:00", "2022-06-12T12:14:14+00:00", "2022-06-12T12:16:14+00:00", "2022-06-12T12:18:18+00:00", "2022-06-12T12:20:02+00:00", "2022-06-12T12:21:38+00:00", "2022-06-12T12:25:07+00:00", "2022-06-12T12:26:22+00:00", "2022-06-12T12:27:45+00:00", "2022-06-12T12:29:23+00:00", "2022-06-12T12:32:19+00:00", "2022-06-12T12:34:22+00:00", "2022-06-12T12:36:20+00:00", "2022-06-12T12:37:24+00:00", "2022-06-12T12:40:04+00:00", "2022-06-12T12:42:22+00:00", "2022-06-12T12:43:33+00:00", "2022-06-12T12:46:21+00:00", "2022-06-12T12:48:21+00:00", "2022-06-12T12:50:22+00:00", "2022-06-12T12:52:22+00:00", "2022-06-12T12:53:34+00:00", "2022-06-12T12:55:42+00:00", "2022-06-12T12:58:22+00:00", "2022-06-12T13:00:14+00:00", "2022-06-12T13:04:22+00:00", "2022-06-12T13:07:45+00:00", "2022-06-12T13:08:39+00:00", "2022-06-12T13:12:24+00:00", "2022-06-12T13:15:36+00:00", "2022-06-12T13:17:45+00:00", "2022-06-12T13:18:24+00:00", "2022-06-12T13:21:37+00:00", "2022-06-12T13:22:41+00:00", "2022-06-12T13:24:24+00:00", "2022-06-12T13:26:24+00:00", "2022-06-12T13:30:24+00:00", "2022-06-12T13:33:46+00:00", "2022-06-12T13:36:24+00:00", "2022-06-12T13:38:18+00:00", "2022-06-12T13:40:24+00:00", "2022-06-12T13:42:24+00:00", "2022-06-12T13:43:23+00:00", "2022-06-12T13:44:27+00:00", "2022-06-12T13:46:44+00:00", "2022-06-12T13:48:52+00:00", "2022-06-12T13:51:00+00:00", "2022-06-12T13:52:27+00:00", "2022-06-12T13:54:04+00:00", "2022-06-12T13:56:21+00:00", "2022-06-12T13:58:13+00:00", "2022-06-12T14:00:05+00:00", "2022-06-12T14:02:27+00:00", "2022-06-12T14:04:46+00:00", "2022-06-12T14:06:27+00:00", "2022-06-12T14:07:45+00:00", "2022-06-12T14:12:22+00:00", "2022-06-12T14:14:27+00:00", "2022-06-12T14:16:27+00:00", "2022-06-12T14:18:31+00:00", "2022-06-12T14:20:23+00:00", "2022-06-12T14:24:27+00:00", "2022-06-12T14:27:20+00:00", "2022-06-12T14:30:27+00:00", "2022-06-12T14:32:48+00:00", "2022-06-12T14:34:24+00:00", "2022-06-12T14:37:37+00:00", "2022-06-12T14:38:00+00:00", "2022-06-12T14:40:33+00:00", "2022-06-12T14:42:33+00:00", "2022-06-12T14:45:05+00:00", "2022-06-12T14:46:27+00:00", "2022-06-12T14:48:00+00:00", "2022-06-12T14:50:26+00:00", "2022-06-12T14:52:27+00:00", "2022-06-12T14:54:27+00:00", "2022-06-12T14:55:39+00:00", "2022-06-12T14:57:55+00:00", "2022-06-12T15:00:03+00:00", "2022-06-12T15:00:59+00:00", "2022-06-12T15:02:51+00:00", "2022-06-12T15:04:51+00:00", "2022-06-12T15:06:20+00:00", "2022-06-12T15:08:00+00:00", "2022-06-12T15:10:04+00:00", "2022-06-12T15:13:57+00:00", "2022-06-12T15:14:27+00:00", "2022-06-12T15:16:27+00:00", "2022-06-12T15:18:27+00:00", "2022-06-12T15:20:27+00:00", "2022-06-12T15:21:41+00:00", "2022-06-12T15:24:27+00:00", "2022-06-12T15:26:06+00:00", "2022-06-12T15:27:34+00:00", "2022-06-12T15:28:38+00:00", "2022-06-12T15:31:42+00:00", "2022-06-12T15:32:28+00:00", "2022-06-12T15:34:31+00:00", "2022-06-12T15:36:28+00:00", "2022-06-12T15:38:00+00:00", "2022-06-12T15:39:35+00:00", "2022-06-12T15:40:47+00:00", "2022-06-12T15:45:04+00:00", "2022-06-12T15:46:28+00:00", "2022-06-12T15:48:00+00:00", "2022-06-12T15:50:49+00:00", "2022-06-12T15:52:25+00:00", "2022-06-12T15:56:09+00:00", "2022-06-12T15:58:00+00:00", "2022-06-12T16:00:02+00:00", "2022-06-12T16:01:46+00:00", "2022-06-12T16:03:54+00:00", "2022-06-12T16:08:00+00:00", "2022-06-12T16:10:28+00:00", "2022-06-12T16:12:28+00:00", "2022-06-12T16:14:35+00:00", "2022-06-12T16:16:28+00:00", "2022-06-12T16:18:00+00:00", "2022-06-12T16:19:32+00:00", "2022-06-12T16:24:28+00:00", "2022-06-12T16:26:13+00:00", "2022-06-12T16:27:57+00:00", "2022-06-12T16:30:28+00:00", "2022-06-12T16:32:21+00:00", "2022-06-12T16:35:42+00:00", "2022-06-12T16:36:30+00:00", "2022-06-12T16:38:28+00:00", "2022-06-12T16:40:28+00:00", "2022-06-12T16:42:28+00:00", "2022-06-12T16:44:28+00:00", "2022-06-12T16:46:15+00:00", "2022-06-12T16:47:59+00:00", "2022-06-12T16:50:48+00:00", "2022-06-12T16:52:32+00:00", "2022-06-12T16:55:20+00:00", "2022-06-12T16:56:33+00:00", "2022-06-12T16:58:49+00:00", "2022-06-12T17:01:37+00:00", "2022-06-12T17:02:33+00:00", "2022-06-12T17:04:10+00:00", "2022-06-12T17:06:26+00:00", "2022-06-12T17:08:33+00:00", "2022-06-12T17:10:33+00:00", "2022-06-12T17:12:27+00:00", "2022-06-12T17:14:27+00:00", "2022-06-12T17:15:07+00:00", "2022-06-12T17:17:07+00:00", "2022-06-12T17:18:33+00:00", "2022-06-12T17:21:23+00:00", "2022-06-12T17:24:33+00:00", "2022-06-12T17:26:28+00:00", "2022-06-12T17:28:00+00:00", "2022-06-12T17:29:32+00:00", "2022-06-12T17:31:41+00:00", "2022-06-12T17:34:21+00:00", "2022-06-12T17:36:05+00:00", "2022-06-12T17:38:33+00:00", "2022-06-12T17:40:05+00:00", "2022-06-12T17:43:18+00:00", "2022-06-12T17:44:33+00:00", "2022-06-12T17:47:42+00:00", "2022-06-12T17:48:33+00:00", "2022-06-12T17:50:55+00:00", "2022-06-12T17:54:42+00:00", "2022-06-12T17:56:02+00:00", "2022-06-12T17:58:33+00:00", "2022-06-12T17:59:46+00:00", "2022-06-12T18:00:58+00:00", "2022-06-12T18:04:51+00:00", "2022-06-12T18:06:03+00:00", "2022-06-12T18:08:33+00:00", "2022-06-12T18:12:04+00:00", "2022-06-12T18:12:33+00:00", "2022-06-12T18:16:12+00:00", "2022-06-12T18:18:00+00:00", "2022-06-12T18:20:53+00:00", "2022-06-12T18:24:00+00:00", "2022-06-12T18:26:53+00:00", "2022-06-12T18:30:30+00:00", "2022-06-12T18:32:06+00:00", "2022-06-12T18:34:06+00:00", "2022-06-12T18:38:00+00:00", "2022-06-12T18:42:06+00:00", "2022-06-12T18:46:06+00:00", "2022-06-12T18:50:06+00:00", "2022-06-12T18:54:06+00:00", "2022-06-12T18:56:40+00:00", "2022-06-12T18:58:00+00:00", "2022-06-12T19:00:06+00:00", "2022-06-12T19:02:06+00:00", "2022-06-12T19:05:22+00:00", "2022-06-12T19:07:06+00:00", "2022-06-12T19:08:58+00:00", "2022-06-12T19:11:38+00:00", "2022-06-12T19:14:06+00:00", "2022-06-12T19:16:06+00:00", "2022-06-12T19:17:31+00:00", "2022-06-12T19:20:06+00:00", "2022-06-12T19:22:06+00:00", "2022-06-12T19:24:06+00:00", "2022-06-12T19:26:06+00:00", "2022-06-12T19:28:00+00:00", "2022-06-12T19:30:06+00:00", "2022-06-12T19:32:06+00:00", "2022-06-12T19:33:49+00:00", "2022-06-12T19:36:06+00:00", "2022-06-12T19:38:06+00:00", "2022-06-12T19:39:26+00:00", "2022-06-12T19:44:06+00:00", "2022-06-12T19:48:07+00:00", "2022-06-12T19:50:07+00:00", "2022-06-12T19:54:07+00:00", "2022-06-12T19:58:07+00:00", "2022-06-12T20:00:07+00:00", "2022-06-12T20:04:07+00:00", "2022-06-12T20:08:07+00:00", "2022-06-12T20:10:07+00:00", "2022-06-12T20:14:07+00:00", "2022-06-12T20:18:07+00:00", "2022-06-12T20:20:07+00:00", "2022-06-12T20:24:07+00:00", "2022-06-12T20:28:07+00:00", "2022-06-12T20:30:07+00:00", "2022-06-12T20:34:07+00:00", "2022-06-12T20:38:07+00:00", "2022-06-12T20:39:22+00:00", "2022-06-12T20:42:07+00:00", "2022-06-12T20:44:34+00:00", "2022-06-12T20:45:54+00:00", "2022-06-12T20:48:15+00:00", "2022-06-12T20:51:55+00:00", "2022-06-12T20:54:52+00:00", "2022-06-12T20:57:48+00:00", "2022-06-12T20:58:15+00:00", "2022-06-12T21:00:08+00:00", "2022-06-12T21:02:08+00:00", "2022-06-12T21:04:08+00:00", "2022-06-12T21:06:08+00:00", "2022-06-12T21:08:05+00:00", "2022-06-12T21:10:08+00:00", "2022-06-12T21:11:58+00:00", "2022-06-12T21:13:34+00:00", "2022-06-12T21:14:22+00:00", "2022-06-12T21:16:08+00:00", "2022-06-12T21:19:51+00:00", "2022-06-12T21:21:11+00:00", "2022-06-12T21:23:12+00:00", "2022-06-12T21:25:28+00:00", "2022-06-12T21:26:40+00:00", "2022-06-12T21:28:08+00:00", "2022-06-12T21:29:45+00:00", "2022-06-12T21:32:08+00:00", "2022-06-12T21:34:08+00:00", "2022-06-12T21:36:08+00:00", "2022-06-12T21:38:02+00:00", "2022-06-12T21:40:08+00:00", "2022-06-12T21:43:38+00:00", "2022-06-12T21:44:59+00:00", "2022-06-12T21:46:03+00:00", "2022-06-12T21:48:15+00:00", "2022-06-12T21:49:39+00:00", "2022-06-12T21:51:47+00:00", "2022-06-12T21:54:28+00:00", "2022-06-12T21:56:04+00:00", "2022-06-12T21:58:15+00:00", "2022-06-12T22:00:21+00:00", "2022-06-12T22:03:01+00:00", "2022-06-12T22:06:08+00:00", "2022-06-12T22:07:50+00:00", "2022-06-12T22:10:09+00:00", "2022-06-12T22:14:09+00:00", "2022-06-12T22:18:09+00:00", "2022-06-12T22:20:09+00:00", "2022-06-12T22:21:35+00:00", "2022-06-12T22:26:09+00:00", "2022-06-12T22:28:15+00:00", "2022-06-12T22:32:09+00:00", "2022-06-12T22:33:12+00:00", "2022-06-12T22:35:37+00:00", "2022-06-12T22:38:09+00:00", "2022-06-12T22:39:29+00:00", "2022-06-12T22:41:53+00:00", "2022-06-12T22:45:30+00:00", "2022-06-12T22:46:34+00:00", "2022-06-12T22:48:15+00:00", "2022-06-12T22:49:38+00:00", "2022-06-12T22:50:58+00:00", "2022-06-12T22:54:27+00:00", "2022-06-12T22:56:03+00:00", "2022-06-12T22:58:15+00:00", "2022-06-12T23:02:12+00:00", "2022-06-12T23:03:23+00:00", "2022-06-12T23:05:55+00:00", "2022-06-12T23:07:56+00:00", "2022-06-12T23:10:20+00:00", "2022-06-12T23:14:13+00:00", "2022-06-12T23:16:13+00:00", "2022-06-12T23:21:01+00:00", "2022-06-12T23:22:29+00:00", "2022-06-12T23:26:13+00:00", "2022-06-12T23:29:02+00:00", "2022-06-12T23:30:13+00:00", "2022-06-12T23:32:38+00:00", "2022-06-12T23:34:13+00:00", "2022-06-12T23:37:35+00:00", "2022-06-12T23:38:39+00:00", "2022-06-12T23:40:40+00:00", "2022-06-12T23:44:48+00:00", "2022-06-12T23:46:08+00:00", "2022-06-12T23:50:00+00:00", "2022-06-12T23:52:49+00:00", "2022-06-12T23:56:01+00:00", "2022-06-12T23:59:54+00:00", "2022-06-13T00:06:13+00:00", "2022-06-13T00:08:02+00:00", "2022-06-13T00:11:39+00:00", "2022-06-13T00:12:13+00:00", "2022-06-13T00:15:07+00:00", "2022-06-13T00:18:03+00:00", "2022-06-13T00:20:11+00:00", "2022-06-13T00:23:24+00:00", "2022-06-13T00:26:14+00:00", "2022-06-13T00:27:32+00:00", "2022-06-13T00:29:40+00:00", "2022-06-13T00:32:14+00:00", "2022-06-13T00:34:13+00:00", "2022-06-13T00:36:14+00:00", "2022-06-13T00:37:57+00:00", "2022-06-13T00:39:42+00:00", "2022-06-13T00:44:14+00:00", "2022-06-13T00:45:58+00:00", "2022-06-13T00:48:14+00:00", "2022-06-13T00:52:14+00:00", "2022-06-13T00:53:59+00:00", "2022-06-13T00:57:12+00:00", "2022-06-13T00:58:30+00:00", "2022-06-13T01:01:20+00:00", "2022-06-13T01:05:45+00:00", "2022-06-13T01:06:57+00:00", "2022-06-13T01:08:14+00:00", "2022-06-13T01:09:37+00:00", "2022-06-13T01:12:02+00:00", "2022-06-13T01:15:38+00:00", "2022-06-13T01:16:14+00:00", "2022-06-13T01:18:14+00:00", "2022-06-13T01:22:14+00:00", "2022-06-13T01:24:03+00:00", "2022-06-13T01:26:14+00:00", "2022-06-13T01:28:30+00:00", "2022-06-13T01:30:14+00:00", "2022-06-13T01:32:04+00:00", "2022-06-13T01:34:14+00:00", "2022-06-13T01:36:37+00:00", "2022-06-13T01:38:13+00:00", "2022-06-13T01:40:14+00:00", "2022-06-13T01:41:33+00:00", "2022-06-13T01:43:58+00:00", "2022-06-13T01:46:38+00:00", "2022-06-13T01:48:15+00:00", "2022-06-13T01:49:02+00:00", "2022-06-13T01:51:35+00:00", "2022-06-13T01:54:31+00:00", "2022-06-13T01:55:27+00:00", "2022-06-13T01:57:19+00:00", "2022-06-13T01:58:30+00:00", "2022-06-13T02:00:15+00:00", "2022-06-13T02:02:56+00:00", "2022-06-13T02:05:36+00:00", "2022-06-13T02:08:15+00:00", "2022-06-13T02:09:13+00:00", "2022-06-13T02:10:15+00:00", "2022-06-13T02:12:15+00:00", "2022-06-13T02:14:02+00:00", "2022-06-13T02:17:14+00:00", "2022-06-13T02:18:15+00:00", "2022-06-13T02:22:15+00:00", "2022-06-13T02:23:55+00:00", "2022-06-13T02:26:59+00:00", "2022-06-13T02:28:30+00:00", "2022-06-13T02:30:15+00:00", "2022-06-13T02:32:36+00:00", "2022-06-13T02:38:15+00:00", "2022-06-13T02:39:25+00:00", "2022-06-13T02:40:37+00:00", "2022-06-13T02:41:41+00:00", "2022-06-13T02:45:10+00:00", "2022-06-13T02:46:16+00:00", "2022-06-13T02:48:16+00:00", "2022-06-13T02:50:47+00:00", "2022-06-13T02:53:19+00:00", "2022-06-13T02:55:11+00:00", "2022-06-13T02:57:44+00:00", "2022-06-13T02:58:32+00:00", "2022-06-13T03:01:12+00:00", "2022-06-13T03:02:16+00:00", "2022-06-13T03:04:56+00:00", "2022-06-13T03:06:16+00:00", "2022-06-13T03:08:16+00:00", "2022-06-13T03:10:16+00:00", "2022-06-13T03:14:16+00:00", "2022-06-13T03:18:27+00:00", "2022-06-13T03:20:27+00:00", "2022-06-13T03:24:27+00:00", "2022-06-13T03:28:27+00:00", "2022-06-13T03:30:27+00:00", "2022-06-13T03:34:27+00:00", "2022-06-13T03:38:27+00:00", "2022-06-13T03:40:27+00:00", "2022-06-13T03:44:27+00:00", "2022-06-13T03:48:27+00:00", "2022-06-13T03:52:27+00:00", "2022-06-13T03:56:27+00:00", "2022-06-13T04:00:27+00:00", "2022-06-13T04:04:27+00:00", "2022-06-13T04:08:27+00:00", "2022-06-13T04:12:27+00:00", "2022-06-13T04:16:27+00:00", "2022-06-13T04:20:27+00:00", "2022-06-13T04:21:16+00:00", "2022-06-13T04:24:20+00:00", "2022-06-13T04:26:27+00:00", "2022-06-13T04:30:27+00:00", "2022-06-13T04:34:13+00:00", "2022-06-13T04:36:29+00:00", "2022-06-13T04:38:27+00:00", "2022-06-13T04:41:26+00:00", "2022-06-13T04:43:02+00:00", "2022-06-13T04:44:39+00:00", "2022-06-13T04:46:47+00:00", "2022-06-13T04:49:43+00:00", "2022-06-13T04:50:28+00:00", "2022-06-13T04:52:31+00:00", "2022-06-13T04:54:28+00:00", "2022-06-13T04:57:44+00:00", "2022-06-13T05:00:28+00:00", "2022-06-13T05:01:29+00:00", "2022-06-13T05:02:49+00:00", "2022-06-13T05:06:25+00:00", "2022-06-13T05:07:45+00:00", "2022-06-13T05:11:54+00:00", "2022-06-13T05:12:28+00:00", "2022-06-13T05:17:23+00:00", "2022-06-13T05:18:28+00:00", "2022-06-13T05:20:19+00:00", "2022-06-13T05:22:19+00:00", "2022-06-13T05:23:15+00:00", "2022-06-13T05:25:24+00:00", "2022-06-13T05:28:45+00:00", "2022-06-13T05:32:28+00:00", "2022-06-13T05:35:41+00:00", "2022-06-13T05:36:28+00:00", "2022-06-13T05:38:28+00:00", "2022-06-13T05:42:28+00:00", "2022-06-13T05:43:58+00:00", "2022-06-13T05:46:23+00:00", "2022-06-13T05:48:29+00:00", "2022-06-13T05:49:51+00:00", "2022-06-13T05:52:24+00:00", "2022-06-13T05:54:56+00:00", "2022-06-13T05:56:32+00:00", "2022-06-13T05:58:45+00:00", "2022-06-13T06:00:57+00:00", "2022-06-13T06:04:29+00:00", "2022-06-13T06:07:45+00:00", "2022-06-13T06:08:45+00:00", "2022-06-13T06:10:29+00:00", "2022-06-13T06:14:29+00:00", "2022-06-13T06:16:51+00:00", "2022-06-13T06:18:29+00:00", "2022-06-13T06:21:55+00:00", "2022-06-13T06:24:29+00:00", "2022-06-13T06:27:00+00:00", "2022-06-13T06:28:29+00:00", "2022-06-13T06:30:36+00:00", "2022-06-13T06:34:29+00:00", "2022-06-13T06:35:25+00:00", "2022-06-13T06:38:45+00:00", "2022-06-13T06:41:09+00:00", "2022-06-13T06:42:30+00:00", "2022-06-13T06:46:29+00:00", "2022-06-13T06:47:58+00:00", "2022-06-13T06:49:50+00:00", "2022-06-13T06:52:29+00:00", "2022-06-13T06:53:51+00:00", "2022-06-13T06:55:03+00:00", "2022-06-13T06:56:47+00:00", "2022-06-13T06:58:29+00:00", "2022-06-13T07:02:00+00:00", "2022-06-13T07:04:32+00:00", "2022-06-13T07:08:45+00:00", "2022-06-13T07:09:44+00:00", "2022-06-13T07:13:37+00:00", "2022-06-13T07:14:29+00:00", "2022-06-13T07:16:29+00:00", "2022-06-13T07:18:29+00:00", "2022-06-13T07:20:49+00:00", "2022-06-13T07:22:29+00:00", "2022-06-13T07:24:29+00:00", "2022-06-13T07:26:18+00:00", "2022-06-13T07:28:29+00:00", "2022-06-13T07:29:15+00:00", "2022-06-13T07:31:15+00:00", "2022-06-13T07:32:35+00:00", "2022-06-13T07:34:35+00:00", "2022-06-13T07:37:41+00:00", "2022-06-13T07:38:29+00:00", "2022-06-13T07:40:32+00:00", "2022-06-13T07:43:00+00:00", "2022-06-13T07:44:29+00:00", "2022-06-13T07:45:33+00:00", "2022-06-13T07:47:01+00:00", "2022-06-13T07:49:25+00:00", "2022-06-13T07:52:29+00:00", "2022-06-13T07:53:17+00:00", "2022-06-13T07:54:29+00:00", "2022-06-13T07:56:29+00:00", "2022-06-13T07:58:29+00:00", "2022-06-13T07:59:34+00:00", "2022-06-13T08:02:06+00:00", "2022-06-13T08:04:39+00:00", "2022-06-13T08:08:23+00:00", "2022-06-13T08:10:29+00:00", "2022-06-13T08:13:28+00:00", "2022-06-13T08:14:29+00:00", "2022-06-13T08:16:40+00:00", "2022-06-13T08:20:29+00:00", "2022-06-13T08:21:05+00:00", "2022-06-13T08:24:25+00:00", "2022-06-13T08:25:13+00:00", "2022-06-13T08:26:49+00:00", "2022-06-13T08:28:57+00:00", "2022-06-13T08:32:29+00:00", "2022-06-13T08:33:38+00:00", "2022-06-13T08:35:46+00:00", "2022-06-13T08:38:45+00:00", "2022-06-13T08:42:29+00:00", "2022-06-13T08:46:29+00:00", "2022-06-13T08:49:00+00:00", "2022-06-13T08:52:29+00:00", "2022-06-13T08:56:29+00:00", "2022-06-13T08:58:45+00:00", "2022-06-13T09:02:29+00:00", "2022-06-13T09:06:29+00:00", "2022-06-13T09:08:45+00:00", "2022-06-13T09:12:29+00:00", "2022-06-13T09:16:29+00:00", "2022-06-13T09:18:45+00:00", "2022-06-13T09:22:29+00:00", "2022-06-13T09:26:29+00:00", "2022-06-13T09:28:45+00:00", "2022-06-13T09:32:29+00:00", "2022-06-13T09:36:29+00:00", "2022-06-13T09:38:45+00:00", "2022-06-13T09:42:29+00:00", "2022-06-13T09:46:29+00:00", "2022-06-13T09:48:45+00:00", "2022-06-13T09:52:29+00:00", "2022-06-13T09:56:29+00:00", "2022-06-13T09:58:45+00:00", "2022-06-13T10:02:29+00:00", "2022-06-13T10:06:29+00:00", "2022-06-13T10:09:00+00:00", "2022-06-13T10:12:29+00:00", "2022-06-13T10:16:29+00:00", "2022-06-13T10:19:00+00:00", "2022-06-13T10:22:29+00:00", "2022-06-13T10:26:29+00:00", "2022-06-13T10:29:00+00:00", "2022-06-13T10:32:29+00:00", "2022-06-13T10:36:29+00:00", "2022-06-13T10:39:00+00:00", "2022-06-13T10:42:29+00:00", "2022-06-13T10:46:29+00:00", "2022-06-13T10:49:00+00:00", "2022-06-13T10:52:29+00:00", "2022-06-13T10:56:29+00:00", "2022-06-13T10:59:00+00:00", "2022-06-13T11:02:29+00:00", "2022-06-13T11:06:29+00:00", "2022-06-13T11:09:00+00:00", "2022-06-13T11:12:29+00:00", "2022-06-13T11:16:29+00:00", "2022-06-13T11:19:00+00:00", "2022-06-13T11:22:29+00:00", "2022-06-13T11:26:29+00:00", "2022-06-13T11:29:00+00:00", "2022-06-13T11:32:29+00:00", "2022-06-13T11:36:30+00:00", "2022-06-13T11:39:00+00:00", "2022-06-13T11:42:30+00:00", "2022-06-13T11:46:30+00:00", "2022-06-13T11:49:00+00:00", "2022-06-13T11:52:31+00:00", "2022-06-13T11:56:31+00:00", "2022-06-13T11:59:00+00:00", "2022-06-13T12:02:31+00:00", "2022-06-13T12:06:31+00:00", "2022-06-13T12:09:00+00:00", "2022-06-13T12:12:31+00:00", "2022-06-13T12:16:31+00:00", "2022-06-13T12:19:00+00:00", "2022-06-13T12:22:31+00:00", "2022-06-13T12:26:31+00:00", "2022-06-13T12:29:00+00:00", "2022-06-13T12:32:31+00:00", "2022-06-13T12:36:31+00:00", "2022-06-13T12:39:00+00:00", "2022-06-13T12:42:31+00:00", "2022-06-13T12:46:31+00:00", "2022-06-13T12:49:00+00:00", "2022-06-13T12:52:31+00:00", "2022-06-13T12:56:31+00:00", "2022-06-13T12:59:00+00:00", "2022-06-13T13:02:31+00:00", "2022-06-13T13:06:31+00:00", "2022-06-13T13:09:00+00:00", "2022-06-13T13:12:31+00:00", "2022-06-13T13:16:31+00:00", "2022-06-13T13:19:00+00:00", "2022-06-13T13:22:32+00:00", "2022-06-13T13:26:32+00:00", "2022-06-13T13:29:00+00:00", "2022-06-13T13:32:32+00:00", "2022-06-13T13:36:32+00:00", "2022-06-13T13:39:00+00:00", "2022-06-13T13:42:32+00:00", "2022-06-13T13:46:32+00:00", "2022-06-13T13:49:00+00:00", "2022-06-13T13:52:32+00:00", "2022-06-13T13:56:32+00:00", "2022-06-13T13:59:00+00:00", "2022-06-13T14:02:32+00:00", "2022-06-13T14:06:32+00:00", "2022-06-13T14:09:00+00:00", "2022-06-13T14:12:32+00:00", "2022-06-13T14:16:32+00:00", "2022-06-13T14:19:00+00:00", "2022-06-13T14:22:32+00:00", "2022-06-13T14:26:32+00:00", "2022-06-13T14:29:00+00:00", "2022-06-13T14:32:32+00:00", "2022-06-13T14:36:32+00:00", "2022-06-13T14:39:00+00:00", "2022-06-13T14:42:32+00:00", "2022-06-13T14:46:32+00:00", "2022-06-13T14:49:15+00:00", "2022-06-13T14:52:32+00:00", "2022-06-13T14:56:32+00:00", "2022-06-13T14:59:15+00:00", "2022-06-13T15:02:32+00:00", "2022-06-13T15:06:32+00:00", "2022-06-13T15:09:15+00:00", "2022-06-13T15:12:32+00:00", "2022-06-13T15:16:32+00:00", "2022-06-13T15:19:15+00:00", "2022-06-13T15:22:32+00:00", "2022-06-13T15:26:32+00:00", "2022-06-13T15:29:15+00:00", "2022-06-13T15:32:32+00:00", "2022-06-13T15:36:32+00:00", "2022-06-13T15:39:15+00:00", "2022-06-13T15:42:32+00:00", "2022-06-13T15:46:32+00:00", "2022-06-13T15:49:15+00:00", "2022-06-13T15:52:32+00:00", "2022-06-13T15:56:32+00:00", "2022-06-13T15:59:15+00:00", "2022-06-13T16:02:32+00:00", "2022-06-13T16:06:32+00:00", "2022-06-13T16:09:15+00:00", "2022-06-13T16:12:32+00:00", "2022-06-13T16:16:32+00:00", "2022-06-13T16:19:15+00:00", "2022-06-13T16:22:32+00:00", "2022-06-13T16:26:32+00:00", "2022-06-13T16:29:15+00:00", "2022-06-13T16:32:32+00:00", "2022-06-13T16:36:32+00:00", "2022-06-13T16:39:15+00:00", "2022-06-13T16:42:32+00:00", "2022-06-13T16:46:32+00:00", "2022-06-13T16:49:15+00:00", "2022-06-13T16:52:32+00:00", "2022-06-13T16:56:32+00:00", "2022-06-13T16:59:15+00:00", "2022-06-13T17:02:32+00:00", "2022-06-13T17:06:32+00:00", "2022-06-13T17:09:15+00:00", "2022-06-13T17:12:32+00:00", "2022-06-13T17:16:32+00:00", "2022-06-13T17:19:15+00:00", "2022-06-13T17:22:32+00:00", "2022-06-13T17:26:32+00:00", "2022-06-13T17:29:15+00:00", "2022-06-13T17:32:34+00:00", "2022-06-13T17:36:34+00:00", "2022-06-13T17:39:15+00:00", "2022-06-13T17:42:34+00:00", "2022-06-13T17:46:34+00:00", "2022-06-13T17:49:15+00:00", "2022-06-13T17:52:34+00:00", "2022-06-13T17:56:34+00:00", "2022-06-13T17:59:15+00:00", "2022-06-13T18:02:34+00:00", "2022-06-13T18:06:34+00:00", "2022-06-13T18:09:15+00:00", "2022-06-13T18:12:34+00:00", "2022-06-13T18:16:34+00:00", "2022-06-13T18:19:15+00:00", "2022-06-13T18:22:34+00:00", "2022-06-13T18:26:34+00:00", "2022-06-13T18:29:15+00:00", "2022-06-13T18:32:34+00:00", "2022-06-13T18:37:05+00:00", "2022-06-13T18:39:15+00:00", "2022-06-13T18:43:05+00:00", "2022-06-13T18:47:05+00:00", "2022-06-13T18:49:15+00:00", "2022-06-13T18:53:05+00:00", "2022-06-13T18:57:05+00:00", "2022-06-13T18:59:15+00:00", "2022-06-13T19:03:05+00:00", "2022-06-13T19:07:06+00:00", "2022-06-13T19:09:15+00:00", "2022-06-13T19:13:06+00:00", "2022-06-13T19:17:06+00:00", "2022-06-13T19:19:15+00:00", "2022-06-13T19:23:06+00:00", "2022-06-13T19:27:06+00:00", "2022-06-13T19:29:15+00:00", "2022-06-13T19:33:06+00:00", "2022-06-13T19:37:06+00:00", "2022-06-13T19:39:30+00:00", "2022-06-13T19:43:06+00:00", "2022-06-13T19:47:06+00:00", "2022-06-13T19:49:30+00:00", "2022-06-13T19:53:06+00:00", "2022-06-13T19:57:06+00:00", "2022-06-13T19:59:30+00:00", "2022-06-13T20:03:06+00:00", "2022-06-13T20:07:06+00:00", "2022-06-13T20:09:30+00:00", "2022-06-13T20:13:00+00:00", "2022-06-13T20:17:09+00:00", "2022-06-13T20:19:30+00:00", "2022-06-13T20:23:09+00:00", "2022-06-13T20:27:09+00:00", "2022-06-13T20:29:30+00:00", "2022-06-13T20:33:23+00:00", "2022-06-13T20:37:23+00:00", "2022-06-13T20:39:30+00:00", "2022-06-13T20:43:23+00:00", "2022-06-13T20:47:23+00:00", "2022-06-13T20:49:30+00:00", "2022-06-13T20:53:23+00:00", "2022-06-13T20:57:23+00:00", "2022-06-13T20:59:30+00:00", "2022-06-13T21:03:23+00:00", "2022-06-13T21:07:23+00:00", "2022-06-13T21:09:30+00:00", "2022-06-13T21:13:23+00:00", "2022-06-13T21:17:24+00:00", "2022-06-13T21:19:30+00:00", "2022-06-13T21:23:24+00:00", "2022-06-13T21:27:25+00:00", "2022-06-13T21:29:30+00:00", "2022-06-13T21:33:25+00:00", "2022-06-13T21:37:25+00:00", "2022-06-13T21:39:30+00:00", "2022-06-13T21:43:25+00:00", "2022-06-13T21:47:25+00:00", "2022-06-13T21:49:30+00:00", "2022-06-13T21:53:25+00:00", "2022-06-13T21:57:25+00:00", "2022-06-13T21:59:30+00:00", "2022-06-13T22:03:25+00:00", "2022-06-13T22:07:25+00:00", "2022-06-13T22:09:30+00:00", "2022-06-13T22:13:25+00:00", "2022-06-13T22:17:25+00:00", "2022-06-13T22:19:30+00:00", "2022-06-13T22:23:25+00:00", "2022-06-13T22:27:25+00:00", "2022-06-13T22:29:30+00:00", "2022-06-13T22:33:25+00:00", "2022-06-13T22:37:25+00:00", "2022-06-13T22:39:30+00:00", "2022-06-13T22:43:26+00:00", "2022-06-13T22:47:27+00:00", "2022-06-13T22:51:27+00:00", "2022-06-13T22:55:27+00:00", "2022-06-13T22:59:27+00:00", "2022-06-13T23:03:27+00:00", "2022-06-13T23:07:29+00:00", "2022-06-13T23:11:29+00:00", "2022-06-13T23:15:29+00:00", "2022-06-13T23:19:29+00:00", "2022-06-13T23:23:29+00:00", "2022-06-13T23:27:29+00:00", "2022-06-13T23:31:29+00:00", "2022-06-13T23:35:29+00:00", "2022-06-13T23:39:29+00:00", "2022-06-13T23:43:29+00:00", "2022-06-13T23:47:29+00:00", "2022-06-13T23:51:29+00:00", "2022-06-13T23:55:29+00:00", "2022-06-13T23:59:29+00:00", "2022-06-14T00:03:29+00:00", "2022-06-14T00:07:29+00:00", "2022-06-14T00:09:45+00:00", "2022-06-14T00:13:29+00:00", "2022-06-14T00:15:32+00:00", "2022-06-14T00:19:32+00:00", "2022-06-14T00:21:32+00:00", "2022-06-14T00:25:32+00:00", "2022-06-14T00:29:32+00:00", "2022-06-14T00:31:32+00:00", "2022-06-14T00:37:32+00:00", "2022-06-14T00:39:45+00:00", "2022-06-14T00:45:32+00:00", "2022-06-14T00:49:32+00:00", "2022-06-14T00:51:32+00:00", "2022-06-14T00:57:32+00:00", "2022-06-14T00:59:45+00:00", "2022-06-14T01:05:32+00:00", "2022-06-14T01:09:33+00:00", "2022-06-14T01:13:33+00:00", "2022-06-14T01:17:33+00:00", "2022-06-14T01:19:45+00:00", "2022-06-14T01:25:33+00:00", "2022-06-14T01:29:33+00:00", "2022-06-14T01:31:33+00:00", "2022-06-14T01:37:33+00:00", "2022-06-14T01:39:45+00:00", "2022-06-14T01:43:33+00:00", "2022-06-14T01:47:33+00:00", "2022-06-14T01:49:45+00:00", "2022-06-14T01:55:36+00:00", "2022-06-14T01:59:36+00:00", "2022-06-14T02:01:36+00:00", "2022-06-14T02:07:36+00:00", "2022-06-14T02:09:45+00:00", "2022-06-14T02:13:36+00:00", "2022-06-14T02:17:36+00:00", "2022-06-14T02:19:45+00:00", "2022-06-14T02:23:36+00:00", "2022-06-14T02:27:36+00:00", "2022-06-14T02:29:45+00:00", "2022-06-14T02:33:36+00:00", "2022-06-14T02:37:36+00:00", "2022-06-14T02:39:45+00:00", "2022-06-14T02:43:36+00:00", "2022-06-14T02:47:36+00:00", "2022-06-14T02:49:45+00:00", "2022-06-14T02:53:36+00:00", "2022-06-14T02:57:36+00:00", "2022-06-14T02:59:45+00:00", "2022-06-14T03:03:36+00:00", "2022-06-14T03:07:36+00:00", "2022-06-14T03:09:45+00:00", "2022-06-14T03:13:36+00:00", "2022-06-14T03:17:36+00:00", "2022-06-14T03:19:45+00:00", "2022-06-14T03:23:36+00:00", "2022-06-14T03:27:36+00:00", "2022-06-14T03:29:45+00:00", "2022-06-14T03:33:36+00:00", "2022-06-14T03:37:37+00:00", "2022-06-14T03:39:45+00:00", "2022-06-14T03:43:37+00:00", "2022-06-14T03:47:37+00:00", "2022-06-14T03:49:45+00:00", "2022-06-14T03:53:37+00:00", "2022-06-14T03:57:37+00:00", "2022-06-14T03:59:45+00:00", "2022-06-14T04:03:37+00:00", "2022-06-14T04:07:37+00:00", "2022-06-14T04:09:45+00:00", "2022-06-14T04:13:37+00:00", "2022-06-14T04:17:37+00:00", "2022-06-14T04:19:45+00:00", "2022-06-14T04:23:37+00:00", "2022-06-14T04:27:37+00:00", "2022-06-14T04:29:45+00:00", "2022-06-14T04:33:37+00:00", "2022-06-14T04:37:37+00:00", "2022-06-14T04:39:45+00:00", "2022-06-14T04:43:37+00:00", "2022-06-14T04:47:37+00:00", "2022-06-14T04:49:45+00:00", "2022-06-14T04:53:37+00:00", "2022-06-14T04:57:37+00:00", "2022-06-14T04:59:45+00:00", "2022-06-14T05:03:37+00:00", "2022-06-14T05:07:37+00:00", "2022-06-14T05:09:45+00:00", "2022-06-14T05:13:37+00:00", "2022-06-14T05:17:37+00:00", "2022-06-14T05:20:00+00:00", "2022-06-14T05:23:37+00:00", "2022-06-14T05:27:37+00:00", "2022-06-14T05:30:00+00:00", "2022-06-14T05:33:37+00:00", "2022-06-14T05:37:37+00:00", "2022-06-14T05:40:00+00:00", "2022-06-14T05:43:37+00:00", "2022-06-14T05:47:37+00:00", "2022-06-14T05:50:00+00:00", "2022-06-14T05:53:37+00:00", "2022-06-14T05:57:37+00:00", "2022-06-14T06:00:00+00:00", "2022-06-14T06:03:37+00:00", "2022-06-14T06:07:37+00:00", "2022-06-14T06:10:00+00:00", "2022-06-14T06:13:37+00:00", "2022-06-14T06:17:37+00:00", "2022-06-14T06:20:00+00:00", "2022-06-14T06:23:37+00:00", "2022-06-14T06:27:37+00:00", "2022-06-14T06:30:00+00:00", "2022-06-14T06:33:37+00:00", "2022-06-14T06:37:37+00:00", "2022-06-14T06:40:00+00:00", "2022-06-14T06:45:37+00:00", "2022-06-14T06:49:37+00:00", "2022-06-14T06:51:37+00:00", "2022-06-14T06:57:37+00:00", "2022-06-14T07:00:00+00:00", "2022-06-14T07:03:37+00:00", "2022-06-14T07:07:37+00:00", "2022-06-14T07:10:00+00:00", "2022-06-14T07:13:37+00:00", "2022-06-14T07:17:37+00:00", "2022-06-14T07:20:00+00:00", "2022-06-14T07:23:37+00:00", "2022-06-14T07:27:37+00:00", "2022-06-14T07:30:00+00:00", "2022-06-14T07:33:37+00:00", "2022-06-14T07:37:37+00:00", "2022-06-14T07:40:00+00:00", "2022-06-14T07:43:37+00:00", "2022-06-14T07:47:37+00:00", "2022-06-14T07:50:00+00:00", "2022-06-14T07:53:37+00:00", "2022-06-14T07:57:37+00:00", "2022-06-14T08:00:00+00:00", "2022-06-14T08:03:37+00:00", "2022-06-14T08:07:37+00:00", "2022-06-14T08:10:00+00:00", "2022-06-14T08:13:37+00:00", "2022-06-14T08:17:37+00:00", "2022-06-14T08:20:00+00:00", "2022-06-14T08:23:43+00:00", "2022-06-14T08:27:43+00:00", "2022-06-14T08:30:00+00:00", "2022-06-14T08:33:43+00:00", "2022-06-14T08:37:43+00:00", "2022-06-14T08:40:00+00:00", "2022-06-14T08:43:43+00:00", "2022-06-14T08:47:43+00:00", "2022-06-14T08:50:00+00:00", "2022-06-14T08:53:43+00:00", "2022-06-14T08:57:43+00:00", "2022-06-14T09:00:00+00:00", "2022-06-14T09:05:43+00:00", "2022-06-14T09:09:43+00:00", "2022-06-14T09:11:43+00:00", "2022-06-14T09:15:43+00:00", "2022-06-14T09:19:44+00:00", "2022-06-14T09:21:44+00:00", "2022-06-14T09:27:47+00:00", "2022-06-14T09:30:00+00:00", "2022-06-14T09:35:48+00:00", "2022-06-14T09:40:00+00:00", "2022-06-14T09:45:48+00:00", "2022-06-14T09:49:48+00:00", "2022-06-14T09:51:48+00:00", "2022-06-14T09:57:48+00:00", "2022-06-14T10:00:00+00:00", "2022-06-14T10:03:48+00:00", "2022-06-14T10:07:48+00:00", "2022-06-14T10:10:00+00:00", "2022-06-14T10:13:48+00:00", "2022-06-14T10:17:48+00:00", "2022-06-14T10:20:00+00:00", "2022-06-14T10:23:48+00:00", "2022-06-14T10:27:48+00:00", "2022-06-14T10:30:00+00:00", "2022-06-14T10:33:48+00:00", "2022-06-14T10:37:48+00:00", "2022-06-14T10:40:00+00:00", "2022-06-14T10:43:48+00:00", "2022-06-14T10:47:48+00:00", "2022-06-14T10:50:00+00:00", "2022-06-14T10:53:48+00:00", "2022-06-14T10:57:48+00:00", "2022-06-14T11:00:15+00:00", "2022-06-14T11:03:48+00:00", "2022-06-14T11:07:48+00:00", "2022-06-14T11:10:15+00:00", "2022-06-14T11:13:48+00:00", "2022-06-14T11:17:48+00:00", "2022-06-14T11:20:15+00:00", "2022-06-14T11:23:48+00:00", "2022-06-14T11:27:48+00:00", "2022-06-14T11:30:15+00:00", "2022-06-14T11:33:48+00:00", "2022-06-14T11:37:48+00:00", "2022-06-14T11:40:15+00:00", "2022-06-14T11:43:48+00:00", "2022-06-14T11:47:48+00:00", "2022-06-14T11:50:15+00:00", "2022-06-14T11:53:48+00:00", "2022-06-14T11:57:48+00:00", "2022-06-14T12:00:15+00:00", "2022-06-14T12:03:48+00:00", "2022-06-14T12:07:48+00:00", "2022-06-14T12:10:15+00:00", "2022-06-14T12:13:48+00:00", "2022-06-14T12:17:48+00:00", "2022-06-14T12:20:15+00:00", "2022-06-14T12:23:48+00:00", "2022-06-14T12:27:48+00:00", "2022-06-14T12:30:15+00:00", "2022-06-14T12:33:48+00:00", "2022-06-14T12:37:48+00:00", "2022-06-14T12:40:15+00:00", "2022-06-14T12:43:48+00:00", "2022-06-14T12:47:49+00:00", "2022-06-14T12:50:15+00:00", "2022-06-14T12:53:49+00:00", "2022-06-14T12:57:49+00:00", "2022-06-14T13:00:15+00:00", "2022-06-14T13:05:49+00:00", "2022-06-14T13:09:49+00:00", "2022-06-14T13:11:49+00:00", "2022-06-14T13:15:49+00:00", "2022-06-14T13:19:49+00:00", "2022-06-14T13:21:49+00:00", "2022-06-14T13:25:49+00:00", "2022-06-14T13:29:49+00:00", "2022-06-14T13:31:49+00:00", "2022-06-14T13:35:49+00:00", "2022-06-14T13:39:49+00:00", "2022-06-14T13:41:49+00:00", "2022-06-14T13:45:49+00:00", "2022-06-14T13:49:49+00:00", "2022-06-14T13:51:49+00:00", "2022-06-14T13:55:49+00:00", "2022-06-14T13:59:49+00:00", "2022-06-14T14:01:49+00:00", "2022-06-14T14:05:49+00:00", "2022-06-14T14:07:49+00:00", "2022-06-14T14:10:15+00:00", "2022-06-14T14:13:49+00:00", "2022-06-14T14:17:49+00:00", "2022-06-14T14:20:15+00:00", "2022-06-14T14:23:49+00:00", "2022-06-14T14:25:49+00:00", "2022-06-14T14:29:49+00:00", "2022-06-14T14:31:49+00:00", "2022-06-14T14:35:49+00:00", "2022-06-14T14:37:49+00:00", "2022-06-14T14:40:15+00:00", "2022-06-14T14:43:49+00:00", "2022-06-14T14:47:49+00:00", "2022-06-14T14:50:15+00:00", "2022-06-14T14:53:49+00:00", "2022-06-14T14:57:49+00:00", "2022-06-14T15:00:15+00:00", "2022-06-14T15:03:49+00:00", "2022-06-14T15:07:49+00:00", "2022-06-14T15:10:15+00:00", "2022-06-14T15:13:49+00:00", "2022-06-14T15:17:49+00:00", "2022-06-14T15:20:30+00:00", "2022-06-14T15:23:49+00:00", "2022-06-14T15:25:49+00:00", "2022-06-14T15:29:49+00:00", "2022-06-14T15:31:49+00:00", "2022-06-14T15:35:49+00:00", "2022-06-14T15:39:49+00:00", "2022-06-14T15:41:49+00:00", "2022-06-14T15:45:49+00:00", "2022-06-14T15:47:49+00:00", "2022-06-14T15:50:30+00:00", "2022-06-14T15:53:49+00:00", "2022-06-14T15:55:49+00:00", "2022-06-14T15:59:49+00:00", "2022-06-14T16:01:49+00:00", "2022-06-14T16:05:49+00:00", "2022-06-14T16:07:49+00:00", "2022-06-14T16:10:30+00:00", "2022-06-14T16:13:49+00:00", "2022-06-14T16:17:49+00:00", "2022-06-14T16:20:30+00:00", "2022-06-14T16:23:49+00:00", "2022-06-14T16:25:49+00:00", "2022-06-14T16:29:49+00:00", "2022-06-14T16:31:51+00:00", "2022-06-14T16:35:51+00:00", "2022-06-14T16:39:51+00:00", "2022-06-14T16:41:51+00:00", "2022-06-14T16:45:51+00:00", "2022-06-14T16:49:51+00:00", "2022-06-14T16:51:51+00:00", "2022-06-14T16:55:51+00:00", "2022-06-14T16:59:51+00:00", "2022-06-14T17:01:51+00:00", "2022-06-14T17:03:54+00:00", "2022-06-14T17:07:54+00:00", "2022-06-14T17:10:30+00:00", "2022-06-14T17:13:54+00:00", "2022-06-14T17:17:38+00:00", "2022-06-14T17:21:54+00:00", "2022-06-14T17:24:11+00:00", "2022-06-14T17:26:43+00:00", "2022-06-14T17:29:54+00:00", "2022-06-14T17:31:32+00:00", "2022-06-14T17:33:32+00:00", "2022-06-14T17:35:54+00:00", "2022-06-14T17:37:54+00:00", "2022-06-14T17:38:29+00:00", "2022-06-14T17:41:09+00:00", "2022-06-14T17:43:54+00:00", "2022-06-14T17:46:30+00:00", "2022-06-14T17:47:54+00:00", "2022-06-14T17:49:54+00:00", "2022-06-14T17:51:54+00:00", "2022-06-14T17:55:27+00:00", "2022-06-14T17:59:03+00:00", "2022-06-14T18:00:45+00:00", "2022-06-14T18:01:54+00:00", "2022-06-14T18:05:54+00:00", "2022-06-14T18:09:54+00:00", "2022-06-14T18:11:04+00:00", "2022-06-14T18:12:32+00:00", "2022-06-14T18:14:09+00:00", "2022-06-14T18:15:45+00:00", "2022-06-14T18:20:45+00:00", "2022-06-14T18:21:58+00:00", "2022-06-14T18:23:58+00:00", "2022-06-14T18:27:58+00:00", "2022-06-14T18:31:58+00:00", "2022-06-14T18:34:11+00:00", "2022-06-14T18:35:47+00:00", "2022-06-14T18:38:27+00:00", "2022-06-14T18:40:45+00:00", "2022-06-14T18:41:58+00:00", "2022-06-14T18:44:28+00:00", "2022-06-14T18:47:58+00:00", "2022-06-14T18:51:58+00:00", "2022-06-14T18:53:17+00:00", "2022-06-14T18:54:46+00:00", "2022-06-14T18:58:03+00:00", "2022-06-14T18:59:10+00:00", "2022-06-14T19:03:43+00:00", "2022-06-14T19:07:45+00:00", "2022-06-14T19:09:43+00:00", "2022-06-14T19:13:52+00:00", "2022-06-14T19:16:08+00:00", "2022-06-14T19:17:20+00:00", "2022-06-14T19:18:56+00:00", "2022-06-14T19:26:33+00:00", "2022-06-14T19:28:42+00:00", "2022-06-14T19:30:18+00:00", "2022-06-14T19:34:42+00:00", "2022-06-14T19:36:47+00:00", "2022-06-14T19:37:23+00:00", "2022-06-14T19:40:48+00:00", "2022-06-14T19:42:11+00:00", "2022-06-14T19:43:47+00:00", "2022-06-14T19:46:28+00:00", "2022-06-14T19:49:30+00:00", "2022-06-14T19:51:00+00:00", "2022-06-14T19:55:32+00:00", "2022-06-14T19:57:01+00:00", "2022-06-14T20:03:49+00:00", "2022-06-14T20:07:02+00:00", "2022-06-14T20:09:42+00:00", "2022-06-14T20:13:27+00:00", "2022-06-14T20:16:23+00:00", "2022-06-14T20:17:43+00:00", "2022-06-14T20:20:15+00:00", "2022-06-14T20:25:36+00:00", "2022-06-14T20:30:08+00:00", "2022-06-14T20:31:44+00:00", "2022-06-14T20:35:29+00:00", "2022-06-14T20:37:37+00:00", "2022-06-14T20:40:01+00:00", "2022-06-14T20:45:30+00:00", "2022-06-14T20:47:38+00:00", "2022-06-14T20:50:51+00:00", "2022-06-14T20:53:15+00:00", "2022-06-14T20:56:43+00:00", "2022-06-14T21:02:52+00:00", "2022-06-14T21:05:56+00:00", "2022-06-14T21:09:48+00:00", "2022-06-14T21:12:37+00:00", "2022-06-14T21:15:01+00:00", "2022-06-14T21:20:46+00:00", "2022-06-14T21:24:30+00:00", "2022-06-14T21:25:58+00:00", "2022-06-14T21:30:39+00:00", "2022-06-14T21:33:03+00:00", "2022-06-14T21:40:08+00:00", "2022-06-14T21:41:52+00:00", "2022-06-14T21:43:17+00:00", "2022-06-14T21:48:17+00:00", "2022-06-14T21:50:52+00:00", "2022-06-14T21:52:52+00:00", "2022-06-14T21:55:53+00:00", "2022-06-14T21:58:57+00:00", "2022-06-14T22:00:10+00:00", "2022-06-14T22:05:09+00:00", "2022-06-14T22:06:51+00:00", "2022-06-14T22:09:07+00:00", "2022-06-14T22:13:12+00:00", "2022-06-14T22:15:12+00:00", "2022-06-14T22:17:12+00:00", "2022-06-14T22:19:12+00:00", "2022-06-14T22:24:03+00:00", "2022-06-14T22:27:12+00:00", "2022-06-14T22:29:12+00:00", "2022-06-14T22:30:04+00:00", "2022-06-14T22:35:12+00:00", "2022-06-14T22:38:45+00:00", "2022-06-14T22:41:18+00:00", "2022-06-14T22:45:18+00:00", "2022-06-14T22:47:47+00:00", "2022-06-14T22:53:18+00:00", "2022-06-14T22:57:18+00:00", "2022-06-14T22:59:18+00:00", "2022-06-14T23:01:49+00:00", "2022-06-14T23:05:18+00:00", "2022-06-14T23:08:45+00:00", "2022-06-14T23:11:18+00:00", "2022-06-14T23:15:18+00:00", "2022-06-14T23:18:15+00:00", "2022-06-14T23:18:45+00:00", "2022-06-14T23:23:18+00:00", "2022-06-14T23:25:04+00:00", "2022-06-14T23:26:16+00:00", "2022-06-14T23:29:18+00:00", "2022-06-14T23:30:56+00:00", "2022-06-14T23:32:08+00:00", "2022-06-14T23:33:18+00:00", "2022-06-14T23:34:49+00:00", "2022-06-14T23:36:25+00:00", "2022-06-14T23:38:33+00:00", "2022-06-14T23:39:37+00:00", "2022-06-14T23:40:57+00:00", "2022-06-14T23:42:10+00:00", "2022-06-14T23:42:58+00:00", "2022-06-14T23:45:46+00:00", "2022-06-14T23:46:34+00:00", "2022-06-14T23:48:42+00:00", "2022-06-14T23:51:18+00:00", "2022-06-14T23:54:03+00:00", "2022-06-14T23:56:03+00:00", "2022-06-14T23:57:39+00:00", "2022-06-14T23:59:18+00:00", "2022-06-15T00:01:08+00:00", "2022-06-15T00:02:20+00:00", "2022-06-15T00:04:36+00:00", "2022-06-15T00:07:16+00:00", "2022-06-15T00:08:45+00:00", "2022-06-15T00:10:05+00:00", "2022-06-15T00:11:18+00:00", "2022-06-15T00:12:29+00:00", "2022-06-15T00:14:05+00:00", "2022-06-15T00:15:17+00:00", "2022-06-15T00:17:09+00:00", "2022-06-15T00:17:41+00:00", "2022-06-15T00:19:18+00:00", "2022-06-15T00:21:18+00:00", "2022-06-15T00:22:46+00:00", "2022-06-15T00:23:34+00:00", "2022-06-15T00:24:46+00:00", "2022-06-15T00:26:06+00:00", "2022-06-15T00:27:10+00:00", "2022-06-15T00:29:00+00:00", "2022-06-15T00:30:55+00:00", "2022-06-15T00:32:47+00:00", "2022-06-15T00:34:55+00:00", "2022-06-15T00:35:59+00:00", "2022-06-15T00:37:18+00:00", "2022-06-15T00:39:18+00:00", "2022-06-15T00:39:52+00:00", "2022-06-15T00:41:36+00:00", "2022-06-15T00:42:56+00:00", "2022-06-15T00:43:52+00:00", "2022-06-15T00:47:37+00:00", "2022-06-15T00:48:09+00:00", "2022-06-15T00:50:41+00:00", "2022-06-15T00:51:19+00:00", "2022-06-15T00:53:19+00:00", "2022-06-15T00:55:19+00:00", "2022-06-15T00:56:58+00:00", "2022-06-15T00:59:07+00:00", "2022-06-15T00:59:39+00:00", "2022-06-15T01:02:11+00:00", "2022-06-15T01:03:39+00:00", "2022-06-15T01:05:24+00:00", "2022-06-15T01:07:48+00:00", "2022-06-15T01:09:24+00:00", "2022-06-15T01:11:24+00:00", "2022-06-15T01:12:29+00:00", "2022-06-15T01:14:29+00:00", "2022-06-15T01:15:57+00:00", "2022-06-15T01:17:17+00:00", "2022-06-15T01:19:00+00:00", "2022-06-15T01:20:05+00:00", "2022-06-15T01:22:22+00:00", "2022-06-15T01:23:42+00:00", "2022-06-15T01:25:26+00:00", "2022-06-15T01:27:18+00:00", "2022-06-15T01:29:00+00:00", "2022-06-15T01:30:06+00:00", "2022-06-15T01:32:23+00:00", "2022-06-15T01:33:43+00:00", "2022-06-15T01:35:24+00:00", "2022-06-15T01:36:23+00:00", "2022-06-15T01:38:24+00:00", "2022-06-15T01:39:24+00:00", "2022-06-15T01:42:00+00:00", "2022-06-15T01:47:25+00:00", "2022-06-15T01:49:25+00:00", "2022-06-15T01:52:01+00:00", "2022-06-15T01:57:25+00:00", "2022-06-15T01:59:06+00:00", "2022-06-15T02:03:26+00:00", "2022-06-15T02:03:56+00:00", "2022-06-15T02:09:00+00:00", "2022-06-15T02:11:26+00:00", "2022-06-15T02:15:26+00:00", "2022-06-15T02:16:13+00:00", "2022-06-15T02:19:26+00:00", "2022-06-15T02:25:26+00:00", "2022-06-15T02:28:38+00:00", "2022-06-15T02:29:26+00:00", "2022-06-15T02:35:26+00:00", "2022-06-15T02:39:00+00:00", "2022-06-15T02:41:26+00:00", "2022-06-15T02:45:26+00:00", "2022-06-15T02:49:00+00:00", "2022-06-15T02:51:26+00:00", "2022-06-15T02:54:16+00:00", "2022-06-15T02:55:26+00:00", "2022-06-15T02:57:29+00:00", "2022-06-15T02:59:21+00:00", "2022-06-15T18:07:12+00:00", "2022-06-15T18:12:56+00:00", "2022-06-15T18:14:33+00:00", "2022-06-15T18:17:37+00:00", "2022-06-20T20:42:28+00:00", "2022-06-20T20:43:40+00:00", "2022-06-20T20:45:57+00:00", "2022-06-20T20:48:21+00:00", "2022-06-20T20:51:17+00:00", "2022-06-20T20:52:53+00:00", "2022-06-20T20:55:02+00:00", "2022-06-20T21:01:18+00:00", "2022-06-20T21:01:50+00:00", "2022-06-20T21:06:55+00:00", "2022-06-21T02:40:48+00:00", "2022-06-21T02:43:20+00:00", "2022-06-21T02:44:16+00:00", "2022-06-21T02:46:49+00:00", "2022-06-21T02:50:49+00:00", "2022-06-21T02:53:37+00:00", "2022-06-21T02:55:06+00:00", "2022-06-21T02:57:38+00:00", "2022-06-21T02:59:14+00:00", "2022-06-21T03:03:30+00:00", "2022-06-21T03:07:39+00:00", "2022-06-23T05:11:47+00:00", "2022-06-23T19:58:58+00:00", "2022-06-23T19:59:54+00:00", "2022-06-23T20:03:01+00:00", "2022-06-23T20:05:31+00:00", "2022-06-23T20:09:00+00:00", "2022-06-23T20:10:11+00:00", "2022-06-23T20:11:31+00:00", "2022-06-23T20:14:03+00:00", "2022-06-23T20:15:15+00:00", "2022-06-23T20:17:48+00:00", "2022-06-23T20:19:00+00:00", "2022-06-23T20:21:00+00:00", "2022-06-23T20:23:24+00:00", "2022-06-23T20:25:57+00:00", "2022-06-23T20:27:17+00:00", "2022-06-23T20:29:17+00:00", "2022-06-23T20:31:10+00:00", "2022-06-23T20:33:01+00:00", "2022-06-23T20:34:54+00:00", "2022-06-23T20:37:01+00:00", "2022-06-23T20:40:38+00:00", "2022-06-23T20:43:10+00:00", "2022-06-23T20:48:39+00:00", "2022-06-23T20:49:00+00:00", "2022-06-23T20:51:43+00:00", "2022-06-23T20:53:05+00:00", "2022-06-23T20:55:11+00:00", "2022-06-23T20:58:16+00:00", "2022-06-23T20:59:36+00:00", "2022-06-23T21:02:40+00:00", "2022-06-23T21:04:57+00:00", "2022-06-23T21:07:53+00:00", "2022-06-23T21:10:09+00:00", "2022-06-23T21:13:06+00:00", "2022-06-23T21:15:06+00:00", "2022-06-23T21:18:02+00:00", "2022-06-23T21:21:23+00:00", "2022-06-23T21:22:19+00:00", "2022-06-23T21:24:27+00:00", "2022-06-23T21:25:23+00:00", "2022-06-23T21:28:36+00:00", "2022-06-23T21:30:20+00:00", "2022-06-23T21:32:36+00:00", "2022-06-23T21:37:01+00:00", "2022-06-23T21:37:57+00:00", "2022-06-23T21:39:49+00:00", "2022-06-23T21:45:10+00:00", "2022-06-23T21:47:42+00:00", "2022-06-23T21:52:07+00:00", "2022-06-23T21:53:43+00:00", "2022-06-23T21:57:11+00:00", "2022-06-23T21:59:04+00:00", "2022-06-23T22:03:20+00:00", "2022-06-23T22:05:28+00:00", "2022-06-23T22:06:49+00:00", "2022-06-23T22:09:05+00:00", "2022-06-23T22:11:29+00:00", "2022-06-23T22:15:37+00:00", "2022-06-23T22:19:15+00:00", "2022-06-23T22:21:54+00:00", "2022-06-23T23:17:46+00:00", "2022-06-25T21:17:47+00:00", "2022-06-25T21:31:30+00:00", "2022-06-25T21:35:45+00:00", "2022-06-25T21:37:25+00:00", "2022-06-25T21:40:05+00:00", "2022-06-25T21:43:37+00:00", "2022-06-25T21:46:15+00:00", "2022-06-25T21:53:13+00:00", "2022-06-25T21:56:45+00:00", "2022-06-25T22:01:32+00:00", "2022-06-25T22:03:03+00:00", "2022-06-25T22:07:04+00:00", "2022-06-25T22:09:58+00:00", "2022-06-25T22:16:07+00:00", "2022-06-25T22:18:37+00:00", "2022-06-25T22:22:38+00:00", "2022-06-25T22:23:13+00:00", "2022-06-25T22:28:34+00:00", "2022-06-25T22:29:03+00:00", "2022-06-25T22:32:34+00:00", "2022-06-25T22:37:00+00:00", "2022-06-25T22:40:03+00:00", "2022-06-25T22:54:20+00:00", "2022-06-25T22:56:28+00:00", "2022-06-25T23:06:37+00:00", "2022-06-25T23:09:09+00:00", "2022-06-25T23:10:21+00:00", "2022-06-25T23:18:00+00:00", "2022-06-25T23:22:49+00:00", "2022-06-25T23:27:54+00:00", "2022-06-25T23:30:42+00:00", "2022-06-25T23:38:43+00:00", "2022-06-25T23:45:31+00:00", "2022-06-25T23:49:15+00:00", "2022-06-26T00:14:38+00:00", "2022-06-26T00:20:47+00:00", "2022-06-26T00:37:44+00:00", "2022-06-26T00:40:57+00:00", "2022-06-26T00:55:46+00:00", "2022-06-26T01:07:23+00:00", "2022-06-26T01:21:08+00:00", "2022-06-26T01:46:46+00:00", "2022-06-26T02:03:28+00:00", "2022-06-26T02:05:52+00:00", "2022-06-26T02:08:16+00:00", "2022-06-26T02:10:49+00:00", "2022-06-26T02:13:05+00:00", "2022-06-26T02:14:41+00:00", "2022-06-29T19:21:41+00:00", "2022-06-29T19:23:08+00:00", "2022-06-29T19:27:41+00:00", "2022-06-29T19:29:41+00:00", "2022-06-29T19:34:15+00:00", "2022-06-29T19:35:17+00:00", "2022-06-29T19:37:02+00:00", "2022-06-29T19:38:45+00:00", "2022-06-29T19:40:43+00:00", "2022-06-29T19:46:45+00:00", "2022-06-29T19:50:49+00:00", "2022-06-29T19:54:49+00:00", "2022-06-29T19:57:13+00:00", "2022-06-29T19:58:45+00:00", "2022-06-29T20:02:25+00:00", "2022-06-29T20:04:51+00:00", "2022-06-29T20:08:45+00:00", "2022-06-29T20:09:54+00:00", "2022-06-29T20:14:51+00:00", "2022-06-29T20:16:10+00:00", "2022-06-29T20:18:45+00:00", "2022-06-29T20:23:39+00:00", "2022-06-29T20:24:51+00:00", "2022-06-29T20:27:39+00:00", "2022-06-29T20:29:32+00:00", "2022-06-29T20:32:36+00:00", "2022-06-29T20:34:51+00:00", "2022-06-29T20:45:17+00:00"], "elevations": [7.0, 9.0, 9.0, 8.7, 9.0, null, 10.0, 9.0, 8.0, 8.2, 9.0, 8.0, 9.0, 9.0, null, 8.5, 8.0, 8.0, null, 8.2, 9.0, null, 35.0, null, 12.0, null, 10.2, null, 8.5, null, 5.0, 8.0, null, 8.2, 8.0, 7.0, null, 8.0, 7.0, 6.7, 4.0, 5.0, null, 6.0, 5.0, 6.0, 6.4, 6.0, 5.0, null, 5.0, 6.0, null, 6.2, 6.0, null, 6.0, null, 6.0, null, 6.7, null, 7.0, 6.0, 4.0, null, 5.0, 4.4, 4.0, 5.0, null, 5.0, null, 5.0, 4.4, 4.0, 2.0, 4.0, null, 6.0, 4.4, 6.0, null, 5.0, 5.0, 6.0, 6.4, 6.0, 6.0, 8.0, 7.0, 8.8, 10.7, 10.0, 9.0, null, 6.4, 10.0, 9.0, 10.0, null, 8.4, 8.0, 4.0, 8.0, null, 7.0, null, 6.0, 7.0, 9.0, 6.4, 7.0, 9.0, 9.0, 5.0, 8.4, 8.0, 10.0, 10.0, 9.0, null, 15.0, 8.0, 9.0, null, 10.5, 24.0, 4.0, 12.0, 12.2, 16.0, 9.0, 10.0, 8.4, 10.0, 10.0, 11.0, 10.5, null, 7.0, 10.0, 9.7, 11.0, 10.0, 10.2, 5.5, 9.0, 4.4, 5.0, 7.0, 7.0, 5.0, 5.0, null, 6.1, null, 10.5, 9.0, 8.4, 9.0, 3.5, 0.0, 4.7, 5.0, 6.4, 5.0, 5.0, 4.4, 5.0, 7.0, 9.0, 8.0, 7.0, 7.5, 8.0, 8.0, 12.5, null, 19.0, 39.0, 32.8, 21.5, 9.0, 26.7, 8.0, 8.0, 7.0, 5.7, 5.0, 3.0, 3.5, 4.2, 5.0, 4.0, 4.4, 3.0, 3.0, 3.0, 3.0, 3.0, 3.0, 0.3, 3.0, 4.5, 2.0, 2.3, 2.5, 2.0, 1.0, 2.3, 2.0, 2.0, 2.3, 2.0, 2.0, 0.0, null, 0.7, 1.0, 1.0, 0.7, null, 0.5, null, 0.2, 0.0, 0.0, 0.3, 0.0, 0.0, 0.3, 1.5, 3.0, 3.0, 2.2, 5.0, 4.0, 4.4, 4.0, 5.0, 4.0, 4.4, 5.0, 5.0, 4.4, 6.0, 6.0, 6.2, 6.0, 6.0, 6.0, 6.4, 7.0, 7.0, 6.7, 7.0, 6.5, 7.0, 6.4, 6.0, 6.0, 6.0, 6.0, 6.1, 5.0, 2.0, 3.0, null, 4.1, 3.0, 4.0, 3.0, 4.0, 3.0, 3.0, 3.0, 3.0, 3.0, 2.0, 2.0, 2.2, 2.0, null, 2.5, null, 2.7, 3.0, 3.0, 3.0, null, 4.1, 2.0, 1.0, 2.0, 2.2, 2.0, 2.0, 3.0, 3.0, 2.7, 3.0, 4.0, 4.0, 3.8, 3.0, 3.0, 2.7, 2.5, null, 2.0, 2.2, 2.0, 2.0, 0.0, 0.2, 1.0, 1.0, 1.0, 0.8, 1.0, 2.0, 2.0, 2.2, 2.0, 3.0, 2.5, 2.3, 3.0, 3.0, 3.0, 2.7, 2.0, 2.0, 3.0, 2.2, 2.0, 2.0, 2.0, 2.0, 2.0, 2.0, 2.0, 2.0, 4.4, 3.5, 3.0, 1.0, 2.0, 1.0, 2.0, 1.0, 2.0, 1.0, 1.0, 2.0, 1.0, 0.5, null, 1.0, 0.0, 0.0, 0.0, 0.0, 0.0, 0.0, 0.0, 0.0, 1.0, 0.0, 0.0, 2.0, 2.0, 2.0, null, 1.5, -11.0, 2.0, null, 0.5, 1.0, 1.0, 1.0, 0.0, 0.0, 0.0, 0.0, null, 0.0, 0.0, 0.0, 0.0, 0.0, 0.0, 0.0, 0.0, 2.0, 2.0, 2.0, 2.0, null, 1.7, 1.0, 1.0, null, 1.5, 0.7, 1.0, 1.0, 1.0, 1.0, null, 0.2, 0.0, 0.0, 0.0, 0.3, 0.0, null, 0.0, 0.0, null, 0.2, 0.0, 1.0, 1.0, 1.0, 1.0, 0.3, 0.0, null, 0.0, -0.8, -0.5, 0.0, null, -1.0, -1.0, -1.4, -1.0, -1.0, -2.0, -1.9, -1.0, -2.0, null, -1.0, null, 0.0, -0.5, -1.7, 0.0, 0.0, 0.0, -1.7, 0.0, 0.0, null, 0.2, 0.0, 0.0, null, 0.0, 0.0, -1.7, 0.0, 0.0, 0.0, 0.3, 0.0, 0.0, 0.0, 0.7, null, 2.0, 2.0, 2.2, null, 2.0, 2.0, 2.0, 2.2, 1.0, 1.0, 1.0, 3.0, 2.0, 4.0, 3.5, null, 4.0, 4.2, 2.0, 4.0, null, 4.0, 4.7, 5.0, 5.0, 3.0, 4.7, 6.0, 6.0, 5.0, 6.0, 6.2, 5.5, 6.0, 6.0, 6.2, 6.5, 6.0, 6.2, 5.5, 4.0, 2.7, 3.0, 3.0, 2.0, 6.4, 5.0, null, 2.5, null, 3.0, 2.3, 3.0, 3.0, 5.0, 4.0, 2.3, 3.0, 2.0, 3.0, 3.0, 2.3, null, 3.5, 4.0, 5.0, 4.4, 4.0, 5.0, 4.0, 4.0, 4.4, 3.0, null, 3.0, 2.0, 2.0, 0.0, 0.0, 0.0, 0.0, null, 0.0, 0.0, 1.0, 0.0, 0.0, 0.0, 0.0, null, 0.0, 0.0, 0.3, 0.0, null, 1.0, null, 0.7, 1.0, -2.0, -2.0, null, 0.3, 0.0, null, 0.0, 0.7, 1.0, 1.0, 1.0, null, 1.2, 1.0, 2.0, 2.0, 2.3, 2.5, 3.0, 3.0, -9.8, 4.0, 3.0, 3.0, 3.0, 2.7, null, 3.0, 2.0, 0.3, null, 0.5, 0.0, 0.0, null, 0.1, null, 1.0, 1.0, -1.7, 0.0, 0.0, 0.0, 0.0, 0.2, 0.0, 0.0, null, 1.0, 0.7, 1.0, 1.0, 0.0, null, 1.0, 2.0, 2.0, 2.5, 3.0, 2.7, 3.0, 3.0, 3.0, 3.0, null, 4.1, null, 4.0, 4.0, 4.0, 4.7, 5.0, 5.0, 5.0, 4.7, 5.0, 5.0, 5.0, 5.0, 4.7, 2.0, 2.0, 2.0, null, 3.0, 3.0, null, 4.0, 4.0, 4.4, 4.0, 4.5, null, 4.8, 5.0, 5.0, 5.0, 4.4, 5.0, 5.0, 0.0, 0.0, -1.0, -1.4, -1.0, -1.0, -1.0, -1.4, -1.0, null, -1.0, -1.9, -1.0, -2.0, -1.0, -1.0, -1.0, -1.7, -1.0, -2.0, -2.0, -1.4, -1.0, -1.0, -1.0, -1.0, -1.4, -1.0, -1.0, null, -1.0, 0.0, 0.2, 0.0, 0.0, null, 0.0, 0.3, 0.0, 1.0, null, 8.7, 5.0, 5.0, 5.0, null, 4.7, 5.0, null, 4.0, null, 4.1, 4.0, 4.0, null, 3.8, null, 4.0, 4.0, 4.2, null, 4.0, null, 4.0, null, 4.0, 4.0, null, 4.2, 4.0, 4.0, 7.0, 6.0, 5.7, 6.0, 6.0, 5.0, 5.0, 4.4, 5.0, 4.0, 1.5, 5.0, 7.0, 4.0, null, 3.0, 4.0, 4.0, 4.5, 5.0, null, 4.7, 4.0, 4.0, 3.5, 1.2, 3.0, 1.5, 0.7, 1.0, null, 0.1, 0.0, 0.0, null, 0.2, 0.0, 0.0, 0.0, 0.2, 0.0, 0.0, -1.0, -1.4, -1.0, -1.0, -1.0, -2.4, -2.0, -3.0, -3.4, -3.0, -3.0, -2.0, -2.9, null, -1.0, -1.0, 0.0, 0.3, 6.0, 3.0, 2.0, 4.0, 4.2, 7.0, 6.0, 6.0, 5.7, 6.0, 5.0, 4.5, 4.2, 4.0, 3.0, 3.0, null, 3.0, 2.2, 1.5, 0.0, 0.0, 0.0, 0.0, 0.0, 0.0, 10.0, 1.0, 0.0, 0.2, 1.0, 1.0, 1.0, null, 1.0, 2.3, 1.0, 2.0, 1.0, 1.0, 1.0, 2.3, 1.5, 2.0, 2.0, 2.2, 2.0, 2.0, 2.0, 2.0, 2.2, 2.0, 2.0, 2.0, 1.0, 0.7, 0.0, 0.0, 0.0, 0.0, 0.0, -1.4, -1.0, null, -1.2, -3.0, -2.0, -1.0, -1.0, -1.4, null, -1.5, -2.0, -1.0, -0.3, 1.0, 0.0, 0.5, 0.7, null, 1.0, 1.0, 0.0, 0.2, 0.0, null, 0.0, 0.0, 0.2, 0.0, 0.0, 0.0, 0.0, 0.0, 0.2, 1.0, 0.0, 1.0, 0.7, 1.0, 1.0, 1.0, 1.0, 1.0, 0.7, 0.0, 1.0, null, 1.0, 0.3, 1.0, 1.0, 1.0, 1.0, 0.7, 1.0, 1.0, 0.7, 1.0, 1.0, 1.0, 1.0, null, 2.0, 2.2, 2.0, 1.5, 2.2, 1.0, 2.0, 2.0, 2.2, 2.0, 2.0, 3.0, 3.0, 3.0, 3.0, 4.0, 5.0, 4.0, 4.7, 5.0, 5.0, 5.5, 4.4, null, 4.0, 4.0, 4.0, 4.2, 4.0, 4.0, 3.0, 3.0, 2.7, 0.0, 0.0, null, 0.2, 0.0, 0.0, 0.0, -0.8, 0.0, null, 0.0, 0.2, 1.0, 1.0, 2.0, 2.0, 2.3, 2.0, 3.0, null, 2.0, 2.0, 2.0, null, 1.0, 1.0, 0.7, 0.0, 0.0, 0.0, 0.0, 0.2, 0.0, 0.0, 0.0, null, 0.1, null, 0.0, 0.0, 0.0, 0.0, 0.3, 0.0, 0.0, 0.0, 0.0, 0.2, null, 0.0, 0.0, null, -2.0, -1.4, -1.0, -1.0, -1.0, -1.4, -11.0, 0.0, -1.0, -1.0, 0.0, -0.8, 0.0, 0.0, 0.0, null, -0.8, 0.0, 0.0, 0.0, 0.0, 0.3, 0.0, 0.0, 0.0, 0.0, 0.2, 0.0, 0.0, 0.2, 0.0, 0.0, 0.0, 0.3, 0.0, null, 0.0, 0.0, -0.8, -0.5, null, -1.0, -1.7, -1.0, 0.0, 0.0, 0.0, 0.3, 0.0, 0.0, 0.0, 0.0, 0.0, -1.7, 0.0, -1.0, -1.0, -1.0, -1.9, -2.0, -3.0, -3.0, -3.0, 0.0, -0.5, -1.0, -1.0, -2.0, -2.0, -2.0, -2.9, -3.0, -3.0, -3.0, -3.0, -5.4, null, -4.0, -3.0, -3.0, -3.7, -4.0, -4.0, -4.0, -4.0, -4.0, -4.9, -4.0, -4.0, -4.0, -4.0, -5.4, -4.0, null, -5.0, null, -5.4, -5.0, -5.0, -5.0, null, -5.0, -5.9, -6.0, -6.0, -6.0, -4.0, -3.9, -3.0, -3.0, -4.0, -4.9, -4.0, -5.0, -5.0, -5.4, -5.5, -1.0, null, -2.0, -3.4, -2.0, -2.0, null, -1.9, -2.0, 0.0, 0.0, 0.0, 0.2, 0.0, 0.0, 0.0, 7.0, 0.0, 0.0, 0.0, 0.0, 0.2, 0.0, 0.0, 0.0, 0.0, 0.0, 1.7, 1.0, null, 3.0, 3.5, 2.3, 3.5, null, 5.0, null, 3.2, 2.0, 2.0, 2.0, 4.0, 4.7, 5.0, 4.0, 5.0, null, 4.5, 5.0, 4.0, 4.0, 4.2, 4.0, 4.0, 4.0, 4.0, 3.7, 3.0, 3.0, null, 2.2, null, 2.0, 2.3, 2.0, 2.0, 2.0, 2.2, 2.0, 2.0, 2.2, 2.0, 3.0, 2.3, 3.0, 3.0, 3.0, 2.3, 2.0, null, 2.0, 2.0, 2.3, 1.7, 1.0, 1.0, 1.0, 0.3, 0.0, 1.0, null, 1.0, 0.7, 1.0, 1.0, 0.5, 0.5, 2.0, 1.0, 0.7, 0.5, 1.0, 0.7, 1.0, 1.5, 2.2, 2.0, 3.0, 2.7, 1.0, 1.0, 2.3, 2.0, 2.0, 2.0, 2.2, 2.0, null, 3.0, 3.7, 4.0, 4.0, 4.0, 5.0, null, 4.1, null, 4.0, 1.0, 1.5, 0.3, 1.0, 1.0, 2.0, 2.0, 2.2, 2.0, 2.0, 2.0, 3.0, 3.0, 2.7, 3.0, 4.0, 3.0, 4.2, 4.0, 2.0, 2.0, 2.0, 2.2, 3.0, 2.0, 2.0, 3.0, 2.7, 3.0, 3.0, 2.7, 3.0, 3.0, 2.7, 3.0, 4.0, null, 4.1, 4.0, 4.0, 5.0, 5.0, 4.7, 5.0, 5.0, 1.0, 1.0, 1.7, 2.5, 4.0, 8.0, 12.0, 10.0, 10.0, 10.0, 10.0, 10.0, 9.0, 9.0, 8.5, null, 8.0, 8.0, 8.0, 7.0, 6.0, 5.0, 4.0, 1.0, 0.0, 0.0, -1.0, -2.0, -2.0, -1.0, 0.0, 0.0, 0.0, 0.0, 0.0, 0.0, 0.0, 0.0, null, 0.0, 0.0, 0.0, 0.0, 0.0, 0.0, 1.0, 1.0, 2.0, 4.3, 5.0, 5.0, 5.0, 4.2, 4.0, 4.0, 4.0, 4.0, 4.2, 3.5, null, 4.0, 4.2, 4.0, null, 3.5, 4.0, 4.0, 3.7, 4.0, 4.0, 4.0, 3.7, 3.0, 4.0, 3.0, 3.0, 3.0, 6.4, 6.5, 7.0, null, 7.0, 6.4, 8.0, 7.0, 6.0, 6.0, 6.2, 5.5, 5.0, 5.0, 4.7, 5.0, 5.0, 5.0, 4.4, 6.0, 5.0, 6.0, 6.0, 6.2, 5.0, 5.0, 4.0, 5.0, 2.2, 3.0, 3.0, 2.0, 1.0, 1.0, 0.2, 0.0, -4.5, -1.9, -2.5, -1.5, -1.4, -0.5, 0.0, -0.8, 0.0, -2.0, -4.5, -5.0, -4.0, -4.0, -4.0, -3.0, -3.0, 1.0, 1.0, null, 1.5, 0.0, 0.0, null, 0.0, null, 0.0, 0.0, 0.0, 0.0, 2.0, null, 3.0, null, 3.0, 3.0, 4.0, null, 4.0, 4.0, 4.0, 4.0, 8.5, 9.0, 8.0, 8.0, 8.0, 7.0, 6.5, 6.0, 6.0, 6.0, 6.0, null, 6.0, 6.0, 6.4, 6.0, null, 7.0, 6.2, 9.0, 8.5, 8.0, 8.7, 9.0, 8.0, 8.0, 8.0, null, 7.0, 6.0, 6.2, 6.0, 5.5, 5.0, 4.7, 5.0, 5.0, 2.0, null, 2.2, 2.0, null, 2.0, null, 0.7, 1.0, 1.0, 0.7, 1.0, 1.0, 2.0, 1.0, 0.7, 2.0, 2.0, 2.0, null, 2.1, null, 2.0, 2.0, 2.0, 2.0, 2.2, 2.0, 2.0, 2.0, 2.0, 2.0, null, 2.0, null, 2.0, 1.0, 2.2, 2.0, 2.0, 2.0, 2.0, 1.5, null, 2.0, 2.0, 2.2, 2.0, null, 2.0, 2.0, 2.3, 2.0, 2.0, 2.0, 2.2, 2.0, 2.0, 2.2, 2.5, 2.0, 2.7, 3.0, 3.0, 2.7, 2.0, 1.0, 0.7, 2.0, 2.5, 3.7, 3.5, 3.0, 2.7, 2.5, 3.0, 2.7, 3.0, 3.0, 2.7, 3.0, 3.0, 3.0, 3.0, 2.0, 3.0, 3.0, 2.0, 2.2, 2.0, 1.5, 0.7, 1.0, 1.5, 2.2, 2.0, 2.5, 4.2, 3.5, 4.0, 4.2, 4.0, 3.5, 3.7, 0.5, 0.5, 0.2, 0.0, 0.0, -0.8, 0.0, -0.5, -0.8, 0.0, -0.5, -1.4, -0.5, 0.0, -0.8, 0.0, -0.5, -1.4, -1.0, -0.5, -1.4, -1.0, -1.0, -1.4, -1.0, 0.0, 2.2, 1.0, 1.5, 0.7, 1.0, 0.5, 0.7, 0.5, 0.0, 0.2, 0.0, 1.0, 0.7, 1.0, 3.0, 4.2, 4.0, 3.5, 0.7, 1.0, 1.0, 0.7, 0.0, 3.0, 3.7, 4.0, 4.0, 4.2, 2.5, 1.5, 2.2, 2.0, 1.0, 0.7, 0.0, 0.0, 0.0, 0.5, 0.5, 0.5, 0.0, -1.0, -1.4, -1.0, -2.0, -1.4, -2.0, -2.5, -2.9, -2.5, -3.0, -2.9, -1.0, -1.0, -0.8, -1.0, 0.0, -0.8, -1.0, -1.0, -1.4, -2.0, -1.0, 0.7, 0.0, 0.0, 0.2, 1.5, 2.0, 2.7, 2.5, 2.0, 1.2, 2.0, 1.0, 3.7, 4.5, 5.0, 4.7, 4.0, 3.5, 2.7, 5.0, 6.5, 6.7, 7.0, 6.0, 6.2, 5.5, 5.0, 6.2, 6.0, 6.0, 6.2, 6.5, 6.0, 6.2, 5.5, 4.5, 3.7, 4.5, 5.0, 4.7, 5.0, 6.0, 6.7, 7.0, 7.5, 6.7, 7.0, 7.0, 6.7, 7.0, 7.0, 6.7, 4.0, 3.5, 2.7, 3.0, 3.0, 4.2, 3.5, 4.0, 4.0, 4.0, 4.0, 4.0, 4.0, 4.0, 2.7, 3.5, 5.0, 4.7, 1.7, 6.5, 4.2, 6.0, 6.5, 6.7, 3.5, 6.5, 4.7, 5.0, 5.0, 4.7, 5.0, 5.0, 4.2, 4.0, 4.0, 4.2, 4.0, 3.5, 2.2, 2.5, 3.0, 2.7, 3.0, 3.0, 4.2, 4.0, 4.0, 4.7, 2.5, 4.0, 4.2, 4.0, 4.0, 4.2, 3.5, 4.0, 2.2, 5.5, 4.5, 4.2, 5.0, 5.5, 4.7, 4.5, 5.0, 6.0, 5.5, 6.0, 10.0, 11.5, 13.0, 12.0, 7.5, 5.5, 0.5, 1.5, 3.0, 3.5, 1.0, 1.0, 1.0, 1.0, 0.5, 0.0, 0.0, 0.0, 0.0, -8.8, 3.0, 3.0, 4.0, 4.0, 4.0, 3.0, 2.8, 3.5, 4.0, 4.1, 4.0, 5.1, 6.0, 6.1, 6.5, 7.0, 6.8, 7.0, 7.0, 6.8, 6.0, 6.2, 6.0, 6.0, 6.1, 5.0, 3.5, 5.8, 7.0, 6.7, 6.5, 6.0, 6.2, 5.5, 6.0, 6.2, 5.5, 4.5, 4.2, 4.0, 3.5, 2.7, 2.0, 2.0, 2.2, 2.0, 2.0, 0.7, 1.0, 1.0, 0.2, 0.0, 0.0, 0.2, 0.5, 2.0, 2.2, 1.0, 0.0, -2.9, -1.5, -1.0, -1.4, -1.0, -1.5, 0.2, -0.5, 0.0, 0.7, 0.0, 0.5, 0.7, 0.0, 0.5, 0.7, 0.0, 0.0, -0.8, 0.0, 0.0, -0.8, 0.0, 2.5, 6.2, 7.5, 8.0, 9.0, 8.0, 7.0, 6.0, 6.0, 5.0, 5.0, 4.5, 4.5, 3.0, 2.5, 1.5, 0.7, 1.0, 1.0, 0.2, 0.0, 0.0, -0.8, -1.5, -2.0, -2.9, 1.5, -1.5, -1.2, -1.5, -4.0, -4.2, -4.5, -5.4, -3.5, -2.5, -1.4, 0.0, -1.5, -1.9, -2.0, -2.0, -3.9, -4.0, -2.0, -1.9, -2.5, -2.5, 0.2, -2.0, -2.0, -1.9, -1.5, -3.5, -1.9, -4.5, -1.0, -2.9, -1.5, -1.5, 0.2, -3.5, -1.0, 0.2, -0.5, 0.5, 0.7, 1.0, 1.5, 2.4, 3.0, 3.5, 3.7, 6.0, 6.5, 8.5, 9.0, 8.8, 6.7, 6.8, 8.0, 5.5, 5.8, 4.0, 2.7, 2.5, 3.0, 4.2, 3.5, 3.5, 4.2, 3.0, 2.0, 1.7, 0.0, 3.5, 6.2, 4.5, 5.5, 6.2, 3.5, 3.5, 5.5, 5.5, 7.5, 6.7, 2.5, 1.5, 2.2, -0.5, 0.0, 1.2, 0.5, 0.0, -0.8, 0.0, -3.5, -2.9, 0.0, -1.0, 0.2, 0.5, 0.5, 1.7, 0.0, 0.5, 0.7, -0.5, 0.0, -0.8, -1.0, -1.0, -1.4, -2.0, -0.5, -0.8, 0.5, 0.0, 1.4, 2.5, 1.5, 2.2, 4.0, 1.5, 1.2, 4.0, 2.0, 2.2, 3.5, 1.5, 0.7, 0.5, -1.5, -1.4, 0.5, 1.0, 2.2, 4.0, 4.0, 4.2, 4.0, 4.0, 4.2, 4.0, 5.0, 4.0, 4.2, 4.0, 3.0, 4.2, 3.0, 3.0, 2.7, 3.0, 1.0, 0.7, 0.0, -0.5, -0.8, -0.5, 0.5, 0.0, 0.0, 0.0, 0.0, 0.0, 0.0, 0.0, 0.0, 0.0, -1.0, -0.5, -1.0, 0.0, -1.0, -1.4, -0.5, 1.0, 0.2, 1.0, 0.5, 0.2, 1.0, 2.0, 2.5, 2.7, 4.0, 3.0, 3.7, 2.0, 1.5, 1.2, 3.0, 7.5, 8.2, 3.2, 5.5, 5.7, 6.5, 7.0, 5.7, 5.0, 6.0, 6.0, 6.4, 4.0, 7.0, 6.7, 9.0, 8.4, 7.5, 6.0, 6.0, 6.0, 4.7, 5.0, null, 5.5, 5.0, 5.0, 4.5, 4.4, 4.0, 4.0, 2.0, 2.7, 5.0, 4.0, 4.5, 5.2, 5.0, 4.0, 4.0, 1.7, 3.0, 2.0, 3.0, 2.2, null, 5.0, 6.0, null, 4.0, 2.3, null, null, null, 8.4, null, null, null, 4.4, 4.0, 15.0, 4.0, 2.7, 4.0, 1.0, 6.0, 6.2, null, null, null, null, null, null, null, null, null, null, null, null, null, null, null, null, null, null, null, null, null, 2.3, null, null, null, null, null, null, null, null, 1.0, 2.0, 3.0, 5.0, null, 10.7, 4.0, 4.0, 4.2, 5.0, 1.0, 1.0, -3.7, 6.5, 9.0, 8.0, 8.7, 10.0, 10.0, 10.0, 10.0, 10.0, 4.2, null, 1.5, 1.0, 2.5, 4.5, 8.2, 10.0, 10.0, 10.2, 9.5, 7.5, 7.0, 4.2, 3.5, 4.0, 4.0, 4.2, null, 4.0, 5.0, 0.0, 0.0, null, -1.4, null, 0.0, 0.0, -1.0, -1.0, null, 1.5, 0.0, -1.0, -1.0, -1.4, 0.0, 13.0, 3.0, 0.0, 0.7, null, 1.0, null, 0.0, 1.0, null, 0.0, 0.5, 1.0, null, 1.0, 1.0, null, 1.0, 1.7, null, 2.0, 2.0, 2.0, 1.0, 2.2, null, 2.0, 2.0, 2.0, 2.0, 2.2, null, 3.0, 3.0, 4.0, 4.0, 2.3, 3.0, null, 3.0, 3.0, 3.0, 3.7, 3.0, null, 3.0, 3.0, 2.0, 2.7, 3.0, 3.0, 4.0, null, 3.0, 2.7, null, 10.0, 8.0, 5.0, null, 6.0, 4.1, 4.0, 4.0, 4.8, 4.0, 4.5, 4.7, 3.5, 5.0, 5.7, 5.0, 8.0, 6.0, 6.8, 4.0, 2.0, 5.1, 3.0, 1.2, 2.5, 2.0, 0.2, 0.5, 5.0, 5.0, 5.0, 4.7, 3.5, null, null, null, null, null, null, -3.7, null, null, null, -3.7, null, 7.4, null, null, null, null, null, null, null, null, null, null, null, 7.1, 0.3, null, 3.0, 3.0, 2.3, null, 2.5, null, 3.0, 4.0, 4.4, 5.0, null, 4.0, 3.0, 2.3, 2.0, 4.0, null, 5.0, 4.4, 3.0, 3.0, 6.2, null, 6.0, 6.0, 6.4, 7.0, 7.0, 7.0, 3.0, 4.4, 5.0, 5.0, 4.0, 4.4, 4.0, null, null, null, 0.3, null, null, null, 4.4, null, 20.6, null, null, null, null, 47.0, null, null, 0.3, null, null, -11.8, null, 9.4, null, 10.5, 14.8, null, 8.0, 8.5, 10.7, 50.0, 44.8, 88.0, null, null, null, null, null, null, null, null, null, null, null, null, null, null, null, null, null, null, null, null, null, null, null, null, null, null, null, null, null, null, null, null, null, null, null, null, null, null, null, null, null, null, null, null, null, null, null, null, null, null, null, null, null, null, null, null, null, null, null, null, null, null, null, null, null, null]}