{"type": "Feature", "properties": {"leg_id": 25, "name": "20210929 - Port Angeles to Oakland, CA", "stated_nm": 1045.4, "computed_nm": 1045.4}, "geometry": {"type": "LineString", "coordinates": [[-123.425463, 48.120256], [-123.427457, 48.120738], [-123.426878, 48.120898], [-123.420623, 48.123632], [-123.418482, 48.124606], [-123.4156, 48.126468], [-123.411083, 48.129945], [-123.405282, 48.133961], [-123.402955, 48.135443], [-123.398953, 48.137879], [-123.39499, 48.14068], [-123.393602, 48.142073], [-123.393998, 48.143982], [-123.395136, 48.145309], [-123.397797, 48.147544], [-123.402465, 48.150295], [-123.405782, 48.152054], [-123.409889, 48.154353], [-123.412374, 48.155686], [-123.415772, 48.157495], [-123.421681, 48.160289], [-123.430262, 48.163835], [-123.432862, 48.165045], [-123.440403, 48.168412], [-123.442738, 48.169283], [-123.450921, 48.171542], [-123.453135, 48.172217], [-123.458573, 48.173836], [-123.46354, 48.175463], [-123.466875, 48.176698], [-123.474966, 48.179375], [-123.479836, 48.180894], [-123.48329, 48.181083], [-123.49237, 48.181593], [-123.494198, 48.181796], [-123.497545, 48.181863], [-123.505137, 48.181532], [-123.508261, 48.181475], [-123.513924, 48.181714], [-123.516373, 48.181908], [-123.526418, 48.182417], [-123.532486, 48.182917], [-123.537575, 48.183327], [-123.54228, 48.183613], [-123.54746, 48.183636], [-123.550842, 48.183663], [-123.562715, 48.183895], [-123.567578, 48.183906], [-123.571863, 48.183923], [-123.581535, 48.184382], [-123.586096, 48.184497], [-123.592341, 48.184748], [-123.597589, 48.185001], [-123.606303, 48.185662], [-123.61521, 48.186383], [-123.618773, 48.186353], [-123.621459, 48.186372], [-123.624694, 48.186391], [-123.626827, 48.186405], [-123.628916, 48.186382], [-123.631431, 48.186364], [-123.633424, 48.186321], [-123.635946, 48.186347], [-123.637626, 48.186321], [-123.641486, 48.186339], [-123.643389, 48.18637], [-123.645038, 48.186416], [-123.647026, 48.186467], [-123.650566, 48.186608], [-123.653476, 48.186737], [-123.675713, 48.18861], [-123.683624, 48.189607], [-123.688091, 48.190218], [-123.694058, 48.191056], [-123.698761, 48.191735], [-123.701755, 48.192106], [-123.70867, 48.192687], [-123.713892, 48.193262], [-123.725849, 48.194094], [-123.73409, 48.19469], [-123.736408, 48.194936], [-123.738237, 48.195033], [-123.740616, 48.195193], [-123.742463, 48.195298], [-123.745764, 48.195506], [-123.747608, 48.195584], [-123.750741, 48.196073], [-123.753585, 48.196761], [-123.762161, 48.199011], [-123.765232, 48.199754], [-123.772534, 48.20198], [-123.775403, 48.202778], [-123.778793, 48.203816], [-123.781217, 48.20454], [-123.785092, 48.205202], [-123.789699, 48.20598], [-123.792092, 48.206356], [-123.794933, 48.206879], [-123.799623, 48.207754], [-123.800916, 48.208026], [-123.804294, 48.208754], [-123.809304, 48.209744], [-123.811258, 48.209918], [-123.812925, 48.209928], [-123.814715, 48.209879], [-123.816259, 48.20983], [-123.818127, 48.209801], [-123.821081, 48.209747], [-123.82364, 48.209705], [-123.827183, 48.209646], [-123.831732, 48.209607], [-123.833716, 48.209634], [-123.837116, 48.209714], [-123.838699, 48.20978], [-123.842388, 48.209876], [-123.845935, 48.209948], [-123.847863, 48.209981], [-123.851488, 48.210048], [-123.853683, 48.210102], [-123.859727, 48.210185], [-123.863946, 48.210287], [-123.868146, 48.210269], [-123.871347, 48.210318], [-123.87315, 48.21029], [-123.878096, 48.210264], [-123.882677, 48.210204], [-123.887682, 48.210132], [-123.891103, 48.21008], [-123.893475, 48.210001], [-123.8968, 48.209894], [-123.899812, 48.209808], [-123.908298, 48.209877], [-123.911699, 48.21028], [-123.919777, 48.211083], [-123.929445, 48.213173], [-123.931576, 48.214003], [-123.933485, 48.214741], [-123.936186, 48.215611], [-123.940783, 48.217182], [-123.946927, 48.218713], [-123.952986, 48.219864], [-123.957278, 48.220791], [-123.959842, 48.22126], [-123.961787, 48.221638], [-123.964392, 48.222381], [-123.966536, 48.223094], [-123.969612, 48.22412], [-123.972913, 48.22519], [-123.975636, 48.226097], [-123.980466, 48.227693], [-123.984703, 48.229001], [-123.987728, 48.22993], [-123.98932, 48.230431], [-123.991743, 48.231111], [-123.993871, 48.231763], [-123.998863, 48.233193], [-124.003848, 48.234747], [-124.007264, 48.235835], [-124.009447, 48.236494], [-124.011105, 48.237056], [-124.015309, 48.238228], [-124.019819, 48.239464], [-124.023784, 48.240615], [-124.028838, 48.241912], [-124.030938, 48.242504], [-124.033885, 48.243298], [-124.037671, 48.244291], [-124.040082, 48.244954], [-124.043466, 48.245881], [-124.047259, 48.247007], [-124.051252, 48.248], [-124.054423, 48.248947], [-124.056684, 48.249563], [-124.058415, 48.250118], [-124.061226, 48.251059], [-124.062963, 48.251555], [-124.064437, 48.252048], [-124.070035, 48.253662], [-124.076082, 48.255583], [-124.079956, 48.256825], [-124.086567, 48.25908], [-124.094769, 48.261927], [-124.104498, 48.264726], [-124.121646, 48.266641], [-124.121635, 48.266636], [-124.136855, 48.269648], [-124.140521, 48.27046], [-124.14771, 48.272032], [-124.151344, 48.273222], [-124.159188, 48.275885], [-124.161739, 48.276622], [-124.168569, 48.279034], [-124.172582, 48.280306], [-124.175074, 48.281115], [-124.17867, 48.282347], [-124.182369, 48.283667], [-124.186418, 48.285062], [-124.188413, 48.285846], [-124.190234, 48.2865], [-124.192546, 48.287391], [-124.195513, 48.288562], [-124.198907, 48.289857], [-124.203468, 48.291741], [-124.207534, 48.293429], [-124.211692, 48.29502], [-124.216227, 48.29686], [-124.224098, 48.29982], [-124.229277, 48.302002], [-124.234672, 48.304328], [-124.24065, 48.307088], [-124.245577, 48.309581], [-124.247746, 48.310557], [-124.250557, 48.312009], [-124.253018, 48.313055], [-124.255545, 48.314067], [-124.259192, 48.315224], [-124.260833, 48.315927], [-124.262592, 48.316551], [-124.264749, 48.317353], [-124.26634, 48.317907], [-124.267925, 48.318377], [-124.269558, 48.318909], [-124.273034, 48.320038], [-124.275482, 48.320659], [-124.278252, 48.321456], [-124.280991, 48.322116], [-124.284013, 48.322704], [-124.286905, 48.323048], [-124.288752, 48.323558], [-124.292024, 48.324393], [-124.295198, 48.325458], [-124.297635, 48.325738], [-124.299845, 48.326353], [-124.301942, 48.327085], [-124.304662, 48.328037], [-124.306722, 48.328772], [-124.308711, 48.329479], [-124.310562, 48.33008], [-124.31324, 48.330912], [-124.315517, 48.331484], [-124.317149, 48.331919], [-124.319575, 48.33254], [-124.321471, 48.332957], [-124.323207, 48.333536], [-124.325068, 48.334124], [-124.327647, 48.334945], [-124.329906, 48.335606], [-124.332379, 48.33643], [-124.334583, 48.33704], [-124.33699, 48.337937], [-124.339656, 48.338798], [-124.342067, 48.339386], [-124.344369, 48.340025], [-124.346577, 48.340362], [-124.348848, 48.340814], [-124.351357, 48.341214], [-124.353488, 48.341342], [-124.357929, 48.341949], [-124.359688, 48.342443], [-124.361887, 48.343443], [-124.364371, 48.344557], [-124.367069, 48.345611], [-124.369425, 48.346156], [-124.371921, 48.346757], [-124.3741, 48.347249], [-124.376061, 48.347748], [-124.377886, 48.34797], [-124.379939, 48.348262], [-124.381647, 48.348709], [-124.383935, 48.349351], [-124.388101, 48.350255], [-124.390784, 48.350405], [-124.393744, 48.350582], [-124.397353, 48.350888], [-124.400293, 48.351102], [-124.403683, 48.351624], [-124.406214, 48.351786], [-124.408064, 48.351898], [-124.41, 48.352191], [-124.411899, 48.352391], [-124.413907, 48.3527], [-124.415928, 48.352981], [-124.417669, 48.353123], [-124.419196, 48.353238], [-124.421053, 48.353451], [-124.423563, 48.353676], [-124.425254, 48.353812], [-124.427365, 48.354063], [-124.42904, 48.354166], [-124.431197, 48.354584], [-124.432944, 48.355088], [-124.434459, 48.355498], [-124.435988, 48.355839], [-124.438088, 48.356318], [-124.439856, 48.356717], [-124.441344, 48.356915], [-124.44269, 48.357018], [-124.444446, 48.35729], [-124.446196, 48.357529], [-124.447723, 48.357616], [-124.44925, 48.357713], [-124.451133, 48.358], [-124.452977, 48.358291], [-124.455016, 48.358715], [-124.456288, 48.359057], [-124.457605, 48.359495], [-124.459126, 48.359763], [-124.460626, 48.359853], [-124.462341, 48.360124], [-124.464039, 48.360434], [-124.465366, 48.360672], [-124.467034, 48.360939], [-124.468591, 48.361463], [-124.470157, 48.362002], [-124.471517, 48.362334], [-124.473853, 48.362901], [-124.475, 48.363079], [-124.476636, 48.363197], [-124.47787, 48.363479], [-124.479548, 48.363966], [-124.480793, 48.364332], [-124.482289, 48.364533], [-124.48396, 48.364911], [-124.485805, 48.36503], [-124.487357, 48.364945], [-124.489028, 48.365097], [-124.490432, 48.365512], [-124.492097, 48.365751], [-124.493432, 48.366212], [-124.494853, 48.36673], [-124.496449, 48.367151], [-124.498184, 48.367608], [-124.499939, 48.36787], [-124.501919, 48.368177], [-124.50327, 48.36846], [-124.505625, 48.368825], [-124.507738, 48.369354], [-124.510235, 48.369598], [-124.511499, 48.369807], [-124.513432, 48.369978], [-124.51513, 48.370178], [-124.51659, 48.370292], [-124.518586, 48.370508], [-124.520232, 48.370681], [-124.521907, 48.370737], [-124.523329, 48.370743], [-124.525389, 48.370723], [-124.526901, 48.37071], [-124.528498, 48.370728], [-124.529952, 48.370811], [-124.534509, 48.371196], [-124.536766, 48.37136], [-124.538608, 48.37143], [-124.540642, 48.371561], [-124.542259, 48.371839], [-124.543813, 48.372218], [-124.545269, 48.372612], [-124.547942, 48.373371], [-124.551177, 48.374381], [-124.553628, 48.375058], [-124.556445, 48.375957], [-124.558508, 48.376556], [-124.561353, 48.377268], [-124.564955, 48.377891], [-124.566274, 48.378156], [-124.568782, 48.378487], [-124.571078, 48.378779], [-124.572686, 48.378946], [-124.575633, 48.379174], [-124.577664, 48.379264], [-124.579533, 48.379323], [-124.58191, 48.379274], [-124.584172, 48.378937], [-124.586418, 48.378381], [-124.58886, 48.377332], [-124.590042, 48.376887], [-124.591254, 48.376407], [-124.592587, 48.375921], [-124.593761, 48.375561], [-124.594873, 48.37518], [-124.595913, 48.374683], [-124.597156, 48.374269], [-124.600052, 48.373517], [-124.602161, 48.373118], [-124.605611, 48.37246], [-124.608622, 48.371745], [-124.612189, 48.371067], [-124.614518, 48.370962], [-124.614597, 48.371218], [-124.611323, 48.370656], [-124.602725, 48.372918], [-124.598271, 48.374472], [-124.588978, 48.377525], [-124.585738, 48.379002], [-124.583443, 48.380796], [-124.581778, 48.382847], [-124.581102, 48.384226], [-124.575243, 48.38892], [-124.573391, 48.390638], [-124.570019, 48.394082], [-124.570377, 48.395393], [-124.573522, 48.398134], [-124.577623, 48.400968], [-124.581007, 48.402808], [-124.585733, 48.404405], [-124.591657, 48.406261], [-124.601498, 48.408483], [-124.607791, 48.410132], [-124.615412, 48.412168], [-124.618205, 48.412689], [-124.620406, 48.413337], [-124.623345, 48.414054], [-124.62511, 48.414297], [-124.627378, 48.415526], [-124.629053, 48.416448], [-124.631906, 48.417748], [-124.634504, 48.418762], [-124.636412, 48.419641], [-124.639113, 48.420306], [-124.641501, 48.420733], [-124.644645, 48.421487], [-124.648647, 48.422757], [-124.65146, 48.42354], [-124.654763, 48.424207], [-124.658618, 48.42539], [-124.660643, 48.42615], [-124.66363, 48.427386], [-124.665799, 48.428177], [-124.668302, 48.429687], [-124.671903, 48.432073], [-124.674352, 48.434111], [-124.675981, 48.435327], [-124.678989, 48.436809], [-124.682584, 48.438036], [-124.685283, 48.439091], [-124.6897, 48.440887], [-124.692119, 48.441975], [-124.694053, 48.442847], [-124.697548, 48.444439], [-124.700484, 48.445518], [-124.704212, 48.446722], [-124.708604, 48.448072], [-124.712188, 48.448921], [-124.716782, 48.449927], [-124.719488, 48.450753], [-124.722493, 48.451707], [-124.726099, 48.452956], [-124.729503, 48.454352], [-124.733021, 48.455734], [-124.738204, 48.457842], [-124.741023, 48.45927], [-124.745461, 48.46134], [-124.750804, 48.463847], [-124.752876, 48.464677], [-124.757967, 48.466365], [-124.760752, 48.467348], [-124.763399, 48.467878], [-124.768527, 48.467805], [-124.7738, 48.467973], [-124.776288, 48.468201], [-124.780653, 48.468457], [-124.793258, 48.469088], [-124.799723, 48.469676], [-124.814373, 48.471541], [-124.820511, 48.472242], [-124.829324, 48.472886], [-124.841992, 48.472755], [-124.846538, 48.472591], [-124.849547, 48.472561], [-124.857777, 48.47221], [-124.863176, 48.472178], [-124.867973, 48.472148], [-124.870428, 48.471989], [-124.874287, 48.47141], [-124.879961, 48.471078], [-124.884262, 48.470689], [-124.888068, 48.470409], [-124.891704, 48.470198], [-124.894417, 48.470387], [-124.894676, 48.471553], [-124.891753, 48.473161], [-124.892332, 48.472999], [-124.896282, 48.471885], [-124.900874, 48.469748], [-124.904718, 48.467846], [-124.907704, 48.466227], [-124.911712, 48.464289], [-124.913883, 48.46321], [-124.919995, 48.459948], [-124.926396, 48.456327], [-124.929028, 48.454946], [-124.933243, 48.452968], [-124.936827, 48.45127], [-124.939598, 48.450052], [-124.94215, 48.448841], [-124.946393, 48.446793], [-124.948241, 48.446098], [-124.951274, 48.444896], [-124.955129, 48.443058], [-124.959947, 48.440872], [-124.964042, 48.438985], [-124.970506, 48.435948], [-124.976803, 48.43321], [-124.97874, 48.432299], [-124.983369, 48.430106], [-124.986657, 48.42853], [-124.989143, 48.427311], [-124.994909, 48.424622], [-125.002478, 48.420891], [-125.009448, 48.417503], [-125.01157, 48.416462], [-125.016494, 48.414057], [-125.018511, 48.413084], [-125.020905, 48.41201], [-125.023375, 48.410686], [-125.0262, 48.409232], [-125.029255, 48.407607], [-125.031265, 48.406652], [-125.034426, 48.404879], [-125.037577, 48.403327], [-125.041561, 48.401034], [-125.043694, 48.399905], [-125.048268, 48.397166], [-125.050322, 48.396026], [-125.052334, 48.394934], [-125.057428, 48.391637], [-125.059519, 48.390367], [-125.061338, 48.389217], [-125.066369, 48.38604], [-125.071878, 48.382706], [-125.075899, 48.379942], [-125.07713, 48.37905], [-125.080178, 48.376836], [-125.082963, 48.374758], [-125.086711, 48.372108], [-125.09176, 48.368672], [-125.093554, 48.367463], [-125.095534, 48.366213], [-125.097588, 48.364771], [-125.102427, 48.361715], [-125.105038, 48.360085], [-125.108793, 48.357393], [-125.111806, 48.355735], [-125.113253, 48.354911], [-125.114226, 48.353619], [-125.119937, 48.349007], [-125.121517, 48.347886], [-125.124167, 48.345701], [-125.123977, 48.345634], [-125.128116, 48.343047], [-125.130246, 48.341462], [-125.132891, 48.339354], [-125.134776, 48.338031], [-125.136345, 48.336833], [-125.139777, 48.334331], [-125.141444, 48.333144], [-125.144252, 48.331044], [-125.147837, 48.328433], [-125.153709, 48.324327], [-125.155331, 48.323091], [-125.159264, 48.320028], [-125.16399, 48.316777], [-125.167229, 48.314247], [-125.169015, 48.313047], [-125.172013, 48.31082], [-125.175577, 48.308304], [-125.18211, 48.303724], [-125.186246, 48.300891], [-125.188752, 48.299113], [-125.191087, 48.297329], [-125.194042, 48.295168], [-125.196819, 48.292926], [-125.198423, 48.291508], [-125.203265, 48.287667], [-125.205501, 48.285657], [-125.207913, 48.283672], [-125.211432, 48.280436], [-125.212971, 48.279063], [-125.215339, 48.276899], [-125.218238, 48.274365], [-125.220748, 48.271851], [-125.22307, 48.269783], [-125.224465, 48.268435], [-125.227573, 48.265662], [-125.228834, 48.264624], [-125.232993, 48.26111], [-125.237805, 48.256515], [-125.240026, 48.254356], [-125.242812, 48.251818], [-125.246276, 48.248824], [-125.249212, 48.246102], [-125.250913, 48.24459], [-125.253045, 48.242858], [-125.260883, 48.235753], [-125.269777, 48.227873], [-125.271266, 48.226629], [-125.27387, 48.224318], [-125.277183, 48.221695], [-125.281067, 48.218283], [-125.282443, 48.217025], [-125.287095, 48.213177], [-125.290588, 48.210156], [-125.298128, 48.203342], [-125.301011, 48.200615], [-125.303782, 48.198256], [-125.315015, 48.187901], [-125.316783, 48.186214], [-125.318508, 48.18438], [-125.32598, 48.176873], [-125.327169, 48.175772], [-125.335792, 48.166387], [-125.336438, 48.165725], [-125.344223, 48.157228], [-125.34649, 48.154875], [-125.348574, 48.152744], [-125.351028, 48.150058], [-125.35247, 48.1486], [-125.358877, 48.141662], [-125.360945, 48.139456], [-125.371191, 48.128925], [-125.376237, 48.123723], [-125.383545, 48.11669], [-125.384686, 48.11543], [-125.39449, 48.10534], [-125.396009, 48.103619], [-125.400074, 48.099395], [-125.404154, 48.095294], [-125.406011, 48.093382], [-125.408383, 48.091029], [-125.410958, 48.088361], [-125.414575, 48.084847], [-125.416948, 48.082414], [-125.421657, 48.077917], [-125.428218, 48.071733], [-125.437185, 48.063323], [-125.439444, 48.061311], [-125.443659, 48.057416], [-125.452473, 48.049521], [-125.453831, 48.048385], [-125.457255, 48.045484], [-125.460478, 48.042764], [-125.463827, 48.039962], [-125.466854, 48.037408], [-125.470989, 48.033914], [-125.479862, 48.026873], [-125.482616, 48.024592], [-125.485585, 48.022377], [-125.488491, 48.019989], [-125.492082, 48.017252], [-125.495723, 48.01429], [-125.499107, 48.011642], [-125.501704, 48.009737], [-125.504556, 48.007615], [-125.508261, 48.004893], [-125.512128, 48.002044], [-125.519294, 47.997012], [-125.522443, 47.994797], [-125.526502, 47.991943], [-125.529967, 47.98961], [-125.532821, 47.987598], [-125.536714, 47.984981], [-125.539337, 47.983138], [-125.542238, 47.980997], [-125.548175, 47.976967], [-125.551306, 47.974732], [-125.555372, 47.971931], [-125.558447, 47.969758], [-125.562558, 47.967012], [-125.564656, 47.965543], [-125.567271, 47.963824], [-125.569813, 47.962109], [-125.572886, 47.960076], [-125.5755, 47.958287], [-125.583077, 47.953394], [-125.591487, 47.947748], [-125.599888, 47.942285], [-125.601763, 47.94114], [-125.6045, 47.939371], [-125.608845, 47.936482], [-125.611724, 47.934664], [-125.614209, 47.933019], [-125.617718, 47.930671], [-125.620785, 47.928523], [-125.624885, 47.925841], [-125.625225, 47.925535], [-125.634631, 47.919145], [-125.636796, 47.917664], [-125.639726, 47.915623], [-125.643447, 47.913735], [-125.646801, 47.911423], [-125.649318, 47.909764], [-125.651341, 47.908388], [-125.654087, 47.906399], [-125.659806, 47.902789], [-125.665516, 47.899541], [-125.668225, 47.898121], [-125.673988, 47.894545], [-125.676986, 47.89299], [-125.68242, 47.890305], [-125.68733, 47.888256], [-125.690868, 47.886611], [-125.695648, 47.884068], [-125.698919, 47.881956], [-125.702448, 47.879744], [-125.705152, 47.878198], [-125.709343, 47.875942], [-125.712624, 47.874065], [-125.719385, 47.870945], [-125.722961, 47.868964], [-125.725903, 47.867312], [-125.733452, 47.863777], [-125.737287, 47.862043], [-125.740462, 47.860429], [-125.744738, 47.858463], [-125.750617, 47.855564], [-125.755922, 47.853256], [-125.761317, 47.850994], [-125.764273, 47.849672], [-125.768649, 47.847849], [-125.77194, 47.846506], [-125.775978, 47.844787], [-125.778869, 47.843602], [-125.784553, 47.84129], [-125.790962, 47.838517], [-125.793333, 47.837414], [-125.797593, 47.835861], [-125.79975, 47.835206], [-125.805985, 47.832777], [-125.808748, 47.831482], [-125.812504, 47.829856], [-125.81593, 47.82843], [-125.818392, 47.827338], [-125.822673, 47.825213], [-125.829075, 47.822758], [-125.834225, 47.820363], [-125.837617, 47.81913], [-125.842278, 47.817498], [-125.847232, 47.815485], [-125.85372, 47.813162], [-125.855803, 47.812148], [-125.859198, 47.810636], [-125.865341, 47.807941], [-125.87007, 47.805941], [-125.873477, 47.804499], [-125.881043, 47.802291], [-125.884636, 47.801491], [-125.888912, 47.80068], [-125.894491, 47.799988], [-125.898618, 47.799582], [-125.90522, 47.798517], [-125.908158, 47.798129], [-125.912461, 47.797401], [-125.916292, 47.797042], [-125.918463, 47.796702], [-125.928707, 47.79614], [-125.931719, 47.795981], [-125.935583, 47.795751], [-125.939347, 47.795618], [-125.943602, 47.795339], [-125.948172, 47.794886], [-125.95165, 47.794544], [-125.953678, 47.794335], [-125.957467, 47.793857], [-125.960886, 47.793461], [-125.964328, 47.792803], [-125.968687, 47.791574], [-125.975, 47.789903], [-125.978669, 47.789024], [-125.984527, 47.787725], [-125.988573, 47.786771], [-125.992204, 47.785518], [-125.995799, 47.78439], [-125.997829, 47.783817], [-126.000405, 47.783252], [-126.003782, 47.782212], [-126.006597, 47.781017], [-126.009397, 47.779956], [-126.013588, 47.778392], [-126.016544, 47.776824], [-126.019264, 47.775466], [-126.02235, 47.773928], [-126.023885, 47.773119], [-126.026682, 47.771919], [-126.029202, 47.771451], [-126.032819, 47.769872], [-126.035458, 47.769191], [-126.038969, 47.767996], [-126.041859, 47.767557], [-126.045401, 47.766825], [-126.049318, 47.765825], [-126.053008, 47.764983], [-126.055744, 47.763933], [-126.057964, 47.763503], [-126.063698, 47.762142], [-126.066239, 47.761681], [-126.070638, 47.760746], [-126.073081, 47.760002], [-126.076011, 47.758822], [-126.078833, 47.757653], [-126.081938, 47.756436], [-126.084787, 47.75553], [-126.086464, 47.754932], [-126.089828, 47.754042], [-126.092565, 47.753156], [-126.096067, 47.751643], [-126.098109, 47.750736], [-126.099927, 47.749877], [-126.102789, 47.748798], [-126.106277, 47.747753], [-126.108775, 47.747102], [-126.112064, 47.746394], [-126.114381, 47.745497], [-126.117207, 47.744766], [-126.12382, 47.743433], [-126.12586, 47.743226], [-126.131202, 47.742765], [-126.133282, 47.742219], [-126.136269, 47.741512], [-126.139452, 47.740936], [-126.141047, 47.740611], [-126.144199, 47.739645], [-126.146301, 47.739133], [-126.149743, 47.738498], [-126.1527, 47.737607], [-126.15466, 47.737098], [-126.158731, 47.736246], [-126.161279, 47.735723], [-126.16467, 47.735047], [-126.166889, 47.734718], [-126.170729, 47.733641], [-126.17378, 47.732805], [-126.175329, 47.732003], [-126.177102, 47.731248], [-126.179043, 47.731172], [-126.180962, 47.731278], [-126.184853, 47.730552], [-126.187385, 47.730104], [-126.189316, 47.729593], [-126.193228, 47.729175], [-126.19531, 47.728942], [-126.197704, 47.728217], [-126.199189, 47.727714], [-126.201168, 47.726929], [-126.203076, 47.726385], [-126.205747, 47.725745], [-126.207795, 47.725206], [-126.20985, 47.724838], [-126.212755, 47.724381], [-126.214863, 47.723903], [-126.216846, 47.7235], [-126.219079, 47.723095], [-126.221084, 47.722542], [-126.223406, 47.721937], [-126.225667, 47.72137], [-126.22778, 47.720806], [-126.229816, 47.72017], [-126.232382, 47.719197], [-126.235307, 47.71883], [-126.237186, 47.718245], [-126.238915, 47.717928], [-126.242419, 47.71766], [-126.245041, 47.716714], [-126.246692, 47.716193], [-126.248727, 47.715684], [-126.250964, 47.715588], [-126.251827, 47.714259], [-126.253703, 47.711266], [-126.254654, 47.709798], [-126.256309, 47.707379], [-126.25791, 47.704957], [-126.259603, 47.702222], [-126.261725, 47.698899], [-126.262506, 47.69771], [-126.26549, 47.692949], [-126.266354, 47.691545], [-126.267788, 47.689318], [-126.269205, 47.686832], [-126.272467, 47.681627], [-126.273386, 47.680029], [-126.275539, 47.676752], [-126.276824, 47.674471], [-126.27898, 47.670876], [-126.283371, 47.663218], [-126.286266, 47.658673], [-126.289118, 47.653547], [-126.290748, 47.650461], [-126.293321, 47.645232], [-126.294225, 47.643096], [-126.297185, 47.63704], [-126.29919, 47.633392], [-126.300561, 47.631164], [-126.304198, 47.623255], [-126.305665, 47.619791], [-126.306912, 47.61731], [-126.308318, 47.613988], [-126.309964, 47.610737], [-126.311895, 47.60632], [-126.319255, 47.58979], [-126.319268, 47.589798], [-126.325048, 47.577077], [-126.32531, 47.576237], [-126.32767, 47.570977], [-126.328968, 47.567826], [-126.331288, 47.562793], [-126.332046, 47.561208], [-126.331624, 47.559138], [-126.326692, 47.55343], [-126.324477, 47.550476], [-126.322785, 47.548346], [-126.321564, 47.54694], [-126.31955, 47.544719], [-126.318008, 47.543224], [-126.31666, 47.541767], [-126.31527, 47.540365], [-126.314097, 47.538919], [-126.312737, 47.53689], [-126.311666, 47.535054], [-126.310744, 47.533327], [-126.310055, 47.531708], [-126.309417, 47.530356], [-126.308653, 47.528807], [-126.307297, 47.526134], [-126.306536, 47.524643], [-126.30498, 47.522007], [-126.304411, 47.520426], [-126.303854, 47.518696], [-126.303421, 47.516657], [-126.303619, 47.515623], [-126.303781, 47.514241], [-126.305041, 47.512948], [-126.304858, 47.5117], [-126.303838, 47.51091], [-126.295378, 47.50203], [-126.293714, 47.5002], [-126.290155, 47.496083], [-126.28279, 47.488018], [-126.278953, 47.483847], [-126.27309, 47.476774], [-126.269731, 47.472912], [-126.265676, 47.468339], [-126.264057, 47.466329], [-126.262808, 47.464813], [-126.255097, 47.455737], [-126.254627, 47.455042], [-126.249435, 47.44876], [-126.245584, 47.443418], [-126.243895, 47.441157], [-126.240177, 47.435852], [-126.238022, 47.432833], [-126.235517, 47.429448], [-126.238229, 47.423651], [-126.239081, 47.421948], [-126.242158, 47.418393], [-126.242882, 47.417535], [-126.247624, 47.40986], [-126.248894, 47.4077], [-126.253753, 47.400372], [-126.252865, 47.398417], [-126.250796, 47.394462], [-126.246165, 47.385405], [-126.245337, 47.383945], [-126.242678, 47.377984], [-126.238947, 47.369723], [-126.23781, 47.366797], [-126.235189, 47.361278], [-126.235183, 47.361239], [-126.226966, 47.344283], [-126.226991, 47.344292], [-126.21907, 47.327416], [-126.219078, 47.327426], [-126.211301, 47.310755], [-126.2082, 47.304478], [-126.203448, 47.294146], [-126.203208, 47.293631], [-126.199178, 47.285492], [-126.195674, 47.277395], [-126.195344, 47.276589], [-126.191065, 47.267872], [-126.189553, 47.264256], [-126.187075, 47.258487], [-126.184138, 47.250915], [-126.182999, 47.248624], [-126.181527, 47.24501], [-126.180711, 47.242762], [-126.177295, 47.235427], [-126.171699, 47.227674], [-126.167568, 47.22187], [-126.165072, 47.218653], [-126.163107, 47.215625], [-126.160668, 47.212298], [-126.155322, 47.205128], [-126.150668, 47.198452], [-126.149127, 47.196436], [-126.147742, 47.194588], [-126.14209, 47.186615], [-126.13977, 47.182975], [-126.138234, 47.180851], [-126.135101, 47.176736], [-126.132662, 47.173483], [-126.130498, 47.170235], [-126.128504, 47.167245], [-126.125357, 47.16281], [-126.119805, 47.154575], [-126.11881, 47.152899], [-126.115509, 47.147837], [-126.108665, 47.136862], [-126.10744, 47.1345], [-126.105896, 47.131969], [-126.103618, 47.12791], [-126.100688, 47.123153], [-126.098706, 47.119989], [-126.094383, 47.112875], [-126.086955, 47.104643], [-126.085976, 47.103664], [-126.080195, 47.09699], [-126.077205, 47.09315], [-126.074624, 47.090239], [-126.065868, 47.080398], [-126.064936, 47.079031], [-126.063079, 47.076669], [-126.061409, 47.074445], [-126.055982, 47.067645], [-126.053095, 47.063713], [-126.051616, 47.061973], [-126.046592, 47.055407], [-126.04398, 47.051605], [-126.042195, 47.049397], [-126.03799, 47.044045], [-126.031658, 47.035571], [-126.030382, 47.033868], [-126.025903, 47.028048], [-126.02369, 47.02314], [-126.022804, 47.021215], [-126.019858, 47.015518], [-126.016602, 47.008308], [-126.015623, 47.005891], [-126.013771, 47.001755], [-126.009125, 46.991208], [-126.008989, 46.990891], [-126.004942, 46.982348], [-126.005272, 46.975174], [-126.005464, 46.972044], [-126.005808, 46.967508], [-126.006221, 46.962384], [-126.006487, 46.957513], [-126.007468, 46.945985], [-126.007816, 46.943486], [-126.008685, 46.934097], [-126.009273, 46.930398], [-126.009883, 46.925899], [-126.010008, 46.924208], [-126.010779, 46.91849], [-126.01213, 46.909261], [-126.012504, 46.906936], [-126.013109, 46.901754], [-126.013818, 46.895971], [-126.015705, 46.88269], [-126.016011, 46.879903], [-126.01707, 46.866952], [-126.017437, 46.864553], [-126.017909, 46.861323], [-126.018697, 46.854362], [-126.019108, 46.852662], [-126.020228, 46.845317], [-126.020852, 46.84003], [-126.02113, 46.83704], [-126.021867, 46.832108], [-126.0222, 46.82922], [-126.022543, 46.825899], [-126.023028, 46.822166], [-126.02425, 46.815025], [-126.02458, 46.812812], [-126.025353, 46.80708], [-126.026268, 46.801225], [-126.027788, 46.790075], [-126.028749, 46.783977], [-126.029898, 46.777757], [-126.031595, 46.76691], [-126.031889, 46.765021], [-126.03289, 46.760205], [-126.033907, 46.754513], [-126.034951, 46.752225], [-126.036161, 46.750842], [-126.037576, 46.749631], [-126.040131, 46.747861], [-126.043075, 46.745671], [-126.044537, 46.74466], [-126.053328, 46.738763], [-126.054615, 46.737996], [-126.060077, 46.734218], [-126.064269, 46.73141], [-126.065735, 46.730361], [-126.069438, 46.727653], [-126.072253, 46.72559], [-126.074443, 46.72416], [-126.0775, 46.721941], [-126.08162, 46.719163], [-126.084048, 46.717595], [-126.085504, 46.716605], [-126.088802, 46.714433], [-126.091651, 46.712685], [-126.093601, 46.71141], [-126.100967, 46.706627], [-126.104011, 46.704524], [-126.106916, 46.702713], [-126.110348, 46.700822], [-126.113675, 46.698853], [-126.11577, 46.697768], [-126.118885, 46.695994], [-126.120605, 46.694862], [-126.122612, 46.693593], [-126.124016, 46.692599], [-126.126529, 46.690745], [-126.128365, 46.689373], [-126.130743, 46.687769], [-126.131893, 46.686963], [-126.134111, 46.685544], [-126.135458, 46.684582], [-126.136887, 46.683648], [-126.138112, 46.682796], [-126.142583, 46.679778], [-126.143942, 46.678939], [-126.145864, 46.677534], [-126.151329, 46.673959], [-126.158631, 46.668914], [-126.160568, 46.66781], [-126.164017, 46.665874], [-126.165793, 46.664879], [-126.167851, 46.66368], [-126.170848, 46.662233], [-126.172007, 46.66149], [-126.176002, 46.659089], [-126.178354, 46.657797], [-126.179847, 46.656942], [-126.182731, 46.655238], [-126.184187, 46.654514], [-126.185868, 46.653705], [-126.188524, 46.652266], [-126.190183, 46.651476], [-126.192141, 46.650456], [-126.194119, 46.64948], [-126.196104, 46.64855], [-126.198817, 46.647343], [-126.200366, 46.64666], [-126.202695, 46.645721], [-126.204228, 46.645026], [-126.206708, 46.643661], [-126.208049, 46.643018], [-126.210285, 46.642005], [-126.211885, 46.64097], [-126.213525, 46.640146], [-126.215901, 46.638895], [-126.218141, 46.637653], [-126.219552, 46.636733], [-126.221414, 46.635821], [-126.223411, 46.634875], [-126.224579, 46.634546], [-126.225987, 46.634149], [-126.227018, 46.633888], [-126.228321, 46.633548], [-126.229041, 46.633606], [-126.231047, 46.63273], [-126.233166, 46.630392], [-126.236363, 46.626806], [-126.244221, 46.617965], [-126.249843, 46.611505], [-126.255015, 46.604501], [-126.260143, 46.597042], [-126.265142, 46.589425], [-126.26987, 46.581715], [-126.274111, 46.573398], [-126.278252, 46.565005], [-126.282348, 46.556443], [-126.282352, 46.556446], [-126.285931, 46.547591], [-126.289345, 46.538988], [-126.29252, 46.529943], [-126.293046, 46.525944], [-126.298206, 46.511531], [-126.298216, 46.511539], [-126.302153, 46.501093], [-126.302162, 46.501098], [-126.306101, 46.490546], [-126.306123, 46.490558], [-126.309852, 46.479801], [-126.309836, 46.479796], [-126.313934, 46.468849], [-126.313939, 46.468823], [-126.31826, 46.45715], [-126.318282, 46.457097], [-126.322578, 46.445611], [-126.322631, 46.445546], [-126.327302, 46.433914], [-126.327332, 46.433856], [-126.332037, 46.422097], [-126.332068, 46.42202], [-126.336765, 46.411743], [-126.336776, 46.41175], [-126.341293, 46.399243], [-126.341313, 46.399267], [-126.3461, 46.387818], [-126.346112, 46.387828], [-126.350906, 46.376553], [-126.350899, 46.376576], [-126.355905, 46.365308], [-126.355919, 46.365314], [-126.361183, 46.35444], [-126.361197, 46.354445], [-126.366485, 46.343167], [-126.366471, 46.343122], [-126.371642, 46.331923], [-126.371633, 46.33192], [-126.376992, 46.320289], [-126.376998, 46.320269], [-126.382202, 46.308389], [-126.382201, 46.308364], [-126.387405, 46.296633], [-126.387421, 46.296643], [-126.390345, 46.282815], [-126.390344, 46.282827], [-126.389936, 46.269028], [-126.389969, 46.269057], [-126.389593, 46.255251], [-126.389607, 46.255271], [-126.389573, 46.24137], [-126.389587, 46.241386], [-126.38938, 46.227346], [-126.389385, 46.227381], [-126.389015, 46.21326], [-126.389035, 46.213297], [-126.388928, 46.200375], [-126.388931, 46.200415], [-126.389078, 46.186876], [-126.38908, 46.18691], [-126.388993, 46.172233], [-126.388999, 46.172233], [-126.388735, 46.15851], [-126.388748, 46.15852], [-126.388478, 46.144735], [-126.388489, 46.144754], [-126.387576, 46.130701], [-126.387584, 46.130716], [-126.386696, 46.116581], [-126.386712, 46.116619], [-126.385625, 46.101765], [-126.385652, 46.102131], [-126.384957, 46.086928], [-126.384921, 46.086845], [-126.383575, 46.073127], [-126.383588, 46.073088], [-126.381933, 46.060438], [-126.381942, 46.060447], [-126.380453, 46.048153], [-126.380469, 46.048156], [-126.378865, 46.035868], [-126.378864, 46.035851], [-126.377556, 46.023445], [-126.377029, 46.019901], [-126.375431, 46.010323], [-126.375451, 46.010327], [-126.374115, 46.000538], [-126.37372, 45.997872], [-126.372321, 45.986815], [-126.372299, 45.986706], [-126.370818, 45.975433], [-126.370823, 45.975448], [-126.368995, 45.964961], [-126.369008, 45.964976], [-126.366591, 45.954855], [-126.366609, 45.954865], [-126.364445, 45.942893], [-126.364458, 45.942902], [-126.362686, 45.93254], [-126.362685, 45.932552], [-126.361183, 45.92019], [-126.361202, 45.920205], [-126.358866, 45.906973], [-126.358867, 45.907004], [-126.356378, 45.895096], [-126.356384, 45.895122], [-126.35421, 45.882628], [-126.354234, 45.882655], [-126.351656, 45.870226], [-126.351673, 45.870255], [-126.349425, 45.857116], [-126.349446, 45.85714], [-126.347108, 45.84437], [-126.34711, 45.844399], [-126.34449, 45.831495], [-126.344497, 45.831505], [-126.341934, 45.820323], [-126.341962, 45.820331], [-126.338912, 45.808586], [-126.338898, 45.808558], [-126.335685, 45.796834], [-126.33567, 45.796791], [-126.332199, 45.785113], [-126.332151, 45.785072], [-126.327971, 45.772717], [-126.327986, 45.772651], [-126.323718, 45.759976], [-126.323722, 45.75998], [-126.318998, 45.746801], [-126.319007, 45.746803], [-126.314985, 45.733251], [-126.315006, 45.733269], [-126.310501, 45.719615], [-126.310517, 45.719642], [-126.306231, 45.705571], [-126.305882, 45.703915], [-126.302668, 45.69127], [-126.302692, 45.691294], [-126.298678, 45.67641], [-126.29871, 45.676429], [-126.294621, 45.662635], [-126.294647, 45.662681], [-126.290545, 45.648493], [-126.290558, 45.648503], [-126.286683, 45.634278], [-126.286697, 45.634299], [-126.28295, 45.62033], [-126.282971, 45.620351], [-126.278893, 45.606371], [-126.278901, 45.606386], [-126.275075, 45.591535], [-126.275082, 45.591552], [-126.270783, 45.576653], [-126.270807, 45.576682], [-126.26705, 45.562383], [-126.267053, 45.56242], [-126.264274, 45.547749], [-126.264264, 45.547657], [-126.261062, 45.533668], [-126.261044, 45.533654], [-126.258263, 45.519965], [-126.258235, 45.519922], [-126.255432, 45.507015], [-126.255377, 45.506938], [-126.252967, 45.493873], [-126.252967, 45.493823], [-126.250355, 45.480233], [-126.250372, 45.480261], [-126.247951, 45.465288], [-126.247954, 45.465297], [-126.244948, 45.450193], [-126.244956, 45.450202], [-126.241921, 45.435623], [-126.241928, 45.435624], [-126.238768, 45.420763], [-126.238784, 45.420764], [-126.235721, 45.405196], [-126.235748, 45.405209], [-126.232481, 45.390401], [-126.232502, 45.39044], [-126.22997, 45.375036], [-126.229984, 45.375078], [-126.232438, 45.36081], [-126.232417, 45.360853], [-126.235656, 45.345995], [-126.235637, 45.346039], [-126.240033, 45.331981], [-126.240024, 45.332023], [-126.243746, 45.3184], [-126.243751, 45.318434], [-126.246643, 45.304451], [-126.246655, 45.304496], [-126.24763, 45.290505], [-126.247662, 45.290531], [-126.246965, 45.277318], [-126.246971, 45.277356], [-126.244818, 45.265163], [-126.242695, 45.252588], [-126.242706, 45.252606], [-126.241943, 45.23847], [-126.241951, 45.238487], [-126.23954, 45.224811], [-126.239559, 45.224838], [-126.237395, 45.210961], [-126.237403, 45.210986], [-126.233016, 45.197485], [-126.233018, 45.197491], [-126.226751, 45.184406], [-126.226753, 45.18441], [-126.220871, 45.171446], [-126.220912, 45.171493], [-126.211988, 45.16061], [-126.212002, 45.160657], [-126.205916, 45.148895], [-126.205936, 45.148944], [-126.199886, 45.137576], [-126.199894, 45.137621], [-126.192655, 45.126793], [-126.192673, 45.126839], [-126.184523, 45.118038], [-126.184552, 45.11809], [-126.174716, 45.111473], [-126.174762, 45.111519], [-126.16667, 45.102911], [-126.16673, 45.102945], [-126.156391, 45.095078], [-126.156433, 45.095106], [-126.143646, 45.090626], [-126.143719, 45.090653], [-126.130836, 45.083448], [-126.13089, 45.083475], [-126.117296, 45.075628], [-126.117313, 45.075631], [-126.105323, 45.066958], [-126.105358, 45.066976], [-126.092361, 45.05801], [-126.092372, 45.058027], [-126.078951, 45.050705], [-126.079006, 45.050726], [-126.065433, 45.044911], [-126.065479, 45.04495], [-126.052536, 45.037455], [-126.052593, 45.037475], [-126.039079, 45.03241], [-126.038981, 45.032416], [-126.024163, 45.030434], [-126.023841, 45.030357], [-126.00902, 45.02693], [-126.009079, 45.026958], [-125.995288, 45.025158], [-125.995381, 45.025165], [-125.982139, 45.024746], [-125.981968, 45.024797], [-125.96798, 45.024156], [-125.967887, 45.024123], [-125.953904, 45.02116], [-125.953797, 45.021122], [-125.939841, 45.015911], [-125.939858, 45.015922], [-125.927353, 45.009656], [-125.92738, 45.009665], [-125.915873, 45.003433], [-125.915897, 45.003457], [-125.904328, 44.996856], [-125.904352, 44.996861], [-125.894093, 44.989561], [-125.894097, 44.989564], [-125.883943, 44.982125], [-125.883972, 44.982132], [-125.874288, 44.974121], [-125.874305, 44.974149], [-125.866091, 44.9657], [-125.866112, 44.965703], [-125.859053, 44.956591], [-125.85907, 44.956592], [-125.851241, 44.947876], [-125.851228, 44.947859], [-125.843861, 44.939156], [-125.843871, 44.93916], [-125.837553, 44.930831], [-125.837562, 44.930836], [-125.82957, 44.922741], [-125.829575, 44.922745], [-125.823133, 44.914211], [-125.823166, 44.914247], [-125.817253, 44.905296], [-125.817257, 44.905309], [-125.81176, 44.89621], [-125.811759, 44.896214], [-125.804305, 44.887691], [-125.804273, 44.887668], [-125.796318, 44.879582], [-125.796311, 44.87958], [-125.793877, 44.869038], [-125.793866, 44.869006], [-125.794265, 44.85888], [-125.79419, 44.858811], [-125.796569, 44.849147], [-125.796595, 44.849102], [-125.800795, 44.83984], [-125.800793, 44.839861], [-125.804765, 44.830635], [-125.804779, 44.830642], [-125.806931, 44.82159], [-125.807106, 44.817607], [-125.811505, 44.805262], [-125.811514, 44.805255], [-125.814936, 44.79583], [-125.824031, 44.789643], [-125.825733, 44.781645], [-125.825466, 44.777909], [-125.822019, 44.768999], [-125.819774, 44.767162], [-125.816356, 44.764576], [-125.811973, 44.764201], [-125.810041, 44.765308], [-125.80778, 44.766664], [-125.805524, 44.766972], [-125.806133, 44.760012], [-125.807595, 44.750152], [-125.807903, 44.749386], [-125.816307, 44.742511], [-125.816847, 44.741996], [-125.824791, 44.734992], [-125.825394, 44.734323], [-125.831595, 44.726475], [-125.832189, 44.72586], [-125.837997, 44.718334], [-125.838462, 44.717599], [-125.845567, 44.710133], [-125.846206, 44.709516], [-125.855187, 44.702576], [-125.856071, 44.702009], [-125.866553, 44.695735], [-125.867507, 44.695162], [-125.878701, 44.688146], [-125.879531, 44.687663], [-125.880554, 44.678603], [-125.88024, 44.677311], [-125.876138, 44.66256], [-125.875542, 44.661262], [-125.869721, 44.648719], [-125.869589, 44.647442], [-125.865668, 44.634555], [-125.864953, 44.633368], [-125.85929, 44.618606], [-125.858972, 44.617239], [-125.854018, 44.602791], [-125.853635, 44.601467], [-125.847983, 44.586945], [-125.847532, 44.585582], [-125.842065, 44.572051], [-125.841459, 44.570719], [-125.834695, 44.557803], [-125.833969, 44.55654], [-125.826958, 44.543231], [-125.826393, 44.541806], [-125.819436, 44.528198], [-125.818932, 44.526991], [-125.812325, 44.513478], [-125.811621, 44.51212], [-125.805327, 44.49849], [-125.804491, 44.497121], [-125.798339, 44.48289], [-125.797844, 44.481373], [-125.793153, 44.467224], [-125.79243, 44.46579], [-125.786361, 44.451888], [-125.785582, 44.450523], [-125.779069, 44.436325], [-125.778484, 44.434819], [-125.772965, 44.420609], [-125.772392, 44.419027], [-125.767464, 44.404685], [-125.766527, 44.402995], [-125.760529, 44.389015], [-125.759966, 44.387335], [-125.754592, 44.372859], [-125.753787, 44.371197], [-125.74755, 44.35768], [-125.74688, 44.356039], [-125.740379, 44.342091], [-125.739175, 44.340531], [-125.733659, 44.326863], [-125.732951, 44.325225], [-125.726265, 44.311194], [-125.725726, 44.309685], [-125.719932, 44.295631], [-125.719817, 44.293938], [-125.716561, 44.279495], [-125.716169, 44.277969], [-125.709939, 44.263824], [-125.709199, 44.262203], [-125.703576, 44.247989], [-125.702894, 44.246269], [-125.697777, 44.232009], [-125.697206, 44.230306], [-125.691924, 44.215755], [-125.691232, 44.214072], [-125.685701, 44.200059], [-125.685075, 44.198374], [-125.680772, 44.184174], [-125.68045, 44.182597], [-125.678063, 44.16864], [-125.677934, 44.167025], [-125.674331, 44.152854], [-125.674073, 44.151139], [-125.671524, 44.137271], [-125.671264, 44.135475], [-125.66832, 44.121577], [-125.66767, 44.119918], [-125.664398, 44.106608], [-125.663773, 44.104993], [-125.658745, 44.092275], [-125.658211, 44.09066], [-125.652704, 44.077774], [-125.652119, 44.076155], [-125.646684, 44.062912], [-125.645854, 44.061232], [-125.63909, 44.048374], [-125.638368, 44.046648], [-125.632179, 44.034157], [-125.63156, 44.032584], [-125.625649, 44.019814], [-125.625037, 44.018102], [-125.620255, 44.00544], [-125.61968, 44.003946], [-125.613517, 43.991413], [-125.612787, 43.989773], [-125.607863, 43.977444], [-125.606893, 43.975741], [-125.599679, 43.963048], [-125.598694, 43.96143], [-125.591719, 43.949573], [-125.590436, 43.947985], [-125.582114, 43.936958], [-125.580856, 43.93539], [-125.572404, 43.923954], [-125.571356, 43.922326], [-125.562912, 43.910678], [-125.56166, 43.908997], [-125.554261, 43.897079], [-125.55322, 43.895449], [-125.546157, 43.883281], [-125.545113, 43.881541], [-125.537467, 43.869548], [-125.536549, 43.867881], [-125.527406, 43.855893], [-125.526445, 43.854219], [-125.518608, 43.84201], [-125.51737, 43.840333], [-125.510407, 43.827972], [-125.509411, 43.826352], [-125.500342, 43.814355], [-125.499083, 43.812565], [-125.489739, 43.80059], [-125.488362, 43.798874], [-125.477898, 43.787833], [-125.476338, 43.786142], [-125.46514, 43.77515], [-125.463318, 43.773415], [-125.452241, 43.762382], [-125.450482, 43.760672], [-125.43917, 43.749145], [-125.437674, 43.747476], [-125.425163, 43.736564], [-125.423385, 43.734995], [-125.412789, 43.723797], [-125.413114, 43.721232], [-125.419092, 43.717862], [-125.439027, 43.712555], [-125.44229, 43.711813], [-125.459564, 43.703575], [-125.462007, 43.702111], [-125.469472, 43.69774], [-125.473547, 43.695069], [-125.474904, 43.694157], [-125.476939, 43.692647], [-125.478596, 43.691514], [-125.484083, 43.6877], [-125.486257, 43.68618], [-125.490119, 43.683667], [-125.492006, 43.682434], [-125.494444, 43.68083], [-125.495715, 43.680014], [-125.497244, 43.679111], [-125.499081, 43.678111], [-125.500808, 43.677102], [-125.503493, 43.675472], [-125.505395, 43.674325], [-125.507239, 43.673228], [-125.509881, 43.671694], [-125.512688, 43.670106], [-125.514728, 43.668882], [-125.516537, 43.667749], [-125.520453, 43.665418], [-125.521877, 43.664548], [-125.52408, 43.663138], [-125.527707, 43.660888], [-125.52911, 43.66002], [-125.531149, 43.658678], [-125.53248, 43.657886], [-125.534689, 43.656538], [-125.537033, 43.654781], [-125.538999, 43.653359], [-125.54151, 43.651957], [-125.543572, 43.65053], [-125.54582, 43.649283], [-125.54795, 43.647946], [-125.549483, 43.647168], [-125.551809, 43.64566], [-125.553906, 43.644241], [-125.555426, 43.643147], [-125.557633, 43.641585], [-125.559457, 43.640314], [-125.561244, 43.639238], [-125.563253, 43.638025], [-125.56497, 43.63692], [-125.566244, 43.636028], [-125.567538, 43.635097], [-125.568877, 43.634087], [-125.571582, 43.631981], [-125.573955, 43.630132], [-125.575286, 43.629218], [-125.578149, 43.627461], [-125.580171, 43.626069], [-125.5819, 43.625138], [-125.583571, 43.624152], [-125.58506, 43.623131], [-125.587273, 43.621745], [-125.588832, 43.620605], [-125.590043, 43.619607], [-125.591428, 43.618476], [-125.593233, 43.6172], [-125.596547, 43.61477], [-125.598714, 43.613214], [-125.60029, 43.612149], [-125.601956, 43.610984], [-125.604054, 43.609418], [-125.606518, 43.60742], [-125.608237, 43.606205], [-125.610209, 43.604816], [-125.611566, 43.603741], [-125.61278, 43.602845], [-125.614161, 43.601846], [-125.61571, 43.600695], [-125.617109, 43.599821], [-125.619251, 43.598358], [-125.621432, 43.597094], [-125.624631, 43.594872], [-125.625858, 43.594033], [-125.628036, 43.592718], [-125.630157, 43.591368], [-125.632548, 43.589648], [-125.634029, 43.588671], [-125.636414, 43.586893], [-125.638871, 43.585098], [-125.641063, 43.583723], [-125.64421, 43.581709], [-125.646305, 43.580271], [-125.648301, 43.578862], [-125.650904, 43.577081], [-125.65291, 43.575872], [-125.65485, 43.574477], [-125.657952, 43.572258], [-125.660736, 43.570108], [-125.662288, 43.568989], [-125.664996, 43.567278], [-125.666753, 43.565906], [-125.668585, 43.564698], [-125.670087, 43.563637], [-125.671563, 43.562678], [-125.673554, 43.561255], [-125.675199, 43.560101], [-125.676766, 43.559128], [-125.678855, 43.557571], [-125.680168, 43.556596], [-125.681403, 43.555543], [-125.684299, 43.553227], [-125.685607, 43.552488], [-125.687576, 43.551061], [-125.688935, 43.549995], [-125.690846, 43.548472], [-125.692644, 43.546988], [-125.69419, 43.545771], [-125.695706, 43.544723], [-125.698099, 43.54302], [-125.701059, 43.540774], [-125.703728, 43.538839], [-125.706903, 43.536613], [-125.708478, 43.535325], [-125.710773, 43.533798], [-125.713144, 43.532064], [-125.715677, 43.530049], [-125.717451, 43.528678], [-125.719278, 43.527304], [-125.721809, 43.525276], [-125.723266, 43.524179], [-125.725499, 43.522636], [-125.729799, 43.51886], [-125.731771, 43.517163], [-125.733387, 43.515654], [-125.735096, 43.514257], [-125.736344, 43.513073], [-125.737377, 43.512084], [-125.739944, 43.510008], [-125.741924, 43.508501], [-125.743173, 43.507469], [-125.745521, 43.505618], [-125.747756, 43.503797], [-125.750276, 43.501585], [-125.751699, 43.500494], [-125.753957, 43.498807], [-125.756641, 43.496921], [-125.758902, 43.495294], [-125.761674, 43.493139], [-125.763296, 43.492043], [-125.764715, 43.491151], [-125.766637, 43.489815], [-125.768116, 43.488722], [-125.769431, 43.487761], [-125.77136, 43.486153], [-125.772951, 43.484846], [-125.77446, 43.483692], [-125.778071, 43.48091], [-125.78281, 43.477245], [-125.784351, 43.475892], [-125.787632, 43.473158], [-125.789475, 43.471511], [-125.794373, 43.467106], [-125.796259, 43.465443], [-125.798848, 43.463092], [-125.801618, 43.460638], [-125.803413, 43.45905], [-125.805228, 43.457131], [-125.806968, 43.455381], [-125.809529, 43.453119], [-125.811315, 43.451516], [-125.813317, 43.449735], [-125.815269, 43.448232], [-125.816409, 43.447261], [-125.818358, 43.44575], [-125.820513, 43.444041], [-125.823169, 43.441918], [-125.824218, 43.441033], [-125.826439, 43.439083], [-125.828223, 43.437662], [-125.829485, 43.436478], [-125.832232, 43.434034], [-125.834414, 43.432244], [-125.836891, 43.430181], [-125.840776, 43.426907], [-125.84417, 43.424036], [-125.846372, 43.422293], [-125.848208, 43.420941], [-125.850676, 43.418762], [-125.852607, 43.417083], [-125.855842, 43.414488], [-125.859389, 43.411876], [-125.860983, 43.410747], [-125.863247, 43.409107], [-125.864812, 43.407853], [-125.866724, 43.406313], [-125.869073, 43.404759], [-125.871529, 43.40295], [-125.87301, 43.402004], [-125.874688, 43.400972], [-125.87773, 43.398643], [-125.878968, 43.397695], [-125.881513, 43.395841], [-125.883696, 43.39424], [-125.885683, 43.392822], [-125.887447, 43.391609], [-125.888968, 43.390467], [-125.890513, 43.389417], [-125.89284, 43.387797], [-125.894653, 43.386543], [-125.897087, 43.384703], [-125.899471, 43.382667], [-125.901374, 43.38095], [-125.902566, 43.379995], [-125.905127, 43.377848], [-125.907388, 43.375664], [-125.910035, 43.373222], [-125.911816, 43.371723], [-125.913176, 43.37061], [-125.914814, 43.369252], [-125.916985, 43.367383], [-125.918743, 43.365774], [-125.920156, 43.364664], [-125.924285, 43.361103], [-125.925929, 43.359399], [-125.927347, 43.358169], [-125.929024, 43.356889], [-125.931378, 43.355277], [-125.932404, 43.354563], [-125.933838, 43.353468], [-125.935334, 43.352384], [-125.937897, 43.35061], [-125.939291, 43.349496], [-125.942295, 43.34695], [-125.943362, 43.346264], [-125.94599, 43.344269], [-125.947741, 43.342946], [-125.949991, 43.341064], [-125.951928, 43.3396], [-125.95385, 43.338193], [-125.956225, 43.336401], [-125.957833, 43.335349], [-125.959004, 43.334587], [-125.962548, 43.331526], [-125.964458, 43.329883], [-125.967679, 43.32733], [-125.969158, 43.32619], [-125.971019, 43.324876], [-125.974099, 43.322626], [-125.976221, 43.321087], [-125.979431, 43.318592], [-125.980847, 43.31735], [-125.982671, 43.3159], [-125.984967, 43.313962], [-125.98603, 43.312961], [-125.987807, 43.311341], [-125.989562, 43.309822], [-125.99182, 43.307977], [-125.993292, 43.306818], [-125.995314, 43.305203], [-125.996402, 43.304276], [-125.998993, 43.302045], [-126.000022, 43.301182], [-126.00154, 43.299964], [-126.003429, 43.298595], [-126.005927, 43.297031], [-126.007809, 43.295385], [-126.009582, 43.294078], [-126.01082, 43.292978], [-126.012752, 43.291504], [-126.014692, 43.290158], [-126.017701, 43.287875], [-126.019056, 43.286816], [-126.020846, 43.285636], [-126.022397, 43.284577], [-126.023813, 43.283735], [-126.025563, 43.282486], [-126.029046, 43.280222], [-126.030723, 43.278891], [-126.032671, 43.27738], [-126.034582, 43.276205], [-126.036569, 43.274967], [-126.038039, 43.274086], [-126.039619, 43.272976], [-126.042932, 43.270854], [-126.045012, 43.269428], [-126.047048, 43.267952], [-126.048476, 43.267125], [-126.051246, 43.265266], [-126.053066, 43.263987], [-126.054279, 43.263047], [-126.056394, 43.26135], [-126.058138, 43.259923], [-126.06132, 43.257113], [-126.063163, 43.255613], [-126.064758, 43.254498], [-126.066374, 43.253373], [-126.068011, 43.252366], [-126.070126, 43.250745], [-126.072348, 43.248883], [-126.074029, 43.247379], [-126.076079, 43.245761], [-126.077284, 43.244466], [-126.078598, 43.243076], [-126.080508, 43.240969], [-126.081893, 43.239783], [-126.083807, 43.237934], [-126.086216, 43.235652], [-126.087633, 43.234551], [-126.089469, 43.233083], [-126.091808, 43.230716], [-126.092681, 43.229666], [-126.094363, 43.227837], [-126.095673, 43.226591], [-126.097439, 43.225022], [-126.099774, 43.222961], [-126.101124, 43.222047], [-126.103121, 43.22049], [-126.104549, 43.219213], [-126.107379, 43.216546], [-126.109145, 43.214988], [-126.111416, 43.213199], [-126.113978, 43.211164], [-126.116499, 43.209345], [-126.118207, 43.208078], [-126.121176, 43.205733], [-126.122485, 43.204494], [-126.12398, 43.20331], [-126.126482, 43.201172], [-126.130518, 43.198], [-126.132872, 43.195833], [-126.134532, 43.194506], [-126.136758, 43.192717], [-126.139055, 43.190588], [-126.141639, 43.188413], [-126.143124, 43.187254], [-126.14523, 43.186021], [-126.147263, 43.184662], [-126.149077, 43.183475], [-126.151239, 43.181928], [-126.152715, 43.180897], [-126.154577, 43.179383], [-126.157439, 43.176614], [-126.158623, 43.175716], [-126.159996, 43.174586], [-126.161061, 43.173793], [-126.162699, 43.172569], [-126.166439, 43.170196], [-126.167843, 43.169215], [-126.169887, 43.167774], [-126.171645, 43.166467], [-126.173998, 43.164617], [-126.175725, 43.163327], [-126.177876, 43.161847], [-126.179304, 43.160852], [-126.182157, 43.159053], [-126.183763, 43.15811], [-126.185162, 43.156818], [-126.18683, 43.155449], [-126.188358, 43.154225], [-126.189893, 43.152858], [-126.192299, 43.150815], [-126.195418, 43.148521], [-126.19779, 43.146709], [-126.200118, 43.144928], [-126.203152, 43.143022], [-126.206338, 43.140868], [-126.212942, 43.136605], [-126.217178, 43.133888], [-126.220172, 43.131884], [-126.222222, 43.130574], [-126.225072, 43.128604], [-126.227813, 43.126795], [-126.229125, 43.125816], [-126.230959, 43.124452], [-126.233533, 43.122666], [-126.238264, 43.11911], [-126.240126, 43.117875], [-126.24167, 43.116766], [-126.24344, 43.115484], [-126.244736, 43.114505], [-126.246226, 43.113339], [-126.249202, 43.111271], [-126.250271, 43.110456], [-126.251973, 43.108895], [-126.253266, 43.107769], [-126.255014, 43.106579], [-126.257962, 43.104444], [-126.260763, 43.10269], [-126.262053, 43.101893], [-126.263837, 43.100645], [-126.265135, 43.099519], [-126.266908, 43.098042], [-126.268815, 43.096804], [-126.270182, 43.095694], [-126.27121, 43.094897], [-126.273086, 43.093485], [-126.274304, 43.092542], [-126.276476, 43.090693], [-126.27831, 43.089342], [-126.281066, 43.087355], [-126.284542, 43.085115], [-126.286996, 43.08317], [-126.288471, 43.08174], [-126.29031, 43.080458], [-126.29186, 43.079475], [-126.294397, 43.077618], [-126.296434, 43.076237], [-126.298472, 43.074663], [-126.30054, 43.072754], [-126.30317, 43.070442], [-126.304985, 43.06914], [-126.306645, 43.067853], [-126.308395, 43.066538], [-126.310145, 43.065159], [-126.311436, 43.063876], [-126.31325, 43.062135], [-126.315602, 43.060328], [-126.317568, 43.059092], [-126.319024, 43.058185], [-126.320546, 43.057188], [-126.322114, 43.055911], [-126.323793, 43.054604], [-126.324926, 43.053811], [-126.326657, 43.05276], [-126.328521, 43.051495], [-126.32985, 43.050544], [-126.331283, 43.049496], [-126.332658, 43.048384], [-126.333731, 43.04748], [-126.335048, 43.046553], [-126.336357, 43.045489], [-126.337926, 43.044271], [-126.339685, 43.043067], [-126.341588, 43.041641], [-126.342977, 43.040623], [-126.345775, 43.038602], [-126.347632, 43.037107], [-126.349905, 43.035485], [-126.351615, 43.034107], [-126.353645, 43.032489], [-126.355081, 43.031101], [-126.357075, 43.029317], [-126.359862, 43.02676], [-126.363073, 43.024347], [-126.364219, 43.023426], [-126.36624, 43.02195], [-126.36772, 43.020648], [-126.368979, 43.019638], [-126.371647, 43.017763], [-126.373766, 43.016357], [-126.375718, 43.014977], [-126.377862, 43.013485], [-126.38011, 43.011874], [-126.383047, 43.009781], [-126.384917, 43.008155], [-126.387222, 43.006229], [-126.389458, 43.004575], [-126.391612, 43.003101], [-126.394712, 43.000916], [-126.396873, 42.998938], [-126.399512, 42.996976], [-126.401712, 42.995249], [-126.407948, 42.990433], [-126.409441, 42.989309], [-126.414858, 42.985072], [-126.417177, 42.983226], [-126.420018, 42.981136], [-126.421774, 42.979653], [-126.425351, 42.977056], [-126.429325, 42.97384], [-126.432549, 42.971298], [-126.435443, 42.968771], [-126.437499, 42.966901], [-126.440518, 42.964718], [-126.443171, 42.962942], [-126.444984, 42.961388], [-126.447974, 42.958706], [-126.450065, 42.956949], [-126.453203, 42.954583], [-126.455894, 42.952638], [-126.459181, 42.950266], [-126.461068, 42.948765], [-126.46303, 42.947193], [-126.465967, 42.944642], [-126.467776, 42.943145], [-126.471073, 42.939971], [-126.472188, 42.938832], [-126.475118, 42.93607], [-126.478748, 42.933391], [-126.480666, 42.931986], [-126.483007, 42.930074], [-126.48458, 42.928555], [-126.486511, 42.926663], [-126.488374, 42.924558], [-126.491613, 42.922041], [-126.494099, 42.920338], [-126.497246, 42.917928], [-126.499693, 42.916147], [-126.501507, 42.914885], [-126.50694, 42.911345], [-126.509038, 42.909679], [-126.511153, 42.908167], [-126.513388, 42.906728], [-126.517158, 42.903561], [-126.519631, 42.901395], [-126.522466, 42.899359], [-126.525482, 42.896599], [-126.529813, 42.892885], [-126.532758, 42.889937], [-126.535457, 42.887536], [-126.538879, 42.885371], [-126.542147, 42.882961], [-126.545531, 42.879827], [-126.547545, 42.87803], [-126.549355, 42.876479], [-126.552436, 42.874054], [-126.554271, 42.872799], [-126.556983, 42.871101], [-126.559113, 42.869435], [-126.563748, 42.86628], [-126.565768, 42.864723], [-126.570555, 42.861603], [-126.573329, 42.859971], [-126.574975, 42.858816], [-126.577646, 42.856894], [-126.579347, 42.855649], [-126.58129, 42.854103], [-126.582396, 42.853295], [-126.584848, 42.851384], [-126.586579, 42.850246], [-126.589386, 42.848837], [-126.591553, 42.847693], [-126.594102, 42.846496], [-126.59652, 42.844097], [-126.599156, 42.842089], [-126.602678, 42.83968], [-126.606697, 42.837649], [-126.608792, 42.836177], [-126.611208, 42.834401], [-126.613591, 42.832251], [-126.615076, 42.830841], [-126.617752, 42.82873], [-126.619909, 42.82741], [-126.622526, 42.825881], [-126.624724, 42.824968], [-126.628566, 42.823024], [-126.62994, 42.822322], [-126.632125, 42.821289], [-126.634267, 42.820073], [-126.638736, 42.817724], [-126.641265, 42.816437], [-126.645068, 42.814435], [-126.648112, 42.813068], [-126.654201, 42.810359], [-126.659616, 42.807793], [-126.662731, 42.806498], [-126.665138, 42.805578], [-126.666832, 42.804748], [-126.668794, 42.803462], [-126.670537, 42.80211], [-126.672094, 42.801013], [-126.674275, 42.799702], [-126.676378, 42.798555], [-126.679397, 42.797093], [-126.681206, 42.796212], [-126.683198, 42.795165], [-126.684878, 42.794273], [-126.686222, 42.793563], [-126.687607, 42.792683], [-126.690473, 42.790342], [-126.692159, 42.788809], [-126.693384, 42.787643], [-126.695344, 42.786184], [-126.697215, 42.784633], [-126.699537, 42.782637], [-126.70142, 42.781273], [-126.7027, 42.780332], [-126.704823, 42.778894], [-126.706181, 42.778212], [-126.708187, 42.777214], [-126.711103, 42.77615], [-126.712803, 42.775705], [-126.714691, 42.77511], [-126.71724, 42.774052], [-126.71754, 42.773076], [-126.717851, 42.771754], [-126.717962, 42.770432], [-126.717727, 42.769168], [-126.717431, 42.767725], [-126.716875, 42.766351], [-126.716197, 42.765094], [-126.714506, 42.761781], [-126.713877, 42.760142], [-126.713282, 42.758496], [-126.712154, 42.756278], [-126.711196, 42.754884], [-126.71013, 42.753589], [-126.70922, 42.752192], [-126.708128, 42.750833], [-126.706669, 42.749023], [-126.70514, 42.746875], [-126.704344, 42.745703], [-126.703479, 42.744677], [-126.702037, 42.742973], [-126.700796, 42.741637], [-126.699447, 42.740267], [-126.698016, 42.738816], [-126.696779, 42.737515], [-126.695615, 42.736263], [-126.693418, 42.733991], [-126.691987, 42.732393], [-126.69088, 42.731095], [-126.689623, 42.72965], [-126.688433, 42.728279], [-126.686912, 42.726261], [-126.685001, 42.724028], [-126.683759, 42.72263], [-126.68259, 42.721451], [-126.681084, 42.719795], [-126.679972, 42.718656], [-126.678357, 42.717166], [-126.677165, 42.716056], [-126.675552, 42.714821], [-126.673976, 42.71368], [-126.672296, 42.712322], [-126.670791, 42.710968], [-126.669197, 42.710011], [-126.667248, 42.708172], [-126.665836, 42.706637], [-126.66499, 42.705515], [-126.663361, 42.703078], [-126.662195, 42.70117], [-126.661521, 42.699985], [-126.660509, 42.698865], [-126.658957, 42.69706], [-126.657515, 42.694971], [-126.655786, 42.693103], [-126.655196, 42.692085], [-126.654045, 42.68992], [-126.653444, 42.688563], [-126.652799, 42.687283], [-126.652316, 42.686113], [-126.651004, 42.684006], [-126.649981, 42.68272], [-126.648541, 42.68096], [-126.646212, 42.678269], [-126.644911, 42.676839], [-126.64384, 42.675677], [-126.642608, 42.673864], [-126.641781, 42.672502], [-126.640795, 42.670724], [-126.640187, 42.669183], [-126.639856, 42.667527], [-126.639589, 42.665785], [-126.639249, 42.663369], [-126.63854, 42.661663], [-126.637922, 42.660279], [-126.63678, 42.658862], [-126.634962, 42.655961], [-126.633941, 42.654572], [-126.632546, 42.652597], [-126.631332, 42.650364], [-126.629972, 42.648643], [-126.62839, 42.646546], [-126.627637, 42.645295], [-126.626748, 42.643541], [-126.625781, 42.641613], [-126.624758, 42.639735], [-126.62369, 42.638115], [-126.622905, 42.636618], [-126.621766, 42.634762], [-126.620734, 42.633022], [-126.619843, 42.631231], [-126.618616, 42.628903], [-126.617927, 42.627032], [-126.617248, 42.62524], [-126.616357, 42.622963], [-126.615699, 42.62142], [-126.614805, 42.619046], [-126.614241, 42.616976], [-126.61376, 42.615796], [-126.613063, 42.613844], [-126.611767, 42.611397], [-126.610573, 42.609244], [-126.609912, 42.6082], [-126.60898, 42.606443], [-126.608236, 42.604569], [-126.607623, 42.603316], [-126.606859, 42.601972], [-126.605324, 42.600424], [-126.604213, 42.599378], [-126.602638, 42.598029], [-126.601128, 42.596243], [-126.600468, 42.595058], [-126.599921, 42.593657], [-126.599768, 42.592073], [-126.599283, 42.591051], [-126.596042, 42.58971], [-126.59409, 42.588409], [-126.591742, 42.586706], [-126.589377, 42.585098], [-126.58752, 42.583811], [-126.582045, 42.580045], [-126.580857, 42.579295], [-126.578839, 42.577884], [-126.576934, 42.576682], [-126.57442, 42.575018], [-126.572274, 42.573677], [-126.57033, 42.57251], [-126.568961, 42.571749], [-126.56669, 42.570484], [-126.565162, 42.569598], [-126.56338, 42.568543], [-126.560927, 42.56697], [-126.558781, 42.565659], [-126.55709, 42.564574], [-126.55474, 42.563006], [-126.552987, 42.561819], [-126.54891, 42.558994], [-126.546451, 42.557394], [-126.543813, 42.555584], [-126.5402, 42.553069], [-126.537579, 42.551156], [-126.534845, 42.549058], [-126.530959, 42.546413], [-126.528255, 42.54454], [-126.525922, 42.542867], [-126.520215, 42.538425], [-126.517078, 42.536171], [-126.514722, 42.534527], [-126.508412, 42.52971], [-126.506488, 42.528075], [-126.504062, 42.526283], [-126.496452, 42.520392], [-126.494993, 42.519378], [-126.490562, 42.516057], [-126.488159, 42.514092], [-126.485373, 42.512003], [-126.482168, 42.509367], [-126.477838, 42.505807], [-126.471818, 42.50069], [-126.466489, 42.496302], [-126.465283, 42.495238], [-126.462214, 42.492505], [-126.460261, 42.490792], [-126.457721, 42.48854], [-126.455908, 42.486979], [-126.453872, 42.485385], [-126.448237, 42.480548], [-126.443802, 42.476635], [-126.440658, 42.472618], [-126.439793, 42.471343], [-126.435117, 42.46538], [-126.432567, 42.462491], [-126.429548, 42.458994], [-126.425879, 42.454478], [-126.422834, 42.450588], [-126.420484, 42.447724], [-126.419595, 42.446625], [-126.418427, 42.445272], [-126.417408, 42.444207], [-126.415769, 42.442585], [-126.413957, 42.440949], [-126.412972, 42.440037], [-126.41181, 42.43897], [-126.410471, 42.437777], [-126.409195, 42.436547], [-126.408106, 42.435515], [-126.407016, 42.43451], [-126.406134, 42.433735], [-126.404311, 42.432084], [-126.403506, 42.431247], [-126.402241, 42.43], [-126.400821, 42.428632], [-126.399833, 42.427631], [-126.39573, 42.423545], [-126.393688, 42.421488], [-126.391511, 42.419173], [-126.385202, 42.413362], [-126.38406, 42.412152], [-126.38114, 42.409365], [-126.379112, 42.407193], [-126.375585, 42.403742], [-126.374411, 42.40249], [-126.370458, 42.398583], [-126.366373, 42.394348], [-126.365022, 42.392812], [-126.362638, 42.390378], [-126.36002, 42.387232], [-126.356081, 42.38312], [-126.353522, 42.380375], [-126.350048, 42.37651], [-126.348329, 42.374812], [-126.346427, 42.372714], [-126.343863, 42.370031], [-126.337461, 42.363452], [-126.336667, 42.36259], [-126.333047, 42.358848], [-126.331927, 42.357583], [-126.329015, 42.354534], [-126.326528, 42.352079], [-126.32262, 42.34823], [-126.320447, 42.346006], [-126.318939, 42.344727], [-126.315244, 42.341936], [-126.314015, 42.341125], [-126.311928, 42.339747], [-126.304585, 42.334735], [-126.302976, 42.333709], [-126.300143, 42.331903], [-126.296658, 42.329655], [-126.293662, 42.327484], [-126.290509, 42.325234], [-126.289709, 42.32476], [-126.284357, 42.321137], [-126.282753, 42.319728], [-126.279615, 42.316502], [-126.277442, 42.314241], [-126.276555, 42.313212], [-126.269979, 42.306633], [-126.268609, 42.305296], [-126.266202, 42.302982], [-126.263208, 42.299722], [-126.260879, 42.297451], [-126.258861, 42.29533], [-126.25638, 42.292718], [-126.251585, 42.287985], [-126.250032, 42.286227], [-126.239755, 42.275573], [-126.23895, 42.274731], [-126.232097, 42.267788], [-126.229184, 42.265039], [-126.227493, 42.2634], [-126.21819, 42.254683], [-126.217717, 42.254231], [-126.21223, 42.249328], [-126.206811, 42.244813], [-126.205364, 42.243568], [-126.201242, 42.240177], [-126.195444, 42.235104], [-126.194163, 42.233966], [-126.186828, 42.22782], [-126.184198, 42.22552], [-126.182559, 42.224071], [-126.179005, 42.221167], [-126.175035, 42.217892], [-126.170392, 42.21391], [-126.16626, 42.210302], [-126.161953, 42.206307], [-126.157653, 42.202597], [-126.152055, 42.197498], [-126.150393, 42.196082], [-126.142961, 42.189538], [-126.141693, 42.188525], [-126.137686, 42.185698], [-126.130343, 42.180229], [-126.127636, 42.178366], [-126.123108, 42.175351], [-126.117899, 42.171903], [-126.116053, 42.170842], [-126.116805, 42.171734], [-126.117604, 42.172854], [-126.116645, 42.172746], [-126.110558, 42.170435], [-126.101929, 42.166843], [-126.096597, 42.164269], [-126.093426, 42.162608], [-126.090225, 42.161033], [-126.087157, 42.159662], [-126.083239, 42.157969], [-126.077728, 42.155578], [-126.075154, 42.154518], [-126.071368, 42.153091], [-126.066496, 42.151254], [-126.063266, 42.149986], [-126.057727, 42.147993], [-126.055969, 42.147264], [-126.052347, 42.145709], [-126.050622, 42.145], [-126.048866, 42.144237], [-126.047572, 42.14367], [-126.04591, 42.142929], [-126.043711, 42.142116], [-126.041203, 42.141369], [-126.038402, 42.141238], [-126.036863, 42.140855], [-126.035456, 42.140429], [-126.033738, 42.139998], [-126.030717, 42.139468], [-126.028731, 42.138926], [-126.027327, 42.138589], [-126.023223, 42.13744], [-126.019101, 42.136179], [-126.014098, 42.134422], [-126.012016, 42.133823], [-126.008422, 42.132583], [-126.005942, 42.131508], [-126.002228, 42.129921], [-126.000296, 42.129258], [-125.997766, 42.128244], [-125.994295, 42.126913], [-125.990965, 42.125761], [-125.988829, 42.125019], [-125.986038, 42.123957], [-125.982572, 42.122572], [-125.979149, 42.121346], [-125.975199, 42.119922], [-125.969947, 42.117857], [-125.967631, 42.11707], [-125.965826, 42.116508], [-125.959062, 42.114372], [-125.956275, 42.113405], [-125.954063, 42.112728], [-125.95057, 42.111472], [-125.946505, 42.109931], [-125.943933, 42.108915], [-125.941383, 42.107898], [-125.937448, 42.10626], [-125.934388, 42.105168], [-125.931777, 42.104053], [-125.928964, 42.102886], [-125.921565, 42.099513], [-125.919673, 42.098789], [-125.916975, 42.097645], [-125.911777, 42.095065], [-125.907748, 42.092915], [-125.904698, 42.091342], [-125.900507, 42.089616], [-125.896622, 42.088426], [-125.894898, 42.088061], [-125.890181, 42.086953], [-125.887665, 42.08625], [-125.8815, 42.084328], [-125.879145, 42.083608], [-125.875374, 42.082642], [-125.871887, 42.081714], [-125.867591, 42.080791], [-125.864425, 42.080144], [-125.860287, 42.079323], [-125.85574, 42.078407], [-125.849734, 42.076925], [-125.846552, 42.076207], [-125.837493, 42.0741], [-125.831358, 42.072575], [-125.824173, 42.070315], [-125.821468, 42.069371], [-125.81835, 42.068411], [-125.81328, 42.066643], [-125.811145, 42.065987], [-125.807804, 42.064889], [-125.802974, 42.063594], [-125.800617, 42.062808], [-125.797146, 42.062002], [-125.793526, 42.061247], [-125.790874, 42.060615], [-125.787639, 42.060198], [-125.783014, 42.059361], [-125.778678, 42.058448], [-125.772274, 42.057404], [-125.766812, 42.056597], [-125.763576, 42.056215], [-125.760798, 42.055554], [-125.757988, 42.055135], [-125.753012, 42.0541], [-125.748039, 42.053239], [-125.744856, 42.05278], [-125.742122, 42.052303], [-125.733498, 42.05024], [-125.72908, 42.049371], [-125.725135, 42.048785], [-125.71936, 42.047863], [-125.714777, 42.046893], [-125.711676, 42.046255], [-125.708211, 42.045513], [-125.703063, 42.044326], [-125.697748, 42.043055], [-125.689573, 42.041373], [-125.685903, 42.040962], [-125.680889, 42.040258], [-125.67774, 42.039929], [-125.673184, 42.039326], [-125.669775, 42.038842], [-125.664848, 42.038222], [-125.662746, 42.038065], [-125.65843, 42.037572], [-125.654933, 42.037444], [-125.651235, 42.037258], [-125.645584, 42.037233], [-125.642881, 42.037065], [-125.637817, 42.036703], [-125.633299, 42.03651], [-125.62869, 42.03611], [-125.627014, 42.035951], [-125.622793, 42.035667], [-125.617834, 42.035156], [-125.615043, 42.034923], [-125.611619, 42.034564], [-125.609388, 42.034533], [-125.603472, 42.034062], [-125.598973, 42.033815], [-125.596347, 42.033915], [-125.59074, 42.033173], [-125.586512, 42.032881], [-125.578963, 42.03261], [-125.577198, 42.032538], [-125.56984, 42.032353], [-125.564533, 42.032367], [-125.562295, 42.032411], [-125.553018, 42.032682], [-125.550454, 42.03281], [-125.546521, 42.032948], [-125.540063, 42.03294], [-125.53643, 42.033118], [-125.53098, 42.033214], [-125.518989, 42.033725], [-125.514455, 42.034082], [-125.509623, 42.034463], [-125.506983, 42.034572], [-125.49814, 42.035447], [-125.48789, 42.036328], [-125.484618, 42.036623], [-125.481138, 42.037011], [-125.47347, 42.037897], [-125.470033, 42.038224], [-125.467148, 42.038576], [-125.461794, 42.03931], [-125.457316, 42.039767], [-125.451333, 42.040603], [-125.447096, 42.04112], [-125.444613, 42.041308], [-125.440522, 42.041595], [-125.43269, 42.042267], [-125.430457, 42.042675], [-125.426553, 42.043166], [-125.425578, 42.043834], [-125.427142, 42.043633], [-125.429752, 42.042596], [-125.432202, 42.042165], [-125.435894, 42.041983], [-125.438472, 42.041891], [-125.440716, 42.041009], [-125.444798, 42.038961], [-125.446796, 42.03782], [-125.449175, 42.036533], [-125.450838, 42.035959], [-125.453122, 42.035027], [-125.456494, 42.033868], [-125.458948, 42.033022], [-125.461599, 42.032132], [-125.465473, 42.032108], [-125.467828, 42.032283], [-125.469598, 42.032702], [-125.470825, 42.034117], [-125.472275, 42.035596], [-125.47141, 42.037606], [-125.470488, 42.03862], [-125.470542, 42.037751], [-125.470783, 42.036252], [-125.470531, 42.035097], [-125.470216, 42.033934], [-125.47012, 42.032656], [-125.470077, 42.031481], [-125.469079, 42.030359], [-125.468508, 42.029054], [-125.468348, 42.027497], [-125.468296, 42.026171], [-125.467808, 42.02367], [-125.467513, 42.022513], [-125.467027, 42.021219], [-125.466743, 42.019568], [-125.466589, 42.017578], [-125.46663, 42.016404], [-125.465976, 42.014546], [-125.465508, 42.013227], [-125.464897, 42.010719], [-125.464881, 42.009429], [-125.464921, 42.008216], [-125.464948, 42.006328], [-125.465046, 42.004876], [-125.464922, 42.00371], [-125.464522, 42.001736], [-125.46372, 41.999962], [-125.462462, 41.997299], [-125.461612, 41.995358], [-125.461209, 41.994014], [-125.460651, 41.992128], [-125.460294, 41.990506], [-125.460045, 41.98891], [-125.459899, 41.98603], [-125.459904, 41.98494], [-125.459983, 41.982487], [-125.460069, 41.981126], [-125.459863, 41.97861], [-125.45974, 41.977424], [-125.459746, 41.976306], [-125.46029, 41.975431], [-125.461595, 41.974495], [-125.461812, 41.972938], [-125.46225, 41.970915], [-125.462492, 41.969651], [-125.462728, 41.968465], [-125.463183, 41.966682], [-125.463768, 41.964491], [-125.464248, 41.96314], [-125.464598, 41.961556], [-125.465037, 41.960173], [-125.46562, 41.957732], [-125.465912, 41.956278], [-125.4661, 41.955341], [-125.46619, 41.953164], [-125.46622, 41.951829], [-125.466222, 41.94995], [-125.46622, 41.947545], [-125.466263, 41.945944], [-125.466515, 41.944356], [-125.467022, 41.942468], [-125.467677, 41.939739], [-125.468214, 41.936716], [-125.468317, 41.935559], [-125.468658, 41.932659], [-125.468683, 41.930963], [-125.468642, 41.929671], [-125.468521, 41.927106], [-125.468396, 41.924245], [-125.468316, 41.92268], [-125.468622, 41.920457], [-125.468869, 41.918731], [-125.469292, 41.916023], [-125.46947, 41.914845], [-125.469913, 41.911436], [-125.469935, 41.910254], [-125.470002, 41.907145], [-125.47031, 41.905783], [-125.471483, 41.903164], [-125.472241, 41.900827], [-125.472567, 41.89924], [-125.472907, 41.896566], [-125.473278, 41.894142], [-125.473471, 41.892463], [-125.473506, 41.889861], [-125.473741, 41.88778], [-125.474243, 41.884739], [-125.474577, 41.881123], [-125.474519, 41.87729], [-125.474411, 41.876111], [-125.474017, 41.87197], [-125.473855, 41.869343], [-125.473561, 41.86764], [-125.47343, 41.865807], [-125.473556, 41.863385], [-125.473546, 41.862011], [-125.473669, 41.857895], [-125.473707, 41.8567], [-125.473775, 41.854623], [-125.474307, 41.851452], [-125.474636, 41.849719], [-125.475161, 41.847282], [-125.475517, 41.844687], [-125.476176, 41.842033], [-125.476661, 41.840389], [-125.477563, 41.838062], [-125.478449, 41.836307], [-125.47986, 41.834183], [-125.483035, 41.831007], [-125.484724, 41.829127], [-125.486771, 41.826997], [-125.488109, 41.825273], [-125.489484, 41.82351], [-125.490386, 41.822408], [-125.492179, 41.820358], [-125.49393, 41.818991], [-125.496353, 41.81726], [-125.49906, 41.815776], [-125.500985, 41.814436], [-125.502882, 41.813133], [-125.504805, 41.811708], [-125.50775, 41.810027], [-125.509976, 41.808952], [-125.512889, 41.808037], [-125.515845, 41.807082], [-125.519006, 41.806193], [-125.522114, 41.80553], [-125.524659, 41.805103], [-125.52797, 41.804471], [-125.530249, 41.804026], [-125.532166, 41.803567], [-125.53482, 41.802753], [-125.536809, 41.802071], [-125.538556, 41.801282], [-125.541041, 41.800059], [-125.542643, 41.799039], [-125.543876, 41.798135], [-125.544796, 41.797522], [-125.543996, 41.794945], [-125.543416, 41.792149], [-125.542592, 41.789361], [-125.540508, 41.782812], [-125.538945, 41.778617], [-125.538096, 41.775989], [-125.535557, 41.767338], [-125.534359, 41.762827], [-125.533835, 41.760841], [-125.532016, 41.75191], [-125.531698, 41.750557], [-125.530853, 41.747122], [-125.52974, 41.741556], [-125.52784, 41.732535], [-125.527661, 41.730877], [-125.527043, 41.727022], [-125.526769, 41.725193], [-125.526103, 41.721233], [-125.52506, 41.716327], [-125.524343, 41.711977], [-125.524116, 41.710973], [-125.521943, 41.699565], [-125.521758, 41.698495], [-125.519179, 41.687935], [-125.518645, 41.68587], [-125.517843, 41.683152], [-125.516121, 41.676324], [-125.515957, 41.675725], [-125.51295, 41.66494], [-125.512865, 41.664693], [-125.509612, 41.6544], [-125.509332, 41.653377], [-125.507975, 41.648575], [-125.505657, 41.641041], [-125.503615, 41.635373], [-125.502349, 41.632045], [-125.501012, 41.628433], [-125.498812, 41.621718], [-125.497373, 41.617523], [-125.493488, 41.60662], [-125.493364, 41.606162], [-125.48953, 41.594871], [-125.489143, 41.593676], [-125.486432, 41.586143], [-125.485624, 41.583511], [-125.482608, 41.573908], [-125.482035, 41.572443], [-125.479557, 41.565572], [-125.477778, 41.560089], [-125.477559, 41.559472], [-125.47443, 41.550543], [-125.473783, 41.548781], [-125.471655, 41.543517], [-125.469623, 41.53779], [-125.469178, 41.536561], [-125.46449, 41.524876], [-125.463837, 41.523271], [-125.462122, 41.519026], [-125.460858, 41.515953], [-125.455995, 41.504447], [-125.455384, 41.503056], [-125.450006, 41.491226], [-125.449369, 41.489936], [-125.446328, 41.482298], [-125.445328, 41.47982], [-125.44327, 41.475013], [-125.441482, 41.471145], [-125.440347, 41.468294], [-125.439431, 41.465806], [-125.436124, 41.456912], [-125.434772, 41.453535], [-125.433619, 41.450004], [-125.432561, 41.44649], [-125.431095, 41.442053], [-125.428418, 41.432715], [-125.428166, 41.431823], [-125.42568, 41.422247], [-125.425449, 41.421189], [-125.423808, 41.414247], [-125.422828, 41.40937], [-125.422336, 41.406946], [-125.42082, 41.400687], [-125.420089, 41.398225], [-125.419408, 41.395442], [-125.418249, 41.392206], [-125.416571, 41.388664], [-125.415715, 41.386706], [-125.413698, 41.382709], [-125.412087, 41.379765], [-125.408987, 41.373216], [-125.407064, 41.369401], [-125.404822, 41.365192], [-125.401115, 41.359228], [-125.400307, 41.35766], [-125.398257, 41.353723], [-125.395831, 41.348877], [-125.394761, 41.346723], [-125.391779, 41.340333], [-125.388948, 41.334065], [-125.386282, 41.329112], [-125.386276, 41.32909], [-125.381105, 41.319398], [-125.380533, 41.318281], [-125.378481, 41.314267], [-125.377002, 41.311286], [-125.373843, 41.304889], [-125.371198, 41.300177], [-125.369923, 41.298], [-125.367755, 41.294035], [-125.363296, 41.286311], [-125.361742, 41.283605], [-125.35917, 41.279284], [-125.357108, 41.276209], [-125.35378, 41.271433], [-125.34972, 41.265015], [-125.348516, 41.263012], [-125.345562, 41.258028], [-125.342135, 41.251912], [-125.341133, 41.249963], [-125.339097, 41.246005], [-125.336063, 41.240657], [-125.33564, 41.239852], [-125.331562, 41.232305], [-125.330514, 41.230248], [-125.329138, 41.227417], [-125.327552, 41.2246], [-125.325354, 41.219912], [-125.324562, 41.21819], [-125.32264, 41.214567], [-125.320327, 41.209762], [-125.319682, 41.208237], [-125.317008, 41.202557], [-125.315762, 41.200082], [-125.315046, 41.198459], [-125.311698, 41.192605], [-125.310166, 41.189772], [-125.308812, 41.187562], [-125.304635, 41.1803], [-125.304461, 41.180082], [-125.298062, 41.169612], [-125.29371, 41.162665], [-125.291349, 41.15896], [-125.28923, 41.155634], [-125.286649, 41.151613], [-125.283465, 41.146208], [-125.279435, 41.139143], [-125.278377, 41.137594], [-125.276925, 41.135069], [-125.275421, 41.132449], [-125.274376, 41.1308], [-125.272942, 41.128494], [-125.271876, 41.127048], [-125.27038, 41.124717], [-125.269269, 41.122821], [-125.268298, 41.121151], [-125.266687, 41.118589], [-125.265623, 41.116787], [-125.263804, 41.113739], [-125.261792, 41.110568], [-125.25997, 41.107388], [-125.259049, 41.10603], [-125.255895, 41.100415], [-125.253704, 41.096463], [-125.25257, 41.094468], [-125.251638, 41.092998], [-125.25084, 41.091732], [-125.251003, 41.090298], [-125.251553, 41.087974], [-125.251888, 41.086398], [-125.252457, 41.084559], [-125.253187, 41.082863], [-125.253714, 41.081201], [-125.254311, 41.079862], [-125.254648, 41.078761], [-125.255538, 41.077701], [-125.256353, 41.076412], [-125.257653, 41.075143], [-125.258827, 41.073779], [-125.26055, 41.071891], [-125.261978, 41.070438], [-125.264443, 41.066885], [-125.265673, 41.065048], [-125.266728, 41.063223], [-125.268097, 41.060703], [-125.269361, 41.058474], [-125.272192, 41.053446], [-125.273096, 41.051856], [-125.274486, 41.049278], [-125.275416, 41.047794], [-125.276828, 41.044973], [-125.277307, 41.043754], [-125.278626, 41.040973], [-125.279992, 41.037945], [-125.282467, 41.03314], [-125.283549, 41.031488], [-125.285165, 41.028521], [-125.286148, 41.026606], [-125.287614, 41.023757], [-125.289841, 41.01955], [-125.290512, 41.01846], [-125.292068, 41.015518], [-125.293315, 41.013277], [-125.29465, 41.011077], [-125.296199, 41.008605], [-125.297473, 41.006401], [-125.299651, 41.003138], [-125.300778, 41.001475], [-125.302516, 40.998978], [-125.306103, 40.993718], [-125.309921, 40.988742], [-125.311149, 40.987156], [-125.313696, 40.983977], [-125.316916, 40.979357], [-125.319386, 40.975513], [-125.320548, 40.973567], [-125.322283, 40.971195], [-125.32469, 40.967718], [-125.325869, 40.966052], [-125.327789, 40.963224], [-125.330935, 40.9589], [-125.332049, 40.957433], [-125.334448, 40.954267], [-125.336138, 40.951925], [-125.338019, 40.949378], [-125.340225, 40.946627], [-125.341333, 40.945464], [-125.34272, 40.943779], [-125.345407, 40.940862], [-125.34705, 40.939115], [-125.348998, 40.937208], [-125.351063, 40.935296], [-125.352182, 40.934041], [-125.353831, 40.932447], [-125.355496, 40.93081], [-125.356492, 40.929801], [-125.359281, 40.927079], [-125.363081, 40.923463], [-125.366765, 40.919843], [-125.370228, 40.916472], [-125.372761, 40.913968], [-125.375469, 40.911257], [-125.381213, 40.905565], [-125.382391, 40.904417], [-125.385031, 40.901894], [-125.388415, 40.898585], [-125.391103, 40.896125], [-125.393667, 40.893405], [-125.395949, 40.891146], [-125.396863, 40.890225], [-125.402767, 40.885098], [-125.403964, 40.883963], [-125.407248, 40.881033], [-125.408887, 40.879463], [-125.411065, 40.87729], [-125.415793, 40.872947], [-125.417895, 40.87122], [-125.422618, 40.867093], [-125.424324, 40.865468], [-125.430653, 40.85999], [-125.433507, 40.857358], [-125.435863, 40.855329], [-125.437515, 40.853662], [-125.442323, 40.849435], [-125.445425, 40.84684], [-125.449603, 40.843424], [-125.451062, 40.8426], [-125.453647, 40.84018], [-125.457147, 40.837175], [-125.460162, 40.833991], [-125.46215, 40.83238], [-125.46315, 40.831437], [-125.466978, 40.82864], [-125.470268, 40.826027], [-125.472524, 40.824251], [-125.474464, 40.822068], [-125.476439, 40.819947], [-125.478318, 40.818185], [-125.482282, 40.813347], [-125.484164, 40.811267], [-125.486895, 40.808374], [-125.490578, 40.80427], [-125.493795, 40.800927], [-125.496292, 40.798847], [-125.498997, 40.79613], [-125.501535, 40.794049], [-125.505127, 40.791087], [-125.507764, 40.789246], [-125.51475, 40.783812], [-125.515878, 40.782266], [-125.51898, 40.779442], [-125.521229, 40.777543], [-125.523868, 40.774385], [-125.526845, 40.771285], [-125.528367, 40.769813], [-125.530669, 40.767408], [-125.533024, 40.765277], [-125.53903, 40.759673], [-125.541441, 40.757159], [-125.543429, 40.75549], [-125.546429, 40.752662], [-125.549297, 40.749661], [-125.551339, 40.747336], [-125.553288, 40.745179], [-125.5551, 40.743182], [-125.558009, 40.741199], [-125.561077, 40.73843], [-125.56367, 40.735574], [-125.565533, 40.733716], [-125.568183, 40.730586], [-125.570649, 40.72816], [-125.574922, 40.723971], [-125.577576, 40.721267], [-125.580232, 40.7178], [-125.582298, 40.715438], [-125.584133, 40.713424], [-125.586389, 40.711281], [-125.588826, 40.708452], [-125.591759, 40.705632], [-125.594696, 40.702809], [-125.598032, 40.699496], [-125.60128, 40.695948], [-125.603511, 40.693832], [-125.605824, 40.692074], [-125.609865, 40.689319], [-125.61147, 40.687892], [-125.614055, 40.685317], [-125.619508, 40.680353], [-125.621813, 40.678367], [-125.623907, 40.676793], [-125.62547, 40.675563], [-125.627255, 40.674168], [-125.630576, 40.671564], [-125.632895, 40.668999], [-125.635087, 40.666511], [-125.637357, 40.664756], [-125.64029, 40.662098], [-125.642952, 40.660492], [-125.646039, 40.657834], [-125.649114, 40.654565], [-125.651467, 40.652005], [-125.655465, 40.648465], [-125.656877, 40.646914], [-125.661065, 40.642547], [-125.663307, 40.640678], [-125.667147, 40.636973], [-125.669093, 40.635218], [-125.675438, 40.629522], [-125.678416, 40.62697], [-125.680965, 40.624734], [-125.684795, 40.622218], [-125.685832, 40.621633], [-125.690125, 40.618482], [-125.692706, 40.616694], [-125.694831, 40.615225], [-125.697111, 40.613227], [-125.700674, 40.610308], [-125.701988, 40.608944], [-125.704217, 40.606546], [-125.707266, 40.603956], [-125.710693, 40.600849], [-125.714077, 40.598096], [-125.715345, 40.597169], [-125.719429, 40.594444], [-125.721623, 40.592873], [-125.724195, 40.590881], [-125.727063, 40.588628], [-125.730552, 40.586134], [-125.733428, 40.583403], [-125.737618, 40.579891], [-125.740212, 40.577929], [-125.74666, 40.572759], [-125.751108, 40.568063], [-125.754168, 40.564685], [-125.75838, 40.560972], [-125.759823, 40.55942], [-125.761235, 40.557696], [-125.764423, 40.554738], [-125.766938, 40.552359], [-125.769308, 40.549928], [-125.772629, 40.546874], [-125.774349, 40.545193], [-125.778528, 40.541267], [-125.780568, 40.539794], [-125.784522, 40.537006], [-125.787774, 40.534701], [-125.790637, 40.532781], [-125.793224, 40.531014], [-125.79725, 40.527893], [-125.799407, 40.525739], [-125.801232, 40.524078], [-125.806053, 40.519931], [-125.807453, 40.518733], [-125.81064, 40.516125], [-125.81483, 40.513223], [-125.81645, 40.511882], [-125.818944, 40.509828], [-125.820903, 40.50844], [-125.822928, 40.507139], [-125.826038, 40.505232], [-125.829577, 40.502583], [-125.833455, 40.49896], [-125.836404, 40.496619], [-125.838485, 40.494648], [-125.840236, 40.492935], [-125.841994, 40.491331], [-125.845333, 40.488468], [-125.847652, 40.486159], [-125.850502, 40.483931], [-125.853796, 40.481217], [-125.855105, 40.480277], [-125.858162, 40.47723], [-125.860421, 40.475494], [-125.862268, 40.473769], [-125.864455, 40.471696], [-125.866465, 40.469807], [-125.868457, 40.467865], [-125.870047, 40.466516], [-125.872118, 40.464892], [-125.875496, 40.463027], [-125.878909, 40.460838], [-125.882188, 40.457865], [-125.884343, 40.456071], [-125.88605, 40.454781], [-125.888383, 40.453101], [-125.891463, 40.451159], [-125.894463, 40.449152], [-125.896897, 40.447503], [-125.900078, 40.445646], [-125.90548, 40.441532], [-125.908662, 40.439194], [-125.912651, 40.436435], [-125.915331, 40.434633], [-125.917678, 40.432896], [-125.922888, 40.428555], [-125.925253, 40.426462], [-125.927869, 40.424434], [-125.932913, 40.421242], [-125.934473, 40.420077], [-125.937775, 40.418285], [-125.94026, 40.416708], [-125.943977, 40.413448], [-125.945891, 40.412025], [-125.94787, 40.410611], [-125.9503, 40.408963], [-125.952629, 40.407324], [-125.955085, 40.405612], [-125.957437, 40.404095], [-125.961182, 40.401918], [-125.96312, 40.400714], [-125.966048, 40.398573], [-125.967587, 40.397411], [-125.969692, 40.395733], [-125.974747, 40.391916], [-125.976558, 40.390672], [-125.979748, 40.388646], [-125.981678, 40.387467], [-125.984066, 40.386099], [-125.987143, 40.384151], [-125.990576, 40.381961], [-125.993878, 40.379413], [-125.99628, 40.377599], [-125.998598, 40.375178], [-126.000038, 40.373961], [-126.004378, 40.370568], [-126.00897, 40.366451], [-126.011859, 40.36392], [-126.013823, 40.362631], [-126.01798, 40.359367], [-126.020392, 40.357271], [-126.025342, 40.353527], [-126.027495, 40.352262], [-126.029187, 40.35103], [-126.031898, 40.348258], [-126.035742, 40.344793], [-126.037242, 40.343362], [-126.040165, 40.340757], [-126.041636, 40.339238], [-126.056076, 40.326895], [-126.063895, 40.32101], [-126.065748, 40.319519], [-126.067742, 40.318119], [-126.069798, 40.316519], [-126.071406, 40.314938], [-126.073908, 40.312808], [-126.077459, 40.309579], [-126.07868, 40.308441], [-126.082533, 40.304647], [-126.085437, 40.302796], [-126.087613, 40.301264], [-126.090712, 40.298737], [-126.092931, 40.296986], [-126.096054, 40.294707], [-126.097519, 40.293339], [-126.100017, 40.291129], [-126.102104, 40.289391], [-126.104697, 40.287339], [-126.106723, 40.285803], [-126.109518, 40.284164], [-126.112375, 40.281958], [-126.114452, 40.280183], [-126.116569, 40.278429], [-126.118626, 40.276499], [-126.122088, 40.273335], [-126.124, 40.271901], [-126.126828, 40.269484], [-126.1291, 40.267543], [-126.131602, 40.265493], [-126.133952, 40.263814], [-126.137129, 40.261339], [-126.140071, 40.259331], [-126.141869, 40.258268], [-126.145612, 40.255993], [-126.146993, 40.255286], [-126.149121, 40.254216], [-126.151571, 40.253047], [-126.153542, 40.251788], [-126.157411, 40.249156], [-126.159941, 40.247744], [-126.163222, 40.245277], [-126.165235, 40.244105], [-126.168911, 40.241826], [-126.17212, 40.239849], [-126.174519, 40.238388], [-126.176516, 40.237219], [-126.17977, 40.235367], [-126.18234, 40.233762], [-126.184613, 40.232021], [-126.187032, 40.230157], [-126.18925, 40.228543], [-126.190655, 40.227508], [-126.197245, 40.223537], [-126.198752, 40.222722], [-126.203355, 40.219967], [-126.204927, 40.219094], [-126.208768, 40.216007], [-126.211723, 40.214174], [-126.21412, 40.212897], [-126.216875, 40.211117], [-126.219029, 40.209525], [-126.227106, 40.203964], [-126.233154, 40.200256], [-126.235599, 40.198551], [-126.237812, 40.196943], [-126.241932, 40.194201], [-126.243824, 40.193073], [-126.246212, 40.191486], [-126.24897, 40.18963], [-126.250242, 40.188803], [-126.254967, 40.18565], [-126.257613, 40.183478], [-126.260464, 40.181214], [-126.261828, 40.180281], [-126.264731, 40.178455], [-126.267538, 40.176786], [-126.2707, 40.175031], [-126.273298, 40.173176], [-126.276646, 40.170684], [-126.279091, 40.169127], [-126.28257, 40.166265], [-126.284468, 40.164486], [-126.287886, 40.162085], [-126.28999, 40.160577], [-126.292653, 40.158589], [-126.295786, 40.155885], [-126.298368, 40.153637], [-126.301215, 40.151267], [-126.303348, 40.149455], [-126.30519, 40.147934], [-126.307402, 40.14621], [-126.309348, 40.144736], [-126.311248, 40.143401], [-126.313944, 40.14126], [-126.31758, 40.137567], [-126.319001, 40.136269], [-126.321224, 40.134447], [-126.323937, 40.132428], [-126.327701, 40.129401], [-126.330534, 40.126954], [-126.333888, 40.123743], [-126.337097, 40.121179], [-126.340342, 40.118978], [-126.343275, 40.116851], [-126.345692, 40.115466], [-126.348002, 40.114109], [-126.351738, 40.111633], [-126.354018, 40.109752], [-126.358165, 40.106733], [-126.36014, 40.105271], [-126.362033, 40.103934], [-126.36437, 40.102567], [-126.369588, 40.099193], [-126.372288, 40.097862], [-126.375271, 40.096305], [-126.377883, 40.094608], [-126.379201, 40.093743], [-126.383172, 40.091217], [-126.387814, 40.088164], [-126.393914, 40.084041], [-126.395793, 40.082622], [-126.39851, 40.080186], [-126.401385, 40.07828], [-126.40473, 40.076107], [-126.408323, 40.073738], [-126.41427, 40.06932], [-126.416255, 40.068189], [-126.419271, 40.065912], [-126.420566, 40.064862], [-126.424665, 40.061318], [-126.426182, 40.060178], [-126.429196, 40.057723], [-126.431244, 40.056064], [-126.433281, 40.054204], [-126.43684, 40.051297], [-126.439589, 40.048621], [-126.441633, 40.046494], [-126.443212, 40.045135], [-126.445991, 40.04179], [-126.447369, 40.040068], [-126.449369, 40.037578], [-126.450589, 40.036351], [-126.452115, 40.03486], [-126.453361, 40.033925], [-126.455895, 40.031908], [-126.458111, 40.030235], [-126.460328, 40.027876], [-126.461669, 40.026059], [-126.464149, 40.023652], [-126.466068, 40.021745], [-126.468811, 40.019267], [-126.470557, 40.017715], [-126.471934, 40.01616], [-126.474925, 40.012773], [-126.476312, 40.011321], [-126.478043, 40.009455], [-126.479458, 40.008094], [-126.480666, 40.006857], [-126.483264, 40.004237], [-126.484892, 40.002548], [-126.487395, 39.999874], [-126.489293, 39.997878], [-126.490206, 39.996963], [-126.492126, 39.995147], [-126.493625, 39.993522], [-126.495589, 39.99174], [-126.497599, 39.989892], [-126.501707, 39.9852], [-126.502616, 39.984297], [-126.50514, 39.981804], [-126.507783, 39.97931], [-126.510367, 39.976877], [-126.513583, 39.973055], [-126.514523, 39.972149], [-126.516606, 39.970403], [-126.518694, 39.96893], [-126.521976, 39.966334], [-126.524931, 39.963704], [-126.527456, 39.96129], [-126.528976, 39.960006], [-126.531428, 39.957592], [-126.533247, 39.955839], [-126.536292, 39.952873], [-126.537957, 39.951285], [-126.540371, 39.949269], [-126.541996, 39.947978], [-126.54518, 39.945622], [-126.546679, 39.94413], [-126.549128, 39.941978], [-126.550441, 39.940883], [-126.552762, 39.939106], [-126.555938, 39.936612], [-126.558111, 39.934914], [-126.560645, 39.932924], [-126.56518, 39.92954], [-126.567175, 39.927913], [-126.568648, 39.926408], [-126.570787, 39.924656], [-126.572483, 39.923121], [-126.575429, 39.919875], [-126.576596, 39.918573], [-126.580975, 39.91425], [-126.582257, 39.913222], [-126.584263, 39.911441], [-126.586182, 39.909855], [-126.588668, 39.9082], [-126.590119, 39.907097], [-126.592429, 39.905049], [-126.59415, 39.903762], [-126.595968, 39.902479], [-126.598173, 39.900588], [-126.59984, 39.899487], [-126.601583, 39.89794], [-126.603842, 39.895406], [-126.605138, 39.894151], [-126.607321, 39.891765], [-126.608481, 39.890486], [-126.609381, 39.889345], [-126.610956, 39.887443], [-126.612147, 39.885928], [-126.613455, 39.884141], [-126.615209, 39.881598], [-126.616355, 39.880278], [-126.618853, 39.877578], [-126.621244, 39.875207], [-126.62282, 39.872858], [-126.624806, 39.869887], [-126.625495, 39.868833], [-126.627337, 39.866183], [-126.629405, 39.863311], [-126.630236, 39.862118], [-126.631585, 39.860057], [-126.632956, 39.858124], [-126.634898, 39.856074], [-126.638815, 39.852553], [-126.640411, 39.850968], [-126.644019, 39.848127], [-126.645953, 39.846212], [-126.647782, 39.844517], [-126.649271, 39.843037], [-126.65104, 39.841391], [-126.652717, 39.839771], [-126.656753, 39.835787], [-126.658687, 39.833989], [-126.661108, 39.831093], [-126.661838, 39.830317], [-126.667155, 39.825433], [-126.669357, 39.823096], [-126.671409, 39.821283], [-126.673633, 39.819298], [-126.674636, 39.818241], [-126.676756, 39.815932], [-126.678414, 39.813926], [-126.678597, 39.812404], [-126.676628, 39.808899], [-126.675368, 39.806713], [-126.673948, 39.804583], [-126.671502, 39.80191], [-126.66838, 39.798593], [-126.666914, 39.797139], [-126.665079, 39.794642], [-126.662558, 39.79155], [-126.660765, 39.789113], [-126.658029, 39.786231], [-126.656313, 39.784647], [-126.653228, 39.781667], [-126.650583, 39.779139], [-126.648152, 39.776765], [-126.646965, 39.775287], [-126.644127, 39.77201], [-126.642256, 39.769631], [-126.640276, 39.767327], [-126.638389, 39.765914], [-126.637109, 39.764509], [-126.63387, 39.761167], [-126.631526, 39.758547], [-126.629472, 39.756706], [-126.628362, 39.755438], [-126.62617, 39.752732], [-126.62453, 39.750935], [-126.621971, 39.748088], [-126.61995, 39.745452], [-126.619029, 39.744026], [-126.617963, 39.741805], [-126.616558, 39.739269], [-126.61336, 39.735243], [-126.612528, 39.734026], [-126.607603, 39.72815], [-126.605533, 39.725339], [-126.604341, 39.723341], [-126.603297, 39.721638], [-126.599768, 39.715698], [-126.598013, 39.713087], [-126.596849, 39.711684], [-126.595047, 39.708962], [-126.592752, 39.705782], [-126.591131, 39.703072], [-126.589944, 39.700598], [-126.588996, 39.698867], [-126.586015, 39.695512], [-126.584252, 39.693143], [-126.582546, 39.691018], [-126.580678, 39.689776], [-126.577937, 39.687181], [-126.576559, 39.686001], [-126.574629, 39.683728], [-126.57226, 39.681764], [-126.570409, 39.680296], [-126.566904, 39.677087], [-126.564417, 39.674468], [-126.56262, 39.672705], [-126.559119, 39.669691], [-126.557205, 39.667917], [-126.554747, 39.665723], [-126.553268, 39.664435], [-126.550927, 39.662282], [-126.548035, 39.659447], [-126.546299, 39.657859], [-126.542182, 39.654588], [-126.539063, 39.652509], [-126.535463, 39.650123], [-126.53317, 39.648692], [-126.528733, 39.646144], [-126.527126, 39.64501], [-126.524104, 39.643137], [-126.522302, 39.641974], [-126.517188, 39.639295], [-126.515473, 39.638341], [-126.512216, 39.636669], [-126.510414, 39.635758], [-126.507389, 39.63419], [-126.503653, 39.632347], [-126.498502, 39.629562], [-126.496705, 39.628667], [-126.494887, 39.628028], [-126.487917, 39.624922], [-126.485139, 39.623466], [-126.482879, 39.622139], [-126.480155, 39.620722], [-126.478083, 39.619795], [-126.472752, 39.617755], [-126.470397, 39.616615], [-126.466313, 39.614433], [-126.463967, 39.613209], [-126.459433, 39.611017], [-126.457755, 39.610179], [-126.454437, 39.608449], [-126.450856, 39.606518], [-126.447868, 39.604933], [-126.445291, 39.603591], [-126.441585, 39.601925], [-126.438493, 39.600719], [-126.434241, 39.599199], [-126.428008, 39.596652], [-126.425843, 39.59573], [-126.422524, 39.594431], [-126.420748, 39.593722], [-126.416115, 39.591894], [-126.413063, 39.590877], [-126.410194, 39.590071], [-126.404306, 39.587672], [-126.400488, 39.586194], [-126.39732, 39.585256], [-126.394784, 39.584421], [-126.391873, 39.583301], [-126.38673, 39.581788], [-126.384282, 39.580894], [-126.380678, 39.579294], [-126.378141, 39.577438], [-126.374901, 39.575122], [-126.373037, 39.573673], [-126.368488, 39.570717], [-126.366871, 39.569493], [-126.36451, 39.567709], [-126.362442, 39.566395], [-126.360974, 39.565411], [-126.358212, 39.56324], [-126.354809, 39.560973], [-126.353154, 39.560113], [-126.349848, 39.558298], [-126.348118, 39.55748], [-126.343962, 39.555191], [-126.340933, 39.553388], [-126.338021, 39.551576], [-126.335939, 39.550272], [-126.332812, 39.548164], [-126.329839, 39.546553], [-126.325643, 39.544407], [-126.323867, 39.543305], [-126.320613, 39.541587], [-126.317027, 39.539543], [-126.311272, 39.535737], [-126.309761, 39.534755], [-126.303884, 39.530608], [-126.29994, 39.52772], [-126.297376, 39.526432], [-126.293043, 39.523992], [-126.288719, 39.521561], [-126.286677, 39.520219], [-126.283581, 39.518598], [-126.281378, 39.517486], [-126.278322, 39.515917], [-126.274614, 39.514081], [-126.273291, 39.513527], [-126.270216, 39.512036], [-126.267568, 39.510625], [-126.264485, 39.509001], [-126.261553, 39.507396], [-126.259707, 39.506389], [-126.256843, 39.504894], [-126.252941, 39.502913], [-126.249202, 39.501442], [-126.246721, 39.500466], [-126.24488, 39.499689], [-126.241204, 39.498075], [-126.237294, 39.496225], [-126.235217, 39.495387], [-126.231563, 39.493904], [-126.229473, 39.493213], [-126.227079, 39.492166], [-126.225158, 39.491264], [-126.221799, 39.489878], [-126.219345, 39.488961], [-126.216309, 39.487463], [-126.214398, 39.486346], [-126.209232, 39.483308], [-126.206183, 39.482015], [-126.203924, 39.48101], [-126.201301, 39.479719], [-126.199175, 39.478598], [-126.197165, 39.477693], [-126.195534, 39.476885], [-126.193662, 39.475938], [-126.19121, 39.474818], [-126.189023, 39.473839], [-126.187356, 39.473094], [-126.185563, 39.472334], [-126.182666, 39.470592], [-126.18073, 39.469707], [-126.176743, 39.467803], [-126.173326, 39.466581], [-126.171693, 39.466011], [-126.169354, 39.464573], [-126.166684, 39.463045], [-126.16421, 39.461566], [-126.162058, 39.460637], [-126.159589, 39.45922], [-126.1578, 39.458512], [-126.155956, 39.457757], [-126.153552, 39.456676], [-126.151613, 39.455945], [-126.148318, 39.454093], [-126.145548, 39.452822], [-126.143117, 39.451812], [-126.141015, 39.450758], [-126.136911, 39.44851], [-126.134353, 39.447156], [-126.130492, 39.445023], [-126.127046, 39.443203], [-126.124586, 39.441877], [-126.121693, 39.440447], [-126.119165, 39.439188], [-126.11736, 39.438322], [-126.114512, 39.437144], [-126.112531, 39.436271], [-126.11039, 39.435145], [-126.10871, 39.434406], [-126.106077, 39.43323], [-126.10368, 39.431999], [-126.100229, 39.430145], [-126.098021, 39.429098], [-126.094533, 39.427415], [-126.092553, 39.426217], [-126.089525, 39.424704], [-126.086798, 39.423297], [-126.083548, 39.42173], [-126.081138, 39.420676], [-126.077126, 39.418776], [-126.075234, 39.417862], [-126.072533, 39.416357], [-126.069688, 39.414852], [-126.067552, 39.413562], [-126.065135, 39.412059], [-126.063008, 39.411007], [-126.061121, 39.409924], [-126.058616, 39.408454], [-126.055548, 39.406607], [-126.053391, 39.405442], [-126.051321, 39.404085], [-126.049312, 39.402933], [-126.045162, 39.400825], [-126.041277, 39.398849], [-126.038994, 39.397876], [-126.036844, 39.396864], [-126.034554, 39.396056], [-126.032097, 39.395067], [-126.028272, 39.393673], [-126.025448, 39.392377], [-126.022343, 39.390887], [-126.019509, 39.389673], [-126.017254, 39.388848], [-126.013572, 39.38713], [-126.008147, 39.384272], [-126.006803, 39.38327], [-126.003632, 39.381317], [-126.001308, 39.37987], [-125.998656, 39.378174], [-125.995814, 39.376231], [-125.99359, 39.374912], [-125.988146, 39.371405], [-125.985771, 39.369786], [-125.983763, 39.368314], [-125.981185, 39.366543], [-125.979054, 39.365242], [-125.976897, 39.364], [-125.975207, 39.363062], [-125.973135, 39.361698], [-125.971614, 39.360812], [-125.96729, 39.357833], [-125.96496, 39.356354], [-125.963093, 39.355085], [-125.960832, 39.353839], [-125.958796, 39.352492], [-125.956189, 39.350887], [-125.953752, 39.349283], [-125.951282, 39.347764], [-125.94869, 39.346284], [-125.945621, 39.344623], [-125.94308, 39.343218], [-125.94049, 39.341918], [-125.938616, 39.340962], [-125.934273, 39.338911], [-125.931795, 39.337903], [-125.930304, 39.337557], [-125.927128, 39.335942], [-125.924564, 39.334888], [-125.920194, 39.332752], [-125.917602, 39.331556], [-125.914955, 39.33007], [-125.912574, 39.328741], [-125.911104, 39.327938], [-125.907654, 39.326612], [-125.904524, 39.325189], [-125.902277, 39.324019], [-125.897503, 39.321415], [-125.895648, 39.320338], [-125.893186, 39.319586], [-125.889948, 39.318096], [-125.887198, 39.316721], [-125.883958, 39.31499], [-125.87722, 39.311385], [-125.875672, 39.310622], [-125.873548, 39.309708], [-125.870792, 39.308613], [-125.86832, 39.307492], [-125.865938, 39.30625], [-125.861917, 39.304074], [-125.859159, 39.302536], [-125.857213, 39.301627], [-125.854341, 39.300375], [-125.851458, 39.298909], [-125.849127, 39.297618], [-125.847182, 39.296918], [-125.844147, 39.295435], [-125.841397, 39.293917], [-125.837367, 39.292132], [-125.834955, 39.29099], [-125.831421, 39.289325], [-125.82822, 39.287839], [-125.826117, 39.286914], [-125.823597, 39.285523], [-125.820983, 39.284293], [-125.817048, 39.281996], [-125.814932, 39.280928], [-125.813064, 39.279833], [-125.81085, 39.279102], [-125.807928, 39.277679], [-125.806102, 39.276555], [-125.803858, 39.275493], [-125.801859, 39.274403], [-125.799212, 39.273234], [-125.796338, 39.271602], [-125.793897, 39.270505], [-125.791842, 39.269488], [-125.789601, 39.26836], [-125.787874, 39.267568], [-125.784501, 39.265953], [-125.782102, 39.264689], [-125.779237, 39.263157], [-125.776971, 39.262155], [-125.773969, 39.260822], [-125.771067, 39.25954], [-125.769082, 39.25849], [-125.766698, 39.257417], [-125.764327, 39.256163], [-125.762517, 39.255501], [-125.760459, 39.254555], [-125.757426, 39.252733], [-125.753861, 39.250948], [-125.751844, 39.249776], [-125.749194, 39.248299], [-125.746126, 39.246756], [-125.742933, 39.245092], [-125.73902, 39.242935], [-125.736138, 39.241561], [-125.733591, 39.24022], [-125.73118, 39.238862], [-125.729148, 39.237675], [-125.726159, 39.236037], [-125.723798, 39.234678], [-125.720891, 39.233108], [-125.717852, 39.231433], [-125.715869, 39.230476], [-125.712937, 39.228919], [-125.710006, 39.227406], [-125.70753, 39.225997], [-125.704256, 39.224167], [-125.701691, 39.222819], [-125.699811, 39.221874], [-125.695111, 39.219492], [-125.693231, 39.218458], [-125.690825, 39.217086], [-125.686093, 39.214383], [-125.683615, 39.212951], [-125.68072, 39.21143], [-125.676377, 39.208903], [-125.672133, 39.206828], [-125.669074, 39.205055], [-125.667329, 39.204089], [-125.661228, 39.200502], [-125.657777, 39.198318], [-125.654597, 39.196149], [-125.650286, 39.1934], [-125.646909, 39.191346], [-125.637866, 39.185271], [-125.635359, 39.183547], [-125.6316, 39.181053], [-125.626883, 39.177845], [-125.625087, 39.176446], [-125.618285, 39.17172], [-125.613557, 39.168467], [-125.612116, 39.167558], [-125.606441, 39.163726], [-125.603009, 39.161403], [-125.601298, 39.160223], [-125.595547, 39.156342], [-125.591463, 39.153861], [-125.588997, 39.152426], [-125.583371, 39.149236], [-125.579813, 39.14727], [-125.57456, 39.144012], [-125.570563, 39.141807], [-125.564823, 39.138227], [-125.562504, 39.136822], [-125.55773, 39.13324], [-125.55153, 39.128907], [-125.549648, 39.127608], [-125.546773, 39.125615], [-125.545217, 39.124628], [-125.537922, 39.119248], [-125.536623, 39.11838], [-125.533577, 39.116281], [-125.530787, 39.114223], [-125.529051, 39.113013], [-125.52623, 39.111037], [-125.523902, 39.109257], [-125.522601, 39.108354], [-125.518863, 39.10571], [-125.51476, 39.102533], [-125.51063, 39.099487], [-125.509062, 39.098444], [-125.503518, 39.094423], [-125.49736, 39.089991], [-125.495794, 39.088932], [-125.491185, 39.08551], [-125.486682, 39.082318], [-125.483863, 39.080574], [-125.482235, 39.079506], [-125.478403, 39.077132], [-125.475275, 39.075171], [-125.472749, 39.073706], [-125.469841, 39.071765], [-125.468076, 39.070726], [-125.463915, 39.06787], [-125.461808, 39.066638], [-125.456824, 39.063175], [-125.454402, 39.061339], [-125.449177, 39.057705], [-125.446735, 39.055893], [-125.443674, 39.054032], [-125.441812, 39.052665], [-125.440055, 39.051565], [-125.438176, 39.050408], [-125.435055, 39.04824], [-125.431352, 39.045972], [-125.429069, 39.044354], [-125.427635, 39.043341], [-125.421905, 39.039592], [-125.420365, 39.038747], [-125.417062, 39.036842], [-125.414385, 39.035202], [-125.411372, 39.033155], [-125.408122, 39.030998], [-125.404733, 39.028825], [-125.401332, 39.026926], [-125.398971, 39.025393], [-125.395711, 39.023551], [-125.393385, 39.02196], [-125.390938, 39.020261], [-125.389438, 39.019061], [-125.386192, 39.016742], [-125.38457, 39.015687], [-125.379942, 39.012355], [-125.374636, 39.008319], [-125.370976, 39.00549], [-125.369484, 39.00446], [-125.366937, 39.002666], [-125.364489, 39.000903], [-125.361666, 38.999], [-125.359623, 38.997639], [-125.357344, 38.996178], [-125.355495, 38.995032], [-125.353774, 38.994342], [-125.350891, 38.992344], [-125.348608, 38.99077], [-125.34578, 38.988804], [-125.34366, 38.987372], [-125.339383, 38.984484], [-125.33716, 38.983188], [-125.334273, 38.981736], [-125.332339, 38.980775], [-125.329968, 38.979347], [-125.327004, 38.977765], [-125.322461, 38.975489], [-125.317748, 38.97313], [-125.315269, 38.972041], [-125.310637, 38.9699], [-125.308344, 38.968798], [-125.305094, 38.967219], [-125.303694, 38.966653], [-125.299067, 38.964475], [-125.296478, 38.963058], [-125.294185, 38.961868], [-125.291358, 38.960418], [-125.28901, 38.959209], [-125.286734, 38.958027], [-125.284768, 38.957165], [-125.281155, 38.955252], [-125.277491, 38.953511], [-125.274899, 38.95236], [-125.272552, 38.951364], [-125.268993, 38.949552], [-125.266653, 38.948449], [-125.264886, 38.947448], [-125.261881, 38.945703], [-125.259613, 38.944744], [-125.256924, 38.943325], [-125.254338, 38.942004], [-125.251692, 38.940342], [-125.247538, 38.937944], [-125.245858, 38.937125], [-125.243708, 38.936086], [-125.240656, 38.934506], [-125.238128, 38.93324], [-125.2353, 38.931811], [-125.232479, 38.930239], [-125.230076, 38.928874], [-125.227341, 38.927326], [-125.225272, 38.92632], [-125.222821, 38.925169], [-125.220162, 38.923927], [-125.218124, 38.923017], [-125.216196, 38.922157], [-125.213709, 38.920845], [-125.211648, 38.919832], [-125.209293, 38.918492], [-125.207391, 38.917287], [-125.205587, 38.916197], [-125.202205, 38.9142], [-125.200745, 38.91358], [-125.197939, 38.912329], [-125.195474, 38.910902], [-125.191791, 38.908688], [-125.19018, 38.907937], [-125.188085, 38.906758], [-125.184104, 38.90427], [-125.179107, 38.901261], [-125.177351, 38.900159], [-125.175123, 38.898769], [-125.172408, 38.897192], [-125.170311, 38.896117], [-125.166725, 38.894248], [-125.16486, 38.893179], [-125.162875, 38.892191], [-125.160693, 38.890968], [-125.158863, 38.890002], [-125.156206, 38.888521], [-125.154124, 38.887902], [-125.151599, 38.886837], [-125.148106, 38.885149], [-125.146164, 38.88401], [-125.144421, 38.882958], [-125.142408, 38.881961], [-125.138387, 38.879778], [-125.136479, 38.878669], [-125.134284, 38.877502], [-125.13271, 38.876576], [-125.131028, 38.875861], [-125.129017, 38.875074], [-125.126861, 38.874014], [-125.124879, 38.87312], [-125.123439, 38.872471], [-125.120828, 38.87084], [-125.117908, 38.869577], [-125.11525, 38.867962], [-125.113378, 38.866793], [-125.111008, 38.865451], [-125.108907, 38.864118], [-125.107233, 38.863105], [-125.104327, 38.861013], [-125.101762, 38.859202], [-125.100099, 38.85819], [-125.097872, 38.856654], [-125.095273, 38.855082], [-125.093405, 38.85386], [-125.091119, 38.852288], [-125.088586, 38.850511], [-125.086807, 38.849199], [-125.084617, 38.847888], [-125.082054, 38.846178], [-125.078477, 38.843906], [-125.076543, 38.842846], [-125.072002, 38.84022], [-125.070135, 38.838933], [-125.067863, 38.837476], [-125.066211, 38.836805], [-125.064338, 38.835675], [-125.061761, 38.834264], [-125.058456, 38.832212], [-125.056922, 38.831232], [-125.053479, 38.828958], [-125.051086, 38.827474], [-125.049173, 38.826264], [-125.047206, 38.825044], [-125.043573, 38.822769], [-125.041079, 38.821116], [-125.038849, 38.819567], [-125.035357, 38.817817], [-125.032961, 38.816381], [-125.031609, 38.815623], [-125.029707, 38.814565], [-125.027886, 38.81358], [-125.025484, 38.812578], [-125.022835, 38.811242], [-125.02088, 38.810259], [-125.019013, 38.809897], [-125.017005, 38.808856], [-125.015264, 38.80776], [-125.013681, 38.806796], [-125.012172, 38.805907], [-125.010049, 38.804592], [-125.008261, 38.803565], [-125.004905, 38.801502], [-125.002936, 38.800415], [-125.000788, 38.79922], [-124.997421, 38.796963], [-124.995652, 38.795911], [-124.99145, 38.793068], [-124.99002, 38.792169], [-124.987963, 38.790764], [-124.985491, 38.788823], [-124.983686, 38.787483], [-124.981983, 38.786184], [-124.980295, 38.785178], [-124.977512, 38.783442], [-124.974855, 38.781828], [-124.970764, 38.779068], [-124.969331, 38.778045], [-124.967593, 38.777035], [-124.96498, 38.774977], [-124.96397, 38.774368], [-124.960188, 38.771853], [-124.957053, 38.770149], [-124.954993, 38.768883], [-124.952584, 38.767483], [-124.951, 38.766849], [-124.948264, 38.765299], [-124.946842, 38.764301], [-124.943517, 38.762176], [-124.941317, 38.760683], [-124.934502, 38.756305], [-124.93273, 38.755043], [-124.929787, 38.753182], [-124.928305, 38.752498], [-124.926038, 38.75125], [-124.92338, 38.749393], [-124.920626, 38.747222], [-124.918148, 38.745547], [-124.916062, 38.744267], [-124.914027, 38.742897], [-124.909538, 38.739333], [-124.908122, 38.738284], [-124.906243, 38.736978], [-124.903989, 38.735678], [-124.901895, 38.734557], [-124.899952, 38.733117], [-124.898206, 38.731904], [-124.896868, 38.731177], [-124.894177, 38.729529], [-124.891437, 38.727552], [-124.889304, 38.726016], [-124.887606, 38.724631], [-124.885575, 38.723537], [-124.883457, 38.722666], [-124.881439, 38.721107], [-124.879926, 38.720037], [-124.877588, 38.71815], [-124.875792, 38.716574], [-124.873362, 38.714639], [-124.868704, 38.711141], [-124.866339, 38.709372], [-124.864364, 38.708061], [-124.862212, 38.706505], [-124.860528, 38.705077], [-124.85863, 38.703543], [-124.857253, 38.702478], [-124.854788, 38.700547], [-124.853344, 38.699646], [-124.851072, 38.69858], [-124.848869, 38.697321], [-124.847205, 38.696599], [-124.845015, 38.694779], [-124.843282, 38.693378], [-124.841494, 38.692103], [-124.839413, 38.691432], [-124.837569, 38.690569], [-124.835424, 38.688941], [-124.832944, 38.686913], [-124.830878, 38.68557], [-124.828935, 38.684487], [-124.826646, 38.682926], [-124.824765, 38.681253], [-124.823349, 38.680711], [-124.821285, 38.679719], [-124.819623, 38.678542], [-124.817158, 38.677251], [-124.815293, 38.676238], [-124.812978, 38.674851], [-124.811089, 38.673772], [-124.808102, 38.672648], [-124.806353, 38.671658], [-124.804725, 38.670641], [-124.802636, 38.669423], [-124.800755, 38.668842], [-124.798088, 38.667695], [-124.795587, 38.666514], [-124.793273, 38.665358], [-124.791697, 38.664788], [-124.789545, 38.663754], [-124.788035, 38.663091], [-124.785912, 38.662819], [-124.784001, 38.661837], [-124.781238, 38.660258], [-124.779755, 38.659507], [-124.776552, 38.657478], [-124.774861, 38.65639], [-124.772304, 38.654855], [-124.770209, 38.653453], [-124.766993, 38.651296], [-124.765163, 38.65053], [-124.761793, 38.649012], [-124.759659, 38.647598], [-124.757794, 38.646617], [-124.756695, 38.646116], [-124.754236, 38.644684], [-124.752417, 38.643531], [-124.750532, 38.642365], [-124.749097, 38.641479], [-124.747064, 38.64005], [-124.745179, 38.639332], [-124.742544, 38.638194], [-124.741043, 38.637438], [-124.739033, 38.636208], [-124.736742, 38.635154], [-124.734603, 38.634168], [-124.732234, 38.632873], [-124.730349, 38.631654], [-124.728535, 38.630758], [-124.725891, 38.62973], [-124.724376, 38.629145], [-124.721314, 38.627837], [-124.71955, 38.627656], [-124.717504, 38.626749], [-124.715791, 38.625862], [-124.71359, 38.624967], [-124.71168, 38.624129], [-124.709478, 38.623167], [-124.707985, 38.622381], [-124.706289, 38.621488], [-124.703274, 38.619799], [-124.700959, 38.6185], [-124.698901, 38.617375], [-124.697281, 38.616404], [-124.695386, 38.615716], [-124.693381, 38.614933], [-124.691542, 38.613619], [-124.689886, 38.612887], [-124.687723, 38.611332], [-124.685136, 38.609463], [-124.683259, 38.608572], [-124.68098, 38.607495], [-124.678576, 38.606086], [-124.67601, 38.604395], [-124.674635, 38.603359], [-124.672942, 38.60214], [-124.671044, 38.601004], [-124.668964, 38.599695], [-124.667086, 38.598491], [-124.664066, 38.596402], [-124.662063, 38.595023], [-124.660479, 38.594054], [-124.657198, 38.591734], [-124.655268, 38.590227], [-124.653265, 38.589166], [-124.651399, 38.588139], [-124.649125, 38.586849], [-124.646718, 38.585349], [-124.644166, 38.583777], [-124.641968, 38.582238], [-124.639993, 38.581171], [-124.637974, 38.579823], [-124.635381, 38.578237], [-124.632114, 38.576087], [-124.630178, 38.574891], [-124.628806, 38.574116], [-124.62514, 38.572007], [-124.622923, 38.571088], [-124.620246, 38.569364], [-124.617688, 38.567581], [-124.614949, 38.565801], [-124.613394, 38.564755], [-124.611447, 38.563626], [-124.609892, 38.562646], [-124.607731, 38.561135], [-124.60524, 38.559436], [-124.603344, 38.558379], [-124.600732, 38.556962], [-124.598155, 38.555426], [-124.595626, 38.553642], [-124.593528, 38.552423], [-124.591458, 38.551394], [-124.587757, 38.549174], [-124.585975, 38.548054], [-124.583502, 38.546374], [-124.581909, 38.545381], [-124.579644, 38.544016], [-124.577064, 38.542558], [-124.574945, 38.54137], [-124.572906, 38.540098], [-124.570981, 38.538852], [-124.568596, 38.537401], [-124.567211, 38.536515], [-124.564711, 38.535061], [-124.560846, 38.532978], [-124.558003, 38.531267], [-124.555427, 38.529985], [-124.553333, 38.528948], [-124.55157, 38.528011], [-124.549351, 38.526872], [-124.547486, 38.526042], [-124.545621, 38.525028], [-124.5433, 38.523777], [-124.541382, 38.522663], [-124.539363, 38.521764], [-124.537439, 38.521239], [-124.536154, 38.520904], [-124.533844, 38.519878], [-124.531636, 38.518813], [-124.529318, 38.517733], [-124.526812, 38.516429], [-124.524624, 38.515379], [-124.52285, 38.5147], [-124.520484, 38.513706], [-124.518244, 38.513054], [-124.516365, 38.512251], [-124.513758, 38.511191], [-124.510754, 38.510009], [-124.508628, 38.509131], [-124.507028, 38.508444], [-124.504838, 38.507586], [-124.502467, 38.506658], [-124.500634, 38.505964], [-124.498272, 38.50503], [-124.496672, 38.504236], [-124.492673, 38.502358], [-124.491571, 38.501901], [-124.487152, 38.499876], [-124.482223, 38.49803], [-124.480053, 38.497114], [-124.477337, 38.495946], [-124.47597, 38.495581], [-124.471728, 38.493707], [-124.46887, 38.492266], [-124.465847, 38.49094], [-124.463891, 38.490138], [-124.460539, 38.488684], [-124.458151, 38.487578], [-124.456357, 38.486741], [-124.454368, 38.485858], [-124.451579, 38.484563], [-124.448958, 38.483415], [-124.446963, 38.483016], [-124.44519, 38.482312], [-124.44294, 38.481468], [-124.440025, 38.480131], [-124.437622, 38.479153], [-124.435442, 38.478698], [-124.432111, 38.476998], [-124.429899, 38.476337], [-124.427965, 38.475271], [-124.425789, 38.474113], [-124.422863, 38.472935], [-124.419287, 38.470919], [-124.416919, 38.469734], [-124.414459, 38.469313], [-124.412817, 38.469209], [-124.409545, 38.467684], [-124.407072, 38.466147], [-124.405206, 38.464978], [-124.402663, 38.463338], [-124.40008, 38.461717], [-124.398305, 38.460444], [-124.395826, 38.458882], [-124.393438, 38.457203], [-124.390993, 38.455493], [-124.387934, 38.453447], [-124.385619, 38.451989], [-124.384221, 38.45114], [-124.380471, 38.448773], [-124.376982, 38.446628], [-124.374005, 38.444815], [-124.370854, 38.442911], [-124.368901, 38.441823], [-124.367181, 38.440793], [-124.364956, 38.439481], [-124.36149, 38.437151], [-124.358172, 38.434822], [-124.355811, 38.433193], [-124.353455, 38.431845], [-124.351349, 38.430548], [-124.348667, 38.428882], [-124.346677, 38.427829], [-124.343094, 38.425547], [-124.341682, 38.424579], [-124.339187, 38.423112], [-124.333873, 38.419715], [-124.332282, 38.418801], [-124.330343, 38.417683], [-124.32809, 38.416454], [-124.326834, 38.415763], [-124.322863, 38.413454], [-124.319799, 38.411691], [-124.316552, 38.409853], [-124.313373, 38.407851], [-124.311953, 38.407151], [-124.307532, 38.404846], [-124.305586, 38.403747], [-124.302073, 38.401911], [-124.299787, 38.400625], [-124.296759, 38.398786], [-124.290186, 38.394976], [-124.287998, 38.393683], [-124.284851, 38.391674], [-124.283031, 38.39068], [-124.279892, 38.388854], [-124.275378, 38.385978], [-124.271865, 38.383894], [-124.270907, 38.383312], [-124.266327, 38.380308], [-124.263892, 38.378576], [-124.260752, 38.376635], [-124.258598, 38.375073], [-124.256783, 38.373918], [-124.254945, 38.372859], [-124.250657, 38.370142], [-124.247689, 38.368088], [-124.245967, 38.366859], [-124.242954, 38.364805], [-124.239496, 38.36235], [-124.237795, 38.361152], [-124.234984, 38.35938], [-124.233303, 38.3583], [-124.229871, 38.356257], [-124.226632, 38.354301], [-124.223581, 38.352241], [-124.22214, 38.351271], [-124.219008, 38.349176], [-124.217336, 38.348105], [-124.213268, 38.34554], [-124.211217, 38.34442], [-124.208157, 38.342597], [-124.206703, 38.34172], [-124.199962, 38.337587], [-124.198223, 38.336529], [-124.185653, 38.328762], [-124.181784, 38.326528], [-124.177283, 38.324058], [-124.175325, 38.322995], [-124.172828, 38.321528], [-124.171008, 38.320491], [-124.169001, 38.31944], [-124.166024, 38.317686], [-124.163606, 38.316131], [-124.160408, 38.314227], [-124.158537, 38.313167], [-124.155203, 38.311264], [-124.15259, 38.309739], [-124.148465, 38.307484], [-124.14664, 38.306596], [-124.14188, 38.304079], [-124.137618, 38.302013], [-124.134808, 38.300674], [-124.132945, 38.29961], [-124.129489, 38.297749], [-124.126435, 38.296091], [-124.120964, 38.293112], [-124.119525, 38.292394], [-124.116676, 38.291004], [-124.114603, 38.290118], [-124.112185, 38.289033], [-124.108954, 38.287515], [-124.106639, 38.286299], [-124.102842, 38.284399], [-124.101308, 38.283806], [-124.098262, 38.282288], [-124.094799, 38.280718], [-124.092054, 38.279484], [-124.089333, 38.278309], [-124.086448, 38.277007], [-124.083683, 38.2759], [-124.081237, 38.274891], [-124.078781, 38.274044], [-124.076885, 38.273267], [-124.073782, 38.271891], [-124.071018, 38.270618], [-124.068134, 38.269327], [-124.066105, 38.268401], [-124.063148, 38.267016], [-124.061679, 38.266337], [-124.058858, 38.265207], [-124.056669, 38.26421], [-124.053269, 38.262686], [-124.050799, 38.26149], [-124.049122, 38.26083], [-124.046877, 38.259839], [-124.0432, 38.258361], [-124.039442, 38.256712], [-124.037118, 38.25574], [-124.033624, 38.254252], [-124.032239, 38.253749], [-124.029817, 38.252687], [-124.027162, 38.251534], [-124.023584, 38.250065], [-124.021844, 38.24943], [-124.018353, 38.247958], [-124.016661, 38.24743], [-124.012862, 38.246143], [-124.01069, 38.245516], [-124.008613, 38.244931], [-124.006772, 38.244324], [-124.004146, 38.24356], [-124.00225, 38.242892], [-124.000681, 38.242281], [-123.99805, 38.241455], [-123.994528, 38.240167], [-123.99315, 38.23969], [-123.987813, 38.237917], [-123.986919, 38.237578], [-123.982417, 38.235842], [-123.979927, 38.2351], [-123.978117, 38.234637], [-123.975865, 38.234156], [-123.973373, 38.233428], [-123.971349, 38.232934], [-123.969544, 38.232816], [-123.966532, 38.231993], [-123.963827, 38.231405], [-123.961865, 38.230694], [-123.959904, 38.229979], [-123.957169, 38.229049], [-123.955162, 38.228557], [-123.952101, 38.227448], [-123.949987, 38.226813], [-123.947623, 38.226228], [-123.944033, 38.225432], [-123.942033, 38.225006], [-123.939594, 38.224303], [-123.937834, 38.22374], [-123.93573, 38.223159], [-123.932457, 38.222077], [-123.930315, 38.221358], [-123.928425, 38.220711], [-123.926367, 38.220054], [-123.924296, 38.219632], [-123.921875, 38.218974], [-123.920095, 38.218431], [-123.917366, 38.217575], [-123.915517, 38.217031], [-123.911718, 38.215938], [-123.908404, 38.214948], [-123.906372, 38.214351], [-123.904497, 38.213974], [-123.903059, 38.213377], [-123.896667, 38.211095], [-123.893768, 38.210048], [-123.891728, 38.20942], [-123.889524, 38.2089], [-123.887584, 38.208325], [-123.886119, 38.207763], [-123.884021, 38.207018], [-123.881775, 38.206197], [-123.87932, 38.205464], [-123.877491, 38.20483], [-123.875659, 38.204215], [-123.874049, 38.20387], [-123.872039, 38.203297], [-123.870057, 38.202523], [-123.865467, 38.200542], [-123.863157, 38.199939], [-123.860919, 38.199502], [-123.859159, 38.199033], [-123.856753, 38.198412], [-123.854457, 38.197725], [-123.852594, 38.197292], [-123.849352, 38.195808], [-123.847447, 38.195146], [-123.844925, 38.194689], [-123.841808, 38.193398], [-123.839757, 38.192529], [-123.836563, 38.191385], [-123.834556, 38.19072], [-123.832352, 38.190028], [-123.830256, 38.189447], [-123.827275, 38.188185], [-123.823104, 38.1865], [-123.820799, 38.185669], [-123.818372, 38.184736], [-123.816669, 38.184099], [-123.814944, 38.183387], [-123.811845, 38.182451], [-123.809407, 38.181631], [-123.806979, 38.180992], [-123.804938, 38.180418], [-123.802447, 38.179915], [-123.800137, 38.179372], [-123.798194, 38.178588], [-123.795905, 38.177493], [-123.793478, 38.176658], [-123.790991, 38.175633], [-123.789403, 38.17525], [-123.787543, 38.174475], [-123.784781, 38.17319], [-123.782731, 38.172486], [-123.780333, 38.171608], [-123.77814, 38.170832], [-123.776291, 38.170303], [-123.774307, 38.169754], [-123.772569, 38.169387], [-123.769794, 38.168691], [-123.768017, 38.168165], [-123.765677, 38.167761], [-123.763245, 38.167252], [-123.761464, 38.167241], [-123.759353, 38.16699], [-123.757295, 38.166548], [-123.755385, 38.166472], [-123.753541, 38.166208], [-123.751609, 38.166174], [-123.749155, 38.165653], [-123.746571, 38.165026], [-123.743891, 38.164443], [-123.742073, 38.16404], [-123.740224, 38.163828], [-123.738296, 38.163586], [-123.734619, 38.162778], [-123.732499, 38.162434], [-123.729762, 38.161733], [-123.727903, 38.161338], [-123.725934, 38.161149], [-123.723849, 38.161042], [-123.721752, 38.160887], [-123.719439, 38.160278], [-123.717765, 38.159776], [-123.714413, 38.158975], [-123.711875, 38.159154], [-123.709713, 38.158942], [-123.707597, 38.159066], [-123.705314, 38.158745], [-123.702982, 38.158352], [-123.701206, 38.158], [-123.698886, 38.157599], [-123.696614, 38.158166], [-123.694419, 38.157789], [-123.691684, 38.157354], [-123.689437, 38.156869], [-123.686752, 38.156787], [-123.684563, 38.156215], [-123.682583, 38.155728], [-123.679877, 38.155089], [-123.677395, 38.154992], [-123.675438, 38.154563], [-123.673117, 38.154167], [-123.670816, 38.154136], [-123.66786, 38.15373], [-123.665894, 38.153268], [-123.664281, 38.152856], [-123.661191, 38.151871], [-123.657843, 38.151351], [-123.655882, 38.151736], [-123.653433, 38.15133], [-123.651459, 38.151657], [-123.649524, 38.151219], [-123.647334, 38.151046], [-123.645627, 38.150756], [-123.643367, 38.150795], [-123.641065, 38.150563], [-123.638045, 38.149904], [-123.635751, 38.149413], [-123.633759, 38.149221], [-123.631057, 38.148891], [-123.629069, 38.148523], [-123.627304, 38.148236], [-123.624594, 38.147541], [-123.622939, 38.147588], [-123.618734, 38.146757], [-123.616774, 38.146428], [-123.61402, 38.146419], [-123.611801, 38.145782], [-123.610139, 38.145709], [-123.607829, 38.145387], [-123.605281, 38.144962], [-123.603033, 38.144639], [-123.601362, 38.144598], [-123.599288, 38.14451], [-123.596209, 38.143766], [-123.593614, 38.142966], [-123.59166, 38.142625], [-123.589268, 38.142382], [-123.586968, 38.14191], [-123.584474, 38.141526], [-123.582586, 38.141404], [-123.580438, 38.141062], [-123.578463, 38.140605], [-123.576666, 38.140285], [-123.574901, 38.139938], [-123.573363, 38.13955], [-123.569497, 38.138198], [-123.566659, 38.137337], [-123.564005, 38.136598], [-123.561098, 38.135572], [-123.559022, 38.135055], [-123.557101, 38.134583], [-123.554313, 38.133834], [-123.550542, 38.13273], [-123.548672, 38.132322], [-123.544878, 38.131304], [-123.542327, 38.130567], [-123.540147, 38.1301], [-123.538542, 38.129659], [-123.535983, 38.129333], [-123.532869, 38.128565], [-123.530011, 38.12783], [-123.528187, 38.127537], [-123.526341, 38.127132], [-123.52444, 38.126623], [-123.522452, 38.126067], [-123.52062, 38.125616], [-123.518039, 38.12535], [-123.51607, 38.125084], [-123.513248, 38.123955], [-123.510428, 38.122791], [-123.508115, 38.12194], [-123.505559, 38.121115], [-123.503705, 38.120568], [-123.501221, 38.120046], [-123.49762, 38.118928], [-123.495705, 38.118269], [-123.492751, 38.117306], [-123.490491, 38.116619], [-123.488352, 38.116268], [-123.486607, 38.115934], [-123.483616, 38.115453], [-123.481331, 38.114934], [-123.478853, 38.114267], [-123.476814, 38.113921], [-123.474837, 38.114055], [-123.472855, 38.113782], [-123.470229, 38.113333], [-123.468622, 38.113022], [-123.466951, 38.112643], [-123.464503, 38.112148], [-123.462207, 38.111527], [-123.46006, 38.110975], [-123.455905, 38.109592], [-123.45359, 38.108927], [-123.451271, 38.108377], [-123.448951, 38.10749], [-123.445379, 38.106353], [-123.443233, 38.106029], [-123.439858, 38.105408], [-123.436789, 38.104693], [-123.433818, 38.10468], [-123.431968, 38.10439], [-123.429792, 38.103963], [-123.427213, 38.103421], [-123.42439, 38.103058], [-123.422235, 38.102493], [-123.420626, 38.102236], [-123.418367, 38.101955], [-123.415419, 38.101169], [-123.413555, 38.100592], [-123.410621, 38.099773], [-123.404566, 38.098121], [-123.402636, 38.097769], [-123.400238, 38.09699], [-123.39781, 38.096269], [-123.39334, 38.095003], [-123.39124, 38.094519], [-123.38868, 38.09348], [-123.385148, 38.092161], [-123.382297, 38.09101], [-123.380009, 38.090597], [-123.377317, 38.090016], [-123.373247, 38.088823], [-123.370613, 38.088252], [-123.366862, 38.087073], [-123.365068, 38.086633], [-123.362517, 38.08594], [-123.360799, 38.08551], [-123.358636, 38.084737], [-123.354293, 38.083178], [-123.352293, 38.082576], [-123.349493, 38.081798], [-123.346743, 38.081073], [-123.343275, 38.079956], [-123.34177, 38.079425], [-123.339116, 38.078706], [-123.335867, 38.07761], [-123.333838, 38.076937], [-123.330708, 38.075894], [-123.328521, 38.075474], [-123.326552, 38.075344], [-123.324228, 38.074878], [-123.321445, 38.074096], [-123.317721, 38.073244], [-123.315908, 38.072924], [-123.312973, 38.072923], [-123.310136, 38.072066], [-123.307787, 38.071602], [-123.306035, 38.071193], [-123.304004, 38.070656], [-123.301856, 38.070247], [-123.299642, 38.06984], [-123.297521, 38.06984], [-123.295931, 38.069963], [-123.293501, 38.069721], [-123.290711, 38.070185], [-123.288853, 38.070134], [-123.286428, 38.069641], [-123.284621, 38.069233], [-123.28073, 38.068355], [-123.274261, 38.066802], [-123.271383, 38.06611], [-123.268512, 38.065564], [-123.265766, 38.065189], [-123.263742, 38.065001], [-123.261701, 38.064987], [-123.260788, 38.063007], [-123.259946, 38.060547], [-123.259276, 38.058544], [-123.258761, 38.057061], [-123.257761, 38.055052], [-123.257048, 38.053512], [-123.255765, 38.050035], [-123.254703, 38.047592], [-123.252035, 38.043473], [-123.250714, 38.040702], [-123.249724, 38.03855], [-123.248599, 38.03629], [-123.247066, 38.033906], [-123.246125, 38.03194], [-123.244897, 38.029042], [-123.243839, 38.026696], [-123.242808, 38.024594], [-123.24075, 38.020852], [-123.239288, 38.018572], [-123.238122, 38.016418], [-123.237334, 38.01494], [-123.236134, 38.012613], [-123.234411, 38.009211], [-123.233226, 38.006642], [-123.232448, 38.005072], [-123.230871, 38.001895], [-123.230212, 38.000557], [-123.228825, 37.997779], [-123.228109, 37.996266], [-123.226869, 37.993696], [-123.226184, 37.992053], [-123.224914, 37.988456], [-123.224192, 37.986936], [-123.223504, 37.984618], [-123.222936, 37.983233], [-123.221057, 37.979398], [-123.220486, 37.977749], [-123.219693, 37.975637], [-123.218922, 37.974138], [-123.216837, 37.970357], [-123.215571, 37.967711], [-123.214956, 37.966445], [-123.213505, 37.963069], [-123.212781, 37.961303], [-123.211763, 37.959136], [-123.210774, 37.957332], [-123.209433, 37.95466], [-123.208843, 37.953034], [-123.207622, 37.949947], [-123.206919, 37.948457], [-123.20555, 37.945418], [-123.204171, 37.942561], [-123.203372, 37.940903], [-123.20248, 37.938885], [-123.201784, 37.937416], [-123.201133, 37.935639], [-123.200517, 37.934302], [-123.199426, 37.931597], [-123.197689, 37.927193], [-123.195374, 37.921216], [-123.194706, 37.919419], [-123.194003, 37.916928], [-123.192526, 37.913183], [-123.191238, 37.909914], [-123.190333, 37.908235], [-123.189294, 37.906237], [-123.188208, 37.904215], [-123.187497, 37.902261], [-123.186323, 37.898963], [-123.185321, 37.89665], [-123.184436, 37.894657], [-123.183192, 37.892206], [-123.181976, 37.890106], [-123.179855, 37.885452], [-123.179308, 37.883637], [-123.178482, 37.881627], [-123.177706, 37.879832], [-123.176363, 37.876578], [-123.175426, 37.874115], [-123.174393, 37.872004], [-123.173086, 37.869142], [-123.170515, 37.864463], [-123.16956, 37.862686], [-123.168611, 37.861062], [-123.165705, 37.856045], [-123.165108, 37.854981], [-123.163863, 37.852256], [-123.162943, 37.850554], [-123.161808, 37.848277], [-123.160009, 37.844822], [-123.159032, 37.842922], [-123.157883, 37.840662], [-123.156147, 37.837525], [-123.154379, 37.834911], [-123.152844, 37.832527], [-123.15198, 37.830927], [-123.151382, 37.829335], [-123.150293, 37.827111], [-123.148807, 37.823971], [-123.147514, 37.822104], [-123.145795, 37.819342], [-123.144897, 37.818132], [-123.142678, 37.81494], [-123.140672, 37.811965], [-123.137915, 37.807907], [-123.136971, 37.806178], [-123.133725, 37.801215], [-123.131564, 37.797697], [-123.130545, 37.795846], [-123.129062, 37.794074], [-123.127134, 37.791061], [-123.125278, 37.788369], [-123.124069, 37.786459], [-123.123044, 37.784614], [-123.12111, 37.782162], [-123.119075, 37.779338], [-123.116308, 37.775025], [-123.11473, 37.772941], [-123.112746, 37.770505], [-123.110588, 37.767295], [-123.108913, 37.764857], [-123.107883, 37.763424], [-123.104105, 37.757965], [-123.10311, 37.756303], [-123.101253, 37.756188], [-123.098426, 37.756353], [-123.092005, 37.75654], [-123.08999, 37.756821], [-123.086496, 37.757316], [-123.084025, 37.75745], [-123.081652, 37.757489], [-123.079891, 37.75771], [-123.078058, 37.758011], [-123.075751, 37.758401], [-123.0733, 37.758749], [-123.06741, 37.759314], [-123.064498, 37.759955], [-123.063065, 37.760336], [-123.061624, 37.760847], [-123.055921, 37.762281], [-123.054153, 37.762793], [-123.052688, 37.763441], [-123.050564, 37.763963], [-123.048625, 37.764317], [-123.04684, 37.764697], [-123.044194, 37.765218], [-123.042069, 37.765662], [-123.040805, 37.765959], [-123.039074, 37.766349], [-123.037261, 37.766861], [-123.035244, 37.767672], [-123.033554, 37.768608], [-123.031576, 37.769177], [-123.030053, 37.76958], [-123.028263, 37.770272], [-123.026431, 37.770891], [-123.024543, 37.771287], [-123.021798, 37.771853], [-123.020012, 37.772419], [-123.01735, 37.773282], [-123.016049, 37.773935], [-123.014203, 37.774725], [-123.012179, 37.775179], [-123.010291, 37.775606], [-123.007369, 37.775835], [-123.00412, 37.776208], [-123.001732, 37.776425], [-123.000548, 37.776686], [-122.998068, 37.777195], [-122.995618, 37.777614], [-122.993626, 37.777971], [-122.991296, 37.778464], [-122.989692, 37.77885], [-122.987333, 37.77941], [-122.985438, 37.779811], [-122.982238, 37.780407], [-122.980088, 37.780894], [-122.978567, 37.781268], [-122.976626, 37.781776], [-122.974721, 37.782377], [-122.972284, 37.782726], [-122.970728, 37.783035], [-122.968888, 37.78335], [-122.964949, 37.784063], [-122.963664, 37.784375], [-122.960946, 37.784999], [-122.958707, 37.785529], [-122.957017, 37.786025], [-122.95533, 37.786507], [-122.953367, 37.786937], [-122.950954, 37.787522], [-122.949064, 37.788061], [-122.945311, 37.789025], [-122.9439, 37.789498], [-122.942495, 37.790068], [-122.940537, 37.790724], [-122.938886, 37.791336], [-122.936476, 37.79224], [-122.934178, 37.792838], [-122.93243, 37.793312], [-122.930507, 37.793852], [-122.927384, 37.794691], [-122.925832, 37.794997], [-122.923572, 37.795344], [-122.921072, 37.795859], [-122.919553, 37.796292], [-122.918021, 37.796696], [-122.915582, 37.797156], [-122.913428, 37.797464], [-122.911217, 37.797937], [-122.909349, 37.798463], [-122.907753, 37.798852], [-122.906059, 37.799369], [-122.903957, 37.799627], [-122.902691, 37.798559], [-122.90078, 37.797423], [-122.899885, 37.796569], [-122.89924, 37.795511], [-122.898246, 37.794234], [-122.896941, 37.792449], [-122.895701, 37.790794], [-122.89432, 37.78893], [-122.892485, 37.786706], [-122.89158, 37.785411], [-122.890735, 37.784316], [-122.889443, 37.782631], [-122.887587, 37.780172], [-122.886737, 37.779229], [-122.885564, 37.777904], [-122.882613, 37.774738], [-122.881303, 37.773338], [-122.8798, 37.771796], [-122.878157, 37.76976], [-122.876997, 37.768415], [-122.875553, 37.766886], [-122.874267, 37.765643], [-122.871555, 37.762763], [-122.87004, 37.761371], [-122.868684, 37.759941], [-122.86771, 37.758634], [-122.866103, 37.756795], [-122.865237, 37.755678], [-122.864295, 37.754349], [-122.862389, 37.752113], [-122.860491, 37.749828], [-122.858681, 37.748066], [-122.856405, 37.745555], [-122.855124, 37.744132], [-122.85314, 37.742208], [-122.851694, 37.74074], [-122.850827, 37.739785], [-122.849687, 37.738311], [-122.848979, 37.737327], [-122.848091, 37.736279], [-122.846329, 37.734029], [-122.844688, 37.732227], [-122.84225, 37.729707], [-122.840091, 37.727386], [-122.837988, 37.725221], [-122.835633, 37.722908], [-122.834228, 37.721543], [-122.832526, 37.719978], [-122.831032, 37.718631], [-122.829017, 37.718071], [-122.827549, 37.718572], [-122.825785, 37.719043], [-122.823736, 37.719552], [-122.820778, 37.720151], [-122.819069, 37.720427], [-122.817663, 37.720797], [-122.815282, 37.721323], [-122.812102, 37.721769], [-122.809632, 37.722217], [-122.807634, 37.722742], [-122.804936, 37.723378], [-122.8035, 37.72377], [-122.801214, 37.724373], [-122.799434, 37.72489], [-122.797383, 37.725519], [-122.795262, 37.726205], [-122.793678, 37.726824], [-122.791728, 37.727594], [-122.789221, 37.728447], [-122.788109, 37.728944], [-122.784342, 37.730156], [-122.782622, 37.730686], [-122.780964, 37.73127], [-122.77807, 37.732205], [-122.776324, 37.732939], [-122.773601, 37.733777], [-122.771334, 37.734438], [-122.769754, 37.735028], [-122.767849, 37.735637], [-122.765947, 37.736283], [-122.764052, 37.737024], [-122.761727, 37.737915], [-122.759377, 37.738634], [-122.757971, 37.739214], [-122.756221, 37.740016], [-122.754773, 37.740746], [-122.752458, 37.741791], [-122.751183, 37.742415], [-122.749697, 37.743195], [-122.748271, 37.744026], [-122.747087, 37.744761], [-122.743493, 37.747283], [-122.741102, 37.748629], [-122.738918, 37.749738], [-122.736045, 37.75092], [-122.734691, 37.751676], [-122.732802, 37.752441], [-122.730736, 37.753139], [-122.729031, 37.753462], [-122.726079, 37.754144], [-122.723195, 37.755162], [-122.719269, 37.756389], [-122.71688, 37.757088], [-122.714783, 37.757744], [-122.712327, 37.758425], [-122.709674, 37.759164], [-122.706697, 37.760083], [-122.704567, 37.760682], [-122.702097, 37.761407], [-122.697819, 37.762727], [-122.695281, 37.763433], [-122.69334, 37.764244], [-122.690661, 37.765151], [-122.688019, 37.76618], [-122.684083, 37.767404], [-122.6823, 37.768138], [-122.680658, 37.768609], [-122.677475, 37.769627], [-122.675793, 37.770182], [-122.670771, 37.771671], [-122.668523, 37.77237], [-122.665094, 37.773499], [-122.662675, 37.774178], [-122.660391, 37.775161], [-122.65801, 37.776257], [-122.655816, 37.776874], [-122.653487, 37.777794], [-122.648986, 37.778962], [-122.646171, 37.77987], [-122.643348, 37.780778], [-122.641172, 37.781399], [-122.638725, 37.782111], [-122.637054, 37.782322], [-122.635033, 37.782886], [-122.632713, 37.783714], [-122.630922, 37.784195], [-122.626169, 37.785339], [-122.62409, 37.786147], [-122.621124, 37.786941], [-122.619688, 37.787424], [-122.617515, 37.788005], [-122.614544, 37.788861], [-122.611916, 37.789588], [-122.609135, 37.790477], [-122.607316, 37.79116], [-122.605583, 37.791772], [-122.603378, 37.792469], [-122.601429, 37.79314], [-122.598546, 37.79431], [-122.595948, 37.795414], [-122.593255, 37.796494], [-122.590718, 37.797419], [-122.586213, 37.798769], [-122.583841, 37.799387], [-122.581862, 37.799958], [-122.57663, 37.801025], [-122.574264, 37.801547], [-122.570963, 37.802263], [-122.568734, 37.80284], [-122.565643, 37.803502], [-122.563008, 37.804251], [-122.559971, 37.805253], [-122.557964, 37.805852], [-122.553872, 37.807348], [-122.550354, 37.808427], [-122.548131, 37.809086], [-122.546239, 37.809617], [-122.544459, 37.810103], [-122.541619, 37.810622], [-122.539731, 37.810817], [-122.538012, 37.810915], [-122.536603, 37.810918], [-122.533753, 37.810623], [-122.531723, 37.810255], [-122.529347, 37.810241], [-122.527482, 37.810196], [-122.525095, 37.810246], [-122.522303, 37.810398], [-122.519131, 37.810497], [-122.516761, 37.810876], [-122.513463, 37.811922], [-122.511175, 37.812631], [-122.509638, 37.813036], [-122.507804, 37.813766], [-122.506099, 37.813993], [-122.504088, 37.813756], [-122.502792, 37.813507], [-122.501002, 37.813613], [-122.499727, 37.813605], [-122.498458, 37.813522], [-122.497259, 37.813666], [-122.49614, 37.813994], [-122.4943, 37.814653], [-122.492518, 37.814295], [-122.489058, 37.814888], [-122.487222, 37.815658], [-122.486273, 37.816332], [-122.484705, 37.817441], [-122.48321, 37.818001], [-122.481936, 37.818071], [-122.47958, 37.818144], [-122.478428, 37.818197], [-122.477045, 37.818125], [-122.475577, 37.817594], [-122.473978, 37.817945], [-122.470882, 37.817757], [-122.468276, 37.817513], [-122.466315, 37.817189], [-122.462622, 37.816578], [-122.461161, 37.816532], [-122.457602, 37.816533], [-122.453329, 37.81679], [-122.450876, 37.816929], [-122.448833, 37.816941], [-122.446238, 37.816733], [-122.442698, 37.816484], [-122.441088, 37.816446], [-122.438599, 37.816292], [-122.4352, 37.815963], [-122.433468, 37.815792], [-122.431573, 37.815675], [-122.429255, 37.815607], [-122.426494, 37.81562], [-122.423117, 37.815554], [-122.42099, 37.815489], [-122.418201, 37.815576], [-122.415823, 37.815693], [-122.41381, 37.815228], [-122.410029, 37.814158], [-122.407133, 37.813599], [-122.404632, 37.813342], [-122.399733, 37.813102], [-122.395297, 37.812963], [-122.391968, 37.812975], [-122.387753, 37.812463], [-122.385049, 37.81173], [-122.380321, 37.810692], [-122.377551, 37.809689], [-122.372811, 37.808128], [-122.367745, 37.805958], [-122.365313, 37.805037], [-122.356583, 37.803331], [-122.35342, 37.802761], [-122.343452, 37.800817], [-122.340849, 37.800237], [-122.336166, 37.798956], [-122.334283, 37.798488], [-122.322915, 37.796466], [-122.320884, 37.796081], [-122.317153, 37.795267], [-122.308645, 37.792865], [-122.304194, 37.791651], [-122.301737, 37.79127], [-122.295198, 37.791922], [-122.291577, 37.792502], [-122.287557, 37.793033], [-122.285751, 37.793293], [-122.279342, 37.793232], [-122.276928, 37.793179], [-122.285374, 37.793098], [-122.289689, 37.792882], [-122.292387, 37.792706], [-122.295966, 37.792544], [-122.302235, 37.792192], [-122.306537, 37.792668], [-122.315173, 37.794541], [-122.319775, 37.796226], [-122.325269, 37.798256], [-122.330768, 37.799492], [-122.339318, 37.800146], [-122.346692, 37.800408], [-122.350967, 37.800788], [-122.354683, 37.801154], [-122.359348, 37.802166], [-122.364865, 37.804382], [-122.369215, 37.806138], [-122.371101, 37.80686], [-122.381368, 37.810328], [-122.386114, 37.812684], [-122.39101, 37.815347], [-122.396221, 37.818325], [-122.400247, 37.82086], [-122.405242, 37.824017], [-122.409862, 37.827256], [-122.413474, 37.829354], [-122.418238, 37.833102], [-122.425012, 37.836386], [-122.434393, 37.839313], [-122.438494, 37.840733], [-122.441912, 37.842208], [-122.449417, 37.846078], [-122.457023, 37.85043], [-122.46023, 37.852108], [-122.464885, 37.854453], [-122.472056, 37.857294], [-122.476369, 37.858936], [-122.483617, 37.863479], [-122.490357, 37.866795], [-122.492159, 37.86844], [-122.494946, 37.868916], [-122.496302, 37.868698], [-122.495988, 37.869077], [-122.495098, 37.870453], [-122.497737, 37.870705], [-122.49793, 37.870596], [-122.489857, 37.866661], [-122.485828, 37.864132], [-122.476123, 37.859048], [-122.475098, 37.857181], [-122.471182, 37.853418], [-122.466762, 37.850608], [-122.461707, 37.84787], [-122.45427, 37.845078], [-122.448905, 37.844084], [-122.444428, 37.843324], [-122.439824, 37.842232], [-122.436794, 37.841366], [-122.432527, 37.839864], [-122.429614, 37.838494], [-122.421353, 37.834265], [-122.417672, 37.832921], [-122.413791, 37.831011], [-122.4079, 37.827854], [-122.402827, 37.825059], [-122.39811, 37.821227], [-122.392397, 37.817456], [-122.385841, 37.813224], [-122.37918, 37.809347], [-122.3719, 37.806842], [-122.367906, 37.806088], [-122.362734, 37.805078], [-122.353572, 37.803427], [-122.347231, 37.802583], [-122.342675, 37.801502], [-122.332722, 37.798643], [-122.325694, 37.796478], [-122.316887, 37.794985], [-122.304552, 37.792743], [-122.300123, 37.791882], [-122.289312, 37.792227], [-122.285467, 37.792621], [-122.280072, 37.79288], [-122.277266, 37.793327], [-122.277491, 37.793709], [-122.286652, 37.793903], [-122.293639, 37.792662], [-122.296761, 37.792199], [-122.300187, 37.792317], [-122.308362, 37.79349], [-122.31715, 37.795443], [-122.322813, 37.796649], [-122.330903, 37.799224], [-122.335618, 37.80064], [-122.341133, 37.802059], [-122.347097, 37.805698], [-122.354742, 37.810858], [-122.356503, 37.81297], [-122.358225, 37.815545], [-122.360221, 37.816421], [-122.362469, 37.818391], [-122.365051, 37.817752], [-122.367351, 37.816279], [-122.369527, 37.813889], [-122.368902, 37.813214], [-122.368174, 37.815161], [-122.365713, 37.817941], [-122.360807, 37.819144], [-122.357593, 37.816981], [-122.34962, 37.810473], [-122.345255, 37.806559], [-122.343215, 37.803363], [-122.341151, 37.800526], [-122.337363, 37.799241], [-122.329867, 37.797329], [-122.322912, 37.795676], [-122.314638, 37.793773], [-122.306686, 37.791957], [-122.302989, 37.791456], [-122.297246, 37.791414], [-122.289941, 37.792379], [-122.282633, 37.79326], [-122.277561, 37.793156], [-122.287467, 37.793675], [-122.292585, 37.793213], [-122.297178, 37.792433], [-122.30343, 37.792245], [-122.306949, 37.792638], [-122.310315, 37.793471], [-122.314585, 37.79462], [-122.317753, 37.795721], [-122.321961, 37.796903], [-122.326397, 37.797922], [-122.334298, 37.799508], [-122.340459, 37.80031], [-122.350697, 37.802278], [-122.356815, 37.803185], [-122.365356, 37.803498], [-122.372189, 37.803203], [-122.375554, 37.803181], [-122.380394, 37.802769], [-122.389208, 37.801128], [-122.392326, 37.799091], [-122.394226, 37.797877], [-122.394257, 37.79794], [-122.390594, 37.803231], [-122.392379, 37.806632], [-122.394716, 37.810874], [-122.394957, 37.813004], [-122.391768, 37.817565], [-122.390604, 37.819343], [-122.389706, 37.821898], [-122.388343, 37.825519], [-122.387138, 37.829209], [-122.385433, 37.830906], [-122.383142, 37.833564], [-122.381823, 37.835527], [-122.394163, 37.853908], [-122.393729, 37.852133], [-122.393709, 37.846303], [-122.393793, 37.842529], [-122.394063, 37.839439], [-122.393585, 37.836208], [-122.39273, 37.832611], [-122.393767, 37.827643], [-122.394705, 37.824241], [-122.395396, 37.820748], [-122.39721, 37.816802], [-122.39897, 37.813286], [-122.397796, 37.812889], [-122.392692, 37.81457], [-122.389731, 37.815617], [-122.387126, 37.817199], [-122.385215, 37.818573], [-122.386413, 37.816216], [-122.387737, 37.814055], [-122.389341, 37.810201], [-122.390327, 37.807659], [-122.391003, 37.803211], [-122.392196, 37.799783], [-122.394072, 37.797999], [-122.394039, 37.797968], [-122.387845, 37.799005], [-122.385216, 37.799217], [-122.379513, 37.799993], [-122.375347, 37.799749], [-122.366794, 37.798904], [-122.36129, 37.798383], [-122.311558, 37.792972], [-122.307046, 37.792136], [-122.301799, 37.791252], [-122.296777, 37.791194], [-122.292114, 37.792436], [-122.288939, 37.792794], [-122.284813, 37.792821], [-122.279019, 37.79267], [-122.276933, 37.793407]]}, "times": ["2021-09-29T05:44:54+00:00", "2021-09-29T16:40:52+00:00", "2021-09-29T21:36:49+00:00", "2021-09-29T21:42:45+00:00", "2021-09-29T21:43:55+00:00", "2021-09-29T21:46:49+00:00", "2021-09-29T21:49:00+00:00", "2021-09-29T21:52:50+00:00", "2021-09-29T21:53:35+00:00", "2021-09-29T21:57:17+00:00", "2021-09-29T21:59:26+00:00", "2021-09-29T22:00:22+00:00", "2021-09-29T22:01:43+00:00", "2021-09-29T22:02:45+00:00", "2021-09-29T22:04:53+00:00", "2021-09-29T22:07:14+00:00", "2021-09-29T22:09:07+00:00", "2021-09-29T22:10:52+00:00", "2021-09-29T22:12:44+00:00", "2021-09-29T22:15:58+00:00", "2021-09-29T22:18:51+00:00", "2021-09-29T22:21:32+00:00", "2021-09-29T22:22:51+00:00", "2021-09-29T22:26:34+00:00", "2021-09-29T22:27:42+00:00", "2021-09-29T22:31:31+00:00", "2021-09-29T22:32:45+00:00", "2021-09-29T22:34:27+00:00", "2021-09-29T22:37:19+00:00", "2021-09-29T22:38:56+00:00", "2021-09-29T22:42:52+00:00", "2021-09-29T22:45:01+00:00", "2021-09-29T22:47:22+00:00", "2021-09-29T22:50:53+00:00", "2021-09-29T22:52:52+00:00", "2021-09-29T22:55:43+00:00", "2021-09-29T22:58:41+00:00", "2021-09-29T23:00:42+00:00", "2021-09-29T23:02:54+00:00", "2021-09-29T23:03:59+00:00", "2021-09-29T23:08:46+00:00", "2021-09-29T23:12:45+00:00", "2021-09-29T23:15:17+00:00", "2021-09-29T23:17:26+00:00", "2021-09-29T23:19:35+00:00", "2021-09-29T23:20:30+00:00", "2021-09-29T23:26:03+00:00", "2021-09-29T23:27:58+00:00", "2021-09-29T23:30:20+00:00", "2021-09-29T23:34:58+00:00", "2021-09-29T23:36:46+00:00", "2021-09-29T23:42:13+00:00", "2021-09-29T23:42:59+00:00", "2021-09-29T23:46:46+00:00", "2021-09-29T23:50:53+00:00", "2021-09-29T23:53:08+00:00", "2021-09-29T23:53:49+00:00", "2021-09-29T23:55:10+00:00", "2021-09-29T23:56:20+00:00", "2021-09-29T23:57:30+00:00", "2021-09-29T23:58:19+00:00", "2021-09-29T23:59:21+00:00", "2021-09-30T00:00:15+00:00", "2021-09-30T00:01:01+00:00", "2021-09-30T00:02:50+00:00", "2021-09-30T00:03:15+00:00", "2021-09-30T00:04:09+00:00", "2021-09-30T00:05:04+00:00", "2021-09-30T00:06:41+00:00", "2021-09-30T00:08:39+00:00", "2021-09-30T00:16:45+00:00", "2021-09-30T00:20:30+00:00", "2021-09-30T00:23:08+00:00", "2021-09-30T00:25:12+00:00", "2021-09-30T00:26:45+00:00", "2021-09-30T00:27:20+00:00", "2021-09-30T00:29:58+00:00", "2021-09-30T00:32:02+00:00", "2021-09-30T00:36:53+00:00", "2021-09-30T00:40:15+00:00", "2021-09-30T00:41:20+00:00", "2021-09-30T00:41:50+00:00", "2021-09-30T00:42:55+00:00", "2021-09-30T00:43:38+00:00", "2021-09-30T00:44:56+00:00", "2021-09-30T00:45:44+00:00", "2021-09-30T00:47:06+00:00", "2021-09-30T00:48:32+00:00", "2021-09-30T00:52:31+00:00", "2021-09-30T00:53:50+00:00", "2021-09-30T00:56:55+00:00", "2021-09-30T00:59:25+00:00", "2021-09-30T01:00:12+00:00", "2021-09-30T01:01:38+00:00", "2021-09-30T01:03:26+00:00", "2021-09-30T01:05:04+00:00", "2021-09-30T01:06:55+00:00", "2021-09-30T01:08:25+00:00", "2021-09-30T01:10:37+00:00", "2021-09-30T01:11:24+00:00", "2021-09-30T01:13:26+00:00", "2021-09-30T01:15:28+00:00", "2021-09-30T01:16:45+00:00", "2021-09-30T01:17:30+00:00", "2021-09-30T01:18:32+00:00", "2021-09-30T01:19:14+00:00", "2021-09-30T01:20:00+00:00", "2021-09-30T01:22:41+00:00", "2021-09-30T01:23:06+00:00", "2021-09-30T01:24:58+00:00", "2021-09-30T01:27:00+00:00", "2021-09-30T01:28:08+00:00", "2021-09-30T01:29:56+00:00", "2021-09-30T01:30:53+00:00", "2021-09-30T01:33:05+00:00", "2021-09-30T01:34:23+00:00", "2021-09-30T01:35:17+00:00", "2021-09-30T01:37:00+00:00", "2021-09-30T01:38:34+00:00", "2021-09-30T01:41:06+00:00", "2021-09-30T01:45:08+00:00", "2021-09-30T01:45:45+00:00", "2021-09-30T01:47:01+00:00", "2021-09-30T01:47:44+00:00", "2021-09-30T01:50:04+00:00", "2021-09-30T01:54:15+00:00", "2021-09-30T01:55:33+00:00", "2021-09-30T01:56:54+00:00", "2021-09-30T01:58:53+00:00", "2021-09-30T01:59:38+00:00", "2021-09-30T02:00:01+00:00", "2021-09-30T02:05:57+00:00", "2021-09-30T02:06:59+00:00", "2021-09-30T02:10:31+00:00", "2021-09-30T02:15:26+00:00", "2021-09-30T02:16:47+00:00", "2021-09-30T02:17:32+00:00", "2021-09-30T02:19:10+00:00", "2021-09-30T02:22:55+00:00", "2021-09-30T02:26:59+00:00", "2021-09-30T02:28:59+00:00", "2021-09-30T02:30:05+00:00", "2021-09-30T02:31:23+00:00", "2021-09-30T02:32:08+00:00", "2021-09-30T02:33:54+00:00", "2021-09-30T02:35:24+00:00", "2021-09-30T02:37:00+00:00", "2021-09-30T02:38:57+00:00", "2021-09-30T02:40:10+00:00", "2021-09-30T02:42:09+00:00", "2021-09-30T02:45:25+00:00", "2021-09-30T02:46:30+00:00", "2021-09-30T02:46:59+00:00", "2021-09-30T02:48:08+00:00", "2021-09-30T02:49:46+00:00", "2021-09-30T02:53:15+00:00", "2021-09-30T02:54:58+00:00", "2021-09-30T02:55:59+00:00", "2021-09-30T02:57:00+00:00", "2021-09-30T02:57:42+00:00", "2021-09-30T02:59:12+00:00", "2021-09-30T03:02:24+00:00", "2021-09-30T03:03:03+00:00", "2021-09-30T03:06:33+00:00", "2021-09-30T03:07:05+00:00", "2021-09-30T03:09:25+00:00", "2021-09-30T03:10:07+00:00", "2021-09-30T03:11:28+00:00", "2021-09-30T03:12:11+00:00", "2021-09-30T03:14:28+00:00", "2021-09-30T03:15:33+00:00", "2021-09-30T03:17:18+00:00", "2021-09-30T03:18:34+00:00", "2021-09-30T03:19:13+00:00", "2021-09-30T03:20:37+00:00", "2021-09-30T03:21:20+00:00", "2021-09-30T03:21:58+00:00", "2021-09-30T03:24:28+00:00", "2021-09-30T03:27:07+00:00", "2021-09-30T03:28:31+00:00", "2021-09-30T03:34:10+00:00", "2021-09-30T03:37:00+00:00", "2021-09-30T03:41:24+00:00", "2021-09-30T03:47:00+00:00", "2021-09-30T03:47:12+00:00", "2021-09-30T03:53:35+00:00", "2021-09-30T03:56:45+00:00", "2021-09-30T03:58:11+00:00", "2021-09-30T04:00:02+00:00", "2021-09-30T04:03:22+00:00", "2021-09-30T04:05:29+00:00", "2021-09-30T04:07:13+00:00", "2021-09-30T04:10:03+00:00", "2021-09-30T04:10:56+00:00", "2021-09-30T04:13:50+00:00", "2021-09-30T04:14:24+00:00", "2021-09-30T04:15:58+00:00", "2021-09-30T04:17:12+00:00", "2021-09-30T04:17:54+00:00", "2021-09-30T04:19:01+00:00", "2021-09-30T04:20:57+00:00", "2021-09-30T04:22:15+00:00", "2021-09-30T04:24:06+00:00", "2021-09-30T04:27:00+00:00", "2021-09-30T04:29:23+00:00", "2021-09-30T04:30:55+00:00", "2021-09-30T04:34:58+00:00", "2021-09-30T04:37:16+00:00", "2021-09-30T04:42:53+00:00", "2021-09-30T04:45:57+00:00", "2021-09-30T04:47:17+00:00", "2021-09-30T04:48:56+00:00", "2021-09-30T04:50:39+00:00", "2021-09-30T04:51:36+00:00", "2021-09-30T04:53:33+00:00", "2021-09-30T04:54:38+00:00", "2021-09-30T04:55:49+00:00", "2021-09-30T04:56:24+00:00", "2021-09-30T04:58:19+00:00", "2021-09-30T04:59:10+00:00", "2021-09-30T05:00:09+00:00", "2021-09-30T05:01:06+00:00", "2021-09-30T05:03:35+00:00", "2021-09-30T05:04:42+00:00", "2021-09-30T05:07:15+00:00", "2021-09-30T05:08:04+00:00", "2021-09-30T05:09:55+00:00", "2021-09-30T05:11:13+00:00", "2021-09-30T05:11:58+00:00", "2021-09-30T05:13:44+00:00", "2021-09-30T05:15:00+00:00", "2021-09-30T05:15:49+00:00", "2021-09-30T05:16:36+00:00", "2021-09-30T05:18:27+00:00", "2021-09-30T05:19:08+00:00", "2021-09-30T05:20:24+00:00", "2021-09-30T05:21:40+00:00", "2021-09-30T05:22:17+00:00", "2021-09-30T05:23:25+00:00", "2021-09-30T05:24:32+00:00", "2021-09-30T05:25:00+00:00", "2021-09-30T05:26:06+00:00", "2021-09-30T05:26:42+00:00", "2021-09-30T05:27:32+00:00", "2021-09-30T05:28:24+00:00", "2021-09-30T05:30:03+00:00", "2021-09-30T05:31:07+00:00", "2021-09-30T05:32:30+00:00", "2021-09-30T05:33:30+00:00", "2021-09-30T05:34:25+00:00", "2021-09-30T05:35:36+00:00", "2021-09-30T05:36:12+00:00", "2021-09-30T05:37:19+00:00", "2021-09-30T05:38:10+00:00", "2021-09-30T05:39:10+00:00", "2021-09-30T05:40:01+00:00", "2021-09-30T05:40:58+00:00", "2021-09-30T05:42:51+00:00", "2021-09-30T05:43:37+00:00", "2021-09-30T05:44:53+00:00", "2021-09-30T05:46:24+00:00", "2021-09-30T05:47:20+00:00", "2021-09-30T05:48:26+00:00", "2021-09-30T05:49:28+00:00", "2021-09-30T05:50:27+00:00", "2021-09-30T05:51:16+00:00", "2021-09-30T05:51:52+00:00", "2021-09-30T05:52:50+00:00", "2021-09-30T05:53:31+00:00", "2021-09-30T05:54:16+00:00", "2021-09-30T05:56:34+00:00", "2021-09-30T05:57:15+00:00", "2021-09-30T05:58:19+00:00", "2021-09-30T05:59:54+00:00", "2021-09-30T06:00:57+00:00", "2021-09-30T06:02:34+00:00", "2021-09-30T06:03:45+00:00", "2021-09-30T06:04:23+00:00", "2021-09-30T06:05:06+00:00", "2021-09-30T06:06:03+00:00", "2021-09-30T06:06:41+00:00", "2021-09-30T06:07:36+00:00", "2021-09-30T06:08:29+00:00", "2021-09-30T06:09:06+00:00", "2021-09-30T06:09:54+00:00", "2021-09-30T06:10:48+00:00", "2021-09-30T06:11:37+00:00", "2021-09-30T06:12:19+00:00", "2021-09-30T06:13:12+00:00", "2021-09-30T06:14:20+00:00", "2021-09-30T06:14:50+00:00", "2021-09-30T06:15:28+00:00", "2021-09-30T06:16:04+00:00", "2021-09-30T06:16:35+00:00", "2021-09-30T06:17:41+00:00", "2021-09-30T06:18:18+00:00", "2021-09-30T06:18:51+00:00", "2021-09-30T06:19:35+00:00", "2021-09-30T06:20:17+00:00", "2021-09-30T06:20:59+00:00", "2021-09-30T06:21:38+00:00", "2021-09-30T06:22:40+00:00", "2021-09-30T06:23:07+00:00", "2021-09-30T06:24:05+00:00", "2021-09-30T06:24:38+00:00", "2021-09-30T06:25:21+00:00", "2021-09-30T06:25:59+00:00", "2021-09-30T06:26:40+00:00", "2021-09-30T06:27:14+00:00", "2021-09-30T06:28:05+00:00", "2021-09-30T06:28:42+00:00", "2021-09-30T06:29:15+00:00", "2021-09-30T06:30:08+00:00", "2021-09-30T06:30:50+00:00", "2021-09-30T06:31:21+00:00", "2021-09-30T06:32:40+00:00", "2021-09-30T06:33:13+00:00", "2021-09-30T06:34:04+00:00", "2021-09-30T06:34:48+00:00", "2021-09-30T06:35:54+00:00", "2021-09-30T06:36:48+00:00", "2021-09-30T06:37:42+00:00", "2021-09-30T06:38:22+00:00", "2021-09-30T06:39:26+00:00", "2021-09-30T06:40:12+00:00", "2021-09-30T06:41:02+00:00", "2021-09-30T06:41:39+00:00", "2021-09-30T06:42:23+00:00", "2021-09-30T06:43:09+00:00", "2021-09-30T06:43:46+00:00", "2021-09-30T06:44:40+00:00", "2021-09-30T06:45:26+00:00", "2021-09-30T06:46:12+00:00", "2021-09-30T06:47:23+00:00", "2021-09-30T06:47:54+00:00", "2021-09-30T06:49:08+00:00", "2021-09-30T06:50:13+00:00", "2021-09-30T06:51:23+00:00", "2021-09-30T06:52:06+00:00", "2021-09-30T06:52:59+00:00", "2021-09-30T06:54:15+00:00", "2021-09-30T06:54:39+00:00", "2021-09-30T06:55:57+00:00", "2021-09-30T06:56:33+00:00", "2021-09-30T06:57:30+00:00", "2021-09-30T06:58:14+00:00", "2021-09-30T06:59:04+00:00", "2021-09-30T06:59:57+00:00", "2021-09-30T07:00:31+00:00", "2021-09-30T07:00:57+00:00", "2021-09-30T07:02:53+00:00", "2021-09-30T07:04:10+00:00", "2021-09-30T07:04:43+00:00", "2021-09-30T07:05:57+00:00", "2021-09-30T07:06:21+00:00", "2021-09-30T07:07:15+00:00", "2021-09-30T07:07:44+00:00", "2021-09-30T07:09:14+00:00", "2021-09-30T07:10:49+00:00", "2021-09-30T07:12:01+00:00", "2021-09-30T07:13:03+00:00", "2021-09-30T07:13:40+00:00", "2021-09-30T07:15:02+00:00", "2021-09-30T07:17:00+00:00", "2021-09-30T07:17:42+00:00", "2021-09-30T07:19:00+00:00", "2021-09-30T07:20:00+00:00", "2021-09-30T07:20:28+00:00", "2021-09-30T07:21:49+00:00", "2021-09-30T07:22:56+00:00", "2021-09-30T07:24:19+00:00", "2021-09-30T07:26:40+00:00", "2021-09-30T07:28:17+00:00", "2021-09-30T07:29:47+00:00", "2021-09-30T07:32:21+00:00", "2021-09-30T07:32:51+00:00", "2021-09-30T07:33:53+00:00", "2021-09-30T07:34:53+00:00", "2021-09-30T07:35:44+00:00", "2021-09-30T07:36:52+00:00", "2021-09-30T07:38:16+00:00", "2021-09-30T07:39:25+00:00", "2021-09-30T07:42:27+00:00", "2021-09-30T07:43:20+00:00", "2021-09-30T07:45:17+00:00", "2021-09-30T07:47:30+00:00", "2021-09-30T07:50:55+00:00", "2021-09-30T07:52:20+00:00", "2021-09-30T11:39:55+00:00", "2021-09-30T16:38:52+00:00", "2021-09-30T16:43:12+00:00", "2021-09-30T16:45:03+00:00", "2021-09-30T16:52:24+00:00", "2021-09-30T16:55:00+00:00", "2021-09-30T16:57:53+00:00", "2021-09-30T16:58:37+00:00", "2021-09-30T17:00:25+00:00", "2021-09-30T17:05:03+00:00", "2021-09-30T17:05:45+00:00", "2021-09-30T17:10:13+00:00", "2021-09-30T17:11:41+00:00", "2021-09-30T17:15:05+00:00", "2021-09-30T17:23:22+00:00", "2021-09-30T17:24:57+00:00", "2021-09-30T17:32:08+00:00", "2021-09-30T17:35:00+00:00", "2021-09-30T17:40:40+00:00", "2021-09-30T17:45:03+00:00", "2021-09-30T17:49:52+00:00", "2021-09-30T17:51:45+00:00", "2021-09-30T17:52:33+00:00", "2021-09-30T17:54:57+00:00", "2021-09-30T17:55:13+00:00", "2021-09-30T17:56:58+00:00", "2021-09-30T17:58:10+00:00", "2021-09-30T17:59:54+00:00", "2021-09-30T18:01:22+00:00", "2021-09-30T18:02:22+00:00", "2021-09-30T18:04:22+00:00", "2021-09-30T18:05:42+00:00", "2021-09-30T18:07:10+00:00", "2021-09-30T18:10:10+00:00", "2021-09-30T18:10:54+00:00", "2021-09-30T18:12:22+00:00", "2021-09-30T18:15:00+00:00", "2021-09-30T18:15:50+00:00", "2021-09-30T18:17:23+00:00", "2021-09-30T18:18:39+00:00", "2021-09-30T18:20:52+00:00", "2021-09-30T18:22:08+00:00", "2021-09-30T18:24:48+00:00", "2021-09-30T18:26:04+00:00", "2021-09-30T18:27:28+00:00", "2021-09-30T18:30:00+00:00", "2021-09-30T18:31:36+00:00", "2021-09-30T18:33:16+00:00", "2021-09-30T18:35:05+00:00", "2021-09-30T18:35:45+00:00", "2021-09-30T18:37:49+00:00", "2021-09-30T18:40:09+00:00", "2021-09-30T18:41:13+00:00", "2021-09-30T18:44:29+00:00", "2021-09-30T18:45:09+00:00", "2021-09-30T18:48:17+00:00", "2021-09-30T18:49:25+00:00", "2021-09-30T18:50:53+00:00", "2021-09-30T18:51:53+00:00", "2021-09-30T18:54:26+00:00", "2021-09-30T18:55:09+00:00", "2021-09-30T18:59:10+00:00", "2021-09-30T18:59:58+00:00", "2021-09-30T19:00:58+00:00", "2021-09-30T19:05:00+00:00", "2021-09-30T19:05:18+00:00", "2021-09-30T19:07:34+00:00", "2021-09-30T19:09:06+00:00", "2021-09-30T19:10:06+00:00", "2021-09-30T19:12:06+00:00", "2021-09-30T19:13:50+00:00", "2021-09-30T19:15:27+00:00", "2021-09-30T19:17:11+00:00", "2021-09-30T19:22:15+00:00", "2021-09-30T19:24:39+00:00", "2021-09-30T19:30:59+00:00", "2021-09-30T19:34:47+00:00", "2021-09-30T19:37:27+00:00", "2021-09-30T19:42:36+00:00", "2021-09-30T19:44:28+00:00", "2021-09-30T19:45:52+00:00", "2021-09-30T19:51:36+00:00", "2021-09-30T19:52:44+00:00", "2021-09-30T19:54:16+00:00", "2021-09-30T19:56:24+00:00", "2021-09-30T19:58:40+00:00", "2021-09-30T20:00:20+00:00", "2021-09-30T20:04:17+00:00", "2021-09-30T20:04:49+00:00", "2021-09-30T20:06:37+00:00", "2021-09-30T20:07:49+00:00", "2021-09-30T20:08:33+00:00", "2021-09-30T20:10:49+00:00", "2021-09-30T20:17:17+00:00", "2021-09-30T20:21:43+00:00", "2021-09-30T20:25:21+00:00", "2021-09-30T20:28:04+00:00", "2021-09-30T20:32:32+00:00", "2021-09-30T20:34:21+00:00", "2021-09-30T20:35:22+00:00", "2021-09-30T20:40:07+00:00", "2021-09-30T20:45:24+00:00", "2021-09-30T20:47:06+00:00", "2021-09-30T20:50:56+00:00", "2021-09-30T20:52:50+00:00", "2021-09-30T20:56:25+00:00", "2021-09-30T20:59:04+00:00", "2021-09-30T21:01:18+00:00", "2021-09-30T21:02:31+00:00", "2021-09-30T21:05:25+00:00", "2021-09-30T21:07:45+00:00", "2021-09-30T21:14:25+00:00", "2021-09-30T21:15:15+00:00", "2021-09-30T21:20:32+00:00", "2021-09-30T21:25:27+00:00", "2021-09-30T21:26:17+00:00", "2021-09-30T21:30:05+00:00", "2021-09-30T21:34:12+00:00", "2021-09-30T21:37:12+00:00", "2021-09-30T21:45:15+00:00", "2021-09-30T21:50:25+00:00", "2021-09-30T21:55:27+00:00", "2021-09-30T21:57:09+00:00", "2021-09-30T22:01:38+00:00", "2021-09-30T22:03:30+00:00", "2021-09-30T22:05:38+00:00", "2021-09-30T22:08:02+00:00", "2021-09-30T22:10:22+00:00", "2021-09-30T22:14:15+00:00", "2021-09-30T22:15:31+00:00", "2021-09-30T22:18:27+00:00", "2021-09-30T22:22:43+00:00", "2021-09-30T22:25:27+00:00", "2021-09-30T22:28:19+00:00", "2021-09-30T22:31:32+00:00", "2021-09-30T22:34:00+00:00", "2021-09-30T22:36:36+00:00", "2021-09-30T22:41:56+00:00", "2021-09-30T22:45:17+00:00", "2021-09-30T22:45:57+00:00", "2021-09-30T22:55:30+00:00", "2021-09-30T22:58:38+00:00", "2021-09-30T23:03:30+00:00", "2021-09-30T23:05:30+00:00", "2021-09-30T23:08:35+00:00", "2021-09-30T23:15:19+00:00", "2021-09-30T23:18:08+00:00", "2021-09-30T23:22:56+00:00", "2021-09-30T23:25:30+00:00", "2021-09-30T23:27:16+00:00", "2021-09-30T23:30:12+00:00", "2021-09-30T23:34:37+00:00", "2021-09-30T23:39:21+00:00", "2021-09-30T23:40:53+00:00", "2021-09-30T23:44:50+00:00", "2021-09-30T23:45:54+00:00", "2021-09-30T23:48:14+00:00", "2021-09-30T23:54:38+00:00", "2021-09-30T23:55:58+00:00", "2021-09-30T23:59:55+00:00", "2021-10-01T00:04:23+00:00", "2021-10-01T00:08:52+00:00", "2021-10-01T00:12:56+00:00", "2021-10-01T00:15:39+00:00", "2021-10-01T00:17:49+00:00", "2021-10-01T00:19:33+00:00", "2021-10-01T00:24:41+00:00", "2021-10-01T00:25:41+00:00", "2021-10-01T00:28:10+00:00", "2021-10-01T00:35:45+00:00", "2021-10-01T00:39:15+00:00", "2021-10-01T00:39:55+00:00", "2021-10-01T00:46:08+00:00", "2021-10-01T00:50:56+00:00", "2021-10-01T00:53:56+00:00", "2021-10-01T00:56:25+00:00", "2021-10-01T00:58:57+00:00", "2021-10-01T01:05:45+00:00", "2021-10-01T01:12:04+00:00", "2021-10-01T01:15:45+00:00", "2021-10-01T01:17:05+00:00", "2021-10-01T01:18:14+00:00", "2021-10-01T01:23:45+00:00", "2021-10-01T01:25:45+00:00", "2021-10-01T01:27:43+00:00", "2021-10-01T01:32:21+00:00", "2021-10-01T01:35:45+00:00", "2021-10-01T01:38:10+00:00", "2021-10-01T01:41:20+00:00", "2021-10-01T01:43:54+00:00", "2021-10-01T01:45:47+00:00", "2021-10-01T01:49:02+00:00", "2021-10-01T01:53:41+00:00", "2021-10-01T01:54:18+00:00", "2021-10-01T01:57:04+00:00", "2021-10-01T02:00:00+00:00", "2021-10-01T02:02:04+00:00", "2021-10-01T02:05:48+00:00", "2021-10-01T02:11:35+00:00", "2021-10-01T02:15:45+00:00", "2021-10-01T02:17:40+00:00", "2021-10-01T02:19:41+00:00", "2021-10-01T02:25:01+00:00", "2021-10-01T02:25:50+00:00", "2021-10-01T02:27:47+00:00", "2021-10-01T02:35:51+00:00", "2021-10-01T02:44:57+00:00", "2021-10-01T02:46:52+00:00", "2021-10-01T02:49:02+00:00", "2021-10-01T02:51:59+00:00", "2021-10-01T02:55:44+00:00", "2021-10-01T02:57:14+00:00", "2021-10-01T03:03:15+00:00", "2021-10-01T03:05:59+00:00", "2021-10-01T03:11:28+00:00", "2021-10-01T03:13:05+00:00", "2021-10-01T03:16:31+00:00", "2021-10-01T03:26:00+00:00", "2021-10-01T03:27:35+00:00", "2021-10-01T03:29:16+00:00", "2021-10-01T03:36:00+00:00", "2021-10-01T03:38:04+00:00", "2021-10-01T03:45:13+00:00", "2021-10-01T03:46:00+00:00", "2021-10-01T03:53:05+00:00", "2021-10-01T03:56:00+00:00", "2021-10-01T03:57:22+00:00", "2021-10-01T03:58:34+00:00", "2021-10-01T04:00:28+00:00", "2021-10-01T04:06:05+00:00", "2021-10-01T04:09:34+00:00", "2021-10-01T04:16:00+00:00", "2021-10-01T04:20:10+00:00", "2021-10-01T04:25:35+00:00", "2021-10-01T04:26:05+00:00", "2021-10-01T04:34:04+00:00", "2021-10-01T04:35:34+00:00", "2021-10-01T04:40:43+00:00", "2021-10-01T04:42:17+00:00", "2021-10-01T04:43:17+00:00", "2021-10-01T04:43:58+00:00", "2021-10-01T04:46:53+00:00", "2021-10-01T04:49:16+00:00", "2021-10-01T04:50:13+00:00", "2021-10-01T04:56:00+00:00", "2021-10-01T05:01:00+00:00", "2021-10-01T05:05:29+00:00", "2021-10-01T05:06:12+00:00", "2021-10-01T05:10:31+00:00", "2021-10-01T05:16:15+00:00", "2021-10-01T05:17:22+00:00", "2021-10-01T05:20:21+00:00", "2021-10-01T05:22:51+00:00", "2021-10-01T05:24:45+00:00", "2021-10-01T05:26:15+00:00", "2021-10-01T05:30:53+00:00", "2021-10-01T05:34:17+00:00", "2021-10-01T05:36:15+00:00", "2021-10-01T05:37:55+00:00", "2021-10-01T05:40:50+00:00", "2021-10-01T05:41:47+00:00", "2021-10-01T05:46:15+00:00", "2021-10-01T05:47:00+00:00", "2021-10-01T05:48:06+00:00", "2021-10-01T05:51:23+00:00", "2021-10-01T05:53:47+00:00", "2021-10-01T05:56:15+00:00", "2021-10-01T06:00:46+00:00", "2021-10-01T06:01:40+00:00", "2021-10-01T06:03:18+00:00", "2021-10-01T06:06:15+00:00", "2021-10-01T06:07:58+00:00", "2021-10-01T06:09:29+00:00", "2021-10-01T06:11:48+00:00", "2021-10-01T06:12:53+00:00", "2021-10-01T06:16:17+00:00", "2021-10-01T06:20:02+00:00", "2021-10-01T06:20:46+00:00", "2021-10-01T06:22:22+00:00", "2021-10-01T06:24:30+00:00", "2021-10-01T06:26:15+00:00", "2021-10-01T06:27:03+00:00", "2021-10-01T06:28:51+00:00", "2021-10-01T06:31:07+00:00", "2021-10-01T06:32:07+00:00", "2021-10-01T06:36:23+00:00", "2021-10-01T06:41:17+00:00", "2021-10-01T06:46:05+00:00", "2021-10-01T06:47:38+00:00", "2021-10-01T06:48:54+00:00", "2021-10-01T06:51:22+00:00", "2021-10-01T06:52:39+00:00", "2021-10-01T06:54:47+00:00", "2021-10-01T06:56:24+00:00", "2021-10-01T06:58:12+00:00", "2021-10-01T07:00:24+00:00", "2021-10-01T07:00:44+00:00", "2021-10-01T07:06:24+00:00", "2021-10-01T07:07:50+00:00", "2021-10-01T07:09:59+00:00", "2021-10-01T07:11:23+00:00", "2021-10-01T07:14:32+00:00", "2021-10-01T07:15:04+00:00", "2021-10-01T07:16:40+00:00", "2021-10-01T07:19:28+00:00", "2021-10-01T07:23:41+00:00", "2021-10-01T07:25:50+00:00", "2021-10-01T07:26:24+00:00", "2021-10-01T07:29:34+00:00", "2021-10-01T07:31:34+00:00", "2021-10-01T07:33:55+00:00", "2021-10-01T07:36:29+00:00", "2021-10-01T07:37:35+00:00", "2021-10-01T07:42:12+00:00", "2021-10-01T07:43:32+00:00", "2021-10-01T07:44:25+00:00", "2021-10-01T07:46:41+00:00", "2021-10-01T07:48:45+00:00", "2021-10-01T07:51:26+00:00", "2021-10-01T07:54:18+00:00", "2021-10-01T07:56:29+00:00", "2021-10-01T07:58:07+00:00", "2021-10-01T08:02:23+00:00", "2021-10-01T08:03:47+00:00", "2021-10-01T08:06:30+00:00", "2021-10-01T08:07:28+00:00", "2021-10-01T08:12:41+00:00", "2021-10-01T08:16:30+00:00", "2021-10-01T08:18:14+00:00", "2021-10-01T08:19:18+00:00", "2021-10-01T08:20:54+00:00", "2021-10-01T08:23:19+00:00", "2021-10-01T08:24:15+00:00", "2021-10-01T08:26:32+00:00", "2021-10-01T08:29:24+00:00", "2021-10-01T08:32:40+00:00", "2021-10-01T08:34:45+00:00", "2021-10-01T08:35:53+00:00", "2021-10-01T08:36:33+00:00", "2021-10-01T08:40:34+00:00", "2021-10-01T08:41:30+00:00", "2021-10-01T08:44:26+00:00", "2021-10-01T08:45:27+00:00", "2021-10-01T08:47:23+00:00", "2021-10-01T08:49:27+00:00", "2021-10-01T08:52:44+00:00", "2021-10-01T08:55:32+00:00", "2021-10-01T08:56:35+00:00", "2021-10-01T09:00:08+00:00", "2021-10-01T09:02:19+00:00", "2021-10-01T09:05:35+00:00", "2021-10-01T09:06:36+00:00", "2021-10-01T09:07:54+00:00", "2021-10-01T09:13:36+00:00", "2021-10-01T09:15:05+00:00", "2021-10-01T09:16:30+00:00", "2021-10-01T09:19:09+00:00", "2021-10-01T09:21:44+00:00", "2021-10-01T09:23:30+00:00", "2021-10-01T09:26:35+00:00", "2021-10-01T09:28:11+00:00", "2021-10-01T09:31:31+00:00", "2021-10-01T09:33:17+00:00", "2021-10-01T09:34:18+00:00", "2021-10-01T09:37:18+00:00", "2021-10-01T09:38:07+00:00", "2021-10-01T09:43:05+00:00", "2021-10-01T09:45:12+00:00", "2021-10-01T09:46:35+00:00", "2021-10-01T09:48:03+00:00", "2021-10-01T09:51:18+00:00", "2021-10-01T09:53:04+00:00", "2021-10-01T09:55:44+00:00", "2021-10-01T09:56:45+00:00", "2021-10-01T09:59:28+00:00", "2021-10-01T10:00:17+00:00", "2021-10-01T10:02:44+00:00", "2021-10-01T10:06:17+00:00", "2021-10-01T10:09:07+00:00", "2021-10-01T10:10:09+00:00", "2021-10-01T10:15:52+00:00", "2021-10-01T10:16:30+00:00", "2021-10-01T10:19:24+00:00", "2021-10-01T10:20:13+00:00", "2021-10-01T10:21:27+00:00", "2021-10-01T10:23:16+00:00", "2021-10-01T10:25:10+00:00", "2021-10-01T10:26:52+00:00", "2021-10-01T10:28:51+00:00", "2021-10-01T10:30:08+00:00", "2021-10-01T10:32:56+00:00", "2021-10-01T10:35:03+00:00", "2021-10-01T10:36:30+00:00", "2021-10-01T10:37:21+00:00", "2021-10-01T10:39:32+00:00", "2021-10-01T10:41:02+00:00", "2021-10-01T10:42:44+00:00", "2021-10-01T10:44:34+00:00", "2021-10-01T10:46:41+00:00", "2021-10-01T10:48:56+00:00", "2021-10-01T10:50:42+00:00", "2021-10-01T10:53:13+00:00", "2021-10-01T10:55:44+00:00", "2021-10-01T10:57:00+00:00", "2021-10-01T10:58:55+00:00", "2021-10-01T11:01:38+00:00", "2021-10-01T11:03:24+00:00", "2021-10-01T11:04:54+00:00", "2021-10-01T11:07:03+00:00", "2021-10-01T11:09:27+00:00", "2021-10-01T11:11:22+00:00", "2021-10-01T11:13:49+00:00", "2021-10-01T11:16:03+00:00", "2021-10-01T11:17:11+00:00", "2021-10-01T11:20:08+00:00", "2021-10-01T11:22:51+00:00", "2021-10-01T11:25:47+00:00", "2021-10-01T11:27:03+00:00", "2021-10-01T11:28:14+00:00", "2021-10-01T11:31:34+00:00", "2021-10-01T11:34:01+00:00", "2021-10-01T11:35:55+00:00", "2021-10-01T11:38:01+00:00", "2021-10-01T11:39:51+00:00", "2021-10-01T11:41:50+00:00", "2021-10-01T11:45:59+00:00", "2021-10-01T11:47:12+00:00", "2021-10-01T11:50:44+00:00", "2021-10-01T11:53:07+00:00", "2021-10-01T11:55:26+00:00", "2021-10-01T11:57:00+00:00", "2021-10-01T11:57:56+00:00", "2021-10-01T12:00:23+00:00", "2021-10-01T12:01:49+00:00", "2021-10-01T12:05:26+00:00", "2021-10-01T12:06:56+00:00", "2021-10-01T12:08:01+00:00", "2021-10-01T12:11:30+00:00", "2021-10-01T12:14:33+00:00", "2021-10-01T12:17:15+00:00", "2021-10-01T12:18:33+00:00", "2021-10-01T12:22:51+00:00", "2021-10-01T12:26:36+00:00", "2021-10-01T12:30:32+00:00", "2021-10-01T12:34:33+00:00", "2021-10-01T12:36:29+00:00", "2021-10-01T12:38:25+00:00", "2021-10-01T12:43:14+00:00", "2021-10-01T12:45:50+00:00", "2021-10-01T12:47:26+00:00", "2021-10-01T12:50:47+00:00", "2021-10-01T12:53:27+00:00", "2021-10-01T12:55:44+00:00", "2021-10-01T12:57:37+00:00", "2021-10-01T13:00:01+00:00", "2021-10-01T13:02:17+00:00", "2021-10-01T13:05:14+00:00", "2021-10-01T13:07:15+00:00", "2021-10-01T13:08:30+00:00", "2021-10-01T13:11:51+00:00", "2021-10-01T13:13:59+00:00", "2021-10-01T13:15:47+00:00", "2021-10-01T13:18:47+00:00", "2021-10-01T13:20:07+00:00", "2021-10-01T13:22:23+00:00", "2021-10-01T13:24:44+00:00", "2021-10-01T13:27:24+00:00", "2021-10-01T13:29:28+00:00", "2021-10-01T13:32:29+00:00", "2021-10-01T13:35:25+00:00", "2021-10-01T13:37:15+00:00", "2021-10-01T13:39:33+00:00", "2021-10-01T13:44:50+00:00", "2021-10-01T13:47:15+00:00", "2021-10-01T13:49:39+00:00", "2021-10-01T13:52:31+00:00", "2021-10-01T13:56:55+00:00", "2021-10-01T13:57:47+00:00", "2021-10-01T14:01:00+00:00", "2021-10-01T14:02:04+00:00", "2021-10-01T14:05:08+00:00", "2021-10-01T14:07:29+00:00", "2021-10-01T14:11:45+00:00", "2021-10-01T14:13:17+00:00", "2021-10-01T14:13:37+00:00", "2021-10-01T14:17:29+00:00", "2021-10-01T14:19:34+00:00", "2021-10-01T14:20:42+00:00", "2021-10-01T14:22:34+00:00", "2021-10-01T14:26:51+00:00", "2021-10-01T14:28:07+00:00", "2021-10-01T14:31:35+00:00", "2021-10-01T14:32:11+00:00", "2021-10-01T14:37:29+00:00", "2021-10-01T14:43:37+00:00", "2021-10-01T14:47:29+00:00", "2021-10-01T14:49:17+00:00", "2021-10-01T14:52:54+00:00", "2021-10-01T14:57:29+00:00", "2021-10-01T14:58:06+00:00", "2021-10-01T15:02:23+00:00", "2021-10-01T15:04:39+00:00", "2021-10-01T15:07:30+00:00", "2021-10-01T15:12:44+00:00", "2021-10-01T15:14:44+00:00", "2021-10-01T15:17:30+00:00", "2021-10-01T15:19:37+00:00", "2021-10-01T15:21:33+00:00", "2021-10-01T15:27:30+00:00", "2021-10-01T15:37:30+00:00", "2021-10-01T15:37:42+00:00", "2021-10-01T15:46:54+00:00", "2021-10-01T15:47:34+00:00", "2021-10-01T15:51:18+00:00", "2021-10-01T15:51:58+00:00", "2021-10-01T15:57:30+00:00", "2021-10-01T15:58:02+00:00", "2021-10-01T16:00:34+00:00", "2021-10-01T16:03:58+00:00", "2021-10-01T16:05:42+00:00", "2021-10-01T16:07:39+00:00", "2021-10-01T16:08:07+00:00", "2021-10-01T16:10:51+00:00", "2021-10-01T16:12:23+00:00", "2021-10-01T16:13:23+00:00", "2021-10-01T16:15:07+00:00", "2021-10-01T16:16:15+00:00", "2021-10-01T16:19:15+00:00", "2021-10-01T16:21:43+00:00", "2021-10-01T16:22:59+00:00", "2021-10-01T16:24:35+00:00", "2021-10-01T16:26:23+00:00", "2021-10-01T16:27:42+00:00", "2021-10-01T16:30:51+00:00", "2021-10-01T16:32:07+00:00", "2021-10-01T16:35:12+00:00", "2021-10-01T16:37:00+00:00", "2021-10-01T16:40:04+00:00", "2021-10-01T16:42:12+00:00", "2021-10-01T16:47:20+00:00", "2021-10-01T16:50:04+00:00", "2021-10-01T16:55:52+00:00", "2021-10-01T16:57:30+00:00", "2021-10-01T16:58:25+00:00", "2021-10-01T17:05:45+00:00", "2021-10-01T17:07:45+00:00", "2021-10-01T17:10:37+00:00", "2021-10-01T17:17:43+00:00", "2021-10-01T17:21:25+00:00", "2021-10-01T17:27:45+00:00", "2021-10-01T17:34:50+00:00", "2021-10-01T17:36:14+00:00", "2021-10-01T17:37:45+00:00", "2021-10-01T17:38:34+00:00", "2021-10-01T17:46:50+00:00", "2021-10-01T17:47:45+00:00", "2021-10-01T17:53:03+00:00", "2021-10-01T17:57:47+00:00", "2021-10-01T17:58:27+00:00", "2021-10-01T18:04:51+00:00", "2021-10-01T18:07:47+00:00", "2021-10-01T18:11:07+00:00", "2021-10-01T18:17:47+00:00", "2021-10-01T18:19:16+00:00", "2021-10-01T18:22:12+00:00", "2021-10-01T18:22:48+00:00", "2021-10-01T18:27:47+00:00", "2021-10-01T18:29:56+00:00", "2021-10-01T18:34:08+00:00", "2021-10-01T18:36:24+00:00", "2021-10-01T18:37:47+00:00", "2021-10-01T18:43:25+00:00", "2021-10-01T18:44:45+00:00", "2021-10-01T18:47:51+00:00", "2021-10-01T18:52:49+00:00", "2021-10-01T18:54:33+00:00", "2021-10-01T18:57:48+00:00", "2021-10-01T18:57:51+00:00", "2021-10-01T19:07:45+00:00", "2021-10-01T19:07:53+00:00", "2021-10-01T19:17:45+00:00", "2021-10-01T19:17:53+00:00", "2021-10-01T19:27:45+00:00", "2021-10-01T19:31:42+00:00", "2021-10-01T19:37:45+00:00", "2021-10-01T19:38:35+00:00", "2021-10-01T19:43:07+00:00", "2021-10-01T19:47:53+00:00", "2021-10-01T19:48:39+00:00", "2021-10-01T19:53:39+00:00", "2021-10-01T19:57:45+00:00", "2021-10-01T19:59:15+00:00", "2021-10-01T20:03:44+00:00", "2021-10-01T20:04:24+00:00", "2021-10-01T20:07:45+00:00", "2021-10-01T20:09:12+00:00", "2021-10-01T20:13:00+00:00", "2021-10-01T20:18:01+00:00", "2021-10-01T20:21:48+00:00", "2021-10-01T20:23:56+00:00", "2021-10-01T20:25:52+00:00", "2021-10-01T20:28:01+00:00", "2021-10-01T20:32:41+00:00", "2021-10-01T20:37:05+00:00", "2021-10-01T20:38:02+00:00", "2021-10-01T20:39:41+00:00", "2021-10-01T20:44:53+00:00", "2021-10-01T20:47:13+00:00", "2021-10-01T20:48:02+00:00", "2021-10-01T20:52:18+00:00", "2021-10-01T20:54:42+00:00", "2021-10-01T20:56:30+00:00", "2021-10-01T20:58:00+00:00", "2021-10-01T21:00:26+00:00", "2021-10-01T21:05:42+00:00", "2021-10-01T21:06:38+00:00", "2021-10-01T21:11:58+00:00", "2021-10-01T21:16:59+00:00", "2021-10-01T21:18:51+00:00", "2021-10-01T21:19:43+00:00", "2021-10-01T21:24:27+00:00", "2021-10-01T21:26:52+00:00", "2021-10-01T21:28:00+00:00", "2021-10-01T21:32:14+00:00", "2021-10-01T21:38:00+00:00", "2021-10-01T21:39:33+00:00", "2021-10-01T21:43:27+00:00", "2021-10-01T21:46:03+00:00", "2021-10-01T21:48:06+00:00", "2021-10-01T21:55:15+00:00", "2021-10-01T21:56:24+00:00", "2021-10-01T21:58:06+00:00", "2021-10-01T22:00:28+00:00", "2021-10-01T22:04:56+00:00", "2021-10-01T22:07:44+00:00", "2021-10-01T22:08:07+00:00", "2021-10-01T22:13:48+00:00", "2021-10-01T22:16:28+00:00", "2021-10-01T22:18:04+00:00", "2021-10-01T22:22:01+00:00", "2021-10-01T22:28:00+00:00", "2021-10-01T22:30:37+00:00", "2021-10-01T22:33:37+00:00", "2021-10-01T22:36:49+00:00", "2021-10-01T22:38:05+00:00", "2021-10-01T22:41:57+00:00", "2021-10-01T22:46:41+00:00", "2021-10-01T22:48:08+00:00", "2021-10-01T22:53:18+00:00", "2021-10-01T22:57:58+00:00", "2021-10-01T22:58:11+00:00", "2021-10-01T23:03:54+00:00", "2021-10-01T23:08:11+00:00", "2021-10-01T23:11:58+00:00", "2021-10-01T23:13:43+00:00", "2021-10-01T23:18:00+00:00", "2021-10-01T23:18:55+00:00", "2021-10-01T23:25:55+00:00", "2021-10-01T23:28:00+00:00", "2021-10-01T23:33:11+00:00", "2021-10-01T23:35:27+00:00", "2021-10-01T23:38:11+00:00", "2021-10-01T23:38:31+00:00", "2021-10-01T23:43:44+00:00", "2021-10-01T23:48:11+00:00", "2021-10-01T23:51:04+00:00", "2021-10-01T23:54:36+00:00", "2021-10-01T23:58:00+00:00", "2021-10-02T00:04:45+00:00", "2021-10-02T00:08:00+00:00", "2021-10-02T00:14:41+00:00", "2021-10-02T00:16:57+00:00", "2021-10-02T00:18:15+00:00", "2021-10-02T00:22:33+00:00", "2021-10-02T00:23:37+00:00", "2021-10-02T00:28:17+00:00", "2021-10-02T00:31:42+00:00", "2021-10-02T00:33:34+00:00", "2021-10-02T00:36:42+00:00", "2021-10-02T00:38:17+00:00", "2021-10-02T00:42:14+00:00", "2021-10-02T00:43:22+00:00", "2021-10-02T00:47:30+00:00", "2021-10-02T00:48:18+00:00", "2021-10-02T00:54:27+00:00", "2021-10-02T00:58:15+00:00", "2021-10-02T01:03:34+00:00", "2021-10-02T01:08:15+00:00", "2021-10-02T01:11:27+00:00", "2021-10-02T01:18:15+00:00", "2021-10-02T01:18:38+00:00", "2021-10-02T01:22:38+00:00", "2021-10-02T01:26:19+00:00", "2021-10-02T01:29:23+00:00", "2021-10-02T01:30:30+00:00", "2021-10-02T01:32:01+00:00", "2021-10-02T01:33:55+00:00", "2021-10-02T01:38:15+00:00", "2021-10-02T01:39:07+00:00", "2021-10-02T01:47:45+00:00", "2021-10-02T01:48:24+00:00", "2021-10-02T01:54:43+00:00", "2021-10-02T01:59:30+00:00", "2021-10-02T02:00:00+00:00", "2021-10-02T02:06:12+00:00", "2021-10-02T02:07:14+00:00", "2021-10-02T02:09:21+00:00", "2021-10-02T02:13:42+00:00", "2021-10-02T02:16:03+00:00", "2021-10-02T02:19:32+00:00", "2021-10-02T02:20:53+00:00", "2021-10-02T02:26:25+00:00", "2021-10-02T02:26:59+00:00", "2021-10-02T02:29:30+00:00", "2021-10-02T02:36:40+00:00", "2021-10-02T02:39:42+00:00", "2021-10-02T02:44:05+00:00", "2021-10-02T02:46:13+00:00", "2021-10-02T02:49:32+00:00", "2021-10-02T02:50:53+00:00", "2021-10-02T02:55:29+00:00", "2021-10-02T02:56:55+00:00", "2021-10-02T02:59:41+00:00", "2021-10-02T03:01:09+00:00", "2021-10-02T03:04:23+00:00", "2021-10-02T03:06:40+00:00", "2021-10-02T03:09:40+00:00", "2021-10-02T03:11:10+00:00", "2021-10-02T03:14:17+00:00", "2021-10-02T03:16:18+00:00", "2021-10-02T03:18:26+00:00", "2021-10-02T03:19:44+00:00", "2021-10-02T03:26:26+00:00", "2021-10-02T03:29:10+00:00", "2021-10-02T03:32:50+00:00", "2021-10-02T03:39:45+00:00", "2021-10-02T03:49:59+00:00", "2021-10-02T03:53:46+00:00", "2021-10-02T03:58:33+00:00", "2021-10-02T04:00:54+00:00", "2021-10-02T04:02:43+00:00", "2021-10-02T04:08:33+00:00", "2021-10-02T04:09:57+00:00", "2021-10-02T04:13:59+00:00", "2021-10-02T04:19:22+00:00", "2021-10-02T04:22:32+00:00", "2021-10-02T04:27:32+00:00", "2021-10-02T04:29:58+00:00", "2021-10-02T04:33:07+00:00", "2021-10-02T04:37:45+00:00", "2021-10-02T04:40:00+00:00", "2021-10-02T04:44:52+00:00", "2021-10-02T04:49:58+00:00", "2021-10-02T04:52:35+00:00", "2021-10-02T04:58:57+00:00", "2021-10-02T05:01:03+00:00", "2021-10-02T05:08:12+00:00", "2021-10-02T05:13:09+00:00", "2021-10-02T05:18:55+00:00", "2021-10-02T05:20:28+00:00", "2021-10-02T05:29:59+00:00", "2021-10-02T05:35:10+00:00", "2021-10-02T05:40:00+00:00", "2021-10-02T05:50:00+00:00", "2021-10-02T05:57:17+00:00", "2021-10-02T06:00:03+00:00", "2021-10-02T06:10:00+00:00", "2021-10-02T06:14:51+00:00", "2021-10-02T06:20:31+00:00", "2021-10-02T06:31:22+00:00", "2021-10-02T06:34:33+00:00", "2021-10-02T06:45:54+00:00", "2021-10-02T06:50:26+00:00", "2021-10-02T06:57:02+00:00", "2021-10-02T07:00:08+00:00", "2021-10-02T07:10:00+00:00", "2021-10-02T07:20:11+00:00", "2021-10-02T07:30:16+00:00", "2021-10-02T07:40:16+00:00", "2021-10-02T07:50:16+00:00", "2021-10-02T08:00:23+00:00", "2021-10-02T08:10:23+00:00", "2021-10-02T08:20:23+00:00", "2021-10-02T08:30:23+00:00", "2021-10-02T08:40:15+00:00", "2021-10-02T08:40:24+00:00", "2021-10-02T08:50:15+00:00", "2021-10-02T09:00:25+00:00", "2021-10-02T09:10:15+00:00", "2021-10-02T09:20:15+00:00", "2021-10-02T09:30:15+00:00", "2021-10-02T09:30:26+00:00", "2021-10-02T09:40:15+00:00", "2021-10-02T09:40:28+00:00", "2021-10-02T09:50:15+00:00", "2021-10-02T09:50:28+00:00", "2021-10-02T10:00:29+00:00", "2021-10-02T10:00:30+00:00", "2021-10-02T10:10:29+00:00", "2021-10-02T10:10:30+00:00", "2021-10-02T10:20:29+00:00", "2021-10-02T10:20:31+00:00", "2021-10-02T10:30:29+00:00", "2021-10-02T10:30:32+00:00", "2021-10-02T10:40:29+00:00", "2021-10-02T10:40:32+00:00", "2021-10-02T10:50:29+00:00", "2021-10-02T10:50:33+00:00", "2021-10-02T11:00:45+00:00", "2021-10-02T11:00:56+00:00", "2021-10-02T11:10:45+00:00", "2021-10-02T11:10:57+00:00", "2021-10-02T11:20:45+00:00", "2021-10-02T11:20:57+00:00", "2021-10-02T11:30:45+00:00", "2021-10-02T11:30:58+00:00", "2021-10-02T11:40:45+00:00", "2021-10-02T11:40:59+00:00", "2021-10-02T11:50:45+00:00", "2021-10-02T11:50:59+00:00", "2021-10-02T12:00:59+00:00", "2021-10-02T12:01:00+00:00", "2021-10-02T12:10:59+00:00", "2021-10-02T12:11:00+00:00", "2021-10-02T12:20:59+00:00", "2021-10-02T12:21:00+00:00", "2021-10-02T12:30:59+00:00", "2021-10-02T12:31:00+00:00", "2021-10-02T12:41:00+00:00", "2021-10-02T12:41:03+00:00", "2021-10-02T12:51:00+00:00", "2021-10-02T12:51:05+00:00", "2021-10-02T13:01:00+00:00", "2021-10-02T13:01:05+00:00", "2021-10-02T13:11:00+00:00", "2021-10-02T13:11:06+00:00", "2021-10-02T13:21:00+00:00", "2021-10-02T13:21:06+00:00", "2021-10-02T13:31:00+00:00", "2021-10-02T13:31:07+00:00", "2021-10-02T13:41:00+00:00", "2021-10-02T13:41:08+00:00", "2021-10-02T13:51:00+00:00", "2021-10-02T13:51:08+00:00", "2021-10-02T14:01:00+00:00", "2021-10-02T14:01:09+00:00", "2021-10-02T14:11:00+00:00", "2021-10-02T14:11:11+00:00", "2021-10-02T14:21:00+00:00", "2021-10-02T14:21:11+00:00", "2021-10-02T14:31:00+00:00", "2021-10-02T14:31:12+00:00", "2021-10-02T14:41:00+00:00", "2021-10-02T14:41:13+00:00", "2021-10-02T14:51:00+00:00", "2021-10-02T14:51:13+00:00", "2021-10-02T15:01:00+00:00", "2021-10-02T15:01:11+00:00", "2021-10-02T15:11:11+00:00", "2021-10-02T15:11:15+00:00", "2021-10-02T15:21:12+00:00", "2021-10-02T15:21:15+00:00", "2021-10-02T15:31:15+00:00", "2021-10-02T15:31:16+00:00", "2021-10-02T15:41:15+00:00", "2021-10-02T15:41:18+00:00", "2021-10-02T15:51:15+00:00", "2021-10-02T15:51:19+00:00", "2021-10-02T16:01:15+00:00", "2021-10-02T16:06:57+00:00", "2021-10-02T16:11:15+00:00", "2021-10-02T16:11:18+00:00", "2021-10-02T16:18:57+00:00", "2021-10-02T16:21:19+00:00", "2021-10-02T16:31:14+00:00", "2021-10-02T16:31:20+00:00", "2021-10-02T16:41:15+00:00", "2021-10-02T16:41:21+00:00", "2021-10-02T16:51:15+00:00", "2021-10-02T16:51:21+00:00", "2021-10-02T17:01:15+00:00", "2021-10-02T17:01:23+00:00", "2021-10-02T17:11:15+00:00", "2021-10-02T17:11:23+00:00", "2021-10-02T17:21:15+00:00", "2021-10-02T17:21:24+00:00", "2021-10-02T17:31:15+00:00", "2021-10-02T17:31:24+00:00", "2021-10-02T17:41:15+00:00", "2021-10-02T17:41:25+00:00", "2021-10-02T17:51:15+00:00", "2021-10-02T17:51:25+00:00", "2021-10-02T18:01:15+00:00", "2021-10-02T18:01:25+00:00", "2021-10-02T18:11:15+00:00", "2021-10-02T18:11:25+00:00", "2021-10-02T18:21:15+00:00", "2021-10-02T18:21:26+00:00", "2021-10-02T18:31:15+00:00", "2021-10-02T18:31:27+00:00", "2021-10-02T18:41:15+00:00", "2021-10-02T18:41:29+00:00", "2021-10-02T18:51:29+00:00", "2021-10-02T18:51:30+00:00", "2021-10-02T19:01:29+00:00", "2021-10-02T19:01:30+00:00", "2021-10-02T19:11:29+00:00", "2021-10-02T19:11:31+00:00", "2021-10-02T19:21:29+00:00", "2021-10-02T19:21:31+00:00", "2021-10-02T19:31:29+00:00", "2021-10-02T19:31:32+00:00", "2021-10-02T19:41:30+00:00", "2021-10-02T19:41:33+00:00", "2021-10-02T19:51:30+00:00", "2021-10-02T19:51:35+00:00", "2021-10-02T20:01:30+00:00", "2021-10-02T20:01:36+00:00", "2021-10-02T20:11:30+00:00", "2021-10-02T20:11:36+00:00", "2021-10-02T20:21:30+00:00", "2021-10-02T20:23:45+00:00", "2021-10-02T20:31:30+00:00", "2021-10-02T20:31:37+00:00", "2021-10-02T20:41:30+00:00", "2021-10-02T20:41:38+00:00", "2021-10-02T20:51:30+00:00", "2021-10-02T20:51:38+00:00", "2021-10-02T21:01:30+00:00", "2021-10-02T21:01:41+00:00", "2021-10-02T21:11:30+00:00", "2021-10-02T21:11:42+00:00", "2021-10-02T21:21:30+00:00", "2021-10-02T21:21:42+00:00", "2021-10-02T21:31:30+00:00", "2021-10-02T21:31:42+00:00", "2021-10-02T21:41:30+00:00", "2021-10-02T21:41:42+00:00", "2021-10-02T21:51:30+00:00", "2021-10-02T21:51:43+00:00", "2021-10-02T22:01:30+00:00", "2021-10-02T22:01:43+00:00", "2021-10-02T22:11:41+00:00", "2021-10-02T22:11:45+00:00", "2021-10-02T22:21:41+00:00", "2021-10-02T22:21:45+00:00", "2021-10-02T22:31:43+00:00", "2021-10-02T22:31:46+00:00", "2021-10-02T22:41:43+00:00", "2021-10-02T22:41:46+00:00", "2021-10-02T22:51:44+00:00", "2021-10-02T22:51:47+00:00", "2021-10-02T23:01:45+00:00", "2021-10-02T23:01:47+00:00", "2021-10-02T23:11:45+00:00", "2021-10-02T23:11:53+00:00", "2021-10-02T23:21:45+00:00", "2021-10-02T23:21:53+00:00", "2021-10-02T23:31:45+00:00", "2021-10-02T23:31:53+00:00", "2021-10-02T23:41:45+00:00", "2021-10-02T23:41:53+00:00", "2021-10-02T23:51:45+00:00", "2021-10-02T23:51:54+00:00", "2021-10-03T00:01:45+00:00", "2021-10-03T00:01:55+00:00", "2021-10-03T00:11:45+00:00", "2021-10-03T00:11:55+00:00", "2021-10-03T00:21:45+00:00", "2021-10-03T00:21:56+00:00", "2021-10-03T00:31:45+00:00", "2021-10-03T00:31:57+00:00", "2021-10-03T00:41:45+00:00", "2021-10-03T00:41:57+00:00", "2021-10-03T00:51:45+00:00", "2021-10-03T00:51:57+00:00", "2021-10-03T01:01:45+00:00", "2021-10-03T01:01:58+00:00", "2021-10-03T01:11:45+00:00", "2021-10-03T01:11:58+00:00", "2021-10-03T01:21:45+00:00", "2021-10-03T01:21:59+00:00", "2021-10-03T01:32:00+00:00", "2021-10-03T01:42:00+00:00", "2021-10-03T01:42:01+00:00", "2021-10-03T01:52:00+00:00", "2021-10-03T01:52:01+00:00", "2021-10-03T02:02:00+00:00", "2021-10-03T02:02:02+00:00", "2021-10-03T02:12:00+00:00", "2021-10-03T02:12:02+00:00", "2021-10-03T02:22:00+00:00", "2021-10-03T02:22:05+00:00", "2021-10-03T02:32:00+00:00", "2021-10-03T02:32:05+00:00", "2021-10-03T02:42:00+00:00", "2021-10-03T02:42:05+00:00", "2021-10-03T02:52:00+00:00", "2021-10-03T02:52:05+00:00", "2021-10-03T03:02:00+00:00", "2021-10-03T03:02:06+00:00", "2021-10-03T03:12:00+00:00", "2021-10-03T03:12:07+00:00", "2021-10-03T03:22:00+00:00", "2021-10-03T03:22:07+00:00", "2021-10-03T03:32:00+00:00", "2021-10-03T03:32:08+00:00", "2021-10-03T03:42:00+00:00", "2021-10-03T03:42:09+00:00", "2021-10-03T03:52:00+00:00", "2021-10-03T03:52:09+00:00", "2021-10-03T04:02:00+00:00", "2021-10-03T04:02:09+00:00", "2021-10-03T04:12:00+00:00", "2021-10-03T04:12:10+00:00", "2021-10-03T04:22:00+00:00", "2021-10-03T04:22:10+00:00", "2021-10-03T04:32:00+00:00", "2021-10-03T04:32:10+00:00", "2021-10-03T04:42:00+00:00", "2021-10-03T04:42:12+00:00", "2021-10-03T04:52:00+00:00", "2021-10-03T04:52:12+00:00", "2021-10-03T05:02:00+00:00", "2021-10-03T05:02:13+00:00", "2021-10-03T05:12:00+00:00", "2021-10-03T05:12:13+00:00", "2021-10-03T05:22:00+00:00", "2021-10-03T05:22:14+00:00", "2021-10-03T05:32:10+00:00", "2021-10-03T05:32:16+00:00", "2021-10-03T05:42:11+00:00", "2021-10-03T05:42:21+00:00", "2021-10-03T05:52:15+00:00", "2021-10-03T05:52:21+00:00", "2021-10-03T06:02:15+00:00", "2021-10-03T06:02:28+00:00", "2021-10-03T06:12:23+00:00", "2021-10-03T06:12:31+00:00", "2021-10-03T06:22:29+00:00", "2021-10-03T06:22:33+00:00", "2021-10-03T06:32:29+00:00", "2021-10-03T06:32:34+00:00", "2021-10-03T06:42:30+00:00", "2021-10-03T06:42:36+00:00", "2021-10-03T06:52:30+00:00", "2021-10-03T06:52:37+00:00", "2021-10-03T07:02:30+00:00", "2021-10-03T07:02:38+00:00", "2021-10-03T07:12:30+00:00", "2021-10-03T07:12:41+00:00", "2021-10-03T07:22:30+00:00", "2021-10-03T07:22:41+00:00", "2021-10-03T07:32:30+00:00", "2021-10-03T07:32:42+00:00", "2021-10-03T07:42:30+00:00", "2021-10-03T07:42:44+00:00", "2021-10-03T07:52:30+00:00", "2021-10-03T07:52:44+00:00", "2021-10-03T08:02:30+00:00", "2021-10-03T08:02:44+00:00", "2021-10-03T08:12:44+00:00", "2021-10-03T08:12:45+00:00", "2021-10-03T08:22:45+00:00", "2021-10-03T08:22:48+00:00", "2021-10-03T08:32:45+00:00", "2021-10-03T08:32:52+00:00", "2021-10-03T08:42:45+00:00", "2021-10-03T08:42:52+00:00", "2021-10-03T08:52:45+00:00", "2021-10-03T08:52:54+00:00", "2021-10-03T09:02:45+00:00", "2021-10-03T09:02:54+00:00", "2021-10-03T09:12:45+00:00", "2021-10-03T09:12:59+00:00", "2021-10-03T09:22:59+00:00", "2021-10-03T09:23:00+00:00", "2021-10-03T09:32:59+00:00", "2021-10-03T09:33:00+00:00", "2021-10-03T09:42:59+00:00", "2021-10-03T09:43:00+00:00", "2021-10-03T09:52:59+00:00", "2021-10-03T09:53:01+00:00", "2021-10-03T10:02:59+00:00", "2021-10-03T10:03:02+00:00", "2021-10-03T10:13:00+00:00", "2021-10-03T10:13:02+00:00", "2021-10-03T10:23:00+00:00", "2021-10-03T10:23:03+00:00", "2021-10-03T10:33:00+00:00", "2021-10-03T10:43:00+00:00", "2021-10-03T10:53:05+00:00", "2021-10-03T10:53:06+00:00", "2021-10-03T11:03:00+00:00", "2021-10-03T11:13:07+00:00", "2021-10-03T11:23:05+00:00", "2021-10-03T11:33:00+00:00", "2021-10-03T11:43:05+00:00", "2021-10-03T11:53:05+00:00", "2021-10-03T11:55:14+00:00", "2021-10-03T12:05:15+00:00", "2021-10-03T12:15:15+00:00", "2021-10-03T12:33:24+00:00", "2021-10-03T12:45:15+00:00", "2021-10-03T12:55:15+00:00", "2021-10-03T13:04:32+00:00", "2021-10-03T13:05:17+00:00", "2021-10-03T13:14:32+00:00", "2021-10-03T13:15:17+00:00", "2021-10-03T13:24:32+00:00", "2021-10-03T13:25:18+00:00", "2021-10-03T13:34:32+00:00", "2021-10-03T13:35:19+00:00", "2021-10-03T13:44:32+00:00", "2021-10-03T13:45:19+00:00", "2021-10-03T13:54:32+00:00", "2021-10-03T13:55:19+00:00", "2021-10-03T14:04:32+00:00", "2021-10-03T14:05:20+00:00", "2021-10-03T14:14:32+00:00", "2021-10-03T14:15:21+00:00", "2021-10-03T14:24:32+00:00", "2021-10-03T14:25:21+00:00", "2021-10-03T14:34:32+00:00", "2021-10-03T14:35:21+00:00", "2021-10-03T14:44:32+00:00", "2021-10-03T14:45:22+00:00", "2021-10-03T14:54:32+00:00", "2021-10-03T14:55:22+00:00", "2021-10-03T15:04:32+00:00", "2021-10-03T15:05:22+00:00", "2021-10-03T15:14:32+00:00", "2021-10-03T15:15:23+00:00", "2021-10-03T15:24:32+00:00", "2021-10-03T15:25:23+00:00", "2021-10-03T15:34:32+00:00", "2021-10-03T15:35:24+00:00", "2021-10-03T15:44:32+00:00", "2021-10-03T15:45:25+00:00", "2021-10-03T15:54:32+00:00", "2021-10-03T15:55:25+00:00", "2021-10-03T16:04:32+00:00", "2021-10-03T16:05:26+00:00", "2021-10-03T16:14:32+00:00", "2021-10-03T16:15:26+00:00", "2021-10-03T16:24:32+00:00", "2021-10-03T16:25:27+00:00", "2021-10-03T16:34:32+00:00", "2021-10-03T16:35:28+00:00", "2021-10-03T16:44:32+00:00", "2021-10-03T16:45:28+00:00", "2021-10-03T16:54:32+00:00", "2021-10-03T16:55:28+00:00", "2021-10-03T17:04:32+00:00", "2021-10-03T17:05:29+00:00", "2021-10-03T17:14:32+00:00", "2021-10-03T17:15:29+00:00", "2021-10-03T17:24:32+00:00", "2021-10-03T17:25:30+00:00", "2021-10-03T17:34:32+00:00", "2021-10-03T17:35:31+00:00", "2021-10-03T17:44:33+00:00", "2021-10-03T17:45:32+00:00", "2021-10-03T17:54:33+00:00", "2021-10-03T17:55:33+00:00", "2021-10-03T18:04:33+00:00", "2021-10-03T18:05:33+00:00", "2021-10-03T18:14:33+00:00", "2021-10-03T18:15:34+00:00", "2021-10-03T18:24:33+00:00", "2021-10-03T18:25:34+00:00", "2021-10-03T18:34:33+00:00", "2021-10-03T18:35:35+00:00", "2021-10-03T18:44:33+00:00", "2021-10-03T18:45:35+00:00", "2021-10-03T18:54:33+00:00", "2021-10-03T18:55:36+00:00", "2021-10-03T19:04:33+00:00", "2021-10-03T19:05:36+00:00", "2021-10-03T19:14:33+00:00", "2021-10-03T19:15:37+00:00", "2021-10-03T19:24:33+00:00", "2021-10-03T19:25:37+00:00", "2021-10-03T19:34:33+00:00", "2021-10-03T19:35:37+00:00", "2021-10-03T19:44:33+00:00", "2021-10-03T19:45:37+00:00", "2021-10-03T19:54:33+00:00", "2021-10-03T19:55:37+00:00", "2021-10-03T20:04:33+00:00", "2021-10-03T20:05:38+00:00", "2021-10-03T20:14:33+00:00", "2021-10-03T20:15:39+00:00", "2021-10-03T20:24:33+00:00", "2021-10-03T20:25:39+00:00", "2021-10-03T20:34:33+00:00", "2021-10-03T20:35:39+00:00", "2021-10-03T20:44:33+00:00", "2021-10-03T20:45:40+00:00", "2021-10-03T20:54:33+00:00", "2021-10-03T20:55:41+00:00", "2021-10-03T21:04:33+00:00", "2021-10-03T21:05:41+00:00", "2021-10-03T21:14:34+00:00", "2021-10-03T21:15:41+00:00", "2021-10-03T21:24:34+00:00", "2021-10-03T21:25:41+00:00", "2021-10-03T21:34:34+00:00", "2021-10-03T21:35:42+00:00", "2021-10-03T21:44:34+00:00", "2021-10-03T21:45:43+00:00", "2021-10-03T21:54:34+00:00", "2021-10-03T21:55:43+00:00", "2021-10-03T22:04:34+00:00", "2021-10-03T22:05:44+00:00", "2021-10-03T22:14:34+00:00", "2021-10-03T22:15:45+00:00", "2021-10-03T22:24:34+00:00", "2021-10-03T22:25:45+00:00", "2021-10-03T22:34:34+00:00", "2021-10-03T22:35:46+00:00", "2021-10-03T22:44:34+00:00", "2021-10-03T22:45:47+00:00", "2021-10-03T22:54:34+00:00", "2021-10-03T22:55:47+00:00", "2021-10-03T23:04:34+00:00", "2021-10-03T23:05:47+00:00", "2021-10-03T23:14:34+00:00", "2021-10-03T23:15:47+00:00", "2021-10-03T23:24:34+00:00", "2021-10-03T23:25:48+00:00", "2021-10-03T23:34:34+00:00", "2021-10-03T23:35:48+00:00", "2021-10-03T23:44:34+00:00", "2021-10-03T23:45:49+00:00", "2021-10-03T23:54:34+00:00", "2021-10-03T23:55:49+00:00", "2021-10-04T00:04:34+00:00", "2021-10-04T00:05:49+00:00", "2021-10-04T00:14:34+00:00", "2021-10-04T00:15:49+00:00", "2021-10-04T00:24:34+00:00", "2021-10-04T00:25:50+00:00", "2021-10-04T00:34:34+00:00", "2021-10-04T00:35:51+00:00", "2021-10-04T00:44:34+00:00", "2021-10-04T00:45:52+00:00", "2021-10-04T00:54:34+00:00", "2021-10-04T00:55:52+00:00", "2021-10-04T01:04:34+00:00", "2021-10-04T01:05:52+00:00", "2021-10-04T01:14:34+00:00", "2021-10-04T01:15:53+00:00", "2021-10-04T01:24:34+00:00", "2021-10-04T01:25:54+00:00", "2021-10-04T01:35:54+00:00", "2021-10-04T01:44:34+00:00", "2021-10-04T01:45:55+00:00", "2021-10-04T01:54:34+00:00", "2021-10-04T01:55:56+00:00", "2021-10-04T02:00:00+00:00", "2021-10-04T02:02:08+00:00", "2021-10-04T02:03:13+00:00", "2021-10-04T02:04:22+00:00", "2021-10-04T02:05:45+00:00", "2021-10-04T02:08:19+00:00", "2021-10-04T02:10:03+00:00", "2021-10-04T02:11:41+00:00", "2021-10-04T02:12:45+00:00", "2021-10-04T02:14:11+00:00", "2021-10-04T02:14:54+00:00", "2021-10-04T02:15:45+00:00", "2021-10-04T02:16:41+00:00", "2021-10-04T02:17:33+00:00", "2021-10-04T02:18:42+00:00", "2021-10-04T02:19:48+00:00", "2021-10-04T02:21:12+00:00", "2021-10-04T02:22:22+00:00", "2021-10-04T02:24:01+00:00", "2021-10-04T02:25:23+00:00", "2021-10-04T02:25:57+00:00", "2021-10-04T02:28:17+00:00", "2021-10-04T02:29:30+00:00", "2021-10-04T02:30:08+00:00", "2021-10-04T02:32:40+00:00", "2021-10-04T02:33:02+00:00", "2021-10-04T02:34:34+00:00", "2021-10-04T02:35:09+00:00", "2021-10-04T02:37:05+00:00", "2021-10-04T02:37:39+00:00", "2021-10-04T02:38:57+00:00", "2021-10-04T02:41:07+00:00", "2021-10-04T02:42:13+00:00", "2021-10-04T02:43:36+00:00", "2021-10-04T02:44:32+00:00", "2021-10-04T02:45:12+00:00", "2021-10-04T02:45:58+00:00", "2021-10-04T02:47:50+00:00", "2021-10-04T02:48:10+00:00", "2021-10-04T02:50:22+00:00", "2021-10-04T02:51:50+00:00", "2021-10-04T02:52:26+00:00", "2021-10-04T02:53:10+00:00", "2021-10-04T02:54:34+00:00", "2021-10-04T02:55:14+00:00", "2021-10-04T02:56:02+00:00", "2021-10-04T02:56:38+00:00", "2021-10-04T02:59:02+00:00", "2021-10-04T03:00:06+00:00", "2021-10-04T03:00:26+00:00", "2021-10-04T03:02:42+00:00", "2021-10-04T03:03:51+00:00", "2021-10-04T03:04:34+00:00", "2021-10-04T03:05:27+00:00", "2021-10-04T03:06:11+00:00", "2021-10-04T03:07:35+00:00", "2021-10-04T03:08:39+00:00", "2021-10-04T03:09:27+00:00", "2021-10-04T03:10:35+00:00", "2021-10-04T03:11:59+00:00", "2021-10-04T03:14:03+00:00", "2021-10-04T03:14:59+00:00", "2021-10-04T03:15:59+00:00", "2021-10-04T03:17:11+00:00", "2021-10-04T03:18:19+00:00", "2021-10-04T03:20:23+00:00", "2021-10-04T03:20:47+00:00", "2021-10-04T03:22:03+00:00", "2021-10-04T03:23:11+00:00", "2021-10-04T03:23:55+00:00", "2021-10-04T03:24:43+00:00", "2021-10-04T03:25:55+00:00", "2021-10-04T03:26:20+00:00", "2021-10-04T03:27:44+00:00", "2021-10-04T03:29:28+00:00", "2021-10-04T03:31:00+00:00", "2021-10-04T03:31:56+00:00", "2021-10-04T03:33:29+00:00", "2021-10-04T03:34:33+00:00", "2021-10-04T03:36:00+00:00", "2021-10-04T03:36:37+00:00", "2021-10-04T03:38:45+00:00", "2021-10-04T03:40:45+00:00", "2021-10-04T03:41:37+00:00", "2021-10-04T03:43:01+00:00", "2021-10-04T03:45:02+00:00", "2021-10-04T03:46:00+00:00", "2021-10-04T03:47:06+00:00", "2021-10-04T03:48:46+00:00", "2021-10-04T03:49:42+00:00", "2021-10-04T03:52:19+00:00", "2021-10-04T03:54:07+00:00", "2021-10-04T03:55:31+00:00", "2021-10-04T03:57:45+00:00", "2021-10-04T03:58:44+00:00", "2021-10-04T03:59:59+00:00", "2021-10-04T04:00:20+00:00", "2021-10-04T04:01:11+00:00", "2021-10-04T04:02:23+00:00", "2021-10-04T04:03:45+00:00", "2021-10-04T04:04:23+00:00", "2021-10-04T04:05:53+00:00", "2021-10-04T04:06:43+00:00", "2021-10-04T04:07:43+00:00", "2021-10-04T04:09:33+00:00", "2021-10-04T04:10:19+00:00", "2021-10-04T04:11:52+00:00", "2021-10-04T04:12:51+00:00", "2021-10-04T04:13:58+00:00", "2021-10-04T04:15:35+00:00", "2021-10-04T04:16:08+00:00", "2021-10-04T04:17:17+00:00", "2021-10-04T04:18:28+00:00", "2021-10-04T04:21:12+00:00", "2021-10-04T04:22:54+00:00", "2021-10-04T04:24:41+00:00", "2021-10-04T04:26:05+00:00", "2021-10-04T04:27:27+00:00", "2021-10-04T04:28:02+00:00", "2021-10-04T04:30:50+00:00", "2021-10-04T04:32:05+00:00", "2021-10-04T04:33:18+00:00", "2021-10-04T04:34:57+00:00", "2021-10-04T04:36:00+00:00", "2021-10-04T04:37:55+00:00", "2021-10-04T04:40:44+00:00", "2021-10-04T04:41:34+00:00", "2021-10-04T04:43:25+00:00", "2021-10-04T04:45:11+00:00", "2021-10-04T04:45:55+00:00", "2021-10-04T04:46:44+00:00", "2021-10-04T04:48:55+00:00", "2021-10-04T04:50:14+00:00", "2021-10-04T04:50:39+00:00", "2021-10-04T04:52:03+00:00", "2021-10-04T04:53:36+00:00", "2021-10-04T04:56:05+00:00", "2021-10-04T04:57:12+00:00", "2021-10-04T04:59:12+00:00", "2021-10-04T05:00:11+00:00", "2021-10-04T05:02:36+00:00", "2021-10-04T05:04:11+00:00", "2021-10-04T05:05:50+00:00", "2021-10-04T05:06:42+00:00", "2021-10-04T05:08:08+00:00", "2021-10-04T05:09:07+00:00", "2021-10-04T05:09:57+00:00", "2021-10-04T05:11:21+00:00", "2021-10-04T05:12:52+00:00", "2021-10-04T05:13:14+00:00", "2021-10-04T05:17:07+00:00", "2021-10-04T05:20:30+00:00", "2021-10-04T05:22:00+00:00", "2021-10-04T05:23:59+00:00", "2021-10-04T05:26:05+00:00", "2021-10-04T05:30:03+00:00", "2021-10-04T05:31:08+00:00", "2021-10-04T05:34:39+00:00", "2021-10-04T05:35:32+00:00", "2021-10-04T05:36:12+00:00", "2021-10-04T05:38:20+00:00", "2021-10-04T05:38:49+00:00", "2021-10-04T05:41:43+00:00", "2021-10-04T05:43:00+00:00", "2021-10-04T05:45:07+00:00", "2021-10-04T05:46:00+00:00", "2021-10-04T05:46:28+00:00", "2021-10-04T05:48:07+00:00", "2021-10-04T05:49:11+00:00", "2021-10-04T05:51:17+00:00", "2021-10-04T05:52:00+00:00", "2021-10-04T05:54:03+00:00", "2021-10-04T05:55:16+00:00", "2021-10-04T05:56:00+00:00", "2021-10-04T05:57:30+00:00", "2021-10-04T05:59:54+00:00", "2021-10-04T06:00:45+00:00", "2021-10-04T06:05:17+00:00", "2021-10-04T06:06:17+00:00", "2021-10-04T06:08:18+00:00", "2021-10-04T06:09:32+00:00", "2021-10-04T06:10:40+00:00", "2021-10-04T06:12:05+00:00", "2021-10-04T06:15:25+00:00", "2021-10-04T06:17:23+00:00", "2021-10-04T06:17:41+00:00", "2021-10-04T06:19:50+00:00", "2021-10-04T06:20:36+00:00", "2021-10-04T06:22:24+00:00", "2021-10-04T06:23:58+00:00", "2021-10-04T06:24:58+00:00", "2021-10-04T06:26:18+00:00", "2021-10-04T06:27:06+00:00", "2021-10-04T06:29:31+00:00", "2021-10-04T06:29:57+00:00", "2021-10-04T06:32:12+00:00", "2021-10-04T06:34:07+00:00", "2021-10-04T06:34:56+00:00", "2021-10-04T06:36:17+00:00", "2021-10-04T06:37:27+00:00", "2021-10-04T06:38:41+00:00", "2021-10-04T06:40:28+00:00", "2021-10-04T06:41:45+00:00", "2021-10-04T06:43:03+00:00", "2021-10-04T06:44:07+00:00", "2021-10-04T06:46:13+00:00", "2021-10-04T06:46:56+00:00", "2021-10-04T06:48:50+00:00", "2021-10-04T06:51:43+00:00", "2021-10-04T06:52:35+00:00", "2021-10-04T06:54:18+00:00", "2021-10-04T06:55:31+00:00", "2021-10-04T06:56:18+00:00", "2021-10-04T06:58:33+00:00", "2021-10-04T06:59:33+00:00", "2021-10-04T07:00:20+00:00", "2021-10-04T07:03:24+00:00", "2021-10-04T07:05:21+00:00", "2021-10-04T07:05:45+00:00", "2021-10-04T07:06:58+00:00", "2021-10-04T07:08:29+00:00", "2021-10-04T07:09:10+00:00", "2021-10-04T07:10:15+00:00", "2021-10-04T07:11:17+00:00", "2021-10-04T07:13:05+00:00", "2021-10-04T07:13:29+00:00", "2021-10-04T07:16:24+00:00", "2021-10-04T07:16:49+00:00", "2021-10-04T07:18:50+00:00", "2021-10-04T07:19:46+00:00", "2021-10-04T07:22:04+00:00", "2021-10-04T07:23:38+00:00", "2021-10-04T07:24:51+00:00", "2021-10-04T07:26:29+00:00", "2021-10-04T07:27:30+00:00", "2021-10-04T07:28:36+00:00", "2021-10-04T07:31:16+00:00", "2021-10-04T07:32:30+00:00", "2021-10-04T07:35:22+00:00", "2021-10-04T07:36:27+00:00", "2021-10-04T07:37:42+00:00", "2021-10-04T07:40:05+00:00", "2021-10-04T07:42:38+00:00", "2021-10-04T07:43:42+00:00", "2021-10-04T07:44:34+00:00", "2021-10-04T07:46:20+00:00", "2021-10-04T07:48:11+00:00", "2021-10-04T07:48:53+00:00", "2021-10-04T07:50:23+00:00", "2021-10-04T07:52:19+00:00", "2021-10-04T07:53:30+00:00", "2021-10-04T07:54:07+00:00", "2021-10-04T07:55:59+00:00", "2021-10-04T07:56:30+00:00", "2021-10-04T07:58:39+00:00", "2021-10-04T07:59:26+00:00", "2021-10-04T08:00:37+00:00", "2021-10-04T08:01:22+00:00", "2021-10-04T08:04:08+00:00", "2021-10-04T08:06:01+00:00", "2021-10-04T08:06:30+00:00", "2021-10-04T08:07:13+00:00", "2021-10-04T08:08:54+00:00", "2021-10-04T08:09:56+00:00", "2021-10-04T08:13:01+00:00", "2021-10-04T08:13:34+00:00", "2021-10-04T08:15:03+00:00", "2021-10-04T08:15:41+00:00", "2021-10-04T08:16:56+00:00", "2021-10-04T08:18:24+00:00", "2021-10-04T08:19:57+00:00", "2021-10-04T08:21:25+00:00", "2021-10-04T08:22:58+00:00", "2021-10-04T08:24:02+00:00", "2021-10-04T08:25:26+00:00", "2021-10-04T08:26:30+00:00", "2021-10-04T08:27:06+00:00", "2021-10-04T08:29:57+00:00", "2021-10-04T08:31:18+00:00", "2021-10-04T08:32:38+00:00", "2021-10-04T08:33:21+00:00", "2021-10-04T08:35:46+00:00", "2021-10-04T08:36:30+00:00", "2021-10-04T08:37:19+00:00", "2021-10-04T08:38:42+00:00", "2021-10-04T08:39:33+00:00", "2021-10-04T08:43:13+00:00", "2021-10-04T08:43:51+00:00", "2021-10-04T08:44:37+00:00", "2021-10-04T08:46:09+00:00", "2021-10-04T08:47:24+00:00", "2021-10-04T08:48:23+00:00", "2021-10-04T08:50:20+00:00", "2021-10-04T08:51:43+00:00", "2021-10-04T08:53:07+00:00", "2021-10-04T08:53:53+00:00", "2021-10-04T08:55:12+00:00", "2021-10-04T08:56:36+00:00", "2021-10-04T08:58:04+00:00", "2021-10-04T08:58:46+00:00", "2021-10-04T09:01:13+00:00", "2021-10-04T09:02:16+00:00", "2021-10-04T09:03:28+00:00", "2021-10-04T09:04:57+00:00", "2021-10-04T09:05:26+00:00", "2021-10-04T09:07:19+00:00", "2021-10-04T09:08:04+00:00", "2021-10-04T09:09:16+00:00", "2021-10-04T09:11:14+00:00", "2021-10-04T09:11:47+00:00", "2021-10-04T09:13:48+00:00", "2021-10-04T09:14:35+00:00", "2021-10-04T09:16:35+00:00", "2021-10-04T09:18:40+00:00", "2021-10-04T09:19:56+00:00", "2021-10-04T09:20:34+00:00", "2021-10-04T09:23:09+00:00", "2021-10-04T09:24:21+00:00", "2021-10-04T09:25:41+00:00", "2021-10-04T09:26:58+00:00", "2021-10-04T09:27:57+00:00", "2021-10-04T09:29:40+00:00", "2021-10-04T09:32:18+00:00", "2021-10-04T09:33:46+00:00", "2021-10-04T09:35:11+00:00", "2021-10-04T09:36:35+00:00", "2021-10-04T09:38:37+00:00", "2021-10-04T09:39:56+00:00", "2021-10-04T09:40:55+00:00", "2021-10-04T09:42:45+00:00", "2021-10-04T09:43:48+00:00", "2021-10-04T09:45:00+00:00", "2021-10-04T09:46:11+00:00", "2021-10-04T09:47:05+00:00", "2021-10-04T09:48:38+00:00", "2021-10-04T09:50:07+00:00", "2021-10-04T09:51:06+00:00", "2021-10-04T09:52:01+00:00", "2021-10-04T09:52:39+00:00", "2021-10-04T09:53:54+00:00", "2021-10-04T09:55:38+00:00", "2021-10-04T09:56:54+00:00", "2021-10-04T09:58:02+00:00", "2021-10-04T09:59:10+00:00", "2021-10-04T10:01:20+00:00", "2021-10-04T10:01:42+00:00", "2021-10-04T10:03:02+00:00", "2021-10-04T10:03:52+00:00", "2021-10-04T10:05:50+00:00", "2021-10-04T10:06:16+00:00", "2021-10-04T10:07:07+00:00", "2021-10-04T10:08:30+00:00", "2021-10-04T10:09:37+00:00", "2021-10-04T10:10:57+00:00", "2021-10-04T10:11:48+00:00", "2021-10-04T10:15:14+00:00", "2021-10-04T10:15:50+00:00", "2021-10-04T10:18:05+00:00", "2021-10-04T10:18:52+00:00", "2021-10-04T10:22:28+00:00", "2021-10-04T10:26:45+00:00", "2021-10-04T10:28:33+00:00", "2021-10-04T10:29:46+00:00", "2021-10-04T10:31:27+00:00", "2021-10-04T10:34:27+00:00", "2021-10-04T10:34:59+00:00", "2021-10-04T10:35:57+00:00", "2021-10-04T10:36:55+00:00", "2021-10-04T10:39:46+00:00", "2021-10-04T10:42:03+00:00", "2021-10-04T10:42:52+00:00", "2021-10-04T10:43:50+00:00", "2021-10-04T10:44:56+00:00", "2021-10-04T10:45:43+00:00", "2021-10-04T10:46:48+00:00", "2021-10-04T10:48:40+00:00", "2021-10-04T10:49:26+00:00", "2021-10-04T10:50:45+00:00", "2021-10-04T10:51:44+00:00", "2021-10-04T10:52:30+00:00", "2021-10-04T10:54:12+00:00", "2021-10-04T10:56:45+00:00", "2021-10-04T10:57:34+00:00", "2021-10-04T10:58:18+00:00", "2021-10-04T10:59:40+00:00", "2021-10-04T11:01:36+00:00", "2021-10-04T11:02:29+00:00", "2021-10-04T11:03:18+00:00", "2021-10-04T11:03:56+00:00", "2021-10-04T11:05:19+00:00", "2021-10-04T11:06:01+00:00", "2021-10-04T11:07:55+00:00", "2021-10-04T11:09:18+00:00", "2021-10-04T11:10:53+00:00", "2021-10-04T11:12:15+00:00", "2021-10-04T11:14:45+00:00", "2021-10-04T11:15:58+00:00", "2021-10-04T11:16:45+00:00", "2021-10-04T11:17:31+00:00", "2021-10-04T11:19:00+00:00", "2021-10-04T11:20:29+00:00", "2021-10-04T11:21:57+00:00", "2021-10-04T11:24:14+00:00", "2021-10-04T11:25:16+00:00", "2021-10-04T11:26:53+00:00", "2021-10-04T11:28:11+00:00", "2021-10-04T11:28:58+00:00", "2021-10-04T11:30:48+00:00", "2021-10-04T11:31:58+00:00", "2021-10-04T11:32:54+00:00", "2021-10-04T11:35:07+00:00", "2021-10-04T11:36:28+00:00", "2021-10-04T11:36:49+00:00", "2021-10-04T11:37:55+00:00", "2021-10-04T11:39:12+00:00", "2021-10-04T11:40:11+00:00", "2021-10-04T11:40:54+00:00", "2021-10-04T11:41:53+00:00", "2021-10-04T11:43:45+00:00", "2021-10-04T11:44:20+00:00", "2021-10-04T11:45:35+00:00", "2021-10-04T11:45:56+00:00", "2021-10-04T11:47:04+00:00", "2021-10-04T11:48:00+00:00", "2021-10-04T11:48:59+00:00", "2021-10-04T11:50:13+00:00", "2021-10-04T11:51:01+00:00", "2021-10-04T11:52:19+00:00", "2021-10-04T11:53:20+00:00", "2021-10-04T11:55:28+00:00", "2021-10-04T11:57:00+00:00", "2021-10-04T11:57:53+00:00", "2021-10-04T11:59:03+00:00", "2021-10-04T12:00:25+00:00", "2021-10-04T12:01:29+00:00", "2021-10-04T12:04:00+00:00", "2021-10-04T12:05:02+00:00", "2021-10-04T12:07:00+00:00", "2021-10-04T12:07:46+00:00", "2021-10-04T12:09:02+00:00", "2021-10-04T12:10:07+00:00", "2021-10-04T12:10:38+00:00", "2021-10-04T12:12:35+00:00", "2021-10-04T12:14:19+00:00", "2021-10-04T12:15:24+00:00", "2021-10-04T12:16:26+00:00", "2021-10-04T12:18:24+00:00", "2021-10-04T12:19:27+00:00", "2021-10-04T12:21:12+00:00", "2021-10-04T12:23:07+00:00", "2021-10-04T12:24:33+00:00", "2021-10-04T12:26:06+00:00", "2021-10-04T12:28:19+00:00", "2021-10-04T12:29:58+00:00", "2021-10-04T12:30:55+00:00", "2021-10-04T12:33:03+00:00", "2021-10-04T12:36:55+00:00", "2021-10-04T12:37:19+00:00", "2021-10-04T12:41:39+00:00", "2021-10-04T12:44:00+00:00", "2021-10-04T12:45:00+00:00", "2021-10-04T12:46:43+00:00", "2021-10-04T12:48:04+00:00", "2021-10-04T12:53:04+00:00", "2021-10-04T12:54:58+00:00", "2021-10-04T12:56:42+00:00", "2021-10-04T12:58:05+00:00", "2021-10-04T12:59:26+00:00", "2021-10-04T13:01:46+00:00", "2021-10-04T13:02:41+00:00", "2021-10-04T13:04:11+00:00", "2021-10-04T13:06:07+00:00", "2021-10-04T13:07:59+00:00", "2021-10-04T13:10:33+00:00", "2021-10-04T13:12:02+00:00", "2021-10-04T13:13:33+00:00", "2021-10-04T13:15:08+00:00", "2021-10-04T13:16:49+00:00", "2021-10-04T13:19:25+00:00", "2021-10-04T13:20:45+00:00", "2021-10-04T13:22:02+00:00", "2021-10-04T13:23:22+00:00", "2021-10-04T13:26:58+00:00", "2021-10-04T13:28:16+00:00", "2021-10-04T13:29:07+00:00", "2021-10-04T13:30:42+00:00", "2021-10-04T13:31:49+00:00", "2021-10-04T13:34:17+00:00", "2021-10-04T13:35:56+00:00", "2021-10-04T13:38:49+00:00", "2021-10-04T13:39:38+00:00", "2021-10-04T13:41:59+00:00", "2021-10-04T13:42:56+00:00", "2021-10-04T13:46:04+00:00", "2021-10-04T13:47:28+00:00", "2021-10-04T13:49:09+00:00", "2021-10-04T13:50:53+00:00", "2021-10-04T13:52:41+00:00", "2021-10-04T13:55:25+00:00", "2021-10-04T13:56:28+00:00", "2021-10-04T13:58:11+00:00", "2021-10-04T14:03:37+00:00", "2021-10-04T14:05:08+00:00", "2021-10-04T14:06:35+00:00", "2021-10-04T14:08:18+00:00", "2021-10-04T14:11:40+00:00", "2021-10-04T14:13:34+00:00", "2021-10-04T14:15:29+00:00", "2021-10-04T14:16:49+00:00", "2021-10-04T14:18:40+00:00", "2021-10-04T14:20:02+00:00", "2021-10-04T14:22:29+00:00", "2021-10-04T14:23:50+00:00", "2021-10-04T14:26:45+00:00", "2021-10-04T14:28:36+00:00", "2021-10-04T14:31:06+00:00", "2021-10-04T14:32:30+00:00", "2021-10-04T14:33:34+00:00", "2021-10-04T14:35:08+00:00", "2021-10-04T14:36:38+00:00", "2021-10-04T14:38:21+00:00", "2021-10-04T14:38:57+00:00", "2021-10-04T14:40:54+00:00", "2021-10-04T14:41:58+00:00", "2021-10-04T14:44:15+00:00", "2021-10-04T14:45:49+00:00", "2021-10-04T14:46:27+00:00", "2021-10-04T14:48:51+00:00", "2021-10-04T14:53:03+00:00", "2021-10-04T14:54:46+00:00", "2021-10-04T14:56:44+00:00", "2021-10-04T14:59:09+00:00", "2021-10-04T15:01:08+00:00", "2021-10-04T15:02:39+00:00", "2021-10-04T15:04:02+00:00", "2021-10-04T15:06:11+00:00", "2021-10-04T15:08:33+00:00", "2021-10-04T15:09:44+00:00", "2021-10-04T15:11:49+00:00", "2021-10-04T15:13:55+00:00", "2021-10-04T15:15:27+00:00", "2021-10-04T15:17:00+00:00", "2021-10-04T15:19:12+00:00", "2021-10-04T15:21:53+00:00", "2021-10-04T15:23:43+00:00", "2021-10-04T15:27:00+00:00", "2021-10-04T15:30:51+00:00", "2021-10-04T15:34:21+00:00", "2021-10-04T15:37:57+00:00", "2021-10-04T15:40:21+00:00", "2021-10-04T15:41:30+00:00", "2021-10-04T15:42:55+00:00", "2021-10-04T15:44:10+00:00", "2021-10-04T15:46:11+00:00", "2021-10-04T15:47:42+00:00", "2021-10-04T15:49:47+00:00", "2021-10-04T15:50:12+00:00", "2021-10-04T15:53:36+00:00", "2021-10-04T15:55:02+00:00", "2021-10-04T15:56:36+00:00", "2021-10-04T15:57:43+00:00", "2021-10-04T15:58:48+00:00", "2021-10-04T16:00:00+00:00", "2021-10-04T16:02:15+00:00", "2021-10-04T16:04:33+00:00", "2021-10-04T16:06:17+00:00", "2021-10-04T16:09:02+00:00", "2021-10-04T16:10:04+00:00", "2021-10-04T16:13:20+00:00", "2021-10-04T16:14:21+00:00", "2021-10-04T16:15:51+00:00", "2021-10-04T16:18:00+00:00", "2021-10-04T16:18:50+00:00", "2021-10-04T16:20:11+00:00", "2021-10-04T16:23:33+00:00", "2021-10-04T16:24:03+00:00", "2021-10-04T16:25:16+00:00", "2021-10-04T16:27:32+00:00", "2021-10-04T16:28:49+00:00", "2021-10-04T16:30:06+00:00", "2021-10-04T16:31:40+00:00", "2021-10-04T16:32:43+00:00", "2021-10-04T16:33:45+00:00", "2021-10-04T16:35:09+00:00", "2021-10-04T16:36:18+00:00", "2021-10-04T16:38:33+00:00", "2021-10-04T16:39:50+00:00", "2021-10-04T16:41:11+00:00", "2021-10-04T16:43:30+00:00", "2021-10-04T16:44:43+00:00", "2021-10-04T16:45:37+00:00", "2021-10-04T16:46:57+00:00", "2021-10-04T16:48:01+00:00", "2021-10-04T16:49:13+00:00", "2021-10-04T16:51:58+00:00", "2021-10-04T16:53:13+00:00", "2021-10-04T16:53:51+00:00", "2021-10-04T16:55:23+00:00", "2021-10-04T16:57:15+00:00", "2021-10-04T16:58:23+00:00", "2021-10-04T16:59:26+00:00", "2021-10-04T17:00:42+00:00", "2021-10-04T17:01:54+00:00", "2021-10-04T17:03:39+00:00", "2021-10-04T17:05:28+00:00", "2021-10-04T17:07:15+00:00", "2021-10-04T17:09:01+00:00", "2021-10-04T17:10:14+00:00", "2021-10-04T17:12:45+00:00", "2021-10-04T17:14:44+00:00", "2021-10-04T17:15:34+00:00", "2021-10-04T17:16:47+00:00", "2021-10-04T17:18:20+00:00", "2021-10-04T17:19:27+00:00", "2021-10-04T17:21:36+00:00", "2021-10-04T17:21:53+00:00", "2021-10-04T17:23:30+00:00", "2021-10-04T17:24:51+00:00", "2021-10-04T17:26:43+00:00", "2021-10-04T17:27:34+00:00", "2021-10-04T17:29:02+00:00", "2021-10-04T17:31:09+00:00", "2021-10-04T17:32:29+00:00", "2021-10-04T17:33:24+00:00", "2021-10-04T17:36:01+00:00", "2021-10-04T17:38:06+00:00", "2021-10-04T17:39:14+00:00", "2021-10-04T17:40:13+00:00", "2021-10-04T17:42:55+00:00", "2021-10-04T17:44:50+00:00", "2021-10-04T17:47:05+00:00", "2021-10-04T17:47:35+00:00", "2021-10-04T17:50:49+00:00", "2021-10-04T17:52:00+00:00", "2021-10-04T17:53:00+00:00", "2021-10-04T17:53:55+00:00", "2021-10-04T17:56:30+00:00", "2021-10-04T17:57:32+00:00", "2021-10-04T17:59:37+00:00", "2021-10-04T18:03:56+00:00", "2021-10-04T18:05:28+00:00", "2021-10-04T18:07:30+00:00", "2021-10-04T18:09:39+00:00", "2021-10-04T18:11:33+00:00", "2021-10-04T18:14:23+00:00", "2021-10-04T18:15:31+00:00", "2021-10-04T18:17:30+00:00", "2021-10-04T18:19:49+00:00", "2021-10-04T18:22:56+00:00", "2021-10-04T18:25:08+00:00", "2021-10-04T18:27:32+00:00", "2021-10-04T18:30:46+00:00", "2021-10-04T18:33:27+00:00", "2021-10-04T18:34:59+00:00", "2021-10-04T18:38:51+00:00", "2021-10-04T18:41:39+00:00", "2021-10-04T18:43:47+00:00", "2021-10-04T18:46:27+00:00", "2021-10-04T18:47:43+00:00", "2021-10-04T18:50:15+00:00", "2021-10-04T18:51:53+00:00", "2021-10-04T18:54:16+00:00", "2021-10-04T18:55:24+00:00", "2021-10-04T18:57:44+00:00", "2021-10-04T19:00:16+00:00", "2021-10-04T19:02:19+00:00", "2021-10-04T19:04:55+00:00", "2021-10-04T19:08:35+00:00", "2021-10-04T19:11:19+00:00", "2021-10-04T19:13:14+00:00", "2021-10-04T19:17:45+00:00", "2021-10-04T19:20:09+00:00", "2021-10-04T19:23:33+00:00", "2021-10-04T19:26:00+00:00", "2021-10-04T19:27:22+00:00", "2021-10-04T19:30:38+00:00", "2021-10-04T19:34:46+00:00", "2021-10-04T19:37:45+00:00", "2021-10-04T19:39:02+00:00", "2021-10-04T19:41:52+00:00", "2021-10-04T19:45:43+00:00", "2021-10-04T19:47:45+00:00", "2021-10-04T19:51:05+00:00", "2021-10-04T19:54:21+00:00", "2021-10-04T19:57:45+00:00", "2021-10-04T20:02:32+00:00", "2021-10-04T20:06:35+00:00", "2021-10-04T20:09:36+00:00", "2021-10-04T20:12:13+00:00", "2021-10-04T20:15:17+00:00", "2021-10-04T20:19:29+00:00", "2021-10-04T20:22:56+00:00", "2021-10-04T20:24:52+00:00", "2021-10-04T20:27:45+00:00", "2021-10-04T20:29:50+00:00", "2021-10-04T20:30:28+00:00", "2021-10-04T20:36:07+00:00", "2021-10-04T20:37:29+00:00", "2021-10-04T20:38:55+00:00", "2021-10-04T20:39:52+00:00", "2021-10-04T20:43:38+00:00", "2021-10-04T20:45:41+00:00", "2021-10-04T20:46:51+00:00", "2021-10-04T20:47:45+00:00", "2021-10-04T20:50:12+00:00", "2021-10-04T20:51:02+00:00", "2021-10-04T20:53:01+00:00", "2021-10-04T20:54:39+00:00", "2021-10-04T20:57:20+00:00", "2021-10-04T20:59:56+00:00", "2021-10-04T21:01:26+00:00", "2021-10-04T21:03:05+00:00", "2021-10-04T21:06:43+00:00", "2021-10-04T21:11:02+00:00", "2021-10-04T21:12:12+00:00", "2021-10-04T21:14:19+00:00", "2021-10-04T21:18:13+00:00", "2021-10-04T21:19:19+00:00", "2021-10-04T21:25:12+00:00", "2021-10-04T21:27:45+00:00", "2021-10-04T21:29:56+00:00", "2021-10-04T21:34:56+00:00", "2021-10-04T21:37:55+00:00", "2021-10-04T21:40:08+00:00", "2021-10-04T21:46:14+00:00", "2021-10-04T21:47:59+00:00", "2021-10-04T21:51:05+00:00", "2021-10-04T21:57:40+00:00", "2021-10-04T21:57:59+00:00", "2021-10-04T22:03:13+00:00", "2021-10-04T22:04:23+00:00", "2021-10-04T22:07:59+00:00", "2021-10-04T22:14:06+00:00", "2021-10-04T22:17:44+00:00", "2021-10-04T22:22:17+00:00", "2021-10-04T22:28:00+00:00", "2021-10-04T22:28:37+00:00", "2021-10-04T22:32:29+00:00", "2021-10-04T22:34:40+00:00", "2021-10-04T22:37:58+00:00", "2021-10-04T22:40:26+00:00", "2021-10-04T22:41:44+00:00", "2021-10-04T22:48:00+00:00", "2021-10-04T22:52:53+00:00", "2021-10-04T22:57:13+00:00", "2021-10-04T22:58:01+00:00", "2021-10-04T23:04:50+00:00", "2021-10-04T23:08:01+00:00", "2021-10-04T23:15:49+00:00", "2021-10-04T23:18:00+00:00", "2021-10-04T23:20:05+00:00", "2021-10-04T23:24:46+00:00", "2021-10-04T23:25:30+00:00", "2021-10-04T23:26:40+00:00", "2021-10-04T23:28:01+00:00", "2021-10-04T23:29:31+00:00", "2021-10-04T23:31:20+00:00", "2021-10-04T23:32:17+00:00", "2021-10-04T23:33:31+00:00", "2021-10-04T23:34:36+00:00", "2021-10-04T23:35:49+00:00", "2021-10-04T23:36:34+00:00", "2021-10-04T23:37:44+00:00", "2021-10-04T23:38:04+00:00", "2021-10-04T23:40:02+00:00", "2021-10-04T23:40:51+00:00", "2021-10-04T23:41:39+00:00", "2021-10-04T23:43:17+00:00", "2021-10-04T23:43:57+00:00", "2021-10-04T23:48:07+00:00", "2021-10-04T23:49:32+00:00", "2021-10-04T23:52:47+00:00", "2021-10-04T23:57:57+00:00", "2021-10-05T00:00:07+00:00", "2021-10-05T00:01:53+00:00", "2021-10-05T00:04:03+00:00", "2021-10-05T00:07:26+00:00", "2021-10-05T00:08:08+00:00", "2021-10-05T00:12:40+00:00", "2021-10-05T00:16:58+00:00", "2021-10-05T00:18:50+00:00", "2021-10-05T00:21:01+00:00", "2021-10-05T00:24:02+00:00", "2021-10-05T00:28:11+00:00", "2021-10-05T00:29:29+00:00", "2021-10-05T00:35:47+00:00", "2021-10-05T00:36:48+00:00", "2021-10-05T00:38:12+00:00", "2021-10-05T00:42:04+00:00", "2021-10-05T00:48:11+00:00", "2021-10-05T00:48:36+00:00", "2021-10-05T00:52:49+00:00", "2021-10-05T00:54:31+00:00", "2021-10-05T00:56:42+00:00", "2021-10-05T00:58:17+00:00", "2021-10-05T01:04:48+00:00", "2021-10-05T01:06:41+00:00", "2021-10-05T01:08:18+00:00", "2021-10-05T01:15:26+00:00", "2021-10-05T01:18:19+00:00", "2021-10-05T01:20:52+00:00", "2021-10-05T01:26:25+00:00", "2021-10-05T01:27:39+00:00", "2021-10-05T01:31:54+00:00", "2021-10-05T01:34:03+00:00", "2021-10-05T01:36:20+00:00", "2021-10-05T01:38:17+00:00", "2021-10-05T01:39:34+00:00", "2021-10-05T01:43:29+00:00", "2021-10-05T01:46:01+00:00", "2021-10-05T01:48:17+00:00", "2021-10-05T01:50:04+00:00", "2021-10-05T01:51:32+00:00", "2021-10-05T01:58:17+00:00", "2021-10-05T02:00:00+00:00", "2021-10-05T02:02:04+00:00", "2021-10-05T02:05:12+00:00", "2021-10-05T02:07:08+00:00", "2021-10-05T02:08:21+00:00", "2021-10-05T02:12:12+00:00", "2021-10-05T02:16:53+00:00", "2021-10-05T02:18:21+00:00", "2021-10-05T02:28:15+00:00", "2021-10-05T02:29:57+00:00", "2021-10-05T02:35:39+00:00", "2021-10-05T02:38:19+00:00", "2021-10-05T02:40:12+00:00", "2021-10-05T02:48:15+00:00", "2021-10-05T02:49:16+00:00", "2021-10-05T02:53:41+00:00", "2021-10-05T02:58:20+00:00", "2021-10-05T02:58:45+00:00", "2021-10-05T03:03:13+00:00", "2021-10-05T03:08:22+00:00", "2021-10-05T03:10:06+00:00", "2021-10-05T03:16:02+00:00", "2021-10-05T03:18:22+00:00", "2021-10-05T03:19:58+00:00", "2021-10-05T03:24:23+00:00", "2021-10-05T03:28:15+00:00", "2021-10-05T03:30:33+00:00", "2021-10-05T03:34:15+00:00", "2021-10-05T03:38:10+00:00", "2021-10-05T03:41:57+00:00", "2021-10-05T03:47:46+00:00", "2021-10-05T03:48:25+00:00", "2021-10-05T03:58:22+00:00", "2021-10-05T04:00:22+00:00", "2021-10-05T04:08:15+00:00", "2021-10-05T04:16:34+00:00", "2021-10-05T04:18:15+00:00", "2021-10-05T04:28:15+00:00", "2021-10-05T04:32:02+00:00", "2021-10-05T04:32:26+00:00", "2021-10-05T04:38:16+00:00", "2021-10-05T04:39:30+00:00", "2021-10-05T04:42:09+00:00", "2021-10-05T04:48:31+00:00", "2021-10-05T04:58:07+00:00", "2021-10-05T04:59:44+00:00", "2021-10-05T05:03:12+00:00", "2021-10-05T05:07:38+00:00", "2021-10-05T05:08:30+00:00", "2021-10-05T05:09:38+00:00", "2021-10-05T05:16:58+00:00", "2021-10-05T05:18:32+00:00", "2021-10-05T05:23:31+00:00", "2021-10-05T05:27:28+00:00", "2021-10-05T05:28:29+00:00", "2021-10-05T05:32:42+00:00", "2021-10-05T05:34:03+00:00", "2021-10-05T05:37:40+00:00", "2021-10-05T05:38:30+00:00", "2021-10-05T05:40:27+00:00", "2021-10-05T05:41:37+00:00", "2021-10-05T05:42:34+00:00", "2021-10-05T05:44:32+00:00", "2021-10-05T05:46:22+00:00", "2021-10-05T05:48:24+00:00", "2021-10-05T05:49:09+00:00", "2021-10-05T05:50:11+00:00", "2021-10-05T05:51:25+00:00", "2021-10-05T05:54:25+00:00", "2021-10-05T05:55:02+00:00", "2021-10-05T05:56:12+00:00", "2021-10-05T05:58:35+00:00", "2021-10-05T06:03:40+00:00", "2021-10-05T06:06:42+00:00", "2021-10-05T06:08:35+00:00", "2021-10-05T06:12:26+00:00", "2021-10-05T06:14:37+00:00", "2021-10-05T06:17:02+00:00", "2021-10-05T06:19:19+00:00", "2021-10-05T06:22:04+00:00", "2021-10-05T06:23:29+00:00", "2021-10-05T06:27:15+00:00", "2021-10-05T06:29:11+00:00", "2021-10-05T06:31:49+00:00", "2021-10-05T06:37:35+00:00", "2021-10-05T06:38:30+00:00", "2021-10-05T06:40:16+00:00", "2021-10-05T06:48:16+00:00", "2021-10-05T06:48:41+00:00", "2021-10-05T06:50:17+00:00", "2021-10-05T06:55:40+00:00", "2021-10-05T06:58:21+00:00", "2021-10-05T07:00:22+00:00", "2021-10-05T07:03:11+00:00", "2021-10-05T07:05:35+00:00", "2021-10-05T07:08:29+00:00", "2021-10-05T07:10:03+00:00", "2021-10-05T07:14:12+00:00", "2021-10-05T07:15:00+00:00", "2021-10-05T07:17:47+00:00", "2021-10-05T07:21:48+00:00", "2021-10-05T07:26:37+00:00", "2021-10-05T07:28:41+00:00", "2021-10-05T07:30:17+00:00", "2021-10-05T07:37:44+00:00", "2021-10-05T07:38:41+00:00", "2021-10-05T07:43:30+00:00", "2021-10-05T07:45:04+00:00", "2021-10-05T07:46:54+00:00", "2021-10-05T07:48:45+00:00", "2021-10-05T07:51:39+00:00", "2021-10-05T07:54:26+00:00", "2021-10-05T07:58:45+00:00", "2021-10-05T08:01:21+00:00", "2021-10-05T08:02:43+00:00", "2021-10-05T08:06:27+00:00", "2021-10-05T08:08:45+00:00", "2021-10-05T08:12:09+00:00", "2021-10-05T08:13:06+00:00", "2021-10-05T08:18:43+00:00", "2021-10-05T08:19:53+00:00", "2021-10-05T08:22:40+00:00", "2021-10-05T08:28:34+00:00", "2021-10-05T08:32:31+00:00", "2021-10-05T08:37:20+00:00", "2021-10-05T08:38:48+00:00", "2021-10-05T08:41:42+00:00", "2021-10-05T08:44:35+00:00", "2021-10-05T08:46:20+00:00", "2021-10-05T08:48:45+00:00", "2021-10-05T08:51:10+00:00", "2021-10-05T08:53:31+00:00", "2021-10-05T08:55:44+00:00", "2021-10-05T08:57:01+00:00", "2021-10-05T08:59:26+00:00", "2021-10-05T09:01:27+00:00", "2021-10-05T09:06:01+00:00", "2021-10-05T09:08:39+00:00", "2021-10-05T09:13:25+00:00", "2021-10-05T09:16:38+00:00", "2021-10-05T09:17:19+00:00", "2021-10-05T09:18:51+00:00", "2021-10-05T09:21:17+00:00", "2021-10-05T09:22:37+00:00", "2021-10-05T09:27:48+00:00", "2021-10-05T09:28:45+00:00", "2021-10-05T09:30:05+00:00", "2021-10-05T09:35:16+00:00", "2021-10-05T09:37:21+00:00", "2021-10-05T09:40:46+00:00", "2021-10-05T09:43:36+00:00", "2021-10-05T09:46:01+00:00", "2021-10-05T09:48:45+00:00", "2021-10-05T09:52:00+00:00", "2021-10-05T09:55:11+00:00", "2021-10-05T09:58:34+00:00", "2021-10-05T10:02:10+00:00", "2021-10-05T10:03:40+00:00", "2021-10-05T10:08:45+00:00", "2021-10-05T10:09:59+00:00", "2021-10-05T10:11:57+00:00", "2021-10-05T10:15:09+00:00", "2021-10-05T10:17:07+00:00", "2021-10-05T10:18:53+00:00", "2021-10-05T10:20:35+00:00", "2021-10-05T10:23:46+00:00", "2021-10-05T10:25:36+00:00", "2021-10-05T10:28:53+00:00", "2021-10-05T10:32:08+00:00", "2021-10-05T10:32:57+00:00", "2021-10-05T10:36:57+00:00", "2021-10-05T10:38:53+00:00", "2021-10-05T10:40:05+00:00", "2021-10-05T10:42:56+00:00", "2021-10-05T10:45:11+00:00", "2021-10-05T10:47:01+00:00", "2021-10-05T10:48:58+00:00", "2021-10-05T10:50:53+00:00", "2021-10-05T10:54:00+00:00", "2021-10-05T10:56:06+00:00", "2021-10-05T10:58:45+00:00", "2021-10-05T11:01:21+00:00", "2021-10-05T11:05:21+00:00", "2021-10-05T11:08:58+00:00", "2021-10-05T11:09:30+00:00", "2021-10-05T11:14:39+00:00", "2021-10-05T11:17:22+00:00", "2021-10-05T11:19:32+00:00", "2021-10-05T11:25:02+00:00", "2021-10-05T11:26:36+00:00", "2021-10-05T11:29:20+00:00", "2021-10-05T11:32:59+00:00", "2021-10-05T11:33:48+00:00", "2021-10-05T11:38:58+00:00", "2021-10-05T11:47:51+00:00", "2021-10-05T11:48:58+00:00", "2021-10-05T11:51:27+00:00", "2021-10-05T11:53:09+00:00", "2021-10-05T11:58:47+00:00", "2021-10-05T12:05:47+00:00", "2021-10-05T12:07:37+00:00", "2021-10-05T12:09:00+00:00", "2021-10-05T12:13:19+00:00", "2021-10-05T12:14:57+00:00", "2021-10-05T12:16:39+00:00", "2021-10-05T12:21:32+00:00", "2021-10-05T12:23:30+00:00", "2021-10-05T12:26:33+00:00", "2021-10-05T12:29:03+00:00", "2021-10-05T12:30:34+00:00", "2021-10-05T12:33:49+00:00", "2021-10-05T12:37:50+00:00", "2021-10-05T12:39:34+00:00", "2021-10-05T12:41:26+00:00", "2021-10-05T12:43:23+00:00", "2021-10-05T12:45:59+00:00", "2021-10-05T12:48:15+00:00", "2021-10-05T12:50:27+00:00", "2021-10-05T12:54:52+00:00", "2021-10-05T12:57:28+00:00", "2021-10-05T12:59:05+00:00", "2021-10-05T13:03:20+00:00", "2021-10-05T13:05:49+00:00", "2021-10-05T13:09:05+00:00", "2021-10-05T13:10:45+00:00", "2021-10-05T13:14:10+00:00", "2021-10-05T13:16:23+00:00", "2021-10-05T13:20:47+00:00", "2021-10-05T13:23:16+00:00", "2021-10-05T13:26:57+00:00", "2021-10-05T13:29:07+00:00", "2021-10-05T13:31:25+00:00", "2021-10-05T13:33:06+00:00", "2021-10-05T13:35:16+00:00", "2021-10-05T13:38:10+00:00", "2021-10-05T13:39:00+00:00", "2021-10-05T13:42:21+00:00", "2021-10-05T13:45:28+00:00", "2021-10-05T13:49:00+00:00", "2021-10-05T13:51:57+00:00", "2021-10-05T13:54:18+00:00", "2021-10-05T13:59:00+00:00", "2021-10-05T14:03:50+00:00", "2021-10-05T14:06:07+00:00", "2021-10-05T14:09:05+00:00", "2021-10-05T14:11:40+00:00", "2021-10-05T14:17:08+00:00", "2021-10-05T14:19:00+00:00", "2021-10-05T14:22:00+00:00", "2021-10-05T14:24:33+00:00", "2021-10-05T14:27:56+00:00", "2021-10-05T14:29:01+00:00", "2021-10-05T14:32:03+00:00", "2021-10-05T14:35:10+00:00", "2021-10-05T14:39:07+00:00", "2021-10-05T14:40:22+00:00", "2021-10-05T14:42:18+00:00", "2021-10-05T14:45:19+00:00", "2021-10-05T14:46:07+00:00", "2021-10-05T14:47:43+00:00", "2021-10-05T14:49:12+00:00", "2021-10-05T14:51:36+00:00", "2021-10-05T14:56:33+00:00", "2021-10-05T14:58:10+00:00", "2021-10-05T14:59:12+00:00", "2021-10-05T15:02:28+00:00", "2021-10-05T15:04:13+00:00", "2021-10-05T15:04:50+00:00", "2021-10-05T15:08:12+00:00", "2021-10-05T15:09:58+00:00", "2021-10-05T15:12:48+00:00", "2021-10-05T15:13:45+00:00", "2021-10-05T15:17:16+00:00", "2021-10-05T15:18:13+00:00", "2021-10-05T15:19:11+00:00", "2021-10-05T15:19:54+00:00", "2021-10-05T15:20:42+00:00", "2021-10-05T15:21:39+00:00", "2021-10-05T15:24:01+00:00", "2021-10-05T15:25:22+00:00", "2021-10-05T15:26:23+00:00", "2021-10-05T15:27:53+00:00", "2021-10-05T15:30:15+00:00", "2021-10-05T15:31:07+00:00", "2021-10-05T15:32:53+00:00", "2021-10-05T15:34:02+00:00", "2021-10-05T15:36:40+00:00", "2021-10-05T15:38:21+00:00", "2021-10-05T15:39:14+00:00", "2021-10-05T15:41:24+00:00", "2021-10-05T15:43:05+00:00", "2021-10-05T15:44:38+00:00", "2021-10-05T15:47:24+00:00", "2021-10-05T15:48:33+00:00", "2021-10-05T15:50:30+00:00", "2021-10-05T15:51:11+00:00", "2021-10-05T15:55:01+00:00", "2021-10-05T15:57:39+00:00", "2021-10-05T15:59:15+00:00", "2021-10-05T16:01:19+00:00", "2021-10-05T16:03:25+00:00", "2021-10-05T16:04:26+00:00", "2021-10-05T16:07:11+00:00", "2021-10-05T16:09:17+00:00", "2021-10-05T16:10:38+00:00", "2021-10-05T16:13:28+00:00", "2021-10-05T16:15:30+00:00", "2021-10-05T16:18:48+00:00", "2021-10-05T16:19:17+00:00", "2021-10-05T16:23:03+00:00", "2021-10-05T16:24:48+00:00", "2021-10-05T16:28:39+00:00", "2021-10-05T16:30:20+00:00", "2021-10-05T16:33:50+00:00", "2021-10-05T16:38:05+00:00", "2021-10-05T16:41:11+00:00", "2021-10-05T16:43:29+00:00", "2021-10-05T16:48:32+00:00", "2021-10-05T16:49:33+00:00", "2021-10-05T16:54:32+00:00", "2021-10-05T16:57:34+00:00", "2021-10-05T16:59:23+00:00", "2021-10-05T17:05:40+00:00", "2021-10-05T17:09:23+00:00", "2021-10-05T17:10:52+00:00", "2021-10-05T17:15:19+00:00", "2021-10-05T17:17:08+00:00", "2021-10-05T17:19:24+00:00", "2021-10-05T17:21:55+00:00", "2021-10-05T17:24:21+00:00", "2021-10-05T17:24:53+00:00", "2021-10-05T17:28:28+00:00", "2021-10-05T17:29:24+00:00", "2021-10-05T17:31:34+00:00", "2021-10-05T17:34:32+00:00", "2021-10-05T17:37:30+00:00", "2021-10-05T17:39:23+00:00", "2021-10-05T17:40:44+00:00", "2021-10-05T17:44:52+00:00", "2021-10-05T17:46:34+00:00", "2021-10-05T17:49:15+00:00", "2021-10-05T17:50:59+00:00", "2021-10-05T17:54:22+00:00", "2021-10-05T17:57:54+00:00", "2021-10-05T17:59:56+00:00", "2021-10-05T18:04:15+00:00", "2021-10-05T18:06:23+00:00", "2021-10-05T18:08:42+00:00", "2021-10-05T18:10:03+00:00", "2021-10-05T18:14:00+00:00", "2021-10-05T18:16:14+00:00", "2021-10-05T18:19:54+00:00", "2021-10-05T18:23:42+00:00", "2021-10-05T18:25:24+00:00", "2021-10-05T18:27:59+00:00", "2021-10-05T18:31:47+00:00", "2021-10-05T18:34:25+00:00", "2021-10-05T18:38:47+00:00", "2021-10-05T18:40:25+00:00", "2021-10-05T18:44:25+00:00", "2021-10-05T18:48:38+00:00", "2021-10-05T18:53:07+00:00", "2021-10-05T18:57:36+00:00", "2021-10-05T19:00:23+00:00", "2021-10-05T19:04:11+00:00", "2021-10-05T19:05:48+00:00", "2021-10-05T19:10:23+00:00", "2021-10-05T19:12:24+00:00", "2021-10-05T19:15:10+00:00", "2021-10-05T19:19:40+00:00", "2021-10-05T19:22:34+00:00", "2021-10-05T19:24:31+00:00", "2021-10-05T19:27:21+00:00", "2021-10-05T19:30:23+00:00", "2021-10-05T19:33:26+00:00", "2021-10-05T19:34:15+00:00", "2021-10-05T19:39:12+00:00", "2021-10-05T19:42:29+00:00", "2021-10-05T19:44:28+00:00", "2021-10-05T19:51:04+00:00", "2021-10-05T19:54:23+00:00", "2021-10-05T19:56:41+00:00", "2021-10-05T20:04:15+00:00", "2021-10-05T20:04:47+00:00", "2021-10-05T20:09:07+00:00", "2021-10-05T20:14:30+00:00", "2021-10-05T20:23:19+00:00", "2021-10-05T20:24:30+00:00", "2021-10-05T20:29:38+00:00", "2021-10-05T20:31:01+00:00", "2021-10-05T20:34:31+00:00", "2021-10-05T20:39:22+00:00", "2021-10-05T20:43:31+00:00", "2021-10-05T20:44:30+00:00", "2021-10-05T20:54:29+00:00", "2021-10-05T20:55:46+00:00", "2021-10-05T21:04:29+00:00", "2021-10-05T21:05:57+00:00", "2021-10-05T21:08:37+00:00", "2021-10-05T21:14:33+00:00", "2021-10-05T21:14:59+00:00", "2021-10-05T21:24:13+00:00", "2021-10-05T21:24:30+00:00", "2021-10-05T21:33:12+00:00", "2021-10-05T21:34:30+00:00", "2021-10-05T21:38:09+00:00", "2021-10-05T21:44:32+00:00", "2021-10-05T21:50:06+00:00", "2021-10-05T21:54:30+00:00", "2021-10-05T21:55:49+00:00", "2021-10-05T22:01:02+00:00", "2021-10-05T22:04:36+00:00", "2021-10-05T22:14:02+00:00", "2021-10-05T22:14:32+00:00", "2021-10-05T22:24:30+00:00", "2021-10-05T22:26:46+00:00", "2021-10-05T22:32:20+00:00", "2021-10-05T22:34:33+00:00", "2021-10-05T22:42:55+00:00", "2021-10-05T22:44:33+00:00", "2021-10-05T22:50:02+00:00", "2021-10-05T22:54:35+00:00", "2021-10-05T22:55:24+00:00", "2021-10-05T23:02:37+00:00", "2021-10-05T23:04:36+00:00", "2021-10-05T23:08:43+00:00", "2021-10-05T23:13:36+00:00", "2021-10-05T23:14:37+00:00", "2021-10-05T23:24:30+00:00", "2021-10-05T23:26:08+00:00", "2021-10-05T23:30:48+00:00", "2021-10-05T23:34:07+00:00", "2021-10-05T23:42:48+00:00", "2021-10-05T23:44:30+00:00", "2021-10-05T23:54:44+00:00", "2021-10-05T23:56:26+00:00", "2021-10-06T00:02:30+00:00", "2021-10-06T00:04:45+00:00", "2021-10-06T00:09:02+00:00", "2021-10-06T00:12:28+00:00", "2021-10-06T00:14:45+00:00", "2021-10-06T00:18:40+00:00", "2021-10-06T00:24:45+00:00", "2021-10-06T00:27:36+00:00", "2021-10-06T00:29:44+00:00", "2021-10-06T00:34:45+00:00", "2021-10-06T00:37:12+00:00", "2021-10-06T00:44:45+00:00", "2021-10-06T00:45:48+00:00", "2021-10-06T00:53:24+00:00", "2021-10-06T00:54:45+00:00", "2021-10-06T01:00:22+00:00", "2021-10-06T01:04:48+00:00", "2021-10-06T01:08:03+00:00", "2021-10-06T01:12:42+00:00", "2021-10-06T01:14:49+00:00", "2021-10-06T01:18:37+00:00", "2021-10-06T01:19:23+00:00", "2021-10-06T01:24:45+00:00", "2021-10-06T01:25:44+00:00", "2021-10-06T01:31:46+00:00", "2021-10-06T01:34:45+00:00", "2021-10-06T01:43:33+00:00", "2021-10-06T01:44:45+00:00", "2021-10-06T01:48:26+00:00", "2021-10-06T01:54:32+00:00", "2021-10-06T01:54:52+00:00", "2021-10-06T02:00:00+00:00", "2021-10-06T02:04:49+00:00", "2021-10-06T02:05:38+00:00", "2021-10-06T02:14:45+00:00", "2021-10-06T02:19:42+00:00", "2021-10-06T02:24:51+00:00", "2021-10-06T02:24:54+00:00", "2021-10-06T02:34:45+00:00", "2021-10-06T02:35:28+00:00", "2021-10-06T02:40:38+00:00", "2021-10-06T02:44:45+00:00", "2021-10-06T02:51:23+00:00", "2021-10-06T02:54:11+00:00", "2021-10-06T02:54:53+00:00", "2021-10-06T02:58:09+00:00", "2021-10-06T03:04:53+00:00", "2021-10-06T03:09:31+00:00", "2021-10-06T03:12:22+00:00", "2021-10-06T03:14:45+00:00", "2021-10-06T03:17:49+00:00", "2021-10-06T03:23:15+00:00", "2021-10-06T03:24:55+00:00", "2021-10-06T03:29:09+00:00", "2021-10-06T03:34:23+00:00", "2021-10-06T03:34:59+00:00", "2021-10-06T03:39:41+00:00", "2021-10-06T03:44:56+00:00", "2021-10-06T03:46:03+00:00", "2021-10-06T03:53:00+00:00", "2021-10-06T03:55:00+00:00", "2021-10-06T03:57:41+00:00", "2021-10-06T04:00:29+00:00", "2021-10-06T04:05:00+00:00", "2021-10-06T04:07:24+00:00", "2021-10-06T04:10:05+00:00", "2021-10-06T04:14:43+00:00", "2021-10-06T04:15:01+00:00", "2021-10-06T04:23:55+00:00", "2021-10-06T04:24:57+00:00", "2021-10-06T04:26:57+00:00", "2021-10-06T04:32:30+00:00", "2021-10-06T04:35:03+00:00", "2021-10-06T04:38:22+00:00", "2021-10-06T04:44:49+00:00", "2021-10-06T04:45:00+00:00", "2021-10-06T04:55:00+00:00", "2021-10-06T05:01:34+00:00", "2021-10-06T05:05:05+00:00", "2021-10-06T05:07:32+00:00", "2021-10-06T05:14:27+00:00", "2021-10-06T05:18:53+00:00", "2021-10-06T05:23:32+00:00", "2021-10-06T05:25:02+00:00", "2021-10-06T05:28:06+00:00", "2021-10-06T05:29:53+00:00", "2021-10-06T05:31:19+00:00", "2021-10-06T05:34:12+00:00", "2021-10-06T05:35:07+00:00", "2021-10-06T05:38:06+00:00", "2021-10-06T05:39:44+00:00", "2021-10-06T05:40:54+00:00", "2021-10-06T05:43:13+00:00", "2021-10-06T05:45:24+00:00", "2021-10-06T05:49:14+00:00", "2021-10-06T05:51:30+00:00", "2021-10-06T05:54:22+00:00", "2021-10-06T05:55:23+00:00", "2021-10-06T06:03:37+00:00", "2021-10-06T06:05:00+00:00", "2021-10-06T06:07:09+00:00", "2021-10-06T06:08:27+00:00", "2021-10-06T06:09:41+00:00", "2021-10-06T06:11:32+00:00", "2021-10-06T06:13:49+00:00", "2021-10-06T06:15:04+00:00", "2021-10-06T06:16:43+00:00", "2021-10-06T06:17:54+00:00", "2021-10-06T06:19:46+00:00", "2021-10-06T06:21:05+00:00", "2021-10-06T06:21:59+00:00", "2021-10-06T06:23:23+00:00", "2021-10-06T06:24:18+00:00", "2021-10-06T06:25:49+00:00", "2021-10-06T06:27:04+00:00", "2021-10-06T06:28:44+00:00", "2021-10-06T06:29:38+00:00", "2021-10-06T06:32:50+00:00", "2021-10-06T06:35:04+00:00", "2021-10-06T06:36:52+00:00", "2021-10-06T06:38:56+00:00", "2021-10-06T06:41:47+00:00", "2021-10-06T06:45:06+00:00", "2021-10-06T06:46:43+00:00", "2021-10-06T06:49:12+00:00", "2021-10-06T06:49:45+00:00", "2021-10-06T06:51:53+00:00", "2021-10-06T06:52:42+00:00", "2021-10-06T06:55:11+00:00", "2021-10-06T06:57:18+00:00", "2021-10-06T07:00:48+00:00", "2021-10-06T07:01:54+00:00", "2021-10-06T07:05:00+00:00", "2021-10-06T07:05:35+00:00", "2021-10-06T07:08:46+00:00", "2021-10-06T07:10:28+00:00", "2021-10-06T07:11:26+00:00", "2021-10-06T07:12:49+00:00", "2021-10-06T07:15:09+00:00", "2021-10-06T07:16:48+00:00", "2021-10-06T07:18:06+00:00", "2021-10-06T07:20:26+00:00", "2021-10-06T07:22:01+00:00", "2021-10-06T07:22:58+00:00", "2021-10-06T07:25:24+00:00", "2021-10-06T07:30:00+00:00", "2021-10-06T07:32:49+00:00", "2021-10-06T07:33:51+00:00", "2021-10-06T07:36:15+00:00", "2021-10-06T07:42:43+00:00", "2021-10-06T07:44:01+00:00", "2021-10-06T07:45:03+00:00", "2021-10-06T07:47:19+00:00", "2021-10-06T07:49:02+00:00", "2021-10-06T07:50:17+00:00", "2021-10-06T07:52:45+00:00", "2021-10-06T07:55:13+00:00", "2021-10-06T07:56:20+00:00", "2021-10-06T07:58:25+00:00", "2021-10-06T08:00:05+00:00", "2021-10-06T08:00:55+00:00", "2021-10-06T08:03:45+00:00", "2021-10-06T08:04:15+00:00", "2021-10-06T08:06:06+00:00", "2021-10-06T08:07:29+00:00", "2021-10-06T08:09:08+00:00", "2021-10-06T08:10:51+00:00", "2021-10-06T08:12:01+00:00", "2021-10-06T08:12:35+00:00", "2021-10-06T08:14:30+00:00", "2021-10-06T08:15:04+00:00", "2021-10-06T08:15:28+00:00", "2021-10-06T08:17:00+00:00", "2021-10-06T08:21:49+00:00", "2021-10-06T08:24:55+00:00", "2021-10-06T08:26:38+00:00", "2021-10-06T08:27:53+00:00", "2021-10-06T08:31:03+00:00", "2021-10-06T08:34:43+00:00", "2021-10-06T08:35:17+00:00", "2021-10-06T08:37:55+00:00", "2021-10-06T08:39:55+00:00", "2021-10-06T08:41:43+00:00", "2021-10-06T08:43:43+00:00", "2021-10-06T08:45:17+00:00", "2021-10-06T08:46:00+00:00", "2021-10-06T08:50:24+00:00", "2021-10-06T08:51:59+00:00", "2021-10-06T08:53:34+00:00", "2021-10-06T08:55:17+00:00", "2021-10-06T08:56:40+00:00", "2021-10-06T09:00:08+00:00", "2021-10-06T09:01:39+00:00", "2021-10-06T09:05:11+00:00", "2021-10-06T09:07:40+00:00", "2021-10-06T09:11:03+00:00", "2021-10-06T09:13:16+00:00", "2021-10-06T09:15:15+00:00", "2021-10-06T09:16:27+00:00", "2021-10-06T09:20:07+00:00", "2021-10-06T09:22:20+00:00", "2021-10-06T09:25:19+00:00", "2021-10-06T09:26:56+00:00", "2021-10-06T09:28:07+00:00", "2021-10-06T09:30:46+00:00", "2021-10-06T09:32:59+00:00", "2021-10-06T09:34:52+00:00", "2021-10-06T09:35:41+00:00", "2021-10-06T09:38:11+00:00", "2021-10-06T09:40:03+00:00", "2021-10-06T09:42:37+00:00", "2021-10-06T09:43:22+00:00", "2021-10-06T09:45:21+00:00", "2021-10-06T09:47:27+00:00", "2021-10-06T09:50:34+00:00", "2021-10-06T09:51:32+00:00", "2021-10-06T09:55:15+00:00", "2021-10-06T09:57:38+00:00", "2021-10-06T09:59:55+00:00", "2021-10-06T10:01:43+00:00", "2021-10-06T10:03:48+00:00", "2021-10-06T10:05:50+00:00", "2021-10-06T10:07:38+00:00", "2021-10-06T10:10:20+00:00", "2021-10-06T10:15:03+00:00", "2021-10-06T10:15:23+00:00", "2021-10-06T10:17:37+00:00", "2021-10-06T10:20:06+00:00", "2021-10-06T10:22:07+00:00", "2021-10-06T10:24:25+00:00", "2021-10-06T10:25:45+00:00", "2021-10-06T10:27:19+00:00", "2021-10-06T10:29:53+00:00", "2021-10-06T10:33:50+00:00", "2021-10-06T10:35:26+00:00", "2021-10-06T10:36:49+00:00", "2021-10-06T10:39:31+00:00", "2021-10-06T10:41:11+00:00", "2021-10-06T10:44:05+00:00", "2021-10-06T10:44:51+00:00", "2021-10-06T10:45:51+00:00", "2021-10-06T10:48:18+00:00", "2021-10-06T10:49:54+00:00", "2021-10-06T10:51:50+00:00", "2021-10-06T10:53:09+00:00", "2021-10-06T10:55:45+00:00", "2021-10-06T10:58:37+00:00", "2021-10-06T10:59:56+00:00", "2021-10-06T11:03:04+00:00", "2021-10-06T11:04:39+00:00", "2021-10-06T11:05:52+00:00", "2021-10-06T11:08:02+00:00", "2021-10-06T11:08:52+00:00", "2021-10-06T11:12:16+00:00", "2021-10-06T11:14:26+00:00", "2021-10-06T11:15:45+00:00", "2021-10-06T11:17:54+00:00", "2021-10-06T11:20:15+00:00", "2021-10-06T11:21:39+00:00", "2021-10-06T11:23:48+00:00", "2021-10-06T11:25:28+00:00", "2021-10-06T11:26:18+00:00", "2021-10-06T11:28:36+00:00", "2021-10-06T11:32:08+00:00", "2021-10-06T11:33:10+00:00", "2021-10-06T11:35:02+00:00", "2021-10-06T11:35:45+00:00", "2021-10-06T11:37:28+00:00", "2021-10-06T11:38:47+00:00", "2021-10-06T11:42:07+00:00", "2021-10-06T11:42:45+00:00", "2021-10-06T11:44:16+00:00", "2021-10-06T11:46:00+00:00", "2021-10-06T11:47:44+00:00", "2021-10-06T11:48:25+00:00", "2021-10-06T11:51:58+00:00", "2021-10-06T11:53:51+00:00", "2021-10-06T11:55:55+00:00", "2021-10-06T11:56:36+00:00", "2021-10-06T12:00:26+00:00", "2021-10-06T12:01:50+00:00", "2021-10-06T12:04:07+00:00", "2021-10-06T12:05:59+00:00", "2021-10-06T12:10:51+00:00", "2021-10-06T12:12:53+00:00", "2021-10-06T12:14:03+00:00", "2021-10-06T12:15:51+00:00", "2021-10-06T12:16:20+00:00", "2021-10-06T12:19:13+00:00", "2021-10-06T12:20:33+00:00", "2021-10-06T12:21:53+00:00", "2021-10-06T12:23:55+00:00", "2021-10-06T12:26:11+00:00", "2021-10-06T12:27:36+00:00", "2021-10-06T12:29:21+00:00", "2021-10-06T12:30:40+00:00", "2021-10-06T12:35:01+00:00", "2021-10-06T12:36:00+00:00", "2021-10-06T12:36:33+00:00", "2021-10-06T12:38:30+00:00", "2021-10-06T12:40:32+00:00", "2021-10-06T12:41:27+00:00", "2021-10-06T12:44:45+00:00", "2021-10-06T12:46:00+00:00", "2021-10-06T12:46:47+00:00", "2021-10-06T12:51:16+00:00", "2021-10-06T12:52:30+00:00", "2021-10-06T12:56:11+00:00", "2021-10-06T12:59:33+00:00", "2021-10-06T13:01:56+00:00", "2021-10-06T13:04:45+00:00", "2021-10-06T13:06:00+00:00", "2021-10-06T13:06:24+00:00", "2021-10-06T13:10:09+00:00", "2021-10-06T13:11:12+00:00", "2021-10-06T13:11:54+00:00", "2021-10-06T13:15:49+00:00", "2021-10-06T13:16:15+00:00", "2021-10-06T13:18:55+00:00", "2021-10-06T13:19:19+00:00", "2021-10-06T13:23:06+00:00", "2021-10-06T13:25:35+00:00", "2021-10-06T13:26:11+00:00", "2021-10-06T13:28:12+00:00", "2021-10-06T13:30:07+00:00", "2021-10-06T13:31:26+00:00", "2021-10-06T13:33:20+00:00", "2021-10-06T13:36:15+00:00", "2021-10-06T13:37:31+00:00", "2021-10-06T13:39:06+00:00", "2021-10-06T13:41:30+00:00", "2021-10-06T13:42:42+00:00", "2021-10-06T13:43:41+00:00", "2021-10-06T13:45:09+00:00", "2021-10-06T13:46:15+00:00", "2021-10-06T13:48:33+00:00", "2021-10-06T13:50:22+00:00", "2021-10-06T13:52:57+00:00", "2021-10-06T13:54:16+00:00", "2021-10-06T13:56:25+00:00", "2021-10-06T13:57:32+00:00", "2021-10-06T13:58:47+00:00", "2021-10-06T14:00:48+00:00", "2021-10-06T14:01:59+00:00", "2021-10-06T14:04:37+00:00", "2021-10-06T14:06:20+00:00", "2021-10-06T14:07:33+00:00", "2021-10-06T14:09:23+00:00", "2021-10-06T14:10:52+00:00", "2021-10-06T14:11:25+00:00", "2021-10-06T14:13:24+00:00", "2021-10-06T14:14:50+00:00", "2021-10-06T14:16:25+00:00", "2021-10-06T14:17:34+00:00", "2021-10-06T14:19:04+00:00", "2021-10-06T14:20:05+00:00", "2021-10-06T14:23:04+00:00", "2021-10-06T14:24:25+00:00", "2021-10-06T14:26:26+00:00", "2021-10-06T14:27:11+00:00", "2021-10-06T14:28:36+00:00", "2021-10-06T14:31:18+00:00", "2021-10-06T14:32:32+00:00", "2021-10-06T14:33:12+00:00", "2021-10-06T14:36:27+00:00", "2021-10-06T14:38:41+00:00", "2021-10-06T14:39:42+00:00", "2021-10-06T14:43:42+00:00", "2021-10-06T14:44:56+00:00", "2021-10-06T14:46:25+00:00", "2021-10-06T14:49:32+00:00", "2021-10-06T14:50:36+00:00", "2021-10-06T14:53:02+00:00", "2021-10-06T14:55:36+00:00", "2021-10-06T14:56:29+00:00", "2021-10-06T14:59:07+00:00", "2021-10-06T14:59:55+00:00", "2021-10-06T15:02:25+00:00", "2021-10-06T15:03:50+00:00", "2021-10-06T15:04:59+00:00", "2021-10-06T15:06:30+00:00", "2021-10-06T15:07:24+00:00", "2021-10-06T15:09:34+00:00", "2021-10-06T15:11:03+00:00", "2021-10-06T15:12:28+00:00", "2021-10-06T15:13:53+00:00", "2021-10-06T15:16:19+00:00", "2021-10-06T15:16:47+00:00", "2021-10-06T15:18:28+00:00", "2021-10-06T15:21:50+00:00", "2021-10-06T15:23:04+00:00", "2021-10-06T15:24:16+00:00", "2021-10-06T15:25:41+00:00", "2021-10-06T15:26:33+00:00", "2021-10-06T15:29:11+00:00", "2021-10-06T15:30:24+00:00", "2021-10-06T15:33:38+00:00", "2021-10-06T15:35:11+00:00", "2021-10-06T15:36:36+00:00", "2021-10-06T15:37:37+00:00", "2021-10-06T15:41:28+00:00", "2021-10-06T15:44:26+00:00", "2021-10-06T15:45:27+00:00", "2021-10-06T15:46:36+00:00", "2021-10-06T15:50:55+00:00", "2021-10-06T15:51:52+00:00", "2021-10-06T15:55:02+00:00", "2021-10-06T15:56:30+00:00", "2021-10-06T15:56:59+00:00", "2021-10-06T15:59:25+00:00", "2021-10-06T16:02:11+00:00", "2021-10-06T16:03:32+00:00", "2021-10-06T16:04:57+00:00", "2021-10-06T16:06:30+00:00", "2021-10-06T16:16:30+00:00", "2021-10-06T16:22:03+00:00", "2021-10-06T16:23:28+00:00", "2021-10-06T16:24:21+00:00", "2021-10-06T16:26:10+00:00", "2021-10-06T16:26:43+00:00", "2021-10-06T16:28:32+00:00", "2021-10-06T16:30:53+00:00", "2021-10-06T16:32:10+00:00", "2021-10-06T16:35:00+00:00", "2021-10-06T16:36:43+00:00", "2021-10-06T16:38:46+00:00", "2021-10-06T16:39:55+00:00", "2021-10-06T16:42:08+00:00", "2021-10-06T16:43:33+00:00", "2021-10-06T16:45:14+00:00", "2021-10-06T16:46:42+00:00", "2021-10-06T16:47:35+00:00", "2021-10-06T16:50:09+00:00", "2021-10-06T16:51:34+00:00", "2021-10-06T16:52:18+00:00", "2021-10-06T16:55:32+00:00", "2021-10-06T16:56:13+00:00", "2021-10-06T16:56:47+00:00", "2021-10-06T16:59:03+00:00", "2021-10-06T17:01:20+00:00", "2021-10-06T17:02:29+00:00", "2021-10-06T17:05:11+00:00", "2021-10-06T17:06:45+00:00", "2021-10-06T17:07:28+00:00", "2021-10-06T17:09:01+00:00", "2021-10-06T17:11:51+00:00", "2021-10-06T17:13:12+00:00", "2021-10-06T17:14:16+00:00", "2021-10-06T17:16:30+00:00", "2021-10-06T17:17:14+00:00", "2021-10-06T17:18:27+00:00", "2021-10-06T17:20:12+00:00", "2021-10-06T17:21:25+00:00", "2021-10-06T17:22:58+00:00", "2021-10-06T17:25:08+00:00", "2021-10-06T17:26:49+00:00", "2021-10-06T17:28:05+00:00", "2021-10-06T17:31:43+00:00", "2021-10-06T17:32:32+00:00", "2021-10-06T17:33:57+00:00", "2021-10-06T17:34:57+00:00", "2021-10-06T17:37:00+00:00", "2021-10-06T17:37:39+00:00", "2021-10-06T17:39:48+00:00", "2021-10-06T17:40:45+00:00", "2021-10-06T17:42:46+00:00", "2021-10-06T17:43:15+00:00", "2021-10-06T17:46:53+00:00", "2021-10-06T17:47:13+00:00", "2021-10-06T17:50:23+00:00", "2021-10-06T17:51:32+00:00", "2021-10-06T17:53:49+00:00", "2021-10-06T17:55:14+00:00", "2021-10-06T17:57:12+00:00", "2021-10-06T17:59:01+00:00", "2021-10-06T18:00:58+00:00", "2021-10-06T18:07:00+00:00", "2021-10-06T18:09:23+00:00", "2021-10-06T18:11:20+00:00", "2021-10-06T18:12:53+00:00", "2021-10-06T18:14:42+00:00", "2021-10-06T18:15:47+00:00", "2021-10-06T18:17:28+00:00", "2021-10-06T18:19:37+00:00", "2021-10-06T18:19:57+00:00", "2021-10-06T18:23:16+00:00", "2021-10-06T18:25:13+00:00", "2021-10-06T18:27:12+00:00", "2021-10-06T18:28:59+00:00", "2021-10-06T18:29:44+00:00", "2021-10-06T18:32:05+00:00", "2021-10-06T18:32:58+00:00", "2021-10-06T18:35:40+00:00", "2021-10-06T18:37:15+00:00", "2021-10-06T18:39:22+00:00", "2021-10-06T18:40:43+00:00", "2021-10-06T18:42:52+00:00", "2021-10-06T18:44:45+00:00", "2021-10-06T18:46:11+00:00", "2021-10-06T18:48:20+00:00", "2021-10-06T18:49:45+00:00", "2021-10-06T18:52:35+00:00", "2021-10-06T18:53:23+00:00", "2021-10-06T18:55:33+00:00", "2021-10-06T18:56:37+00:00", "2021-10-06T18:58:43+00:00", "2021-10-06T18:59:11+00:00", "2021-10-06T19:00:20+00:00", "2021-10-06T19:02:15+00:00", "2021-10-06T19:04:50+00:00", "2021-10-06T19:05:55+00:00", "2021-10-06T19:07:08+00:00", "2021-10-06T19:08:05+00:00", "2021-10-06T19:12:15+00:00", "2021-10-06T19:14:13+00:00", "2021-10-06T19:16:10+00:00", "2021-10-06T19:18:12+00:00", "2021-10-06T19:20:09+00:00", "2021-10-06T19:21:46+00:00", "2021-10-06T19:23:19+00:00", "2021-10-06T19:24:48+00:00", "2021-10-06T19:26:49+00:00", "2021-10-06T19:28:43+00:00", "2021-10-06T19:31:16+00:00", "2021-10-06T19:32:15+00:00", "2021-10-06T19:33:30+00:00", "2021-10-06T19:34:30+00:00", "2021-10-06T19:37:37+00:00", "2021-10-06T19:39:14+00:00", "2021-10-06T19:40:59+00:00", "2021-10-06T19:42:28+00:00", "2021-10-06T19:43:17+00:00", "2021-10-06T19:46:11+00:00", "2021-10-06T19:50:54+00:00", "2021-10-06T19:52:30+00:00", "2021-10-06T19:53:53+00:00", "2021-10-06T19:54:58+00:00", "2021-10-06T19:58:00+00:00", "2021-10-06T20:00:05+00:00", "2021-10-06T20:02:27+00:00", "2021-10-06T20:05:17+00:00", "2021-10-06T20:06:50+00:00", "2021-10-06T20:08:15+00:00", "2021-10-06T20:09:27+00:00", "2021-10-06T20:12:00+00:00", "2021-10-06T20:12:36+00:00", "2021-10-06T20:15:25+00:00", "2021-10-06T20:15:58+00:00", "2021-10-06T20:17:06+00:00", "2021-10-06T20:21:03+00:00", "2021-10-06T20:22:30+00:00", "2021-10-06T20:24:08+00:00", "2021-10-06T20:25:16+00:00", "2021-10-06T20:26:45+00:00", "2021-10-06T20:28:01+00:00", "2021-10-06T20:29:54+00:00", "2021-10-06T20:31:06+00:00", "2021-10-06T20:32:02+00:00", "2021-10-06T20:32:51+00:00", "2021-10-06T20:34:47+00:00", "2021-10-06T20:36:36+00:00", "2021-10-06T20:37:40+00:00", "2021-10-06T20:39:41+00:00", "2021-10-06T20:40:25+00:00", "2021-10-06T20:42:31+00:00", "2021-10-06T20:44:26+00:00", "2021-10-06T20:45:58+00:00", "2021-10-06T20:47:15+00:00", "2021-10-06T20:49:39+00:00", "2021-10-06T20:50:36+00:00", "2021-10-06T20:52:30+00:00", "2021-10-06T20:53:32+00:00", "2021-10-06T20:54:49+00:00", "2021-10-06T20:56:37+00:00", "2021-10-06T20:58:10+00:00", "2021-10-06T21:00:42+00:00", "2021-10-06T21:01:55+00:00", "2021-10-06T21:02:31+00:00", "2021-10-06T21:03:31+00:00", "2021-10-06T21:05:24+00:00", "2021-10-06T21:07:40+00:00", "2021-10-06T21:09:33+00:00", "2021-10-06T21:12:25+00:00", "2021-10-06T21:13:33+00:00", "2021-10-06T21:14:50+00:00", "2021-10-06T21:18:19+00:00", "2021-10-06T21:19:31+00:00", "2021-10-06T21:22:03+00:00", "2021-10-06T21:22:44+00:00", "2021-10-06T21:24:40+00:00", "2021-10-06T21:25:49+00:00", "2021-10-06T21:27:17+00:00", "2021-10-06T21:30:51+00:00", "2021-10-06T21:32:16+00:00", "2021-10-06T21:33:32+00:00", "2021-10-06T21:35:37+00:00", "2021-10-06T21:37:22+00:00", "2021-10-06T21:38:59+00:00", "2021-10-06T21:40:28+00:00", "2021-10-06T21:42:30+00:00", "2021-10-06T21:43:13+00:00", "2021-10-06T21:44:50+00:00", "2021-10-06T21:45:51+00:00", "2021-10-06T21:47:44+00:00", "2021-10-06T21:48:48+00:00", "2021-10-06T21:49:29+00:00", "2021-10-06T21:52:30+00:00", "2021-10-06T21:53:55+00:00", "2021-10-06T21:55:19+00:00", "2021-10-06T21:58:00+00:00", "2021-10-06T21:59:29+00:00", "2021-10-06T22:00:54+00:00", "2021-10-06T22:01:26+00:00", "2021-10-06T22:02:42+00:00", "2021-10-06T22:05:08+00:00", "2021-10-06T22:06:32+00:00", "2021-10-06T22:09:30+00:00", "2021-10-06T22:10:38+00:00", "2021-10-06T22:11:35+00:00", "2021-10-06T22:13:20+00:00", "2021-10-06T22:14:28+00:00", "2021-10-06T22:15:21+00:00", "2021-10-06T22:16:29+00:00", "2021-10-06T22:17:50+00:00", "2021-10-06T22:18:34+00:00", "2021-10-06T22:20:40+00:00", "2021-10-06T22:21:24+00:00", "2021-10-06T22:22:34+00:00", "2021-10-06T22:24:17+00:00", "2021-10-06T22:24:54+00:00", "2021-10-06T22:26:59+00:00", "2021-10-06T22:28:11+00:00", "2021-10-06T22:28:48+00:00", "2021-10-06T22:30:49+00:00", "2021-10-06T22:31:53+00:00", "2021-10-06T22:32:38+00:00", "2021-10-06T22:34:14+00:00", "2021-10-06T22:35:23+00:00", "2021-10-06T22:36:40+00:00", "2021-10-06T22:39:21+00:00", "2021-10-06T22:40:54+00:00", "2021-10-06T22:42:36+00:00", "2021-10-06T22:43:19+00:00", "2021-10-06T22:45:22+00:00", "2021-10-06T22:47:02+00:00", "2021-10-06T22:48:02+00:00", "2021-10-06T22:49:23+00:00", "2021-10-06T22:51:07+00:00", "2021-10-06T22:52:30+00:00", "2021-10-06T22:54:52+00:00", "2021-10-06T22:56:41+00:00", "2021-10-06T22:58:17+00:00", "2021-10-06T23:00:29+00:00", "2021-10-06T23:01:01+00:00", "2021-10-06T23:02:36+00:00", "2021-10-06T23:04:06+00:00", "2021-10-06T23:04:34+00:00", "2021-10-06T23:09:15+00:00", "2021-10-06T23:09:47+00:00", "2021-10-06T23:11:31+00:00", "2021-10-06T23:12:38+00:00", "2021-10-06T23:16:57+00:00", "2021-10-06T23:18:21+00:00", "2021-10-06T23:20:53+00:00", "2021-10-06T23:21:58+00:00", "2021-10-06T23:22:46+00:00", "2021-10-06T23:24:26+00:00", "2021-10-06T23:26:35+00:00", "2021-10-06T23:27:39+00:00", "2021-10-06T23:30:08+00:00", "2021-10-06T23:32:49+00:00", "2021-10-06T23:34:57+00:00", "2021-10-06T23:38:26+00:00", "2021-10-06T23:40:27+00:00", "2021-10-06T23:42:43+00:00", "2021-10-06T23:46:57+00:00", "2021-10-06T23:48:05+00:00", "2021-10-06T23:50:25+00:00", "2021-10-06T23:52:43+00:00", "2021-10-06T23:53:10+00:00", "2021-10-06T23:58:08+00:00", "2021-10-07T00:00:49+00:00", "2021-10-07T00:01:53+00:00", "2021-10-07T00:03:05+00:00", "2021-10-07T00:06:18+00:00", "2021-10-07T00:09:31+00:00", "2021-10-07T00:10:35+00:00", "2021-10-07T00:12:44+00:00", "2021-10-07T00:14:49+00:00", "2021-10-07T00:17:05+00:00", "2021-10-07T00:19:06+00:00", "2021-10-07T00:21:18+00:00", "2021-10-07T00:22:45+00:00", "2021-10-07T00:24:47+00:00", "2021-10-07T00:27:12+00:00", "2021-10-07T00:28:37+00:00", "2021-10-07T00:32:19+00:00", "2021-10-07T00:32:46+00:00", "2021-10-07T00:34:24+00:00", "2021-10-07T00:38:10+00:00", "2021-10-07T00:41:31+00:00", "2021-10-07T00:42:44+00:00", "2021-10-07T00:47:54+00:00", "2021-10-07T00:49:59+00:00", "2021-10-07T00:52:45+00:00", "2021-10-07T00:55:05+00:00", "2021-10-07T00:59:55+00:00", "2021-10-07T01:02:16+00:00", "2021-10-07T01:04:00+00:00", "2021-10-07T01:05:45+00:00", "2021-10-07T01:08:21+00:00", "2021-10-07T01:09:54+00:00", "2021-10-07T01:12:47+00:00", "2021-10-07T01:14:26+00:00", "2021-10-07T01:17:07+00:00", "2021-10-07T01:18:39+00:00", "2021-10-07T01:21:12+00:00", "2021-10-07T01:23:44+00:00", "2021-10-07T01:25:45+00:00", "2021-10-07T01:27:29+00:00", "2021-10-07T01:31:02+00:00", "2021-10-07T01:32:49+00:00", "2021-10-07T01:35:43+00:00", "2021-10-07T01:38:12+00:00", "2021-10-07T01:42:45+00:00", "2021-10-07T01:44:18+00:00", "2021-10-07T01:46:58+00:00", "2021-10-07T01:49:23+00:00", "2021-10-07T01:52:45+00:00", "2021-10-07T01:53:28+00:00", "2021-10-07T01:56:45+00:00", "2021-10-07T02:00:00+00:00", "2021-10-07T02:02:45+00:00", "2021-10-07T02:05:46+00:00", "2021-10-07T02:11:07+00:00", "2021-10-07T02:12:45+00:00", "2021-10-07T02:13:20+00:00", "2021-10-07T02:18:13+00:00", "2021-10-07T02:19:01+00:00", "2021-10-07T02:22:10+00:00", "2021-10-07T02:22:52+00:00", "2021-10-07T02:27:03+00:00", "2021-10-07T02:29:20+00:00", "2021-10-07T02:30:48+00:00", "2021-10-07T02:32:51+00:00", "2021-10-07T02:35:27+00:00", "2021-10-07T02:37:39+00:00", "2021-10-07T02:41:52+00:00", "2021-10-07T02:42:53+00:00", "2021-10-07T02:44:25+00:00", "2021-10-07T02:49:18+00:00", "2021-10-07T02:50:55+00:00", "2021-10-07T02:54:20+00:00", "2021-10-07T02:55:24+00:00", "2021-10-07T02:57:48+00:00", "2021-10-07T03:01:25+00:00", "2021-10-07T03:02:54+00:00", "2021-10-07T03:08:39+00:00", "2021-10-07T03:09:11+00:00", "2021-10-07T03:12:51+00:00", "2021-10-07T03:14:25+00:00", "2021-10-07T03:16:51+00:00", "2021-10-07T03:21:22+00:00", "2021-10-07T03:22:51+00:00", "2021-10-07T03:24:11+00:00", "2021-10-07T03:28:53+00:00", "2021-10-07T03:30:13+00:00", "2021-10-07T03:32:51+00:00", "2021-10-07T03:37:49+00:00", "2021-10-07T03:39:50+00:00", "2021-10-07T03:42:45+00:00", "2021-10-07T03:43:03+00:00", "2021-10-07T03:48:53+00:00", "2021-10-07T03:51:13+00:00", "2021-10-07T03:52:45+00:00", "2021-10-07T03:56:39+00:00", "2021-10-07T04:01:32+00:00", "2021-10-07T04:02:56+00:00", "2021-10-07T04:05:25+00:00", "2021-10-07T04:08:10+00:00", "2021-10-07T04:11:31+00:00", "2021-10-07T04:12:57+00:00", "2021-10-07T04:16:01+00:00", "2021-10-07T04:19:10+00:00", "2021-10-07T04:20:22+00:00", "2021-10-07T04:22:53+00:00", "2021-10-07T04:26:43+00:00", "2021-10-07T04:29:08+00:00", "2021-10-07T04:29:41+00:00", "2021-10-07T04:31:54+00:00", "2021-10-07T04:33:47+00:00", "2021-10-07T04:35:56+00:00", "2021-10-07T04:38:46+00:00", "2021-10-07T04:39:26+00:00", "2021-10-07T04:42:28+00:00", "2021-10-07T04:43:37+00:00", "2021-10-07T04:47:35+00:00", "2021-10-07T04:49:08+00:00", "2021-10-07T04:52:43+00:00", "2021-10-07T04:54:37+00:00", "2021-10-07T04:55:38+00:00", "2021-10-07T04:58:56+00:00", "2021-10-07T05:01:35+00:00", "2021-10-07T05:03:00+00:00", "2021-10-07T05:05:30+00:00", "2021-10-07T05:08:20+00:00", "2021-10-07T05:12:55+00:00", "2021-10-07T05:14:08+00:00", "2021-10-07T05:20:41+00:00", "2021-10-07T05:23:07+00:00", "2021-10-07T05:25:50+00:00", "2021-10-07T05:28:28+00:00", "2021-10-07T05:31:18+00:00", "2021-10-07T05:33:03+00:00", "2021-10-07T05:35:58+00:00", "2021-10-07T05:37:11+00:00", "2021-10-07T05:40:01+00:00", "2021-10-07T05:41:51+00:00", "2021-10-07T05:43:02+00:00", "2021-10-07T05:45:39+00:00", "2021-10-07T05:47:40+00:00", "2021-10-07T05:49:01+00:00", "2021-10-07T05:52:26+00:00", "2021-10-07T05:53:02+00:00", "2021-10-07T05:54:31+00:00", "2021-10-07T05:58:41+00:00", "2021-10-07T06:00:29+00:00", "2021-10-07T06:02:56+00:00", "2021-10-07T06:03:19+00:00", "2021-10-07T06:05:11+00:00", "2021-10-07T06:09:59+00:00", "2021-10-07T06:10:19+00:00", "2021-10-07T06:12:53+00:00", "2021-10-07T06:14:18+00:00", "2021-10-07T06:15:55+00:00", "2021-10-07T06:16:56+00:00", "2021-10-07T06:19:14+00:00", "2021-10-07T06:20:43+00:00", "2021-10-07T06:23:00+00:00", "2021-10-07T06:23:53+00:00", "2021-10-07T06:27:47+00:00", "2021-10-07T06:29:57+00:00", "2021-10-07T06:31:14+00:00", "2021-10-07T06:33:00+00:00", "2021-10-07T06:34:28+00:00", "2021-10-07T06:35:37+00:00", "2021-10-07T06:36:30+00:00", "2021-10-07T06:38:35+00:00", "2021-10-07T06:40:17+00:00", "2021-10-07T06:41:34+00:00", "2021-10-07T06:42:23+00:00", "2021-10-07T06:43:11+00:00", "2021-10-07T06:45:45+00:00", "2021-10-07T06:46:46+00:00", "2021-10-07T06:49:04+00:00", "2021-10-07T06:52:27+00:00", "2021-10-07T06:53:11+00:00", "2021-10-07T06:55:36+00:00", "2021-10-07T06:57:34+00:00", "2021-10-07T06:59:23+00:00", "2021-10-07T07:00:07+00:00", "2021-10-07T07:02:13+00:00", "2021-10-07T07:02:56+00:00", "2021-10-07T07:04:05+00:00", "2021-10-07T07:05:37+00:00", "2021-10-07T07:06:55+00:00", "2021-10-07T07:09:38+00:00", "2021-10-07T07:11:44+00:00", "2021-10-07T07:13:00+00:00", "2021-10-07T07:13:33+00:00", "2021-10-07T07:16:19+00:00", "2021-10-07T07:18:52+00:00", "2021-10-07T07:20:21+00:00", "2021-10-07T07:23:08+00:00", "2021-10-07T07:25:40+00:00", "2021-10-07T07:26:53+00:00", "2021-10-07T07:29:27+00:00", "2021-10-07T07:30:07+00:00", "2021-10-07T07:32:29+00:00", "2021-10-07T07:33:09+00:00", "2021-10-07T07:35:18+00:00", "2021-10-07T07:36:03+00:00", "2021-10-07T07:37:52+00:00", "2021-10-07T07:39:21+00:00", "2021-10-07T07:42:39+00:00", "2021-10-07T07:43:09+00:00", "2021-10-07T07:45:49+00:00", "2021-10-07T07:47:54+00:00", "2021-10-07T07:49:44+00:00", "2021-10-07T07:51:37+00:00", "2021-10-07T07:53:06+00:00", "2021-10-07T07:54:47+00:00", "2021-10-07T07:56:56+00:00", "2021-10-07T07:58:37+00:00", "2021-10-07T08:00:46+00:00", "2021-10-07T08:02:11+00:00", "2021-10-07T08:03:09+00:00", "2021-10-07T08:05:29+00:00", "2021-10-07T08:06:42+00:00", "2021-10-07T08:07:55+00:00", "2021-10-07T08:09:20+00:00", "2021-10-07T08:12:18+00:00", "2021-10-07T08:13:10+00:00", "2021-10-07T08:15:24+00:00", "2021-10-07T08:16:41+00:00", "2021-10-07T08:18:05+00:00", "2021-10-07T08:22:24+00:00", "2021-10-07T08:23:05+00:00", "2021-10-07T08:24:46+00:00", "2021-10-07T08:25:30+00:00", "2021-10-07T08:27:40+00:00", "2021-10-07T08:29:01+00:00", "2021-10-07T08:31:46+00:00", "2021-10-07T08:33:11+00:00", "2021-10-07T08:35:49+00:00", "2021-10-07T08:37:26+00:00", "2021-10-07T08:39:11+00:00", "2021-10-07T08:42:41+00:00", "2021-10-07T08:43:14+00:00", "2021-10-07T08:45:39+00:00", "2021-10-07T08:48:05+00:00", "2021-10-07T08:49:42+00:00", "2021-10-07T08:51:03+00:00", "2021-10-07T08:53:08+00:00", "2021-10-07T08:57:11+00:00", "2021-10-07T08:57:59+00:00", "2021-10-07T09:00:04+00:00", "2021-10-07T09:02:38+00:00", "2021-10-07T09:03:12+00:00", "2021-10-07T09:04:56+00:00", "2021-10-07T09:05:44+00:00", "2021-10-07T09:07:25+00:00", "2021-10-07T09:08:30+00:00", "2021-10-07T09:11:16+00:00", "2021-10-07T09:13:00+00:00", "2021-10-07T09:13:57+00:00", "2021-10-07T09:15:18+00:00", "2021-10-07T09:16:27+00:00", "2021-10-07T09:18:28+00:00", "2021-10-07T09:19:29+00:00", "2021-10-07T09:21:02+00:00", "2021-10-07T09:23:03+00:00", "2021-10-07T09:24:12+00:00", "2021-10-07T09:26:09+00:00", "2021-10-07T09:27:51+00:00", "2021-10-07T09:29:07+00:00", "2021-10-07T09:30:56+00:00", "2021-10-07T09:32:38+00:00", "2021-10-07T09:33:02+00:00", "2021-10-07T09:34:35+00:00", "2021-10-07T09:36:32+00:00", "2021-10-07T09:38:13+00:00", "2021-10-07T09:40:27+00:00", "2021-10-07T09:41:23+00:00", "2021-10-07T09:43:13+00:00", "2021-10-07T09:43:41+00:00", "2021-10-07T09:45:02+00:00", "2021-10-07T09:47:27+00:00", "2021-10-07T09:49:04+00:00", "2021-10-07T09:51:22+00:00", "2021-10-07T09:52:27+00:00", "2021-10-07T09:54:08+00:00", "2021-10-07T09:55:16+00:00", "2021-10-07T09:58:14+00:00", "2021-10-07T09:59:11+00:00", "2021-10-07T10:02:49+00:00", "2021-10-07T10:04:02+00:00", "2021-10-07T10:05:10+00:00", "2021-10-07T10:06:31+00:00", "2021-10-07T10:08:16+00:00", "2021-10-07T10:09:33+00:00", "2021-10-07T10:10:50+00:00", "2021-10-07T10:13:15+00:00", "2021-10-07T10:13:56+00:00", "2021-10-07T10:15:53+00:00", "2021-10-07T10:17:50+00:00", "2021-10-07T10:18:47+00:00", "2021-10-07T10:20:28+00:00", "2021-10-07T10:21:53+00:00", "2021-10-07T10:23:15+00:00", "2021-10-07T10:25:15+00:00", "2021-10-07T10:26:52+00:00", "2021-10-07T10:29:22+00:00", "2021-10-07T10:30:26+00:00", "2021-10-07T10:31:35+00:00", "2021-10-07T10:33:19+00:00", "2021-10-07T10:34:53+00:00", "2021-10-07T10:36:47+00:00", "2021-10-07T10:38:16+00:00", "2021-10-07T10:39:24+00:00", "2021-10-07T10:40:29+00:00", "2021-10-07T10:42:50+00:00", "2021-10-07T10:43:19+00:00", "2021-10-07T10:44:52+00:00", "2021-10-07T10:45:52+00:00", "2021-10-07T10:46:49+00:00", "2021-10-07T10:49:22+00:00", "2021-10-07T10:50:47+00:00", "2021-10-07T10:51:52+00:00", "2021-10-07T10:53:09+00:00", "2021-10-07T10:53:37+00:00", "2021-10-07T10:55:06+00:00", "2021-10-07T10:57:11+00:00", "2021-10-07T10:58:32+00:00", "2021-10-07T10:59:53+00:00", "2021-10-07T11:02:02+00:00", "2021-10-07T11:03:27+00:00", "2021-10-07T11:04:48+00:00", "2021-10-07T11:06:13+00:00", "2021-10-07T11:07:26+00:00", "2021-10-07T11:08:18+00:00", "2021-10-07T11:09:07+00:00", "2021-10-07T11:11:32+00:00", "2021-10-07T11:12:53+00:00", "2021-10-07T11:14:14+00:00", "2021-10-07T11:16:07+00:00", "2021-10-07T11:17:08+00:00", "2021-10-07T11:19:46+00:00", "2021-10-07T11:21:22+00:00", "2021-10-07T11:23:15+00:00", "2021-10-07T11:24:16+00:00", "2021-10-07T11:25:41+00:00", "2021-10-07T11:26:30+00:00", "2021-10-07T11:28:19+00:00", "2021-10-07T11:29:56+00:00", "2021-10-07T11:32:05+00:00", "2021-10-07T11:33:34+00:00", "2021-10-07T11:34:43+00:00", "2021-10-07T11:36:28+00:00", "2021-10-07T11:37:21+00:00", "2021-10-07T11:39:34+00:00", "2021-10-07T11:41:07+00:00", "2021-10-07T11:43:15+00:00", "2021-10-07T11:44:29+00:00", "2021-10-07T11:46:31+00:00", "2021-10-07T11:47:56+00:00", "2021-10-07T11:48:52+00:00", "2021-10-07T11:53:15+00:00", "2021-10-07T11:53:56+00:00", "2021-10-07T11:55:33+00:00", "2021-10-07T11:58:10+00:00", "2021-10-07T12:00:12+00:00", "2021-10-07T12:03:10+00:00", "2021-10-07T12:04:06+00:00", "2021-10-07T12:07:53+00:00", "2021-10-07T12:10:14+00:00", "2021-10-07T12:11:39+00:00", "2021-10-07T12:16:30+00:00", "2021-10-07T12:17:35+00:00", "2021-10-07T12:23:30+00:00", "2021-10-07T12:27:37+00:00", "2021-10-07T12:28:58+00:00", "2021-10-07T12:32:16+00:00", "2021-10-07T12:33:44+00:00", "2021-10-07T12:39:33+00:00", "2021-10-07T12:43:43+00:00", "2021-10-07T12:44:03+00:00", "2021-10-07T12:52:08+00:00", "2021-10-07T12:53:43+00:00", "2021-10-07T12:55:14+00:00", "2021-10-07T12:59:49+00:00", "2021-10-07T13:02:59+00:00", "2021-10-07T13:03:45+00:00", "2021-10-07T13:11:03+00:00", "2021-10-07T13:13:37+00:00", "2021-10-07T13:16:30+00:00", "2021-10-07T13:19:25+00:00", "2021-10-07T13:23:45+00:00", "2021-10-07T13:26:21+00:00", "2021-10-07T13:29:10+00:00", "2021-10-07T13:33:45+00:00", "2021-10-07T13:35:09+00:00", "2021-10-07T13:37:31+00:00", "2021-10-07T13:38:03+00:00", "2021-10-07T13:43:30+00:00", "2021-10-07T13:44:35+00:00", "2021-10-07T13:46:48+00:00", "2021-10-07T13:48:09+00:00", "2021-10-07T13:49:33+00:00", "2021-10-07T13:51:06+00:00", "2021-10-07T13:53:45+00:00", "2021-10-07T13:55:20+00:00", "2021-10-07T13:57:21+00:00", "2021-10-07T14:00:19+00:00", "2021-10-07T14:03:17+00:00", "2021-10-07T14:03:47+00:00", "2021-10-07T14:08:29+00:00", "2021-10-07T14:13:45+00:00", "2021-10-07T14:14:37+00:00", "2021-10-07T14:17:47+00:00", "2021-10-07T14:21:13+00:00", "2021-10-07T14:23:25+00:00", "2021-10-07T14:23:48+00:00", "2021-10-07T14:26:53+00:00", "2021-10-07T14:30:13+00:00", "2021-10-07T14:31:51+00:00", "2021-10-07T14:32:59+00:00", "2021-10-07T14:35:07+00:00", "2021-10-07T14:37:23+00:00", "2021-10-07T14:37:47+00:00", "2021-10-07T14:43:45+00:00", "2021-10-07T14:44:24+00:00", "2021-10-07T14:48:04+00:00", "2021-10-07T14:50:46+00:00", "2021-10-07T14:51:38+00:00", "2021-10-07T14:53:47+00:00", "2021-10-07T14:55:21+00:00", "2021-10-07T14:56:29+00:00", "2021-10-07T14:58:55+00:00", "2021-10-07T15:01:41+00:00", "2021-10-07T15:03:45+00:00", "2021-10-07T15:04:46+00:00", "2021-10-07T15:08:57+00:00", "2021-10-07T15:09:49+00:00", "2021-10-07T15:12:18+00:00", "2021-10-07T15:13:45+00:00", "2021-10-07T15:15:28+00:00", "2021-10-07T15:18:54+00:00", "2021-10-07T15:20:28+00:00", "2021-10-07T15:22:05+00:00", "2021-10-07T15:24:45+00:00", "2021-10-07T15:26:01+00:00", "2021-10-07T15:28:25+00:00", "2021-10-07T15:30:26+00:00", "2021-10-07T15:31:14+00:00", "2021-10-07T15:33:06+00:00", "2021-10-07T15:33:53+00:00", "2021-10-07T15:38:22+00:00", "2021-10-07T15:41:27+00:00", "2021-10-07T15:43:27+00:00", "2021-10-07T15:44:47+00:00", "2021-10-07T15:45:39+00:00", "2021-10-07T15:48:07+00:00", "2021-10-07T15:49:23+00:00", "2021-10-07T15:51:24+00:00", "2021-10-07T15:52:48+00:00", "2021-10-07T15:53:41+00:00", "2021-10-07T15:54:17+00:00", "2021-10-07T15:56:09+00:00", "2021-10-07T15:57:49+00:00", "2021-10-07T16:00:05+00:00", "2021-10-07T16:01:46+00:00", "2021-10-07T16:03:55+00:00", "2021-10-07T16:04:34+00:00", "2021-10-07T16:06:54+00:00", "2021-10-07T16:08:31+00:00", "2021-10-07T16:09:23+00:00", "2021-10-07T16:12:32+00:00", "2021-10-07T16:13:55+00:00", "2021-10-07T16:16:37+00:00", "2021-10-07T16:18:37+00:00", "2021-10-07T16:20:25+00:00", "2021-10-07T16:21:53+00:00", "2021-10-07T16:22:57+00:00", "2021-10-07T16:24:05+00:00", "2021-10-07T16:26:34+00:00", "2021-10-07T16:27:34+00:00", "2021-10-07T16:29:14+00:00", "2021-10-07T16:30:10+00:00", "2021-10-07T16:31:46+00:00", "2021-10-07T16:33:19+00:00", "2021-10-07T16:33:51+00:00", "2021-10-07T16:35:07+00:00", "2021-10-07T16:38:12+00:00", "2021-10-07T16:39:00+00:00", "2021-10-07T16:39:52+00:00", "2021-10-07T16:42:25+00:00", "2021-10-07T16:43:37+00:00", "2021-10-07T16:44:02+00:00", "2021-10-07T16:46:21+00:00", "2021-10-07T16:47:25+00:00", "2021-10-07T16:49:02+00:00", "2021-10-07T16:50:30+00:00", "2021-10-07T16:51:30+00:00", "2021-10-07T16:53:34+00:00", "2021-10-07T16:54:30+00:00", "2021-10-07T16:56:06+00:00", "2021-10-07T16:57:31+00:00", "2021-10-07T16:58:47+00:00", "2021-10-07T17:00:19+00:00", "2021-10-07T17:01:07+00:00", "2021-10-07T17:03:07+00:00", "2021-10-07T17:04:40+00:00", "2021-10-07T17:05:20+00:00", "2021-10-07T17:06:28+00:00", "2021-10-07T17:07:57+00:00", "2021-10-07T17:08:49+00:00", "2021-10-07T17:09:29+00:00", "2021-10-07T17:10:41+00:00", "2021-10-07T17:11:57+00:00", "2021-10-07T17:13:22+00:00", "2021-10-07T17:14:11+00:00", "2021-10-07T17:15:14+00:00", "2021-10-07T17:16:42+00:00", "2021-10-07T17:17:26+00:00", "2021-10-07T17:19:06+00:00", "2021-10-07T17:20:19+00:00", "2021-10-07T17:21:35+00:00", "2021-10-07T17:22:19+00:00", "2021-10-07T17:23:39+00:00", "2021-10-07T17:27:09+00:00", "2021-10-07T17:28:13+00:00", "2021-10-07T17:28:45+00:00", "2021-10-07T17:30:33+00:00", "2021-10-07T17:31:46+00:00", "2021-10-07T17:32:18+00:00", "2021-10-07T17:34:22+00:00", "2021-10-07T17:35:10+00:00", "2021-10-07T17:35:54+00:00", "2021-10-07T17:37:07+00:00", "2021-10-07T17:38:11+00:00", "2021-10-07T17:39:07+00:00", "2021-10-07T17:40:07+00:00", "2021-10-07T17:41:39+00:00", "2021-10-07T17:42:40+00:00", "2021-10-07T17:44:05+00:00", "2021-10-07T17:44:54+00:00", "2021-10-07T17:45:43+00:00", "2021-10-07T17:47:29+00:00", "2021-10-07T17:48:34+00:00", "2021-10-07T17:49:43+00:00", "2021-10-07T17:50:40+00:00", "2021-10-07T17:51:20+00:00", "2021-10-07T17:52:38+00:00", "2021-10-07T17:53:14+00:00", "2021-10-07T17:54:11+00:00", "2021-10-07T17:54:44+00:00", "2021-10-07T17:56:45+00:00", "2021-10-07T17:57:14+00:00", "2021-10-07T17:59:04+00:00", "2021-10-07T18:00:01+00:00", "2021-10-07T18:01:26+00:00", "2021-10-07T18:02:15+00:00", "2021-10-07T18:02:43+00:00", "2021-10-07T18:04:14+00:00", "2021-10-07T18:06:19+00:00", "2021-10-07T18:06:51+00:00", "2021-10-07T18:08:25+00:00", "2021-10-07T18:09:42+00:00", "2021-10-07T18:10:23+00:00", "2021-10-07T18:11:28+00:00", "2021-10-07T18:13:22+00:00", "2021-10-07T18:14:00+00:00", "2021-10-07T18:15:32+00:00", "2021-10-07T18:16:53+00:00", "2021-10-07T18:18:10+00:00", "2021-10-07T18:19:19+00:00", "2021-10-07T18:21:41+00:00", "2021-10-07T18:22:54+00:00", "2021-10-07T18:24:12+00:00", "2021-10-07T18:24:44+00:00", "2021-10-07T18:25:49+00:00", "2021-10-07T18:26:41+00:00", "2021-10-07T18:29:33+00:00", "2021-10-07T18:30:29+00:00", "2021-10-07T18:31:58+00:00", "2021-10-07T18:33:54+00:00", "2021-10-07T18:34:16+00:00", "2021-10-07T18:35:50+00:00", "2021-10-07T18:37:34+00:00", "2021-10-07T18:39:47+00:00", "2021-10-07T18:40:52+00:00", "2021-10-07T18:42:01+00:00", "2021-10-07T18:43:51+00:00", "2021-10-07T18:44:27+00:00", "2021-10-07T18:45:27+00:00", "2021-10-07T18:46:27+00:00", "2021-10-07T18:48:11+00:00", "2021-10-07T18:48:47+00:00", "2021-10-07T18:50:08+00:00", "2021-10-07T18:51:04+00:00", "2021-10-07T18:52:24+00:00", "2021-10-07T18:53:08+00:00", "2021-10-07T18:54:15+00:00", "2021-10-07T18:55:08+00:00", "2021-10-07T18:56:24+00:00", "2021-10-07T18:57:00+00:00", "2021-10-07T18:58:53+00:00", "2021-10-07T19:00:13+00:00", "2021-10-07T19:01:01+00:00", "2021-10-07T19:04:15+00:00", "2021-10-07T19:05:14+00:00", "2021-10-07T19:07:29+00:00", "2021-10-07T19:08:16+00:00", "2021-10-07T19:09:25+00:00", "2021-10-07T19:11:38+00:00", "2021-10-07T19:12:26+00:00", "2021-10-07T19:13:30+00:00", "2021-10-07T19:14:31+00:00", "2021-10-07T19:16:11+00:00", "2021-10-07T19:18:32+00:00", "2021-10-07T19:20:20+00:00", "2021-10-07T19:21:29+00:00", "2021-10-07T19:22:53+00:00", "2021-10-07T19:24:05+00:00", "2021-10-07T19:24:22+00:00", "2021-10-07T19:27:06+00:00", "2021-10-07T19:28:35+00:00", "2021-10-07T19:29:47+00:00", "2021-10-07T19:31:15+00:00", "2021-10-07T19:32:00+00:00", "2021-10-07T19:33:44+00:00", "2021-10-07T19:34:22+00:00", "2021-10-07T19:36:45+00:00", "2021-10-07T19:38:42+00:00", "2021-10-07T19:41:46+00:00", "2021-10-07T19:43:35+00:00", "2021-10-07T19:44:22+00:00", "2021-10-07T19:45:29+00:00", "2021-10-07T19:46:54+00:00", "2021-10-07T19:49:00+00:00", "2021-10-07T19:49:45+00:00", "2021-10-07T19:51:47+00:00", "2021-10-07T19:53:00+00:00", "2021-10-07T19:54:22+00:00", "2021-10-07T19:57:00+00:00", "2021-10-07T19:58:05+00:00", "2021-10-07T19:59:10+00:00", "2021-10-07T20:00:56+00:00", "2021-10-07T20:02:01+00:00", "2021-10-07T20:03:10+00:00", "2021-10-07T20:04:28+00:00", "2021-10-07T20:05:00+00:00", "2021-10-07T20:07:03+00:00", "2021-10-07T20:08:36+00:00", "2021-10-07T20:10:34+00:00", "2021-10-07T20:11:11+00:00", "2021-10-07T20:12:24+00:00", "2021-10-07T20:13:17+00:00", "2021-10-07T20:15:04+00:00", "2021-10-07T20:16:08+00:00", "2021-10-07T20:17:01+00:00", "2021-10-07T20:18:40+00:00", "2021-10-07T20:21:17+00:00", "2021-10-07T20:23:35+00:00", "2021-10-07T20:24:30+00:00", "2021-10-07T20:25:56+00:00", "2021-10-07T20:27:48+00:00", "2021-10-07T20:29:00+00:00", "2021-10-07T20:30:00+00:00", "2021-10-07T20:30:24+00:00", "2021-10-07T20:32:37+00:00", "2021-10-07T20:33:13+00:00", "2021-10-07T20:34:31+00:00", "2021-10-07T20:36:02+00:00", "2021-10-07T20:36:42+00:00", "2021-10-07T20:38:47+00:00", "2021-10-07T20:39:51+00:00", "2021-10-07T20:40:43+00:00", "2021-10-07T20:42:15+00:00", "2021-10-07T20:43:11+00:00", "2021-10-07T20:44:36+00:00", "2021-10-07T20:47:11+00:00", "2021-10-07T20:47:59+00:00", "2021-10-07T20:48:47+00:00", "2021-10-07T20:51:11+00:00", "2021-10-07T20:52:16+00:00", "2021-10-07T20:52:48+00:00", "2021-10-07T20:54:16+00:00", "2021-10-07T20:55:12+00:00", "2021-10-07T20:57:16+00:00", "2021-10-07T20:58:24+00:00", "2021-10-07T21:00:05+00:00", "2021-10-07T21:01:13+00:00", "2021-10-07T21:02:53+00:00", "2021-10-07T21:03:49+00:00", "2021-10-07T21:04:35+00:00", "2021-10-07T21:06:29+00:00", "2021-10-07T21:07:09+00:00", "2021-10-07T21:09:18+00:00", "2021-10-07T21:10:34+00:00", "2021-10-07T21:11:54+00:00", "2021-10-07T21:12:38+00:00", "2021-10-07T21:14:06+00:00", "2021-10-07T21:14:38+00:00", "2021-10-07T21:16:02+00:00", "2021-10-07T21:16:58+00:00", "2021-10-07T21:19:19+00:00", "2021-10-07T21:19:51+00:00", "2021-10-07T21:22:27+00:00", "2021-10-07T21:22:51+00:00", "2021-10-07T21:24:36+00:00", "2021-10-07T21:26:36+00:00", "2021-10-07T21:28:36+00:00", "2021-10-07T21:30:21+00:00", "2021-10-07T21:32:17+00:00", "2021-10-07T21:33:46+00:00", "2021-10-07T21:34:18+00:00", "2021-10-07T21:35:06+00:00", "2021-10-07T21:36:46+00:00", "2021-10-07T21:38:02+00:00", "2021-10-07T21:39:07+00:00", "2021-10-07T21:40:07+00:00", "2021-10-07T21:41:51+00:00", "2021-10-07T21:42:39+00:00", "2021-10-07T21:44:30+00:00", "2021-10-07T21:44:48+00:00", "2021-10-07T21:46:36+00:00", "2021-10-07T21:48:17+00:00", "2021-10-07T21:49:01+00:00", "2021-10-07T21:50:41+00:00", "2021-10-07T21:51:38+00:00", "2021-10-07T21:53:10+00:00", "2021-10-07T21:54:18+00:00", "2021-10-07T21:55:10+00:00", "2021-10-07T21:56:35+00:00", "2021-10-07T21:57:59+00:00", "2021-10-07T21:59:07+00:00", "2021-10-07T21:59:59+00:00", "2021-10-07T22:01:40+00:00", "2021-10-07T22:02:56+00:00", "2021-10-07T22:04:04+00:00", "2021-10-07T22:04:38+00:00", "2021-10-07T22:06:09+00:00", "2021-10-07T22:07:21+00:00", "2021-10-07T22:09:29+00:00", "2021-10-07T22:10:14+00:00", "2021-10-07T22:11:26+00:00", "2021-10-07T22:12:42+00:00", "2021-10-07T22:13:26+00:00", "2021-10-07T22:14:39+00:00", "2021-10-07T22:15:43+00:00", "2021-10-07T22:17:01+00:00", "2021-10-07T22:19:15+00:00", "2021-10-07T22:20:07+00:00", "2021-10-07T22:21:07+00:00", "2021-10-07T22:22:48+00:00", "2021-10-07T22:24:30+00:00", "2021-10-07T22:25:45+00:00", "2021-10-07T22:26:13+00:00", "2021-10-07T22:27:53+00:00", "2021-10-07T22:28:54+00:00", "2021-10-07T22:30:02+00:00", "2021-10-07T22:31:59+00:00", "2021-10-07T22:33:43+00:00", "2021-10-07T22:34:36+00:00", "2021-10-07T22:36:19+00:00", "2021-10-07T22:38:24+00:00", "2021-10-07T22:39:24+00:00", "2021-10-07T22:40:08+00:00", "2021-10-07T22:42:12+00:00", "2021-10-07T22:44:12+00:00", "2021-10-07T22:44:41+00:00", "2021-10-07T22:46:24+00:00", "2021-10-07T22:47:45+00:00", "2021-10-07T22:48:37+00:00", "2021-10-07T22:50:41+00:00", "2021-10-07T22:52:41+00:00", "2021-10-07T22:54:14+00:00", "2021-10-07T22:54:42+00:00", "2021-10-07T22:56:42+00:00", "2021-10-07T22:58:34+00:00", "2021-10-07T22:59:59+00:00", "2021-10-07T23:02:43+00:00", "2021-10-07T23:03:31+00:00", "2021-10-07T23:05:03+00:00", "2021-10-07T23:06:36+00:00", "2021-10-07T23:07:16+00:00", "2021-10-07T23:09:00+00:00", "2021-10-07T23:09:56+00:00", "2021-10-07T23:11:28+00:00", "2021-10-07T23:13:32+00:00", "2021-10-07T23:14:42+00:00", "2021-10-07T23:17:25+00:00", "2021-10-07T23:18:25+00:00", "2021-10-07T23:19:09+00:00", "2021-10-07T23:21:51+00:00", "2021-10-07T23:22:43+00:00", "2021-10-07T23:24:36+00:00", "2021-10-07T23:26:04+00:00", "2021-10-07T23:26:56+00:00", "2021-10-07T23:28:49+00:00", "2021-10-07T23:29:53+00:00", "2021-10-07T23:31:25+00:00", "2021-10-07T23:33:10+00:00", "2021-10-07T23:34:30+00:00", "2021-10-07T23:35:02+00:00", "2021-10-07T23:36:51+00:00", "2021-10-07T23:39:04+00:00", "2021-10-07T23:41:49+00:00", "2021-10-07T23:42:53+00:00", "2021-10-07T23:44:30+00:00", "2021-10-07T23:45:02+00:00", "2021-10-07T23:46:26+00:00", "2021-10-07T23:47:47+00:00", "2021-10-07T23:49:07+00:00", "2021-10-07T23:50:48+00:00", "2021-10-07T23:51:52+00:00", "2021-10-07T23:53:12+00:00", "2021-10-07T23:54:41+00:00", "2021-10-07T23:55:21+00:00", "2021-10-07T23:56:54+00:00", "2021-10-07T23:58:18+00:00", "2021-10-07T23:59:46+00:00", "2021-10-08T00:02:07+00:00", "2021-10-08T00:03:27+00:00", "2021-10-08T00:04:45+00:00", "2021-10-08T00:06:24+00:00", "2021-10-08T00:07:52+00:00", "2021-10-08T00:08:33+00:00", "2021-10-08T00:11:01+00:00", "2021-10-08T00:13:26+00:00", "2021-10-08T00:14:07+00:00", "2021-10-08T00:15:31+00:00", "2021-10-08T00:16:43+00:00", "2021-10-08T00:18:28+00:00", "2021-10-08T00:19:20+00:00", "2021-10-08T00:21:04+00:00", "2021-10-08T00:21:52+00:00", "2021-10-08T00:24:42+00:00", "2021-10-08T00:25:22+00:00", "2021-10-08T00:29:51+00:00", "2021-10-08T00:31:32+00:00", "2021-10-08T00:32:08+00:00", "2021-10-08T00:34:36+00:00", "2021-10-08T00:34:49+00:00", "2021-10-08T00:38:02+00:00", "2021-10-08T00:40:14+00:00", "2021-10-08T00:42:27+00:00", "2021-10-08T00:42:59+00:00", "2021-10-08T00:44:46+00:00", "2021-10-08T00:46:40+00:00", "2021-10-08T00:47:48+00:00", "2021-10-08T00:49:45+00:00", "2021-10-08T00:51:41+00:00", "2021-10-08T00:52:50+00:00", "2021-10-08T00:53:50+00:00", "2021-10-08T00:54:47+00:00", "2021-10-08T00:56:06+00:00", "2021-10-08T00:58:19+00:00", "2021-10-08T00:59:31+00:00", "2021-10-08T01:00:24+00:00", "2021-10-08T01:02:40+00:00", "2021-10-08T01:03:56+00:00", "2021-10-08T01:05:21+00:00", "2021-10-08T01:06:45+00:00", "2021-10-08T01:09:02+00:00", "2021-10-08T01:10:50+00:00", "2021-10-08T01:12:43+00:00", "2021-10-08T01:13:59+00:00", "2021-10-08T01:14:51+00:00", "2021-10-08T01:16:40+00:00", "2021-10-08T01:19:05+00:00", "2021-10-08T01:20:21+00:00", "2021-10-08T01:22:33+00:00", "2021-10-08T01:23:18+00:00", "2021-10-08T01:25:20+00:00", "2021-10-08T01:26:17+00:00", "2021-10-08T01:28:59+00:00", "2021-10-08T01:31:00+00:00", "2021-10-08T01:32:17+00:00", "2021-10-08T01:34:36+00:00", "2021-10-08T01:34:51+00:00", "2021-10-08T01:37:04+00:00", "2021-10-08T01:41:03+00:00", "2021-10-08T01:43:09+00:00", "2021-10-08T01:44:36+00:00", "2021-10-08T01:45:22+00:00", "2021-10-08T01:46:19+00:00", "2021-10-08T01:48:13+00:00", "2021-10-08T01:49:54+00:00", "2021-10-08T01:53:37+00:00", "2021-10-08T01:54:49+00:00", "2021-10-08T01:57:00+00:00", "2021-10-08T01:58:17+00:00", "2021-10-08T02:00:01+00:00", "2021-10-08T02:01:17+00:00", "2021-10-08T02:04:20+00:00", "2021-10-08T02:04:50+00:00", "2021-10-08T02:06:39+00:00", "2021-10-08T02:10:27+00:00", "2021-10-08T02:11:28+00:00", "2021-10-08T02:12:37+00:00", "2021-10-08T02:14:36+00:00", "2021-10-08T02:15:16+00:00", "2021-10-08T02:17:27+00:00", "2021-10-08T02:20:38+00:00", "2021-10-08T02:22:35+00:00", "2021-10-08T02:24:45+00:00", "2021-10-08T02:25:08+00:00", "2021-10-08T02:28:19+00:00", "2021-10-08T02:30:07+00:00", "2021-10-08T02:32:23+00:00", "2021-10-08T02:34:36+00:00", "2021-10-08T02:37:24+00:00", "2021-10-08T02:40:38+00:00", "2021-10-08T02:42:07+00:00", "2021-10-08T02:44:36+00:00", "2021-10-08T02:45:10+00:00", "2021-10-08T02:48:07+00:00", "2021-10-08T02:51:17+00:00", "2021-10-08T02:53:46+00:00", "2021-10-08T02:54:45+00:00", "2021-10-08T02:58:16+00:00", "2021-10-08T02:59:42+00:00", "2021-10-08T03:03:19+00:00", "2021-10-08T03:04:36+00:00", "2021-10-08T03:06:06+00:00", "2021-10-08T03:07:30+00:00", "2021-10-08T03:10:59+00:00", "2021-10-08T03:13:20+00:00", "2021-10-08T03:14:45+00:00", "2021-10-08T03:17:56+00:00", "2021-10-08T03:20:24+00:00", "2021-10-08T03:21:44+00:00", "2021-10-08T03:24:36+00:00", "2021-10-08T03:26:17+00:00", "2021-10-08T03:29:54+00:00", "2021-10-08T03:33:22+00:00", "2021-10-08T03:34:36+00:00", "2021-10-08T03:35:10+00:00", "2021-10-08T03:38:14+00:00", "2021-10-08T03:40:18+00:00", "2021-10-08T03:43:11+00:00", "2021-10-08T03:44:39+00:00", "2021-10-08T03:46:43+00:00", "2021-10-08T03:48:23+00:00", "2021-10-08T03:53:33+00:00", "2021-10-08T03:54:59+00:00", "2021-10-08T04:04:36+00:00", "2021-10-08T04:10:11+00:00", "2021-10-08T04:11:55+00:00", "2021-10-08T04:12:31+00:00", "2021-10-08T04:15:00+00:00", "2021-10-08T04:15:56+00:00", "2021-10-08T04:16:52+00:00", "2021-10-08T04:19:48+00:00", "2021-10-08T04:21:04+00:00", "2021-10-08T04:24:36+00:00", "2021-10-08T04:25:01+00:00", "2021-10-08T04:27:45+00:00", "2021-10-08T04:31:09+00:00", "2021-10-08T04:33:17+00:00", "2021-10-08T04:35:00+00:00", "2021-10-08T04:41:22+00:00", "2021-10-08T04:42:26+00:00", "2021-10-08T04:44:34+00:00", "2021-10-08T04:45:03+00:00", "2021-10-08T04:47:39+00:00", "2021-10-08T04:52:12+00:00", "2021-10-08T04:54:33+00:00", "2021-10-08T04:55:29+00:00", "2021-10-08T04:57:06+00:00", "2021-10-08T04:58:43+00:00", "2021-10-08T05:00:44+00:00", "2021-10-08T05:02:37+00:00", "2021-10-08T05:05:00+00:00", "2021-10-08T05:06:59+00:00", "2021-10-08T05:08:08+00:00", "2021-10-08T05:10:02+00:00", "2021-10-08T05:13:44+00:00", "2021-10-08T05:15:00+00:00", "2021-10-08T05:17:03+00:00", "2021-10-08T05:18:28+00:00", "2021-10-08T05:20:57+00:00", "2021-10-08T05:22:22+00:00", "2021-10-08T05:23:55+00:00", "2021-10-08T05:25:21+00:00", "2021-10-08T05:26:45+00:00", "2021-10-08T05:29:35+00:00", "2021-10-08T05:30:44+00:00", "2021-10-08T05:32:50+00:00", "2021-10-08T05:34:36+00:00", "2021-10-08T05:35:48+00:00", "2021-10-08T05:37:37+00:00", "2021-10-08T05:39:10+00:00", "2021-10-08T05:41:00+00:00", "2021-10-08T05:43:14+00:00", "2021-10-08T05:44:18+00:00", "2021-10-08T05:46:04+00:00", "2021-10-08T05:46:56+00:00", "2021-10-08T05:50:43+00:00", "2021-10-08T05:52:13+00:00", "2021-10-08T05:54:18+00:00", "2021-10-08T05:55:27+00:00", "2021-10-08T05:57:00+00:00", "2021-10-08T05:58:37+00:00", "2021-10-08T06:00:54+00:00", "2021-10-08T06:02:06+00:00", "2021-10-08T06:04:36+00:00", "2021-10-08T06:05:27+00:00", "2021-10-08T06:08:03+00:00", "2021-10-08T06:09:52+00:00", "2021-10-08T06:11:08+00:00", "2021-10-08T06:12:40+00:00", "2021-10-08T06:13:44+00:00", "2021-10-08T06:15:00+00:00", "2021-10-08T06:16:01+00:00", "2021-10-08T06:18:05+00:00", "2021-10-08T06:20:06+00:00", "2021-10-08T06:20:50+00:00", "2021-10-08T06:24:27+00:00", "2021-10-08T06:25:11+00:00", "2021-10-08T06:27:58+00:00", "2021-10-08T06:29:43+00:00", "2021-10-08T06:30:31+00:00", "2021-10-08T06:32:04+00:00", "2021-10-08T06:33:33+00:00", "2021-10-08T06:34:54+00:00", "2021-10-08T06:35:34+00:00", "2021-10-08T06:37:42+00:00", "2021-10-08T06:39:27+00:00", "2021-10-08T06:40:30+00:00", "2021-10-08T06:42:12+00:00", "2021-10-08T06:43:40+00:00", "2021-10-08T06:45:00+00:00", "2021-10-08T06:47:16+00:00", "2021-10-08T06:47:56+00:00", "2021-10-08T06:48:32+00:00", "2021-10-08T06:51:12+00:00", "2021-10-08T06:53:00+00:00", "2021-10-08T06:54:08+00:00", "2021-10-08T06:55:09+00:00", "2021-10-08T06:56:29+00:00", "2021-10-08T06:58:29+00:00", "2021-10-08T06:59:53+00:00", "2021-10-08T07:00:21+00:00", "2021-10-08T07:01:41+00:00", "2021-10-08T07:02:41+00:00", "2021-10-08T07:04:36+00:00", "2021-10-08T07:05:15+00:00", "2021-10-08T07:07:14+00:00", "2021-10-08T07:07:54+00:00", "2021-10-08T07:09:30+00:00", "2021-10-08T07:12:34+00:00", "2021-10-08T07:13:47+00:00", "2021-10-08T07:14:31+00:00", "2021-10-08T07:15:20+00:00", "2021-10-08T07:19:36+00:00", "2021-10-08T07:21:45+00:00", "2021-10-08T07:22:37+00:00", "2021-10-08T07:23:54+00:00", "2021-10-08T07:25:06+00:00", "2021-10-08T07:26:14+00:00", "2021-10-08T07:27:31+00:00", "2021-10-08T07:28:59+00:00", "2021-10-08T07:30:12+00:00", "2021-10-08T07:31:12+00:00", "2021-10-08T07:32:12+00:00", "2021-10-08T07:33:09+00:00", "2021-10-08T07:34:37+00:00", "2021-10-08T07:35:21+00:00", "2021-10-08T07:38:06+00:00", "2021-10-08T07:39:51+00:00", "2021-10-08T07:41:11+00:00", "2021-10-08T07:42:03+00:00", "2021-10-08T07:43:28+00:00", "2021-10-08T07:45:15+00:00", "2021-10-08T07:45:53+00:00", "2021-10-08T07:47:45+00:00", "2021-10-08T07:48:45+00:00", "2021-10-08T07:50:30+00:00", "2021-10-08T07:53:03+00:00", "2021-10-08T07:53:47+00:00", "2021-10-08T07:55:27+00:00", "2021-10-08T07:56:47+00:00", "2021-10-08T07:58:52+00:00", "2021-10-08T07:59:44+00:00", "2021-10-08T08:03:01+00:00", "2021-10-08T08:04:37+00:00", "2021-10-08T08:06:18+00:00", "2021-10-08T08:07:51+00:00", "2021-10-08T08:08:27+00:00", "2021-10-08T08:09:43+00:00", "2021-10-08T08:11:56+00:00", "2021-10-08T08:13:04+00:00", "2021-10-08T08:14:37+00:00", "2021-10-08T08:15:28+00:00", "2021-10-08T08:17:05+00:00", "2021-10-08T08:18:18+00:00", "2021-10-08T08:19:14+00:00", "2021-10-08T08:21:06+00:00", "2021-10-08T08:23:07+00:00", "2021-10-08T08:24:28+00:00", "2021-10-08T08:25:15+00:00", "2021-10-08T08:26:32+00:00", "2021-10-08T08:28:21+00:00", "2021-10-08T08:29:37+00:00", "2021-10-08T08:31:06+00:00", "2021-10-08T08:32:38+00:00", "2021-10-08T08:33:55+00:00", "2021-10-08T08:35:07+00:00", "2021-10-08T08:36:03+00:00", "2021-10-08T08:37:52+00:00", "2021-10-08T08:38:32+00:00", "2021-10-08T08:39:53+00:00", "2021-10-08T08:41:21+00:00", "2021-10-08T08:42:30+00:00", "2021-10-08T08:43:34+00:00", "2021-10-08T08:44:37+00:00", "2021-10-08T08:45:55+00:00", "2021-10-08T08:46:59+00:00", "2021-10-08T08:48:00+00:00", "2021-10-08T08:49:16+00:00", "2021-10-08T08:51:25+00:00", "2021-10-08T08:52:33+00:00", "2021-10-08T08:53:09+00:00", "2021-10-08T08:54:05+00:00", "2021-10-08T08:55:10+00:00", "2021-10-08T08:57:02+00:00", "2021-10-08T08:58:38+00:00", "2021-10-08T08:59:38+00:00", "2021-10-08T09:00:47+00:00", "2021-10-08T09:01:31+00:00", "2021-10-08T09:02:35+00:00", "2021-10-08T09:03:51+00:00", "2021-10-08T09:05:11+00:00", "2021-10-08T09:05:55+00:00", "2021-10-08T09:08:08+00:00", "2021-10-08T09:09:24+00:00", "2021-10-08T09:10:16+00:00", "2021-10-08T09:11:40+00:00", "2021-10-08T09:12:44+00:00", "2021-10-08T09:14:04+00:00", "2021-10-08T09:15:04+00:00", "2021-10-08T09:16:08+00:00", "2021-10-08T09:17:28+00:00", "2021-10-08T09:18:48+00:00", "2021-10-08T09:20:05+00:00", "2021-10-08T09:21:13+00:00", "2021-10-08T09:23:05+00:00", "2021-10-08T09:24:09+00:00", "2021-10-08T09:25:32+00:00", "2021-10-08T09:27:17+00:00", "2021-10-08T09:28:09+00:00", "2021-10-08T09:29:09+00:00", "2021-10-08T09:31:02+00:00", "2021-10-08T09:32:02+00:00", "2021-10-08T09:33:42+00:00", "2021-10-08T09:34:37+00:00", "2021-10-08T09:35:33+00:00", "2021-10-08T09:37:54+00:00", "2021-10-08T09:39:02+00:00", "2021-10-08T09:40:26+00:00", "2021-10-08T09:41:51+00:00", "2021-10-08T09:42:59+00:00", "2021-10-08T09:44:03+00:00", "2021-10-08T09:45:11+00:00", "2021-10-08T09:46:11+00:00", "2021-10-08T09:47:43+00:00", "2021-10-08T09:48:35+00:00", "2021-10-08T09:50:19+00:00", "2021-10-08T09:51:44+00:00", "2021-10-08T09:52:24+00:00", "2021-10-08T09:54:28+00:00", "2021-10-08T09:55:08+00:00", "2021-10-08T09:55:49+00:00", "2021-10-08T09:58:05+00:00", "2021-10-08T09:58:37+00:00", "2021-10-08T10:00:42+00:00", "2021-10-08T10:02:06+00:00", "2021-10-08T10:03:38+00:00", "2021-10-08T10:05:11+00:00", "2021-10-08T10:05:55+00:00", "2021-10-08T10:07:12+00:00", "2021-10-08T10:08:44+00:00", "2021-10-08T10:10:13+00:00", "2021-10-08T10:11:13+00:00", "2021-10-08T10:12:21+00:00", "2021-10-08T10:14:37+00:00", "2021-10-08T10:15:35+00:00", "2021-10-08T10:16:54+00:00", "2021-10-08T10:17:51+00:00", "2021-10-08T10:18:39+00:00", "2021-10-08T10:20:31+00:00", "2021-10-08T10:21:15+00:00", "2021-10-08T10:22:27+00:00", "2021-10-08T10:23:32+00:00", "2021-10-08T10:24:36+00:00", "2021-10-08T10:25:30+00:00", "2021-10-08T10:26:12+00:00", "2021-10-08T10:28:04+00:00", "2021-10-08T10:30:13+00:00", "2021-10-08T10:32:13+00:00", "2021-10-08T10:34:05+00:00", "2021-10-08T10:34:37+00:00", "2021-10-08T10:35:37+00:00", "2021-10-08T10:37:42+00:00", "2021-10-08T10:39:06+00:00", "2021-10-08T10:39:59+00:00", "2021-10-08T10:42:03+00:00", "2021-10-08T10:43:52+00:00", "2021-10-08T10:45:16+00:00", "2021-10-08T10:45:37+00:00", "2021-10-08T10:47:45+00:00", "2021-10-08T10:48:21+00:00", "2021-10-08T10:50:21+00:00", "2021-10-08T10:51:09+00:00", "2021-10-08T10:52:18+00:00", "2021-10-08T10:53:34+00:00", "2021-10-08T10:54:54+00:00", "2021-10-08T10:55:42+00:00", "2021-10-08T10:57:43+00:00", "2021-10-08T10:58:47+00:00", "2021-10-08T10:59:55+00:00", "2021-10-08T11:02:04+00:00", "2021-10-08T11:03:28+00:00", "2021-10-08T11:04:37+00:00", "2021-10-08T11:05:48+00:00", "2021-10-08T11:07:24+00:00", "2021-10-08T11:09:08+00:00", "2021-10-08T11:10:05+00:00", "2021-10-08T11:12:17+00:00", "2021-10-08T11:13:33+00:00", "2021-10-08T11:14:33+00:00", "2021-10-08T11:15:37+00:00", "2021-10-08T11:17:17+00:00", "2021-10-08T11:18:29+00:00", "2021-10-08T11:19:57+00:00", "2021-10-08T11:20:49+00:00", "2021-10-08T11:21:49+00:00", "2021-10-08T11:23:02+00:00", "2021-10-08T11:24:26+00:00", "2021-10-08T11:24:58+00:00", "2021-10-08T11:25:58+00:00", "2021-10-08T11:27:54+00:00", "2021-10-08T11:28:38+00:00", "2021-10-08T11:29:30+00:00", "2021-10-08T11:32:46+00:00", "2021-10-08T11:33:34+00:00", "2021-10-08T11:34:51+00:00", "2021-10-08T11:35:39+00:00", "2021-10-08T11:38:31+00:00", "2021-10-08T11:39:47+00:00", "2021-10-08T11:42:43+00:00", "2021-10-08T11:43:27+00:00", "2021-10-08T11:44:39+00:00", "2021-10-08T11:45:47+00:00", "2021-10-08T11:46:55+00:00", "2021-10-08T11:49:24+00:00", "2021-10-08T11:50:28+00:00", "2021-10-08T11:51:32+00:00", "2021-10-08T11:52:24+00:00", "2021-10-08T11:53:40+00:00", "2021-10-08T11:55:30+00:00", "2021-10-08T11:56:24+00:00", "2021-10-08T11:58:29+00:00", "2021-10-08T12:01:21+00:00", "2021-10-08T12:02:17+00:00", "2021-10-08T12:03:45+00:00", "2021-10-08T12:05:30+00:00", "2021-10-08T12:07:21+00:00", "2021-10-08T12:08:41+00:00", "2021-10-08T12:09:49+00:00", "2021-10-08T12:12:30+00:00", "2021-10-08T12:13:26+00:00", "2021-10-08T12:15:10+00:00", "2021-10-08T12:16:22+00:00", "2021-10-08T12:19:14+00:00", "2021-10-08T12:20:46+00:00", "2021-10-08T12:22:02+00:00", "2021-10-08T12:23:06+00:00", "2021-10-08T12:24:34+00:00", "2021-10-08T12:25:27+00:00", "2021-10-08T12:26:39+00:00", "2021-10-08T12:28:31+00:00", "2021-10-08T12:29:27+00:00", "2021-10-08T12:31:23+00:00", "2021-10-08T12:32:59+00:00", "2021-10-08T12:34:39+00:00", "2021-10-08T12:35:42+00:00", "2021-10-08T12:36:15+00:00", "2021-10-08T12:38:43+00:00", "2021-10-08T12:39:35+00:00", "2021-10-08T12:41:40+00:00", "2021-10-08T12:42:36+00:00", "2021-10-08T12:43:44+00:00", "2021-10-08T12:44:32+00:00", "2021-10-08T12:46:20+00:00", "2021-10-08T12:47:44+00:00", "2021-10-08T12:49:04+00:00", "2021-10-08T12:50:32+00:00", "2021-10-08T12:52:33+00:00", "2021-10-08T12:53:41+00:00", "2021-10-08T12:54:37+00:00", "2021-10-08T12:55:37+00:00", "2021-10-08T12:56:45+00:00", "2021-10-08T12:57:45+00:00", "2021-10-08T12:59:05+00:00", "2021-10-08T12:59:46+00:00", "2021-10-08T13:01:06+00:00", "2021-10-08T13:02:43+00:00", "2021-10-08T13:03:27+00:00", "2021-10-08T13:04:52+00:00", "2021-10-08T13:05:56+00:00", "2021-10-08T13:09:21+00:00", "2021-10-08T13:11:09+00:00", "2021-10-08T13:13:09+00:00", "2021-10-08T13:14:50+00:00", "2021-10-08T13:15:54+00:00", "2021-10-08T13:16:50+00:00", "2021-10-08T13:17:54+00:00", "2021-10-08T13:20:18+00:00", "2021-10-08T13:20:46+00:00", "2021-10-08T13:22:34+00:00", "2021-10-08T13:23:46+00:00", "2021-10-08T13:24:37+00:00", "2021-10-08T13:25:47+00:00", "2021-10-08T13:28:23+00:00", "2021-10-08T13:30:15+00:00", "2021-10-08T13:33:23+00:00", "2021-10-08T13:35:45+00:00", "2021-10-08T13:37:44+00:00", "2021-10-08T13:39:08+00:00", "2021-10-08T13:40:20+00:00", "2021-10-08T13:42:16+00:00", "2021-10-08T13:44:37+00:00", "2021-10-08T13:45:47+00:00", "2021-10-08T13:48:02+00:00", "2021-10-08T13:50:55+00:00", "2021-10-08T13:52:23+00:00", "2021-10-08T13:54:37+00:00", "2021-10-08T13:55:45+00:00", "2021-10-08T13:58:16+00:00", "2021-10-08T13:59:12+00:00", "2021-10-08T14:02:16+00:00", "2021-10-08T14:03:28+00:00", "2021-10-08T14:05:48+00:00", "2021-10-08T14:06:49+00:00", "2021-10-08T14:09:13+00:00", "2021-10-08T14:09:49+00:00", "2021-10-08T14:12:02+00:00", "2021-10-08T14:12:30+00:00", "2021-10-08T14:15:49+00:00", "2021-10-08T14:17:00+00:00", "2021-10-08T14:19:00+00:00", "2021-10-08T14:20:00+00:00", "2021-10-08T14:22:40+00:00", "2021-10-08T14:24:09+00:00", "2021-10-08T14:25:45+00:00", "2021-10-08T14:26:13+00:00", "2021-10-08T14:29:33+00:00", "2021-10-08T14:31:37+00:00", "2021-10-08T14:32:17+00:00", "2021-10-08T14:34:37+00:00", "2021-10-08T14:35:53+00:00", "2021-10-08T14:37:53+00:00", "2021-10-08T14:39:47+00:00", "2021-10-08T14:41:12+00:00", "2021-10-08T14:42:12+00:00", "2021-10-08T14:44:44+00:00", "2021-10-08T14:45:45+00:00", "2021-10-08T14:48:45+00:00", "2021-10-08T14:50:05+00:00", "2021-10-08T14:51:41+00:00", "2021-10-08T14:53:09+00:00", "2021-10-08T14:54:02+00:00", "2021-10-08T14:55:26+00:00", "2021-10-08T14:56:26+00:00", "2021-10-08T14:58:18+00:00", "2021-10-08T15:04:37+00:00", "2021-10-08T15:05:57+00:00", "2021-10-08T15:07:09+00:00", "2021-10-08T15:08:58+00:00", "2021-10-08T15:13:38+00:00", "2021-10-08T15:14:37+00:00", "2021-10-08T15:15:51+00:00", "2021-10-08T15:17:15+00:00", "2021-10-08T15:18:55+00:00", "2021-10-08T15:20:19+00:00", "2021-10-08T15:24:16+00:00", "2021-10-08T15:24:52+00:00", "2021-10-08T15:26:29+00:00", "2021-10-08T15:27:41+00:00", "2021-10-08T15:30:10+00:00", "2021-10-08T15:33:10+00:00", "2021-10-08T15:34:37+00:00", "2021-10-08T15:35:52+00:00", "2021-10-08T15:37:38+00:00", "2021-10-08T15:39:18+00:00", "2021-10-08T15:42:03+00:00", "2021-10-08T15:42:31+00:00", "2021-10-08T15:45:44+00:00", "2021-10-08T15:49:15+00:00", "2021-10-08T15:50:52+00:00", "2021-10-08T15:51:56+00:00", "2021-10-08T15:55:41+00:00", "2021-10-08T15:56:13+00:00", "2021-10-08T15:58:22+00:00", "2021-10-08T15:59:50+00:00", "2021-10-08T16:00:38+00:00", "2021-10-08T16:05:03+00:00", "2021-10-08T16:05:57+00:00", "2021-10-08T16:08:24+00:00", "2021-10-08T16:09:44+00:00", "2021-10-08T16:13:05+00:00", "2021-10-08T16:14:09+00:00", "2021-10-08T16:15:58+00:00", "2021-10-08T16:17:14+00:00", "2021-10-08T16:19:34+00:00", "2021-10-08T16:21:15+00:00", "2021-10-08T16:23:44+00:00", "2021-10-08T16:25:28+00:00", "2021-10-08T16:26:09+00:00", "2021-10-08T16:31:10+00:00", "2021-10-08T16:32:31+00:00", "2021-10-08T16:35:28+00:00", "2021-10-08T16:37:53+00:00", "2021-10-08T16:41:18+00:00", "2021-10-08T16:43:55+00:00", "2021-10-08T16:46:00+00:00", "2021-10-08T16:48:09+00:00", "2021-10-08T16:49:17+00:00", "2021-10-08T16:52:59+00:00", "2021-10-08T16:55:16+00:00", "2021-10-08T16:56:00+00:00", "2021-10-08T16:58:00+00:00", "2021-10-08T17:02:06+00:00", "2021-10-08T17:04:51+00:00", "2021-10-08T17:07:40+00:00", "2021-10-08T17:08:20+00:00", "2021-10-08T17:13:31+00:00", "2021-10-08T17:15:07+00:00", "2021-10-08T17:16:02+00:00", "2021-10-08T17:21:22+00:00", "2021-10-08T17:23:03+00:00", "2021-10-08T17:24:44+00:00", "2021-10-08T17:26:05+00:00", "2021-10-08T17:29:34+00:00", "2021-10-08T17:30:23+00:00", "2021-10-08T17:31:59+00:00", "2021-10-08T17:33:40+00:00", "2021-10-08T17:35:05+00:00", "2021-10-08T17:36:02+00:00", "2021-10-08T17:36:58+00:00", "2021-10-08T17:38:07+00:00", "2021-10-08T17:40:20+00:00", "2021-10-08T17:42:33+00:00", "2021-10-08T17:44:26+00:00", "2021-10-08T17:45:07+00:00", "2021-10-08T17:46:00+00:00", "2021-10-08T17:48:33+00:00", "2021-10-08T17:49:37+00:00", "2021-10-08T17:50:26+00:00", "2021-10-08T17:51:51+00:00", "2021-10-08T17:52:19+00:00", "2021-10-08T17:53:24+00:00", "2021-10-08T17:55:17+00:00", "2021-10-08T17:55:45+00:00", "2021-10-08T17:56:22+00:00", "2021-10-08T17:57:14+00:00", "2021-10-08T17:57:59+00:00", "2021-10-08T17:59:11+00:00", "2021-10-08T18:00:00+00:00", "2021-10-08T18:01:17+00:00", "2021-10-08T18:01:57+00:00", "2021-10-08T18:02:50+00:00", "2021-10-08T18:03:54+00:00", "2021-10-08T18:04:38+00:00", "2021-10-08T18:05:59+00:00", "2021-10-08T18:06:55+00:00", "2021-10-08T18:07:59+00:00", "2021-10-08T18:08:52+00:00", "2021-10-08T18:09:48+00:00", "2021-10-08T18:10:40+00:00", "2021-10-08T18:11:45+00:00", "2021-10-08T18:12:41+00:00", "2021-10-08T18:14:38+00:00", "2021-10-08T18:15:50+00:00", "2021-10-08T18:16:30+00:00", "2021-10-08T18:17:50+00:00", "2021-10-08T18:19:19+00:00", "2021-10-08T18:20:23+00:00", "2021-10-08T18:21:35+00:00", "2021-10-08T18:22:11+00:00", "2021-10-08T18:24:08+00:00", "2021-10-08T18:24:28+00:00", "2021-10-08T18:26:12+00:00", "2021-10-08T18:27:21+00:00", "2021-10-08T18:28:13+00:00", "2021-10-08T18:29:05+00:00", "2021-10-08T18:30:13+00:00", "2021-10-08T18:31:29+00:00", "2021-10-08T18:32:21+00:00", "2021-10-08T18:32:57+00:00", "2021-10-08T18:35:10+00:00", "2021-10-08T18:36:00+00:00", "2021-10-08T18:37:46+00:00", "2021-10-08T18:38:55+00:00", "2021-10-08T18:39:43+00:00", "2021-10-08T18:40:35+00:00", "2021-10-08T18:41:31+00:00", "2021-10-08T18:42:55+00:00", "2021-10-08T18:44:07+00:00", "2021-10-08T18:46:12+00:00", "2021-10-08T18:46:44+00:00", "2021-10-08T18:47:36+00:00", "2021-10-08T18:48:36+00:00", "2021-10-08T18:49:16+00:00", "2021-10-08T18:50:37+00:00", "2021-10-08T18:51:45+00:00", "2021-10-08T18:53:01+00:00", "2021-10-08T18:54:01+00:00", "2021-10-08T18:56:02+00:00", "2021-10-08T18:56:50+00:00", "2021-10-08T18:57:54+00:00", "2021-10-08T18:59:10+00:00", "2021-10-08T19:00:14+00:00", "2021-10-08T19:00:59+00:00", "2021-10-08T19:02:19+00:00", "2021-10-08T19:03:28+00:00", "2021-10-08T19:04:29+00:00", "2021-10-08T19:05:45+00:00", "2021-10-08T19:06:21+00:00", "2021-10-08T19:07:21+00:00", "2021-10-08T19:08:30+00:00", "2021-10-08T19:09:50+00:00", "2021-10-08T19:11:14+00:00", "2021-10-08T19:12:02+00:00", "2021-10-08T19:12:50+00:00", "2021-10-08T19:13:34+00:00", "2021-10-08T19:15:14+00:00", "2021-10-08T19:16:21+00:00", "2021-10-08T19:17:34+00:00", "2021-10-08T19:19:55+00:00", "2021-10-08T19:20:59+00:00", "2021-10-08T19:21:35+00:00", "2021-10-08T19:22:31+00:00", "2021-10-08T19:24:52+00:00", "2021-10-08T19:25:52+00:00", "2021-10-08T19:26:56+00:00", "2021-10-08T19:29:29+00:00", "2021-10-08T19:30:53+00:00", "2021-10-08T19:32:29+00:00", "2021-10-08T19:34:06+00:00", "2021-10-08T19:34:54+00:00", "2021-10-08T19:36:30+00:00", "2021-10-08T19:36:51+00:00", "2021-10-08T19:39:41+00:00", "2021-10-08T19:41:10+00:00", "2021-10-08T19:42:19+00:00", "2021-10-08T19:43:15+00:00", "2021-10-08T19:44:40+00:00", "2021-10-08T19:45:36+00:00", "2021-10-08T19:46:30+00:00", "2021-10-08T19:48:09+00:00", "2021-10-08T19:50:58+00:00", "2021-10-08T19:52:30+00:00", "2021-10-08T19:53:51+00:00", "2021-10-08T19:54:59+00:00", "2021-10-08T19:57:12+00:00", "2021-10-08T19:58:13+00:00", "2021-10-08T19:58:49+00:00", "2021-10-08T20:00:22+00:00", "2021-10-08T20:00:59+00:00", "2021-10-08T20:01:51+00:00", "2021-10-08T20:03:07+00:00", "2021-10-08T20:04:35+00:00", "2021-10-08T20:06:31+00:00", "2021-10-08T20:09:35+00:00", "2021-10-08T20:11:23+00:00", "2021-10-08T20:13:00+00:00", "2021-10-08T20:14:28+00:00", "2021-10-08T20:15:52+00:00", "2021-10-08T20:16:49+00:00", "2021-10-08T20:18:37+00:00", "2021-10-08T20:19:21+00:00", "2021-10-08T20:20:14+00:00", "2021-10-08T20:21:50+00:00", "2021-10-08T20:24:03+00:00", "2021-10-08T20:24:31+00:00", "2021-10-08T20:25:23+00:00", "2021-10-08T20:26:37+00:00", "2021-10-08T20:28:48+00:00", "2021-10-08T20:30:21+00:00", "2021-10-08T20:31:49+00:00", "2021-10-08T20:33:22+00:00", "2021-10-08T20:34:14+00:00", "2021-10-08T20:35:51+00:00", "2021-10-08T20:36:30+00:00", "2021-10-08T20:38:16+00:00", "2021-10-08T20:38:40+00:00", "2021-10-08T20:39:41+00:00", "2021-10-08T20:40:49+00:00", "2021-10-08T20:42:34+00:00", "2021-10-08T20:43:15+00:00", "2021-10-08T20:45:11+00:00", "2021-10-08T20:46:28+00:00", "2021-10-08T20:47:12+00:00", "2021-10-08T20:49:09+00:00", "2021-10-08T20:50:06+00:00", "2021-10-08T20:51:46+00:00", "2021-10-08T20:53:19+00:00", "2021-10-08T20:54:04+00:00", "2021-10-08T20:55:00+00:00", "2021-10-08T20:56:00+00:00", "2021-10-08T20:57:09+00:00", "2021-10-08T20:58:35+00:00", "2021-10-08T20:59:47+00:00", "2021-10-08T21:00:40+00:00", "2021-10-08T21:01:40+00:00", "2021-10-08T21:02:37+00:00", "2021-10-08T21:04:01+00:00", "2021-10-08T21:04:46+00:00", "2021-10-08T21:05:26+00:00", "2021-10-08T21:06:39+00:00", "2021-10-08T21:07:24+00:00", "2021-10-08T21:09:33+00:00", "2021-10-08T21:11:06+00:00", "2021-10-08T21:11:35+00:00", "2021-10-08T21:13:48+00:00", "2021-10-08T21:14:33+00:00", "2021-10-08T21:15:34+00:00", "2021-10-08T21:16:42+00:00", "2021-10-08T21:17:43+00:00", "2021-10-08T21:19:53+00:00", "2021-10-08T21:21:30+00:00", "2021-10-08T21:22:47+00:00", "2021-10-08T21:24:32+00:00", "2021-10-08T21:25:41+00:00", "2021-10-08T21:27:06+00:00", "2021-10-08T21:29:08+00:00", "2021-10-08T21:30:05+00:00", "2021-10-08T21:31:26+00:00", "2021-10-08T21:32:44+00:00", "2021-10-08T21:34:46+00:00", "2021-10-08T21:37:04+00:00", "2021-10-08T21:37:57+00:00", "2021-10-08T21:39:47+00:00", "2021-10-08T21:41:13+00:00", "2021-10-08T21:42:22+00:00", "2021-10-08T21:43:44+00:00", "2021-10-08T21:44:41+00:00", "2021-10-08T21:46:45+00:00", "2021-10-08T21:47:08+00:00", "2021-10-08T21:49:19+00:00", "2021-10-08T21:51:02+00:00", "2021-10-08T21:52:04+00:00", "2021-10-08T21:53:30+00:00", "2021-10-08T21:54:40+00:00", "2021-10-08T21:56:15+00:00", "2021-10-08T21:57:13+00:00", "2021-10-08T21:58:31+00:00", "2021-10-08T22:00:14+00:00", "2021-10-08T22:02:10+00:00", "2021-10-08T22:03:45+00:00", "2021-10-08T22:04:47+00:00", "2021-10-08T22:06:14+00:00", "2021-10-08T22:06:48+00:00", "2021-10-08T22:08:06+00:00", "2021-10-08T22:09:50+00:00", "2021-10-08T22:10:48+00:00", "2021-10-08T22:13:06+00:00", "2021-10-08T22:15:03+00:00", "2021-10-08T22:16:10+00:00", "2021-10-08T22:16:56+00:00", "2021-10-08T22:18:02+00:00", "2021-10-08T22:20:16+00:00", "2021-10-08T22:22:13+00:00", "2021-10-08T22:23:33+00:00", "2021-10-08T22:24:36+00:00", "2021-10-08T22:25:30+00:00", "2021-10-08T22:26:45+00:00", "2021-10-08T22:27:49+00:00", "2021-10-08T22:30:04+00:00", "2021-10-08T22:32:03+00:00", "2021-10-08T22:33:24+00:00", "2021-10-08T22:35:02+00:00", "2021-10-08T22:36:53+00:00", "2021-10-08T22:38:36+00:00", "2021-10-08T22:39:41+00:00", "2021-10-08T22:43:08+00:00", "2021-10-08T22:45:44+00:00", "2021-10-08T22:46:54+00:00", "2021-10-08T22:48:25+00:00", "2021-10-08T22:51:48+00:00", "2021-10-08T22:54:09+00:00", "2021-10-08T22:55:29+00:00", "2021-10-08T22:58:32+00:00", "2021-10-08T23:01:17+00:00", "2021-10-08T23:04:04+00:00", "2021-10-08T23:06:53+00:00", "2021-10-08T23:08:59+00:00", "2021-10-08T23:10:35+00:00", "2021-10-08T23:13:23+00:00", "2021-10-08T23:15:07+00:00", "2021-10-08T23:16:45+00:00", "2021-10-08T23:17:40+00:00", "2021-10-08T23:20:45+00:00", "2021-10-08T23:23:00+00:00", "2021-10-08T23:25:24+00:00", "2021-10-08T23:26:58+00:00", "2021-10-08T23:29:42+00:00", "2021-10-08T23:31:37+00:00", "2021-10-08T23:35:26+00:00", "2021-10-08T23:38:34+00:00", "2021-10-08T23:42:50+00:00", "2021-10-08T23:46:00+00:00", "2021-10-08T23:47:53+00:00", "2021-10-08T23:49:47+00:00", "2021-10-08T23:52:06+00:00", "2021-10-08T23:55:21+00:00", "2021-10-08T23:56:56+00:00", "2021-10-08T23:59:32+00:00", "2021-10-09T00:01:46+00:00", "2021-10-09T00:03:51+00:00", "2021-10-09T00:06:27+00:00", "2021-10-09T00:09:29+00:00", "2021-10-09T00:16:20+00:00", "2021-10-09T00:18:57+00:00", "2021-10-09T00:24:04+00:00", "2021-10-09T00:26:54+00:00", "2021-10-09T00:28:03+00:00", "2021-10-09T00:32:23+00:00", "2021-10-09T00:35:03+00:00", "2021-10-09T00:37:51+00:00", "2021-10-09T00:42:44+00:00", "2021-10-09T00:44:53+00:00", "2021-10-09T00:47:01+00:00", "2021-10-09T00:51:02+00:00", "2021-10-09T00:52:11+00:00", "2021-10-09T00:55:53+00:00", "2021-10-09T00:57:28+00:00", "2021-10-09T00:58:54+00:00", "2021-10-09T01:03:36+00:00", "2021-10-09T01:04:50+00:00", "2021-10-09T01:09:16+00:00", "2021-10-09T01:11:54+00:00", "2021-10-09T01:14:50+00:00", "2021-10-09T01:17:05+00:00", "2021-10-09T01:21:13+00:00", "2021-10-09T01:23:55+00:00", "2021-10-09T01:26:10+00:00", "2021-10-09T01:29:36+00:00", "2021-10-09T01:32:22+00:00", "2021-10-09T01:33:19+00:00", "2021-10-09T01:34:55+00:00", "2021-10-09T01:37:28+00:00", "2021-10-09T01:40:48+00:00", "2021-10-09T01:42:36+00:00", "2021-10-09T01:44:56+00:00", "2021-10-09T01:47:08+00:00", "2021-10-09T01:49:25+00:00", "2021-10-09T01:50:22+00:00", "2021-10-09T01:53:31+00:00", "2021-10-09T01:57:05+00:00", "2021-10-09T02:00:00+00:00", "2021-10-09T02:06:12+00:00", "2021-10-09T02:07:00+00:00", "2021-10-09T02:08:27+00:00", "2021-10-09T02:14:38+00:00", "2021-10-09T02:15:09+00:00", "2021-10-09T02:19:09+00:00", "2021-10-09T02:23:00+00:00", "2021-10-09T02:25:51+00:00", "2021-10-09T02:30:25+00:00", "2021-10-09T02:32:14+00:00", "2021-10-09T02:38:33+00:00", "2021-10-09T02:40:17+00:00", "2021-10-09T02:45:28+00:00", "2021-10-09T02:46:50+00:00", "2021-10-09T02:49:09+00:00", "2021-10-09T02:50:48+00:00", "2021-10-09T02:57:00+00:00", "2021-10-09T02:57:18+00:00", "2021-10-09T03:00:26+00:00", "2021-10-09T03:05:16+00:00", "2021-10-09T03:08:06+00:00", "2021-10-09T03:09:10+00:00", "2021-10-09T03:12:42+00:00", "2021-10-09T03:14:06+00:00", "2021-10-09T03:17:15+00:00", "2021-10-09T03:17:59+00:00", "2021-10-09T03:21:09+00:00", "2021-10-09T03:22:59+00:00", "2021-10-20T16:26:33+00:00", "2021-10-20T16:29:13+00:00", "2021-10-20T16:30:21+00:00", "2021-10-20T16:32:54+00:00", "2021-10-20T16:36:54+00:00", "2021-10-20T16:39:55+00:00", "2021-10-20T16:45:03+00:00", "2021-10-20T16:49:04+00:00", "2021-10-20T16:51:46+00:00", "2021-10-20T16:55:03+00:00", "2021-10-20T17:02:01+00:00", "2021-10-20T17:05:56+00:00", "2021-10-20T17:09:12+00:00", "2021-10-20T17:10:44+00:00", "2021-10-20T17:13:31+00:00", "2021-10-20T17:18:02+00:00", "2021-10-20T17:20:14+00:00", "2021-10-20T17:21:20+00:00", "2021-10-20T17:30:46+00:00", "2021-10-20T17:37:04+00:00", "2021-10-20T17:41:20+00:00", "2021-10-20T17:45:56+00:00", "2021-10-20T17:50:41+00:00", "2021-10-20T17:54:07+00:00", "2021-10-20T17:57:33+00:00", "2021-10-20T18:00:40+00:00", "2021-10-20T18:08:51+00:00", "2021-10-20T18:14:15+00:00", "2021-10-20T18:19:20+00:00", "2021-10-20T18:23:19+00:00", "2021-10-20T18:25:15+00:00", "2021-10-20T18:31:06+00:00", "2021-10-20T18:35:59+00:00", "2021-10-20T18:38:51+00:00", "2021-10-20T18:41:09+00:00", "2021-10-20T18:46:31+00:00", "2021-10-20T18:48:57+00:00", "2021-10-20T18:54:14+00:00", "2021-10-20T18:58:02+00:00", "2021-10-20T18:59:44+00:00", "2021-10-20T19:02:01+00:00", "2021-10-20T19:05:33+00:00", "2021-10-20T19:13:19+00:00", "2021-10-20T19:19:02+00:00", "2021-10-20T19:33:00+00:00", "2021-10-21T02:00:01+00:00", "2021-10-21T18:47:06+00:00", "2021-10-21T18:49:04+00:00", "2021-10-21T18:55:48+00:00", "2021-10-21T19:00:27+00:00", "2021-10-21T19:05:11+00:00", "2021-10-21T19:07:56+00:00", "2021-10-21T19:11:27+00:00", "2021-10-21T19:17:23+00:00", "2021-10-21T19:19:39+00:00", "2021-10-21T19:22:57+00:00", "2021-10-21T19:24:38+00:00", "2021-10-21T19:26:28+00:00", "2021-10-21T19:29:08+00:00", "2021-10-21T19:31:26+00:00", "2021-10-21T19:37:32+00:00", "2021-10-21T19:39:13+00:00", "2021-10-21T19:42:39+00:00", "2021-10-21T19:47:35+00:00", "2021-10-21T19:49:57+00:00", "2021-10-21T19:53:25+00:00", "2021-10-21T19:58:08+00:00", "2021-10-21T20:01:49+00:00", "2021-10-21T20:05:54+00:00", "2021-10-21T20:10:58+00:00", "2021-10-21T20:14:02+00:00", "2021-10-21T20:17:17+00:00", "2021-10-21T20:22:25+00:00", "2021-10-21T20:27:05+00:00", "2021-10-21T20:30:00+00:00", "2021-10-21T20:35:26+00:00", "2021-10-21T20:40:31+00:00", "2021-10-21T20:44:50+00:00", "2021-10-21T20:52:00+00:00", "2021-10-21T20:55:02+00:00", "2021-10-21T21:00:33+00:00", "2021-10-21T21:02:05+00:00", "2021-10-21T21:05:47+00:00", "2021-10-21T21:07:36+00:00", "2021-10-22T16:26:08+00:00", "2021-10-23T19:57:04+00:00", "2021-10-23T20:01:43+00:00", "2021-10-23T20:03:53+00:00", "2021-10-23T20:04:51+00:00", "2021-10-23T20:09:30+00:00", "2021-10-23T20:14:32+00:00", "2021-10-23T20:18:52+00:00", "2021-10-23T20:23:42+00:00", "2021-10-23T20:26:01+00:00", "2021-10-23T20:28:44+00:00", "2021-10-23T20:33:31+00:00", "2021-10-23T20:37:19+00:00", "2021-10-23T20:38:55+00:00", "2021-10-23T20:41:07+00:00", "2021-10-23T20:42:07+00:00", "2021-10-23T20:44:17+00:00", "2021-10-23T20:45:40+00:00", "2021-10-23T20:47:25+00:00", "2021-10-23T20:49:38+00:00", "2021-10-23T21:53:48+00:00", "2021-10-23T23:14:00+00:00", "2021-10-23T23:16:10+00:00", "2021-10-23T23:19:07+00:00", "2021-10-23T23:22:51+00:00", "2021-10-23T23:30:10+00:00", "2021-10-23T23:35:43+00:00", "2021-10-23T23:40:27+00:00", "2021-10-23T23:42:30+00:00", "2021-10-23T23:45:49+00:00", "2021-10-23T23:50:22+00:00", "2021-10-23T23:56:29+00:00", "2021-10-24T00:00:32+00:00", "2021-10-24T00:05:28+00:00", "2021-10-24T00:06:41+00:00", "2021-10-24T00:12:11+00:00", "2021-10-24T00:17:02+00:00", "2021-10-24T00:20:27+00:00", "2021-10-24T00:23:52+00:00", "2021-10-29T18:21:19+00:00", "2021-10-29T18:24:27+00:00", "2021-10-29T18:27:10+00:00", "2021-10-29T18:29:48+00:00", "2021-10-29T18:32:27+00:00", "2021-10-29T18:33:35+00:00", "2021-10-29T18:35:49+00:00", "2021-10-29T18:37:49+00:00", "2021-10-29T18:40:36+00:00", "2021-10-29T18:42:54+00:00", "2021-10-29T18:48:18+00:00", "2021-10-29T18:51:50+00:00", "2021-10-29T18:56:41+00:00", "2021-10-29T19:00:14+00:00", "2021-10-29T19:05:28+00:00", "2021-10-29T19:09:08+00:00", "2021-10-29T19:10:18+00:00", "2021-10-29T19:13:45+00:00", "2021-10-29T19:18:05+00:00", "2021-10-29T19:20:13+00:00", "2021-10-29T19:23:05+00:00", "2021-10-29T20:05:36+00:00", "2021-10-29T20:24:09+00:00", "2021-10-29T20:27:06+00:00", "2021-10-29T20:29:52+00:00", "2021-10-29T20:31:02+00:00", "2021-10-29T20:37:49+00:00", "2021-10-29T20:40:02+00:00", "2021-10-29T20:42:57+00:00", "2021-10-29T20:46:06+00:00", "2021-10-29T20:49:00+00:00", "2021-10-29T20:50:59+00:00", "2021-10-29T20:55:21+00:00", "2021-10-29T21:12:01+00:00", "2021-10-29T21:15:50+00:00", "2021-10-29T21:17:47+00:00", "2021-10-29T21:25:01+00:00", "2021-10-29T21:29:13+00:00", "2021-10-29T21:30:41+00:00", "2021-10-29T21:34:23+00:00", "2021-10-29T21:35:56+00:00", "2021-10-29T21:41:31+00:00", "2021-10-29T21:43:37+00:00", "2021-10-29T21:45:40+00:00", "2021-10-29T21:49:23+00:00", "2021-10-29T21:50:50+00:00", "2021-10-29T21:53:23+00:00", "2021-10-29T21:57:44+00:00", "2021-10-29T21:59:38+00:00", "2021-10-29T22:01:31+00:00", "2021-10-29T22:03:39+00:00", "2021-10-29T22:06:00+00:00", "2021-10-29T22:07:37+00:00", "2021-10-29T22:10:18+00:00", "2021-10-29T22:12:16+00:00", "2021-10-29T22:18:59+00:00", "2021-10-29T22:21:19+00:00", "2021-10-29T22:25:57+00:00", "2021-10-30T00:26:36+00:00", "2021-10-30T01:05:01+00:00", "2021-10-30T01:06:25+00:00", "2021-10-30T01:10:16+00:00", "2021-10-30T01:11:12+00:00", "2021-10-30T01:16:36+00:00", "2021-10-30T01:25:42+00:00", "2021-10-30T01:46:24+00:00", "2021-10-30T01:49:37+00:00", "2021-10-30T01:52:51+00:00", "2021-10-30T01:55:04+00:00", "2021-10-30T01:57:36+00:00", "2021-10-30T01:58:45+00:00", "2021-10-30T02:00:01+00:00", "2021-10-30T02:04:45+00:00", "2021-10-30T02:05:38+00:00"], "elevations": [1.4, 5.4, 5.2, 4.4, 5.0, 3.0, null, -9.9, null, null, -9.0, null, null, -8.9, null, null, -6.0, null, 2.3, 2.0, 5.0, null, -3.4, null, null, 3.0, 4.2, -4.0, null, null, 4.2, null, 2.0, null, 0.2, null, null, 1.0, 0.7, null, null, 5.7, 3.0, null, null, 3.0, null, 7.1, null, null, 2.2, null, 1.0, 2.7, null, null, 1.0, null, null, -3.9, null, null, null, null, null, null, -2.0, null, null, -0.8, 0.3, null, null, null, 2.3, 1.0, null, null, -3.4, null, null, null, null, null, null, null, 4.2, null, null, null, 6.2, null, null, null, null, null, 5.0, null, null, null, null, null, 4.1, null, null, null, null, null, null, null, -0.8, null, null, null, null, null, null, 8.1, null, null, null, null, 7.1, null, null, null, null, null, 6.1, null, null, null, 2.0, null, null, 2.0, 3.0, null, null, -2.0, -2.0, null, null, null, null, null, -1.9, null, null, null, null, null, 0.8, null, null, null, null, null, 1.1, null, null, null, null, null, 0.7, null, null, null, null, null, 4.4, 4.0, null, null, null, null, null, null, 4.5, null, null, 6.4, null, 6.4, 6.0, null, null, 7.0, null, null, null, 3.5, null, null, null, null, null, 2.1, null, null, null, null, null, 2.2, 2.0, null, null, 2.2, null, null, 2.2, null, null, null, null, null, null, 2.2, 2.0, null, null, null, null, null, 0.2, 0.0, null, null, null, null, null, null, null, 0.8, null, null, null, null, null, null, null, null, -1.7, -1.0, null, null, null, null, null, null, null, null, 0.1, null, null, null, null, null, null, null, null, 6.8, null, null, null, null, null, null, null, null, null, 41.4, null, null, null, null, null, null, null, null, -1.0, null, null, null, null, null, null, null, null, null, null, null, null, -5.8, -5.0, null, null, null, null, null, null, null, null, null, null, null, null, null, -2.0, null, null, null, null, null, null, null, null, null, null, null, null, 0.2, null, null, null, null, null, null, null, null, null, null, null, 2.5, 2.3, null, null, null, null, null, null, null, null, null, 6.1, null, null, null, null, null, null, null, null, null, null, 9.2, 6.0, null, null, null, null, null, null, null, 2.1, null, null, null, null, null, null, 8.0, 4.7, null, null, null, null, null, null, null, -1.2, null, null, null, null, -5.3, null, null, 1.1, 3.0, null, 3.8, null, 4.7, null, 8.0, null, 6.2, -6.0, null, null, 2.7, null, 3.2, 3.0, null, null, -2.9, null, null, null, null, -0.2, null, null, null, null, null, 2.3, 2.0, null, null, null, null, 7.2, 7.0, null, null, null, null, null, 6.5, null, null, null, null, 6.1, null, null, null, null, null, 6.8, null, null, null, null, null, 9.5, null, null, null, 10.5, 11.0, null, null, null, null, -1.7, 0.0, null, null, 2.3, null, null, 1.0, null, -1.7, -0.5, null, null, -3.7, -3.0, null, null, null, 14.0, 8.0, null, null, null, 2.1, null, 3.4, null, null, null, 1.1, null, 2.2, 3.0, null, 6.4, 5.5, null, null, null, 2.8, null, null, 2.7, null, 2.2, 2.0, null, 0.3, 1.0, 0.3, null, 4.7, 5.0, null, null, -3.4, null, null, null, -2.9, null, null, -3.7, -3.0, null, null, 0.7, null, 0.3, 0.5, 0.3, null, null, 0.1, null, null, null, null, 8.5, null, null, null, -24.0, null, -3.7, -6.5, null, null, -12.6, null, 0.1, null, null, 0.1, null, null, null, -1.2, null, -3.7, null, -3.7, -2.0, null, 2.3, 3.0, null, -5.8, null, 0.3, 1.0, null, null, 1.7, 2.0, null, 1.2, 1.0, null, null, 1.4, null, null, 0.3, 0.5, null, null, 0.8, null, -1.4, -3.0, null, null, -14.6, null, -2.9, null, 8.2, null, null, -4.0, -4.9, null, -2.0, null, 2.0, 1.0, -5.8, -4.0, null, 2.3, 2.0, null, -7.4, null, -3.4, -3.0, null, null, -1.9, -1.0, -3.7, null, null, -4.6, null, -3.7, -3.0, null, null, -3.7, -3.0, null, null, -1.7, null, null, 0.8, null, 0.3, 1.0, null, null, null, 0.2, 0.0, null, -1.4, null, null, null, -3.7, -2.0, null, null, null, -3.7, null, null, null, 6.7, 7.0, null, null, null, 6.2, 7.0, null, null, null, 6.2, null, null, null, null, 0.2, null, null, 0.1, null, null, null, null, 0.4, null, null, null, -0.8, 0.0, null, null, null, -1.7, -1.0, null, null, null, 0.1, null, null, null, 12.2, null, null, null, 0.3, 1.0, null, null, null, 1.8, null, null, null, -1.4, null, null, 0.3, 0.0, null, null, null, 0.3, 0.0, null, null, null, 0.3, 0.0, null, null, null, -1.7, 0.0, null, null, null, -1.4, null, null, null, -1.2, null, null, null, 2.2, null, null, null, null, null, null, null, -1.7, -0.5, null, null, null, -0.6, null, null, null, 0.3, 0.0, null, null, null, null, null, null, null, 15.3, 18.0, null, null, null, null, -14.9, null, null, null, null, -14.9, null, null, null, null, null, -14.0, null, null, null, null, -7.4, null, null, null, null, 14.8, null, null, null, null, 0.1, null, null, null, 0.4, null, null, null, null, 0.2, null, null, null, -1.2, null, null, null, -1.7, 0.0, null, null, null, 18.6, 18.0, null, null, -7.9, null, null, null, 10.7, null, -9.8, -9.0, null, null, 2.1, null, null, null, 2.1, null, null, null, 2.8, null, null, null, null, 49.0, null, null, null, 16.8, 17.0, null, null, 2.4, null, null, 6.8, null, null, null, -16.6, null, null, null, -3.0, null, null, null, -3.4, null, null, null, null, -0.8, null, null, 3.0, null, 0.0, null, null, 12.0, 12.7, null, null, null, null, null, 6.2, null, null, 4.4, -3.7, -2.0, null, null, null, null, 0.3, 1.0, null, null, null, 4.4, 5.0, null, null, null, null, -1.4, null, null, null, null, null, 4.2, null, null, null, -1.7, 0.0, null, 0.8, null, null, 2.7, 3.0, null, 3.8, null, 2.0, null, -1.4, 0.0, null, -3.9, null, null, -1.4, null, 0.2, 0.0, null, -0.6, null, 2.7, 3.0, null, null, 3.7, 2.0, null, null, 2.4, null, null, 2.7, null, null, 2.7, 3.0, -5.8, -5.0, -3.7, -3.0, -3.7, null, -1.7, -2.0, null, -3.9, -3.0, null, -9.8, null, null, null, -3.7, -3.5, null, 0.7, null, null, null, -1.4, null, null, 0.1, null, null, null, 5.8, null, null, null, 0.2, null, null, 0.3, 0.0, null, -2.9, null, null, null, 0.2, null, 0.3, 1.0, null, null, 0.2, null, 2.3, 3.5, null, null, null, 6.5, null, null, 0.8, null, 2.3, 4.5, null, null, -1.6, null, null, -1.9, null, null, -2.0, null, -0.8, 0.0, null, -3.7, null, null, -2.9, null, null, 22.3, 21.0, null, 2.7, 3.0, null, -5.8, null, -5.8, null, null, -3.2, null, null, -5.4, null, null, null, -5.4, null, null, null, -1.2, null, -1.7, null, -1.7, null, 0.3, 0.0, null, null, -4.9, null, null, null, -0.8, -1.0, null, -0.6, null, -6.9, null, null, null, -4.4, -3.0, null, -5.8, -4.0, null, null, -5.4, null, -5.9, null, null, -3.4, -2.0, null, null, 0.4, null, null, null, -4.9, -4.0, null, null, null, -3.6, null, -3.4, -3.0, -4.0, -2.9, null, null, -1.2, null, null, 3.4, null, -2.9, -3.0, null, -5.3, null, null, 4.8, null, -1.9, null, -1.0, -1.4, -2.9, -2.0, null, -2.6, -0.9, null, -1.2, -2.6, null, -0.9, -4.9, null, -0.6, -0.6, -1.2, null, -0.2, -1.7, 0.0, 0.3, 0.2, -0.8, 0.2, 2.2, 2.2, 2.2, -3.4, -3.4, -3.7, -4.0, -5.8, -4.0, 4.4, 32.6, null, null, null, null, null, null, null, null, null, null, null, null, null, null, null, null, null, null, 24.7, 25.0, 2.3, 2.0, 0.3, 0.0, -5.8, -5.0, -3.7, -4.0, -3.7, -4.0, 12.0, 10.2, 34.0, 34.8, 1.0, 0.7, 3.0, 2.7, 0.3, 0.0, 0.3, 0.0, 0.3, 1.0, null, null, -1.7, 0.0, -5.8, -4.0, -3.7, -3.5, 2.3, 2.0, -3.7, -3.0, -3.7, -2.0, -3.7, -2.0, -3.7, -3.0, -1.7, -1.0, -1.7, 0.0, 40.9, 41.0, 0.0, -2.9, -5.0, -5.4, 12.5, 13.0, null, null, 2.3, 2.0, 0.3, 1.0, 0.3, 0.0, 1.0, 0.7, 2.0, 2.0, 0.3, 0.0, 0.3, 1.0, 0.3, 0.0, 0.3, 0.0, -1.7, 0.0, 0.3, 0.0, 0.3, 0.0, -1.7, -0.5, -1.7, -0.5, -1.7, -1.5, 2.3, 2.5, 0.3, 1.0, 2.3, 3.0, 4.0, 4.7, 5.0, 4.7, 0.0, 0.2, -9.0, -5.4, -2.0, -2.0, -1.7, -2.0, -1.7, -1.0, -1.7, -1.0, -3.7, -3.0, -1.7, -0.9, -3.7, -2.0, 12.5, 21.5, 4.4, 5.0, 4.4, 5.0, 2.3, 2.5, -5.8, -5.5, -1.7, -1.0, -1.7, -0.5, 0.3, 0.0, -1.7, -0.5, 0.0, 0.2, 0.0, 0.2, 0.0, 0.2, 1.0, 2.2, -1.0, -1.0, -1.7, -1.0, -1.7, -1.0, -1.7, -1.0, 0.3, 0.0, 0.3, 1.0, -1.7, -1.5, -5.8, -4.0, 2.3, 2.5, -5.8, -9.0, -5.8, -4.5, -3.7, -3.0, -3.7, -2.0, -1.7, -0.5, 2.3, 2.0, -3.7, -3.0, -1.7, -1.7, -1.0, -1.7, -0.5, -3.7, -3.0, -1.7, -1.0, -1.7, -1.0, -3.7, -3.0, -3.7, -3.0, 4.4, 13.0, 2.3, 2.0, -1.7, -1.0, -1.7, -2.0, 4.4, 7.5, 2.3, 1.0, 0.3, 0.0, -3.7, -1.5, -1.7, -1.0, 0.3, 0.5, 0.3, 1.0, -1.7, -1.0, 0.3, 0.0, -1.7, -2.0, -5.8, -2.5, -1.7, -3.5, 1.0, -0.8, 0.0, 3.0, 2.3, 2.0, 2.3, 2.0, 1.0, 0.7, 2.0, 0.0, 0.0, 2.0, 30.8, 31.0, 2.3, 3.0, 4.4, 6.5, 12.5, 13.0, 2.3, 2.0, -5.8, -4.5, -3.7, -2.0, -5.8, -6.0, 2.3, 2.0, 5.0, 6.2, null, null, -11.8, -11.0, 20.6, 21.0, 18.6, 19.0, -9.8, -9.5, -7.8, -6.0, -3.0, -3.9, -3.0, -3.7, -2.0, -2.9, -25.0, -13.0, -8.0, -8.9, 20.6, 20.0, -11.8, -11.0, -9.8, -7.9, 10.7, 11.0, null, -7.0, -5.9, -4.9, -5.4, -4.5, -6.9, -12.3, -2.9, -0.6, -4.7, -4.9, -1.0, -1.9, -7.0, -8.9, -6.0, -5.4, -1.0, -1.9, -3.0, -1.4, -2.0, -2.9, -3.0, 0.2, -1.0, 0.2, 0.0, 0.2, -3.0, -4.9, -3.0, -2.9, 1.0, -1.4, -1.0, -5.4, 1.0, -0.8, -1.0, 0.7, 0.0, 0.2, 0.0, -0.8, -2.0, -0.8, 0.0, -0.8, 3.0, 2.2, -1.0, -1.4, -1.0, -3.4, -1.0, -0.8, -3.0, -2.9, -2.0, -2.9, -1.0, -1.4, 0.0, -0.8, -3.0, -1.4, -1.0, -0.8, -2.0, -2.9, -1.0, -0.8, -1.0, 0.2, 1.0, 2.2, 2.0, 2.2, -1.0, -1.4, -3.0, -3.9, -6.0, -3.4, -3.0, -3.4, -3.0, -1.9, -2.0, -2.9, -3.0, -2.9, -3.0, -3.4, -4.0, -4.9, -2.0, -2.9, -4.0, -3.9, 0.0, -0.8, 0.0, 0.2, 0.0, 0.2, -1.0, -2.9, 0.0, 0.2, -3.0, -2.9, -4.0, -3.9, 0.0, 0.7, 2.0, 2.2, 2.0, 2.2, 0.0, -0.8, -1.0, -1.4, -3.0, -1.4, -3.0, -1.9, -3.0, -3.4, -2.0, -1.4, -2.0, -3.4, -5.0, -4.9, -2.0, -4.9, -4.0, -2.9, -5.0, -3.4, -3.0, -4.9, -2.0, -3.4, -3.0, -4.9, -5.0, -6.9, 0.0, 4.2, -6.0, -3.4, 2.0, 0.2, -2.0, -2.9, 0.0, 0.1, -1.9, -3.0, -1.4, -2.0, -1.4, null, null, null, -2.0, -2.9, null, null, null, null, null, -2.0, -1.4, null, null, null, null, null, null, -1.0, null, -4.9, null, null, null, null, null, -3.0, -1.7, -1.0, null, null, null, null, null, null, 0.0, 0.2, null, null, null, null, null, null, -3.0, null, -2.9, null, null, null, null, null, null, -6.0, null, -4.9, null, null, null, null, null, null, -4.0, -3.4, null, null, null, null, null, null, null, -3.0, -3.4, null, null, null, null, null, null, -3.0, -2.9, null, null, null, null, null, -4.0, -3.4, null, null, null, null, null, -1.6, null, null, null, null, null, null, null, 0.0, 0.2, null, null, null, null, null, null, -3.0, null, -2.9, null, null, null, null, -4.0, -2.9, null, null, null, null, null, -1.0, 2.2, null, null, null, null, null, 0.2, null, null, null, null, null, 0.3, 0.5, null, null, null, null, null, null, 6.2, null, null, null, null, null, 2.3, 2.0, null, null, null, -0.3, null, null, null, null, -0.9, null, null, null, null, null, -1.4, -1.0, null, null, null, null, null, null, 6.1, null, null, null, null, -4.9, null, null, null, null, null, 0.0, null, null, null, null, null, null, 4.1, null, null, null, null, null, -1.7, -1.0, null, null, null, null, null, null, 0.3, 1.0, null, null, null, null, null, 4.8, null, null, null, null, null, 0.3, 1.5, null, null, null, null, null, null, -0.8, null, null, null, null, null, null, -0.8, null, null, null, null, null, -0.8, null, null, null, null, null, -1.0, null, null, null, null, null, null, null, -1.4, null, null, null, null, null, null, -2.9, null, null, null, null, null, null, null, 0.8, null, null, null, null, null, null, -0.9, null, null, null, null, null, null, -0.8, 0.0, null, null, null, null, null, null, -2.0, null, null, null, null, null, null, 2.1, null, null, null, null, null, null, 0.8, null, null, null, null, null, null, null, -1.6, null, null, null, null, null, -1.7, -0.5, null, null, null, null, 4.4, 5.0, null, null, null, null, null, null, null, -10.9, null, null, null, null, null, null, null, 9.0, null, null, null, null, null, null, null, 6.4, null, null, null, null, null, null, 4.4, 4.0, null, null, 2.3, null, null, null, null, null, null, 0.4, null, null, null, null, null, null, 2.4, null, null, null, null, null, null, 2.3, 2.5, null, null, null, null, null, null, null, 2.2, 2.0, null, null, null, null, null, 4.2, 4.0, null, null, null, null, 4.4, 4.0, null, null, null, null, null, null, null, 2.7, null, null, null, null, null, null, null, null, null, 39.0, null, null, null, null, null, null, null, 69.4, null, null, null, null, null, null, null, null, null, null, null, null, null, null, null, null, null, null, null, null, null, null, null, null, null, null, null, null, null, null, null, null, null, null, null, 47.0, null, null, null, null, -1.7, null, null, null, null, null, 20.6, null, null, null, null, null, 2.3, null, null, null, null, 4.4, null, null, null, null, null, 6.4, null, null, null, null, 2.3, null, null, null, 4.4, null, null, null, null, 4.4, null, null, null, null, null, 2.3, null, null, null, null, 2.3, null, null, null, null, null, null, 2.3, null, null, null, 0.3, null, null, null, null, 0.3, null, null, null, null, null, 0.3, null, null, null, -1.7, null, null, null, null, null, null, null, null, 6.4, null, null, null, null, 6.4, null, null, null, null, null, null, 6.4, null, null, null, null, 6.4, null, null, null, null, null, 8.4, null, null, null, null, null, null, 8.4, null, null, null, null, null, null, 0.3, null, null, null, null, null, null, 0.3, null, null, null, null, null, null, -5.8, null, null, null, null, null, 4.2, null, null, null, null, null, null, 2.3, 3.0, null, null, null, null, null, 2.7, null, null, null, null, null, 2.2, null, null, null, null, null, 4.2, null, null, null, 0.1, null, null, null, null, 4.5, null, null, null, 4.5, null, null, null, -5.4, null, null, null, 4.8, null, null, null, null, 8.1, null, null, null, 12.2, null, null, -5.9, -5.0, null, null, -7.3, null, null, 8.2, 7.0, null, null, 1.8, null, null, 12.7, null, 2.3, 3.0, null, null, 8.1, null, null, 0.2, 0.0, null, null, -10.0, null, null, null, null, null, 6.7, null, null, null, null, null, 6.1, null, null, -1.7, -1.0, null, -1.7, 0.0, null, null, 0.7, 1.0, null, -1.2, null, null, 4.1, null, null, 0.8, null, 2.3, 2.0, null, null, null, 0.2, 0.0, null, null, 0.2, 1.0, null, 2.7, null, null, 1.4, null, 3.0, null, 4.4, null, null, null, null, 4.2, null, null, null, null, null, null, null, null, -9.0, null, null, null, null, null, -2.9, null, null, null, 0.2, null, null, null, 1.1, null, null, -1.4, null, null, 2.2, null, null, null, 6.1, null, 0.7, 1.0, null, null, 9.0, 8.7, null, null, -16.0, null, -9.9, null, null, -1.8, 0.0, null, null, 3.2, 3.0, null, null, 4.1, null, null, -0.9, -2.0, null, null, -5.8, -4.0, null, null, -3.2, 2.3, 3.0, null, 3.1, null, 0.3, 1.0, null, 0.7, 0.0, null, 0.2, 0.0, null, 6.5, null, null, 6.4, null, null, null, null, null, 0.1, 8.2, 8.0, 0.3, null, 4.7, 4.2, 4.0, null, -1.2, null, 0.0, 0.2, null, 4.0, null, null, 2.1, null, null, 0.0, null, null, 0.5, null, null, null, -0.6, null, null, null, null, null, 4.4, 5.0, null, null, null, null, null, 4.7, null, null, -0.6, null, null, 2.3, 2.0, null, null, 4.4, 5.0, null, null, 2.7, null, null, -3.6, null, null, null, 2.8, null, null, 2.0, 2.0, null, null, 0.3, 0.0, null, -2.6, null, null, -1.4, -1.0, null, null, 0.8, null, null, 2.2, 2.0, null, null, 1.8, null, null, 0.0, null, null, null, null, null, -5.3, null, null, null, -0.8, null, null, null, 2.3, 2.0, null, null, null, null, null, null, 2.1, null, null, null, 16.3, null, null, -15.9, -15.0, null, null, 4.7, 5.0, null, null, null, null, -7.8, -6.0, null, null, null, -2.9, null, null, null, 0.2, 0.0, null, null, 7.1, null, null, null, null, null, null, null, null, -27.5, null, null, -3.9, -4.0, null, -3.0, -3.9, null, -2.0, -3.4, null, null, -9.0, null, 7.0, null, null, null, null, null, 0.1, null, null, 1.0, 2.0, null, null, 2.0, null, null, null, 0.5, null, null, null, -11.8, -11.0, null, null, -4.9, null, null, -7.4, null, null, 2.3, 2.0, null, null, -7.3, null, null, null, null, -2.9, null, null, -3.9, null, null, -0.6, null, null, 0.1, null, null, -5.3, null, null, null, -4.9, null, null, 0.1, null, null, null, null, null, -2.5, null, null, null, 0.2, null, null, null, -3.7, -2.0, null, null, null, null, 4.0, null, null, null, null, null, null, 14.5, 15.0, null, null, null, null, null, 2.2, null, null, null, null, null, 0.7, null, null, null, 4.2, null, null, null, null, 4.7, null, null, null, null, 4.1, null, null, 4.4, 5.0, null, 4.4, 3.5, null, 0.3, 1.0, null, null, 1.7, null, 0.8, null, null, 8.4, 8.5, null, null, null, null, 27.6, null, null, null, 2.4, null, null, null, 6.2, 6.0, null, 7.0, null, 0.2, null, null, 3.0, null, 4.7, 4.0, null, 6.2, null, 28.0, -13.4, null, -2.0, -0.8, 0.0, null, 0.7, -1.0, -1.4, null, -1.0, null, -1.4, null, -1.0, -3.4, null, 0.0, null, 2.2, null, 0.0, 0.2, null, -2.9, -4.0, 0.3, 0.0, null, 2.2, null, 2.1, null, null, -2.5, null, null, -0.9, -1.0, -1.0, 1.0, 1.0, null, 0.0, null, null, -2.9, null, 1.7, null, -3.7, null, -1.7, -1.0, null, -3.9, null, -0.9, -3.7, -3.0, null, -4.6, null, -3.2, null, -5.4, -5.0, null, -5.3, null, null, -2.6, -7.8, -7.5, null, null, null, -2.9, 0.0, -1.7, null, -5.9, null, null, 3.7, null, 0.7, null, null, 6.4, null, -3.7, -3.0, null, -2.9, null, -1.4, -1.0, null, -5.3, null, null, -4.9, -4.0, null, -4.9, null, -3.7, null, null, -3.2, null, -3.4, -3.0, -5.8, null, -3.9, -3.0, 6.4, 15.0, null, -1.7, null, null, -1.2, null, -2.4, -2.0, null, -1.7, null, null, 0.8, null, null, 0.1, null, 0.2, 0.0, null, 0.1, null, null, -1.4, -1.0, null, null, -0.6, null, -0.8, -1.0, null, -2.0, null, null, -1.2, null, null, -3.4, null, null, -3.0, null, -2.6, null, null, null, null, -3.6, null, null, null, -1.7, -2.0, null, null, -3.7, -2.5, null, -4.2, null, null, null, null, null, -2.6, null, null, null, null, null, null, -1.4, -1.0, null, null, null, null, -3.2, null, null, null, -2.9, -2.0, null, null, null, -3.7, -2.0, null, null, null, -3.7, -3.0, null, null, null, null, -2.0, null, null, null, null, -3.7, -2.0, null, null, -2.9, null, null, null, -3.7, -2.0, null, null, null, -3.4, -3.0, null, null, null, null, -3.0, -3.4, null, null, null, null, null, null, -3.0, -3.4, null, null, null, null, null, null, null, -3.4, null, null, null, null, 10.8, null, null, null, null, 0.8, null, null, null, null, 0.7, null, null, 4.2, null, null, null, 40.5, null, null, null, null, 10.5, 10.0, null, null, null, 0.3, 0.0, null, null, null, 2.3, null, null, null, null, 12.2, null, null, null, 10.7, null, null, null, null, 10.2, null, null, null, 14.5, 15.0, null, null, null, null, 50.7, null, null, null, null, 43.5, 44.0, null, null, null, null, null, null, null, null, 10.2, null, null, null, null, 10.5, 10.0, null, null, null, null, 10.8, null, null, null, null, null, 41.0, null, null, null, null, null, null, null, null, null, null, null, null, null, -1.7, 0.0, null, null, null, null, 0.2, 0.0, null, null, null, 8.4, 8.0, null, null, null, null, null, null, null, null, 6.2, null, null, null, 5.8, null, null, null, null, null, 6.1, null, null, null, null, 2.2, 2.0, null, null, null, 0.7, 0.0, null, null, null, null, null, 0.8, null, null, null, null, 1.0, 1.0, null, null, null, null, 0.3, 0.0, null, null, null, null, null, 0.1, null, null, null, null, null, -1.9, -1.0, null, null, null, null, 2.0, null, null, null, null, null, null, null, null, null, 3.0, null, null, null, null, null, 6.5, null, null, null, null, null, null, 43.0, null, null, null, null, -1.7, -1.0, null, null, null, null, 2.7, null, null, null, 2.3, 2.0, null, null, null, 2.2, 2.0, null, null, null, null, 2.2, 0.3, null, null, null, null, 8.1, null, null, null, null, 2.8, null, null, null, null, null, 0.1, null, null, null, null, null, null, 10.7, null, null, null, null, 0.2, null, null, null, null, null, 0.3, 1.0, null, null, null, null, null, null, null, null, null, null, null, 4.2, null, null, null, null, null, null, 4.1, null, null, null, null, 3.5, null, null, 2.3, null, null, null, null, 25.0, 24.0, null, null, null, null, 40.5, 41.0, null, null, null, null, 41.0, null, null, null, null, 16.5, 16.0, null, null, null, null, null, -1.0, null, null, -9.4, null, null, -4.0, null, -1.7, -2.0, null, -1.0, null, -1.7, -1.0, null, null, null, 2.0, 2.2, null, null, null, null, null, -0.8, 0.0, null, null, -0.6, null, null, null, null, null, null, null, null, null, null, 2.7, null, null, null, null, 16.8, null, null, null, null, null, null, 0.2, 0.0, null, null, null, null, null, -10.9, null, null, null, null, null, -9.9, -10.0, null, null, null, null, null, -9.9, null, null, null, null, null, -9.3, null, null, null, null, -7.9, null, null, null, null, -9.8, -8.0, null, null, null, null, -7.9, null, null, null, null, null, null, -6.0, null, null, null, null, null, -5.8, -5.0, null, null, null, null, -3.7, -4.0, null, null, null, null, null, null, null, -3.2, null, null, null, null, null, null, null, -3.2, null, null, null, null, null, -6.6, null, null, null, null, null, null, -5.4, null, null, null, null, -3.7, -2.5, null, null, null, null, null, 12.8, null, null, null, 8.4, 9.0, null, null, null, -3.7, -2.0, null, null, null, -4.9, -4.0, null, null, -3.9, null, null, null, -2.0, -3.4, null, null, null, 0.0, -3.4, null, null, null, -9.3, null, null, null, null, -5.3, null, null, null, -3.9, null, null, -1.6, null, null, -3.7, -3.0, null, null, null, -6.9, null, null, null, -5.8, -5.0, null, null, null, -5.3, null, null, -5.4, -5.0, null, null, -5.4, -4.0, null, null, -5.4, null, null, -5.4, -5.0, null, null, null, -4.6, null, null, null, -3.2, null, null, null, 0.4, null, null, -1.7, 0.0, null, null, null, -1.2, null, null, -5.3, null, -3.9, null, -8.9, null, null, null, -5.6, null, null, -3.4, -4.0, null, null, -4.9, null, null, -3.2, null, null, null, -2.6, null, null, null, -4.6, null, null, null, -3.7, -3.0, null, null, null, -3.7, -3.0, null, null, null, -3.0, null, null, null, -1.2, null, null, null, -2.6, null, -4.9, null, null, -3.0, -3.4, null, null, null, null, -2.2, null, null, null, null, -3.2, null, null, null, 2.2, 1.0, null, null, null, -1.7, 0.0, null, null, null, null, 12.5, null, null, null, null, -3.4, null, null, null, null, null, null, -1.7, 0.0, null, null, null, null, 0.2, null, null, null, null, null, -6.9, -6.0, null, null, null, null, -7.4, -7.0, null, null, -7.8, -6.0, null, null, null, null, null, -2.6, null, null, null, null, null, -2.6, null, null, null, null, -3.2, null, null, null, null, null, -8.9, null, null, null, null, null, -9.9, null, null, null, null, -7.9, -8.0, null, null, null, null, -0.9, null, null, null, null, -4.9, null, null, null, null, -3.7, null, null, null, null, -14.0, null, null, null, null, null, -4.9, -4.0, null, null, null, null, -9.8, -8.0, null, null, null, null, null, null, 10.7, null, null, null, null, null, 3.7, null, null, null, null, null, -9.8, -10.0, null, null, null, null, -11.6, null, null, null, null, null, -10.9, null, null, null, null, null, null, -21.0, null, null, null, null, null, -6.9, null, null, null, null, null, null, -7.0, null, null, null, null, null, null, null, -9.3, null, null, null, null, null, -4.9, null, null, null, null, null, null, -1.7, -1.0, null, null, null, null, -2.9, -2.0, null, null, null, null, null, -0.8, null, null, null, null, null, 2.3, 2.0, null, null, null, -3.7, -4.0, null, null, null, null, -3.0, null, null, -5.8, -4.0, null, 6.4, 6.0, null, null, 2.8, null, 2.7, 3.0, null, -1.9, -1.0, null, -2.0, -1.9, null, null, null, null, -4.9, -4.0, null, -3.4, -3.0, null, null, null, -6.9, null, null, null, null, -6.6, null, null, null, null, -7.6, null, -7.8, -8.0, null, null, null, -7.9, null, null, null, -7.8, -7.0, null, null, -3.7, -1.5, null, null, null, -5.3, null, null, null, null, -1.9, null, null, null, null, 0.2, null, null, null, -1.7, -1.0, null, null, null, null, null, -1.6, null, null, -3.7, -2.0, null, null, null, null, null, 0.3, 0.0, null, null, null, null, -5.3, null, null, null, null, null, -5.3, null, null, null, null, 0.3, 4.5, null, null, null, null, null, null, -4.9, null, null, null, null, null, null, -5.3, null, null, null, null, null, 0.0, -7.0, null, null, null, null, null, null, -3.5, null, null, null, null, null, null, null, null, 0.7, null, null, null, null, null, null, null, -3.7, -4.0, null, null, null, null, -1.7, 0.0, null, null, null, null, null, null, null, null, -16.4, null, null, null, null, null, null, null, null, null, -1.4, -1.0, null, null, null, null, null, null, 0.3, 0.0, null, null, null, null, null, null, null, 5.1, null, null, null, null, null, null, 1.1, null, null, null, null, null, null, null, -2.6, null, null, null, null, null, null, -4.0, null, null, null, null, null, null, null, null, -8.9, null, null, null, null, null, null, -2.9, null, null, null, null, null, null, null, -3.4, null, null, null, null, null, -7.8, -7.0, null, null, null, null, null, null, -2.9, null, null, null, null, -2.9, null, null, null, null, null, null, -3.7, null, null, null, null, null, null, -4.9, null, null, null, null, null, null, -3.0, -3.4, null, null, null, null, null, -5.3, null, null, null, null, null, null, null, 6.8, null, null, null, null, null, null, null, -9.9, null, null, null, null, null, null, -7.4, -7.0, null, null, null, null, null, null, -4.0, null, null, null, null, null, null, -5.8, -5.0, null, null, null, null, null, null, -5.3, null, null, null, null, null, -7.8, -6.5, null, null, null, null, null, null, -7.9, -8.0, null, null, null, null, null, null, -7.8, -6.0, null, null, null, null, null, null, null, -5.0, null, null, null, null, null, null, null, -7.3, null, null, null, null, null, null, -9.8, -8.5, null, null, null, null, null, null, -5.6, null, null, null, null, null, null, -8.6, null, null, null, null, null, null, -8.0, null, null, null, null, -5.8, -5.0, null, null, null, null, null, null, -11.3, null, null, null, null, null, -9.4, -9.0, null, null, null, null, null, -9.4, -8.0, null, null, null, null, -7.4, -6.0, null, null, null, null, null, null, -7.4, -8.0, null, null, null, null, null, -6.9, null, null, null, null, null, null, -11.3, null, null, null, null, null, -11.0, -11.4, null, null, null, -11.4, -10.0, null, null, null, -1.0, -0.8, null, null, null, null, null, null, -7.6, null, null, null, null, null, -9.9, -10.0, null, null, null, null, -12.0, -12.9, null, null, null, null, -13.0, -12.9, null, null, null, null, -9.4, -8.0, null, null, null, -9.4, -8.0, null, null, null, null, -9.6, null, null, null, null, null, -10.9, null, null, null, null, -6.9, -6.0, null, null, null, -7.4, -7.0, null, null, null, -8.9, -8.0, null, null, -8.9, -8.0, null, null, null, -9.3, null, null, null, -10.9, -10.0, null, null, null, -9.3, null, null, null, -10.9, -10.0, null, null, -7.9, -8.0, null, null, null, -6.9, null, null, null, -7.0, -7.0, -7.0, null, null, -7.9, null, null, null, null, -9.0, -9.4, null, null, -9.0, -9.4, null, null, null, -9.3, null, null, null, -2.9, null, null, null, null, -3.2, null, null, null, null, -7.3, null, null, null, null, -9.0, -8.0, null, null, null, null, -7.0, -7.4, null, null, null, null, -7.0, -7.4, null, null, null, -8.0, -8.9, null, null, null, null, -5.4, -5.0, null, null, null, null, -4.0, -4.9, null, null, null, null, null, -5.3, null, null, null, null, null, -5.0, -5.4, null, null, null, null, null, -4.9, -5.0, null, null, null, null, -8.0, -7.4, null, null, null, null, null, null, -7.0, -7.4, null, null, null, null, null, -8.0, -8.9, null, null, null, -7.0, -7.8, -6.0, null, null, null, null, null, null, -7.0, -6.9, null, null, null, null, null, -7.3, null, null, null, null, null, -8.0, -4.9, null, null, null, null, -9.0, -8.9, null, null, null, null, null, -9.0, -9.4, null, null, null, null, null, null, -4.6, null, null, null, null, null, null, -5.4, -4.0, null, null, null, null, null, null, -5.0, -5.9, null, null, null, null, null, null, -7.0, -8.9, null, null, null, null, null, null, -7.0, -7.8, -8.0, null, null, null, null, null, null, -2.6, null, null, null, null, null, null, null, -1.6, null, null, null, null, null, null, -6.0, -5.4, null, null, null, null, null, -10.0, -7.9, null, null, null, null, null, null, null, -13.9, -12.0, null, null, null, null, -8.0, -7.8, -7.0, null, null, null, null, null, -6.0, -5.4, null, null, null, null, null, null, null, -4.0, -3.4, null, null, null, null, null, -5.0, -3.9, null, null, null, null, null, -5.0, -3.9, null, null, null, null, null, null, -4.4, -3.0, null, null, null, null, null, -4.9, -3.0, null, null, null, null, null, -8.0, -7.4, null, null, null, null, null, null, -7.0, -7.8, -7.0, null, null, null, null, null, -7.4, -6.0, null, null, null, null, -7.0, -6.9, null, null, null, null, null, null, -6.9, null, null, null, null, null, -6.3, null, null, null, null, -8.0, null, -6.0, null, null, null, null, null, -5.5, null, null, null, null, null, -2.0, -1.0, null, null, null, null, null, null, -1.4, 0.0, null, null, null, null, null, -2.0, -1.4, null, null, null, null, null, null, null, -7.0, -5.9, null, null, null, -6.0, -4.9, null, null, null, null, null, null, -5.9, -5.0, null, null, null, -7.3, null, null, null, null, -7.0, -7.4, null, null, null, -6.0, -6.9, null, null, null, -9.0, -7.9, null, null, null, null, -7.0, -5.4, null, null, null, null, -5.0, -8.9, null, null, null, null, -6.4, -6.0, null, null, null, null, -6.0, -8.9, null, null, null, null, null, -6.4, -6.0, null, -5.0, -4.9, null, null, null, -6.0, -7.4, null, null, null, null, -4.0, -5.9, null, null, null, -6.0, -7.4, null, null, null, null, -3.5, null, null, null, null, -2.9, null, null, null, null, -1.2, null, null, null, -1.7, -1.5, null, null, null, null, -7.8, -6.0, null, null, null, -3.4, null, null, -1.4, null, null, null, null, -4.9, null, null, null, -3.4, null, null, null, -0.8, null, null, null, -0.8, null, null, null, null, null, -1.4, null, null, null, null, null, null, -2.2, null, null, null, null, null, null, null, null, -5.3, null, null, null, null, null, null, null, null, null, -1.0, -1.0, null, null, null, null, null, null, null, -3.7, -3.0, null, null, null, null, null, null, null, -5.0, null, null, null, null, null, null, null, null, -11.4, null, null, null, null, null, null, null, -6.0, -6.0, null, null, null, null, null, null, null, null, -3.0, null, null, null, null, null, null, null, null, -3.9, null, null, null, null, null, null, null, null, -1.2, null, null, null, null, null, null, -1.7, -1.5, null, null, null, null, null, -8.9, null, null, null, null, null, null, null, 0.2, null, null, null, null, null, -1.4, null, null, null, null, null, null, -3.7, -2.0, null, null, null, null, -5.8, -4.0, null, null, null, null, null, null, null, -2.9, null, null, null, null, null, null, -0.8, null, null, null, null, null, null, null, 0.0, 0.0, null, null, null, null, null, null, 4.4, 4.0, null, null, null, null, null, null, null, null, -5.0, null, null, null, null, null, null, null, -6.9, null, null, null, null, null, -15.9, -15.0, null, null, null, null, -11.8, -11.0, null, null, null, null, null, null, -9.4, null, null, null, null, null, null, null, -13.4, null, null, null, null, null, null, -16.0, null, null, null, null, null, null, -18.0, null, null, null, null, null, null, -5.4, null, null, null, null, null, -14.0, null, null, null, null, -6.9, null, null, null, -11.8, -11.5, null, null, -5.3, null, null, null, null, -3.4, -5.0, null, null, -9.8, -8.0, null, null, -7.8, -6.5, null, -5.8, -4.0, null, null, null, -9.9, null, null, null, -2.2, null, -9.8, -9.0, null, -5.0, -5.8, null, -4.0, -3.4, null, null, 2.8, null, null, null, -15.4, null, null, -10.9, -10.0, null, null, -11.3, null, null, -9.8, -9.5, null, null, -9.8, -9.5, null, null, null, -8.6, null, null, null, -9.9, null, null, null, null, null, 0.3, null, null, -3.7, null, null, 0.3, null, null, 2.3, null, null, -3.7, null, null, null, 0.3, null, null, null, -13.9, null, null, null, null, null, null, null, null, null, null, null, null, null, null, null, null, null, null, null, null, null, null, null, null, null, null, null, null, null, null, null, null, null, null, null, null, null, null, null, null, null, null, null, null, null, null, null, null, null, null, null, null, null, null, null, null, null, null, null, null, null, null, null, null, null, null, null, null, null, null, null, null, null, null, null, null, null, null, null, null, null, null, null, null, null, null, null, null, null, null, null, null, null, null, null, null, null, null, null, null, null, null, null, null, null, null, null, null, null, null, null, null, null, null, null, null, null, null, null, null, null, null, null, null, null, null, null, null, null, null, null, null, null, null, null, null, null, null, null, null, null, null, null, null, null, null, null, null, null, null, null, null, null, null, null, null, null, null, null, null, null, null, null, null, null, null, null, null, null, null, null, null, null, null, null, null, null, null, null, null, null, null, null, null, null, null, null, null, null, null, null, null, null, null, null, null, null, null, null, null]}