{"type": "Feature", "properties": {"leg_id": 33, "name": "20220408 - Los Cabos to Nuku Hiva, French Polynesia", "stated_nm": 2982.1, "computed_nm": 2982.1}, "geometry": {"type": "LineString", "coordinates": [[-109.676223, 23.063023], [-109.671431, 23.049007], [-109.676846, 23.034113], [-109.679193, 23.023209], [-109.680154, 23.013656], [-109.669204, 23.001507], [-109.658929, 22.985882], [-109.647895, 22.965941], [-109.641958, 22.95265], [-109.636006, 22.933148], [-109.6331, 22.91186], [-109.633065, 22.893533], [-109.633049, 22.87501], [-109.632219, 22.858949], [-109.629348, 22.84243], [-109.626032, 22.827005], [-109.624386, 22.805899], [-109.623619, 22.786348], [-109.624235, 22.771321], [-109.626762, 22.754679], [-109.628555, 22.738728], [-109.628731, 22.725448], [-109.631058, 22.708727], [-109.632912, 22.693577], [-109.633151, 22.680577], [-109.632782, 22.66605], [-109.632524, 22.6527], [-109.633187, 22.63984], [-109.636099, 22.618595], [-109.638237, 22.605169], [-109.639667, 22.592638], [-109.640555, 22.579322], [-109.641316, 22.56683], [-109.643096, 22.552968], [-109.645817, 22.537273], [-109.650189, 22.516298], [-109.652943, 22.502378], [-109.658573, 22.481902], [-109.662315, 22.466554], [-109.666306, 22.44744], [-109.669024, 22.434214], [-109.672052, 22.420476], [-109.676698, 22.400548], [-109.680055, 22.385646], [-109.683826, 22.37136], [-109.687604, 22.355562], [-109.692752, 22.339624], [-109.699388, 22.323292], [-109.705868, 22.307515], [-109.712879, 22.292114], [-109.720293, 22.275969], [-109.727994, 22.261686], [-109.735298, 22.247786], [-109.742194, 22.235396], [-109.752381, 22.220069], [-109.762181, 22.206153], [-109.774408, 22.189025], [-109.781087, 22.175903], [-109.78745, 22.161579], [-109.793324, 22.147747], [-109.80116, 22.133383], [-109.808046, 22.116967], [-109.815201, 22.100756], [-109.823136, 22.084908], [-109.832352, 22.068715], [-109.840123, 22.055443], [-109.847819, 22.04016], [-109.85467, 22.026538], [-109.862087, 22.011482], [-109.870936, 21.994313], [-109.879727, 21.979845], [-109.889694, 21.966078], [-109.897858, 21.954097], [-109.90621, 21.942583], [-109.915529, 21.928899], [-109.923991, 21.916302], [-109.933692, 21.902271], [-109.941735, 21.888957], [-109.950194, 21.876176], [-109.960247, 21.860384], [-109.969077, 21.847085], [-109.978843, 21.833719], [-109.988501, 21.82031], [-109.996253, 21.80862], [-110.004382, 21.79473], [-110.014032, 21.781096], [-110.022061, 21.768905], [-110.032238, 21.75166], [-110.040963, 21.737934], [-110.050474, 21.723575], [-110.060699, 21.705891], [-110.063175, 21.693615], [-110.067925, 21.679381], [-110.074825, 21.663543], [-110.080489, 21.650701], [-110.086787, 21.630795], [-110.090579, 21.612855], [-110.096658, 21.591763], [-110.101357, 21.575859], [-110.104442, 21.560674], [-110.105723, 21.545748], [-110.106729, 21.531011], [-110.117393, 21.518362], [-110.128989, 21.506631], [-110.141925, 21.492908], [-110.151503, 21.482193], [-110.16102, 21.471348], [-110.169895, 21.460822], [-110.181565, 21.445583], [-110.191344, 21.431212], [-110.200063, 21.418319], [-110.210976, 21.408575], [-110.222647, 21.398466], [-110.234409, 21.386252], [-110.247322, 21.372013], [-110.258944, 21.358631], [-110.271767, 21.346226], [-110.282316, 21.337547], [-110.292687, 21.328678], [-110.30068, 21.318106], [-110.306728, 21.308808], [-110.312237, 21.295521], [-110.317975, 21.282183], [-110.322354, 21.270246], [-110.327274, 21.257199], [-110.332332, 21.243946], [-110.337411, 21.23092], [-110.34174, 21.219254], [-110.345476, 21.209085], [-110.348967, 21.199745], [-110.352799, 21.190189], [-110.357173, 21.179699], [-110.361556, 21.170036], [-110.366389, 21.158926], [-110.369699, 21.14837], [-110.374607, 21.135117], [-110.379091, 21.123227], [-110.383741, 21.111109], [-110.388106, 21.100085], [-110.391477, 21.089336], [-110.39257, 21.079706], [-110.392344, 21.06923], [-110.391238, 21.059943], [-110.38428, 21.056595], [-110.378563, 21.052462], [-110.37413, 21.045672], [-110.367094, 21.040873], [-110.376171, 21.040043], [-110.382798, 21.038682], [-110.39246, 21.038709], [-110.400327, 21.041526], [-110.407848, 21.046184], [-110.414897, 21.051459], [-110.42123, 21.057619], [-110.431732, 21.065405], [-110.44065, 21.072977], [-110.448651, 21.080535], [-110.457734, 21.091359], [-110.463212, 21.099129], [-110.467113, 21.111524], [-110.465525, 21.122971], [-110.45932, 21.120175], [-110.462669, 21.10896], [-110.47228, 21.097142], [-110.48247, 21.086331], [-110.493909, 21.073562], [-110.504035, 21.062454], [-110.514547, 21.052388], [-110.526302, 21.042034], [-110.537289, 21.030786], [-110.544725, 21.020974], [-110.551366, 21.009092], [-110.559116, 20.993018], [-110.566368, 20.980315], [-110.574152, 20.9674], [-110.580313, 20.956723], [-110.589688, 20.942606], [-110.600743, 20.930203], [-110.611947, 20.918225], [-110.621072, 20.909136], [-110.628197, 20.900166], [-110.636454, 20.889283], [-110.643135, 20.877626], [-110.651147, 20.867167], [-110.660256, 20.857908], [-110.669665, 20.847763], [-110.679809, 20.837346], [-110.688752, 20.829776], [-110.697851, 20.820054], [-110.706742, 20.810521], [-110.716058, 20.79999], [-110.72555, 20.788593], [-110.734946, 20.777126], [-110.743756, 20.766446], [-110.751262, 20.756478], [-110.759389, 20.747946], [-110.762898, 20.740277], [-110.765211, 20.731072], [-110.765558, 20.723561], [-110.768824, 20.714674], [-110.77139, 20.705122], [-110.771547, 20.694286], [-110.770782, 20.683567], [-110.771704, 20.674693], [-110.771728, 20.664273], [-110.77123, 20.652196], [-110.770971, 20.640992], [-110.769858, 20.630164], [-110.767734, 20.620571], [-110.768228, 20.610016], [-110.76924, 20.601343], [-110.769756, 20.590782], [-110.770983, 20.580941], [-110.770489, 20.571948], [-110.76956, 20.562967], [-110.770187, 20.551568], [-110.775429, 20.536124], [-110.779628, 20.524052], [-110.785569, 20.510165], [-110.79092, 20.499117], [-110.797973, 20.486041], [-110.807886, 20.470921], [-110.815505, 20.459193], [-110.8228, 20.449401], [-110.82969, 20.440475], [-110.838281, 20.42981], [-110.847088, 20.420494], [-110.854813, 20.411443], [-110.862592, 20.401635], [-110.873069, 20.392551], [-110.880379, 20.384683], [-110.887434, 20.376107], [-110.895114, 20.366854], [-110.899966, 20.357021], [-110.904596, 20.347978], [-110.909757, 20.340481], [-110.913376, 20.332327], [-110.917365, 20.325188], [-110.92239, 20.315296], [-110.927813, 20.309473], [-110.931273, 20.301177], [-110.93655, 20.293475], [-110.943197, 20.28599], [-110.950105, 20.279007], [-110.956463, 20.272718], [-110.964896, 20.267158], [-110.970146, 20.260529], [-110.972896, 20.252575], [-110.977099, 20.245445], [-110.979495, 20.238612], [-110.979165, 20.230471], [-110.981316, 20.222516], [-110.98334, 20.214617], [-110.985516, 20.204795], [-110.987265, 20.196218], [-110.987781, 20.18884], [-110.986224, 20.179645], [-110.985531, 20.171135], [-110.988204, 20.160731], [-110.988514, 20.150897], [-110.990347, 20.139417], [-110.990927, 20.130811], [-110.993073, 20.118141], [-110.992024, 20.106141], [-110.990756, 20.094255], [-110.995584, 20.083271], [-110.99912, 20.073431], [-111.004252, 20.062346], [-111.007796, 20.049778], [-111.010999, 20.037477], [-111.015336, 20.025209], [-111.020697, 20.011294], [-111.026834, 19.998648], [-111.030165, 19.986325], [-111.033461, 19.972368], [-111.037821, 19.95695], [-111.040885, 19.945303], [-111.046143, 19.933865], [-111.052536, 19.925146], [-111.059314, 19.914911], [-111.062425, 19.903339], [-111.070078, 19.888987], [-111.076991, 19.877046], [-111.084009, 19.864715], [-111.091303, 19.854238], [-111.098839, 19.841155], [-111.105956, 19.831183], [-111.113615, 19.818917], [-111.118171, 19.806433], [-111.123202, 19.79391], [-111.128885, 19.782557], [-111.136996, 19.773656], [-111.141851, 19.764183], [-111.147204, 19.752389], [-111.149445, 19.740621], [-111.154957, 19.728334], [-111.160452, 19.714393], [-111.167013, 19.701991], [-111.174645, 19.690856], [-111.182443, 19.681134], [-111.190628, 19.672208], [-111.198684, 19.663434], [-111.205785, 19.653361], [-111.213673, 19.644137], [-111.221187, 19.63274], [-111.227509, 19.622147], [-111.235761, 19.609545], [-111.241828, 19.599819], [-111.247857, 19.590823], [-111.255415, 19.580798], [-111.262465, 19.571959], [-111.268836, 19.561564], [-111.275337, 19.551687], [-111.278524, 19.543879], [-111.281785, 19.535536], [-111.284436, 19.528572], [-111.287607, 19.520566], [-111.288605, 19.512741], [-111.290864, 19.503001], [-111.293109, 19.492365], [-111.299087, 19.480951], [-111.302756, 19.473431], [-111.307678, 19.466438], [-111.314085, 19.45766], [-111.320297, 19.447537], [-111.32609, 19.438327], [-111.330927, 19.429742], [-111.337258, 19.42069], [-111.342168, 19.410705], [-111.345533, 19.40103], [-111.348528, 19.390024], [-111.349987, 19.379613], [-111.353014, 19.370791], [-111.353976, 19.362215], [-111.355284, 19.351788], [-111.358201, 19.33763], [-111.361631, 19.325392], [-111.364317, 19.316334], [-111.366114, 19.30706], [-111.368387, 19.294614], [-111.371272, 19.282529], [-111.372098, 19.270921], [-111.373223, 19.260478], [-111.374025, 19.247436], [-111.377939, 19.237167], [-111.381044, 19.225223], [-111.384677, 19.214313], [-111.389464, 19.202687], [-111.391189, 19.19268], [-111.393559, 19.180636], [-111.395415, 19.169883], [-111.397983, 19.158656], [-111.396519, 19.146224], [-111.397437, 19.136863], [-111.399227, 19.126636], [-111.404944, 19.11627], [-111.407023, 19.108082], [-111.406396, 19.100291], [-111.408789, 19.089054], [-111.412276, 19.075977], [-111.418975, 19.065548], [-111.426283, 19.054589], [-111.432847, 19.042228], [-111.438575, 19.031601], [-111.444242, 19.020461], [-111.450705, 19.010285], [-111.455754, 19.000004], [-111.460458, 18.989727], [-111.466206, 18.977158], [-111.473241, 18.96409], [-111.478567, 18.95148], [-111.483889, 18.938123], [-111.48986, 18.926234], [-111.49602, 18.914412], [-111.502089, 18.903663], [-111.509181, 18.893279], [-111.517238, 18.882883], [-111.522904, 18.872448], [-111.530174, 18.860926], [-111.535831, 18.850023], [-111.541786, 18.838347], [-111.548691, 18.830197], [-111.555635, 18.819885], [-111.562445, 18.808672], [-111.56901, 18.797531], [-111.576706, 18.787484], [-111.5837, 18.778012], [-111.590499, 18.767833], [-111.596637, 18.755518], [-111.60473, 18.743935], [-111.61159, 18.732278], [-111.619193, 18.721696], [-111.624247, 18.707299], [-111.6296, 18.695429], [-111.636704, 18.685989], [-111.643667, 18.673831], [-111.650586, 18.664438], [-111.656837, 18.654893], [-111.661753, 18.642831], [-111.668992, 18.632235], [-111.677869, 18.621081], [-111.677253, 18.609114], [-111.678818, 18.593158], [-111.678378, 18.580429], [-111.679107, 18.565516], [-111.680505, 18.552369], [-111.68007, 18.539379], [-111.676867, 18.527983], [-111.675092, 18.514177], [-111.674271, 18.503145], [-111.673871, 18.487358], [-111.673672, 18.472934], [-111.673491, 18.461338], [-111.672898, 18.446189], [-111.674022, 18.432223], [-111.673284, 18.418502], [-111.674927, 18.405556], [-111.676724, 18.392574], [-111.678061, 18.379573], [-111.679805, 18.366683], [-111.682007, 18.3544], [-111.68383, 18.342268], [-111.68333, 18.328769], [-111.683873, 18.316233], [-111.682153, 18.303672], [-111.68324, 18.293095], [-111.683381, 18.272441], [-111.686031, 18.249879], [-111.684482, 18.236574], [-111.687873, 18.229288], [-111.695371, 18.219079], [-111.699815, 18.20689], [-111.704863, 18.193317], [-111.708307, 18.183278], [-111.710211, 18.17281], [-111.713365, 18.163131], [-111.716738, 18.152296], [-111.718971, 18.141473], [-111.724612, 18.130418], [-111.728543, 18.11949], [-111.734127, 18.106504], [-111.738062, 18.096679], [-111.743982, 18.085146], [-111.74856, 18.073504], [-111.753663, 18.062717], [-111.75891, 18.051032], [-111.764508, 18.041721], [-111.771105, 18.028006], [-111.776464, 18.016702], [-111.780536, 18.006116], [-111.786536, 17.99373], [-111.795207, 17.981986], [-111.801305, 17.971878], [-111.809545, 17.96019], [-111.816977, 17.949539], [-111.824128, 17.938144], [-111.831923, 17.927537], [-111.837613, 17.918011], [-111.844011, 17.908021], [-111.846527, 17.897051], [-111.8512, 17.886183], [-111.859192, 17.876201], [-111.863576, 17.864265], [-111.866868, 17.853675], [-111.870657, 17.843034], [-111.873282, 17.831025], [-111.876986, 17.820492], [-111.876853, 17.809584], [-111.876884, 17.797998], [-111.877889, 17.788482], [-111.878572, 17.777659], [-111.881912, 17.768619], [-111.882959, 17.758719], [-111.887494, 17.748286], [-111.895658, 17.742439], [-111.903271, 17.738717], [-111.90852, 17.729791], [-111.91415, 17.722319], [-111.912876, 17.712243], [-111.917184, 17.703052], [-111.919063, 17.694552], [-111.918296, 17.685402], [-111.922772, 17.675681], [-111.923962, 17.667523], [-111.928789, 17.656314], [-111.933699, 17.646774], [-111.937273, 17.635827], [-111.942327, 17.626132], [-111.946744, 17.617407], [-111.954164, 17.607357], [-111.959029, 17.599341], [-111.965921, 17.59209], [-111.970546, 17.582267], [-111.974448, 17.57205], [-111.979572, 17.563503], [-111.986023, 17.548982], [-111.991715, 17.535563], [-111.996708, 17.524585], [-112.000589, 17.514354], [-112.002914, 17.505621], [-112.003173, 17.494957], [-112.002565, 17.483392], [-112.001883, 17.471427], [-112.003539, 17.458908], [-112.005122, 17.447806], [-112.006934, 17.437459], [-112.009495, 17.431215], [-112.012942, 17.422446], [-112.01782, 17.411445], [-112.021918, 17.401559], [-112.02746, 17.391465], [-112.033153, 17.383179], [-112.037876, 17.375807], [-112.04321, 17.369777], [-112.048755, 17.358168], [-112.053383, 17.349555], [-112.057877, 17.338866], [-112.061429, 17.327429], [-112.067111, 17.3174], [-112.067991, 17.30616], [-112.070959, 17.294093], [-112.074138, 17.279733], [-112.078672, 17.269589], [-112.08154, 17.259849], [-112.087229, 17.250427], [-112.090943, 17.238534], [-112.094529, 17.224947], [-112.098073, 17.213836], [-112.102581, 17.202737], [-112.107071, 17.193352], [-112.109148, 17.18266], [-112.112486, 17.172277], [-112.115031, 17.160211], [-112.116607, 17.147661], [-112.120357, 17.135978], [-112.120916, 17.123904], [-112.122813, 17.112144], [-112.126133, 17.102911], [-112.125933, 17.093306], [-112.128998, 17.082697], [-112.132323, 17.070788], [-112.136518, 17.060536], [-112.139621, 17.051264], [-112.141827, 17.040408], [-112.145364, 17.029738], [-112.145739, 17.015386], [-112.1468, 17.005628], [-112.149395, 16.994682], [-112.153826, 16.98444], [-112.158367, 16.973604], [-112.160893, 16.962757], [-112.165053, 16.952205], [-112.169238, 16.942652], [-112.17297, 16.931738], [-112.177838, 16.919042], [-112.181939, 16.904277], [-112.187884, 16.896357], [-112.193536, 16.886941], [-112.197337, 16.877441], [-112.202948, 16.867274], [-112.206301, 16.856678], [-112.209087, 16.844364], [-112.21317, 16.837042], [-112.221711, 16.829847], [-112.229036, 16.820851], [-112.237308, 16.811442], [-112.247251, 16.808524], [-112.256562, 16.801949], [-112.265225, 16.792927], [-112.279441, 16.785201], [-112.290641, 16.778719], [-112.301167, 16.773397], [-112.3105, 16.769608], [-112.322778, 16.767435], [-112.33438, 16.764523], [-112.347909, 16.757703], [-112.359225, 16.75385], [-112.371732, 16.748414], [-112.383843, 16.741666], [-112.395751, 16.739001], [-112.408697, 16.734947], [-112.422051, 16.732422], [-112.433966, 16.728709], [-112.448007, 16.723381], [-112.457858, 16.717002], [-112.467621, 16.712946], [-112.482002, 16.704736], [-112.492337, 16.699927], [-112.50429, 16.694203], [-112.511023, 16.685005], [-112.518078, 16.677057], [-112.526944, 16.669352], [-112.534211, 16.656296], [-112.544522, 16.646541], [-112.552516, 16.636179], [-112.559337, 16.627205], [-112.565191, 16.61624], [-112.571461, 16.607577], [-112.577421, 16.597446], [-112.584935, 16.586839], [-112.592858, 16.576403], [-112.599412, 16.565357], [-112.605566, 16.556096], [-112.615806, 16.545361], [-112.623412, 16.53638], [-112.629644, 16.526847], [-112.636992, 16.517598], [-112.642697, 16.507034], [-112.649499, 16.493309], [-112.656212, 16.480402], [-112.661927, 16.469601], [-112.671946, 16.458069], [-112.67832, 16.449907], [-112.687831, 16.441294], [-112.695715, 16.434471], [-112.701126, 16.42539], [-112.708349, 16.414361], [-112.714647, 16.404614], [-112.721593, 16.393834], [-112.729639, 16.382041], [-112.735815, 16.370609], [-112.742164, 16.36081], [-112.749223, 16.349928], [-112.754703, 16.340514], [-112.760835, 16.330624], [-112.767453, 16.319907], [-112.772597, 16.311587], [-112.781339, 16.302466], [-112.787125, 16.292803], [-112.79459, 16.282285], [-112.799838, 16.271812], [-112.80656, 16.262926], [-112.813434, 16.25329], [-112.8192, 16.242639], [-112.826207, 16.234076], [-112.832269, 16.22542], [-112.837813, 16.214926], [-112.845293, 16.205818], [-112.85184, 16.200591], [-112.857696, 16.195953], [-112.866396, 16.190138], [-112.872244, 16.180207], [-112.877707, 16.1708], [-112.883217, 16.160189], [-112.890864, 16.149626], [-112.89503, 16.138958], [-112.900747, 16.126622], [-112.906587, 16.1167], [-112.91348, 16.105244], [-112.917484, 16.094866], [-112.925434, 16.084653], [-112.936013, 16.076166], [-112.947318, 16.068073], [-112.957313, 16.060399], [-112.970084, 16.051627], [-112.982578, 16.042959], [-112.995068, 16.036181], [-113.003852, 16.029469], [-113.010941, 16.019311], [-113.020654, 16.007274], [-113.02687, 15.997857], [-113.033786, 15.988123], [-113.039879, 15.979285], [-113.047925, 15.969609], [-113.055286, 15.958835], [-113.063085, 15.951946], [-113.075259, 15.943769], [-113.084371, 15.937493], [-113.095088, 15.931444], [-113.104641, 15.924867], [-113.111753, 15.917067], [-113.119742, 15.90965], [-113.128066, 15.901389], [-113.136057, 15.893102], [-113.144026, 15.883369], [-113.151009, 15.873942], [-113.157047, 15.863265], [-113.166093, 15.852472], [-113.173465, 15.842565], [-113.181024, 15.830954], [-113.187377, 15.820574], [-113.194111, 15.812776], [-113.201634, 15.801704], [-113.210538, 15.790029], [-113.218203, 15.781764], [-113.226633, 15.771099], [-113.232809, 15.761891], [-113.240898, 15.752694], [-113.248883, 15.74585], [-113.257096, 15.739014], [-113.267102, 15.728737], [-113.273527, 15.720943], [-113.280222, 15.713407], [-113.290478, 15.709446], [-113.299238, 15.705023], [-113.308869, 15.70356], [-113.317026, 15.699263], [-113.312757, 15.687501], [-113.314615, 15.676293], [-113.31492, 15.661939], [-113.311551, 15.644873], [-113.311724, 15.629], [-113.309933, 15.604294], [-113.312823, 15.587792], [-113.315354, 15.576042], [-113.317932, 15.563465], [-113.319869, 15.549055], [-113.322794, 15.535736], [-113.324162, 15.524135], [-113.324241, 15.511324], [-113.326365, 15.498463], [-113.328113, 15.485828], [-113.330628, 15.475277], [-113.33418, 15.461822], [-113.338004, 15.448035], [-113.340794, 15.433856], [-113.339359, 15.418778], [-113.339594, 15.407109], [-113.337485, 15.392891], [-113.337597, 15.381088], [-113.337985, 15.369591], [-113.342677, 15.366235], [-113.338254, 15.355639], [-113.33353, 15.344833], [-113.328855, 15.332096], [-113.324778, 15.320209], [-113.322601, 15.308342], [-113.321281, 15.293103], [-113.320959, 15.279083], [-113.32426, 15.26571], [-113.332008, 15.258], [-113.338695, 15.248396], [-113.348689, 15.237597], [-113.355474, 15.226417], [-113.362241, 15.214581], [-113.369889, 15.204472], [-113.377947, 15.19149], [-113.386836, 15.178507], [-113.393763, 15.167605], [-113.404786, 15.153314], [-113.413266, 15.142509], [-113.422141, 15.13267], [-113.431223, 15.121534], [-113.442993, 15.110439], [-113.453812, 15.099896], [-113.464629, 15.092463], [-113.474545, 15.083571], [-113.484143, 15.07459], [-113.4952, 15.066223], [-113.506271, 15.057398], [-113.516493, 15.047828], [-113.526478, 15.037871], [-113.538086, 15.027457], [-113.548286, 15.018881], [-113.558767, 15.010457], [-113.568215, 15.001484], [-113.578244, 14.992435], [-113.588958, 14.980455], [-113.600116, 14.969222], [-113.608493, 14.961597], [-113.618221, 14.95172], [-113.630904, 14.942843], [-113.642216, 14.933894], [-113.652862, 14.922925], [-113.662262, 14.91356], [-113.673915, 14.905726], [-113.683995, 14.896154], [-113.695278, 14.88869], [-113.71127, 14.880004], [-113.724767, 14.875146], [-113.736702, 14.868938], [-113.749263, 14.862699], [-113.759051, 14.857371], [-113.768735, 14.851486], [-113.780359, 14.846547], [-113.790943, 14.841123], [-113.802727, 14.835779], [-113.812502, 14.829224], [-113.823681, 14.822526], [-113.835114, 14.812278], [-113.84523, 14.802464], [-113.853176, 14.792542], [-113.86437, 14.779069], [-113.875867, 14.767917], [-113.885684, 14.757311], [-113.895041, 14.747884], [-113.903523, 14.738679], [-113.911528, 14.729463], [-113.920444, 14.720453], [-113.931667, 14.711491], [-113.943655, 14.701523], [-113.953687, 14.694093], [-113.962122, 14.687216], [-113.972154, 14.681622], [-113.982041, 14.672726], [-113.992272, 14.663633], [-114.000521, 14.65401], [-114.008663, 14.644899], [-114.017529, 14.632129], [-114.024924, 14.622713], [-114.032643, 14.606802], [-114.040872, 14.594295], [-114.049173, 14.58185], [-114.059029, 14.568045], [-114.071713, 14.554305], [-114.078773, 14.544818], [-114.088817, 14.535145], [-114.099811, 14.525578], [-114.11136, 14.515591], [-114.123371, 14.505513], [-114.133622, 14.495235], [-114.144696, 14.485203], [-114.155119, 14.476717], [-114.166103, 14.465312], [-114.175472, 14.455201], [-114.185857, 14.443413], [-114.194802, 14.432492], [-114.203835, 14.423699], [-114.213448, 14.413256], [-114.229127, 14.400354], [-114.240238, 14.391563], [-114.252223, 14.383389], [-114.266094, 14.374947], [-114.278077, 14.365976], [-114.290905, 14.35828], [-114.303875, 14.352245], [-114.315304, 14.34545], [-114.322381, 14.334833], [-114.328119, 14.321673], [-114.334346, 14.309392], [-114.340809, 14.296963], [-114.349941, 14.282035], [-114.360864, 14.273503], [-114.371765, 14.265949], [-114.382216, 14.258256], [-114.392779, 14.251508], [-114.40447, 14.24311], [-114.415659, 14.231047], [-114.432725, 14.216933], [-114.44397, 14.204918], [-114.453262, 14.194705], [-114.461268, 14.184852], [-114.473908, 14.171777], [-114.479986, 14.161172], [-114.484368, 14.150772], [-114.493098, 14.139492], [-114.5033, 14.13056], [-114.511937, 14.121664], [-114.519072, 14.11249], [-114.527685, 14.104365], [-114.536946, 14.094928], [-114.543507, 14.084704], [-114.551808, 14.074683], [-114.559457, 14.064471], [-114.568184, 14.054809], [-114.574592, 14.044635], [-114.579163, 14.03156], [-114.584291, 14.016017], [-114.589747, 14.005668], [-114.595987, 13.992356], [-114.599831, 13.978715], [-114.604866, 13.964473], [-114.60786, 13.952517], [-114.611941, 13.941801], [-114.618443, 13.927656], [-114.622582, 13.916354], [-114.627505, 13.904498], [-114.631828, 13.891252], [-114.635492, 13.876356], [-114.639676, 13.864211], [-114.645316, 13.853603], [-114.652784, 13.840988], [-114.661505, 13.828564], [-114.67014, 13.817188], [-114.680378, 13.805791], [-114.688664, 13.796309], [-114.698511, 13.786402], [-114.712598, 13.771332], [-114.721688, 13.756717], [-114.731154, 13.745499], [-114.741366, 13.731659], [-114.751214, 13.722273], [-114.759578, 13.712187], [-114.774726, 13.699325], [-114.786352, 13.688352], [-114.798261, 13.675606], [-114.807436, 13.664021], [-114.815398, 13.654197], [-114.822819, 13.643073], [-114.827746, 13.633677], [-114.834152, 13.624393], [-114.841195, 13.614453], [-114.851633, 13.602331], [-114.862222, 13.591189], [-114.871897, 13.57976], [-114.880158, 13.568562], [-114.890583, 13.558191], [-114.898056, 13.548073], [-114.90674, 13.53634], [-114.91477, 13.525994], [-114.924684, 13.517037], [-114.935778, 13.506937], [-114.948268, 13.496109], [-114.959596, 13.486608], [-114.971422, 13.475699], [-114.980949, 13.466417], [-114.987707, 13.45662], [-114.998405, 13.44672], [-115.01033, 13.435829], [-115.021818, 13.425903], [-115.034488, 13.415451], [-115.045408, 13.406536], [-115.055219, 13.398333], [-115.066812, 13.389404], [-115.076314, 13.381963], [-115.087794, 13.371783], [-115.098221, 13.363148], [-115.108851, 13.354831], [-115.119805, 13.345813], [-115.131505, 13.338265], [-115.145332, 13.328588], [-115.156168, 13.320688], [-115.167211, 13.312006], [-115.180908, 13.302227], [-115.191636, 13.293584], [-115.201384, 13.283594], [-115.210288, 13.273227], [-115.218206, 13.262633], [-115.227253, 13.254105], [-115.23934, 13.243687], [-115.252204, 13.233419], [-115.264781, 13.223256], [-115.279481, 13.212986], [-115.292232, 13.205417], [-115.302747, 13.19742], [-115.312133, 13.189058], [-115.320842, 13.180672], [-115.330393, 13.17122], [-115.339229, 13.161052], [-115.350758, 13.150307], [-115.363085, 13.137347], [-115.374354, 13.12715], [-115.383268, 13.117485], [-115.395802, 13.107324], [-115.40503, 13.098738], [-115.415693, 13.087297], [-115.426865, 13.076806], [-115.440843, 13.064483], [-115.451303, 13.056478], [-115.462486, 13.048172], [-115.477927, 13.036765], [-115.487225, 13.027576], [-115.504047, 13.01192], [-115.518326, 12.997473], [-115.533856, 12.981804], [-115.545957, 12.971441], [-115.554807, 12.962505], [-115.564108, 12.952708], [-115.574366, 12.941578], [-115.582578, 12.932193], [-115.59082, 12.921318], [-115.600837, 12.907537], [-115.607684, 12.893847], [-115.613973, 12.88447], [-115.620983, 12.874815], [-115.62885, 12.863878], [-115.637458, 12.853641], [-115.643853, 12.844368], [-115.654458, 12.83603], [-115.666817, 12.82667], [-115.679216, 12.816343], [-115.697527, 12.803987], [-115.710385, 12.795182], [-115.723077, 12.786724], [-115.73583, 12.778195], [-115.74644, 12.769389], [-115.756437, 12.760865], [-115.767457, 12.759761], [-115.777048, 12.762801], [-115.785275, 12.759171], [-115.801277, 12.74773], [-115.817388, 12.735959], [-115.830697, 12.726475], [-115.84951, 12.71377], [-115.869721, 12.700296], [-115.884172, 12.690793], [-115.90234, 12.678693], [-115.92477, 12.662928], [-115.946602, 12.647874], [-115.963739, 12.63635], [-115.991257, 12.617807], [-116.0016, 12.60919], [-116.010652, 12.594972], [-116.017508, 12.583987], [-116.024216, 12.572225], [-116.030637, 12.561279], [-116.036809, 12.549331], [-116.043162, 12.538204], [-116.05075, 12.527806], [-116.059742, 12.513984], [-116.06578, 12.502966], [-116.069171, 12.492063], [-116.071524, 12.482792], [-116.075312, 12.471661], [-116.080087, 12.457147], [-116.084435, 12.443251], [-116.090206, 12.423825], [-116.093582, 12.412709], [-116.098617, 12.400135], [-116.103061, 12.387259], [-116.107503, 12.375175], [-116.111835, 12.366753], [-116.115907, 12.354209], [-116.118142, 12.343245], [-116.122169, 12.331116], [-116.124588, 12.321056], [-116.126613, 12.31225], [-116.127832, 12.303573], [-116.1293, 12.295003], [-116.130869, 12.283296], [-116.131164, 12.273809], [-116.132527, 12.263411], [-116.133723, 12.254491], [-116.134055, 12.244517], [-116.134603, 12.234719], [-116.1375, 12.225539], [-116.140426, 12.216297], [-116.149953, 12.20086], [-116.151383, 12.192102], [-116.155578, 12.184173], [-116.159389, 12.17091], [-116.161613, 12.157458], [-116.163737, 12.143509], [-116.164743, 12.133981], [-116.157782, 12.123343], [-116.155283, 12.111773], [-116.152676, 12.097953], [-116.15162, 12.082553], [-116.150357, 12.069698], [-116.151062, 12.058388], [-116.153478, 12.041664], [-116.154867, 12.027304], [-116.156347, 12.013157], [-116.156171, 11.998431], [-116.157354, 11.981557], [-116.157836, 11.967557], [-116.158808, 11.955329], [-116.157603, 11.93381], [-116.157365, 11.91962], [-116.15698, 11.902402], [-116.157592, 11.885844], [-116.159881, 11.865911], [-116.165179, 11.852922], [-116.171906, 11.839117], [-116.178836, 11.82379], [-116.185218, 11.810333], [-116.194626, 11.789852], [-116.200848, 11.777015], [-116.207247, 11.764888], [-116.215203, 11.748172], [-116.221863, 11.73011], [-116.228618, 11.71455], [-116.234858, 11.699838], [-116.242149, 11.682462], [-116.246901, 11.669129], [-116.252569, 11.657752], [-116.26129, 11.641762], [-116.266529, 11.627815], [-116.274013, 11.612601], [-116.281275, 11.598858], [-116.288002, 11.586291], [-116.295998, 11.573726], [-116.303382, 11.556071], [-116.308072, 11.545594], [-116.313315, 11.52858], [-116.318561, 11.514383], [-116.322421, 11.501494], [-116.325893, 11.486523], [-116.330173, 11.471155], [-116.334176, 11.457399], [-116.337383, 11.439251], [-116.340072, 11.427392], [-116.344276, 11.411187], [-116.348367, 11.398524], [-116.353649, 11.379544], [-116.359169, 11.361094], [-116.36698, 11.34634], [-116.371559, 11.334918], [-116.3787, 11.313653], [-116.38413, 11.299902], [-116.388348, 11.285694], [-116.391416, 11.272201], [-116.395929, 11.257471], [-116.397877, 11.243752], [-116.400251, 11.230976], [-116.401351, 11.21711], [-116.400332, 11.204036], [-116.400693, 11.190768], [-116.402315, 11.173916], [-116.405588, 11.157037], [-116.405234, 11.141633], [-116.405606, 11.126591], [-116.404979, 11.104627], [-116.405378, 11.090645], [-116.405845, 11.075556], [-116.407826, 11.057885], [-116.409616, 11.044367], [-116.412007, 11.030343], [-116.413598, 11.017635], [-116.41584, 11.001069], [-116.418266, 10.987491], [-116.421836, 10.966941], [-116.425681, 10.947746], [-116.42784, 10.933376], [-116.431198, 10.914475], [-116.434594, 10.897857], [-116.438192, 10.884137], [-116.443401, 10.865921], [-116.443733, 10.851399], [-116.446044, 10.837081], [-116.447567, 10.82186], [-116.450688, 10.805162], [-116.453044, 10.791119], [-116.455137, 10.778723], [-116.45981, 10.764955], [-116.462277, 10.751485], [-116.474942, 10.712871], [-116.483067, 10.694296], [-116.489155, 10.679614], [-116.494603, 10.666453], [-116.501372, 10.648695], [-116.508332, 10.627862], [-116.514241, 10.611928], [-116.519203, 10.599743], [-116.526404, 10.583473], [-116.532645, 10.569293], [-116.541974, 10.548438], [-116.54705, 10.534642], [-116.552213, 10.51934], [-116.557038, 10.501827], [-116.56135, 10.487765], [-116.566274, 10.462784], [-116.570857, 10.450071], [-116.576027, 10.436403], [-116.586802, 10.414527], [-116.59258, 10.400662], [-116.600609, 10.38433], [-116.605571, 10.370045], [-116.614517, 10.351874], [-116.62202, 10.338495], [-116.631751, 10.324062], [-116.638057, 10.310414], [-116.644789, 10.296615], [-116.656909, 10.279546], [-116.663622, 10.267344], [-116.672607, 10.256893], [-116.681867, 10.244875], [-116.687739, 10.231437], [-116.692649, 10.216568], [-116.699502, 10.197251], [-116.70567, 10.182861], [-116.713302, 10.165698], [-116.72141, 10.152189], [-116.729161, 10.136902], [-116.734126, 10.124541], [-116.741507, 10.108295], [-116.748935, 10.094462], [-116.758363, 10.078231], [-116.766197, 10.060272], [-116.771394, 10.047648], [-116.778515, 10.031122], [-116.784938, 10.018504], [-116.789019, 10.00299], [-116.794497, 9.983385], [-116.798741, 9.961535], [-116.802383, 9.941157], [-116.807389, 9.922609], [-116.810627, 9.896734], [-116.815002, 9.880454], [-116.82351, 9.86515], [-116.837508, 9.854077], [-116.85285, 9.84476], [-116.863347, 9.835543], [-116.874736, 9.827068], [-116.885708, 9.821999], [-116.897478, 9.81517], [-116.907369, 9.807576], [-116.917323, 9.800868], [-116.928967, 9.792413], [-116.942014, 9.78293], [-116.961617, 9.767287], [-116.979416, 9.752273], [-116.990261, 9.742907], [-117.005382, 9.72774], [-117.020707, 9.712049], [-117.030016, 9.702259], [-117.034857, 9.69086], [-117.038496, 9.680221], [-117.042064, 9.667479], [-117.048989, 9.657963], [-117.057206, 9.648454], [-117.06559, 9.637064], [-117.073144, 9.624191], [-117.078562, 9.611303], [-117.082417, 9.598447], [-117.086387, 9.587719], [-117.088451, 9.573358], [-117.091594, 9.560238], [-117.095111, 9.547491], [-117.097382, 9.53483], [-117.102103, 9.522224], [-117.109329, 9.510016], [-117.119782, 9.498755], [-117.129093, 9.48801], [-117.136161, 9.477653], [-117.14469, 9.469676], [-117.155075, 9.465241], [-117.163847, 9.451881], [-117.17109, 9.44395], [-117.177878, 9.43375], [-117.183383, 9.423619], [-117.188757, 9.412016], [-117.193499, 9.399898], [-117.19607, 9.389326], [-117.195937, 9.377263], [-117.203579, 9.372767], [-117.211052, 9.367635], [-117.216518, 9.35815], [-117.228493, 9.351665], [-117.241917, 9.35045], [-117.24376, 9.34501], [-117.242949, 9.331834], [-117.239219, 9.319621], [-117.234672, 9.306643], [-117.229317, 9.294106], [-117.222404, 9.284336], [-117.21567, 9.276608], [-117.211786, 9.277025], [-117.203695, 9.273638], [-117.197018, 9.274311], [-117.194654, 9.28227], [-117.190666, 9.281725], [-117.193085, 9.26529], [-117.194989, 9.246538], [-117.196625, 9.227404], [-117.197677, 9.210675], [-117.198145, 9.191374], [-117.198632, 9.169498], [-117.200822, 9.158118], [-117.197666, 9.151674], [-117.189553, 9.139076], [-117.180277, 9.122761], [-117.171463, 9.110069], [-117.16143, 9.09674], [-117.156595, 9.085448], [-117.149021, 9.07486], [-117.138935, 9.061711], [-117.132436, 9.053062], [-117.125053, 9.040342], [-117.116366, 9.024921], [-117.107639, 9.013071], [-117.099261, 8.999576], [-117.089853, 8.988571], [-117.081834, 8.974605], [-117.071831, 8.961606], [-117.062722, 8.948231], [-117.054812, 8.938146], [-117.045932, 8.926936], [-117.036328, 8.917712], [-117.024555, 8.905832], [-117.013214, 8.896227], [-117.00968, 8.884059], [-117.007506, 8.870746], [-117.008095, 8.856131], [-117.005897, 8.841846], [-116.996878, 8.832644], [-116.986243, 8.825087], [-116.978914, 8.817432], [-116.969713, 8.807889], [-116.96287, 8.800193], [-116.958323, 8.787811], [-116.955069, 8.774342], [-116.949775, 8.762298], [-116.943953, 8.749738], [-116.938977, 8.739653], [-116.931882, 8.728928], [-116.925493, 8.714684], [-116.921427, 8.701828], [-116.915352, 8.689267], [-116.908092, 8.677005], [-116.899696, 8.666386], [-116.892286, 8.654612], [-116.886297, 8.643136], [-116.88141, 8.632678], [-116.877331, 8.622928], [-116.876547, 8.615579], [-116.874473, 8.605337], [-116.868915, 8.588178], [-116.86221, 8.571203], [-116.857202, 8.555649], [-116.852001, 8.542546], [-116.842737, 8.528883], [-116.833057, 8.515582], [-116.825607, 8.502011], [-116.818252, 8.488406], [-116.809862, 8.475745], [-116.802246, 8.46298], [-116.79417, 8.449527], [-116.787331, 8.43634], [-116.779784, 8.417302], [-116.773822, 8.400964], [-116.768188, 8.387883], [-116.758806, 8.379262], [-116.751191, 8.369171], [-116.744995, 8.357346], [-116.738077, 8.344284], [-116.728428, 8.326135], [-116.724739, 8.313521], [-116.720375, 8.294917], [-116.717155, 8.282575], [-116.713064, 8.26762], [-116.711183, 8.251406], [-116.708434, 8.237042], [-116.705734, 8.224178], [-116.70332, 8.210063], [-116.701262, 8.19353], [-116.701637, 8.174961], [-116.702209, 8.161524], [-116.701374, 8.143537], [-116.700814, 8.130803], [-116.699303, 8.11757], [-116.695411, 8.104237], [-116.691189, 8.087794], [-116.690739, 8.073001], [-116.690013, 8.05423], [-116.689235, 8.037961], [-116.687599, 8.018544], [-116.686463, 8.002868], [-116.685913, 7.988032], [-116.683828, 7.973039], [-116.681894, 7.957598], [-116.680342, 7.942857], [-116.675593, 7.916594], [-116.672619, 7.902648], [-116.671358, 7.887681], [-116.669575, 7.87115], [-116.66432, 7.856546], [-116.654342, 7.835871], [-116.649102, 7.816555], [-116.646585, 7.804775], [-116.645925, 7.793177], [-116.641755, 7.77984], [-116.638757, 7.767332], [-116.632415, 7.755738], [-116.630736, 7.742113], [-116.626051, 7.728776], [-116.620536, 7.712842], [-116.618001, 7.69797], [-116.614208, 7.685885], [-116.615781, 7.670707], [-116.615382, 7.658146], [-116.613308, 7.640184], [-116.612222, 7.623383], [-116.611318, 7.609796], [-116.613114, 7.596412], [-116.61611, 7.581352], [-116.620092, 7.567188], [-116.623536, 7.550972], [-116.625931, 7.537721], [-116.62935, 7.524937], [-116.635207, 7.509871], [-116.641249, 7.495894], [-116.647753, 7.483223], [-116.653536, 7.469861], [-116.659578, 7.452952], [-116.663932, 7.440048], [-116.669876, 7.428386], [-116.678129, 7.416138], [-116.686434, 7.403574], [-116.689084, 7.392825], [-116.694839, 7.378626], [-116.700197, 7.364333], [-116.705885, 7.351665], [-116.71035, 7.341017], [-116.718421, 7.328167], [-116.725793, 7.317733], [-116.734764, 7.30782], [-116.742164, 7.29729], [-116.752238, 7.285321], [-116.760447, 7.271406], [-116.767029, 7.261618], [-116.772599, 7.252778], [-116.771992, 7.240854], [-116.774595, 7.229315], [-116.781522, 7.218915], [-116.787965, 7.208312], [-116.792432, 7.196317], [-116.798558, 7.188316], [-116.804433, 7.180429], [-116.808899, 7.169299], [-116.812763, 7.160714], [-116.811249, 7.152276], [-116.811059, 7.142811], [-116.814519, 7.126283], [-116.81608, 7.103563], [-116.816156, 7.079795], [-116.813923, 7.060172], [-116.815947, 7.045887], [-116.814225, 7.031617], [-116.81331, 7.017278], [-116.812877, 7.00291], [-116.811769, 6.990631], [-116.808809, 6.976991], [-116.801319, 6.968053], [-116.794878, 6.963592], [-116.795946, 6.953392], [-116.788974, 6.944705], [-116.785174, 6.930777], [-116.781694, 6.920249], [-116.777967, 6.909255], [-116.773656, 6.899522], [-116.767202, 6.893972], [-116.773767, 6.877639], [-116.780845, 6.86003], [-116.787249, 6.844459], [-116.794155, 6.827098], [-116.800026, 6.812585], [-116.804989, 6.796381], [-116.80992, 6.783034], [-116.814491, 6.767406], [-116.816083, 6.755541], [-116.817981, 6.741557], [-116.819046, 6.728178], [-116.820966, 6.718339], [-116.823089, 6.708867], [-116.821647, 6.698396], [-116.824593, 6.677932], [-116.826875, 6.664153], [-116.834488, 6.652407], [-116.844661, 6.638794], [-116.856122, 6.624775], [-116.867514, 6.60907], [-116.877247, 6.594207], [-116.887901, 6.579253], [-116.898721, 6.563612], [-116.910032, 6.551155], [-116.922958, 6.54191], [-116.926312, 6.529549], [-116.917308, 6.521345], [-116.91293, 6.515632], [-116.904551, 6.504793], [-116.896558, 6.493681], [-116.8887, 6.482897], [-116.881854, 6.47331], [-116.87616, 6.463109], [-116.869558, 6.453132], [-116.8611, 6.441731], [-116.852265, 6.429518], [-116.843689, 6.420141], [-116.835065, 6.409252], [-116.829181, 6.399254], [-116.825532, 6.385276], [-116.820492, 6.37184], [-116.813762, 6.360544], [-116.807795, 6.34592], [-116.801086, 6.332932], [-116.78778, 6.326127], [-116.792842, 6.3163], [-116.795662, 6.306014], [-116.79976, 6.293857], [-116.80755, 6.286033], [-116.813724, 6.276375], [-116.821069, 6.263227], [-116.826811, 6.251178], [-116.835918, 6.240014], [-116.846171, 6.230859], [-116.85569, 6.222891], [-116.86502, 6.214487], [-116.873126, 6.206093], [-116.880989, 6.196319], [-116.88801, 6.18814], [-116.896197, 6.178379], [-116.904908, 6.172847], [-116.916611, 6.166212], [-116.92714, 6.157762], [-116.936447, 6.150223], [-116.94538, 6.144549], [-116.955599, 6.137804], [-116.965334, 6.131116], [-116.973398, 6.12714], [-116.982142, 6.123326], [-116.991387, 6.118591], [-116.998697, 6.115688], [-117.003514, 6.11507], [-116.989224, 6.110413], [-116.978201, 6.105779], [-116.96726, 6.10253], [-116.956357, 6.098737], [-116.966105, 6.097577], [-116.976898, 6.092452], [-116.98742, 6.085013], [-116.994573, 6.078735], [-117.004174, 6.070609], [-117.010701, 6.066753], [-117.021763, 6.064181], [-117.028878, 6.058137], [-117.037248, 6.052417], [-117.044666, 6.045805], [-117.050618, 6.036934], [-117.058862, 6.02923], [-117.066361, 6.022263], [-117.076491, 6.014183], [-117.087457, 6.007056], [-117.095703, 6.000203], [-117.10463, 5.991456], [-117.112799, 5.98109], [-117.122401, 5.972662], [-117.133194, 5.965315], [-117.146679, 5.960304], [-117.158531, 5.955603], [-117.172654, 5.948945], [-117.191818, 5.947657], [-117.208267, 5.945073], [-117.221725, 5.946133], [-117.235842, 5.947287], [-117.248122, 5.948907], [-117.261044, 5.941276], [-117.272031, 5.934298], [-117.283561, 5.928941], [-117.297345, 5.922778], [-117.310139, 5.916415], [-117.322539, 5.909739], [-117.333302, 5.901614], [-117.345804, 5.891287], [-117.356002, 5.883335], [-117.367173, 5.87632], [-117.378112, 5.871795], [-117.391328, 5.86507], [-117.403679, 5.862206], [-117.415701, 5.85604], [-117.426361, 5.848981], [-117.438717, 5.841066], [-117.451745, 5.833342], [-117.463968, 5.824102], [-117.479523, 5.809769], [-117.496014, 5.796149], [-117.508903, 5.78334], [-117.524462, 5.772188], [-117.534471, 5.764323], [-117.543878, 5.756142], [-117.556447, 5.746022], [-117.566391, 5.737853], [-117.577553, 5.729839], [-117.588317, 5.721003], [-117.599314, 5.711292], [-117.609439, 5.702318], [-117.61927, 5.693888], [-117.629271, 5.684096], [-117.639107, 5.673105], [-117.649566, 5.661925], [-117.660427, 5.650738], [-117.668808, 5.640878], [-117.680206, 5.629238], [-117.690495, 5.617707], [-117.701542, 5.607575], [-117.71026, 5.600327], [-117.719542, 5.592941], [-117.73258, 5.583883], [-117.743701, 5.576109], [-117.753282, 5.569293], [-117.764134, 5.563344], [-117.775078, 5.5556], [-117.788253, 5.548592], [-117.800145, 5.541836], [-117.811759, 5.53534], [-117.823128, 5.529247], [-117.838057, 5.520849], [-117.849862, 5.51502], [-117.862045, 5.508132], [-117.873926, 5.500448], [-117.885807, 5.493965], [-117.900888, 5.488187], [-117.914704, 5.482617], [-117.926406, 5.477547], [-117.939095, 5.474279], [-117.953228, 5.469446], [-117.964346, 5.46242], [-117.974114, 5.452895], [-117.983479, 5.446713], [-117.995325, 5.435679], [-118.005641, 5.428234], [-118.01513, 5.422159], [-118.028231, 5.417008], [-118.041291, 5.410397], [-118.051591, 5.403463], [-118.064382, 5.395547], [-118.075274, 5.386984], [-118.084934, 5.375749], [-118.095556, 5.366093], [-118.104641, 5.359452], [-118.113886, 5.351114], [-118.124191, 5.341885], [-118.132967, 5.332825], [-118.144373, 5.325755], [-118.156556, 5.318805], [-118.16925, 5.314192], [-118.184996, 5.308025], [-118.196742, 5.303399], [-118.210451, 5.296104], [-118.222218, 5.288946], [-118.235392, 5.280344], [-118.248451, 5.271434], [-118.262505, 5.263406], [-118.275075, 5.25672], [-118.288156, 5.248559], [-118.298952, 5.240302], [-118.309022, 5.231972], [-118.323076, 5.222888], [-118.33398, 5.216297], [-118.343454, 5.209444], [-118.35438, 5.20077], [-118.366605, 5.192559], [-118.380808, 5.186554], [-118.394692, 5.179123], [-118.411455, 5.17052], [-118.423389, 5.163212], [-118.435355, 5.155282], [-118.447153, 5.147987], [-118.457523, 5.141839], [-118.470006, 5.134969], [-118.481445, 5.127674], [-118.492891, 5.121321], [-118.506031, 5.115295], [-118.518335, 5.109743], [-118.529948, 5.102926], [-118.542645, 5.09444], [-118.555424, 5.087067], [-118.570494, 5.080339], [-118.585994, 5.073727], [-118.595726, 5.068497], [-118.609156, 5.06292], [-118.622757, 5.05863], [-118.640136, 5.053], [-118.652154, 5.049331], [-118.66662, 5.046337], [-118.682171, 5.040198], [-118.696555, 5.037273], [-118.708415, 5.035168], [-118.721835, 5.033627], [-118.733985, 5.031818], [-118.74807, 5.034122], [-118.761607, 5.031867], [-118.773254, 5.02708], [-118.78424, 5.021789], [-118.796511, 5.017797], [-118.811078, 5.013349], [-118.825773, 5.008172], [-118.841804, 4.999318], [-118.857889, 4.99089], [-118.871359, 4.985276], [-118.884694, 4.978552], [-118.908925, 4.966959], [-118.935097, 4.954678], [-118.948253, 4.948768], [-118.959917, 4.943982], [-118.973295, 4.939127], [-118.986141, 4.932561], [-118.998143, 4.926959], [-119.009074, 4.921908], [-119.022694, 4.91671], [-119.034474, 4.912091], [-119.046197, 4.90727], [-119.057266, 4.901739], [-119.071046, 4.895562], [-119.080878, 4.890986], [-119.092819, 4.88517], [-119.104063, 4.878564], [-119.116635, 4.871387], [-119.128278, 4.862237], [-119.139093, 4.855144], [-119.146417, 4.856004], [-119.150726, 4.859209], [-119.161601, 4.858341], [-119.173537, 4.853389], [-119.185189, 4.853625], [-119.197459, 4.856029], [-119.209046, 4.850963], [-119.221065, 4.84707], [-119.232801, 4.845972], [-119.245932, 4.847251], [-119.258379, 4.852021], [-119.270113, 4.857088], [-119.282815, 4.86043], [-119.299221, 4.8663], [-119.312094, 4.873241], [-119.322082, 4.882585], [-119.326607, 4.891502], [-119.334767, 4.885354], [-119.346893, 4.872042], [-119.358391, 4.860376], [-119.369686, 4.849139], [-119.378154, 4.840693], [-119.388047, 4.831635], [-119.400279, 4.824721], [-119.411988, 4.812782], [-119.421215, 4.803372], [-119.434189, 4.787287], [-119.443609, 4.77588], [-119.456566, 4.764263], [-119.470601, 4.751528], [-119.479757, 4.74313], [-119.489486, 4.735506], [-119.503027, 4.726938], [-119.514305, 4.719774], [-119.523362, 4.708839], [-119.535543, 4.69564], [-119.544837, 4.686667], [-119.557079, 4.676445], [-119.568499, 4.666562], [-119.578729, 4.657457], [-119.590163, 4.648649], [-119.602944, 4.639647], [-119.613645, 4.632119], [-119.624085, 4.624824], [-119.635172, 4.614692], [-119.646689, 4.605743], [-119.661666, 4.597705], [-119.67557, 4.590844], [-119.690357, 4.584046], [-119.702169, 4.576971], [-119.713169, 4.571488], [-119.724846, 4.564428], [-119.736039, 4.55802], [-119.747192, 4.550794], [-119.758196, 4.54578], [-119.770052, 4.541981], [-119.78119, 4.537935], [-119.793697, 4.532108], [-119.807644, 4.52559], [-119.819678, 4.51977], [-119.833713, 4.512962], [-119.844056, 4.505295], [-119.854498, 4.500288], [-119.863901, 4.494256], [-119.874581, 4.488269], [-119.884063, 4.482704], [-119.895716, 4.476871], [-119.906645, 4.471284], [-119.915474, 4.46551], [-119.925645, 4.462624], [-119.933979, 4.459288], [-119.945103, 4.451599], [-119.955864, 4.442279], [-119.965398, 4.433139], [-119.97478, 4.424298], [-119.984941, 4.418145], [-119.995031, 4.41168], [-120.0064, 4.406102], [-120.018144, 4.399222], [-120.027291, 4.392272], [-120.038776, 4.38469], [-120.04847, 4.377222], [-120.060405, 4.369631], [-120.074267, 4.362037], [-120.084586, 4.355801], [-120.09455, 4.350091], [-120.105439, 4.344842], [-120.115211, 4.337613], [-120.126319, 4.334911], [-120.136374, 4.328909], [-120.148118, 4.322318], [-120.157107, 4.311831], [-120.164259, 4.30288], [-120.171433, 4.294386], [-120.178188, 4.284669], [-120.186139, 4.271743], [-120.19444, 4.258943], [-120.206548, 4.250424], [-120.216895, 4.248795], [-120.224105, 4.243219], [-120.231679, 4.238848], [-120.237753, 4.230837], [-120.244919, 4.220596], [-120.253511, 4.211299], [-120.266306, 4.202864], [-120.279011, 4.198205], [-120.289919, 4.1928], [-120.300493, 4.186674], [-120.313525, 4.179284], [-120.325679, 4.172655], [-120.335558, 4.16761], [-120.346625, 4.16035], [-120.358531, 4.153685], [-120.370136, 4.146041], [-120.380896, 4.139183], [-120.391198, 4.131557], [-120.401233, 4.123959], [-120.413811, 4.114941], [-120.424433, 4.106973], [-120.435647, 4.099352], [-120.446136, 4.091082], [-120.460779, 4.081383], [-120.470299, 4.073732], [-120.478891, 4.06624], [-120.487399, 4.057353], [-120.495064, 4.050413], [-120.506927, 4.039521], [-120.515903, 4.031193], [-120.525211, 4.024042], [-120.534707, 4.016174], [-120.545752, 4.008156], [-120.555367, 4.000691], [-120.569339, 3.994401], [-120.580558, 3.987615], [-120.59223, 3.978125], [-120.604664, 3.968676], [-120.614942, 3.960805], [-120.623593, 3.953348], [-120.636105, 3.944581], [-120.644445, 3.936694], [-120.654875, 3.927428], [-120.665117, 3.916757], [-120.673497, 3.90976], [-120.683101, 3.901756], [-120.693323, 3.893073], [-120.703585, 3.88283], [-120.71323, 3.874381], [-120.723946, 3.865305], [-120.733054, 3.854616], [-120.74029, 3.846208], [-120.750454, 3.838395], [-120.760675, 3.828199], [-120.767006, 3.818821], [-120.775944, 3.807285], [-120.784726, 3.79676], [-120.794605, 3.787014], [-120.804094, 3.773633], [-120.812878, 3.76176], [-120.82153, 3.750756], [-120.830052, 3.739787], [-120.840454, 3.728147], [-120.850208, 3.717543], [-120.858234, 3.70862], [-120.867409, 3.698387], [-120.874399, 3.690074], [-120.882165, 3.679307], [-120.890084, 3.669779], [-120.899786, 3.659685], [-120.90755, 3.650578], [-120.917126, 3.640372], [-120.927181, 3.631044], [-120.936331, 3.622843], [-120.946138, 3.613669], [-120.956847, 3.604943], [-120.966888, 3.596127], [-120.97608, 3.586695], [-120.983878, 3.578335], [-120.991982, 3.56947], [-121.002089, 3.562037], [-121.012843, 3.556048], [-121.024392, 3.549302], [-121.036156, 3.539758], [-121.045158, 3.530132], [-121.052261, 3.521428], [-121.060362, 3.511968], [-121.067591, 3.501977], [-121.074784, 3.489273], [-121.083013, 3.478975], [-121.091283, 3.469096], [-121.10039, 3.46016], [-121.107785, 3.457435], [-121.117681, 3.449623], [-121.126561, 3.442549], [-121.136158, 3.436727], [-121.145197, 3.427972], [-121.155938, 3.421287], [-121.166873, 3.416043], [-121.174693, 3.40975], [-121.183376, 3.403176], [-121.195428, 3.394674], [-121.205072, 3.386497], [-121.214465, 3.377691], [-121.222174, 3.369865], [-121.232543, 3.361902], [-121.241216, 3.353356], [-121.249644, 3.343171], [-121.257792, 3.332246], [-121.265668, 3.32359], [-121.27479, 3.313757], [-121.282448, 3.304392], [-121.288507, 3.294558], [-121.298448, 3.285015], [-121.307668, 3.277179], [-121.317119, 3.269117], [-121.326785, 3.261567], [-121.335557, 3.253352], [-121.346119, 3.23984], [-121.363103, 3.216543], [-121.373925, 3.201913], [-121.380695, 3.191744], [-121.388053, 3.183154], [-121.396206, 3.170387], [-121.402998, 3.158262], [-121.40833, 3.148432], [-121.415445, 3.139504], [-121.422875, 3.129256], [-121.430482, 3.117507], [-121.43575, 3.107059], [-121.441828, 3.095311], [-121.447876, 3.084263], [-121.452913, 3.073252], [-121.45766, 3.062125], [-121.463254, 3.050132], [-121.471683, 3.039325], [-121.476997, 3.02967], [-121.483265, 3.017728], [-121.48745, 3.007765], [-121.49511, 2.998797], [-121.501324, 2.987146], [-121.509379, 2.979619], [-121.51572, 2.970947], [-121.52241, 2.962143], [-121.528847, 2.951919], [-121.537012, 2.939811], [-121.54238, 2.928492], [-121.549558, 2.91753], [-121.555328, 2.909025], [-121.561112, 2.899496], [-121.569637, 2.891264], [-121.57945, 2.883419], [-121.587309, 2.874084], [-121.594733, 2.8666], [-121.603743, 2.856738], [-121.610464, 2.846446], [-121.617897, 2.840366], [-121.6271, 2.832818], [-121.63562, 2.826611], [-121.646606, 2.821273], [-121.657101, 2.807122], [-121.666911, 2.796051], [-121.678039, 2.785636], [-121.688994, 2.776131], [-121.697897, 2.770398], [-121.705094, 2.762227], [-121.712904, 2.752863], [-121.724299, 2.743683], [-121.733898, 2.734697], [-121.740676, 2.725002], [-121.747847, 2.713502], [-121.75369, 2.70281], [-121.759048, 2.693229], [-121.768945, 2.684711], [-121.776613, 2.674726], [-121.783441, 2.663207], [-121.791807, 2.65434], [-121.801748, 2.641919], [-121.810147, 2.629413], [-121.817755, 2.61736], [-121.824966, 2.607014], [-121.834076, 2.594971], [-121.842665, 2.584049], [-121.855464, 2.571716], [-121.865801, 2.561072], [-121.877122, 2.550591], [-121.888644, 2.539807], [-121.899995, 2.529989], [-121.912076, 2.52046], [-121.921997, 2.512657], [-121.932645, 2.50286], [-121.942101, 2.492378], [-121.952807, 2.480401], [-121.96182, 2.470428], [-121.970961, 2.457045], [-121.977882, 2.446276], [-121.985141, 2.434329], [-121.993269, 2.42154], [-122.003126, 2.408497], [-122.01141, 2.396042], [-122.020894, 2.383017], [-122.029618, 2.369595], [-122.0382, 2.357228], [-122.048098, 2.343999], [-122.058628, 2.33147], [-122.069715, 2.318588], [-122.081131, 2.306658], [-122.089409, 2.296511], [-122.102451, 2.282602], [-122.116205, 2.26883], [-122.127093, 2.259015], [-122.13698, 2.245634], [-122.146968, 2.231717], [-122.155624, 2.22294], [-122.166189, 2.212155], [-122.177308, 2.203063], [-122.187402, 2.192934], [-122.198185, 2.181848], [-122.207922, 2.172967], [-122.219499, 2.162004], [-122.231506, 2.151959], [-122.240007, 2.141989], [-122.250524, 2.131802], [-122.262113, 2.119883], [-122.273414, 2.108189], [-122.283322, 2.097445], [-122.293873, 2.085206], [-122.304687, 2.073408], [-122.315483, 2.061755], [-122.327911, 2.043728], [-122.335744, 2.029765], [-122.34565, 2.015416], [-122.358222, 1.999172], [-122.367524, 1.985519], [-122.374784, 1.973399], [-122.383171, 1.962099], [-122.393612, 1.949926], [-122.402394, 1.934929], [-122.408939, 1.922918], [-122.417315, 1.909916], [-122.425894, 1.897349], [-122.432869, 1.8855], [-122.440819, 1.870271], [-122.448197, 1.859683], [-122.457758, 1.845983], [-122.464839, 1.835111], [-122.471138, 1.823128], [-122.476756, 1.811025], [-122.483242, 1.797853], [-122.489545, 1.785667], [-122.49561, 1.77498], [-122.502247, 1.754866], [-122.509848, 1.736936], [-122.514496, 1.725942], [-122.521254, 1.713536], [-122.526262, 1.702657], [-122.531905, 1.693021], [-122.535298, 1.679766], [-122.538499, 1.665888], [-122.542073, 1.6497], [-122.547676, 1.635184], [-122.554684, 1.620782], [-122.564221, 1.612408], [-122.569141, 1.601434], [-122.575366, 1.586759], [-122.581031, 1.575657], [-122.586684, 1.561261], [-122.592278, 1.544538], [-122.59713, 1.528555], [-122.602196, 1.512955], [-122.606975, 1.499281], [-122.611612, 1.486671], [-122.619236, 1.478441], [-122.630694, 1.480837], [-122.635506, 1.477707], [-122.640481, 1.465092], [-122.645197, 1.456618], [-122.651192, 1.442885], [-122.657617, 1.428214], [-122.662123, 1.414348], [-122.666546, 1.401652], [-122.671565, 1.388171], [-122.677679, 1.375066], [-122.685276, 1.362979], [-122.693472, 1.351822], [-122.700222, 1.33881], [-122.707382, 1.32375], [-122.71701, 1.308945], [-122.727188, 1.297052], [-122.733654, 1.288388], [-122.74157, 1.277104], [-122.749834, 1.265586], [-122.762469, 1.249875], [-122.77489, 1.235197], [-122.782948, 1.220727], [-122.78999, 1.20912], [-122.802099, 1.194109], [-122.809766, 1.182222], [-122.81703, 1.168526], [-122.82349, 1.156128], [-122.829018, 1.141594], [-122.834695, 1.127788], [-122.842416, 1.108814], [-122.84722, 1.095727], [-122.852055, 1.081001], [-122.857458, 1.06882], [-122.862132, 1.052656], [-122.867076, 1.038385], [-122.871491, 1.0254], [-122.877071, 1.012375], [-122.884529, 0.996498], [-122.892395, 0.980025], [-122.903214, 0.956687], [-122.909262, 0.940969], [-122.915585, 0.928078], [-122.922377, 0.91356], [-122.92782, 0.89911], [-122.932185, 0.880112], [-122.936241, 0.867998], [-122.941067, 0.852626], [-122.945312, 0.837098], [-122.949305, 0.823087], [-122.956091, 0.809082], [-122.960828, 0.795504], [-122.964798, 0.781168], [-122.969134, 0.767511], [-122.973193, 0.751603], [-122.977484, 0.739528], [-122.983881, 0.725739], [-122.990585, 0.714061], [-123.000692, 0.700677], [-123.009115, 0.689604], [-123.016637, 0.678034], [-123.026663, 0.665735], [-123.039296, 0.650987], [-123.046345, 0.63964], [-123.055177, 0.628185], [-123.064424, 0.617468], [-123.073696, 0.604705], [-123.084941, 0.591512], [-123.095313, 0.580272], [-123.108242, 0.566975], [-123.119471, 0.55468], [-123.128771, 0.545063], [-123.140723, 0.533313], [-123.150279, 0.522225], [-123.162491, 0.508531], [-123.172013, 0.495829], [-123.180619, 0.483239], [-123.19287, 0.469424], [-123.203006, 0.458295], [-123.215115, 0.44468], [-123.223661, 0.434489], [-123.231156, 0.421688], [-123.240542, 0.409052], [-123.250403, 0.398242], [-123.258774, 0.385487], [-123.26767, 0.369585], [-123.277157, 0.35731], [-123.286717, 0.344551], [-123.294791, 0.334099], [-123.305016, 0.320153], [-123.314363, 0.309172], [-123.326321, 0.294983], [-123.337104, 0.282544], [-123.34679, 0.271345], [-123.357206, 0.258879], [-123.368211, 0.245211], [-123.376486, 0.235184], [-123.38605, 0.223781], [-123.394559, 0.211649], [-123.403597, 0.19971], [-123.410618, 0.186929], [-123.41734, 0.173242], [-123.424073, 0.162127], [-123.431768, 0.151376], [-123.44191, 0.135429], [-123.448852, 0.122622], [-123.455145, 0.11013], [-123.462166, 0.097669], [-123.469127, 0.085855], [-123.477419, 0.072093], [-123.487056, 0.057582], [-123.499982, 0.035668], [-123.507253, 0.022847], [-123.516269, 0.010089], [-123.528247, -0.002526], [-123.539895, -0.010104], [-123.551891, -0.01826], [-123.566791, -0.026606], [-123.582869, -0.033375], [-123.597949, -0.042423], [-123.60998, -0.050241], [-123.620403, -0.055731], [-123.633259, -0.063218], [-123.649695, -0.075045], [-123.662628, -0.082655], [-123.677652, -0.093268], [-123.694511, -0.105525], [-123.710983, -0.115681], [-123.724404, -0.122708], [-123.737788, -0.131578], [-123.750439, -0.140907], [-123.76383, -0.149886], [-123.776546, -0.156921], [-123.790954, -0.165979], [-123.807088, -0.174497], [-123.820095, -0.18144], [-123.833152, -0.187446], [-123.844118, -0.192828], [-123.856946, -0.199224], [-123.871487, -0.205994], [-123.885927, -0.212946], [-123.898239, -0.219125], [-123.912569, -0.226864], [-123.930221, -0.237817], [-123.944336, -0.246157], [-123.959066, -0.254997], [-123.975734, -0.265164], [-123.989662, -0.27357], [-124.002032, -0.281402], [-124.017001, -0.290608], [-124.0376, -0.304611], [-124.050781, -0.312883], [-124.058135, -0.319283], [-124.073497, -0.328875], [-124.086935, -0.338001], [-124.102644, -0.349146], [-124.114807, -0.358966], [-124.125652, -0.36697], [-124.14288, -0.379495], [-124.156092, -0.391036], [-124.168125, -0.40074], [-124.182157, -0.410425], [-124.199286, -0.419451], [-124.212342, -0.427378], [-124.226446, -0.436219], [-124.238116, -0.444575], [-124.25214, -0.454968], [-124.265189, -0.465107], [-124.281621, -0.477712], [-124.292932, -0.484683], [-124.308357, -0.491227], [-124.3193, -0.495988], [-124.335799, -0.503842], [-124.352766, -0.513127], [-124.370845, -0.523312], [-124.380997, -0.529363], [-124.394017, -0.537449], [-124.410402, -0.547424], [-124.422779, -0.554996], [-124.44568, -0.570351], [-124.458967, -0.578572], [-124.473027, -0.587261], [-124.485017, -0.594553], [-124.501983, -0.604412], [-124.51555, -0.611904], [-124.530268, -0.621036], [-124.54393, -0.63059], [-124.556429, -0.6379], [-124.567716, -0.644763], [-124.580148, -0.651835], [-124.59862, -0.661199], [-124.616191, -0.669339], [-124.630337, -0.675604], [-124.646404, -0.681649], [-124.660274, -0.685639], [-124.675566, -0.69165], [-124.691458, -0.699381], [-124.707002, -0.707315], [-124.722227, -0.714184], [-124.742599, -0.723948], [-124.761042, -0.732011], [-124.779555, -0.739291], [-124.794913, -0.745427], [-124.813297, -0.753479], [-124.834944, -0.762297], [-124.856487, -0.771352], [-124.878902, -0.780145], [-124.896857, -0.787319], [-124.912089, -0.792916], [-124.926778, -0.799193], [-124.941935, -0.805588], [-124.961959, -0.813439], [-124.978421, -0.820607], [-124.997143, -0.829324], [-125.018563, -0.83963], [-125.034815, -0.847031], [-125.054343, -0.855033], [-125.072921, -0.862426], [-125.096337, -0.871058], [-125.115095, -0.877437], [-125.132406, -0.88323], [-125.156811, -0.890314], [-125.180415, -0.899181], [-125.211305, -0.910279], [-125.232499, -0.921123], [-125.246506, -0.930509], [-125.261334, -0.941926], [-125.27456, -0.953474], [-125.285019, -0.962464], [-125.305212, -0.973646], [-125.323568, -0.985326], [-125.341188, -0.996855], [-125.355421, -1.006224], [-125.370065, -1.015629], [-125.384603, -1.02483], [-125.396915, -1.031819], [-125.41279, -1.040848], [-125.429321, -1.051204], [-125.445642, -1.059589], [-125.460774, -1.068365], [-125.476509, -1.076993], [-125.492179, -1.085101], [-125.511086, -1.094959], [-125.527128, -1.103079], [-125.540258, -1.1096], [-125.551635, -1.116087], [-125.561585, -1.122073], [-125.572988, -1.131361], [-125.587852, -1.143182], [-125.599187, -1.152114], [-125.61564, -1.16486], [-125.630474, -1.174855], [-125.642835, -1.183759], [-125.655918, -1.192975], [-125.671931, -1.2052], [-125.69286, -1.221079], [-125.711736, -1.234891], [-125.730399, -1.246876], [-125.750462, -1.261053], [-125.761922, -1.267932], [-125.778485, -1.277134], [-125.794823, -1.28541], [-125.807636, -1.291427], [-125.822132, -1.297418], [-125.848603, -1.310141], [-125.862156, -1.316784], [-125.879098, -1.324041], [-125.900126, -1.333073], [-125.913394, -1.339415], [-125.929407, -1.34671], [-125.955669, -1.359952], [-125.966989, -1.366616], [-125.98028, -1.372357], [-125.99668, -1.379372], [-126.013054, -1.387131], [-126.028445, -1.395053], [-126.041539, -1.401856], [-126.057578, -1.409202], [-126.070222, -1.415615], [-126.085404, -1.422456], [-126.09841, -1.429328], [-126.11686, -1.437344], [-126.132577, -1.444609], [-126.147372, -1.451504], [-126.166322, -1.459934], [-126.182345, -1.466034], [-126.203183, -1.476067], [-126.216442, -1.483512], [-126.228262, -1.489186], [-126.243461, -1.495531], [-126.260577, -1.502724], [-126.278599, -1.50902], [-126.293031, -1.514514], [-126.309237, -1.52229], [-126.32023, -1.528406], [-126.333592, -1.536568], [-126.354903, -1.550355], [-126.376148, -1.563492], [-126.391277, -1.573681], [-126.407819, -1.585007], [-126.427032, -1.59937], [-126.440336, -1.609315], [-126.452861, -1.619066], [-126.46562, -1.628025], [-126.483649, -1.640894], [-126.499571, -1.650666], [-126.512771, -1.658762], [-126.524034, -1.667057], [-126.535578, -1.676133], [-126.552577, -1.69065], [-126.565359, -1.702277], [-126.579337, -1.713923], [-126.593719, -1.726033], [-126.604786, -1.734635], [-126.618527, -1.744832], [-126.635108, -1.758746], [-126.645545, -1.768893], [-126.655671, -1.779009], [-126.671289, -1.793115], [-126.683991, -1.803979], [-126.696389, -1.812712], [-126.70922, -1.820513], [-126.723091, -1.827944], [-126.736127, -1.835941], [-126.750303, -1.844321], [-126.767752, -1.853424], [-126.782068, -1.861267], [-126.799103, -1.87031], [-126.81662, -1.879812], [-126.834429, -1.889316], [-126.849701, -1.897395], [-126.868902, -1.90732], [-126.886332, -1.91559], [-126.920802, -1.932931], [-126.933863, -1.938702], [-126.947799, -1.945709], [-126.960342, -1.952261], [-126.978312, -1.961433], [-126.994567, -1.969901], [-127.014547, -1.981993], [-127.028442, -1.989753], [-127.042187, -1.997584], [-127.057056, -2.005983], [-127.070151, -2.013975], [-127.087514, -2.024594], [-127.102391, -2.0335], [-127.117815, -2.04157], [-127.131351, -2.047289], [-127.147697, -2.053387], [-127.161094, -2.058348], [-127.178929, -2.065398], [-127.195618, -2.074121], [-127.210291, -2.08204], [-127.225553, -2.090037], [-127.252438, -2.103922], [-127.276135, -2.11647], [-127.304073, -2.129398], [-127.314832, -2.134841], [-127.325472, -2.141729], [-127.337179, -2.149155], [-127.35236, -2.157954], [-127.373472, -2.168974], [-127.386435, -2.177338], [-127.40321, -2.187377], [-127.419268, -2.196357], [-127.44213, -2.211304], [-127.461003, -2.222961], [-127.47504, -2.232523], [-127.490037, -2.242991], [-127.502751, -2.251904], [-127.514653, -2.261064], [-127.526987, -2.271179], [-127.539799, -2.280271], [-127.554362, -2.290669], [-127.567768, -2.299683], [-127.581714, -2.308385], [-127.593354, -2.316364], [-127.606082, -2.326454], [-127.619491, -2.337324], [-127.63821, -2.352222], [-127.652517, -2.363602], [-127.667548, -2.375065], [-127.680616, -2.385009], [-127.696795, -2.396469], [-127.710136, -2.407654], [-127.722954, -2.418015], [-127.733761, -2.426732], [-127.748382, -2.439439], [-127.763538, -2.453105], [-127.775733, -2.464006], [-127.789254, -2.475345], [-127.802069, -2.487349], [-127.815769, -2.501541], [-127.825936, -2.51204], [-127.836298, -2.523937], [-127.848046, -2.536894], [-127.85774, -2.55052], [-127.867769, -2.56136], [-127.883653, -2.575982], [-127.897802, -2.589766], [-127.908424, -2.600071], [-127.918682, -2.613181], [-127.927183, -2.623646], [-127.93701, -2.635777], [-127.949227, -2.651187], [-127.958283, -2.666308], [-127.968188, -2.681513], [-127.976913, -2.691346], [-127.992769, -2.702844], [-128.004512, -2.708918], [-128.019803, -2.714943], [-128.03375, -2.720589], [-128.049059, -2.731311], [-128.059895, -2.739628], [-128.072597, -2.750248], [-128.086036, -2.759435], [-128.098888, -2.768337], [-128.114236, -2.776025], [-128.126401, -2.782632], [-128.142571, -2.790711], [-128.158018, -2.797413], [-128.170797, -2.802406], [-128.183569, -2.811483], [-128.194391, -2.821259], [-128.203965, -2.82478], [-128.218945, -2.829179], [-128.231336, -2.833448], [-128.242364, -2.838079], [-128.253029, -2.842633], [-128.26892, -2.848016], [-128.282873, -2.851405], [-128.296223, -2.855327], [-128.307152, -2.859169], [-128.317609, -2.862619], [-128.329696, -2.870971], [-128.345209, -2.879713], [-128.356713, -2.886448], [-128.371407, -2.894221], [-128.382556, -2.900874], [-128.400859, -2.910712], [-128.41335, -2.91842], [-128.430468, -2.928934], [-128.442931, -2.937929], [-128.455542, -2.9451], [-128.465683, -2.952342], [-128.477861, -2.959103], [-128.489071, -2.965246], [-128.50557, -2.973125], [-128.517206, -2.979352], [-128.528895, -2.984203], [-128.542775, -2.990254], [-128.554402, -2.996705], [-128.566507, -3.004761], [-128.58007, -3.012113], [-128.592096, -3.016524], [-128.604326, -3.017254], [-128.616092, -3.01897], [-128.629292, -3.022345], [-128.642746, -3.026637], [-128.655274, -3.032299], [-128.66834, -3.034787], [-128.682395, -3.034315], [-128.694677, -3.036951], [-128.705268, -3.038884], [-128.71582, -3.046211], [-128.72571, -3.050586], [-128.738782, -3.058591], [-128.75593, -3.073813], [-128.767152, -3.085837], [-128.780131, -3.096254], [-128.79453, -3.102363], [-128.809406, -3.107483], [-128.819671, -3.113758], [-128.830304, -3.122094], [-128.838515, -3.127966], [-128.847565, -3.134718], [-128.86169, -3.144208], [-128.872878, -3.147874], [-128.883927, -3.155825], [-128.895508, -3.163677], [-128.910649, -3.174564], [-128.92258, -3.181307], [-128.935663, -3.185733], [-128.947173, -3.188998], [-128.95867, -3.191831], [-128.970079, -3.195195], [-128.982427, -3.198757], [-128.996181, -3.204091], [-129.008245, -3.206838], [-129.019281, -3.207892], [-129.030529, -3.209811], [-129.037137, -3.221437], [-129.049318, -3.230718], [-129.069023, -3.249334], [-129.083755, -3.2617], [-129.095414, -3.265311], [-129.109926, -3.273692], [-129.12048, -3.279724], [-129.131898, -3.284715], [-129.143267, -3.290479], [-129.154272, -3.295589], [-129.16634, -3.301798], [-129.178057, -3.307609], [-129.188389, -3.312867], [-129.200559, -3.319121], [-129.211844, -3.323587], [-129.224038, -3.329934], [-129.23556, -3.335237], [-129.247835, -3.341309], [-129.259389, -3.345394], [-129.272584, -3.349035], [-129.28325, -3.352887], [-129.296162, -3.358057], [-129.307267, -3.360442], [-129.318407, -3.364277], [-129.330926, -3.368119], [-129.343939, -3.372482], [-129.356513, -3.37676], [-129.370519, -3.381317], [-129.38299, -3.386445], [-129.39636, -3.390902], [-129.407697, -3.395262], [-129.421278, -3.400516], [-129.432838, -3.405428], [-129.447281, -3.4132], [-129.458024, -3.416782], [-129.470741, -3.422565], [-129.482901, -3.42974], [-129.494171, -3.434597], [-129.505443, -3.439804], [-129.518755, -3.445272], [-129.530365, -3.451246], [-129.543321, -3.456734], [-129.55507, -3.462007], [-129.566865, -3.46973], [-129.580469, -3.477219], [-129.594522, -3.484315], [-129.606304, -3.489485], [-129.61832, -3.494865], [-129.636154, -3.502197], [-129.648633, -3.508987], [-129.660796, -3.516337], [-129.674267, -3.524747], [-129.684769, -3.532878], [-129.696304, -3.542137], [-129.711402, -3.551843], [-129.724394, -3.560339], [-129.738981, -3.569419], [-129.750282, -3.577528], [-129.765251, -3.58787], [-129.77909, -3.598269], [-129.789871, -3.607312], [-129.802827, -3.616546], [-129.815189, -3.624726], [-129.829083, -3.632246], [-129.841573, -3.640608], [-129.854595, -3.649627], [-129.865687, -3.659752], [-129.875514, -3.669806], [-129.886583, -3.679188], [-129.898646, -3.690453], [-129.908189, -3.700772], [-129.921194, -3.713713], [-129.931557, -3.724345], [-129.942217, -3.732994], [-129.953323, -3.743109], [-129.962537, -3.750603], [-129.977507, -3.763643], [-129.988978, -3.772626], [-130.000114, -3.781276], [-130.014754, -3.789878], [-130.026326, -3.797886], [-130.040111, -3.804076], [-130.053114, -3.810024], [-130.070761, -3.817498], [-130.083527, -3.824587], [-130.097832, -3.832696], [-130.108306, -3.838813], [-130.119115, -3.845455], [-130.136298, -3.853548], [-130.145934, -3.859783], [-130.157354, -3.867956], [-130.16981, -3.875615], [-130.185185, -3.886987], [-130.194975, -3.894524], [-130.203619, -3.90285], [-130.211755, -3.909495], [-130.219553, -3.919205], [-130.227073, -3.928098], [-130.234162, -3.934629], [-130.242869, -3.943417], [-130.260979, -3.949229], [-130.279624, -3.954877], [-130.300731, -3.961322], [-130.320856, -3.966497], [-130.332804, -3.969219], [-130.34542, -3.9719], [-130.357196, -3.974495], [-130.368943, -3.977029], [-130.38139, -3.980335], [-130.392711, -3.981115], [-130.402838, -3.983663], [-130.416565, -3.986785], [-130.428164, -3.989444], [-130.44471, -3.992687], [-130.459143, -3.996527], [-130.471028, -3.999714], [-130.484821, -4.003917], [-130.498596, -4.009083], [-130.515641, -4.013065], [-130.527198, -4.016793], [-130.539717, -4.020943], [-130.552808, -4.024693], [-130.564665, -4.028506], [-130.578652, -4.032932], [-130.590388, -4.035104], [-130.601114, -4.03612], [-130.611764, -4.037273], [-130.622426, -4.037809], [-130.633218, -4.038464], [-130.643776, -4.038056], [-130.654604, -4.038356], [-130.6661, -4.039207], [-130.677269, -4.040493], [-130.687939, -4.041361], [-130.699281, -4.044798], [-130.708873, -4.04497], [-130.719283, -4.048629], [-130.729364, -4.050104], [-130.741036, -4.051105], [-130.752217, -4.05193], [-130.761711, -4.050956], [-130.769459, -4.057252], [-130.779599, -4.067731], [-130.790307, -4.078743], [-130.800922, -4.087636], [-130.812175, -4.095864], [-130.82454, -4.104779], [-130.838901, -4.114363], [-130.850577, -4.121869], [-130.865251, -4.130417], [-130.886589, -4.140494], [-130.897195, -4.145281], [-130.909232, -4.150927], [-130.922415, -4.155804], [-130.9347, -4.15914], [-130.949635, -4.164082], [-130.965266, -4.168031], [-130.980775, -4.171249], [-130.994466, -4.173435], [-131.008463, -4.175628], [-131.022695, -4.179485], [-131.036479, -4.185125], [-131.049723, -4.189493], [-131.064285, -4.197446], [-131.082951, -4.206567], [-131.097107, -4.213843], [-131.113164, -4.222406], [-131.128899, -4.230286], [-131.143759, -4.236787], [-131.158554, -4.243126], [-131.174392, -4.248407], [-131.192778, -4.253308], [-131.207971, -4.258571], [-131.221437, -4.264081], [-131.232816, -4.268889], [-131.248914, -4.278847], [-131.268472, -4.29175], [-131.282944, -4.299886], [-131.294861, -4.306304], [-131.310962, -4.31557], [-131.325911, -4.324785], [-131.340266, -4.333247], [-131.354661, -4.340496], [-131.3684, -4.347894], [-131.384268, -4.357833], [-131.398694, -4.366071], [-131.411445, -4.374333], [-131.42518, -4.383348], [-131.442315, -4.395064], [-131.455902, -4.405961], [-131.473725, -4.418405], [-131.487567, -4.429435], [-131.505616, -4.443002], [-131.521813, -4.454889], [-131.531066, -4.462123], [-131.544978, -4.472403], [-131.555284, -4.479581], [-131.568701, -4.488819], [-131.580452, -4.495571], [-131.593644, -4.503103], [-131.603478, -4.509027], [-131.614077, -4.514327], [-131.627171, -4.520226], [-131.63985, -4.525417], [-131.651234, -4.530704], [-131.662483, -4.534867], [-131.676385, -4.539691], [-131.689684, -4.544253], [-131.698853, -4.550127], [-131.711364, -4.551454], [-131.724619, -4.554648], [-131.739057, -4.5622], [-131.749112, -4.569886], [-131.759724, -4.576796], [-131.769624, -4.583231], [-131.779917, -4.590017], [-131.791989, -4.594428], [-131.804394, -4.59926], [-131.817547, -4.605266], [-131.829113, -4.610449], [-131.840645, -4.61402], [-131.854257, -4.615556], [-131.866652, -4.621751], [-131.87695, -4.625695], [-131.888831, -4.629897], [-131.901355, -4.637526], [-131.914006, -4.648206], [-131.926373, -4.654322], [-131.939687, -4.660714], [-131.95331, -4.669188], [-131.969352, -4.678969], [-131.981079, -4.687252], [-131.993662, -4.695687], [-132.006206, -4.704196], [-132.01792, -4.712427], [-132.031681, -4.722016], [-132.043867, -4.729097], [-132.055432, -4.737921], [-132.06623, -4.74604], [-132.07778, -4.755442], [-132.08968, -4.762932], [-132.102563, -4.771403], [-132.113825, -4.781027], [-132.123646, -4.790125], [-132.133908, -4.794399], [-132.146816, -4.798955], [-132.165444, -4.806242], [-132.184066, -4.813231], [-132.198334, -4.817868], [-132.211851, -4.82173], [-132.224498, -4.825776], [-132.240567, -4.829974], [-132.253731, -4.833263], [-132.268339, -4.839016], [-132.284958, -4.8445], [-132.297641, -4.848968], [-132.312476, -4.851516], [-132.329239, -4.856453], [-132.344781, -4.860562], [-132.358447, -4.865793], [-132.372971, -4.873245], [-132.389833, -4.882623], [-132.405257, -4.891257], [-132.420759, -4.900311], [-132.433004, -4.906777], [-132.444728, -4.914859], [-132.457495, -4.923484], [-132.474831, -4.934865], [-132.487967, -4.942567], [-132.503415, -4.950699], [-132.518477, -4.960517], [-132.532722, -4.968849], [-132.55284, -4.977922], [-132.567723, -4.985233], [-132.579934, -4.990599], [-132.594239, -4.995708], [-132.610672, -5.003614], [-132.628674, -5.013279], [-132.644161, -5.021297], [-132.660631, -5.028802], [-132.67691, -5.036588], [-132.69164, -5.044396], [-132.705049, -5.051907], [-132.721915, -5.056762], [-132.736755, -5.061783], [-132.749213, -5.066584], [-132.766671, -5.073217], [-132.776191, -5.078538], [-132.788971, -5.084413], [-132.803199, -5.09261], [-132.816198, -5.10026], [-132.828044, -5.106949], [-132.840711, -5.114938], [-132.856993, -5.124289], [-132.872902, -5.133593], [-132.889077, -5.145486], [-132.898082, -5.153794], [-132.909479, -5.163147], [-132.922646, -5.175561], [-132.933437, -5.183556], [-132.944748, -5.193896], [-132.954446, -5.201817], [-132.96531, -5.212062], [-132.977487, -5.221764], [-132.987893, -5.226959], [-133.004227, -5.232625], [-133.016516, -5.238316], [-133.029377, -5.242966], [-133.042307, -5.248548], [-133.052901, -5.254056], [-133.068723, -5.258373], [-133.083208, -5.261289], [-133.097359, -5.266205], [-133.111535, -5.274497], [-133.123685, -5.280514], [-133.135834, -5.285407], [-133.146256, -5.292648], [-133.159084, -5.300152], [-133.168839, -5.309567], [-133.180838, -5.318683], [-133.192341, -5.325585], [-133.203681, -5.333562], [-133.214078, -5.340091], [-133.228318, -5.348139], [-133.242369, -5.355023], [-133.253916, -5.362106], [-133.267816, -5.368138], [-133.279229, -5.371801], [-133.296384, -5.377844], [-133.309377, -5.38397], [-133.322526, -5.392752], [-133.333651, -5.400125], [-133.343759, -5.409543], [-133.354658, -5.418388], [-133.363729, -5.426534], [-133.378031, -5.433805], [-133.390699, -5.439354], [-133.402434, -5.444389], [-133.41649, -5.451117], [-133.426744, -5.456514], [-133.437247, -5.464478], [-133.449833, -5.470065], [-133.463795, -5.477914], [-133.476066, -5.484078], [-133.490527, -5.489637], [-133.505097, -5.494557], [-133.522, -5.499079], [-133.53387, -5.503941], [-133.551172, -5.511732], [-133.561452, -5.516709], [-133.57488, -5.521074], [-133.587306, -5.526816], [-133.60079, -5.532422], [-133.615378, -5.536858], [-133.628285, -5.540876], [-133.638783, -5.547628], [-133.651464, -5.551904], [-133.66478, -5.555056], [-133.677737, -5.558817], [-133.692332, -5.562224], [-133.706427, -5.564553], [-133.721181, -5.570126], [-133.733244, -5.573639], [-133.75155, -5.579363], [-133.761895, -5.583863], [-133.776543, -5.58586], [-133.792432, -5.592923], [-133.810431, -5.600715], [-133.824443, -5.606485], [-133.839472, -5.613238], [-133.855672, -5.619078], [-133.869875, -5.625341], [-133.88437, -5.632379], [-133.90226, -5.641835], [-133.916084, -5.646655], [-133.93145, -5.652756], [-133.945622, -5.657668], [-133.959395, -5.662747], [-133.97183, -5.666682], [-133.986663, -5.67248], [-133.996904, -5.680418], [-134.005915, -5.689937], [-134.018419, -5.697506], [-134.032156, -5.704743], [-134.043591, -5.71054], [-134.055499, -5.719376], [-134.06704, -5.726946], [-134.076919, -5.737872], [-134.087194, -5.747701], [-134.096836, -5.756267], [-134.107339, -5.765351], [-134.116694, -5.774555], [-134.135291, -5.79177], [-134.150719, -5.806113], [-134.161597, -5.815493], [-134.172606, -5.824963], [-134.187958, -5.839138], [-134.200839, -5.850714], [-134.213394, -5.858052], [-134.225886, -5.8648], [-134.23726, -5.872693], [-134.248256, -5.880732], [-134.260816, -5.889904], [-134.27568, -5.898592], [-134.292231, -5.911183], [-134.303122, -5.920268], [-134.315548, -5.928283], [-134.330085, -5.937594], [-134.339486, -5.946188], [-134.354334, -5.955507], [-134.366702, -5.962174], [-134.3827, -5.970618], [-134.400827, -5.980172], [-134.414462, -5.988054], [-134.427613, -5.995615], [-134.446511, -6.005758], [-134.474407, -6.02153], [-134.48783, -6.030431], [-134.502841, -6.042036], [-134.515633, -6.053198], [-134.528395, -6.061316], [-134.544056, -6.069903], [-134.55757, -6.076396], [-134.573624, -6.085203], [-134.594318, -6.094013], [-134.615738, -6.104989], [-134.634018, -6.113529], [-134.651984, -6.121547], [-134.665534, -6.128249], [-134.684575, -6.136954], [-134.696474, -6.142998], [-134.709718, -6.151091], [-134.728568, -6.162884], [-134.74367, -6.172386], [-134.759519, -6.183909], [-134.771141, -6.192957], [-134.791729, -6.20871], [-134.803578, -6.21851], [-134.818385, -6.231173], [-134.833116, -6.244099], [-134.845932, -6.25557], [-134.858988, -6.266215], [-134.876213, -6.279788], [-134.888989, -6.288665], [-134.900464, -6.296584], [-134.91101, -6.305789], [-134.920348, -6.313401], [-134.928245, -6.320372], [-134.940249, -6.328257], [-134.9546, -6.339847], [-134.967163, -6.3491], [-134.978021, -6.358818], [-134.988996, -6.368814], [-135.001028, -6.378781], [-135.012209, -6.387345], [-135.024101, -6.395328], [-135.037473, -6.405299], [-135.04851, -6.411236], [-135.058477, -6.416471], [-135.070869, -6.42358], [-135.083107, -6.431597], [-135.0968, -6.438815], [-135.107591, -6.445767], [-135.117629, -6.451146], [-135.128625, -6.456629], [-135.13911, -6.462047], [-135.151061, -6.468568], [-135.164104, -6.475665], [-135.17506, -6.482052], [-135.188196, -6.489382], [-135.200758, -6.496002], [-135.21233, -6.503664], [-135.22247, -6.508104], [-135.235776, -6.516425], [-135.246953, -6.523401], [-135.258475, -6.530332], [-135.271097, -6.537037], [-135.282689, -6.542939], [-135.295986, -6.550176], [-135.308505, -6.555406], [-135.323834, -6.563672], [-135.335229, -6.569893], [-135.347071, -6.576652], [-135.360607, -6.582253], [-135.374356, -6.587756], [-135.385378, -6.591884], [-135.395649, -6.595452], [-135.407977, -6.599249], [-135.421554, -6.6051], [-135.435158, -6.611978], [-135.44847, -6.620361], [-135.462637, -6.63137], [-135.476122, -6.641711], [-135.488316, -6.652354], [-135.500888, -6.660082], [-135.513063, -6.667853], [-135.525743, -6.67429], [-135.539447, -6.681304], [-135.550661, -6.687882], [-135.563952, -6.695124], [-135.575051, -6.702155], [-135.587776, -6.710435], [-135.597961, -6.716139], [-135.611154, -6.724809], [-135.619334, -6.730836], [-135.631712, -6.740383], [-135.64217, -6.749081], [-135.651833, -6.757947], [-135.664233, -6.769723], [-135.677328, -6.779718], [-135.687934, -6.786611], [-135.699581, -6.793937], [-135.71315, -6.804265], [-135.726451, -6.814763], [-135.740468, -6.824953], [-135.75681, -6.838224], [-135.768683, -6.846697], [-135.778834, -6.854197], [-135.791035, -6.863987], [-135.802501, -6.872573], [-135.813484, -6.881282], [-135.833464, -6.895395], [-135.844192, -6.903589], [-135.858455, -6.913365], [-135.869268, -6.922259], [-135.879296, -6.929526], [-135.894345, -6.939041], [-135.906227, -6.946829], [-135.923379, -6.958294], [-135.93399, -6.965618], [-135.948314, -6.975686], [-135.961055, -6.984114], [-135.976633, -6.995186], [-135.993651, -7.006348], [-136.006533, -7.014181], [-136.019106, -7.021863], [-136.03264, -7.031068], [-136.045465, -7.041363], [-136.0595, -7.052032], [-136.071889, -7.062919], [-136.083165, -7.07057], [-136.095303, -7.077405], [-136.108062, -7.086176], [-136.121813, -7.095472], [-136.135907, -7.103953], [-136.151629, -7.114148], [-136.168317, -7.124368], [-136.180305, -7.131914], [-136.193301, -7.141339], [-136.205116, -7.148452], [-136.216803, -7.155932], [-136.230694, -7.163182], [-136.244751, -7.169038], [-136.259864, -7.175954], [-136.279425, -7.184745], [-136.289086, -7.190493], [-136.29916, -7.199209], [-136.311492, -7.205046], [-136.326827, -7.213087], [-136.344233, -7.221701], [-136.357559, -7.228671], [-136.371102, -7.23525], [-136.386556, -7.243285], [-136.403635, -7.251507], [-136.417133, -7.257331], [-136.431845, -7.262771], [-136.442247, -7.267927], [-136.455958, -7.273306], [-136.467485, -7.278781], [-136.483468, -7.286217], [-136.49881, -7.292337], [-136.514133, -7.299975], [-136.527029, -7.306656], [-136.549187, -7.319913], [-136.565179, -7.328638], [-136.577083, -7.336219], [-136.587732, -7.342502], [-136.602782, -7.351103], [-136.613308, -7.357933], [-136.628002, -7.366505], [-136.638443, -7.371941], [-136.651163, -7.378589], [-136.666188, -7.385505], [-136.678672, -7.391276], [-136.691849, -7.39809], [-136.708343, -7.406077], [-136.721656, -7.412964], [-136.734218, -7.418719], [-136.746399, -7.425285], [-136.757694, -7.432634], [-136.77098, -7.441615], [-136.782555, -7.450393], [-136.794339, -7.455512], [-136.80863, -7.462313], [-136.820208, -7.466747], [-136.837396, -7.476997], [-136.848045, -7.484604], [-136.859242, -7.491924], [-136.8718, -7.499132], [-136.883286, -7.506193], [-136.893529, -7.513273], [-136.905256, -7.521957], [-136.918196, -7.531254], [-136.932127, -7.54134], [-136.94535, -7.550292], [-136.954973, -7.556528], [-136.968141, -7.565003], [-136.981187, -7.572192], [-136.993495, -7.579753], [-137.007939, -7.588312], [-137.021724, -7.595], [-137.040426, -7.604561], [-137.057647, -7.611943], [-137.070048, -7.618586], [-137.084623, -7.626004], [-137.098909, -7.63334], [-137.111975, -7.642261], [-137.124462, -7.650699], [-137.139413, -7.659774], [-137.154387, -7.667923], [-137.167434, -7.6761], [-137.18009, -7.684563], [-137.195159, -7.693867], [-137.20919, -7.701753], [-137.221024, -7.709784], [-137.233197, -7.717475], [-137.246948, -7.725241], [-137.259639, -7.735255], [-137.2726, -7.743114], [-137.286027, -7.754011], [-137.297843, -7.761967], [-137.311975, -7.770327], [-137.325827, -7.778118], [-137.338566, -7.784389], [-137.351623, -7.792543], [-137.364727, -7.801679], [-137.37831, -7.809931], [-137.391545, -7.818498], [-137.406, -7.826028], [-137.419094, -7.834738], [-137.436115, -7.845781], [-137.452432, -7.858089], [-137.464292, -7.864574], [-137.475199, -7.870775], [-137.492058, -7.877465], [-137.5029, -7.882593], [-137.520373, -7.892691], [-137.536258, -7.903097], [-137.548567, -7.911111], [-137.562261, -7.919695], [-137.578129, -7.926281], [-137.593383, -7.931521], [-137.606212, -7.936991], [-137.617866, -7.943216], [-137.631823, -7.950766], [-137.648376, -7.959179], [-137.666308, -7.966419], [-137.681021, -7.972926], [-137.695392, -7.980055], [-137.707773, -7.985267], [-137.723292, -7.989144], [-137.738241, -7.994794], [-137.75403, -8.001434], [-137.770226, -8.007765], [-137.78909, -8.014938], [-137.804753, -8.018628], [-137.821866, -8.02458], [-137.83646, -8.029227], [-137.851632, -8.033652], [-137.866125, -8.039339], [-137.884439, -8.046774], [-137.897613, -8.05049], [-137.914308, -8.056807], [-137.929913, -8.062978], [-137.94438, -8.069799], [-137.960135, -8.074854], [-137.974198, -8.079984], [-137.987737, -8.08355], [-138.002647, -8.088531], [-138.017379, -8.093277], [-138.029739, -8.096496], [-138.04542, -8.101641], [-138.0584, -8.106244], [-138.074539, -8.111181], [-138.088599, -8.114549], [-138.105946, -8.118642], [-138.123078, -8.124055], [-138.137199, -8.1284], [-138.161062, -8.135338], [-138.179604, -8.141266], [-138.194446, -8.146842], [-138.208839, -8.152158], [-138.223979, -8.159021], [-138.240255, -8.167555], [-138.251907, -8.173749], [-138.265664, -8.180121], [-138.278086, -8.186829], [-138.295958, -8.196898], [-138.309197, -8.205456], [-138.322075, -8.213401], [-138.334378, -8.222023], [-138.346991, -8.232139], [-138.362361, -8.243934], [-138.375325, -8.25227], [-138.387476, -8.260229], [-138.4013, -8.267848], [-138.416267, -8.27531], [-138.430373, -8.283598], [-138.441623, -8.291368], [-138.453605, -8.298722], [-138.468754, -8.309369], [-138.483028, -8.317753], [-138.494442, -8.324604], [-138.508316, -8.333572], [-138.52088, -8.341019], [-138.535265, -8.349013], [-138.550195, -8.356788], [-138.56242, -8.363501], [-138.576152, -8.370647], [-138.592001, -8.375561], [-138.606072, -8.38307], [-138.628082, -8.39404], [-138.648593, -8.403191], [-138.659971, -8.408228], [-138.673245, -8.415552], [-138.699482, -8.428143], [-138.718483, -8.43788], [-138.733645, -8.444819], [-138.747913, -8.453202], [-138.762617, -8.461137], [-138.776253, -8.469151], [-138.789774, -8.47617], [-138.804633, -8.483937], [-138.819023, -8.491665], [-138.830997, -8.499686], [-138.842499, -8.508714], [-138.851584, -8.514446], [-138.862852, -8.521605], [-138.872838, -8.526236], [-138.886098, -8.533201], [-138.898048, -8.536364], [-138.912273, -8.539982], [-138.924936, -8.544829], [-138.937108, -8.549874], [-138.94716, -8.552192], [-138.95773, -8.556339], [-138.971891, -8.557756], [-138.98447, -8.559154], [-138.993095, -8.562225], [-139.005063, -8.563804], [-139.016751, -8.565711], [-139.030503, -8.568152], [-139.045835, -8.573558], [-139.065417, -8.578382], [-139.077704, -8.583243], [-139.088992, -8.58804], [-139.098994, -8.592885], [-139.112223, -8.597028], [-139.124782, -8.59984], [-139.135992, -8.602712], [-139.146183, -8.607529], [-139.159357, -8.610073], [-139.169819, -8.612021], [-139.181659, -8.612714], [-139.193039, -8.616314], [-139.210505, -8.626708], [-139.223027, -8.633723], [-139.237975, -8.639288], [-139.25489, -8.644035], [-139.273833, -8.651515], [-139.292444, -8.655352], [-139.308771, -8.659798], [-139.323639, -8.66405], [-139.34176, -8.669142], [-139.356842, -8.674889], [-139.37483, -8.682431], [-139.391847, -8.689772], [-139.40512, -8.696256], [-139.420235, -8.704825], [-139.43475, -8.710751], [-139.44704, -8.714407], [-139.461391, -8.720317], [-139.475182, -8.724516], [-139.490666, -8.731423], [-139.504663, -8.737829], [-139.51958, -8.74464], [-139.536549, -8.749957], [-139.552691, -8.754427], [-139.567289, -8.761198], [-139.58022, -8.767294], [-139.594103, -8.775017], [-139.606175, -8.782326], [-139.625517, -8.790165], [-139.63764, -8.796082], [-139.654077, -8.801129], [-139.673278, -8.809353], [-139.687847, -8.814791], [-139.704201, -8.820813], [-139.717432, -8.828248], [-139.735381, -8.835974], [-139.750225, -8.842521], [-139.763197, -8.847177], [-139.778386, -8.853373], [-139.790299, -8.859021], [-139.803576, -8.865434], [-139.817746, -8.874169], [-139.83107, -8.882815], [-139.842687, -8.889181], [-139.855338, -8.893638], [-139.871764, -8.899462], [-139.887786, -8.903951], [-139.9024, -8.906987], [-139.91316, -8.910546], [-139.92373, -8.913452], [-139.936824, -8.918519], [-139.948236, -8.923557], [-139.973487, -8.931201], [-139.984913, -8.937446], [-139.994184, -8.943386], [-140.004751, -8.947984], [-140.017705, -8.9494], [-140.03279, -8.950415], [-140.048203, -8.950042], [-140.06412, -8.94816], [-140.075481, -8.94387], [-140.083164, -8.947948], [-140.092892, -8.945843], [-140.098496, -8.935761], [-140.100608, -8.925409], [-140.099596, -8.920726], [-140.104561, -8.945021], [-140.117601, -8.957699], [-140.137423, -8.961279], [-140.153034, -8.957005], [-140.166111, -8.948102], [-140.164749, -8.950935], [-140.150432, -8.959395], [-140.132011, -8.959256], [-140.115997, -8.954093], [-140.103517, -8.942016], [-140.101018, -8.925264], [-140.101293, -8.919977], [-140.101483, -8.935949], [-140.110539, -8.951706], [-140.125261, -8.958675], [-140.142423, -8.959056], [-140.155754, -8.954561], [-140.166572, -8.948416], [-140.165784, -8.951298], [-140.152861, -8.967138], [-140.143704, -8.982306], [-140.137467, -8.995948], [-140.131438, -9.011287], [-140.126274, -9.029311], [-140.122551, -9.046989], [-140.119657, -9.058893], [-140.114985, -9.073464], [-140.108047, -9.090927], [-140.101512, -9.101688], [-140.092897, -9.11362], [-140.087469, -9.126333], [-140.080502, -9.140911], [-140.071066, -9.156296], [-140.063661, -9.170022], [-140.059762, -9.187009], [-140.056623, -9.20194], [-140.052968, -9.21623], [-140.048538, -9.238605], [-140.04532, -9.257302], [-140.043831, -9.281926], [-140.043112, -9.300674], [-140.042004, -9.314815], [-140.045336, -9.333063], [-140.046171, -9.345513], [-140.047597, -9.358383], [-140.047222, -9.358936]]}, "times": ["2022-04-08T21:41:18+00:00", "2022-04-09T16:13:53+00:00", "2022-04-09T16:29:30+00:00", "2022-04-09T16:41:18+00:00", "2022-04-09T16:50:40+00:00", "2022-04-09T17:02:44+00:00", "2022-04-09T17:14:44+00:00", "2022-04-09T17:29:35+00:00", "2022-04-09T17:39:35+00:00", "2022-04-09T17:53:25+00:00", "2022-04-09T18:08:17+00:00", "2022-04-09T18:22:44+00:00", "2022-04-09T18:35:06+00:00", "2022-04-09T18:46:36+00:00", "2022-04-09T18:58:07+00:00", "2022-04-09T19:09:41+00:00", "2022-04-09T19:26:44+00:00", "2022-04-09T19:39:43+00:00", "2022-04-09T19:50:49+00:00", "2022-04-09T20:06:49+00:00", "2022-04-09T20:19:46+00:00", "2022-04-09T20:31:58+00:00", "2022-04-09T20:46:50+00:00", "2022-04-09T20:59:45+00:00", "2022-04-09T21:12:50+00:00", "2022-04-09T21:26:50+00:00", "2022-04-09T21:41:29+00:00", "2022-04-09T21:52:51+00:00", "2022-04-09T22:09:52+00:00", "2022-04-09T22:21:34+00:00", "2022-04-09T22:31:29+00:00", "2022-04-09T22:44:37+00:00", "2022-04-09T22:56:51+00:00", "2022-04-09T23:09:45+00:00", "2022-04-09T23:22:51+00:00", "2022-04-09T23:38:53+00:00", "2022-04-09T23:48:53+00:00", "2022-04-10T00:04:21+00:00", "2022-04-10T00:16:17+00:00", "2022-04-10T00:29:45+00:00", "2022-04-10T00:39:45+00:00", "2022-04-10T00:50:00+00:00", "2022-04-10T01:05:51+00:00", "2022-04-10T01:17:03+00:00", "2022-04-10T01:28:43+00:00", "2022-04-10T01:43:03+00:00", "2022-04-10T01:55:29+00:00", "2022-04-10T02:10:00+00:00", "2022-04-10T02:23:09+00:00", "2022-04-10T02:35:09+00:00", "2022-04-10T02:46:43+00:00", "2022-04-10T02:59:09+00:00", "2022-04-10T03:10:00+00:00", "2022-04-10T03:20:07+00:00", "2022-04-10T03:37:09+00:00", "2022-04-10T03:51:09+00:00", "2022-04-10T04:07:31+00:00", "2022-04-10T04:20:11+00:00", "2022-04-10T04:35:09+00:00", "2022-04-10T04:45:59+00:00", "2022-04-10T04:58:59+00:00", "2022-04-10T05:12:10+00:00", "2022-04-10T05:26:44+00:00", "2022-04-10T05:40:15+00:00", "2022-04-10T05:55:10+00:00", "2022-04-10T06:05:10+00:00", "2022-04-10T06:18:01+00:00", "2022-04-10T06:30:15+00:00", "2022-04-10T06:45:10+00:00", "2022-04-10T06:59:37+00:00", "2022-04-10T07:11:57+00:00", "2022-04-10T07:24:56+00:00", "2022-04-10T07:35:31+00:00", "2022-04-10T07:47:10+00:00", "2022-04-10T08:00:02+00:00", "2022-04-10T08:11:10+00:00", "2022-04-10T08:24:17+00:00", "2022-04-10T08:37:10+00:00", "2022-04-10T08:50:25+00:00", "2022-04-10T09:07:10+00:00", "2022-04-10T09:19:10+00:00", "2022-04-10T09:31:10+00:00", "2022-04-10T09:43:50+00:00", "2022-04-10T09:55:11+00:00", "2022-04-10T10:06:47+00:00", "2022-04-10T10:19:11+00:00", "2022-04-10T10:30:30+00:00", "2022-04-10T10:47:11+00:00", "2022-04-10T10:58:25+00:00", "2022-04-10T11:11:11+00:00", "2022-04-10T11:29:11+00:00", "2022-04-10T11:46:09+00:00", "2022-04-10T11:56:19+00:00", "2022-04-10T12:07:11+00:00", "2022-04-10T12:17:11+00:00", "2022-04-10T12:31:11+00:00", "2022-04-10T12:47:09+00:00", "2022-04-10T13:03:36+00:00", "2022-04-10T13:17:11+00:00", "2022-04-10T13:39:11+00:00", "2022-04-10T13:53:13+00:00", "2022-04-10T14:08:06+00:00", "2022-04-10T14:20:44+00:00", "2022-04-10T14:32:35+00:00", "2022-04-10T14:46:38+00:00", "2022-04-10T15:00:46+00:00", "2022-04-10T15:19:13+00:00", "2022-04-10T15:32:09+00:00", "2022-04-10T15:49:13+00:00", "2022-04-10T16:03:13+00:00", "2022-04-10T16:17:50+00:00", "2022-04-10T16:33:13+00:00", "2022-04-10T16:47:42+00:00", "2022-04-10T17:00:45+00:00", "2022-04-10T17:15:13+00:00", "2022-04-10T17:30:45+00:00", "2022-04-10T17:49:13+00:00", "2022-04-10T18:03:13+00:00", "2022-04-10T18:20:56+00:00", "2022-04-10T18:47:13+00:00", "2022-04-10T19:10:45+00:00", "2022-04-10T19:30:45+00:00", "2022-04-10T19:49:25+00:00", "2022-04-10T20:10:58+00:00", "2022-04-10T20:30:45+00:00", "2022-04-10T20:51:00+00:00", "2022-04-10T21:13:14+00:00", "2022-04-10T21:38:38+00:00", "2022-04-10T21:59:14+00:00", "2022-04-10T22:23:14+00:00", "2022-04-10T22:41:28+00:00", "2022-04-10T23:03:14+00:00", "2022-04-10T23:31:08+00:00", "2022-04-10T23:53:01+00:00", "2022-04-11T00:17:20+00:00", "2022-04-11T00:39:20+00:00", "2022-04-11T01:01:20+00:00", "2022-04-11T01:27:20+00:00", "2022-04-11T01:47:20+00:00", "2022-04-11T02:11:00+00:00", "2022-04-11T02:37:52+00:00", "2022-04-11T03:01:56+00:00", "2022-04-11T03:31:18+00:00", "2022-04-11T04:01:15+00:00", "2022-04-11T04:36:50+00:00", "2022-04-11T05:01:53+00:00", "2022-04-11T05:41:15+00:00", "2022-04-11T06:21:15+00:00", "2022-04-11T07:03:58+00:00", "2022-04-11T07:53:58+00:00", "2022-04-11T08:27:58+00:00", "2022-04-11T08:59:58+00:00", "2022-04-11T09:23:58+00:00", "2022-04-11T09:58:02+00:00", "2022-04-11T10:20:02+00:00", "2022-04-11T10:43:06+00:00", "2022-04-11T11:06:02+00:00", "2022-04-11T11:33:00+00:00", "2022-04-11T11:52:29+00:00", "2022-04-11T12:13:12+00:00", "2022-04-11T12:30:08+00:00", "2022-04-11T12:43:13+00:00", "2022-04-11T12:57:10+00:00", "2022-04-11T13:12:03+00:00", "2022-04-11T13:26:03+00:00", "2022-04-11T13:43:15+00:00", "2022-04-11T13:58:03+00:00", "2022-04-11T14:10:40+00:00", "2022-04-11T14:24:03+00:00", "2022-04-11T14:40:04+00:00", "2022-04-11T14:55:38+00:00", "2022-04-11T15:13:15+00:00", "2022-04-11T15:32:04+00:00", "2022-04-11T15:43:23+00:00", "2022-04-11T15:56:08+00:00", "2022-04-11T16:06:20+00:00", "2022-04-11T16:20:19+00:00", "2022-04-11T16:33:15+00:00", "2022-04-11T16:44:46+00:00", "2022-04-11T16:53:26+00:00", "2022-04-11T17:03:15+00:00", "2022-04-11T17:13:55+00:00", "2022-04-11T17:23:36+00:00", "2022-04-11T17:34:04+00:00", "2022-04-11T17:46:04+00:00", "2022-04-11T17:57:37+00:00", "2022-04-11T18:10:04+00:00", "2022-04-11T18:18:43+00:00", "2022-04-11T18:29:44+00:00", "2022-04-11T18:41:17+00:00", "2022-04-11T18:51:55+00:00", "2022-04-11T19:03:31+00:00", "2022-04-11T19:16:04+00:00", "2022-04-11T19:28:44+00:00", "2022-04-11T19:42:04+00:00", "2022-04-11T19:56:30+00:00", "2022-04-11T20:12:30+00:00", "2022-04-11T20:30:46+00:00", "2022-04-11T20:38:59+00:00", "2022-04-11T20:49:00+00:00", "2022-04-11T20:59:19+00:00", "2022-04-11T21:11:26+00:00", "2022-04-11T21:23:37+00:00", "2022-04-11T21:39:04+00:00", "2022-04-11T22:01:41+00:00", "2022-04-11T22:14:52+00:00", "2022-04-11T22:30:25+00:00", "2022-04-11T22:39:55+00:00", "2022-04-11T22:50:14+00:00", "2022-04-11T22:58:49+00:00", "2022-04-11T23:06:27+00:00", "2022-04-11T23:15:01+00:00", "2022-04-11T23:22:47+00:00", "2022-04-11T23:30:50+00:00", "2022-04-11T23:39:40+00:00", "2022-04-11T23:47:42+00:00", "2022-04-12T00:00:58+00:00", "2022-04-12T00:10:55+00:00", "2022-04-12T00:22:50+00:00", "2022-04-12T00:31:46+00:00", "2022-04-12T00:41:46+00:00", "2022-04-12T00:54:35+00:00", "2022-04-12T01:03:45+00:00", "2022-04-12T01:12:33+00:00", "2022-04-12T01:19:47+00:00", "2022-04-12T01:29:47+00:00", "2022-04-12T01:39:48+00:00", "2022-04-12T01:48:21+00:00", "2022-04-12T01:58:39+00:00", "2022-04-12T02:09:48+00:00", "2022-04-12T02:21:34+00:00", "2022-04-12T02:31:48+00:00", "2022-04-12T02:44:53+00:00", "2022-04-12T02:57:04+00:00", "2022-04-12T03:09:00+00:00", "2022-04-12T03:21:48+00:00", "2022-04-12T03:33:57+00:00", "2022-04-12T03:50:07+00:00", "2022-04-12T04:08:12+00:00", "2022-04-12T04:23:48+00:00", "2022-04-12T04:40:37+00:00", "2022-04-12T04:56:02+00:00", "2022-04-12T05:14:00+00:00", "2022-04-12T05:29:49+00:00", "2022-04-12T05:44:04+00:00", "2022-04-12T05:57:50+00:00", "2022-04-12T06:14:05+00:00", "2022-04-12T06:29:57+00:00", "2022-04-12T06:50:02+00:00", "2022-04-12T07:13:19+00:00", "2022-04-12T07:30:59+00:00", "2022-04-12T07:45:53+00:00", "2022-04-12T07:55:53+00:00", "2022-04-12T08:10:11+00:00", "2022-04-12T08:20:46+00:00", "2022-04-12T08:31:28+00:00", "2022-04-12T08:42:50+00:00", "2022-04-12T08:53:40+00:00", "2022-04-12T09:03:42+00:00", "2022-04-12T09:13:53+00:00", "2022-04-12T09:23:55+00:00", "2022-04-12T09:33:41+00:00", "2022-04-12T09:43:53+00:00", "2022-04-12T09:53:53+00:00", "2022-04-12T10:02:28+00:00", "2022-04-12T10:11:42+00:00", "2022-04-12T10:19:04+00:00", "2022-04-12T10:27:22+00:00", "2022-04-12T10:36:20+00:00", "2022-04-12T10:45:53+00:00", "2022-04-12T10:54:16+00:00", "2022-04-12T11:04:15+00:00", "2022-04-12T11:12:36+00:00", "2022-04-12T11:21:42+00:00", "2022-04-12T11:31:53+00:00", "2022-04-12T11:42:18+00:00", "2022-04-12T11:50:04+00:00", "2022-04-12T11:57:53+00:00", "2022-04-12T12:04:15+00:00", "2022-04-12T12:11:53+00:00", "2022-04-12T12:20:51+00:00", "2022-04-12T12:31:09+00:00", "2022-04-12T12:38:39+00:00", "2022-04-12T12:46:49+00:00", "2022-04-12T12:55:06+00:00", "2022-04-12T13:04:04+00:00", "2022-04-12T13:11:34+00:00", "2022-04-12T13:20:24+00:00", "2022-04-12T13:28:18+00:00", "2022-04-12T13:37:53+00:00", "2022-04-12T13:45:18+00:00", "2022-04-12T13:53:04+00:00", "2022-04-12T13:59:37+00:00", "2022-04-12T14:06:35+00:00", "2022-04-12T14:14:45+00:00", "2022-04-12T14:23:26+00:00", "2022-04-12T14:32:41+00:00", "2022-04-12T14:40:18+00:00", "2022-04-12T14:48:12+00:00", "2022-04-12T14:55:34+00:00", "2022-04-12T15:01:54+00:00", "2022-04-12T15:09:54+00:00", "2022-04-12T15:16:18+00:00", "2022-04-12T15:23:08+00:00", "2022-04-12T15:31:54+00:00", "2022-04-12T15:39:54+00:00", "2022-04-12T15:48:25+00:00", "2022-04-12T15:55:15+00:00", "2022-04-12T16:02:05+00:00", "2022-04-12T16:10:03+00:00", "2022-04-12T16:16:24+00:00", "2022-04-12T16:24:26+00:00", "2022-04-12T16:31:48+00:00", "2022-04-12T16:38:05+00:00", "2022-04-12T16:44:47+00:00", "2022-04-12T16:50:08+00:00", "2022-04-12T16:56:04+00:00", "2022-04-12T17:02:03+00:00", "2022-04-12T17:09:25+00:00", "2022-04-12T17:16:30+00:00", "2022-04-12T17:24:16+00:00", "2022-04-12T17:29:53+00:00", "2022-04-12T17:35:38+00:00", "2022-04-12T17:43:00+00:00", "2022-04-12T17:51:25+00:00", "2022-04-12T17:59:27+00:00", "2022-04-12T18:07:29+00:00", "2022-04-12T18:14:30+00:00", "2022-04-12T18:22:51+00:00", "2022-04-12T18:30:29+00:00", "2022-04-12T18:37:50+00:00", "2022-04-12T18:45:11+00:00", "2022-04-12T18:52:01+00:00", "2022-04-12T18:57:30+00:00", "2022-04-12T19:04:45+00:00", "2022-04-12T19:14:45+00:00", "2022-04-12T19:22:54+00:00", "2022-04-12T19:30:07+00:00", "2022-04-12T19:37:04+00:00", "2022-04-12T19:45:38+00:00", "2022-04-12T19:54:35+00:00", "2022-04-12T20:02:45+00:00", "2022-04-12T20:11:27+00:00", "2022-04-12T20:20:13+00:00", "2022-04-12T20:28:18+00:00", "2022-04-12T20:36:35+00:00", "2022-04-12T20:45:49+00:00", "2022-04-12T20:54:49+00:00", "2022-04-12T21:02:56+00:00", "2022-04-12T21:12:52+00:00", "2022-04-12T21:20:38+00:00", "2022-04-12T21:30:13+00:00", "2022-04-12T21:38:17+00:00", "2022-04-12T21:45:41+00:00", "2022-04-12T21:54:45+00:00", "2022-04-12T22:03:13+00:00", "2022-04-12T22:10:59+00:00", "2022-04-12T22:18:04+00:00", "2022-04-12T22:27:26+00:00", "2022-04-12T22:38:13+00:00", "2022-04-12T22:46:49+00:00", "2022-04-12T22:57:39+00:00", "2022-04-12T23:07:49+00:00", "2022-04-12T23:16:30+00:00", "2022-04-12T23:26:13+00:00", "2022-04-12T23:34:45+00:00", "2022-04-12T23:42:27+00:00", "2022-04-12T23:51:00+00:00", "2022-04-13T00:00:14+00:00", "2022-04-13T00:10:40+00:00", "2022-04-13T00:19:21+00:00", "2022-04-13T00:29:15+00:00", "2022-04-13T00:38:14+00:00", "2022-04-13T00:46:46+00:00", "2022-04-13T00:56:23+00:00", "2022-04-13T01:04:57+00:00", "2022-04-13T01:14:23+00:00", "2022-04-13T01:21:48+00:00", "2022-04-13T01:31:02+00:00", "2022-04-13T01:39:03+00:00", "2022-04-13T01:48:49+00:00", "2022-04-13T01:56:01+00:00", "2022-04-13T02:05:18+00:00", "2022-04-13T02:15:00+00:00", "2022-04-13T02:25:00+00:00", "2022-04-13T02:34:24+00:00", "2022-04-13T02:42:24+00:00", "2022-04-13T02:52:24+00:00", "2022-04-13T03:02:28+00:00", "2022-04-13T03:12:31+00:00", "2022-04-13T03:22:24+00:00", "2022-04-13T03:33:32+00:00", "2022-04-13T03:45:08+00:00", "2022-04-13T03:56:02+00:00", "2022-04-13T04:06:25+00:00", "2022-04-13T04:17:03+00:00", "2022-04-13T04:25:09+00:00", "2022-04-13T04:35:10+00:00", "2022-04-13T04:45:11+00:00", "2022-04-13T04:55:00+00:00", "2022-04-13T05:06:20+00:00", "2022-04-13T05:15:00+00:00", "2022-04-13T05:26:49+00:00", "2022-04-13T05:38:25+00:00", "2022-04-13T05:48:25+00:00", "2022-04-13T06:00:18+00:00", "2022-04-13T06:08:53+00:00", "2022-04-13T06:17:53+00:00", "2022-04-13T06:28:25+00:00", "2022-04-13T06:37:25+00:00", "2022-04-13T06:49:12+00:00", "2022-04-13T07:00:28+00:00", "2022-04-13T07:08:37+00:00", "2022-04-13T07:20:49+00:00", "2022-04-13T07:31:00+00:00", "2022-04-13T07:41:51+00:00", "2022-04-13T07:51:13+00:00", "2022-04-13T08:00:36+00:00", "2022-04-13T08:11:36+00:00", "2022-04-13T08:21:31+00:00", "2022-04-13T08:29:25+00:00", "2022-04-13T08:40:33+00:00", "2022-04-13T08:51:09+00:00", "2022-04-13T09:00:24+00:00", "2022-04-13T09:10:35+00:00", "2022-04-13T09:18:53+00:00", "2022-04-13T09:34:33+00:00", "2022-04-13T09:50:33+00:00", "2022-04-13T10:00:31+00:00", "2022-04-13T10:13:30+00:00", "2022-04-13T10:22:33+00:00", "2022-04-13T10:32:56+00:00", "2022-04-13T10:43:07+00:00", "2022-04-13T10:51:01+00:00", "2022-04-13T10:58:23+00:00", "2022-04-13T11:05:30+00:00", "2022-04-13T11:13:40+00:00", "2022-04-13T11:21:10+00:00", "2022-04-13T11:29:04+00:00", "2022-04-13T11:36:59+00:00", "2022-04-13T11:46:34+00:00", "2022-04-13T11:55:20+00:00", "2022-04-13T12:04:34+00:00", "2022-04-13T12:13:49+00:00", "2022-04-13T12:20:39+00:00", "2022-04-13T12:29:21+00:00", "2022-04-13T12:36:52+00:00", "2022-04-13T12:46:34+00:00", "2022-04-13T12:55:30+00:00", "2022-04-13T13:04:02+00:00", "2022-04-13T13:12:20+00:00", "2022-04-13T13:21:10+00:00", "2022-04-13T13:28:35+00:00", "2022-04-13T13:37:46+00:00", "2022-04-13T13:46:35+00:00", "2022-04-13T13:55:30+00:00", "2022-04-13T14:02:35+00:00", "2022-04-13T14:10:35+00:00", "2022-04-13T14:18:21+00:00", "2022-04-13T14:25:42+00:00", "2022-04-13T14:32:48+00:00", "2022-04-13T14:42:03+00:00", "2022-04-13T14:50:13+00:00", "2022-04-13T14:58:55+00:00", "2022-04-13T15:06:41+00:00", "2022-04-13T15:15:45+00:00", "2022-04-13T15:24:36+00:00", "2022-04-13T15:34:36+00:00", "2022-04-13T15:44:36+00:00", "2022-04-13T15:53:48+00:00", "2022-04-13T16:03:18+00:00", "2022-04-13T16:16:36+00:00", "2022-04-13T16:26:28+00:00", "2022-04-13T16:36:36+00:00", "2022-04-13T16:46:36+00:00", "2022-04-13T17:02:21+00:00", "2022-04-13T17:13:03+00:00", "2022-04-13T17:22:34+00:00", "2022-04-13T17:31:49+00:00", "2022-04-13T17:40:23+00:00", "2022-04-13T17:47:05+00:00", "2022-04-13T17:54:51+00:00", "2022-04-13T18:03:58+00:00", "2022-04-13T18:11:28+00:00", "2022-04-13T18:20:02+00:00", "2022-04-13T18:28:45+00:00", "2022-04-13T18:36:55+00:00", "2022-04-13T18:45:21+00:00", "2022-04-13T18:52:36+00:00", "2022-04-13T19:02:22+00:00", "2022-04-13T19:09:04+00:00", "2022-04-13T19:15:56+00:00", "2022-04-13T19:25:01+00:00", "2022-04-13T19:32:23+00:00", "2022-04-13T19:39:21+00:00", "2022-04-13T19:50:20+00:00", "2022-04-13T20:00:15+00:00", "2022-04-13T20:08:37+00:00", "2022-04-13T20:15:59+00:00", "2022-04-13T20:22:21+00:00", "2022-04-13T20:29:51+00:00", "2022-04-13T20:37:37+00:00", "2022-04-13T20:46:19+00:00", "2022-04-13T20:54:45+00:00", "2022-04-13T21:01:59+00:00", "2022-04-13T21:09:29+00:00", "2022-04-13T21:17:06+00:00", "2022-04-13T21:23:08+00:00", "2022-04-13T21:31:56+00:00", "2022-04-13T21:38:21+00:00", "2022-04-13T21:45:50+00:00", "2022-04-13T21:52:38+00:00", "2022-04-13T21:58:38+00:00", "2022-04-13T22:04:43+00:00", "2022-04-13T22:13:49+00:00", "2022-04-13T22:21:59+00:00", "2022-04-13T22:30:38+00:00", "2022-04-13T22:39:16+00:00", "2022-04-13T22:48:38+00:00", "2022-04-13T22:57:04+00:00", "2022-04-13T23:06:19+00:00", "2022-04-13T23:17:25+00:00", "2022-04-13T23:25:43+00:00", "2022-04-13T23:32:57+00:00", "2022-04-13T23:42:38+00:00", "2022-04-13T23:51:10+00:00", "2022-04-14T00:01:45+00:00", "2022-04-14T00:10:11+00:00", "2022-04-14T00:18:38+00:00", "2022-04-14T00:26:00+00:00", "2022-04-14T00:34:38+00:00", "2022-04-14T00:43:47+00:00", "2022-04-14T00:52:47+00:00", "2022-04-14T01:03:37+00:00", "2022-04-14T01:14:39+00:00", "2022-04-14T01:24:07+00:00", "2022-04-14T01:33:55+00:00", "2022-04-14T01:41:50+00:00", "2022-04-14T01:51:53+00:00", "2022-04-14T02:01:33+00:00", "2022-04-14T02:12:39+00:00", "2022-04-14T02:22:02+00:00", "2022-04-14T02:29:56+00:00", "2022-04-14T02:40:39+00:00", "2022-04-14T02:49:13+00:00", "2022-04-14T03:01:08+00:00", "2022-04-14T03:10:31+00:00", "2022-04-14T03:19:53+00:00", "2022-04-14T03:29:24+00:00", "2022-04-14T03:40:31+00:00", "2022-04-14T03:49:13+00:00", "2022-04-14T03:59:32+00:00", "2022-04-14T04:08:06+00:00", "2022-04-14T04:18:33+00:00", "2022-04-14T04:32:41+00:00", "2022-04-14T04:46:15+00:00", "2022-04-14T04:56:15+00:00", "2022-04-14T05:05:23+00:00", "2022-04-14T05:14:54+00:00", "2022-04-14T05:24:41+00:00", "2022-04-14T05:35:07+00:00", "2022-04-14T05:46:15+00:00", "2022-04-14T05:56:15+00:00", "2022-04-14T06:05:15+00:00", "2022-04-14T06:13:41+00:00", "2022-04-14T06:24:41+00:00", "2022-04-14T06:32:33+00:00", "2022-04-14T06:42:12+00:00", "2022-04-14T06:53:26+00:00", "2022-04-14T07:06:25+00:00", "2022-04-14T07:16:30+00:00", "2022-04-14T07:24:41+00:00", "2022-04-14T07:32:41+00:00", "2022-04-14T07:42:34+00:00", "2022-04-14T07:51:48+00:00", "2022-04-14T08:03:27+00:00", "2022-04-14T08:13:05+00:00", "2022-04-14T08:23:48+00:00", "2022-04-14T08:34:42+00:00", "2022-04-14T08:43:28+00:00", "2022-04-14T08:55:23+00:00", "2022-04-14T09:04:56+00:00", "2022-04-14T09:14:42+00:00", "2022-04-14T09:26:30+00:00", "2022-04-14T09:35:23+00:00", "2022-04-14T09:43:49+00:00", "2022-04-14T09:56:43+00:00", "2022-04-14T10:04:43+00:00", "2022-04-14T10:14:43+00:00", "2022-04-14T10:22:38+00:00", "2022-04-14T10:30:43+00:00", "2022-04-14T10:39:05+00:00", "2022-04-14T10:50:44+00:00", "2022-04-14T11:00:44+00:00", "2022-04-14T11:09:12+00:00", "2022-04-14T11:16:34+00:00", "2022-04-14T11:24:44+00:00", "2022-04-14T11:32:21+00:00", "2022-04-14T11:39:59+00:00", "2022-04-14T11:49:21+00:00", "2022-04-14T11:58:19+00:00", "2022-04-14T12:06:29+00:00", "2022-04-14T12:14:30+00:00", "2022-04-14T12:23:28+00:00", "2022-04-14T12:32:02+00:00", "2022-04-14T12:40:20+00:00", "2022-04-14T12:49:11+00:00", "2022-04-14T12:57:21+00:00", "2022-04-14T13:06:55+00:00", "2022-04-14T13:17:34+00:00", "2022-04-14T13:25:20+00:00", "2022-04-14T13:35:39+00:00", "2022-04-14T13:42:45+00:00", "2022-04-14T13:50:47+00:00", "2022-04-14T13:57:04+00:00", "2022-04-14T14:04:58+00:00", "2022-04-14T14:14:05+00:00", "2022-04-14T14:21:58+00:00", "2022-04-14T14:30:47+00:00", "2022-04-14T14:39:55+00:00", "2022-04-14T14:48:37+00:00", "2022-04-14T14:56:45+00:00", "2022-04-14T15:03:52+00:00", "2022-04-14T15:10:47+00:00", "2022-04-14T15:18:47+00:00", "2022-04-14T15:27:00+00:00", "2022-04-14T15:33:11+00:00", "2022-04-14T15:41:21+00:00", "2022-04-14T15:48:35+00:00", "2022-04-14T15:57:00+00:00", "2022-04-14T16:05:02+00:00", "2022-04-14T16:12:16+00:00", "2022-04-14T16:20:26+00:00", "2022-04-14T16:28:47+00:00", "2022-04-14T16:36:07+00:00", "2022-04-14T16:42:47+00:00", "2022-04-14T16:51:08+00:00", "2022-04-14T16:59:03+00:00", "2022-04-14T17:04:33+00:00", "2022-04-14T17:10:11+00:00", "2022-04-14T17:17:56+00:00", "2022-04-14T17:26:48+00:00", "2022-04-14T17:34:48+00:00", "2022-04-14T17:43:46+00:00", "2022-04-14T17:53:24+00:00", "2022-04-14T18:01:10+00:00", "2022-04-14T18:11:04+00:00", "2022-04-14T18:19:06+00:00", "2022-04-14T18:29:17+00:00", "2022-04-14T18:37:51+00:00", "2022-04-14T18:45:45+00:00", "2022-04-14T18:55:15+00:00", "2022-04-14T19:05:04+00:00", "2022-04-14T19:13:04+00:00", "2022-04-14T19:23:21+00:00", "2022-04-14T19:33:47+00:00", "2022-04-14T19:42:54+00:00", "2022-04-14T19:50:39+00:00", "2022-04-14T20:00:01+00:00", "2022-04-14T20:11:08+00:00", "2022-04-14T20:19:42+00:00", "2022-04-14T20:29:52+00:00", "2022-04-14T20:38:26+00:00", "2022-04-14T20:49:04+00:00", "2022-04-14T20:59:51+00:00", "2022-04-14T21:10:18+00:00", "2022-04-14T21:23:00+00:00", "2022-04-14T21:31:18+00:00", "2022-04-14T21:41:04+00:00", "2022-04-14T21:51:04+00:00", "2022-04-14T22:00:21+00:00", "2022-04-14T22:09:04+00:00", "2022-04-14T22:19:04+00:00", "2022-04-14T22:30:51+00:00", "2022-04-14T22:41:18+00:00", "2022-04-14T22:53:08+00:00", "2022-04-14T23:03:55+00:00", "2022-04-14T23:16:30+00:00", "2022-04-14T23:26:32+00:00", "2022-04-14T23:39:08+00:00", "2022-04-14T23:50:22+00:00", "2022-04-14T23:59:09+00:00", "2022-04-15T00:11:30+00:00", "2022-04-15T00:25:09+00:00", "2022-04-15T00:34:32+00:00", "2022-04-15T00:46:43+00:00", "2022-04-15T00:56:29+00:00", "2022-04-15T01:08:08+00:00", "2022-04-15T01:18:34+00:00", "2022-04-15T01:29:09+00:00", "2022-04-15T01:43:09+00:00", "2022-04-15T01:53:30+00:00", "2022-04-15T02:03:09+00:00", "2022-04-15T02:13:03+00:00", "2022-04-15T02:21:37+00:00", "2022-04-15T02:29:39+00:00", "2022-04-15T02:41:50+00:00", "2022-04-15T02:51:44+00:00", "2022-04-15T03:02:10+00:00", "2022-04-15T03:14:21+00:00", "2022-04-15T03:27:20+00:00", "2022-04-15T03:39:09+00:00", "2022-04-15T03:57:30+00:00", "2022-04-15T04:09:52+00:00", "2022-04-15T04:19:46+00:00", "2022-04-15T04:29:09+00:00", "2022-04-15T04:40:07+00:00", "2022-04-15T04:50:49+00:00", "2022-04-15T05:00:27+00:00", "2022-04-15T05:09:16+00:00", "2022-04-15T05:20:31+00:00", "2022-04-15T05:29:53+00:00", "2022-04-15T05:37:42+00:00", "2022-04-15T05:47:43+00:00", "2022-04-15T05:59:30+00:00", "2022-04-15T06:09:50+00:00", "2022-04-15T06:21:47+00:00", "2022-04-15T06:31:44+00:00", "2022-04-15T06:42:45+00:00", "2022-04-15T06:54:26+00:00", "2022-04-15T07:05:19+00:00", "2022-04-15T07:14:51+00:00", "2022-04-15T07:25:30+00:00", "2022-04-15T07:35:30+00:00", "2022-04-15T07:47:53+00:00", "2022-04-15T07:58:55+00:00", "2022-04-15T08:07:53+00:00", "2022-04-15T08:19:30+00:00", "2022-04-15T08:29:33+00:00", "2022-04-15T08:43:30+00:00", "2022-04-15T08:54:48+00:00", "2022-04-15T09:03:30+00:00", "2022-04-15T09:16:34+00:00", "2022-04-15T09:26:22+00:00", "2022-04-15T09:37:45+00:00", "2022-04-15T09:47:58+00:00", "2022-04-15T09:59:30+00:00", "2022-04-15T10:12:10+00:00", "2022-04-15T10:23:19+00:00", "2022-04-15T10:37:30+00:00", "2022-04-15T10:48:00+00:00", "2022-04-15T10:58:01+00:00", "2022-04-15T11:08:50+00:00", "2022-04-15T11:21:44+00:00", "2022-04-15T11:33:30+00:00", "2022-04-15T11:44:09+00:00", "2022-04-15T11:53:30+00:00", "2022-04-15T12:03:30+00:00", "2022-04-15T12:14:54+00:00", "2022-04-15T12:27:30+00:00", "2022-04-15T12:37:36+00:00", "2022-04-15T12:48:00+00:00", "2022-04-15T12:59:33+00:00", "2022-04-15T13:09:33+00:00", "2022-04-15T13:19:22+00:00", "2022-04-15T13:29:27+00:00", "2022-04-15T13:39:33+00:00", "2022-04-15T13:51:12+00:00", "2022-04-15T14:02:36+00:00", "2022-04-15T14:11:35+00:00", "2022-04-15T14:23:35+00:00", "2022-04-15T14:34:18+00:00", "2022-04-15T14:45:35+00:00", "2022-04-15T14:57:32+00:00", "2022-04-15T15:05:43+00:00", "2022-04-15T15:16:36+00:00", "2022-04-15T15:25:35+00:00", "2022-04-15T15:34:52+00:00", "2022-04-15T15:47:13+00:00", "2022-04-15T15:58:17+00:00", "2022-04-15T16:09:07+00:00", "2022-04-15T16:21:30+00:00", "2022-04-15T16:30:46+00:00", "2022-04-15T16:39:35+00:00", "2022-04-15T16:51:35+00:00", "2022-04-15T17:00:35+00:00", "2022-04-15T17:13:04+00:00", "2022-04-15T17:23:49+00:00", "2022-04-15T17:35:06+00:00", "2022-04-15T17:48:15+00:00", "2022-04-15T17:59:35+00:00", "2022-04-15T18:09:35+00:00", "2022-04-15T18:23:15+00:00", "2022-04-15T18:37:28+00:00", "2022-04-15T18:48:15+00:00", "2022-04-15T18:58:27+00:00", "2022-04-15T19:09:36+00:00", "2022-04-15T19:18:29+00:00", "2022-04-15T19:29:05+00:00", "2022-04-15T19:41:09+00:00", "2022-04-15T19:53:36+00:00", "2022-04-15T20:03:36+00:00", "2022-04-15T20:13:36+00:00", "2022-04-15T20:23:38+00:00", "2022-04-15T20:35:42+00:00", "2022-04-15T20:48:30+00:00", "2022-04-15T20:59:26+00:00", "2022-04-15T21:09:36+00:00", "2022-04-15T21:22:13+00:00", "2022-04-15T21:31:36+00:00", "2022-04-15T21:45:54+00:00", "2022-04-15T21:57:50+00:00", "2022-04-15T22:08:39+00:00", "2022-04-15T22:23:36+00:00", "2022-04-15T22:36:42+00:00", "2022-04-15T22:45:36+00:00", "2022-04-15T22:56:08+00:00", "2022-04-15T23:07:24+00:00", "2022-04-15T23:18:55+00:00", "2022-04-15T23:31:23+00:00", "2022-04-15T23:41:36+00:00", "2022-04-15T23:52:50+00:00", "2022-04-16T00:03:17+00:00", "2022-04-16T00:15:36+00:00", "2022-04-16T00:23:36+00:00", "2022-04-16T00:34:15+00:00", "2022-04-16T00:44:35+00:00", "2022-04-16T00:53:36+00:00", "2022-04-16T01:04:33+00:00", "2022-04-16T01:18:14+00:00", "2022-04-16T01:27:36+00:00", "2022-04-16T01:36:52+00:00", "2022-04-16T01:47:36+00:00", "2022-04-16T01:55:54+00:00", "2022-04-16T02:05:10+00:00", "2022-04-16T02:13:36+00:00", "2022-04-16T02:21:55+00:00", "2022-04-16T02:30:38+00:00", "2022-04-16T02:39:36+00:00", "2022-04-16T02:48:54+00:00", "2022-04-16T02:58:45+00:00", "2022-04-16T03:09:36+00:00", "2022-04-16T03:18:55+00:00", "2022-04-16T03:28:17+00:00", "2022-04-16T03:36:19+00:00", "2022-04-16T03:45:36+00:00", "2022-04-16T03:57:14+00:00", "2022-04-16T04:09:37+00:00", "2022-04-16T04:28:45+00:00", "2022-04-16T04:41:46+00:00", "2022-04-16T04:51:52+00:00", "2022-04-16T05:01:49+00:00", "2022-04-16T05:16:51+00:00", "2022-04-16T05:29:00+00:00", "2022-04-16T05:39:33+00:00", "2022-04-16T05:51:14+00:00", "2022-04-16T06:02:46+00:00", "2022-04-16T06:12:58+00:00", "2022-04-16T06:23:49+00:00", "2022-04-16T06:33:52+00:00", "2022-04-16T06:45:00+00:00", "2022-04-16T06:56:15+00:00", "2022-04-16T07:07:15+00:00", "2022-04-16T07:17:18+00:00", "2022-04-16T07:27:47+00:00", "2022-04-16T07:39:09+00:00", "2022-04-16T07:51:45+00:00", "2022-04-16T08:06:54+00:00", "2022-04-16T08:16:25+00:00", "2022-04-16T08:28:13+00:00", "2022-04-16T08:41:21+00:00", "2022-04-16T08:55:47+00:00", "2022-04-16T09:06:01+00:00", "2022-04-16T09:16:53+00:00", "2022-04-16T09:27:51+00:00", "2022-04-16T09:36:35+00:00", "2022-04-16T09:45:10+00:00", "2022-04-16T09:54:25+00:00", "2022-04-16T10:03:55+00:00", "2022-04-16T10:12:46+00:00", "2022-04-16T10:19:45+00:00", "2022-04-16T10:28:29+00:00", "2022-04-16T10:36:48+00:00", "2022-04-16T10:44:18+00:00", "2022-04-16T10:52:53+00:00", "2022-04-16T10:59:15+00:00", "2022-04-16T11:07:52+00:00", "2022-04-16T11:18:13+00:00", "2022-04-16T11:28:56+00:00", "2022-04-16T11:37:23+00:00", "2022-04-16T11:47:52+00:00", "2022-04-16T11:56:01+00:00", "2022-04-16T12:03:15+00:00", "2022-04-16T12:14:47+00:00", "2022-04-16T12:25:38+00:00", "2022-04-16T12:35:01+00:00", "2022-04-16T12:43:52+00:00", "2022-04-16T12:52:04+00:00", "2022-04-16T12:59:50+00:00", "2022-04-16T13:06:01+00:00", "2022-04-16T13:13:07+00:00", "2022-04-16T13:20:38+00:00", "2022-04-16T13:29:37+00:00", "2022-04-16T13:39:09+00:00", "2022-04-16T13:48:16+00:00", "2022-04-16T13:56:54+00:00", "2022-04-16T14:05:07+00:00", "2022-04-16T14:13:28+00:00", "2022-04-16T14:21:52+00:00", "2022-04-16T14:30:20+00:00", "2022-04-16T14:39:22+00:00", "2022-04-16T14:49:30+00:00", "2022-04-16T14:59:32+00:00", "2022-04-16T15:09:33+00:00", "2022-04-16T15:20:58+00:00", "2022-04-16T15:29:34+00:00", "2022-04-16T15:37:52+00:00", "2022-04-16T15:49:30+00:00", "2022-04-16T15:59:52+00:00", "2022-04-16T16:10:32+00:00", "2022-04-16T16:21:32+00:00", "2022-04-16T16:31:37+00:00", "2022-04-16T16:39:37+00:00", "2022-04-16T16:49:38+00:00", "2022-04-16T16:57:52+00:00", "2022-04-16T17:07:52+00:00", "2022-04-16T17:16:09+00:00", "2022-04-16T17:25:23+00:00", "2022-04-16T17:34:06+00:00", "2022-04-16T17:42:09+00:00", "2022-04-16T17:53:33+00:00", "2022-04-16T18:02:31+00:00", "2022-04-16T18:11:06+00:00", "2022-04-16T18:21:52+00:00", "2022-04-16T18:31:28+00:00", "2022-04-16T18:39:22+00:00", "2022-04-16T18:47:41+00:00", "2022-04-16T18:56:07+00:00", "2022-04-16T19:03:30+00:00", "2022-04-16T19:13:01+00:00", "2022-04-16T19:22:48+00:00", "2022-04-16T19:32:19+00:00", "2022-04-16T19:43:42+00:00", "2022-04-16T19:53:45+00:00", "2022-04-16T20:01:54+00:00", "2022-04-16T20:11:54+00:00", "2022-04-16T20:19:54+00:00", "2022-04-16T20:29:49+00:00", "2022-04-16T20:39:45+00:00", "2022-04-16T20:49:55+00:00", "2022-04-16T21:01:34+00:00", "2022-04-16T21:11:13+00:00", "2022-04-16T21:18:28+00:00", "2022-04-16T21:28:30+00:00", "2022-04-16T21:36:48+00:00", "2022-04-16T21:45:31+00:00", "2022-04-16T21:54:38+00:00", "2022-04-16T22:06:50+00:00", "2022-04-16T22:14:36+00:00", "2022-04-16T22:22:17+00:00", "2022-04-16T22:34:20+00:00", "2022-04-16T22:42:07+00:00", "2022-04-16T22:56:17+00:00", "2022-04-16T23:08:17+00:00", "2022-04-16T23:19:57+00:00", "2022-04-16T23:29:40+00:00", "2022-04-16T23:36:17+00:00", "2022-04-16T23:44:02+00:00", "2022-04-16T23:53:18+00:00", "2022-04-17T00:00:17+00:00", "2022-04-17T00:08:18+00:00", "2022-04-17T00:18:25+00:00", "2022-04-17T00:28:18+00:00", "2022-04-17T00:34:15+00:00", "2022-04-17T00:40:41+00:00", "2022-04-17T00:48:12+00:00", "2022-04-17T00:55:42+00:00", "2022-04-17T01:01:44+00:00", "2022-04-17T01:08:26+00:00", "2022-04-17T01:17:09+00:00", "2022-04-17T01:26:18+00:00", "2022-04-17T01:37:39+00:00", "2022-04-17T01:46:14+00:00", "2022-04-17T01:55:05+00:00", "2022-04-17T02:04:03+00:00", "2022-04-17T02:12:25+00:00", "2022-04-17T02:19:12+00:00", "2022-04-17T02:28:28+00:00", "2022-04-17T02:38:28+00:00", "2022-04-17T02:47:29+00:00", "2022-04-17T02:58:28+00:00", "2022-04-17T03:10:10+00:00", "2022-04-17T03:20:00+00:00", "2022-04-17T03:33:14+00:00", "2022-04-17T03:48:34+00:00", "2022-04-17T03:57:51+00:00", "2022-04-17T04:10:13+00:00", "2022-04-17T04:26:34+00:00", "2022-04-17T04:40:14+00:00", "2022-04-17T04:52:34+00:00", "2022-04-17T05:10:12+00:00", "2022-04-17T05:20:15+00:00", "2022-04-17T05:32:11+00:00", "2022-04-17T05:40:29+00:00", "2022-04-17T05:48:34+00:00", "2022-04-17T05:56:34+00:00", "2022-04-17T06:05:41+00:00", "2022-04-17T06:13:35+00:00", "2022-04-17T06:21:46+00:00", "2022-04-17T06:31:56+00:00", "2022-04-17T06:39:02+00:00", "2022-04-17T06:46:34+00:00", "2022-04-17T06:52:51+00:00", "2022-04-17T07:00:21+00:00", "2022-04-17T07:10:21+00:00", "2022-04-17T07:20:15+00:00", "2022-04-17T07:34:36+00:00", "2022-04-17T07:41:44+00:00", "2022-04-17T07:50:51+00:00", "2022-04-17T08:00:36+00:00", "2022-04-17T08:09:28+00:00", "2022-04-17T08:15:22+00:00", "2022-04-17T08:23:24+00:00", "2022-04-17T08:31:42+00:00", "2022-04-17T08:39:28+00:00", "2022-04-17T08:46:36+00:00", "2022-04-17T08:53:08+00:00", "2022-04-17T08:58:54+00:00", "2022-04-17T09:05:36+00:00", "2022-04-17T09:13:30+00:00", "2022-04-17T09:19:08+00:00", "2022-04-17T09:26:38+00:00", "2022-04-17T09:32:56+00:00", "2022-04-17T09:39:30+00:00", "2022-04-17T09:46:36+00:00", "2022-04-17T09:53:59+00:00", "2022-04-17T10:00:49+00:00", "2022-04-17T10:14:28+00:00", "2022-04-17T10:21:19+00:00", "2022-04-17T10:30:02+00:00", "2022-04-17T10:39:19+00:00", "2022-04-17T10:50:30+00:00", "2022-04-17T10:59:35+00:00", "2022-04-17T11:06:36+00:00", "2022-04-17T11:15:58+00:00", "2022-04-17T11:23:45+00:00", "2022-04-17T11:32:36+00:00", "2022-04-17T11:44:36+00:00", "2022-04-17T11:52:44+00:00", "2022-04-17T12:00:33+00:00", "2022-04-17T12:12:37+00:00", "2022-04-17T12:22:37+00:00", "2022-04-17T12:31:33+00:00", "2022-04-17T12:40:37+00:00", "2022-04-17T12:53:10+00:00", "2022-04-17T13:02:26+00:00", "2022-04-17T13:10:48+00:00", "2022-04-17T13:26:20+00:00", "2022-04-17T13:35:36+00:00", "2022-04-17T13:47:16+00:00", "2022-04-17T13:58:48+00:00", "2022-04-17T14:10:48+00:00", "2022-04-17T14:20:48+00:00", "2022-04-17T14:32:48+00:00", "2022-04-17T14:44:20+00:00", "2022-04-17T14:53:44+00:00", "2022-04-17T15:08:48+00:00", "2022-04-17T15:17:15+00:00", "2022-04-17T15:25:44+00:00", "2022-04-17T15:36:48+00:00", "2022-04-17T15:50:30+00:00", "2022-04-17T16:00:48+00:00", "2022-04-17T16:12:19+00:00", "2022-04-17T16:24:32+00:00", "2022-04-17T16:34:49+00:00", "2022-04-17T16:42:49+00:00", "2022-04-17T16:56:53+00:00", "2022-04-17T17:06:49+00:00", "2022-04-17T17:18:06+00:00", "2022-04-17T17:27:14+00:00", "2022-04-17T17:36:49+00:00", "2022-04-17T17:44:49+00:00", "2022-04-17T17:57:00+00:00", "2022-04-17T18:04:49+00:00", "2022-04-17T18:14:51+00:00", "2022-04-17T18:24:49+00:00", "2022-04-17T18:32:49+00:00", "2022-04-17T18:41:43+00:00", "2022-04-17T18:50:27+00:00", "2022-04-17T18:58:54+00:00", "2022-04-17T19:09:06+00:00", "2022-04-17T19:16:49+00:00", "2022-04-17T19:26:49+00:00", "2022-04-17T19:34:13+00:00", "2022-04-17T19:46:49+00:00", "2022-04-17T19:57:42+00:00", "2022-04-17T20:08:18+00:00", "2022-04-17T20:16:49+00:00", "2022-04-17T20:31:00+00:00", "2022-04-17T20:42:50+00:00", "2022-04-17T20:53:09+00:00", "2022-04-17T21:03:20+00:00", "2022-04-17T21:14:26+00:00", "2022-04-17T21:25:55+00:00", "2022-04-17T21:34:53+00:00", "2022-04-17T21:46:24+00:00", "2022-04-17T21:57:38+00:00", "2022-04-17T22:06:50+00:00", "2022-04-17T22:20:15+00:00", "2022-04-17T22:31:14+00:00", "2022-04-17T22:42:50+00:00", "2022-04-17T22:53:02+00:00", "2022-04-17T23:07:45+00:00", "2022-04-17T23:18:36+00:00", "2022-04-17T23:30:06+00:00", "2022-04-17T23:41:09+00:00", "2022-04-17T23:50:51+00:00", "2022-04-18T00:00:20+00:00", "2022-04-18T00:08:51+00:00", "2022-04-18T00:20:08+00:00", "2022-04-18T00:27:54+00:00", "2022-04-18T00:41:13+00:00", "2022-04-18T00:53:59+00:00", "2022-04-18T01:01:37+00:00", "2022-04-18T01:13:55+00:00", "2022-04-18T01:24:59+00:00", "2022-04-18T01:34:59+00:00", "2022-04-18T01:48:59+00:00", "2022-04-18T01:58:59+00:00", "2022-04-18T02:06:59+00:00", "2022-04-18T02:17:11+00:00", "2022-04-18T02:28:59+00:00", "2022-04-18T02:36:59+00:00", "2022-04-18T02:44:59+00:00", "2022-04-18T02:53:45+00:00", "2022-04-18T03:02:59+00:00", "2022-04-18T03:27:00+00:00", "2022-04-18T03:38:28+00:00", "2022-04-18T03:48:04+00:00", "2022-04-18T03:56:28+00:00", "2022-04-18T04:08:26+00:00", "2022-04-18T04:20:45+00:00", "2022-04-18T04:29:59+00:00", "2022-04-18T04:37:13+00:00", "2022-04-18T04:47:32+00:00", "2022-04-18T04:57:10+00:00", "2022-04-18T05:11:38+00:00", "2022-04-18T05:20:20+00:00", "2022-04-18T05:29:10+00:00", "2022-04-18T05:40:17+00:00", "2022-04-18T05:48:35+00:00", "2022-04-18T06:05:12+00:00", "2022-04-18T06:13:54+00:00", "2022-04-18T06:23:41+00:00", "2022-04-18T06:40:56+00:00", "2022-04-18T06:51:14+00:00", "2022-04-18T07:06:21+00:00", "2022-04-18T07:16:30+00:00", "2022-04-18T07:31:31+00:00", "2022-04-18T07:42:31+00:00", "2022-04-18T07:56:31+00:00", "2022-04-18T08:06:45+00:00", "2022-04-18T08:20:45+00:00", "2022-04-18T08:36:45+00:00", "2022-04-18T08:48:10+00:00", "2022-04-18T08:58:31+00:00", "2022-04-18T09:11:35+00:00", "2022-04-18T09:23:21+00:00", "2022-04-18T09:34:31+00:00", "2022-04-18T09:46:22+00:00", "2022-04-18T09:54:31+00:00", "2022-04-18T10:06:31+00:00", "2022-04-18T10:16:31+00:00", "2022-04-18T10:27:00+00:00", "2022-04-18T10:34:40+00:00", "2022-04-18T10:46:26+00:00", "2022-04-18T10:56:31+00:00", "2022-04-18T11:08:31+00:00", "2022-04-18T11:20:31+00:00", "2022-04-18T11:28:31+00:00", "2022-04-18T11:42:31+00:00", "2022-04-18T11:51:04+00:00", "2022-04-18T12:02:31+00:00", "2022-04-18T12:16:53+00:00", "2022-04-18T12:31:52+00:00", "2022-04-18T12:44:10+00:00", "2022-04-18T12:56:30+00:00", "2022-04-18T13:10:56+00:00", "2022-04-18T13:22:27+00:00", "2022-04-18T13:32:35+00:00", "2022-04-18T13:44:35+00:00", "2022-04-18T13:55:45+00:00", "2022-04-18T14:05:56+00:00", "2022-04-18T14:16:35+00:00", "2022-04-18T14:25:04+00:00", "2022-04-18T14:38:34+00:00", "2022-04-18T14:49:25+00:00", "2022-04-18T15:03:52+00:00", "2022-04-18T15:18:11+00:00", "2022-04-18T15:28:42+00:00", "2022-04-18T15:44:42+00:00", "2022-04-18T15:58:42+00:00", "2022-04-18T16:08:43+00:00", "2022-04-18T16:22:43+00:00", "2022-04-18T16:36:48+00:00", "2022-04-18T16:48:49+00:00", "2022-04-18T17:04:49+00:00", "2022-04-18T17:17:45+00:00", "2022-04-18T17:32:42+00:00", "2022-04-18T17:45:32+00:00", "2022-04-18T18:00:39+00:00", "2022-04-18T18:14:59+00:00", "2022-04-18T18:28:37+00:00", "2022-04-18T18:40:31+00:00", "2022-04-18T18:52:42+00:00", "2022-04-18T19:02:59+00:00", "2022-04-18T19:16:59+00:00", "2022-04-18T19:29:21+00:00", "2022-04-18T19:42:20+00:00", "2022-04-18T19:55:58+00:00", "2022-04-18T20:08:25+00:00", "2022-04-18T20:22:36+00:00", "2022-04-18T20:34:59+00:00", "2022-04-18T20:44:57+00:00", "2022-04-18T20:55:16+00:00", "2022-04-18T21:05:02+00:00", "2022-04-18T21:15:01+00:00", "2022-04-18T21:29:51+00:00", "2022-04-18T21:40:42+00:00", "2022-04-18T21:51:00+00:00", "2022-04-18T22:01:02+00:00", "2022-04-18T22:15:00+00:00", "2022-04-18T22:30:13+00:00", "2022-04-18T22:45:01+00:00", "2022-04-18T22:59:01+00:00", "2022-04-18T23:10:45+00:00", "2022-04-18T23:25:02+00:00", "2022-04-18T23:39:23+00:00", "2022-04-18T23:53:03+00:00", "2022-04-19T00:05:53+00:00", "2022-04-19T00:23:03+00:00", "2022-04-19T00:37:04+00:00", "2022-04-19T00:51:39+00:00", "2022-04-19T01:06:46+00:00", "2022-04-19T01:21:06+00:00", "2022-04-19T01:33:06+00:00", "2022-04-19T01:48:30+00:00", "2022-04-19T02:17:50+00:00", "2022-04-19T02:45:18+00:00", "2022-04-19T03:17:06+00:00", "2022-04-19T03:55:05+00:00", "2022-04-19T04:31:07+00:00", "2022-04-19T04:47:09+00:00", "2022-04-19T05:03:09+00:00", "2022-04-19T05:19:09+00:00", "2022-04-19T05:33:09+00:00", "2022-04-19T05:48:14+00:00", "2022-04-19T06:07:13+00:00", "2022-04-19T06:22:04+00:00", "2022-04-19T06:37:13+00:00", "2022-04-19T06:51:53+00:00", "2022-04-19T07:06:59+00:00", "2022-04-19T07:25:16+00:00", "2022-04-19T07:39:30+00:00", "2022-04-19T07:49:16+00:00", "2022-04-19T07:59:30+00:00", "2022-04-19T08:12:20+00:00", "2022-04-19T08:21:16+00:00", "2022-04-19T08:33:16+00:00", "2022-04-19T08:45:28+00:00", "2022-04-19T08:55:16+00:00", "2022-04-19T09:07:47+00:00", "2022-04-19T09:17:25+00:00", "2022-04-19T09:29:30+00:00", "2022-04-19T09:40:40+00:00", "2022-04-19T09:53:17+00:00", "2022-04-19T10:01:17+00:00", "2022-04-19T10:15:17+00:00", "2022-04-19T10:25:35+00:00", "2022-04-19T10:41:23+00:00", "2022-04-19T10:57:23+00:00", "2022-04-19T11:09:30+00:00", "2022-04-19T11:21:43+00:00", "2022-04-19T11:33:23+00:00", "2022-04-19T11:47:23+00:00", "2022-04-19T12:01:23+00:00", "2022-04-19T12:17:23+00:00", "2022-04-19T12:29:23+00:00", "2022-04-19T12:42:02+00:00", "2022-04-19T12:53:24+00:00", "2022-04-19T13:11:23+00:00", "2022-04-19T13:29:23+00:00", "2022-04-19T13:43:47+00:00", "2022-04-19T14:00:00+00:00", "2022-04-19T14:12:47+00:00", "2022-04-19T14:25:23+00:00", "2022-04-19T14:38:03+00:00", "2022-04-19T14:49:57+00:00", "2022-04-19T15:01:50+00:00", "2022-04-19T15:15:04+00:00", "2022-04-19T15:27:24+00:00", "2022-04-19T15:40:00+00:00", "2022-04-19T15:54:06+00:00", "2022-04-19T16:07:24+00:00", "2022-04-19T16:19:30+00:00", "2022-04-19T16:33:16+00:00", "2022-04-19T16:43:24+00:00", "2022-04-19T16:57:24+00:00", "2022-04-19T17:10:00+00:00", "2022-04-19T17:21:32+00:00", "2022-04-19T17:31:24+00:00", "2022-04-19T17:43:03+00:00", "2022-04-19T17:54:09+00:00", "2022-04-19T18:06:11+00:00", "2022-04-19T18:18:05+00:00", "2022-04-19T18:29:27+00:00", "2022-04-19T18:41:12+00:00", "2022-04-19T18:53:37+00:00", "2022-04-19T19:04:27+00:00", "2022-04-19T19:21:38+00:00", "2022-04-19T19:35:04+00:00", "2022-04-19T19:47:42+00:00", "2022-04-19T20:01:48+00:00", "2022-04-19T20:13:02+00:00", "2022-04-19T20:23:42+00:00", "2022-04-19T20:33:47+00:00", "2022-04-19T20:48:43+00:00", "2022-04-19T20:58:45+00:00", "2022-04-19T21:13:07+00:00", "2022-04-19T21:22:43+00:00", "2022-04-19T21:35:17+00:00", "2022-04-19T21:47:45+00:00", "2022-04-19T21:57:59+00:00", "2022-04-19T22:08:00+00:00", "2022-04-19T22:19:09+00:00", "2022-04-19T22:31:54+00:00", "2022-04-19T22:44:52+00:00", "2022-04-19T22:55:50+00:00", "2022-04-19T23:08:02+00:00", "2022-04-19T23:18:00+00:00", "2022-04-19T23:28:00+00:00", "2022-04-19T23:38:24+00:00", "2022-04-19T23:52:10+00:00", "2022-04-20T00:02:37+00:00", "2022-04-20T00:18:10+00:00", "2022-04-20T00:30:26+00:00", "2022-04-20T00:45:08+00:00", "2022-04-20T00:58:00+00:00", "2022-04-20T01:08:57+00:00", "2022-04-20T01:20:11+00:00", "2022-04-20T01:32:13+00:00", "2022-04-20T01:42:45+00:00", "2022-04-20T01:59:29+00:00", "2022-04-20T02:10:22+00:00", "2022-04-20T02:21:40+00:00", "2022-04-20T02:33:17+00:00", "2022-04-20T02:46:23+00:00", "2022-04-20T03:08:15+00:00", "2022-04-20T03:24:21+00:00", "2022-04-20T03:34:23+00:00", "2022-04-20T03:43:59+00:00", "2022-04-20T03:56:57+00:00", "2022-04-20T04:10:24+00:00", "2022-04-20T04:25:28+00:00", "2022-04-20T04:38:15+00:00", "2022-04-20T04:54:24+00:00", "2022-04-20T05:12:24+00:00", "2022-04-20T05:26:24+00:00", "2022-04-20T05:40:24+00:00", "2022-04-20T05:55:40+00:00", "2022-04-20T06:08:38+00:00", "2022-04-20T06:26:24+00:00", "2022-04-20T06:40:11+00:00", "2022-04-20T06:50:53+00:00", "2022-04-20T07:04:24+00:00", "2022-04-20T07:16:33+00:00", "2022-04-20T07:28:30+00:00", "2022-04-20T07:44:13+00:00", "2022-04-20T07:57:51+00:00", "2022-04-20T08:09:44+00:00", "2022-04-20T08:23:55+00:00", "2022-04-20T08:37:49+00:00", "2022-04-20T08:49:02+00:00", "2022-04-20T09:01:36+00:00", "2022-04-20T09:18:03+00:00", "2022-04-20T09:28:45+00:00", "2022-04-20T09:39:58+00:00", "2022-04-20T09:52:24+00:00", "2022-04-20T10:08:19+00:00", "2022-04-20T10:20:24+00:00", "2022-04-20T10:34:15+00:00", "2022-04-20T10:47:21+00:00", "2022-04-20T11:00:03+00:00", "2022-04-20T11:10:29+00:00", "2022-04-20T11:26:31+00:00", "2022-04-20T11:38:32+00:00", "2022-04-20T11:50:45+00:00", "2022-04-20T12:02:48+00:00", "2022-04-20T12:14:54+00:00", "2022-04-20T12:30:32+00:00", "2022-04-20T12:40:10+00:00", "2022-04-20T12:50:51+00:00", "2022-04-20T13:08:45+00:00", "2022-04-20T13:27:29+00:00", "2022-04-20T13:43:31+00:00", "2022-04-20T13:56:37+00:00", "2022-04-20T14:08:55+00:00", "2022-04-20T14:25:54+00:00", "2022-04-20T14:42:53+00:00", "2022-04-20T15:02:53+00:00", "2022-04-20T15:22:59+00:00", "2022-04-20T15:43:26+00:00", "2022-04-20T16:04:25+00:00", "2022-04-20T16:22:54+00:00", "2022-04-20T16:40:48+00:00", "2022-04-20T16:57:14+00:00", "2022-04-20T17:13:40+00:00", "2022-04-20T17:25:59+00:00", "2022-04-20T17:38:27+00:00", "2022-04-20T17:48:54+00:00", "2022-04-20T18:00:16+00:00", "2022-04-20T18:10:19+00:00", "2022-04-20T18:24:54+00:00", "2022-04-20T18:49:07+00:00", "2022-04-20T19:08:55+00:00", "2022-04-20T19:24:55+00:00", "2022-04-20T19:41:48+00:00", "2022-04-20T19:58:48+00:00", "2022-04-20T20:11:23+00:00", "2022-04-20T20:24:37+00:00", "2022-04-20T20:38:58+00:00", "2022-04-20T21:00:58+00:00", "2022-04-20T21:20:00+00:00", "2022-04-20T21:36:58+00:00", "2022-04-20T21:50:48+00:00", "2022-04-20T22:06:59+00:00", "2022-04-20T22:18:59+00:00", "2022-04-20T22:34:02+00:00", "2022-04-20T22:47:00+00:00", "2022-04-20T22:58:32+00:00", "2022-04-20T23:05:54+00:00", "2022-04-20T23:14:28+00:00", "2022-04-20T23:23:26+00:00", "2022-04-20T23:29:44+00:00", "2022-04-20T23:37:30+00:00", "2022-04-20T23:51:01+00:00", "2022-04-21T00:09:01+00:00", "2022-04-21T00:19:16+00:00", "2022-04-21T00:33:01+00:00", "2022-04-21T00:47:55+00:00", "2022-04-21T01:04:47+00:00", "2022-04-21T01:21:05+00:00", "2022-04-21T01:37:05+00:00", "2022-04-21T01:55:08+00:00", "2022-04-21T02:11:08+00:00", "2022-04-21T02:27:32+00:00", "2022-04-21T02:47:08+00:00", "2022-04-21T03:09:08+00:00", "2022-04-21T03:29:45+00:00", "2022-04-21T03:48:14+00:00", "2022-04-21T04:01:38+00:00", "2022-04-21T04:14:29+00:00", "2022-04-21T04:29:10+00:00", "2022-04-21T04:39:45+00:00", "2022-04-21T04:52:22+00:00", "2022-04-21T05:03:11+00:00", "2022-04-21T05:18:05+00:00", "2022-04-21T05:33:13+00:00", "2022-04-21T05:47:27+00:00", "2022-04-21T06:03:13+00:00", "2022-04-21T06:16:03+00:00", "2022-04-21T06:29:45+00:00", "2022-04-21T06:41:55+00:00", "2022-04-21T06:51:58+00:00", "2022-04-21T07:05:13+00:00", "2022-04-21T07:17:43+00:00", "2022-04-21T07:30:00+00:00", "2022-04-21T07:46:15+00:00", "2022-04-21T08:05:13+00:00", "2022-04-21T08:20:00+00:00", "2022-04-21T08:35:13+00:00", "2022-04-21T08:47:13+00:00", "2022-04-21T09:03:13+00:00", "2022-04-21T09:17:13+00:00", "2022-04-21T09:35:13+00:00", "2022-04-21T09:50:00+00:00", "2022-04-21T10:04:09+00:00", "2022-04-21T10:18:13+00:00", "2022-04-21T10:33:29+00:00", "2022-04-21T10:48:22+00:00", "2022-04-21T11:01:50+00:00", "2022-04-21T11:17:42+00:00", "2022-04-21T11:29:53+00:00", "2022-04-21T11:47:03+00:00", "2022-04-21T12:00:15+00:00", "2022-04-21T12:13:02+00:00", "2022-04-21T12:25:50+00:00", "2022-04-21T12:41:58+00:00", "2022-04-21T12:59:50+00:00", "2022-04-21T13:15:50+00:00", "2022-04-21T13:31:50+00:00", "2022-04-21T13:52:26+00:00", "2022-04-21T14:17:50+00:00", "2022-04-21T14:45:51+00:00", "2022-04-21T15:09:51+00:00", "2022-04-21T15:30:15+00:00", "2022-04-21T15:47:51+00:00", "2022-04-21T16:03:51+00:00", "2022-04-21T16:20:15+00:00", "2022-04-21T16:33:58+00:00", "2022-04-21T16:48:35+00:00", "2022-04-21T17:00:15+00:00", "2022-04-21T17:17:52+00:00", "2022-04-21T17:32:06+00:00", "2022-04-21T17:48:58+00:00", "2022-04-21T18:03:53+00:00", "2022-04-21T18:19:58+00:00", "2022-04-21T18:34:47+00:00", "2022-04-21T18:50:30+00:00", "2022-04-21T19:07:58+00:00", "2022-04-21T19:21:58+00:00", "2022-04-21T19:40:30+00:00", "2022-04-21T19:57:58+00:00", "2022-04-21T20:10:30+00:00", "2022-04-21T20:22:30+00:00", "2022-04-21T20:33:58+00:00", "2022-04-21T20:43:59+00:00", "2022-04-21T20:53:43+00:00", "2022-04-21T21:06:36+00:00", "2022-04-21T21:17:32+00:00", "2022-04-21T21:29:59+00:00", "2022-04-21T21:47:59+00:00", "2022-04-21T22:03:59+00:00", "2022-04-21T22:18:19+00:00", "2022-04-21T22:33:59+00:00", "2022-04-21T22:47:42+00:00", "2022-04-21T23:00:45+00:00", "2022-04-21T23:12:08+00:00", "2022-04-21T23:22:49+00:00", "2022-04-21T23:37:30+00:00", "2022-04-21T23:49:31+00:00", "2022-04-22T00:03:25+00:00", "2022-04-22T00:14:46+00:00", "2022-04-22T00:29:11+00:00", "2022-04-22T00:40:45+00:00", "2022-04-22T00:53:45+00:00", "2022-04-22T01:04:42+00:00", "2022-04-22T01:17:24+00:00", "2022-04-22T01:30:37+00:00", "2022-04-22T01:40:45+00:00", "2022-04-22T01:53:11+00:00", "2022-04-22T02:05:28+00:00", "2022-04-22T02:18:25+00:00", "2022-04-22T02:32:01+00:00", "2022-04-22T02:50:01+00:00", "2022-04-22T03:08:01+00:00", "2022-04-22T03:24:02+00:00", "2022-04-22T03:40:12+00:00", "2022-04-22T03:50:12+00:00", "2022-04-22T04:01:00+00:00", "2022-04-22T04:14:56+00:00", "2022-04-22T04:26:21+00:00", "2022-04-22T04:39:22+00:00", "2022-04-22T04:51:36+00:00", "2022-04-22T05:04:13+00:00", "2022-04-22T05:16:15+00:00", "2022-04-22T05:28:15+00:00", "2022-04-22T05:41:00+00:00", "2022-04-22T05:53:40+00:00", "2022-04-22T06:08:30+00:00", "2022-04-22T06:21:53+00:00", "2022-04-22T06:33:51+00:00", "2022-04-22T06:49:10+00:00", "2022-04-22T07:04:41+00:00", "2022-04-22T07:18:20+00:00", "2022-04-22T07:28:41+00:00", "2022-04-22T07:39:58+00:00", "2022-04-22T07:55:09+00:00", "2022-04-22T08:08:30+00:00", "2022-04-22T08:18:45+00:00", "2022-04-22T08:30:41+00:00", "2022-04-22T08:42:03+00:00", "2022-04-22T08:55:38+00:00", "2022-04-22T09:08:00+00:00", "2022-04-22T09:20:37+00:00", "2022-04-22T09:32:41+00:00", "2022-04-22T09:46:41+00:00", "2022-04-22T09:59:27+00:00", "2022-04-22T10:12:41+00:00", "2022-04-22T10:26:41+00:00", "2022-04-22T10:40:41+00:00", "2022-04-22T10:56:02+00:00", "2022-04-22T11:10:41+00:00", "2022-04-22T11:24:59+00:00", "2022-04-22T11:38:45+00:00", "2022-04-22T11:52:44+00:00", "2022-04-22T12:05:52+00:00", "2022-04-22T12:18:58+00:00", "2022-04-22T12:30:41+00:00", "2022-04-22T12:46:41+00:00", "2022-04-22T12:59:00+00:00", "2022-04-22T13:10:12+00:00", "2022-04-22T13:24:43+00:00", "2022-04-22T13:38:43+00:00", "2022-04-22T13:49:53+00:00", "2022-04-22T14:05:18+00:00", "2022-04-22T14:19:05+00:00", "2022-04-22T14:34:43+00:00", "2022-04-22T14:48:32+00:00", "2022-04-22T14:58:43+00:00", "2022-04-22T15:10:43+00:00", "2022-04-22T15:22:43+00:00", "2022-04-22T15:34:59+00:00", "2022-04-22T15:44:43+00:00", "2022-04-22T15:54:43+00:00", "2022-04-22T16:04:50+00:00", "2022-04-22T16:17:25+00:00", "2022-04-22T16:26:50+00:00", "2022-04-22T16:39:00+00:00", "2022-04-22T16:49:19+00:00", "2022-04-22T17:00:50+00:00", "2022-04-22T17:14:50+00:00", "2022-04-22T17:26:50+00:00", "2022-04-22T17:36:24+00:00", "2022-04-22T17:48:50+00:00", "2022-04-22T17:59:15+00:00", "2022-04-22T18:09:43+00:00", "2022-04-22T18:23:57+00:00", "2022-04-22T18:33:10+00:00", "2022-04-22T18:42:38+00:00", "2022-04-22T18:53:31+00:00", "2022-04-22T19:05:27+00:00", "2022-04-22T19:17:16+00:00", "2022-04-22T19:30:52+00:00", "2022-04-22T19:44:58+00:00", "2022-04-22T19:57:00+00:00", "2022-04-22T20:08:58+00:00", "2022-04-22T20:20:19+00:00", "2022-04-22T20:29:21+00:00", "2022-04-22T20:40:58+00:00", "2022-04-22T20:51:30+00:00", "2022-04-22T21:02:44+00:00", "2022-04-22T21:14:02+00:00", "2022-04-22T21:24:52+00:00", "2022-04-22T21:35:58+00:00", "2022-04-22T21:47:53+00:00", "2022-04-22T22:00:52+00:00", "2022-04-22T22:12:38+00:00", "2022-04-22T22:26:01+00:00", "2022-04-22T22:37:32+00:00", "2022-04-22T22:49:02+00:00", "2022-04-22T23:00:00+00:00", "2022-04-22T23:13:46+00:00", "2022-04-22T23:23:46+00:00", "2022-04-22T23:36:33+00:00", "2022-04-22T23:50:36+00:00", "2022-04-23T00:01:58+00:00", "2022-04-23T00:12:08+00:00", "2022-04-23T00:23:45+00:00", "2022-04-23T00:34:30+00:00", "2022-04-23T00:47:46+00:00", "2022-04-23T01:02:52+00:00", "2022-04-23T01:13:46+00:00", "2022-04-23T01:24:06+00:00", "2022-04-23T01:36:11+00:00", "2022-04-23T01:49:46+00:00", "2022-04-23T02:01:47+00:00", "2022-04-23T02:17:56+00:00", "2022-04-23T02:33:03+00:00", "2022-04-23T02:45:57+00:00", "2022-04-23T02:59:57+00:00", "2022-04-23T03:23:58+00:00", "2022-04-23T03:49:58+00:00", "2022-04-23T04:01:58+00:00", "2022-04-23T04:14:15+00:00", "2022-04-23T04:27:26+00:00", "2022-04-23T04:42:01+00:00", "2022-04-23T04:54:22+00:00", "2022-04-23T05:06:06+00:00", "2022-04-23T05:22:09+00:00", "2022-04-23T05:35:32+00:00", "2022-04-23T05:48:17+00:00", "2022-04-23T06:02:42+00:00", "2022-04-23T06:18:17+00:00", "2022-04-23T06:26:31+00:00", "2022-04-23T06:40:15+00:00", "2022-04-23T06:52:04+00:00", "2022-04-23T07:05:03+00:00", "2022-04-23T07:20:15+00:00", "2022-04-23T07:30:44+00:00", "2022-04-23T07:46:25+00:00", "2022-04-23T08:00:15+00:00", "2022-04-23T08:14:15+00:00", "2022-04-23T08:24:09+00:00", "2022-04-23T08:32:34+00:00", "2022-04-23T08:44:34+00:00", "2022-04-23T08:58:02+00:00", "2022-04-23T09:10:30+00:00", "2022-04-23T09:22:34+00:00", "2022-04-23T09:34:28+00:00", "2022-04-23T09:47:03+00:00", "2022-04-23T09:58:36+00:00", "2022-04-23T10:12:06+00:00", "2022-04-23T10:28:03+00:00", "2022-04-23T10:40:30+00:00", "2022-04-23T10:52:43+00:00", "2022-04-23T11:04:20+00:00", "2022-04-23T11:20:43+00:00", "2022-04-23T11:36:43+00:00", "2022-04-23T11:54:44+00:00", "2022-04-23T12:10:44+00:00", "2022-04-23T12:22:01+00:00", "2022-04-23T12:33:32+00:00", "2022-04-23T12:46:44+00:00", "2022-04-23T12:59:46+00:00", "2022-04-23T13:12:14+00:00", "2022-04-23T13:30:44+00:00", "2022-04-23T13:42:44+00:00", "2022-04-23T13:56:44+00:00", "2022-04-23T14:09:41+00:00", "2022-04-23T14:18:44+00:00", "2022-04-23T14:28:49+00:00", "2022-04-23T14:39:48+00:00", "2022-04-23T14:49:59+00:00", "2022-04-23T15:02:44+00:00", "2022-04-23T15:19:50+00:00", "2022-04-23T15:30:44+00:00", "2022-04-23T15:44:44+00:00", "2022-04-23T15:58:44+00:00", "2022-04-23T16:11:00+00:00", "2022-04-23T16:24:44+00:00", "2022-04-23T16:36:44+00:00", "2022-04-23T16:48:44+00:00", "2022-04-23T17:01:00+00:00", "2022-04-23T17:14:09+00:00", "2022-04-23T17:25:56+00:00", "2022-04-23T17:40:24+00:00", "2022-04-23T17:52:45+00:00", "2022-04-23T18:06:45+00:00", "2022-04-23T18:17:53+00:00", "2022-04-23T18:27:07+00:00", "2022-04-23T18:39:50+00:00", "2022-04-23T18:50:48+00:00", "2022-04-23T19:02:45+00:00", "2022-04-23T19:13:49+00:00", "2022-04-23T19:23:59+00:00", "2022-04-23T19:34:57+00:00", "2022-04-23T19:46:03+00:00", "2022-04-23T19:59:42+00:00", "2022-04-23T20:11:53+00:00", "2022-04-23T20:27:48+00:00", "2022-04-23T20:40:45+00:00", "2022-04-23T20:50:33+00:00", "2022-04-23T21:00:33+00:00", "2022-04-23T21:11:15+00:00", "2022-04-23T21:20:50+00:00", "2022-04-23T21:32:14+00:00", "2022-04-23T21:44:01+00:00", "2022-04-23T21:52:50+00:00", "2022-04-23T22:03:00+00:00", "2022-04-23T22:11:18+00:00", "2022-04-23T22:23:22+00:00", "2022-04-23T22:36:51+00:00", "2022-04-23T22:48:25+00:00", "2022-04-23T22:58:51+00:00", "2022-04-23T23:08:51+00:00", "2022-04-23T23:18:51+00:00", "2022-04-23T23:29:56+00:00", "2022-04-23T23:40:51+00:00", "2022-04-23T23:49:53+00:00", "2022-04-24T00:01:08+00:00", "2022-04-24T00:11:19+00:00", "2022-04-24T00:22:26+00:00", "2022-04-24T00:35:57+00:00", "2022-04-24T00:45:44+00:00", "2022-04-24T00:54:51+00:00", "2022-04-24T01:05:46+00:00", "2022-04-24T01:16:12+00:00", "2022-04-24T01:27:43+00:00", "2022-04-24T01:38:57+00:00", "2022-04-24T01:50:35+00:00", "2022-04-24T02:02:51+00:00", "2022-04-24T02:15:04+00:00", "2022-04-24T02:26:51+00:00", "2022-04-24T02:38:30+00:00", "2022-04-24T02:52:41+00:00", "2022-04-24T03:06:46+00:00", "2022-04-24T03:24:46+00:00", "2022-04-24T03:44:51+00:00", "2022-04-24T04:00:47+00:00", "2022-04-24T04:13:30+00:00", "2022-04-24T04:24:47+00:00", "2022-04-24T04:38:48+00:00", "2022-04-24T04:50:51+00:00", "2022-04-24T05:06:00+00:00", "2022-04-24T05:18:45+00:00", "2022-04-24T05:28:45+00:00", "2022-04-24T05:38:59+00:00", "2022-04-24T05:52:12+00:00", "2022-04-24T06:03:51+00:00", "2022-04-24T06:13:28+00:00", "2022-04-24T06:25:34+00:00", "2022-04-24T06:38:00+00:00", "2022-04-24T06:51:33+00:00", "2022-04-24T07:03:26+00:00", "2022-04-24T07:15:13+00:00", "2022-04-24T07:25:37+00:00", "2022-04-24T07:40:32+00:00", "2022-04-24T07:52:19+00:00", "2022-04-24T08:04:46+00:00", "2022-04-24T08:15:39+00:00", "2022-04-24T08:32:30+00:00", "2022-04-24T08:43:13+00:00", "2022-04-24T08:53:56+00:00", "2022-04-24T09:05:41+00:00", "2022-04-24T09:16:01+00:00", "2022-04-24T09:31:49+00:00", "2022-04-24T09:43:37+00:00", "2022-04-24T09:53:47+00:00", "2022-04-24T10:05:37+00:00", "2022-04-24T10:17:37+00:00", "2022-04-24T10:28:05+00:00", "2022-04-24T10:40:24+00:00", "2022-04-24T10:52:35+00:00", "2022-04-24T11:05:45+00:00", "2022-04-24T11:20:18+00:00", "2022-04-24T11:31:37+00:00", "2022-04-24T11:42:32+00:00", "2022-04-24T11:55:23+00:00", "2022-04-24T12:05:45+00:00", "2022-04-24T12:17:53+00:00", "2022-04-24T12:32:14+00:00", "2022-04-24T12:42:17+00:00", "2022-04-24T12:53:39+00:00", "2022-04-24T13:05:45+00:00", "2022-04-24T13:18:24+00:00", "2022-04-24T13:29:49+00:00", "2022-04-24T13:43:39+00:00", "2022-04-24T13:55:25+00:00", "2022-04-24T14:05:39+00:00", "2022-04-24T14:17:39+00:00", "2022-04-24T14:31:39+00:00", "2022-04-24T14:41:34+00:00", "2022-04-24T14:55:35+00:00", "2022-04-24T15:09:25+00:00", "2022-04-24T15:21:30+00:00", "2022-04-24T15:35:35+00:00", "2022-04-24T15:48:19+00:00", "2022-04-24T15:59:36+00:00", "2022-04-24T16:11:36+00:00", "2022-04-24T16:25:36+00:00", "2022-04-24T16:37:36+00:00", "2022-04-24T16:47:36+00:00", "2022-04-24T16:59:18+00:00", "2022-04-24T17:08:09+00:00", "2022-04-24T17:21:09+00:00", "2022-04-24T17:31:47+00:00", "2022-04-24T17:44:44+00:00", "2022-04-24T17:55:36+00:00", "2022-04-24T18:07:22+00:00", "2022-04-24T18:19:09+00:00", "2022-04-24T18:29:44+00:00", "2022-04-24T18:41:36+00:00", "2022-04-24T18:53:36+00:00", "2022-04-24T19:05:36+00:00", "2022-04-24T19:16:45+00:00", "2022-04-24T19:25:43+00:00", "2022-04-24T19:37:37+00:00", "2022-04-24T19:48:54+00:00", "2022-04-24T20:00:56+00:00", "2022-04-24T20:12:08+00:00", "2022-04-24T20:27:18+00:00", "2022-04-24T20:39:37+00:00", "2022-04-24T20:49:06+00:00", "2022-04-24T21:01:37+00:00", "2022-04-24T21:12:28+00:00", "2022-04-24T21:27:03+00:00", "2022-04-24T21:39:37+00:00", "2022-04-24T21:51:37+00:00", "2022-04-24T22:02:15+00:00", "2022-04-24T22:13:37+00:00", "2022-04-24T22:25:37+00:00", "2022-04-24T22:35:41+00:00", "2022-04-24T22:46:07+00:00", "2022-04-24T22:58:58+00:00", "2022-04-24T23:11:08+00:00", "2022-04-24T23:22:28+00:00", "2022-04-24T23:33:44+00:00", "2022-04-24T23:43:38+00:00", "2022-04-24T23:57:01+00:00", "2022-04-25T00:09:11+00:00", "2022-04-25T00:20:33+00:00", "2022-04-25T00:29:39+00:00", "2022-04-25T00:42:33+00:00", "2022-04-25T00:53:39+00:00", "2022-04-25T01:05:39+00:00", "2022-04-25T01:19:11+00:00", "2022-04-25T01:29:40+00:00", "2022-04-25T01:41:15+00:00", "2022-04-25T01:52:38+00:00", "2022-04-25T02:03:06+00:00", "2022-04-25T02:14:24+00:00", "2022-04-25T02:25:04+00:00", "2022-04-25T02:35:54+00:00", "2022-04-25T02:46:15+00:00", "2022-04-25T02:57:09+00:00", "2022-04-25T03:11:09+00:00", "2022-04-25T03:35:00+00:00", "2022-04-25T03:49:39+00:00", "2022-04-25T03:59:58+00:00", "2022-04-25T04:09:10+00:00", "2022-04-25T04:23:10+00:00", "2022-04-25T04:35:00+00:00", "2022-04-25T04:45:15+00:00", "2022-04-25T04:57:10+00:00", "2022-04-25T05:07:52+00:00", "2022-04-25T05:20:03+00:00", "2022-04-25T05:31:11+00:00", "2022-04-25T05:42:41+00:00", "2022-04-25T05:53:32+00:00", "2022-04-25T06:05:11+00:00", "2022-04-25T06:16:18+00:00", "2022-04-25T06:29:17+00:00", "2022-04-25T06:40:32+00:00", "2022-04-25T06:49:11+00:00", "2022-04-25T07:01:11+00:00", "2022-04-25T07:10:15+00:00", "2022-04-25T07:20:02+00:00", "2022-04-25T07:31:41+00:00", "2022-04-25T07:39:59+00:00", "2022-04-25T07:48:57+00:00", "2022-04-25T07:57:48+00:00", "2022-04-25T08:07:11+00:00", "2022-04-25T08:19:05+00:00", "2022-04-25T08:29:11+00:00", "2022-04-25T08:40:31+00:00", "2022-04-25T08:48:09+00:00", "2022-04-25T08:57:31+00:00", "2022-04-25T09:05:35+00:00", "2022-04-25T09:15:30+00:00", "2022-04-25T09:25:30+00:00", "2022-04-25T09:33:40+00:00", "2022-04-25T09:44:31+00:00", "2022-04-25T09:54:26+00:00", "2022-04-25T10:01:15+00:00", "2022-04-25T10:10:14+00:00", "2022-04-25T10:18:00+00:00", "2022-04-25T10:27:11+00:00", "2022-04-25T10:40:54+00:00", "2022-04-25T10:51:12+00:00", "2022-04-25T11:02:19+00:00", "2022-04-25T11:13:50+00:00", "2022-04-25T11:22:56+00:00", "2022-04-25T11:31:12+00:00", "2022-04-25T11:41:25+00:00", "2022-04-25T11:52:48+00:00", "2022-04-25T12:03:31+00:00", "2022-04-25T12:13:12+00:00", "2022-04-25T12:25:12+00:00", "2022-04-25T12:35:12+00:00", "2022-04-25T12:44:29+00:00", "2022-04-25T12:53:36+00:00", "2022-04-25T13:03:06+00:00", "2022-04-25T13:13:12+00:00", "2022-04-25T13:21:51+00:00", "2022-04-25T13:33:46+00:00", "2022-04-25T13:44:21+00:00", "2022-04-25T13:55:14+00:00", "2022-04-25T14:03:38+00:00", "2022-04-25T14:15:45+00:00", "2022-04-25T14:26:00+00:00", "2022-04-25T14:39:16+00:00", "2022-04-25T14:49:03+00:00", "2022-04-25T15:00:34+00:00", "2022-04-25T15:11:49+00:00", "2022-04-25T15:22:07+00:00", "2022-04-25T15:32:22+00:00", "2022-04-25T15:41:09+00:00", "2022-04-25T15:50:28+00:00", "2022-04-25T16:01:14+00:00", "2022-04-25T16:12:32+00:00", "2022-04-25T16:22:32+00:00", "2022-04-25T16:36:06+00:00", "2022-04-25T16:46:01+00:00", "2022-04-25T16:58:05+00:00", "2022-04-25T17:09:15+00:00", "2022-04-25T17:21:42+00:00", "2022-04-25T17:32:18+00:00", "2022-04-25T17:44:32+00:00", "2022-04-25T17:55:05+00:00", "2022-04-25T18:06:21+00:00", "2022-04-25T18:18:08+00:00", "2022-04-25T18:30:19+00:00", "2022-04-25T18:41:10+00:00", "2022-04-25T18:52:41+00:00", "2022-04-25T19:02:34+00:00", "2022-04-25T19:14:34+00:00", "2022-04-25T19:27:37+00:00", "2022-04-25T19:36:34+00:00", "2022-04-25T19:49:11+00:00", "2022-04-25T20:00:45+00:00", "2022-04-25T20:09:08+00:00", "2022-04-25T20:19:19+00:00", "2022-04-25T20:28:37+00:00", "2022-04-25T20:38:37+00:00", "2022-04-25T20:49:19+00:00", "2022-04-25T20:57:45+00:00", "2022-04-25T21:09:56+00:00", "2022-04-25T21:19:59+00:00", "2022-04-25T21:28:58+00:00", "2022-04-25T21:39:09+00:00", "2022-04-25T21:50:34+00:00", "2022-04-25T22:01:59+00:00", "2022-04-25T22:11:08+00:00", "2022-04-25T22:23:12+00:00", "2022-04-25T22:34:39+00:00", "2022-04-25T22:44:39+00:00", "2022-04-25T23:00:39+00:00", "2022-04-25T23:10:45+00:00", "2022-04-25T23:23:23+00:00", "2022-04-25T23:36:55+00:00", "2022-04-25T23:49:23+00:00", "2022-04-26T00:01:00+00:00", "2022-04-26T00:11:01+00:00", "2022-04-26T00:22:48+00:00", "2022-04-26T00:36:40+00:00", "2022-04-26T00:44:58+00:00", "2022-04-26T00:56:40+00:00", "2022-04-26T01:08:01+00:00", "2022-04-26T01:16:59+00:00", "2022-04-26T01:29:25+00:00", "2022-04-26T01:38:55+00:00", "2022-04-26T01:51:00+00:00", "2022-04-26T02:01:00+00:00", "2022-04-26T02:10:49+00:00", "2022-04-26T02:20:43+00:00", "2022-04-26T02:32:40+00:00", "2022-04-26T02:42:32+00:00", "2022-04-26T02:52:11+00:00", "2022-04-26T03:08:40+00:00", "2022-04-26T03:22:40+00:00", "2022-04-26T03:31:21+00:00", "2022-04-26T03:42:40+00:00", "2022-04-26T03:52:28+00:00", "2022-04-26T04:01:17+00:00", "2022-04-26T04:13:58+00:00", "2022-04-26T04:25:11+00:00", "2022-04-26T04:38:41+00:00", "2022-04-26T04:49:46+00:00", "2022-04-26T05:01:15+00:00", "2022-04-26T05:11:00+00:00", "2022-04-26T05:20:41+00:00", "2022-04-26T05:32:38+00:00", "2022-04-26T05:40:52+00:00", "2022-04-26T05:51:18+00:00", "2022-04-26T06:04:25+00:00", "2022-04-26T06:16:52+00:00", "2022-04-26T06:28:52+00:00", "2022-04-26T06:38:45+00:00", "2022-04-26T06:48:46+00:00", "2022-04-26T06:56:55+00:00", "2022-04-26T07:12:52+00:00", "2022-04-26T07:30:10+00:00", "2022-04-26T07:40:52+00:00", "2022-04-26T07:48:12+00:00", "2022-04-26T08:00:53+00:00", "2022-04-26T08:11:15+00:00", "2022-04-26T08:21:28+00:00", "2022-04-26T08:32:17+00:00", "2022-04-26T08:42:34+00:00", "2022-04-26T08:52:53+00:00", "2022-04-26T09:02:52+00:00", "2022-04-26T09:11:27+00:00", "2022-04-26T09:22:53+00:00", "2022-04-26T09:35:27+00:00", "2022-04-26T09:48:40+00:00", "2022-04-26T09:58:33+00:00", "2022-04-26T10:06:42+00:00", "2022-04-26T10:15:47+00:00", "2022-04-26T10:26:53+00:00", "2022-04-26T10:41:26+00:00", "2022-04-26T10:55:11+00:00", "2022-04-26T11:08:08+00:00", "2022-04-26T11:17:21+00:00", "2022-04-26T11:31:34+00:00", "2022-04-26T11:44:22+00:00", "2022-04-26T11:58:15+00:00", "2022-04-26T12:08:53+00:00", "2022-04-26T12:21:38+00:00", "2022-04-26T12:34:28+00:00", "2022-04-26T12:51:30+00:00", "2022-04-26T13:02:54+00:00", "2022-04-26T13:14:58+00:00", "2022-04-26T13:26:27+00:00", "2022-04-26T13:40:53+00:00", "2022-04-26T13:54:54+00:00", "2022-04-26T14:06:54+00:00", "2022-04-26T14:17:13+00:00", "2022-04-26T14:31:30+00:00", "2022-04-26T14:44:54+00:00", "2022-04-26T15:01:45+00:00", "2022-04-26T15:13:01+00:00", "2022-04-26T15:21:48+00:00", "2022-04-26T15:32:41+00:00", "2022-04-26T15:42:42+00:00", "2022-04-26T15:56:51+00:00", "2022-04-26T16:05:02+00:00", "2022-04-26T16:14:38+00:00", "2022-04-26T16:25:03+00:00", "2022-04-26T16:33:05+00:00", "2022-04-26T16:43:05+00:00", "2022-04-26T16:51:53+00:00", "2022-04-26T17:01:45+00:00", "2022-04-26T17:10:53+00:00", "2022-04-26T17:21:43+00:00", "2022-04-26T17:29:12+00:00", "2022-04-26T17:39:53+00:00", "2022-04-26T17:48:02+00:00", "2022-04-26T17:59:55+00:00", "2022-04-26T18:08:36+00:00", "2022-04-26T18:17:06+00:00", "2022-04-26T18:27:06+00:00", "2022-04-26T18:40:18+00:00", "2022-04-26T18:48:52+00:00", "2022-04-26T18:58:14+00:00", "2022-04-26T19:07:44+00:00", "2022-04-26T19:17:06+00:00", "2022-04-26T19:28:53+00:00", "2022-04-26T19:39:06+00:00", "2022-04-26T19:52:00+00:00", "2022-04-26T20:03:06+00:00", "2022-04-26T20:12:00+00:00", "2022-04-26T20:23:14+00:00", "2022-04-26T20:35:06+00:00", "2022-04-26T20:47:21+00:00", "2022-04-26T20:58:27+00:00", "2022-04-26T21:08:22+00:00", "2022-04-26T21:20:17+00:00", "2022-04-26T21:31:06+00:00", "2022-04-26T21:45:06+00:00", "2022-04-26T21:53:28+00:00", "2022-04-26T22:03:06+00:00", "2022-04-26T22:13:57+00:00", "2022-04-26T22:24:16+00:00", "2022-04-26T22:35:06+00:00", "2022-04-26T22:46:22+00:00", "2022-04-26T22:57:07+00:00", "2022-04-26T23:08:58+00:00", "2022-04-26T23:18:04+00:00", "2022-04-26T23:29:07+00:00", "2022-04-26T23:38:40+00:00", "2022-04-26T23:52:03+00:00", "2022-04-27T00:03:08+00:00", "2022-04-27T00:13:08+00:00", "2022-04-27T00:23:05+00:00", "2022-04-27T00:35:55+00:00", "2022-04-27T00:45:08+00:00", "2022-04-27T00:55:08+00:00", "2022-04-27T01:07:07+00:00", "2022-04-27T01:17:17+00:00", "2022-04-27T01:26:56+00:00", "2022-04-27T01:36:37+00:00", "2022-04-27T01:45:09+00:00", "2022-04-27T01:53:40+00:00", "2022-04-27T02:06:31+00:00", "2022-04-27T02:17:09+00:00", "2022-04-27T02:25:00+00:00", "2022-04-27T02:34:15+00:00", "2022-04-27T02:42:22+00:00", "2022-04-27T02:52:59+00:00", "2022-04-27T03:04:08+00:00", "2022-04-27T03:22:15+00:00", "2022-04-27T03:32:15+00:00", "2022-04-27T03:43:19+00:00", "2022-04-27T03:57:19+00:00", "2022-04-27T04:08:24+00:00", "2022-04-27T04:19:19+00:00", "2022-04-27T04:30:25+00:00", "2022-04-27T04:42:28+00:00", "2022-04-27T04:55:07+00:00", "2022-04-27T05:04:00+00:00", "2022-04-27T05:12:28+00:00", "2022-04-27T05:23:21+00:00", "2022-04-27T05:39:00+00:00", "2022-04-27T05:49:21+00:00", "2022-04-27T06:02:30+00:00", "2022-04-27T06:18:53+00:00", "2022-04-27T06:32:32+00:00", "2022-04-27T06:45:22+00:00", "2022-04-27T06:59:09+00:00", "2022-04-27T07:11:22+00:00", "2022-04-27T07:22:34+00:00", "2022-04-27T07:33:31+00:00", "2022-04-27T07:45:23+00:00", "2022-04-27T07:58:53+00:00", "2022-04-27T08:11:23+00:00", "2022-04-27T08:24:47+00:00", "2022-04-27T08:35:23+00:00", "2022-04-27T08:47:23+00:00", "2022-04-27T09:00:54+00:00", "2022-04-27T09:12:38+00:00", "2022-04-27T09:23:27+00:00", "2022-04-27T09:36:12+00:00", "2022-04-27T09:52:41+00:00", "2022-04-27T10:05:10+00:00", "2022-04-27T10:19:10+00:00", "2022-04-27T10:33:15+00:00", "2022-04-27T10:47:10+00:00", "2022-04-27T10:57:10+00:00", "2022-04-27T11:09:10+00:00", "2022-04-27T11:25:56+00:00", "2022-04-27T11:37:13+00:00", "2022-04-27T11:43:23+00:00", "2022-04-27T11:57:10+00:00", "2022-04-27T12:07:15+00:00", "2022-04-27T12:19:39+00:00", "2022-04-27T12:30:32+00:00", "2022-04-27T12:38:35+00:00", "2022-04-27T12:51:11+00:00", "2022-04-27T13:02:13+00:00", "2022-04-27T13:11:45+00:00", "2022-04-27T13:23:11+00:00", "2022-04-27T13:36:36+00:00", "2022-04-27T13:46:16+00:00", "2022-04-27T13:56:20+00:00", "2022-04-27T14:05:20+00:00", "2022-04-27T14:17:11+00:00", "2022-04-27T14:27:11+00:00", "2022-04-27T14:39:27+00:00", "2022-04-27T14:48:26+00:00", "2022-04-27T14:59:51+00:00", "2022-04-27T15:07:30+00:00", "2022-04-27T15:19:12+00:00", "2022-04-27T15:31:12+00:00", "2022-04-27T15:45:07+00:00", "2022-04-27T15:53:03+00:00", "2022-04-27T16:03:12+00:00", "2022-04-27T16:14:31+00:00", "2022-04-27T16:24:44+00:00", "2022-04-27T16:42:03+00:00", "2022-04-27T16:52:15+00:00", "2022-04-27T17:03:12+00:00", "2022-04-27T17:11:35+00:00", "2022-04-27T17:25:09+00:00", "2022-04-27T17:34:49+00:00", "2022-04-27T17:45:12+00:00", "2022-04-27T17:55:38+00:00", "2022-04-27T18:04:30+00:00", "2022-04-27T18:13:06+00:00", "2022-04-27T18:22:45+00:00", "2022-04-27T18:35:12+00:00", "2022-04-27T18:47:45+00:00", "2022-04-27T18:57:45+00:00", "2022-04-27T19:08:56+00:00", "2022-04-27T19:18:00+00:00", "2022-04-27T19:28:00+00:00", "2022-04-27T19:38:02+00:00", "2022-04-27T19:49:02+00:00", "2022-04-27T19:59:04+00:00", "2022-04-27T20:13:14+00:00", "2022-04-27T20:24:51+00:00", "2022-04-27T20:37:14+00:00", "2022-04-27T20:47:04+00:00", "2022-04-27T21:00:06+00:00", "2022-04-27T21:16:06+00:00", "2022-04-27T21:30:06+00:00", "2022-04-27T21:46:06+00:00", "2022-04-27T21:58:07+00:00", "2022-04-27T22:07:17+00:00", "2022-04-27T22:18:11+00:00", "2022-04-27T22:28:11+00:00", "2022-04-27T22:40:14+00:00", "2022-04-27T22:51:20+00:00", "2022-04-27T23:02:51+00:00", "2022-04-27T23:16:17+00:00", "2022-04-27T23:26:21+00:00", "2022-04-27T23:40:15+00:00", "2022-04-27T23:52:08+00:00", "2022-04-28T00:06:21+00:00", "2022-04-28T00:18:21+00:00", "2022-04-28T00:30:15+00:00", "2022-04-28T00:44:25+00:00", "2022-04-28T01:00:27+00:00", "2022-04-28T01:22:26+00:00", "2022-04-28T01:38:26+00:00", "2022-04-28T01:48:26+00:00", "2022-04-28T02:01:32+00:00", "2022-04-28T02:12:26+00:00", "2022-04-28T02:20:49+00:00", "2022-04-28T02:36:39+00:00", "2022-04-28T02:50:32+00:00", "2022-04-28T03:05:17+00:00", "2022-04-28T03:16:08+00:00", "2022-04-28T03:28:51+00:00", "2022-04-28T03:40:36+00:00", "2022-04-28T03:50:37+00:00", "2022-04-28T04:05:07+00:00", "2022-04-28T04:20:38+00:00", "2022-04-28T04:34:33+00:00", "2022-04-28T04:48:29+00:00", "2022-04-28T05:00:40+00:00", "2022-04-28T05:14:29+00:00", "2022-04-28T05:30:13+00:00", "2022-04-28T05:42:29+00:00", "2022-04-28T05:54:15+00:00", "2022-04-28T06:03:45+00:00", "2022-04-28T06:13:32+00:00", "2022-04-28T06:24:45+00:00", "2022-04-28T06:39:45+00:00", "2022-04-28T06:50:45+00:00", "2022-04-28T07:07:27+00:00", "2022-04-28T07:20:45+00:00", "2022-04-28T07:33:14+00:00", "2022-04-28T07:46:31+00:00", "2022-04-28T08:00:45+00:00", "2022-04-28T08:20:31+00:00", "2022-04-28T08:36:37+00:00", "2022-04-28T08:51:55+00:00", "2022-04-28T09:08:02+00:00", "2022-04-28T09:17:42+00:00", "2022-04-28T09:30:31+00:00", "2022-04-28T09:41:37+00:00", "2022-04-28T09:51:17+00:00", "2022-04-28T10:00:58+00:00", "2022-04-28T10:20:45+00:00", "2022-04-28T10:30:31+00:00", "2022-04-28T10:42:34+00:00", "2022-04-28T10:56:31+00:00", "2022-04-28T11:06:31+00:00", "2022-04-28T11:16:39+00:00", "2022-04-28T11:34:07+00:00", "2022-04-28T11:42:10+00:00", "2022-04-28T11:50:38+00:00", "2022-04-28T12:01:12+00:00", "2022-04-28T12:13:59+00:00", "2022-04-28T12:24:03+00:00", "2022-04-28T12:32:31+00:00", "2022-04-28T12:42:31+00:00", "2022-04-28T12:50:30+00:00", "2022-04-28T13:01:00+00:00", "2022-04-28T13:10:31+00:00", "2022-04-28T13:21:15+00:00", "2022-04-28T13:31:59+00:00", "2022-04-28T13:42:31+00:00", "2022-04-28T13:56:05+00:00", "2022-04-28T14:06:45+00:00", "2022-04-28T14:22:12+00:00", "2022-04-28T14:30:13+00:00", "2022-04-28T14:40:13+00:00", "2022-04-28T14:50:13+00:00", "2022-04-28T15:02:14+00:00", "2022-04-28T15:16:14+00:00", "2022-04-28T15:25:44+00:00", "2022-04-28T15:37:33+00:00", "2022-04-28T15:45:11+00:00", "2022-04-28T15:55:47+00:00", "2022-04-28T16:11:34+00:00", "2022-04-28T16:27:38+00:00", "2022-04-28T16:38:20+00:00", "2022-04-28T16:52:00+00:00", "2022-04-28T17:06:19+00:00", "2022-04-28T17:17:24+00:00", "2022-04-28T17:28:22+00:00", "2022-04-28T17:38:22+00:00", "2022-04-28T17:54:00+00:00", "2022-04-28T18:08:15+00:00", "2022-04-28T18:20:15+00:00", "2022-04-28T18:30:15+00:00", "2022-04-28T18:39:57+00:00", "2022-04-28T18:56:15+00:00", "2022-04-28T19:06:47+00:00", "2022-04-28T19:20:00+00:00", "2022-04-28T19:31:37+00:00", "2022-04-28T19:42:15+00:00", "2022-04-28T19:54:18+00:00", "2022-04-28T20:08:18+00:00", "2022-04-28T20:16:18+00:00", "2022-04-28T20:26:18+00:00", "2022-04-28T20:38:18+00:00", "2022-04-28T20:48:30+00:00", "2022-04-28T20:57:55+00:00", "2022-04-28T21:08:12+00:00", "2022-04-28T21:18:12+00:00", "2022-04-28T21:28:18+00:00", "2022-04-28T21:38:30+00:00", "2022-04-28T21:51:36+00:00", "2022-04-28T22:03:05+00:00", "2022-04-28T22:16:23+00:00", "2022-04-28T22:28:30+00:00", "2022-04-28T22:40:54+00:00", "2022-04-28T22:52:23+00:00", "2022-04-28T23:05:04+00:00", "2022-04-28T23:18:30+00:00", "2022-04-28T23:41:48+00:00", "2022-04-28T23:51:18+00:00", "2022-04-29T00:00:34+00:00", "2022-04-29T00:10:34+00:00", "2022-04-29T00:22:34+00:00", "2022-04-29T00:34:34+00:00", "2022-04-29T00:48:30+00:00", "2022-04-29T00:56:34+00:00", "2022-04-29T01:06:34+00:00", "2022-04-29T01:18:34+00:00", "2022-04-29T01:26:34+00:00", "2022-04-29T01:38:49+00:00", "2022-04-29T01:50:35+00:00", "2022-04-29T02:00:58+00:00", "2022-04-29T02:10:35+00:00", "2022-04-29T02:21:02+00:00", "2022-04-29T02:30:35+00:00", "2022-04-29T02:41:54+00:00", "2022-04-29T02:53:56+00:00", "2022-04-29T03:03:50+00:00", "2022-04-29T03:14:35+00:00", "2022-04-29T03:32:35+00:00", "2022-04-29T03:48:35+00:00", "2022-04-29T04:06:35+00:00", "2022-04-29T04:12:35+00:00", "2022-04-29T04:20:41+00:00", "2022-04-29T04:28:45+00:00", "2022-04-29T04:39:13+00:00", "2022-04-29T04:52:38+00:00", "2022-04-29T05:02:35+00:00", "2022-04-29T05:13:18+00:00", "2022-04-29T05:25:07+00:00", "2022-04-29T05:41:21+00:00", "2022-04-29T05:55:43+00:00", "2022-04-29T06:06:35+00:00", "2022-04-29T06:16:36+00:00", "2022-04-29T06:28:30+00:00", "2022-04-29T06:38:02+00:00", "2022-04-29T06:49:00+00:00", "2022-04-29T07:00:03+00:00", "2022-04-29T07:12:36+00:00", "2022-04-29T07:26:36+00:00", "2022-04-29T07:38:36+00:00", "2022-04-29T07:48:14+00:00", "2022-04-29T07:58:36+00:00", "2022-04-29T08:09:08+00:00", "2022-04-29T08:25:33+00:00", "2022-04-29T08:36:36+00:00", "2022-04-29T08:49:00+00:00", "2022-04-29T08:59:00+00:00", "2022-04-29T09:10:55+00:00", "2022-04-29T09:22:44+00:00", "2022-04-29T09:34:37+00:00", "2022-04-29T09:43:25+00:00", "2022-04-29T09:55:22+00:00", "2022-04-29T10:09:00+00:00", "2022-04-29T10:19:14+00:00", "2022-04-29T10:32:37+00:00", "2022-04-29T10:43:09+00:00", "2022-04-29T10:56:37+00:00", "2022-04-29T11:06:38+00:00", "2022-04-29T11:16:38+00:00", "2022-04-29T11:29:15+00:00", "2022-04-29T11:40:38+00:00", "2022-04-29T11:50:38+00:00", "2022-04-29T12:06:38+00:00", "2022-04-29T12:19:19+00:00", "2022-04-29T12:29:20+00:00", "2022-04-29T12:40:29+00:00", "2022-04-29T12:49:21+00:00", "2022-04-29T13:00:29+00:00", "2022-04-29T13:14:38+00:00", "2022-04-29T13:26:38+00:00", "2022-04-29T13:39:23+00:00", "2022-04-29T13:50:38+00:00", "2022-04-29T14:06:32+00:00", "2022-04-29T14:16:38+00:00", "2022-04-29T14:30:38+00:00", "2022-04-29T14:43:03+00:00", "2022-04-29T14:57:49+00:00", "2022-04-29T15:06:38+00:00", "2022-04-29T15:19:15+00:00", "2022-04-29T15:32:12+00:00", "2022-04-29T15:43:12+00:00", "2022-04-29T15:54:38+00:00", "2022-04-29T16:03:29+00:00", "2022-04-29T16:16:38+00:00", "2022-04-29T16:26:38+00:00", "2022-04-29T16:35:50+00:00", "2022-04-29T16:46:38+00:00", "2022-04-29T16:56:06+00:00", "2022-04-29T17:02:25+00:00", "2022-04-29T17:12:21+00:00", "2022-04-29T17:20:16+00:00", "2022-04-29T17:28:19+00:00", "2022-04-29T17:35:18+00:00", "2022-04-29T17:46:38+00:00", "2022-04-29T17:55:10+00:00", "2022-04-29T18:04:38+00:00", "2022-04-29T18:12:21+00:00", "2022-04-29T18:20:38+00:00", "2022-04-29T18:29:30+00:00", "2022-04-29T18:39:38+00:00", "2022-04-29T18:47:39+00:00", "2022-04-29T18:58:38+00:00", "2022-04-29T19:05:31+00:00", "2022-04-29T19:18:33+00:00", "2022-04-29T19:27:40+00:00", "2022-04-29T19:38:39+00:00", "2022-04-29T19:48:13+00:00", "2022-04-29T19:56:25+00:00", "2022-04-29T20:03:48+00:00", "2022-04-29T20:11:59+00:00", "2022-04-29T20:18:39+00:00", "2022-04-29T20:29:45+00:00", "2022-04-29T20:37:22+00:00", "2022-04-29T20:44:12+00:00", "2022-04-29T20:52:48+00:00", "2022-04-29T21:00:19+00:00", "2022-04-29T21:08:55+00:00", "2022-04-29T21:18:11+00:00", "2022-04-29T21:26:46+00:00", "2022-04-29T21:34:50+00:00", "2022-04-29T21:42:05+00:00", "2022-04-29T21:49:55+00:00", "2022-04-29T21:59:45+00:00", "2022-04-29T22:08:59+00:00", "2022-04-29T22:17:18+00:00", "2022-04-29T22:26:34+00:00", "2022-04-29T22:34:59+00:00", "2022-04-29T22:42:59+00:00", "2022-04-29T22:52:20+00:00", "2022-04-29T23:00:24+00:00", "2022-04-29T23:10:04+00:00", "2022-04-29T23:23:45+00:00", "2022-04-29T23:32:36+00:00", "2022-04-29T23:43:28+00:00", "2022-04-29T23:54:49+00:00", "2022-04-30T00:04:28+00:00", "2022-04-30T00:11:18+00:00", "2022-04-30T00:19:13+00:00", "2022-04-30T00:26:20+00:00", "2022-04-30T00:35:01+00:00", "2022-04-30T00:45:40+00:00", "2022-04-30T00:56:16+00:00", "2022-04-30T01:05:23+00:00", "2022-04-30T01:15:01+00:00", "2022-04-30T01:26:12+00:00", "2022-04-30T01:36:48+00:00", "2022-04-30T01:45:07+00:00", "2022-04-30T01:54:22+00:00", "2022-04-30T02:01:53+00:00", "2022-04-30T02:10:13+00:00", "2022-04-30T02:19:04+00:00", "2022-04-30T02:28:15+00:00", "2022-04-30T02:37:07+00:00", "2022-04-30T02:44:15+00:00", "2022-04-30T02:53:07+00:00", "2022-04-30T03:01:21+00:00", "2022-04-30T03:10:45+00:00", "2022-04-30T03:27:45+00:00", "2022-04-30T03:40:07+00:00", "2022-04-30T03:49:17+00:00", "2022-04-30T04:00:00+00:00", "2022-04-30T04:07:19+00:00", "2022-04-30T04:15:19+00:00", "2022-04-30T04:23:26+00:00", "2022-04-30T04:31:53+00:00", "2022-04-30T04:40:36+00:00", "2022-04-30T04:48:48+00:00", "2022-04-30T04:57:24+00:00", "2022-04-30T05:05:34+00:00", "2022-04-30T05:13:46+00:00", "2022-04-30T05:23:24+00:00", "2022-04-30T05:31:20+00:00", "2022-04-30T05:41:16+00:00", "2022-04-30T05:49:24+00:00", "2022-04-30T05:59:24+00:00", "2022-04-30T06:06:05+00:00", "2022-04-30T06:15:24+00:00", "2022-04-30T06:23:29+00:00", "2022-04-30T06:31:24+00:00", "2022-04-30T06:39:27+00:00", "2022-04-30T06:49:24+00:00", "2022-04-30T06:57:24+00:00", "2022-04-30T07:06:10+00:00", "2022-04-30T07:15:25+00:00", "2022-04-30T07:23:28+00:00", "2022-04-30T07:32:12+00:00", "2022-04-30T07:40:18+00:00", "2022-04-30T07:48:19+00:00", "2022-04-30T07:59:29+00:00", "2022-04-30T08:06:02+00:00", "2022-04-30T08:15:17+00:00", "2022-04-30T08:24:33+00:00", "2022-04-30T08:33:29+00:00", "2022-04-30T08:40:56+00:00", "2022-04-30T08:51:24+00:00", "2022-04-30T09:00:15+00:00", "2022-04-30T09:10:15+00:00", "2022-04-30T09:19:43+00:00", "2022-04-30T09:27:50+00:00", "2022-04-30T09:39:36+00:00", "2022-04-30T09:49:58+00:00", "2022-04-30T09:58:16+00:00", "2022-04-30T10:07:40+00:00", "2022-04-30T10:21:14+00:00", "2022-04-30T10:31:58+00:00", "2022-04-30T10:41:46+00:00", "2022-04-30T10:52:31+00:00", "2022-04-30T11:02:04+00:00", "2022-04-30T11:13:59+00:00", "2022-04-30T11:25:58+00:00", "2022-04-30T11:35:59+00:00", "2022-04-30T11:49:28+00:00", "2022-04-30T11:57:56+00:00", "2022-04-30T12:11:59+00:00", "2022-04-30T12:22:07+00:00", "2022-04-30T12:31:59+00:00", "2022-04-30T12:42:09+00:00", "2022-04-30T12:52:09+00:00", "2022-04-30T13:03:29+00:00", "2022-04-30T13:12:10+00:00", "2022-04-30T13:23:59+00:00", "2022-04-30T13:33:30+00:00", "2022-04-30T13:42:50+00:00", "2022-04-30T13:51:59+00:00", "2022-04-30T14:02:02+00:00", "2022-04-30T14:10:22+00:00", "2022-04-30T14:20:58+00:00", "2022-04-30T14:30:06+00:00", "2022-04-30T14:37:59+00:00", "2022-04-30T14:47:15+00:00", "2022-04-30T14:54:41+00:00", "2022-04-30T15:06:45+00:00", "2022-04-30T15:15:38+00:00", "2022-04-30T15:23:59+00:00", "2022-04-30T15:33:59+00:00", "2022-04-30T15:42:17+00:00", "2022-04-30T15:52:51+00:00", "2022-04-30T16:02:19+00:00", "2022-04-30T16:15:17+00:00", "2022-04-30T16:25:21+00:00", "2022-04-30T16:35:59+00:00", "2022-04-30T16:43:59+00:00", "2022-04-30T16:52:20+00:00", "2022-04-30T17:05:54+00:00", "2022-04-30T17:13:59+00:00", "2022-04-30T17:23:30+00:00", "2022-04-30T17:33:34+00:00", "2022-04-30T17:47:48+00:00", "2022-04-30T17:57:36+00:00", "2022-04-30T18:06:28+00:00", "2022-04-30T18:15:28+00:00", "2022-04-30T18:25:32+00:00", "2022-04-30T18:35:36+00:00", "2022-04-30T18:43:15+00:00", "2022-04-30T18:53:28+00:00", "2022-04-30T19:10:00+00:00", "2022-04-30T19:24:00+00:00", "2022-04-30T19:41:08+00:00", "2022-04-30T19:54:50+00:00", "2022-04-30T20:03:50+00:00", "2022-04-30T20:12:30+00:00", "2022-04-30T20:21:58+00:00", "2022-04-30T20:29:53+00:00", "2022-04-30T20:39:41+00:00", "2022-04-30T20:49:13+00:00", "2022-04-30T20:57:33+00:00", "2022-04-30T21:08:25+00:00", "2022-04-30T21:18:29+00:00", "2022-04-30T21:32:00+00:00", "2022-04-30T21:42:30+00:00", "2022-04-30T21:51:56+00:00", "2022-04-30T22:02:30+00:00", "2022-04-30T22:14:00+00:00", "2022-04-30T22:28:00+00:00", "2022-04-30T22:38:00+00:00", "2022-04-30T22:48:00+00:00", "2022-04-30T22:59:28+00:00", "2022-04-30T23:10:13+00:00", "2022-04-30T23:22:30+00:00", "2022-04-30T23:33:10+00:00", "2022-04-30T23:42:00+00:00", "2022-04-30T23:52:00+00:00", "2022-05-01T00:00:59+00:00", "2022-05-01T00:10:15+00:00", "2022-05-01T00:20:27+00:00", "2022-05-01T00:30:23+00:00", "2022-05-01T00:42:47+00:00", "2022-05-01T00:56:04+00:00", "2022-05-01T01:08:04+00:00", "2022-05-01T01:21:40+00:00", "2022-05-01T01:34:09+00:00", "2022-05-01T01:47:11+00:00", "2022-05-01T01:59:23+00:00", "2022-05-01T02:14:07+00:00", "2022-05-01T02:29:51+00:00", "2022-05-01T02:44:07+00:00", "2022-05-01T02:56:08+00:00", "2022-05-01T03:12:45+00:00", "2022-05-01T03:30:08+00:00", "2022-05-01T03:42:54+00:00", "2022-05-01T03:55:57+00:00", "2022-05-01T04:07:06+00:00", "2022-05-01T04:23:53+00:00", "2022-05-01T04:34:36+00:00", "2022-05-01T04:48:28+00:00", "2022-05-01T05:06:11+00:00", "2022-05-01T05:15:51+00:00", "2022-05-01T05:28:04+00:00", "2022-05-01T05:38:57+00:00", "2022-05-01T05:51:50+00:00", "2022-05-01T06:05:14+00:00", "2022-05-01T06:20:37+00:00", "2022-05-01T06:33:00+00:00", "2022-05-01T06:46:37+00:00", "2022-05-01T06:59:41+00:00", "2022-05-01T07:11:54+00:00", "2022-05-01T07:22:38+00:00", "2022-05-01T07:33:47+00:00", "2022-05-01T07:44:38+00:00", "2022-05-01T07:59:02+00:00", "2022-05-01T08:10:38+00:00", "2022-05-01T08:23:00+00:00", "2022-05-01T08:36:38+00:00", "2022-05-01T08:47:22+00:00", "2022-05-01T09:00:38+00:00", "2022-05-01T09:10:51+00:00", "2022-05-01T09:23:00+00:00", "2022-05-01T09:34:05+00:00", "2022-05-01T09:44:09+00:00", "2022-05-01T09:53:01+00:00", "2022-05-01T10:04:53+00:00", "2022-05-01T10:20:41+00:00", "2022-05-01T10:31:42+00:00", "2022-05-01T10:40:17+00:00", "2022-05-01T10:52:45+00:00", "2022-05-01T11:02:54+00:00", "2022-05-01T11:12:58+00:00", "2022-05-01T11:22:54+00:00", "2022-05-01T11:32:54+00:00", "2022-05-01T11:44:41+00:00", "2022-05-01T11:54:54+00:00", "2022-05-01T12:04:54+00:00", "2022-05-01T12:13:58+00:00", "2022-05-01T12:27:40+00:00", "2022-05-01T12:38:08+00:00", "2022-05-01T12:53:00+00:00", "2022-05-01T13:03:03+00:00", "2022-05-01T13:18:54+00:00", "2022-05-01T13:31:34+00:00", "2022-05-01T13:40:50+00:00", "2022-05-01T13:52:07+00:00", "2022-05-01T14:00:54+00:00", "2022-05-01T14:13:00+00:00", "2022-05-01T14:24:20+00:00", "2022-05-01T14:36:15+00:00", "2022-05-01T14:44:54+00:00", "2022-05-01T14:56:01+00:00", "2022-05-01T15:09:51+00:00", "2022-05-01T15:22:54+00:00", "2022-05-01T15:34:34+00:00", "2022-05-01T15:45:26+00:00", "2022-05-01T15:58:54+00:00", "2022-05-01T16:11:45+00:00", "2022-05-01T16:21:42+00:00", "2022-05-01T16:33:15+00:00", "2022-05-01T16:46:54+00:00", "2022-05-01T17:02:39+00:00", "2022-05-01T17:13:45+00:00", "2022-05-01T17:24:54+00:00", "2022-05-01T17:36:55+00:00", "2022-05-01T17:48:43+00:00", "2022-05-01T18:02:17+00:00", "2022-05-01T18:15:26+00:00", "2022-05-01T18:29:01+00:00", "2022-05-01T18:42:02+00:00", "2022-05-01T18:53:15+00:00", "2022-05-01T19:06:20+00:00", "2022-05-01T19:19:22+00:00", "2022-05-01T19:30:55+00:00", "2022-05-01T19:43:15+00:00", "2022-05-01T19:58:42+00:00", "2022-05-01T20:13:12+00:00", "2022-05-01T20:24:55+00:00", "2022-05-01T20:38:55+00:00", "2022-05-01T20:52:55+00:00", "2022-05-01T21:08:32+00:00", "2022-05-01T21:18:55+00:00", "2022-05-01T21:30:55+00:00", "2022-05-01T21:43:30+00:00", "2022-05-01T21:54:55+00:00", "2022-05-01T22:08:01+00:00", "2022-05-01T22:19:25+00:00", "2022-05-01T22:31:54+00:00", "2022-05-01T22:40:56+00:00", "2022-05-01T22:52:34+00:00", "2022-05-01T23:03:30+00:00", "2022-05-01T23:15:31+00:00", "2022-05-01T23:26:56+00:00", "2022-05-01T23:38:52+00:00", "2022-05-01T23:46:51+00:00", "2022-05-01T23:58:00+00:00", "2022-05-02T00:13:37+00:00", "2022-05-02T00:30:57+00:00", "2022-05-02T00:42:57+00:00", "2022-05-02T00:53:39+00:00", "2022-05-02T01:04:57+00:00", "2022-05-02T01:20:02+00:00", "2022-05-02T01:32:31+00:00", "2022-05-02T01:45:49+00:00", "2022-05-02T02:02:57+00:00", "2022-05-02T02:14:57+00:00", "2022-05-02T02:28:57+00:00", "2022-05-02T02:43:45+00:00", "2022-05-02T02:57:15+00:00", "2022-05-02T03:10:00+00:00", "2022-05-02T03:23:45+00:00", "2022-05-02T03:38:41+00:00", "2022-05-02T03:52:28+00:00", "2022-05-02T04:03:50+00:00", "2022-05-02T04:13:51+00:00", "2022-05-02T04:22:58+00:00", "2022-05-02T04:33:45+00:00", "2022-05-02T04:47:30+00:00", "2022-05-02T04:56:58+00:00", "2022-05-02T05:08:58+00:00", "2022-05-02T05:20:58+00:00", "2022-05-02T05:29:18+00:00", "2022-05-02T05:42:59+00:00", "2022-05-02T05:53:22+00:00", "2022-05-02T06:01:31+00:00", "2022-05-02T06:10:59+00:00", "2022-05-02T06:21:27+00:00", "2022-05-02T06:33:57+00:00", "2022-05-02T06:45:15+00:00", "2022-05-02T06:55:08+00:00", "2022-05-02T07:07:46+00:00", "2022-05-02T07:17:46+00:00", "2022-05-02T07:24:49+00:00", "2022-05-02T07:35:46+00:00", "2022-05-02T07:44:37+00:00", "2022-05-02T07:52:14+00:00", "2022-05-02T08:03:46+00:00", "2022-05-02T08:10:49+00:00", "2022-05-02T08:19:46+00:00", "2022-05-02T08:29:46+00:00", "2022-05-02T08:37:46+00:00", "2022-05-02T08:45:34+00:00", "2022-05-02T08:54:24+00:00", "2022-05-02T09:05:38+00:00", "2022-05-02T09:17:46+00:00", "2022-05-02T09:29:46+00:00", "2022-05-02T09:36:15+00:00", "2022-05-02T09:44:07+00:00", "2022-05-02T09:55:22+00:00", "2022-05-02T10:03:46+00:00", "2022-05-02T10:12:14+00:00", "2022-05-02T10:20:15+00:00", "2022-05-02T10:29:21+00:00", "2022-05-02T10:38:19+00:00", "2022-05-02T10:45:00+00:00", "2022-05-02T10:55:50+00:00", "2022-05-02T11:04:00+00:00", "2022-05-02T11:12:49+00:00", "2022-05-02T11:21:14+00:00", "2022-05-02T11:27:23+00:00", "2022-05-02T11:37:41+00:00", "2022-05-02T11:46:39+00:00", "2022-05-02T11:54:13+00:00", "2022-05-02T12:04:14+00:00", "2022-05-02T12:11:46+00:00", "2022-05-02T12:19:46+00:00", "2022-05-02T12:27:10+00:00", "2022-05-02T12:36:55+00:00", "2022-05-02T12:44:00+00:00", "2022-05-02T12:53:06+00:00", "2022-05-02T13:00:19+00:00", "2022-05-02T13:07:57+00:00", "2022-05-02T13:14:38+00:00", "2022-05-02T13:24:48+00:00", "2022-05-02T13:33:29+00:00", "2022-05-02T13:41:15+00:00", "2022-05-02T13:49:46+00:00", "2022-05-02T13:57:17+00:00", "2022-05-02T14:08:39+00:00", "2022-05-02T14:16:57+00:00", "2022-05-02T14:26:02+00:00", "2022-05-02T14:34:15+00:00", "2022-05-02T14:42:53+00:00", "2022-05-02T14:51:10+00:00", "2022-05-02T14:58:08+00:00", "2022-05-02T15:08:01+00:00", "2022-05-02T15:16:43+00:00", "2022-05-02T15:24:15+00:00", "2022-05-02T15:33:47+00:00", "2022-05-02T15:41:03+00:00", "2022-05-02T15:49:28+00:00", "2022-05-02T15:57:45+00:00", "2022-05-02T16:06:11+00:00", "2022-05-02T16:15:01+00:00", "2022-05-02T16:24:15+00:00", "2022-05-02T16:33:20+00:00", "2022-05-02T16:44:15+00:00", "2022-05-02T16:52:35+00:00", "2022-05-02T17:03:01+00:00", "2022-05-02T17:09:58+00:00", "2022-05-02T17:18:39+00:00", "2022-05-02T17:26:08+00:00", "2022-05-02T17:34:30+00:00", "2022-05-02T17:43:52+00:00", "2022-05-02T17:51:52+00:00", "2022-05-02T17:59:34+00:00", "2022-05-02T18:06:31+00:00", "2022-05-02T18:14:35+00:00", "2022-05-02T18:23:22+00:00", "2022-05-02T18:32:03+00:00", "2022-05-02T18:41:01+00:00", "2022-05-02T18:50:23+00:00", "2022-05-02T18:57:52+00:00", "2022-05-02T19:08:50+00:00", "2022-05-02T19:15:55+00:00", "2022-05-02T19:25:17+00:00", "2022-05-02T19:35:59+00:00", "2022-05-02T19:47:05+00:00", "2022-05-02T19:55:06+00:00", "2022-05-02T20:04:40+00:00", "2022-05-02T20:14:30+00:00", "2022-05-02T20:23:03+00:00", "2022-05-02T20:32:01+00:00", "2022-05-02T20:43:07+00:00", "2022-05-02T20:52:21+00:00", "2022-05-02T21:01:10+00:00", "2022-05-02T21:09:11+00:00", "2022-05-02T21:18:17+00:00", "2022-05-02T21:26:02+00:00", "2022-05-02T21:34:45+00:00", "2022-05-02T21:42:05+00:00", "2022-05-02T21:49:10+00:00", "2022-05-02T21:58:00+00:00", "2022-05-02T22:07:05+00:00", "2022-05-02T22:14:47+00:00", "2022-05-02T22:25:09+00:00", "2022-05-02T22:34:27+00:00", "2022-05-02T22:43:36+00:00", "2022-05-02T22:50:50+00:00", "2022-05-02T22:58:50+00:00", "2022-05-02T23:07:45+00:00", "2022-05-02T23:14:45+00:00", "2022-05-02T23:30:37+00:00", "2022-05-02T23:42:37+00:00", "2022-05-02T23:50:09+00:00", "2022-05-02T23:58:37+00:00", "2022-05-03T00:10:37+00:00", "2022-05-03T00:20:45+00:00", "2022-05-03T00:30:38+00:00", "2022-05-03T00:38:43+00:00", "2022-05-03T00:47:08+00:00", "2022-05-03T00:56:37+00:00", "2022-05-03T01:05:58+00:00", "2022-05-03T01:16:47+00:00", "2022-05-03T01:28:24+00:00", "2022-05-03T01:36:47+00:00", "2022-05-03T01:46:01+00:00", "2022-05-03T01:55:38+00:00", "2022-05-03T02:02:51+00:00", "2022-05-03T02:14:28+00:00", "2022-05-03T02:22:45+00:00", "2022-05-03T02:32:57+00:00", "2022-05-03T02:45:00+00:00", "2022-05-03T02:54:57+00:00", "2022-05-03T03:03:16+00:00", "2022-05-03T03:17:02+00:00", "2022-05-03T03:35:02+00:00", "2022-05-03T03:45:00+00:00", "2022-05-03T03:55:10+00:00", "2022-05-03T04:05:24+00:00", "2022-05-03T04:13:51+00:00", "2022-05-03T04:25:00+00:00", "2022-05-03T04:33:10+00:00", "2022-05-03T04:43:04+00:00", "2022-05-03T04:56:08+00:00", "2022-05-03T05:09:25+00:00", "2022-05-03T05:21:54+00:00", "2022-05-03T05:33:04+00:00", "2022-05-03T05:42:35+00:00", "2022-05-03T05:54:15+00:00", "2022-05-03T06:01:31+00:00", "2022-05-03T06:09:40+00:00", "2022-05-03T06:23:03+00:00", "2022-05-03T06:33:05+00:00", "2022-05-03T06:43:43+00:00", "2022-05-03T06:51:54+00:00", "2022-05-03T07:05:20+00:00", "2022-05-03T07:14:52+00:00", "2022-05-03T07:25:05+00:00", "2022-05-03T07:35:40+00:00", "2022-05-03T07:45:05+00:00", "2022-05-03T07:55:05+00:00", "2022-05-03T08:06:58+00:00", "2022-05-03T08:15:24+00:00", "2022-05-03T08:24:18+00:00", "2022-05-03T08:32:05+00:00", "2022-05-03T08:39:04+00:00", "2022-05-03T08:45:30+00:00", "2022-05-03T08:53:10+00:00", "2022-05-03T09:03:23+00:00", "2022-05-03T09:12:39+00:00", "2022-05-03T09:21:15+00:00", "2022-05-03T09:29:43+00:00", "2022-05-03T09:38:18+00:00", "2022-05-03T09:47:05+00:00", "2022-05-03T09:55:22+00:00", "2022-05-03T10:05:34+00:00", "2022-05-03T10:12:42+00:00", "2022-05-03T10:19:41+00:00", "2022-05-03T10:27:52+00:00", "2022-05-03T10:36:20+00:00", "2022-05-03T10:45:12+00:00", "2022-05-03T10:52:27+00:00", "2022-05-03T10:59:43+00:00", "2022-05-03T11:06:34+00:00", "2022-05-03T11:13:41+00:00", "2022-05-03T11:21:20+00:00", "2022-05-03T11:30:04+00:00", "2022-05-03T11:37:52+00:00", "2022-05-03T11:46:36+00:00", "2022-05-03T11:55:11+00:00", "2022-05-03T12:03:05+00:00", "2022-05-03T12:09:50+00:00", "2022-05-03T12:19:22+00:00", "2022-05-03T12:27:09+00:00", "2022-05-03T12:35:30+00:00", "2022-05-03T12:44:45+00:00", "2022-05-03T12:51:28+00:00", "2022-05-03T13:00:20+00:00", "2022-05-03T13:08:24+00:00", "2022-05-03T13:19:33+00:00", "2022-05-03T13:27:13+00:00", "2022-05-03T13:35:30+00:00", "2022-05-03T13:44:48+00:00", "2022-05-03T13:53:40+00:00", "2022-05-03T14:01:05+00:00", "2022-05-03T14:07:30+00:00", "2022-05-03T14:15:05+00:00", "2022-05-03T14:23:28+00:00", "2022-05-03T14:32:44+00:00", "2022-05-03T14:41:05+00:00", "2022-05-03T14:51:00+00:00", "2022-05-03T14:59:36+00:00", "2022-05-03T15:08:36+00:00", "2022-05-03T15:17:05+00:00", "2022-05-03T15:24:18+00:00", "2022-05-03T15:31:50+00:00", "2022-05-03T15:41:05+00:00", "2022-05-03T15:48:21+00:00", "2022-05-03T15:56:08+00:00", "2022-05-03T16:03:47+00:00", "2022-05-03T16:11:51+00:00", "2022-05-03T16:17:13+00:00", "2022-05-03T16:25:46+00:00", "2022-05-03T16:31:10+00:00", "2022-05-03T16:39:14+00:00", "2022-05-03T16:46:21+00:00", "2022-05-03T16:53:05+00:00", "2022-05-03T17:02:36+00:00", "2022-05-03T17:12:17+00:00", "2022-05-03T17:19:05+00:00", "2022-05-03T17:27:05+00:00", "2022-05-03T17:37:05+00:00", "2022-05-03T17:46:24+00:00", "2022-05-03T17:56:04+00:00", "2022-05-03T18:08:49+00:00", "2022-05-03T18:15:54+00:00", "2022-05-03T18:24:23+00:00", "2022-05-03T18:32:51+00:00", "2022-05-03T18:40:34+00:00", "2022-05-03T18:49:13+00:00", "2022-05-03T19:04:40+00:00", "2022-05-03T19:12:19+00:00", "2022-05-03T19:22:39+00:00", "2022-05-03T19:31:00+00:00", "2022-05-03T19:39:05+00:00", "2022-05-03T19:49:30+00:00", "2022-05-03T19:57:49+00:00", "2022-05-03T20:10:03+00:00", "2022-05-03T20:17:05+00:00", "2022-05-03T20:27:15+00:00", "2022-05-03T20:35:51+00:00", "2022-05-03T20:47:15+00:00", "2022-05-03T20:58:40+00:00", "2022-05-03T21:08:12+00:00", "2022-05-03T21:16:04+00:00", "2022-05-03T21:25:55+00:00", "2022-05-03T21:36:00+00:00", "2022-05-03T21:46:00+00:00", "2022-05-03T21:56:00+00:00", "2022-05-03T22:04:04+00:00", "2022-05-03T22:13:35+00:00", "2022-05-03T22:23:48+00:00", "2022-05-03T22:33:12+00:00", "2022-05-03T22:44:20+00:00", "2022-05-03T22:56:10+00:00", "2022-05-03T23:09:12+00:00", "2022-05-03T23:18:11+00:00", "2022-05-03T23:26:55+00:00", "2022-05-03T23:35:41+00:00", "2022-05-03T23:43:12+00:00", "2022-05-03T23:53:33+00:00", "2022-05-04T00:02:33+00:00", "2022-05-04T00:13:12+00:00", "2022-05-04T00:26:00+00:00", "2022-05-04T00:32:14+00:00", "2022-05-04T00:40:25+00:00", "2022-05-04T00:49:16+00:00", "2022-05-04T01:01:12+00:00", "2022-05-04T01:12:06+00:00", "2022-05-04T01:21:38+00:00", "2022-05-04T01:31:18+00:00", "2022-05-04T01:42:59+00:00", "2022-05-04T01:54:00+00:00", "2022-05-04T02:03:00+00:00", "2022-05-04T02:12:40+00:00", "2022-05-04T02:18:58+00:00", "2022-05-04T02:28:46+00:00", "2022-05-04T02:35:17+00:00", "2022-05-04T02:45:33+00:00", "2022-05-04T02:54:41+00:00", "2022-05-04T03:04:30+00:00", "2022-05-04T03:13:17+00:00", "2022-05-04T03:26:25+00:00", "2022-05-04T03:36:39+00:00", "2022-05-04T03:44:16+00:00", "2022-05-04T03:51:22+00:00", "2022-05-04T04:01:17+00:00", "2022-05-04T04:07:57+00:00", "2022-05-04T04:17:03+00:00", "2022-05-04T04:23:36+00:00", "2022-05-04T04:31:56+00:00", "2022-05-04T04:41:17+00:00", "2022-05-04T04:49:17+00:00", "2022-05-04T04:57:02+00:00", "2022-05-04T05:06:29+00:00", "2022-05-04T05:15:17+00:00", "2022-05-04T05:22:40+00:00", "2022-05-04T05:31:17+00:00", "2022-05-04T05:37:35+00:00", "2022-05-04T05:47:07+00:00", "2022-05-04T05:55:35+00:00", "2022-05-04T06:02:33+00:00", "2022-05-04T06:12:03+00:00", "2022-05-04T06:19:16+00:00", "2022-05-04T06:30:40+00:00", "2022-05-04T06:37:17+00:00", "2022-05-04T06:45:17+00:00", "2022-05-04T06:53:17+00:00", "2022-05-04T07:00:45+00:00", "2022-05-04T07:08:32+00:00", "2022-05-04T07:16:19+00:00", "2022-05-04T07:25:35+00:00", "2022-05-04T07:35:39+00:00", "2022-05-04T07:44:54+00:00", "2022-05-04T07:51:20+00:00", "2022-05-04T08:01:20+00:00", "2022-05-04T08:09:37+00:00", "2022-05-04T08:18:04+00:00", "2022-05-04T08:27:28+00:00", "2022-05-04T08:36:38+00:00", "2022-05-04T08:48:33+00:00", "2022-05-04T09:00:14+00:00", "2022-05-04T09:08:25+00:00", "2022-05-04T09:17:20+00:00", "2022-05-04T09:27:06+00:00", "2022-05-04T09:36:14+00:00", "2022-05-04T09:45:29+00:00", "2022-05-04T09:56:13+00:00", "2022-05-04T10:07:30+00:00", "2022-05-04T10:16:43+00:00", "2022-05-04T10:26:30+00:00", "2022-05-04T10:37:09+00:00", "2022-05-04T10:46:43+00:00", "2022-05-04T10:56:05+00:00", "2022-05-04T11:05:37+00:00", "2022-05-04T11:15:32+00:00", "2022-05-04T11:26:41+00:00", "2022-05-04T11:36:45+00:00", "2022-05-04T11:46:46+00:00", "2022-05-04T11:56:12+00:00", "2022-05-04T12:06:47+00:00", "2022-05-04T12:16:47+00:00", "2022-05-04T12:26:17+00:00", "2022-05-04T12:36:29+00:00", "2022-05-04T12:45:52+00:00", "2022-05-04T12:56:45+00:00", "2022-05-04T13:06:45+00:00", "2022-05-04T13:18:14+00:00", "2022-05-04T13:28:10+00:00", "2022-05-04T13:41:23+00:00", "2022-05-04T13:54:13+00:00", "2022-05-04T14:02:41+00:00", "2022-05-04T14:12:21+00:00", "2022-05-04T14:24:42+00:00", "2022-05-04T14:31:41+00:00", "2022-05-04T14:43:46+00:00", "2022-05-04T14:55:35+00:00", "2022-05-04T15:05:16+00:00", "2022-05-04T15:15:28+00:00", "2022-05-04T15:25:30+00:00", "2022-05-04T15:36:17+00:00", "2022-05-04T15:44:21+00:00", "2022-05-04T15:52:32+00:00", "2022-05-04T16:03:30+00:00", "2022-05-04T16:15:30+00:00", "2022-05-04T16:26:31+00:00", "2022-05-04T16:36:45+00:00", "2022-05-04T16:46:40+00:00", "2022-05-04T16:55:30+00:00", "2022-05-04T17:05:52+00:00", "2022-05-04T17:17:00+00:00", "2022-05-04T17:27:30+00:00", "2022-05-04T17:38:36+00:00", "2022-05-04T17:52:30+00:00", "2022-05-04T18:03:13+00:00", "2022-05-04T18:14:51+00:00", "2022-05-04T18:24:13+00:00", "2022-05-04T18:35:19+00:00", "2022-05-04T18:43:30+00:00", "2022-05-04T18:57:00+00:00", "2022-05-04T19:04:13+00:00", "2022-05-04T19:15:27+00:00", "2022-05-04T19:25:45+00:00", "2022-05-04T19:35:55+00:00", "2022-05-04T19:46:05+00:00", "2022-05-04T19:54:31+00:00", "2022-05-04T20:03:30+00:00", "2022-05-04T20:12:35+00:00", "2022-05-04T20:22:53+00:00", "2022-05-04T20:30:14+00:00", "2022-05-04T20:40:00+00:00", "2022-05-04T20:47:46+00:00", "2022-05-04T20:57:30+00:00", "2022-05-04T21:07:15+00:00", "2022-05-04T21:17:20+00:00", "2022-05-04T21:28:11+00:00", "2022-05-04T21:37:21+00:00", "2022-05-04T21:53:29+00:00", "2022-05-04T22:04:35+00:00", "2022-05-04T22:13:41+00:00", "2022-05-04T22:23:30+00:00", "2022-05-04T22:32:17+00:00", "2022-05-04T22:43:33+00:00", "2022-05-04T22:50:53+00:00", "2022-05-04T23:00:22+00:00", "2022-05-04T23:09:04+00:00", "2022-05-04T23:20:26+00:00", "2022-05-04T23:29:24+00:00", "2022-05-04T23:37:58+00:00", "2022-05-04T23:47:03+00:00", "2022-05-04T23:57:15+00:00", "2022-05-05T00:07:34+00:00", "2022-05-05T00:17:28+00:00", "2022-05-05T00:26:06+00:00", "2022-05-05T00:37:15+00:00", "2022-05-05T00:47:30+00:00", "2022-05-05T00:57:31+00:00", "2022-05-05T01:06:47+00:00", "2022-05-05T01:14:56+00:00", "2022-05-05T01:27:30+00:00", "2022-05-05T01:37:33+00:00", "2022-05-05T01:46:12+00:00", "2022-05-05T01:57:30+00:00", "2022-05-05T02:06:46+00:00", "2022-05-05T02:17:30+00:00", "2022-05-05T02:27:59+00:00", "2022-05-05T02:36:11+00:00", "2022-05-05T02:45:03+00:00", "2022-05-05T02:55:39+00:00", "2022-05-05T03:05:04+00:00", "2022-05-05T03:19:39+00:00", "2022-05-05T03:31:39+00:00", "2022-05-05T03:39:11+00:00", "2022-05-05T03:47:39+00:00", "2022-05-05T04:05:15+00:00", "2022-05-05T04:17:39+00:00", "2022-05-05T04:27:39+00:00", "2022-05-05T04:38:25+00:00", "2022-05-05T04:47:39+00:00", "2022-05-05T04:57:05+00:00", "2022-05-05T05:05:39+00:00", "2022-05-05T05:16:34+00:00", "2022-05-05T05:26:22+00:00", "2022-05-05T05:35:14+00:00", "2022-05-05T05:43:39+00:00", "2022-05-05T05:49:39+00:00", "2022-05-05T05:57:45+00:00", "2022-05-05T06:04:06+00:00", "2022-05-05T06:13:28+00:00", "2022-05-05T06:21:13+00:00", "2022-05-05T06:30:45+00:00", "2022-05-05T06:39:29+00:00", "2022-05-05T06:46:28+00:00", "2022-05-05T06:53:28+00:00", "2022-05-05T07:00:10+00:00", "2022-05-05T07:09:27+00:00", "2022-05-05T07:17:45+00:00", "2022-05-05T07:24:05+00:00", "2022-05-05T07:31:39+00:00", "2022-05-05T07:38:44+00:00", "2022-05-05T07:47:43+00:00", "2022-05-05T07:56:51+00:00", "2022-05-05T08:09:45+00:00", "2022-05-05T08:17:24+00:00", "2022-05-05T08:24:56+00:00", "2022-05-05T08:31:22+00:00", "2022-05-05T08:40:30+00:00", "2022-05-05T08:47:56+00:00", "2022-05-05T08:55:25+00:00", "2022-05-05T09:02:40+00:00", "2022-05-05T09:11:00+00:00", "2022-05-05T09:17:18+00:00", "2022-05-05T09:24:49+00:00", "2022-05-05T09:33:39+00:00", "2022-05-05T09:46:59+00:00", "2022-05-05T09:56:07+00:00", "2022-05-05T10:07:39+00:00", "2022-05-05T10:18:00+00:00", "2022-05-05T10:31:26+00:00", "2022-05-05T10:45:39+00:00", "2022-05-05T10:56:49+00:00", "2022-05-05T11:07:39+00:00", "2022-05-05T11:20:03+00:00", "2022-05-05T11:31:40+00:00", "2022-05-05T11:43:40+00:00", "2022-05-05T11:57:14+00:00", "2022-05-05T12:08:00+00:00", "2022-05-05T12:21:40+00:00", "2022-05-05T12:32:10+00:00", "2022-05-05T12:42:23+00:00", "2022-05-05T12:53:56+00:00", "2022-05-05T13:05:37+00:00", "2022-05-05T13:18:00+00:00", "2022-05-05T13:28:12+00:00", "2022-05-05T13:41:40+00:00", "2022-05-05T13:53:46+00:00", "2022-05-05T14:07:14+00:00", "2022-05-05T14:17:59+00:00", "2022-05-05T14:28:15+00:00", "2022-05-05T14:39:40+00:00", "2022-05-05T14:48:17+00:00", "2022-05-05T15:02:54+00:00", "2022-05-05T15:12:49+00:00", "2022-05-05T15:25:40+00:00", "2022-05-05T15:40:34+00:00", "2022-05-05T15:50:05+00:00", "2022-05-05T16:03:52+00:00", "2022-05-05T16:13:52+00:00", "2022-05-05T16:28:25+00:00", "2022-05-05T16:41:52+00:00", "2022-05-05T16:52:01+00:00", "2022-05-05T17:05:17+00:00", "2022-05-05T17:15:52+00:00", "2022-05-05T17:26:28+00:00", "2022-05-05T17:39:37+00:00", "2022-05-05T17:51:33+00:00", "2022-05-05T18:01:20+00:00", "2022-05-05T18:12:27+00:00", "2022-05-05T18:26:00+00:00", "2022-05-05T18:36:00+00:00", "2022-05-05T18:48:07+00:00", "2022-05-05T18:58:35+00:00", "2022-05-05T19:14:04+00:00", "2022-05-05T19:28:30+00:00", "2022-05-05T19:40:37+00:00", "2022-05-05T19:58:30+00:00", "2022-05-05T20:08:12+00:00", "2022-05-05T20:16:16+00:00", "2022-05-05T20:24:08+00:00", "2022-05-05T20:32:52+00:00", "2022-05-05T20:43:26+00:00", "2022-05-05T20:54:08+00:00", "2022-05-05T21:08:26+00:00", "2022-05-05T21:18:36+00:00", "2022-05-05T21:28:44+00:00", "2022-05-05T21:40:56+00:00", "2022-05-05T21:50:13+00:00", "2022-05-05T21:58:45+00:00", "2022-05-24T23:25:36+00:00", "2022-05-24T23:44:44+00:00", "2022-05-24T23:56:46+00:00", "2022-05-25T00:11:09+00:00", "2022-05-25T00:23:42+00:00", "2022-05-25T00:37:36+00:00", "2022-05-28T17:26:25+00:00", "2022-05-28T17:39:05+00:00", "2022-05-28T17:55:59+00:00", "2022-05-28T18:10:00+00:00", "2022-05-28T18:22:25+00:00", "2022-05-28T18:34:25+00:00", "2022-06-02T22:30:35+00:00", "2022-06-02T22:42:39+00:00", "2022-06-02T22:56:57+00:00", "2022-06-02T23:09:27+00:00", "2022-06-02T23:23:08+00:00", "2022-06-02T23:32:38+00:00", "2022-06-02T23:43:43+00:00", "2022-06-06T18:30:28+00:00", "2022-06-06T18:45:10+00:00", "2022-06-06T18:58:31+00:00", "2022-06-06T19:11:59+00:00", "2022-06-06T19:23:59+00:00", "2022-06-06T19:37:59+00:00", "2022-06-06T19:51:35+00:00", "2022-06-06T19:59:59+00:00", "2022-06-06T20:12:01+00:00", "2022-06-06T20:29:59+00:00", "2022-06-06T20:41:09+00:00", "2022-06-06T20:54:15+00:00", "2022-06-06T21:06:00+00:00", "2022-06-06T21:16:33+00:00", "2022-06-06T21:29:38+00:00", "2022-06-06T21:41:24+00:00", "2022-06-06T21:53:57+00:00", "2022-06-06T22:04:15+00:00", "2022-06-06T22:16:02+00:00", "2022-06-06T22:32:02+00:00", "2022-06-06T22:44:02+00:00", "2022-06-06T23:00:02+00:00", "2022-06-06T23:12:40+00:00", "2022-06-06T23:23:21+00:00", "2022-06-06T23:36:50+00:00", "2022-06-06T23:45:29+00:00", "2022-06-06T23:59:33+00:00", "2022-06-07T19:36:34+00:00"], "elevations": [2.7, null, 4.1, 0.0, 1.0, 0.0, 4.0, 2.8, 3.8, 1.0, null, 0.0, 6.0, 8.0, 5.0, 4.5, 5.0, 9.2, 9.3, 6.0, 6.2, 6.0, 9.0, 8.8, 6.0, 7.0, 6.0, 3.0, -3.4, -2.0, -5.0, -2.0, 0.0, 0.1, 0.0, 1.0, 4.2, 1.0, 1.0, 0.2, 2.2, 2.4, 4.0, 3.5, 3.0, 2.5, 3.0, 2.1, 1.0, 1.0, 3.0, 4.5, 5.8, 2.8, 3.0, 6.8, 4.0, 4.1, 7.0, 8.0, 8.0, 6.0, 4.0, 6.2, 9.0, 6.0, 3.0, 4.2, 2.5, 2.0, 0.0, 0.0, 0.0, 0.0, 1.0, 0.0, 0.0, 0.5, 4.8, 9.0, 10.2, 9.5, 3.0, 3.0, 1.0, 0.2, -0.8, -2.0, 0.0, 0.1, 0.0, 0.0, -1.0, 2.0, 2.0, 2.0, 3.0, null, 10.0, 5.0, 5.0, 2.0, 4.5, 6.0, 5.0, 4.1, 5.0, 3.5, 4.0, 9.0, 12.0, 10.0, 10.0, 8.7, 8.0, 9.8, 6.0, 5.3, 4.0, 3.0, 2.8, 4.1, 2.7, 0.6, 2.1, 4.8, 8.0, 8.0, 0.2, 0.2, 4.5, 3.3, 2.8, 5.5, 3.0, 5.0, 6.8, 7.0, 3.5, 2.1, 1.7, 2.8, 0.9, 4.1, -1.5, -1.2, 8.8, -3.8, 4.2, 0.9, 4.0, 5.0, 6.1, 8.0, 6.2, 2.6, 2.0, 0.8, 0.1, -1.2, -1.0, 3.3, 5.0, 5.2, 9.0, 6.1, 3.5, 5.0, 6.5, 4.5, 4.0, 2.8, 4.0, 5.5, 6.0, 12.0, 9.0, 8.2, 7.5, 5.5, 6.1, 7.0, 6.1, 4.1, 5.0, null, 6.0, 2.0, 3.0, 0.0, 2.0, 4.1, 3.5, 6.0, 6.2, 3.5, 7.9, 9.0, 7.0, 7.0, 8.0, 9.0, 8.7, 7.0, 8.0, 3.0, 4.0, 3.0, 1.0, 3.0, null, null, null, null, null, 9.0, 2.0, 1.5, 3.0, 2.0, 2.0, 2.7, 3.5, 3.0, 2.0, 2.0, 2.0, 2.0, 1.0, 2.0, 1.0, 6.0, 6.5, 1.0, 0.0, 1.0, 0.8, 0.7, 1.0, 0.8, 1.0, 1.5, 2.1, 1.0, 1.1, 2.0, 3.8, 3.0, 3.0, 4.5, 2.0, 1.0, 1.0, 0.0, 0.0, -0.5, -1.0, null, 2.0, 3.0, 4.7, 4.0, 1.2, -2.0, -3.0, null, -3.0, -2.0, -2.0, -1.2, -0.8, 0.1, 0.0, 0.0, -1.0, 0.0, 0.0, 1.0, 2.0, 1.0, 0.0, 2.0, 2.0, 3.0, 3.0, 6.0, 7.0, 9.0, 4.0, 4.0, 3.5, null, null, 2.0, 2.2, 3.0, 4.0, 2.0, null, 1.0, 1.0, 1.0, 1.0, 0.0, 2.0, 2.0, 3.0, 5.0, 5.0, 8.0, 7.0, 8.0, 9.0, 5.0, 6.2, 6.0, 5.0, 6.0, 4.0, 6.0, 4.7, 6.0, 3.0, null, 3.0, 4.0, 3.0, 2.4, null, 2.0, 4.0, 4.2, 4.0, 4.0, 4.1, 5.1, 1.0, 3.0, null, 2.0, 0.7, 0.7, null, 4.0, 7.0, 7.0, 6.0, 6.8, 7.0, 7.0, 7.0, 3.5, 2.0, 4.0, 4.1, 4.0, null, 7.0, null, 7.0, 7.0, 7.0, 5.0, 5.5, 9.1, 8.5, 8.0, null, 3.0, 4.0, 7.0, 7.0, 6.0, 5.5, 7.0, 7.0, 6.0, 6.0, 4.0, null, 3.0, 2.4, 2.2, 0.8, 4.8, 5.7, 5.0, 4.0, 3.0, 2.5, 1.5, 2.0, 3.8, 3.0, 2.0, 3.0, 2.8, 4.8, 2.8, 4.3, 7.0, 4.5, 2.0, 1.0, 2.0, 3.0, 4.0, 3.1, 4.0, 5.0, 5.0, 6.0, 6.0, 2.0, null, 0.0, -1.0, 0.0, -1.0, -1.0, 0.0, 1.0, 0.0, 0.0, 2.0, 6.0, 1.0, 0.0, -2.0, 0.2, 1.0, 0.0, 0.0, -1.0, 0.0, 1.7, null, 0.0, 0.0, 0.0, 0.0, -0.3, 0.7, 1.0, null, 0.0, 0.5, 2.0, 6.7, 9.0, 9.0, 8.0, 8.0, 6.0, 6.0, 4.8, 6.0, 5.0, 6.0, 4.2, 4.0, null, 3.0, 1.0, 2.0, 2.4, 0.7, 1.0, 3.7, null, 5.0, 7.5, 5.0, 6.1, 5.8, 4.0, 5.0, 6.0, null, null, 4.0, 5.7, null, 3.0, 3.0, 2.0, 3.3, 5.0, 6.0, 4.0, 6.0, 5.8, 6.0, null, null, null, 1.0, 3.0, 4.7, 5.0, 3.0, 3.0, 3.0, 4.0, 4.0, null, 5.0, 2.0, null, 4.0, 4.4, 4.0, 3.0, 3.0, 4.0, null, 5.0, null, 5.0, 4.0, 5.5, 10.5, 10.7, 10.0, 9.0, 7.0, 6.0, 6.0, 6.0, 8.2, 8.0, null, 8.0, 5.5, 3.5, 4.0, 4.0, 5.0, 6.0, 3.0, 5.5, 9.0, 6.0, 10.0, 2.0, 3.0, null, null, 1.0, null, 2.0, null, 2.0, 1.0, 4.0, 2.1, 2.1, 4.4, 9.0, 9.0, 8.0, 6.8, 6.1, 6.0, 3.0, 3.0, 3.0, null, null, -3.7, -1.4, 0.2, 0.0, null, 1.0, 2.0, 5.0, 4.0, 5.0, 5.0, 7.0, 6.5, 4.0, 2.3, 0.0, null, 1.0, 2.0, 3.0, 2.0, 1.0, 0.0, 0.0, 0.0, 0.0, -1.0, 0.0, 0.0, 0.0, 1.0, 1.0, 0.3, 0.0, null, -1.0, 0.0, 5.0, 4.2, 4.0, 4.0, 8.4, 6.0, 5.0, 6.0, 4.0, 5.0, 5.5, null, 5.0, 4.0, 2.0, 2.7, 2.0, 2.0, 1.0, 2.1, 2.0, 2.0, 4.0, 6.1, 7.0, null, 8.0, 7.0, null, 7.0, 5.0, 6.0, 5.0, 2.0, 4.0, 2.7, 3.0, 1.0, 3.0, 1.5, 1.0, 1.0, 4.0, 5.0, 2.3, 4.0, 3.0, 4.0, 9.0, 4.0, null, 8.0, null, 10.0, 10.0, 10.0, 9.0, 8.0, 9.0, 6.0, 6.0, 4.0, 7.0, 7.1, 4.0, 6.0, 3.0, null, 6.0, 5.0, 9.0, 11.0, 12.0, 10.8, 12.0, 11.0, null, 10.0, 10.0, 10.0, 8.0, 5.0, 6.5, 2.0, 4.0, 5.0, 10.0, 10.0, 10.0, 9.0, 9.0, 2.0, 2.0, 2.0, 1.0, 1.7, 0.7, 0.0, 0.0, 0.5, null, 4.0, null, 5.0, 3.0, 3.0, 3.7, 2.4, 3.0, 4.0, null, 3.0, 4.0, 2.0, 0.0, 1.0, 0.0, -1.0, -1.2, -3.2, -1.2, -1.0, 4.0, 4.0, null, 6.0, 3.0, 2.0, 0.1, 0.1, -2.3, -1.0, -1.0, -3.5, -2.6, -2.6, 0.0, 0.0, 0.5, 1.0, -1.0, 0.0, -1.0, -2.5, -1.0, -1.4, -0.5, 3.0, 7.0, 7.0, 7.0, 5.0, 5.0, 5.0, 4.5, 3.0, 2.0, 1.0, 4.0, 3.0, 4.0, 3.0, 1.0, 0.1, 4.5, 6.0, 9.0, 8.0, 8.0, null, null, 3.0, 2.0, 0.2, 2.0, 0.4, 3.0, 4.0, 0.8, 0.8, 0.8, 2.1, 2.7, 7.0, 7.0, 9.0, 7.0, 9.0, 6.0, 6.1, 7.0, 4.0, 4.0, 4.5, 7.0, 8.0, 4.5, 3.5, 2.0, 3.0, 6.0, 8.0, 8.8, 11.0, 10.5, 9.0, 8.0, 9.5, 7.0, null, 10.0, 7.0, 7.0, 4.4, 2.7, 6.0, 7.5, null, null, 10.0, 8.0, 4.0, 4.5, 3.8, 1.8, 1.0, 0.1, 1.0, -1.0, -1.0, 0.0, 1.0, 4.7, 7.0, 10.0, 11.0, null, 8.7, 8.2, 4.5, 5.0, 6.0, 5.0, 0.0, 1.0, 1.0, 2.0, 0.0, 0.2, 0.4, -1.0, 0.0, 1.0, 6.4, 8.0, 3.0, 2.0, 0.0, 0.0, 1.0, 0.0, -2.0, 0.0, 0.0, 0.0, 0.0, 0.0, 2.0, null, 0.2, 1.0, 0.3, 0.0, 0.0, 0.0, -1.0, -2.0, -2.0, -2.0, null, -2.0, -2.0, -1.4, 0.0, 0.0, null, 5.7, 4.0, 5.0, null, 5.0, null, 2.0, 1.0, 2.2, 2.7, 4.2, 2.0, 3.0, 2.1, 1.0, 0.2, 1.3, 1.0, 5.0, null, 4.1, 2.8, 1.0, 1.0, 1.0, 2.0, 2.0, 8.0, null, 4.0, 4.0, 3.0, null, 4.4, 0.0, 0.0, 2.0, null, null, null, 2.0, null, 4.0, 4.0, 4.1, 4.0, 4.2, 2.0, 3.0, 2.0, null, 6.4, null, null, null, 3.0, 5.0, 3.0, 3.0, 8.0, 9.0, 7.5, 6.8, 7.0, 10.0, 10.0, 11.0, 8.7, 8.0, 7.0, 5.0, 2.0, 3.0, 4.0, null, null, 4.4, null, 4.0, 4.4, null, 5.0, null, 0.0, -1.7, 0.0, 3.0, null, 0.0, 0.2, -0.8, null, 1.0, 2.0, -1.6, 1.0, 0.7, 7.0, null, 4.7, null, 0.1, 2.2, 1.0, null, 2.0, 0.0, -2.0, 0.2, 0.0, -2.0, -5.0, -5.3, -5.3, 0.0, 0.0, 0.0, -1.6, null, null, null, -2.0, null, -3.0, -4.0, -5.0, -7.0, -5.0, null, -3.0, -3.0, -5.8, -5.0, null, -3.0, -2.0, -2.9, null, -4.0, -0.8, 2.3, 0.0, null, null, -5.5, -3.0, 0.0, -4.6, -11.0, -9.0, -1.0, -1.0, -9.0, -7.0, 5.3, null, 2.0, 7.0, 5.5, -6.0, -0.3, 0.0, -2.0, 1.0, 0.0, -1.0, null, -3.0, -1.4, -1.0, -1.0, -1.0, -1.0, -1.0, -5.0, 2.0, 0.0, -1.0, -1.0, 0.0, 0.0, 0.0, -4.0, -3.0, -2.0, -2.0, -3.7, -2.0, null, 1.0, 1.5, null, 2.0, null, null, 2.0, 0.2, 2.1, -1.0, -1.0, 0.0, 0.0, 3.0, 4.0, 5.0, 1.0, 0.0, 2.4, 4.0, 1.0, 3.0, 1.0, 1.0, 0.7, 0.7, 1.0, 0.0, 0.0, 0.0, 0.2, null, -0.7, 0.0, 2.0, 0.0, 0.0, -1.0, 0.0, -0.5, -1.0, -1.0, -0.2, null, 0.0, 0.0, -1.0, null, -2.0, -5.0, -3.0, -5.0, -5.0, 1.0, null, 1.0, 1.0, null, null, 1.0, 0.0, 0.0, 0.0, 0.0, null, 2.0, 0.2, 2.0, 1.0, 5.0, 4.8, 8.0, 5.7, 0.3, 3.0, 6.0, 0.0, 3.0, 4.0, 5.0, 4.5, 4.7, 2.2, null, 3.0, 0.5, 0.3, 2.0, 2.0, 1.0, 0.5, 4.0, 4.4, 3.0, null, 3.0, null, 0.0, 2.0, 1.0, 1.0, 2.0, 2.0, 1.0, 0.2, 1.0, 1.7, 2.0, 0.2, 0.0, -0.8, -8.9, -0.5, 1.0, 3.0, 3.0, 2.7, 0.3, 3.0, 0.0, 0.0, -3.7, -2.0, -2.0, -3.0, -4.6, -4.6, 1.0, -4.0, -3.7, -4.0, 0.0, 1.0, 1.0, 2.0, 2.0, 2.0, 2.0, 2.0, -5.0, -4.0, -4.0, -4.0, 4.2, 4.0, 4.0, 4.2, 0.0, 1.0, 1.0, 1.0, 1.0, 1.0, -2.5, -3.0, -5.4, -5.0, -2.0, 2.3, -2.0, -1.0, -1.0, -1.0, -1.0, 3.0, 11.0, 4.5, 5.0, 5.6, 6.0, 5.0, 5.0, 4.7, 6.2, 6.2, 7.0, 6.0, 7.0, 5.0, 4.0, 0.0, null, 0.2, 0.3, 2.0, 2.0, 1.0, 1.0, 2.2, 3.5, 4.2, 3.0, 3.0, 2.0, 2.8, 1.0, 0.7, 0.0, 0.0, 0.2, 0.0, 0.0, 1.4, 0.0, 0.0, -0.5, 0.0, -1.0, -2.0, 2.5, 2.1, 3.5, 0.0, 1.7, 2.0, 0.0, 0.0, -0.8, 0.0, -1.4, 2.0, 0.0, 2.0, -2.0, -2.9, -3.4, -3.5, -1.0, 0.2, 0.0, -1.5, -1.9, -1.0, 0.0, 0.0, 0.0, 1.0, null, -5.0, 1.0, -1.4, -0.5, -0.6, -0.8, 1.0, 2.0, null, 2.7, 2.7, 2.2, 1.5, 1.0, 1.0, 0.8, 1.0, -4.0, -3.9, -3.4, -3.0, -1.0, -1.4, 0.0, -2.0, -4.0, -5.0, 2.2, 2.2, -2.0, -4.0, -4.0, -4.0, 0.0, 0.0, -1.7, -0.5, 3.0, 4.0, 7.0, 4.0, 6.0, 6.0, 6.4, 8.0, 6.5, 9.0, 9.1, 12.0, 10.0, 10.2, 9.0, 10.0, 4.7, 3.0, 0.0, 0.2, 0.0, 0.0, 1.0, 1.0, 1.0, 1.0, 2.2, 4.0, 2.0, 2.0, 2.8, 1.0, 1.0, 0.3, 1.0, 1.0, 0.7, 0.7, 0.0, 3.0, 2.7, 2.0, 3.0, 3.0, 0.0, 3.7, 0.0, 1.0, 0.3, 1.0, 0.0, 3.0, 2.0, 2.2, 0.3, 0.2, 1.0, -3.4, -1.9, 1.5, 1.0, 1.0, 1.0, -1.9, 0.1, 2.1, 2.2, -3.5, -3.7, -3.0, 1.6, 4.5, 4.0, 4.0, 4.0, 2.0, 3.0, 4.4, 4.0, 1.0, 1.0, 1.0, 1.0, 1.0, 1.0, 0.1, 1.0, 1.0, 0.1, -1.0, 3.0, 0.0, -0.4, -4.0, 6.0, 6.0, 3.5, 2.8, 0.0, -3.5, -4.0, 3.0, 2.5, 2.0, 2.0, 0.2, 0.0, 2.0, 4.0, 3.0, 6.4, 9.0, 10.0, 8.7, 6.5, 6.5, 5.5, 7.0, 4.5, 2.2, -2.0, 4.5, 0.5, 4.0, 1.7, 7.0, 3.0, 7.0, 4.2, 1.5, 1.0, -2.5, 2.5, 3.0, 1.0, 1.0, 2.7, 6.3, 6.1, 5.5, 3.3, 1.0, 2.2, 5.0, 2.0, 2.7, 2.0, 5.5, 6.5, 2.0, 4.7, 5.0, 4.8, 5.0, 6.8, 4.2, 4.0, 4.2, 4.0, 4.0, 4.0, 3.0, 4.0, null, 1.5, 0.5, 0.0, 0.0, 0.0, 1.0, 0.7, 0.7, 1.0, null, 1.0, 0.7, 0.0, 0.0, 0.2, 0.0, 0.0, 0.0, -1.0, -2.9, -2.0, -2.0, -4.0, -3.9, -2.5, -2.0, -2.0, -4.0, -3.9, -2.6, -2.0, -2.0, -3.0, -3.9, -5.0, -5.0, -5.0, -5.3, -5.0, -0.3, 5.0, 8.0, 10.5, 10.0, 10.0, 10.2, 10.0, 12.0, 12.7, 12.8, 9.0, 9.0, 10.0, 10.0, 10.2, 8.0, 6.0, 4.2, 4.0, 5.0, 1.5, 3.0, 5.0, 5.0, 2.8, 4.0, 4.0, 3.5, 3.0, 3.0, 0.1, 0.0, -1.0, 0.0, 0.0, 2.0, 0.4, -1.5, -2.0, -3.4, -1.0, -5.0, -1.0, -2.0, -3.0, -2.0, null, 0.0, 0.2, 0.2, 0.0, 0.0, -1.0, 0.0, 0.1, 0.1, 0.7, 1.0, -1.6, -2.9, -1.6, -1.0, -1.0, 4.8, 6.0, 6.0, 2.2, 0.0, 0.1, 0.0, 0.0, 0.0, 2.0, 1.0, 2.0, 2.0, 5.0, -1.7, null, 0.0, 0.0, 0.0, 0.1, 0.1, 0.0, -1.0, -1.0, -0.8, -0.8, 0.0, 0.0, 0.0, -0.8, -0.8, -3.0, -1.5, -2.5, -4.0, -3.0, -3.5, -3.0, -3.0, -3.0, -4.3, -5.3, -5.0, -7.0, -7.9, -8.0, 3.0, 1.0, 0.2, 1.0, 1.0, 0.8, 0.7, 1.0, 2.0, 2.7, 3.0, 4.0, 4.1, 5.0, 7.0, 6.0, 6.0, 6.0, 6.2, 6.0, null, -1.0, 0.0, 1.0, 1.0, 2.4, -9.0, 0.0, 1.0, 1.7, -0.5, 4.2, 1.0, 2.0, -0.5, -1.0, 0.0, 1.0, 0.0, -0.5, 0.0, 0.0, -1.0, -2.0, -3.0, -3.5, -5.0, -3.0, -1.0, -4.0, -5.9, -2.0, -2.0, -2.0, -1.2, 0.0, 0.0, 0.0, -1.0, -1.0, 0.0, 0.0, 0.0, -0.8, 3.0, 2.0, 2.0, 0.0, 0.0, 0.0, 0.0, 0.0, 0.1, 0.0, null, 0.1, 0.1, 2.0, 2.0, null, 1.0, 1.7, 1.0, 1.0, 1.0, 1.0, 1.0, 1.0, 1.0, 0.7, 1.0, 0.8, 0.7, 1.0, 3.0, 3.0, 3.0, 2.0, 2.0, 2.0, 2.0, 2.0, -1.3, -3.0, -3.0, -1.4, 0.0, -6.0, -7.0, -7.0, -7.0, -7.0, -7.0, -7.3, -4.0, -3.0, 2.4, 2.7, 2.1, null, 0.0, 0.2, 0.1, 7.0, 7.5, null, 8.0, 9.0, 10.0, 10.0, 10.0, 10.1, null, 4.0, 8.2, 8.1, 10.0, 9.0, 9.0, 8.4, 4.1, 8.0, 8.0, 8.0, 8.0, 3.8, 3.0, 4.0, 4.0, 3.0, 3.5, 2.0, 2.0, 1.0, 1.0, 5.5, 5.0, 5.0, 5.0, 5.0, 5.7, 5.0, 5.0, -1.9, -3.0, -2.0, -2.6, -2.0, -2.0, -2.0, -4.6, -2.0, -2.0, -2.0, null, -2.0, -2.0, -4.6, -4.0, -4.0, -2.0, -2.0, 0.0, -0.8, 0.0, 0.0, 0.0, null, -3.0, -2.0, -2.0, -2.9, -2.0, -2.0, -2.0, 2.7, 3.0, 5.0, 0.0, 0.2, 1.4, 1.4, 1.0, 1.0, -3.0, null, null, -3.2, -1.0, 0.0, 1.0, null, 1.0, 1.0, 0.2, 0.8, 1.0, 1.0, 1.0, 0.0, 0.1, 0.0, 2.3, -0.4, 0.0, 0.0, 0.0, 0.0, -0.8, 0.0, 0.0, -1.0, -1.0, -3.2, -5.3, -5.3, -5.0, 0.0, 0.0, 2.0, 2.0, 2.1, 1.8, 0.0, 0.0, 0.0, 1.0, 1.0, 3.0, 3.0, 3.0, 3.0, 3.0, 3.0, 3.0, 5.0, null, 5.0, 6.0, 6.1, 6.1, 3.1, 4.0, 4.0, 4.0, 5.0, 5.0, 7.0, 8.0, 7.0, 7.0, 3.0, 2.0, null, 3.0, 1.0, 1.0, 1.0, 1.0, 0.3, 0.7, null, 0.0, 4.0, 0.0, 0.0, 3.0, 2.0, 0.2, 0.0, -1.2, -1.4, -1.0, -3.7, -3.4, -3.0, -3.0, -3.0, -1.3, -1.0, -1.0, -1.0, -1.0, 2.0, 2.0, 3.0, 2.1, 2.0, 1.0, -2.0, -3.0, -3.0, 0.0, 0.0, 0.0, 0.0, 0.0, 0.0, null, 0.0, 0.0, 0.2, 0.0, 0.0, 1.0, 1.0, null, -1.0, 0.0, -1.0, -1.0, null, -1.0, -1.4, -1.0, 3.0, 2.5, 0.5, -0.5, -0.6, 0.0, 1.0, 5.0, 4.8, 0.4, 1.0, 0.5, 1.0, 1.0, 1.0, 1.0, 1.0, 1.0, 6.1, 6.1, 0.0, 1.2, 7.0, 7.0, 7.0, 7.0, 7.0, -0.5, 1.0, -1.5, 4.8, 2.0, 4.0, 1.0, 2.0, 2.0, 2.1, 9.1, 8.2, 8.2, 8.1, 8.0, 9.0, 9.0, 10.0, 9.0, 9.0, 6.3, 13.0, 13.0, null, null, 10.2, 16.2, 16.3, 5.0, 3.8, 3.7, 3.5, 7.0, 4.0, 4.0, 4.0, null, 7.0, 7.0, 7.0, 7.0, 7.0, 9.0, 7.5, 7.0, 1.0, 2.0, 4.8, 5.0, 4.7, -2.0, -2.0, -1.0, -1.7, -1.0, -2.0, -6.0, -5.9, -4.0, -4.9, -0.6, -3.6, -3.0, 0.0, -1.0, 0.0, null, -3.0, 0.0, 0.0, 0.2, 0.1, 0.0, 0.0, 2.0, 0.0, -3.0, -1.0, -1.0, 0.0, 0.0, null, 0.0, 0.0, 0.0, 0.0, 0.0, -5.0, 0.2, 0.1, 0.1, 0.0, 0.0, 0.0, 0.0, 0.0, null, 0.2, 4.0, 5.0, 3.0, 2.0, 3.0, 1.5, 4.0, 2.0, 3.0, 1.0, 5.0, 1.0, 4.4, 4.1, 4.0, 4.0, 4.0, 5.0, 4.0, null, 4.0, 4.0, null, 4.0, 4.0, 4.0, 4.0, -0.9, 0.1, 4.1, 4.1, -5.0, -3.9, -3.9, 1.7, 2.0, -1.0, -1.0, -1.0, 4.1, 4.0, 6.8, 4.1, 4.0, 3.0, 1.1, 2.1, 8.0, 10.2, 10.0, 12.0, 11.0, 10.8, 11.0, 11.0, 12.0, 12.2, 12.0, 7.0, 8.0, 7.0, 12.8, 13.0, 8.0, 8.1, 4.2, 4.0, null, 6.0, 6.1, 6.0, 7.0, 3.0, 2.0, 3.0, 2.8, 1.0, 0.0, -1.5, -1.5, null, 0.0, -3.0, 0.0, null, null, 2.0, 1.0, -2.4, null, -1.5, -1.0, -5.4, -3.7, 0.2, null, null, -1.5, null, 0.0, 2.0, 2.0, 0.0, 3.0, 0.0, 1.0, 1.0, 0.0, 0.0, 0.0, 1.0, 3.0, 6.7, 2.2, 10.5, 1.4, 1.2, -0.7, 1.0, 0.0, 9.0, 9.0, 8.7, 1.0, 4.2, 7.5, 0.1, 0.5, 2.0, 6.0, 8.0, 6.0, 2.7, 2.2, null, 3.0, 4.0, 4.2, 2.5, 2.0, 3.0, 2.7, 2.0, 4.7, 4.5, 5.0, 3.1, 8.2, 5.5, 0.0, 5.0, 5.7, 5.0, 1.0, 2.0, 1.0, 1.7, 4.0, 6.0, 9.0, 10.5, 9.0, 11.5, 12.0, 6.0, 7.8, 7.8, 8.1, 8.6, 14.8, 18.9, 26.0, 17.2, 18.0, 15.5, 15.2, 7.0, 10.0, 9.5, 5.0, 6.0, 9.0, 5.5, 4.7, 3.8, 1.2, 1.8, 4.2, 8.0, 7.0, 5.0, 5.0, 8.0, 4.0, 1.8, null, 0.0, 2.0, -0.5, -3.7, -0.3, 0.0, -3.6, 2.7, 2.8, 2.5, 3.0, null, 1.5, 0.0, 0.0, 0.2, 0.0, 0.0, null, 7.0, 2.0, 5.0, 7.0, 6.5, 1.0, null, 8.0, 8.0, 8.0, 8.0, 2.7, 3.0, 3.0, 3.0, 4.5, 4.4, 7.0, 4.0, 4.0, 4.0, 4.2, 4.0, 4.0, 4.2, 4.1, 4.0, 4.0, 4.0, 4.2, -1.6, 1.0, 6.0, 6.0, 6.2, 8.0, 10.0, 10.0, 10.2, 4.0, null, 4.0, 5.0, 4.0, 5.0, 4.7, 4.6, 6.0, 6.0, 7.0, 6.1, 5.0, 7.0, 7.0, 7.0, 7.0, 7.0, 1.0, -3.0, 2.0, 0.5, 7.5, 2.0, 1.0, 6.0, 4.5, 8.2, 13.0, 10.0, null, 9.0, 11.0, 11.0, 16.0, 13.0, null, null, 19.9, 20.0, 20.5, 18.0, 18.5, null, 11.2, 8.8, 11.0, 13.0, 8.2, 6.7, 10.0, 10.0, 3.5, 0.0, 0.0, 0.7, 2.4, 8.5, 9.0, 6.0, 4.0, 4.0, 3.2, 2.5, 2.0, 0.0, -1.4, -3.0, -4.0, -8.6, -0.5, 0.5, 2.5, 0.1, 0.0, null, 1.0, -2.0, 4.0, 1.0, -1.0, 2.2, 2.0, 6.0, 3.5, 5.0, 9.0, 5.5, 4.2, 1.5, null, 5.0, 2.0, 3.8, 0.0, 0.0, 0.0, 2.0, 3.0, 0.0, 4.5, 4.7, 3.5, 2.0, 2.5, 4.0, null, null, 6.7, 8.0, null, 7.0, 4.0, 3.7, 4.2, 4.0, 3.0, 6.0, 15.5, 4.0, null, 4.2, null, 6.0, 4.2, 4.5, 7.5, 8.0, 10.0, 12.0, 12.0, 13.0, 9.8, 10.8, null, 10.0, 7.0, null, 7.0, 4.0, 9.0, 8.0, 8.5, 8.0, 5.0, 5.0, 4.0, 4.0, 3.0, 4.2, null, 4.0, 4.2, null, -1.4, 2.2, 4.2, 2.0, 0.0, 6.5, 5.7, 3.0, 3.0, 2.7, 3.0, 3.0, 10.0, 12.0, 12.2, 18.0, 19.0, 19.0, 19.0, 19.0, null, 16.0, 16.0, 16.0, 16.0, 16.0, 14.0, 14.0, 14.5, 14.0, 15.0, 21.0, null, 21.0, 21.0, 18.3, 18.0, 15.0, 15.0, null, 15.0, 13.0, 11.0, 10.7, 10.7, 10.2, 10.0, 6.6, 8.0, 7.0, 7.0, 7.0, 6.0, 8.7, 11.0, 11.5, 12.2, 10.5, null, 9.0, 5.0, 6.0, 5.0, 3.0, 1.5, 1.0, 0.0, null, 1.0, 2.0, 2.2, 3.7, 4.8, 4.0, 4.0, 2.0, 3.0, 6.7, 2.7, null, 0.7, null, 3.0, 6.5, 2.7, 4.7, -0.2, 7.0, 1.5, 2.2, 9.0, 6.0, null, 5.0, 5.5, 2.5, 3.0, 6.0, 6.0, 6.0, 5.0, null, 3.5, 3.8, 6.0, 7.1, 11.0, null, 5.0, 2.4, 4.0, 5.0, null, 7.0, 7.0, 5.0, 6.0, 7.0, 4.8, null, 6.5, 7.5, 8.0, 9.0, 12.0, 10.0, 12.0, 11.2, 8.2, 7.2, 9.0, 9.0, 7.0, 7.0, 6.0, 6.5, 8.0, 9.0, 8.7, 8.0, 10.5, 11.5, 9.0, 9.0, 6.1, 4.5, 4.8, 5.0, 4.8, 5.0, 10.5, 10.2, 10.0, 10.0, 10.0, 10.0, 10.0, 15.0, 15.0, 15.0, 15.0, 14.8, 15.0, 15.0, 20.0, 18.3, 18.3, 18.0, 18.0, 12.0, 12.2, 11.0, 10.0, 8.5, 8.0, 8.1, 8.2, 10.0, 2.0, 3.5, null, 8.0, 9.0, 10.2, 8.8, 7.0, 6.8, 7.0, null, 4.0, 2.2, 2.0, 3.0, 2.0, 0.4, 0.8, 1.5, 3.0, null, 2.0, 2.0, 1.8, 0.1, 1.5, 0.0, null, -1.0, 4.7, 4.0, 9.0, 6.0, 6.0, 4.0, 4.1, 5.5, 5.0, 5.7, 4.0, 4.0, 5.0, 7.0, 8.0, 8.0, 7.0, 6.5, 7.0, 6.0, 8.0, 8.5, 11.0, 9.0, 8.0, 8.0, 6.2, 7.0, 8.0, 7.0, 7.1, 8.0, 7.0, 8.0, 8.0, 8.0, 9.0, 9.1, 11.0, 7.0, 7.0, 5.0, 7.0, 9.1, 9.0, 4.5, 4.1, 4.8, 5.5, 6.0, 8.0, 7.5, 4.5, 3.0, 0.4, -1.0, 1.8, 4.2, 5.0, 10.0, 9.1, 8.8, 10.7, 12.8, 12.0, 13.0, 11.0, 18.0, 15.0, 14.2, 14.0, null, 13.0, 14.0, 17.3, 18.5, 19.0, 18.5, 15.0, 16.0, 14.8, 12.7, 11.0, 9.7, null, 10.0, 10.0, 11.0, 10.0, 10.7, 10.0, 9.0, 6.5, 5.0, 5.5, 5.5, 4.7, null, 7.0, null, 9.0, 10.0, 11.0, 11.7, 12.0, null, 8.0, null, 8.0, 6.8, 0.2, 3.0, 2.0, 3.0, 1.0, -3.4, 0.0, 0.0, 0.0, -0.5, 0.7, 0.0, 0.0, 0.0, 0.0, 0.0, 0.0, null, -1.6, null, null, -1.0, -1.0, 3.0, 6.8, 4.2, null, null, null, null, 2.7, 2.1, 4.0, 4.2, null, 7.0, 8.0, 4.0, 7.0, 6.2, 7.7, 9.0, null, null, 9.3, 8.0, 8.0, 9.0, 6.0, 7.0, null, 9.0, 9.0, null, 11.0, 11.0, 12.2, 12.2, 5.0, 6.0, null, 9.0, 9.0, 9.0, null, 7.0, 8.4, 7.0, 5.0, 7.0, 6.0, 12.2, null, 6.7, 8.0, 8.9, 8.5, 7.7, 8.1, 8.0, 7.0, 10.7, 9.0, 9.0, 8.4, 6.0, 6.0, 6.0, 6.2, 5.0, 10.5, 13.0, 13.0, 12.5, 11.0, 15.0, 10.0, 10.0, 10.0, 4.8, 8.2, 7.7, 7.5, 10.2, 8.7, 8.0, 6.0, 6.4, 8.2, 14.0, 14.0, 13.0, null, 13.0, 13.0, 13.0, 10.7, 11.0, 10.0, null, 15.0, null, 11.0, 10.2, 11.0, 16.0, 10.2, 8.7, 10.0, 10.0, 8.8, 9.0, 10.5, null, 10.2, 10.0, 6.0, null, 7.0, 7.0, 6.0, 6.0, 6.2, 6.2, 6.0, 7.0, 7.5, 7.2, 8.0, 8.0, 8.0, 6.8, 9.0, 6.0, null, 5.0, 3.0, 3.0, -2.0, 3.0, 0.0, 0.0, -1.4, null, null, 2.0, 1.0, 0.0, 1.0, 2.8, null, 3.0, 2.0, 0.0, 2.2, 0.5, null, 0.0, null, 1.0, -1.0, 5.5, 6.0, 4.0, 6.0, null, 5.2, 3.0, 4.0, 4.0, 6.2, 7.0, 6.0, 4.5, 7.0, null, null, 3.0, 5.0, 3.5, 5.0, 4.2, null, 2.1, 9.0, null, 4.2, 8.0, 9.0, 10.0, null, 6.2, 14.0, 4.0, 6.0, 1.0, 2.0, 2.5, 4.4, 6.0, 7.0, 5.0, 5.5, 6.0, 6.0, 8.1, 5.7, 4.0, 6.0, null, 8.0, 6.0, 4.5, 4.0, 7.0, 7.6, 9.0, 10.0, null, 10.0, 4.0, 4.1, 3.0, 5.0, null, 10.0, 9.0, 6.0, 10.0, 12.0, 14.0, null, 8.0, 4.0, 0.0, 4.7, 7.0, null, null, 9.0, 8.2, 6.5, null, null, 14.0, 14.0, 11.5, 13.2, null, 14.0, 10.0, 9.5, 10.8, 11.0, null, 10.0, null, 13.5, 8.0, 6.0, 10.0, null, 24.0, 20.0, 11.0, 10.0, -9.0, null, 14.8, 16.0, 13.0, null, 11.0, 12.0, 8.0, 12.0, 16.0, 8.2, 4.0, 7.0, null, 5.0, 5.0, 6.2, 5.0, 6.4, 4.0, 5.5, 7.7, 5.5, 9.8, 10.5, 10.0, null, 8.0, 2.7, 3.5, 2.3, 4.5, 6.2, 3.7, 3.0, 4.4, 3.7, 2.7, 0.0, 2.0, 1.0, -2.0, -1.0, -6.0, -3.0, null, 0.0, null, 0.0, null, 2.2, 3.0, -1.0, -1.0, 2.0, 5.0, 6.4, 8.2, 6.0, 16.5, 4.4, 5.7, 9.0, 6.5, 7.0, 5.0, 5.0, null, 6.0, 8.5, 9.7, 8.0, null, 9.0, 8.0, null, 0.0, 0.0, 0.0, 3.0, 0.0, 3.0, 9.0, 3.3, 2.2, 3.5, 4.5, 3.8, 1.0, 5.0, 7.0, 2.5, 3.0, 7.0, 3.0, 4.0, 5.0, null, 6.2, 4.6, 4.4, 2.2, 1.0, 2.2, 4.4, 4.2, 6.8, 8.1, null, 8.0, 8.7, 8.8, 10.5, 12.7, null, 6.2, 1.0, 2.0, 7.0, 6.0, 2.0, 6.5, 3.0, 8.0, 4.8, null, 8.2, 12.2, 8.0, 12.8, 14.5, 13.8, null, 11.0, null, 11.0, 11.0, 8.8, null, 8.0, 10.0, 12.0, 9.0, null, null, 11.0, 11.5, 8.8, null, 3.0, 4.0, 0.0, 10.0, 9.0, 4.0, null, 3.0, null, 5.1, 7.0, null, null, 4.2, null, 4.0, 3.0, 3.0, 4.0, 4.7, 9.0, 7.0, 12.0, 11.5, 10.0, 6.5, 4.5, null, 5.1, 4.0, 1.0, 5.0, 2.0, 2.0, 5.2, 2.8, -2.0, -6.0, 1.0, 1.0, 2.2, 0.5, 3.1, null, 7.0, 7.0, 3.0, 2.0, 6.5, 7.5, 10.2, 12.0, null, 13.0, 10.0, 10.5, 7.5, 0.0, 17.0, 11.0, 9.5, 12.0, 10.7, 10.8, 14.0, 12.2, 12.0, 5.7, 7.7, 7.0, 7.0, 7.0, 7.0, 7.0, 7.5, 7.5, 7.0, 7.0, 7.0, 10.7, 10.0, 16.5, 13.0, 12.0, 15.0, 11.0, 7.5, 10.7, 11.0, 10.7, 9.0, 8.0, 10.0, 10.0, 10.0, 12.0, 13.0, 14.0, 15.0, 18.0, 12.0, 11.0, 11.5, 13.0, 14.0, 12.0, 11.0, 12.0, 13.0, 9.0, 6.2, 7.7, 6.0, 7.0, null, 8.0, 8.2, 8.7, 8.5, 10.0, 12.0, 12.0, 13.0, 13.0, 13.0, 10.0, 9.7]}