{"type": "Feature", "properties": {"leg_id": 11, "name": "20200504 - Barra de Navidad to Lahaina, Maui", "stated_nm": 3155.5, "computed_nm": 3155.5}, "geometry": {"type": "LineString", "coordinates": [[-104.675758, 19.191116], [-104.683236, 19.197297], [-104.69155, 19.200221], [-104.712231, 19.199074], [-104.722994, 19.193107], [-104.731915, 19.193476], [-104.747137, 19.194036], [-104.757071, 19.194999], [-104.766264, 19.196548], [-104.786556, 19.197205], [-104.807357, 19.197583], [-104.825856, 19.198126], [-104.840511, 19.198244], [-104.858867, 19.199183], [-104.876145, 19.199228], [-104.899188, 19.200477], [-104.922403, 19.201472], [-104.938179, 19.198042], [-104.958053, 19.190396], [-104.972796, 19.185398], [-104.984673, 19.180418], [-104.99789, 19.175332], [-105.012543, 19.169249], [-105.023873, 19.164012], [-105.04384, 19.160902], [-105.055742, 19.159758], [-105.067806, 19.159974], [-105.075004, 19.159645], [-105.089094, 19.160193], [-105.097562, 19.161375], [-105.118893, 19.164013], [-105.136816, 19.165719], [-105.15988, 19.168467], [-105.187909, 19.172362], [-105.218099, 19.173515], [-105.230241, 19.17312], [-105.253032, 19.171445], [-105.27107, 19.170605], [-105.285913, 19.170374], [-105.303765, 19.169764], [-105.319405, 19.169781], [-105.336168, 19.169799], [-105.36027, 19.170595], [-105.390373, 19.171929], [-105.407438, 19.172827], [-105.422778, 19.173473], [-105.435654, 19.173745], [-105.456563, 19.174051], [-105.480745, 19.174573], [-105.496487, 19.174965], [-105.524432, 19.175063], [-105.543517, 19.174888], [-105.570197, 19.174625], [-105.586194, 19.173771], [-105.600083, 19.173173], [-105.620739, 19.172542], [-105.632277, 19.172119], [-105.650358, 19.172024], [-105.668396, 19.171846], [-105.694414, 19.171702], [-105.714462, 19.165691], [-105.726953, 19.164608], [-105.739795, 19.165265], [-105.757969, 19.164819], [-105.778451, 19.164968], [-105.793213, 19.165259], [-105.810763, 19.165456], [-105.832993, 19.16508], [-105.853451, 19.164262], [-105.872075, 19.163104], [-105.891536, 19.161035], [-105.906396, 19.158738], [-105.921251, 19.157542], [-105.942228, 19.156253], [-105.963704, 19.154706], [-105.989398, 19.152903], [-106.001507, 19.152325], [-106.030192, 19.151463], [-106.046434, 19.151753], [-106.055339, 19.153087], [-106.065614, 19.151911], [-106.076362, 19.14931], [-106.0896, 19.145203], [-106.103148, 19.141492], [-106.112948, 19.137229], [-106.124376, 19.132048], [-106.133199, 19.126323], [-106.137221, 19.123095], [-106.14415, 19.122459], [-106.151058, 19.122121], [-106.15862, 19.121123], [-106.164163, 19.119076], [-106.169572, 19.115351], [-106.175694, 19.109711], [-106.182733, 19.103813], [-106.190209, 19.096634], [-106.196799, 19.089897], [-106.207597, 19.083933], [-106.215612, 19.07826], [-106.224532, 19.07316], [-106.237312, 19.066334], [-106.248032, 19.061149], [-106.2582, 19.056386], [-106.271672, 19.049577], [-106.280993, 19.044491], [-106.293766, 19.037724], [-106.301948, 19.031935], [-106.31235, 19.024692], [-106.318672, 19.019693], [-106.329287, 19.01096], [-106.33803, 19.003531], [-106.344971, 18.996847], [-106.353252, 18.990094], [-106.362965, 18.980554], [-106.369408, 18.974353], [-106.380247, 18.966136], [-106.390324, 18.959341], [-106.3997, 18.953004], [-106.40906, 18.947115], [-106.420793, 18.940001], [-106.428762, 18.934572], [-106.442672, 18.925942], [-106.455651, 18.918545], [-106.464048, 18.913708], [-106.473564, 18.908679], [-106.488452, 18.902513], [-106.500121, 18.898337], [-106.521788, 18.893346], [-106.53693, 18.890844], [-106.553417, 18.890253], [-106.566391, 18.889617], [-106.584896, 18.888902], [-106.595133, 18.886727], [-106.603525, 18.884417], [-106.610794, 18.882366], [-106.620221, 18.878942], [-106.632075, 18.874358], [-106.641462, 18.870619], [-106.648311, 18.867275], [-106.653852, 18.862561], [-106.664339, 18.853168], [-106.671848, 18.84502], [-106.679476, 18.837023], [-106.684615, 18.830111], [-106.688175, 18.822733], [-106.694352, 18.813508], [-106.700562, 18.802748], [-106.707891, 18.800547], [-106.723245, 18.806545], [-106.742993, 18.817381], [-106.7625, 18.830435], [-106.781806, 18.843179], [-106.80871, 18.859864], [-106.832573, 18.874189], [-106.850098, 18.884652], [-106.868524, 18.895356], [-106.886616, 18.905935], [-106.905568, 18.91648], [-106.918211, 18.923154], [-106.934285, 18.931677], [-106.954309, 18.942515], [-106.968927, 18.950748], [-106.989583, 18.962179], [-107.006022, 18.971295], [-107.022019, 18.980093], [-107.03768, 18.988976], [-107.043029, 18.993893], [-107.049626, 18.999732], [-107.058993, 19.006581], [-107.06991, 19.013611], [-107.086077, 19.02396], [-107.098915, 19.032799], [-107.110102, 19.040816], [-107.120431, 19.048342], [-107.128244, 19.053192], [-107.137641, 19.056644], [-107.14519, 19.059931], [-107.150899, 19.063393], [-107.157272, 19.062215], [-107.165465, 19.057725], [-107.174544, 19.052631], [-107.183961, 19.046421], [-107.193423, 19.040197], [-107.202976, 19.03509], [-107.211404, 19.031633], [-107.221838, 19.026454], [-107.228307, 19.022409], [-107.23694, 19.018356], [-107.246582, 19.01296], [-107.245044, 19.004982], [-107.243822, 18.996199], [-107.246878, 18.988532], [-107.261727, 18.989479], [-107.280793, 18.99291], [-107.302448, 18.996948], [-107.315983, 18.999551], [-107.324924, 19.001638], [-107.339067, 19.005175], [-107.362131, 19.011626], [-107.382868, 19.002438], [-107.391027, 18.990861], [-107.399933, 18.97948], [-107.410886, 18.967352], [-107.424381, 18.957242], [-107.440697, 18.948114], [-107.489848, 18.92262], [-107.548878, 18.889338], [-107.611406, 18.855886], [-107.67711, 18.825953], [-107.695688, 18.819085], [-107.713787, 18.812771], [-107.727605, 18.808675], [-107.748133, 18.803728], [-107.759722, 18.800619], [-107.771451, 18.797307], [-107.78944, 18.792518], [-107.810864, 18.786642], [-107.831537, 18.779763], [-107.854467, 18.771562], [-107.869197, 18.767648], [-107.88095, 18.764854], [-107.896981, 18.763725], [-107.90734, 18.762902], [-107.923117, 18.762038], [-107.935765, 18.76194], [-107.94755, 18.763767], [-107.959124, 18.767508], [-107.971945, 18.771897], [-107.97816, 18.771225], [-108.00631, 18.780258], [-108.034243, 18.788584], [-108.064322, 18.796932], [-108.094201, 18.803695], [-108.120663, 18.81002], [-108.15029, 18.817243], [-108.178803, 18.825828], [-108.214845, 18.836528], [-108.247744, 18.845222], [-108.274458, 18.852338], [-108.304355, 18.861308], [-108.335282, 18.870455], [-108.362874, 18.879432], [-108.389678, 18.887822], [-108.406729, 18.887091], [-108.415654, 18.876484], [-108.434572, 18.861147], [-108.445271, 18.846688], [-108.460647, 18.829654], [-108.475848, 18.813749], [-108.487005, 18.804628], [-108.487809, 18.795071], [-108.499058, 18.794597], [-108.512968, 18.797747], [-108.526596, 18.794352], [-108.537678, 18.787873], [-108.549201, 18.778794], [-108.558399, 18.769692], [-108.56766, 18.758329], [-108.579967, 18.749081], [-108.594281, 18.740654], [-108.60877, 18.73012], [-108.621292, 18.721875], [-108.63391, 18.713488], [-108.645603, 18.702787], [-108.659191, 18.695292], [-108.670701, 18.68679], [-108.683169, 18.677781], [-108.69407, 18.666095], [-108.706602, 18.656093], [-108.718795, 18.646269], [-108.728533, 18.635257], [-108.724646, 18.623217], [-108.721836, 18.611975], [-108.736203, 18.603761], [-108.749722, 18.600654], [-108.764897, 18.599336], [-108.779657, 18.595345], [-108.794079, 18.592942], [-108.816117, 18.591955], [-108.832056, 18.589719], [-108.849767, 18.587819], [-108.864937, 18.584803], [-108.880543, 18.583302], [-108.897322, 18.583222], [-108.916421, 18.583032], [-108.933359, 18.585125], [-108.959913, 18.58228], [-109.016003, 18.57683], [-109.046902, 18.569363], [-109.068378, 18.56585], [-109.082994, 18.564898], [-109.099751, 18.562053], [-109.119206, 18.557485], [-109.137358, 18.556044], [-109.155578, 18.556147], [-109.174283, 18.554634], [-109.193011, 18.553247], [-109.210215, 18.554511], [-109.226924, 18.555948], [-109.245798, 18.556529], [-109.266506, 18.556194], [-109.283692, 18.55669], [-109.302058, 18.558756], [-109.320472, 18.561033], [-109.339321, 18.568623], [-109.358428, 18.577954], [-109.377804, 18.584763], [-109.395741, 18.588357], [-109.414469, 18.589727], [-109.432287, 18.593589], [-109.449436, 18.594766], [-109.466252, 18.595493], [-109.482779, 18.596664], [-109.498776, 18.598479], [-109.513039, 18.599756], [-109.531047, 18.599207], [-109.54747, 18.59741], [-109.56258, 18.593269], [-109.58092, 18.587881], [-109.597687, 18.58076], [-109.609587, 18.572055], [-109.620405, 18.566496], [-109.634776, 18.560786], [-109.651872, 18.556353], [-109.670044, 18.553796], [-109.689278, 18.553915], [-109.709871, 18.553797], [-109.72898, 18.555096], [-109.746546, 18.556548], [-109.767096, 18.558995], [-109.785828, 18.558574], [-109.804511, 18.555901], [-109.822189, 18.555221], [-109.839794, 18.553676], [-109.857348, 18.549001], [-109.875357, 18.543877], [-109.890528, 18.538887], [-109.903987, 18.531341], [-109.916531, 18.52299], [-109.929527, 18.515526], [-109.939723, 18.505528], [-109.949509, 18.495871], [-109.959439, 18.486099], [-109.971037, 18.478441], [-109.982376, 18.47136], [-109.992921, 18.465916], [-110.002781, 18.459392], [-110.01453, 18.450488], [-110.02291, 18.442015], [-110.032148, 18.432233], [-110.041556, 18.420108], [-110.049816, 18.407479], [-110.056786, 18.396675], [-110.071072, 18.388442], [-110.086081, 18.382775], [-110.102111, 18.374407], [-110.135536, 18.365191], [-110.198193, 18.347596], [-110.260741, 18.337136], [-110.32033, 18.33469], [-110.373544, 18.33899], [-110.388936, 18.342326], [-110.406381, 18.344014], [-110.424466, 18.347338], [-110.443384, 18.351627], [-110.461583, 18.35507], [-110.479409, 18.359395], [-110.497339, 18.362016], [-110.513522, 18.366666], [-110.531567, 18.372284], [-110.546402, 18.378143], [-110.563238, 18.386718], [-110.580816, 18.392392], [-110.597569, 18.39934], [-110.614433, 18.407416], [-110.628896, 18.413688], [-110.646494, 18.419851], [-110.665436, 18.426254], [-110.683104, 18.433364], [-110.701862, 18.440799], [-110.715122, 18.443289], [-110.732245, 18.448197], [-110.748092, 18.452096], [-110.76315, 18.453688], [-110.78045, 18.453564], [-110.795537, 18.455452], [-110.813363, 18.454977], [-110.828537, 18.451305], [-110.844198, 18.447046], [-110.857408, 18.440587], [-110.870281, 18.437607], [-110.883923, 18.442236], [-110.897658, 18.447214], [-110.910664, 18.450998], [-110.927852, 18.450896], [-110.943407, 18.442194], [-110.957443, 18.432192], [-110.968804, 18.421002], [-110.98593, 18.411428], [-111.002696, 18.404791], [-111.023191, 18.397379], [-111.045781, 18.39183], [-111.065153, 18.389564], [-111.084353, 18.386754], [-111.103112, 18.376841], [-111.117311, 18.376143], [-111.134392, 18.375223], [-111.151143, 18.373247], [-111.171192, 18.372361], [-111.189108, 18.368972], [-111.211069, 18.36731], [-111.228606, 18.365611], [-111.249066, 18.364364], [-111.266766, 18.363376], [-111.286565, 18.364458], [-111.307163, 18.366053], [-111.328742, 18.368628], [-111.352719, 18.371341], [-111.372026, 18.368591], [-111.387741, 18.366204], [-111.405914, 18.361268], [-111.422854, 18.357799], [-111.44016, 18.355642], [-111.455985, 18.355542], [-111.477921, 18.352604], [-111.497922, 18.34904], [-111.516778, 18.347412], [-111.533091, 18.346229], [-111.553126, 18.344308], [-111.569673, 18.342835], [-111.58661, 18.34096], [-111.603835, 18.33873], [-111.620352, 18.333793], [-111.637455, 18.330731], [-111.656202, 18.328058], [-111.6736, 18.323058], [-111.689563, 18.318543], [-111.704761, 18.314288], [-111.721953, 18.310651], [-111.737868, 18.309656], [-111.752782, 18.310684], [-111.768557, 18.311932], [-111.785338, 18.31078], [-111.804564, 18.308252], [-111.832773, 18.301001], [-111.88968, 18.28669], [-111.935504, 18.274908], [-111.95118, 18.26739], [-111.963178, 18.257517], [-111.978921, 18.252396], [-111.988587, 18.244821], [-111.99986, 18.236768], [-112.017692, 18.231454], [-112.038131, 18.224277], [-112.052253, 18.218053], [-112.073795, 18.212191], [-112.091233, 18.207723], [-112.108981, 18.203613], [-112.128115, 18.200511], [-112.148249, 18.198417], [-112.170062, 18.195937], [-112.190277, 18.190929], [-112.20746, 18.1889], [-112.226126, 18.187454], [-112.243735, 18.183907], [-112.261702, 18.181302], [-112.284897, 18.181514], [-112.305755, 18.182566], [-112.327699, 18.184832], [-112.34675, 18.184992], [-112.365841, 18.18614], [-112.381547, 18.190183], [-112.398742, 18.191119], [-112.418076, 18.195808], [-112.433496, 18.197524], [-112.453443, 18.202932], [-112.473668, 18.208238], [-112.490844, 18.213256], [-112.508291, 18.218455], [-112.524029, 18.222682], [-112.544614, 18.229069], [-112.562091, 18.234367], [-112.582124, 18.238781], [-112.599168, 18.242812], [-112.616899, 18.247499], [-112.631031, 18.253303], [-112.647203, 18.260783], [-112.665166, 18.268275], [-112.679976, 18.275632], [-112.696222, 18.286427], [-112.716739, 18.300675], [-112.735025, 18.311928], [-112.751269, 18.321181], [-112.767917, 18.329509], [-112.784616, 18.336192], [-112.802433, 18.341393], [-112.820993, 18.346351], [-112.841761, 18.351294], [-112.863529, 18.355749], [-112.88248, 18.35866], [-112.903425, 18.364914], [-112.922605, 18.371277], [-112.940755, 18.378198], [-112.958457, 18.384982], [-112.973658, 18.391744], [-112.991783, 18.400164], [-113.011306, 18.408562], [-113.028567, 18.416307], [-113.046576, 18.423653], [-113.064194, 18.42948], [-113.083966, 18.437324], [-113.099934, 18.443991], [-113.117229, 18.449452], [-113.133212, 18.455957], [-113.149828, 18.462926], [-113.164337, 18.468262], [-113.182747, 18.47553], [-113.203476, 18.47983], [-113.222544, 18.482526], [-113.238974, 18.484711], [-113.257998, 18.485773], [-113.273729, 18.487618], [-113.291614, 18.492097], [-113.30673, 18.493868], [-113.318483, 18.496387], [-113.332487, 18.497861], [-113.346513, 18.499578], [-113.359266, 18.504615], [-113.371035, 18.510156], [-113.38574, 18.514887], [-113.39818, 18.517278], [-113.407826, 18.523187], [-113.41884, 18.529335], [-113.430335, 18.534489], [-113.441267, 18.535752], [-113.45346, 18.540082], [-113.4634, 18.544661], [-113.472803, 18.547161], [-113.481925, 18.551452], [-113.490297, 18.554779], [-113.498098, 18.558007], [-113.515044, 18.556536], [-113.537908, 18.54151], [-113.550438, 18.539898], [-113.561061, 18.541061], [-113.572654, 18.542715], [-113.583817, 18.545876], [-113.595615, 18.548913], [-113.607013, 18.550945], [-113.618482, 18.552465], [-113.630705, 18.553425], [-113.644546, 18.553143], [-113.655317, 18.552953], [-113.668409, 18.555184], [-113.686672, 18.558149], [-113.70108, 18.560845], [-113.714059, 18.562447], [-113.72852, 18.563653], [-113.742603, 18.563828], [-113.75459, 18.563562], [-113.766605, 18.56324], [-113.781026, 18.563887], [-113.793981, 18.565232], [-113.809663, 18.568411], [-113.822088, 18.571484], [-113.835536, 18.574738], [-113.846526, 18.577458], [-113.859197, 18.580314], [-113.874038, 18.58272], [-113.884109, 18.584792], [-113.895784, 18.587289], [-113.90816, 18.590549], [-113.921291, 18.594436], [-113.934036, 18.599651], [-113.948472, 18.603149], [-113.960686, 18.6063], [-113.972588, 18.608788], [-113.984578, 18.613085], [-113.998786, 18.618848], [-114.013466, 18.626084], [-114.027541, 18.635509], [-114.037186, 18.643966], [-114.046741, 18.652164], [-114.058854, 18.662253], [-114.071563, 18.671104], [-114.083284, 18.677217], [-114.099258, 18.684365], [-114.109941, 18.688827], [-114.123809, 18.694323], [-114.13692, 18.697607], [-114.150719, 18.700456], [-114.164119, 18.703429], [-114.175123, 18.707335], [-114.189986, 18.713539], [-114.202331, 18.71814], [-114.215778, 18.723009], [-114.227848, 18.726389], [-114.242228, 18.730426], [-114.256121, 18.734134], [-114.269386, 18.736965], [-114.282993, 18.738899], [-114.296967, 18.740812], [-114.312027, 18.742154], [-114.324449, 18.744366], [-114.340295, 18.747765], [-114.351994, 18.75002], [-114.365576, 18.751416], [-114.38101, 18.754502], [-114.395187, 18.757714], [-114.409107, 18.761739], [-114.424187, 18.765891], [-114.440178, 18.768985], [-114.456795, 18.77217], [-114.467815, 18.774214], [-114.481347, 18.776815], [-114.497913, 18.779438], [-114.512788, 18.781421], [-114.528166, 18.782993], [-114.541937, 18.785799], [-114.558741, 18.788935], [-114.572631, 18.790577], [-114.592581, 18.794313], [-114.607117, 18.798595], [-114.622773, 18.80191], [-114.637754, 18.805473], [-114.652243, 18.808606], [-114.667218, 18.81251], [-114.680011, 18.8141], [-114.696861, 18.813352], [-114.709939, 18.813179], [-114.725477, 18.814682], [-114.738497, 18.815502], [-114.753778, 18.816149], [-114.766674, 18.817028], [-114.787754, 18.817304], [-114.804216, 18.818954], [-114.82163, 18.82029], [-114.835567, 18.821344], [-114.852958, 18.824441], [-114.868222, 18.827164], [-114.882121, 18.829591], [-114.894906, 18.830599], [-114.905744, 18.832385], [-114.917417, 18.834527], [-114.931608, 18.837908], [-114.943202, 18.840398], [-114.957993, 18.844249], [-114.970339, 18.847749], [-114.981481, 18.850002], [-114.994283, 18.851404], [-115.007741, 18.853735], [-115.022695, 18.856797], [-115.035205, 18.859333], [-115.046283, 18.861141], [-115.061772, 18.864217], [-115.075217, 18.866279], [-115.088673, 18.867928], [-115.100047, 18.870582], [-115.115828, 18.873929], [-115.131205, 18.878911], [-115.146865, 18.884141], [-115.159105, 18.887525], [-115.172694, 18.891209], [-115.188469, 18.895839], [-115.205077, 18.900657], [-115.221808, 18.904763], [-115.234931, 18.906823], [-115.247464, 18.910688], [-115.360488, 18.935602], [-115.372408, 18.938223], [-115.383189, 18.940131], [-115.394041, 18.943015], [-115.406187, 18.947122], [-115.418303, 18.949584], [-115.431098, 18.952154], [-115.440582, 18.951396], [-115.44948, 18.950647], [-115.459263, 18.949367], [-115.47175, 18.947633], [-115.483584, 18.947248], [-115.493636, 18.944055], [-115.504382, 18.940631], [-115.515845, 18.938599], [-115.525521, 18.937774], [-115.534645, 18.93501], [-115.544686, 18.933332], [-115.552849, 18.932686], [-115.565423, 18.932655], [-115.577769, 18.930434], [-115.589132, 18.928737], [-115.618313, 18.921463], [-115.632244, 18.922059], [-115.644538, 18.922882], [-115.657819, 18.925139], [-115.670189, 18.928244], [-115.681058, 18.931956], [-115.695905, 18.937463], [-115.706997, 18.942244], [-115.717241, 18.945486], [-115.727059, 18.950545], [-115.739152, 18.954626], [-115.752045, 18.958572], [-115.766443, 18.963059], [-115.778477, 18.968042], [-115.790241, 18.973558], [-115.799376, 18.979389], [-115.809189, 18.985033], [-115.820592, 18.989298], [-115.832597, 18.995081], [-115.844488, 19.000584], [-115.855694, 19.006582], [-115.867306, 19.010318], [-115.877282, 19.015608], [-115.94091, 19.04187], [-115.983389, 19.056479], [-115.993084, 19.060236], [-116.00507, 19.066298], [-116.016498, 19.071523], [-116.027928, 19.075124], [-116.039656, 19.07982], [-116.050907, 19.082973], [-116.064756, 19.088384], [-116.076582, 19.092366], [-116.088215, 19.097148], [-116.103101, 19.103743], [-116.119762, 19.109123], [-116.132839, 19.111625], [-116.13909, 19.110199], [-116.139186, 19.108648], [-116.149949, 19.110917], [-116.162119, 19.112165], [-116.175871, 19.113381], [-116.188912, 19.11423], [-116.200339, 19.114391], [-116.213103, 19.114199], [-116.226281, 19.113916], [-116.239357, 19.113395], [-116.254977, 19.112592], [-116.270375, 19.112628], [-116.286156, 19.113518], [-116.298674, 19.114102], [-116.312003, 19.116278], [-116.325949, 19.118323], [-116.338272, 19.119633], [-116.35064, 19.119836], [-116.361632, 19.121437], [-116.375554, 19.123268], [-116.388627, 19.124651], [-116.401513, 19.124648], [-116.415141, 19.125314], [-116.427847, 19.12586], [-116.442309, 19.126468], [-116.457577, 19.128922], [-116.481621, 19.128581], [-116.55065, 19.136241], [-116.561535, 19.139028], [-116.572943, 19.143953], [-116.587137, 19.146401], [-116.603046, 19.14715], [-116.614973, 19.146997], [-116.627958, 19.146983], [-116.639401, 19.148634], [-116.651596, 19.14815], [-116.66231, 19.149089], [-116.673894, 19.150863], [-116.68638, 19.152013], [-116.698288, 19.156342], [-116.711249, 19.159466], [-116.723133, 19.16038], [-116.73428, 19.16526], [-116.749467, 19.167146], [-116.761682, 19.168113], [-116.774695, 19.169337], [-116.786619, 19.171612], [-116.798196, 19.173146], [-116.809962, 19.173576], [-116.821774, 19.173746], [-116.834181, 19.173139], [-116.847795, 19.173573], [-116.859383, 19.175426], [-116.87182, 19.176341], [-116.888114, 19.176626], [-116.928241, 19.172076], [-116.972315, 19.166926], [-117.024285, 19.170745], [-117.039942, 19.17195], [-117.055408, 19.174368], [-117.069402, 19.173248], [-117.081952, 19.17347], [-117.0976, 19.172786], [-117.10991, 19.172798], [-117.123644, 19.171891], [-117.138426, 19.170872], [-117.151426, 19.171125], [-117.166482, 19.17407], [-117.181169, 19.174096], [-117.195187, 19.174933], [-117.207937, 19.174612], [-117.221079, 19.177213], [-117.238551, 19.180534], [-117.250568, 19.18178], [-117.266072, 19.182846], [-117.282018, 19.184935], [-117.297401, 19.186072], [-117.313007, 19.186721], [-117.32658, 19.186873], [-117.341602, 19.188731], [-117.353162, 19.190686], [-117.369874, 19.194718], [-117.385597, 19.199458], [-117.397546, 19.202407], [-117.409687, 19.206759], [-117.426056, 19.212457], [-117.438979, 19.217618], [-117.454036, 19.22332], [-117.467753, 19.228727], [-117.480828, 19.23501], [-117.493873, 19.240225], [-117.506885, 19.245065], [-117.522691, 19.250891], [-117.537166, 19.255754], [-117.549966, 19.259899], [-117.563586, 19.262926], [-117.578706, 19.266658], [-117.596272, 19.268886], [-117.610306, 19.270905], [-117.624002, 19.272018], [-117.63849, 19.273556], [-117.650413, 19.275168], [-117.664626, 19.277064], [-117.680522, 19.279019], [-117.714298, 19.283376], [-117.71798, 19.277413], [-117.726877, 19.275455], [-117.738692, 19.274345], [-117.748073, 19.272566], [-117.762357, 19.268096], [-117.775259, 19.264371], [-117.788444, 19.261612], [-117.802453, 19.260449], [-117.818342, 19.259735], [-117.82795, 19.256581], [-117.825715, 19.246806], [-117.836956, 19.243996], [-117.848074, 19.24142], [-117.861103, 19.238672], [-117.871637, 19.23629], [-117.950828, 19.226288], [-117.969568, 19.225624], [-117.984639, 19.226584], [-117.996127, 19.227041], [-118.008317, 19.229233], [-118.024707, 19.232977], [-118.037255, 19.235793], [-118.049438, 19.240702], [-118.062092, 19.244984], [-118.078568, 19.250236], [-118.098003, 19.253913], [-118.17579, 19.266093], [-118.213294, 19.268818], [-118.226153, 19.270601], [-118.238213, 19.272655], [-118.253868, 19.275577], [-118.268287, 19.279031], [-118.289604, 19.283352], [-118.303821, 19.285808], [-118.315973, 19.287483], [-118.332223, 19.289105], [-118.345212, 19.29018], [-118.360114, 19.293556], [-118.376565, 19.296652], [-118.389969, 19.298522], [-118.403223, 19.300727], [-118.421561, 19.303598], [-118.439013, 19.30696], [-118.452724, 19.308917], [-118.47072, 19.311342], [-118.483425, 19.312142], [-118.494819, 19.314397], [-118.509775, 19.31587], [-118.52603, 19.318488], [-118.543316, 19.320609], [-118.55965, 19.32237], [-118.572872, 19.324584], [-118.585454, 19.326511], [-118.597268, 19.328459], [-118.612069, 19.330145], [-118.63042, 19.332168], [-118.644607, 19.335137], [-118.662348, 19.337865], [-118.67556, 19.340059], [-118.685822, 19.341121], [-118.700491, 19.342678], [-118.717336, 19.344352], [-118.731264, 19.345444], [-118.746432, 19.347163], [-118.759302, 19.347357], [-118.778584, 19.347555], [-118.794593, 19.346809], [-118.808946, 19.347389], [-118.82252, 19.347326], [-118.837382, 19.347184], [-118.84856, 19.347578], [-118.863021, 19.347851], [-118.874156, 19.348612], [-118.889271, 19.348857], [-118.903579, 19.348748], [-118.916668, 19.349468], [-118.930623, 19.350347], [-118.945001, 19.351453], [-118.956764, 19.352602], [-118.970599, 19.355012], [-118.982473, 19.356875], [-118.996342, 19.360027], [-119.01216, 19.36236], [-119.024559, 19.364241], [-119.04, 19.367163], [-119.052926, 19.371323], [-119.085422, 19.384062], [-119.098463, 19.387448], [-119.110104, 19.39043], [-119.124321, 19.392397], [-119.138107, 19.394793], [-119.15191, 19.396187], [-119.165147, 19.398564], [-119.179525, 19.400098], [-119.1945, 19.40365], [-119.210045, 19.40665], [-119.226663, 19.408793], [-119.239656, 19.41088], [-119.252339, 19.413887], [-119.263915, 19.416906], [-119.278128, 19.41969], [-119.29187, 19.421706], [-119.309416, 19.423212], [-119.324009, 19.424381], [-119.336844, 19.42554], [-119.352073, 19.426939], [-119.365579, 19.427972], [-119.378373, 19.428575], [-119.393398, 19.428347], [-119.414443, 19.428162], [-119.432654, 19.429578], [-119.446279, 19.430301], [-119.458625, 19.431091], [-119.496295, 19.436606], [-119.510535, 19.439245], [-119.524272, 19.442757], [-119.538129, 19.446489], [-119.552695, 19.449951], [-119.568277, 19.452636], [-119.580854, 19.454973], [-119.594598, 19.456683], [-119.611771, 19.457918], [-119.625036, 19.459326], [-119.638717, 19.461224], [-119.651774, 19.462626], [-119.664647, 19.464686], [-119.677649, 19.466526], [-119.689768, 19.468114], [-119.703802, 19.470106], [-119.716388, 19.47233], [-119.728956, 19.474678], [-119.740294, 19.476296], [-119.754087, 19.478338], [-119.766123, 19.480193], [-119.778188, 19.481002], [-119.79158, 19.482305], [-119.805156, 19.484114], [-119.823518, 19.486909], [-119.837371, 19.488519], [-119.849453, 19.489311], [-119.858968, 19.489731], [-119.87471, 19.490887], [-119.898111, 19.492503], [-119.96991, 19.504048], [-120.042993, 19.515516], [-120.113718, 19.52586], [-120.181225, 19.543648], [-120.258085, 19.550256], [-120.332265, 19.557198], [-120.344385, 19.556997], [-120.359579, 19.558242], [-120.375869, 19.559438], [-120.390215, 19.560317], [-120.403835, 19.560403], [-120.417406, 19.561501], [-120.429791, 19.562121], [-120.446035, 19.564475], [-120.460121, 19.564879], [-120.473547, 19.565879], [-120.490207, 19.566742], [-120.504785, 19.56824], [-120.519318, 19.568957], [-120.534638, 19.569033], [-120.547358, 19.569351], [-120.562201, 19.570057], [-120.59186, 19.570973], [-120.675823, 19.572861], [-120.702328, 19.57529], [-120.711326, 19.575728], [-120.726966, 19.576786], [-120.740238, 19.578258], [-120.752537, 19.579743], [-120.769526, 19.581093], [-120.782411, 19.58304], [-120.799763, 19.586323], [-120.813586, 19.589565], [-120.826184, 19.591339], [-120.838745, 19.593504], [-120.852022, 19.596175], [-120.866072, 19.597298], [-120.879111, 19.599261], [-120.894598, 19.600586], [-120.910966, 19.604984], [-120.925152, 19.60686], [-120.938781, 19.609837], [-120.951152, 19.611642], [-120.966014, 19.613717], [-120.977497, 19.61514], [-120.991019, 19.617997], [-121.003291, 19.619755], [-121.01914, 19.62084], [-121.032065, 19.623471], [-121.046048, 19.625121], [-121.058659, 19.628515], [-121.074742, 19.630438], [-121.089776, 19.632555], [-121.104074, 19.634203], [-121.120018, 19.637188], [-121.134757, 19.639484], [-121.151954, 19.642084], [-121.164187, 19.644277], [-121.179596, 19.646894], [-121.192673, 19.650072], [-121.208156, 19.653403], [-121.22335, 19.655459], [-121.239139, 19.657798], [-121.255096, 19.658691], [-121.266767, 19.660909], [-121.280104, 19.664118], [-121.293563, 19.666094], [-121.346757, 19.674284], [-121.360363, 19.674373], [-121.37578, 19.675424], [-121.387838, 19.676735], [-121.401794, 19.678029], [-121.41631, 19.678482], [-121.432932, 19.679542], [-121.477761, 19.681535], [-121.529572, 19.687661], [-121.549643, 19.691492], [-121.56289, 19.695227], [-121.577622, 19.696349], [-121.597668, 19.698935], [-121.610884, 19.702482], [-121.624937, 19.702252], [-121.636748, 19.703564], [-121.651125, 19.705253], [-121.663138, 19.707834], [-121.678047, 19.711083], [-121.693703, 19.714563], [-121.705538, 19.717532], [-121.71818, 19.717883], [-121.730578, 19.71715], [-121.742744, 19.716689], [-121.758251, 19.715922], [-121.773093, 19.715078], [-121.789754, 19.713134], [-121.802362, 19.712945], [-121.815427, 19.715655], [-121.829553, 19.718404], [-121.844038, 19.719153], [-121.859002, 19.718729], [-121.871387, 19.722033], [-121.885983, 19.724362], [-121.900292, 19.726179], [-121.913111, 19.728412], [-121.926779, 19.73064], [-121.93868, 19.73258], [-121.951667, 19.733571], [-121.964231, 19.734727], [-121.976525, 19.737902], [-121.988707, 19.739716], [-122.002158, 19.742502], [-122.013342, 19.744404], [-122.025909, 19.745989], [-122.036274, 19.747089], [-122.048763, 19.748631], [-122.064359, 19.752686], [-122.078693, 19.7566], [-122.092551, 19.761149], [-122.106147, 19.766773], [-122.13295, 19.774016], [-122.173724, 19.785611], [-122.185811, 19.788016], [-122.1974, 19.789872], [-122.211009, 19.794494], [-122.223432, 19.796943], [-122.234418, 19.80124], [-122.247427, 19.804812], [-122.261638, 19.809442], [-122.270915, 19.814357], [-122.282255, 19.820628], [-122.293311, 19.825274], [-122.304406, 19.829497], [-122.318254, 19.833032], [-122.330895, 19.837127], [-122.34467, 19.843409], [-122.353481, 19.846327], [-122.363457, 19.850212], [-122.373669, 19.853578], [-122.384895, 19.85605], [-122.396844, 19.859353], [-122.409092, 19.861925], [-122.42172, 19.865301], [-122.431504, 19.869618], [-122.444793, 19.875826], [-122.456596, 19.880225], [-122.468322, 19.883868], [-122.479116, 19.888502], [-122.492093, 19.894678], [-122.506476, 19.901202], [-122.516922, 19.907376], [-122.528258, 19.910301], [-122.541558, 19.913576], [-122.555452, 19.917835], [-122.566456, 19.921458], [-122.580445, 19.9251], [-122.590739, 19.92919], [-122.601231, 19.934337], [-122.612267, 19.939198], [-122.623449, 19.943459], [-122.635523, 19.947361], [-122.648474, 19.952861], [-122.659213, 19.95874], [-122.670291, 19.963395], [-122.681494, 19.968893], [-122.691438, 19.973197], [-122.705521, 19.97419], [-122.717812, 19.974941], [-122.72825, 19.977863], [-122.740725, 19.981381], [-122.753514, 19.984055], [-122.764361, 19.985982], [-122.775187, 19.988047], [-122.789214, 19.99146], [-122.801541, 19.995209], [-122.812345, 19.997941], [-122.825577, 20.000236], [-122.836431, 20.000709], [-122.850094, 20.002816], [-122.86102, 20.00519], [-122.874321, 20.007652], [-122.887861, 20.011008], [-122.903281, 20.014067], [-122.918397, 20.015537], [-122.930838, 20.018558], [-122.943776, 20.021754], [-122.955341, 20.02476], [-122.969758, 20.027897], [-122.981723, 20.031727], [-122.993456, 20.034838], [-123.005076, 20.037653], [-123.015292, 20.039071], [-123.028266, 20.040709], [-123.039349, 20.040114], [-123.051221, 20.041373], [-123.062807, 20.043606], [-123.078217, 20.044549], [-123.089266, 20.044379], [-123.102433, 20.044277], [-123.115587, 20.043587], [-123.128038, 20.042494], [-123.139229, 20.044098], [-123.1703, 20.044791], [-123.229866, 20.0383], [-123.284568, 20.043068], [-123.29601, 20.044058], [-123.308406, 20.044416], [-123.319224, 20.043215], [-123.330783, 20.041004], [-123.343191, 20.039862], [-123.357548, 20.040527], [-123.37151, 20.040476], [-123.384317, 20.039555], [-123.398705, 20.037466], [-123.416806, 20.037763], [-123.428352, 20.036676], [-123.443411, 20.035359], [-123.498495, 20.030961], [-123.51415, 20.030677], [-123.528964, 20.031054], [-123.543908, 20.031987], [-123.558368, 20.032325], [-123.572611, 20.031521], [-123.588898, 20.029843], [-123.603303, 20.029528], [-123.616203, 20.029858], [-123.631015, 20.027371], [-123.643815, 20.024844], [-123.658061, 20.022529], [-123.671779, 20.020733], [-123.684907, 20.019919], [-123.695556, 20.018609], [-123.708698, 20.016474], [-123.720978, 20.016507], [-123.735928, 20.015297], [-123.749226, 20.014716], [-123.76221, 20.013772], [-123.774848, 20.013912], [-123.790289, 20.014014], [-123.804917, 20.015468], [-123.820039, 20.017467], [-123.834411, 20.018014], [-123.848818, 20.016786], [-123.865079, 20.015865], [-123.877378, 20.015417], [-123.890058, 20.015717], [-123.902039, 20.019229], [-123.916916, 20.020973], [-123.931867, 20.023957], [-123.94508, 20.026905], [-123.958548, 20.028824], [-123.978546, 20.028621], [-123.989642, 20.028453], [-124.003087, 20.029182], [-124.015931, 20.027963], [-124.027561, 20.029207], [-124.044973, 20.030604], [-124.056025, 20.031107], [-124.069399, 20.031738], [-124.084328, 20.033972], [-124.097751, 20.036203], [-124.114487, 20.041533], [-124.128848, 20.045708], [-124.144993, 20.049735], [-124.159472, 20.0531], [-124.222176, 20.056025], [-124.278648, 20.054408], [-124.294776, 20.057823], [-124.309222, 20.059237], [-124.321441, 20.061112], [-124.335967, 20.063759], [-124.353975, 20.064901], [-124.373405, 20.06606], [-124.387324, 20.065983], [-124.403257, 20.065886], [-124.420328, 20.068054], [-124.437755, 20.069462], [-124.455448, 20.073001], [-124.470768, 20.076098], [-124.488442, 20.079605], [-124.505447, 20.080707], [-124.517856, 20.082004], [-124.5333, 20.08256], [-124.546608, 20.08488], [-124.603886, 20.093221], [-124.677958, 20.090646], [-124.752716, 20.073673], [-124.830265, 20.067655], [-124.899916, 20.071828], [-124.96298, 20.073115], [-125.015508, 20.062215], [-125.07411, 20.051915], [-125.137668, 20.053031], [-125.187728, 20.054545], [-125.295735, 20.07257], [-125.307737, 20.081802], [-125.317937, 20.090614], [-125.326912, 20.094297], [-125.335187, 20.098304], [-125.341957, 20.098888], [-125.350543, 20.097051], [-125.357074, 20.092702], [-125.366463, 20.093235], [-125.378414, 20.097669], [-125.35615, 20.093436], [-125.386386, 20.099949], [-125.395757, 20.101475], [-125.409476, 20.103796], [-125.418136, 20.105872], [-125.427974, 20.104275], [-125.437486, 20.101445], [-125.447332, 20.097228], [-125.457825, 20.093388], [-125.469527, 20.08882], [-125.477874, 20.084173], [-125.486408, 20.082612], [-125.498124, 20.082355], [-125.510912, 20.081857], [-125.525729, 20.081376], [-125.541296, 20.08245], [-125.55377, 20.087543], [-125.567776, 20.089353], [-125.581327, 20.089736], [-125.595655, 20.08938], [-125.609529, 20.087524], [-125.624915, 20.083292], [-125.640324, 20.083866], [-125.654963, 20.084425], [-125.669773, 20.083462], [-125.684446, 20.08468], [-125.701314, 20.088328], [-125.713243, 20.092104], [-125.729196, 20.095609], [-125.743437, 20.095392], [-125.757719, 20.095693], [-125.771572, 20.095228], [-125.78496, 20.097705], [-125.800235, 20.101097], [-125.81322, 20.103537], [-125.830222, 20.106306], [-125.84495, 20.109294], [-125.856593, 20.112492], [-125.872277, 20.115147], [-125.88885, 20.119265], [-125.902237, 20.123191], [-125.917709, 20.125686], [-125.988786, 20.132113], [-126.057873, 20.125367], [-126.071693, 20.124026], [-126.090147, 20.122563], [-126.105841, 20.120309], [-126.120656, 20.119861], [-126.136313, 20.119057], [-126.15156, 20.117795], [-126.169308, 20.116625], [-126.182687, 20.117168], [-126.197271, 20.11615], [-126.211766, 20.114961], [-126.225652, 20.114298], [-126.240864, 20.113924], [-126.255722, 20.11375], [-126.273773, 20.113642], [-126.288358, 20.114294], [-126.301172, 20.115455], [-126.316021, 20.11624], [-126.330377, 20.116072], [-126.344298, 20.11702], [-126.362138, 20.117327], [-126.376195, 20.116678], [-126.389203, 20.115502], [-126.411036, 20.115493], [-126.428625, 20.116105], [-126.443156, 20.116559], [-126.456218, 20.118086], [-126.472849, 20.119591], [-126.486622, 20.119711], [-126.49974, 20.119706], [-126.512527, 20.119742], [-126.527802, 20.120602], [-126.537345, 20.121754], [-126.550062, 20.123826], [-126.561141, 20.126227], [-126.573902, 20.130945], [-126.585117, 20.129553], [-126.598658, 20.129803], [-126.612213, 20.129199], [-126.629215, 20.129472], [-126.695751, 20.140643], [-126.773686, 20.15649], [-126.84645, 20.180565], [-126.909706, 20.210316], [-126.951861, 20.218094], [-126.983756, 20.21833], [-127.015406, 20.213695], [-127.054416, 20.206153], [-127.084243, 20.204211], [-127.123296, 20.19653], [-127.16662, 20.194738], [-127.214148, 20.19021], [-127.253308, 20.183773], [-127.303626, 20.194716], [-127.358536, 20.198815], [-127.413855, 20.20684], [-127.476683, 20.223995], [-127.537965, 20.23098], [-127.606051, 20.252576], [-127.668921, 20.274625], [-127.749088, 20.294935], [-127.825585, 20.319815], [-127.898455, 20.340435], [-127.97375, 20.353396], [-128.050868, 20.36478], [-128.132236, 20.374585], [-128.205513, 20.365905], [-128.274393, 20.368245], [-128.339925, 20.368148], [-128.403418, 20.368685], [-128.460301, 20.378598], [-128.431559, 20.372066], [-128.444075, 20.372005], [-128.455503, 20.377256], [-128.469264, 20.380236], [-128.47982, 20.379553], [-128.491993, 20.381278], [-128.505044, 20.386471], [-128.515827, 20.390085], [-128.528173, 20.393678], [-128.540877, 20.396549], [-128.552502, 20.398363], [-128.567313, 20.398935], [-128.581356, 20.40048], [-128.592412, 20.399261], [-128.607298, 20.396792], [-128.622979, 20.395366], [-128.63496, 20.396203], [-128.648632, 20.396083], [-128.661626, 20.394281], [-128.67641, 20.39243], [-128.800085, 20.381635], [-128.76197, 20.384282], [-128.773536, 20.382306], [-128.786767, 20.379892], [-128.799093, 20.381327], [-128.810782, 20.384548], [-128.823613, 20.38457], [-128.83524, 20.385058], [-128.849247, 20.383097], [-128.8614, 20.381122], [-128.8743, 20.380649], [-128.88495, 20.382683], [-128.89743, 20.383437], [-128.910866, 20.381811], [-128.92109, 20.381427], [-129.017746, 20.383533], [-129.029152, 20.383659], [-129.040004, 20.383365], [-129.053201, 20.383423], [-129.066547, 20.384907], [-129.079258, 20.385023], [-129.09285, 20.385888], [-129.107212, 20.388661], [-129.121202, 20.389218], [-129.134724, 20.389894], [-129.148358, 20.392175], [-129.159728, 20.392583], [-129.171305, 20.391848], [-129.184811, 20.391072], [-129.195922, 20.391608], [-129.210819, 20.39289], [-129.223824, 20.39329], [-129.236767, 20.395566], [-129.250573, 20.396281], [-129.261932, 20.39826], [-129.276483, 20.401165], [-129.293514, 20.404844], [-129.3067, 20.407438], [-129.321282, 20.410492], [-129.333809, 20.413878], [-129.34576, 20.41567], [-129.38045, 20.42455], [-129.458985, 20.446886], [-129.535353, 20.466821], [-129.61657, 20.46695], [-129.696693, 20.478816], [-129.773791, 20.500263], [-129.86284, 20.525455], [-129.940753, 20.542276], [-130.018493, 20.557801], [-130.098573, 20.576738], [-130.169235, 20.606585], [-130.228608, 20.6386], [-130.296628, 20.664565], [-130.377588, 20.676033], [-130.444858, 20.683103], [-130.510948, 20.690593], [-130.580685, 20.709271], [-130.634908, 20.73147], [-130.698831, 20.753838], [-130.760306, 20.775596], [-130.822576, 20.785275], [-130.877358, 20.789093], [-130.946645, 20.809231], [-130.994731, 20.824155], [-131.048098, 20.838168], [-131.116633, 20.839733], [-131.185276, 20.846171], [-131.25879, 20.85823], [-131.338463, 20.867596], [-131.424293, 20.877456], [-131.504545, 20.878368], [-131.550436, 20.880108], [-131.563038, 20.880799], [-131.576902, 20.881078], [-131.589457, 20.881281], [-131.605776, 20.881643], [-131.618124, 20.88283], [-131.627512, 20.885339], [-131.640215, 20.887299], [-131.652096, 20.889199], [-131.660765, 20.89097], [-131.67369, 20.892665], [-131.688003, 20.894138], [-131.701111, 20.897789], [-131.71446, 20.899689], [-131.72867, 20.902986], [-131.740066, 20.905847], [-131.752641, 20.907727], [-131.765745, 20.909072], [-131.778369, 20.910301], [-131.790542, 20.91147], [-131.802796, 20.913717], [-131.8132, 20.915277], [-131.826953, 20.91414], [-131.84179, 20.914054], [-131.855096, 20.914648], [-131.869517, 20.916077], [-131.881849, 20.915933], [-131.896095, 20.916711], [-131.905953, 20.919202], [-131.91626, 20.924569], [-131.927572, 20.929673], [-131.941536, 20.933822], [-131.952892, 20.935562], [-131.964524, 20.936964], [-131.97665, 20.938052], [-131.987199, 20.939117], [-131.998144, 20.940941], [-132.012033, 20.942302], [-132.02302, 20.944302], [-132.035139, 20.945818], [-132.04971, 20.947278], [-132.060394, 20.947522], [-132.073099, 20.950388], [-132.083319, 20.954925], [-132.092765, 20.957314], [-132.120251, 20.966451], [-132.158628, 20.981144], [-132.205613, 20.986692], [-132.218052, 20.991837], [-132.23035, 20.995259], [-132.243168, 21.000077], [-132.252861, 21.005046], [-132.26256, 21.008392], [-132.2747, 21.014188], [-132.285543, 21.019741], [-132.295038, 21.024338], [-132.306315, 21.028207], [-132.318165, 21.034122], [-132.327413, 21.039833], [-132.339632, 21.045474], [-132.349992, 21.050403], [-132.360781, 21.055608], [-132.3707, 21.059908], [-132.381632, 21.065359], [-132.39178, 21.070281], [-132.402628, 21.074033], [-132.414088, 21.078004], [-132.422928, 21.08275], [-132.433407, 21.088637], [-132.442048, 21.092547], [-132.454815, 21.095938], [-132.463821, 21.10063], [-132.475407, 21.108801], [-132.486494, 21.114878], [-132.497122, 21.117787], [-132.506867, 21.121557], [-132.516263, 21.125339], [-132.527578, 21.128948], [-132.539306, 21.132951], [-132.554397, 21.13746], [-132.56791, 21.142347], [-132.58216, 21.147462], [-132.596613, 21.151079], [-132.609761, 21.154698], [-132.621207, 21.158183], [-132.636631, 21.161086], [-132.648425, 21.164502], [-132.660578, 21.167921], [-132.67515, 21.171275], [-132.692847, 21.175835], [-132.708001, 21.179534], [-132.723341, 21.182843], [-132.75145, 21.191178], [-132.77344, 21.198779], [-132.788918, 21.20337], [-132.803762, 21.206188], [-132.817433, 21.209629], [-132.830439, 21.212538], [-132.843807, 21.215614], [-132.857605, 21.218603], [-132.868739, 21.221201], [-132.883736, 21.225591], [-132.90044, 21.229763], [-132.912264, 21.233219], [-132.924643, 21.236305], [-132.936862, 21.238952], [-132.949903, 21.241696], [-132.961432, 21.244064], [-132.974117, 21.246671], [-132.984685, 21.248787], [-132.996376, 21.251463], [-133.009896, 21.254571], [-133.025573, 21.257668], [-133.037557, 21.25831], [-133.048207, 21.260382], [-133.060277, 21.262623], [-133.071863, 21.263848], [-133.082129, 21.265713], [-133.094944, 21.265842], [-133.103941, 21.266426], [-133.152408, 21.254746], [-133.169844, 21.248816], [-133.181258, 21.24473], [-133.191046, 21.242643], [-133.202594, 21.239567], [-133.21232, 21.237823], [-133.225433, 21.23642], [-133.237776, 21.235348], [-133.251011, 21.233903], [-133.260176, 21.232577], [-133.271832, 21.23077], [-133.282084, 21.229499], [-133.293549, 21.228462], [-133.303231, 21.22765], [-133.313244, 21.226944], [-133.32581, 21.22634], [-133.336507, 21.225783], [-133.347867, 21.225702], [-133.360498, 21.22553], [-133.371077, 21.225811], [-133.41399, 21.224732], [-133.424837, 21.224627], [-133.437099, 21.224428], [-133.450966, 21.224796], [-133.462377, 21.224983], [-133.473121, 21.225813], [-133.478359, 21.226232], [-133.491318, 21.226633], [-133.502496, 21.226379], [-133.512945, 21.226721], [-133.520671, 21.22749], [-133.529885, 21.229424], [-133.537749, 21.230766], [-133.54803, 21.233083], [-133.558548, 21.235093], [-133.566858, 21.236399], [-133.577197, 21.238892], [-133.587165, 21.241202], [-133.599034, 21.242414], [-133.607708, 21.243064], [-133.617734, 21.244895], [-133.627068, 21.24552], [-133.636538, 21.246175], [-133.644842, 21.247155], [-133.654818, 21.247799], [-133.699523, 21.25207], [-133.708061, 21.252016], [-133.717001, 21.251921], [-133.724076, 21.252391], [-133.731535, 21.253296], [-133.743507, 21.254418], [-133.752357, 21.254548], [-133.762836, 21.255833], [-133.771275, 21.257039], [-133.780412, 21.257633], [-133.788848, 21.258206], [-133.797121, 21.258493], [-133.806051, 21.258715], [-133.815902, 21.257914], [-133.826519, 21.258108], [-133.835381, 21.257838], [-133.84303, 21.256685], [-133.850073, 21.25628], [-133.859974, 21.256116], [-133.869043, 21.256025], [-133.878011, 21.255719], [-133.885653, 21.254113], [-133.896069, 21.252936], [-133.905677, 21.252747], [-133.914612, 21.252073], [-133.922067, 21.251839], [-133.929793, 21.251786], [-133.942036, 21.251249], [-133.951702, 21.251306], [-133.959332, 21.251506], [-133.969631, 21.251569], [-133.978155, 21.252783], [-133.986098, 21.255065], [-133.995708, 21.258063], [-134.005453, 21.260658], [-134.014836, 21.260994], [-134.022305, 21.261565], [-134.032148, 21.261978], [-134.044227, 21.261968], [-134.051945, 21.2623], [-134.059289, 21.262705], [-134.068852, 21.263551], [-134.079065, 21.265038], [-134.086527, 21.266098], [-134.096698, 21.267548], [-134.105638, 21.269728], [-134.116455, 21.270624], [-134.129701, 21.27253], [-134.13925, 21.273567], [-134.149528, 21.274542], [-134.157862, 21.274837], [-134.167882, 21.275061], [-134.178214, 21.27526], [-134.188402, 21.27494], [-134.19764, 21.274133], [-134.207821, 21.273119], [-134.216618, 21.273104], [-134.223807, 21.272301], [-134.234488, 21.271464], [-134.243089, 21.271642], [-134.253183, 21.270762], [-134.263891, 21.270509], [-134.272242, 21.270448], [-134.282322, 21.269274], [-134.292656, 21.268584], [-134.300917, 21.267947], [-134.309747, 21.268822], [-134.319998, 21.270004], [-134.329458, 21.271119], [-134.337718, 21.271951], [-134.347361, 21.2728], [-134.358496, 21.27352], [-134.369888, 21.274252], [-134.379108, 21.275468], [-134.390632, 21.277462], [-134.442058, 21.273286], [-134.455115, 21.272747], [-134.464882, 21.271089], [-134.473207, 21.270224], [-134.481677, 21.26953], [-134.490954, 21.268745], [-134.501184, 21.268125], [-134.510168, 21.267734], [-134.518105, 21.267747], [-134.527126, 21.267153], [-134.535007, 21.266919], [-134.544443, 21.266784], [-134.553192, 21.267089], [-134.562059, 21.268548], [-134.571209, 21.271069], [-134.578628, 21.275142], [-134.586849, 21.278539], [-134.595275, 21.28168], [-134.602037, 21.285023], [-134.609573, 21.287888], [-134.617125, 21.291402], [-134.627313, 21.294966], [-134.636521, 21.29776], [-134.646598, 21.301152], [-134.654686, 21.304353], [-134.66289, 21.306911], [-134.672271, 21.308936], [-134.682176, 21.310745], [-134.690882, 21.312038], [-134.699628, 21.312035], [-134.709135, 21.312125], [-134.717778, 21.312924], [-134.727181, 21.314066], [-134.742201, 21.314454], [-134.753935, 21.314653], [-134.770875, 21.31648], [-134.789108, 21.321194], [-134.799561, 21.325027], [-134.809976, 21.329702], [-134.821244, 21.334683], [-134.837931, 21.339624], [-134.846483, 21.342058], [-134.859755, 21.344231], [-134.872333, 21.344509], [-134.88261, 21.344199], [-134.893106, 21.344361], [-134.903479, 21.345241], [-134.91438, 21.347414], [-134.970151, 21.363516], [-135.043065, 21.384318], [-135.069636, 21.404096], [-135.077808, 21.41256], [-135.085232, 21.420701], [-135.093203, 21.428356], [-135.101217, 21.436285], [-135.109321, 21.444619], [-135.117467, 21.451681], [-135.126155, 21.458219], [-135.134295, 21.46363], [-135.143303, 21.467937], [-135.151933, 21.472223], [-135.16066, 21.475938], [-135.171403, 21.481635], [-135.197748, 21.492424], [-135.207113, 21.496689], [-135.217663, 21.499894], [-135.226863, 21.503413], [-135.236954, 21.505887], [-135.246906, 21.508261], [-135.257077, 21.510887], [-135.266119, 21.511704], [-135.275933, 21.512683], [-135.285338, 21.513264], [-135.295622, 21.513703], [-135.307599, 21.51456], [-135.318136, 21.515247], [-135.328685, 21.516137], [-135.339124, 21.516908], [-135.349432, 21.517802], [-135.393168, 21.52447], [-135.457115, 21.529195], [-135.466052, 21.531185], [-135.475248, 21.532416], [-135.482803, 21.533759], [-135.492565, 21.535626], [-135.502086, 21.537726], [-135.509012, 21.53959], [-135.517074, 21.542114], [-135.528654, 21.545365], [-135.539171, 21.548847], [-135.547693, 21.552981], [-135.555201, 21.554904], [-135.562839, 21.556434], [-135.57535, 21.557912], [-135.586192, 21.558357], [-135.596381, 21.558488], [-135.607933, 21.559192], [-135.618697, 21.560061], [-135.630549, 21.561629], [-135.643014, 21.563588], [-135.652828, 21.56576], [-135.662826, 21.568437], [-135.674398, 21.570923], [-135.685936, 21.57227], [-135.694651, 21.575643], [-135.704682, 21.580134], [-135.713051, 21.584288], [-135.722645, 21.588468], [-135.727983, 21.590725], [-135.738721, 21.596442], [-135.74652, 21.601436], [-135.752028, 21.605783], [-135.75887, 21.60935], [-135.767578, 21.613021], [-135.777865, 21.619474], [-135.78278, 21.624425], [-135.791783, 21.635515], [-135.799019, 21.639554], [-135.803882, 21.643245], [-135.810645, 21.649829], [-135.819148, 21.65432], [-135.827056, 21.660679], [-135.834424, 21.664168], [-135.84226, 21.668981], [-135.849398, 21.674679], [-135.856584, 21.680981], [-135.864128, 21.687343], [-135.873563, 21.688696], [-135.883431, 21.692135], [-135.898242, 21.694412], [-135.907098, 21.696406], [-135.914076, 21.697828], [-135.923863, 21.699971], [-135.933131, 21.701662], [-135.944361, 21.704176], [-135.954181, 21.705694], [-135.962716, 21.706637], [-135.978553, 21.709027], [-135.989714, 21.711821], [-136.000749, 21.714639], [-136.012067, 21.716551], [-136.022786, 21.719285], [-136.03303, 21.720068], [-136.042956, 21.717639], [-136.05054, 21.715492], [-136.059223, 21.713669], [-136.067533, 21.711817], [-136.074658, 21.71272], [-136.083065, 21.709552], [-136.090749, 21.705019], [-136.093383, 21.69879], [-136.099193, 21.69817], [-136.106006, 21.702012], [-136.11296, 21.704415], [-136.118888, 21.707144], [-136.124902, 21.711814], [-136.130857, 21.715397], [-136.135866, 21.718931], [-136.142855, 21.721448], [-136.148617, 21.724676], [-136.154229, 21.727308], [-136.162231, 21.729203], [-136.168136, 21.731505], [-136.175671, 21.734991], [-136.182729, 21.737931], [-136.189562, 21.74143], [-136.196185, 21.744561], [-136.201769, 21.747761], [-136.207446, 21.75042], [-136.215837, 21.75376], [-136.226527, 21.757912], [-136.236707, 21.762925], [-136.248139, 21.768477], [-136.259855, 21.773757], [-136.272, 21.778805], [-136.28419, 21.785162], [-136.291309, 21.789307], [-136.301115, 21.793827], [-136.312574, 21.796314], [-136.320512, 21.797826], [-136.330062, 21.800119], [-136.338989, 21.802133], [-136.346833, 21.805605], [-136.354719, 21.806993], [-136.362897, 21.807017], [-136.370951, 21.80649], [-136.379552, 21.805425], [-136.387972, 21.804315], [-136.395591, 21.80381], [-136.405314, 21.802686], [-136.413491, 21.801904], [-136.421112, 21.801166], [-136.429513, 21.801221], [-136.438298, 21.801099], [-136.446201, 21.800934], [-136.451485, 21.800672], [-136.461288, 21.802131], [-136.468083, 21.803951], [-136.476387, 21.804541], [-136.484464, 21.804536], [-136.489777, 21.805668], [-136.498117, 21.806793], [-136.504935, 21.808115], [-136.516547, 21.809249], [-136.525224, 21.809635], [-136.534712, 21.810156], [-136.543733, 21.810938], [-136.551613, 21.811172], [-136.56217, 21.811974], [-136.570815, 21.812846], [-136.577891, 21.812916], [-136.584576, 21.812846], [-136.593394, 21.812672], [-136.602784, 21.813155], [-136.610807, 21.814625], [-136.620269, 21.816842], [-136.627617, 21.819214], [-136.635384, 21.821971], [-136.646283, 21.823659], [-136.653076, 21.825001], [-136.660525, 21.826085], [-136.669618, 21.827209], [-136.678626, 21.829234], [-136.687006, 21.83026], [-136.695874, 21.832302], [-136.702669, 21.834104], [-136.710559, 21.835629], [-136.717257, 21.837243], [-136.725763, 21.83935], [-136.735464, 21.840399], [-136.743105, 21.841772], [-136.753631, 21.842301], [-136.759626, 21.842326], [-136.769314, 21.842399], [-136.779194, 21.842381], [-136.786094, 21.844076], [-136.795443, 21.847123], [-136.804752, 21.84962], [-136.81355, 21.850315], [-136.823536, 21.852614], [-136.831901, 21.854836], [-136.836971, 21.858339], [-136.847685, 21.858815], [-136.858102, 21.860825], [-136.860114, 21.866711], [-136.873299, 21.867594], [-136.893915, 21.865416], [-136.901511, 21.864586], [-136.909616, 21.863117], [-136.920801, 21.858905], [-136.932909, 21.85822], [-136.944732, 21.854065], [-136.957202, 21.853038], [-136.965634, 21.854263], [-136.973385, 21.854798], [-136.985281, 21.855493], [-136.996259, 21.855332], [-137.009498, 21.855016], [-137.021765, 21.85644], [-137.033597, 21.859622], [-137.044453, 21.862005], [-137.054551, 21.862815], [-137.064027, 21.864106], [-137.076244, 21.866227], [-137.085199, 21.867646], [-137.093021, 21.86922], [-137.100984, 21.870126], [-137.109961, 21.870312], [-137.118877, 21.870051], [-137.127233, 21.871152], [-137.138676, 21.870767], [-137.14867, 21.869868], [-137.154565, 21.870303], [-137.165456, 21.871505], [-137.173711, 21.872868], [-137.186014, 21.872029], [-137.197563, 21.872097], [-137.202631, 21.871474], [-137.214386, 21.870121], [-137.227162, 21.866202], [-137.237593, 21.864957], [-137.247563, 21.86372], [-137.256673, 21.862567], [-137.264266, 21.861128], [-137.275685, 21.858816], [-137.285278, 21.857324], [-137.294993, 21.854486], [-137.303, 21.853898], [-137.311084, 21.852979], [-137.321478, 21.852202], [-137.333638, 21.849878], [-137.341604, 21.848734], [-137.351755, 21.845327], [-137.358235, 21.845109], [-137.367936, 21.841819], [-137.408065, 21.83979], [-137.422648, 21.841498], [-137.434327, 21.840701], [-137.445053, 21.840009], [-137.454542, 21.837831], [-137.463691, 21.835536], [-137.474433, 21.832486], [-137.482191, 21.828916], [-137.493814, 21.825949], [-137.502365, 21.823823], [-137.515229, 21.820501], [-137.525623, 21.818027], [-137.533907, 21.815653], [-137.542786, 21.81215], [-137.553127, 21.808667], [-137.570865, 21.801381], [-137.613071, 21.786006], [-137.643559, 21.778338], [-137.653175, 21.775938], [-137.663032, 21.774226], [-137.672874, 21.771436], [-137.682898, 21.769572], [-137.693641, 21.763615], [-137.701382, 21.758611], [-137.710523, 21.756963], [-137.72213, 21.756389], [-137.732373, 21.757319], [-137.744028, 21.75846], [-137.75529, 21.758121], [-137.76718, 21.757385], [-137.779544, 21.7564], [-137.793249, 21.756209], [-137.805389, 21.756912], [-137.817841, 21.756726], [-137.830091, 21.756117], [-137.843202, 21.756169], [-137.856017, 21.757269], [-137.870813, 21.758985], [-137.886457, 21.762299], [-137.907213, 21.767875], [-137.949056, 21.771695], [-137.986628, 21.765343], [-138.003379, 21.760658], [-138.009571, 21.756459], [-138.019598, 21.752782], [-138.027058, 21.750338], [-138.035217, 21.747117], [-138.041585, 21.7444], [-138.051485, 21.742749], [-138.060238, 21.742019], [-138.069138, 21.746278], [-138.081364, 21.752341], [-138.090276, 21.757411], [-138.098998, 21.76044], [-138.108896, 21.763617], [-138.120524, 21.765485], [-138.131676, 21.766753], [-138.143927, 21.770138], [-138.158717, 21.774726], [-138.172847, 21.776968], [-138.18304, 21.77855], [-138.195596, 21.780405], [-138.207748, 21.782361], [-138.218856, 21.78469], [-138.231729, 21.7877], [-138.242877, 21.788454], [-138.253192, 21.789285], [-138.262992, 21.789811], [-138.274281, 21.790637], [-138.325231, 21.79298], [-138.396578, 21.783141], [-138.456447, 21.773852], [-138.469881, 21.77114], [-138.483399, 21.769303], [-138.497443, 21.768225], [-138.510008, 21.766938], [-138.522511, 21.766229], [-138.5348, 21.765522], [-138.549468, 21.76515], [-138.561984, 21.764962], [-138.574939, 21.764135], [-138.585927, 21.762702], [-138.59708, 21.760888], [-138.607498, 21.760034], [-138.618309, 21.758697], [-138.631834, 21.757342], [-138.643423, 21.755875], [-138.655099, 21.755292], [-138.669744, 21.754608], [-138.685665, 21.753323], [-138.696154, 21.751962], [-138.70942, 21.75264], [-138.725454, 21.754379], [-138.741598, 21.755296], [-138.756192, 21.756894], [-138.768787, 21.75897], [-138.780606, 21.760262], [-138.794326, 21.762844], [-138.805115, 21.767253], [-138.818784, 21.773437], [-138.831648, 21.77514], [-138.845487, 21.777234], [-138.856596, 21.78054], [-138.869061, 21.784222], [-138.881576, 21.78764], [-138.893827, 21.790664], [-138.906185, 21.792441], [-138.919113, 21.793464], [-138.931106, 21.795312], [-138.945585, 21.796932], [-138.956267, 21.798102], [-138.976515, 21.800383], [-139.021872, 21.803756], [-139.032888, 21.806666], [-139.046292, 21.813951], [-139.060703, 21.817196], [-139.071069, 21.817796], [-139.083155, 21.819849], [-139.09943, 21.82177], [-139.110362, 21.822201], [-139.125361, 21.823239], [-139.140762, 21.824026], [-139.153289, 21.825634], [-139.16521, 21.826521], [-139.18205, 21.827675], [-139.195615, 21.828411], [-139.211878, 21.82843], [-139.226207, 21.829562], [-139.240503, 21.829859], [-139.257133, 21.829986], [-139.270521, 21.830372], [-139.283428, 21.829858], [-139.302536, 21.829028], [-139.314706, 21.828554], [-139.326786, 21.828078], [-139.340729, 21.832198], [-139.353598, 21.832996], [-139.396891, 21.829985], [-139.482378, 21.826851], [-139.515054, 21.824274], [-139.526176, 21.822872], [-139.537982, 21.81964], [-139.550936, 21.817679], [-139.564025, 21.816154], [-139.576307, 21.814937], [-139.5893, 21.812648], [-139.600905, 21.811317], [-139.613437, 21.80983], [-139.624917, 21.806886], [-139.63601, 21.804251], [-139.649511, 21.802097], [-139.664906, 21.799546], [-139.679033, 21.798311], [-139.691571, 21.796965], [-139.705236, 21.796425], [-139.717926, 21.795083], [-139.729103, 21.794669], [-139.741475, 21.794175], [-139.755099, 21.795004], [-139.771299, 21.793812], [-139.782741, 21.792988], [-139.797205, 21.792383], [-139.8096, 21.791756], [-139.827317, 21.790927], [-139.843829, 21.790895], [-139.858222, 21.791299], [-139.869608, 21.791776], [-139.883988, 21.792106], [-139.898729, 21.79366], [-139.916185, 21.79467], [-139.928818, 21.795622], [-139.948218, 21.795113], [-139.963527, 21.795399], [-139.976842, 21.795556], [-139.992536, 21.796206], [-140.004829, 21.796644], [-140.015105, 21.797038], [-140.024936, 21.797654], [-140.037895, 21.798374], [-140.054334, 21.800028], [-140.062756, 21.799678], [-140.072889, 21.79991], [-140.083909, 21.799902], [-140.092525, 21.800831], [-140.101301, 21.801051], [-140.110202, 21.802332], [-140.123295, 21.802687], [-140.135676, 21.802958], [-140.150429, 21.801512], [-140.162544, 21.800648], [-140.172202, 21.80097], [-140.184233, 21.80094], [-140.196445, 21.801964], [-140.209074, 21.803026], [-140.219147, 21.803751], [-140.231159, 21.805148], [-140.241818, 21.805305], [-140.252519, 21.806858], [-140.265222, 21.808887], [-140.275678, 21.810501], [-140.287226, 21.811511], [-140.298687, 21.812367], [-140.309722, 21.813845], [-140.321141, 21.815202], [-140.331346, 21.815642], [-140.342757, 21.817143], [-140.356425, 21.818162], [-140.366247, 21.81915], [-140.433693, 21.830642], [-140.450462, 21.83419], [-140.467608, 21.83833], [-140.48105, 21.841473], [-140.492724, 21.842639], [-140.503821, 21.845809], [-140.512568, 21.847816], [-140.525531, 21.849866], [-140.535882, 21.852781], [-140.549779, 21.855174], [-140.561257, 21.856989], [-140.572255, 21.859019], [-140.585448, 21.863069], [-140.597843, 21.865056], [-140.608729, 21.867531], [-140.619616, 21.869145], [-140.66268, 21.875591], [-140.686469, 21.878185], [-140.698759, 21.881176], [-140.712562, 21.884583], [-140.72434, 21.88833], [-140.737348, 21.892414], [-140.749567, 21.8953], [-140.763465, 21.897703], [-140.773693, 21.899857], [-140.786486, 21.902465], [-140.796181, 21.905262], [-140.807528, 21.910725], [-140.822074, 21.915253], [-140.834766, 21.919716], [-140.84572, 21.923795], [-140.856728, 21.927238], [-140.868695, 21.931331], [-140.882652, 21.937093], [-140.894772, 21.941504], [-140.909821, 21.947374], [-140.922501, 21.952804], [-140.934228, 21.956789], [-140.947947, 21.961586], [-140.958701, 21.96522], [-140.972845, 21.97101], [-140.987534, 21.976253], [-140.999512, 21.981089], [-141.013312, 21.988347], [-141.026429, 21.992266], [-141.038697, 21.996575], [-141.050224, 22.000414], [-141.063158, 22.003387], [-141.076463, 22.006788], [-141.087182, 22.009328], [-141.100807, 22.014196], [-141.111256, 22.017112], [-141.121725, 22.021219], [-141.130091, 22.025595], [-141.141961, 22.029409], [-141.201868, 22.036803], [-141.267291, 22.044218], [-141.316465, 22.048438], [-141.333846, 22.048648], [-141.345578, 22.049672], [-141.357133, 22.049981], [-141.368705, 22.049909], [-141.379359, 22.050262], [-141.390045, 22.050835], [-141.400671, 22.051728], [-141.412101, 22.053458], [-141.4228, 22.056703], [-141.436918, 22.059947], [-141.448927, 22.064188], [-141.463143, 22.067438], [-141.474667, 22.070122], [-141.485694, 22.072358], [-141.49817, 22.074075], [-141.509304, 22.0756], [-141.522163, 22.077843], [-141.534385, 22.078997], [-141.547483, 22.081112], [-141.558069, 22.083701], [-141.574704, 22.088714], [-141.586357, 22.092223], [-141.598439, 22.096215], [-141.610758, 22.100189], [-141.621865, 22.102222], [-141.636189, 22.103826], [-141.646093, 22.105088], [-141.657374, 22.108666], [-141.668654, 22.110592], [-141.681495, 22.112867], [-141.694546, 22.116358], [-141.706234, 22.119552], [-141.72044, 22.125043], [-141.734671, 22.129878], [-141.745539, 22.132502], [-141.756491, 22.13395], [-141.767816, 22.135947], [-141.781843, 22.138072], [-141.796081, 22.139658], [-141.808902, 22.140157], [-141.818916, 22.141169], [-141.831275, 22.142355], [-141.843052, 22.144038], [-141.855426, 22.144176], [-141.866024, 22.144485], [-141.879017, 22.144784], [-141.889406, 22.144746], [-141.904537, 22.145478], [-141.915914, 22.145435], [-141.928275, 22.146272], [-141.940539, 22.148354], [-141.953513, 22.149983], [-141.964608, 22.150954], [-141.977978, 22.151597], [-141.991565, 22.151762], [-142.005828, 22.153603], [-142.01835, 22.15421], [-142.029427, 22.155049], [-142.041241, 22.155454], [-142.052045, 22.15556], [-142.062859, 22.155036], [-142.075064, 22.155014], [-142.086173, 22.153528], [-142.097091, 22.152821], [-142.108552, 22.153399], [-142.120199, 22.151807], [-142.132597, 22.149477], [-142.143156, 22.149003], [-142.155511, 22.148267], [-142.167397, 22.147487], [-142.178376, 22.147592], [-142.190102, 22.146741], [-142.20172, 22.145706], [-142.21438, 22.144852], [-142.227601, 22.144387], [-142.238353, 22.143204], [-142.252351, 22.141421], [-142.26425, 22.140988], [-142.275641, 22.140783], [-142.288727, 22.141461], [-142.301854, 22.141333], [-142.314584, 22.140932], [-142.326733, 22.141438], [-142.341463, 22.141609], [-142.354322, 22.140901], [-142.369583, 22.142273], [-142.380132, 22.142482], [-142.394107, 22.142547], [-142.40672, 22.141941], [-142.419792, 22.142481], [-142.434971, 22.141629], [-142.450553, 22.141086], [-142.462038, 22.140136], [-142.475512, 22.139858], [-142.487389, 22.139174], [-142.4989, 22.137879], [-142.511446, 22.137914], [-142.553172, 22.137075], [-142.567607, 22.136461], [-142.581406, 22.135284], [-142.597596, 22.133599], [-142.607149, 22.132691], [-142.621061, 22.132907], [-142.63348, 22.133359], [-142.649869, 22.133711], [-142.663942, 22.133958], [-142.681252, 22.134156], [-142.694951, 22.134825], [-142.70604, 22.135852], [-142.723241, 22.136937], [-142.736848, 22.137421], [-142.749781, 22.136962], [-142.765552, 22.137311], [-142.778979, 22.138882], [-142.792645, 22.137998], [-142.804896, 22.136467], [-142.819233, 22.139475], [-142.834629, 22.143627], [-142.846043, 22.14773], [-142.857842, 22.152617], [-142.871981, 22.157954], [-142.886353, 22.160308], [-142.901249, 22.165267], [-142.917522, 22.170704], [-142.93144, 22.175247], [-142.943486, 22.180109], [-142.959479, 22.184758], [-142.972508, 22.188439], [-142.989637, 22.193418], [-143.003459, 22.195637], [-143.017009, 22.198505], [-143.029192, 22.200496], [-143.041883, 22.20202], [-143.062813, 22.203292], [-143.076435, 22.204977], [-143.089102, 22.206106], [-143.101307, 22.206799], [-143.115745, 22.206434], [-143.131179, 22.204991], [-143.143216, 22.203312], [-143.160525, 22.202305], [-143.172988, 22.200448], [-143.190006, 22.199445], [-143.202177, 22.200632], [-143.218824, 22.199144], [-143.228755, 22.196897], [-143.239933, 22.194255], [-143.253871, 22.192014], [-143.266226, 22.190684], [-143.281178, 22.190444], [-143.293571, 22.192355], [-143.310139, 22.195778], [-143.324, 22.202244], [-143.337271, 22.207436], [-143.377911, 22.20898], [-143.404662, 22.191948], [-143.420612, 22.183247], [-143.432755, 22.173746], [-143.445169, 22.168504], [-143.465189, 22.165587], [-143.47646, 22.163717], [-143.489593, 22.162934], [-143.501505, 22.15781], [-143.511072, 22.154077], [-143.522853, 22.153577], [-143.535117, 22.154011], [-143.544475, 22.160468], [-143.555486, 22.163828], [-143.56954, 22.172067], [-143.581605, 22.173507], [-143.594817, 22.171953], [-143.603081, 22.169458], [-143.613853, 22.172359], [-143.627021, 22.17118], [-143.63646, 22.167849], [-143.645821, 22.163299], [-143.655502, 22.159181], [-143.66969, 22.156115], [-143.685837, 22.15238], [-143.697409, 22.148514], [-143.70813, 22.146766], [-143.720542, 22.152845], [-143.730935, 22.15718], [-143.741634, 22.159775], [-143.751363, 22.161373], [-143.760316, 22.162166], [-143.769097, 22.162819], [-143.776067, 22.16363], [-143.786829, 22.165547], [-143.795856, 22.166389], [-143.797982, 22.166527], [-143.882688, 22.174371], [-143.895479, 22.174554], [-143.906644, 22.174053], [-143.918221, 22.173677], [-143.929461, 22.173398], [-143.941115, 22.17214], [-143.953712, 22.171442], [-143.965024, 22.170224], [-143.978093, 22.168285], [-143.986626, 22.167321], [-143.998465, 22.164938], [-144.00706, 22.163879], [-144.016615, 22.161926], [-144.027984, 22.159605], [-144.03782, 22.157762], [-144.048653, 22.155921], [-144.062668, 22.153941], [-144.076253, 22.151474], [-144.089659, 22.148906], [-144.1047, 22.144442], [-144.115082, 22.141031], [-144.128408, 22.136445], [-144.144323, 22.132816], [-144.158758, 22.129746], [-144.171725, 22.126413], [-144.183605, 22.124471], [-144.199654, 22.124722], [-144.215402, 22.125849], [-144.228382, 22.127983], [-144.242148, 22.128203], [-144.254666, 22.127272], [-144.269553, 22.125317], [-144.285893, 22.123867], [-144.298421, 22.122506], [-144.311678, 22.121066], [-144.324537, 22.12114], [-144.33665, 22.123583], [-144.349767, 22.122852], [-144.363845, 22.119423], [-144.393733, 22.095953], [-144.407824, 22.087384], [-144.419925, 22.082403], [-144.434018, 22.076718], [-144.447372, 22.072902], [-144.460287, 22.071057], [-144.474399, 22.06975], [-144.488721, 22.065728], [-144.501308, 22.061158], [-144.514434, 22.055751], [-144.529896, 22.051218], [-144.541944, 22.048902], [-144.555472, 22.04701], [-144.569204, 22.045356], [-144.587697, 22.044513], [-144.602137, 22.04324], [-144.616213, 22.041985], [-144.631033, 22.041122], [-144.643989, 22.042959], [-144.658734, 22.047626], [-144.674719, 22.050608], [-144.685826, 22.051853], [-144.702, 22.054147], [-144.713479, 22.057973], [-144.727044, 22.060594], [-144.742523, 22.06411], [-144.755596, 22.065484], [-144.768899, 22.06462], [-144.783449, 22.064141], [-144.79604, 22.063834], [-144.808283, 22.061868], [-144.820932, 22.060645], [-144.833467, 22.060178], [-144.84602, 22.059306], [-144.857834, 22.05844], [-144.8741, 22.056577], [-144.890696, 22.05467], [-144.908231, 22.053412], [-144.922613, 22.051649], [-144.94245, 22.048882], [-144.996013, 22.044946], [-145.024891, 22.042255], [-145.040144, 22.039994], [-145.053173, 22.038639], [-145.068911, 22.0374], [-145.081913, 22.035906], [-145.095375, 22.036235], [-145.105768, 22.035393], [-145.118592, 22.033366], [-145.130826, 22.031791], [-145.148451, 22.031773], [-145.163224, 22.031968], [-145.178765, 22.033253], [-145.192683, 22.033572], [-145.214305, 22.030832], [-145.232118, 22.028951], [-145.254078, 22.028797], [-145.268208, 22.02934], [-145.282455, 22.030708], [-145.299341, 22.032698], [-145.315296, 22.034328], [-145.335787, 22.036842], [-145.348765, 22.036611], [-145.362566, 22.036071], [-145.380299, 22.036746], [-145.396308, 22.038585], [-145.41296, 22.039573], [-145.428074, 22.039654], [-145.4448, 22.038564], [-145.462443, 22.037669], [-145.47992, 22.038371], [-145.495406, 22.037713], [-145.510707, 22.037871], [-145.523954, 22.039532], [-145.535594, 22.041027], [-145.549801, 22.043205], [-145.563466, 22.04498], [-145.575712, 22.045926], [-145.589784, 22.045038], [-145.607559, 22.042139], [-145.622062, 22.039947], [-145.660643, 22.026], [-145.679359, 22.016684], [-145.690573, 22.012217], [-145.708029, 22.007239], [-145.724108, 22.004023], [-145.739622, 22.003438], [-145.754968, 22.001088], [-145.768526, 21.998261], [-145.785051, 21.994422], [-145.798331, 21.989825], [-145.811614, 21.986353], [-145.826872, 21.982992], [-145.845287, 21.981935], [-145.861164, 21.981361], [-145.877842, 21.982514], [-145.889168, 21.985056], [-145.900996, 21.985986], [-145.913233, 21.984415], [-145.929248, 21.983114], [-145.940913, 21.984412], [-145.956361, 21.986602], [-145.969471, 21.988813], [-145.982352, 21.990627], [-145.995252, 21.991393], [-146.011517, 21.992485], [-146.073446, 21.99537], [-146.131342, 22.010583], [-146.139626, 22.011721], [-146.200583, 22.020593], [-146.271993, 22.01819], [-146.335508, 22.02129], [-146.388396, 22.028901], [-146.398777, 22.030319], [-146.414155, 22.033078], [-146.424991, 22.036178], [-146.433954, 22.041396], [-146.443846, 22.047884], [-146.45436, 22.055132], [-146.464702, 22.060024], [-146.477597, 22.062572], [-146.490561, 22.0658], [-146.503541, 22.069593], [-146.515528, 22.07311], [-146.52751, 22.076353], [-146.540815, 22.077836], [-146.554214, 22.079455], [-146.563953, 22.083953], [-146.57724, 22.092414], [-146.590072, 22.100811], [-146.600324, 22.105626], [-146.604315, 22.111196], [-146.608714, 22.117086], [-146.621684, 22.120221], [-146.636091, 22.122862], [-146.648434, 22.12574], [-146.658952, 22.1295], [-146.67469, 22.13442], [-146.687311, 22.14031], [-146.699218, 22.143415], [-146.710092, 22.147279], [-146.724302, 22.160928], [-146.735944, 22.167291], [-146.750744, 22.1703], [-146.765081, 22.174654], [-146.775287, 22.17715], [-146.786967, 22.18077], [-146.799888, 22.185324], [-146.811756, 22.188884], [-146.86075, 22.203227], [-146.871254, 22.204747], [-146.884822, 22.204625], [-146.900255, 22.202779], [-146.913241, 22.200898], [-146.929078, 22.199199], [-146.942266, 22.198523], [-146.953687, 22.199983], [-146.965102, 22.203125], [-146.980876, 22.208444], [-146.99504, 22.211597], [-147.008604, 22.214258], [-147.021673, 22.216649], [-147.032767, 22.220923], [-147.046153, 22.223282], [-147.063244, 22.224486], [-147.074749, 22.226518], [-147.087482, 22.230305], [-147.09822, 22.234547], [-147.115475, 22.240942], [-147.128032, 22.247292], [-147.140025, 22.251562], [-147.152314, 22.255423], [-147.164527, 22.261265], [-147.185925, 22.27134], [-147.196868, 22.276109], [-147.21125, 22.282927], [-147.22516, 22.284692], [-147.239831, 22.286414], [-147.253888, 22.28971], [-147.267212, 22.289717], [-147.288925, 22.287682], [-147.303184, 22.28603], [-147.316096, 22.285202], [-147.329598, 22.286415], [-147.346279, 22.286344], [-147.363021, 22.28585], [-147.379642, 22.286058], [-147.394857, 22.287133], [-147.411628, 22.287745], [-147.427366, 22.288279], [-147.437789, 22.289101], [-147.453518, 22.291639], [-147.467244, 22.292038], [-147.48061, 22.293502], [-147.498089, 22.295724], [-147.510895, 22.29723], [-147.526903, 22.299502], [-147.542094, 22.301836], [-147.555029, 22.303538], [-147.567742, 22.306247], [-147.58032, 22.308883], [-147.589927, 22.309549], [-147.597508, 22.309018], [-147.604477, 22.30746], [-147.610653, 22.305565], [-147.616693, 22.303513], [-147.622913, 22.301255], [-147.645241, 22.290087], [-147.651826, 22.28646], [-147.658044, 22.28319], [-147.664247, 22.280482], [-147.670029, 22.276863], [-147.675643, 22.273001], [-147.681469, 22.269615], [-147.687764, 22.266165], [-147.69339, 22.262609], [-147.698912, 22.25915], [-147.704805, 22.255004], [-147.709722, 22.250883], [-147.714662, 22.246622], [-147.721318, 22.241748], [-147.729, 22.236908], [-147.736313, 22.232684], [-147.744457, 22.228146], [-147.75128, 22.22436], [-147.760789, 22.219576], [-147.769615, 22.216065], [-147.776607, 22.212066], [-147.783585, 22.208376], [-147.791001, 22.204457], [-147.799086, 22.199401], [-147.807347, 22.194982], [-147.815447, 22.189958], [-147.82491, 22.184172], [-147.83138, 22.179856], [-147.838518, 22.1739], [-147.844417, 22.168729], [-147.850308, 22.164144], [-147.866333, 22.150983], [-147.872886, 22.14531], [-147.880539, 22.138949], [-147.886578, 22.134564], [-147.894975, 22.131995], [-147.903483, 22.128001], [-147.91347, 22.123632], [-147.922336, 22.117908], [-147.930703, 22.114241], [-147.939157, 22.110257], [-147.947146, 22.106948], [-147.954913, 22.103899], [-147.963476, 22.101686], [-147.971638, 22.099746], [-147.98008, 22.098361], [-147.987532, 22.096817], [-147.995181, 22.094816], [-148.005159, 22.092742], [-148.014986, 22.089709], [-148.024549, 22.085954], [-148.033343, 22.083901], [-148.040726, 22.081328], [-148.049805, 22.07906], [-148.061428, 22.077125], [-148.070497, 22.074884], [-148.081838, 22.072662], [-148.090577, 22.070857], [-148.097352, 22.067495], [-148.105864, 22.063626], [-148.112601, 22.060702], [-148.119665, 22.057345], [-148.128664, 22.052968], [-148.137304, 22.049835], [-148.144601, 22.047252], [-148.153758, 22.044154], [-148.162338, 22.040675], [-148.169747, 22.037568], [-148.176874, 22.034117], [-148.183619, 22.030546], [-148.191273, 22.028406], [-148.199197, 22.02402], [-148.206207, 22.020401], [-148.21731, 22.016492], [-148.224837, 22.013477], [-148.232381, 22.008415], [-148.240094, 22.002971], [-148.252424, 21.992249], [-148.260351, 21.988602], [-148.269997, 21.985235], [-148.276889, 21.981855], [-148.285884, 21.980462], [-148.294848, 21.979423], [-148.304862, 21.979245], [-148.314566, 21.978957], [-148.322216, 21.978965], [-148.331322, 21.979538], [-148.341177, 21.9796], [-148.348911, 21.976244], [-148.356721, 21.972718], [-148.363593, 21.968291], [-148.369146, 21.962477], [-148.373939, 21.955412], [-148.381188, 21.952973], [-148.389108, 21.949446], [-148.397713, 21.947372], [-148.406445, 21.943909], [-148.417145, 21.939615], [-148.427948, 21.935355], [-148.437123, 21.932635], [-148.448339, 21.930542], [-148.457065, 21.928021], [-148.465385, 21.925159], [-148.473468, 21.922902], [-148.480429, 21.920518], [-148.487272, 21.917766], [-148.493367, 21.914847], [-148.498256, 21.911818], [-148.504646, 21.907456], [-148.511667, 21.903389], [-148.518528, 21.90001], [-148.524857, 21.895649], [-148.530323, 21.890512], [-148.536108, 21.884398], [-148.541539, 21.879164], [-148.547083, 21.873618], [-148.552026, 21.869136], [-148.557133, 21.864832], [-148.562071, 21.860401], [-148.566185, 21.854759], [-148.57019, 21.849427], [-148.574053, 21.844131], [-148.577843, 21.838678], [-148.58218, 21.833014], [-148.586003, 21.827343], [-148.590692, 21.821168], [-148.595147, 21.816226], [-148.600813, 21.810953], [-148.606352, 21.806174], [-148.612282, 21.801163], [-148.617386, 21.795809], [-148.622837, 21.791281], [-148.629109, 21.786037], [-148.634947, 21.78186], [-148.6568, 21.762693], [-148.669525, 21.754414], [-148.679007, 21.751564], [-148.691307, 21.75127], [-148.704007, 21.750118], [-148.715536, 21.749443], [-148.731538, 21.748912], [-148.748234, 21.746756], [-148.761109, 21.745303], [-148.773807, 21.743296], [-148.785958, 21.742624], [-148.79961, 21.740612], [-148.817604, 21.737871], [-148.830102, 21.734872], [-148.842913, 21.734055], [-148.856368, 21.731782], [-148.869651, 21.731021], [-148.883055, 21.729701], [-148.89511, 21.727978], [-148.909332, 21.72685], [-148.920429, 21.725525], [-148.917743, 21.733553], [-148.917113, 21.742231], [-148.916901, 21.751118], [-148.918697, 21.751195], [-148.927913, 21.750621], [-148.940687, 21.747815], [-148.952562, 21.745948], [-148.968278, 21.743528], [-148.982429, 21.742427], [-148.995164, 21.741021], [-149.009314, 21.739123], [-149.01969, 21.737658], [-149.030556, 21.737184], [-149.044015, 21.737367], [-149.058041, 21.73841], [-149.070118, 21.739221], [-149.093313, 21.741373], [-149.106371, 21.739967], [-149.120674, 21.737236], [-149.147737, 21.735082], [-149.160648, 21.73149], [-149.17225, 21.729232], [-149.186975, 21.725698], [-149.197624, 21.723239], [-149.210437, 21.721379], [-149.221742, 21.719489], [-149.234417, 21.717008], [-149.246501, 21.71411], [-149.260619, 21.711346], [-149.274126, 21.71087], [-149.285951, 21.70918], [-149.298896, 21.707769], [-149.313139, 21.706118], [-149.326841, 21.704341], [-149.343966, 21.702044], [-149.360787, 21.700138], [-149.375368, 21.697539], [-149.391902, 21.695187], [-149.405248, 21.69237], [-149.421495, 21.690719], [-149.434616, 21.689967], [-149.450497, 21.688895], [-149.462285, 21.688208], [-149.475849, 21.686215], [-149.494728, 21.685972], [-149.50691, 21.685747], [-149.520216, 21.685289], [-149.534941, 21.683964], [-149.551562, 21.680325], [-149.563849, 21.678596], [-149.57693, 21.675775], [-149.590894, 21.673165], [-149.608442, 21.669388], [-149.621847, 21.665833], [-149.637779, 21.661989], [-149.662301, 21.654173], [-149.682852, 21.649139], [-149.697817, 21.646184], [-149.712621, 21.642653], [-149.725509, 21.640483], [-149.739268, 21.638462], [-149.751467, 21.636397], [-149.765921, 21.633671], [-149.779241, 21.632624], [-149.792257, 21.632524], [-149.80572, 21.631759], [-149.820419, 21.63175], [-149.834539, 21.632638], [-149.84628, 21.632009], [-149.859617, 21.63003], [-149.873175, 21.629421], [-149.885771, 21.62892], [-149.897557, 21.629245], [-149.909375, 21.628496], [-149.922882, 21.627259], [-149.940523, 21.628187], [-149.955077, 21.628707], [-149.971714, 21.627379], [-149.987767, 21.627127], [-149.99995, 21.628965], [-150.013667, 21.631033], [-150.027841, 21.631729], [-150.042868, 21.632213], [-150.055851, 21.633254], [-150.070356, 21.633227], [-150.082825, 21.633609], [-150.094847, 21.633388], [-150.108009, 21.634069], [-150.120103, 21.634638], [-150.133946, 21.635383], [-150.146871, 21.636956], [-150.160355, 21.637835], [-150.17212, 21.637678], [-150.184805, 21.638399], [-150.196608, 21.638872], [-150.207805, 21.640362], [-150.218433, 21.641087], [-150.231541, 21.640884], [-150.245145, 21.642448], [-150.260364, 21.644378], [-150.271517, 21.646347], [-150.286247, 21.648313], [-150.298838, 21.651396], [-150.311986, 21.653266], [-150.325178, 21.655967], [-150.339602, 21.658643], [-150.353253, 21.660406], [-150.366702, 21.661933], [-150.379993, 21.663076], [-150.392335, 21.662051], [-150.404738, 21.660639], [-150.415861, 21.658387], [-150.426854, 21.658226], [-150.437825, 21.656948], [-150.453759, 21.656087], [-150.463721, 21.65527], [-150.473752, 21.655114], [-150.485683, 21.65403], [-150.49576, 21.652509], [-150.505084, 21.650849], [-150.518728, 21.647999], [-150.528975, 21.646764], [-150.541254, 21.645339], [-150.553598, 21.643095], [-150.569107, 21.640931], [-150.581076, 21.63935], [-150.593461, 21.637846], [-150.605908, 21.634837], [-150.619743, 21.631847], [-150.634801, 21.62958], [-150.671631, 21.626715], [-150.728108, 21.616801], [-150.750103, 21.610365], [-150.80437, 21.58954], [-150.840341, 21.571365], [-150.852447, 21.567453], [-150.86436, 21.563482], [-150.876086, 21.559045], [-150.887609, 21.55647], [-150.897789, 21.55156], [-150.908577, 21.546478], [-150.920754, 21.541088], [-150.931186, 21.536589], [-150.942443, 21.533121], [-150.956389, 21.530093], [-150.969432, 21.527564], [-150.98469, 21.525254], [-150.999133, 21.522019], [-151.013824, 21.519099], [-151.027377, 21.516911], [-151.04239, 21.515988], [-151.058872, 21.516226], [-151.078766, 21.516222], [-151.09354, 21.515787], [-151.106769, 21.514936], [-151.119711, 21.514192], [-151.13353, 21.51353], [-151.146027, 21.513243], [-151.157793, 21.513835], [-151.170014, 21.512554], [-151.182803, 21.511767], [-151.195593, 21.51133], [-151.20853, 21.511188], [-151.218126, 21.510671], [-151.232692, 21.509644], [-151.252746, 21.509176], [-151.268628, 21.510416], [-151.288071, 21.513132], [-151.305665, 21.514656], [-151.319514, 21.514308], [-151.336766, 21.513655], [-151.349803, 21.513436], [-151.364508, 21.512892], [-151.381917, 21.513699], [-151.397783, 21.515224], [-151.412982, 21.517247], [-151.432353, 21.519305], [-151.447053, 21.521218], [-151.46135, 21.521868], [-151.472465, 21.523152], [-151.485507, 21.523703], [-151.49829, 21.523382], [-151.515857, 21.522935], [-151.539445, 21.52461], [-151.600363, 21.53037], [-151.663063, 21.534221], [-151.677311, 21.534943], [-151.687609, 21.536206], [-151.699322, 21.537029], [-151.710754, 21.538897], [-151.725213, 21.541058], [-151.737736, 21.543182], [-151.750224, 21.545315], [-151.763088, 21.547382], [-151.778521, 21.551048], [-151.790541, 21.553752], [-151.804587, 21.556088], [-151.815936, 21.558124], [-151.827746, 21.559915], [-151.844648, 21.563784], [-151.856937, 21.567247], [-151.87048, 21.571667], [-151.886764, 21.576954], [-151.899477, 21.580924], [-151.911906, 21.58508], [-151.925281, 21.588041], [-151.935666, 21.591003], [-151.94992, 21.595108], [-151.972988, 21.601879], [-151.989065, 21.609703], [-152.000831, 21.614707], [-152.013702, 21.619099], [-152.024918, 21.623446], [-152.037079, 21.627409], [-152.051843, 21.633416], [-152.063181, 21.63872], [-152.074123, 21.644243], [-152.085818, 21.648941], [-152.096925, 21.653602], [-152.110654, 21.659763], [-152.123187, 21.665926], [-152.133374, 21.670279], [-152.143404, 21.674345], [-152.159328, 21.681064], [-152.171583, 21.686003], [-152.183687, 21.691513], [-152.19685, 21.697186], [-152.207819, 21.702533], [-152.223786, 21.708829], [-152.234949, 21.713937], [-152.245839, 21.718538], [-152.25756, 21.723584], [-152.270283, 21.72885], [-152.280085, 21.732798], [-152.305525, 21.739788], [-152.316868, 21.740729], [-152.330304, 21.742229], [-152.344683, 21.745264], [-152.357574, 21.747641], [-152.370078, 21.748226], [-152.379525, 21.744919], [-152.38922, 21.740668], [-152.400754, 21.737507], [-152.414353, 21.73798], [-152.435071, 21.742421], [-152.444102, 21.744942], [-152.45341, 21.746976], [-152.466388, 21.749438], [-152.476803, 21.751603], [-152.49081, 21.754276], [-152.50353, 21.755601], [-152.516808, 21.757189], [-152.527977, 21.757489], [-152.541202, 21.758346], [-152.551647, 21.758616], [-152.56133, 21.758112], [-152.57281, 21.758265], [-152.582752, 21.759343], [-152.594454, 21.760401], [-152.604848, 21.760667], [-152.617632, 21.761733], [-152.627781, 21.76462], [-152.637521, 21.766909], [-152.650603, 21.771109], [-152.664818, 21.776092], [-152.678726, 21.78085], [-152.690321, 21.785582], [-152.708859, 21.791997], [-152.720005, 21.795575], [-152.728576, 21.803781], [-152.73699, 21.811967], [-152.745568, 21.819763], [-152.755671, 21.831607], [-152.764069, 21.842106], [-152.771996, 21.852569], [-152.778511, 21.861651], [-152.785447, 21.860273], [-152.792265, 21.85564], [-152.797387, 21.846978], [-152.806367, 21.839298], [-152.81769, 21.830991], [-152.829687, 21.817347], [-152.840553, 21.803181], [-152.849002, 21.791558], [-152.860959, 21.78815], [-152.878693, 21.783861], [-152.891948, 21.779863], [-152.905792, 21.775781], [-152.917134, 21.773632], [-152.931781, 21.767416], [-152.941773, 21.763115], [-152.956427, 21.757495], [-152.968581, 21.751581], [-152.982244, 21.745602], [-152.99213, 21.741389], [-153.001748, 21.736407], [-153.014757, 21.732429], [-153.02953, 21.727802], [-153.040637, 21.725281], [-153.051223, 21.722712], [-153.062597, 21.718871], [-153.074103, 21.715526], [-153.085925, 21.713703], [-153.099559, 21.710348], [-153.112451, 21.706471], [-153.121518, 21.702865], [-153.12598, 21.693748], [-153.132429, 21.682348], [-153.135195, 21.670084], [-153.14126, 21.662375], [-153.150339, 21.656369], [-153.160028, 21.649027], [-153.16852, 21.642431], [-153.176438, 21.636782], [-153.184423, 21.63], [-153.188605, 21.621676], [-153.190482, 21.612155], [-153.192434, 21.600525], [-153.196917, 21.590547], [-153.200993, 21.578684], [-153.207671, 21.569551], [-153.216088, 21.559853], [-153.227601, 21.547883], [-153.24087, 21.530414], [-153.248516, 21.515941], [-153.255398, 21.510734], [-153.26171, 21.514339], [-153.268499, 21.519325], [-153.275425, 21.523994], [-153.283103, 21.527696], [-153.290764, 21.531853], [-153.298179, 21.53643], [-153.306117, 21.540628], [-153.313505, 21.544642], [-153.321472, 21.54899], [-153.327867, 21.552512], [-153.334539, 21.555652], [-153.342154, 21.559942], [-153.35096, 21.564696], [-153.358516, 21.568795], [-153.365911, 21.572834], [-153.372469, 21.576753], [-153.378489, 21.581648], [-153.385836, 21.586572], [-153.393097, 21.590713], [-153.400904, 21.59492], [-153.406964, 21.599575], [-153.41333, 21.603808], [-153.420027, 21.608102], [-153.426354, 21.61301], [-153.432868, 21.617339], [-153.439862, 21.62221], [-153.446464, 21.626581], [-153.453697, 21.630894], [-153.461505, 21.634172], [-153.468459, 21.63739], [-153.475015, 21.640707], [-153.484314, 21.64462], [-153.490831, 21.648242], [-153.49666, 21.653936], [-153.505749, 21.659986], [-153.512737, 21.663872], [-153.518459, 21.660874], [-153.527546, 21.662576], [-153.543785, 21.677913], [-153.557428, 21.685571], [-153.568773, 21.685102], [-153.577322, 21.684628], [-153.586808, 21.685181], [-153.595416, 21.687298], [-153.604766, 21.689831], [-153.614081, 21.693252], [-153.625656, 21.693891], [-153.634489, 21.6969], [-153.640168, 21.703445], [-153.646881, 21.710007], [-153.653085, 21.717076], [-153.660145, 21.72296], [-153.669647, 21.731197], [-153.674948, 21.737418], [-153.682193, 21.744676], [-153.687703, 21.750001], [-153.6936, 21.755289], [-153.703435, 21.760377], [-153.713856, 21.765092], [-153.723924, 21.768962], [-153.732626, 21.773554], [-153.741662, 21.779268], [-153.751071, 21.785744], [-153.760836, 21.792678], [-153.769538, 21.798384], [-153.776901, 21.80374], [-153.784747, 21.808194], [-153.793282, 21.81263], [-153.802569, 21.816891], [-153.811147, 21.821592], [-153.819067, 21.827029], [-153.829022, 21.834229], [-153.836112, 21.839552], [-153.84482, 21.846455], [-153.85296, 21.856044], [-153.854467, 21.871289], [-153.855607, 21.884909], [-153.86033, 21.897025], [-153.866886, 21.909247], [-153.872463, 21.920647], [-153.876899, 21.93259], [-153.882738, 21.943122], [-153.887213, 21.950948], [-153.897839, 21.947313], [-153.909167, 21.947866], [-153.923078, 21.947469], [-153.936157, 21.943682], [-153.964344, 21.92686], [-153.973925, 21.921078], [-153.986762, 21.911548], [-154.000195, 21.903591], [-154.009197, 21.896165], [-154.018752, 21.887549], [-154.032507, 21.878577], [-154.044894, 21.874496], [-154.057294, 21.869005], [-154.067847, 21.862701], [-154.079211, 21.854343], [-154.089263, 21.847641], [-154.104195, 21.846817], [-154.116258, 21.84218], [-154.132062, 21.835467], [-154.144003, 21.831899], [-154.156821, 21.826779], [-154.169679, 21.820914], [-154.182505, 21.817459], [-154.196023, 21.81573], [-154.216944, 21.810671], [-154.231937, 21.808324], [-154.246755, 21.804467], [-154.261499, 21.798185], [-154.275419, 21.795461], [-154.290349, 21.794256], [-154.311409, 21.790286], [-154.325284, 21.78673], [-154.34095, 21.782682], [-154.357087, 21.777984], [-154.370013, 21.773831], [-154.381585, 21.769099], [-154.393333, 21.763554], [-154.409896, 21.758057], [-154.423896, 21.752838], [-154.436571, 21.747429], [-154.451401, 21.741913], [-154.464474, 21.735058], [-154.475046, 21.729268], [-154.48802, 21.721331], [-154.499736, 21.715467], [-154.511932, 21.71085], [-154.526102, 21.703788], [-154.540456, 21.695727], [-154.551243, 21.688646], [-154.561792, 21.681818], [-154.5741, 21.673846], [-154.58748, 21.666183], [-154.598112, 21.658368], [-154.612515, 21.649566], [-154.624239, 21.642497], [-154.636749, 21.634494], [-154.650933, 21.626355], [-154.661595, 21.620759], [-154.672107, 21.615958], [-154.684274, 21.61078], [-154.69469, 21.60614], [-154.705243, 21.601218], [-154.71646, 21.594852], [-154.72537, 21.590266], [-154.735851, 21.585596], [-154.746314, 21.579963], [-154.759773, 21.573717], [-154.770194, 21.568743], [-154.781043, 21.564969], [-154.795022, 21.559101], [-154.805409, 21.553659], [-154.816634, 21.547045], [-154.827221, 21.540702], [-154.837711, 21.534546], [-154.858792, 21.520569], [-154.870633, 21.511889], [-154.882319, 21.502648], [-154.89359, 21.495584], [-154.904171, 21.488266], [-154.912375, 21.482042], [-154.925572, 21.473205], [-154.936547, 21.465642], [-154.950613, 21.456048], [-154.962866, 21.449248], [-154.971378, 21.444449], [-154.97575, 21.450055], [-154.98025, 21.455794], [-154.986415, 21.464733], [-154.993774, 21.473682], [-155.001902, 21.482045], [-155.010781, 21.491419], [-155.020342, 21.500478], [-155.031588, 21.510963], [-155.041632, 21.521237], [-155.054053, 21.534014], [-155.063252, 21.542021], [-155.074296, 21.550875], [-155.083493, 21.559133], [-155.091126, 21.566278], [-155.100087, 21.573977], [-155.108696, 21.580967], [-155.116396, 21.587586], [-155.120904, 21.585234], [-155.129941, 21.578794], [-155.139108, 21.572395], [-155.146855, 21.566459], [-155.158829, 21.558891], [-155.177638, 21.546585], [-155.189117, 21.539283], [-155.199327, 21.531548], [-155.210278, 21.523201], [-155.221861, 21.515151], [-155.235356, 21.506352], [-155.248363, 21.497005], [-155.261009, 21.488488], [-155.273641, 21.480932], [-155.285179, 21.474438], [-155.297959, 21.467294], [-155.307903, 21.463281], [-155.316425, 21.457144], [-155.326186, 21.448683], [-155.337586, 21.441522], [-155.346202, 21.436312], [-155.355876, 21.429702], [-155.366499, 21.422175], [-155.376486, 21.415208], [-155.386063, 21.407867], [-155.395927, 21.400556], [-155.405696, 21.393676], [-155.416745, 21.387262], [-155.429444, 21.380734], [-155.439573, 21.373139], [-155.451333, 21.363008], [-155.46213, 21.354157], [-155.471402, 21.347123], [-155.48296, 21.341329], [-155.495676, 21.337493], [-155.511426, 21.334161], [-155.544924, 21.323234], [-155.554515, 21.315864], [-155.565559, 21.307182], [-155.575761, 21.298345], [-155.588041, 21.288224], [-155.595924, 21.278918], [-155.60772, 21.271608], [-155.619235, 21.26058], [-155.631223, 21.247907], [-155.643127, 21.236585], [-155.653474, 21.226114], [-155.662575, 21.216352], [-155.671571, 21.207643], [-155.682043, 21.198553], [-155.694608, 21.187697], [-155.708152, 21.177248], [-155.723542, 21.16669], [-155.737639, 21.153492], [-155.749085, 21.144723], [-155.758015, 21.138852], [-155.771634, 21.131264], [-155.784313, 21.125128], [-155.796981, 21.118439], [-155.809842, 21.11229], [-155.821374, 21.107161], [-155.833737, 21.10197], [-155.844968, 21.096789], [-155.858256, 21.091046], [-155.870292, 21.086617], [-155.889403, 21.080135], [-155.901994, 21.075025], [-155.9155, 21.070149], [-155.928488, 21.065047], [-155.939212, 21.060985], [-155.958348, 21.054862], [-155.973492, 21.048128], [-155.982112, 21.043778], [-155.99755, 21.036771], [-156.006912, 21.032785], [-156.016686, 21.030813], [-156.026745, 21.031008], [-156.040659, 21.030372], [-156.056661, 21.029077], [-156.06965, 21.026364], [-156.079463, 21.023348], [-156.091371, 21.019635], [-156.103634, 21.01651], [-156.115639, 21.013129], [-156.127858, 21.009793], [-156.140578, 21.007184], [-156.149749, 21.004164], [-156.160372, 21.000838], [-156.168122, 20.996942], [-156.175095, 21.00309], [-156.180228, 21.012235], [-156.186232, 21.021028], [-156.189943, 21.028653], [-156.195087, 21.03952], [-156.200312, 21.049358], [-156.205571, 21.058897], [-156.211037, 21.068964], [-156.215726, 21.077187], [-156.222648, 21.088677], [-156.22827, 21.097989], [-156.233274, 21.106491], [-156.239501, 21.113847], [-156.246193, 21.122374], [-156.251224, 21.12913], [-156.255055, 21.135276], [-156.28247, 21.167908], [-156.332488, 21.22726], [-156.391196, 21.233815], [-156.441986, 21.192841], [-156.470112, 21.17922], [-156.482062, 21.17298], [-156.492247, 21.167432], [-156.503676, 21.163057], [-156.51299, 21.159385], [-156.526171, 21.153847], [-156.535115, 21.149047], [-156.543645, 21.144058], [-156.551085, 21.139274], [-156.559299, 21.133678], [-156.569164, 21.127011], [-156.57908, 21.121814], [-156.590329, 21.115469], [-156.600794, 21.110248], [-156.611075, 21.104847], [-156.621537, 21.098504], [-156.629623, 21.092921], [-156.639224, 21.085607], [-156.646837, 21.080231], [-156.655061, 21.072917], [-156.663034, 21.065019], [-156.670421, 21.05633], [-156.677652, 21.048499], [-156.682886, 21.041107], [-156.688402, 21.031022], [-156.695106, 21.020374], [-156.697984, 21.008738], [-156.700535, 20.986268], [-156.704252, 20.97578], [-156.705898, 20.964789], [-156.706265, 20.95059], [-156.703792, 20.939426], [-156.703361, 20.929982], [-156.701276, 20.920431], [-156.700968, 20.912877], [-156.697266, 20.903401], [-156.694111, 20.892344], [-156.692559, 20.881629], [-156.685028, 20.874479], [-156.681298, 20.869949], [-156.682783, 20.872968], [-156.657122, 20.842003], [-156.684866, 20.870955]]}, "times": ["2020-05-04T17:22:43+00:00", "2020-05-04T17:29:52+00:00", "2020-05-04T17:36:32+00:00", "2020-05-04T17:49:33+00:00", "2020-05-04T18:01:45+00:00", "2020-05-04T18:16:42+00:00", "2020-05-04T18:40:37+00:00", "2020-05-04T18:56:19+00:00", "2020-05-04T19:10:04+00:00", "2020-05-04T19:22:57+00:00", "2020-05-04T19:36:35+00:00", "2020-05-04T19:48:20+00:00", "2020-05-04T19:57:49+00:00", "2020-05-04T20:09:02+00:00", "2020-05-04T20:21:23+00:00", "2020-05-04T20:36:17+00:00", "2020-05-04T20:50:35+00:00", "2020-05-04T21:02:36+00:00", "2020-05-04T21:20:26+00:00", "2020-05-04T21:31:35+00:00", "2020-05-04T21:40:52+00:00", "2020-05-04T21:51:37+00:00", "2020-05-04T22:03:58+00:00", "2020-05-04T22:12:39+00:00", "2020-05-04T22:28:41+00:00", "2020-05-04T22:37:50+00:00", "2020-05-04T22:46:51+00:00", "2020-05-04T22:52:07+00:00", "2020-05-04T23:02:15+00:00", "2020-05-04T23:08:21+00:00", "2020-05-04T23:25:11+00:00", "2020-05-04T23:35:52+00:00", "2020-05-04T23:52:50+00:00", "2020-05-05T00:12:56+00:00", "2020-05-05T00:35:10+00:00", "2020-05-05T00:43:59+00:00", "2020-05-05T01:00:01+00:00", "2020-05-05T01:14:30+00:00", "2020-05-05T01:28:08+00:00", "2020-05-05T01:42:15+00:00", "2020-05-05T01:56:19+00:00", "2020-05-05T02:07:28+00:00", "2020-05-05T02:27:54+00:00", "2020-05-05T02:52:30+00:00", "2020-05-05T03:06:27+00:00", "2020-05-05T03:19:17+00:00", "2020-05-05T03:29:34+00:00", "2020-05-05T03:46:28+00:00", "2020-05-05T04:07:02+00:00", "2020-05-05T04:18:43+00:00", "2020-05-05T04:43:22+00:00", "2020-05-05T04:58:35+00:00", "2020-05-05T05:20:38+00:00", "2020-05-05T05:33:00+00:00", "2020-05-05T05:44:52+00:00", "2020-05-05T06:03:00+00:00", "2020-05-05T06:11:35+00:00", "2020-05-05T06:25:56+00:00", "2020-05-05T06:40:06+00:00", "2020-05-05T07:00:44+00:00", "2020-05-05T07:22:38+00:00", "2020-05-05T07:30:02+00:00", "2020-05-05T07:41:43+00:00", "2020-05-05T07:57:12+00:00", "2020-05-05T08:14:33+00:00", "2020-05-05T08:27:35+00:00", "2020-05-05T08:43:15+00:00", "2020-05-05T09:03:15+00:00", "2020-05-05T09:21:23+00:00", "2020-05-05T09:38:49+00:00", "2020-05-05T09:55:18+00:00", "2020-05-05T10:08:52+00:00", "2020-05-05T10:22:05+00:00", "2020-05-05T10:42:11+00:00", "2020-05-05T11:00:17+00:00", "2020-05-05T11:23:15+00:00", "2020-05-05T11:34:00+00:00", "2020-05-05T11:59:10+00:00", "2020-05-05T12:13:12+00:00", "2020-05-05T12:21:40+00:00", "2020-05-05T12:38:18+00:00", "2020-05-05T13:01:29+00:00", "2020-05-05T13:30:36+00:00", "2020-05-05T13:52:54+00:00", "2020-05-05T14:13:08+00:00", "2020-05-05T14:37:10+00:00", "2020-05-05T15:03:53+00:00", "2020-05-05T15:40:42+00:00", "2020-05-05T16:04:26+00:00", "2020-05-05T16:30:40+00:00", "2020-05-05T17:05:07+00:00", "2020-05-05T17:44:15+00:00", "2020-05-05T18:14:15+00:00", "2020-05-05T18:34:22+00:00", "2020-05-05T18:55:31+00:00", "2020-05-05T19:17:49+00:00", "2020-05-05T19:39:55+00:00", "2020-05-05T19:59:45+00:00", "2020-05-05T20:23:17+00:00", "2020-05-05T20:38:26+00:00", "2020-05-05T21:02:12+00:00", "2020-05-05T21:16:17+00:00", "2020-05-05T21:29:34+00:00", "2020-05-05T21:46:00+00:00", "2020-05-05T22:00:49+00:00", "2020-05-05T22:20:47+00:00", "2020-05-05T22:32:04+00:00", "2020-05-05T22:44:30+00:00", "2020-05-05T22:54:58+00:00", "2020-05-05T23:09:48+00:00", "2020-05-05T23:23:57+00:00", "2020-05-05T23:36:58+00:00", "2020-05-05T23:49:43+00:00", "2020-05-06T00:05:25+00:00", "2020-05-06T00:19:06+00:00", "2020-05-06T00:35:19+00:00", "2020-05-06T00:47:32+00:00", "2020-05-06T00:59:29+00:00", "2020-05-06T01:13:34+00:00", "2020-05-06T01:37:04+00:00", "2020-05-06T01:53:13+00:00", "2020-05-06T02:17:59+00:00", "2020-05-06T02:39:29+00:00", "2020-05-06T02:54:14+00:00", "2020-05-06T03:09:24+00:00", "2020-05-06T03:28:29+00:00", "2020-05-06T03:41:38+00:00", "2020-05-06T04:05:16+00:00", "2020-05-06T04:26:02+00:00", "2020-05-06T04:43:15+00:00", "2020-05-06T04:59:04+00:00", "2020-05-06T05:20:54+00:00", "2020-05-06T05:40:48+00:00", "2020-05-06T05:54:15+00:00", "2020-05-06T06:05:52+00:00", "2020-05-06T06:17:41+00:00", "2020-05-06T06:34:20+00:00", "2020-05-06T06:46:05+00:00", "2020-05-06T07:00:46+00:00", "2020-05-06T07:15:00+00:00", "2020-05-06T07:33:48+00:00", "2020-05-06T07:49:41+00:00", "2020-05-06T08:05:00+00:00", "2020-05-06T08:26:53+00:00", "2020-05-06T08:44:47+00:00", "2020-05-06T09:00:52+00:00", "2020-05-06T09:19:22+00:00", "2020-05-06T09:35:00+00:00", "2020-05-06T09:49:59+00:00", "2020-05-06T10:09:00+00:00", "2020-05-06T10:28:10+00:00", "2020-05-06T10:47:16+00:00", "2020-05-06T11:16:07+00:00", "2020-05-06T11:43:54+00:00", "2020-05-06T11:56:39+00:00", "2020-05-06T12:16:05+00:00", "2020-05-06T12:33:35+00:00", "2020-05-06T12:51:21+00:00", "2020-05-06T13:02:38+00:00", "2020-05-06T13:21:04+00:00", "2020-05-06T13:38:10+00:00", "2020-05-06T13:53:48+00:00", "2020-05-06T14:12:38+00:00", "2020-05-06T14:28:56+00:00", "2020-05-06T14:45:09+00:00", "2020-05-06T15:01:43+00:00", "2020-05-06T15:09:16+00:00", "2020-05-06T15:17:09+00:00", "2020-05-06T15:29:02+00:00", "2020-05-06T15:38:43+00:00", "2020-05-06T15:56:33+00:00", "2020-05-06T16:10:06+00:00", "2020-05-06T16:21:52+00:00", "2020-05-06T16:32:29+00:00", "2020-05-06T16:39:54+00:00", "2020-05-06T16:48:59+00:00", "2020-05-06T16:56:39+00:00", "2020-05-06T17:05:24+00:00", "2020-05-06T17:25:30+00:00", "2020-05-06T17:37:03+00:00", "2020-05-06T17:49:36+00:00", "2020-05-06T18:10:10+00:00", "2020-05-06T18:29:32+00:00", "2020-05-06T18:49:54+00:00", "2020-05-06T19:06:08+00:00", "2020-05-06T19:26:02+00:00", "2020-05-06T19:45:03+00:00", "2020-05-06T20:06:00+00:00", "2020-05-06T20:25:59+00:00", "2020-05-06T20:48:18+00:00", "2020-05-06T21:04:43+00:00", "2020-05-06T21:25:32+00:00", "2020-05-06T21:42:38+00:00", "2020-05-06T21:57:11+00:00", "2020-05-06T22:16:53+00:00", "2020-05-06T22:30:35+00:00", "2020-05-06T22:38:51+00:00", "2020-05-06T22:53:00+00:00", "2020-05-06T23:16:15+00:00", "2020-05-06T23:50:51+00:00", "2020-05-07T00:10:33+00:00", "2020-05-07T00:27:42+00:00", "2020-05-07T00:46:30+00:00", "2020-05-07T01:09:02+00:00", "2020-05-07T01:31:26+00:00", "2020-05-07T02:16:45+00:00", "2020-05-07T03:06:45+00:00", "2020-05-07T03:56:45+00:00", "2020-05-07T04:46:45+00:00", "2020-05-07T05:01:56+00:00", "2020-05-07T05:16:49+00:00", "2020-05-07T05:28:06+00:00", "2020-05-07T05:42:39+00:00", "2020-05-07T05:51:24+00:00", "2020-05-07T05:59:45+00:00", "2020-05-07T06:13:06+00:00", "2020-05-07T06:28:48+00:00", "2020-05-07T06:45:05+00:00", "2020-05-07T07:05:31+00:00", "2020-05-07T07:21:32+00:00", "2020-05-07T07:40:49+00:00", "2020-05-07T07:59:55+00:00", "2020-05-07T08:19:16+00:00", "2020-05-07T08:43:11+00:00", "2020-05-07T09:00:20+00:00", "2020-05-07T09:18:02+00:00", "2020-05-07T09:38:08+00:00", "2020-05-07T10:07:00+00:00", "2020-05-07T11:08:00+00:00", "2020-05-07T11:33:29+00:00", "2020-05-07T11:58:11+00:00", "2020-05-07T12:24:46+00:00", "2020-05-07T12:51:40+00:00", "2020-05-07T13:12:22+00:00", "2020-05-07T13:38:00+00:00", "2020-05-07T14:03:18+00:00", "2020-05-07T14:32:53+00:00", "2020-05-07T15:01:56+00:00", "2020-05-07T15:22:22+00:00", "2020-05-07T15:48:15+00:00", "2020-05-07T16:14:23+00:00", "2020-05-07T16:38:15+00:00", "2020-05-07T17:01:35+00:00", "2020-05-07T17:24:45+00:00", "2020-05-07T17:55:08+00:00", "2020-05-07T18:14:14+00:00", "2020-05-07T18:42:29+00:00", "2020-05-07T19:04:39+00:00", "2020-05-07T19:31:50+00:00", "2020-05-07T19:58:30+00:00", "2020-05-07T21:18:30+00:00", "2020-05-07T21:55:36+00:00", "2020-05-07T22:18:30+00:00", "2020-05-07T22:48:33+00:00", "2020-05-07T23:13:15+00:00", "2020-05-07T23:33:49+00:00", "2020-05-07T23:53:59+00:00", "2020-05-08T00:18:45+00:00", "2020-05-08T00:41:31+00:00", "2020-05-08T01:00:20+00:00", "2020-05-08T01:18:45+00:00", "2020-05-08T01:33:12+00:00", "2020-05-08T01:50:22+00:00", "2020-05-08T02:04:07+00:00", "2020-05-08T02:18:45+00:00", "2020-05-08T02:35:06+00:00", "2020-05-08T02:53:04+00:00", "2020-05-08T03:15:22+00:00", "2020-05-08T03:44:24+00:00", "2020-05-08T04:10:43+00:00", "2020-05-08T04:31:25+00:00", "2020-05-08T05:37:39+00:00", "2020-05-08T06:27:43+00:00", "2020-05-08T06:43:04+00:00", "2020-05-08T06:54:14+00:00", "2020-05-08T07:05:23+00:00", "2020-05-08T07:18:16+00:00", "2020-05-08T07:30:09+00:00", "2020-05-08T07:49:00+00:00", "2020-05-08T08:03:23+00:00", "2020-05-08T08:18:25+00:00", "2020-05-08T08:31:38+00:00", "2020-05-08T08:46:03+00:00", "2020-05-08T09:00:12+00:00", "2020-05-08T09:17:26+00:00", "2020-05-08T09:31:56+00:00", "2020-05-08T09:59:00+00:00", "2020-05-08T10:49:15+00:00", "2020-05-08T11:19:18+00:00", "2020-05-08T11:44:15+00:00", "2020-05-08T12:01:30+00:00", "2020-05-08T12:20:44+00:00", "2020-05-08T12:47:11+00:00", "2020-05-08T13:04:30+00:00", "2020-05-08T13:21:07+00:00", "2020-05-08T13:36:04+00:00", "2020-05-08T13:54:30+00:00", "2020-05-08T14:13:52+00:00", "2020-05-08T14:31:42+00:00", "2020-05-08T14:54:12+00:00", "2020-05-08T15:14:30+00:00", "2020-05-08T15:34:30+00:00", "2020-05-08T15:56:07+00:00", "2020-05-08T16:17:21+00:00", "2020-05-08T16:35:07+00:00", "2020-05-08T16:54:12+00:00", "2020-05-08T17:14:19+00:00", "2020-05-08T17:34:45+00:00", "2020-05-08T17:53:14+00:00", "2020-05-08T18:13:45+00:00", "2020-05-08T18:30:58+00:00", "2020-05-08T18:52:45+00:00", "2020-05-08T19:14:19+00:00", "2020-05-08T19:37:46+00:00", "2020-05-08T19:56:40+00:00", "2020-05-08T20:21:47+00:00", "2020-05-08T20:44:49+00:00", "2020-05-08T21:09:55+00:00", "2020-05-08T21:37:02+00:00", "2020-05-08T22:12:17+00:00", "2020-05-08T22:54:21+00:00", "2020-05-08T23:19:35+00:00", "2020-05-08T23:34:09+00:00", "2020-05-08T23:53:06+00:00", "2020-05-09T00:10:04+00:00", "2020-05-09T00:30:18+00:00", "2020-05-09T00:49:28+00:00", "2020-05-09T01:06:21+00:00", "2020-05-09T01:23:35+00:00", "2020-05-09T01:42:33+00:00", "2020-05-09T02:03:11+00:00", "2020-05-09T02:17:49+00:00", "2020-05-09T02:37:23+00:00", "2020-05-09T02:54:45+00:00", "2020-05-09T03:11:15+00:00", "2020-05-09T03:30:17+00:00", "2020-05-09T03:47:51+00:00", "2020-05-09T04:03:48+00:00", "2020-05-09T04:16:54+00:00", "2020-05-09T04:29:15+00:00", "2020-05-09T04:41:37+00:00", "2020-05-09T04:53:35+00:00", "2020-05-09T05:05:24+00:00", "2020-05-09T05:15:15+00:00", "2020-05-09T05:24:58+00:00", "2020-05-09T05:33:31+00:00", "2020-05-09T05:43:49+00:00", "2020-05-09T05:58:30+00:00", "2020-05-09T06:07:51+00:00", "2020-05-09T06:17:56+00:00", "2020-05-09T06:29:38+00:00", "2020-05-09T06:40:15+00:00", "2020-05-09T06:49:24+00:00", "2020-05-09T07:03:38+00:00", "2020-05-09T07:15:54+00:00", "2020-05-09T07:28:47+00:00", "2020-05-09T07:56:00+00:00", "2020-05-09T08:46:00+00:00", "2020-05-09T09:36:00+00:00", "2020-05-09T10:26:15+00:00", "2020-05-09T11:11:06+00:00", "2020-05-09T11:23:47+00:00", "2020-05-09T11:37:05+00:00", "2020-05-09T11:51:30+00:00", "2020-05-09T12:06:15+00:00", "2020-05-09T12:20:37+00:00", "2020-05-09T12:34:23+00:00", "2020-05-09T12:46:08+00:00", "2020-05-09T12:56:58+00:00", "2020-05-09T13:11:03+00:00", "2020-05-09T13:22:04+00:00", "2020-05-09T13:36:15+00:00", "2020-05-09T13:51:28+00:00", "2020-05-09T14:05:53+00:00", "2020-05-09T14:20:59+00:00", "2020-05-09T14:33:12+00:00", "2020-05-09T14:46:26+00:00", "2020-05-09T15:01:12+00:00", "2020-05-09T15:15:25+00:00", "2020-05-09T15:30:15+00:00", "2020-05-09T15:39:28+00:00", "2020-05-09T15:53:26+00:00", "2020-05-09T16:04:55+00:00", "2020-05-09T16:15:45+00:00", "2020-05-09T16:28:10+00:00", "2020-05-09T16:40:23+00:00", "2020-05-09T16:54:57+00:00", "2020-05-09T17:06:45+00:00", "2020-05-09T17:24:24+00:00", "2020-05-09T17:42:54+00:00", "2020-05-09T18:04:16+00:00", "2020-05-09T18:24:27+00:00", "2020-05-09T18:43:13+00:00", "2020-05-09T19:00:03+00:00", "2020-05-09T19:15:45+00:00", "2020-05-09T19:28:14+00:00", "2020-05-09T19:39:40+00:00", "2020-05-09T19:50:25+00:00", "2020-05-09T20:05:55+00:00", "2020-05-09T20:19:20+00:00", "2020-05-09T20:34:46+00:00", "2020-05-09T20:50:32+00:00", "2020-05-09T21:05:02+00:00", "2020-05-09T21:21:20+00:00", "2020-05-09T21:44:18+00:00", "2020-05-09T22:04:56+00:00", "2020-05-09T22:23:26+00:00", "2020-05-09T22:38:15+00:00", "2020-05-09T22:53:45+00:00", "2020-05-09T23:08:34+00:00", "2020-05-09T23:27:15+00:00", "2020-05-09T23:39:53+00:00", "2020-05-09T23:55:23+00:00", "2020-05-10T00:09:45+00:00", "2020-05-10T00:25:34+00:00", "2020-05-10T00:42:12+00:00", "2020-05-10T00:57:30+00:00", "2020-05-10T01:14:27+00:00", "2020-05-10T01:27:30+00:00", "2020-05-10T01:37:46+00:00", "2020-05-10T01:50:59+00:00", "2020-05-10T02:02:04+00:00", "2020-05-10T02:13:09+00:00", "2020-05-10T02:23:55+00:00", "2020-05-10T02:38:52+00:00", "2020-05-10T02:52:09+00:00", "2020-05-10T03:05:55+00:00", "2020-05-10T03:15:16+00:00", "2020-05-10T03:27:45+00:00", "2020-05-10T03:37:45+00:00", "2020-05-10T03:47:45+00:00", "2020-05-10T03:58:36+00:00", "2020-05-10T04:09:38+00:00", "2020-05-10T04:20:39+00:00", "2020-05-10T04:35:04+00:00", "2020-05-10T04:48:00+00:00", "2020-05-10T05:02:47+00:00", "2020-05-10T05:15:28+00:00", "2020-05-10T05:29:30+00:00", "2020-05-10T05:44:08+00:00", "2020-05-10T06:00:25+00:00", "2020-05-10T06:19:24+00:00", "2020-05-10T06:37:53+00:00", "2020-05-10T06:54:39+00:00", "2020-05-10T07:18:15+00:00", "2020-05-10T08:08:15+00:00", "2020-05-10T08:49:29+00:00", "2020-05-10T09:09:59+00:00", "2020-05-10T09:41:10+00:00", "2020-05-10T09:56:15+00:00", "2020-05-10T10:28:30+00:00", "2020-05-10T10:53:36+00:00", "2020-05-10T11:04:29+00:00", "2020-05-10T11:19:58+00:00", "2020-05-10T11:32:28+00:00", "2020-05-10T11:48:30+00:00", "2020-05-10T12:01:30+00:00", "2020-05-10T12:14:19+00:00", "2020-05-10T12:26:52+00:00", "2020-05-10T12:38:30+00:00", "2020-05-10T12:53:35+00:00", "2020-05-10T13:08:20+00:00", "2020-05-10T13:19:49+00:00", "2020-05-10T13:33:03+00:00", "2020-05-10T13:46:28+00:00", "2020-05-10T13:58:45+00:00", "2020-05-10T14:14:47+00:00", "2020-05-10T14:28:45+00:00", "2020-05-10T14:45:30+00:00", "2020-05-10T14:59:59+00:00", "2020-05-10T15:14:53+00:00", "2020-05-10T15:27:14+00:00", "2020-05-10T15:39:59+00:00", "2020-05-10T15:56:40+00:00", "2020-05-10T16:08:30+00:00", "2020-05-10T16:25:07+00:00", "2020-05-10T16:42:16+00:00", "2020-05-10T16:57:10+00:00", "2020-05-10T17:10:43+00:00", "2020-05-10T17:24:28+00:00", "2020-05-10T17:38:50+00:00", "2020-05-10T17:53:35+00:00", "2020-05-10T18:08:32+00:00", "2020-05-10T18:23:34+00:00", "2020-05-10T18:38:07+00:00", "2020-05-10T18:49:56+00:00", "2020-05-10T19:03:25+00:00", "2020-05-10T19:19:15+00:00", "2020-05-10T19:29:52+00:00", "2020-05-10T19:43:41+00:00", "2020-05-10T19:59:54+00:00", "2020-05-10T20:15:40+00:00", "2020-05-10T20:27:05+00:00", "2020-05-10T20:39:15+00:00", "2020-05-10T20:50:27+00:00", "2020-05-10T21:01:29+00:00", "2020-05-10T21:13:50+00:00", "2020-05-10T21:25:47+00:00", "2020-05-10T21:39:08+00:00", "2020-05-10T21:49:21+00:00", "2020-05-10T22:03:10+00:00", "2020-05-10T22:16:03+00:00", "2020-05-10T22:29:56+00:00", "2020-05-10T22:43:21+00:00", "2020-05-10T22:54:30+00:00", "2020-05-10T23:08:11+00:00", "2020-05-10T23:24:33+00:00", "2020-05-10T23:36:02+00:00", "2020-05-10T23:50:03+00:00", "2020-05-11T00:03:57+00:00", "2020-05-11T00:20:00+00:00", "2020-05-11T00:30:35+00:00", "2020-05-11T00:43:37+00:00", "2020-05-11T00:55:38+00:00", "2020-05-11T01:08:35+00:00", "2020-05-11T01:20:32+00:00", "2020-05-11T01:36:33+00:00", "2020-05-11T01:54:43+00:00", "2020-05-11T02:09:04+00:00", "2020-05-11T02:22:18+00:00", "2020-05-11T02:38:59+00:00", "2020-05-11T02:51:24+00:00", "2020-05-11T03:05:17+00:00", "2020-05-11T03:18:22+00:00", "2020-05-11T03:27:23+00:00", "2020-05-11T03:39:32+00:00", "2020-05-11T03:50:49+00:00", "2020-05-11T04:02:42+00:00", "2020-05-11T04:16:23+00:00", "2020-05-11T04:33:53+00:00", "2020-05-11T04:49:34+00:00", "2020-05-11T05:04:04+00:00", "2020-05-11T05:20:25+00:00", "2020-05-11T05:35:35+00:00", "2020-05-11T05:53:01+00:00", "2020-05-11T06:11:07+00:00", "2020-05-11T06:30:30+00:00", "2020-05-11T06:49:26+00:00", "2020-05-11T07:12:13+00:00", "2020-05-11T07:31:02+00:00", "2020-05-11T07:50:45+00:00", "2020-05-11T09:10:45+00:00", "2020-05-11T10:10:45+00:00", "2020-05-11T10:26:41+00:00", "2020-05-11T10:40:45+00:00", "2020-05-11T10:56:04+00:00", "2020-05-11T11:09:17+00:00", "2020-05-11T11:21:30+00:00", "2020-05-11T11:34:52+00:00", "2020-05-11T11:46:49+00:00", "2020-05-11T11:59:38+00:00", "2020-05-11T12:14:44+00:00", "2020-05-11T12:28:25+00:00", "2020-05-11T12:43:22+00:00", "2020-05-11T13:01:35+00:00", "2020-05-11T13:13:56+00:00", "2020-05-11T13:23:41+00:00", "2020-05-11T13:33:26+00:00", "2020-05-11T13:44:43+00:00", "2020-05-11T13:53:44+00:00", "2020-05-11T14:02:30+00:00", "2020-05-11T14:14:58+00:00", "2020-05-11T14:24:35+00:00", "2020-05-11T14:38:20+00:00", "2020-05-11T14:48:45+00:00", "2020-05-11T15:01:14+00:00", "2020-05-11T15:10:35+00:00", "2020-05-11T15:19:16+00:00", "2020-05-11T15:31:29+00:00", "2020-05-11T15:39:50+00:00", "2020-05-11T15:50:03+00:00", "2020-05-11T16:00:32+00:00", "2020-05-11T16:10:29+00:00", "2020-05-11T16:22:46+00:00", "2020-05-11T16:34:31+00:00", "2020-05-11T16:45:52+00:00", "2020-05-11T16:57:02+00:00", "2020-05-11T17:05:38+00:00", "2020-05-11T17:20:28+00:00", "2020-05-11T17:32:41+00:00", "2020-05-11T17:47:00+00:00", "2020-05-11T17:58:39+00:00", "2020-05-11T18:08:56+00:00", "2020-05-11T18:23:01+00:00", "2020-05-11T18:34:45+00:00", "2020-05-11T18:46:35+00:00", "2020-05-11T19:01:16+00:00", "2020-05-11T19:11:37+00:00", "2020-05-11T19:25:30+00:00", "2020-05-11T19:38:07+00:00", "2020-05-11T19:51:44+00:00", "2020-05-11T20:05:41+00:00", "2020-05-11T20:20:34+00:00", "2020-05-11T20:36:32+00:00", "2020-05-11T20:50:25+00:00", "2020-05-11T21:03:42+00:00", "2020-05-11T21:15:39+00:00", "2020-05-11T21:31:45+00:00", "2020-05-11T21:46:02+00:00", "2020-05-11T21:59:07+00:00", "2020-05-11T22:09:56+00:00", "2020-05-11T22:21:53+00:00", "2020-05-11T22:34:14+00:00", "2020-05-11T22:43:27+00:00", "2020-05-11T22:56:00+00:00", "2020-05-11T23:05:21+00:00", "2020-05-11T23:15:22+00:00", "2020-05-11T23:28:31+00:00", "2020-05-11T23:40:30+00:00", "2020-05-11T23:54:25+00:00", "2020-05-12T00:07:50+00:00", "2020-05-12T00:20:51+00:00", "2020-05-12T00:34:08+00:00", "2020-05-12T00:42:24+00:00", "2020-05-12T00:54:53+00:00", "2020-05-12T01:08:14+00:00", "2020-05-12T01:17:19+00:00", "2020-05-12T01:29:32+00:00", "2020-05-12T01:40:28+00:00", "2020-05-12T01:51:01+00:00", "2020-05-12T02:01:30+00:00", "2020-05-12T02:16:35+00:00", "2020-05-12T02:27:00+00:00", "2020-05-12T02:38:45+00:00", "2020-05-12T02:50:43+00:00", "2020-05-12T03:01:53+00:00", "2020-05-12T03:13:12+00:00", "2020-05-12T03:22:23+00:00", "2020-05-12T03:32:09+00:00", "2020-05-12T03:40:40+00:00", "2020-05-12T03:50:02+00:00", "2020-05-12T03:59:05+00:00", "2020-05-12T04:09:31+00:00", "2020-05-12T04:17:18+00:00", "2020-05-12T04:34:18+00:00", "2020-05-12T04:43:21+00:00", "2020-05-12T04:53:43+00:00", "2020-05-12T05:02:46+00:00", "2020-05-12T05:13:25+00:00", "2020-05-12T05:22:07+00:00", "2020-05-12T05:30:58+00:00", "2020-05-12T05:40:00+00:00", "2020-05-12T05:46:33+00:00", "2020-05-12T05:54:43+00:00", "2020-05-12T06:03:01+00:00", "2020-05-12T06:11:35+00:00", "2020-05-12T06:21:06+00:00", "2020-05-12T06:30:08+00:00", "2020-05-12T06:37:38+00:00", "2020-05-12T06:46:33+00:00", "2020-05-12T06:55:31+00:00", "2020-05-12T07:05:34+00:00", "2020-05-12T07:14:07+00:00", "2020-05-12T07:21:09+00:00", "2020-05-12T07:32:11+00:00", "2020-05-12T07:41:09+00:00", "2020-05-12T07:49:14+00:00", "2020-05-12T07:57:52+00:00", "2020-05-12T08:07:06+00:00", "2020-05-12T08:17:40+00:00", "2020-05-12T08:27:31+00:00", "2020-05-12T08:35:21+00:00", "2020-05-12T08:44:03+00:00", "2020-05-12T08:55:59+00:00", "2020-05-12T09:08:21+00:00", "2020-05-12T09:21:09+00:00", "2020-05-12T09:30:51+00:00", "2020-05-12T09:40:14+00:00", "2020-05-12T11:11:37+00:00", "2020-05-12T11:21:32+00:00", "2020-05-12T11:31:50+00:00", "2020-05-12T11:42:36+00:00", "2020-05-12T11:53:01+00:00", "2020-05-12T12:04:55+00:00", "2020-05-12T12:16:37+00:00", "2020-05-12T12:26:34+00:00", "2020-05-12T12:36:31+00:00", "2020-05-12T12:46:45+00:00", "2020-05-12T13:00:23+00:00", "2020-05-12T13:12:49+00:00", "2020-05-12T13:26:06+00:00", "2020-05-12T13:37:36+00:00", "2020-05-12T13:49:50+00:00", "2020-05-12T14:00:18+00:00", "2020-05-12T14:09:03+00:00", "2020-05-12T14:19:32+00:00", "2020-05-12T14:27:13+00:00", "2020-05-12T14:39:30+00:00", "2020-05-12T14:51:43+00:00", "2020-05-12T15:03:00+00:00", "2020-05-12T15:33:23+00:00", "2020-05-12T15:44:25+00:00", "2020-05-12T15:54:44+00:00", "2020-05-12T16:03:37+00:00", "2020-05-12T16:11:50+00:00", "2020-05-12T16:20:47+00:00", "2020-05-12T16:31:12+00:00", "2020-05-12T16:39:28+00:00", "2020-05-12T16:45:49+00:00", "2020-05-12T16:52:38+00:00", "2020-05-12T17:00:27+00:00", "2020-05-12T17:11:12+00:00", "2020-05-12T17:22:17+00:00", "2020-05-12T17:33:26+00:00", "2020-05-12T17:43:00+00:00", "2020-05-12T17:51:27+00:00", "2020-05-12T17:59:48+00:00", "2020-05-12T18:08:49+00:00", "2020-05-12T18:18:10+00:00", "2020-05-12T18:28:03+00:00", "2020-05-12T18:37:27+00:00", "2020-05-12T18:46:36+00:00", "2020-05-12T18:54:34+00:00", "2020-05-12T19:43:15+00:00", "2020-05-12T20:13:15+00:00", "2020-05-12T20:20:05+00:00", "2020-05-12T20:27:30+00:00", "2020-05-12T20:35:54+00:00", "2020-05-12T20:42:55+00:00", "2020-05-12T20:50:44+00:00", "2020-05-12T20:59:12+00:00", "2020-05-12T21:06:09+00:00", "2020-05-12T21:14:05+00:00", "2020-05-12T21:20:42+00:00", "2020-05-12T21:30:43+00:00", "2020-05-12T21:40:48+00:00", "2020-05-12T21:48:41+00:00", "2020-05-12T22:03:35+00:00", "2020-05-12T22:21:01+00:00", "2020-05-12T22:28:17+00:00", "2020-05-12T22:35:58+00:00", "2020-05-12T22:45:15+00:00", "2020-05-12T22:53:30+00:00", "2020-05-12T23:00:17+00:00", "2020-05-12T23:07:30+00:00", "2020-05-12T23:16:39+00:00", "2020-05-12T23:23:30+00:00", "2020-05-12T23:33:28+00:00", "2020-05-12T23:42:49+00:00", "2020-05-12T23:50:46+00:00", "2020-05-12T23:58:07+00:00", "2020-05-13T00:06:52+00:00", "2020-05-13T00:14:32+00:00", "2020-05-13T00:21:53+00:00", "2020-05-13T00:28:50+00:00", "2020-05-13T00:35:03+00:00", "2020-05-13T00:43:04+00:00", "2020-05-13T00:51:13+00:00", "2020-05-13T00:59:02+00:00", "2020-05-13T01:07:38+00:00", "2020-05-13T01:16:11+00:00", "2020-05-13T01:27:00+00:00", "2020-05-13T01:36:25+00:00", "2020-05-13T01:53:45+00:00", "2020-05-13T02:43:45+00:00", "2020-05-13T02:52:23+00:00", "2020-05-13T03:01:04+00:00", "2020-05-13T03:12:18+00:00", "2020-05-13T03:24:51+00:00", "2020-05-13T03:35:00+00:00", "2020-05-13T03:44:41+00:00", "2020-05-13T03:54:00+00:00", "2020-05-13T04:03:27+00:00", "2020-05-13T04:12:20+00:00", "2020-05-13T04:21:24+00:00", "2020-05-13T04:30:37+00:00", "2020-05-13T04:39:02+00:00", "2020-05-13T04:49:11+00:00", "2020-05-13T04:57:40+00:00", "2020-05-13T05:05:28+00:00", "2020-05-13T05:16:21+00:00", "2020-05-13T05:24:46+00:00", "2020-05-13T05:36:23+00:00", "2020-05-13T05:45:20+00:00", "2020-05-13T05:55:01+00:00", "2020-05-13T06:04:30+00:00", "2020-05-13T06:15:51+00:00", "2020-05-13T06:29:01+00:00", "2020-05-13T06:41:02+00:00", "2020-05-13T06:53:07+00:00", "2020-05-13T07:05:33+00:00", "2020-05-13T07:21:20+00:00", "2020-05-13T08:04:30+00:00", "2020-05-13T08:54:45+00:00", "2020-05-13T09:44:45+00:00", "2020-05-13T09:58:29+00:00", "2020-05-13T10:10:23+00:00", "2020-05-13T10:22:40+00:00", "2020-05-13T10:31:37+00:00", "2020-05-13T10:43:19+00:00", "2020-05-13T10:51:00+00:00", "2020-05-13T11:00:53+00:00", "2020-05-13T11:10:46+00:00", "2020-05-13T11:17:55+00:00", "2020-05-13T11:28:00+00:00", "2020-05-13T11:36:45+00:00", "2020-05-13T11:45:42+00:00", "2020-05-13T11:53:06+00:00", "2020-05-13T11:59:51+00:00", "2020-05-13T12:09:56+00:00", "2020-05-13T12:17:21+00:00", "2020-05-13T12:25:02+00:00", "2020-05-13T12:34:51+00:00", "2020-05-13T12:42:48+00:00", "2020-05-13T12:53:29+00:00", "2020-05-13T13:00:18+00:00", "2020-05-13T13:08:47+00:00", "2020-05-13T13:15:28+00:00", "2020-05-13T13:25:00+00:00", "2020-05-13T13:34:38+00:00", "2020-05-13T13:42:19+00:00", "2020-05-13T13:49:52+00:00", "2020-05-13T13:58:45+00:00", "2020-05-13T14:06:38+00:00", "2020-05-13T14:16:35+00:00", "2020-05-13T14:24:19+00:00", "2020-05-13T14:32:36+00:00", "2020-05-13T14:42:09+00:00", "2020-05-13T14:49:58+00:00", "2020-05-13T15:00:03+00:00", "2020-05-13T15:10:17+00:00", "2020-05-13T15:18:10+00:00", "2020-05-13T15:26:10+00:00", "2020-05-13T15:36:24+00:00", "2020-05-13T15:47:05+00:00", "2020-05-13T15:54:58+00:00", "2020-05-13T16:02:55+00:00", "2020-05-13T16:11:20+00:00", "2020-05-13T16:18:33+00:00", "2020-05-13T16:26:54+00:00", "2020-05-13T16:35:07+00:00", "2020-05-13T16:53:40+00:00", "2020-05-13T17:10:35+00:00", "2020-05-13T17:22:16+00:00", "2020-05-13T17:29:25+00:00", "2020-05-13T17:35:33+00:00", "2020-05-13T17:45:35+00:00", "2020-05-13T17:53:27+00:00", "2020-05-13T18:03:17+00:00", "2020-05-13T18:10:50+00:00", "2020-05-13T18:20:43+00:00", "2020-05-13T18:32:20+00:00", "2020-05-13T18:58:16+00:00", "2020-05-13T19:05:37+00:00", "2020-05-13T19:12:58+00:00", "2020-05-13T19:21:15+00:00", "2020-05-13T19:27:24+00:00", "2020-05-13T20:15:15+00:00", "2020-05-13T20:26:40+00:00", "2020-05-13T20:34:33+00:00", "2020-05-13T20:41:30+00:00", "2020-05-13T20:47:35+00:00", "2020-05-13T20:56:32+00:00", "2020-05-13T21:03:13+00:00", "2020-05-13T21:09:46+00:00", "2020-05-13T21:16:14+00:00", "2020-05-13T21:26:27+00:00", "2020-05-13T21:35:28+00:00", "2020-05-13T22:17:00+00:00", "2020-05-13T22:37:09+00:00", "2020-05-13T22:43:46+00:00", "2020-05-13T22:50:26+00:00", "2020-05-13T22:58:07+00:00", "2020-05-13T23:06:44+00:00", "2020-05-13T23:17:17+00:00", "2020-05-13T23:25:22+00:00", "2020-05-13T23:32:07+00:00", "2020-05-13T23:40:52+00:00", "2020-05-13T23:47:49+00:00", "2020-05-13T23:56:22+00:00", "2020-05-14T00:05:19+00:00", "2020-05-14T00:12:20+00:00", "2020-05-14T00:20:17+00:00", "2020-05-14T00:30:22+00:00", "2020-05-14T00:39:31+00:00", "2020-05-14T00:47:20+00:00", "2020-05-14T00:57:33+00:00", "2020-05-14T01:04:58+00:00", "2020-05-14T01:12:03+00:00", "2020-05-14T01:21:04+00:00", "2020-05-14T01:30:29+00:00", "2020-05-14T01:38:49+00:00", "2020-05-14T01:48:26+00:00", "2020-05-14T01:56:11+00:00", "2020-05-14T02:02:24+00:00", "2020-05-14T02:09:01+00:00", "2020-05-14T02:17:46+00:00", "2020-05-14T02:27:51+00:00", "2020-05-14T02:36:52+00:00", "2020-05-14T02:47:15+00:00", "2020-05-14T02:54:30+00:00", "2020-05-14T03:01:19+00:00", "2020-05-14T03:09:56+00:00", "2020-05-14T03:20:26+00:00", "2020-05-14T03:28:19+00:00", "2020-05-14T03:38:00+00:00", "2020-05-14T03:45:49+00:00", "2020-05-14T03:57:50+00:00", "2020-05-14T04:07:40+00:00", "2020-05-14T04:16:13+00:00", "2020-05-14T04:25:27+00:00", "2020-05-14T04:34:11+00:00", "2020-05-14T04:41:52+00:00", "2020-05-14T04:50:46+00:00", "2020-05-14T04:58:47+00:00", "2020-05-14T05:07:52+00:00", "2020-05-14T05:17:15+00:00", "2020-05-14T05:25:18+00:00", "2020-05-14T05:32:59+00:00", "2020-05-14T05:42:32+00:00", "2020-05-14T05:49:17+00:00", "2020-05-14T05:58:14+00:00", "2020-05-14T06:05:43+00:00", "2020-05-14T06:13:32+00:00", "2020-05-14T06:23:57+00:00", "2020-05-14T06:32:42+00:00", "2020-05-14T06:42:28+00:00", "2020-05-14T06:50:37+00:00", "2020-05-14T07:12:54+00:00", "2020-05-14T07:21:39+00:00", "2020-05-14T07:29:33+00:00", "2020-05-14T07:40:14+00:00", "2020-05-14T07:49:12+00:00", "2020-05-14T07:58:53+00:00", "2020-05-14T08:06:49+00:00", "2020-05-14T08:16:37+00:00", "2020-05-14T08:27:30+00:00", "2020-05-14T08:37:39+00:00", "2020-05-14T08:48:48+00:00", "2020-05-14T08:58:17+00:00", "2020-05-14T09:07:09+00:00", "2020-05-14T09:14:54+00:00", "2020-05-14T09:25:23+00:00", "2020-05-14T09:36:04+00:00", "2020-05-14T09:48:57+00:00", "2020-05-14T10:00:14+00:00", "2020-05-14T10:10:19+00:00", "2020-05-14T10:21:48+00:00", "2020-05-14T10:30:33+00:00", "2020-05-14T10:40:10+00:00", "2020-05-14T10:50:27+00:00", "2020-05-14T11:04:44+00:00", "2020-05-14T11:17:05+00:00", "2020-05-14T11:25:54+00:00", "2020-05-14T11:33:34+00:00", "2020-05-14T11:58:00+00:00", "2020-05-14T12:07:37+00:00", "2020-05-14T12:16:30+00:00", "2020-05-14T12:26:43+00:00", "2020-05-14T12:36:36+00:00", "2020-05-14T12:47:04+00:00", "2020-05-14T12:55:09+00:00", "2020-05-14T13:05:22+00:00", "2020-05-14T13:15:39+00:00", "2020-05-14T13:24:03+00:00", "2020-05-14T13:33:20+00:00", "2020-05-14T13:43:33+00:00", "2020-05-14T13:51:45+00:00", "2020-05-14T14:01:06+00:00", "2020-05-14T14:09:42+00:00", "2020-05-14T14:18:15+00:00", "2020-05-14T14:28:08+00:00", "2020-05-14T14:35:08+00:00", "2020-05-14T14:43:29+00:00", "2020-05-14T14:51:53+00:00", "2020-05-14T15:01:14+00:00", "2020-05-14T15:08:47+00:00", "2020-05-14T15:17:19+00:00", "2020-05-14T15:26:40+00:00", "2020-05-14T15:38:37+00:00", "2020-05-14T15:47:54+00:00", "2020-05-14T15:54:47+00:00", "2020-05-14T16:01:31+00:00", "2020-05-14T16:12:04+00:00", "2020-05-14T16:28:15+00:00", "2020-05-14T17:18:15+00:00", "2020-05-14T18:08:30+00:00", "2020-05-14T18:58:45+00:00", "2020-05-14T19:49:00+00:00", "2020-05-14T20:39:00+00:00", "2020-05-14T21:29:15+00:00", "2020-05-14T21:37:14+00:00", "2020-05-14T21:48:22+00:00", "2020-05-14T21:59:15+00:00", "2020-05-14T22:08:07+00:00", "2020-05-14T22:16:39+00:00", "2020-05-14T22:25:32+00:00", "2020-05-14T22:33:20+00:00", "2020-05-14T22:43:44+00:00", "2020-05-14T22:53:49+00:00", "2020-05-14T23:03:29+00:00", "2020-05-14T23:14:14+00:00", "2020-05-14T23:24:22+00:00", "2020-05-14T23:33:55+00:00", "2020-05-14T23:43:19+00:00", "2020-05-14T23:51:28+00:00", "2020-05-15T00:01:08+00:00", "2020-05-15T00:19:30+00:00", "2020-05-15T01:09:30+00:00", "2020-05-15T01:25:04+00:00", "2020-05-15T01:30:08+00:00", "2020-05-15T01:39:09+00:00", "2020-05-15T01:47:38+00:00", "2020-05-15T01:53:14+00:00", "2020-05-15T02:02:58+00:00", "2020-05-15T02:09:50+00:00", "2020-05-15T02:18:51+00:00", "2020-05-15T02:26:36+00:00", "2020-05-15T02:33:52+00:00", "2020-05-15T02:40:36+00:00", "2020-05-15T02:48:17+00:00", "2020-05-15T02:54:41+00:00", "2020-05-15T03:02:14+00:00", "2020-05-15T03:10:06+00:00", "2020-05-15T03:19:14+00:00", "2020-05-15T03:27:59+00:00", "2020-05-15T03:35:11+00:00", "2020-05-15T03:41:43+00:00", "2020-05-15T03:50:24+00:00", "2020-05-15T03:57:04+00:00", "2020-05-15T04:03:53+00:00", "2020-05-15T04:11:21+00:00", "2020-05-15T04:19:21+00:00", "2020-05-15T04:26:46+00:00", "2020-05-15T04:34:22+00:00", "2020-05-15T04:42:06+00:00", "2020-05-15T04:50:31+00:00", "2020-05-15T04:58:39+00:00", "2020-05-15T05:06:00+00:00", "2020-05-15T05:16:04+00:00", "2020-05-15T05:23:49+00:00", "2020-05-15T05:34:17+00:00", "2020-05-15T05:40:58+00:00", "2020-05-15T05:49:46+00:00", "2020-05-15T05:56:30+00:00", "2020-05-15T06:05:55+00:00", "2020-05-15T06:14:30+00:00", "2020-05-15T06:23:48+00:00", "2020-05-15T06:32:57+00:00", "2020-05-15T06:39:37+00:00", "2020-05-15T06:47:30+00:00", "2020-05-15T06:55:02+00:00", "2020-05-15T07:26:39+00:00", "2020-05-15T07:35:36+00:00", "2020-05-15T07:44:32+00:00", "2020-05-15T07:52:17+00:00", "2020-05-15T08:00:21+00:00", "2020-05-15T08:09:18+00:00", "2020-05-15T08:18:06+00:00", "2020-05-15T08:44:30+00:00", "2020-05-15T09:15:36+00:00", "2020-05-15T09:27:33+00:00", "2020-05-15T09:35:02+00:00", "2020-05-15T09:44:22+00:00", "2020-05-15T09:56:07+00:00", "2020-05-15T10:05:03+00:00", "2020-05-15T10:13:44+00:00", "2020-05-15T10:20:44+00:00", "2020-05-15T10:30:36+00:00", "2020-05-15T10:38:33+00:00", "2020-05-15T10:48:21+00:00", "2020-05-15T11:00:22+00:00", "2020-05-15T11:10:10+00:00", "2020-05-15T11:20:07+00:00", "2020-05-15T11:29:07+00:00", "2020-05-15T11:38:48+00:00", "2020-05-15T11:50:12+00:00", "2020-05-15T12:02:05+00:00", "2020-05-15T12:14:45+00:00", "2020-05-15T12:24:42+00:00", "2020-05-15T12:36:10+00:00", "2020-05-15T12:47:11+00:00", "2020-05-15T12:59:27+00:00", "2020-05-15T13:10:20+00:00", "2020-05-15T13:20:53+00:00", "2020-05-15T13:33:09+00:00", "2020-05-15T13:43:38+00:00", "2020-05-15T13:54:34+00:00", "2020-05-15T14:05:03+00:00", "2020-05-15T14:14:45+00:00", "2020-05-15T14:24:45+00:00", "2020-05-15T14:34:04+00:00", "2020-05-15T14:43:01+00:00", "2020-05-15T14:52:41+00:00", "2020-05-15T15:02:19+00:00", "2020-05-15T15:10:43+00:00", "2020-05-15T15:19:04+00:00", "2020-05-15T15:25:28+00:00", "2020-05-15T15:35:37+00:00", "2020-05-15T15:48:29+00:00", "2020-05-15T15:57:22+00:00", "2020-05-15T16:08:02+00:00", "2020-05-15T16:17:27+00:00", "2020-05-15T16:35:00+00:00", "2020-05-15T17:04:41+00:00", "2020-05-15T17:13:33+00:00", "2020-05-15T17:22:22+00:00", "2020-05-15T17:33:42+00:00", "2020-05-15T17:42:31+00:00", "2020-05-15T17:50:47+00:00", "2020-05-15T18:03:08+00:00", "2020-05-15T18:14:48+00:00", "2020-05-15T18:23:32+00:00", "2020-05-15T18:32:49+00:00", "2020-05-15T18:42:13+00:00", "2020-05-15T18:53:10+00:00", "2020-05-15T19:05:22+00:00", "2020-05-15T19:16:23+00:00", "2020-05-15T19:27:39+00:00", "2020-05-15T19:35:40+00:00", "2020-05-15T19:44:17+00:00", "2020-05-15T19:53:41+00:00", "2020-05-15T20:02:57+00:00", "2020-05-15T20:14:06+00:00", "2020-05-15T20:25:15+00:00", "2020-05-15T20:37:31+00:00", "2020-05-15T20:46:23+00:00", "2020-05-15T20:57:40+00:00", "2020-05-15T21:07:57+00:00", "2020-05-15T21:17:01+00:00", "2020-05-15T21:27:01+00:00", "2020-05-15T21:37:30+00:00", "2020-05-15T21:50:19+00:00", "2020-05-15T21:58:35+00:00", "2020-05-15T22:08:40+00:00", "2020-05-15T22:19:16+00:00", "2020-05-15T22:30:41+00:00", "2020-05-15T22:40:41+00:00", "2020-05-15T22:52:14+00:00", "2020-05-15T22:59:50+00:00", "2020-05-15T23:10:35+00:00", "2020-05-15T23:21:02+00:00", "2020-05-15T23:30:57+00:00", "2020-05-15T23:41:42+00:00", "2020-05-15T23:53:35+00:00", "2020-05-16T00:02:52+00:00", "2020-05-16T00:14:04+00:00", "2020-05-16T00:25:05+00:00", "2020-05-16T00:34:38+00:00", "2020-05-16T00:47:59+00:00", "2020-05-16T00:57:48+00:00", "2020-05-16T01:07:28+00:00", "2020-05-16T01:18:21+00:00", "2020-05-16T01:32:21+00:00", "2020-05-16T01:42:38+00:00", "2020-05-16T01:52:31+00:00", "2020-05-16T02:03:54+00:00", "2020-05-16T02:15:45+00:00", "2020-05-16T02:26:08+00:00", "2020-05-16T02:38:04+00:00", "2020-05-16T02:46:34+00:00", "2020-05-16T02:59:18+00:00", "2020-05-16T03:08:43+00:00", "2020-05-16T03:20:43+00:00", "2020-05-16T03:32:24+00:00", "2020-05-16T03:43:32+00:00", "2020-05-16T03:56:29+00:00", "2020-05-16T04:06:02+00:00", "2020-05-16T04:18:30+00:00", "2020-05-16T04:26:55+00:00", "2020-05-16T04:38:28+00:00", "2020-05-16T04:49:33+00:00", "2020-05-16T05:01:09+00:00", "2020-05-16T05:10:58+00:00", "2020-05-16T05:20:14+00:00", "2020-05-16T05:32:07+00:00", "2020-05-16T05:41:31+00:00", "2020-05-16T05:53:00+00:00", "2020-05-16T06:03:40+00:00", "2020-05-16T06:17:57+00:00", "2020-05-16T06:27:33+00:00", "2020-05-16T06:38:58+00:00", "2020-05-16T06:50:51+00:00", "2020-05-16T07:00:31+00:00", "2020-05-16T07:11:09+00:00", "2020-05-16T07:36:00+00:00", "2020-05-16T08:26:00+00:00", "2020-05-16T09:12:44+00:00", "2020-05-16T09:22:29+00:00", "2020-05-16T09:31:09+00:00", "2020-05-16T09:39:49+00:00", "2020-05-16T09:49:10+00:00", "2020-05-16T09:58:38+00:00", "2020-05-16T10:08:31+00:00", "2020-05-16T10:18:11+00:00", "2020-05-16T10:27:29+00:00", "2020-05-16T10:37:30+00:00", "2020-05-16T10:50:15+00:00", "2020-05-16T10:57:47+00:00", "2020-05-16T11:09:16+00:00", "2020-05-16T11:46:15+00:00", "2020-05-16T11:56:10+00:00", "2020-05-16T12:06:15+00:00", "2020-05-16T12:16:15+00:00", "2020-05-16T12:25:56+00:00", "2020-05-16T12:34:52+00:00", "2020-05-16T12:46:13+00:00", "2020-05-16T12:55:25+00:00", "2020-05-16T13:02:38+00:00", "2020-05-16T13:11:22+00:00", "2020-05-16T13:18:55+00:00", "2020-05-16T13:27:19+00:00", "2020-05-16T13:34:19+00:00", "2020-05-16T13:41:36+00:00", "2020-05-16T13:47:44+00:00", "2020-05-16T13:55:20+00:00", "2020-05-16T14:03:13+00:00", "2020-05-16T14:11:54+00:00", "2020-05-16T14:20:30+00:00", "2020-05-16T14:28:19+00:00", "2020-05-16T14:36:30+00:00", "2020-05-16T14:46:15+00:00", "2020-05-16T14:56:16+00:00", "2020-05-16T15:06:21+00:00", "2020-05-16T15:14:42+00:00", "2020-05-16T15:25:10+00:00", "2020-05-16T15:36:19+00:00", "2020-05-16T15:43:44+00:00", "2020-05-16T15:53:12+00:00", "2020-05-16T16:01:12+00:00", "2020-05-16T16:10:17+00:00", "2020-05-16T16:20:46+00:00", "2020-05-16T16:29:10+00:00", "2020-05-16T16:38:55+00:00", "2020-05-16T16:52:20+00:00", "2020-05-16T17:01:45+00:00", "2020-05-16T17:10:53+00:00", "2020-05-16T17:20:30+00:00", "2020-05-16T17:28:18+00:00", "2020-05-16T17:40:39+00:00", "2020-05-16T17:48:20+00:00", "2020-05-16T17:57:20+00:00", "2020-05-16T18:07:17+00:00", "2020-05-16T18:15:41+00:00", "2020-05-16T18:27:38+00:00", "2020-05-16T18:36:22+00:00", "2020-05-16T18:47:22+00:00", "2020-05-16T18:56:45+00:00", "2020-05-16T19:36:45+00:00", "2020-05-16T20:14:28+00:00", "2020-05-16T20:25:42+00:00", "2020-05-16T20:35:19+00:00", "2020-05-16T20:41:43+00:00", "2020-05-16T20:50:27+00:00", "2020-05-16T21:01:56+00:00", "2020-05-16T21:14:32+00:00", "2020-05-16T21:24:13+00:00", "2020-05-16T21:34:33+00:00", "2020-05-16T21:45:54+00:00", "2020-05-16T21:57:00+00:00", "2020-05-16T22:09:19+00:00", "2020-05-16T22:18:55+00:00", "2020-05-16T22:31:00+00:00", "2020-05-16T22:42:12+00:00", "2020-05-16T22:50:41+00:00", "2020-05-16T23:01:58+00:00", "2020-05-16T23:11:14+00:00", "2020-05-16T23:57:15+00:00", "2020-05-17T00:47:15+00:00", "2020-05-17T01:37:15+00:00", "2020-05-17T02:27:30+00:00", "2020-05-17T03:17:30+00:00", "2020-05-17T04:07:30+00:00", "2020-05-17T04:58:15+00:00", "2020-05-17T05:48:30+00:00", "2020-05-17T06:38:30+00:00", "2020-05-17T07:28:30+00:00", "2020-05-17T08:13:15+00:00", "2020-05-17T08:27:16+00:00", "2020-05-17T08:42:01+00:00", "2020-05-17T08:57:30+00:00", "2020-05-17T09:12:31+00:00", "2020-05-17T09:24:19+00:00", "2020-05-17T09:36:44+00:00", "2020-05-17T09:46:12+00:00", "2020-05-17T09:59:37+00:00", "2020-05-17T10:15:10+00:00", "2020-05-17T10:44:30+00:00", "2020-05-17T11:26:28+00:00", "2020-05-17T11:38:28+00:00", "2020-05-17T11:53:37+00:00", "2020-05-17T12:06:53+00:00", "2020-05-17T12:20:38+00:00", "2020-05-17T12:34:47+00:00", "2020-05-17T12:49:19+00:00", "2020-05-17T13:01:56+00:00", "2020-05-17T13:16:37+00:00", "2020-05-17T13:27:49+00:00", "2020-05-17T13:37:06+00:00", "2020-05-17T13:49:14+00:00", "2020-05-17T14:01:47+00:00", "2020-05-17T14:13:43+00:00", "2020-05-17T14:26:08+00:00", "2020-05-17T14:36:24+00:00", "2020-05-17T14:46:17+00:00", "2020-05-17T14:56:29+00:00", "2020-05-17T15:07:37+00:00", "2020-05-17T15:17:50+00:00", "2020-05-17T15:28:50+00:00", "2020-05-17T15:38:35+00:00", "2020-05-17T15:48:47+00:00", "2020-05-17T15:59:04+00:00", "2020-05-17T16:10:40+00:00", "2020-05-17T16:22:37+00:00", "2020-05-17T16:33:25+00:00", "2020-05-17T16:45:46+00:00", "2020-05-17T16:57:14+00:00", "2020-05-17T17:09:39+00:00", "2020-05-17T17:20:16+00:00", "2020-05-17T17:30:56+00:00", "2020-05-17T17:43:05+00:00", "2020-05-17T17:53:09+00:00", "2020-05-17T18:05:45+00:00", "2020-05-17T18:15:45+00:00", "2020-05-17T18:23:23+00:00", "2020-05-17T18:34:07+00:00", "2020-05-17T18:43:07+00:00", "2020-05-17T18:51:00+00:00", "2020-05-17T19:01:25+00:00", "2020-05-17T19:45:45+00:00", "2020-05-17T20:31:12+00:00", "2020-05-17T20:39:49+00:00", "2020-05-17T20:51:09+00:00", "2020-05-17T21:01:10+00:00", "2020-05-17T21:10:06+00:00", "2020-05-17T21:20:38+00:00", "2020-05-17T21:31:59+00:00", "2020-05-17T21:43:39+00:00", "2020-05-17T21:52:52+00:00", "2020-05-17T22:01:24+00:00", "2020-05-17T22:12:56+00:00", "2020-05-17T22:21:29+00:00", "2020-05-17T22:32:37+00:00", "2020-05-17T22:41:54+00:00", "2020-05-17T22:54:30+00:00", "2020-05-17T23:03:27+00:00", "2020-05-17T23:11:51+00:00", "2020-05-17T23:21:40+00:00", "2020-05-17T23:31:05+00:00", "2020-05-17T23:40:53+00:00", "2020-05-17T23:53:30+00:00", "2020-05-18T00:03:18+00:00", "2020-05-18T00:12:23+00:00", "2020-05-18T00:26:16+00:00", "2020-05-18T00:37:00+00:00", "2020-05-18T00:46:57+00:00", "2020-05-18T00:54:25+00:00", "2020-05-18T01:04:13+00:00", "2020-05-18T01:12:54+00:00", "2020-05-18T01:20:30+00:00", "2020-05-18T01:29:27+00:00", "2020-05-18T01:38:35+00:00", "2020-05-18T01:45:11+00:00", "2020-05-18T01:53:16+00:00", "2020-05-18T02:01:20+00:00", "2020-05-18T02:10:45+00:00", "2020-05-18T02:18:29+00:00", "2020-05-18T02:26:50+00:00", "2020-05-18T02:34:58+00:00", "2020-05-18T02:45:27+00:00", "2020-05-18T03:26:30+00:00", "2020-05-18T04:16:30+00:00", "2020-05-18T05:06:30+00:00", "2020-05-18T05:56:45+00:00", "2020-05-18T06:56:45+00:00", "2020-05-18T07:46:45+00:00", "2020-05-18T09:06:45+00:00", "2020-05-18T09:57:00+00:00", "2020-05-18T10:47:00+00:00", "2020-05-18T11:47:00+00:00", "2020-05-18T12:37:00+00:00", "2020-05-18T13:27:00+00:00", "2020-05-18T14:27:15+00:00", "2020-05-18T15:17:15+00:00", "2020-05-18T16:07:15+00:00", "2020-05-18T16:57:30+00:00", "2020-05-18T17:47:30+00:00", "2020-05-18T18:37:30+00:00", "2020-05-18T19:27:30+00:00", "2020-05-18T20:17:45+00:00", "2020-05-18T21:07:45+00:00", "2020-05-18T21:58:00+00:00", "2020-05-18T22:48:00+00:00", "2020-05-18T23:38:15+00:00", "2020-05-19T00:28:15+00:00", "2020-05-19T01:18:15+00:00", "2020-05-19T02:08:15+00:00", "2020-05-19T02:58:15+00:00", "2020-05-19T03:48:15+00:00", "2020-05-19T04:38:15+00:00", "2020-05-19T05:28:30+00:00", "2020-05-19T06:04:22+00:00", "2020-05-19T06:14:43+00:00", "2020-05-19T06:25:15+00:00", "2020-05-19T06:37:20+00:00", "2020-05-19T06:46:13+00:00", "2020-05-19T06:56:57+00:00", "2020-05-19T07:06:58+00:00", "2020-05-19T07:15:55+00:00", "2020-05-19T07:27:03+00:00", "2020-05-19T07:37:52+00:00", "2020-05-19T07:48:32+00:00", "2020-05-19T07:59:13+00:00", "2020-05-19T08:09:55+00:00", "2020-05-19T08:17:59+00:00", "2020-05-19T08:29:40+00:00", "2020-05-19T08:40:33+00:00", "2020-05-19T08:48:57+00:00", "2020-05-19T08:58:06+00:00", "2020-05-19T09:06:14+00:00", "2020-05-19T09:17:43+00:00", "2020-05-19T09:58:45+00:00", "2020-05-19T10:26:29+00:00", "2020-05-19T10:36:18+00:00", "2020-05-19T10:47:02+00:00", "2020-05-19T10:59:23+00:00", "2020-05-19T11:09:51+00:00", "2020-05-19T11:21:32+00:00", "2020-05-19T11:30:48+00:00", "2020-05-19T11:41:41+00:00", "2020-05-19T11:54:14+00:00", "2020-05-19T12:05:59+00:00", "2020-05-19T12:13:15+00:00", "2020-05-19T12:23:59+00:00", "2020-05-19T12:37:04+00:00", "2020-05-19T12:46:45+00:00", "2020-05-19T13:10:59+00:00", "2020-05-19T13:23:08+00:00", "2020-05-19T13:34:04+00:00", "2020-05-19T13:47:25+00:00", "2020-05-19T13:59:09+00:00", "2020-05-19T14:11:46+00:00", "2020-05-19T14:21:59+00:00", "2020-05-19T14:34:11+00:00", "2020-05-19T14:47:20+00:00", "2020-05-19T14:57:33+00:00", "2020-05-19T15:09:09+00:00", "2020-05-19T15:18:34+00:00", "2020-05-19T15:28:34+00:00", "2020-05-19T15:39:31+00:00", "2020-05-19T15:48:55+00:00", "2020-05-19T15:59:00+00:00", "2020-05-19T16:10:52+00:00", "2020-05-19T16:20:21+00:00", "2020-05-19T16:30:29+00:00", "2020-05-19T16:41:09+00:00", "2020-05-19T16:52:06+00:00", "2020-05-19T17:06:03+00:00", "2020-05-19T17:17:11+00:00", "2020-05-19T17:28:24+00:00", "2020-05-19T17:39:15+00:00", "2020-05-19T17:49:57+00:00", "2020-05-19T18:19:15+00:00", "2020-05-19T19:09:15+00:00", "2020-05-19T19:59:30+00:00", "2020-05-19T20:49:30+00:00", "2020-05-19T21:39:30+00:00", "2020-05-19T22:29:30+00:00", "2020-05-19T23:29:45+00:00", "2020-05-20T00:19:45+00:00", "2020-05-20T01:10:15+00:00", "2020-05-20T02:00:30+00:00", "2020-05-20T02:50:30+00:00", "2020-05-20T03:40:30+00:00", "2020-05-20T04:30:30+00:00", "2020-05-20T05:20:45+00:00", "2020-05-20T06:10:45+00:00", "2020-05-20T07:00:45+00:00", "2020-05-20T07:50:45+00:00", "2020-05-20T08:40:45+00:00", "2020-05-20T09:31:15+00:00", "2020-05-20T10:21:15+00:00", "2020-05-20T11:11:15+00:00", "2020-05-20T12:01:30+00:00", "2020-05-20T12:51:30+00:00", "2020-05-20T13:41:45+00:00", "2020-05-20T14:31:45+00:00", "2020-05-20T15:22:15+00:00", "2020-05-20T16:12:15+00:00", "2020-05-20T17:02:15+00:00", "2020-05-20T17:52:30+00:00", "2020-05-20T18:46:00+00:00", "2020-05-20T19:36:00+00:00", "2020-05-20T20:05:32+00:00", "2020-05-20T20:13:41+00:00", "2020-05-20T20:22:17+00:00", "2020-05-20T20:30:45+00:00", "2020-05-20T20:41:02+00:00", "2020-05-20T20:48:51+00:00", "2020-05-20T20:54:51+00:00", "2020-05-20T21:02:44+00:00", "2020-05-20T21:09:52+00:00", "2020-05-20T21:14:32+00:00", "2020-05-20T21:22:44+00:00", "2020-05-20T21:32:41+00:00", "2020-05-20T21:40:05+00:00", "2020-05-20T21:49:54+00:00", "2020-05-20T21:58:58+00:00", "2020-05-20T22:07:22+00:00", "2020-05-20T22:15:19+00:00", "2020-05-20T22:23:59+00:00", "2020-05-20T22:32:20+00:00", "2020-05-20T22:39:44+00:00", "2020-05-20T22:47:48+00:00", "2020-05-20T22:54:25+00:00", "2020-05-20T23:02:41+00:00", "2020-05-20T23:12:45+00:00", "2020-05-20T23:20:50+00:00", "2020-05-20T23:30:50+00:00", "2020-05-20T23:39:07+00:00", "2020-05-20T23:48:03+00:00", "2020-05-20T23:55:08+00:00", "2020-05-21T00:02:05+00:00", "2020-05-21T00:09:37+00:00", "2020-05-21T00:18:22+00:00", "2020-05-21T00:26:18+00:00", "2020-05-21T00:34:14+00:00", "2020-05-21T00:41:27+00:00", "2020-05-21T00:49:03+00:00", "2020-05-21T00:56:15+00:00", "2020-05-21T01:06:12+00:00", "2020-05-21T01:13:48+00:00", "2020-05-21T01:21:20+00:00", "2020-05-21T01:32:29+00:00", "2020-05-21T01:39:25+00:00", "2020-05-21T01:49:38+00:00", "2020-05-21T01:56:38+00:00", "2020-05-21T02:02:54+00:00", "2020-05-21T02:23:15+00:00", "2020-05-21T02:52:40+00:00", "2020-05-21T03:26:58+00:00", "2020-05-21T03:35:46+00:00", "2020-05-21T03:45:02+00:00", "2020-05-21T03:53:39+00:00", "2020-05-21T04:00:43+00:00", "2020-05-21T04:07:12+00:00", "2020-05-21T04:15:32+00:00", "2020-05-21T04:23:08+00:00", "2020-05-21T04:30:17+00:00", "2020-05-21T04:39:09+00:00", "2020-05-21T04:47:41+00:00", "2020-05-21T04:54:54+00:00", "2020-05-21T05:04:30+00:00", "2020-05-21T05:10:55+00:00", "2020-05-21T05:19:35+00:00", "2020-05-21T05:26:48+00:00", "2020-05-21T05:36:20+00:00", "2020-05-21T05:43:57+00:00", "2020-05-21T05:51:29+00:00", "2020-05-21T05:59:38+00:00", "2020-05-21T06:06:50+00:00", "2020-05-21T06:15:15+00:00", "2020-05-21T06:21:23+00:00", "2020-05-21T06:30:11+00:00", "2020-05-21T06:36:51+00:00", "2020-05-21T06:46:00+00:00", "2020-05-21T06:54:08+00:00", "2020-05-21T07:00:48+00:00", "2020-05-21T07:07:25+00:00", "2020-05-21T07:14:25+00:00", "2020-05-21T07:21:37+00:00", "2020-05-21T07:29:18+00:00", "2020-05-21T07:40:11+00:00", "2020-05-21T07:48:03+00:00", "2020-05-21T08:00:00+00:00", "2020-05-21T08:09:36+00:00", "2020-05-21T08:19:24+00:00", "2020-05-21T08:27:45+00:00", "2020-05-21T08:39:01+00:00", "2020-05-21T08:48:26+00:00", "2020-05-21T08:57:22+00:00", "2020-05-21T09:06:35+00:00", "2020-05-21T09:19:31+00:00", "2020-05-21T09:30:40+00:00", "2020-05-21T09:43:05+00:00", "2020-05-21T10:04:45+00:00", "2020-05-21T10:22:19+00:00", "2020-05-21T10:34:45+00:00", "2020-05-21T10:47:04+00:00", "2020-05-21T10:56:56+00:00", "2020-05-21T11:07:33+00:00", "2020-05-21T11:20:13+00:00", "2020-05-21T11:30:18+00:00", "2020-05-21T11:38:22+00:00", "2020-05-21T11:50:55+00:00", "2020-05-21T12:04:45+00:00", "2020-05-21T12:14:32+00:00", "2020-05-21T12:24:32+00:00", "2020-05-21T12:34:45+00:00", "2020-05-21T12:45:05+00:00", "2020-05-21T12:55:26+00:00", "2020-05-21T13:05:10+00:00", "2020-05-21T13:14:51+00:00", "2020-05-21T13:24:31+00:00", "2020-05-21T13:35:36+00:00", "2020-05-21T13:50:41+00:00", "2020-05-21T14:01:13+00:00", "2020-05-21T14:11:38+00:00", "2020-05-21T14:21:54+00:00", "2020-05-21T14:33:39+00:00", "2020-05-21T14:43:07+00:00", "2020-05-21T14:56:04+00:00", "2020-05-21T15:05:08+00:00", "2020-05-21T15:55:15+00:00", "2020-05-21T16:13:59+00:00", "2020-05-21T16:26:28+00:00", "2020-05-21T16:36:16+00:00", "2020-05-21T16:48:41+00:00", "2020-05-21T16:57:41+00:00", "2020-05-21T17:08:26+00:00", "2020-05-21T17:19:50+00:00", "2020-05-21T17:31:35+00:00", "2020-05-21T17:40:31+00:00", "2020-05-21T17:50:28+00:00", "2020-05-21T18:00:20+00:00", "2020-05-21T18:10:08+00:00", "2020-05-21T18:19:17+00:00", "2020-05-21T18:27:37+00:00", "2020-05-21T18:37:53+00:00", "2020-05-21T18:47:14+00:00", "2020-05-21T18:55:30+00:00", "2020-05-21T19:06:43+00:00", "2020-05-21T19:15:30+00:00", "2020-05-21T19:52:13+00:00", "2020-05-21T20:02:22+00:00", "2020-05-21T20:12:18+00:00", "2020-05-21T20:25:38+00:00", "2020-05-21T20:36:31+00:00", "2020-05-21T20:46:39+00:00", "2020-05-21T20:51:27+00:00", "2020-05-21T21:04:08+00:00", "2020-05-21T21:15:22+00:00", "2020-05-21T21:24:30+00:00", "2020-05-21T21:31:59+00:00", "2020-05-21T21:41:20+00:00", "2020-05-21T21:47:49+00:00", "2020-05-21T21:57:38+00:00", "2020-05-21T22:06:26+00:00", "2020-05-21T22:14:19+00:00", "2020-05-21T22:22:51+00:00", "2020-05-21T22:30:52+00:00", "2020-05-21T22:40:32+00:00", "2020-05-21T22:48:45+00:00", "2020-05-21T22:57:33+00:00", "2020-05-21T23:05:33+00:00", "2020-05-21T23:13:34+00:00", "2020-05-21T23:22:06+00:00", "2020-05-21T23:31:19+00:00", "2020-05-22T00:08:56+00:00", "2020-05-22T00:17:09+00:00", "2020-05-22T00:24:45+00:00", "2020-05-22T00:30:21+00:00", "2020-05-22T00:36:29+00:00", "2020-05-22T00:45:43+00:00", "2020-05-22T00:52:55+00:00", "2020-05-22T01:01:19+00:00", "2020-05-22T01:07:24+00:00", "2020-05-22T01:14:36+00:00", "2020-05-22T01:21:17+00:00", "2020-05-22T01:28:09+00:00", "2020-05-22T01:35:17+00:00", "2020-05-22T01:43:45+00:00", "2020-05-22T01:52:30+00:00", "2020-05-22T02:00:54+00:00", "2020-05-22T02:07:39+00:00", "2020-05-22T02:13:47+00:00", "2020-05-22T02:22:20+00:00", "2020-05-22T02:29:57+00:00", "2020-05-22T02:38:25+00:00", "2020-05-22T02:44:22+00:00", "2020-05-22T02:53:46+00:00", "2020-05-22T03:01:15+00:00", "2020-05-22T03:08:20+00:00", "2020-05-22T03:14:40+00:00", "2020-05-22T03:21:08+00:00", "2020-05-22T03:30:29+00:00", "2020-05-22T03:37:25+00:00", "2020-05-22T03:42:53+00:00", "2020-05-22T03:50:11+00:00", "2020-05-22T03:55:47+00:00", "2020-05-22T04:01:43+00:00", "2020-05-22T04:09:08+00:00", "2020-05-22T04:16:40+00:00", "2020-05-22T04:23:56+00:00", "2020-05-22T04:29:17+00:00", "2020-05-22T04:36:33+00:00", "2020-05-22T04:45:13+00:00", "2020-05-22T04:52:10+00:00", "2020-05-22T04:57:26+00:00", "2020-05-22T05:05:46+00:00", "2020-05-22T05:14:14+00:00", "2020-05-22T05:20:39+00:00", "2020-05-22T05:28:43+00:00", "2020-05-22T05:35:55+00:00", "2020-05-22T05:44:16+00:00", "2020-05-22T05:55:02+00:00", "2020-05-22T06:02:22+00:00", "2020-05-22T06:11:07+00:00", "2020-05-22T06:18:27+00:00", "2020-05-22T06:25:52+00:00", "2020-05-22T06:34:00+00:00", "2020-05-22T06:40:53+00:00", "2020-05-22T06:47:53+00:00", "2020-05-22T06:54:54+00:00", "2020-05-22T07:01:22+00:00", "2020-05-22T07:06:51+00:00", "2020-05-22T07:14:11+00:00", "2020-05-22T07:20:51+00:00", "2020-05-22T07:26:51+00:00", "2020-05-22T07:34:00+00:00", "2020-05-22T07:39:00+00:00", "2020-05-22T07:45:28+00:00", "2020-05-22T07:52:48+00:00", "2020-05-22T07:58:25+00:00", "2020-05-22T08:05:05+00:00", "2020-05-22T08:12:53+00:00", "2020-05-22T08:20:22+00:00", "2020-05-22T08:26:34+00:00", "2020-05-22T08:34:54+00:00", "2020-05-22T08:42:43+00:00", "2020-05-22T08:51:47+00:00", "2020-05-22T08:59:04+00:00", "2020-05-22T09:08:48+00:00", "2020-05-22T09:47:15+00:00", "2020-05-22T09:56:58+00:00", "2020-05-22T10:04:06+00:00", "2020-05-22T10:10:47+00:00", "2020-05-22T10:17:35+00:00", "2020-05-22T10:24:23+00:00", "2020-05-22T10:32:16+00:00", "2020-05-22T10:38:52+00:00", "2020-05-22T10:44:32+00:00", "2020-05-22T10:51:00+00:00", "2020-05-22T10:56:37+00:00", "2020-05-22T11:03:13+00:00", "2020-05-22T11:09:25+00:00", "2020-05-22T11:16:13+00:00", "2020-05-22T11:23:26+00:00", "2020-05-22T11:29:43+00:00", "2020-05-22T11:36:07+00:00", "2020-05-22T11:43:11+00:00", "2020-05-22T11:48:44+00:00", "2020-05-22T11:55:20+00:00", "2020-05-22T12:01:29+00:00", "2020-05-22T12:09:57+00:00", "2020-05-22T12:17:13+00:00", "2020-05-22T12:26:18+00:00", "2020-05-22T12:34:34+00:00", "2020-05-22T12:43:19+00:00", "2020-05-22T12:53:11+00:00", "2020-05-22T13:02:39+00:00", "2020-05-22T13:10:24+00:00", "2020-05-22T13:19:04+00:00", "2020-05-22T13:27:45+00:00", "2020-05-22T13:36:45+00:00", "2020-05-22T13:45:49+00:00", "2020-05-22T13:58:10+00:00", "2020-05-22T14:06:10+00:00", "2020-05-22T14:17:45+00:00", "2020-05-22T14:30:43+00:00", "2020-05-22T14:37:47+00:00", "2020-05-22T14:45:36+00:00", "2020-05-22T14:55:12+00:00", "2020-05-22T15:08:00+00:00", "2020-05-22T15:14:22+00:00", "2020-05-22T15:25:30+00:00", "2020-05-22T15:34:47+00:00", "2020-05-22T15:42:47+00:00", "2020-05-22T15:50:27+00:00", "2020-05-22T15:58:04+00:00", "2020-05-22T16:06:24+00:00", "2020-05-22T16:48:00+00:00", "2020-05-22T17:38:15+00:00", "2020-05-22T17:58:09+00:00", "2020-05-22T18:05:07+00:00", "2020-05-22T18:11:23+00:00", "2020-05-22T18:18:03+00:00", "2020-05-22T18:25:36+00:00", "2020-05-22T18:32:24+00:00", "2020-05-22T18:40:20+00:00", "2020-05-22T18:48:17+00:00", "2020-05-22T18:55:18+00:00", "2020-05-22T19:02:42+00:00", "2020-05-22T19:09:30+00:00", "2020-05-22T19:16:11+00:00", "2020-05-22T19:26:11+00:00", "2020-05-22T19:48:30+00:00", "2020-05-22T19:56:17+00:00", "2020-05-22T20:05:07+00:00", "2020-05-22T20:12:56+00:00", "2020-05-22T20:21:30+00:00", "2020-05-22T20:29:30+00:00", "2020-05-22T20:38:03+00:00", "2020-05-22T20:45:20+00:00", "2020-05-22T20:52:56+00:00", "2020-05-22T21:00:25+00:00", "2020-05-22T21:08:30+00:00", "2020-05-22T21:19:31+00:00", "2020-05-22T21:28:13+00:00", "2020-05-22T21:36:25+00:00", "2020-05-22T21:45:01+00:00", "2020-05-22T21:53:54+00:00", "2020-05-22T22:28:45+00:00", "2020-05-22T23:16:35+00:00", "2020-05-22T23:22:55+00:00", "2020-05-22T23:29:08+00:00", "2020-05-22T23:34:08+00:00", "2020-05-22T23:40:21+00:00", "2020-05-22T23:46:45+00:00", "2020-05-22T23:51:53+00:00", "2020-05-22T23:57:01+00:00", "2020-05-23T00:04:42+00:00", "2020-05-23T00:11:34+00:00", "2020-05-23T00:18:34+00:00", "2020-05-23T00:23:50+00:00", "2020-05-23T00:29:11+00:00", "2020-05-23T00:39:15+00:00", "2020-05-23T00:48:23+00:00", "2020-05-23T00:57:20+00:00", "2020-05-23T01:07:52+00:00", "2020-05-23T01:16:56+00:00", "2020-05-23T01:27:45+00:00", "2020-05-23T01:37:49+00:00", "2020-05-23T01:46:42+00:00", "2020-05-23T01:55:34+00:00", "2020-05-23T02:06:27+00:00", "2020-05-23T02:17:18+00:00", "2020-05-23T02:23:18+00:00", "2020-05-23T02:31:14+00:00", "2020-05-23T02:37:34+00:00", "2020-05-23T02:45:35+00:00", "2020-05-23T02:50:15+00:00", "2020-05-23T03:00:15+00:00", "2020-05-23T03:08:24+00:00", "2020-05-23T03:15:04+00:00", "2020-05-23T03:20:56+00:00", "2020-05-23T03:27:17+00:00", "2020-05-23T03:37:49+00:00", "2020-05-23T03:44:45+00:00", "2020-05-23T04:01:18+00:00", "2020-05-23T04:09:30+00:00", "2020-05-23T04:17:11+00:00", "2020-05-23T04:27:32+00:00", "2020-05-23T04:35:56+00:00", "2020-05-23T04:44:32+00:00", "2020-05-23T04:50:41+00:00", "2020-05-23T04:59:18+00:00", "2020-05-23T05:06:38+00:00", "2020-05-23T05:14:55+00:00", "2020-05-23T05:25:11+00:00", "2020-05-23T05:33:24+00:00", "2020-05-23T05:43:04+00:00", "2020-05-23T05:55:29+00:00", "2020-05-23T06:02:53+00:00", "2020-05-23T06:08:17+00:00", "2020-05-23T06:16:41+00:00", "2020-05-23T06:24:22+00:00", "2020-05-23T06:34:43+00:00", "2020-05-23T06:44:27+00:00", "2020-05-23T06:53:12+00:00", "2020-05-23T07:09:20+00:00", "2020-05-23T07:21:49+00:00", "2020-05-23T07:34:18+00:00", "2020-05-23T07:46:30+00:00", "2020-05-23T08:00:00+00:00", "2020-05-23T08:11:21+00:00", "2020-05-23T08:20:17+00:00", "2020-05-23T08:27:34+00:00", "2020-05-23T08:35:46+00:00", "2020-05-23T08:43:35+00:00", "2020-05-23T08:52:12+00:00", "2020-05-23T09:01:52+00:00", "2020-05-23T09:14:37+00:00", "2020-05-23T09:25:37+00:00", "2020-05-23T09:38:32+00:00", "2020-05-23T09:46:40+00:00", "2020-05-23T09:52:57+00:00", "2020-05-23T09:59:37+00:00", "2020-05-23T10:06:53+00:00", "2020-05-23T10:14:09+00:00", "2020-05-23T10:20:10+00:00", "2020-05-23T10:28:22+00:00", "2020-05-23T10:35:58+00:00", "2020-05-23T10:42:35+00:00", "2020-05-23T10:50:03+00:00", "2020-05-23T10:56:07+00:00", "2020-05-23T11:02:23+00:00", "2020-05-23T11:08:48+00:00", "2020-05-23T11:15:29+00:00", "2020-05-23T11:22:35+00:00", "2020-05-23T11:31:40+00:00", "2020-05-23T11:38:12+00:00", "2020-05-23T11:45:48+00:00", "2020-05-23T11:54:17+00:00", "2020-05-23T12:05:09+00:00", "2020-05-23T12:15:00+00:00", "2020-05-23T12:25:38+00:00", "2020-05-23T12:36:06+00:00", "2020-05-23T12:49:35+00:00", "2020-05-23T12:57:39+00:00", "2020-05-23T13:09:43+00:00", "2020-05-23T13:20:52+00:00", "2020-05-23T13:28:50+00:00", "2020-05-23T13:41:43+00:00", "2020-05-23T13:54:23+00:00", "2020-05-23T14:03:28+00:00", "2020-05-23T14:11:28+00:00", "2020-05-23T14:18:29+00:00", "2020-05-23T14:25:50+00:00", "2020-05-23T14:33:26+00:00", "2020-05-23T14:41:42+00:00", "2020-05-23T14:48:59+00:00", "2020-05-23T14:59:03+00:00", "2020-05-23T15:06:27+00:00", "2020-05-23T15:13:56+00:00", "2020-05-23T15:22:12+00:00", "2020-05-23T15:29:40+00:00", "2020-05-23T15:37:53+00:00", "2020-05-23T15:43:45+00:00", "2020-05-23T15:55:05+00:00", "2020-05-23T16:02:38+00:00", "2020-05-23T16:12:38+00:00", "2020-05-23T16:21:07+00:00", "2020-05-23T16:26:59+00:00", "2020-05-23T16:36:48+00:00", "2020-05-23T16:44:36+00:00", "2020-05-23T16:58:33+00:00", "2020-05-23T17:07:37+00:00", "2020-05-23T17:19:31+00:00", "2020-05-23T17:28:03+00:00", "2020-05-23T17:35:30+00:00", "2020-05-23T17:46:56+00:00", "2020-05-23T17:56:52+00:00", "2020-05-23T18:04:20+00:00", "2020-05-23T18:11:45+00:00", "2020-05-23T18:21:29+00:00", "2020-05-23T18:30:18+00:00", "2020-05-23T18:39:10+00:00", "2020-05-23T18:48:34+00:00", "2020-05-23T18:55:23+00:00", "2020-05-23T19:03:39+00:00", "2020-05-23T19:15:11+00:00", "2020-05-23T19:21:48+00:00", "2020-05-23T19:29:52+00:00", "2020-05-23T19:38:20+00:00", "2020-05-23T19:48:05+00:00", "2020-05-23T19:57:13+00:00", "2020-05-23T20:06:17+00:00", "2020-05-23T20:13:34+00:00", "2020-05-23T20:22:10+00:00", "2020-05-23T20:29:26+00:00", "2020-05-23T20:38:31+00:00", "2020-05-23T20:50:19+00:00", "2020-05-23T20:59:20+00:00", "2020-05-23T21:11:08+00:00", "2020-05-23T21:17:52+00:00", "2020-05-23T21:28:49+00:00", "2020-05-23T21:39:25+00:00", "2020-05-23T21:47:02+00:00", "2020-05-23T21:57:26+00:00", "2020-05-23T22:07:27+00:00", "2020-05-23T22:17:47+00:00", "2020-05-23T22:27:51+00:00", "2020-05-23T22:38:24+00:00", "2020-05-23T22:46:36+00:00", "2020-05-23T22:55:09+00:00", "2020-05-23T23:06:00+00:00", "2020-05-23T23:19:06+00:00", "2020-05-23T23:34:18+00:00", "2020-05-23T23:41:11+00:00", "2020-05-23T23:49:15+00:00", "2020-05-23T23:58:31+00:00", "2020-05-24T00:09:08+00:00", "2020-05-24T00:19:44+00:00", "2020-05-24T00:31:41+00:00", "2020-05-24T00:43:21+00:00", "2020-05-24T00:51:17+00:00", "2020-05-24T00:59:22+00:00", "2020-05-24T01:12:50+00:00", "2020-05-24T01:25:31+00:00", "2020-05-24T01:39:59+00:00", "2020-05-24T01:53:48+00:00", "2020-05-24T02:06:50+00:00", "2020-05-24T02:19:27+00:00", "2020-05-24T02:31:56+00:00", "2020-05-24T02:42:20+00:00", "2020-05-24T02:56:15+00:00", "2020-05-24T03:07:25+00:00", "2020-05-24T03:16:15+00:00", "2020-05-24T03:25:14+00:00", "2020-05-24T03:38:15+00:00", "2020-05-24T03:48:31+00:00", "2020-05-24T03:59:38+00:00", "2020-05-24T04:15:15+00:00", "2020-05-24T04:27:51+00:00", "2020-05-24T04:36:16+00:00", "2020-05-24T04:49:44+00:00", "2020-05-24T05:03:05+00:00", "2020-05-24T05:15:33+00:00", "2020-05-24T05:30:46+00:00", "2020-05-24T05:41:07+00:00", "2020-05-24T05:52:43+00:00", "2020-05-24T06:10:29+00:00", "2020-05-24T06:23:57+00:00", "2020-05-24T06:40:06+00:00", "2020-05-24T06:50:43+00:00", "2020-05-24T07:00:48+00:00", "2020-05-24T07:14:28+00:00", "2020-05-24T07:26:29+00:00", "2020-05-24T07:38:01+00:00", "2020-05-24T07:47:49+00:00", "2020-05-24T07:57:42+00:00", "2020-05-24T08:08:21+00:00", "2020-05-24T08:22:41+00:00", "2020-05-24T08:32:22+00:00", "2020-05-24T08:46:14+00:00", "2020-05-24T08:56:45+00:00", "2020-05-24T09:10:34+00:00", "2020-05-24T09:56:45+00:00", "2020-05-24T10:16:45+00:00", "2020-05-24T10:31:41+00:00", "2020-05-24T10:44:56+00:00", "2020-05-24T10:56:55+00:00", "2020-05-24T11:09:34+00:00", "2020-05-24T11:23:13+00:00", "2020-05-24T11:33:23+00:00", "2020-05-24T11:47:34+00:00", "2020-05-24T11:58:05+00:00", "2020-05-24T12:13:52+00:00", "2020-05-24T12:25:10+00:00", "2020-05-24T12:35:05+00:00", "2020-05-24T12:45:27+00:00", "2020-05-24T12:56:58+00:00", "2020-05-24T13:17:00+00:00", "2020-05-24T14:07:00+00:00", "2020-05-24T14:40:22+00:00", "2020-05-24T14:52:06+00:00", "2020-05-24T15:02:27+00:00", "2020-05-24T15:15:31+00:00", "2020-05-24T15:25:12+00:00", "2020-05-24T15:36:48+00:00", "2020-05-24T15:48:45+00:00", "2020-05-24T15:59:45+00:00", "2020-05-24T16:14:14+00:00", "2020-05-24T16:25:06+00:00", "2020-05-24T16:38:39+00:00", "2020-05-24T16:50:55+00:00", "2020-05-24T17:03:36+00:00", "2020-05-24T17:17:15+00:00", "2020-05-24T17:32:41+00:00", "2020-05-24T17:45:42+00:00", "2020-05-24T17:59:23+00:00", "2020-05-24T18:10:59+00:00", "2020-05-24T18:23:56+00:00", "2020-05-24T18:35:56+00:00", "2020-05-24T18:50:53+00:00", "2020-05-24T19:05:57+00:00", "2020-05-24T19:27:30+00:00", "2020-05-24T20:17:45+00:00", "2020-05-24T21:08:00+00:00", "2020-05-24T21:27:07+00:00", "2020-05-24T21:34:39+00:00", "2020-05-24T21:45:15+00:00", "2020-05-24T21:54:36+00:00", "2020-05-24T22:05:08+00:00", "2020-05-24T22:12:24+00:00", "2020-05-24T22:28:00+00:00", "2020-05-24T23:08:50+00:00", "2020-05-24T23:19:47+00:00", "2020-05-24T23:30:11+00:00", "2020-05-24T23:37:39+00:00", "2020-05-24T23:45:16+00:00", "2020-05-24T23:53:20+00:00", "2020-05-25T00:01:21+00:00", "2020-05-25T00:09:01+00:00", "2020-05-25T00:17:21+00:00", "2020-05-25T00:28:15+00:00", "2020-05-25T00:37:14+00:00", "2020-05-25T00:43:06+00:00", "2020-05-25T00:51:43+00:00", "2020-05-25T00:59:15+00:00", "2020-05-25T01:06:07+00:00", "2020-05-25T01:16:24+00:00", "2020-05-25T01:24:32+00:00", "2020-05-25T01:32:44+00:00", "2020-05-25T01:39:57+00:00", "2020-05-25T01:49:41+00:00", "2020-05-25T02:28:30+00:00", "2020-05-25T03:18:30+00:00", "2020-05-25T03:52:42+00:00", "2020-05-25T03:59:14+00:00", "2020-05-25T04:08:14+00:00", "2020-05-25T04:15:59+00:00", "2020-05-25T04:23:39+00:00", "2020-05-25T04:31:31+00:00", "2020-05-25T04:38:39+00:00", "2020-05-25T04:47:08+00:00", "2020-05-25T04:54:40+00:00", "2020-05-25T05:04:04+00:00", "2020-05-25T05:12:13+00:00", "2020-05-25T05:20:09+00:00", "2020-05-25T05:27:09+00:00", "2020-05-25T05:35:14+00:00", "2020-05-25T05:43:38+00:00", "2020-05-25T05:52:54+00:00", "2020-05-25T06:00:27+00:00", "2020-05-25T06:10:08+00:00", "2020-05-25T06:21:28+00:00", "2020-05-25T06:28:52+00:00", "2020-05-25T06:38:21+00:00", "2020-05-25T06:49:21+00:00", "2020-05-25T06:59:34+00:00", "2020-05-25T07:08:26+00:00", "2020-05-25T07:17:46+00:00", "2020-05-25T07:25:43+00:00", "2020-05-25T07:35:23+00:00", "2020-05-25T07:42:59+00:00", "2020-05-25T07:54:44+00:00", "2020-05-25T08:03:36+00:00", "2020-05-25T08:13:44+00:00", "2020-05-25T08:21:33+00:00", "2020-05-25T08:32:17+00:00", "2020-05-25T08:39:53+00:00", "2020-05-25T08:48:38+00:00", "2020-05-25T08:56:54+00:00", "2020-05-25T09:06:50+00:00", "2020-05-25T09:15:51+00:00", "2020-05-25T09:26:27+00:00", "2020-05-25T09:33:50+00:00", "2020-05-25T09:48:45+00:00", "2020-05-25T10:19:49+00:00", "2020-05-25T10:25:06+00:00", "2020-05-25T10:34:54+00:00", "2020-05-25T10:44:55+00:00", "2020-05-25T10:52:15+00:00", "2020-05-25T11:00:15+00:00", "2020-05-25T11:09:23+00:00", "2020-05-25T11:16:12+00:00", "2020-05-25T11:25:44+00:00", "2020-05-25T11:34:17+00:00", "2020-05-25T11:41:53+00:00", "2020-05-25T11:49:37+00:00", "2020-05-25T12:00:06+00:00", "2020-05-25T12:09:00+00:00", "2020-05-25T12:19:27+00:00", "2020-05-25T12:29:00+00:00", "2020-05-25T12:38:12+00:00", "2020-05-25T12:48:52+00:00", "2020-05-25T12:57:56+00:00", "2020-05-25T13:07:09+00:00", "2020-05-25T13:19:00+00:00", "2020-05-25T13:27:14+00:00", "2020-05-25T13:35:10+00:00", "2020-05-25T13:44:18+00:00", "2020-05-25T13:52:27+00:00", "2020-05-25T14:19:00+00:00", "2020-05-25T15:09:30+00:00", "2020-05-25T15:29:55+00:00", "2020-05-25T15:36:32+00:00", "2020-05-25T15:43:48+00:00", "2020-05-25T15:51:44+00:00", "2020-05-25T15:59:30+00:00", "2020-05-25T16:06:41+00:00", "2020-05-25T16:14:06+00:00", "2020-05-25T16:20:02+00:00", "2020-05-25T16:27:18+00:00", "2020-05-25T16:33:39+00:00", "2020-05-25T16:40:27+00:00", "2020-05-25T16:48:47+00:00", "2020-05-25T16:58:04+00:00", "2020-05-25T17:05:45+00:00", "2020-05-25T17:13:49+00:00", "2020-05-25T17:20:53+00:00", "2020-05-25T17:28:02+00:00", "2020-05-25T17:34:50+00:00", "2020-05-25T17:42:06+00:00", "2020-05-25T17:51:07+00:00", "2020-05-25T18:01:35+00:00", "2020-05-25T18:09:44+00:00", "2020-05-25T18:19:12+00:00", "2020-05-25T18:26:21+00:00", "2020-05-25T18:36:57+00:00", "2020-05-25T18:47:38+00:00", "2020-05-25T18:56:42+00:00", "2020-05-25T19:03:22+00:00", "2020-05-25T19:12:23+00:00", "2020-05-25T19:22:11+00:00", "2020-05-25T19:33:20+00:00", "2020-05-25T19:40:48+00:00", "2020-05-25T19:52:20+00:00", "2020-05-25T20:01:45+00:00", "2020-05-25T20:10:29+00:00", "2020-05-25T20:18:34+00:00", "2020-05-25T20:25:59+00:00", "2020-05-25T20:31:50+00:00", "2020-05-25T20:36:44+00:00", "2020-05-25T20:43:58+00:00", "2020-05-25T20:52:27+00:00", "2020-05-25T20:57:35+00:00", "2020-05-25T21:03:19+00:00", "2020-05-25T21:09:47+00:00", "2020-05-25T21:14:52+00:00", "2020-05-25T21:20:04+00:00", "2020-05-25T21:24:56+00:00", "2020-05-25T21:33:37+00:00", "2020-05-25T21:40:49+00:00", "2020-05-25T21:49:49+00:00", "2020-05-25T21:57:02+00:00", "2020-05-25T22:02:34+00:00", "2020-05-25T22:10:11+00:00", "2020-05-25T22:17:47+00:00", "2020-05-25T22:24:47+00:00", "2020-05-25T22:31:16+00:00", "2020-05-25T22:38:52+00:00", "2020-05-25T22:45:20+00:00", "2020-05-25T22:50:52+00:00", "2020-05-25T22:59:41+00:00", "2020-05-25T23:06:17+00:00", "2020-05-25T23:13:09+00:00", "2020-05-25T23:21:02+00:00", "2020-05-25T23:27:14+00:00", "2020-05-25T23:34:38+00:00", "2020-05-25T23:40:39+00:00", "2020-05-25T23:46:55+00:00", "2020-05-25T23:56:35+00:00", "2020-05-26T00:02:36+00:00", "2020-05-26T00:45:01+00:00", "2020-05-26T00:56:18+00:00", "2020-05-26T01:08:34+00:00", "2020-05-26T01:18:18+00:00", "2020-05-26T01:26:51+00:00", "2020-05-26T01:34:23+00:00", "2020-05-26T01:40:27+00:00", "2020-05-26T01:49:24+00:00", "2020-05-26T01:56:37+00:00", "2020-05-26T02:06:42+00:00", "2020-05-26T02:14:26+00:00", "2020-05-26T02:22:40+00:00", "2020-05-26T02:32:28+00:00", "2020-05-26T02:41:17+00:00", "2020-05-26T02:49:06+00:00", "2020-05-26T02:58:04+00:00", "2020-05-26T03:30:15+00:00", "2020-05-26T03:49:30+00:00", "2020-05-26T04:00:38+00:00", "2020-05-26T04:12:32+00:00", "2020-05-26T04:23:04+00:00", "2020-05-26T04:32:08+00:00", "2020-05-26T04:42:21+00:00", "2020-05-26T04:54:01+00:00", "2020-05-26T05:03:02+00:00", "2020-05-26T05:14:22+00:00", "2020-05-26T05:22:55+00:00", "2020-05-26T05:34:07+00:00", "2020-05-26T05:45:45+00:00", "2020-05-26T05:57:22+00:00", "2020-05-26T06:06:14+00:00", "2020-05-26T06:14:26+00:00", "2020-05-26T06:23:03+00:00", "2020-05-26T06:34:51+00:00", "2020-05-26T06:43:56+00:00", "2020-05-26T06:56:53+00:00", "2020-05-26T07:06:33+00:00", "2020-05-26T07:14:50+00:00", "2020-05-26T07:25:46+00:00", "2020-05-26T07:34:03+00:00", "2020-05-26T07:45:59+00:00", "2020-05-26T07:56:52+00:00", "2020-05-26T08:06:21+00:00", "2020-05-26T08:18:13+00:00", "2020-05-26T08:28:14+00:00", "2020-05-26T08:38:42+00:00", "2020-05-26T08:48:30+00:00", "2020-05-26T08:58:03+00:00", "2020-05-26T09:10:45+00:00", "2020-05-26T09:20:04+00:00", "2020-05-26T09:33:52+00:00", "2020-05-26T09:45:33+00:00", "2020-05-26T09:59:30+00:00", "2020-05-26T10:08:06+00:00", "2020-05-26T10:20:45+00:00", "2020-05-26T11:10:45+00:00", "2020-05-26T12:00:45+00:00", "2020-05-26T12:41:40+00:00", "2020-05-26T12:56:29+00:00", "2020-05-26T13:05:58+00:00", "2020-05-26T13:16:38+00:00", "2020-05-26T13:26:59+00:00", "2020-05-26T13:36:15+00:00", "2020-05-26T13:45:39+00:00", "2020-05-26T13:55:20+00:00", "2020-05-26T14:05:12+00:00", "2020-05-26T14:14:00+00:00", "2020-05-26T14:25:57+00:00", "2020-05-26T14:35:49+00:00", "2020-05-26T14:46:38+00:00", "2020-05-26T14:57:10+00:00", "2020-05-26T15:05:43+00:00", "2020-05-26T15:15:27+00:00", "2020-05-26T15:24:39+00:00", "2020-05-26T15:35:12+00:00", "2020-05-26T15:44:52+00:00", "2020-05-26T15:54:45+00:00", "2020-05-26T16:02:25+00:00", "2020-05-26T16:16:06+00:00", "2020-05-26T16:25:15+00:00", "2020-05-26T16:35:47+00:00", "2020-05-26T16:46:49+00:00", "2020-05-26T16:56:13+00:00", "2020-05-26T17:08:54+00:00", "2020-05-26T17:18:59+00:00", "2020-05-26T17:29:15+00:00", "2020-05-26T17:42:00+00:00", "2020-05-26T17:52:56+00:00", "2020-05-26T18:04:21+00:00", "2020-05-26T18:15:06+00:00", "2020-05-26T18:26:30+00:00", "2020-05-26T18:35:55+00:00", "2020-05-26T18:44:19+00:00", "2020-05-26T18:52:07+00:00", "2020-05-26T19:00:28+00:00", "2020-05-26T19:10:32+00:00", "2020-05-26T19:20:49+00:00", "2020-05-26T19:29:05+00:00", "2020-05-26T19:36:30+00:00", "2020-05-26T19:46:22+00:00", "2020-05-26T19:54:18+00:00", "2020-05-26T20:04:47+00:00", "2020-05-26T20:13:03+00:00", "2020-05-26T20:23:32+00:00", "2020-05-26T20:31:00+00:00", "2020-05-26T20:42:17+00:00", "2020-05-26T20:50:34+00:00", "2020-05-26T20:59:03+00:00", "2020-05-26T21:07:35+00:00", "2020-05-26T21:17:20+00:00", "2020-05-26T21:25:40+00:00", "2020-05-26T21:34:30+00:00", "2020-05-26T21:43:23+00:00", "2020-05-26T21:53:15+00:00", "2020-05-26T22:02:16+00:00", "2020-05-26T22:09:48+00:00", "2020-05-26T22:17:32+00:00", "2020-05-26T22:25:53+00:00", "2020-05-26T22:33:35+00:00", "2020-05-26T22:41:39+00:00", "2020-05-26T22:49:20+00:00", "2020-05-26T22:57:28+00:00", "2020-05-26T23:04:24+00:00", "2020-05-26T23:12:09+00:00", "2020-05-26T23:21:21+00:00", "2020-05-26T23:27:25+00:00", "2020-05-26T23:35:38+00:00", "2020-05-26T23:43:14+00:00", "2020-05-26T23:50:47+00:00", "2020-05-26T23:58:24+00:00", "2020-05-27T00:06:45+00:00", "2020-05-27T00:14:33+00:00", "2020-05-27T00:22:41+00:00", "2020-05-27T00:29:33+00:00", "2020-05-27T00:38:10+00:00", "2020-05-27T00:45:18+00:00", "2020-05-27T00:52:22+00:00", "2020-05-27T00:59:38+00:00", "2020-05-27T01:07:12+00:00", "2020-05-27T01:15:12+00:00", "2020-05-27T01:22:29+00:00", "2020-05-27T01:31:25+00:00", "2020-05-27T01:39:37+00:00", "2020-05-27T01:48:50+00:00", "2020-05-27T01:54:23+00:00", "2020-05-27T02:02:07+00:00", "2020-05-27T02:09:04+00:00", "2020-05-27T02:17:00+00:00", "2020-05-27T02:25:17+00:00", "2020-05-27T02:35:10+00:00", "2020-05-27T02:41:58+00:00", "2020-05-27T02:49:46+00:00", "2020-05-27T02:56:59+00:00", "2020-05-27T03:03:39+00:00", "2020-05-27T03:11:15+00:00", "2020-05-27T03:35:08+00:00", "2020-05-27T03:44:13+00:00", "2020-05-27T03:52:46+00:00", "2020-05-27T04:03:06+00:00", "2020-05-27T04:08:07+00:00", "2020-05-27T04:17:00+00:00", "2020-05-27T04:24:56+00:00", "2020-05-27T04:34:44+00:00", "2020-05-27T04:43:09+00:00", "2020-05-27T04:53:05+00:00", "2020-05-27T05:01:41+00:00", "2020-05-27T05:08:22+00:00", "2020-05-27T05:18:42+00:00", "2020-05-27T05:26:03+00:00", "2020-05-27T05:34:59+00:00", "2020-05-27T05:44:19+00:00", "2020-05-27T05:53:04+00:00", "2020-05-27T06:02:49+00:00", "2020-05-27T06:12:01+00:00", "2020-05-27T06:21:22+00:00", "2020-05-27T06:33:19+00:00", "2020-05-27T06:42:15+00:00", "2020-05-27T06:51:04+00:00", "2020-05-27T07:00:40+00:00", "2020-05-27T07:11:09+00:00", "2020-05-27T07:23:17+00:00", "2020-05-27T07:36:11+00:00", "2020-05-27T07:44:51+00:00", "2020-05-27T07:53:52+00:00", "2020-05-27T08:04:28+00:00", "2020-05-27T08:15:49+00:00", "2020-05-27T08:26:29+00:00", "2020-05-27T08:36:58+00:00", "2020-05-27T08:45:35+00:00", "2020-05-27T08:54:35+00:00", "2020-05-27T09:02:08+00:00", "2020-05-27T09:15:53+00:00", "2020-05-27T09:25:37+00:00", "2020-05-27T09:35:06+00:00", "2020-05-27T09:43:38+00:00", "2020-05-27T09:54:31+00:00", "2020-05-27T10:05:43+00:00", "2020-05-27T10:14:32+00:00", "2020-05-27T10:27:32+00:00", "2020-05-27T10:38:13+00:00", "2020-05-27T10:52:17+00:00", "2020-05-27T11:01:38+00:00", "2020-05-27T11:17:15+00:00", "2020-05-27T11:29:47+00:00", "2020-05-27T11:43:56+00:00", "2020-05-27T12:02:16+00:00", "2020-05-27T12:14:29+00:00", "2020-05-27T12:29:26+00:00", "2020-05-27T12:39:18+00:00", "2020-05-27T12:56:51+00:00", "2020-05-27T13:10:44+00:00", "2020-05-27T13:23:45+00:00", "2020-05-27T14:03:45+00:00", "2020-05-27T14:30:39+00:00", "2020-05-27T14:43:45+00:00", "2020-05-27T14:55:25+00:00", "2020-05-27T15:06:05+00:00", "2020-05-27T15:18:34+00:00", "2020-05-27T15:27:58+00:00", "2020-05-27T15:39:35+00:00", "2020-05-27T15:49:40+00:00", "2020-05-27T15:58:33+00:00", "2020-05-27T16:09:25+00:00", "2020-05-27T16:19:26+00:00", "2020-05-27T16:28:46+00:00", "2020-05-27T16:38:43+00:00", "2020-05-27T16:52:15+00:00", "2020-05-27T17:03:40+00:00", "2020-05-27T17:20:13+00:00", "2020-05-27T17:34:00+00:00", "2020-05-27T17:56:55+00:00", "2020-05-27T18:13:48+00:00", "2020-05-27T18:22:28+00:00", "2020-05-27T18:31:17+00:00", "2020-05-27T18:39:45+00:00", "2020-05-27T18:49:37+00:00", "2020-05-27T19:01:39+00:00", "2020-05-27T19:11:15+00:00", "2020-05-27T19:22:48+00:00", "2020-05-27T19:31:08+00:00", "2020-05-27T19:39:21+00:00", "2020-05-27T19:46:57+00:00", "2020-05-27T19:54:15+00:00", "2020-05-27T20:00:42+00:00", "2020-05-27T20:06:54+00:00", "2020-05-27T20:11:34+00:00", "2020-05-27T20:18:50+00:00", "2020-05-27T20:24:15+00:00", "2020-05-27T21:01:45+00:00", "2020-05-27T21:28:31+00:00", "2020-05-27T21:37:59+00:00", "2020-05-27T21:46:08+00:00", "2020-05-27T21:54:30+00:00", "2020-05-27T22:03:25+00:00", "2020-05-27T22:12:05+00:00", "2020-05-27T22:21:58+00:00", "2020-05-27T22:30:38+00:00", "2020-05-27T22:40:51+00:00", "2020-05-27T22:46:03+00:00", "2020-05-27T22:54:43+00:00", "2020-05-27T23:00:48+00:00", "2020-05-27T23:08:00+00:00", "2020-05-27T23:16:24+00:00", "2020-05-27T23:22:57+00:00", "2020-05-27T23:30:17+00:00", "2020-05-27T23:39:41+00:00", "2020-05-27T23:49:22+00:00", "2020-05-27T23:58:10+00:00", "2020-05-28T00:08:19+00:00", "2020-05-28T00:15:31+00:00", "2020-05-28T00:25:35+00:00", "2020-05-28T00:35:49+00:00", "2020-05-28T00:46:09+00:00", "2020-05-28T00:54:46+00:00", "2020-05-28T01:02:19+00:00", "2020-05-28T01:12:39+00:00", "2020-05-28T01:22:00+00:00", "2020-05-28T01:29:28+00:00", "2020-05-28T01:37:13+00:00", "2020-05-28T01:44:57+00:00", "2020-05-28T01:53:58+00:00", "2020-05-28T02:03:46+00:00", "2020-05-28T02:11:07+00:00", "2020-05-28T02:16:59+00:00", "2020-05-28T02:26:19+00:00", "2020-05-28T02:37:52+00:00", "2020-05-28T02:49:29+00:00", "2020-05-28T02:59:54+00:00", "2020-05-28T03:29:47+00:00", "2020-05-28T03:44:03+00:00", "2020-05-28T03:52:12+00:00", "2020-05-28T04:04:20+00:00", "2020-05-28T04:14:01+00:00", "2020-05-28T04:24:21+00:00", "2020-05-28T04:34:44+00:00", "2020-05-28T04:46:57+00:00", "2020-05-28T04:57:42+00:00", "2020-05-28T05:07:27+00:00", "2020-05-28T05:23:27+00:00", "2020-05-28T05:33:24+00:00", "2020-05-28T05:44:16+00:00", "2020-05-28T05:55:45+00:00", "2020-05-28T06:10:54+00:00", "2020-05-28T06:23:22+00:00", "2020-05-28T06:35:23+00:00", "2020-05-28T06:46:23+00:00", "2020-05-28T06:56:51+00:00", "2020-05-28T07:05:45+00:00", "2020-05-28T07:15:01+00:00", "2020-05-28T07:20:25+00:00", "2020-05-28T07:33:10+00:00", "2020-05-28T07:41:06+00:00", "2020-05-28T07:50:31+00:00", "2020-05-28T08:03:51+00:00", "2020-05-28T08:13:44+00:00", "2020-05-28T08:22:48+00:00", "2020-05-28T08:32:17+00:00", "2020-05-28T08:41:49+00:00", "2020-05-28T08:49:25+00:00", "2020-05-28T08:57:58+00:00", "2020-05-28T09:06:43+00:00", "2020-05-28T09:15:31+00:00", "2020-05-28T09:24:12+00:00", "2020-05-28T09:37:01+00:00", "2020-05-28T09:48:47+00:00", "2020-05-28T10:02:40+00:00", "2020-05-28T10:14:28+00:00", "2020-05-28T10:30:25+00:00", "2020-05-28T11:16:00+00:00", "2020-05-28T11:42:29+00:00", "2020-05-28T11:52:42+00:00", "2020-05-28T12:04:07+00:00", "2020-05-28T12:16:48+00:00", "2020-05-28T12:27:48+00:00", "2020-05-28T12:40:09+00:00", "2020-05-28T12:48:58+00:00", "2020-05-28T12:59:14+00:00", "2020-05-28T13:10:14+00:00", "2020-05-28T13:24:15+00:00", "2020-05-28T13:38:30+00:00", "2020-05-28T13:51:54+00:00", "2020-05-28T14:03:43+00:00", "2020-05-28T14:24:36+00:00", "2020-05-28T14:38:56+00:00", "2020-05-28T14:52:29+00:00", "2020-05-28T15:02:05+00:00", "2020-05-28T15:13:23+00:00", "2020-05-28T15:25:23+00:00", "2020-05-28T15:38:21+00:00", "2020-05-28T15:52:22+00:00", "2020-05-28T16:01:22+00:00", "2020-05-28T16:09:22+00:00", "2020-05-28T16:20:31+00:00", "2020-05-28T16:29:03+00:00", "2020-05-28T16:40:57+00:00", "2020-05-28T16:52:49+00:00", "2020-05-28T17:03:54+00:00", "2020-05-28T17:16:30+00:00", "2020-05-28T17:27:00+00:00", "2020-05-28T17:37:23+00:00", "2020-05-28T17:48:44+00:00", "2020-05-28T17:58:00+00:00", "2020-05-28T18:07:00+00:00", "2020-05-28T18:17:00+00:00", "2020-05-28T18:27:22+00:00", "2020-05-28T18:38:31+00:00", "2020-05-28T18:49:15+00:00", "2020-05-28T19:01:12+00:00", "2020-05-28T19:10:40+00:00", "2020-05-28T19:37:00+00:00", "2020-05-28T19:50:55+00:00", "2020-05-28T19:59:35+00:00", "2020-05-28T20:10:52+00:00", "2020-05-28T20:21:48+00:00", "2020-05-28T20:31:33+00:00", "2020-05-28T20:44:49+00:00", "2020-05-28T20:56:58+00:00", "2020-05-28T21:07:18+00:00", "2020-05-28T21:17:19+00:00", "2020-05-28T21:28:11+00:00", "2020-05-28T21:39:56+00:00", "2020-05-28T21:54:00+00:00", "2020-05-28T22:04:25+00:00", "2020-05-28T22:16:09+00:00", "2020-05-28T22:23:38+00:00", "2020-05-28T22:29:50+00:00", "2020-05-28T22:38:42+00:00", "2020-05-28T22:51:03+00:00", "2020-05-28T22:57:27+00:00", "2020-05-28T23:07:36+00:00", "2020-05-28T23:15:12+00:00", "2020-05-28T23:23:36+00:00", "2020-05-28T23:33:17+00:00", "2020-05-28T23:45:57+00:00", "2020-05-29T00:27:30+00:00", "2020-05-29T01:12:28+00:00", "2020-05-29T01:16:57+00:00", "2020-05-29T01:57:30+00:00", "2020-05-29T02:47:30+00:00", "2020-05-29T03:27:30+00:00", "2020-05-29T04:02:13+00:00", "2020-05-29T04:07:41+00:00", "2020-05-29T04:17:50+00:00", "2020-05-29T04:25:07+00:00", "2020-05-29T04:29:59+00:00", "2020-05-29T04:37:19+00:00", "2020-05-29T04:46:00+00:00", "2020-05-29T04:54:44+00:00", "2020-05-29T05:04:49+00:00", "2020-05-29T05:13:50+00:00", "2020-05-29T05:22:42+00:00", "2020-05-29T05:33:10+00:00", "2020-05-29T05:41:51+00:00", "2020-05-29T05:50:56+00:00", "2020-05-29T06:02:09+00:00", "2020-05-29T06:08:13+00:00", "2020-05-29T06:17:45+00:00", "2020-05-29T06:29:58+00:00", "2020-05-29T06:40:07+00:00", "2020-05-29T06:50:19+00:00", "2020-05-29T06:58:40+00:00", "2020-05-29T07:13:45+00:00", "2020-05-29T07:23:57+00:00", "2020-05-29T07:36:06+00:00", "2020-05-29T07:45:14+00:00", "2020-05-29T07:57:15+00:00", "2020-05-29T08:07:39+00:00", "2020-05-29T08:17:48+00:00", "2020-05-29T08:28:17+00:00", "2020-05-29T08:46:30+00:00", "2020-05-29T08:57:30+00:00", "2020-05-29T09:08:00+00:00", "2020-05-29T09:18:35+00:00", "2020-05-29T09:27:20+00:00", "2020-05-29T09:38:45+00:00", "2020-05-29T09:52:14+00:00", "2020-05-29T10:04:56+00:00", "2020-05-29T10:48:06+00:00", "2020-05-29T10:57:27+00:00", "2020-05-29T11:08:15+00:00", "2020-05-29T11:21:44+00:00", "2020-05-29T11:32:37+00:00", "2020-05-29T11:46:29+00:00", "2020-05-29T11:58:06+00:00", "2020-05-29T12:09:58+00:00", "2020-05-29T12:23:39+00:00", "2020-05-29T12:37:43+00:00", "2020-05-29T12:50:48+00:00", "2020-05-29T13:03:20+00:00", "2020-05-29T13:16:57+00:00", "2020-05-29T13:29:06+00:00", "2020-05-29T13:39:38+00:00", "2020-05-29T13:56:11+00:00", "2020-05-29T14:07:16+00:00", "2020-05-29T14:20:20+00:00", "2020-05-29T14:30:49+00:00", "2020-05-29T14:47:30+00:00", "2020-05-29T15:00:38+00:00", "2020-05-29T15:13:59+00:00", "2020-05-29T15:26:59+00:00", "2020-05-29T15:44:04+00:00", "2020-05-29T16:08:05+00:00", "2020-05-29T16:19:15+00:00", "2020-05-29T16:36:34+00:00", "2020-05-29T16:51:19+00:00", "2020-05-29T17:04:31+00:00", "2020-05-29T17:20:24+00:00", "2020-05-29T17:31:21+00:00", "2020-05-29T17:48:06+00:00", "2020-05-29T17:59:30+00:00", "2020-05-29T18:12:19+00:00", "2020-05-29T18:23:39+00:00", "2020-05-29T18:36:48+00:00", "2020-05-29T18:49:33+00:00", "2020-05-29T19:03:05+00:00", "2020-05-29T19:15:34+00:00", "2020-05-29T19:30:11+00:00", "2020-05-29T19:42:56+00:00", "2020-05-29T19:52:21+00:00", "2020-05-29T20:07:42+00:00", "2020-05-29T20:21:15+00:00", "2020-05-29T20:32:59+00:00", "2020-05-29T20:49:45+00:00", "2020-05-29T20:59:01+00:00", "2020-05-29T21:14:45+00:00", "2020-05-29T21:26:34+00:00", "2020-05-29T21:38:54+00:00", "2020-05-29T21:51:19+00:00", "2020-05-29T22:03:31+00:00", "2020-05-29T22:13:44+00:00", "2020-05-29T22:21:24+00:00", "2020-05-29T22:29:13+00:00", "2020-05-29T22:36:57+00:00", "2020-05-29T22:44:53+00:00", "2020-05-29T22:52:46+00:00", "2020-05-29T23:17:35+00:00", "2020-05-29T23:24:39+00:00", "2020-05-29T23:30:43+00:00", "2020-05-29T23:36:43+00:00", "2020-05-29T23:43:20+00:00", "2020-05-29T23:49:40+00:00", "2020-05-29T23:55:40+00:00", "2020-05-30T00:01:40+00:00", "2020-05-30T00:07:45+00:00", "2020-05-30T00:13:49+00:00", "2020-05-30T00:20:17+00:00", "2020-05-30T00:26:26+00:00", "2020-05-30T00:32:30+00:00", "2020-05-30T00:39:59+00:00", "2020-05-30T00:48:25+00:00", "2020-05-30T00:56:01+00:00", "2020-05-30T01:04:45+00:00", "2020-05-30T01:11:26+00:00", "2020-05-30T01:20:51+00:00", "2020-05-30T01:30:35+00:00", "2020-05-30T01:38:40+00:00", "2020-05-30T01:45:04+00:00", "2020-05-30T01:54:53+00:00", "2020-05-30T02:04:36+00:00", "2020-05-30T02:14:26+00:00", "2020-05-30T02:23:35+00:00", "2020-05-30T02:34:45+00:00", "2020-05-30T02:42:53+00:00", "2020-05-30T02:51:25+00:00", "2020-05-30T03:00:21+00:00", "2020-05-30T03:07:58+00:00", "2020-05-30T03:28:31+00:00", "2020-05-30T03:36:08+00:00", "2020-05-30T03:45:14+00:00", "2020-05-30T03:52:51+00:00", "2020-05-30T04:01:44+00:00", "2020-05-30T04:12:32+00:00", "2020-05-30T04:22:41+00:00", "2020-05-30T04:33:18+00:00", "2020-05-30T04:40:51+00:00", "2020-05-30T04:49:23+00:00", "2020-05-30T04:57:26+00:00", "2020-05-30T05:05:34+00:00", "2020-05-30T05:13:27+00:00", "2020-05-30T05:21:03+00:00", "2020-05-30T05:28:27+00:00", "2020-05-30T05:36:09+00:00", "2020-05-30T05:43:05+00:00", "2020-05-30T05:53:30+00:00", "2020-05-30T06:04:42+00:00", "2020-05-30T06:15:59+00:00", "2020-05-30T06:23:59+00:00", "2020-05-30T06:32:15+00:00", "2020-05-30T06:41:36+00:00", "2020-05-30T06:52:29+00:00", "2020-05-30T07:01:05+00:00", "2020-05-30T07:12:38+00:00", "2020-05-30T07:21:38+00:00", "2020-05-30T07:29:19+00:00", "2020-05-30T07:38:27+00:00", "2020-05-30T07:45:15+00:00", "2020-05-30T07:51:56+00:00", "2020-05-30T08:01:01+00:00", "2020-05-30T08:08:54+00:00", "2020-05-30T08:15:15+00:00", "2020-05-30T08:23:28+00:00", "2020-05-30T08:31:32+00:00", "2020-05-30T08:37:56+00:00", "2020-05-30T08:45:00+00:00", "2020-05-30T08:51:05+00:00", "2020-05-30T08:59:01+00:00", "2020-05-30T09:08:22+00:00", "2020-05-30T09:16:06+00:00", "2020-05-30T09:27:35+00:00", "2020-05-30T09:36:47+00:00", "2020-05-30T09:49:44+00:00", "2020-05-30T10:00:00+00:00", "2020-05-30T10:16:48+00:00", "2020-05-30T10:26:13+00:00", "2020-05-30T10:39:32+00:00", "2020-05-30T10:52:42+00:00", "2020-05-30T11:06:41+00:00", "2020-05-30T11:23:09+00:00", "2020-05-30T11:35:50+00:00", "2020-05-30T11:50:07+00:00", "2020-05-30T12:02:04+00:00", "2020-05-30T12:15:52+00:00", "2020-05-30T12:30:29+00:00", "2020-05-30T12:40:01+00:00", "2020-05-30T12:50:45+00:00", "2020-05-30T13:02:43+00:00", "2020-05-30T13:15:23+00:00", "2020-05-30T13:30:04+00:00", "2020-05-30T13:41:53+00:00", "2020-05-30T13:52:53+00:00", "2020-05-30T14:02:42+00:00", "2020-05-30T14:13:54+00:00", "2020-05-30T14:26:19+00:00", "2020-05-30T14:41:31+00:00", "2020-05-30T14:52:16+00:00", "2020-05-30T15:05:32+00:00", "2020-05-30T15:17:33+00:00", "2020-05-30T15:27:57+00:00", "2020-05-30T15:38:38+00:00", "2020-05-30T15:47:54+00:00", "2020-05-30T15:58:20+00:00", "2020-05-30T16:08:24+00:00", "2020-05-30T16:17:00+00:00", "2020-05-30T16:29:01+00:00", "2020-05-30T16:40:41+00:00", "2020-05-30T16:50:42+00:00", "2020-05-30T16:59:15+00:00", "2020-05-30T17:06:47+00:00", "2020-05-30T17:15:08+00:00", "2020-05-30T17:23:25+00:00", "2020-05-30T17:32:25+00:00", "2020-05-30T17:40:05+00:00", "2020-05-30T17:46:30+00:00", "2020-05-30T17:53:10+00:00", "2020-05-30T17:59:30+00:00", "2020-05-30T18:06:59+00:00", "2020-05-30T18:13:15+00:00", "2020-05-30T18:19:07+00:00", "2020-05-30T18:26:03+00:00", "2020-05-30T18:32:52+00:00", "2020-05-30T18:39:44+00:00", "2020-05-30T18:46:36+00:00", "2020-05-30T18:53:41+00:00", "2020-05-30T19:01:26+00:00", "2020-05-30T19:09:18+00:00", "2020-05-30T19:16:50+00:00", "2020-05-30T19:24:39+00:00", "2020-05-30T19:33:15+00:00", "2020-05-30T19:42:12+00:00", "2020-05-30T20:16:45+00:00", "2020-05-30T20:36:14+00:00", "2020-05-30T20:46:45+00:00", "2020-05-30T21:01:35+00:00", "2020-05-30T21:12:15+00:00", "2020-05-30T21:20:24+00:00", "2020-05-30T21:32:05+00:00", "2020-05-30T21:43:46+00:00", "2020-05-30T21:50:47+00:00", "2020-05-30T21:59:55+00:00", "2020-05-30T22:09:24+00:00", "2020-05-30T22:21:21+00:00", "2020-05-30T22:34:46+00:00", "2020-05-30T22:44:03+00:00", "2020-05-30T22:54:29+00:00", "2020-05-30T23:04:17+00:00", "2020-05-30T23:14:26+00:00", "2020-05-30T23:25:02+00:00", "2020-05-30T23:34:13+00:00", "2020-05-30T23:46:22+00:00", "2020-05-30T23:57:47+00:00", "2020-05-31T00:06:51+00:00", "2020-05-31T00:15:31+00:00", "2020-05-31T00:23:00+00:00", "2020-05-31T00:40:28+00:00", "2020-05-31T00:48:29+00:00", "2020-05-31T00:57:00+00:00", "2020-05-31T01:06:22+00:00", "2020-05-31T01:17:29+00:00", "2020-05-31T01:27:00+00:00", "2020-05-31T01:36:53+00:00", "2020-05-31T01:46:29+00:00", "2020-05-31T01:52:58+00:00", "2020-05-31T02:00:35+00:00", "2020-05-31T02:10:02+00:00", "2020-05-31T02:20:59+00:00", "2020-05-31T02:30:16+00:00", "2020-05-31T02:47:00+00:00", "2020-05-31T02:56:42+00:00", "2020-05-31T03:07:19+00:00", "2020-05-31T03:26:47+00:00", "2020-05-31T03:37:36+00:00", "2020-05-31T03:46:41+00:00", "2020-05-31T03:58:34+00:00", "2020-05-31T04:07:51+00:00", "2020-05-31T04:17:47+00:00", "2020-05-31T04:27:00+00:00", "2020-05-31T04:37:28+00:00", "2020-05-31T04:47:15+00:00", "2020-05-31T04:58:45+00:00", "2020-05-31T05:07:37+00:00", "2020-05-31T05:17:15+00:00", "2020-05-31T05:26:34+00:00", "2020-05-31T05:37:19+00:00", "2020-05-31T05:48:19+00:00", "2020-05-31T06:00:56+00:00", "2020-05-31T06:15:28+00:00", "2020-05-31T06:24:32+00:00", "2020-05-31T06:36:57+00:00", "2020-05-31T06:46:33+00:00", "2020-05-31T06:57:54+00:00", "2020-05-31T07:07:15+00:00", "2020-05-31T07:18:46+00:00", "2020-05-31T07:29:50+00:00", "2020-05-31T07:41:52+00:00", "2020-05-31T07:55:55+00:00", "2020-05-31T08:05:41+00:00", "2020-05-31T08:17:06+00:00", "2020-05-31T08:29:21+00:00", "2020-05-31T08:44:29+00:00", "2020-05-31T08:53:51+00:00", "2020-05-31T09:05:57+00:00", "2020-05-31T09:18:50+00:00", "2020-05-31T09:35:50+00:00", "2020-05-31T09:48:28+00:00", "2020-05-31T10:04:21+00:00", "2020-05-31T10:27:35+00:00", "2020-05-31T10:47:30+00:00", "2020-05-31T11:04:10+00:00", "2020-05-31T11:15:18+00:00", "2020-05-31T11:29:47+00:00", "2020-05-31T11:45:21+00:00", "2020-05-31T11:58:06+00:00", "2020-05-31T12:12:56+00:00", "2020-05-31T12:25:29+00:00", "2020-05-31T12:36:02+00:00", "2020-05-31T12:46:55+00:00", "2020-05-31T12:58:20+00:00", "2020-05-31T13:10:57+00:00", "2020-05-31T13:19:37+00:00", "2020-05-31T13:31:42+00:00", "2020-05-31T13:42:47+00:00", "2020-05-31T13:54:11+00:00", "2020-05-31T14:05:08+00:00", "2020-05-31T14:13:44+00:00", "2020-05-31T14:24:13+00:00", "2020-05-31T14:38:01+00:00", "2020-05-31T14:49:38+00:00", "2020-05-31T15:01:26+00:00", "2020-05-31T15:13:15+00:00", "2020-05-31T15:22:39+00:00", "2020-05-31T15:32:39+00:00", "2020-05-31T15:44:20+00:00", "2020-05-31T15:56:48+00:00", "2020-05-31T16:06:05+00:00", "2020-05-31T16:16:49+00:00", "2020-05-31T16:27:46+00:00", "2020-05-31T16:37:35+00:00", "2020-05-31T16:49:24+00:00", "2020-05-31T16:59:24+00:00", "2020-05-31T17:13:50+00:00", "2020-05-31T17:26:42+00:00", "2020-05-31T17:38:43+00:00", "2020-05-31T17:52:42+00:00", "2020-05-31T18:04:15+00:00", "2020-05-31T18:14:56+00:00", "2020-05-31T18:24:49+00:00", "2020-05-31T18:32:14+00:00", "2020-05-31T18:42:48+00:00", "2020-05-31T18:54:40+00:00", "2020-05-31T19:07:13+00:00", "2020-05-31T19:15:21+00:00", "2020-05-31T19:28:30+00:00", "2020-05-31T19:39:04+00:00", "2020-05-31T19:50:50+00:00", "2020-05-31T20:00:09+00:00", "2020-05-31T20:12:39+00:00", "2020-05-31T20:25:48+00:00", "2020-05-31T20:38:00+00:00", "2020-05-31T20:50:05+00:00", "2020-05-31T21:01:27+00:00", "2020-05-31T21:13:37+00:00", "2020-05-31T21:23:05+00:00", "2020-05-31T21:35:40+00:00", "2020-05-31T21:47:38+00:00", "2020-05-31T22:05:28+00:00", "2020-05-31T22:18:45+00:00", "2020-05-31T22:30:44+00:00", "2020-05-31T22:46:44+00:00", "2020-05-31T22:57:38+00:00", "2020-05-31T23:09:09+00:00", "2020-05-31T23:24:45+00:00", "2020-05-31T23:36:29+00:00", "2020-05-31T23:48:42+00:00", "2020-06-01T00:02:43+00:00", "2020-06-01T00:16:40+00:00", "2020-06-01T00:28:00+00:00", "2020-06-01T00:41:25+00:00", "2020-06-01T00:54:18+00:00", "2020-06-01T01:09:31+00:00", "2020-06-01T01:21:51+00:00", "2020-06-01T01:54:45+00:00", "2020-06-01T02:45:00+00:00", "2020-06-01T03:05:00+00:00", "2020-06-01T03:55:00+00:00", "2020-06-01T04:27:24+00:00", "2020-06-01T04:39:20+00:00", "2020-06-01T04:49:21+00:00", "2020-06-01T05:01:49+00:00", "2020-06-01T05:12:34+00:00", "2020-06-01T05:22:26+00:00", "2020-06-01T05:32:55+00:00", "2020-06-01T05:45:40+00:00", "2020-06-01T05:55:00+00:00", "2020-06-01T06:05:24+00:00", "2020-06-01T06:16:09+00:00", "2020-06-01T06:27:57+00:00", "2020-06-01T06:42:14+00:00", "2020-06-01T06:54:11+00:00", "2020-06-01T07:06:15+00:00", "2020-06-01T07:18:52+00:00", "2020-06-01T07:29:57+00:00", "2020-06-01T07:42:33+00:00", "2020-06-01T07:59:03+00:00", "2020-06-01T08:10:20+00:00", "2020-06-01T08:19:39+00:00", "2020-06-01T08:29:09+00:00", "2020-06-01T08:40:18+00:00", "2020-06-01T08:49:54+00:00", "2020-06-01T08:59:40+00:00", "2020-06-01T09:09:58+00:00", "2020-06-01T09:20:00+00:00", "2020-06-01T09:31:28+00:00", "2020-06-01T09:41:41+00:00", "2020-06-01T09:49:26+00:00", "2020-06-01T10:03:40+00:00", "2020-06-01T10:19:45+00:00", "2020-06-01T10:35:15+00:00", "2020-06-01T10:48:59+00:00", "2020-06-01T11:03:16+00:00", "2020-06-01T11:14:21+00:00", "2020-06-01T11:27:21+00:00", "2020-06-01T11:38:26+00:00", "2020-06-01T11:50:10+00:00", "2020-06-01T12:04:19+00:00", "2020-06-01T12:16:03+00:00", "2020-06-01T12:27:56+00:00", "2020-06-01T12:41:57+00:00", "2020-06-01T12:53:09+00:00", "2020-06-01T13:03:54+00:00", "2020-06-01T13:12:18+00:00", "2020-06-01T13:21:55+00:00", "2020-06-01T13:31:19+00:00", "2020-06-01T13:45:45+00:00", "2020-06-01T14:05:45+00:00", "2020-06-01T14:56:15+00:00", "2020-06-01T15:46:15+00:00", "2020-06-01T15:57:53+00:00", "2020-06-01T16:06:30+00:00", "2020-06-01T16:16:30+00:00", "2020-06-01T16:25:15+00:00", "2020-06-01T16:36:30+00:00", "2020-06-01T16:45:55+00:00", "2020-06-01T16:56:12+00:00", "2020-06-01T17:06:05+00:00", "2020-06-01T17:17:49+00:00", "2020-06-01T17:27:50+00:00", "2020-06-01T17:39:19+00:00", "2020-06-01T17:46:52+00:00", "2020-06-01T17:57:44+00:00", "2020-06-01T18:11:01+00:00", "2020-06-01T18:20:21+00:00", "2020-06-01T18:32:18+00:00", "2020-06-01T18:46:45+00:00", "2020-06-01T18:57:15+00:00", "2020-06-01T19:08:36+00:00", "2020-06-01T19:20:37+00:00", "2020-06-01T19:32:18+00:00", "2020-06-01T19:44:34+00:00", "2020-06-01T20:03:23+00:00", "2020-06-01T20:18:28+00:00", "2020-06-01T20:28:59+00:00", "2020-06-01T20:41:57+00:00", "2020-06-01T20:51:46+00:00", "2020-06-01T21:02:38+00:00", "2020-06-01T21:16:03+00:00", "2020-06-01T21:28:27+00:00", "2020-06-01T21:39:08+00:00", "2020-06-01T21:50:40+00:00", "2020-06-01T22:02:22+00:00", "2020-06-01T22:15:06+00:00", "2020-06-01T22:27:31+00:00", "2020-06-01T22:38:03+00:00", "2020-06-01T22:48:41+00:00", "2020-06-01T23:03:37+00:00", "2020-06-01T23:15:18+00:00", "2020-06-01T23:26:04+00:00", "2020-06-01T23:38:48+00:00", "2020-06-01T23:49:25+00:00", "2020-06-02T00:04:05+00:00", "2020-06-02T00:15:18+00:00", "2020-06-02T00:26:42+00:00", "2020-06-02T00:37:00+00:00", "2020-06-02T00:50:11+00:00", "2020-06-02T01:00:24+00:00", "2020-06-02T01:25:17+00:00", "2020-06-02T01:35:46+00:00", "2020-06-02T01:47:00+00:00", "2020-06-02T01:58:31+00:00", "2020-06-02T02:10:08+00:00", "2020-06-02T02:20:36+00:00", "2020-06-02T02:30:25+00:00", "2020-06-02T02:42:09+00:00", "2020-06-02T02:56:26+00:00", "2020-06-02T03:09:27+00:00", "2020-06-02T03:27:49+00:00", "2020-06-02T03:36:57+00:00", "2020-06-02T03:44:18+00:00", "2020-06-02T03:56:07+00:00", "2020-06-02T04:04:40+00:00", "2020-06-02T04:18:21+00:00", "2020-06-02T04:30:50+00:00", "2020-06-02T04:43:06+00:00", "2020-06-02T04:54:38+00:00", "2020-06-02T05:06:38+00:00", "2020-06-02T05:16:30+00:00", "2020-06-02T05:27:07+00:00", "2020-06-02T05:38:28+00:00", "2020-06-02T05:47:44+00:00", "2020-06-02T05:59:25+00:00", "2020-06-02T06:08:37+00:00", "2020-06-02T06:20:49+00:00", "2020-06-02T06:30:14+00:00", "2020-06-02T06:40:10+00:00", "2020-06-02T06:52:45+00:00", "2020-06-02T07:03:56+00:00", "2020-06-02T07:16:37+00:00", "2020-06-02T07:26:01+00:00", "2020-06-02T07:40:54+00:00", "2020-06-02T07:48:26+00:00", "2020-06-02T07:57:31+00:00", "2020-06-02T08:05:15+00:00", "2020-06-02T08:15:33+00:00", "2020-06-02T08:25:29+00:00", "2020-06-02T08:35:38+00:00", "2020-06-02T08:45:50+00:00", "2020-06-02T08:53:14+00:00", "2020-06-02T09:02:19+00:00", "2020-06-02T09:09:31+00:00", "2020-06-02T09:19:36+00:00", "2020-06-02T09:30:25+00:00", "2020-06-02T09:42:29+00:00", "2020-06-02T10:02:18+00:00", "2020-06-02T10:16:39+00:00", "2020-06-02T10:30:44+00:00", "2020-06-02T10:42:41+00:00", "2020-06-02T10:58:06+00:00", "2020-06-02T11:09:44+00:00", "2020-06-02T11:24:09+00:00", "2020-06-02T11:37:21+00:00", "2020-06-02T11:51:18+00:00", "2020-06-02T12:02:38+00:00", "2020-06-02T12:18:59+00:00", "2020-06-02T12:33:15+00:00", "2020-06-02T12:49:36+00:00", "2020-06-02T13:04:09+00:00", "2020-06-02T13:20:18+00:00", "2020-06-02T13:35:31+00:00", "2020-06-02T13:50:23+00:00", "2020-06-02T14:02:24+00:00", "2020-06-02T14:13:56+00:00", "2020-06-02T14:29:37+00:00", "2020-06-02T14:46:46+00:00", "2020-06-02T15:01:10+00:00", "2020-06-02T15:25:00+00:00", "2020-06-02T15:48:41+00:00", "2020-06-02T16:06:18+00:00", "2020-06-02T16:23:31+00:00", "2020-06-02T16:38:36+00:00", "2020-06-02T16:57:48+00:00", "2020-06-02T17:16:01+00:00", "2020-06-02T17:31:18+00:00", "2020-06-02T17:53:27+00:00", "2020-06-02T18:12:36+00:00", "2020-06-02T18:30:33+00:00", "2020-06-02T18:48:58+00:00", "2020-06-02T19:10:07+00:00", "2020-06-02T19:25:00+00:00", "2020-06-02T19:43:53+00:00", "2020-06-02T19:56:58+00:00", "2020-06-02T20:11:31+00:00", "2020-06-02T20:26:31+00:00", "2020-06-02T20:42:12+00:00", "2020-06-02T21:01:04+00:00", "2020-06-02T21:24:45+00:00", "2020-06-02T21:39:54+00:00", "2020-06-02T21:53:31+00:00", "2020-06-02T22:00:27+00:00", "2020-06-02T22:07:19+00:00", "2020-06-02T22:14:40+00:00", "2020-06-02T22:21:48+00:00", "2020-06-02T22:29:05+00:00", "2020-06-02T22:35:37+00:00", "2020-06-02T22:42:05+00:00", "2020-06-02T22:49:46+00:00", "2020-06-02T22:57:14+00:00", "2020-06-02T23:03:38+00:00", "2020-06-02T23:10:15+00:00", "2020-06-02T23:18:19+00:00", "2020-06-02T23:27:08+00:00", "2020-06-02T23:34:45+00:00", "2020-06-02T23:42:09+00:00", "2020-06-02T23:48:58+00:00", "2020-06-02T23:56:11+00:00", "2020-06-03T00:04:56+00:00", "2020-06-03T00:13:01+00:00", "2020-06-03T00:21:25+00:00", "2020-06-03T00:29:05+00:00", "2020-06-03T00:36:42+00:00", "2020-06-03T00:44:38+00:00", "2020-06-03T00:53:06+00:00", "2020-06-03T01:00:51+00:00", "2020-06-03T01:09:47+00:00", "2020-06-03T01:17:52+00:00", "2020-06-03T01:26:24+00:00", "2020-06-03T01:34:28+00:00", "2020-06-03T01:41:25+00:00", "2020-06-03T01:48:21+00:00", "2020-06-03T01:58:26+00:00", "2020-06-03T02:05:58+00:00", "2020-06-03T02:15:00+00:00", "2020-06-03T02:24:23+00:00", "2020-06-03T02:33:55+00:00", "2020-06-03T02:43:08+00:00", "2020-06-03T02:55:36+00:00", "2020-06-03T03:15:00+00:00", "2020-06-03T03:29:18+00:00", "2020-06-03T03:39:39+00:00", "2020-06-03T03:48:11+00:00", "2020-06-03T03:57:04+00:00", "2020-06-03T04:05:00+00:00", "2020-06-03T04:12:45+00:00", "2020-06-03T04:22:10+00:00", "2020-06-03T04:33:38+00:00", "2020-06-03T04:42:43+00:00", "2020-06-03T04:49:03+00:00", "2020-06-03T04:58:28+00:00", "2020-06-03T05:07:48+00:00", "2020-06-03T05:17:00+00:00", "2020-06-03T05:26:01+00:00", "2020-06-03T05:31:52+00:00", "2020-06-03T05:39:27+00:00", "2020-06-03T05:45:05+00:00", "2020-06-03T05:50:51+00:00", "2020-06-03T05:57:39+00:00", "2020-06-03T06:05:32+00:00", "2020-06-03T06:13:35+00:00", "2020-06-03T06:21:58+00:00", "2020-06-03T06:32:21+00:00", "2020-06-03T06:41:14+00:00", "2020-06-03T06:53:05+00:00", "2020-06-03T07:01:13+00:00", "2020-06-03T07:08:49+00:00", "2020-06-03T07:16:32+00:00", "2020-06-03T07:24:19+00:00", "2020-06-03T07:33:15+00:00", "2020-06-03T07:42:39+00:00", "2020-06-03T07:50:26+00:00", "2020-06-03T08:02:11+00:00", "2020-06-03T08:10:55+00:00", "2020-06-03T08:22:08+00:00", "2020-06-03T08:32:04+00:00", "2020-06-03T08:43:05+00:00", "2020-06-03T08:57:01+00:00", "2020-06-03T09:12:55+00:00", "2020-06-03T09:26:57+00:00", "2020-06-03T09:38:25+00:00", "2020-06-03T09:49:10+00:00", "2020-06-03T09:59:58+00:00", "2020-06-03T10:08:54+00:00", "2020-06-03T10:19:39+00:00", "2020-06-03T10:29:03+00:00", "2020-06-03T10:39:36+00:00", "2020-06-03T11:00:00+00:00", "2020-06-03T11:26:31+00:00", "2020-06-03T11:39:03+00:00", "2020-06-03T11:55:00+00:00", "2020-06-03T12:11:53+00:00", "2020-06-03T12:21:45+00:00", "2020-06-03T12:29:10+00:00", "2020-06-03T12:41:54+00:00", "2020-06-03T12:53:59+00:00", "2020-06-03T13:06:30+00:00", "2020-06-03T13:18:41+00:00", "2020-06-03T13:30:09+00:00", "2020-06-03T13:42:42+00:00", "2020-06-03T13:52:19+00:00", "2020-06-03T14:00:07+00:00", "2020-06-03T14:10:12+00:00", "2020-06-03T14:20:48+00:00", "2020-06-03T14:31:49+00:00", "2020-06-03T14:43:29+00:00", "2020-06-03T14:54:18+00:00", "2020-06-03T15:06:45+00:00", "2020-06-03T15:23:48+00:00", "2020-06-03T15:38:10+00:00", "2020-06-03T15:51:35+00:00", "2020-06-03T16:04:24+00:00", "2020-06-03T16:16:32+00:00", "2020-06-03T16:29:09+00:00", "2020-06-03T16:45:13+00:00", "2020-06-03T16:55:42+00:00", "2020-06-03T17:08:38+00:00", "2020-06-03T17:20:23+00:00", "2020-06-03T17:32:24+00:00", "2020-06-03T17:41:53+00:00", "2020-06-03T17:49:14+00:00", "2020-06-03T18:04:14+00:00", "2020-06-03T18:15:19+00:00", "2020-06-03T18:26:45+00:00", "2020-06-03T18:37:41+00:00", "2020-06-03T18:47:25+00:00", "2020-06-03T18:57:27+00:00", "2020-06-03T19:08:39+00:00", "2020-06-03T19:19:04+00:00", "2020-06-03T19:28:57+00:00", "2020-06-03T19:41:41+00:00", "2020-06-03T19:54:18+00:00", "2020-06-03T20:03:39+00:00", "2020-06-03T20:12:47+00:00", "2020-06-03T20:22:47+00:00", "2020-06-03T20:34:17+00:00", "2020-06-03T20:45:17+00:00", "2020-06-03T20:58:03+00:00", "2020-06-03T21:07:31+00:00", "2020-06-03T21:19:12+00:00", "2020-06-03T21:31:17+00:00", "2020-06-03T21:40:49+00:00", "2020-06-03T21:48:58+00:00", "2020-06-03T21:57:54+00:00", "2020-06-03T22:05:27+00:00", "2020-06-03T22:14:07+00:00", "2020-06-03T22:22:28+00:00", "2020-06-03T22:29:44+00:00", "2020-06-03T22:38:01+00:00", "2020-06-03T22:45:41+00:00", "2020-06-03T22:55:10+00:00", "2020-06-03T23:02:55+00:00", "2020-06-03T23:11:55+00:00", "2020-06-03T23:22:47+00:00", "2020-06-03T23:31:32+00:00", "2020-06-03T23:41:00+00:00", "2020-06-03T23:50:09+00:00", "2020-06-03T23:58:53+00:00", "2020-06-04T00:17:15+00:00", "2020-06-04T00:26:47+00:00", "2020-06-04T00:36:24+00:00", "2020-06-04T00:46:09+00:00", "2020-06-04T00:55:05+00:00", "2020-06-04T01:03:35+00:00", "2020-06-04T01:16:24+00:00", "2020-06-04T01:27:30+00:00", "2020-06-04T01:39:58+00:00", "2020-06-04T01:50:26+00:00", "2020-06-04T01:59:19+00:00", "2020-06-04T02:06:52+00:00", "2020-06-04T02:12:56+00:00", "2020-06-04T02:21:53+00:00", "2020-06-04T02:31:13+00:00", "2020-06-04T02:41:06+00:00", "2020-06-04T02:51:34+00:00", "2020-06-04T03:03:03+00:00", "2020-06-04T03:14:35+00:00", "2020-06-04T03:25:40+00:00", "2020-06-04T03:38:44+00:00", "2020-06-04T03:47:53+00:00", "2020-06-04T03:57:45+00:00", "2020-06-04T04:06:17+00:00", "2020-06-04T04:14:22+00:00", "2020-06-04T04:23:22+00:00", "2020-06-04T04:31:14+00:00", "2020-06-04T04:38:51+00:00", "2020-06-04T04:44:40+00:00", "2020-06-04T04:53:28+00:00", "2020-06-04T05:01:12+00:00", "2020-06-04T05:08:00+00:00", "2020-06-04T05:18:35+00:00", "2020-06-04T05:35:16+00:00", "2020-06-04T05:45:28+00:00", "2020-06-04T05:53:37+00:00", "2020-06-04T06:03:33+00:00", "2020-06-04T06:12:06+00:00", "2020-06-04T06:23:14+00:00", "2020-06-04T06:33:35+00:00", "2020-06-04T06:43:44+00:00", "2020-06-04T06:52:28+00:00", "2020-06-04T07:01:44+00:00", "2020-06-04T07:11:21+00:00", "2020-06-04T07:19:09+00:00", "2020-06-04T07:26:02+00:00", "2020-06-04T07:34:42+00:00", "2020-06-04T07:43:38+00:00", "2020-06-04T07:50:55+00:00", "2020-06-04T07:58:35+00:00", "2020-06-04T08:06:52+00:00", "2020-06-04T08:15:05+00:00", "2020-06-04T08:23:09+00:00", "2020-06-04T08:31:01+00:00", "2020-06-04T08:40:22+00:00", "2020-06-04T08:49:03+00:00", "2020-06-04T08:59:31+00:00", "2020-06-04T09:09:00+00:00", "2020-06-04T09:19:45+00:00", "2020-06-04T09:29:34+00:00", "2020-06-04T09:37:03+00:00", "2020-06-04T09:45:19+00:00", "2020-06-04T09:54:41+00:00", "2020-06-04T10:04:49+00:00", "2020-06-04T10:33:02+00:00", "2020-06-04T10:42:43+00:00", "2020-06-04T10:53:04+00:00", "2020-06-04T11:03:01+00:00", "2020-06-04T11:14:06+00:00", "2020-06-04T11:22:20+00:00", "2020-06-04T11:34:21+00:00", "2020-06-04T11:46:43+00:00", "2020-06-04T11:58:32+00:00", "2020-06-04T12:08:25+00:00", "2020-06-04T12:18:26+00:00", "2020-06-04T12:25:55+00:00", "2020-06-04T12:33:35+00:00", "2020-06-04T12:42:12+00:00", "2020-06-04T12:51:24+00:00", "2020-06-04T13:01:27+00:00", "2020-06-04T13:12:44+00:00", "2020-06-04T13:24:41+00:00", "2020-06-04T13:33:49+00:00", "2020-06-04T13:41:05+00:00", "2020-06-04T13:50:30+00:00", "2020-06-04T14:00:50+00:00", "2020-06-04T14:08:35+00:00", "2020-06-04T14:17:47+00:00", "2020-06-04T14:25:51+00:00", "2020-06-04T14:34:45+00:00", "2020-06-04T14:42:45+00:00", "2020-06-04T14:52:30+00:00", "2020-06-04T15:00:47+00:00", "2020-06-04T15:13:11+00:00", "2020-06-04T15:22:28+00:00", "2020-06-04T15:31:56+00:00", "2020-06-04T15:40:25+00:00", "2020-06-04T15:46:49+00:00", "2020-06-04T15:59:22+00:00", "2020-06-04T16:09:46+00:00", "2020-06-04T16:15:39+00:00", "2020-06-04T16:26:03+00:00", "2020-06-04T16:32:20+00:00", "2020-06-04T16:37:48+00:00", "2020-06-04T16:44:01+00:00", "2020-06-04T16:50:21+00:00", "2020-06-04T17:00:46+00:00", "2020-06-04T17:08:58+00:00", "2020-06-04T17:16:10+00:00", "2020-06-04T17:23:51+00:00", "2020-06-04T17:31:35+00:00", "2020-06-04T17:39:07+00:00", "2020-06-04T17:48:00+00:00", "2020-06-04T17:55:56+00:00", "2020-06-04T18:02:25+00:00", "2020-06-04T18:09:25+00:00", "2020-06-04T18:15:00+00:00", "2020-06-04T18:21:38+00:00", "2020-06-04T18:27:58+00:00", "2020-06-04T18:35:00+00:00", "2020-06-04T18:39:59+00:00", "2020-06-04T18:47:19+00:00", "2020-06-04T18:54:56+00:00", "2020-06-04T19:01:12+00:00", "2020-06-04T19:07:53+00:00", "2020-06-04T19:12:45+00:00", "2020-06-04T19:21:34+00:00", "2020-06-04T19:28:07+00:00", "2020-06-04T19:34:43+00:00", "2020-06-04T19:40:40+00:00", "2020-06-04T19:47:36+00:00", "2020-06-04T19:52:40+00:00", "2020-06-04T19:57:01+00:00", "2020-06-04T20:25:15+00:00", "2020-06-04T21:15:15+00:00", "2020-06-04T22:05:15+00:00", "2020-06-04T22:55:15+00:00", "2020-06-04T23:19:38+00:00", "2020-06-04T23:32:11+00:00", "2020-06-04T23:42:43+00:00", "2020-06-04T23:51:52+00:00", "2020-06-05T00:00:44+00:00", "2020-06-05T00:12:22+00:00", "2020-06-05T00:19:50+00:00", "2020-06-05T00:27:26+00:00", "2020-06-05T00:33:47+00:00", "2020-06-05T00:41:36+00:00", "2020-06-05T00:49:52+00:00", "2020-06-05T00:57:25+00:00", "2020-06-05T01:07:30+00:00", "2020-06-05T01:15:34+00:00", "2020-06-05T01:23:39+00:00", "2020-06-05T01:32:15+00:00", "2020-06-05T01:40:12+00:00", "2020-06-05T01:48:28+00:00", "2020-06-05T01:55:08+00:00", "2020-06-05T02:02:49+00:00", "2020-06-05T02:12:18+00:00", "2020-06-05T02:20:55+00:00", "2020-06-05T02:28:55+00:00", "2020-06-05T02:36:44+00:00", "2020-06-05T02:45:41+00:00", "2020-06-05T02:55:30+00:00", "2020-06-05T03:04:33+00:00", "2020-06-05T03:23:54+00:00", "2020-06-05T03:32:39+00:00", "2020-06-05T03:43:27+00:00", "2020-06-05T03:55:00+00:00", "2020-06-05T04:02:16+00:00", "2020-06-05T04:09:21+00:00", "2020-06-05T04:15:57+00:00", "2020-06-05T04:28:54+00:00", "2020-06-05T04:37:58+00:00", "2020-06-05T04:48:12+00:00", "2020-06-05T04:59:32+00:00", "2020-06-05T05:09:33+00:00", "2020-06-05T20:09:46+00:00", "2020-06-06T11:29:18+00:00", "2020-06-11T22:39:15+00:00", "2020-06-11T23:39:15+00:00"], "elevations": [null, null, null, null, 2.3, 0.3, null, null, null, null, null, null, null, 0.3, null, null, null, null, null, null, null, 0.3, null, null, null, null, null, -3.7, -1.7, null, -3.7, null, null, null, null, null, null, null, null, -5.8, 0.3, 0.3, null, 0.3, null, null, 4.4, 4.4, null, 18.6, 0.3, null, null, -3.7, null, 8.4, 22.6, null, -5.8, null, null, null, null, null, null, null, 0.3, -7.8, null, null, null, null, -7.8, null, null, -3.7, null, null, -1.7, null, null, null, null, null, null, null, 2.3, null, -9.8, 2.3, -3.7, -3.7, 0.3, 12.5, -3.7, -1.7, null, null, null, -3.7, null, null, null, null, -3.7, null, null, 0.3, 0.3, null, 0.3, null, null, null, null, null, null, null, null, null, null, null, null, 12.5, null, null, null, 0.3, null, null, null, null, null, 6.4, null, null, null, null, null, -3.7, null, null, 0.3, null, null, null, null, 4.4, 4.4, 6.4, null, null, 0.3, null, null, null, null, null, -9.8, null, null, null, null, null, 6.4, null, null, null, null, null, 0.3, null, null, null, null, null, null, 4.4, 6.4, null, null, null, null, null, 2.3, 14.5, -1.7, null, null, 4.4, 2.3, -3.7, null, 2.3, 18.6, null, null, null, null, null, null, null, null, null, null, null, null, 20.6, 2.3, null, 2.3, null, null, null, null, null, null, null, null, null, -9.8, null, 6.4, null, null, -3.7, null, -9.8, -1.7, null, -1.7, null, -3.7, null, 6.4, null, null, 8.4, null, 2.3, null, 2.3, null, null, null, null, null, null, -5.8, 7.4, -3.7, 6.4, 2.3, 4.4, null, null, null, 4.4, null, 2.3, 6.4, null, null, null, 4.4, null, null, 4.4, null, 4.4, null, 3.4, -1.7, null, null, null, null, null, -1.7, null, 2.3, null, null, null, null, null, 0.3, 0.3, null, -1.7, null, null, null, 0.3, null, null, 12.5, null, 0.3, null, 4.4, 2.3, null, null, 2.3, 4.4, null, 2.3, null, null, null, null, 2.3, 4.4, null, null, 2.3, null, -9.8, 30.8, -11.8, null, -11.8, null, null, null, null, 2.3, null, null, null, null, 6.4, 6.4, null, null, null, null, 8.4, null, null, null, 2.3, 12.5, 4.4, null, 16.5, null, null, null, null, null, null, null, -13.9, null, 4.4, 2.3, 24.7, 4.4, null, null, -1.7, null, 8.4, null, null, -17.9, -24.0, null, null, 2.3, null, 16.5, null, null, null, null, null, null, null, null, null, null, null, null, null, -3.7, null, null, null, null, null, null, null, null, null, null, null, null, null, null, null, null, null, null, null, 10.5, null, null, 2.3, null, null, null, null, null, 0.3, null, 4.4, 8.4, null, null, null, null, null, null, null, null, 4.4, 2.3, 2.3, 0.3, null, null, null, 0.3, null, null, null, null, null, null, 8.4, null, -7.8, -1.7, 4.4, 10.5, null, null, -3.7, null, null, null, null, -3.7, null, null, null, -7.8, null, null, 0.3, null, null, 6.4, null, 0.3, null, null, null, null, 2.3, null, 2.3, null, null, null, null, null, -7.8, null, null, null, null, null, null, 4.4, 2.3, null, 0.3, null, null, -3.7, null, null, null, null, null, -3.7, null, null, 4.4, null, null, null, null, null, -1.7, null, 2.3, 2.3, null, null, null, 0.3, null, null, null, null, null, null, null, null, null, null, 2.3, null, null, null, -3.7, null, -1.7, null, 0.3, null, 2.3, -1.7, 0.3, 2.3, 2.3, -0.7, -3.7, null, -1.7, null, null, null, null, null, 0.3, null, null, -3.7, null, null, null, null, null, null, 6.4, null, null, null, null, null, null, null, null, null, null, null, null, null, null, null, null, null, null, null, 10.5, null, null, null, -30.1, null, null, null, null, null, null, null, null, null, null, null, null, null, null, null, null, null, null, null, null, null, null, null, 0.3, null, null, null, null, -9.8, 0.3, null, null, null, null, -1.7, null, null, null, -5.8, null, null, null, null, null, null, null, null, null, null, null, null, null, null, null, null, null, null, null, null, null, null, null, null, null, null, null, null, null, null, null, null, null, null, null, null, null, null, null, null, null, null, null, null, null, null, null, null, null, null, null, null, null, null, null, null, null, null, null, null, null, null, null, null, null, null, null, null, null, null, null, null, null, null, null, -3.7, 0.3, null, null, 0.3, 0.3, null, null, null, null, null, null, null, null, 8.4, 2.3, null, null, null, 2.3, null, null, null, null, 0.3, null, null, null, 2.3, null, null, null, null, 0.3, null, null, null, 4.4, null, null, null, null, null, null, null, null, null, 0.3, null, null, null, null, null, null, 0.3, 6.4, null, null, null, 4.4, null, 2.3, 0.3, null, null, null, null, null, null, null, null, null, -1.7, null, null, null, 2.3, 2.3, null, null, null, null, null, 0.3, -3.7, 0.3, null, null, null, null, null, null, null, null, null, null, null, -1.7, null, null, null, null, -1.7, null, null, null, null, null, -1.7, -1.7, null, null, null, null, null, -5.8, null, null, null, null, null, null, null, null, 2.3, null, null, null, null, null, 14.5, null, null, null, null, null, null, 4.4, null, null, null, null, 6.4, null, 0.3, null, null, null, 4.4, null, null, null, null, -5.8, null, null, -5.8, null, 0.3, 6.4, 4.4, null, null, null, null, 2.3, null, null, null, null, null, null, null, null, null, null, 10.5, 16.5, null, null, null, null, null, null, null, null, null, 4.4, 4.4, null, -1.7, null, null, null, null, null, null, 0.3, -5.8, -1.7, null, null, null, null, null, null, 4.4, 8.4, null, null, null, null, 6.4, null, null, null, null, null, null, null, null, null, null, null, 4.4, -3.7, -1.7, 0.3, -1.7, null, null, null, null, null, null, null, null, null, null, null, null, null, null, null, null, null, 10.5, null, null, null, null, null, null, null, null, null, null, null, null, null, null, 2.3, null, null, null, null, null, 4.4, null, null, 2.3, null, null, null, null, 6.4, 6.4, 2.3, 2.3, 8.4, -3.7, 2.3, null, null, 8.4, null, null, null, null, null, null, null, null, null, null, null, null, null, 2.3, 4.4, null, null, null, null, null, null, 2.3, 6.4, null, null, null, null, null, null, null, 2.3, null, null, null, null, null, null, null, 2.3, null, null, null, null, null, null, null, null, null, null, null, null, null, 30.8, null, null, null, null, null, null, null, 2.3, null, null, null, null, -1.7, null, null, null, null, null, 2.3, null, null, null, null, null, null, null, null, null, null, null, null, -5.8, -5.8, -5.8, null, null, null, null, null, null, null, null, 0.3, 4.4, 4.4, null, null, null, null, null, null, 6.4, null, null, null, null, -15.9, 2.3, null, null, null, null, null, null, null, null, null, null, null, 2.3, 0.3, null, null, null, null, null, null, 0.3, null, null, null, null, null, null, null, null, null, null, null, null, null, null, null, null, null, null, null, null, null, null, 0.3, null, null, null, null, null, null, null, null, null, null, null, null, null, null, null, null, null, null, null, null, null, null, null, null, null, null, null, null, null, null, null, null, null, null, null, null, null, null, null, null, null, null, null, null, null, null, null, null, null, null, null, null, 32.8, null, 14.5, 36.9, null, null, null, null, null, null, null, 12.5, null, null, null, null, null, null, null, null, -9.8, 30.8, 65.3, null, null, null, null, null, null, null, null, null, null, null, null, null, null, null, null, null, null, 0.3, -1.7, null, 0.3, 4.4, -1.7, 10.5, 8.4, null, null, null, null, null, null, null, null, null, -32.1, -19.9, null, null, null, null, null, null, null, 10.5, null, -5.8, 2.3, 40.9, -9.8, -3.7, -1.7, -3.7, 0.3, null, null, null, null, null, null, null, null, null, null, 8.4, 2.3, null, null, null, null, 43.0, null, null, null, null, null, null, null, null, null, null, null, null, null, null, null, null, null, null, null, null, null, null, null, null, null, null, null, null, 16.5, 6.4, null, null, null, null, null, -3.7, null, null, null, null, null, null, null, null, null, null, null, null, null, null, null, null, null, null, null, null, null, null, null, 12.5, null, null, null, null, null, null, null, null, null, null, null, null, null, -3.7, -1.7, null, 0.3, 0.3, 0.3, -1.7, 0.3, 4.4, -1.7, 0.3, 2.3, -1.7, 2.3, 2.3, 0.3, 2.3, 0.3, 12.5, 6.4, 40.9, 30.8, 6.4, 0.3, 0.3, -1.7, 0.3, 14.5, -1.7, 12.5, 2.3, 6.4, 0.3, 4.4, null, null, null, null, null, null, null, null, null, null, null, null, null, null, null, null, null, null, null, null, 2.3, null, null, null, null, null, null, null, null, null, null, null, null, null, null, 36.9, null, null, null, -5.8, null, null, null, null, 2.3, null, 0.3, 0.3, null, null, -5.8, null, null, null, null, null, null, null, null, 2.3, 0.3, -1.7, 10.5, 2.3, -1.7, -3.7, 10.5, 6.4, 51.1, 0.3, 0.3, 8.4, 4.4, 4.4, 4.4, 2.3, 16.5, 18.6, 26.7, 12.5, -1.7, 6.4, 8.4, 8.4, 24.7, 6.4, 10.5, 0.3, 10.5, 4.4, null, 18.6, null, null, null, null, null, null, null, null, null, null, null, null, null, null, null, 30.8, null, null, null, null, null, null, null, null, null, null, null, null, null, null, null, null, null, 4.4, null, null, null, null, 4.4, null, null, null, null, null, 8.4, 4.4, 2.3, null, null, 10.5, 8.4, null, null, null, null, null, null, null, 4.4, 4.4, null, null, null, null, 8.4, null, null, null, 10.5, null, null, null, null, null, null, null, 2.3, null, null, null, null, null, null, null, null, null, null, null, null, null, null, null, 2.3, null, 0.3, null, null, null, null, null, null, null, 14.5, null, null, 10.5, 2.3, 4.4, null, 4.4, 4.4, null, null, null, null, null, null, null, null, 4.4, 0.3, null, 2.3, null, null, null, null, null, null, null, null, null, null, null, null, null, null, 40.9, null, 10.5, null, null, null, 0.3, 8.4, null, null, 2.3, null, null, null, null, null, 8.4, 10.5, null, null, null, null, null, null, 6.4, null, null, null, null, 2.3, null, null, null, 8.4, null, null, null, null, null, null, null, null, null, null, null, null, null, null, null, null, null, null, null, null, null, null, 4.4, null, null, 6.4, null, null, 8.4, null, null, 6.4, null, null, null, null, null, null, null, null, null, null, null, null, 6.4, 4.4, null, null, null, null, null, null, null, null, 8.4, null, null, null, null, null, null, null, null, null, null, null, null, null, -3.7, 36.9, null, null, null, 32.8, null, null, null, null, null, null, null, null, null, null, null, null, null, null, null, null, null, 0.3, null, null, null, null, null, null, null, -1.7, 6.4, null, 4.4, null, 38.9, null, 14.5, null, null, 4.4, null, null, null, null, null, 6.4, null, 2.3, 0.3, 0.3, null, null, 8.4, null, null, null, 16.5, null, null, null, null, null, 4.4, null, null, null, null, null, 10.5, null, null, null, -1.7, 0.3, null, null, null, null, 16.5, null, null, 4.4, null, null, null, null, null, null, null, null, null, null, -1.7, 0.3, null, null, null, 2.3, 4.4, null, null, null, null, null, null, 34.8, null, null, null, null, null, null, null, null, null, -5.8, 22.6, null, null, null, null, null, null, null, null, null, null, null, null, null, null, null, null, null, null, null, 8.4, null, 6.4, null, null, null, null, null, null, -3.7, null, 4.4, 2.3, 10.5, null, null, null, null, null, null, null, null, null, null, null, null, null, null, null, null, null, null, null, 18.6, 12.5, 10.5, null, null, null, null, null, null, null, null, 43.0, null, null, null, null, null, null, null, null, null, null, null, null, null, -9.8, null, null, null, null, null, null, 0.3, null, null, null, null, -3.7, null, null, null, null, null, null, null, null, -3.7, null, -3.7, null, null, null, null, null, null, null, null, null, null, null, null, null, null, null, null, null, null, null, null, null, null, null, 0.3, 2.3, null, null, null, null, null, null, null, null, null, null, null, null, 14.5, null, null, 2.3, null, null, null, -3.7, -5.8, 2.3, 8.4, 2.3, null, null, null, null, 2.3, null, null, 2.3, null, null, null, null, 0.3, null, null, null, null, 2.3, null, null, 0.3, null, null, null, -1.7, 0.3, null, 0.3, 0.3, null, null, 2.3, null, null, null, 10.5, -1.7, null, null, null, null, 0.3, -9.8, 10.5, null, null, null, null, 0.3, 4.4, null, null, null, null, null, null, null, 2.3, null, null, null, null, null, 28.7, null, null, -1.7, 14.5, 0.3, null, null, null, null, null, null, 6.4, 0.3, null, null, 2.3, null, null, null, null, null, 6.4, null, null, null, 2.3, null, null, null, null, null, null, 8.4, 4.4, null, null, 2.3, null, null, null, 2.3, null, null, null, null, null, null, null, null, null, null, null, null, -1.7, -1.7, -1.7, -1.7, -3.7, null, null, null, null, null, null, null, null, null, null, -1.7, null, null, null, null, null, -3.7, null, null, null, null, null, 6.4, 10.5, null, null, null, null, 8.4, null, 0.3, 0.3, 0.3, -5.8, -5.8, null, null, 2.3, null, null, null, null, 20.6, 34.8, 0.3, null, null, null, 0.3, null, null, 4.4, null, null, null, null, null, null, null, null, null, null, null, null, null, null, null, null, null, null, null, null, null, null, null, 4.4, null, null, 0.3, -1.7, null, 0.3, null, null, null, null, null, null, null, -1.7, null, null, null, null, null, null, 16.5, null, null, null, null, null, null, 6.4, null, null, null, null, null, 20.6, null, null, null, null, null, null, null, null, null, 2.3, null, null, null, null, null, null, 6.4, null, null, 4.4, 6.4, 6.4, null, null, null, null, null, null, null, null, null, null, null, null, null, null, null, null, null, null, null, null, null, null, null, null, null, null, null, null, null, 18.6, null, null, null, null, null, 4.4, 6.4, 16.5, -5.8, null, null, null, null, null, null, null, null, null, null, null, null, null, null, null, null, null, null, null, null, null, null, -1.7, -1.7, null, null, null, null, null, null, null, null, 2.3, null, null, null, null, null, null, null, 0.3, null, 2.3, null, null, null, null, null, null, null, null, 32.8, null, null, null, null, null, null, null, null, null, null, null, null, null, null, null, null, null, null, null, null, null, null, null, null, null, null, null, null, null, null, null, null, null, null, null, null, null, null, null, null, null, null, null, null, null, null, null, null, null, null, null, null, null, null, null, null, null, null, null, null, null, null, null, null, null, null, null, null, null, null, null, null, null, null, null, null, null, null, null, null, null, null, null, null, null, null, null, null, null, null, null, null, null, null, null, null, null, null, null, null, null, null, null, null, null, null, null, null, null, null, null, null, null, null, null, null, null, null, null, null, null, null, null, null, null, null, null, null, null, null, null, null, null, null, null, null, null, null, null, null, null, null, null, null, null, null, null, null, null, null, null, null, null, null, null, null, null, null, null, null, null, null, null, null, null, null, null, null, null, null, null, null, null, null, null, null, null, null, null, null, null, null, null, null, null, null, null, null, null, null, null, null, null, null, null, null, null, null, null, null, null, null, null, null, null, null, null, null, null, null, null, null, null, null, null, null, null, null, null, null, null, null, null, null, null, null, null, null, null, null, null, null, null, 18.6, null, null, null, null, 6.4, null, null, null, null, null, null, null, null, 2.3, 2.3, 4.4, null, null, 4.4, 20.6, 20.6, null, 6.4, null, null, 4.4, null, null, null, null, null, 4.4, null, null, null, null, null, null, null, null, null, null, null, null, 38.9, 53.1, null, null, null, null, -1.7, null, null, 2.3, 10.5, 18.6, null, null, 4.4, null, null, 2.3, null, null, null, null, null, null, null, null, null, null, -3.7, null, null, null, null, null, null, null, null, null, 0.3, 4.4, -1.7, null, null, -1.7, -3.7, null, 2.3, null, null, null, 10.5, -1.7, null, null, null, 8.4, null, null, 14.5, null, null, null, -1.7, null, null, 2.3, null, null, 0.3, null, null, null, -28.1, null, -13.9, -3.7, null, null, 4.4, null, null, 6.4, null, null, null, 22.6, null, null, 0.3, null, null, null, 0.3, null, -3.7, 2.3, null, 8.4, null, null, 2.3, null, null, null, null, 2.3, null, null, 36.9, null, null, null, null, null, null, null, null, null, null, null, null, null, null, 2.3, null, null, null, null, null, 0.3, 0.3, -1.7, null, 10.5, null, null, null, null, null, null, 6.4, null, null, null, null, null, null, null, null, 4.4, null, null, null, 2.3, 2.3, null, 2.3, 0.3, 2.3, null, null, null, null, null, null, null, null, 2.3, null, null, null, 10.5, null, null, null, null, null, null, null, null, null, null, null, null, null, 4.4, null, null, 8.4, 26.7, null, null, null, null, 2.3, null, -19.9, null, null, null, null, null, null, null, null, null, null, null, null, null, null, null, null, null, null, null, 2.3, 2.3, null, null, null, null, null, null, null, null, null, null, null, null, null, null, null, null, null, -1.7, null, -3.7, null, null, null, 8.4, -3.7, -1.7, null, null, null, null, null, null, null, null, null, null, null, null, null, null, null, 18.6, 0.3, -5.8, 0.3, null, null, null, 6.4, -3.7, null, 2.3, 2.3, 4.4, null, null, null, null, null, null, 12.5, 22.6, -11.8, null, -1.7, 0.3, null, null, null, 6.4, 4.4, 4.4, 4.4, null, 2.3, null, 2.3, null, null, null, 2.3, null, null, -1.7, -1.7, null, null, null, null, null, 2.3, null, null, null, 6.4, null, null, null, null, 4.4, -3.7, null, 22.6, null, null, 22.6, null, null, null, 36.9, 6.4, null, null, null, null, null, null, null, null, 8.4, 8.4, null, null, null, null, null, null, null, 4.4, null, 4.4, 4.4, null, null, null, null, null, null, null, null, null, null, null, null, 14.5, 8.4, null, null, null, null, null, null, 2.3, null, null, null, null, null, null, 6.4, null, null, null, null, null, null, null, null, null, null, null, null, null, null, 4.4, 30.8, 4.4, 8.4, null, null, null, null, null, null, null, 4.4, 4.4, 8.4, null, null, null, null, null, null, null, null, null, null, null, null, null, null, null, null, null, null, null, null, null, null, 22.6, null, null, null, null, null, null, null, -1.7, null, null, null, null, null, null, null, 8.4, 6.4, -1.7, 8.4, null, 2.3, 6.4, null, 4.4, 4.4, null, 6.4, null, 6.4, null, null, null, null, null, null, 0.3, 0.3, null, null, null, null, null, null, null, null, null, null, 0.3, 0.3, null, null, null, null, 2.3, 2.3, 4.4, null, null, 18.6, null, null, 4.4, null, null, 6.4, null, null, null, null, 4.4, null, null, null, null, null, null, null, null, 16.5, null, null, null, 10.5, null, null, null, null, 8.4, 8.4, null, null, null, null, null, null, null, 4.4, null, null, null, null, null, null, null, null, null, null, null, 8.4, null, null, null, null, null, null, null, null, 4.4, null, null, 4.4, null, 26.7, null, null, 4.4, null, 2.3, null, null, null, null, null, null, null, 30.8, null, -1.7, 22.6, 4.4, null, null, 10.5, null, null, null, null, null, null, 22.6, 8.4, null, null, null, null, null, 6.4, null, null, null, null, -1.7, null, null, null, null, null, null, null, null, null, null, 4.4, null, null, null, 4.4, null, null, null, null, 6.4, null, null, null, null, null, null, null, null, null, null, 8.4, null, null, 14.5, 12.5, 12.5, null, null, null, null, null, 6.4, null, null, null, null, null, null, null, null, null, null, 4.4, null, null, 4.4, null, null, null, null, null, null, null, null, null, null, null, null, null, null, null, null, null, null, null, 14.5, null, null, null, null, null, null, null, null, 12.5, null, 14.5, null, null, null, null, null, 16.5, null, null, null, null, null, null, null, null, null, null, -3.7, null, null, null, 10.5, -9.8, null, null, null, 4.4, null, null, null, null, null, -5.8, 10.5, -1.7, null, 16.5, null, null, null, null, null, null, null, null, null, null, null, 2.3, null, null, null, null, 0.3, null, null, null, null, 2.3, null, null, null, null, null, null, null, null, null, -44.2, null, -3.7, 4.4, null, null, null, 2.3, null, null, null, null, null, null, null, null, null, null, null, null, null, 4.4, 6.4, null, null, null, null, null, null, null, null, 2.3, 2.3, null, null, null, null, null, null, null, null, null, null, null, null, null, null, null, null, 2.3, null, null, null, null, null, 2.3, null, 2.3, null, 2.3, null, null, null, null, null, null, null, null, null, null, null, null, null, null, null, null, null, null, null, null, null, 6.4, null, null, null, null, null, null, null, 51.1, null, null, null, 20.6, null, null, null, null, null, null, null, null, null, null, null, null, null, null, 10.5, 8.4, null, null, null, null, null, null, 12.5, null, null, 8.4, null, null, null, null, null, null, null, null, null, null, null, null, null, 14.5, 12.5, 12.5, 8.4, null, null, null, null, null, null, null, null, null, null, null, null, null, 18.6, null, null, null, null, null, 20.6, null, null, null, null, 18.6, 18.6, 24.7, null, null, null, null, null, null, 16.5, null, null, null, null, null, null, 11.5, 28.7, 14.5]}