{"type": "Feature", "properties": {"leg_id": 15, "name": "20200723 - Hanalei, Kauai to Victoria, Canada", "stated_nm": 3114.0, "computed_nm": 3114.0}, "geometry": {"type": "LineString", "coordinates": [[-159.5114, 22.223711], [-159.495391, 22.29568], [-159.476745, 22.342801], [-159.457368, 22.39621], [-159.445996, 22.471665], [-159.434137, 22.5274], [-159.436038, 22.534611], [-159.436813, 22.542306], [-159.437126, 22.549983], [-159.437514, 22.556892], [-159.437343, 22.563643], [-159.438063, 22.57185], [-159.440912, 22.579541], [-159.442845, 22.588046], [-159.441805, 22.597453], [-159.4435, 22.605424], [-159.445076, 22.612951], [-159.446229, 22.621349], [-159.448294, 22.628706], [-159.449266, 22.636632], [-159.449684, 22.644087], [-159.449774, 22.652379], [-159.44999, 22.659787], [-159.45121, 22.692281], [-159.450158, 22.70779], [-159.450078, 22.717532], [-159.450488, 22.726544], [-159.451249, 22.735257], [-159.452375, 22.743853], [-159.451601, 22.752716], [-159.451794, 22.760841], [-159.451407, 22.771124], [-159.450259, 22.779787], [-159.450204, 22.789963], [-159.450093, 22.796895], [-159.449888, 22.803739], [-159.450559, 22.810733], [-159.45153, 22.817538], [-159.452677, 22.82412], [-159.454141, 22.830877], [-159.455169, 22.837956], [-159.456109, 22.845009], [-159.456201, 22.852071], [-159.456029, 22.859429], [-159.455082, 22.867334], [-159.454612, 22.875559], [-159.454578, 22.882472], [-159.455624, 22.890193], [-159.455788, 22.897701], [-159.455818, 22.905615], [-159.455755, 22.912818], [-159.455004, 22.920675], [-159.454962, 22.927688], [-159.453035, 22.975801], [-159.452813, 23.028679], [-159.452417, 23.036474], [-159.452191, 23.043528], [-159.452013, 23.051807], [-159.451702, 23.060208], [-159.450827, 23.068328], [-159.4506, 23.076428], [-159.450451, 23.083759], [-159.450719, 23.091061], [-159.450834, 23.099606], [-159.450052, 23.109266], [-159.449797, 23.11923], [-159.449163, 23.127516], [-159.449322, 23.134827], [-159.449142, 23.142849], [-159.449436, 23.151079], [-159.450186, 23.1598], [-159.45073, 23.168271], [-159.451382, 23.175416], [-159.452047, 23.183428], [-159.453186, 23.192871], [-159.453158, 23.201105], [-159.452942, 23.209595], [-159.453495, 23.218679], [-159.454343, 23.226065], [-159.456006, 23.234148], [-159.456745, 23.240916], [-159.457446, 23.249895], [-159.458154, 23.25878], [-159.458805, 23.267411], [-159.459154, 23.276148], [-159.460059, 23.285502], [-159.461333, 23.293873], [-159.462793, 23.303403], [-159.463885, 23.312783], [-159.46471, 23.322373], [-159.479406, 23.398056], [-159.483386, 23.432942], [-159.484864, 23.442045], [-159.485777, 23.451277], [-159.486907, 23.45995], [-159.488574, 23.468158], [-159.490744, 23.476127], [-159.49228, 23.484008], [-159.492837, 23.491129], [-159.49422, 23.500364], [-159.494781, 23.507824], [-159.494507, 23.514887], [-159.493748, 23.522922], [-159.492401, 23.529834], [-159.491005, 23.536955], [-159.490056, 23.544676], [-159.488789, 23.552253], [-159.487167, 23.559985], [-159.486046, 23.568348], [-159.484316, 23.577134], [-159.483255, 23.586921], [-159.481496, 23.596753], [-159.479896, 23.605921], [-159.478495, 23.614573], [-159.477694, 23.623655], [-159.476806, 23.631533], [-159.476264, 23.640072], [-159.475487, 23.649361], [-159.474358, 23.658196], [-159.472952, 23.668092], [-159.471237, 23.67903], [-159.469749, 23.689436], [-159.468606, 23.697985], [-159.46776, 23.705431], [-159.467536, 23.712102], [-159.46665, 23.719903], [-159.465562, 23.727421], [-159.464349, 23.73491], [-159.462966, 23.742023], [-159.461295, 23.74947], [-159.451073, 23.808782], [-159.449699, 23.815922], [-159.448521, 23.824168], [-159.446693, 23.831202], [-159.445127, 23.837604], [-159.443876, 23.844609], [-159.441981, 23.851322], [-159.440186, 23.858448], [-159.437687, 23.864313], [-159.435134, 23.870887], [-159.432964, 23.878164], [-159.431081, 23.884666], [-159.42959, 23.891905], [-159.427479, 23.898842], [-159.425737, 23.905581], [-159.424117, 23.913154], [-159.421296, 23.921596], [-159.419865, 23.9293], [-159.418561, 23.936396], [-159.416714, 23.943323], [-159.415754, 23.950841], [-159.415126, 23.957158], [-159.413957, 23.9644], [-159.412858, 23.970924], [-159.412012, 23.978445], [-159.411517, 23.986392], [-159.410948, 23.993106], [-159.41027, 24.00083], [-159.409546, 24.007937], [-159.409787, 24.016276], [-159.410094, 24.023361], [-159.410286, 24.031562], [-159.409281, 24.04052], [-159.408589, 24.048369], [-159.407436, 24.05659], [-159.406782, 24.064739], [-159.406125, 24.072287], [-159.405236, 24.079831], [-159.403926, 24.088468], [-159.402146, 24.096046], [-159.401161, 24.104086], [-159.400492, 24.111272], [-159.400046, 24.117571], [-159.399968, 24.123923], [-159.399174, 24.130607], [-159.398429, 24.136999], [-159.398231, 24.144732], [-159.397203, 24.152051], [-159.396391, 24.160257], [-159.395578, 24.167877], [-159.395333, 24.176437], [-159.395496, 24.185315], [-159.395648, 24.193486], [-159.395396, 24.200443], [-159.394046, 24.209232], [-159.39296, 24.216768], [-159.391474, 24.224839], [-159.390607, 24.233412], [-159.389943, 24.242219], [-159.388588, 24.249748], [-159.387221, 24.256568], [-159.386165, 24.26307], [-159.384987, 24.270579], [-159.384301, 24.279151], [-159.383793, 24.287249], [-159.382607, 24.294753], [-159.381712, 24.303183], [-159.38117, 24.310677], [-159.379827, 24.319442], [-159.378658, 24.327302], [-159.378975, 24.334963], [-159.378302, 24.342473], [-159.377686, 24.350371], [-159.377293, 24.357499], [-159.376628, 24.365047], [-159.376451, 24.371996], [-159.376034, 24.379335], [-159.37584, 24.387663], [-159.374873, 24.394872], [-159.374363, 24.40287], [-159.374388, 24.411846], [-159.373522, 24.421124], [-159.373742, 24.429406], [-159.373663, 24.437828], [-159.37355, 24.446445], [-159.37282, 24.454093], [-159.373416, 24.463946], [-159.373451, 24.472975], [-159.373153, 24.483023], [-159.372659, 24.491909], [-159.372389, 24.501772], [-159.372273, 24.508942], [-159.372598, 24.517161], [-159.373861, 24.525439], [-159.373758, 24.532694], [-159.373231, 24.540588], [-159.373649, 24.547291], [-159.378276, 24.617003], [-159.384563, 24.68997], [-159.382554, 24.735107], [-159.383489, 24.742368], [-159.384839, 24.749806], [-159.386382, 24.756754], [-159.388418, 24.764099], [-159.390209, 24.771552], [-159.398918, 24.81656], [-159.402755, 24.841814], [-159.403485, 24.848518], [-159.403244, 24.85493], [-159.402985, 24.861017], [-159.402646, 24.868472], [-159.401688, 24.876144], [-159.400718, 24.882845], [-159.400186, 24.890031], [-159.39907, 24.896192], [-159.39979, 24.902719], [-159.399717, 24.90996], [-159.397621, 24.916685], [-159.396304, 24.923816], [-159.395862, 24.931182], [-159.395085, 24.937729], [-159.395147, 24.943945], [-159.39753, 24.950583], [-159.399186, 24.956694], [-159.401209, 24.963195], [-159.402699, 24.970135], [-159.402135, 24.977418], [-159.402278, 24.9851], [-159.40116, 24.993422], [-159.400374, 25.000552], [-159.400241, 25.007266], [-159.399503, 25.014999], [-159.398542, 25.022663], [-159.397863, 25.030521], [-159.396683, 25.038188], [-159.394349, 25.045907], [-159.392044, 25.055014], [-159.390306, 25.061685], [-159.389512, 25.068848], [-159.390067, 25.076531], [-159.389739, 25.084249], [-159.390205, 25.091533], [-159.390894, 25.09917], [-159.390662, 25.10643], [-159.38993, 25.114338], [-159.389172, 25.122628], [-159.389101, 25.130966], [-159.388409, 25.138993], [-159.388429, 25.146695], [-159.387879, 25.155329], [-159.389594, 25.164002], [-159.391686, 25.172637], [-159.393601, 25.182144], [-159.395227, 25.191104], [-159.396452, 25.199386], [-159.399155, 25.216638], [-159.41396, 25.295516], [-159.419768, 25.327015], [-159.421936, 25.335272], [-159.423339, 25.34265], [-159.425793, 25.349935], [-159.427604, 25.358175], [-159.428756, 25.365791], [-159.430648, 25.373374], [-159.433053, 25.381053], [-159.436196, 25.388689], [-159.439262, 25.39689], [-159.441384, 25.403609], [-159.44355, 25.411519], [-159.446638, 25.417857], [-159.449539, 25.425344], [-159.452303, 25.43242], [-159.455062, 25.438929], [-159.458219, 25.446644], [-159.46149, 25.453714], [-159.465366, 25.46146], [-159.468061, 25.469319], [-159.471124, 25.477265], [-159.474344, 25.485237], [-159.477872, 25.493886], [-159.48131, 25.50119], [-159.484625, 25.508459], [-159.486357, 25.516015], [-159.487701, 25.523945], [-159.48968, 25.531398], [-159.491409, 25.53956], [-159.493326, 25.546924], [-159.494026, 25.554304], [-159.494501, 25.561966], [-159.494946, 25.569621], [-159.495036, 25.577237], [-159.494327, 25.585119], [-159.493509, 25.592809], [-159.493372, 25.651861], [-159.49406, 25.660201], [-159.494168, 25.66812], [-159.494911, 25.676737], [-159.495037, 25.684858], [-159.494511, 25.692615], [-159.4939, 25.700221], [-159.493358, 25.709192], [-159.493731, 25.71845], [-159.493771, 25.726457], [-159.493826, 25.734457], [-159.494192, 25.742571], [-159.495778, 25.750775], [-159.497183, 25.759058], [-159.499252, 25.768352], [-159.513781, 25.85275], [-159.509468, 25.938001], [-159.49786, 26.02321], [-159.497465, 26.045433], [-159.497764, 26.053026], [-159.495959, 26.060924], [-159.495115, 26.068637], [-159.493616, 26.0751], [-159.493429, 26.08239], [-159.492863, 26.08971], [-159.491649, 26.096891], [-159.491587, 26.104899], [-159.491022, 26.112681], [-159.490982, 26.119914], [-159.49088, 26.127455], [-159.489709, 26.134515], [-159.489863, 26.142494], [-159.488838, 26.149736], [-159.487499, 26.156567], [-159.485834, 26.164579], [-159.483954, 26.172125], [-159.482305, 26.180563], [-159.481206, 26.188552], [-159.479185, 26.196454], [-159.478261, 26.20575], [-159.476562, 26.21559], [-159.474228, 26.225537], [-159.472445, 26.233498], [-159.47051, 26.241618], [-159.468149, 26.250293], [-159.466023, 26.259203], [-159.464147, 26.267883], [-159.462394, 26.276063], [-159.458618, 26.284357], [-159.456076, 26.292416], [-159.45415, 26.299182], [-159.450764, 26.307502], [-159.448806, 26.314562], [-159.446995, 26.322865], [-159.445309, 26.330363], [-159.444255, 26.337493], [-159.443006, 26.345736], [-159.441962, 26.354204], [-159.441176, 26.362708], [-159.440641, 26.370209], [-159.440387, 26.377925], [-159.43971, 26.387244], [-159.439127, 26.394538], [-159.438613, 26.403024], [-159.440402, 26.410975], [-159.441263, 26.419447], [-159.442668, 26.427063], [-159.44364, 26.434772], [-159.445017, 26.44264], [-159.446252, 26.449901], [-159.448248, 26.457936], [-159.449755, 26.465703], [-159.450967, 26.473116], [-159.452654, 26.481725], [-159.453156, 26.490105], [-159.453408, 26.498224], [-159.453839, 26.506292], [-159.45424, 26.514247], [-159.454955, 26.523015], [-159.457462, 26.530217], [-159.458738, 26.53726], [-159.460027, 26.544124], [-159.460866, 26.551353], [-159.461033, 26.558912], [-159.460265, 26.578245], [-159.458613, 26.667928], [-159.454218, 26.704028], [-159.454254, 26.713626], [-159.453644, 26.721341], [-159.453519, 26.728922], [-159.453973, 26.736207], [-159.45414, 26.744349], [-159.454741, 26.752462], [-159.454833, 26.761528], [-159.455537, 26.770142], [-159.456463, 26.77769], [-159.457717, 26.785042], [-159.458321, 26.793451], [-159.4594, 26.802183], [-159.459888, 26.810384], [-159.459693, 26.819028], [-159.459423, 26.825953], [-159.459477, 26.833046], [-159.459083, 26.840226], [-159.458739, 26.847616], [-159.458938, 26.854018], [-159.458593, 26.860506], [-159.458454, 26.867346], [-159.459208, 26.874471], [-159.459919, 26.882017], [-159.459696, 26.889149], [-159.462111, 26.913371], [-159.4746, 27.011701], [-159.479444, 27.05766], [-159.480094, 27.067296], [-159.481733, 27.078727], [-159.482438, 27.08815], [-159.483628, 27.096636], [-159.484425, 27.103427], [-159.484907, 27.110929], [-159.486222, 27.118321], [-159.487392, 27.125001], [-159.488432, 27.134785], [-159.490123, 27.143355], [-159.490697, 27.15076], [-159.491403, 27.157887], [-159.491119, 27.164422], [-159.49173, 27.171947], [-159.493032, 27.179555], [-159.494358, 27.186675], [-159.494883, 27.194404], [-159.495163, 27.201689], [-159.495078, 27.209829], [-159.496234, 27.216333], [-159.497505, 27.224164], [-159.497919, 27.232377], [-159.498081, 27.240501], [-159.498873, 27.249302], [-159.499676, 27.25633], [-159.500934, 27.263982], [-159.501981, 27.272213], [-159.502451, 27.279545], [-159.502674, 27.286365], [-159.503062, 27.293624], [-159.503202, 27.300986], [-159.503445, 27.308636], [-159.503489, 27.316206], [-159.504133, 27.323561], [-159.505017, 27.330411], [-159.505863, 27.338807], [-159.506156, 27.347083], [-159.509661, 27.375086], [-159.512708, 27.448665], [-159.518223, 27.534023], [-159.525496, 27.620261], [-159.533243, 27.70017], [-159.545301, 27.774403], [-159.555408, 27.848066], [-159.553393, 27.892732], [-159.551788, 27.900975], [-159.551441, 27.909579], [-159.551318, 27.918441], [-159.55096, 27.92715], [-159.550333, 27.935636], [-159.55016, 27.944353], [-159.549828, 27.952049], [-159.549253, 27.960162], [-159.550037, 27.968784], [-159.549805, 27.976591], [-159.550468, 27.984843], [-159.550724, 27.992844], [-159.551559, 28.001629], [-159.551766, 28.009873], [-159.55142, 28.018962], [-159.550875, 28.026962], [-159.554358, 28.100108], [-159.552511, 28.191358], [-159.542298, 28.284538], [-159.534873, 28.375593], [-159.542126, 28.460243], [-159.559486, 28.535871], [-159.570965, 28.611251], [-159.576086, 28.662824], [-159.576713, 28.669885], [-159.577047, 28.678149], [-159.578358, 28.685751], [-159.579981, 28.693521], [-159.581938, 28.701496], [-159.584151, 28.709662], [-159.58551, 28.717861], [-159.587145, 28.725046], [-159.588231, 28.733346], [-159.588378, 28.741434], [-159.588383, 28.748674], [-159.588322, 28.756358], [-159.588491, 28.76387], [-159.589375, 28.77115], [-159.589659, 28.778275], [-159.590098, 28.785474], [-159.589588, 28.793052], [-159.589803, 28.800946], [-159.590071, 28.808381], [-159.589936, 28.816436], [-159.588913, 28.823749], [-159.589126, 28.831723], [-159.589003, 28.839906], [-159.589454, 28.847881], [-159.588538, 28.873667], [-159.588612, 28.881787], [-159.588429, 28.889616], [-159.588072, 28.897504], [-159.587272, 28.905663], [-159.586241, 28.912978], [-159.58457, 28.920398], [-159.583945, 28.927335], [-159.583176, 28.935203], [-159.582052, 28.943516], [-159.581705, 28.951172], [-159.580714, 28.958688], [-159.579472, 28.966431], [-159.578892, 28.975447], [-159.577738, 28.984001], [-159.576941, 28.991551], [-159.574956, 29.000257], [-159.572813, 29.007785], [-159.571564, 29.014763], [-159.570353, 29.021603], [-159.568894, 29.029968], [-159.560347, 29.06457], [-159.559439, 29.073354], [-159.557296, 29.081244], [-159.551528, 29.110035], [-159.550029, 29.118371], [-159.548753, 29.126427], [-159.547945, 29.133535], [-159.546387, 29.141913], [-159.544732, 29.150044], [-159.542679, 29.158536], [-159.541396, 29.166576], [-159.539203, 29.175417], [-159.537995, 29.183918], [-159.53729, 29.192159], [-159.537531, 29.200217], [-159.536696, 29.208401], [-159.535775, 29.217535], [-159.535316, 29.224824], [-159.534755, 29.232356], [-159.534392, 29.24007], [-159.533775, 29.248643], [-159.533008, 29.256542], [-159.532052, 29.265804], [-159.532408, 29.275591], [-159.53303, 29.283675], [-159.534241, 29.292324], [-159.535151, 29.300621], [-159.535307, 29.308289], [-159.535321, 29.316013], [-159.534733, 29.32434], [-159.533992, 29.33225], [-159.533405, 29.340207], [-159.532818, 29.348229], [-159.532325, 29.356195], [-159.531059, 29.364927], [-159.529601, 29.373832], [-159.528498, 29.383139], [-159.527821, 29.391887], [-159.526109, 29.400243], [-159.52585, 29.408446], [-159.524035, 29.417105], [-159.52153, 29.426906], [-159.517228, 29.437065], [-159.514103, 29.444912], [-159.511689, 29.452132], [-159.508925, 29.458881], [-159.506261, 29.466025], [-159.503842, 29.473015], [-159.483474, 29.545034], [-159.481239, 29.55299], [-159.479965, 29.559913], [-159.478008, 29.56743], [-159.476773, 29.574873], [-159.475335, 29.582294], [-159.473604, 29.589994], [-159.472716, 29.597703], [-159.47137, 29.60568], [-159.47016, 29.612359], [-159.46901, 29.619386], [-159.467952, 29.627047], [-159.467358, 29.634465], [-159.466255, 29.641074], [-159.464578, 29.648684], [-159.462315, 29.657056], [-159.443871, 29.715796], [-159.422435, 29.789783], [-159.414861, 29.860786], [-159.413701, 29.934858], [-159.410606, 29.967105], [-159.410504, 29.973707], [-159.410238, 29.981399], [-159.409642, 29.988744], [-159.408222, 29.996294], [-159.407643, 30.004579], [-159.407372, 30.01227], [-159.406604, 30.020775], [-159.40575, 30.028725], [-159.404491, 30.038016], [-159.402987, 30.04655], [-159.401612, 30.055352], [-159.400595, 30.064133], [-159.399642, 30.072393], [-159.398633, 30.079958], [-159.397247, 30.087219], [-159.396352, 30.094371], [-159.394542, 30.102523], [-159.392979, 30.110501], [-159.390457, 30.118591], [-159.388544, 30.126303], [-159.387857, 30.1337], [-159.386826, 30.141951], [-159.385226, 30.149314], [-159.383883, 30.158171], [-159.383176, 30.166904], [-159.38376, 30.174943], [-159.382049, 30.182962], [-159.379313, 30.19011], [-159.377209, 30.197995], [-159.37637, 30.206587], [-159.374894, 30.214943], [-159.373282, 30.223505], [-159.37198, 30.233798], [-159.37155, 30.243031], [-159.37155, 30.251953], [-159.371519, 30.26137], [-159.371786, 30.270758], [-159.371608, 30.280303], [-159.371512, 30.28975], [-159.369997, 30.29954], [-159.368384, 30.309055], [-159.367058, 30.31858], [-159.365253, 30.32752], [-159.364105, 30.335753], [-159.362484, 30.344126], [-159.360861, 30.353209], [-159.35995, 30.36239], [-159.358728, 30.371344], [-159.358249, 30.380801], [-159.357849, 30.390476], [-159.357762, 30.399362], [-159.358067, 30.409427], [-159.358627, 30.420061], [-159.358645, 30.430089], [-159.359367, 30.440157], [-159.35979, 30.449502], [-159.360517, 30.459636], [-159.361099, 30.469204], [-159.362211, 30.480858], [-159.363124, 30.491738], [-159.364357, 30.501668], [-159.365459, 30.509265], [-159.36683, 30.518184], [-159.367311, 30.526048], [-159.367347, 30.534562], [-159.367924, 30.542214], [-159.368407, 30.550901], [-159.368747, 30.558776], [-159.37053, 30.61071], [-159.370121, 30.690608], [-159.376881, 30.769561], [-159.377246, 30.779126], [-159.378429, 30.787312], [-159.37982, 30.799985], [-159.381009, 30.806544], [-159.382679, 30.813564], [-159.382424, 30.820875], [-159.382545, 30.826372], [-159.383051, 30.834044], [-159.383238, 30.841547], [-159.384086, 30.849216], [-159.384529, 30.85665], [-159.384987, 30.863068], [-159.384821, 30.871089], [-159.385102, 30.878511], [-159.385359, 30.885398], [-159.384949, 30.893102], [-159.384766, 30.901309], [-159.383595, 30.967969], [-159.383224, 30.975749], [-159.382868, 30.983501], [-159.381892, 30.99219], [-159.381458, 31.000691], [-159.380885, 31.008519], [-159.380667, 31.017896], [-159.379725, 31.027967], [-159.378117, 31.037941], [-159.37669, 31.046695], [-159.374964, 31.055402], [-159.373115, 31.063904], [-159.370817, 31.072507], [-159.368648, 31.082414], [-159.366077, 31.090131], [-159.364261, 31.099527], [-159.361889, 31.108216], [-159.360396, 31.115325], [-159.358637, 31.123442], [-159.355892, 31.131665], [-159.353451, 31.139754], [-159.350683, 31.148189], [-159.347469, 31.156183], [-159.343817, 31.165099], [-159.340582, 31.173786], [-159.337269, 31.182799], [-159.333447, 31.191675], [-159.329639, 31.199667], [-159.325318, 31.208799], [-159.321882, 31.216084], [-159.318744, 31.224123], [-159.316286, 31.231034], [-159.31408, 31.239981], [-159.312113, 31.246452], [-159.310033, 31.254413], [-159.308382, 31.26063], [-159.306736, 31.267917], [-159.305763, 31.274178], [-159.304871, 31.281137], [-159.299082, 31.315852], [-159.296034, 31.323936], [-159.293674, 31.331151], [-159.291973, 31.337859], [-159.290243, 31.344163], [-159.287918, 31.352206], [-159.284095, 31.360571], [-159.27633, 31.385815], [-159.26678, 31.409947], [-159.263846, 31.416894], [-159.258196, 31.423235], [-159.252425, 31.428251], [-159.247924, 31.432942], [-159.245298, 31.437876], [-159.241483, 31.443268], [-159.236111, 31.449342], [-159.230287, 31.457139], [-159.224052, 31.465972], [-159.218574, 31.474491], [-159.213694, 31.481987], [-159.208266, 31.490195], [-159.204206, 31.497468], [-159.200491, 31.504273], [-159.195647, 31.510704], [-159.189447, 31.518641], [-159.167883, 31.565845], [-159.15217, 31.611993], [-159.155456, 31.618517], [-159.15645, 31.626588], [-159.1573, 31.634244], [-159.158419, 31.641794], [-159.159191, 31.649641], [-159.157763, 31.658284], [-159.156969, 31.664668], [-159.155703, 31.672007], [-159.154508, 31.68044], [-159.153858, 31.688171], [-159.153385, 31.696122], [-159.152722, 31.704713], [-159.152292, 31.712585], [-159.151704, 31.722384], [-159.151697, 31.730447], [-159.151262, 31.739867], [-159.151637, 31.748767], [-159.151879, 31.759925], [-159.152737, 31.769536], [-159.153058, 31.778697], [-159.152072, 31.790616], [-159.1509, 31.799981], [-159.149595, 31.808516], [-159.14829, 31.817017], [-159.14643, 31.825747], [-159.144899, 31.8333], [-159.144338, 31.841541], [-159.143231, 31.849249], [-159.142128, 31.857595], [-159.140732, 31.865168], [-159.140341, 31.871578], [-159.139379, 31.878609], [-159.137138, 31.886891], [-159.135879, 31.894389], [-159.134591, 31.902202], [-159.133017, 31.909415], [-159.131393, 31.917939], [-159.129191, 31.926329], [-159.127507, 31.933818], [-159.125605, 31.941634], [-159.123578, 31.950082], [-159.122579, 31.956138], [-159.120922, 31.964935], [-159.119521, 31.97281], [-159.117359, 31.980624], [-159.114923, 31.98877], [-159.112673, 31.996796], [-159.109577, 32.006633], [-159.106584, 32.015461], [-159.103815, 32.023386], [-159.101663, 32.031671], [-159.098805, 32.040116], [-159.096556, 32.04903], [-159.093627, 32.056678], [-159.091187, 32.064914], [-159.08917, 32.07335], [-159.085905, 32.082241], [-159.082896, 32.090495], [-159.080751, 32.098727], [-159.07891, 32.105907], [-159.077272, 32.113039], [-159.076003, 32.119691], [-159.074379, 32.12634], [-159.071403, 32.134086], [-159.069898, 32.140363], [-159.068424, 32.148007], [-159.065208, 32.166906], [-159.062118, 32.245248], [-159.063155, 32.252716], [-159.064472, 32.261149], [-159.065711, 32.269044], [-159.067501, 32.276834], [-159.070372, 32.285572], [-159.072351, 32.294699], [-159.074662, 32.303116], [-159.076601, 32.310471], [-159.078884, 32.318187], [-159.081443, 32.326869], [-159.083026, 32.3345], [-159.084506, 32.342125], [-159.089283, 32.3601], [-159.108166, 32.421083], [-159.110831, 32.429683], [-159.113135, 32.437068], [-159.115159, 32.444728], [-159.11775, 32.453107], [-159.120475, 32.460728], [-159.122599, 32.467868], [-159.12452, 32.475075], [-159.125668, 32.481946], [-159.128244, 32.488576], [-159.131064, 32.495378], [-159.133972, 32.502884], [-159.135292, 32.509783], [-159.137132, 32.516247], [-159.138767, 32.522621], [-159.139106, 32.529254], [-159.139217, 32.535802], [-159.14048, 32.542028], [-159.142557, 32.548837], [-159.146842, 32.555319], [-159.148405, 32.563737], [-159.149883, 32.571306], [-159.15234, 32.580624], [-159.15603, 32.589266], [-159.159312, 32.59807], [-159.162614, 32.606317], [-159.169363, 32.627291], [-159.172345, 32.645142], [-159.174604, 32.653448], [-159.177285, 32.661509], [-159.180385, 32.671207], [-159.184196, 32.680687], [-159.18819, 32.69036], [-159.191764, 32.698719], [-159.194642, 32.707505], [-159.19741, 32.716216], [-159.201425, 32.723967], [-159.20464, 32.73136], [-159.206923, 32.7385], [-159.209059, 32.745721], [-159.211366, 32.753137], [-159.214065, 32.760662], [-159.217457, 32.767875], [-159.220974, 32.7758], [-159.223929, 32.782787], [-159.226886, 32.791934], [-159.23001, 32.802503], [-159.23199, 32.811861], [-159.234628, 32.820682], [-159.237234, 32.830905], [-159.238581, 32.840322], [-159.23994, 32.850794], [-159.241961, 32.860081], [-159.244749, 32.870792], [-159.246914, 32.88092], [-159.248455, 32.88952], [-159.250559, 32.899654], [-159.252476, 32.909046], [-159.259915, 32.925295], [-159.283917, 32.969185], [-159.290844, 32.981592], [-159.296016, 32.99071], [-159.301202, 32.99981], [-159.306842, 33.009087], [-159.311629, 33.01627], [-159.316403, 33.024212], [-159.320724, 33.031871], [-159.326629, 33.040655], [-159.331272, 33.049438], [-159.335087, 33.058299], [-159.338817, 33.067436], [-159.342593, 33.075772], [-159.345568, 33.083399], [-159.34904, 33.09102], [-159.352417, 33.09984], [-159.355669, 33.107601], [-159.361196, 33.11353], [-159.365874, 33.121669], [-159.371002, 33.130222], [-159.375669, 33.138853], [-159.380837, 33.147613], [-159.385438, 33.155099], [-159.390309, 33.16388], [-159.416685, 33.209578], [-159.424001, 33.229419], [-159.427896, 33.238427], [-159.432416, 33.247708], [-159.435828, 33.255481], [-159.439396, 33.264562], [-159.441801, 33.273423], [-159.443885, 33.280542], [-159.446335, 33.288436], [-159.449296, 33.296217], [-159.452266, 33.304206], [-159.45634, 33.310938], [-159.461372, 33.318231], [-159.466072, 33.326171], [-159.470652, 33.333378], [-159.475439, 33.340542], [-159.480154, 33.347318], [-159.484193, 33.354478], [-159.488717, 33.36271], [-159.492199, 33.370045], [-159.495767, 33.376988], [-159.499943, 33.385258], [-159.503519, 33.392845], [-159.507727, 33.40161], [-159.511438, 33.408976], [-159.514733, 33.417414], [-159.518096, 33.425893], [-159.521719, 33.43418], [-159.52499, 33.441641], [-159.528507, 33.449199], [-159.532554, 33.457903], [-159.536533, 33.466098], [-159.540932, 33.475764], [-159.545931, 33.4864], [-159.549329, 33.49492], [-159.553524, 33.504217], [-159.557985, 33.512744], [-159.5619, 33.521398], [-159.566303, 33.528189], [-159.570786, 33.535333], [-159.575431, 33.545026], [-159.580394, 33.551618], [-159.585032, 33.558637], [-159.591899, 33.566293], [-159.597472, 33.573648], [-159.602761, 33.580444], [-159.607616, 33.589268], [-159.61196, 33.596635], [-159.617867, 33.604627], [-159.623389, 33.61152], [-159.628721, 33.620022], [-159.633873, 33.628432], [-159.639409, 33.636454], [-159.645102, 33.644247], [-159.650302, 33.652352], [-159.655672, 33.660271], [-159.658502, 33.666686], [-159.661669, 33.67437], [-159.665658, 33.682219], [-159.668896, 33.69005], [-159.67229, 33.696995], [-159.675733, 33.704611], [-159.67908, 33.713667], [-159.681371, 33.720778], [-159.683943, 33.72852], [-159.686783, 33.73544], [-159.689569, 33.743254], [-159.691717, 33.75168], [-159.69389, 33.759011], [-159.696653, 33.767655], [-159.699125, 33.777867], [-159.729623, 33.846966], [-159.754099, 33.892907], [-159.755816, 33.902497], [-159.757412, 33.910671], [-159.759049, 33.918731], [-159.760106, 33.926088], [-159.761015, 33.935516], [-159.762599, 33.94258], [-159.765056, 33.950961], [-159.767295, 33.959108], [-159.769155, 33.966478], [-159.771732, 33.974339], [-159.774773, 33.982378], [-159.777422, 33.990196], [-159.781478, 33.998875], [-159.784271, 34.006789], [-159.806545, 34.056231], [-159.810225, 34.063661], [-159.81265, 34.07065], [-159.816576, 34.077546], [-159.820206, 34.085159], [-159.824213, 34.091695], [-159.829457, 34.099695], [-159.833094, 34.106074], [-159.836696, 34.113353], [-159.841148, 34.121053], [-159.844698, 34.12852], [-159.848327, 34.136275], [-159.8521, 34.142605], [-159.855736, 34.148795], [-159.859236, 34.154825], [-159.866965, 34.16937], [-159.885584, 34.194825], [-159.892123, 34.201531], [-159.898913, 34.209036], [-159.889634, 34.208801], [-159.878616, 34.208316], [-159.868972, 34.207456], [-159.858697, 34.208371], [-159.84774, 34.209384], [-159.838082, 34.210579], [-159.82921, 34.211396], [-159.820508, 34.212581], [-159.811025, 34.213123], [-159.8016, 34.213894], [-159.792706, 34.214525], [-159.784451, 34.215475], [-159.775794, 34.2161], [-159.767001, 34.217125], [-159.758778, 34.218422], [-159.750435, 34.220395], [-159.742195, 34.222291], [-159.732508, 34.2242], [-159.723589, 34.226077], [-159.714682, 34.227534], [-159.704907, 34.229467], [-159.695549, 34.231584], [-159.686664, 34.234548], [-159.679518, 34.236968], [-159.670819, 34.237706], [-159.662814, 34.238886], [-159.654329, 34.239946], [-159.645301, 34.241238], [-159.636817, 34.242823], [-159.627753, 34.242507], [-159.618838, 34.242912], [-159.610231, 34.243806], [-159.600459, 34.244155], [-159.561438, 34.248976], [-159.541952, 34.250942], [-159.532096, 34.252559], [-159.522577, 34.253748], [-159.514161, 34.254689], [-159.506466, 34.255989], [-159.498064, 34.257026], [-159.490078, 34.257351], [-159.482217, 34.258429], [-159.474176, 34.258899], [-159.466022, 34.259769], [-159.458018, 34.261398], [-159.449701, 34.262744], [-159.441356, 34.264638], [-159.433115, 34.266882], [-159.425247, 34.268364], [-159.417325, 34.269806], [-159.40977, 34.271859], [-159.401566, 34.273673], [-159.393726, 34.274822], [-159.385641, 34.276337], [-159.377536, 34.278271], [-159.347713, 34.286429], [-159.340483, 34.28807], [-159.333394, 34.28935], [-159.32566, 34.291941], [-159.31834, 34.294029], [-159.310259, 34.296606], [-159.302775, 34.29805], [-159.295304, 34.299824], [-159.287266, 34.30226], [-159.279737, 34.304196], [-159.272149, 34.306208], [-159.263882, 34.308442], [-159.255852, 34.310224], [-159.248841, 34.311953], [-159.242007, 34.313234], [-159.23483, 34.314928], [-159.227253, 34.316121], [-159.219755, 34.318673], [-159.212168, 34.321492], [-159.204721, 34.323254], [-159.195881, 34.324438], [-159.187877, 34.32543], [-159.179722, 34.326456], [-159.171256, 34.327734], [-159.163757, 34.328357], [-159.156272, 34.329533], [-159.148896, 34.331086], [-159.141313, 34.333089], [-159.133751, 34.335249], [-159.126411, 34.337573], [-159.119105, 34.339987], [-159.111238, 34.342524], [-159.10401, 34.345056], [-159.095701, 34.348099], [-159.088521, 34.350594], [-159.08119, 34.35279], [-159.073882, 34.355521], [-159.067104, 34.358728], [-159.059785, 34.361587], [-159.052799, 34.364364], [-159.0455, 34.367003], [-159.037848, 34.369672], [-159.030177, 34.372706], [-159.023094, 34.375475], [-159.015415, 34.378945], [-159.008415, 34.382199], [-159.000791, 34.385054], [-158.993853, 34.388787], [-158.987064, 34.392703], [-158.980075, 34.396734], [-158.972957, 34.400356], [-158.966063, 34.404241], [-158.958822, 34.407821], [-158.95155, 34.410917], [-158.944842, 34.414587], [-158.937912, 34.418688], [-158.931317, 34.422577], [-158.924485, 34.426406], [-158.917064, 34.430426], [-158.91035, 34.434142], [-158.903229, 34.438271], [-158.894301, 34.441834], [-158.868704, 34.453541], [-158.861029, 34.457121], [-158.852589, 34.460747], [-158.844617, 34.463898], [-158.836946, 34.467313], [-158.829306, 34.470858], [-158.822376, 34.474544], [-158.81509, 34.47768], [-158.807614, 34.480833], [-158.799843, 34.484528], [-158.793272, 34.488105], [-158.785395, 34.492213], [-158.777494, 34.493879], [-158.769107, 34.495931], [-158.760503, 34.498986], [-158.753209, 34.501712], [-158.745586, 34.504516], [-158.737522, 34.507206], [-158.729793, 34.509852], [-158.721247, 34.513246], [-158.712889, 34.516992], [-158.704933, 34.520167], [-158.697221, 34.523415], [-158.689541, 34.526434], [-158.663333, 34.533333], [-158.657398, 34.536833], [-158.64916, 34.539212], [-158.641584, 34.541819], [-158.633129, 34.5445], [-158.625301, 34.546867], [-158.617206, 34.549298], [-158.609032, 34.551712], [-158.600918, 34.553816], [-158.59355, 34.55613], [-158.58606, 34.558261], [-158.578881, 34.560693], [-158.571641, 34.563103], [-158.564191, 34.564913], [-158.556382, 34.566513], [-158.548363, 34.568581], [-158.539376, 34.57083], [-158.531036, 34.572854], [-158.522646, 34.574388], [-158.514172, 34.577599], [-158.506114, 34.579434], [-158.496975, 34.581427], [-158.48867, 34.584348], [-158.480536, 34.586265], [-158.472159, 34.586713], [-158.463929, 34.587651], [-158.455612, 34.590089], [-158.447191, 34.592742], [-158.437376, 34.595682], [-158.428623, 34.59743], [-158.419479, 34.59799], [-158.411291, 34.598896], [-158.402451, 34.599873], [-158.392703, 34.598249], [-158.382037, 34.596965], [-158.373059, 34.595607], [-158.38172, 34.598072], [-158.390071, 34.600018], [-158.398216, 34.602445], [-158.407213, 34.60546], [-158.416119, 34.608324], [-158.423712, 34.610769], [-158.432523, 34.61368], [-158.440825, 34.616708], [-158.449302, 34.619504], [-158.458561, 34.621029], [-158.467009, 34.622045], [-158.474589, 34.620382], [-158.466749, 34.61991], [-158.459425, 34.618806], [-158.452784, 34.616131], [-158.444612, 34.613941], [-158.437094, 34.612324], [-158.428947, 34.612207], [-158.421542, 34.613491], [-158.414055, 34.614207], [-158.406484, 34.61445], [-158.398459, 34.615545], [-158.391736, 34.616355], [-158.383863, 34.61756], [-158.375907, 34.618754], [-158.368451, 34.62064], [-158.361045, 34.622844], [-158.353149, 34.625211], [-158.34618, 34.628156], [-158.338377, 34.630753], [-158.330821, 34.633184], [-158.32366, 34.636005], [-158.316002, 34.638581], [-158.307583, 34.640055], [-158.299738, 34.641444], [-158.292776, 34.643629], [-158.28521, 34.645637], [-158.278305, 34.648349], [-158.271098, 34.651167], [-158.263493, 34.652834], [-158.256282, 34.651786], [-158.249026, 34.651173], [-158.241386, 34.652847], [-158.232923, 34.655616], [-158.22454, 34.658668], [-158.216685, 34.661309], [-158.209082, 34.664006], [-158.202318, 34.668725], [-158.195195, 34.67136], [-158.186903, 34.672666], [-158.17817, 34.673912], [-158.15551, 34.676575], [-158.100697, 34.683745], [-158.093142, 34.68578], [-158.085584, 34.687853], [-158.077867, 34.688578], [-158.069962, 34.689777], [-158.061207, 34.691599], [-158.051998, 34.693541], [-158.043281, 34.695318], [-158.034384, 34.697209], [-158.026671, 34.699659], [-158.01837, 34.702155], [-158.00946, 34.704104], [-158.000867, 34.706925], [-157.992648, 34.710174], [-157.983892, 34.713882], [-157.975312, 34.715792], [-157.965302, 34.718207], [-157.9565, 34.720585], [-157.946854, 34.722579], [-157.937592, 34.724631], [-157.929, 34.726448], [-157.919474, 34.728565], [-157.910199, 34.730663], [-157.901411, 34.73268], [-157.892603, 34.735027], [-157.88351, 34.737612], [-157.874627, 34.739975], [-157.865837, 34.742758], [-157.858273, 34.746141], [-157.850641, 34.749045], [-157.842454, 34.752482], [-157.834259, 34.755629], [-157.826083, 34.758778], [-157.818006, 34.761677], [-157.80979, 34.764578], [-157.800959, 34.766796], [-157.792293, 34.768954], [-157.783508, 34.771285], [-157.775382, 34.772939], [-157.767538, 34.774895], [-157.759917, 34.776994], [-157.751881, 34.778717], [-157.743856, 34.779686], [-157.73661, 34.781742], [-157.730614, 34.78564], [-157.724029, 34.789568], [-157.716455, 34.793052], [-157.708487, 34.796104], [-157.700809, 34.799099], [-157.693526, 34.801979], [-157.687399, 34.806708], [-157.679758, 34.8128], [-157.676551, 34.811856], [-157.668632, 34.814755], [-157.661043, 34.819532], [-157.653835, 34.823764], [-157.647393, 34.829923], [-157.640241, 34.834372], [-157.631585, 34.842019], [-157.626066, 34.848661], [-157.621053, 34.855425], [-157.615807, 34.862572], [-157.611176, 34.870058], [-157.606497, 34.878336], [-157.601787, 34.885176], [-157.596707, 34.891229], [-157.592812, 34.899123], [-157.588269, 34.90785], [-157.583748, 34.916456], [-157.579663, 34.92521], [-157.57721, 34.934834], [-157.574567, 34.943659], [-157.571928, 34.953126], [-157.570555, 34.961463], [-157.569978, 34.9697], [-157.569778, 34.978336], [-157.569589, 34.986369], [-157.570771, 34.994346], [-157.572393, 35.002882], [-157.573777, 35.011377], [-157.575313, 35.019846], [-157.576187, 35.027971], [-157.577972, 35.037343], [-157.580127, 35.045328], [-157.582879, 35.052919], [-157.584696, 35.061545], [-157.586911, 35.070268], [-157.589204, 35.078751], [-157.591655, 35.087659], [-157.594158, 35.098133], [-157.596895, 35.105891], [-157.599654, 35.114129], [-157.602279, 35.121351], [-157.604857, 35.12875], [-157.60673, 35.13756], [-157.608673, 35.145948], [-157.609991, 35.155459], [-157.611538, 35.16459], [-157.616292, 35.199941], [-157.617675, 35.208969], [-157.619336, 35.217446], [-157.620713, 35.225892], [-157.622364, 35.234769], [-157.624214, 35.243534], [-157.624765, 35.253483], [-157.625749, 35.265288], [-157.625878, 35.278508], [-157.62607, 35.288101], [-157.626532, 35.299075], [-157.625825, 35.311059], [-157.625323, 35.320237], [-157.624644, 35.329283], [-157.621968, 35.338684], [-157.620683, 35.347129], [-157.618939, 35.356472], [-157.617191, 35.366027], [-157.616015, 35.375082], [-157.613858, 35.38343], [-157.611393, 35.391932], [-157.608982, 35.400058], [-157.605996, 35.410048], [-157.603363, 35.418544], [-157.60079, 35.426545], [-157.597797, 35.436137], [-157.595756, 35.444738], [-157.593095, 35.453838], [-157.589538, 35.463043], [-157.586688, 35.471365], [-157.58428, 35.480345], [-157.582404, 35.488315], [-157.581225, 35.495957], [-157.579118, 35.503463], [-157.577293, 35.511268], [-157.575794, 35.519535], [-157.574308, 35.527566], [-157.573452, 35.536542], [-157.572993, 35.545427], [-157.572313, 35.553751], [-157.572434, 35.56139], [-157.573193, 35.569872], [-157.57405, 35.578376], [-157.575597, 35.585818], [-157.577178, 35.593931], [-157.579022, 35.601637], [-157.581082, 35.608596], [-157.583668, 35.616416], [-157.586085, 35.623633], [-157.588357, 35.631737], [-157.590682, 35.638929], [-157.592654, 35.646505], [-157.594658, 35.654381], [-157.595799, 35.662305], [-157.59649, 35.671117], [-157.597601, 35.679023], [-157.598322, 35.685922], [-157.596445, 35.692346], [-157.593897, 35.698786], [-157.590164, 35.704594], [-157.586919, 35.710954], [-157.583995, 35.71785], [-157.581938, 35.724563], [-157.578462, 35.730228], [-157.575748, 35.737185], [-157.573385, 35.744375], [-157.570529, 35.751334], [-157.567177, 35.757255], [-157.56144, 35.762563], [-157.556141, 35.767986], [-157.550612, 35.772961], [-157.544636, 35.777099], [-157.53809, 35.781954], [-157.531409, 35.78627], [-157.525207, 35.790606], [-157.519234, 35.794796], [-157.513071, 35.799848], [-157.507268, 35.80343], [-157.501302, 35.806829], [-157.494934, 35.811871], [-157.486678, 35.818936], [-157.480242, 35.824687], [-157.474479, 35.828933], [-157.468054, 35.831896], [-157.462102, 35.834155], [-157.455235, 35.836924], [-157.448206, 35.83944], [-157.440587, 35.841627], [-157.433098, 35.843014], [-157.425106, 35.843872], [-157.418446, 35.844887], [-157.418522, 35.844141], [-157.427798, 35.84385], [-157.460883, 35.843571], [-157.52047, 35.85046], [-157.580208, 35.863355], [-157.636835, 35.882378], [-157.689815, 35.911378], [-157.744338, 35.937223], [-157.770549, 35.951074], [-157.784939, 35.961134], [-157.798329, 35.968062], [-157.812174, 35.977639], [-157.825296, 35.983951], [-157.835921, 35.989383], [-157.850841, 35.994791], [-157.864444, 36.001621], [-157.874184, 36.009963], [-157.887251, 36.018612], [-157.9055, 36.030767], [-157.918616, 36.039574], [-157.933098, 36.047466], [-157.949382, 36.055792], [-157.967813, 36.06605], [-158.010836, 36.085772], [-158.028971, 36.090036], [-158.043501, 36.093132], [-158.060661, 36.100134], [-158.079305, 36.108534], [-158.092682, 36.11889], [-158.102328, 36.127724], [-158.112302, 36.138825], [-158.132786, 36.152433], [-158.149609, 36.164835], [-158.162894, 36.175801], [-158.175949, 36.185678], [-158.187871, 36.196229], [-158.19955, 36.204474], [-158.211312, 36.210794], [-158.225904, 36.218478], [-158.239618, 36.224267], [-158.251806, 36.230272], [-158.263486, 36.235922], [-158.276601, 36.241653], [-158.288767, 36.250059], [-158.302144, 36.258064], [-158.313043, 36.264545], [-158.323124, 36.270649], [-158.334601, 36.278257], [-158.347114, 36.287984], [-158.356114, 36.296057], [-158.365199, 36.301545], [-158.374744, 36.307762], [-158.384783, 36.314603], [-158.398075, 36.325074], [-158.414855, 36.338325], [-158.427714, 36.348364], [-158.474302, 36.38881], [-158.487549, 36.399462], [-158.501865, 36.412183], [-158.51477, 36.422917], [-158.528428, 36.435033], [-158.545206, 36.448295], [-158.558551, 36.459006], [-158.572376, 36.469987], [-158.583894, 36.481391], [-158.593056, 36.491916], [-158.60425, 36.503091], [-158.61718, 36.515232], [-158.788123, 36.673405], [-158.802967, 36.685352], [-158.817704, 36.698127], [-158.832251, 36.7122], [-158.843755, 36.727013], [-158.856507, 36.737872], [-158.870885, 36.748753], [-158.885468, 36.758497], [-158.896863, 36.766752], [-158.907582, 36.777065], [-158.922123, 36.785626], [-158.932244, 36.799212], [-158.942317, 36.809973], [-158.953612, 36.81846], [-158.96501, 36.826716], [-158.976238, 36.837374], [-158.98859, 36.846918], [-159.003099, 36.854114], [-159.01964, 36.860158], [-159.034507, 36.867899], [-159.053428, 36.875815], [-159.068409, 36.887176], [-159.081355, 36.894866], [-159.094293, 36.899397], [-159.109068, 36.90343], [-159.122001, 36.90545], [-159.129509, 36.902823], [-159.136943, 36.894068], [-159.145227, 36.888967], [-159.156374, 36.889846], [-159.170694, 36.892517], [-159.194014, 36.897337], [-159.214706, 36.89712], [-159.234239, 36.898272], [-159.254802, 36.902958], [-159.272206, 36.908535], [-159.289549, 36.906024], [-159.304176, 36.916579], [-159.315337, 36.925702], [-159.346796, 36.946613], [-159.379502, 36.97057], [-159.397992, 36.984328], [-159.415142, 36.99349], [-159.433914, 37.00182], [-159.451155, 37.010199], [-159.466742, 37.018636], [-159.483471, 37.026826], [-159.504711, 37.035068], [-159.522391, 37.043187], [-159.53245, 37.05545], [-159.541082, 37.06795], [-159.552157, 37.078636], [-159.566038, 37.088579], [-159.578687, 37.099288], [-159.590888, 37.110402], [-159.60289, 37.117715], [-159.617077, 37.121932], [-159.631946, 37.125401], [-159.646991, 37.128526], [-159.662265, 37.131241], [-159.678153, 37.135702], [-159.692313, 37.139387], [-159.707316, 37.144049], [-159.717424, 37.150532], [-159.731498, 37.161388], [-159.745909, 37.167563], [-159.784255, 37.18666], [-159.804176, 37.198177], [-159.816402, 37.209301], [-159.828007, 37.220285], [-159.847153, 37.232219], [-159.863422, 37.243225], [-159.880734, 37.253992], [-159.898417, 37.260062], [-159.914763, 37.264897], [-159.931949, 37.270845], [-159.946492, 37.276053], [-159.956466, 37.277532], [-159.954116, 37.300033], [-159.951198, 37.342557], [-159.948925, 37.374543], [-159.946522, 37.413877], [-159.944803, 37.446349], [-159.939958, 37.502512], [-159.938225, 37.53446], [-159.937947, 37.560758], [-159.936647, 37.606378], [-159.933378, 37.665645], [-159.930253, 37.709101], [-159.927458, 37.736565], [-159.921508, 37.767482], [-159.910866, 37.796643], [-159.899818, 37.828178], [-159.887186, 37.866665], [-159.875435, 37.898122], [-159.8638, 37.928231], [-159.851797, 37.955572], [-159.841418, 37.978781], [-159.827567, 38.008487], [-159.812493, 38.038755], [-159.79125, 38.084728], [-159.766831, 38.154165], [-159.744751, 38.226381], [-159.744623, 38.28937], [-159.741596, 38.353968], [-159.734151, 38.44423], [-159.744686, 38.537603], [-159.756425, 38.632865], [-159.730718, 38.719918], [-159.656581, 38.794216], [-159.582938, 38.871313], [-159.528908, 38.91336], [-159.453485, 38.945653], [-159.396965, 39.001615], [-159.34478, 39.048478], [-159.306135, 39.087606], [-159.27294, 39.135628], [-159.216291, 39.2016], [-159.147026, 39.25296], [-159.088811, 39.310938], [-159.029953, 39.372275], [-159.000179, 39.407785], [-158.9887, 39.418974], [-158.976135, 39.431114], [-158.95799, 39.449052], [-158.948077, 39.459081], [-158.934753, 39.473133], [-158.914726, 39.496566], [-158.905943, 39.506947], [-158.897183, 39.5173], [-158.878075, 39.535924], [-158.866357, 39.548206], [-158.85356, 39.559894], [-158.841562, 39.571249], [-158.828025, 39.581817], [-158.814741, 39.593987], [-158.804947, 39.606374], [-158.794416, 39.618803], [-158.783667, 39.630513], [-158.771949, 39.642162], [-158.760765, 39.652506], [-158.743333, 39.67], [-158.73417, 39.679625], [-158.722903, 39.690303], [-158.71323, 39.697935], [-158.704531, 39.705413], [-158.693744, 39.715593], [-158.681988, 39.727092], [-158.666875, 39.727905], [-158.645259, 39.732491], [-158.622449, 39.740962], [-158.60229, 39.751662], [-158.586142, 39.761961], [-158.574777, 39.766589], [-158.566062, 39.778829], [-158.55511, 39.793345], [-158.543553, 39.805775], [-158.532129, 39.812352], [-158.521132, 39.816554], [-158.510768, 39.81936], [-158.501285, 39.821199], [-158.492293, 39.822939], [-158.480101, 39.824455], [-158.462318, 39.825298], [-158.444705, 39.821417], [-158.434101, 39.814571], [-158.430064, 39.808482], [-158.426231, 39.799828], [-158.424436, 39.789369], [-158.423333, 39.778333], [-158.424983, 39.773478], [-158.434864, 39.76429], [-158.447066, 39.759798], [-158.460373, 39.760428], [-158.470941, 39.763154], [-158.480443, 39.763909], [-158.484958, 39.773456], [-158.485155, 39.787865], [-158.479072, 39.800027], [-158.470749, 39.811176], [-158.456083, 39.823153], [-158.443258, 39.831973], [-158.425011, 39.839839], [-158.406596, 39.846231], [-158.385907, 39.844158], [-158.365813, 39.845479], [-158.34315, 39.844292], [-158.326416, 39.838167], [-158.309962, 39.832629], [-158.288177, 39.830398], [-158.269123, 39.828027], [-158.25215, 39.824642], [-158.238668, 39.821676], [-158.222181, 39.819664], [-158.209584, 39.814545], [-158.186042, 39.819843], [-158.155765, 39.830296], [-158.139426, 39.836411], [-158.119873, 39.845018], [-158.104727, 39.850316], [-158.083636, 39.857488], [-158.064027, 39.859918], [-158.044752, 39.86199], [-158.025959, 39.865913], [-158.001753, 39.87075], [-157.980869, 39.875064], [-157.95153, 39.87643], [-157.933072, 39.876158], [-157.910215, 39.87765], [-157.890638, 39.881086], [-157.874449, 39.887929], [-157.859217, 39.899736], [-157.841448, 39.906842], [-157.827962, 39.910022], [-157.813406, 39.911789], [-157.791517, 39.916372], [-157.775662, 39.922552], [-157.761501, 39.931409], [-157.741635, 39.936518], [-157.723484, 39.939646], [-157.707297, 39.945924], [-157.685836, 39.954826], [-157.664775, 39.958361], [-157.645895, 39.962246], [-157.623327, 39.964337], [-157.601721, 39.960974], [-157.580549, 39.956495], [-157.564153, 39.95422], [-157.54648, 39.954109], [-157.534037, 39.962894], [-157.524517, 39.972997], [-157.512972, 39.984761], [-157.50266, 39.999252], [-157.495913, 40.011909], [-157.479151, 40.026987], [-157.465082, 40.038744], [-157.451941, 40.051704], [-157.438638, 40.066804], [-157.430048, 40.078674], [-157.423764, 40.092348], [-157.418295, 40.113779], [-157.412409, 40.130371], [-157.405929, 40.142971], [-157.395393, 40.16386], [-157.385879, 40.179998], [-157.374966, 40.194962], [-157.364301, 40.205442], [-157.352613, 40.210574], [-157.339889, 40.214706], [-157.32527, 40.219972], [-157.311031, 40.224365], [-157.299232, 40.228055], [-157.261677, 40.238288], [-157.24684, 40.24277], [-157.235296, 40.246324], [-157.223089, 40.249674], [-157.210273, 40.25279], [-157.192473, 40.257328], [-157.179004, 40.260805], [-157.166165, 40.264407], [-157.149618, 40.268292], [-157.132645, 40.27268], [-157.117684, 40.276584], [-157.102008, 40.281161], [-157.088276, 40.284467], [-157.074675, 40.288133], [-157.061756, 40.291947], [-157.049044, 40.29598], [-157.037957, 40.299481], [-157.025089, 40.303453], [-157.013736, 40.307477], [-157.000053, 40.31258], [-156.98879, 40.316469], [-156.976471, 40.320576], [-156.96114, 40.325663], [-156.949523, 40.32958], [-156.935556, 40.334489], [-156.924757, 40.338397], [-156.868109, 40.35885], [-156.857402, 40.362128], [-156.8459, 40.365762], [-156.83508, 40.369301], [-156.823302, 40.372855], [-156.810729, 40.376451], [-156.798846, 40.380027], [-156.726688, 40.401347], [-156.713211, 40.404378], [-156.702659, 40.406536], [-156.691589, 40.408489], [-156.678636, 40.410226], [-156.66708, 40.411706], [-156.657021, 40.413757], [-156.644441, 40.418831], [-156.63511, 40.422678], [-156.624077, 40.427675], [-156.61435, 40.431526], [-156.601969, 40.434853], [-156.590705, 40.436977], [-156.578756, 40.438994], [-156.566593, 40.440462], [-156.553557, 40.442211], [-156.540646, 40.443994], [-156.530692, 40.444849], [-156.520476, 40.446128], [-156.509329, 40.448203], [-156.498532, 40.45005], [-156.488044, 40.452118], [-156.478099, 40.454161], [-156.467649, 40.456703], [-156.376876, 40.483342], [-156.365776, 40.486975], [-156.356322, 40.490479], [-156.347786, 40.49472], [-156.33852, 40.499223], [-156.328934, 40.503771], [-156.318891, 40.507759], [-156.31013, 40.512688], [-156.301794, 40.517464], [-156.291101, 40.522842], [-156.256555, 40.538118], [-156.248246, 40.543223], [-156.240067, 40.547627], [-156.231559, 40.552044], [-156.221697, 40.556348], [-156.211403, 40.561486], [-156.202574, 40.565823], [-156.193673, 40.570157], [-156.184837, 40.575297], [-156.175044, 40.580926], [-156.164505, 40.586588], [-156.156297, 40.591505], [-156.147572, 40.597291], [-156.138485, 40.603182], [-156.12878, 40.610224], [-156.120484, 40.616444], [-156.111275, 40.62356], [-156.100814, 40.630721], [-156.091297, 40.637295], [-156.080309, 40.645877], [-156.071767, 40.652679], [-156.06133, 40.660279], [-156.052408, 40.667015], [-156.044106, 40.674382], [-156.036773, 40.680777], [-156.02843, 40.687704], [-156.018612, 40.695672], [-156.010977, 40.701934], [-156.003146, 40.708989], [-155.993562, 40.717949], [-155.984994, 40.726149], [-155.977178, 40.733037], [-155.962609, 40.744857], [-155.949087, 40.756282], [-155.93863, 40.764407], [-155.930417, 40.771039], [-155.921081, 40.778239], [-155.90997, 40.786088], [-155.899328, 40.793469], [-155.888508, 40.800578], [-155.879302, 40.806842], [-155.867859, 40.814652], [-155.855577, 40.822833], [-155.840591, 40.832666], [-155.829253, 40.839467], [-155.82016, 40.844927], [-155.809223, 40.851419], [-155.798559, 40.857694], [-155.788698, 40.86355], [-155.778132, 40.87023], [-155.766783, 40.87761], [-155.75568, 40.884614], [-155.747224, 40.890786], [-155.736744, 40.897848], [-155.722767, 40.906571], [-155.710127, 40.914716], [-155.619513, 40.906648], [-155.534135, 40.903173], [-155.517536, 40.906184], [-155.491377, 40.913926], [-155.467206, 40.920993], [-155.374682, 40.951097], [-155.358368, 40.956677], [-155.345481, 40.961024], [-155.331558, 40.965048], [-155.313731, 40.971546], [-155.300004, 40.976355], [-155.283281, 40.982185], [-155.269403, 40.986438], [-155.25262, 40.992225], [-155.240238, 40.996728], [-155.226604, 41.002531], [-155.208933, 41.010006], [-155.193784, 41.0158], [-155.181536, 41.019514], [-155.169449, 41.023342], [-155.155609, 41.026989], [-155.052406, 41.053003], [-155.039061, 41.056354], [-155.019947, 41.061467], [-155.002966, 41.066147], [-154.985684, 41.071002], [-154.970559, 41.075342], [-154.95938, 41.078558], [-154.947063, 41.08168], [-154.935024, 41.084935], [-154.920675, 41.088789], [-154.905197, 41.092983], [-154.888461, 41.097855], [-154.874058, 41.102381], [-154.858429, 41.107438], [-154.846173, 41.111403], [-154.832433, 41.115432], [-154.818044, 41.119765], [-154.804994, 41.123915], [-154.79156, 41.12808], [-154.779598, 41.132196], [-154.767113, 41.136988], [-154.753798, 41.141957], [-154.740125, 41.146627], [-154.727004, 41.151397], [-154.714225, 41.156059], [-154.700331, 41.16073], [-154.686734, 41.165244], [-154.671633, 41.171311], [-154.658674, 41.176122], [-154.647189, 41.180664], [-154.635913, 41.1853], [-154.618427, 41.191927], [-154.604463, 41.196843], [-154.591748, 41.201726], [-154.579829, 41.206677], [-154.570356, 41.210879], [-154.558933, 41.216118], [-154.546524, 41.221848], [-154.530016, 41.229527], [-154.514395, 41.238724], [-154.499476, 41.247905], [-154.482717, 41.258455], [-154.467275, 41.268378], [-154.454199, 41.277184], [-154.441793, 41.285327], [-154.42767, 41.294003], [-154.404507, 41.303017], [-154.374498, 41.314077], [-154.34193, 41.324852], [-154.293043, 41.34062], [-154.265923, 41.347452], [-154.24214, 41.353708], [-154.217838, 41.360138], [-154.188284, 41.368049], [-154.170325, 41.372975], [-154.144013, 41.37943], [-154.120264, 41.384913], [-154.097755, 41.390213], [-154.066178, 41.399398], [-154.043084, 41.405309], [-154.021835, 41.410435], [-154.000558, 41.415907], [-153.972003, 41.422793], [-153.93767, 41.430662], [-153.917705, 41.435429], [-153.89029, 41.442084], [-153.84664, 41.453908], [-153.818138, 41.460053], [-153.793489, 41.464238], [-153.761959, 41.469811], [-153.726716, 41.476933], [-153.707347, 41.47984], [-153.677875, 41.484158], [-153.647763, 41.488108], [-153.614349, 41.492319], [-153.578641, 41.496755], [-153.548476, 41.500229], [-153.514522, 41.504287], [-153.482294, 41.508445], [-153.450861, 41.514681], [-153.417505, 41.524773], [-153.371943, 41.534192], [-153.346708, 41.541059], [-153.326004, 41.547206], [-153.30406, 41.554164], [-153.110322, 41.605033], [-153.077936, 41.614071], [-153.049153, 41.623087], [-153.016245, 41.633634], [-152.975507, 41.649227], [-152.939915, 41.666592], [-152.910077, 41.681897], [-152.875961, 41.696436], [-152.845936, 41.705834], [-152.818023, 41.71279], [-152.783212, 41.724323], [-152.753788, 41.735336], [-152.719253, 41.747623], [-152.684846, 41.760506], [-152.654899, 41.770975], [-152.6155, 41.784535], [-152.58763, 41.795023], [-152.4915, 41.833966], [-152.464811, 41.846342], [-152.443472, 41.856324], [-152.429025, 41.863761], [-152.404734, 41.875416], [-152.369917, 41.891602], [-152.349143, 41.902191], [-152.325987, 41.912863], [-152.298237, 41.92518], [-152.271903, 41.937162], [-152.247703, 41.947902], [-152.231339, 41.955024], [-152.207027, 41.965983], [-152.184346, 41.977222], [-152.145863, 41.995448], [-152.119929, 42.005323], [-152.071766, 42.024088], [-152.032818, 42.03958], [-152.006638, 42.050549], [-151.982268, 42.06075], [-151.956224, 42.070722], [-151.933888, 42.078957], [-151.906667, 42.088333], [-151.893779, 42.09321], [-151.87259, 42.1012], [-151.725, 42.16], [-151.694193, 42.172197], [-151.667042, 42.182497], [-151.644287, 42.191383], [-151.608403, 42.206954], [-151.581074, 42.218144], [-151.54508, 42.230266], [-151.524844, 42.236878], [-151.496683, 42.247292], [-151.465587, 42.258776], [-151.43686, 42.271431], [-151.41164, 42.281566], [-151.377914, 42.296818], [-151.347802, 42.310328], [-151.320785, 42.325782], [-151.292367, 42.342726], [-151.26604, 42.35682], [-151.232117, 42.375828], [-151.206855, 42.391012], [-151.181447, 42.405802], [-151.150335, 42.422222], [-151.128673, 42.433974], [-151.103951, 42.446933], [-151.056594, 42.468133], [-151.022159, 42.480832], [-150.98801, 42.493682], [-150.960485, 42.50461], [-150.927299, 42.519121], [-150.898977, 42.530715], [-150.868548, 42.539985], [-150.84177, 42.548702], [-150.79476, 42.564082], [-150.769018, 42.569695], [-150.746791, 42.572913], [-150.725151, 42.574188], [-150.706353, 42.57505], [-150.688139, 42.575572], [-150.662602, 42.577005], [-150.625828, 42.583395], [-150.598637, 42.586938], [-150.569169, 42.590726], [-150.530767, 42.596292], [-150.498308, 42.60285], [-150.463458, 42.610928], [-150.256293, 42.666343], [-150.228228, 42.674027], [-150.193967, 42.680367], [-150.157817, 42.684858], [-150.126148, 42.688527], [-150.097493, 42.692695], [-150.069878, 42.69691], [-150.040893, 42.702878], [-150.004216, 42.710258], [-149.975641, 42.715911], [-149.950744, 42.720275], [-149.919787, 42.72599], [-149.787815, 42.74996], [-149.754788, 42.754892], [-149.714467, 42.759848], [-149.673207, 42.768267], [-149.644655, 42.775485], [-149.563911, 42.792599], [-149.542442, 42.797001], [-149.522319, 42.803177], [-149.511239, 42.807766], [-149.463333, 42.828333], [-149.441908, 42.837853], [-149.419628, 42.849463], [-149.397353, 42.859971], [-149.370092, 42.870855], [-149.338458, 42.87765], [-149.30988, 42.885628], [-149.278843, 42.892573], [-149.24598, 42.902342], [-149.204563, 42.912961], [-149.178635, 42.920311], [-149.154164, 42.928496], [-149.129755, 42.936087], [-149.101118, 42.945322], [-149.068915, 42.95647], [-149.044303, 42.962732], [-149.010982, 42.970207], [-148.982505, 42.975425], [-148.935, 42.985], [-148.903787, 42.990795], [-148.864017, 42.9936], [-148.833851, 42.994966], [-148.804048, 42.99592], [-148.775332, 42.996986], [-148.748373, 42.998857], [-148.698035, 43.002703], [-148.666175, 43.00409], [-148.631577, 43.005365], [-148.589832, 43.007413], [-148.55978, 43.006592], [-148.516475, 43.002281], [-148.493876, 43.000363], [-148.473598, 42.998789], [-148.450144, 42.99762], [-148.427378, 42.996758], [-148.39749, 42.994633], [-148.373326, 42.993363], [-148.34375, 42.991577], [-148.312062, 42.989332], [-148.281812, 42.987493], [-148.260525, 42.985553], [-148.22519, 42.981368], [-148.184253, 42.97775], [-148.156162, 42.976181], [-148.12203, 42.973528], [-148.088163, 42.970883], [-148.05783, 42.968504], [-148.024937, 42.965125], [-147.998074, 42.961681], [-147.970765, 42.958713], [-147.942932, 42.955086], [-147.918272, 42.951968], [-147.890741, 42.948317], [-147.870012, 42.94541], [-147.853341, 42.942791], [-147.834402, 42.939513], [-147.817214, 42.936282], [-147.789893, 42.930544], [-147.761063, 42.923597], [-147.728729, 42.917465], [-147.705586, 42.913177], [-147.684903, 42.909785], [-147.661627, 42.906848], [-147.643868, 42.903262], [-147.630577, 42.906128], [-147.621567, 42.914533], [-147.612235, 42.92495], [-147.602434, 42.938315], [-147.589877, 42.952238], [-147.579998, 42.963753], [-147.571174, 42.975618], [-147.560665, 42.991033], [-147.551226, 43.012043], [-147.545944, 43.030131], [-147.53826, 43.047396], [-147.526568, 43.06411], [-147.517808, 43.074572], [-147.505802, 43.083691], [-147.493153, 43.091988], [-147.480261, 43.101963], [-147.470196, 43.110444], [-147.460558, 43.118502], [-147.449404, 43.126922], [-147.435227, 43.137932], [-147.423438, 43.147312], [-147.378702, 43.180033], [-147.36511, 43.189552], [-147.35177, 43.199127], [-147.338993, 43.209132], [-147.326835, 43.21958], [-147.314018, 43.229077], [-147.293205, 43.242556], [-147.269648, 43.25606], [-147.256111, 43.265395], [-147.242211, 43.275933], [-147.221122, 43.29497], [-147.208765, 43.307028], [-147.193147, 43.322146], [-147.178445, 43.336103], [-147.165772, 43.347322], [-147.146185, 43.358664], [-147.128341, 43.369252], [-147.113472, 43.377402], [-147.101599, 43.384154], [-147.090516, 43.39227], [-147.077035, 43.401684], [-147.064978, 43.411578], [-147.053446, 43.421241], [-147.042126, 43.430252], [-147.029485, 43.439972], [-147.015636, 43.450147], [-147.003672, 43.459068], [-146.991653, 43.468208], [-146.978144, 43.47788], [-146.966829, 43.485574], [-146.953269, 43.494407], [-146.935179, 43.505566], [-146.92263, 43.513591], [-146.907985, 43.52278], [-146.893723, 43.531299], [-146.852023, 43.551597], [-146.827092, 43.563013], [-146.704159, 43.630592], [-146.689842, 43.64068], [-146.662973, 43.659858], [-146.594852, 43.703634], [-146.58366, 43.710528], [-146.573298, 43.716911], [-146.550634, 43.732558], [-146.521514, 43.751883], [-146.499035, 43.767674], [-146.482042, 43.779214], [-146.45495, 43.798278], [-146.432117, 43.814888], [-146.411757, 43.830479], [-146.388524, 43.848289], [-146.366644, 43.866002], [-146.349138, 43.879583], [-146.334795, 43.891105], [-146.310048, 43.908862], [-146.289621, 43.922852], [-146.26399, 43.939615], [-146.240922, 43.955663], [-146.21802, 43.97064], [-146.197442, 43.986245], [-146.18217, 43.999318], [-146.164241, 44.017148], [-146.151893, 44.029384], [-146.128292, 44.051442], [-146.113939, 44.063242], [-146.092996, 44.079854], [-146.070983, 44.097094], [-146.053481, 44.11138], [-146.037047, 44.126902], [-146.025965, 44.137521], [-146.007406, 44.154451], [-145.989699, 44.169221], [-145.97579, 44.181121], [-145.965594, 44.190703], [-145.955436, 44.200286], [-145.938411, 44.215552], [-145.928697, 44.224194], [-145.917334, 44.233202], [-145.907347, 44.242283], [-145.891061, 44.259527], [-145.881196, 44.273378], [-145.865108, 44.297504], [-145.856147, 44.310379], [-145.842484, 44.328187], [-145.831353, 44.338503], [-145.814893, 44.351703], [-145.804112, 44.359221], [-145.781123, 44.377007], [-145.765171, 44.388751], [-145.750353, 44.399096], [-145.737598, 44.407269], [-145.634191, 44.463611], [-145.614979, 44.474757], [-145.604333, 44.48095], [-145.578117, 44.496489], [-145.553213, 44.509073], [-145.528196, 44.520195], [-145.501838, 44.53053], [-145.469814, 44.542255], [-145.447682, 44.549451], [-145.423003, 44.558008], [-145.407129, 44.565094], [-145.389188, 44.573153], [-145.37069, 44.580927], [-145.353974, 44.588129], [-145.341337, 44.593178], [-145.328886, 44.598838], [-145.314677, 44.604837], [-145.293466, 44.614133], [-145.274068, 44.622096], [-145.24715, 44.631852], [-145.222406, 44.640011], [-145.209554, 44.64366], [-145.197652, 44.647657], [-145.180844, 44.653384], [-145.159157, 44.661293], [-145.141223, 44.667979], [-145.123174, 44.673969], [-145.092927, 44.683941], [-145.069313, 44.692018], [-145.045986, 44.699406], [-145.030551, 44.705157], [-145.012953, 44.712885], [-144.983008, 44.725395], [-144.809952, 44.804679], [-144.793513, 44.812109], [-144.776684, 44.820739], [-144.75292, 44.831938], [-144.726182, 44.843765], [-144.705421, 44.85262], [-144.683146, 44.864403], [-144.657046, 44.878776], [-144.633451, 44.889752], [-144.605429, 44.901975], [-144.582149, 44.911252], [-144.557485, 44.922062], [-144.533154, 44.932664], [-144.508771, 44.943246], [-144.487171, 44.953998], [-144.460152, 44.966981], [-144.439747, 44.976913], [-144.414218, 44.989435], [-144.389327, 45.003087], [-144.23285, 45.087193], [-144.164419, 45.118614], [-144.147368, 45.124327], [-144.115509, 45.133627], [-144.085572, 45.14187], [-144.055554, 45.150786], [-144.031528, 45.158457], [-144.007175, 45.165152], [-143.984688, 45.171964], [-143.968468, 45.176664], [-143.954055, 45.180735], [-143.935131, 45.186332], [-143.912069, 45.192113], [-143.893818, 45.197374], [-143.873277, 45.203957], [-143.856957, 45.208329], [-143.840004, 45.213017], [-143.825807, 45.217045], [-143.80998, 45.221349], [-143.794225, 45.225005], [-143.776305, 45.229466], [-143.760599, 45.233478], [-143.743035, 45.238115], [-143.721323, 45.243624], [-143.702191, 45.248133], [-143.682635, 45.252889], [-143.665284, 45.256839], [-143.647808, 45.261163], [-143.631262, 45.265218], [-143.614748, 45.269439], [-143.597777, 45.274227], [-143.580563, 45.279587], [-143.566795, 45.282875], [-143.547553, 45.287162], [-143.527552, 45.291359], [-143.504088, 45.295339], [-143.487664, 45.297451], [-143.466941, 45.299751], [-143.449031, 45.301611], [-143.432598, 45.303376], [-143.416261, 45.305673], [-143.374197, 45.309263], [-143.328403, 45.314955], [-143.316239, 45.318674], [-143.302665, 45.323093], [-143.281255, 45.330634], [-143.239507, 45.346462], [-143.215366, 45.355616], [-143.200265, 45.361724], [-143.176622, 45.372222], [-143.149102, 45.381818], [-143.119719, 45.396613], [-143.095835, 45.411179], [-143.078791, 45.42665], [-143.057347, 45.446221], [-143.037037, 45.459552], [-143.011609, 45.478119], [-142.985079, 45.501753], [-142.963283, 45.519878], [-142.943313, 45.539304], [-142.918276, 45.563119], [-142.899203, 45.580084], [-142.878045, 45.597748], [-142.860506, 45.617413], [-142.841126, 45.633189], [-142.818325, 45.650008], [-142.797597, 45.665518], [-142.773185, 45.683812], [-142.741593, 45.704332], [-142.717823, 45.717033], [-142.676917, 45.7397], [-142.602443, 45.770972], [-142.57628, 45.780558], [-142.549628, 45.790163], [-142.523984, 45.799873], [-142.491065, 45.810832], [-142.467647, 45.817647], [-142.437357, 45.825613], [-142.405175, 45.832695], [-142.364014, 45.839386], [-142.336145, 45.843817], [-142.289177, 45.852143], [-142.262665, 45.861455], [-142.208845, 45.881477], [-142.16763, 45.894053], [-142.14205, 45.900164], [-142.051913, 45.926263], [-141.978966, 45.957327], [-141.957372, 45.968929], [-141.933839, 45.981002], [-141.91012, 45.995855], [-141.888914, 46.011006], [-141.869032, 46.026666], [-141.844433, 46.045777], [-141.821433, 46.064723], [-141.800846, 46.080054], [-141.776007, 46.098639], [-141.749481, 46.116801], [-141.726642, 46.132442], [-141.708712, 46.148254], [-141.693352, 46.162931], [-141.677234, 46.180872], [-141.661435, 46.196842], [-141.647523, 46.211363], [-141.638693, 46.224806], [-141.629312, 46.240298], [-141.620152, 46.256468], [-141.572207, 46.320965], [-141.554705, 46.33748], [-141.534322, 46.35166], [-141.511997, 46.367667], [-141.489162, 46.388581], [-141.469233, 46.408208], [-141.451725, 46.426768], [-141.425719, 46.457903], [-141.409156, 46.484675], [-141.396059, 46.509299], [-141.387329, 46.534249], [-141.381482, 46.557848], [-141.371773, 46.584798], [-141.360128, 46.614293], [-141.347155, 46.648547], [-141.328264, 46.693506], [-141.31917, 46.719611], [-141.310543, 46.738772], [-141.298932, 46.761707], [-141.290257, 46.78142], [-141.282902, 46.807347], [-141.27999, 46.833807], [-141.276181, 46.850816], [-141.27062, 46.877049], [-141.263198, 46.901667], [-141.257629, 46.927683], [-141.242288, 47.00414], [-141.232878, 47.027661], [-141.222211, 47.045859], [-141.210362, 47.067652], [-141.198977, 47.089928], [-141.184143, 47.111168], [-141.172717, 47.12864], [-141.16603, 47.14076], [-141.160333, 47.155288], [-141.155984, 47.16769], [-141.150387, 47.185291], [-141.147918, 47.197146], [-141.135275, 47.197871], [-141.117993, 47.197009], [-141.100805, 47.19621], [-141.081403, 47.195528], [-141.066799, 47.194629], [-141.052352, 47.194034], [-140.983321, 47.196027], [-140.965203, 47.196877], [-140.945633, 47.197487], [-140.928919, 47.197892], [-140.778815, 47.206743], [-140.7566, 47.207923], [-140.736385, 47.209413], [-140.715558, 47.211657], [-140.698647, 47.21391], [-140.679498, 47.21586], [-140.654099, 47.218164], [-140.638605, 47.219863], [-140.62292, 47.221775], [-140.607033, 47.223568], [-140.591859, 47.225039], [-140.573516, 47.22667], [-140.558471, 47.228088], [-140.541138, 47.229679], [-140.522876, 47.231477], [-140.501043, 47.233323], [-140.468508, 47.235483], [-140.439888, 47.237445], [-140.412711, 47.238757], [-140.392051, 47.239054], [-140.37, 47.239652], [-140.351189, 47.240038], [-140.320487, 47.239407], [-140.282647, 47.238543], [-140.253247, 47.236822], [-140.233861, 47.234275], [-140.213918, 47.232948], [-140.191498, 47.231815], [-140.164065, 47.230786], [-140.142318, 47.230846], [-140.118875, 47.230349], [-140.091274, 47.230224], [-140.063538, 47.231445], [-140.042694, 47.232467], [-140.023604, 47.232996], [-140.007154, 47.233134], [-139.992154, 47.233272], [-139.975709, 47.233689], [-139.961503, 47.234202], [-139.94692, 47.23464], [-139.929377, 47.235664], [-139.909538, 47.237163], [-139.879393, 47.238895], [-139.86247, 47.239393], [-139.845552, 47.23995], [-139.826609, 47.241129], [-139.799914, 47.242256], [-139.774886, 47.244062], [-139.73995, 47.245467], [-139.715788, 47.246102], [-139.676667, 47.246667], [-139.651994, 47.247388], [-139.631942, 47.247316], [-139.615553, 47.246591], [-139.593631, 47.245567], [-139.565031, 47.245918], [-139.534632, 47.245633], [-139.510094, 47.246696], [-139.472572, 47.25111], [-139.441943, 47.254334], [-139.388368, 47.259563], [-139.352346, 47.261237], [-139.286113, 47.265908], [-139.272765, 47.267073], [-139.255933, 47.269486], [-139.239297, 47.270716], [-139.223196, 47.271194], [-139.206783, 47.271591], [-139.184348, 47.272386], [-139.161899, 47.272964], [-139.144483, 47.273614], [-139.122487, 47.274241], [-139.094392, 47.275233], [-139.076813, 47.276748], [-139.054313, 47.278736], [-139.03679, 47.281028], [-139.019286, 47.28268], [-138.994418, 47.285338], [-138.977925, 47.286886], [-138.958594, 47.287788], [-138.940354, 47.288883], [-138.920651, 47.290322], [-138.900524, 47.291139], [-138.881129, 47.292356], [-138.863308, 47.293816], [-138.845311, 47.295252], [-138.829476, 47.296185], [-138.813782, 47.296434], [-138.794326, 47.298807], [-138.776897, 47.301883], [-138.756588, 47.305023], [-138.737378, 47.306867], [-138.718308, 47.309173], [-138.695211, 47.311612], [-138.675936, 47.314494], [-138.650255, 47.318342], [-138.631919, 47.320774], [-138.61353, 47.323863], [-138.594808, 47.325707], [-138.573536, 47.327107], [-138.554521, 47.328133], [-138.534706, 47.329484], [-138.51655, 47.330316], [-138.492557, 47.330644], [-138.474639, 47.329809], [-138.456945, 47.329642], [-138.435646, 47.329766], [-138.415328, 47.329904], [-138.349968, 47.333827], [-138.320597, 47.335966], [-138.297724, 47.336841], [-138.276624, 47.337807], [-138.248602, 47.339257], [-138.230625, 47.339708], [-138.214371, 47.3402], [-138.196216, 47.340001], [-138.171047, 47.340936], [-138.146295, 47.341632], [-138.129926, 47.342262], [-138.108783, 47.342638], [-138.0699, 47.346263], [-138.052767, 47.346701], [-138.031219, 47.347241], [-138.00396, 47.349994], [-137.984139, 47.351668], [-137.961604, 47.354218], [-137.9396, 47.357645], [-137.922729, 47.359837], [-137.903957, 47.361879], [-137.88733, 47.364676], [-137.835638, 47.371943], [-137.819547, 47.373792], [-137.800152, 47.376488], [-137.772449, 47.380373], [-137.751804, 47.383281], [-137.733067, 47.386294], [-137.716214, 47.389315], [-137.697529, 47.393052], [-137.678561, 47.397246], [-137.513634, 47.449473], [-137.492795, 47.457528], [-137.477828, 47.463948], [-137.464592, 47.469402], [-137.44824, 47.476616], [-137.432813, 47.483567], [-137.415398, 47.492166], [-137.395371, 47.500518], [-137.379773, 47.507595], [-137.3619, 47.514918], [-137.346554, 47.521576], [-137.330458, 47.527948], [-137.316548, 47.533468], [-137.297129, 47.541064], [-137.274864, 47.549899], [-137.255583, 47.55733], [-137.238719, 47.563957], [-137.223865, 47.569914], [-137.210145, 47.575465], [-137.191505, 47.583313], [-137.170901, 47.59179], [-137.153337, 47.599166], [-137.138218, 47.604285], [-137.122343, 47.609652], [-137.1051, 47.616163], [-137.085454, 47.623513], [-137.067544, 47.629913], [-137.050958, 47.635538], [-137.027151, 47.644402], [-137.012004, 47.649843], [-136.987006, 47.658038], [-136.964564, 47.665158], [-136.941705, 47.672129], [-136.922637, 47.678495], [-136.901798, 47.686697], [-136.835552, 47.716637], [-136.819944, 47.724644], [-136.804381, 47.731551], [-136.788308, 47.738872], [-136.771095, 47.747483], [-136.752845, 47.756566], [-136.739623, 47.762735], [-136.727485, 47.76863], [-136.715706, 47.774208], [-136.70046, 47.781685], [-136.680199, 47.79243], [-136.664157, 47.801002], [-136.649448, 47.808553], [-136.628034, 47.818743], [-136.604128, 47.829477], [-136.589611, 47.836653], [-136.574731, 47.844148], [-136.556581, 47.852134], [-136.537584, 47.860372], [-136.517095, 47.869692], [-136.499628, 47.878046], [-136.486469, 47.885197], [-136.471358, 47.893238], [-136.446947, 47.905954], [-136.419954, 47.918845], [-136.396041, 47.928963], [-136.314889, 47.961838], [-136.293171, 47.970914], [-136.279204, 47.976029], [-136.257758, 47.984892], [-136.236762, 47.993519], [-136.219819, 48.0009], [-136.205455, 48.007321], [-136.192024, 48.013432], [-136.17447, 48.021383], [-136.154773, 48.030143], [-136.136874, 48.038044], [-136.121201, 48.044473], [-136.108113, 48.05012], [-136.090752, 48.057222], [-136.071085, 48.066362], [-136.050712, 48.074458], [-136.02892, 48.08317], [-136.014166, 48.089481], [-135.998473, 48.096003], [-135.982871, 48.102738], [-135.968594, 48.10873], [-135.949913, 48.116237], [-135.934823, 48.123011], [-135.923442, 48.127613], [-135.912473, 48.131032], [-135.900571, 48.129591], [-135.887497, 48.123874], [-135.880919, 48.116843], [-135.878796, 48.100104], [-135.877966, 48.091638], [-135.877202, 48.083736], [-135.876762, 48.074863], [-135.876263, 48.06675], [-135.875052, 48.058407], [-135.873868, 48.050547], [-135.873084, 48.041916], [-135.871891, 48.034482], [-135.822125, 47.996883], [-135.803262, 47.996516], [-135.782444, 47.994342], [-135.762532, 47.992706], [-135.737974, 47.994579], [-135.717662, 47.992521], [-135.697387, 47.989878], [-135.6722, 47.992188], [-135.652461, 47.99068], [-135.633527, 47.988588], [-135.608077, 47.985622], [-135.588611, 47.983799], [-135.567831, 47.980906], [-135.550011, 47.977011], [-135.527439, 47.96925], [-135.498221, 47.958343], [-135.4802, 47.948627], [-135.467587, 47.943984], [-135.443752, 47.935335], [-135.423341, 47.927289], [-135.398667, 47.920039], [-135.375243, 47.914618], [-135.353677, 47.908834], [-135.328286, 47.904539], [-135.300546, 47.901793], [-135.284233, 47.898137], [-135.27242, 47.893374], [-135.260095, 47.888522], [-135.248353, 47.884215], [-135.229197, 47.878221], [-135.202048, 47.869079], [-135.179472, 47.861745], [-135.167118, 47.854583], [-135.174496, 47.849737], [-135.155547, 47.857817], [-135.131095, 47.871698], [-135.106237, 47.88479], [-135.082807, 47.897483], [-135.057055, 47.90987], [-135.026378, 47.927982], [-135.004906, 47.937399], [-134.974814, 47.937559], [-134.949201, 47.94422], [-134.931329, 47.947788], [-134.929978, 47.938079], [-134.917153, 47.935792], [-134.903395, 47.937325], [-134.886413, 47.944762], [-134.867251, 47.953197], [-134.846528, 47.962383], [-134.8224, 47.967283], [-134.799352, 47.968289], [-134.773197, 47.963539], [-134.742043, 47.956465], [-134.715825, 47.952442], [-134.675701, 47.942197], [-134.652054, 47.938042], [-134.630652, 47.936296], [-134.600263, 47.930973], [-134.576199, 47.923734], [-134.556685, 47.916887], [-134.528217, 47.905353], [-134.507738, 47.896934], [-134.490358, 47.88996], [-134.475439, 47.884891], [-134.462529, 47.882832], [-134.452028, 47.880544], [-134.44171, 47.879052], [-134.4303, 47.877238], [-134.419985, 47.876119], [-134.406241, 47.874998], [-134.389112, 47.874271], [-134.37173, 47.878921], [-134.356539, 47.884876], [-134.338223, 47.895132], [-134.322852, 47.904828], [-134.307723, 47.915594], [-134.288094, 47.926924], [-134.26915, 47.936908], [-134.249673, 47.947669], [-134.231473, 47.961082], [-134.219765, 47.970902], [-134.174417, 47.964533], [-134.149096, 47.965354], [-134.120315, 47.969278], [-134.097596, 47.973848], [-134.075554, 47.979419], [-134.053043, 47.98643], [-134.032396, 47.991783], [-134.010373, 47.990229], [-133.990749, 47.993247], [-133.971605, 47.995693], [-133.951361, 48.000844], [-133.922819, 48.011036], [-133.897724, 48.019053], [-133.782886, 48.066122], [-133.764446, 48.067408], [-133.741977, 48.066658], [-133.714264, 48.063521], [-133.694479, 48.055779], [-133.667207, 48.055429], [-133.643527, 48.054217], [-133.588709, 48.054514], [-133.556378, 48.057641], [-133.525655, 48.061019], [-133.497642, 48.059898], [-133.479186, 48.053321], [-133.460777, 48.045362], [-133.446976, 48.036009], [-133.44091, 48.026237], [-133.430384, 48.01948], [-133.413315, 48.014015], [-133.392758, 48.004782], [-133.382172, 47.996154], [-133.382937, 47.995613], [-133.374406, 47.998725], [-133.360582, 48.006668], [-133.344847, 48.006829], [-133.324216, 48.001386], [-133.300568, 47.995124], [-133.283632, 47.982328], [-133.273176, 47.968634], [-133.261624, 47.958822], [-133.245375, 47.952262], [-133.225247, 47.949292], [-133.199818, 47.945857], [-133.182278, 47.942474], [-133.160821, 47.939817], [-133.139624, 47.937155], [-133.115974, 47.935933], [-133.091573, 47.935197], [-133.070147, 47.933842], [-133.053054, 47.932321], [-133.031194, 47.93004], [-132.918806, 47.923646], [-132.89685, 47.924849], [-132.869683, 47.925943], [-132.847652, 47.926383], [-132.824368, 47.928151], [-132.804892, 47.929254], [-132.776087, 47.928943], [-132.754063, 47.930354], [-132.727172, 47.931618], [-132.69949, 47.933011], [-132.674269, 47.933198], [-132.645501, 47.934824], [-132.621367, 47.9384], [-132.599824, 47.941588], [-132.574815, 47.944012], [-132.554731, 47.94965], [-132.535453, 47.955648], [-132.506278, 47.96466], [-132.487358, 47.970521], [-132.469677, 47.974142], [-132.441996, 47.972945], [-132.411085, 47.973252], [-132.385201, 47.973461], [-132.35352, 47.972872], [-132.328973, 47.972429], [-132.30464, 47.974282], [-132.276492, 47.976452], [-132.246253, 47.979271], [-132.217022, 47.978252], [-132.193027, 47.976232], [-131.929897, 48.000376], [-131.825208, 48.022323], [-131.796235, 48.029561], [-131.778872, 48.035704], [-131.75264, 48.045198], [-131.722244, 48.054566], [-131.694546, 48.062575], [-131.668108, 48.070131], [-131.639641, 48.077372], [-131.610306, 48.084371], [-131.588123, 48.089353], [-131.563091, 48.096777], [-131.541793, 48.105856], [-131.518392, 48.116219], [-131.493043, 48.130252], [-131.476653, 48.143788], [-131.467592, 48.164005], [-131.474744, 48.180301], [-131.483779, 48.194189], [-131.477979, 48.19973], [-131.453858, 48.193882], [-131.429324, 48.193209], [-131.409362, 48.194159], [-131.391732, 48.196807], [-131.37534, 48.200249], [-131.353635, 48.207941], [-131.337115, 48.217822], [-131.322423, 48.226126], [-131.300449, 48.234336], [-131.280012, 48.242134], [-131.258824, 48.249319], [-131.236014, 48.255977], [-131.216351, 48.262937], [-131.197147, 48.270056], [-131.175912, 48.278863], [-131.155069, 48.286964], [-131.139734, 48.293532], [-131.12198, 48.300889], [-131.113155, 48.311192], [-131.095368, 48.315352], [-131.059977, 48.322013], [-131.040664, 48.32586], [-131.021657, 48.330031], [-131.003599, 48.334152], [-130.979873, 48.339129], [-130.954262, 48.344287], [-130.935885, 48.347061], [-130.917516, 48.350314], [-130.893512, 48.355087], [-130.872473, 48.358746], [-130.8545, 48.361353], [-130.836581, 48.363638], [-130.81861, 48.36328], [-130.798439, 48.363924], [-130.780072, 48.364945], [-130.761339, 48.366079], [-130.740796, 48.367469], [-130.709983, 48.36881], [-130.668187, 48.365352], [-130.636142, 48.366265], [-130.608186, 48.366871], [-130.577256, 48.367245], [-130.550781, 48.366413], [-130.518232, 48.364545], [-130.492055, 48.363487], [-130.470633, 48.362058], [-130.442362, 48.360955], [-130.415093, 48.359508], [-130.389637, 48.359762], [-130.343505, 48.36235], [-130.312656, 48.364581], [-130.280618, 48.367295], [-130.248408, 48.371953], [-130.229473, 48.373385], [-130.166143, 48.374963], [-130.137083, 48.375796], [-130.108907, 48.37747], [-130.08354, 48.379053], [-130.060745, 48.378075], [-130.034524, 48.377507], [-130.007153, 48.377172], [-129.981947, 48.375825], [-129.944757, 48.373548], [-129.911137, 48.369247], [-129.886146, 48.367911], [-129.858422, 48.369106], [-129.831842, 48.369312], [-129.804983, 48.368798], [-129.779958, 48.368183], [-129.750552, 48.364953], [-129.726474, 48.361943], [-129.703213, 48.360582], [-129.679734, 48.360601], [-129.658539, 48.360955], [-129.630293, 48.35914], [-129.606914, 48.356972], [-129.581914, 48.356221], [-129.557301, 48.354907], [-129.534553, 48.353526], [-129.512245, 48.35198], [-129.492166, 48.347704], [-129.466, 48.345437], [-129.442846, 48.344321], [-129.42333, 48.342248], [-129.398066, 48.339791], [-129.378253, 48.342272], [-129.357569, 48.343579], [-129.335096, 48.344973], [-129.2542, 48.35459], [-129.230792, 48.35902], [-129.206068, 48.363276], [-129.186037, 48.36767], [-129.170182, 48.374588], [-129.15052, 48.378962], [-129.123613, 48.374291], [-129.097674, 48.368276], [-129.07228, 48.361583], [-129.046893, 48.355348], [-129.018119, 48.349455], [-128.995277, 48.34634], [-128.973613, 48.349731], [-128.948167, 48.357261], [-128.924718, 48.3659], [-128.900565, 48.37502], [-128.880864, 48.383903], [-128.831881, 48.411863], [-128.820084, 48.414533], [-128.797483, 48.417667], [-128.773668, 48.41974], [-128.74884, 48.420693], [-128.722958, 48.422328], [-128.690268, 48.424899], [-128.663697, 48.422998], [-128.640537, 48.42353], [-128.613797, 48.427918], [-128.592256, 48.431144], [-128.572003, 48.436511], [-128.551726, 48.443076], [-128.528111, 48.447761], [-128.506392, 48.448497], [-128.483637, 48.446988], [-128.458347, 48.442872], [-128.432175, 48.439091], [-128.408868, 48.435853], [-128.382347, 48.430959], [-128.362887, 48.427444], [-128.341066, 48.422945], [-128.316773, 48.421575], [-128.289522, 48.422835], [-128.267941, 48.423474], [-128.245635, 48.421744], [-128.22557, 48.42214], [-128.201763, 48.424362], [-128.180185, 48.426671], [-128.157033, 48.428984], [-128.135358, 48.433435], [-128.113387, 48.435996], [-128.094722, 48.436875], [-128.058513, 48.438412], [-128.036573, 48.43805], [-128.010232, 48.438118], [-127.948333, 48.441667], [-127.923517, 48.44566], [-127.890464, 48.448008], [-127.850964, 48.449368], [-127.819627, 48.449444], [-127.771438, 48.448558], [-127.731624, 48.44965], [-127.689412, 48.451402], [-127.657682, 48.452198], [-127.616857, 48.458323], [-127.582421, 48.464006], [-127.55245, 48.464763], [-127.514266, 48.463415], [-127.478188, 48.464663], [-127.454537, 48.469552], [-127.421706, 48.473026], [-127.388533, 48.477229], [-127.364917, 48.481619], [-127.288611, 48.501272], [-127.261497, 48.506362], [-127.233807, 48.504243], [-127.20525, 48.501325], [-127.174658, 48.49783], [-127.146073, 48.493823], [-127.119716, 48.492916], [-127.091363, 48.494947], [-127.060617, 48.496905], [-127.030744, 48.502433], [-126.996123, 48.507216], [-126.967847, 48.507976], [-126.933148, 48.50554], [-126.895746, 48.50482], [-126.87401, 48.502319], [-126.842727, 48.504605], [-126.817094, 48.509764], [-126.795449, 48.516806], [-126.770826, 48.526336], [-126.750913, 48.533317], [-126.6349, 48.553361], [-126.602362, 48.556944], [-126.572218, 48.559162], [-126.543901, 48.560936], [-126.516593, 48.560377], [-126.479248, 48.556586], [-126.453539, 48.554688], [-126.416451, 48.548433], [-126.387893, 48.546736], [-126.366552, 48.546867], [-126.335947, 48.547331], [-126.30804, 48.541418], [-126.268114, 48.529206], [-126.242217, 48.522253], [-126.20844, 48.513887], [-126.179908, 48.507063], [-126.149317, 48.502528], [-126.117306, 48.496439], [-126.08799, 48.485118], [-126.064621, 48.474488], [-126.043491, 48.462729], [-126.022056, 48.453266], [-125.997041, 48.443201], [-125.972072, 48.430839], [-125.957118, 48.417764], [-125.944893, 48.403773], [-125.864502, 48.417648], [-125.849186, 48.420603], [-125.830313, 48.418208], [-125.80982, 48.416092], [-125.781784, 48.4133], [-125.75286, 48.410913], [-125.721795, 48.407745], [-125.68885, 48.405133], [-125.66845, 48.406834], [-125.643359, 48.408536], [-125.617743, 48.411157], [-125.593497, 48.413587], [-125.572588, 48.416384], [-125.518837, 48.427827], [-125.485838, 48.431508], [-125.45493, 48.433399], [-125.410483, 48.434087], [-125.363133, 48.435058], [-125.310333, 48.43856], [-125.248498, 48.441967], [-125.188006, 48.44695], [-125.162962, 48.447694], [-125.117791, 48.450251], [-125.038562, 48.460193], [-125.004323, 48.465595], [-124.953496, 48.473882], [-124.920743, 48.46942], [-124.876115, 48.465278], [-124.840015, 48.465321], [-124.8093, 48.461595], [-124.785782, 48.456854], [-124.755048, 48.454803], [-124.713397, 48.451528], [-124.653397, 48.435225], [-124.61733, 48.422795], [-124.573268, 48.407349], [-124.522203, 48.387295], [-124.445657, 48.363003], [-124.186973, 48.28389], [-124.117806, 48.2653], [-124.069172, 48.254022], [-124.008363, 48.242142], [-123.976472, 48.230012], [-123.944603, 48.218477], [-123.910393, 48.210757], [-123.877616, 48.206883], [-123.842015, 48.20514], [-123.801108, 48.209287], [-123.758417, 48.21235], [-123.72742, 48.213406], [-123.693137, 48.208725], [-123.662034, 48.202686], [-123.637285, 48.205438], [-123.594067, 48.214158], [-123.571993, 48.236772], [-123.548223, 48.261393], [-123.529291, 48.28016], [-123.513868, 48.294356], [-123.496445, 48.312926], [-123.470133, 48.336588], [-123.450893, 48.35631], [-123.419972, 48.381791], [-123.399967, 48.401359], [-123.394216, 48.415643], [-123.38229, 48.423991], [-123.369525, 48.421376], [-123.369424, 48.421225], [-123.294625, 48.402918], [-123.289165, 49.282455], [-123.261453, 49.287736], [-123.225891, 49.291167]]}, "times": ["2020-07-23T07:20:45+00:00", "2020-07-23T08:20:45+00:00", "2020-07-23T09:21:15+00:00", "2020-07-23T10:21:15+00:00", "2020-07-23T11:21:30+00:00", "2020-07-23T12:16:31+00:00", "2020-07-23T12:22:24+00:00", "2020-07-23T12:28:02+00:00", "2020-07-23T12:34:16+00:00", "2020-07-23T12:41:05+00:00", "2020-07-23T12:47:19+00:00", "2020-07-23T12:54:20+00:00", "2020-07-23T13:01:21+00:00", "2020-07-23T13:08:07+00:00", "2020-07-23T13:16:13+00:00", "2020-07-23T13:22:44+00:00", "2020-07-23T13:28:48+00:00", "2020-07-23T13:36:37+00:00", "2020-07-23T13:42:26+00:00", "2020-07-23T13:47:52+00:00", "2020-07-23T13:53:32+00:00", "2020-07-23T13:59:34+00:00", "2020-07-23T14:05:29+00:00", "2020-07-23T14:31:45+00:00", "2020-07-23T14:44:42+00:00", "2020-07-23T14:51:37+00:00", "2020-07-23T14:58:23+00:00", "2020-07-23T15:05:05+00:00", "2020-07-23T15:11:37+00:00", "2020-07-23T15:17:47+00:00", "2020-07-23T15:24:27+00:00", "2020-07-23T15:31:13+00:00", "2020-07-23T15:37:35+00:00", "2020-07-23T15:45:21+00:00", "2020-07-23T15:50:15+00:00", "2020-07-23T15:54:28+00:00", "2020-07-23T15:59:06+00:00", "2020-07-23T16:03:43+00:00", "2020-07-23T16:08:24+00:00", "2020-07-23T16:13:33+00:00", "2020-07-23T16:18:24+00:00", "2020-07-23T16:23:21+00:00", "2020-07-23T16:28:16+00:00", "2020-07-23T16:33:10+00:00", "2020-07-23T16:38:59+00:00", "2020-07-23T16:44:26+00:00", "2020-07-23T16:49:09+00:00", "2020-07-23T16:54:08+00:00", "2020-07-23T16:59:05+00:00", "2020-07-23T17:04:21+00:00", "2020-07-23T17:09:08+00:00", "2020-07-23T17:14:19+00:00", "2020-07-23T17:19:08+00:00", "2020-07-23T17:52:00+00:00", "2020-07-23T18:28:16+00:00", "2020-07-23T18:33:35+00:00", "2020-07-23T18:38:45+00:00", "2020-07-23T18:44:26+00:00", "2020-07-23T18:50:37+00:00", "2020-07-23T18:55:20+00:00", "2020-07-23T19:00:59+00:00", "2020-07-23T19:05:52+00:00", "2020-07-23T19:10:50+00:00", "2020-07-23T19:16:29+00:00", "2020-07-23T19:23:08+00:00", "2020-07-23T19:29:59+00:00", "2020-07-23T19:35:47+00:00", "2020-07-23T19:40:57+00:00", "2020-07-23T19:47:05+00:00", "2020-07-23T19:52:53+00:00", "2020-07-23T19:59:30+00:00", "2020-07-23T20:05:50+00:00", "2020-07-23T20:11:08+00:00", "2020-07-23T20:17:37+00:00", "2020-07-23T20:24:24+00:00", "2020-07-23T20:29:58+00:00", "2020-07-23T20:35:48+00:00", "2020-07-23T20:42:25+00:00", "2020-07-23T20:47:23+00:00", "2020-07-23T20:52:39+00:00", "2020-07-23T20:57:04+00:00", "2020-07-23T21:03:21+00:00", "2020-07-23T21:09:08+00:00", "2020-07-23T21:14:53+00:00", "2020-07-23T21:20:45+00:00", "2020-07-23T21:27:02+00:00", "2020-07-23T21:32:36+00:00", "2020-07-23T21:38:24+00:00", "2020-07-23T21:44:57+00:00", "2020-07-23T21:50:53+00:00", "2020-07-23T22:42:30+00:00", "2020-07-23T23:06:53+00:00", "2020-07-23T23:12:51+00:00", "2020-07-23T23:19:04+00:00", "2020-07-23T23:24:50+00:00", "2020-07-23T23:30:10+00:00", "2020-07-23T23:35:34+00:00", "2020-07-23T23:41:00+00:00", "2020-07-23T23:45:24+00:00", "2020-07-23T23:51:18+00:00", "2020-07-23T23:56:27+00:00", "2020-07-24T00:01:27+00:00", "2020-07-24T00:06:45+00:00", "2020-07-24T00:11:20+00:00", "2020-07-24T00:16:23+00:00", "2020-07-24T00:21:26+00:00", "2020-07-24T00:26:39+00:00", "2020-07-24T00:31:55+00:00", "2020-07-24T00:37:15+00:00", "2020-07-24T00:43:23+00:00", "2020-07-24T00:49:58+00:00", "2020-07-24T00:56:38+00:00", "2020-07-24T01:02:49+00:00", "2020-07-24T01:08:31+00:00", "2020-07-24T01:14:36+00:00", "2020-07-24T01:20:16+00:00", "2020-07-24T01:25:54+00:00", "2020-07-24T01:32:20+00:00", "2020-07-24T01:38:15+00:00", "2020-07-24T01:45:15+00:00", "2020-07-24T01:53:17+00:00", "2020-07-24T02:01:00+00:00", "2020-07-24T02:07:08+00:00", "2020-07-24T02:12:06+00:00", "2020-07-24T02:16:56+00:00", "2020-07-24T02:22:28+00:00", "2020-07-24T02:27:52+00:00", "2020-07-24T02:33:06+00:00", "2020-07-24T02:38:10+00:00", "2020-07-24T02:43:15+00:00", "2020-07-24T03:25:13+00:00", "2020-07-24T03:30:10+00:00", "2020-07-24T03:35:27+00:00", "2020-07-24T03:40:23+00:00", "2020-07-24T03:44:48+00:00", "2020-07-24T03:49:19+00:00", "2020-07-24T03:53:46+00:00", "2020-07-24T03:58:35+00:00", "2020-07-24T04:02:41+00:00", "2020-07-24T04:07:03+00:00", "2020-07-24T04:12:05+00:00", "2020-07-24T04:16:13+00:00", "2020-07-24T04:20:53+00:00", "2020-07-24T04:25:24+00:00", "2020-07-24T04:29:28+00:00", "2020-07-24T04:35:12+00:00", "2020-07-24T04:40:49+00:00", "2020-07-24T04:45:51+00:00", "2020-07-24T04:50:38+00:00", "2020-07-24T04:55:18+00:00", "2020-07-24T05:00:18+00:00", "2020-07-24T05:04:28+00:00", "2020-07-24T05:09:09+00:00", "2020-07-24T05:13:30+00:00", "2020-07-24T05:18:24+00:00", "2020-07-24T05:23:44+00:00", "2020-07-24T05:28:01+00:00", "2020-07-24T05:33:02+00:00", "2020-07-24T05:37:32+00:00", "2020-07-24T05:43:08+00:00", "2020-07-24T05:47:54+00:00", "2020-07-24T05:53:00+00:00", "2020-07-24T05:58:48+00:00", "2020-07-24T06:03:45+00:00", "2020-07-24T06:09:02+00:00", "2020-07-24T06:14:16+00:00", "2020-07-24T06:19:04+00:00", "2020-07-24T06:23:45+00:00", "2020-07-24T06:29:38+00:00", "2020-07-24T06:34:40+00:00", "2020-07-24T06:39:40+00:00", "2020-07-24T06:44:21+00:00", "2020-07-24T06:48:19+00:00", "2020-07-24T06:52:25+00:00", "2020-07-24T06:56:49+00:00", "2020-07-24T07:00:46+00:00", "2020-07-24T07:05:45+00:00", "2020-07-24T07:10:19+00:00", "2020-07-24T07:15:53+00:00", "2020-07-24T07:20:53+00:00", "2020-07-24T07:27:11+00:00", "2020-07-24T07:33:06+00:00", "2020-07-24T07:38:50+00:00", "2020-07-24T07:43:36+00:00", "2020-07-24T07:49:24+00:00", "2020-07-24T07:54:20+00:00", "2020-07-24T07:59:47+00:00", "2020-07-24T08:06:01+00:00", "2020-07-24T08:12:01+00:00", "2020-07-24T08:17:27+00:00", "2020-07-24T08:22:18+00:00", "2020-07-24T08:27:07+00:00", "2020-07-24T08:32:43+00:00", "2020-07-24T08:38:43+00:00", "2020-07-24T08:44:39+00:00", "2020-07-24T08:49:53+00:00", "2020-07-24T08:56:00+00:00", "2020-07-24T09:01:21+00:00", "2020-07-24T09:07:54+00:00", "2020-07-24T09:13:34+00:00", "2020-07-24T09:19:05+00:00", "2020-07-24T09:24:38+00:00", "2020-07-24T09:30:23+00:00", "2020-07-24T09:35:19+00:00", "2020-07-24T09:40:44+00:00", "2020-07-24T09:45:50+00:00", "2020-07-24T09:50:50+00:00", "2020-07-24T09:57:27+00:00", "2020-07-24T10:02:27+00:00", "2020-07-24T10:08:41+00:00", "2020-07-24T10:15:09+00:00", "2020-07-24T10:21:50+00:00", "2020-07-24T10:28:02+00:00", "2020-07-24T10:34:18+00:00", "2020-07-24T10:40:36+00:00", "2020-07-24T10:46:15+00:00", "2020-07-24T10:52:59+00:00", "2020-07-24T11:00:08+00:00", "2020-07-24T11:07:34+00:00", "2020-07-24T11:13:44+00:00", "2020-07-24T11:21:26+00:00", "2020-07-24T11:26:33+00:00", "2020-07-24T11:32:16+00:00", "2020-07-24T11:38:29+00:00", "2020-07-24T11:43:31+00:00", "2020-07-24T11:49:33+00:00", "2020-07-24T11:54:25+00:00", "2020-07-24T12:47:00+00:00", "2020-07-24T13:47:00+00:00", "2020-07-24T14:22:19+00:00", "2020-07-24T14:27:17+00:00", "2020-07-24T14:32:53+00:00", "2020-07-24T14:38:10+00:00", "2020-07-24T14:44:00+00:00", "2020-07-24T14:50:00+00:00", "2020-07-24T15:27:00+00:00", "2020-07-24T15:47:35+00:00", "2020-07-24T15:53:15+00:00", "2020-07-24T15:58:19+00:00", "2020-07-24T16:03:43+00:00", "2020-07-24T16:10:46+00:00", "2020-07-24T16:17:15+00:00", "2020-07-24T16:23:06+00:00", "2020-07-24T16:29:00+00:00", "2020-07-24T16:34:18+00:00", "2020-07-24T16:39:05+00:00", "2020-07-24T16:44:56+00:00", "2020-07-24T16:50:19+00:00", "2020-07-24T16:56:15+00:00", "2020-07-24T17:02:07+00:00", "2020-07-24T17:07:23+00:00", "2020-07-24T17:11:51+00:00", "2020-07-24T17:17:23+00:00", "2020-07-24T17:22:23+00:00", "2020-07-24T17:27:29+00:00", "2020-07-24T17:32:59+00:00", "2020-07-24T17:37:41+00:00", "2020-07-24T17:42:43+00:00", "2020-07-24T17:48:07+00:00", "2020-07-24T17:53:33+00:00", "2020-07-24T17:57:59+00:00", "2020-07-24T18:02:58+00:00", "2020-07-24T18:07:44+00:00", "2020-07-24T18:13:04+00:00", "2020-07-24T18:18:04+00:00", "2020-07-24T18:23:30+00:00", "2020-07-24T18:30:31+00:00", "2020-07-24T18:35:24+00:00", "2020-07-24T18:40:04+00:00", "2020-07-24T18:44:38+00:00", "2020-07-24T18:49:40+00:00", "2020-07-24T18:54:14+00:00", "2020-07-24T18:58:45+00:00", "2020-07-24T19:03:33+00:00", "2020-07-24T19:08:35+00:00", "2020-07-24T19:13:41+00:00", "2020-07-24T19:19:17+00:00", "2020-07-24T19:24:03+00:00", "2020-07-24T19:28:57+00:00", "2020-07-24T19:34:43+00:00", "2020-07-24T19:40:28+00:00", "2020-07-24T19:46:43+00:00", "2020-07-24T19:53:10+00:00", "2020-07-24T20:00:03+00:00", "2020-07-24T20:05:36+00:00", "2020-07-24T20:18:00+00:00", "2020-07-24T21:18:15+00:00", "2020-07-24T21:42:23+00:00", "2020-07-24T21:48:49+00:00", "2020-07-24T21:54:59+00:00", "2020-07-24T22:00:26+00:00", "2020-07-24T22:06:25+00:00", "2020-07-24T22:12:26+00:00", "2020-07-24T22:18:12+00:00", "2020-07-24T22:24:35+00:00", "2020-07-24T22:30:20+00:00", "2020-07-24T22:37:05+00:00", "2020-07-24T22:42:31+00:00", "2020-07-24T22:48:31+00:00", "2020-07-24T22:54:05+00:00", "2020-07-24T23:00:16+00:00", "2020-07-24T23:06:00+00:00", "2020-07-24T23:11:26+00:00", "2020-07-24T23:17:56+00:00", "2020-07-24T23:24:01+00:00", "2020-07-24T23:30:33+00:00", "2020-07-24T23:36:48+00:00", "2020-07-24T23:43:33+00:00", "2020-07-24T23:49:57+00:00", "2020-07-24T23:57:12+00:00", "2020-07-25T00:03:41+00:00", "2020-07-25T00:09:35+00:00", "2020-07-25T00:16:21+00:00", "2020-07-25T00:22:03+00:00", "2020-07-25T00:27:41+00:00", "2020-07-25T00:33:52+00:00", "2020-07-25T00:39:21+00:00", "2020-07-25T00:44:56+00:00", "2020-07-25T00:50:02+00:00", "2020-07-25T00:55:14+00:00", "2020-07-25T00:59:53+00:00", "2020-07-25T01:05:29+00:00", "2020-07-25T01:11:01+00:00", "2020-07-25T01:51:47+00:00", "2020-07-25T01:57:56+00:00", "2020-07-25T02:03:14+00:00", "2020-07-25T02:09:34+00:00", "2020-07-25T02:14:59+00:00", "2020-07-25T02:20:12+00:00", "2020-07-25T02:25:18+00:00", "2020-07-25T02:31:08+00:00", "2020-07-25T02:37:23+00:00", "2020-07-25T02:43:00+00:00", "2020-07-25T02:48:23+00:00", "2020-07-25T02:53:59+00:00", "2020-07-25T02:59:31+00:00", "2020-07-25T03:05:15+00:00", "2020-07-25T03:11:22+00:00", "2020-07-25T04:09:00+00:00", "2020-07-25T05:09:15+00:00", "2020-07-25T06:09:15+00:00", "2020-07-25T06:25:43+00:00", "2020-07-25T06:31:26+00:00", "2020-07-25T06:37:17+00:00", "2020-07-25T06:43:03+00:00", "2020-07-25T06:48:29+00:00", "2020-07-25T06:53:36+00:00", "2020-07-25T06:59:04+00:00", "2020-07-25T07:04:26+00:00", "2020-07-25T07:10:32+00:00", "2020-07-25T07:16:27+00:00", "2020-07-25T07:21:58+00:00", "2020-07-25T07:27:25+00:00", "2020-07-25T07:32:35+00:00", "2020-07-25T07:38:30+00:00", "2020-07-25T07:43:33+00:00", "2020-07-25T07:48:41+00:00", "2020-07-25T07:54:45+00:00", "2020-07-25T08:00:31+00:00", "2020-07-25T08:06:46+00:00", "2020-07-25T08:12:29+00:00", "2020-07-25T08:18:51+00:00", "2020-07-25T08:25:01+00:00", "2020-07-25T08:32:06+00:00", "2020-07-25T08:39:15+00:00", "2020-07-25T08:44:57+00:00", "2020-07-25T08:50:28+00:00", "2020-07-25T08:56:52+00:00", "2020-07-25T09:03:15+00:00", "2020-07-25T09:09:45+00:00", "2020-07-25T09:15:50+00:00", "2020-07-25T09:22:14+00:00", "2020-07-25T09:28:03+00:00", "2020-07-25T09:33:03+00:00", "2020-07-25T09:39:02+00:00", "2020-07-25T09:44:04+00:00", "2020-07-25T09:49:42+00:00", "2020-07-25T09:55:00+00:00", "2020-07-25T09:59:44+00:00", "2020-07-25T10:05:11+00:00", "2020-07-25T10:10:38+00:00", "2020-07-25T10:16:04+00:00", "2020-07-25T10:20:47+00:00", "2020-07-25T10:25:32+00:00", "2020-07-25T10:31:22+00:00", "2020-07-25T10:35:47+00:00", "2020-07-25T10:41:20+00:00", "2020-07-25T10:46:18+00:00", "2020-07-25T10:51:32+00:00", "2020-07-25T10:56:06+00:00", "2020-07-25T11:00:47+00:00", "2020-07-25T11:05:46+00:00", "2020-07-25T11:10:03+00:00", "2020-07-25T11:14:49+00:00", "2020-07-25T11:19:55+00:00", "2020-07-25T11:24:11+00:00", "2020-07-25T11:29:33+00:00", "2020-07-25T11:34:37+00:00", "2020-07-25T11:39:29+00:00", "2020-07-25T11:44:09+00:00", "2020-07-25T11:49:01+00:00", "2020-07-25T11:54:29+00:00", "2020-07-25T11:59:11+00:00", "2020-07-25T12:03:33+00:00", "2020-07-25T12:07:46+00:00", "2020-07-25T12:12:24+00:00", "2020-07-25T12:17:12+00:00", "2020-07-25T12:29:30+00:00", "2020-07-25T13:29:45+00:00", "2020-07-25T13:54:54+00:00", "2020-07-25T14:01:33+00:00", "2020-07-25T14:06:43+00:00", "2020-07-25T14:12:21+00:00", "2020-07-25T14:17:05+00:00", "2020-07-25T14:22:55+00:00", "2020-07-25T14:28:51+00:00", "2020-07-25T14:35:02+00:00", "2020-07-25T14:41:37+00:00", "2020-07-25T14:47:31+00:00", "2020-07-25T14:52:47+00:00", "2020-07-25T14:59:06+00:00", "2020-07-25T15:05:24+00:00", "2020-07-25T15:10:56+00:00", "2020-07-25T15:17:19+00:00", "2020-07-25T15:22:31+00:00", "2020-07-25T15:27:23+00:00", "2020-07-25T15:32:05+00:00", "2020-07-25T15:37:20+00:00", "2020-07-25T15:41:38+00:00", "2020-07-25T15:46:11+00:00", "2020-07-25T15:50:44+00:00", "2020-07-25T15:55:27+00:00", "2020-07-25T16:00:17+00:00", "2020-07-25T16:04:50+00:00", "2020-07-25T16:20:00+00:00", "2020-07-25T17:20:30+00:00", "2020-07-25T17:47:43+00:00", "2020-07-25T17:53:13+00:00", "2020-07-25T17:59:54+00:00", "2020-07-25T18:05:23+00:00", "2020-07-25T18:10:32+00:00", "2020-07-25T18:14:06+00:00", "2020-07-25T18:18:52+00:00", "2020-07-25T18:23:22+00:00", "2020-07-25T18:27:35+00:00", "2020-07-25T18:33:49+00:00", "2020-07-25T18:39:01+00:00", "2020-07-25T18:43:35+00:00", "2020-07-25T18:48:30+00:00", "2020-07-25T18:52:32+00:00", "2020-07-25T18:57:08+00:00", "2020-07-25T19:02:09+00:00", "2020-07-25T19:06:44+00:00", "2020-07-25T19:11:42+00:00", "2020-07-25T19:16:07+00:00", "2020-07-25T19:21:41+00:00", "2020-07-25T19:25:37+00:00", "2020-07-25T19:30:43+00:00", "2020-07-25T19:35:53+00:00", "2020-07-25T19:41:24+00:00", "2020-07-25T19:46:52+00:00", "2020-07-25T19:51:33+00:00", "2020-07-25T19:56:31+00:00", "2020-07-25T20:01:39+00:00", "2020-07-25T20:06:26+00:00", "2020-07-25T20:10:55+00:00", "2020-07-25T20:15:35+00:00", "2020-07-25T20:20:36+00:00", "2020-07-25T20:25:36+00:00", "2020-07-25T20:30:40+00:00", "2020-07-25T20:35:23+00:00", "2020-07-25T20:39:54+00:00", "2020-07-25T20:45:26+00:00", "2020-07-25T20:50:45+00:00", "2020-07-25T21:11:00+00:00", "2020-07-25T22:11:00+00:00", "2020-07-25T23:11:00+00:00", "2020-07-26T00:11:15+00:00", "2020-07-26T01:11:30+00:00", "2020-07-26T02:11:30+00:00", "2020-07-26T03:11:30+00:00", "2020-07-26T03:44:42+00:00", "2020-07-26T03:50:18+00:00", "2020-07-26T03:56:17+00:00", "2020-07-26T04:01:56+00:00", "2020-07-26T04:07:50+00:00", "2020-07-26T04:13:32+00:00", "2020-07-26T04:19:11+00:00", "2020-07-26T04:23:48+00:00", "2020-07-26T04:29:14+00:00", "2020-07-26T04:34:55+00:00", "2020-07-26T04:39:49+00:00", "2020-07-26T04:45:06+00:00", "2020-07-26T04:50:41+00:00", "2020-07-26T04:56:27+00:00", "2020-07-26T05:01:43+00:00", "2020-07-26T05:07:19+00:00", "2020-07-26T05:12:55+00:00", "2020-07-26T06:02:00+00:00", "2020-07-26T07:02:15+00:00", "2020-07-26T08:02:15+00:00", "2020-07-26T09:02:15+00:00", "2020-07-26T10:02:30+00:00", "2020-07-26T11:03:00+00:00", "2020-07-26T12:03:00+00:00", "2020-07-26T12:43:37+00:00", "2020-07-26T12:49:00+00:00", "2020-07-26T12:55:58+00:00", "2020-07-26T13:02:06+00:00", "2020-07-26T13:08:19+00:00", "2020-07-26T13:15:09+00:00", "2020-07-26T13:21:40+00:00", "2020-07-26T13:27:54+00:00", "2020-07-26T13:33:14+00:00", "2020-07-26T13:40:07+00:00", "2020-07-26T13:46:11+00:00", "2020-07-26T13:51:43+00:00", "2020-07-26T13:57:39+00:00", "2020-07-26T14:03:36+00:00", "2020-07-26T14:08:58+00:00", "2020-07-26T14:14:10+00:00", "2020-07-26T14:19:26+00:00", "2020-07-26T14:25:15+00:00", "2020-07-26T14:31:11+00:00", "2020-07-26T14:37:01+00:00", "2020-07-26T14:43:25+00:00", "2020-07-26T14:48:55+00:00", "2020-07-26T14:55:13+00:00", "2020-07-26T15:01:26+00:00", "2020-07-26T15:07:29+00:00", "2020-07-26T15:27:34+00:00", "2020-07-26T15:33:46+00:00", "2020-07-26T15:39:59+00:00", "2020-07-26T15:45:55+00:00", "2020-07-26T15:52:02+00:00", "2020-07-26T15:57:32+00:00", "2020-07-26T16:03:33+00:00", "2020-07-26T16:08:43+00:00", "2020-07-26T16:14:31+00:00", "2020-07-26T16:21:26+00:00", "2020-07-26T16:27:34+00:00", "2020-07-26T16:33:20+00:00", "2020-07-26T16:39:25+00:00", "2020-07-26T16:46:32+00:00", "2020-07-26T16:53:36+00:00", "2020-07-26T16:59:35+00:00", "2020-07-26T17:06:33+00:00", "2020-07-26T17:12:38+00:00", "2020-07-26T17:18:10+00:00", "2020-07-26T17:23:28+00:00", "2020-07-26T17:29:56+00:00", "2020-07-26T17:56:18+00:00", "2020-07-26T18:02:44+00:00", "2020-07-26T18:08:36+00:00", "2020-07-26T18:30:35+00:00", "2020-07-26T18:36:56+00:00", "2020-07-26T18:43:02+00:00", "2020-07-26T18:48:02+00:00", "2020-07-26T18:54:00+00:00", "2020-07-26T19:00:31+00:00", "2020-07-26T19:06:38+00:00", "2020-07-26T19:12:58+00:00", "2020-07-26T19:20:13+00:00", "2020-07-26T19:26:24+00:00", "2020-07-26T19:32:39+00:00", "2020-07-26T19:38:56+00:00", "2020-07-26T19:45:31+00:00", "2020-07-26T19:52:34+00:00", "2020-07-26T19:58:04+00:00", "2020-07-26T20:03:28+00:00", "2020-07-26T20:09:31+00:00", "2020-07-26T20:15:53+00:00", "2020-07-26T20:22:00+00:00", "2020-07-26T20:28:38+00:00", "2020-07-26T20:35:25+00:00", "2020-07-26T20:41:15+00:00", "2020-07-26T20:47:38+00:00", "2020-07-26T20:53:49+00:00", "2020-07-26T20:59:42+00:00", "2020-07-26T21:05:26+00:00", "2020-07-26T21:11:20+00:00", "2020-07-26T21:17:01+00:00", "2020-07-26T21:22:50+00:00", "2020-07-26T21:28:34+00:00", "2020-07-26T21:34:36+00:00", "2020-07-26T21:41:01+00:00", "2020-07-26T21:48:12+00:00", "2020-07-26T21:55:16+00:00", "2020-07-26T22:01:51+00:00", "2020-07-26T22:08:48+00:00", "2020-07-26T22:15:28+00:00", "2020-07-26T22:21:55+00:00", "2020-07-26T22:29:00+00:00", "2020-07-26T22:36:31+00:00", "2020-07-26T22:42:54+00:00", "2020-07-26T22:48:06+00:00", "2020-07-26T22:52:57+00:00", "2020-07-26T22:58:20+00:00", "2020-07-26T23:03:23+00:00", "2020-07-26T23:52:56+00:00", "2020-07-26T23:58:01+00:00", "2020-07-27T00:02:49+00:00", "2020-07-27T00:07:54+00:00", "2020-07-27T00:13:15+00:00", "2020-07-27T00:18:03+00:00", "2020-07-27T00:23:15+00:00", "2020-07-27T00:28:25+00:00", "2020-07-27T00:33:56+00:00", "2020-07-27T00:38:26+00:00", "2020-07-27T00:43:26+00:00", "2020-07-27T00:48:47+00:00", "2020-07-27T00:53:58+00:00", "2020-07-27T00:58:33+00:00", "2020-07-27T01:04:00+00:00", "2020-07-27T01:09:57+00:00", "2020-07-27T01:53:30+00:00", "2020-07-27T02:54:00+00:00", "2020-07-27T03:54:15+00:00", "2020-07-27T04:54:15+00:00", "2020-07-27T05:21:38+00:00", "2020-07-27T05:27:03+00:00", "2020-07-27T05:33:35+00:00", "2020-07-27T05:39:15+00:00", "2020-07-27T05:45:32+00:00", "2020-07-27T05:52:10+00:00", "2020-07-27T05:58:14+00:00", "2020-07-27T06:04:43+00:00", "2020-07-27T06:11:12+00:00", "2020-07-27T06:18:12+00:00", "2020-07-27T06:25:14+00:00", "2020-07-27T06:32:18+00:00", "2020-07-27T06:39:13+00:00", "2020-07-27T06:45:29+00:00", "2020-07-27T06:51:41+00:00", "2020-07-27T06:57:35+00:00", "2020-07-27T07:03:16+00:00", "2020-07-27T07:09:58+00:00", "2020-07-27T07:16:07+00:00", "2020-07-27T07:22:44+00:00", "2020-07-27T07:28:38+00:00", "2020-07-27T07:34:31+00:00", "2020-07-27T07:40:49+00:00", "2020-07-27T07:47:02+00:00", "2020-07-27T07:53:42+00:00", "2020-07-27T08:00:41+00:00", "2020-07-27T08:06:58+00:00", "2020-07-27T08:13:27+00:00", "2020-07-27T08:19:32+00:00", "2020-07-27T08:26:27+00:00", "2020-07-27T08:33:50+00:00", "2020-07-27T08:40:41+00:00", "2020-07-27T08:47:25+00:00", "2020-07-27T08:55:17+00:00", "2020-07-27T09:02:14+00:00", "2020-07-27T09:08:24+00:00", "2020-07-27T09:15:35+00:00", "2020-07-27T09:22:28+00:00", "2020-07-27T09:29:51+00:00", "2020-07-27T09:37:08+00:00", "2020-07-27T09:44:15+00:00", "2020-07-27T09:51:36+00:00", "2020-07-27T09:58:47+00:00", "2020-07-27T10:05:27+00:00", "2020-07-27T10:11:40+00:00", "2020-07-27T10:18:20+00:00", "2020-07-27T10:24:42+00:00", "2020-07-27T10:32:02+00:00", "2020-07-27T10:38:45+00:00", "2020-07-27T10:45:10+00:00", "2020-07-27T10:52:22+00:00", "2020-07-27T10:58:44+00:00", "2020-07-27T11:05:31+00:00", "2020-07-27T11:12:52+00:00", "2020-07-27T11:19:49+00:00", "2020-07-27T11:27:09+00:00", "2020-07-27T11:33:32+00:00", "2020-07-27T11:40:53+00:00", "2020-07-27T11:47:30+00:00", "2020-07-27T11:55:03+00:00", "2020-07-27T12:02:24+00:00", "2020-07-27T12:09:36+00:00", "2020-07-27T12:14:30+00:00", "2020-07-27T12:20:32+00:00", "2020-07-27T12:25:37+00:00", "2020-07-27T12:31:21+00:00", "2020-07-27T12:36:22+00:00", "2020-07-27T12:42:31+00:00", "2020-07-27T12:47:56+00:00", "2020-07-27T13:24:45+00:00", "2020-07-27T14:24:45+00:00", "2020-07-27T15:24:45+00:00", "2020-07-27T15:32:39+00:00", "2020-07-27T15:38:39+00:00", "2020-07-27T15:48:38+00:00", "2020-07-27T15:53:35+00:00", "2020-07-27T15:59:04+00:00", "2020-07-27T16:05:04+00:00", "2020-07-27T16:09:52+00:00", "2020-07-27T16:16:31+00:00", "2020-07-27T16:22:05+00:00", "2020-07-27T16:28:19+00:00", "2020-07-27T16:34:20+00:00", "2020-07-27T16:39:44+00:00", "2020-07-27T16:46:32+00:00", "2020-07-27T16:52:28+00:00", "2020-07-27T16:57:49+00:00", "2020-07-27T17:04:13+00:00", "2020-07-27T17:10:22+00:00", "2020-07-27T18:03:06+00:00", "2020-07-27T18:09:37+00:00", "2020-07-27T18:15:53+00:00", "2020-07-27T18:22:55+00:00", "2020-07-27T18:29:45+00:00", "2020-07-27T18:35:46+00:00", "2020-07-27T18:43:07+00:00", "2020-07-27T18:50:44+00:00", "2020-07-27T18:58:05+00:00", "2020-07-27T19:04:54+00:00", "2020-07-27T19:11:55+00:00", "2020-07-27T19:18:55+00:00", "2020-07-27T19:25:12+00:00", "2020-07-27T19:33:28+00:00", "2020-07-27T19:39:40+00:00", "2020-07-27T19:47:09+00:00", "2020-07-27T19:54:24+00:00", "2020-07-27T20:00:43+00:00", "2020-07-27T20:07:09+00:00", "2020-07-27T20:14:16+00:00", "2020-07-27T20:21:03+00:00", "2020-07-27T20:28:08+00:00", "2020-07-27T20:35:03+00:00", "2020-07-27T20:43:19+00:00", "2020-07-27T20:50:40+00:00", "2020-07-27T20:58:17+00:00", "2020-07-27T21:05:30+00:00", "2020-07-27T21:12:13+00:00", "2020-07-27T21:20:00+00:00", "2020-07-27T21:26:20+00:00", "2020-07-27T21:32:53+00:00", "2020-07-27T21:38:23+00:00", "2020-07-27T21:46:16+00:00", "2020-07-27T21:52:09+00:00", "2020-07-27T21:58:26+00:00", "2020-07-27T22:03:28+00:00", "2020-07-27T22:09:40+00:00", "2020-07-27T22:14:36+00:00", "2020-07-27T22:20:06+00:00", "2020-07-27T22:46:58+00:00", "2020-07-27T22:53:47+00:00", "2020-07-27T22:59:52+00:00", "2020-07-27T23:04:54+00:00", "2020-07-27T23:10:38+00:00", "2020-07-27T23:17:13+00:00", "2020-07-27T23:24:26+00:00", "2020-07-27T23:45:30+00:00", "2020-07-28T00:06:23+00:00", "2020-07-28T00:12:46+00:00", "2020-07-28T00:20:05+00:00", "2020-07-28T00:27:26+00:00", "2020-07-28T00:36:12+00:00", "2020-07-28T00:43:39+00:00", "2020-07-28T00:52:10+00:00", "2020-07-28T00:59:13+00:00", "2020-07-28T01:06:30+00:00", "2020-07-28T01:14:57+00:00", "2020-07-28T01:22:13+00:00", "2020-07-28T01:28:55+00:00", "2020-07-28T01:36:26+00:00", "2020-07-28T01:42:39+00:00", "2020-07-28T01:49:18+00:00", "2020-07-28T01:56:37+00:00", "2020-07-28T02:04:28+00:00", "2020-07-28T02:45:45+00:00", "2020-07-28T03:28:42+00:00", "2020-07-28T03:33:13+00:00", "2020-07-28T03:39:16+00:00", "2020-07-28T03:45:10+00:00", "2020-07-28T03:51:27+00:00", "2020-07-28T03:58:15+00:00", "2020-07-28T04:04:28+00:00", "2020-07-28T04:08:54+00:00", "2020-07-28T04:14:31+00:00", "2020-07-28T04:20:31+00:00", "2020-07-28T04:26:33+00:00", "2020-07-28T04:32:42+00:00", "2020-07-28T04:39:29+00:00", "2020-07-28T04:45:05+00:00", "2020-07-28T04:52:40+00:00", "2020-07-28T04:58:37+00:00", "2020-07-28T05:06:10+00:00", "2020-07-28T05:13:23+00:00", "2020-07-28T05:22:22+00:00", "2020-07-28T05:29:35+00:00", "2020-07-28T05:36:40+00:00", "2020-07-28T05:45:56+00:00", "2020-07-28T05:53:13+00:00", "2020-07-28T06:00:08+00:00", "2020-07-28T06:06:32+00:00", "2020-07-28T06:13:37+00:00", "2020-07-28T06:19:08+00:00", "2020-07-28T06:25:22+00:00", "2020-07-28T06:31:23+00:00", "2020-07-28T06:37:53+00:00", "2020-07-28T06:43:52+00:00", "2020-07-28T06:49:28+00:00", "2020-07-28T06:55:06+00:00", "2020-07-28T07:01:43+00:00", "2020-07-28T07:07:48+00:00", "2020-07-28T07:13:56+00:00", "2020-07-28T07:19:46+00:00", "2020-07-28T07:26:27+00:00", "2020-07-28T07:33:52+00:00", "2020-07-28T07:39:47+00:00", "2020-07-28T07:46:09+00:00", "2020-07-28T07:53:34+00:00", "2020-07-28T07:58:39+00:00", "2020-07-28T08:06:30+00:00", "2020-07-28T08:14:11+00:00", "2020-07-28T08:20:32+00:00", "2020-07-28T08:27:28+00:00", "2020-07-28T08:34:44+00:00", "2020-07-28T08:43:19+00:00", "2020-07-28T08:51:58+00:00", "2020-07-28T09:00:00+00:00", "2020-07-28T09:07:19+00:00", "2020-07-28T09:15:26+00:00", "2020-07-28T09:24:44+00:00", "2020-07-28T09:32:17+00:00", "2020-07-28T09:40:31+00:00", "2020-07-28T09:49:10+00:00", "2020-07-28T09:58:06+00:00", "2020-07-28T10:07:20+00:00", "2020-07-28T10:15:47+00:00", "2020-07-28T10:23:22+00:00", "2020-07-28T10:30:23+00:00", "2020-07-28T10:38:22+00:00", "2020-07-28T10:46:12+00:00", "2020-07-28T10:55:01+00:00", "2020-07-28T11:01:36+00:00", "2020-07-28T11:09:25+00:00", "2020-07-28T11:26:15+00:00", "2020-07-28T12:32:00+00:00", "2020-07-28T12:38:41+00:00", "2020-07-28T12:45:54+00:00", "2020-07-28T12:52:16+00:00", "2020-07-28T12:58:09+00:00", "2020-07-28T13:05:09+00:00", "2020-07-28T13:12:26+00:00", "2020-07-28T13:19:52+00:00", "2020-07-28T13:25:52+00:00", "2020-07-28T13:32:22+00:00", "2020-07-28T13:39:31+00:00", "2020-07-28T13:47:02+00:00", "2020-07-28T13:55:00+00:00", "2020-07-28T14:12:00+00:00", "2020-07-28T15:12:00+00:00", "2020-07-28T15:21:35+00:00", "2020-07-28T15:29:10+00:00", "2020-07-28T15:36:35+00:00", "2020-07-28T15:45:57+00:00", "2020-07-28T15:54:31+00:00", "2020-07-28T16:02:24+00:00", "2020-07-28T16:10:49+00:00", "2020-07-28T16:19:44+00:00", "2020-07-28T16:27:53+00:00", "2020-07-28T16:35:58+00:00", "2020-07-28T16:44:53+00:00", "2020-07-28T16:53:43+00:00", "2020-07-28T17:01:52+00:00", "2020-07-28T17:11:04+00:00", "2020-07-28T17:19:00+00:00", "2020-07-28T17:26:59+00:00", "2020-07-28T17:34:36+00:00", "2020-07-28T17:42:22+00:00", "2020-07-28T17:52:30+00:00", "2020-07-28T18:01:41+00:00", "2020-07-28T18:08:20+00:00", "2020-07-28T18:17:26+00:00", "2020-07-28T18:25:42+00:00", "2020-07-28T18:33:44+00:00", "2020-07-28T18:42:15+00:00", "2020-07-28T19:02:15+00:00", "2020-07-28T19:20:28+00:00", "2020-07-28T19:29:04+00:00", "2020-07-28T19:37:07+00:00", "2020-07-28T19:46:39+00:00", "2020-07-28T19:54:43+00:00", "2020-07-28T20:04:05+00:00", "2020-07-28T20:11:28+00:00", "2020-07-28T20:19:11+00:00", "2020-07-28T20:27:14+00:00", "2020-07-28T20:34:01+00:00", "2020-07-28T20:40:55+00:00", "2020-07-28T20:46:48+00:00", "2020-07-28T20:53:14+00:00", "2020-07-28T20:59:44+00:00", "2020-07-28T21:06:49+00:00", "2020-07-28T21:13:47+00:00", "2020-07-28T21:21:23+00:00", "2020-07-28T21:27:48+00:00", "2020-07-28T21:35:59+00:00", "2020-07-28T21:45:35+00:00", "2020-07-28T21:53:56+00:00", "2020-07-28T22:01:52+00:00", "2020-07-28T22:11:17+00:00", "2020-07-28T22:19:29+00:00", "2020-07-28T22:28:58+00:00", "2020-07-28T22:37:22+00:00", "2020-07-28T22:46:40+00:00", "2020-07-28T22:55:27+00:00", "2020-07-28T23:03:08+00:00", "2020-07-28T23:11:30+00:00", "2020-07-28T23:19:41+00:00", "2020-07-28T23:32:30+00:00", "2020-07-29T00:09:23+00:00", "2020-07-29T00:19:32+00:00", "2020-07-29T00:26:26+00:00", "2020-07-29T00:34:01+00:00", "2020-07-29T00:41:32+00:00", "2020-07-29T00:47:27+00:00", "2020-07-29T00:54:15+00:00", "2020-07-29T01:00:16+00:00", "2020-07-29T01:07:31+00:00", "2020-07-29T01:14:50+00:00", "2020-07-29T01:21:38+00:00", "2020-07-29T01:28:27+00:00", "2020-07-29T01:35:09+00:00", "2020-07-29T01:41:20+00:00", "2020-07-29T01:47:23+00:00", "2020-07-29T01:53:49+00:00", "2020-07-29T02:00:26+00:00", "2020-07-29T02:08:17+00:00", "2020-07-29T02:14:25+00:00", "2020-07-29T02:20:46+00:00", "2020-07-29T02:27:09+00:00", "2020-07-29T02:33:47+00:00", "2020-07-29T02:39:54+00:00", "2020-07-29T02:46:57+00:00", "2020-07-29T03:23:00+00:00", "2020-07-29T03:38:27+00:00", "2020-07-29T03:45:42+00:00", "2020-07-29T03:53:43+00:00", "2020-07-29T04:00:03+00:00", "2020-07-29T04:07:32+00:00", "2020-07-29T04:14:33+00:00", "2020-07-29T04:20:16+00:00", "2020-07-29T04:26:38+00:00", "2020-07-29T04:33:21+00:00", "2020-07-29T04:40:22+00:00", "2020-07-29T04:47:28+00:00", "2020-07-29T04:54:35+00:00", "2020-07-29T05:01:54+00:00", "2020-07-29T05:07:57+00:00", "2020-07-29T05:14:40+00:00", "2020-07-29T05:20:35+00:00", "2020-07-29T05:26:39+00:00", "2020-07-29T05:33:52+00:00", "2020-07-29T05:39:59+00:00", "2020-07-29T05:45:55+00:00", "2020-07-29T05:53:32+00:00", "2020-07-29T06:00:25+00:00", "2020-07-29T06:07:49+00:00", "2020-07-29T06:14:20+00:00", "2020-07-29T06:21:17+00:00", "2020-07-29T06:28:11+00:00", "2020-07-29T06:34:46+00:00", "2020-07-29T06:41:41+00:00", "2020-07-29T06:48:27+00:00", "2020-07-29T06:55:50+00:00", "2020-07-29T07:02:37+00:00", "2020-07-29T07:11:04+00:00", "2020-07-29T07:19:36+00:00", "2020-07-29T07:26:43+00:00", "2020-07-29T07:34:33+00:00", "2020-07-29T07:42:36+00:00", "2020-07-29T07:50:53+00:00", "2020-07-29T07:59:24+00:00", "2020-07-29T08:08:23+00:00", "2020-07-29T08:16:42+00:00", "2020-07-29T08:24:08+00:00", "2020-07-29T08:31:29+00:00", "2020-07-29T08:41:10+00:00", "2020-07-29T08:49:27+00:00", "2020-07-29T08:57:01+00:00", "2020-07-29T09:05:35+00:00", "2020-07-29T09:13:26+00:00", "2020-07-29T09:21:53+00:00", "2020-07-29T09:29:07+00:00", "2020-07-29T09:37:08+00:00", "2020-07-29T09:45:13+00:00", "2020-07-29T09:53:15+00:00", "2020-07-29T10:00:11+00:00", "2020-07-29T10:07:24+00:00", "2020-07-29T10:14:40+00:00", "2020-07-29T10:20:58+00:00", "2020-07-29T10:28:20+00:00", "2020-07-29T10:35:39+00:00", "2020-07-29T10:42:47+00:00", "2020-07-29T10:50:02+00:00", "2020-07-29T10:56:57+00:00", "2020-07-29T11:05:30+00:00", "2020-07-29T11:11:47+00:00", "2020-07-29T11:18:32+00:00", "2020-07-29T11:25:07+00:00", "2020-07-29T11:32:19+00:00", "2020-07-29T11:39:52+00:00", "2020-07-29T11:46:21+00:00", "2020-07-29T11:54:02+00:00", "2020-07-29T12:02:01+00:00", "2020-07-29T13:03:45+00:00", "2020-07-29T13:49:31+00:00", "2020-07-29T13:57:55+00:00", "2020-07-29T14:04:20+00:00", "2020-07-29T14:11:12+00:00", "2020-07-29T14:17:21+00:00", "2020-07-29T14:25:22+00:00", "2020-07-29T14:31:27+00:00", "2020-07-29T14:38:50+00:00", "2020-07-29T14:46:11+00:00", "2020-07-29T14:53:11+00:00", "2020-07-29T14:59:47+00:00", "2020-07-29T15:06:52+00:00", "2020-07-29T15:13:45+00:00", "2020-07-29T15:21:36+00:00", "2020-07-29T15:28:15+00:00", "2020-07-29T16:14:34+00:00", "2020-07-29T16:22:01+00:00", "2020-07-29T16:29:08+00:00", "2020-07-29T16:36:35+00:00", "2020-07-29T16:43:57+00:00", "2020-07-29T16:50:44+00:00", "2020-07-29T16:59:09+00:00", "2020-07-29T17:06:10+00:00", "2020-07-29T17:13:17+00:00", "2020-07-29T17:21:44+00:00", "2020-07-29T17:29:15+00:00", "2020-07-29T17:38:05+00:00", "2020-07-29T17:45:45+00:00", "2020-07-29T17:53:33+00:00", "2020-07-29T18:01:34+00:00", "2020-07-29T18:16:23+00:00", "2020-07-29T18:44:12+00:00", "2020-07-29T18:51:57+00:00", "2020-07-29T19:00:32+00:00", "2020-07-29T19:09:03+00:00", "2020-07-29T19:17:30+00:00", "2020-07-29T19:25:19+00:00", "2020-07-29T19:34:52+00:00", "2020-07-29T19:44:32+00:00", "2020-07-29T19:53:41+00:00", "2020-07-29T20:01:18+00:00", "2020-07-29T20:09:11+00:00", "2020-07-29T20:17:46+00:00", "2020-07-29T20:26:09+00:00", "2020-07-29T20:34:03+00:00", "2020-07-29T20:41:38+00:00", "2020-07-29T20:49:30+00:00", "2020-07-29T20:57:33+00:00", "2020-07-29T21:05:00+00:00", "2020-07-29T21:12:49+00:00", "2020-07-29T21:20:59+00:00", "2020-07-29T21:30:00+00:00", "2020-07-29T21:38:09+00:00", "2020-07-29T21:46:02+00:00", "2020-07-29T21:54:09+00:00", "2020-07-29T22:02:27+00:00", "2020-07-29T22:10:48+00:00", "2020-07-29T22:18:05+00:00", "2020-07-29T22:26:16+00:00", "2020-07-29T22:34:39+00:00", "2020-07-29T22:42:29+00:00", "2020-07-29T22:50:44+00:00", "2020-07-29T22:58:14+00:00", "2020-07-29T23:05:49+00:00", "2020-07-29T23:12:36+00:00", "2020-07-29T23:19:12+00:00", "2020-07-29T23:26:51+00:00", "2020-07-29T23:57:45+00:00", "2020-07-30T00:13:39+00:00", "2020-07-30T00:21:36+00:00", "2020-07-30T00:30:01+00:00", "2020-07-30T00:36:39+00:00", "2020-07-30T00:44:50+00:00", "2020-07-30T00:54:00+00:00", "2020-07-30T01:03:28+00:00", "2020-07-30T01:12:03+00:00", "2020-07-30T01:21:39+00:00", "2020-07-30T01:30:43+00:00", "2020-07-30T01:39:17+00:00", "2020-07-30T01:48:34+00:00", "2020-07-30T01:57:28+00:00", "2020-07-30T02:07:08+00:00", "2020-07-30T02:15:37+00:00", "2020-07-30T02:23:53+00:00", "2020-07-30T02:32:04+00:00", "2020-07-30T02:41:43+00:00", "2020-07-30T02:50:32+00:00", "2020-07-30T02:59:17+00:00", "2020-07-30T03:08:17+00:00", "2020-07-30T03:43:07+00:00", "2020-07-30T03:51:54+00:00", "2020-07-30T03:59:55+00:00", "2020-07-30T04:08:46+00:00", "2020-07-30T04:16:49+00:00", "2020-07-30T04:25:26+00:00", "2020-07-30T04:33:29+00:00", "2020-07-30T04:41:18+00:00", "2020-07-30T04:49:49+00:00", "2020-07-30T04:57:54+00:00", "2020-07-30T05:06:00+00:00", "2020-07-30T05:14:08+00:00", "2020-07-30T05:22:15+00:00", "2020-07-30T05:29:43+00:00", "2020-07-30T05:37:10+00:00", "2020-07-30T05:44:37+00:00", "2020-07-30T05:56:04+00:00", "2020-07-30T06:04:49+00:00", "2020-07-30T06:13:19+00:00", "2020-07-30T06:21:47+00:00", "2020-07-30T06:31:12+00:00", "2020-07-30T06:39:31+00:00", "2020-07-30T06:48:15+00:00", "2020-07-30T06:57:30+00:00", "2020-07-30T07:05:51+00:00", "2020-07-30T07:14:52+00:00", "2020-07-30T07:22:59+00:00", "2020-07-30T07:32:08+00:00", "2020-07-30T07:40:48+00:00", "2020-07-30T07:49:38+00:00", "2020-07-30T07:58:11+00:00", "2020-07-30T08:07:06+00:00", "2020-07-30T08:15:23+00:00", "2020-07-30T08:24:44+00:00", "2020-07-30T08:33:19+00:00", "2020-07-30T08:41:36+00:00", "2020-07-30T08:49:13+00:00", "2020-07-30T08:57:28+00:00", "2020-07-30T09:06:14+00:00", "2020-07-30T09:14:25+00:00", "2020-07-30T09:23:08+00:00", "2020-07-30T09:30:55+00:00", "2020-07-30T09:38:51+00:00", "2020-07-30T09:46:58+00:00", "2020-07-30T09:55:57+00:00", "2020-07-30T10:03:36+00:00", "2020-07-30T10:12:53+00:00", "2020-07-30T10:21:26+00:00", "2020-07-30T10:29:01+00:00", "2020-07-30T10:37:22+00:00", "2020-07-30T10:45:09+00:00", "2020-07-30T10:52:44+00:00", "2020-07-30T11:01:23+00:00", "2020-07-30T11:09:07+00:00", "2020-07-30T11:16:54+00:00", "2020-07-30T11:25:11+00:00", "2020-07-30T11:32:58+00:00", "2020-07-30T11:40:44+00:00", "2020-07-30T11:49:05+00:00", "2020-07-30T11:56:34+00:00", "2020-07-30T12:04:33+00:00", "2020-07-30T12:11:54+00:00", "2020-07-30T12:39:19+00:00", "2020-07-30T12:46:49+00:00", "2020-07-30T12:55:00+00:00", "2020-07-30T13:02:07+00:00", "2020-07-30T13:09:14+00:00", "2020-07-30T13:16:45+00:00", "2020-07-30T13:23:44+00:00", "2020-07-30T13:30:13+00:00", "2020-07-30T13:36:53+00:00", "2020-07-30T13:43:58+00:00", "2020-07-30T13:49:52+00:00", "2020-07-30T13:56:23+00:00", "2020-07-30T14:02:50+00:00", "2020-07-30T14:09:42+00:00", "2020-07-30T14:16:55+00:00", "2020-07-30T14:22:47+00:00", "2020-07-30T14:28:38+00:00", "2020-07-30T14:35:02+00:00", "2020-07-30T14:41:47+00:00", "2020-07-30T14:49:25+00:00", "2020-07-30T14:57:24+00:00", "2020-07-30T15:04:43+00:00", "2020-07-30T15:11:38+00:00", "2020-07-30T15:18:54+00:00", "2020-07-30T15:39:00+00:00", "2020-07-30T15:44:55+00:00", "2020-07-30T15:51:30+00:00", "2020-07-30T15:57:16+00:00", "2020-07-30T16:04:15+00:00", "2020-07-30T16:10:25+00:00", "2020-07-30T16:17:01+00:00", "2020-07-30T16:23:30+00:00", "2020-07-30T16:29:59+00:00", "2020-07-30T16:36:17+00:00", "2020-07-30T16:42:22+00:00", "2020-07-30T16:48:29+00:00", "2020-07-30T16:55:37+00:00", "2020-07-30T17:02:56+00:00", "2020-07-30T17:09:38+00:00", "2020-07-30T17:16:51+00:00", "2020-07-30T17:24:30+00:00", "2020-07-30T17:31:10+00:00", "2020-07-30T17:37:03+00:00", "2020-07-30T17:44:26+00:00", "2020-07-30T17:51:18+00:00", "2020-07-30T17:58:33+00:00", "2020-07-30T18:05:50+00:00", "2020-07-30T18:12:18+00:00", "2020-07-30T18:19:37+00:00", "2020-07-30T18:26:46+00:00", "2020-07-30T18:34:22+00:00", "2020-07-30T18:42:09+00:00", "2020-07-30T18:51:16+00:00", "2020-07-30T18:58:33+00:00", "2020-07-30T19:05:58+00:00", "2020-07-30T19:12:44+00:00", "2020-07-30T19:20:22+00:00", "2020-07-30T19:27:57+00:00", "2020-07-30T19:36:53+00:00", "2020-07-30T19:43:37+00:00", "2020-07-30T19:53:26+00:00", "2020-07-30T20:00:21+00:00", "2020-07-30T20:07:05+00:00", "2020-07-30T20:14:14+00:00", "2020-07-30T20:21:39+00:00", "2020-07-30T20:28:58+00:00", "2020-07-30T20:37:18+00:00", "2020-07-30T20:44:51+00:00", "2020-07-30T20:52:57+00:00", "2020-07-30T21:01:41+00:00", "2020-07-30T21:08:30+00:00", "2020-07-30T21:15:53+00:00", "2020-07-30T21:23:45+00:00", "2020-07-30T21:30:16+00:00", "2020-07-30T21:37:53+00:00", "2020-07-30T21:46:38+00:00", "2020-07-30T21:54:43+00:00", "2020-07-30T22:04:38+00:00", "2020-07-30T22:12:53+00:00", "2020-07-30T22:21:32+00:00", "2020-07-30T22:29:56+00:00", "2020-07-30T22:39:38+00:00", "2020-07-30T22:48:23+00:00", "2020-07-30T22:57:50+00:00", "2020-07-30T23:08:33+00:00", "2020-07-30T23:17:36+00:00", "2020-07-30T23:26:51+00:00", "2020-07-30T23:36:23+00:00", "2020-07-30T23:46:06+00:00", "2020-07-30T23:55:47+00:00", "2020-07-31T00:04:44+00:00", "2020-07-31T00:13:21+00:00", "2020-07-31T00:23:34+00:00", "2020-07-31T00:34:19+00:00", "2020-07-31T00:42:50+00:00", "2020-07-31T00:51:23+00:00", "2020-07-31T01:00:15+00:00", "2020-07-31T01:08:12+00:00", "2020-07-31T01:17:35+00:00", "2020-07-31T01:25:42+00:00", "2020-07-31T01:34:39+00:00", "2020-07-31T01:46:58+00:00", "2020-07-31T01:55:59+00:00", "2020-07-31T02:05:04+00:00", "2020-07-31T02:13:16+00:00", "2020-07-31T02:20:49+00:00", "2020-07-31T02:28:26+00:00", "2020-07-31T02:35:53+00:00", "2020-07-31T02:43:04+00:00", "2020-07-31T02:50:50+00:00", "2020-07-31T02:59:01+00:00", "2020-07-31T03:20:30+00:00", "2020-07-31T04:11:54+00:00", "2020-07-31T04:19:02+00:00", "2020-07-31T04:26:17+00:00", "2020-07-31T04:33:26+00:00", "2020-07-31T04:40:15+00:00", "2020-07-31T04:48:06+00:00", "2020-07-31T04:56:21+00:00", "2020-07-31T05:03:32+00:00", "2020-07-31T05:11:19+00:00", "2020-07-31T05:18:02+00:00", "2020-07-31T05:25:23+00:00", "2020-07-31T05:32:57+00:00", "2020-07-31T05:41:00+00:00", "2020-07-31T05:48:23+00:00", "2020-07-31T05:56:48+00:00", "2020-07-31T06:03:41+00:00", "2020-07-31T06:12:15+00:00", "2020-07-31T06:19:23+00:00", "2020-07-31T06:26:30+00:00", "2020-07-31T06:33:49+00:00", "2020-07-31T06:40:45+00:00", "2020-07-31T06:48:41+00:00", "2020-07-31T06:57:18+00:00", "2020-07-31T07:04:44+00:00", "2020-07-31T07:12:25+00:00", "2020-07-31T07:21:04+00:00", "2020-07-31T07:28:49+00:00", "2020-07-31T07:36:15+00:00", "2020-07-31T07:43:08+00:00", "2020-07-31T07:49:48+00:00", "2020-07-31T07:57:05+00:00", "2020-07-31T08:03:52+00:00", "2020-07-31T08:11:16+00:00", "2020-07-31T08:18:55+00:00", "2020-07-31T08:26:20+00:00", "2020-07-31T08:35:33+00:00", "2020-07-31T08:44:05+00:00", "2020-07-31T08:53:22+00:00", "2020-07-31T09:02:16+00:00", "2020-07-31T09:10:43+00:00", "2020-07-31T09:19:28+00:00", "2020-07-31T09:29:07+00:00", "2020-07-31T09:39:22+00:00", "2020-07-31T09:51:17+00:00", "2020-07-31T10:01:06+00:00", "2020-07-31T10:10:45+00:00", "2020-07-31T10:20:50+00:00", "2020-07-31T10:31:25+00:00", "2020-07-31T10:42:38+00:00", "2020-07-31T10:53:49+00:00", "2020-07-31T11:05:36+00:00", "2020-07-31T11:19:20+00:00", "2020-07-31T11:40:26+00:00", "2020-07-31T11:55:32+00:00", "2020-07-31T12:06:37+00:00", "2020-07-31T12:16:48+00:00", "2020-07-31T12:27:39+00:00", "2020-07-31T12:37:02+00:00", "2020-07-31T12:51:13+00:00", "2020-07-31T13:00:54+00:00", "2020-07-31T13:11:15+00:00", "2020-07-31T13:21:37+00:00", "2020-07-31T13:31:30+00:00", "2020-07-31T13:40:26+00:00", "2020-07-31T13:48:39+00:00", "2020-07-31T13:59:12+00:00", "2020-07-31T14:10:33+00:00", "2020-07-31T14:21:26+00:00", "2020-07-31T14:30:22+00:00", "2020-07-31T14:40:20+00:00", "2020-07-31T14:50:17+00:00", "2020-07-31T14:58:20+00:00", "2020-07-31T15:07:43+00:00", "2020-07-31T15:15:46+00:00", "2020-07-31T15:23:39+00:00", "2020-07-31T15:31:10+00:00", "2020-07-31T15:38:34+00:00", "2020-07-31T15:45:20+00:00", "2020-07-31T15:52:05+00:00", "2020-07-31T15:59:24+00:00", "2020-07-31T16:06:34+00:00", "2020-07-31T16:13:07+00:00", "2020-07-31T16:21:14+00:00", "2020-07-31T16:28:04+00:00", "2020-07-31T16:35:25+00:00", "2020-07-31T16:42:34+00:00", "2020-07-31T16:50:07+00:00", "2020-07-31T16:57:41+00:00", "2020-07-31T17:04:26+00:00", "2020-07-31T17:12:33+00:00", "2020-07-31T17:19:30+00:00", "2020-07-31T17:26:15+00:00", "2020-07-31T17:32:31+00:00", "2020-07-31T17:38:36+00:00", "2020-07-31T17:45:29+00:00", "2020-07-31T17:51:53+00:00", "2020-07-31T17:59:24+00:00", "2020-07-31T18:05:29+00:00", "2020-07-31T18:31:27+00:00", "2020-07-31T18:38:10+00:00", "2020-07-31T18:43:58+00:00", "2020-07-31T18:51:01+00:00", "2020-07-31T18:57:54+00:00", "2020-07-31T19:04:19+00:00", "2020-07-31T19:11:38+00:00", "2020-07-31T19:20:13+00:00", "2020-07-31T19:29:41+00:00", "2020-07-31T19:37:00+00:00", "2020-07-31T19:45:44+00:00", "2020-07-31T19:54:26+00:00", "2020-07-31T20:00:44+00:00", "2020-07-31T20:06:54+00:00", "2020-07-31T20:13:39+00:00", "2020-07-31T20:19:09+00:00", "2020-07-31T20:25:44+00:00", "2020-07-31T20:32:49+00:00", "2020-07-31T20:39:20+00:00", "2020-07-31T20:44:40+00:00", "2020-07-31T20:50:51+00:00", "2020-07-31T20:56:41+00:00", "2020-07-31T21:03:30+00:00", "2020-07-31T21:09:44+00:00", "2020-07-31T21:16:01+00:00", "2020-07-31T21:22:46+00:00", "2020-07-31T21:29:16+00:00", "2020-07-31T21:36:34+00:00", "2020-07-31T21:43:32+00:00", "2020-07-31T21:50:33+00:00", "2020-07-31T21:57:12+00:00", "2020-07-31T22:03:21+00:00", "2020-07-31T22:09:25+00:00", "2020-07-31T22:15:02+00:00", "2020-07-31T22:20:48+00:00", "2020-07-31T22:27:28+00:00", "2020-07-31T22:33:49+00:00", "2020-07-31T22:40:36+00:00", "2020-07-31T22:47:51+00:00", "2020-07-31T22:54:57+00:00", "2020-07-31T23:01:37+00:00", "2020-07-31T23:08:39+00:00", "2020-07-31T23:16:14+00:00", "2020-07-31T23:22:15+00:00", "2020-07-31T23:29:26+00:00", "2020-07-31T23:35:33+00:00", "2020-07-31T23:41:19+00:00", "2020-07-31T23:48:02+00:00", "2020-07-31T23:54:57+00:00", "2020-08-01T00:01:47+00:00", "2020-08-01T00:07:48+00:00", "2020-08-01T00:14:03+00:00", "2020-08-01T00:20:00+00:00", "2020-08-01T00:26:55+00:00", "2020-08-01T00:33:40+00:00", "2020-08-01T00:40:15+00:00", "2020-08-01T00:45:42+00:00", "2020-08-01T00:50:39+00:00", "2020-08-01T00:56:31+00:00", "2020-08-01T01:01:28+00:00", "2020-08-01T01:07:07+00:00", "2020-08-01T01:13:20+00:00", "2020-08-01T01:19:32+00:00", "2020-08-01T01:25:43+00:00", "2020-08-01T01:31:36+00:00", "2020-08-01T01:38:05+00:00", "2020-08-01T01:43:58+00:00", "2020-08-01T01:50:21+00:00", "2020-08-01T01:56:09+00:00", "2020-08-01T02:02:16+00:00", "2020-08-01T02:07:51+00:00", "2020-08-01T02:13:41+00:00", "2020-08-01T02:19:52+00:00", "2020-08-01T02:25:55+00:00", "2020-08-01T02:32:27+00:00", "2020-08-01T02:38:24+00:00", "2020-08-01T02:45:37+00:00", "2020-08-01T02:52:19+00:00", "2020-08-01T02:58:28+00:00", "2020-08-01T03:05:43+00:00", "2020-08-01T03:15:11+00:00", "2020-08-01T03:22:14+00:00", "2020-08-01T03:28:55+00:00", "2020-08-01T03:37:00+00:00", "2020-08-01T03:45:39+00:00", "2020-08-01T03:54:04+00:00", "2020-08-01T04:00:37+00:00", "2020-08-01T04:07:48+00:00", "2020-08-01T04:16:10+00:00", "2020-08-01T04:24:05+00:00", "2020-08-01T04:31:28+00:00", "2020-08-01T04:42:32+00:00", "2020-08-01T04:51:27+00:00", "2020-08-01T05:24:00+00:00", "2020-08-01T06:24:00+00:00", "2020-08-01T07:24:00+00:00", "2020-08-01T08:24:15+00:00", "2020-08-01T09:24:15+00:00", "2020-08-01T10:24:15+00:00", "2020-08-01T11:03:32+00:00", "2020-08-01T11:23:17+00:00", "2020-08-01T11:44:18+00:00", "2020-08-01T12:05:23+00:00", "2020-08-01T12:33:33+00:00", "2020-08-01T12:49:34+00:00", "2020-08-01T13:12:31+00:00", "2020-08-01T13:27:40+00:00", "2020-08-01T13:41:12+00:00", "2020-08-01T13:56:09+00:00", "2020-08-01T14:16:47+00:00", "2020-08-01T14:30:28+00:00", "2020-08-01T14:44:45+00:00", "2020-08-01T15:02:54+00:00", "2020-08-01T15:25:00+00:00", "2020-08-01T16:07:42+00:00", "2020-08-01T16:28:03+00:00", "2020-08-01T16:41:47+00:00", "2020-08-01T16:57:46+00:00", "2020-08-01T17:16:15+00:00", "2020-08-01T17:30:35+00:00", "2020-08-01T17:41:52+00:00", "2020-08-01T17:56:01+00:00", "2020-08-01T18:16:45+00:00", "2020-08-01T18:34:52+00:00", "2020-08-01T18:51:04+00:00", "2020-08-01T19:03:00+00:00", "2020-08-01T19:16:12+00:00", "2020-08-01T19:28:44+00:00", "2020-08-01T19:41:03+00:00", "2020-08-01T19:55:36+00:00", "2020-08-01T20:08:57+00:00", "2020-08-01T20:21:55+00:00", "2020-08-01T20:35:28+00:00", "2020-08-01T20:49:53+00:00", "2020-08-01T21:02:37+00:00", "2020-08-01T21:15:23+00:00", "2020-08-01T21:25:25+00:00", "2020-08-01T21:35:12+00:00", "2020-08-01T21:46:55+00:00", "2020-08-01T22:00:42+00:00", "2020-08-01T22:11:07+00:00", "2020-08-01T22:20:54+00:00", "2020-08-01T22:29:28+00:00", "2020-08-01T22:39:33+00:00", "2020-08-01T22:53:46+00:00", "2020-08-01T23:10:43+00:00", "2020-08-01T23:23:12+00:00", "2020-08-02T00:12:58+00:00", "2020-08-02T00:27:59+00:00", "2020-08-02T00:43:59+00:00", "2020-08-02T00:58:04+00:00", "2020-08-02T01:12:29+00:00", "2020-08-02T01:30:50+00:00", "2020-08-02T01:44:46+00:00", "2020-08-02T02:04:07+00:00", "2020-08-02T02:19:00+00:00", "2020-08-02T02:33:20+00:00", "2020-08-02T02:52:26+00:00", "2020-08-02T03:04:54+00:00", "2020-08-02T06:05:08+00:00", "2020-08-02T06:19:42+00:00", "2020-08-02T06:35:22+00:00", "2020-08-02T06:50:09+00:00", "2020-08-02T07:04:06+00:00", "2020-08-02T07:20:23+00:00", "2020-08-02T07:35:24+00:00", "2020-08-02T07:54:05+00:00", "2020-08-02T08:07:49+00:00", "2020-08-02T08:22:42+00:00", "2020-08-02T08:36:59+00:00", "2020-08-02T08:53:00+00:00", "2020-08-02T09:08:00+00:00", "2020-08-02T09:21:21+00:00", "2020-08-02T09:37:58+00:00", "2020-08-02T09:53:27+00:00", "2020-08-02T10:15:56+00:00", "2020-08-02T10:31:25+00:00", "2020-08-02T10:47:50+00:00", "2020-08-02T11:01:03+00:00", "2020-08-02T11:28:52+00:00", "2020-08-02T11:45:57+00:00", "2020-08-02T12:02:38+00:00", "2020-08-02T12:28:15+00:00", "2020-08-02T12:49:39+00:00", "2020-08-02T13:06:56+00:00", "2020-08-02T13:50:05+00:00", "2020-08-02T14:44:42+00:00", "2020-08-02T15:27:47+00:00", "2020-08-02T16:07:15+00:00", "2020-08-02T16:23:57+00:00", "2020-08-02T16:44:03+00:00", "2020-08-02T17:02:00+00:00", "2020-08-02T17:25:29+00:00", "2020-08-02T17:45:46+00:00", "2020-08-02T18:01:47+00:00", "2020-08-02T18:20:47+00:00", "2020-08-02T18:38:44+00:00", "2020-08-02T19:03:37+00:00", "2020-08-02T19:29:00+00:00", "2020-08-02T19:54:25+00:00", "2020-08-02T20:09:58+00:00", "2020-08-02T20:22:38+00:00", "2020-08-02T20:35:43+00:00", "2020-08-02T20:47:44+00:00", "2020-08-02T21:00:04+00:00", "2020-08-02T21:13:05+00:00", "2020-08-02T21:30:33+00:00", "2020-08-02T21:43:50+00:00", "2020-08-02T22:01:11+00:00", "2020-08-02T22:18:11+00:00", "2020-08-02T22:36:52+00:00", "2020-08-02T22:54:09+00:00", "2020-08-02T23:12:43+00:00", "2020-08-02T23:31:48+00:00", "2020-08-02T23:48:05+00:00", "2020-08-03T00:06:29+00:00", "2020-08-03T00:22:46+00:00", "2020-08-03T00:40:51+00:00", "2020-08-03T00:58:16+00:00", "2020-08-03T01:16:17+00:00", "2020-08-03T01:36:46+00:00", "2020-08-03T02:00:47+00:00", "2020-08-03T02:17:44+00:00", "2020-08-03T02:37:17+00:00", "2020-08-03T02:52:22+00:00", "2020-08-03T03:40:30+00:00", "2020-08-03T04:04:02+00:00", "2020-08-03T04:19:23+00:00", "2020-08-03T04:34:08+00:00", "2020-08-03T04:54:14+00:00", "2020-08-03T05:15:43+00:00", "2020-08-03T05:33:44+00:00", "2020-08-03T05:51:21+00:00", "2020-08-03T06:08:02+00:00", "2020-08-03T06:27:03+00:00", "2020-08-03T06:56:39+00:00", "2020-08-03T07:52:48+00:00", "2020-08-03T08:08:57+00:00", "2020-08-03T08:36:22+00:00", "2020-08-03T08:57:31+00:00", "2020-08-03T09:23:21+00:00", "2020-08-03T09:46:00+00:00", "2020-08-03T10:21:20+00:00", "2020-08-03T10:41:41+00:00", "2020-08-03T11:01:22+00:00", "2020-08-03T11:27:46+00:00", "2020-08-03T12:05:49+00:00", "2020-08-03T12:36:00+00:00", "2020-08-03T12:56:15+00:00", "2020-08-03T13:15:59+00:00", "2020-08-03T13:36:15+00:00", "2020-08-03T13:57:34+00:00", "2020-08-03T14:26:15+00:00", "2020-08-03T14:50:44+00:00", "2020-08-03T15:16:15+00:00", "2020-08-03T15:37:46+00:00", "2020-08-03T15:56:15+00:00", "2020-08-03T16:23:08+00:00", "2020-08-03T16:46:30+00:00", "2020-08-03T17:26:30+00:00", "2020-08-03T18:26:30+00:00", "2020-08-03T19:26:30+00:00", "2020-08-03T20:26:30+00:00", "2020-08-03T21:26:45+00:00", "2020-08-03T22:27:30+00:00", "2020-08-03T23:27:30+00:00", "2020-08-04T00:27:30+00:00", "2020-08-04T01:27:45+00:00", "2020-08-04T02:27:45+00:00", "2020-08-04T03:27:45+00:00", "2020-08-04T04:27:45+00:00", "2020-08-04T05:27:45+00:00", "2020-08-04T06:28:00+00:00", "2020-08-04T07:28:00+00:00", "2020-08-04T08:28:00+00:00", "2020-08-04T09:28:15+00:00", "2020-08-04T10:33:45+00:00", "2020-08-04T11:33:45+00:00", "2020-08-04T12:34:00+00:00", "2020-08-04T13:34:00+00:00", "2020-08-04T14:04:00+00:00", "2020-08-04T14:14:18+00:00", "2020-08-04T14:24:55+00:00", "2020-08-04T14:40:59+00:00", "2020-08-04T14:50:01+00:00", "2020-08-04T15:01:37+00:00", "2020-08-04T15:23:08+00:00", "2020-08-04T15:31:41+00:00", "2020-08-04T15:41:41+00:00", "2020-08-04T15:59:30+00:00", "2020-08-04T16:11:35+00:00", "2020-08-04T16:23:31+00:00", "2020-08-04T16:36:56+00:00", "2020-08-04T16:49:41+00:00", "2020-08-04T17:03:22+00:00", "2020-08-04T17:14:31+00:00", "2020-08-04T17:27:44+00:00", "2020-08-04T17:39:29+00:00", "2020-08-04T17:50:54+00:00", "2020-08-04T18:02:02+00:00", "2020-08-04T18:20:47+00:00", "2020-08-04T18:30:23+00:00", "2020-08-04T18:42:45+00:00", "2020-08-04T18:51:22+00:00", "2020-08-04T18:59:54+00:00", "2020-08-04T19:12:10+00:00", "2020-08-04T19:22:15+00:00", "2020-08-04T19:32:39+00:00", "2020-08-04T19:43:48+00:00", "2020-08-04T19:58:04+00:00", "2020-08-04T20:14:30+00:00", "2020-08-04T20:30:06+00:00", "2020-08-04T20:47:27+00:00", "2020-08-04T21:02:44+00:00", "2020-08-04T21:17:52+00:00", "2020-08-04T21:33:01+00:00", "2020-08-04T21:46:22+00:00", "2020-08-04T22:01:34+00:00", "2020-08-04T22:17:46+00:00", "2020-08-04T22:34:25+00:00", "2020-08-04T22:47:31+00:00", "2020-08-04T23:05:22+00:00", "2020-08-04T23:34:45+00:00", "2020-08-05T00:07:56+00:00", "2020-08-05T00:39:46+00:00", "2020-08-05T01:02:31+00:00", "2020-08-05T01:48:12+00:00", "2020-08-05T02:36:29+00:00", "2020-08-05T03:29:25+00:00", "2020-08-05T04:04:49+00:00", "2020-08-05T05:14:04+00:00", "2020-08-05T06:35:45+00:00", "2020-08-05T07:48:01+00:00", "2020-08-05T09:31:52+00:00", "2020-08-05T11:02:26+00:00", "2020-08-05T11:54:31+00:00", "2020-08-05T12:43:02+00:00", "2020-08-05T13:08:04+00:00", "2020-08-05T13:29:31+00:00", "2020-08-05T13:53:08+00:00", "2020-08-05T14:11:17+00:00", "2020-08-05T14:32:47+00:00", "2020-08-05T14:48:46+00:00", "2020-08-05T15:06:35+00:00", "2020-08-05T15:24:07+00:00", "2020-08-05T15:43:12+00:00", "2020-08-05T16:02:50+00:00", "2020-08-05T16:20:27+00:00", "2020-08-05T16:41:52+00:00", "2020-08-05T16:59:33+00:00", "2020-08-05T17:16:10+00:00", "2020-08-05T17:28:55+00:00", "2020-08-05T17:46:07+00:00", "2020-08-05T17:56:24+00:00", "2020-08-05T18:14:05+00:00", "2020-08-05T18:37:10+00:00", "2020-08-05T18:50:18+00:00", "2020-08-05T19:04:35+00:00", "2020-08-05T19:16:15+00:00", "2020-08-05T19:30:49+00:00", "2020-08-05T19:43:06+00:00", "2020-08-05T19:55:26+00:00", "2020-08-05T20:09:47+00:00", "2020-08-05T20:26:31+00:00", "2020-08-05T20:40:04+00:00", "2020-08-05T21:02:33+00:00", "2020-08-05T21:18:02+00:00", "2020-08-05T21:36:35+00:00", "2020-08-05T21:53:27+00:00", "2020-08-05T22:10:24+00:00", "2020-08-05T22:30:09+00:00", "2020-08-05T22:49:10+00:00", "2020-08-05T23:07:35+00:00", "2020-08-05T23:23:24+00:00", "2020-08-05T23:40:32+00:00", "2020-08-05T23:53:57+00:00", "2020-08-06T00:08:58+00:00", "2020-08-06T00:21:45+00:00", "2020-08-06T00:38:40+00:00", "2020-08-06T00:52:48+00:00", "2020-08-06T01:13:25+00:00", "2020-08-06T01:30:02+00:00", "2020-08-06T01:44:26+00:00", "2020-08-06T02:03:47+00:00", "2020-08-06T02:19:52+00:00", "2020-08-06T02:40:05+00:00", "2020-08-06T03:01:48+00:00", "2020-08-06T03:38:18+00:00", "2020-08-06T04:07:35+00:00", "2020-08-06T04:30:04+00:00", "2020-08-06T04:50:13+00:00", "2020-08-06T05:14:38+00:00", "2020-08-06T05:33:15+00:00", "2020-08-06T05:59:16+00:00", "2020-08-06T06:22:25+00:00", "2020-08-06T06:44:34+00:00", "2020-08-06T07:11:36+00:00", "2020-08-06T07:38:05+00:00", "2020-08-06T08:00:26+00:00", "2020-08-06T08:38:30+00:00", "2020-08-06T09:02:25+00:00", "2020-08-06T09:24:46+00:00", "2020-08-06T09:55:47+00:00", "2020-08-06T10:19:21+00:00", "2020-08-06T10:43:58+00:00", "2020-08-06T11:01:55+00:00", "2020-08-06T11:14:36+00:00", "2020-08-06T11:26:33+00:00", "2020-08-06T11:41:42+00:00", "2020-08-06T11:54:39+00:00", "2020-08-06T12:05:44+00:00", "2020-08-06T12:38:21+00:00", "2020-08-06T12:51:34+00:00", "2020-08-06T13:01:55+00:00", "2020-08-06T13:13:28+00:00", "2020-08-06T13:24:44+00:00", "2020-08-06T13:40:29+00:00", "2020-08-06T13:51:22+00:00", "2020-08-06T14:02:39+00:00", "2020-08-06T14:17:08+00:00", "2020-08-06T14:32:34+00:00", "2020-08-06T14:47:01+00:00", "2020-08-06T15:02:50+00:00", "2020-08-06T15:16:07+00:00", "2020-08-06T15:29:48+00:00", "2020-08-06T15:42:29+00:00", "2020-08-06T15:54:57+00:00", "2020-08-06T16:06:26+00:00", "2020-08-06T16:19:27+00:00", "2020-08-06T16:31:40+00:00", "2020-08-06T16:45:29+00:00", "2020-08-06T16:56:54+00:00", "2020-08-06T17:09:19+00:00", "2020-08-06T17:24:17+00:00", "2020-08-06T17:35:26+00:00", "2020-08-06T17:48:40+00:00", "2020-08-06T17:57:35+00:00", "2020-08-06T18:45:46+00:00", "2020-08-06T18:54:01+00:00", "2020-08-06T19:03:03+00:00", "2020-08-06T19:11:35+00:00", "2020-08-06T19:20:32+00:00", "2020-08-06T19:30:17+00:00", "2020-08-06T19:39:55+00:00", "2020-08-06T20:37:13+00:00", "2020-08-06T20:47:50+00:00", "2020-08-06T20:55:39+00:00", "2020-08-06T21:04:04+00:00", "2020-08-06T21:13:53+00:00", "2020-08-06T21:23:30+00:00", "2020-08-06T21:31:47+00:00", "2020-08-06T21:42:05+00:00", "2020-08-06T21:50:09+00:00", "2020-08-06T21:59:39+00:00", "2020-08-06T22:07:19+00:00", "2020-08-06T22:17:00+00:00", "2020-08-06T22:26:02+00:00", "2020-08-06T22:35:02+00:00", "2020-08-06T22:44:51+00:00", "2020-08-06T22:54:20+00:00", "2020-08-06T23:04:45+00:00", "2020-08-06T23:12:14+00:00", "2020-08-06T23:20:23+00:00", "2020-08-06T23:29:24+00:00", "2020-08-06T23:38:13+00:00", "2020-08-06T23:47:09+00:00", "2020-08-06T23:55:26+00:00", "2020-08-07T00:04:03+00:00", "2020-08-07T01:26:35+00:00", "2020-08-07T01:36:53+00:00", "2020-08-07T01:45:36+00:00", "2020-08-07T01:54:18+00:00", "2020-08-07T02:04:42+00:00", "2020-08-07T02:15:10+00:00", "2020-08-07T02:25:22+00:00", "2020-08-07T02:35:30+00:00", "2020-08-07T02:46:19+00:00", "2020-08-07T02:57:15+00:00", "2020-08-07T03:33:11+00:00", "2020-08-07T03:42:29+00:00", "2020-08-07T03:52:09+00:00", "2020-08-07T04:01:07+00:00", "2020-08-07T04:10:31+00:00", "2020-08-07T04:21:04+00:00", "2020-08-07T04:29:53+00:00", "2020-08-07T04:38:58+00:00", "2020-08-07T04:47:51+00:00", "2020-08-07T04:56:54+00:00", "2020-08-07T05:06:56+00:00", "2020-08-07T05:15:33+00:00", "2020-08-07T05:25:51+00:00", "2020-08-07T05:35:12+00:00", "2020-08-07T05:45:37+00:00", "2020-08-07T05:55:02+00:00", "2020-08-07T06:04:51+00:00", "2020-08-07T06:15:53+00:00", "2020-08-07T06:25:38+00:00", "2020-08-07T06:36:23+00:00", "2020-08-07T06:45:28+00:00", "2020-08-07T06:56:05+00:00", "2020-08-07T07:05:22+00:00", "2020-08-07T07:15:26+00:00", "2020-08-07T07:24:11+00:00", "2020-08-07T07:33:08+00:00", "2020-08-07T07:43:17+00:00", "2020-08-07T07:50:50+00:00", "2020-08-07T07:59:03+00:00", "2020-08-07T08:09:12+00:00", "2020-08-07T08:18:41+00:00", "2020-08-07T08:26:14+00:00", "2020-08-07T08:40:35+00:00", "2020-08-07T08:54:41+00:00", "2020-08-07T09:04:57+00:00", "2020-08-07T09:12:46+00:00", "2020-08-07T09:21:07+00:00", "2020-08-07T09:30:44+00:00", "2020-08-07T09:39:41+00:00", "2020-08-07T09:48:46+00:00", "2020-08-07T09:56:39+00:00", "2020-08-07T10:05:00+00:00", "2020-08-07T10:15:53+00:00", "2020-08-07T10:27:34+00:00", "2020-08-07T10:36:03+00:00", "2020-08-07T10:43:19+00:00", "2020-08-07T10:51:32+00:00", "2020-08-07T10:58:53+00:00", "2020-08-07T11:06:26+00:00", "2020-08-07T11:13:35+00:00", "2020-08-07T11:22:36+00:00", "2020-08-07T11:30:57+00:00", "2020-08-07T11:37:42+00:00", "2020-08-07T11:46:15+00:00", "2020-08-07T12:00:20+00:00", "2020-08-07T12:12:38+00:00", "2020-08-07T12:55:30+00:00", "2020-08-07T13:38:22+00:00", "2020-08-07T13:49:44+00:00", "2020-08-07T14:05:37+00:00", "2020-08-07T14:21:15+00:00", "2020-08-07T15:24:52+00:00", "2020-08-07T15:36:57+00:00", "2020-08-07T15:45:58+00:00", "2020-08-07T15:55:48+00:00", "2020-08-07T16:07:52+00:00", "2020-08-07T16:16:23+00:00", "2020-08-07T16:28:16+00:00", "2020-08-07T16:37:30+00:00", "2020-08-07T16:48:56+00:00", "2020-08-07T16:57:37+00:00", "2020-08-07T17:07:59+00:00", "2020-08-07T17:20:45+00:00", "2020-08-07T17:30:57+00:00", "2020-08-07T17:39:59+00:00", "2020-08-07T17:47:42+00:00", "2020-08-07T17:56:07+00:00", "2020-08-07T18:58:24+00:00", "2020-08-07T19:06:31+00:00", "2020-08-07T19:18:12+00:00", "2020-08-07T19:28:32+00:00", "2020-08-07T19:39:21+00:00", "2020-08-07T19:48:24+00:00", "2020-08-07T19:55:25+00:00", "2020-08-07T20:04:03+00:00", "2020-08-07T20:10:31+00:00", "2020-08-07T20:19:47+00:00", "2020-08-07T20:30:10+00:00", "2020-08-07T20:40:18+00:00", "2020-08-07T20:50:02+00:00", "2020-08-07T21:00:09+00:00", "2020-08-07T21:08:30+00:00", "2020-08-07T21:17:45+00:00", "2020-08-07T21:27:07+00:00", "2020-08-07T21:35:39+00:00", "2020-08-07T21:44:14+00:00", "2020-08-07T21:52:42+00:00", "2020-08-07T22:01:24+00:00", "2020-08-07T22:10:09+00:00", "2020-08-07T22:19:26+00:00", "2020-08-07T22:28:48+00:00", "2020-08-07T22:36:29+00:00", "2020-08-07T22:45:43+00:00", "2020-08-07T22:54:18+00:00", "2020-08-07T23:04:25+00:00", "2020-08-07T23:12:39+00:00", "2020-08-07T23:19:53+00:00", "2020-08-07T23:27:11+00:00", "2020-08-07T23:38:07+00:00", "2020-08-07T23:46:57+00:00", "2020-08-07T23:55:16+00:00", "2020-08-08T00:03:05+00:00", "2020-08-08T00:09:39+00:00", "2020-08-08T00:17:15+00:00", "2020-08-08T00:26:23+00:00", "2020-08-08T00:38:28+00:00", "2020-08-08T00:51:25+00:00", "2020-08-08T01:03:52+00:00", "2020-08-08T01:17:42+00:00", "2020-08-08T01:31:12+00:00", "2020-08-08T01:43:53+00:00", "2020-08-08T01:53:50+00:00", "2020-08-08T02:04:19+00:00", "2020-08-08T02:19:28+00:00", "2020-08-08T02:37:26+00:00", "2020-08-08T02:57:23+00:00", "2020-08-08T03:23:15+00:00", "2020-08-08T03:37:58+00:00", "2020-08-08T03:51:07+00:00", "2020-08-08T04:05:35+00:00", "2020-08-08T04:21:33+00:00", "2020-08-08T04:29:06+00:00", "2020-08-08T04:42:44+00:00", "2020-08-08T04:54:02+00:00", "2020-08-08T05:04:23+00:00", "2020-08-08T05:20:20+00:00", "2020-08-08T05:31:29+00:00", "2020-08-08T05:42:11+00:00", "2020-08-08T05:52:56+00:00", "2020-08-08T06:07:09+00:00", "2020-08-08T06:25:11+00:00", "2020-08-08T06:35:08+00:00", "2020-08-08T06:49:13+00:00", "2020-08-08T07:12:51+00:00", "2020-08-08T07:27:24+00:00", "2020-08-08T07:40:37+00:00", "2020-08-08T07:56:07+00:00", "2020-08-08T08:14:25+00:00", "2020-08-08T08:24:18+00:00", "2020-08-08T08:39:19+00:00", "2020-08-08T08:54:01+00:00", "2020-08-08T09:10:29+00:00", "2020-08-08T09:27:43+00:00", "2020-08-08T09:43:16+00:00", "2020-08-08T10:00:22+00:00", "2020-08-08T10:20:32+00:00", "2020-08-08T10:33:58+00:00", "2020-08-08T10:56:04+00:00", "2020-08-08T11:17:47+00:00", "2020-08-08T11:32:20+00:00", "2020-08-08T11:40:53+00:00", "2020-08-08T11:53:54+00:00", "2020-08-08T13:36:09+00:00", "2020-08-08T13:54:40+00:00", "2020-08-08T14:13:38+00:00", "2020-08-08T14:33:07+00:00", "2020-08-08T15:01:55+00:00", "2020-08-08T15:28:05+00:00", "2020-08-08T15:48:27+00:00", "2020-08-08T16:12:12+00:00", "2020-08-08T16:28:25+00:00", "2020-08-08T16:46:33+00:00", "2020-08-08T17:06:57+00:00", "2020-08-08T17:26:09+00:00", "2020-08-08T17:47:08+00:00", "2020-08-08T18:09:05+00:00", "2020-08-08T18:28:16+00:00", "2020-08-08T18:51:45+00:00", "2020-08-08T19:08:56+00:00", "2020-08-08T20:06:55+00:00", "2020-08-08T20:23:30+00:00", "2020-08-08T20:36:43+00:00", "2020-08-08T20:44:44+00:00", "2020-08-08T21:00:37+00:00", "2020-08-08T21:20:36+00:00", "2020-08-08T21:34:17+00:00", "2020-08-08T21:48:46+00:00", "2020-08-08T22:04:28+00:00", "2020-08-08T22:19:18+00:00", "2020-08-08T22:32:47+00:00", "2020-08-08T22:41:32+00:00", "2020-08-08T22:55:33+00:00", "2020-08-08T23:07:46+00:00", "2020-08-08T23:28:32+00:00", "2020-08-08T23:43:50+00:00", "2020-08-09T00:07:45+00:00", "2020-08-09T00:29:21+00:00", "2020-08-09T00:44:18+00:00", "2020-08-09T00:56:36+00:00", "2020-08-09T01:11:57+00:00", "2020-08-09T01:22:58+00:00", "2020-08-09T01:37:48+00:00", "2020-08-09T01:45:19+00:00", "2020-08-09T01:57:21+00:00", "2020-08-09T03:23:56+00:00", "2020-08-09T03:42:42+00:00", "2020-08-09T03:58:36+00:00", "2020-08-09T04:12:22+00:00", "2020-08-09T04:36:26+00:00", "2020-08-09T04:53:36+00:00", "2020-08-09T05:16:34+00:00", "2020-08-09T05:29:00+00:00", "2020-08-09T05:48:43+00:00", "2020-08-09T06:09:25+00:00", "2020-08-09T06:32:23+00:00", "2020-08-09T06:51:45+00:00", "2020-08-09T07:18:11+00:00", "2020-08-09T07:41:57+00:00", "2020-08-09T08:04:27+00:00", "2020-08-09T08:31:30+00:00", "2020-08-09T08:51:32+00:00", "2020-08-09T09:23:03+00:00", "2020-08-09T09:44:25+00:00", "2020-08-09T10:07:11+00:00", "2020-08-09T10:32:39+00:00", "2020-08-09T10:53:41+00:00", "2020-08-09T11:17:36+00:00", "2020-08-09T11:56:15+00:00", "2020-08-09T12:28:18+00:00", "2020-08-09T12:54:12+00:00", "2020-08-09T13:18:08+00:00", "2020-08-09T13:42:23+00:00", "2020-08-09T14:00:13+00:00", "2020-08-09T14:19:51+00:00", "2020-08-09T14:39:27+00:00", "2020-08-09T15:08:22+00:00", "2020-08-09T15:22:08+00:00", "2020-08-09T15:32:56+00:00", "2020-08-09T15:43:33+00:00", "2020-08-09T15:53:38+00:00", "2020-08-09T16:03:31+00:00", "2020-08-09T16:17:24+00:00", "2020-08-09T16:40:02+00:00", "2020-08-09T16:54:59+00:00", "2020-08-09T17:08:33+00:00", "2020-08-09T17:31:58+00:00", "2020-08-09T17:50:32+00:00", "2020-08-09T18:11:31+00:00", "2020-08-09T20:17:53+00:00", "2020-08-09T20:37:55+00:00", "2020-08-09T20:57:19+00:00", "2020-08-09T21:18:38+00:00", "2020-08-09T21:35:11+00:00", "2020-08-09T21:51:16+00:00", "2020-08-09T22:05:46+00:00", "2020-08-09T22:20:11+00:00", "2020-08-09T22:41:05+00:00", "2020-08-09T22:57:18+00:00", "2020-08-09T23:12:12+00:00", "2020-08-09T23:27:49+00:00", "2020-08-10T00:45:53+00:00", "2020-08-10T01:06:07+00:00", "2020-08-10T01:31:29+00:00", "2020-08-10T02:02:04+00:00", "2020-08-10T02:19:22+00:00", "2020-08-10T03:16:37+00:00", "2020-08-10T03:32:56+00:00", "2020-08-10T03:50:47+00:00", "2020-08-10T04:01:11+00:00", "2020-08-10T04:47:18+00:00", "2020-08-10T05:09:12+00:00", "2020-08-10T05:34:23+00:00", "2020-08-10T05:58:53+00:00", "2020-08-10T06:25:11+00:00", "2020-08-10T06:52:14+00:00", "2020-08-10T07:12:35+00:00", "2020-08-10T07:33:34+00:00", "2020-08-10T07:58:37+00:00", "2020-08-10T08:24:51+00:00", "2020-08-10T08:42:32+00:00", "2020-08-10T08:57:22+00:00", "2020-08-10T09:13:27+00:00", "2020-08-10T09:34:01+00:00", "2020-08-10T09:54:31+00:00", "2020-08-10T10:09:37+00:00", "2020-08-10T10:29:43+00:00", "2020-08-10T10:46:30+00:00", "2020-08-10T11:13:24+00:00", "2020-08-10T11:31:22+00:00", "2020-08-10T11:53:24+00:00", "2020-08-10T12:13:34+00:00", "2020-08-10T12:27:08+00:00", "2020-08-10T12:47:00+00:00", "2020-08-10T12:59:35+00:00", "2020-08-10T13:27:42+00:00", "2020-08-10T13:45:21+00:00", "2020-08-10T14:05:06+00:00", "2020-08-10T14:28:38+00:00", "2020-08-10T14:45:40+00:00", "2020-08-10T15:09:45+00:00", "2020-08-10T15:21:36+00:00", "2020-08-10T15:34:17+00:00", "2020-08-10T15:47:02+00:00", "2020-08-10T16:01:15+00:00", "2020-08-10T16:17:28+00:00", "2020-08-10T16:31:46+00:00", "2020-08-10T16:46:55+00:00", "2020-08-10T17:03:49+00:00", "2020-08-10T17:19:39+00:00", "2020-08-10T17:29:59+00:00", "2020-08-10T17:48:05+00:00", "2020-08-10T18:09:35+00:00", "2020-08-10T18:22:00+00:00", "2020-08-10T18:38:38+00:00", "2020-08-10T18:54:54+00:00", "2020-08-10T19:10:36+00:00", "2020-08-10T19:26:01+00:00", "2020-08-10T19:39:10+00:00", "2020-08-10T19:53:23+00:00", "2020-08-10T20:07:52+00:00", "2020-08-10T20:20:49+00:00", "2020-08-10T20:34:38+00:00", "2020-08-10T20:44:56+00:00", "2020-08-10T20:54:20+00:00", "2020-08-10T21:03:41+00:00", "2020-08-10T21:12:14+00:00", "2020-08-10T21:26:04+00:00", "2020-08-10T21:41:29+00:00", "2020-08-10T22:00:11+00:00", "2020-08-10T22:12:13+00:00", "2020-08-10T22:24:18+00:00", "2020-08-10T22:36:59+00:00", "2020-08-10T22:46:52+00:00", "2020-08-10T22:57:13+00:00", "2020-08-10T23:06:19+00:00", "2020-08-10T23:17:00+00:00", "2020-08-10T23:29:40+00:00", "2020-08-10T23:44:06+00:00", "2020-08-10T23:56:24+00:00", "2020-08-11T00:07:09+00:00", "2020-08-11T00:22:07+00:00", "2020-08-11T00:42:50+00:00", "2020-08-11T00:59:48+00:00", "2020-08-11T01:19:19+00:00", "2020-08-11T02:35:17+00:00", "2020-08-11T02:45:02+00:00", "2020-08-11T02:55:11+00:00", "2020-08-11T03:04:24+00:00", "2020-08-11T03:14:09+00:00", "2020-08-11T03:21:30+00:00", "2020-08-11T03:31:07+00:00", "2020-08-11T03:40:12+00:00", "2020-08-11T03:53:12+00:00", "2020-08-11T04:02:05+00:00", "2020-08-11T04:39:03+00:00", "2020-08-11T04:51:24+00:00", "2020-08-11T05:01:34+00:00", "2020-08-11T05:12:43+00:00", "2020-08-11T05:23:57+00:00", "2020-08-11T05:34:34+00:00", "2020-08-11T05:50:48+00:00", "2020-08-11T06:08:53+00:00", "2020-08-11T06:19:51+00:00", "2020-08-11T06:32:00+00:00", "2020-08-11T06:51:46+00:00", "2020-08-11T07:03:59+00:00", "2020-08-11T07:19:44+00:00", "2020-08-11T07:34:58+00:00", "2020-08-11T07:46:59+00:00", "2020-08-11T07:59:48+00:00", "2020-08-11T08:13:45+00:00", "2020-08-11T08:24:42+00:00", "2020-08-11T08:33:51+00:00", "2020-08-11T08:42:36+00:00", "2020-08-11T08:53:05+00:00", "2020-08-11T09:02:46+00:00", "2020-08-11T09:12:15+00:00", "2020-08-11T09:20:56+00:00", "2020-08-11T09:30:09+00:00", "2020-08-11T09:41:54+00:00", "2020-08-11T09:51:11+00:00", "2020-08-11T10:00:00+00:00", "2020-08-11T10:11:17+00:00", "2020-08-11T10:19:50+00:00", "2020-08-11T10:30:15+00:00", "2020-08-11T10:44:17+00:00", "2020-08-11T10:54:10+00:00", "2020-08-11T11:04:43+00:00", "2020-08-11T11:16:00+00:00", "2020-08-11T11:48:29+00:00", "2020-08-11T12:05:32+00:00", "2020-08-11T12:38:08+00:00", "2020-08-11T12:49:21+00:00", "2020-08-11T13:12:39+00:00", "2020-08-11T14:06:08+00:00", "2020-08-11T14:15:24+00:00", "2020-08-11T14:23:13+00:00", "2020-08-11T14:40:49+00:00", "2020-08-11T15:04:52+00:00", "2020-08-11T15:24:26+00:00", "2020-08-11T15:38:47+00:00", "2020-08-11T16:02:33+00:00", "2020-08-11T16:22:23+00:00", "2020-08-11T16:39:26+00:00", "2020-08-11T16:57:44+00:00", "2020-08-11T17:16:25+00:00", "2020-08-11T17:30:31+00:00", "2020-08-11T17:43:12+00:00", "2020-08-11T18:03:02+00:00", "2020-08-11T18:19:23+00:00", "2020-08-11T18:39:15+00:00", "2020-08-11T18:58:19+00:00", "2020-08-11T19:15:49+00:00", "2020-08-11T19:33:23+00:00", "2020-08-11T19:47:45+00:00", "2020-08-11T20:06:11+00:00", "2020-08-11T20:17:15+00:00", "2020-08-11T20:38:30+00:00", "2020-08-11T20:49:27+00:00", "2020-08-11T21:05:53+00:00", "2020-08-11T21:23:31+00:00", "2020-08-11T21:39:29+00:00", "2020-08-11T21:53:22+00:00", "2020-08-11T22:02:56+00:00", "2020-08-11T22:17:45+00:00", "2020-08-11T22:33:59+00:00", "2020-08-11T22:46:16+00:00", "2020-08-11T22:55:15+00:00", "2020-08-11T23:04:52+00:00", "2020-08-11T23:19:22+00:00", "2020-08-11T23:28:09+00:00", "2020-08-11T23:37:52+00:00", "2020-08-11T23:48:08+00:00", "2020-08-12T00:05:15+00:00", "2020-08-12T00:18:22+00:00", "2020-08-12T00:40:38+00:00", "2020-08-12T00:51:42+00:00", "2020-08-12T01:06:48+00:00", "2020-08-12T01:15:28+00:00", "2020-08-12T01:29:01+00:00", "2020-08-12T01:36:10+00:00", "2020-08-12T01:53:53+00:00", "2020-08-12T02:04:49+00:00", "2020-08-12T02:15:29+00:00", "2020-08-12T02:23:31+00:00", "2020-08-12T03:31:25+00:00", "2020-08-12T03:44:15+00:00", "2020-08-12T03:52:11+00:00", "2020-08-12T04:10:26+00:00", "2020-08-12T04:26:30+00:00", "2020-08-12T04:41:08+00:00", "2020-08-12T04:56:01+00:00", "2020-08-12T05:14:37+00:00", "2020-08-12T05:26:54+00:00", "2020-08-12T05:42:56+00:00", "2020-08-12T05:53:06+00:00", "2020-08-12T06:03:41+00:00", "2020-08-12T06:15:56+00:00", "2020-08-12T06:26:23+00:00", "2020-08-12T06:34:32+00:00", "2020-08-12T06:43:45+00:00", "2020-08-12T06:52:00+00:00", "2020-08-12T07:06:51+00:00", "2020-08-12T07:20:53+00:00", "2020-08-12T07:36:43+00:00", "2020-08-12T07:52:25+00:00", "2020-08-12T08:00:42+00:00", "2020-08-12T08:08:10+00:00", "2020-08-12T08:19:26+00:00", "2020-08-12T08:34:00+00:00", "2020-08-12T08:46:08+00:00", "2020-08-12T08:58:17+00:00", "2020-08-12T09:16:04+00:00", "2020-08-12T09:29:21+00:00", "2020-08-12T09:44:07+00:00", "2020-08-12T09:54:20+00:00", "2020-08-12T10:06:47+00:00", "2020-08-12T11:31:50+00:00", "2020-08-12T12:15:35+00:00", "2020-08-12T12:25:57+00:00", "2020-08-12T12:35:54+00:00", "2020-08-12T12:49:39+00:00", "2020-08-12T13:05:29+00:00", "2020-08-12T13:18:35+00:00", "2020-08-12T13:31:44+00:00", "2020-08-12T13:48:05+00:00", "2020-08-12T14:05:19+00:00", "2020-08-12T14:21:05+00:00", "2020-08-12T14:37:10+00:00", "2020-08-12T14:54:11+00:00", "2020-08-12T15:08:09+00:00", "2020-08-12T15:23:14+00:00", "2020-08-12T15:37:35+00:00", "2020-08-12T15:56:32+00:00", "2020-08-12T16:10:21+00:00", "2020-08-12T16:27:23+00:00", "2020-08-12T16:44:00+00:00", "2020-08-12T18:32:00+00:00", "2020-08-12T19:14:04+00:00", "2020-08-12T19:23:48+00:00", "2020-08-12T19:41:18+00:00", "2020-08-12T19:58:56+00:00", "2020-08-12T20:15:59+00:00", "2020-08-12T20:31:32+00:00", "2020-08-12T20:44:30+00:00", "2020-08-12T20:55:11+00:00", "2020-08-12T21:05:27+00:00", "2020-08-12T21:13:24+00:00", "2020-08-12T21:24:57+00:00", "2020-08-12T21:36:50+00:00", "2020-08-12T21:45:03+00:00", "2020-08-12T21:56:52+00:00", "2020-08-12T22:04:45+00:00", "2020-08-12T22:13:06+00:00", "2020-08-12T22:19:30+00:00", "2020-08-12T22:27:23+00:00", "2020-08-12T22:34:36+00:00", "2020-08-12T22:43:41+00:00", "2020-08-12T22:50:53+00:00", "2020-08-12T22:59:42+00:00", "2020-08-12T23:10:59+00:00", "2020-08-12T23:20:56+00:00", "2020-08-12T23:31:37+00:00", "2020-08-12T23:40:34+00:00", "2020-08-12T23:49:46+00:00", "2020-08-12T23:58:20+00:00", "2020-08-13T00:06:08+00:00", "2020-08-13T00:15:25+00:00", "2020-08-13T00:24:10+00:00", "2020-08-13T00:31:07+00:00", "2020-08-13T00:41:12+00:00", "2020-08-13T00:51:25+00:00", "2020-08-13T01:04:46+00:00", "2020-08-13T01:14:12+00:00", "2020-08-13T01:26:36+00:00", "2020-08-13T01:36:09+00:00", "2020-08-13T01:44:42+00:00", "2020-08-13T01:53:47+00:00", "2020-08-13T02:16:36+00:00", "2020-08-13T02:40:08+00:00", "2020-08-13T02:46:06+00:00", "2020-08-13T02:53:02+00:00", "2020-08-13T03:05:10+00:00", "2020-08-13T03:27:24+00:00", "2020-08-13T03:41:15+00:00", "2020-08-13T03:50:26+00:00", "2020-08-13T04:05:53+00:00", "2020-08-13T04:22:15+00:00", "2020-08-13T04:44:41+00:00", "2020-08-13T05:04:00+00:00", "2020-08-13T05:21:20+00:00", "2020-08-13T05:39:54+00:00", "2020-08-13T05:57:00+00:00", "2020-08-13T06:18:26+00:00", "2020-08-13T06:42:43+00:00", "2020-08-13T07:00:01+00:00", "2020-08-13T07:21:03+00:00", "2020-08-13T07:40:48+00:00", "2020-08-13T07:58:50+00:00", "2020-08-13T08:16:20+00:00", "2020-08-13T08:34:10+00:00", "2020-08-13T08:48:19+00:00", "2020-08-13T09:05:05+00:00", "2020-08-13T09:20:02+00:00", "2020-08-13T09:37:44+00:00", "2020-08-13T09:59:10+00:00", "2020-08-13T10:15:32+00:00", "2020-08-13T10:40:34+00:00", "2020-08-13T11:23:18+00:00", "2020-08-13T11:36:52+00:00", "2020-08-13T11:53:29+00:00", "2020-08-13T12:07:23+00:00", "2020-08-13T12:24:53+00:00", "2020-08-13T12:39:31+00:00", "2020-08-13T12:54:40+00:00", "2020-08-13T13:10:46+00:00", "2020-08-13T13:33:00+00:00", "2020-08-13T13:47:10+00:00", "2020-08-13T14:15:09+00:00", "2020-08-13T14:29:46+00:00", "2020-08-13T14:59:45+00:00", "2020-08-13T15:21:23+00:00", "2020-08-13T15:36:08+00:00", "2020-08-13T16:27:45+00:00", "2020-08-13T17:21:38+00:00", "2020-08-13T17:36:55+00:00", "2020-08-13T17:54:33+00:00", "2020-08-13T18:12:15+00:00", "2020-08-13T18:31:30+00:00", "2020-08-13T18:48:11+00:00", "2020-08-13T19:08:56+00:00", "2020-08-13T19:27:58+00:00", "2020-08-13T19:43:32+00:00", "2020-08-13T20:02:58+00:00", "2020-08-13T20:25:00+00:00", "2020-08-13T20:42:01+00:00", "2020-08-13T20:59:06+00:00", "2020-08-13T21:16:20+00:00", "2020-08-13T21:31:34+00:00", "2020-08-13T21:48:51+00:00", "2020-08-13T22:06:53+00:00", "2020-08-13T22:31:12+00:00", "2020-08-13T22:57:19+00:00", "2020-08-13T23:24:21+00:00", "2020-08-14T00:49:00+00:00", "2020-08-14T01:08:21+00:00", "2020-08-14T01:26:24+00:00", "2020-08-14T01:47:08+00:00", "2020-08-14T02:11:12+00:00", "2020-08-14T02:35:16+00:00", "2020-08-14T02:59:06+00:00", "2020-08-14T03:38:08+00:00", "2020-08-14T04:13:48+00:00", "2020-08-14T04:36:54+00:00", "2020-08-14T05:06:14+00:00", "2020-08-14T05:27:55+00:00", "2020-08-14T05:57:59+00:00", "2020-08-14T06:24:55+00:00", "2020-08-14T06:55:36+00:00", "2020-08-14T07:39:54+00:00", "2020-08-14T08:01:22+00:00", "2020-08-14T08:19:58+00:00", "2020-08-14T08:44:08+00:00", "2020-08-14T09:00:19+00:00", "2020-08-14T09:24:04+00:00", "2020-08-14T09:49:35+00:00", "2020-08-14T10:02:40+00:00", "2020-08-14T10:23:09+00:00", "2020-08-14T10:46:38+00:00", "2020-08-14T11:07:27+00:00", "2020-08-14T12:01:40+00:00", "2020-08-14T12:20:14+00:00", "2020-08-14T12:36:40+00:00", "2020-08-14T12:54:07+00:00", "2020-08-14T13:11:00+00:00", "2020-08-14T13:28:34+00:00", "2020-08-14T13:42:24+00:00", "2020-08-14T13:51:56+00:00", "2020-08-14T14:02:33+00:00", "2020-08-14T14:10:54+00:00", "2020-08-14T14:22:43+00:00", "2020-08-14T14:30:36+00:00", "2020-08-14T14:37:01+00:00", "2020-08-14T14:44:17+00:00", "2020-08-14T14:52:06+00:00", "2020-08-14T15:00:55+00:00", "2020-08-14T15:06:43+00:00", "2020-08-14T15:13:16+00:00", "2020-08-14T15:42:38+00:00", "2020-08-14T15:50:15+00:00", "2020-08-14T15:58:59+00:00", "2020-08-14T16:06:12+00:00", "2020-08-14T17:12:50+00:00", "2020-08-14T17:22:14+00:00", "2020-08-14T17:32:14+00:00", "2020-08-14T17:41:28+00:00", "2020-08-14T17:48:56+00:00", "2020-08-14T17:57:58+00:00", "2020-08-14T18:08:05+00:00", "2020-08-14T18:14:37+00:00", "2020-08-14T18:21:14+00:00", "2020-08-14T18:27:57+00:00", "2020-08-14T18:33:50+00:00", "2020-08-14T18:40:44+00:00", "2020-08-14T18:47:03+00:00", "2020-08-14T18:54:06+00:00", "2020-08-14T19:01:28+00:00", "2020-08-14T19:10:32+00:00", "2020-08-14T19:23:09+00:00", "2020-08-14T19:35:46+00:00", "2020-08-14T19:46:26+00:00", "2020-08-14T19:55:22+00:00", "2020-08-14T20:04:21+00:00", "2020-08-14T20:11:06+00:00", "2020-08-14T20:22:31+00:00", "2020-08-14T20:38:09+00:00", "2020-08-14T20:48:53+00:00", "2020-08-14T20:56:45+00:00", "2020-08-14T21:03:43+00:00", "2020-08-14T21:14:16+00:00", "2020-08-14T21:24:28+00:00", "2020-08-14T21:33:47+00:00", "2020-08-14T21:43:23+00:00", "2020-08-14T21:56:12+00:00", "2020-08-14T22:07:06+00:00", "2020-08-14T22:16:29+00:00", "2020-08-14T22:24:29+00:00", "2020-08-14T22:32:29+00:00", "2020-08-14T22:39:16+00:00", "2020-08-14T22:47:00+00:00", "2020-08-14T22:53:06+00:00", "2020-08-14T22:59:53+00:00", "2020-08-14T23:08:08+00:00", "2020-08-14T23:16:51+00:00", "2020-08-14T23:30:49+00:00", "2020-08-14T23:38:43+00:00", "2020-08-14T23:46:42+00:00", "2020-08-14T23:54:39+00:00", "2020-08-15T00:08:10+00:00", "2020-08-15T00:20:39+00:00", "2020-08-15T00:35:35+00:00", "2020-08-15T00:46:36+00:00", "2020-08-15T01:02:55+00:00", "2020-08-15T01:14:07+00:00", "2020-08-15T01:23:49+00:00", "2020-08-15T01:31:22+00:00", "2020-08-15T01:41:04+00:00", "2020-08-15T01:53:53+00:00", "2020-08-15T02:08:43+00:00", "2020-08-15T02:19:59+00:00", "2020-08-15T02:39:23+00:00", "2020-08-15T02:54:09+00:00", "2020-08-15T03:18:55+00:00", "2020-08-15T03:34:41+00:00", "2020-08-15T04:02:37+00:00", "2020-08-15T04:08:04+00:00", "2020-08-15T04:15:52+00:00", "2020-08-15T04:22:51+00:00", "2020-08-15T04:29:14+00:00", "2020-08-15T04:35:32+00:00", "2020-08-15T04:45:17+00:00", "2020-08-15T04:53:57+00:00", "2020-08-15T05:01:26+00:00", "2020-08-15T05:10:23+00:00", "2020-08-15T05:22:01+00:00", "2020-08-15T05:30:25+00:00", "2020-08-15T05:38:58+00:00", "2020-08-15T05:46:35+00:00", "2020-08-15T05:53:36+00:00", "2020-08-15T06:03:32+00:00", "2020-08-15T06:10:12+00:00", "2020-08-15T06:18:14+00:00", "2020-08-15T06:25:19+00:00", "2020-08-15T06:32:52+00:00", "2020-08-15T06:42:02+00:00", "2020-08-15T06:50:16+00:00", "2020-08-15T06:57:32+00:00", "2020-08-15T07:04:57+00:00", "2020-08-15T07:11:37+00:00", "2020-08-15T07:18:22+00:00", "2020-08-15T07:26:47+00:00", "2020-08-15T07:33:52+00:00", "2020-08-15T07:42:00+00:00", "2020-08-15T07:49:49+00:00", "2020-08-15T07:57:34+00:00", "2020-08-15T08:06:44+00:00", "2020-08-15T08:13:54+00:00", "2020-08-15T08:24:35+00:00", "2020-08-15T08:32:34+00:00", "2020-08-15T08:39:19+00:00", "2020-08-15T08:47:08+00:00", "2020-08-15T08:55:11+00:00", "2020-08-15T09:02:24+00:00", "2020-08-15T09:10:41+00:00", "2020-08-15T09:17:33+00:00", "2020-08-15T09:27:06+00:00", "2020-08-15T09:34:47+00:00", "2020-08-15T09:42:00+00:00", "2020-08-15T09:50:49+00:00", "2020-08-15T09:59:15+00:00", "2020-08-15T10:28:04+00:00", "2020-08-15T10:41:49+00:00", "2020-08-15T10:51:18+00:00", "2020-08-15T11:01:35+00:00", "2020-08-15T11:12:41+00:00", "2020-08-15T11:19:26+00:00", "2020-08-15T11:26:27+00:00", "2020-08-15T11:33:23+00:00", "2020-08-15T11:44:37+00:00", "2020-08-15T11:55:38+00:00", "2020-08-15T12:02:15+00:00", "2020-08-15T12:10:43+00:00", "2020-08-15T12:27:09+00:00", "2020-08-15T12:35:31+00:00", "2020-08-15T12:44:12+00:00", "2020-08-15T12:55:53+00:00", "2020-08-15T13:03:30+00:00", "2020-08-15T13:12:35+00:00", "2020-08-15T13:22:40+00:00", "2020-08-15T13:29:28+00:00", "2020-08-15T13:38:09+00:00", "2020-08-15T13:45:38+00:00", "2020-08-15T14:09:03+00:00", "2020-08-15T14:16:54+00:00", "2020-08-15T14:24:41+00:00", "2020-08-15T14:37:12+00:00", "2020-08-15T14:45:39+00:00", "2020-08-15T14:55:09+00:00", "2020-08-15T15:03:00+00:00", "2020-08-15T15:11:35+00:00", "2020-08-15T15:20:07+00:00", "2020-08-15T16:41:01+00:00", "2020-08-15T16:50:57+00:00", "2020-08-15T16:58:26+00:00", "2020-08-15T17:04:39+00:00", "2020-08-15T17:14:20+00:00", "2020-08-15T17:22:25+00:00", "2020-08-15T17:32:38+00:00", "2020-08-15T17:42:19+00:00", "2020-08-15T17:50:11+00:00", "2020-08-15T18:00:12+00:00", "2020-08-15T18:07:09+00:00", "2020-08-15T18:15:50+00:00", "2020-08-15T18:22:39+00:00", "2020-08-15T18:31:40+00:00", "2020-08-15T18:42:13+00:00", "2020-08-15T18:51:34+00:00", "2020-08-15T18:59:47+00:00", "2020-08-15T19:06:43+00:00", "2020-08-15T19:13:56+00:00", "2020-08-15T19:22:53+00:00", "2020-08-15T19:32:22+00:00", "2020-08-15T19:41:19+00:00", "2020-08-15T19:48:11+00:00", "2020-08-15T19:55:20+00:00", "2020-08-15T20:03:41+00:00", "2020-08-15T20:12:22+00:00", "2020-08-15T20:21:19+00:00", "2020-08-15T20:28:43+00:00", "2020-08-15T20:39:40+00:00", "2020-08-15T20:46:57+00:00", "2020-08-15T20:59:50+00:00", "2020-08-15T21:12:23+00:00", "2020-08-15T21:23:00+00:00", "2020-08-15T21:32:41+00:00", "2020-08-15T21:43:30+00:00", "2020-08-15T22:21:04+00:00", "2020-08-15T22:29:56+00:00", "2020-08-15T22:38:33+00:00", "2020-08-15T22:47:45+00:00", "2020-08-15T22:57:53+00:00", "2020-08-15T23:08:04+00:00", "2020-08-15T23:15:57+00:00", "2020-08-15T23:23:10+00:00", "2020-08-15T23:30:20+00:00", "2020-08-15T23:38:42+00:00", "2020-08-15T23:51:14+00:00", "2020-08-16T00:00:48+00:00", "2020-08-16T00:09:22+00:00", "2020-08-16T00:22:27+00:00", "2020-08-16T00:35:32+00:00", "2020-08-16T00:43:52+00:00", "2020-08-16T00:52:19+00:00", "2020-08-16T01:00:46+00:00", "2020-08-16T01:11:23+00:00", "2020-08-16T01:23:07+00:00", "2020-08-16T01:32:55+00:00", "2020-08-16T01:41:06+00:00", "2020-08-16T01:50:08+00:00", "2020-08-16T02:04:29+00:00", "2020-08-16T02:20:31+00:00", "2020-08-16T02:33:40+00:00", "2020-08-16T03:19:11+00:00", "2020-08-16T03:30:35+00:00", "2020-08-16T03:38:44+00:00", "2020-08-16T03:50:12+00:00", "2020-08-16T04:02:49+00:00", "2020-08-16T04:11:33+00:00", "2020-08-16T04:19:43+00:00", "2020-08-16T04:27:21+00:00", "2020-08-16T04:38:16+00:00", "2020-08-16T04:48:41+00:00", "2020-08-16T04:58:00+00:00", "2020-08-16T05:06:46+00:00", "2020-08-16T05:14:20+00:00", "2020-08-16T05:23:47+00:00", "2020-08-16T05:34:48+00:00", "2020-08-16T05:46:32+00:00", "2020-08-16T05:57:32+00:00", "2020-08-16T06:05:34+00:00", "2020-08-16T06:13:58+00:00", "2020-08-16T06:23:08+00:00", "2020-08-16T06:30:47+00:00", "2020-08-16T06:41:46+00:00", "2020-08-16T06:50:59+00:00", "2020-08-16T06:58:14+00:00", "2020-08-16T07:04:19+00:00", "2020-08-16T07:28:18+00:00", "2020-08-16T08:06:49+00:00", "2020-08-16T08:26:27+00:00", "2020-08-16T08:47:27+00:00", "2020-08-16T08:56:01+00:00", "2020-08-16T09:06:17+00:00", "2020-08-16T09:18:07+00:00", "2020-08-16T09:27:56+00:00", "2020-08-16T09:38:12+00:00", "2020-08-16T09:48:13+00:00", "2020-08-16T09:59:20+00:00", "2020-08-16T10:09:29+00:00", "2020-08-16T11:13:30+00:00", "2020-08-16T11:31:22+00:00", "2020-08-16T11:48:18+00:00", "2020-08-16T12:07:28+00:00", "2020-08-16T12:30:30+00:00", "2020-08-16T12:53:04+00:00", "2020-08-16T13:14:43+00:00", "2020-08-16T13:38:17+00:00", "2020-08-16T13:58:19+00:00", "2020-08-16T14:17:43+00:00", "2020-08-16T14:40:25+00:00", "2020-08-16T14:56:48+00:00", "2020-08-16T15:15:25+00:00", "2020-08-16T15:33:01+00:00", "2020-08-16T15:52:59+00:00", "2020-08-16T16:24:29+00:00", "2020-08-16T16:39:41+00:00", "2020-08-16T16:50:06+00:00", "2020-08-16T17:08:25+00:00", "2020-08-16T17:25:24+00:00", "2020-08-16T17:44:00+00:00", "2020-08-16T18:02:07+00:00", "2020-08-16T18:17:37+00:00", "2020-08-16T18:35:45+00:00", "2020-08-16T18:53:52+00:00", "2020-08-16T19:04:56+00:00", "2020-08-16T19:12:49+00:00", "2020-08-16T19:22:16+00:00", "2020-08-16T19:30:50+00:00", "2020-08-16T19:44:58+00:00", "2020-08-16T20:04:17+00:00", "2020-08-16T20:20:04+00:00", "2020-08-16T20:36:10+00:00", "2020-08-16T20:52:32+00:00", "2020-08-16T21:06:29+00:00", "2020-08-16T21:22:15+00:00", "2020-08-16T21:37:56+00:00", "2020-08-16T21:53:23+00:00", "2020-08-16T22:07:13+00:00", "2020-08-16T22:26:19+00:00", "2020-08-16T22:37:18+00:00", "2020-08-16T22:50:23+00:00", "2020-08-16T23:02:42+00:00", "2020-08-16T23:11:23+00:00", "2020-08-16T23:20:56+00:00", "2020-08-16T23:29:01+00:00", "2020-08-16T23:34:27+00:00", "2020-08-16T23:43:39+00:00", "2020-08-16T23:55:24+00:00", "2020-08-17T00:07:45+00:00", "2020-08-17T00:21:14+00:00", "2020-08-17T00:35:43+00:00", "2020-08-17T00:53:41+00:00", "2020-08-17T01:15:55+00:00", "2020-08-17T01:30:57+00:00", "2020-08-17T01:54:31+00:00", "2020-08-17T02:08:36+00:00", "2020-08-17T02:20:29+00:00", "2020-08-17T02:37:19+00:00", "2020-08-17T02:52:32+00:00", "2020-08-17T03:07:37+00:00", "2020-08-17T03:29:39+00:00", "2020-08-17T03:49:31+00:00", "2020-08-17T04:04:29+00:00", "2020-08-17T04:19:25+00:00", "2020-08-17T04:32:06+00:00", "2020-08-17T04:43:13+00:00", "2020-08-17T04:55:54+00:00", "2020-08-17T05:08:34+00:00", "2020-08-17T05:20:43+00:00", "2020-08-17T05:36:46+00:00", "2020-08-17T06:02:37+00:00", "2020-08-17T06:30:04+00:00", "2020-08-17T06:49:24+00:00", "2020-08-17T07:13:22+00:00", "2020-08-17T07:32:14+00:00", "2020-08-17T07:55:23+00:00", "2020-08-17T08:21:58+00:00", "2020-08-17T08:43:59+00:00", "2020-08-17T09:14:28+00:00", "2020-08-17T09:45:25+00:00", "2020-08-17T10:03:55+00:00", "2020-08-17T11:07:33+00:00", "2020-08-17T11:28:20+00:00", "2020-08-17T11:49:18+00:00", "2020-08-17T12:04:28+00:00", "2020-08-17T12:21:18+00:00", "2020-08-17T12:41:51+00:00", "2020-08-17T13:00:28+00:00", "2020-08-17T13:16:37+00:00", "2020-08-17T13:31:11+00:00", "2020-08-17T13:46:24+00:00", "2020-08-17T13:58:49+00:00", "2020-08-17T14:12:51+00:00", "2020-08-17T14:27:48+00:00", "2020-08-17T15:44:52+00:00", "2020-08-17T15:55:49+00:00", "2020-08-17T16:10:43+00:00", "2020-08-17T16:25:31+00:00", "2020-08-17T16:39:56+00:00", "2020-08-17T17:00:46+00:00", "2020-08-17T17:20:20+00:00", "2020-08-17T18:03:55+00:00", "2020-08-17T18:27:34+00:00", "2020-08-17T18:53:44+00:00", "2020-08-17T19:21:48+00:00", "2020-08-17T19:45:59+00:00", "2020-08-17T20:20:15+00:00", "2020-08-17T21:29:05+00:00", "2020-08-17T23:13:11+00:00", "2020-08-18T01:02:02+00:00", "2020-08-18T02:36:18+00:00", "2020-08-18T04:10:26+00:00", "2020-08-18T05:34:21+00:00", "2020-08-18T07:40:24+00:00", "2020-08-18T08:49:37+00:00", "2020-08-18T10:05:06+00:00", "2020-08-18T10:48:30+00:00", "2020-08-18T11:06:52+00:00", "2020-08-18T11:23:51+00:00", "2020-08-18T11:40:05+00:00", "2020-08-18T11:56:47+00:00", "2020-08-18T12:11:36+00:00", "2020-08-18T12:37:58+00:00", "2020-08-18T13:00:54+00:00", "2020-08-18T13:19:36+00:00", "2020-08-18T13:33:33+00:00", "2020-08-18T13:50:58+00:00", "2020-08-18T14:07:43+00:00", "2020-08-18T14:29:33+00:00", "2020-08-18T14:51:44+00:00", "2020-08-18T15:05:57+00:00", "2020-08-18T15:20:06+00:00", "2020-08-18T15:36:19+00:00", "2020-08-18T16:56:59+00:00", "2020-08-18T17:14:15+00:00", "2020-08-18T17:32:13+00:00", "2020-08-18T17:48:24+00:00", "2020-08-18T18:04:25+00:00", "2020-08-18T18:17:51+00:00", "2020-08-18T18:34:32+00:00", "2020-08-18T18:49:14+00:00", "2020-08-18T19:04:43+00:00", "2020-08-18T19:23:05+00:00", "2020-08-18T19:40:19+00:00", "2020-08-18T19:58:05+00:00", "2020-08-18T20:13:24+00:00", "2020-08-18T20:28:29+00:00", "2020-08-18T20:46:56+00:00", "2020-08-18T21:01:18+00:00", "2020-08-18T21:14:56+00:00", "2020-08-18T21:35:46+00:00", "2020-08-18T21:48:20+00:00", "2020-08-18T21:59:04+00:00", "2020-08-18T22:17:15+00:00", "2020-08-18T22:35:11+00:00", "2020-08-18T22:51:09+00:00", "2020-08-18T23:08:59+00:00", "2020-08-18T23:20:45+00:00", "2020-08-18T23:34:41+00:00", "2020-08-18T23:50:55+00:00", "2020-08-19T00:13:58+00:00", "2020-08-19T00:33:48+00:00", "2020-08-19T00:47:34+00:00", "2020-08-19T03:03:37+00:00", "2020-08-19T03:50:00+00:00", "2020-08-19T04:08:31+00:00", "2020-08-19T04:20:39+00:00", "2020-08-19T04:38:21+00:00", "2020-08-19T05:01:40+00:00", "2020-08-19T05:15:50+00:00", "2020-08-19T05:31:11+00:00", "2020-08-19T05:49:15+00:00", "2020-08-19T06:05:58+00:00", "2020-08-19T06:21:08+00:00", "2020-08-19T06:35:34+00:00", "2020-08-19T06:49:07+00:00", "2020-08-19T07:07:01+00:00", "2020-08-19T07:29:27+00:00", "2020-08-19T07:48:40+00:00", "2020-08-19T08:19:31+00:00", "2020-08-19T08:52:38+00:00", "2020-08-19T09:22:08+00:00", "2020-08-19T10:08:15+00:00", "2020-08-19T10:27:49+00:00", "2020-08-19T10:50:20+00:00", "2020-08-19T11:10:25+00:00", "2020-08-19T11:31:07+00:00", "2020-08-19T11:48:42+00:00", "2020-08-19T12:15:22+00:00", "2020-08-19T12:40:13+00:00", "2020-08-19T12:57:27+00:00", "2020-08-19T13:17:25+00:00", "2020-08-19T13:35:35+00:00", "2020-08-19T13:51:25+00:00", "2020-08-19T14:07:39+00:00", "2020-08-19T14:23:17+00:00", "2020-08-19T14:37:34+00:00", "2020-08-19T14:55:42+00:00", "2020-08-19T15:13:26+00:00", "2020-08-19T15:26:19+00:00", "2020-08-19T15:43:52+00:00", "2020-08-19T16:18:11+00:00", "2020-08-19T16:38:36+00:00", "2020-08-19T17:19:38+00:00", "2020-08-19T17:42:24+00:00", "2020-08-19T18:01:53+00:00", "2020-08-19T18:20:36+00:00", "2020-08-19T18:44:30+00:00", "2020-08-19T19:07:04+00:00", "2020-08-19T19:25:18+00:00", "2020-08-19T19:41:20+00:00", "2020-08-19T20:05:38+00:00", "2020-08-19T20:24:50+00:00", "2020-08-19T20:40:19+00:00", "2020-08-19T20:58:25+00:00", "2020-08-19T21:15:03+00:00", "2020-08-19T21:37:57+00:00", "2020-08-19T21:57:16+00:00", "2020-08-19T22:15:06+00:00", "2020-08-19T22:36:33+00:00", "2020-08-19T22:51:01+00:00", "2020-08-19T23:12:32+00:00", "2020-08-19T23:28:30+00:00", "2020-08-19T23:44:13+00:00", "2020-08-19T23:59:34+00:00", "2020-08-20T00:12:47+00:00", "2020-08-20T00:29:43+00:00", "2020-08-20T00:43:45+00:00", "2020-08-20T00:56:10+00:00", "2020-08-20T01:11:44+00:00", "2020-08-20T01:28:06+00:00", "2020-08-20T01:42:11+00:00", "2020-08-20T02:06:32+00:00", "2020-08-20T02:20:30+00:00", "2020-08-20T02:37:55+00:00", "2020-08-20T02:55:09+00:00", "2020-08-20T03:02:17+00:00", "2020-08-20T03:34:17+00:00", "2020-08-20T03:49:07+00:00", "2020-08-20T04:03:21+00:00", "2020-08-20T04:14:17+00:00", "2020-08-20T04:25:21+00:00", "2020-08-20T04:37:43+00:00", "2020-08-20T04:50:24+00:00", "2020-08-20T05:01:30+00:00", "2020-08-20T05:19:19+00:00", "2020-08-20T05:34:04+00:00", "2020-08-20T05:51:24+00:00", "2020-08-20T06:06:01+00:00", "2020-08-20T06:21:40+00:00", "2020-08-20T06:37:47+00:00", "2020-08-20T06:52:49+00:00", "2020-08-20T07:11:19+00:00", "2020-08-20T07:25:39+00:00", "2020-08-20T07:43:25+00:00", "2020-08-20T08:00:36+00:00", "2020-08-20T08:15:14+00:00", "2020-08-20T08:35:18+00:00", "2020-08-20T08:53:50+00:00", "2020-08-20T09:11:38+00:00", "2020-08-20T09:31:09+00:00", "2020-08-20T09:51:33+00:00", "2020-08-20T10:09:29+00:00", "2020-08-20T10:28:24+00:00", "2020-08-20T10:52:33+00:00", "2020-08-20T11:14:13+00:00", "2020-08-20T11:32:33+00:00", "2020-08-20T11:54:22+00:00", "2020-08-20T12:15:14+00:00", "2020-08-20T12:37:34+00:00", "2020-08-20T12:58:36+00:00", "2020-08-20T14:03:33+00:00", "2020-08-20T14:22:37+00:00", "2020-08-20T14:45:03+00:00", "2020-08-20T15:04:40+00:00", "2020-08-20T15:16:00+00:00", "2020-08-20T15:30:32+00:00", "2020-08-20T15:47:49+00:00", "2020-08-20T16:03:38+00:00", "2020-08-20T16:18:44+00:00", "2020-08-20T16:34:30+00:00", "2020-08-20T16:52:31+00:00", "2020-08-20T17:07:36+00:00", "2020-08-20T17:23:13+00:00", "2020-08-20T17:40:02+00:00", "2020-08-20T17:56:31+00:00", "2020-08-20T18:12:29+00:00", "2020-08-20T18:28:54+00:00", "2020-08-20T19:13:00+00:00", "2020-08-20T19:22:32+00:00", "2020-08-20T19:40:26+00:00", "2020-08-20T20:01:02+00:00", "2020-08-20T20:18:00+00:00", "2020-08-20T20:37:08+00:00", "2020-08-20T21:00:25+00:00", "2020-08-20T21:21:47+00:00", "2020-08-20T21:38:59+00:00", "2020-08-20T21:56:07+00:00", "2020-08-20T22:10:43+00:00", "2020-08-20T22:28:51+00:00", "2020-08-20T22:47:58+00:00", "2020-08-20T23:07:35+00:00", "2020-08-20T23:22:45+00:00", "2020-08-20T23:36:42+00:00", "2020-08-20T23:51:34+00:00", "2020-08-21T00:06:39+00:00", "2020-08-21T00:20:21+00:00", "2020-08-21T00:35:24+00:00", "2020-08-21T00:47:29+00:00", "2020-08-21T00:59:58+00:00", "2020-08-21T01:12:51+00:00", "2020-08-21T01:28:42+00:00", "2020-08-21T01:39:56+00:00", "2020-08-21T01:51:42+00:00", "2020-08-21T02:01:47+00:00", "2020-08-21T02:13:20+00:00", "2020-08-21T02:24:21+00:00", "2020-08-21T02:35:02+00:00", "2020-08-21T02:46:43+00:00", "2020-08-21T02:56:52+00:00", "2020-08-21T03:04:53+00:00", "2020-08-21T03:22:55+00:00", "2020-08-21T03:33:08+00:00", "2020-08-21T03:45:41+00:00", "2020-08-21T04:15:49+00:00", "2020-08-21T04:27:56+00:00", "2020-08-21T04:44:10+00:00", "2020-08-21T05:01:35+00:00", "2020-08-21T05:17:33+00:00", "2020-08-21T05:38:15+00:00", "2020-08-21T05:59:25+00:00", "2020-08-21T06:19:49+00:00", "2020-08-21T06:36:00+00:00", "2020-08-21T06:55:10+00:00", "2020-08-21T07:10:36+00:00", "2020-08-21T07:24:49+00:00", "2020-08-21T07:45:23+00:00", "2020-08-21T08:02:00+00:00", "2020-08-21T08:13:33+00:00", "2020-08-21T08:27:55+00:00", "2020-08-21T08:42:12+00:00", "2020-08-21T08:54:01+00:00", "2020-08-21T09:39:19+00:00", "2020-08-21T09:56:36+00:00", "2020-08-21T10:11:44+00:00", "2020-08-21T10:28:25+00:00", "2020-08-21T10:46:02+00:00", "2020-08-21T11:03:33+00:00", "2020-08-21T11:19:06+00:00", "2020-08-21T11:34:55+00:00", "2020-08-21T11:58:57+00:00", "2020-08-21T12:22:37+00:00", "2020-08-21T12:46:43+00:00", "2020-08-21T13:05:16+00:00", "2020-08-21T13:23:05+00:00", "2020-08-21T13:48:24+00:00", "2020-08-21T14:03:59+00:00", "2020-08-21T14:22:46+00:00", "2020-08-21T14:38:20+00:00", "2020-08-21T14:48:13+00:00", "2020-08-21T15:03:17+00:00", "2020-08-21T15:13:05+00:00", "2020-08-21T16:07:29+00:00", "2020-08-21T16:21:46+00:00", "2020-08-21T16:35:24+00:00", "2020-08-21T16:49:33+00:00", "2020-08-21T17:02:30+00:00", "2020-08-21T17:19:23+00:00", "2020-08-21T17:33:35+00:00", "2020-08-21T17:53:51+00:00", "2020-08-21T18:06:31+00:00", "2020-08-21T18:16:48+00:00", "2020-08-21T18:32:49+00:00", "2020-08-21T18:46:27+00:00", "2020-08-21T19:07:52+00:00", "2020-08-21T19:18:58+00:00", "2020-08-21T19:37:30+00:00", "2020-08-21T19:54:21+00:00", "2020-08-21T20:10:48+00:00", "2020-08-21T20:28:21+00:00", "2020-08-21T20:49:03+00:00", "2020-08-21T21:04:00+00:00", "2020-08-21T21:20:47+00:00", "2020-08-21T21:44:49+00:00", "2020-08-21T22:05:45+00:00", "2020-08-21T22:30:53+00:00", "2020-08-21T22:46:18+00:00", "2020-08-21T22:58:24+00:00", "2020-08-22T01:20:25+00:00", "2020-08-22T01:39:13+00:00", "2020-08-22T01:48:14+00:00", "2020-08-22T01:58:32+00:00", "2020-08-22T02:12:49+00:00", "2020-08-22T02:28:19+00:00", "2020-08-22T02:43:24+00:00", "2020-08-22T03:01:14+00:00", "2020-08-22T03:13:31+00:00", "2020-08-22T03:28:36+00:00", "2020-08-22T03:41:18+00:00", "2020-08-22T03:54:08+00:00", "2020-08-22T04:04:37+00:00", "2020-08-22T04:32:40+00:00", "2020-08-22T04:49:59+00:00", "2020-08-22T05:03:21+00:00", "2020-08-22T05:25:21+00:00", "2020-08-22T05:47:39+00:00", "2020-08-22T06:12:33+00:00", "2020-08-22T06:41:28+00:00", "2020-08-22T07:09:58+00:00", "2020-08-22T07:22:19+00:00", "2020-08-22T07:49:49+00:00", "2020-08-22T08:27:33+00:00", "2020-08-22T08:44:14+00:00", "2020-08-22T09:08:21+00:00", "2020-08-22T09:25:38+00:00", "2020-08-22T09:47:25+00:00", "2020-08-22T10:05:46+00:00", "2020-08-22T10:26:34+00:00", "2020-08-22T10:39:53+00:00", "2020-08-22T10:55:29+00:00", "2020-08-22T11:14:37+00:00", "2020-08-22T11:42:12+00:00", "2020-08-22T11:59:12+00:00", "2020-08-22T12:23:02+00:00", "2020-08-22T12:48:20+00:00", "2020-08-22T13:22:19+00:00", "2020-08-22T14:21:28+00:00", "2020-08-22T14:52:30+00:00", "2020-08-22T15:14:53+00:00", "2020-08-22T15:43:23+00:00", "2020-08-22T16:00:48+00:00", "2020-08-22T16:17:01+00:00", "2020-08-22T16:34:43+00:00", "2020-08-22T16:52:59+00:00", "2020-08-22T17:15:58+00:00", "2020-08-22T17:34:43+00:00", "2020-08-22T17:57:42+00:00", "2020-08-22T18:17:36+00:00", "2020-08-22T18:38:02+00:00", "2020-08-22T19:07:05+00:00", "2020-08-22T19:32:23+00:00", "2020-08-22T20:02:59+00:00", "2020-08-22T20:25:13+00:00", "2020-08-22T20:47:39+00:00", "2020-08-22T21:05:45+00:00", "2020-08-22T21:17:46+00:00", "2020-08-22T21:32:29+00:00", "2020-08-22T21:49:35+00:00", "2020-08-22T22:02:24+00:00", "2020-08-22T22:20:49+00:00", "2020-08-22T22:32:47+00:00", "2020-08-22T22:43:09+00:00", "2020-08-22T22:52:11+00:00", "2020-08-23T06:00:17+00:00", "2020-08-23T15:31:52+00:00", "2020-08-25T02:33:00+00:00", "2020-09-04T21:22:20+00:00", "2020-09-04T21:51:52+00:00", "2020-09-04T22:06:46+00:00"], "elevations": [18.6, 6.4, 10.5, 16.5, 14.5, null, null, null, null, null, null, null, 6.4, null, null, null, null, null, 10.5, null, null, null, null, 0.3, null, -3.7, null, null, 22.6, null, null, -9.8, null, null, null, null, null, null, null, null, null, null, null, null, null, null, null, null, null, null, null, null, null, 2.3, null, null, null, null, null, null, null, null, null, null, null, null, null, null, null, null, null, null, null, null, null, null, null, 12.5, null, 2.3, null, null, null, null, null, null, null, null, null, null, 8.4, null, -1.7, null, null, null, null, null, null, null, null, null, null, null, null, null, null, null, null, null, null, null, 8.4, null, null, null, null, null, null, null, 6.4, null, null, null, null, null, null, 0.3, null, -1.7, null, null, null, null, null, null, 14.5, null, null, null, null, null, null, null, null, null, null, null, null, null, null, null, null, null, null, 4.4, null, null, null, null, null, null, null, 24.7, null, null, null, 26.7, null, null, null, 6.4, null, null, null, null, null, null, null, null, null, null, null, null, null, null, null, 10.5, null, null, null, null, null, null, null, null, null, null, null, null, null, null, null, 4.4, null, null, null, null, null, null, null, null, null, null, null, null, null, null, null, null, null, 16.5, null, null, null, null, null, 8.4, 4.4, null, 34.8, null, null, null, null, 6.4, null, null, null, null, null, 2.3, null, null, null, null, null, null, null, null, 4.4, null, 6.4, null, null, null, 6.4, null, null, null, null, null, null, null, null, null, null, null, null, null, null, null, null, null, null, null, null, null, null, null, null, null, null, null, null, 10.5, 14.5, null, null, null, null, null, null, null, null, null, null, null, 8.4, null, null, null, null, null, null, null, null, null, null, null, null, null, null, null, null, null, null, null, null, null, null, null, null, null, null, null, null, null, null, null, null, null, null, null, null, 6.4, null, null, 12.5, 10.5, 4.4, null, null, null, null, null, null, 10.5, null, null, null, null, null, null, null, null, 6.4, null, null, null, null, null, null, null, 8.4, null, null, null, null, 6.4, null, null, null, null, null, null, 4.4, null, 8.4, null, null, null, null, null, null, null, null, null, null, null, null, null, null, null, 22.6, null, null, null, null, null, null, null, null, null, null, null, null, 8.4, 6.4, null, null, null, null, null, null, 10.5, null, null, null, null, null, null, null, null, null, null, null, null, null, null, null, null, null, null, 2.3, null, null, null, null, null, null, null, null, null, null, null, null, null, null, null, null, null, null, null, null, null, null, null, null, null, null, null, null, null, null, null, null, null, null, null, null, null, null, null, null, null, null, null, null, null, null, null, null, null, null, null, null, null, null, null, null, null, null, null, null, null, null, null, null, null, null, null, null, 18.6, 2.3, null, null, null, null, null, null, null, null, null, null, null, null, null, -15.9, null, null, null, null, null, null, -24.0, null, null, null, null, null, 0.3, null, null, null, null, null, null, null, null, null, null, null, null, 4.4, null, null, null, null, null, null, null, null, null, null, null, null, null, 22.6, null, null, null, null, null, null, null, null, null, null, null, null, null, null, null, null, null, null, null, null, null, null, null, null, null, null, 6.4, null, null, null, null, null, null, null, null, null, null, null, null, null, null, null, null, null, null, null, null, null, null, null, null, null, null, null, null, null, 14.5, 20.6, 18.6, 8.4, null, null, null, null, null, null, null, null, null, null, null, null, null, null, null, null, null, null, null, null, null, null, null, null, null, null, null, null, null, null, null, null, null, null, null, null, null, null, null, null, null, null, null, null, null, null, null, null, null, null, null, null, null, null, null, null, null, null, null, 4.4, null, null, null, null, null, null, null, null, null, -1.7, 0.3, -1.7, null, null, null, null, null, -1.7, null, null, null, null, null, null, null, null, null, null, 0.3, null, null, null, null, null, null, null, null, null, null, null, null, null, null, null, null, 0.3, null, null, 2.4, null, null, -1.7, null, null, null, null, null, null, null, null, null, null, null, null, null, null, null, null, null, null, null, -1.7, null, null, null, 0.3, null, null, null, null, null, null, null, null, null, null, null, null, 4.4, null, null, null, null, 4.4, null, null, null, null, null, null, null, null, null, null, null, null, null, null, null, null, null, null, null, null, null, -1.7, null, null, null, null, null, 2.3, null, null, null, null, null, null, null, null, null, null, null, null, -5.8, null, null, null, null, null, null, null, null, null, null, null, null, null, null, null, null, null, null, null, null, null, null, -1.7, null, null, null, -9.8, 0.3, null, null, null, null, null, 2.3, null, null, null, null, null, null, -1.7, -13.9, -3.7, null, null, null, null, -3.7, null, null, null, null, null, null, -9.8, null, null, null, null, -3.7, null, null, null, null, null, null, 2.3, -1.7, null, null, null, null, null, null, null, null, null, null, null, null, null, null, null, null, null, null, null, null, null, -7.8, null, null, null, null, null, null, null, null, null, 2.3, null, null, null, null, null, null, null, null, null, null, null, null, null, null, null, null, null, null, null, null, null, null, null, null, 6.4, null, null, null, null, null, null, null, null, 0.3, null, null, null, null, null, null, null, null, null, null, null, null, null, null, null, null, null, null, null, null, null, 8.4, null, null, null, null, null, null, null, null, null, null, null, null, null, null, null, null, null, null, null, null, 0.3, null, null, null, null, null, null, null, null, null, null, null, null, null, null, null, null, null, -5.8, 34.8, null, null, null, null, null, null, null, null, null, null, null, null, null, null, null, null, null, null, null, null, null, null, null, null, null, null, null, null, null, null, null, null, null, null, null, -7.8, null, null, null, null, null, null, 0.3, null, null, null, null, 0.3, null, null, null, null, -3.7, null, null, null, null, -1.7, null, null, null, null, -3.7, null, null, null, null, -3.7, null, null, null, null, null, null, null, null, null, null, null, -1.7, -1.7, null, null, null, null, null, null, null, null, null, null, null, null, null, null, null, null, null, 0.3, null, null, null, null, null, null, null, null, null, null, null, null, 14.5, 0.3, null, null, null, null, null, null, -3.7, null, null, null, null, null, null, null, null, null, null, null, -1.7, null, null, null, null, null, -3.7, null, null, null, null, -5.8, null, null, null, null, -5.8, null, null, -1.7, -1.7, null, null, null, null, null, null, null, null, null, null, null, null, null, null, null, null, null, null, -3.7, null, null, null, null, null, null, null, null, null, null, null, null, null, null, null, null, null, null, -3.7, null, null, null, null, null, null, null, null, null, null, null, null, null, null, null, null, null, -42.2, null, null, null, null, -1.7, null, null, null, null, null, null, null, null, null, null, null, -1.7, null, null, null, null, null, null, -1.7, null, null, null, null, null, null, null, null, null, null, null, null, null, null, null, 2.3, null, null, null, null, null, null, null, null, null, null, null, null, -5.8, null, -5.8, null, null, null, null, -1.7, null, null, null, null, null, null, null, null, null, null, null, null, null, null, null, 0.3, null, null, null, null, -3.7, null, null, null, null, null, null, null, null, null, null, null, null, null, -1.7, null, null, null, 14.5, 12.5, 4.4, null, null, null, null, null, null, -3.7, null, null, null, null, null, null, -26.0, -7.8, -7.8, -3.7, null, null, null, null, null, null, null, null, null, null, null, null, -1.7, null, null, null, null, null, null, null, null, null, null, null, null, null, -3.7, null, null, null, null, null, -1.7, null, null, 2.3, null, null, null, null, null, null, null, null, null, null, null, null, null, null, null, null, null, null, null, null, null, null, null, null, null, null, null, null, null, null, null, null, null, null, null, null, null, null, null, null, null, null, null, null, null, null, null, null, null, null, null, null, null, null, null, null, null, null, null, null, null, null, null, 4.4, null, null, null, null, 4.4, null, null, null, null, null, null, null, null, null, null, null, null, null, null, null, null, null, null, null, 2.3, null, null, null, 0.3, 0.3, null, null, null, null, null, null, null, null, null, null, null, null, null, null, null, null, 0.3, null, -1.7, null, null, null, null, null, null, null, 4.4, 2.3, null, 18.6, null, null, null, null, -3.7, null, null, null, null, null, null, null, null, null, null, null, null, null, null, null, null, null, null, null, null, null, null, null, null, null, null, null, null, null, null, null, null, null, null, null, null, null, null, null, null, null, null, null, null, null, -15.9, null, 4.4, null, -13.9, null, null, -1.7, -1.7, null, -7.8, null, -1.7, 14.5, null, null, null, null, null, null, null, -3.7, null, 4.4, null, 2.3, null, null, null, 0.3, null, 0.3, null, 8.4, null, null, null, null, -1.7, null, null, null, 2.3, null, null, 2.3, 4.4, null, null, null, -3.7, null, null, null, null, null, 0.3, null, null, null, 2.3, 0.3, -1.7, 0.3, null, null, 0.3, null, null, null, null, null, 2.3, 4.4, null, 0.3, null, -5.8, null, -1.7, null, -3.7, null, -3.7, -3.7, -5.8, 0.3, 2.3, 0.3, 0.3, 2.3, 4.4, -3.7, -1.7, 0.3, 2.3, 2.3, 8.4, 2.3, 0.3, 0.3, 4.4, 14.5, null, 2.3, 14.5, 22.6, null, null, null, null, null, null, null, null, null, -5.8, null, null, null, 2.3, null, null, null, null, null, null, null, null, null, null, null, null, 2.3, null, 2.3, null, null, null, null, null, -1.7, null, null, 4.4, null, null, 8.4, null, null, 8.4, null, -5.8, null, 6.4, 22.6, 6.4, 3.4, 7.4, 4.4, null, null, 2.3, null, null, null, null, null, null, null, null, null, null, null, null, 4.4, null, null, 8.4, null, null, null, null, null, -3.7, 4.4, null, null, null, null, null, null, null, null, null, null, null, null, null, null, null, null, 6.4, null, null, null, 2.3, null, null, null, null, null, null, null, null, null, null, null, -13.9, null, 8.4, null, null, 2.3, 4.4, null, -7.8, null, null, null, null, -9.8, null, null, 8.4, null, null, null, null, null, null, null, null, 8.4, null, null, null, null, null, null, null, null, null, null, null, null, null, null, null, null, null, null, null, null, null, null, null, null, null, 10.5, null, null, null, null, null, null, null, null, 8.4, null, null, null, null, null, null, null, 14.5, null, null, null, null, null, null, null, null, null, null, null, null, null, null, null, null, null, null, null, null, null, null, null, null, null, null, null, null, null, null, null, null, null, null, null, null, null, null, null, null, null, null, null, null, null, null, null, null, null, null, null, null, null, null, 4.4, null, null, null, null, null, null, null, null, null, null, null, null, null, null, null, null, null, 28.7, null, null, null, 38.9, null, null, null, null, null, null, null, null, null, null, null, null, null, null, null, null, null, null, null, null, null, null, null, null, null, null, null, null, null, null, null, null, null, null, null, null, null, null, null, null, null, null, null, null, null, null, null, null, null, null, null, null, 30.8, null, 2.3, null, null, null, null, null, null, null, null, null, null, 12.5, null, null, null, null, null, null, null, null, null, null, null, null, null, null, null, null, null, null, null, null, 4.4, null, null, null, null, 8.4, null, null, null, null, null, null, null, null, null, null, null, null, null, null, null, null, null, null, null, null, null, null, null, null, null, null, null, 12.5, null, null, null, null, null, null, null, null, 12.5, 6.4, null, null, null, null, 43.0, -7.8, null, null, null, null, null, null, null, null, null, null, null, null, null, null, null, null, null, null, null, null, null, null, null, null, null, null, null, null, null, null, null, null, null, null, null, null, null, null, null, null, null, null, null, null, null, null, null, null, null, null, null, null, null, null, null, null, null, null, null, null, null, null, null, null, null, null, null, null, null, null, null, null, null, null, null, null, null, null, null, null, null, null, null, null, null, null, null, null, null, 0.3, null, null, null, null, null, -1.7, null, null, null, null, null, null, 8.4, null, null, null, null, null, null, null, null, null, null, null, null, null, null, null, null, 12.5, null, null, null, null, null, -9.8, null, null, null, null, 10.5, null, 24.7, null, null, null, null, null, null, -7.8, null, null, null, null, null, null, null, null, null, null, null, null, null, null, null, null, null, null, null, null, null, null, null, null, null, null, null, null, null, null, null, null, null, null, null, null, null, null, null, null, null, null, null, null, null, null, null, null, null, null, null, null, null, null, null, null, null, null, null, null, null, null, -13.9, null, null, null, 0.3, null, null, null, null, null, null, 8.4, null, null, null, null, null, null, null, null, null, 0.3, null, null, null, null, null, null, null, null, null, null, null, null, null, null, null, null, null, null, null, null, null, null, null, null, null, null, null, null, null, null, null, null, -3.7, null, null, null, null, null, null, null, null, null, null, null, 0.3, null, null, null, null, null, null, null, null, null, null, null, null, null, null, null, null, null, null, null, null, null, null, null, null, null, null, null, null, null, null, null, 6.4, 6.4, 4.4, null, null, null, null, null, null, null, null, null, null, null, null, null, null, null, null, -1.7, null, null, null, null, null, null, null, null, null, null, null, null, 4.4, null, null, null, null, null, null, null, null, null, null, null, null, null, null, null, null, null, null, 2.3, 2.3, null, null, 0.3, 0.3, null, null, null, null, null, null, null, null, null, null, null, null, null, null, null, null, null, null, null, null, null, null, null, null, null, null, null, null, null, -1.7, null, null, null, null, 0.3, null, null, null, 81.6, null, null, null, null, null, null, null, null, null, null, null, null, null, null, null, null, null, null, null, null, null, null, null, null, null, null, null, null, null, null, null, null, null, null, null, null, null, null, null, null, null, null, null, null, null, null, null, null, null, null, null, null, null, null, null, null, null, null, null, null, null, null, null, null, null, null, null, null, null, null, null, null, null, null, null, null, null, null, null, null, null, null, null, null, null, null, null, null, null, null, null, null, null, null, null, null, null, null, null, null, null, null, null, null, null, null, null, null, null, null, null, null, null, null, null, null, null, null, null, null, null, null, null, null, null, null, null, null, null, null, null, null, null, null, null, null, null, null, null, null, null, null, null, null, null, null, null, null, null, null, null, null, null, null, null, null, null, null, null, -19.9, null, null, null, null, null, null, null, null, null, null, null, null, null, null, null, null, null, null, null, null, null, null, null, null, null, null, null, null, null, null, null, null, null, null, null, null, null, null, null, null, null, null, null, null, null, null, null, null, null, null, null, null, null, null, null, null, null, null, null, null, null, null, null, null, null, null, null, null, null, null, null, null, null, null, null, null, null, null, null, null, null, null, -22.0, null, 2.3, -22.0, -24.0, null, null, null, 0.3, null, null, null, null, null, null, null, null, null, null, null, null, null, null, null, null, null, null, null, null, null, null, null, null, null, null, null, null, null, null, null, null, null, null, null, null, null, null, null, null, null, null, null, null, null, null, null, null, null, null, null, null, null, null, null, null, null, null, null, null, null, null, null, null, null, null, null, null, null, null, null, null, null, null, null, null, null, null, null, null, null, null, null, null, null, null, null, null, null, null, null, null, null, null, null, null, null, null, null, null, null, null, null, null, null, null, null, null, null, null, null, null, null, null, null, null, null, null, null, null, null, null, null, null, null, null, null, null, null, null, null, null, null, null, null, null, null, null, null, null, null, null, null, null, null, null, null, null, null, null, null, null, -1.7, null, 6.4, null, null, null, null, null, null, null, null, null, null, null, null, null, null, null, null, null, null, null, null, null, null, null, null, null, 10.5, null, null, null, null, null, null, null, null, null, null, null, null, null, null, null, null, 8.4, null, 2.3, null, null, null, 0.3, null, null, null, null, null, null, 2.3, null, 0.3, null, null, 4.4, null, 6.4, null, null, null, null, null, null, null, null, null, null, null, null, null, null, null, null, null, null, null, null, null, null, null, null, null, null, null, null, null, null, null, null, null, null, null, null, null, null, null, null, null, null, null, null, null, null, null, null, null, null, null, null, null, null, null, null, null, null, null, 2.3, null, null, null, null, null, null, null, null, null, null, null, null, null, null, null, null, null, null, null, null, null, null, null, null, null, null, null, null, null, null, null, null, null, null, null, null, null, null, null, null, null, null, null, null, null, null, null, null, null, null, null, null, null, null, null, null, null, null, null, null, null, null, null, null, null, null, null, null, null, null, null, null, null, null, null, null, null, null, null, null, null, null, null, null, null, null, null, null, null, null, null, null, null, null, null, null, null, null, null, null, null, null, null, null, null, null, null, null, null, null, null, null, null, null, null, null, null, null, null, null, null, null, null, null, null, null, null, null, null, null, null, null, null, null, null, null, null, null, null, null, null, null, null, null, null, null, null, null, null, null, null, null, null, null, null, null, null, null, null, null, null, null, null, null, null, null, null, null, null, null, null, null, null, null, null, null, null, null, null, null, null, null, null, null, null, null, null, null, null, null, null, null, null, null, null, -1.7, null, null, null, null, null, null, null, null, null, null, null, null, null, null, null, null, null, null, null, null, null, null, null, null, null, -1.7, null, -1.7, null, null, null]}