{"type": "Feature", "properties": {"leg_id": 84, "name": "20250815 - Hale&apos;iwa to Victoria, Canada", "stated_nm": 3261.9, "computed_nm": 3261.9}, "geometry": {"type": "LineString", "coordinates": [[-158.10619, 21.59424], [-158.107021, 21.597784], [-158.10616, 21.594773], [-158.117948, 21.607168], [-158.119063, 21.623167], [-158.112805, 21.629843], [-158.113298, 21.638531], [-158.113219, 21.649007], [-158.112887, 21.658746], [-158.115069, 21.666522], [-158.116699, 21.673223], [-158.115685, 21.68291], [-158.111732, 21.701262], [-158.107317, 21.715457], [-158.102648, 21.728735], [-158.099267, 21.741509], [-158.091467, 21.761432], [-158.092848, 21.769181], [-158.098282, 21.779052], [-158.103362, 21.789813], [-158.105823, 21.79776], [-158.112202, 21.814208], [-158.104693, 21.8321], [-158.101136, 21.842363], [-158.097272, 21.854295], [-158.09513, 21.866134], [-158.092068, 21.877033], [-158.089702, 21.887783], [-158.084751, 21.902363], [-158.082558, 21.910555], [-158.07962, 21.922542], [-158.074205, 21.941478], [-158.069218, 21.957035], [-158.064768, 21.966665], [-158.060547, 21.9774], [-158.055017, 21.992684], [-158.052435, 22.002307], [-158.055733, 22.009474], [-158.058848, 22.014885], [-158.06652, 22.028212], [-158.07077, 22.037967], [-158.075247, 22.045609], [-158.073888, 22.052765], [-158.07041, 22.06735], [-158.066483, 22.079163], [-158.062689, 22.091328], [-158.05968, 22.100958], [-158.055315, 22.116003], [-158.051305, 22.132977], [-158.04573, 22.147887], [-158.042485, 22.157567], [-158.038655, 22.168883], [-158.035827, 22.182502], [-158.031813, 22.19212], [-158.029786, 22.203999], [-158.028149, 22.211571], [-158.026273, 22.224393], [-158.040537, 22.256574], [-158.039237, 22.265257], [-158.036485, 22.279023], [-158.033299, 22.290576], [-158.030964, 22.301839], [-158.028308, 22.314017], [-158.025445, 22.327113], [-158.023174, 22.337174], [-158.02131, 22.344847], [-158.019335, 22.354251], [-158.017592, 22.365812], [-158.01612, 22.373463], [-158.011398, 22.393417], [-158.008741, 22.403952], [-158.00352, 22.422562], [-157.999438, 22.432292], [-157.996152, 22.443378], [-157.994037, 22.453024], [-157.991778, 22.462207], [-157.988227, 22.4761], [-157.982473, 22.49624], [-157.978648, 22.50804], [-157.97451, 22.519043], [-157.95792, 22.57108], [-157.955226, 22.579407], [-157.944948, 22.608772], [-157.936348, 22.628], [-157.928353, 22.646187], [-157.922685, 22.658985], [-157.919456, 22.668173], [-157.915766, 22.678643], [-157.914163, 22.683048], [-157.911704, 22.689422], [-157.907543, 22.698818], [-157.9038, 22.706383], [-157.900133, 22.715608], [-157.894177, 22.72882], [-157.889343, 22.738632], [-157.880448, 22.764475], [-157.877768, 22.775109], [-157.875287, 22.78638], [-157.868563, 22.8023], [-157.864324, 22.813973], [-157.860064, 22.82491], [-157.855218, 22.836283], [-157.848495, 22.848733], [-157.842155, 22.860347], [-157.829503, 22.878708], [-157.820404, 22.891923], [-157.821588, 22.900968], [-157.821548, 22.909672], [-157.820404, 22.92244], [-157.81015, 22.942005], [-157.806375, 22.952535], [-157.802923, 22.963158], [-157.797568, 22.976088], [-157.79286, 22.989743], [-157.785097, 23.011337], [-157.780812, 23.02408], [-157.777683, 23.036037], [-157.775026, 23.047313], [-157.773263, 23.05684], [-157.769637, 23.073128], [-157.765858, 23.084964], [-157.763432, 23.097987], [-157.759474, 23.109335], [-157.753507, 23.129613], [-157.750587, 23.139042], [-157.746508, 23.155772], [-157.741012, 23.17078], [-157.736965, 23.181423], [-157.73322, 23.19233], [-157.729292, 23.203987], [-157.7238, 23.21859], [-157.720613, 23.229744], [-157.727279, 23.240221], [-157.733335, 23.251748], [-157.737217, 23.260601], [-157.746292, 23.280143], [-157.751034, 23.292173], [-157.755158, 23.302255], [-157.759357, 23.314773], [-157.762942, 23.32813], [-157.766242, 23.33999], [-157.768722, 23.352112], [-157.771435, 23.363122], [-157.773188, 23.374032], [-157.775108, 23.388202], [-157.775855, 23.396905], [-157.777483, 23.415777], [-157.778332, 23.42645], [-157.779598, 23.442617], [-157.77918, 23.453827], [-157.780203, 23.46406], [-157.780915, 23.47761], [-157.781813, 23.489042], [-157.78193, 23.502412], [-157.781491, 23.512189], [-157.780745, 23.522191], [-157.78034, 23.535465], [-157.780177, 23.549233], [-157.77951, 23.559242], [-157.778232, 23.570037], [-157.777656, 23.586497], [-157.77626, 23.600278], [-157.77595, 23.616655], [-157.776568, 23.625592], [-157.775848, 23.636827], [-157.775869, 23.647933], [-157.776063, 23.6572], [-157.775882, 23.668498], [-157.775798, 23.681826], [-157.77576, 23.696557], [-157.778103, 23.716992], [-157.778583, 23.72819], [-157.779478, 23.738474], [-157.779813, 23.747662], [-157.779362, 23.756592], [-157.779859, 23.767777], [-157.779722, 23.781398], [-157.78033, 23.793903], [-157.785253, 23.838985], [-157.78679, 23.847907], [-157.791341, 23.865432], [-157.795252, 23.881128], [-157.79797, 23.891602], [-157.800162, 23.904878], [-157.801142, 23.919865], [-157.803022, 23.931595], [-157.806127, 23.943644], [-157.808263, 23.955129], [-157.811179, 23.969104], [-157.818162, 23.98358], [-157.828112, 23.990347], [-157.832717, 23.998908], [-157.832253, 24.010018], [-157.832958, 24.023149], [-157.834979, 24.034707], [-157.835367, 24.04862], [-157.833717, 24.05831], [-157.830217, 24.069127], [-157.823522, 24.08742], [-157.819993, 24.098187], [-157.816803, 24.108363], [-157.813393, 24.118375], [-157.811255, 24.131345], [-157.80809, 24.140085], [-157.802638, 24.154398], [-157.803066, 24.162465], [-157.805032, 24.170293], [-157.807093, 24.180623], [-157.806988, 24.18686], [-157.808227, 24.203548], [-157.809305, 24.215688], [-157.810672, 24.227535], [-157.812387, 24.247447], [-157.813183, 24.258052], [-157.813472, 24.274067], [-157.815023, 24.285982], [-157.817678, 24.300828], [-157.820912, 24.314675], [-157.823478, 24.326482], [-157.827856, 24.33921], [-157.832842, 24.356984], [-157.833825, 24.375655], [-157.835895, 24.395043], [-157.836113, 24.404342], [-157.834587, 24.417767], [-157.830115, 24.428777], [-157.826859, 24.43928], [-157.823242, 24.451378], [-157.821077, 24.461817], [-157.817682, 24.472095], [-157.812793, 24.485312], [-157.809335, 24.501778], [-157.805828, 24.512813], [-157.801917, 24.527258], [-157.799098, 24.536082], [-157.795564, 24.547767], [-157.790008, 24.568312], [-157.784295, 24.584513], [-157.779545, 24.595858], [-157.776203, 24.608518], [-157.772257, 24.621142], [-157.769547, 24.632212], [-157.770684, 24.639698], [-157.773363, 24.648148], [-157.774364, 24.66064], [-157.772303, 24.669547], [-157.769472, 24.680154], [-157.768313, 24.6903], [-157.766409, 24.702192], [-157.76324, 24.720937], [-157.760509, 24.738048], [-157.75758, 24.752131], [-157.75557, 24.763172], [-157.755729, 24.769583], [-157.75292, 24.787375], [-157.750787, 24.799562], [-157.749916, 24.811676], [-157.74796, 24.821092], [-157.74494, 24.836148], [-157.74494, 24.851593], [-157.745582, 24.863835], [-157.74582, 24.883653], [-157.748505, 24.900017], [-157.750988, 24.911656], [-157.748092, 24.920047], [-157.743683, 24.929433], [-157.738567, 24.944858], [-157.73566, 24.957347], [-157.734388, 24.969352], [-157.735733, 24.979107], [-157.736838, 24.987034], [-157.739299, 24.995897], [-157.735949, 25.008231], [-157.73758, 25.026517], [-157.73793, 25.036981], [-157.738233, 25.052032], [-157.73806, 25.062767], [-157.738763, 25.07992], [-157.739131, 25.09119], [-157.738998, 25.102357], [-157.738012, 25.113512], [-157.73662, 25.126227], [-157.736183, 25.135742], [-157.735968, 25.1461], [-157.735455, 25.156427], [-157.734192, 25.176215], [-157.734493, 25.18688], [-157.73449, 25.199318], [-157.733703, 25.213133], [-157.732411, 25.223957], [-157.73041, 25.2452], [-157.729532, 25.25276], [-157.728136, 25.264872], [-157.72525, 25.282908], [-157.723812, 25.296608], [-157.7215, 25.305627], [-157.719747, 25.31853], [-157.717757, 25.33529], [-157.71644, 25.348472], [-157.714966, 25.359499], [-157.714511, 25.370828], [-157.71325, 25.378541], [-157.710594, 25.391148], [-157.717674, 25.401731], [-157.725948, 25.411062], [-157.730952, 25.420978], [-157.735045, 25.432717], [-157.737653, 25.445927], [-157.737647, 25.457141], [-157.736397, 25.469145], [-157.735408, 25.483095], [-157.737022, 25.494729], [-157.738242, 25.504852], [-157.737067, 25.515097], [-157.735089, 25.524659], [-157.733164, 25.535334], [-157.731018, 25.546137], [-157.728792, 25.55801], [-157.727848, 25.568187], [-157.725166, 25.585093], [-157.721282, 25.598628], [-157.720367, 25.608968], [-157.722796, 25.621616], [-157.725567, 25.632745], [-157.727553, 25.642232], [-157.730284, 25.652836], [-157.734235, 25.664935], [-157.740682, 25.677461], [-157.746258, 25.687605], [-157.74862, 25.699292], [-157.748577, 25.710057], [-157.75029, 25.734177], [-157.751409, 25.747167], [-157.752262, 25.758524], [-157.750815, 25.773667], [-157.750273, 25.783712], [-157.748888, 25.79556], [-157.746957, 25.814372], [-157.746662, 25.820295], [-157.745938, 25.832163], [-157.74566, 25.842437], [-157.745698, 25.853626], [-157.747517, 25.86573], [-157.749508, 25.877463], [-157.750217, 25.886692], [-157.753353, 25.901922], [-157.754476, 25.910176], [-157.757143, 25.921093], [-157.758348, 25.933531], [-157.759238, 25.944055], [-157.76282, 25.95667], [-157.765992, 25.966228], [-157.768355, 25.97512], [-157.77148, 25.991583], [-157.774113, 26.002413], [-157.778768, 26.017033], [-157.78276, 26.029797], [-157.786595, 26.043749], [-157.789665, 26.056382], [-157.792595, 26.066242], [-157.799243, 26.081122], [-157.80183, 26.090083], [-157.805118, 26.099013], [-157.810501, 26.112334], [-157.812617, 26.124238], [-157.81617, 26.136263], [-157.817442, 26.146548], [-157.819127, 26.159988], [-157.81968, 26.17216], [-157.820223, 26.181392], [-157.821148, 26.193182], [-157.822492, 26.205598], [-157.82241, 26.220585], [-157.821806, 26.2323], [-157.821122, 26.244255], [-157.820965, 26.256223], [-157.82111, 26.275967], [-157.820528, 26.288082], [-157.820272, 26.30262], [-157.819468, 26.312097], [-157.818318, 26.324367], [-157.816502, 26.339377], [-157.815871, 26.346148], [-157.814858, 26.352913], [-157.813887, 26.358533], [-157.812731, 26.367996], [-157.811417, 26.376345], [-157.8081, 26.392223], [-157.806885, 26.4009], [-157.80585, 26.4076], [-157.804012, 26.419764], [-157.802599, 26.432404], [-157.801179, 26.439041], [-157.800386, 26.446082], [-157.798902, 26.453607], [-157.796939, 26.466059], [-157.79588, 26.475628], [-157.793258, 26.487707], [-157.790825, 26.496855], [-157.787938, 26.50771], [-157.785141, 26.520257], [-157.783156, 26.530908], [-157.779237, 26.549108], [-157.777661, 26.560048], [-157.774915, 26.573492], [-157.772983, 26.586952], [-157.771068, 26.598474], [-157.76816, 26.617222], [-157.766232, 26.630728], [-157.766016, 26.643257], [-157.764328, 26.655538], [-157.762668, 26.664517], [-157.759942, 26.677655], [-157.756408, 26.693828], [-157.753428, 26.703453], [-157.750535, 26.713207], [-157.747265, 26.731707], [-157.744023, 26.746917], [-157.741433, 26.767857], [-157.74043, 26.780295], [-157.739118, 26.791638], [-157.73796, 26.802418], [-157.736004, 26.813681], [-157.733974, 26.828176], [-157.733342, 26.842617], [-157.732098, 26.861288], [-157.73154, 26.875347], [-157.729235, 26.884968], [-157.725267, 26.902445], [-157.723343, 26.915112], [-157.719845, 26.931645], [-157.717317, 26.948755], [-157.716495, 26.95489], [-157.71436, 26.966352], [-157.710747, 26.9787], [-157.708673, 26.989089], [-157.706792, 26.998813], [-157.705523, 27.014383], [-157.704677, 27.023405], [-157.704797, 27.034683], [-157.705897, 27.048873], [-157.705842, 27.058816], [-157.705033, 27.070202], [-157.704282, 27.079922], [-157.704401, 27.090379], [-157.705793, 27.099967], [-157.707925, 27.111555], [-157.708917, 27.119896], [-157.709297, 27.127788], [-157.710209, 27.136657], [-157.712069, 27.148854], [-157.711685, 27.160998], [-157.709724, 27.172164], [-157.70741, 27.184657], [-157.705553, 27.198467], [-157.703675, 27.209218], [-157.702407, 27.221211], [-157.700415, 27.23346], [-157.698684, 27.248108], [-157.69765, 27.261811], [-157.696599, 27.274796], [-157.693615, 27.285805], [-157.689, 27.302278], [-157.68621, 27.312393], [-157.683427, 27.323321], [-157.679923, 27.336877], [-157.676754, 27.348958], [-157.674325, 27.359065], [-157.671948, 27.372657], [-157.668715, 27.388917], [-157.66586, 27.404463], [-157.663762, 27.4154], [-157.661424, 27.42539], [-157.660343, 27.435413], [-157.659356, 27.447354], [-157.658852, 27.456853], [-157.65803, 27.467332], [-157.655045, 27.484588], [-157.654632, 27.495845], [-157.655062, 27.505717], [-157.656132, 27.519317], [-157.657457, 27.530095], [-157.657667, 27.541137], [-157.656988, 27.554535], [-157.655301, 27.565677], [-157.653415, 27.576164], [-157.651567, 27.586821], [-157.649558, 27.601572], [-157.647514, 27.616314], [-157.64669, 27.63135], [-157.645432, 27.641356], [-157.642548, 27.65602], [-157.640662, 27.667482], [-157.635752, 27.686768], [-157.634475, 27.694743], [-157.633183, 27.704162], [-157.630187, 27.717535], [-157.627337, 27.728057], [-157.625312, 27.73483], [-157.621978, 27.745645], [-157.618972, 27.757148], [-157.61505, 27.770696], [-157.61176, 27.782222], [-157.607423, 27.799474], [-157.604067, 27.813479], [-157.601427, 27.823067], [-157.599321, 27.83687], [-157.596256, 27.848092], [-157.592711, 27.861537], [-157.587038, 27.878278], [-157.579748, 27.890967], [-157.578894, 27.897518], [-157.584243, 27.907771], [-157.590329, 27.918828], [-157.592789, 27.927736], [-157.593558, 27.935862], [-157.596027, 27.943538], [-157.598963, 27.95815], [-157.601817, 27.970252], [-157.60637, 27.985918], [-157.613105, 28.003572], [-157.613446, 28.012448], [-157.614285, 28.023483], [-157.613605, 28.03897], [-157.613745, 28.04828], [-157.613612, 28.059043], [-157.614568, 28.069946], [-157.619497, 28.088602], [-157.621748, 28.099523], [-157.625246, 28.111281], [-157.628305, 28.125037], [-157.630687, 28.131683], [-157.63125, 28.136441], [-157.631712, 28.144451], [-157.632987, 28.15141], [-157.634219, 28.158846], [-157.635361, 28.164999], [-157.637361, 28.175972], [-157.639081, 28.184264], [-157.640495, 28.189152], [-157.643207, 28.200356], [-157.644638, 28.212057], [-157.646593, 28.227045], [-157.649643, 28.243702], [-157.651897, 28.257791], [-157.656611, 28.265829], [-157.66065, 28.27453], [-157.66132, 28.286302], [-157.662585, 28.298012], [-157.66409, 28.305839], [-157.667352, 28.317543], [-157.673411, 28.328726], [-157.675665, 28.33929], [-157.677202, 28.350747], [-157.678968, 28.363299], [-157.68, 28.377552], [-157.682144, 28.390377], [-157.68417, 28.406998], [-157.685345, 28.416977], [-157.686827, 28.427933], [-157.688605, 28.443392], [-157.690817, 28.454308], [-157.693497, 28.465668], [-157.696075, 28.477725], [-157.699758, 28.491843], [-157.70208, 28.502713], [-157.70247, 28.512923], [-157.701102, 28.52322], [-157.701249, 28.535115], [-157.700577, 28.547491], [-157.69902, 28.558285], [-157.698953, 28.57091], [-157.697153, 28.585605], [-157.694558, 28.597743], [-157.692271, 28.610544], [-157.689954, 28.621723], [-157.686613, 28.638754], [-157.684572, 28.647637], [-157.665323, 28.693385], [-157.66213, 28.702124], [-157.656839, 28.71337], [-157.65113, 28.723345], [-157.647783, 28.731626], [-157.646536, 28.738892], [-157.651019, 28.745138], [-157.655878, 28.750934], [-157.658797, 28.758331], [-157.656377, 28.770695], [-157.65374, 28.780167], [-157.652793, 28.793886], [-157.650707, 28.807423], [-157.649358, 28.816678], [-157.648549, 28.826531], [-157.649058, 28.833953], [-157.64861, 28.844475], [-157.647049, 28.855947], [-157.645132, 28.867325], [-157.63908, 28.875206], [-157.628888, 28.88182], [-157.621465, 28.888248], [-157.619822, 28.894692], [-157.617762, 28.904338], [-157.615503, 28.914264], [-157.615509, 28.92482], [-157.618052, 28.934936], [-157.619194, 28.944339], [-157.62111, 28.954543], [-157.620074, 28.963223], [-157.614182, 28.971864], [-157.61599, 28.983633], [-157.618065, 28.99461], [-157.618673, 29.00603], [-157.620777, 29.021205], [-157.621257, 29.036582], [-157.620314, 29.044739], [-157.620769, 29.055437], [-157.62321, 29.070102], [-157.625023, 29.07933], [-157.626732, 29.090299], [-157.628292, 29.104795], [-157.629291, 29.115722], [-157.63107, 29.126048], [-157.631147, 29.136063], [-157.63039, 29.147553], [-157.630952, 29.166285], [-157.633155, 29.176083], [-157.637378, 29.191092], [-157.636537, 29.202648], [-157.636281, 29.213673], [-157.635385, 29.228368], [-157.633505, 29.240917], [-157.631772, 29.254449], [-157.631119, 29.264498], [-157.630111, 29.276986], [-157.629032, 29.286241], [-157.626405, 29.298693], [-157.624288, 29.309258], [-157.621329, 29.321099], [-157.619247, 29.334538], [-157.618018, 29.344539], [-157.616043, 29.35554], [-157.614528, 29.366185], [-157.614849, 29.377515], [-157.615507, 29.388419], [-157.616252, 29.399252], [-157.615889, 29.408437], [-157.616161, 29.419786], [-157.616336, 29.428154], [-157.616422, 29.436352], [-157.618433, 29.442758], [-157.620231, 29.447478], [-157.623376, 29.454727], [-157.627775, 29.467507], [-157.630933, 29.479249], [-157.635578, 29.490267], [-157.638139, 29.496531], [-157.642577, 29.5051], [-157.646264, 29.513024], [-157.652367, 29.523738], [-157.65709, 29.53416], [-157.662767, 29.543439], [-157.667957, 29.553499], [-157.673578, 29.55931], [-157.680281, 29.566773], [-157.682663, 29.574684], [-157.681977, 29.582783], [-157.683355, 29.595255], [-157.687157, 29.606084], [-157.691047, 29.616535], [-157.690166, 29.627028], [-157.690947, 29.637908], [-157.691892, 29.64536], [-157.695538, 29.656685], [-157.696091, 29.666194], [-157.696866, 29.678904], [-157.697097, 29.692967], [-157.690672, 29.733815], [-157.687097, 29.747352], [-157.685461, 29.757969], [-157.684479, 29.767398], [-157.685008, 29.78183], [-157.685752, 29.791537], [-157.687151, 29.807605], [-157.685975, 29.827183], [-157.686023, 29.837607], [-157.685957, 29.849255], [-157.684562, 29.860697], [-157.68247, 29.876742], [-157.681832, 29.890525], [-157.681962, 29.904585], [-157.681015, 29.911759], [-157.680646, 29.92046], [-157.67947, 29.928513], [-157.67778, 29.939297], [-157.676178, 29.947069], [-157.67326, 29.962825], [-157.670813, 29.973023], [-157.670804, 29.983567], [-157.670099, 29.994204], [-157.666068, 30.005722], [-157.663058, 30.02208], [-157.66102, 30.031828], [-157.658585, 30.043162], [-157.656193, 30.054986], [-157.657248, 30.064072], [-157.654658, 30.07388], [-157.655546, 30.080832], [-157.657946, 30.087599], [-157.661254, 30.097255], [-157.662051, 30.105961], [-157.661022, 30.117277], [-157.671042, 30.114453], [-157.67797, 30.113083], [-157.680799, 30.125132], [-157.6844, 30.133692], [-157.686257, 30.143681], [-157.690615, 30.154202], [-157.694413, 30.162454], [-157.700505, 30.174096], [-157.703257, 30.184058], [-157.70789, 30.193632], [-157.713487, 30.2007], [-157.716351, 30.212916], [-157.720342, 30.220172], [-157.726773, 30.230777], [-157.734949, 30.238918], [-157.741254, 30.245402], [-157.746806, 30.250396], [-157.76049, 30.248582], [-157.770743, 30.246137], [-157.776062, 30.248693], [-157.7874, 30.244045], [-157.802297, 30.240216], [-157.824683, 30.234927], [-157.837505, 30.232736], [-157.845442, 30.234092], [-157.853963, 30.238252], [-157.859484, 30.240611], [-157.862672, 30.247216], [-157.865607, 30.258012], [-157.866737, 30.264767], [-157.870132, 30.271313], [-157.873936, 30.278131], [-157.877171, 30.285352], [-157.886307, 30.287209], [-157.892962, 30.294568], [-157.901582, 30.299803], [-157.909921, 30.307776], [-157.913246, 30.317298], [-157.915067, 30.321896], [-157.919346, 30.329978], [-157.925849, 30.338452], [-157.937831, 30.339233], [-157.94497, 30.340572], [-157.955477, 30.343524], [-157.961454, 30.34528], [-157.972037, 30.348238], [-157.979721, 30.350193], [-157.983808, 30.356362], [-157.987926, 30.360023], [-158.010193, 30.396582], [-158.015588, 30.405843], [-158.031388, 30.437902], [-158.052757, 30.48403], [-158.059562, 30.496291], [-158.064148, 30.499603], [-158.067456, 30.50368], [-158.070393, 30.509923], [-158.074207, 30.516451], [-158.077618, 30.522067], [-158.083961, 30.529972], [-158.088061, 30.535965], [-158.094077, 30.542648], [-158.09861, 30.547782], [-158.102319, 30.553033], [-158.105552, 30.559483], [-158.110861, 30.564931], [-158.119869, 30.571982], [-158.130713, 30.580202], [-158.137628, 30.585972], [-158.143105, 30.592362], [-158.147418, 30.600215], [-158.149186, 30.607102], [-158.151873, 30.612348], [-158.153483, 30.617428], [-158.154779, 30.623548], [-158.155587, 30.631037], [-158.157923, 30.63837], [-158.160829, 30.643786], [-158.165027, 30.650329], [-158.168983, 30.658167], [-158.173245, 30.663517], [-158.177975, 30.670524], [-158.1807, 30.6769], [-158.184349, 30.683494], [-158.186483, 30.689283], [-158.192197, 30.69752], [-158.195407, 30.703643], [-158.202822, 30.712243], [-158.208352, 30.717097], [-158.213341, 30.723012], [-158.216135, 30.728986], [-158.220164, 30.734211], [-158.222526, 30.739248], [-158.225896, 30.744292], [-158.231662, 30.748799], [-158.232611, 30.754162], [-158.241824, 30.76058], [-158.252893, 30.766097], [-158.260562, 30.768844], [-158.273699, 30.771532], [-158.281641, 30.772027], [-158.289031, 30.773749], [-158.297347, 30.766677], [-158.312712, 30.757618], [-158.32902, 30.750688], [-158.349648, 30.745027], [-158.364659, 30.743406], [-158.376313, 30.743952], [-158.407442, 30.747952], [-158.429178, 30.755378], [-158.438402, 30.760298], [-158.450958, 30.770631], [-158.461145, 30.778867], [-158.44971, 30.783653], [-158.453325, 30.788442], [-158.456752, 30.79249], [-158.461782, 30.790551], [-158.464075, 30.784321], [-158.473689, 30.77948], [-158.482014, 30.776257], [-158.492773, 30.773906], [-158.495318, 30.770336], [-158.499566, 30.76703], [-158.504663, 30.759505], [-158.512953, 30.752391], [-158.520466, 30.747339], [-158.530275, 30.740417], [-158.53985, 30.735348], [-158.555366, 30.731792], [-158.572055, 30.730983], [-158.583397, 30.733636], [-158.596359, 30.738012], [-158.605545, 30.744885], [-158.613848, 30.754007], [-158.619582, 30.765516], [-158.619211, 30.774558], [-158.616186, 30.780624], [-158.609641, 30.785067], [-158.605017, 30.783716], [-158.602837, 30.779903], [-158.601262, 30.775054], [-158.598737, 30.773989], [-158.596109, 30.773434], [-158.592874, 30.773689], [-158.589364, 30.774538], [-158.574845, 30.776167], [-158.565115, 30.774908], [-158.553877, 30.77146], [-158.550517, 30.765573], [-158.549332, 30.754554], [-158.552868, 30.747053], [-158.556657, 30.741951], [-158.566453, 30.736637], [-158.583023, 30.736982], [-158.591428, 30.739995], [-158.606845, 30.744047], [-158.600062, 30.74913], [-158.589227, 30.757703], [-158.550622, 30.770862], [-158.46272, 30.797513], [-158.434678, 30.806768], [-158.40061, 30.815303], [-158.359491, 30.820206], [-158.353476, 30.819428], [-158.347185, 30.817752], [-158.337422, 30.818105], [-158.329253, 30.819969], [-158.320454, 30.822262], [-158.309852, 30.826888], [-158.300942, 30.829927], [-158.287662, 30.834986], [-158.279635, 30.838786], [-158.270827, 30.845118], [-158.261132, 30.852735], [-158.250877, 30.858813], [-158.239821, 30.86399], [-158.226972, 30.869897], [-158.213737, 30.876307], [-158.203888, 30.880554], [-158.191427, 30.885887], [-158.181028, 30.890049], [-158.167182, 30.895008], [-158.157283, 30.894045], [-158.145932, 30.894127], [-158.13747, 30.895364], [-158.128823, 30.897072], [-158.117433, 30.902952], [-158.10346, 30.90785], [-158.095438, 30.911012], [-158.082477, 30.912649], [-158.075658, 30.912664], [-158.064339, 30.906949], [-158.056515, 30.900162], [-158.04706, 30.892648], [-158.034484, 30.887385], [-158.025385, 30.884502], [-158.013635, 30.879572], [-158.004817, 30.877032], [-157.989947, 30.874395], [-157.977559, 30.872933], [-157.968153, 30.8715], [-157.956953, 30.868829], [-157.945848, 30.867267], [-157.935729, 30.868412], [-157.921851, 30.868927], [-157.909769, 30.866696], [-157.899724, 30.864197], [-157.885448, 30.86269], [-157.874289, 30.862704], [-157.864512, 30.861841], [-157.855682, 30.85973], [-157.847386, 30.855988], [-157.840697, 30.850789], [-157.838055, 30.845881], [-157.842073, 30.837371], [-157.843361, 30.832158], [-157.793747, 30.832772], [-157.751287, 30.836072], [-157.73118, 30.837718], [-157.729551, 30.835713], [-157.719819, 30.83837], [-157.702602, 30.843457], [-157.691152, 30.848294], [-157.673367, 30.856027], [-157.642708, 30.869195], [-157.611957, 30.88358], [-157.590455, 30.893255], [-157.543873, 30.913127], [-157.52583, 30.920163], [-157.509605, 30.925742], [-157.504888, 30.927127], [-157.509282, 30.922229], [-157.505386, 30.914707], [-157.504445, 30.907612], [-157.502646, 30.9066], [-157.503836, 30.910352], [-157.503958, 30.915097], [-157.491183, 30.919808], [-157.462872, 30.926627], [-157.441535, 30.930698], [-157.41424, 30.931613], [-157.393558, 30.932715], [-157.36142, 30.935778], [-157.345512, 30.93725], [-157.327603, 30.939243], [-157.296093, 30.942283], [-157.279654, 30.943045], [-157.27227, 30.943653], [-157.265572, 30.944346], [-157.258144, 30.943023], [-157.259292, 30.930713], [-157.258834, 30.927022], [-157.210433, 30.94217], [-157.204299, 30.944126], [-157.161653, 30.959235], [-157.117965, 30.975113], [-157.109874, 30.978378], [-157.095199, 30.981685], [-157.083533, 30.982812], [-157.067122, 30.98428], [-157.053965, 30.984803], [-157.043754, 30.987509], [-157.033038, 30.989477], [-157.020485, 30.989373], [-157.007505, 30.989178], [-156.99917, 30.990861], [-156.992871, 30.996125], [-156.988008, 31.000777], [-156.982122, 31.006218], [-156.97225, 31.015223], [-156.965367, 31.022602], [-156.959176, 31.032481], [-156.952832, 31.038069], [-156.942916, 31.043051], [-156.93657, 31.048209], [-156.926992, 31.055592], [-156.918292, 31.062564], [-156.907822, 31.063878], [-156.898662, 31.064894], [-156.893075, 31.067222], [-156.893881, 31.071379], [-156.887368, 31.072527], [-156.873825, 31.064965], [-156.866779, 31.064941], [-156.855642, 31.062631], [-156.846796, 31.058686], [-156.836779, 31.053848], [-156.825963, 31.041947], [-156.81841, 31.037448], [-156.809579, 31.03001], [-156.798954, 31.024655], [-156.788616, 31.017858], [-156.782721, 31.013794], [-156.774113, 31.006205], [-156.768106, 31.001819], [-156.760779, 30.991661], [-156.754652, 30.984402], [-156.748604, 30.980158], [-156.740813, 30.983062], [-156.732308, 30.987506], [-156.725313, 30.992938], [-156.72068, 30.999314], [-156.717426, 31.004973], [-156.715509, 31.013233], [-156.716645, 31.01977], [-156.717772, 31.028137], [-156.716003, 31.036777], [-156.717361, 31.043607], [-156.717312, 31.051409], [-156.712407, 31.058707], [-156.707208, 31.06457], [-156.699017, 31.073357], [-156.691596, 31.083107], [-156.685022, 31.092492], [-156.676895, 31.101814], [-156.672094, 31.107447], [-156.662652, 31.112497], [-156.651699, 31.117762], [-156.642045, 31.122706], [-156.633703, 31.124802], [-156.617638, 31.130141], [-156.607193, 31.136133], [-156.597949, 31.140491], [-156.591508, 31.145054], [-156.585552, 31.152893], [-156.579704, 31.156175], [-156.571629, 31.163124], [-156.563653, 31.168214], [-156.556632, 31.174338], [-156.550683, 31.179661], [-156.546679, 31.184995], [-156.542988, 31.188433], [-156.538172, 31.194955], [-156.535058, 31.198678], [-156.531174, 31.204555], [-156.526873, 31.209532], [-156.521861, 31.214619], [-156.515717, 31.219177], [-156.51025, 31.224563], [-156.503963, 31.230674], [-156.498064, 31.235082], [-156.488687, 31.238725], [-156.481765, 31.240869], [-156.475095, 31.243709], [-156.468877, 31.245911], [-156.462991, 31.246752], [-156.457263, 31.247715], [-156.445026, 31.248696], [-156.439262, 31.250146], [-156.429974, 31.252701], [-156.422532, 31.257245], [-156.417272, 31.259637], [-156.409238, 31.265729], [-156.40377, 31.271747], [-156.399836, 31.275738], [-156.395352, 31.279547], [-156.386775, 31.285345], [-156.381822, 31.291863], [-156.375652, 31.298863], [-156.371299, 31.302679], [-156.362347, 31.306216], [-156.356955, 31.308647], [-156.348708, 31.311522], [-156.340239, 31.310509], [-156.33343, 31.308998], [-156.310952, 31.316562], [-156.296658, 31.321585], [-156.272226, 31.331651], [-156.263073, 31.337383], [-156.257338, 31.342578], [-156.255279, 31.347435], [-156.25331, 31.353351], [-156.250167, 31.359449], [-156.247718, 31.368254], [-156.247083, 31.372699], [-156.245472, 31.378116], [-156.243737, 31.38517], [-156.245414, 31.388369], [-156.247492, 31.389352], [-156.254811, 31.392226], [-156.244165, 31.397808], [-156.223322, 31.407997], [-156.197832, 31.420284], [-156.171555, 31.435537], [-156.164977, 31.438157], [-156.08715, 31.468717], [-156.050902, 31.483877], [-155.981533, 31.514943], [-155.922607, 31.5387], [-155.813577, 31.57988], [-155.790535, 31.588273], [-155.75902, 31.598552], [-155.715882, 31.610685], [-155.634265, 31.63161], [-155.581358, 31.645352], [-155.522037, 31.662082], [-155.49407, 31.669625], [-155.445717, 31.682513], [-155.378782, 31.70046], [-155.371958, 31.702064], [-155.362508, 31.704437], [-155.351991, 31.70696], [-155.344469, 31.70878], [-155.318858, 31.714867], [-155.306432, 31.717448], [-155.27912, 31.722835], [-155.231183, 31.731935], [-155.206498, 31.736993], [-155.191148, 31.740721], [-155.163065, 31.747403], [-155.153972, 31.749327], [-155.082865, 31.76479], [-155.058165, 31.770412], [-155.032305, 31.77564], [-155.016692, 31.779628], [-154.967183, 31.794812], [-154.8971, 31.819907], [-154.865867, 31.829805], [-154.831867, 31.83917], [-154.806152, 31.847035], [-154.800639, 31.848695], [-154.764303, 31.859597], [-154.745543, 31.865858], [-154.69966, 31.880997], [-154.673705, 31.890317], [-154.649875, 31.898082], [-154.596332, 31.914168], [-154.571767, 31.921385], [-154.556616, 31.925843], [-154.54925, 31.927921], [-154.542839, 31.929787], [-154.536665, 31.931539], [-154.530786, 31.933078], [-154.524289, 31.934911], [-154.515522, 31.937507], [-154.45269, 31.955943], [-154.399517, 31.973048], [-154.354613, 31.987865], [-154.34454, 31.990908], [-154.334246, 31.994067], [-154.32878, 31.995758], [-154.322482, 31.997692], [-154.277917, 32.011158], [-154.223878, 32.025288], [-154.195635, 32.03345], [-154.144092, 32.046885], [-154.116948, 32.05463], [-154.056887, 32.074515], [-154.021935, 32.084968], [-153.976452, 32.09755], [-153.95056, 32.105582], [-153.884847, 32.129662], [-153.842747, 32.14647], [-153.801437, 32.162337], [-153.783062, 32.168883], [-153.771275, 32.173027], [-153.765534, 32.175098], [-153.753687, 32.179222], [-153.740757, 32.184225], [-153.735617, 32.186231], [-153.729276, 32.188641], [-153.710297, 32.196358], [-153.702795, 32.199289], [-153.696535, 32.201675], [-153.690159, 32.204068], [-153.682112, 32.207389], [-153.674565, 32.210381], [-153.669269, 32.21239], [-153.661748, 32.215296], [-153.637702, 32.224778], [-153.60345, 32.237315], [-153.578632, 32.246618], [-153.54453, 32.259257], [-153.499108, 32.277135], [-153.492743, 32.279696], [-153.484599, 32.282935], [-153.478521, 32.285298], [-153.471629, 32.2879], [-153.438808, 32.299475], [-153.431857, 32.301747], [-153.425391, 32.303834], [-153.417731, 32.306258], [-153.410702, 32.308544], [-153.390854, 32.314998], [-153.385889, 32.31659], [-153.379224, 32.318702], [-153.374279, 32.320188], [-153.334492, 32.332052], [-153.269115, 32.34945], [-153.2399, 32.356334], [-153.228928, 32.359037], [-153.221638, 32.360787], [-153.216177, 32.362027], [-153.201921, 32.365481], [-153.172718, 32.37263], [-153.130817, 32.383673], [-153.09863, 32.391272], [-153.076868, 32.397298], [-153.05301, 32.40332], [-153.016405, 32.411358], [-152.95656, 32.423727], [-152.92241, 32.431473], [-152.899633, 32.43706], [-152.871598, 32.442623], [-152.82983, 32.452536], [-152.821919, 32.454585], [-152.813204, 32.456696], [-152.784305, 32.463848], [-152.778699, 32.465199], [-152.77029, 32.467112], [-152.757895, 32.47026], [-152.731508, 32.47697], [-152.69856, 32.48524], [-152.676386, 32.490244], [-152.667818, 32.490992], [-152.661651, 32.491546], [-152.655392, 32.495879], [-152.646725, 32.504412], [-152.641487, 32.509739], [-152.631506, 32.519458], [-152.625207, 32.52495], [-152.615128, 32.531377], [-152.603183, 32.53648], [-152.590905, 32.541978], [-152.577693, 32.547506], [-152.571035, 32.550653], [-152.561542, 32.555559], [-152.546145, 32.5618], [-152.526375, 32.56802], [-152.524267, 32.582338], [-152.52301, 32.59336], [-152.523627, 32.599898], [-152.525032, 32.609167], [-152.52492, 32.622804], [-152.524675, 32.633623], [-152.524528, 32.6468], [-152.524497, 32.661698], [-152.525698, 32.670507], [-152.526797, 32.679032], [-152.527824, 32.690017], [-152.528969, 32.698924], [-152.529052, 32.711867], [-152.53047, 32.725186], [-152.531989, 32.735454], [-152.532197, 32.747423], [-152.532524, 32.757386], [-152.531608, 32.767997], [-152.531117, 32.778662], [-152.529462, 32.78843], [-152.527635, 32.803368], [-152.525927, 32.812558], [-152.523718, 32.824703], [-152.522602, 32.836863], [-152.520632, 32.848789], [-152.518548, 32.860172], [-152.517017, 32.869825], [-152.516178, 32.882498], [-152.510198, 32.890045], [-152.504957, 32.899533], [-152.499452, 32.911299], [-152.494302, 32.91931], [-152.489502, 32.9295], [-152.484938, 32.940273], [-152.482801, 32.952645], [-152.481687, 32.961693], [-152.47932, 32.973297], [-152.479832, 32.984347], [-152.481273, 32.998082], [-152.482043, 33.010838], [-152.48107, 33.022473], [-152.478797, 33.036957], [-152.476576, 33.050126], [-152.475542, 33.062162], [-152.474766, 33.074842], [-152.475392, 33.085437], [-152.475403, 33.09112], [-152.475048, 33.097888], [-152.475924, 33.106425], [-152.477897, 33.122086], [-152.476127, 33.129403], [-152.46053, 33.132632], [-152.452831, 33.134804], [-152.44048, 33.139477], [-152.434201, 33.146601], [-152.430079, 33.153792], [-152.430472, 33.163251], [-152.425937, 33.174436], [-152.42695, 33.183808], [-152.425366, 33.201132], [-152.425678, 33.207566], [-152.426506, 33.217182], [-152.426488, 33.221016], [-152.42758, 33.231109], [-152.430267, 33.248818], [-152.43024, 33.254713], [-152.432165, 33.265606], [-152.434322, 33.275053], [-152.438063, 33.285703], [-152.44452, 33.303495], [-152.448005, 33.313425], [-152.451013, 33.331587], [-152.453414, 33.344223], [-152.450392, 33.348892], [-152.446223, 33.354845], [-152.442281, 33.360019], [-152.436792, 33.366736], [-152.433341, 33.372999], [-152.432486, 33.379818], [-152.430158, 33.387926], [-152.425533, 33.40025], [-152.42379, 33.410108], [-152.427856, 33.417867], [-152.433023, 33.427863], [-152.440212, 33.449483], [-152.441753, 33.460588], [-152.444201, 33.471011], [-152.445515, 33.48409], [-152.4476, 33.497669], [-152.448414, 33.511476], [-152.447681, 33.521984], [-152.446691, 33.533373], [-152.446286, 33.545308], [-152.445637, 33.555251], [-152.445252, 33.563029], [-152.443352, 33.574008], [-152.441846, 33.586899], [-152.441581, 33.599378], [-152.441091, 33.610986], [-152.440618, 33.625323], [-152.440289, 33.640532], [-152.439612, 33.651412], [-152.439042, 33.65771], [-152.438377, 33.669188], [-152.436848, 33.677047], [-152.434164, 33.686973], [-152.433718, 33.694797], [-152.431763, 33.703046], [-152.42979, 33.712408], [-152.428134, 33.722777], [-152.425723, 33.735246], [-152.425324, 33.746067], [-152.424566, 33.755866], [-152.424731, 33.766864], [-152.424069, 33.777598], [-152.422939, 33.786472], [-152.422206, 33.797613], [-152.42182, 33.805998], [-152.420665, 33.820474], [-152.418677, 33.834815], [-152.417653, 33.846262], [-152.417251, 33.856367], [-152.418455, 33.866885], [-152.41981, 33.878717], [-152.42033, 33.888433], [-152.420102, 33.898496], [-152.419608, 33.903868], [-152.420022, 33.912921], [-152.419996, 33.919411], [-152.421035, 33.926848], [-152.420509, 33.934962], [-152.420394, 33.943826], [-152.421082, 33.949771], [-152.421552, 33.956137], [-152.419793, 33.969468], [-152.420437, 33.976903], [-152.421269, 33.984233], [-152.421758, 33.993564], [-152.422772, 34.004252], [-152.423543, 34.014353], [-152.424748, 34.01948], [-152.42671, 34.025554], [-152.42608, 34.035101], [-152.423011, 34.042478], [-152.419807, 34.049813], [-152.416206, 34.056359], [-152.41167, 34.064587], [-152.408086, 34.072632], [-152.400983, 34.07597], [-152.390855, 34.07999], [-152.378131, 34.083796], [-152.369387, 34.08785], [-152.359008, 34.092467], [-152.350081, 34.095239], [-152.335303, 34.100874], [-152.322442, 34.106674], [-152.313205, 34.112068], [-152.30099, 34.119525], [-152.291048, 34.126847], [-152.28022, 34.13386], [-152.268879, 34.141961], [-152.255572, 34.149131], [-152.238675, 34.153752], [-152.230949, 34.157278], [-152.221862, 34.160259], [-152.212627, 34.162982], [-152.201286, 34.164725], [-152.193267, 34.166494], [-152.185028, 34.168572], [-152.177969, 34.171327], [-152.171672, 34.173696], [-152.166128, 34.176171], [-152.1146, 34.193175], [-152.104687, 34.190564], [-152.096403, 34.187438], [-152.086332, 34.184553], [-152.076196, 34.181962], [-152.066086, 34.177947], [-152.057487, 34.174624], [-152.048669, 34.171925], [-152.036942, 34.169807], [-152.028814, 34.167877], [-152.01991, 34.165165], [-152.008387, 34.161857], [-152.000407, 34.16028], [-151.98867, 34.158148], [-151.977945, 34.155005], [-151.968956, 34.152673], [-151.960861, 34.151064], [-151.950815, 34.14929], [-151.938227, 34.145997], [-151.921777, 34.14339], [-151.911188, 34.14093], [-151.895473, 34.138761], [-151.884245, 34.137369], [-151.872742, 34.135417], [-151.862473, 34.132905], [-151.847414, 34.131892], [-151.833105, 34.130304], [-151.818567, 34.128509], [-151.807367, 34.127257], [-151.793311, 34.124133], [-151.777785, 34.120547], [-151.763272, 34.117602], [-151.750165, 34.117374], [-151.740356, 34.118405], [-151.730801, 34.116233], [-151.721491, 34.116096], [-151.708928, 34.115692], [-151.695261, 34.114686], [-151.683491, 34.113772], [-151.669273, 34.112516], [-151.65997, 34.111743], [-151.645544, 34.108907], [-151.631607, 34.107157], [-151.620243, 34.107145], [-151.60782, 34.105803], [-151.591076, 34.104981], [-151.571571, 34.10499], [-151.561077, 34.104384], [-151.548837, 34.103038], [-151.531007, 34.103433], [-151.515974, 34.104941], [-151.498093, 34.108078], [-151.484321, 34.111591], [-151.474235, 34.114379], [-151.457978, 34.117597], [-151.446234, 34.120014], [-151.434193, 34.122563], [-151.421946, 34.124785], [-151.410502, 34.126712], [-151.39428, 34.130523], [-151.382094, 34.134121], [-151.369772, 34.136298], [-151.358567, 34.135311], [-151.349334, 34.133989], [-151.338127, 34.133683], [-151.324649, 34.132191], [-151.314492, 34.131789], [-151.301417, 34.130045], [-151.289157, 34.129492], [-151.281162, 34.128399], [-151.271783, 34.127062], [-151.262524, 34.126376], [-151.250884, 34.126523], [-151.238547, 34.125489], [-151.227714, 34.125001], [-151.219606, 34.124143], [-151.205187, 34.122582], [-151.191163, 34.121091], [-151.180575, 34.11979], [-151.170463, 34.118463], [-151.155353, 34.115758], [-151.14279, 34.115314], [-151.131417, 34.113782], [-151.118283, 34.113944], [-151.107432, 34.112437], [-151.096232, 34.111632], [-151.083108, 34.1108], [-151.074975, 34.109834], [-151.066698, 34.108778], [-151.055751, 34.109247], [-151.046581, 34.109458], [-151.031333, 34.109408], [-151.024152, 34.110858], [-151.016076, 34.110882], [-151.005172, 34.111652], [-150.994692, 34.112865], [-150.980872, 34.117269], [-150.971976, 34.119992], [-150.962376, 34.122087], [-150.950726, 34.126175], [-150.944023, 34.129203], [-150.934565, 34.133409], [-150.926984, 34.138015], [-150.918492, 34.141605], [-150.909379, 34.145285], [-150.901912, 34.148979], [-150.892759, 34.151906], [-150.881882, 34.155802], [-150.870159, 34.160514], [-150.860647, 34.164168], [-150.853295, 34.165782], [-150.844984, 34.168329], [-150.835716, 34.172345], [-150.823452, 34.178437], [-150.811782, 34.185384], [-150.80504, 34.190047], [-150.797788, 34.19443], [-150.790428, 34.199032], [-150.78064, 34.202791], [-150.772076, 34.207062], [-150.759539, 34.213825], [-150.75254, 34.219628], [-150.747148, 34.225171], [-150.735921, 34.230337], [-150.728859, 34.235745], [-150.721977, 34.241363], [-150.712766, 34.248053], [-150.704633, 34.252211], [-150.695748, 34.258773], [-150.689453, 34.262298], [-150.682905, 34.27122], [-150.674185, 34.275891], [-150.669909, 34.279587], [-150.664573, 34.287902], [-150.660748, 34.295065], [-150.654856, 34.302629], [-150.649632, 34.308585], [-150.64432, 34.319047], [-150.63975, 34.327867], [-150.633865, 34.336972], [-150.627797, 34.347518], [-150.618549, 34.357002], [-150.612413, 34.362832], [-150.609231, 34.369452], [-150.605243, 34.379132], [-150.60042, 34.385574], [-150.597087, 34.39454], [-150.597121, 34.403013], [-150.594777, 34.411195], [-150.591208, 34.418134], [-150.590577, 34.424884], [-150.590218, 34.430396], [-150.58777, 34.436703], [-150.583628, 34.446616], [-150.580715, 34.454302], [-150.575572, 34.463968], [-150.574035, 34.4759], [-150.57372, 34.484308], [-150.572644, 34.492835], [-150.571308, 34.500573], [-150.570457, 34.511657], [-150.568526, 34.520979], [-150.567172, 34.528932], [-150.566117, 34.534682], [-150.56477, 34.541824], [-150.564975, 34.552222], [-150.565206, 34.559082], [-150.565365, 34.567241], [-150.563488, 34.578747], [-150.56485, 34.58775], [-150.564209, 34.595869], [-150.56547, 34.610395], [-150.566189, 34.617396], [-150.564745, 34.625168], [-150.561902, 34.637446], [-150.562233, 34.644256], [-150.561386, 34.653291], [-150.559918, 34.661893], [-150.559759, 34.670385], [-150.559581, 34.680453], [-150.553554, 34.682818], [-150.538855, 34.686052], [-150.524866, 34.691923], [-150.512265, 34.695382], [-150.497872, 34.6996], [-150.486918, 34.702432], [-150.473332, 34.70599], [-150.459003, 34.711547], [-150.448226, 34.714216], [-150.433238, 34.716338], [-150.41788, 34.716471], [-150.406972, 34.714905], [-150.398129, 34.708926], [-150.388604, 34.698835], [-150.376787, 34.68941], [-150.369821, 34.686086], [-150.357162, 34.683057], [-150.343963, 34.680203], [-150.334628, 34.680421], [-150.322822, 34.682232], [-150.307576, 34.685392], [-150.297555, 34.687766], [-150.288934, 34.689722], [-150.276635, 34.694056], [-150.26781, 34.697904], [-150.260492, 34.700119], [-150.250929, 34.706011], [-150.243495, 34.712398], [-150.234252, 34.720696], [-150.225089, 34.729038], [-150.206793, 34.736249], [-150.197293, 34.741312], [-150.18353, 34.749263], [-150.174169, 34.750397], [-150.158709, 34.751018], [-150.144266, 34.752622], [-150.130918, 34.753644], [-150.118625, 34.755306], [-150.106265, 34.757718], [-150.092465, 34.760492], [-150.083947, 34.761748], [-150.066583, 34.765748], [-150.054048, 34.77063], [-150.038517, 34.776763], [-150.031535, 34.779908], [-150.017209, 34.786236], [-150.004645, 34.792045], [-149.97464, 34.803015], [-149.961659, 34.802848], [-149.944802, 34.801751], [-149.933096, 34.801417], [-149.913317, 34.801115], [-149.896947, 34.801202], [-149.887338, 34.801878], [-149.86698, 34.799108], [-149.855693, 34.796773], [-149.839891, 34.793707], [-149.828071, 34.792137], [-149.812652, 34.79319], [-149.794252, 34.79225], [-149.782162, 34.791748], [-149.769852, 34.789873], [-149.754845, 34.786363], [-149.737787, 34.783221], [-149.724013, 34.780467], [-149.711235, 34.777515], [-149.697237, 34.773598], [-149.686727, 34.771366], [-149.673585, 34.768828], [-149.661417, 34.766685], [-149.650575, 34.764194], [-149.640939, 34.761328], [-149.628393, 34.759657], [-149.612839, 34.756395], [-149.599634, 34.753922], [-149.591089, 34.753106], [-149.582212, 34.751347], [-149.569418, 34.750083], [-149.555718, 34.748037], [-149.542023, 34.746889], [-149.529013, 34.746003], [-149.516697, 34.745302], [-149.501639, 34.743919], [-149.489062, 34.742909], [-149.475211, 34.741758], [-149.454054, 34.741557], [-149.441211, 34.740667], [-149.426512, 34.740193], [-149.41738, 34.739147], [-149.39967, 34.74008], [-149.389807, 34.738443], [-149.388169, 34.729903], [-149.38366, 34.723257], [-149.378077, 34.718038], [-149.371797, 34.713438], [-149.358767, 34.70816], [-149.34491, 34.705386], [-149.337385, 34.706257], [-149.32221, 34.709475], [-149.307862, 34.713026], [-149.29616, 34.71732], [-149.28454, 34.721502], [-149.276839, 34.726086], [-149.264898, 34.73499], [-149.255682, 34.743049], [-149.238165, 34.756185], [-149.226647, 34.764922], [-149.213988, 34.765166], [-149.205103, 34.763888], [-149.193699, 34.761643], [-149.180283, 34.759832], [-149.166125, 34.759292], [-149.15382, 34.759425], [-149.135572, 34.760758], [-149.121017, 34.763485], [-149.105616, 34.764761], [-149.092602, 34.766727], [-149.081672, 34.76759], [-149.069485, 34.766558], [-149.050932, 34.764312], [-149.0385, 34.762907], [-149.025328, 34.763872], [-149.007877, 34.762733], [-148.993257, 34.763019], [-148.977337, 34.763957], [-148.964571, 34.765385], [-148.951663, 34.766562], [-148.934883, 34.766893], [-148.922267, 34.767877], [-148.909028, 34.768234], [-148.89781, 34.769088], [-148.884821, 34.769467], [-148.866332, 34.771737], [-148.852268, 34.773717], [-148.837659, 34.775617], [-148.827004, 34.776676], [-148.817592, 34.776938], [-148.809109, 34.777403], [-148.796631, 34.781381], [-148.784537, 34.786095], [-148.76856, 34.794925], [-148.759248, 34.79947], [-148.746537, 34.803458], [-148.736205, 34.807605], [-148.724477, 34.812843], [-148.710592, 34.817409], [-148.696266, 34.821944], [-148.687832, 34.820599], [-148.681668, 34.816064], [-148.675233, 34.811537], [-148.663883, 34.80973], [-148.653079, 34.811042], [-148.640128, 34.811298], [-148.631862, 34.811901], [-148.619737, 34.814245], [-148.606048, 34.81839], [-148.592342, 34.822708], [-148.577324, 34.828537], [-148.564303, 34.831438], [-148.551095, 34.833279], [-148.539386, 34.834847], [-148.527923, 34.836732], [-148.514215, 34.839607], [-148.504161, 34.84081], [-148.493267, 34.843162], [-148.482162, 34.845043], [-148.468907, 34.84759], [-148.455469, 34.850493], [-148.441755, 34.853731], [-148.430887, 34.855037], [-148.417407, 34.858305], [-148.408648, 34.859342], [-148.394408, 34.862734], [-148.382622, 34.866434], [-148.36825, 34.869685], [-148.35651, 34.870817], [-148.347017, 34.869234], [-148.338172, 34.869076], [-148.326547, 34.87295], [-148.315495, 34.877225], [-148.306645, 34.881004], [-148.294718, 34.886232], [-148.282458, 34.892444], [-148.266533, 34.900515], [-148.256752, 34.90437], [-148.246922, 34.908003], [-148.231425, 34.913823], [-148.225936, 34.915094], [-148.214327, 34.919259], [-148.201485, 34.922968], [-148.192592, 34.926127], [-148.181753, 34.930584], [-148.172455, 34.933406], [-148.147123, 34.938463], [-148.138139, 34.937523], [-148.124639, 34.937048], [-148.112967, 34.939349], [-148.103176, 34.939662], [-148.088182, 34.94296], [-148.070429, 34.94283], [-148.061751, 34.940684], [-148.051347, 34.941502], [-148.042757, 34.943304], [-148.031299, 34.950736], [-148.023741, 34.957319], [-148.016097, 34.963712], [-148.010089, 34.970308], [-148.002069, 34.97622], [-147.993206, 34.98412], [-147.981732, 34.991357], [-147.967132, 34.999098], [-147.954398, 35.006255], [-147.947782, 35.010237], [-147.940146, 35.014212], [-147.93219, 35.018757], [-147.917473, 35.02829], [-147.905909, 35.034156], [-147.898018, 35.038112], [-147.892088, 35.042682], [-147.886754, 35.046932], [-147.881043, 35.050769], [-147.872827, 35.056427], [-147.862477, 35.064155], [-147.852367, 35.070657], [-147.845054, 35.076122], [-147.839361, 35.08116], [-147.833966, 35.086223], [-147.825308, 35.094282], [-147.816969, 35.101672], [-147.805497, 35.113032], [-147.798107, 35.120929], [-147.787555, 35.128203], [-147.764611, 35.142913], [-147.750262, 35.150569], [-147.74022, 35.156141], [-147.726587, 35.163302], [-147.716369, 35.165635], [-147.705357, 35.168253], [-147.690477, 35.174537], [-147.680717, 35.180186], [-147.66059, 35.189377], [-147.647012, 35.196542], [-147.634852, 35.20221], [-147.613515, 35.211353], [-147.599619, 35.216095], [-147.585268, 35.221922], [-147.571626, 35.227222], [-147.558527, 35.231891], [-147.542395, 35.235422], [-147.520912, 35.242034], [-147.508838, 35.245222], [-147.499191, 35.248303], [-147.487247, 35.252743], [-147.478176, 35.256441], [-147.463719, 35.261986], [-147.444164, 35.268454], [-147.431612, 35.27405], [-147.420286, 35.279278], [-147.412817, 35.282828], [-147.396415, 35.292122], [-147.385458, 35.297653], [-147.373724, 35.304268], [-147.36148, 35.309821], [-147.346372, 35.317273], [-147.334603, 35.322533], [-147.321057, 35.327904], [-147.307892, 35.334981], [-147.298968, 35.339238], [-147.285579, 35.349113], [-147.275757, 35.35505], [-147.264805, 35.361615], [-147.252182, 35.369065], [-147.235777, 35.377247], [-147.226185, 35.381435], [-147.212753, 35.387733], [-147.202654, 35.392202], [-147.192762, 35.396708], [-147.175548, 35.404291], [-147.166718, 35.408915], [-147.15736, 35.415138], [-147.148733, 35.419852], [-147.129908, 35.429572], [-147.119174, 35.436613], [-147.11233, 35.440577], [-147.102918, 35.447043], [-147.093926, 35.455252], [-147.085505, 35.463563], [-147.07565, 35.471797], [-147.06759, 35.47771], [-147.052874, 35.4875], [-147.045175, 35.492843], [-147.034677, 35.500884], [-147.023622, 35.509928], [-147.011503, 35.513432], [-146.999135, 35.51598], [-146.988017, 35.517495], [-146.964233, 35.5183], [-146.952117, 35.52227], [-146.945092, 35.526858], [-146.937218, 35.534376], [-146.929002, 35.542105], [-146.923625, 35.54791], [-146.908547, 35.560487], [-146.902923, 35.569583], [-146.900333, 35.580649], [-146.897998, 35.589595], [-146.890597, 35.612748], [-146.886325, 35.62426], [-146.881117, 35.633567], [-146.875037, 35.644385], [-146.865675, 35.656748], [-146.856698, 35.670081], [-146.850004, 35.678061], [-146.840023, 35.680502], [-146.827357, 35.679178], [-146.814781, 35.677968], [-146.802217, 35.677063], [-146.793807, 35.676043], [-146.786528, 35.676091], [-146.776637, 35.683513], [-146.773103, 35.693081], [-146.759612, 35.701975], [-146.746513, 35.715558], [-146.739385, 35.730725], [-146.734398, 35.740457], [-146.72899, 35.749512], [-146.719437, 35.75911], [-146.707564, 35.769593], [-146.693962, 35.781555], [-146.685355, 35.791974], [-146.678198, 35.8016], [-146.672968, 35.809726], [-146.670243, 35.81514], [-146.668123, 35.826509], [-146.665939, 35.836782], [-146.66315, 35.849188], [-146.659558, 35.859962], [-146.650987, 35.88276], [-146.647827, 35.892013], [-146.640622, 35.909143], [-146.634838, 35.922703], [-146.628795, 35.93441], [-146.624385, 35.945281], [-146.620998, 35.95523], [-146.616142, 35.969101], [-146.613852, 35.97981], [-146.614001, 35.995026], [-146.613007, 36.007501], [-146.609215, 36.018737], [-146.606446, 36.029697], [-146.605558, 36.040982], [-146.604482, 36.049874], [-146.600744, 36.060862], [-146.598578, 36.074508], [-146.597849, 36.081807], [-146.595448, 36.095305], [-146.592958, 36.106804], [-146.58736, 36.125057], [-146.583901, 36.133931], [-146.582643, 36.140096], [-146.580182, 36.145889], [-146.578689, 36.150404], [-146.576213, 36.156556], [-146.5717, 36.165708], [-146.567313, 36.173693], [-146.56229, 36.178197], [-146.557029, 36.186777], [-146.559663, 36.198708], [-146.559777, 36.207669], [-146.557352, 36.213377], [-146.556271, 36.225558], [-146.553991, 36.232532], [-146.550832, 36.242092], [-146.543917, 36.26065], [-146.540158, 36.273242], [-146.536628, 36.282419], [-146.532177, 36.29732], [-146.528297, 36.306438], [-146.52662, 36.320273], [-146.529109, 36.332575], [-146.531767, 36.349473], [-146.531596, 36.361482], [-146.528861, 36.368713], [-146.520437, 36.375297], [-146.514054, 36.382066], [-146.509816, 36.389017], [-146.507572, 36.395477], [-146.503661, 36.401911], [-146.493124, 36.411213], [-146.483423, 36.422348], [-146.477175, 36.431553], [-146.467497, 36.441858], [-146.459483, 36.449957], [-146.458224, 36.459614], [-146.459493, 36.473063], [-146.462795, 36.485535], [-146.465128, 36.496227], [-146.466726, 36.508187], [-146.466992, 36.519614], [-146.464477, 36.533393], [-146.46196, 36.548705], [-146.461992, 36.558617], [-146.463492, 36.566413], [-146.463747, 36.574743], [-146.462753, 36.583117], [-146.462977, 36.592157], [-146.463966, 36.602902], [-146.463358, 36.619888], [-146.461072, 36.631832], [-146.45738, 36.640417], [-146.450693, 36.657803], [-146.44685, 36.66459], [-146.444881, 36.676976], [-146.446083, 36.689316], [-146.446692, 36.699547], [-146.445442, 36.70859], [-146.441054, 36.721273], [-146.438033, 36.730858], [-146.436228, 36.739253], [-146.435097, 36.750005], [-146.431062, 36.760232], [-146.428579, 36.768109], [-146.426981, 36.77211], [-146.423061, 36.781325], [-146.418318, 36.794157], [-146.414679, 36.802021], [-146.410298, 36.813121], [-146.408863, 36.819199], [-146.407056, 36.827362], [-146.406109, 36.835889], [-146.4048, 36.8459], [-146.403565, 36.857385], [-146.395394, 36.870454], [-146.387627, 36.881065], [-146.382018, 36.888846], [-146.377063, 36.897177], [-146.368437, 36.910937], [-146.361864, 36.920518], [-146.355444, 36.930154], [-146.34965, 36.937538], [-146.340408, 36.948826], [-146.3309, 36.960283], [-146.325876, 36.965702], [-146.321133, 36.971224], [-146.318624, 36.977928], [-146.318876, 36.985012], [-146.324798, 36.994095], [-146.330175, 36.998509], [-146.336882, 37.003072], [-146.341389, 37.009009], [-146.345239, 37.013012], [-146.348415, 37.024192], [-146.347462, 37.031553], [-146.344051, 37.042487], [-146.342717, 37.048122], [-146.341189, 37.056453], [-146.340877, 37.062232], [-146.340911, 37.068591], [-146.342149, 37.081478], [-146.340568, 37.092106], [-146.340438, 37.100272], [-146.339198, 37.109608], [-146.337006, 37.115548], [-146.335635, 37.119438], [-146.333196, 37.125484], [-146.330726, 37.131287], [-146.329485, 37.13794], [-146.325485, 37.147472], [-146.320057, 37.156669], [-146.317747, 37.16462], [-146.315485, 37.171175], [-146.315105, 37.175898], [-146.312146, 37.184257], [-146.315662, 37.190854], [-146.319108, 37.189242], [-146.321449, 37.18414], [-146.325306, 37.182071], [-146.330474, 37.1781], [-146.334322, 37.174236], [-146.341607, 37.172825], [-146.346542, 37.173173], [-146.355738, 37.17367], [-146.364406, 37.175513], [-146.376004, 37.175557], [-146.389171, 37.173885], [-146.396936, 37.174698], [-146.405669, 37.179693], [-146.412388, 37.184988], [-146.420298, 37.193714], [-146.427873, 37.200938], [-146.433921, 37.207722], [-146.441257, 37.214288], [-146.445876, 37.220684], [-146.449952, 37.226306], [-146.452114, 37.233612], [-146.454928, 37.247259], [-146.465228, 37.251459], [-146.473772, 37.2545], [-146.47952, 37.258209], [-146.485916, 37.263152], [-146.491413, 37.273064], [-146.492058, 37.278911], [-146.489063, 37.283952], [-146.496617, 37.286614], [-146.507688, 37.28786], [-146.513568, 37.291902], [-146.51936, 37.296634], [-146.520319, 37.303654], [-146.521687, 37.311965], [-146.52525, 37.319553], [-146.52224, 37.322493], [-146.51846, 37.327642], [-146.517244, 37.332504], [-146.509708, 37.337635], [-146.506387, 37.338575], [-146.504142, 37.336524], [-146.499565, 37.333419], [-146.499333, 37.330669], [-146.496129, 37.328824], [-146.491558, 37.323113], [-146.487774, 37.315843], [-146.481449, 37.306879], [-146.47764, 37.299986], [-146.472373, 37.288476], [-146.47261, 37.278777], [-146.471043, 37.263063], [-146.468373, 37.25233], [-146.46654, 37.239417], [-146.466144, 37.226447], [-146.469522, 37.224697], [-146.482766, 37.22541], [-146.486645, 37.22612], [-146.506958, 37.231815], [-146.520442, 37.236087], [-146.538165, 37.241916], [-146.550347, 37.245257], [-146.565199, 37.248856], [-146.577533, 37.25158], [-146.595093, 37.255183], [-146.61116, 37.257015], [-146.625308, 37.262254], [-146.640022, 37.26856], [-146.648186, 37.269914], [-146.661149, 37.272115], [-146.675827, 37.274173], [-146.689133, 37.274665], [-146.701962, 37.274567], [-146.718483, 37.276517], [-146.736154, 37.280272], [-146.749684, 37.284029], [-146.768292, 37.290658], [-146.780571, 37.292783], [-146.791467, 37.295468], [-146.811207, 37.30046], [-146.823303, 37.303297], [-146.8401, 37.307582], [-146.85403, 37.310313], [-146.867428, 37.313372], [-146.880118, 37.31689], [-146.894756, 37.320947], [-146.91016, 37.324583], [-146.92172, 37.326093], [-146.93443, 37.328191], [-146.94057, 37.329442], [-146.950225, 37.331468], [-146.959737, 37.333944], [-146.974915, 37.338375], [-146.98725, 37.342368], [-147.005192, 37.348402], [-147.012465, 37.351175], [-147.023946, 37.355064], [-147.033498, 37.359035], [-147.047501, 37.364207], [-147.059987, 37.368106], [-147.07776, 37.374007], [-147.089984, 37.377032], [-147.102981, 37.381835], [-147.111685, 37.385378], [-147.125485, 37.390008], [-147.136683, 37.393378], [-147.149788, 37.396124], [-147.158793, 37.398938], [-147.171067, 37.401238], [-147.180474, 37.402903], [-147.194698, 37.404672], [-147.207008, 37.407292], [-147.225713, 37.412918], [-147.234854, 37.415517], [-147.244738, 37.418863], [-147.260447, 37.423738], [-147.27127, 37.427463], [-147.285183, 37.433731], [-147.29738, 37.439586], [-147.310671, 37.445751], [-147.322538, 37.449906], [-147.334426, 37.454458], [-147.342617, 37.455497], [-147.354256, 37.457275], [-147.367895, 37.461117], [-147.379942, 37.460328], [-147.387346, 37.461835], [-147.396581, 37.460978], [-147.405473, 37.45893], [-147.414169, 37.455606], [-147.420716, 37.450767], [-147.427532, 37.446999], [-147.434271, 37.442249], [-147.442204, 37.440313], [-147.451827, 37.434532], [-147.457669, 37.431919], [-147.462679, 37.430623], [-147.466131, 37.430364], [-147.469357, 37.428825], [-147.469901, 37.426491], [-147.470082, 37.423248], [-147.4707, 37.419982], [-147.472369, 37.416665], [-147.476393, 37.411164], [-147.48191, 37.404713], [-147.489519, 37.401935], [-147.492763, 37.398305], [-147.499054, 37.396828], [-147.50293, 37.395285], [-147.506848, 37.397023], [-147.512119, 37.400339], [-147.511573, 37.403648], [-147.507866, 37.406481], [-147.504006, 37.40482], [-147.499669, 37.403745], [-147.495413, 37.402009], [-147.487562, 37.397913], [-147.47639, 37.39505], [-147.466803, 37.392205], [-147.456402, 37.385475], [-147.449044, 37.377005], [-147.447296, 37.380699], [-147.44815, 37.376767], [-147.446623, 37.368997], [-147.44608, 37.365642], [-147.445415, 37.36211], [-147.444864, 37.357462], [-147.450477, 37.363152], [-147.453912, 37.369336], [-147.457286, 37.376097], [-147.460477, 37.380744], [-147.463428, 37.386609], [-147.466586, 37.391815], [-147.471423, 37.397599], [-147.476526, 37.402767], [-147.480292, 37.406513], [-147.48426, 37.412037], [-147.489507, 37.422231], [-147.495423, 37.431612], [-147.498329, 37.436687], [-147.50307, 37.445503], [-147.509338, 37.455273], [-147.514427, 37.466632], [-147.524894, 37.481833], [-147.532382, 37.491798], [-147.534533, 37.499052], [-147.534345, 37.511327], [-147.537597, 37.517341], [-147.541984, 37.528672], [-147.545627, 37.539003], [-147.55128, 37.552609], [-147.554296, 37.5603], [-147.561182, 37.573152], [-147.565258, 37.580729], [-147.572601, 37.594474], [-147.579577, 37.613372], [-147.583578, 37.624057], [-147.588047, 37.633509], [-147.591931, 37.640563], [-147.595605, 37.648122], [-147.602034, 37.65846], [-147.604805, 37.664416], [-147.607452, 37.670927], [-147.610711, 37.676503], [-147.61788, 37.687757], [-147.623229, 37.694], [-147.629976, 37.701897], [-147.633803, 37.706953], [-147.63961, 37.712626], [-147.64716, 37.721853], [-147.655912, 37.730418], [-147.667817, 37.742732], [-147.672936, 37.752291], [-147.679849, 37.762059], [-147.684287, 37.768481], [-147.687882, 37.775528], [-147.69597, 37.787148], [-147.705565, 37.796927], [-147.711865, 37.805352], [-147.714018, 37.815387], [-147.718502, 37.827019], [-147.724975, 37.85156], [-147.72867, 37.864673], [-147.729887, 37.877823], [-147.73075, 37.886277], [-147.732156, 37.895986], [-147.734548, 37.907212], [-147.736431, 37.917608], [-147.738462, 37.931073], [-147.740397, 37.942271], [-147.740818, 37.954538], [-147.743476, 37.963943], [-147.746633, 37.974885], [-147.746927, 37.989775], [-147.747962, 37.997337], [-147.750978, 38.017604], [-147.752579, 38.028485], [-147.753532, 38.041073], [-147.7533, 38.054192], [-147.752205, 38.069922], [-147.751245, 38.08881], [-147.752827, 38.095632], [-147.755238, 38.105165], [-147.756503, 38.117488], [-147.757005, 38.122901], [-147.754825, 38.133409], [-147.756781, 38.143869], [-147.760533, 38.153933], [-147.76591, 38.163755], [-147.770867, 38.171216], [-147.778642, 38.180476], [-147.782602, 38.186262], [-147.789112, 38.191407], [-147.795127, 38.195991], [-147.804499, 38.201417], [-147.811233, 38.205657], [-147.814827, 38.207842], [-147.819786, 38.20603], [-147.824242, 38.196865], [-147.823591, 38.188212], [-147.826795, 38.198672], [-147.824948, 38.234618], [-147.824533, 38.258], [-147.825327, 38.271085], [-147.824802, 38.262655], [-147.830776, 38.253017], [-147.830845, 38.251103], [-147.817808, 38.254878], [-147.801153, 38.256867], [-147.79725, 38.257387], [-147.791025, 38.258325], [-147.785425, 38.259191], [-147.752767, 38.264055], [-147.762727, 38.278682], [-147.776005, 38.286205], [-147.794947, 38.297817], [-147.803703, 38.304496], [-147.811483, 38.311207], [-147.82229, 38.315112], [-147.835388, 38.319769], [-147.852328, 38.323106], [-147.862913, 38.322658], [-147.872925, 38.321782], [-147.882372, 38.323766], [-147.889868, 38.324352], [-147.897318, 38.326312], [-147.903166, 38.32547], [-147.910384, 38.321528], [-147.914117, 38.320123], [-147.925572, 38.317183], [-147.934351, 38.319346], [-147.942328, 38.322272], [-147.950723, 38.328344], [-147.961158, 38.334052], [-147.971302, 38.337746], [-147.979236, 38.341269], [-147.989948, 38.344992], [-147.999036, 38.346608], [-148.007104, 38.348812], [-148.014916, 38.351364], [-148.020206, 38.350948], [-148.025061, 38.351702], [-148.033575, 38.354594], [-148.038494, 38.356358], [-148.046903, 38.360271], [-148.0599, 38.36621], [-148.071467, 38.370596], [-148.080969, 38.375006], [-148.092808, 38.378705], [-148.105542, 38.382317], [-148.120817, 38.385995], [-148.132613, 38.388382], [-148.146588, 38.390874], [-148.161576, 38.393797], [-148.173497, 38.398235], [-148.18525, 38.402252], [-148.200073, 38.408448], [-148.211367, 38.41133], [-148.228129, 38.416342], [-148.243587, 38.419977], [-148.259568, 38.423782], [-148.263309, 38.427853], [-148.250635, 38.435737], [-148.2372, 38.444422], [-148.229979, 38.449447], [-148.222293, 38.454725], [-148.207472, 38.466072], [-148.201002, 38.473859], [-148.189527, 38.477493], [-148.180032, 38.482182], [-148.171051, 38.489379], [-148.160295, 38.49369], [-148.148717, 38.500391], [-148.136723, 38.505793], [-148.127632, 38.510951], [-148.114329, 38.517316], [-148.103933, 38.521857], [-148.091423, 38.525883], [-148.074448, 38.530243], [-148.063237, 38.533985], [-148.048938, 38.537916], [-148.038933, 38.540547], [-148.033484, 38.541938], [-148.025556, 38.544517], [-148.015844, 38.54658], [-148.00238, 38.548793], [-147.990746, 38.551984], [-147.979918, 38.554351], [-147.967624, 38.557268], [-147.954505, 38.558776], [-147.941633, 38.557431], [-147.930563, 38.557758], [-147.917525, 38.560824], [-147.906886, 38.564309], [-147.895466, 38.568681], [-147.886556, 38.573436], [-147.876955, 38.57865], [-147.86675, 38.585422], [-147.853415, 38.592336], [-147.846458, 38.596874], [-147.836496, 38.602867], [-147.826882, 38.608078], [-147.814022, 38.614508], [-147.805734, 38.61882], [-147.793296, 38.624172], [-147.77317, 38.634383], [-147.763208, 38.638985], [-147.751669, 38.644718], [-147.7395, 38.650693], [-147.725458, 38.656072], [-147.717773, 38.659228], [-147.706765, 38.665248], [-147.697058, 38.670632], [-147.690465, 38.675037], [-147.677592, 38.684617], [-147.663685, 38.693005], [-147.65597, 38.697962], [-147.645887, 38.7047], [-147.637351, 38.710583], [-147.628868, 38.717078], [-147.620722, 38.72383], [-147.61159, 38.730935], [-147.60426, 38.738087], [-147.597186, 38.744274], [-147.589319, 38.750528], [-147.582038, 38.757274], [-147.572851, 38.764299], [-147.557355, 38.775472], [-147.549239, 38.780962], [-147.536642, 38.787593], [-147.523569, 38.79301], [-147.51275, 38.797462], [-147.522978, 38.806304], [-147.534783, 38.812727], [-147.542645, 38.818118], [-147.549133, 38.823378], [-147.558537, 38.830027], [-147.570281, 38.83856], [-147.580303, 38.845135], [-147.589642, 38.850395], [-147.60403, 38.860201], [-147.616878, 38.868852], [-147.628724, 38.874375], [-147.640184, 38.880538], [-147.654683, 38.886691], [-147.664178, 38.890163], [-147.675397, 38.895245], [-147.687365, 38.900835], [-147.697141, 38.904468], [-147.707209, 38.909405], [-147.718447, 38.914755], [-147.728588, 38.917857], [-147.740783, 38.923435], [-147.752063, 38.929364], [-147.757837, 38.931983], [-147.772886, 38.939202], [-147.785958, 38.943412], [-147.793302, 38.946517], [-147.804507, 38.950353], [-147.816315, 38.954446], [-147.832158, 38.95882], [-147.844548, 38.96167], [-147.857045, 38.967321], [-147.865911, 38.969521], [-147.882377, 38.97527], [-147.899485, 38.982547], [-147.908878, 38.987474], [-147.916938, 38.990277], [-147.924588, 38.99292], [-147.928146, 38.992961], [-147.941117, 38.995531], [-147.949646, 38.99819], [-147.964183, 39.001], [-147.976744, 39.000863], [-147.985069, 39.001546], [-147.993999, 39.002404], [-148.008325, 39.003798], [-148.019682, 39.004724], [-148.029236, 39.004695], [-148.042228, 39.00555], [-148.057695, 39.005823], [-148.068356, 39.005164], [-148.081907, 39.005319], [-148.093388, 39.001289], [-148.110668, 39.000822], [-148.120632, 39.000726], [-148.131495, 38.998216], [-148.144564, 38.995003], [-148.16232, 38.992547], [-148.172289, 38.991199], [-148.184938, 38.989977], [-148.201481, 38.986057], [-148.210567, 38.984822], [-148.224074, 38.984575], [-148.231696, 38.983705], [-148.228848, 38.990683], [-148.223175, 39.002923], [-148.211881, 39.018151], [-148.203688, 39.0298], [-148.194178, 39.04202], [-148.195253, 39.046409], [-148.206292, 39.047925], [-148.204855, 39.059363], [-148.206422, 39.100812], [-148.206455, 39.16483], [-148.200423, 39.222725], [-148.197435, 39.274953], [-148.189772, 39.35683], [-148.186428, 39.397595], [-148.18584, 39.446707], [-148.186595, 39.489158], [-148.180058, 39.542403], [-148.172548, 39.580638], [-148.165445, 39.614943], [-148.15806, 39.672357], [-148.15563, 39.723665], [-148.159862, 39.796725], [-148.162758, 39.853268], [-148.16521, 39.888697], [-148.163052, 39.898482], [-148.159643, 39.942482], [-148.160985, 39.977158], [-148.160087, 40.000845], [-148.158223, 40.042403], [-148.156297, 40.091773], [-148.156637, 40.174282], [-148.156627, 40.20968], [-148.157932, 40.249525], [-148.159, 40.292058], [-148.16263, 40.326687], [-148.173463, 40.381997], [-148.182618, 40.428022], [-148.189455, 40.468132], [-148.19385, 40.50472], [-148.196152, 40.542905], [-148.195138, 40.589793], [-148.193647, 40.632217], [-148.193948, 40.694592], [-148.192803, 40.743343], [-148.190597, 40.778725], [-148.187317, 40.842265], [-148.184635, 40.864587], [-148.173828, 40.928277], [-148.170388, 40.957827], [-148.167527, 41.019287], [-148.163987, 41.085643], [-148.161895, 41.116503], [-148.16009, 41.134383], [-148.152342, 41.187392], [-148.149744, 41.210929], [-148.148408, 41.221198], [-148.148495, 41.231592], [-148.149472, 41.244228], [-148.150075, 41.254949], [-148.14951, 41.265028], [-148.149483, 41.274393], [-148.149626, 41.283842], [-148.149397, 41.298032], [-148.14982, 41.308088], [-148.149402, 41.319943], [-148.148672, 41.327703], [-148.147322, 41.337346], [-148.145899, 41.347859], [-148.144814, 41.358407], [-148.143235, 41.372468], [-148.142015, 41.380382], [-148.141262, 41.388642], [-148.140464, 41.400654], [-148.139282, 41.41277], [-148.138766, 41.420452], [-148.13792, 41.430268], [-148.13659, 41.443603], [-148.136347, 41.450875], [-148.135252, 41.466366], [-148.135082, 41.478368], [-148.134085, 41.491278], [-148.133576, 41.503461], [-148.132474, 41.513664], [-148.130596, 41.527261], [-148.129572, 41.543027], [-148.12933, 41.555471], [-148.128297, 41.567891], [-148.127888, 41.580827], [-148.126953, 41.591569], [-148.126168, 41.60819], [-148.126839, 41.627993], [-148.127177, 41.641473], [-148.12771, 41.653267], [-148.127918, 41.66119], [-148.12796, 41.670813], [-148.12821, 41.688565], [-148.129797, 41.713187], [-148.13186, 41.730932], [-148.132688, 41.743709], [-148.133172, 41.755013], [-148.13474, 41.768952], [-148.134777, 41.780452], [-148.134575, 41.801958], [-148.135102, 41.816775], [-148.135396, 41.830525], [-148.136415, 41.846992], [-148.136528, 41.856887], [-148.135547, 41.883217], [-148.135438, 41.902092], [-148.134888, 41.915083], [-148.132818, 41.934495], [-148.130992, 41.946792], [-148.128765, 41.958027], [-148.12736, 41.967569], [-148.12621, 41.981783], [-148.12408, 41.993585], [-148.122675, 42.00712], [-148.121287, 42.021505], [-148.119767, 42.039415], [-148.118473, 42.050296], [-148.117798, 42.05745], [-148.117342, 42.0735], [-148.117243, 42.085339], [-148.11757, 42.09815], [-148.118532, 42.108479], [-148.119383, 42.124795], [-148.121502, 42.139168], [-148.123697, 42.156615], [-148.125043, 42.16731], [-148.12647, 42.178155], [-148.130556, 42.207159], [-148.130507, 42.215913], [-148.130892, 42.228648], [-148.13138, 42.243113], [-148.131128, 42.259727], [-148.130503, 42.270385], [-148.1303, 42.283058], [-148.130667, 42.297102], [-148.132957, 42.316414], [-148.134173, 42.328578], [-148.134874, 42.338045], [-148.135725, 42.34713], [-148.136592, 42.357427], [-148.138078, 42.371223], [-148.141122, 42.392737], [-148.143152, 42.401922], [-148.145718, 42.413481], [-148.14844, 42.42518], [-148.151347, 42.436597], [-148.154223, 42.449957], [-148.156623, 42.46579], [-148.158285, 42.475449], [-148.159295, 42.484495], [-148.162716, 42.505924], [-148.164192, 42.517451], [-148.16306, 42.529622], [-148.161625, 42.541408], [-148.159198, 42.556222], [-148.158665, 42.565507], [-148.155695, 42.587525], [-148.15371, 42.598483], [-148.151986, 42.611483], [-148.148512, 42.622605], [-148.146015, 42.637237], [-148.140457, 42.660218], [-148.136747, 42.67118], [-148.130728, 42.688528], [-148.11688, 42.717815], [-148.107712, 42.730454], [-148.097095, 42.74224], [-148.085007, 42.750312], [-148.076377, 42.749231], [-148.066837, 42.748145], [-148.055577, 42.754183], [-148.045588, 42.759262], [-148.035439, 42.765688], [-148.023314, 42.776998], [-148.015793, 42.78548], [-148.00285, 42.796436], [-147.990002, 42.807228], [-147.982427, 42.815481], [-147.97079, 42.824453], [-147.958815, 42.830363], [-147.94642, 42.833554], [-147.93638, 42.842902], [-147.92856, 42.849877], [-147.91039, 42.859075], [-147.897309, 42.865452], [-147.888597, 42.873507], [-147.88292, 42.88478], [-147.874905, 42.894222], [-147.865797, 42.904623], [-147.85503, 42.917248], [-147.849528, 42.926942], [-147.845365, 42.936223], [-147.844067, 42.951182], [-147.841859, 42.962279], [-147.839877, 42.9698], [-147.836372, 42.981389], [-147.831669, 42.988327], [-147.82944, 42.996702], [-147.831048, 43.006073], [-147.835121, 43.017442], [-147.830723, 43.02963], [-147.827808, 43.036567], [-147.825517, 43.047717], [-147.82414, 43.054433], [-147.818872, 43.062555], [-147.81488, 43.069415], [-147.808767, 43.075172], [-147.803046, 43.080947], [-147.796406, 43.086662], [-147.790185, 43.092587], [-147.782081, 43.09836], [-147.772031, 43.106188], [-147.763912, 43.112157], [-147.757362, 43.117738], [-147.750842, 43.124804], [-147.745487, 43.131988], [-147.740068, 43.137366], [-147.732535, 43.144207], [-147.72595, 43.153241], [-147.719785, 43.160853], [-147.716712, 43.167361], [-147.713106, 43.177468], [-147.709837, 43.185691], [-147.707179, 43.193528], [-147.702583, 43.206021], [-147.697961, 43.212428], [-147.692682, 43.220004], [-147.684234, 43.226255], [-147.676873, 43.231307], [-147.672638, 43.240022], [-147.668051, 43.250492], [-147.666125, 43.258325], [-147.661023, 43.269805], [-147.657739, 43.283226], [-147.649662, 43.296472], [-147.642248, 43.305437], [-147.63699, 43.315005], [-147.632227, 43.324857], [-147.625363, 43.336909], [-147.61965, 43.349513], [-147.616057, 43.359693], [-147.607987, 43.372845], [-147.600087, 43.385692], [-147.595633, 43.395828], [-147.588658, 43.407382], [-147.58005, 43.419917], [-147.574284, 43.427778], [-147.565761, 43.441016], [-147.560316, 43.449129], [-147.553543, 43.459872], [-147.546685, 43.472612], [-147.540087, 43.481614], [-147.534417, 43.491078], [-147.527337, 43.501906], [-147.520778, 43.510849], [-147.512783, 43.519631], [-147.505223, 43.527128], [-147.496188, 43.535432], [-147.4906, 43.542107], [-147.483763, 43.552374], [-147.47689, 43.560266], [-147.471567, 43.565784], [-147.46671, 43.575184], [-147.462719, 43.584087], [-147.45958, 43.594702], [-147.455976, 43.605032], [-147.448608, 43.613603], [-147.439812, 43.623743], [-147.437189, 43.63058], [-147.430592, 43.643337], [-147.426087, 43.654287], [-147.420195, 43.663743], [-147.416515, 43.673593], [-147.411118, 43.683803], [-147.408148, 43.694715], [-147.40417, 43.707174], [-147.400925, 43.719578], [-147.399237, 43.729751], [-147.399052, 43.737069], [-147.399341, 43.746463], [-147.40084, 43.753511], [-147.404902, 43.763724], [-147.407085, 43.773833], [-147.40609, 43.783306], [-147.403804, 43.796052], [-147.400707, 43.804526], [-147.397606, 43.816004], [-147.394598, 43.824268], [-147.391413, 43.835279], [-147.388419, 43.846911], [-147.388572, 43.856882], [-147.387482, 43.866716], [-147.382332, 43.877497], [-147.381042, 43.884022], [-147.379434, 43.892289], [-147.376848, 43.899386], [-147.374713, 43.90674], [-147.372413, 43.913302], [-147.369682, 43.922739], [-147.369574, 43.928982], [-147.367588, 43.935383], [-147.367412, 43.941484], [-147.369318, 43.946675], [-147.369238, 43.953441], [-147.369228, 43.960242], [-147.368059, 43.966089], [-147.36803, 43.974243], [-147.367241, 43.981533], [-147.36648, 43.988447], [-147.36347, 43.997387], [-147.362842, 44.003612], [-147.363497, 44.008914], [-147.364366, 44.017014], [-147.365432, 44.025499], [-147.366519, 44.032824], [-147.366939, 44.040324], [-147.36904, 44.047612], [-147.371505, 44.053853], [-147.373935, 44.060037], [-147.376671, 44.065549], [-147.380597, 44.072889], [-147.383782, 44.078977], [-147.385414, 44.08479], [-147.387737, 44.091226], [-147.391281, 44.097728], [-147.394087, 44.104566], [-147.39769, 44.112372], [-147.400746, 44.11859], [-147.403734, 44.125242], [-147.408267, 44.131295], [-147.412342, 44.136523], [-147.417157, 44.144017], [-147.418826, 44.148767], [-147.415995, 44.157162], [-147.410092, 44.167567], [-147.406608, 44.177015], [-147.404479, 44.187372], [-147.403046, 44.194355], [-147.402724, 44.201438], [-147.402316, 44.20887], [-147.401779, 44.216658], [-147.401029, 44.223692], [-147.400316, 44.230829], [-147.39948, 44.237592], [-147.397548, 44.244925], [-147.393363, 44.252102], [-147.388295, 44.259501], [-147.383715, 44.265876], [-147.377977, 44.273532], [-147.372991, 44.280457], [-147.367401, 44.29051], [-147.364348, 44.296987], [-147.36018, 44.307493], [-147.354395, 44.316205], [-147.350558, 44.324316], [-147.348011, 44.328635], [-147.344607, 44.33411], [-147.339568, 44.340792], [-147.335542, 44.34603], [-147.325475, 44.353985], [-147.316227, 44.361772], [-147.302772, 44.377202], [-147.297809, 44.384952], [-147.291655, 44.394157], [-147.287185, 44.402429], [-147.283018, 44.409744], [-147.277562, 44.419482], [-147.274397, 44.430917], [-147.2713, 44.439702], [-147.266057, 44.445407], [-147.260912, 44.450926], [-147.252926, 44.459932], [-147.247165, 44.466863], [-147.240235, 44.472867], [-147.231556, 44.481493], [-147.224578, 44.486021], [-147.218043, 44.490915], [-147.211793, 44.497242], [-147.204297, 44.502543], [-147.199099, 44.505783], [-147.191612, 44.506861], [-147.17583, 44.509652], [-147.159156, 44.513266], [-147.129723, 44.51901], [-147.119026, 44.520991], [-147.104685, 44.524453], [-147.09338, 44.526348], [-147.079384, 44.531509], [-147.067028, 44.536812], [-147.053659, 44.541716], [-147.045052, 44.545632], [-147.034002, 44.551004], [-147.019853, 44.559743], [-147.005653, 44.568998], [-146.991393, 44.580593], [-146.983948, 44.585069], [-146.969707, 44.594418], [-146.960102, 44.601565], [-146.951535, 44.609188], [-146.938727, 44.618108], [-146.930155, 44.625092], [-146.918401, 44.634722], [-146.905457, 44.644162], [-146.895103, 44.651058], [-146.876827, 44.662486], [-146.863483, 44.671787], [-146.847815, 44.681832], [-146.83441, 44.690283], [-146.820845, 44.698858], [-146.812603, 44.704657], [-146.801137, 44.709817], [-146.783514, 44.719417], [-146.769602, 44.724491], [-146.75521, 44.730239], [-146.745055, 44.735047], [-146.728633, 44.740549], [-146.716885, 44.745345], [-146.707178, 44.748771], [-146.69469, 44.755189], [-146.681843, 44.764058], [-146.669295, 44.77116], [-146.659486, 44.778492], [-146.647461, 44.786556], [-146.639454, 44.791508], [-146.628323, 44.799128], [-146.617347, 44.804563], [-146.606102, 44.809001], [-146.58878, 44.815252], [-146.579195, 44.820318], [-146.570392, 44.823672], [-146.550667, 44.831687], [-146.54004, 44.83786], [-146.527906, 44.843733], [-146.513253, 44.851532], [-146.500444, 44.859806], [-146.484923, 44.865725], [-146.47128, 44.872718], [-146.460043, 44.877863], [-146.449377, 44.88292], [-146.439449, 44.887644], [-146.427898, 44.895738], [-146.420865, 44.901777], [-146.404962, 44.911648], [-146.392491, 44.920449], [-146.379967, 44.93068], [-146.369166, 44.939718], [-146.35882, 44.948723], [-146.352874, 44.954477], [-146.346753, 44.96025], [-146.340629, 44.966387], [-146.332267, 44.973174], [-146.327048, 44.978982], [-146.320263, 44.985102], [-146.312031, 44.991607], [-146.305837, 44.996361], [-146.292238, 44.998464], [-146.278818, 44.998338], [-146.254677, 44.996898], [-146.237077, 44.996595], [-146.223212, 44.996858], [-146.205168, 45.002143], [-146.191476, 45.005475], [-146.172487, 45.010682], [-146.162797, 45.014033], [-146.149612, 45.020142], [-146.138788, 45.028532], [-146.129113, 45.035], [-146.119304, 45.042279], [-146.113837, 45.048146], [-146.102786, 45.062295], [-146.091623, 45.071817], [-146.081859, 45.081527], [-146.071704, 45.091648], [-146.062508, 45.101254], [-146.055537, 45.109463], [-146.046537, 45.11883], [-146.040049, 45.127626], [-146.028815, 45.137835], [-146.019412, 45.146231], [-146.008806, 45.156674], [-145.994977, 45.169693], [-145.984293, 45.179185], [-145.974216, 45.186792], [-145.964608, 45.194208], [-145.951028, 45.204215], [-145.938854, 45.213718], [-145.930149, 45.220277], [-145.922837, 45.228443], [-145.910703, 45.238484], [-145.902848, 45.246938], [-145.889677, 45.25868], [-145.877298, 45.26785], [-145.869048, 45.274148], [-145.858173, 45.284887], [-145.849279, 45.294421], [-145.841239, 45.302485], [-145.830938, 45.313317], [-145.816792, 45.323315], [-145.807428, 45.331113], [-145.792816, 45.34219], [-145.778627, 45.349527], [-145.764523, 45.357482], [-145.750481, 45.36592], [-145.741659, 45.373575], [-145.730353, 45.382468], [-145.720118, 45.392761], [-145.711383, 45.403997], [-145.703332, 45.416238], [-145.698257, 45.424413], [-145.69064, 45.435096], [-145.682882, 45.444427], [-145.67406, 45.453109], [-145.662014, 45.460433], [-145.65124, 45.46749], [-145.637548, 45.47491], [-145.626002, 45.48261], [-145.614812, 45.490406], [-145.601517, 45.49678], [-145.590497, 45.50215], [-145.576067, 45.512513], [-145.56731, 45.519756], [-145.557649, 45.526198], [-145.541038, 45.533475], [-145.528118, 45.538876], [-145.51594, 45.542348], [-145.502925, 45.546906], [-145.489367, 45.552822], [-145.474885, 45.561813], [-145.469095, 45.566921], [-145.456963, 45.574473], [-145.450433, 45.582366], [-145.449833, 45.591658], [-145.447336, 45.598711], [-145.442922, 45.609206], [-145.433022, 45.616814], [-145.418082, 45.623632], [-145.404612, 45.630072], [-145.386748, 45.6376], [-145.375018, 45.647873], [-145.360938, 45.656219], [-145.353004, 45.659793], [-145.340958, 45.664091], [-145.328599, 45.668415], [-145.312682, 45.672451], [-145.298732, 45.67697], [-145.286141, 45.682007], [-145.278149, 45.685847], [-145.265349, 45.692103], [-145.250076, 45.700602], [-145.237758, 45.70963], [-145.220542, 45.721617], [-145.215842, 45.728271], [-145.211516, 45.739403], [-145.214062, 45.749872], [-145.215169, 45.753962], [-145.206989, 45.769497], [-145.200289, 45.778731], [-145.191998, 45.789892], [-145.182183, 45.800189], [-145.17181, 45.812695], [-145.161868, 45.82024], [-145.147247, 45.828895], [-145.141033, 45.836567], [-145.131978, 45.845591], [-145.117307, 45.85574], [-145.102173, 45.863571], [-145.091653, 45.870737], [-145.081038, 45.876227], [-145.066972, 45.884265], [-145.052792, 45.891915], [-145.040049, 45.899591], [-145.034411, 45.908225], [-145.030327, 45.916526], [-145.026833, 45.923969], [-145.023109, 45.929156], [-145.014534, 45.938588], [-145.00008, 45.949177], [-144.99214, 45.95384], [-144.980765, 45.960687], [-144.97017, 45.966125], [-144.955339, 45.973181], [-144.941659, 45.977139], [-144.92873, 45.982105], [-144.916821, 45.987227], [-144.904005, 45.993363], [-144.87082, 45.994363], [-144.852105, 45.996188], [-144.844315, 45.997825], [-144.826927, 46.000606], [-144.811647, 46.005127], [-144.762506, 46.024615], [-144.748845, 46.033154], [-144.735209, 46.042433], [-144.729232, 46.055077], [-144.723633, 46.06363], [-144.713282, 46.082632], [-144.70136, 46.095525], [-144.690737, 46.104328], [-144.678411, 46.113981], [-144.662868, 46.120769], [-144.647571, 46.126843], [-144.634171, 46.132573], [-144.625923, 46.135937], [-144.614439, 46.142832], [-144.604736, 46.150892], [-144.595265, 46.158232], [-144.58273, 46.161052], [-144.569638, 46.165817], [-144.558301, 46.168617], [-144.539069, 46.174132], [-144.521733, 46.18259], [-144.510284, 46.190411], [-144.503239, 46.196054], [-144.494699, 46.204855], [-144.473013, 46.21617], [-144.464906, 46.223764], [-144.461643, 46.23597], [-144.453392, 46.241906], [-144.442428, 46.247432], [-144.430477, 46.252448], [-144.415137, 46.260508], [-144.370123, 46.284556], [-144.323352, 46.308294], [-144.30693, 46.317798], [-144.297022, 46.322317], [-144.256853, 46.340027], [-144.243791, 46.345522], [-144.233187, 46.352155], [-144.218186, 46.359172], [-144.204204, 46.367673], [-144.194168, 46.374105], [-144.177743, 46.385632], [-144.160032, 46.396888], [-144.147088, 46.405083], [-144.136118, 46.412402], [-144.12347, 46.42002], [-144.108833, 46.431285], [-144.097127, 46.441537], [-144.08636, 46.450938], [-144.07437, 46.460358], [-144.063263, 46.468512], [-144.048715, 46.47305], [-144.037545, 46.47493], [-144.024655, 46.476485], [-144.010901, 46.478168], [-143.99594, 46.481327], [-143.980928, 46.487028], [-143.963172, 46.49321], [-143.94622, 46.497802], [-143.933214, 46.504048], [-143.919933, 46.510611], [-143.911253, 46.513397], [-143.899518, 46.516667], [-143.886888, 46.524473], [-143.88126, 46.535133], [-143.873513, 46.545815], [-143.868638, 46.552631], [-143.849265, 46.560463], [-143.836613, 46.566853], [-143.820752, 46.573895], [-143.804242, 46.580762], [-143.789668, 46.586866], [-143.77715, 46.593136], [-143.762637, 46.601575], [-143.74701, 46.608082], [-143.735152, 46.61329], [-143.722893, 46.617727], [-143.710062, 46.623575], [-143.697602, 46.630386], [-143.683138, 46.636191], [-143.668913, 46.643643], [-143.653499, 46.648868], [-143.640506, 46.655078], [-143.630524, 46.660139], [-143.614735, 46.666949], [-143.598347, 46.673127], [-143.584393, 46.678494], [-143.569995, 46.68277], [-143.55797, 46.686675], [-143.538425, 46.69341], [-143.52354, 46.699143], [-143.508819, 46.705563], [-143.497878, 46.710568], [-143.483248, 46.715493], [-143.465316, 46.723612], [-143.334712, 46.787158], [-143.323135, 46.79151], [-143.308648, 46.796447], [-143.296486, 46.801282], [-143.290602, 46.803726], [-143.278876, 46.807858], [-143.272199, 46.809694], [-143.264077, 46.81178], [-143.253219, 46.814465], [-143.243802, 46.816992], [-143.23094, 46.82142], [-143.22244, 46.824493], [-143.210107, 46.830399], [-143.196592, 46.835857], [-143.187921, 46.83936], [-143.175643, 46.842565], [-143.169104, 46.84586], [-143.158729, 46.853868], [-143.152498, 46.860141], [-143.140749, 46.870244], [-143.13468, 46.87627], [-143.127117, 46.88359], [-143.123029, 46.891392], [-143.12101, 46.897772], [-143.120431, 46.903883], [-143.120425, 46.91419], [-143.114487, 46.928557], [-143.102817, 46.93273], [-143.095376, 46.935945], [-143.085544, 46.940086], [-143.076827, 46.945232], [-143.064826, 46.951332], [-143.053008, 46.959825], [-143.042023, 46.967018], [-143.033919, 46.973649], [-143.024368, 46.981681], [-143.018946, 46.989502], [-143.014588, 46.995298], [-143.007643, 47.004824], [-142.998683, 47.01484], [-142.99124, 47.02397], [-142.975834, 47.048505], [-142.961312, 47.054484], [-142.94994, 47.058536], [-142.937938, 47.064279], [-142.92604, 47.069766], [-142.913438, 47.075429], [-142.901606, 47.082077], [-142.892074, 47.086697], [-142.88317, 47.091198], [-142.868499, 47.098821], [-142.855447, 47.105966], [-142.844843, 47.112123], [-142.833562, 47.117934], [-142.82371, 47.123842], [-142.817201, 47.127677], [-142.810235, 47.132463], [-142.795707, 47.142036], [-142.788311, 47.146274], [-142.767423, 47.158573], [-142.759862, 47.161208], [-142.744767, 47.169047], [-142.735438, 47.173384], [-142.723674, 47.180111], [-142.709237, 47.188223], [-142.697682, 47.196485], [-142.686134, 47.204174], [-142.669672, 47.215778], [-142.653352, 47.228426], [-142.64113, 47.237583], [-142.624505, 47.249858], [-142.611285, 47.25871], [-142.599813, 47.267014], [-142.589103, 47.27488], [-142.578938, 47.282682], [-142.564882, 47.293773], [-142.54973, 47.307183], [-142.537977, 47.317095], [-142.527715, 47.326615], [-142.512599, 47.340372], [-142.495659, 47.355727], [-142.477084, 47.370897], [-142.457128, 47.38891], [-142.446056, 47.398024], [-142.43322, 47.40867], [-142.42784, 47.413273], [-142.407335, 47.431435], [-142.395843, 47.44115], [-142.385855, 47.448772], [-142.376945, 47.456301], [-142.366472, 47.465554], [-142.356475, 47.473857], [-142.34755, 47.480734], [-142.337616, 47.487981], [-142.328238, 47.494413], [-142.314251, 47.503073], [-142.299863, 47.512972], [-142.29213, 47.518689], [-142.281868, 47.525608], [-142.26774, 47.53549], [-142.259324, 47.542142], [-142.24901, 47.55031], [-142.241758, 47.555311], [-142.234126, 47.560688], [-142.224737, 47.567848], [-142.211157, 47.577115], [-142.198887, 47.587081], [-142.18589, 47.597195], [-142.171214, 47.606635], [-142.159926, 47.614042], [-142.149179, 47.621401], [-142.14211, 47.626888], [-142.13146, 47.634647], [-142.118493, 47.64589], [-142.109399, 47.651292], [-142.100651, 47.657495], [-142.093047, 47.661723], [-142.086132, 47.667075], [-142.077527, 47.672531], [-142.068752, 47.677792], [-142.060069, 47.682696], [-142.048623, 47.688814], [-142.040621, 47.692792], [-142.028678, 47.6987], [-142.019312, 47.704658], [-142.011193, 47.707984], [-142.002252, 47.713476], [-141.990153, 47.718823], [-141.982343, 47.724672], [-141.974272, 47.731252], [-141.969423, 47.736734], [-141.953919, 47.74077], [-141.953653, 47.747182], [-141.957177, 47.769337], [-141.961845, 47.778653], [-141.968648, 47.795053], [-141.970933, 47.803347], [-141.974392, 47.816428], [-141.976413, 47.826523], [-141.97829, 47.836067], [-141.980192, 47.846511], [-141.98236, 47.856614], [-141.986077, 47.867757], [-141.991012, 47.878957], [-141.993932, 47.885212], [-141.995912, 47.892998], [-141.997761, 47.901853], [-142.001191, 47.907485], [-142.003927, 47.911681], [-142.003917, 47.91859], [-141.998871, 47.923835], [-141.992422, 47.928047], [-141.98516, 47.932088], [-141.975442, 47.933854], [-141.971278, 47.936472], [-141.953799, 47.944331], [-141.941082, 47.951151], [-141.921007, 47.962748], [-141.910991, 47.970202], [-141.896665, 47.979622], [-141.888379, 47.984873], [-141.881368, 47.989697], [-141.869595, 47.997657], [-141.860037, 48.005012], [-141.85108, 48.011752], [-141.834142, 48.02769], [-141.8214, 48.04301], [-141.808203, 48.058832], [-141.800743, 48.068909], [-141.7948, 48.077218], [-141.786275, 48.088634], [-141.781613, 48.098562], [-141.775359, 48.109927], [-141.757015, 48.114083], [-141.739252, 48.114312], [-141.724597, 48.114632], [-141.707493, 48.115302], [-141.693655, 48.115912], [-141.678394, 48.117795], [-141.646237, 48.120358], [-141.626568, 48.122418], [-141.60489, 48.122993], [-141.579203, 48.122352], [-141.558193, 48.122872], [-141.542743, 48.123777], [-141.522564, 48.12565], [-141.503357, 48.127143], [-141.469932, 48.130774], [-141.444798, 48.134584], [-141.421855, 48.138057], [-141.406713, 48.140243], [-141.3881, 48.143435], [-141.371397, 48.147113], [-141.344763, 48.152348], [-141.321667, 48.15743], [-141.305825, 48.160493], [-141.289975, 48.162397], [-141.272637, 48.16535], [-141.254555, 48.168487], [-141.227788, 48.172483], [-141.211606, 48.174228], [-141.191745, 48.176452], [-141.16341, 48.178832], [-141.14408, 48.178418], [-141.12791, 48.178955], [-141.112008, 48.1799], [-141.098242, 48.180692], [-141.080807, 48.18114], [-141.043462, 48.181353], [-141.018756, 48.180495], [-141.001804, 48.180597], [-140.978573, 48.180053], [-140.958348, 48.179517], [-140.938847, 48.179508], [-140.920985, 48.179646], [-140.902702, 48.179676], [-140.886037, 48.179732], [-140.872102, 48.180205], [-140.855083, 48.181057], [-140.835848, 48.181371], [-140.815662, 48.181026], [-140.797912, 48.181943], [-140.78439, 48.183205], [-140.768603, 48.18498], [-140.755227, 48.187366], [-140.739587, 48.188719], [-140.727334, 48.18953], [-140.70962, 48.189163], [-140.700506, 48.189004], [-140.692732, 48.188927], [-140.682817, 48.188228], [-140.675452, 48.188107], [-140.666097, 48.187353], [-140.655805, 48.186495], [-140.643563, 48.186413], [-140.634603, 48.186812], [-140.623818, 48.187434], [-140.613692, 48.187342], [-140.605253, 48.187663], [-140.598493, 48.188372], [-140.58917, 48.190931], [-140.582739, 48.192973], [-140.571734, 48.19497], [-140.564201, 48.196227], [-140.553151, 48.19832], [-140.545691, 48.201212], [-140.539919, 48.206713], [-140.537872, 48.211974], [-140.536807, 48.215549], [-140.536313, 48.221277], [-140.539825, 48.226464], [-140.541851, 48.231932], [-140.539926, 48.236919], [-140.537262, 48.244119], [-140.53611, 48.251504], [-140.528657, 48.259911], [-140.524137, 48.26859], [-140.519594, 48.275793], [-140.512949, 48.278623], [-140.50539, 48.278865], [-140.499981, 48.277475], [-140.49462, 48.275005], [-140.489846, 48.270473], [-140.480447, 48.26189], [-140.473615, 48.253027], [-140.46392, 48.239288], [-140.450315, 48.222317], [-140.436782, 48.204478], [-140.426976, 48.195459], [-140.41519, 48.187113], [-140.392205, 48.174135], [-140.374512, 48.165162], [-140.357753, 48.161045], [-140.345403, 48.158523], [-140.32935, 48.156118], [-140.314463, 48.153675], [-140.295758, 48.151446], [-140.282467, 48.151085], [-140.269953, 48.15109], [-140.252263, 48.148707], [-140.236142, 48.146927], [-140.210313, 48.141945], [-140.191398, 48.137082], [-140.170138, 48.133712], [-140.152375, 48.13193], [-140.137587, 48.13048], [-140.106556, 48.127807], [-140.096219, 48.127649], [-140.089335, 48.128166], [-140.078113, 48.129375], [-140.070503, 48.130106], [-140.062298, 48.130968], [-140.054687, 48.131953], [-140.037023, 48.133533], [-140.020904, 48.136052], [-140.004185, 48.138602], [-139.9867, 48.140864], [-139.971675, 48.142257], [-139.954976, 48.143835], [-139.928717, 48.143755], [-139.911148, 48.14376], [-139.887638, 48.141813], [-139.858863, 48.138385], [-139.831682, 48.132965], [-139.813087, 48.13013], [-139.80024, 48.129698], [-139.780007, 48.129462], [-139.766973, 48.130911], [-139.762651, 48.131303], [-139.749652, 48.132934], [-139.737439, 48.135275], [-139.721626, 48.139034], [-139.708288, 48.143284], [-139.688548, 48.149254], [-139.680277, 48.15192], [-139.665572, 48.156305], [-139.649057, 48.159483], [-139.620223, 48.165763], [-139.601288, 48.1696], [-139.587873, 48.172515], [-139.573075, 48.175573], [-139.559122, 48.178625], [-139.540347, 48.182846], [-139.523745, 48.18547], [-139.503952, 48.192393], [-139.490157, 48.196422], [-139.471783, 48.203827], [-139.459841, 48.208479], [-139.446377, 48.213935], [-139.431807, 48.221278], [-139.417902, 48.229016], [-139.403963, 48.239877], [-139.396321, 48.246183], [-139.387108, 48.256997], [-139.379315, 48.257512], [-139.353602, 48.256053], [-139.333473, 48.254488], [-139.319352, 48.253368], [-139.302332, 48.252447], [-139.278841, 48.251349], [-139.259027, 48.250933], [-139.236028, 48.24805], [-139.213143, 48.24452], [-139.195225, 48.242291], [-139.14952, 48.23502], [-139.132483, 48.232952], [-139.113158, 48.230962], [-139.097702, 48.228737], [-139.070218, 48.229908], [-139.051288, 48.229904], [-139.032475, 48.23074], [-139.017848, 48.228875], [-139.002678, 48.227194], [-138.978448, 48.226582], [-138.964308, 48.226158], [-138.950148, 48.225725], [-138.92312, 48.22745], [-138.905574, 48.229068], [-138.882667, 48.228888], [-138.866318, 48.230683], [-138.850231, 48.233625], [-138.83699, 48.236137], [-138.821782, 48.240128], [-138.809676, 48.242607], [-138.787552, 48.24685], [-138.775919, 48.248991], [-138.757466, 48.252737], [-138.741827, 48.25659], [-138.72679, 48.259712], [-138.7138, 48.26248], [-138.697435, 48.266485], [-138.678894, 48.270295], [-138.667372, 48.272404], [-138.655212, 48.274925], [-138.640328, 48.278114], [-138.625121, 48.281296], [-138.612588, 48.284476], [-138.601379, 48.287197], [-138.592399, 48.288719], [-138.578687, 48.291808], [-138.567137, 48.293298], [-138.550672, 48.296777], [-138.535147, 48.299312], [-138.520275, 48.301342], [-138.494669, 48.306793], [-138.47599, 48.310623], [-138.445578, 48.316343], [-138.42948, 48.31944], [-138.414578, 48.322037], [-138.399308, 48.324843], [-138.384143, 48.32748], [-138.359583, 48.331799], [-138.345932, 48.333783], [-138.334448, 48.335147], [-138.317505, 48.337058], [-138.30382, 48.338428], [-138.28209, 48.341488], [-138.262513, 48.343627], [-138.247477, 48.345309], [-138.217015, 48.348027], [-138.202092, 48.349378], [-138.181967, 48.35085], [-138.16684, 48.352072], [-138.144815, 48.353085], [-138.126702, 48.35459], [-138.093713, 48.356437], [-138.068685, 48.357525], [-138.01801, 48.35895], [-137.9937, 48.35697], [-137.977025, 48.355133], [-137.958322, 48.353068], [-137.92268, 48.348688], [-137.897168, 48.346343], [-137.870322, 48.345582], [-137.84951, 48.345401], [-137.833675, 48.345205], [-137.800658, 48.339295], [-137.747682, 48.332513], [-137.72786, 48.33051], [-137.703421, 48.327003], [-137.690483, 48.3237], [-137.652133, 48.316207], [-137.617047, 48.308772], [-137.593485, 48.303242], [-137.5758, 48.297533], [-137.556508, 48.293328], [-137.53742, 48.287605], [-137.522547, 48.281868], [-137.507157, 48.276148], [-137.482268, 48.265328], [-137.456355, 48.253178], [-137.429202, 48.24185], [-137.409002, 48.234557], [-137.395647, 48.228742], [-137.384103, 48.221962], [-137.367536, 48.213359], [-137.351423, 48.207582], [-137.339455, 48.20311], [-137.323245, 48.195715], [-137.280322, 48.176683], [-137.250574, 48.165454], [-137.240712, 48.158948], [-137.224745, 48.148582], [-137.209918, 48.139885], [-137.191787, 48.127883], [-137.178204, 48.120491], [-137.165215, 48.114183], [-137.152262, 48.104915], [-137.140017, 48.096647], [-137.126084, 48.089341], [-137.114575, 48.087641], [-137.096252, 48.085975], [-137.08536, 48.086721], [-137.069783, 48.087945], [-137.054882, 48.090148], [-137.046886, 48.092768], [-137.030856, 48.094922], [-137.016083, 48.094123], [-136.994532, 48.090367], [-136.974218, 48.087705], [-136.943858, 48.084913], [-136.927604, 48.085224], [-136.913433, 48.086347], [-136.88332, 48.086462], [-136.863798, 48.086662], [-136.847791, 48.087026], [-136.827945, 48.086558], [-136.800866, 48.085185], [-136.766182, 48.080642], [-136.737388, 48.076707], [-136.716563, 48.074348], [-136.70121, 48.072715], [-136.680727, 48.070164], [-136.662637, 48.069063], [-136.642558, 48.070333], [-136.61613, 48.072247], [-136.599509, 48.074436], [-136.58532, 48.075943], [-136.553998, 48.07945], [-136.543647, 48.080668], [-136.518902, 48.08277], [-136.482788, 48.085213], [-136.45702, 48.087757], [-136.419227, 48.091047], [-136.378902, 48.095643], [-136.363523, 48.097663], [-136.340425, 48.09953], [-136.319357, 48.101602], [-136.304545, 48.102541], [-136.285865, 48.104002], [-136.262595, 48.105902], [-136.213025, 48.108197], [-136.195625, 48.108163], [-136.171723, 48.108252], [-136.154018, 48.10864], [-136.131123, 48.109413], [-136.101611, 48.110793], [-136.077092, 48.112557], [-136.043575, 48.116032], [-136.024012, 48.117175], [-136.008543, 48.11836], [-135.986732, 48.120035], [-135.952767, 48.121975], [-135.936077, 48.122753], [-135.918174, 48.124603], [-135.906798, 48.126463], [-135.890297, 48.130689], [-135.869078, 48.136682], [-135.856848, 48.142062], [-135.841225, 48.149308], [-135.823087, 48.158378], [-135.800742, 48.168235], [-135.785422, 48.175068], [-135.75743, 48.183972], [-135.745065, 48.188113], [-135.722373, 48.192213], [-135.695873, 48.198005], [-135.653858, 48.206303], [-135.617712, 48.213327], [-135.589253, 48.216927], [-135.563752, 48.2205], [-135.531725, 48.225887], [-135.451697, 48.239437], [-135.401162, 48.249945], [-135.37747, 48.255387], [-135.350122, 48.260902], [-135.322937, 48.26607], [-135.290425, 48.272208], [-135.269323, 48.275697], [-135.225655, 48.278693], [-135.201995, 48.281028], [-135.166193, 48.284205], [-135.146393, 48.285805], [-135.11031, 48.287882], [-135.077762, 48.289473], [-135.0444, 48.290108], [-135.015748, 48.290257], [-134.982738, 48.29155], [-134.948948, 48.294505], [-134.91672, 48.297255], [-134.875945, 48.300115], [-134.80868, 48.30437], [-134.751503, 48.307687], [-134.725565, 48.308903], [-134.707485, 48.310057], [-134.679043, 48.312208], [-134.662252, 48.313185], [-134.627193, 48.315995], [-134.599298, 48.316877], [-134.577637, 48.317657], [-134.517, 48.3179], [-134.481328, 48.317813], [-134.452702, 48.318923], [-134.410695, 48.323387], [-134.37122, 48.327973], [-134.327832, 48.333902], [-134.239963, 48.34016], [-134.212275, 48.342983], [-134.19198, 48.344733], [-134.158563, 48.34557], [-134.12918, 48.344918], [-134.081752, 48.344012], [-134.031843, 48.346018], [-133.988475, 48.348883], [-133.93684, 48.352672], [-133.901205, 48.356513], [-133.868233, 48.361137], [-133.84828, 48.363617], [-133.82572, 48.366216], [-133.798922, 48.369002], [-133.77852, 48.371707], [-133.744858, 48.375437], [-133.718282, 48.37899], [-133.696198, 48.382377], [-133.67828, 48.385035], [-133.633552, 48.389083], [-133.607457, 48.391627], [-133.583082, 48.393782], [-133.545985, 48.394607], [-133.531214, 48.395356], [-133.503468, 48.396918], [-133.482445, 48.398748], [-133.431883, 48.403668], [-133.38881, 48.411048], [-133.373907, 48.414533], [-133.342998, 48.425577], [-133.330609, 48.429125], [-133.306777, 48.439288], [-133.292295, 48.447312], [-133.276867, 48.45606], [-133.262667, 48.464502], [-133.257644, 48.471076], [-133.257083, 48.487622], [-133.255583, 48.503068], [-133.253325, 48.513525], [-133.245702, 48.533275], [-133.239445, 48.547012], [-133.234382, 48.560958], [-133.23, 48.57391], [-133.224194, 48.589758], [-133.22079, 48.603187], [-133.217603, 48.614162], [-133.212928, 48.62979], [-133.211243, 48.63791], [-133.206945, 48.651672], [-133.204012, 48.659227], [-133.196417, 48.675781], [-133.18973, 48.689423], [-133.184702, 48.700926], [-133.184349, 48.707917], [-133.186094, 48.71754], [-133.185391, 48.726967], [-133.178614, 48.734498], [-133.17113, 48.739522], [-133.166848, 48.746692], [-133.166509, 48.754184], [-133.164936, 48.762085], [-133.163315, 48.769488], [-133.159841, 48.781097], [-133.152473, 48.798523], [-133.146005, 48.807227], [-133.139255, 48.815183], [-133.1325, 48.825217], [-133.128167, 48.832467], [-133.116915, 48.83212], [-133.100887, 48.832777], [-133.083287, 48.83366], [-133.067212, 48.832997], [-133.050328, 48.831837], [-133.030725, 48.829388], [-133.013912, 48.828547], [-132.98447, 48.826617], [-132.966402, 48.824865], [-132.951672, 48.823723], [-132.935177, 48.822474], [-132.914814, 48.821233], [-132.889987, 48.819805], [-132.87317, 48.818927], [-132.858543, 48.817235], [-132.832612, 48.816497], [-132.814982, 48.81543], [-132.776623, 48.813803], [-132.755907, 48.812165], [-132.727935, 48.810335], [-132.698773, 48.806407], [-132.679498, 48.804702], [-132.661178, 48.80142], [-132.648147, 48.798648], [-132.629157, 48.795677], [-132.608927, 48.792424], [-132.591643, 48.789098], [-132.576602, 48.785875], [-132.557382, 48.78126], [-132.543203, 48.776378], [-132.532805, 48.77272], [-132.519647, 48.768465], [-132.495097, 48.761622], [-132.479217, 48.756184], [-132.457097, 48.751315], [-132.441297, 48.751037], [-132.422702, 48.750072], [-132.406889, 48.743293], [-132.395013, 48.737212], [-132.380375, 48.728997], [-132.365732, 48.719997], [-132.34498, 48.712772], [-132.331203, 48.709318], [-132.314173, 48.706101], [-132.293537, 48.702073], [-132.272287, 48.697863], [-132.254982, 48.694795], [-132.225195, 48.6903], [-132.211078, 48.688355], [-132.194455, 48.686853], [-132.177015, 48.686003], [-132.155383, 48.682218], [-132.111787, 48.674113], [-132.09661, 48.671103], [-132.08031, 48.668252], [-132.065793, 48.666902], [-132.049114, 48.663695], [-132.031508, 48.662087], [-132.014807, 48.660625], [-131.993223, 48.65808], [-131.976313, 48.656342], [-131.958221, 48.654969], [-131.93646, 48.654275], [-131.923047, 48.653671], [-131.908672, 48.653157], [-131.889329, 48.650959], [-131.87133, 48.64782], [-131.856458, 48.64589], [-131.841292, 48.644533], [-131.823821, 48.642742], [-131.802775, 48.639125], [-131.789732, 48.636878], [-131.774272, 48.634133], [-131.758493, 48.631462], [-131.737673, 48.628848], [-131.721132, 48.625203], [-131.700965, 48.620633], [-131.685357, 48.616757], [-131.674255, 48.613962], [-131.658791, 48.608982], [-131.642669, 48.605148], [-131.619467, 48.597337], [-131.601078, 48.593068], [-131.58579, 48.588633], [-131.568005, 48.584858], [-131.550843, 48.580445], [-131.533874, 48.57746], [-131.522115, 48.575144], [-131.50464, 48.571725], [-131.477978, 48.56603], [-131.45988, 48.561937], [-131.443998, 48.55779], [-131.42345, 48.554035], [-131.397908, 48.547746], [-131.385198, 48.544135], [-131.366065, 48.539915], [-131.35368, 48.536462], [-131.326257, 48.53955], [-131.302435, 48.54227], [-131.283412, 48.543718], [-131.269432, 48.545948], [-131.25461, 48.54874], [-131.23729, 48.553367], [-131.221934, 48.558422], [-131.205711, 48.563807], [-131.181227, 48.57064], [-131.163322, 48.574005], [-131.144406, 48.57617], [-131.124278, 48.577962], [-131.10193, 48.58056], [-131.087502, 48.583259], [-131.073099, 48.585422], [-131.058684, 48.588448], [-131.04229, 48.592215], [-131.032838, 48.5957], [-131.017507, 48.599613], [-131.003105, 48.603077], [-130.989027, 48.606258], [-130.976571, 48.609803], [-130.962263, 48.614383], [-130.95335, 48.617452], [-130.936411, 48.621748], [-130.912137, 48.626772], [-130.896202, 48.631771], [-130.878867, 48.636351], [-130.859815, 48.642363], [-130.848801, 48.646057], [-130.836085, 48.650188], [-130.817043, 48.656205], [-130.802297, 48.661467], [-130.792258, 48.666003], [-130.774718, 48.673155], [-130.763538, 48.676972], [-130.746987, 48.681717], [-130.731989, 48.688352], [-130.718872, 48.695307], [-130.70373, 48.702892], [-130.693097, 48.710597], [-130.679255, 48.721032], [-130.667658, 48.723214], [-130.64896, 48.723201], [-130.631118, 48.724434], [-130.605158, 48.7264], [-130.586943, 48.726428], [-130.56545, 48.729032], [-130.541255, 48.731052], [-130.524252, 48.732365], [-130.506736, 48.736239], [-130.487115, 48.73905], [-130.469528, 48.739832], [-130.448457, 48.739611], [-130.430024, 48.739186], [-130.418495, 48.736477], [-130.402232, 48.734566], [-130.385178, 48.735737], [-130.374005, 48.739073], [-130.362369, 48.741119], [-130.3464, 48.744106], [-130.330229, 48.747637], [-130.310224, 48.751116], [-130.29477, 48.754612], [-130.27792, 48.759447], [-130.263665, 48.765972], [-130.247483, 48.771992], [-130.227163, 48.775873], [-130.211085, 48.779348], [-130.193903, 48.783187], [-130.176662, 48.787373], [-130.14894, 48.793035], [-130.134933, 48.795772], [-130.120135, 48.796082], [-130.100444, 48.794767], [-130.086158, 48.79466], [-130.070993, 48.794377], [-130.042531, 48.793032], [-130.025785, 48.79319], [-130.010682, 48.79357], [-129.988079, 48.795622], [-129.97106, 48.794967], [-129.949758, 48.795023], [-129.930635, 48.794908], [-129.917892, 48.79496], [-129.892963, 48.794508], [-129.878428, 48.794214], [-129.863632, 48.793685], [-129.796975, 48.790347], [-129.784315, 48.787932], [-129.773525, 48.787185], [-129.754525, 48.78749], [-129.696878, 48.786557], [-129.685072, 48.785076], [-129.672436, 48.782949], [-129.659934, 48.780522], [-129.646315, 48.77815], [-129.633049, 48.776477], [-129.616432, 48.773843], [-129.603208, 48.771413], [-129.591088, 48.76915], [-129.575885, 48.765786], [-129.56469, 48.763561], [-129.548205, 48.761218], [-129.530318, 48.757863], [-129.514258, 48.755273], [-129.500357, 48.751242], [-129.483394, 48.74753], [-129.468464, 48.744605], [-129.452707, 48.743534], [-129.440249, 48.742285], [-129.426574, 48.742864], [-129.415237, 48.743394], [-129.386773, 48.746337], [-129.363505, 48.748655], [-129.345352, 48.750172], [-129.327129, 48.750719], [-129.308058, 48.751908], [-129.28822, 48.753833], [-129.266583, 48.756785], [-129.243438, 48.759175], [-129.223643, 48.762503], [-129.208827, 48.7646], [-129.191877, 48.766773], [-129.171582, 48.769658], [-129.155209, 48.772056], [-129.136658, 48.77422], [-129.121092, 48.77714], [-129.102923, 48.780957], [-129.086279, 48.784071], [-129.07139, 48.785832], [-129.056013, 48.788115], [-129.044555, 48.789437], [-129.026191, 48.791469], [-129.003968, 48.793668], [-128.991285, 48.79548], [-128.972719, 48.797433], [-128.950459, 48.800728], [-128.935082, 48.802033], [-128.913818, 48.804007], [-128.894, 48.806108], [-128.877198, 48.809343], [-128.851633, 48.81338], [-128.833498, 48.815005], [-128.815534, 48.817268], [-128.798438, 48.819575], [-128.783222, 48.820821], [-128.768297, 48.822045], [-128.74645, 48.824177], [-128.728128, 48.826339], [-128.702713, 48.83033], [-128.686575, 48.833302], [-128.662617, 48.835802], [-128.636148, 48.834573], [-128.622569, 48.834199], [-128.607599, 48.83404], [-128.591305, 48.833027], [-128.570187, 48.830957], [-128.552533, 48.829299], [-128.536558, 48.830052], [-128.520267, 48.831676], [-128.487246, 48.837762], [-128.471386, 48.839985], [-128.441702, 48.842973], [-128.417823, 48.842512], [-128.393505, 48.842153], [-128.37339, 48.842584], [-128.34498, 48.84144], [-128.313605, 48.840512], [-128.290625, 48.839778], [-128.269493, 48.839012], [-128.252803, 48.837998], [-128.22938, 48.8375], [-128.195582, 48.836213], [-128.175285, 48.835122], [-128.159217, 48.832248], [-128.143613, 48.828586], [-128.118718, 48.825535], [-128.100268, 48.824576], [-128.07196, 48.824573], [-128.050398, 48.828207], [-128.020992, 48.835585], [-127.969497, 48.848835], [-127.94281, 48.85634], [-127.923655, 48.85846], [-127.905817, 48.860705], [-127.888465, 48.862215], [-127.87045, 48.862888], [-127.827735, 48.862575], [-127.798752, 48.861908], [-127.761863, 48.86185], [-127.744097, 48.861745], [-127.724555, 48.861003], [-127.691495, 48.860855], [-127.680337, 48.860735], [-127.64584, 48.861198], [-127.580798, 48.863063], [-127.558461, 48.864702], [-127.533321, 48.866433], [-127.516898, 48.867705], [-127.490118, 48.870717], [-127.468075, 48.87204], [-127.431873, 48.871345], [-127.383448, 48.869045], [-127.35544, 48.868252], [-127.317637, 48.866085], [-127.295527, 48.865742], [-127.277297, 48.865518], [-127.265407, 48.865642], [-127.248578, 48.866229], [-127.228734, 48.867449], [-127.207518, 48.868468], [-127.171185, 48.869968], [-127.14515, 48.871217], [-127.120052, 48.871907], [-127.098673, 48.872227], [-127.07951, 48.873215], [-127.062103, 48.875294], [-127.032815, 48.879465], [-127.015675, 48.882163], [-126.992005, 48.884293], [-126.976265, 48.886225], [-126.957802, 48.889472], [-126.937968, 48.892473], [-126.921645, 48.895337], [-126.878212, 48.903008], [-126.852022, 48.906322], [-126.83368, 48.9084], [-126.81649, 48.910113], [-126.796735, 48.912838], [-126.7787, 48.915075], [-126.758888, 48.918277], [-126.742522, 48.920474], [-126.729078, 48.922376], [-126.717467, 48.924079], [-126.700693, 48.927145], [-126.684698, 48.929608], [-126.668335, 48.932257], [-126.643602, 48.935778], [-126.619954, 48.938714], [-126.596005, 48.942603], [-126.574681, 48.945051], [-126.549057, 48.949213], [-126.501212, 48.961088], [-126.437125, 48.979317], [-126.444632, 48.98018], [-126.45838, 48.981013], [-126.488183, 48.981902], [-126.507222, 48.980905], [-126.530078, 48.980913], [-126.555435, 48.982695], [-126.573718, 48.985598], [-126.611435, 48.997662], [-126.611954, 49.000788], [-126.595906, 49.005737], [-126.570713, 49.014703], [-126.552746, 49.019994], [-126.537047, 49.023742], [-126.521568, 49.027343], [-126.497532, 49.031623], [-126.481665, 49.035968], [-126.463165, 49.043077], [-126.454695, 49.054368], [-126.441112, 49.052358], [-126.36186, 49.028015], [-126.317157, 49.016955], [-126.280273, 49.008745], [-126.257007, 49.00333], [-126.233893, 48.997815], [-126.210203, 48.991632], [-126.193913, 48.987123], [-126.163817, 48.978726], [-126.134592, 48.969973], [-126.087007, 48.95634], [-126.041415, 48.942377], [-125.979175, 48.92002], [-125.949348, 48.908735], [-126.089757, 48.957063], [-125.745803, 48.830073], [-125.674187, 48.800347], [-125.631652, 48.781432], [-125.602208, 48.767112], [-125.565638, 48.750993], [-125.51465, 48.727855], [-125.478183, 48.70967], [-125.379728, 48.680043], [-125.352557, 48.673342], [-125.337678, 48.669157], [-125.30023, 48.656773], [-125.257347, 48.64034], [-125.236117, 48.631773], [-125.20009, 48.617505], [-125.180258, 48.609035], [-125.154335, 48.598287], [-125.137607, 48.598845], [-125.115315, 48.598725], [-125.047177, 48.600217], [-125.013425, 48.601495], [-124.978742, 48.596653], [-124.93212, 48.591048], [-124.874993, 48.583372], [-124.832937, 48.57813], [-124.798089, 48.574443], [-124.733552, 48.563433], [-124.680983, 48.553278], [-124.586603, 48.53157], [-124.516787, 48.514248], [-124.42431, 48.489932], [-124.382442, 48.478912], [-124.359478, 48.469517], [-124.327663, 48.456148], [-124.258762, 48.426817], [-124.231498, 48.416615], [-124.168182, 48.399723], [-124.150148, 48.395037], [-124.105373, 48.383405], [-124.055333, 48.36931], [-124.021565, 48.36027], [-123.956728, 48.346555], [-123.92648, 48.341845], [-123.912847, 48.33956], [-123.889517, 48.334513], [-123.845522, 48.32194], [-123.823275, 48.315076], [-123.781393, 48.315875], [-123.76296, 48.316422], [-123.746953, 48.315327], [-123.732092, 48.315643], [-123.707536, 48.311642], [-123.688965, 48.310072], [-123.644868, 48.303385], [-123.632132, 48.300247], [-123.609835, 48.293092], [-123.580773, 48.284075], [-123.565396, 48.282138], [-123.548637, 48.282908], [-123.532935, 48.2852], [-123.512804, 48.292735], [-123.506465, 48.304797], [-123.498398, 48.315617], [-123.490053, 48.325913], [-123.463932, 48.35275], [-123.449495, 48.366683], [-123.417245, 48.3957], [-123.40607, 48.408042], [-123.394952, 48.413832], [-123.390372, 48.421278], [-123.380886, 48.423344], [-123.371049, 48.422054], [-123.379429, 48.424407], [-123.386316, 48.424042], [-123.395732, 48.415627], [-123.389201, 48.408397], [-123.361064, 48.400364], [-123.336025, 48.400415], [-123.319848, 48.402997], [-123.309375, 48.408837], [-123.297197, 48.406066], [-123.284514, 48.411912], [-123.283359, 48.421672], [-123.281893, 48.430272], [-123.282607, 48.440985], [-123.286252, 48.448325], [-123.294753, 48.453323]]}, "times": ["2025-08-15T06:28:03+00:00", "2025-08-15T06:37:47+00:00", "2025-08-15T22:07:17+00:00", "2025-08-15T22:20:06+00:00", "2025-08-15T22:32:37+00:00", "2025-08-15T22:41:42+00:00", "2025-08-15T22:48:14+00:00", "2025-08-15T22:55:42+00:00", "2025-08-15T23:01:19+00:00", "2025-08-15T23:05:44+00:00", "2025-08-15T23:10:17+00:00", "2025-08-15T23:15:30+00:00", "2025-08-15T23:26:51+00:00", "2025-08-15T23:36:21+00:00", "2025-08-15T23:44:30+00:00", "2025-08-15T23:53:56+00:00", "2025-08-16T00:04:45+00:00", "2025-08-16T00:11:36+00:00", "2025-08-16T00:18:48+00:00", "2025-08-16T00:25:53+00:00", "2025-08-16T00:30:20+00:00", "2025-08-16T00:43:12+00:00", "2025-08-16T00:53:53+00:00", "2025-08-16T01:01:23+00:00", "2025-08-16T01:09:15+00:00", "2025-08-16T01:15:56+00:00", "2025-08-16T01:21:56+00:00", "2025-08-16T01:28:28+00:00", "2025-08-16T01:38:31+00:00", "2025-08-16T01:42:42+00:00", "2025-08-16T01:50:08+00:00", "2025-08-16T02:02:02+00:00", "2025-08-16T02:11:54+00:00", "2025-08-16T02:18:27+00:00", "2025-08-16T02:25:26+00:00", "2025-08-16T02:35:43+00:00", "2025-08-16T02:42:15+00:00", "2025-08-16T02:46:48+00:00", "2025-08-16T02:50:19+00:00", "2025-08-16T03:00:53+00:00", "2025-08-16T03:06:52+00:00", "2025-08-16T03:13:07+00:00", "2025-08-16T03:17:52+00:00", "2025-08-16T03:26:42+00:00", "2025-08-16T03:34:42+00:00", "2025-08-16T03:43:55+00:00", "2025-08-16T03:49:47+00:00", "2025-08-16T03:59:48+00:00", "2025-08-16T04:11:00+00:00", "2025-08-16T04:21:01+00:00", "2025-08-16T04:27:33+00:00", "2025-08-16T04:35:09+00:00", "2025-08-16T04:45:26+00:00", "2025-08-16T04:50:38+00:00", "2025-08-16T05:00:16+00:00", "2025-08-16T05:02:37+00:00", "2025-08-16T05:11:54+00:00", "2025-08-16T05:35:13+00:00", "2025-08-16T05:40:49+00:00", "2025-08-16T05:51:26+00:00", "2025-08-16T05:58:00+00:00", "2025-08-16T06:05:55+00:00", "2025-08-16T06:14:59+00:00", "2025-08-16T06:23:58+00:00", "2025-08-16T06:29:04+00:00", "2025-08-16T06:34:22+00:00", "2025-08-16T06:40:23+00:00", "2025-08-16T06:48:16+00:00", "2025-08-16T06:52:57+00:00", "2025-08-16T07:06:27+00:00", "2025-08-16T07:15:24+00:00", "2025-08-16T07:26:39+00:00", "2025-08-16T07:34:15+00:00", "2025-08-16T07:42:27+00:00", "2025-08-16T07:49:29+00:00", "2025-08-16T07:54:35+00:00", "2025-08-16T08:03:49+00:00", "2025-08-16T08:17:05+00:00", "2025-08-16T08:24:58+00:00", "2025-08-16T08:33:08+00:00", "2025-08-16T09:08:08+00:00", "2025-08-16T09:14:09+00:00", "2025-08-16T09:34:56+00:00", "2025-08-16T09:47:54+00:00", "2025-08-16T10:00:51+00:00", "2025-08-16T10:10:03+00:00", "2025-08-16T10:16:56+00:00", "2025-08-16T10:23:54+00:00", "2025-08-16T10:26:29+00:00", "2025-08-16T10:31:09+00:00", "2025-08-16T10:39:09+00:00", "2025-08-16T10:43:21+00:00", "2025-08-16T10:49:54+00:00", "2025-08-16T10:59:27+00:00", "2025-08-16T11:06:49+00:00", "2025-08-16T11:25:00+00:00", "2025-08-16T11:33:18+00:00", "2025-08-16T11:40:51+00:00", "2025-08-16T11:52:12+00:00", "2025-08-16T12:02:36+00:00", "2025-08-16T12:09:57+00:00", "2025-08-16T12:17:33+00:00", "2025-08-16T12:27:25+00:00", "2025-08-16T12:37:50+00:00", "2025-08-16T12:52:15+00:00", "2025-08-16T13:04:47+00:00", "2025-08-16T13:10:15+00:00", "2025-08-16T13:15:12+00:00", "2025-08-16T13:25:44+00:00", "2025-08-16T13:39:13+00:00", "2025-08-16T13:47:06+00:00", "2025-08-16T13:55:54+00:00", "2025-08-16T14:05:15+00:00", "2025-08-16T14:17:39+00:00", "2025-08-16T14:33:08+00:00", "2025-08-16T14:43:08+00:00", "2025-08-16T14:53:25+00:00", "2025-08-16T15:01:42+00:00", "2025-08-16T15:07:58+00:00", "2025-08-16T15:20:23+00:00", "2025-08-16T15:30:23+00:00", "2025-08-16T15:39:52+00:00", "2025-08-16T15:51:04+00:00", "2025-08-16T16:05:05+00:00", "2025-08-16T16:13:21+00:00", "2025-08-16T16:25:22+00:00", "2025-08-16T16:36:59+00:00", "2025-08-16T16:45:39+00:00", "2025-08-16T16:54:27+00:00", "2025-08-16T17:03:40+00:00", "2025-08-16T17:15:00+00:00", "2025-08-16T17:23:18+00:00", "2025-08-16T17:32:39+00:00", "2025-08-16T17:39:43+00:00", "2025-08-16T17:46:41+00:00", "2025-08-16T17:59:45+00:00", "2025-08-16T18:08:58+00:00", "2025-08-16T18:15:30+00:00", "2025-08-16T18:25:21+00:00", "2025-08-16T18:32:33+00:00", "2025-08-16T18:41:11+00:00", "2025-08-16T18:48:26+00:00", "2025-08-16T18:55:25+00:00", "2025-08-16T19:02:24+00:00", "2025-08-16T19:12:40+00:00", "2025-08-16T19:17:21+00:00", "2025-08-16T19:31:14+00:00", "2025-08-16T19:37:07+00:00", "2025-08-16T19:48:20+00:00", "2025-08-16T19:55:36+00:00", "2025-08-16T20:02:58+00:00", "2025-08-16T20:12:30+00:00", "2025-08-16T20:19:48+00:00", "2025-08-16T20:29:48+00:00", "2025-08-16T20:36:53+00:00", "2025-08-16T20:41:57+00:00", "2025-08-16T20:49:58+00:00", "2025-08-16T20:58:26+00:00", "2025-08-16T21:04:20+00:00", "2025-08-16T21:10:55+00:00", "2025-08-16T21:21:59+00:00", "2025-08-16T21:30:29+00:00", "2025-08-16T21:41:55+00:00", "2025-08-16T21:48:03+00:00", "2025-08-16T21:55:21+00:00", "2025-08-16T22:03:34+00:00", "2025-08-16T22:09:38+00:00", "2025-08-16T22:17:37+00:00", "2025-08-16T22:28:19+00:00", "2025-08-16T22:37:58+00:00", "2025-08-16T22:53:21+00:00", "2025-08-16T23:01:38+00:00", "2025-08-16T23:10:26+00:00", "2025-08-16T23:16:32+00:00", "2025-08-16T23:22:44+00:00", "2025-08-16T23:32:04+00:00", "2025-08-16T23:40:40+00:00", "2025-08-16T23:50:36+00:00", "2025-08-17T00:23:18+00:00", "2025-08-17T00:31:03+00:00", "2025-08-17T00:44:26+00:00", "2025-08-17T00:54:59+00:00", "2025-08-17T01:02:54+00:00", "2025-08-17T01:12:10+00:00", "2025-08-17T01:22:29+00:00", "2025-08-17T01:30:39+00:00", "2025-08-17T01:39:51+00:00", "2025-08-17T01:48:00+00:00", "2025-08-17T01:57:31+00:00", "2025-08-17T02:10:01+00:00", "2025-08-17T02:16:29+00:00", "2025-08-17T02:25:47+00:00", "2025-08-17T02:34:11+00:00", "2025-08-17T02:43:45+00:00", "2025-08-17T02:53:24+00:00", "2025-08-17T03:05:14+00:00", "2025-08-17T03:11:15+00:00", "2025-08-17T03:19:47+00:00", "2025-08-17T03:34:28+00:00", "2025-08-17T03:43:32+00:00", "2025-08-17T03:52:07+00:00", "2025-08-17T04:00:27+00:00", "2025-08-17T04:10:20+00:00", "2025-08-17T04:16:53+00:00", "2025-08-17T04:27:43+00:00", "2025-08-17T04:33:19+00:00", "2025-08-17T04:38:08+00:00", "2025-08-17T04:45:14+00:00", "2025-08-17T04:48:43+00:00", "2025-08-17T04:59:31+00:00", "2025-08-17T05:07:29+00:00", "2025-08-17T05:15:06+00:00", "2025-08-17T05:27:56+00:00", "2025-08-17T05:35:48+00:00", "2025-08-17T05:45:09+00:00", "2025-08-17T05:54:30+00:00", "2025-08-17T06:03:11+00:00", "2025-08-17T06:12:26+00:00", "2025-08-17T06:20:25+00:00", "2025-08-17T06:30:25+00:00", "2025-08-17T06:42:42+00:00", "2025-08-17T06:53:55+00:00", "2025-08-17T07:06:01+00:00", "2025-08-17T07:12:05+00:00", "2025-08-17T07:20:58+00:00", "2025-08-17T07:28:42+00:00", "2025-08-17T07:36:35+00:00", "2025-08-17T07:44:35+00:00", "2025-08-17T07:51:48+00:00", "2025-08-17T07:59:09+00:00", "2025-08-17T08:09:25+00:00", "2025-08-17T08:20:46+00:00", "2025-08-17T08:28:54+00:00", "2025-08-17T08:39:44+00:00", "2025-08-17T08:46:54+00:00", "2025-08-17T08:55:57+00:00", "2025-08-17T09:09:40+00:00", "2025-08-17T09:22:00+00:00", "2025-08-17T09:31:26+00:00", "2025-08-17T09:41:31+00:00", "2025-08-17T09:51:20+00:00", "2025-08-17T10:00:47+00:00", "2025-08-17T10:06:36+00:00", "2025-08-17T10:12:07+00:00", "2025-08-17T10:22:42+00:00", "2025-08-17T10:28:50+00:00", "2025-08-17T10:37:55+00:00", "2025-08-17T10:44:59+00:00", "2025-08-17T10:56:13+00:00", "2025-08-17T11:10:30+00:00", "2025-08-17T11:22:47+00:00", "2025-08-17T11:32:48+00:00", "2025-08-17T11:39:44+00:00", "2025-08-17T11:44:40+00:00", "2025-08-17T11:56:42+00:00", "2025-08-17T12:05:15+00:00", "2025-08-17T12:14:04+00:00", "2025-08-17T12:20:37+00:00", "2025-08-17T12:31:09+00:00", "2025-08-17T12:42:30+00:00", "2025-08-17T12:50:14+00:00", "2025-08-17T13:03:13+00:00", "2025-08-17T13:14:02+00:00", "2025-08-17T13:22:42+00:00", "2025-08-17T13:28:42+00:00", "2025-08-17T13:34:59+00:00", "2025-08-17T13:45:39+00:00", "2025-08-17T13:54:53+00:00", "2025-08-17T14:03:41+00:00", "2025-08-17T14:13:18+00:00", "2025-08-17T14:22:15+00:00", "2025-08-17T14:28:23+00:00", "2025-08-17T14:37:45+00:00", "2025-08-17T14:48:57+00:00", "2025-08-17T14:57:14+00:00", "2025-08-17T15:06:50+00:00", "2025-08-17T15:14:27+00:00", "2025-08-17T15:26:20+00:00", "2025-08-17T15:35:08+00:00", "2025-08-17T15:43:01+00:00", "2025-08-17T15:49:09+00:00", "2025-08-17T15:58:06+00:00", "2025-08-17T16:04:39+00:00", "2025-08-17T16:12:31+00:00", "2025-08-17T16:18:48+00:00", "2025-08-17T16:32:44+00:00", "2025-08-17T16:40:08+00:00", "2025-08-17T16:49:25+00:00", "2025-08-17T16:58:59+00:00", "2025-08-17T17:07:36+00:00", "2025-08-17T17:23:21+00:00", "2025-08-17T17:29:25+00:00", "2025-08-17T17:39:40+00:00", "2025-08-17T17:53:24+00:00", "2025-08-17T18:04:27+00:00", "2025-08-17T18:11:51+00:00", "2025-08-17T18:22:13+00:00", "2025-08-17T18:38:14+00:00", "2025-08-17T18:46:19+00:00", "2025-08-17T18:55:35+00:00", "2025-08-17T19:05:16+00:00", "2025-08-17T19:11:57+00:00", "2025-08-17T19:21:41+00:00", "2025-08-17T19:29:42+00:00", "2025-08-17T19:38:15+00:00", "2025-08-17T19:44:15+00:00", "2025-08-17T19:51:28+00:00", "2025-08-17T19:59:52+00:00", "2025-08-17T20:07:43+00:00", "2025-08-17T20:14:34+00:00", "2025-08-17T20:24:00+00:00", "2025-08-17T20:31:57+00:00", "2025-08-17T20:37:45+00:00", "2025-08-17T20:43:49+00:00", "2025-08-17T20:49:40+00:00", "2025-08-17T20:56:47+00:00", "2025-08-17T21:02:59+00:00", "2025-08-17T21:11:53+00:00", "2025-08-17T21:17:26+00:00", "2025-08-17T21:30:24+00:00", "2025-08-17T21:37:56+00:00", "2025-08-17T21:45:28+00:00", "2025-08-17T21:54:49+00:00", "2025-08-17T22:01:38+00:00", "2025-08-17T22:08:32+00:00", "2025-08-17T22:15:28+00:00", "2025-08-17T22:23:21+00:00", "2025-08-17T22:33:12+00:00", "2025-08-17T22:41:36+00:00", "2025-08-17T22:49:16+00:00", "2025-08-17T22:53:56+00:00", "2025-08-17T23:08:56+00:00", "2025-08-17T23:18:27+00:00", "2025-08-17T23:24:45+00:00", "2025-08-17T23:32:24+00:00", "2025-08-17T23:38:08+00:00", "2025-08-17T23:45:56+00:00", "2025-08-17T23:57:05+00:00", "2025-08-18T00:00:32+00:00", "2025-08-18T00:06:27+00:00", "2025-08-18T00:12:26+00:00", "2025-08-18T00:19:36+00:00", "2025-08-18T00:26:38+00:00", "2025-08-18T00:35:02+00:00", "2025-08-18T00:39:01+00:00", "2025-08-18T00:48:14+00:00", "2025-08-18T00:54:31+00:00", "2025-08-18T00:59:59+00:00", "2025-08-18T01:07:11+00:00", "2025-08-18T01:12:48+00:00", "2025-08-18T01:20:29+00:00", "2025-08-18T01:26:25+00:00", "2025-08-18T01:31:41+00:00", "2025-08-18T01:41:02+00:00", "2025-08-18T01:47:15+00:00", "2025-08-18T01:55:51+00:00", "2025-08-18T02:03:16+00:00", "2025-08-18T02:12:13+00:00", "2025-08-18T02:18:59+00:00", "2025-08-18T02:23:58+00:00", "2025-08-18T02:34:46+00:00", "2025-08-18T02:39:06+00:00", "2025-08-18T02:44:31+00:00", "2025-08-18T02:53:51+00:00", "2025-08-18T02:59:39+00:00", "2025-08-18T03:06:59+00:00", "2025-08-18T03:12:53+00:00", "2025-08-18T03:20:35+00:00", "2025-08-18T03:27:22+00:00", "2025-08-18T03:32:43+00:00", "2025-08-18T03:39:16+00:00", "2025-08-18T03:46:20+00:00", "2025-08-18T03:54:53+00:00", "2025-08-18T04:02:43+00:00", "2025-08-18T04:08:16+00:00", "2025-08-18T04:15:06+00:00", "2025-08-18T04:26:03+00:00", "2025-08-18T04:34:27+00:00", "2025-08-18T04:42:03+00:00", "2025-08-18T04:46:47+00:00", "2025-08-18T04:53:24+00:00", "2025-08-18T05:02:25+00:00", "2025-08-18T05:06:07+00:00", "2025-08-18T05:09:28+00:00", "2025-08-18T05:12:48+00:00", "2025-08-18T05:18:41+00:00", "2025-08-18T05:23:41+00:00", "2025-08-18T05:32:29+00:00", "2025-08-18T05:37:50+00:00", "2025-08-18T05:40:55+00:00", "2025-08-18T05:47:29+00:00", "2025-08-18T05:55:11+00:00", "2025-08-18T05:59:54+00:00", "2025-08-18T06:03:31+00:00", "2025-08-18T06:08:58+00:00", "2025-08-18T06:17:03+00:00", "2025-08-18T06:21:46+00:00", "2025-08-18T06:30:46+00:00", "2025-08-18T06:35:52+00:00", "2025-08-18T06:43:24+00:00", "2025-08-18T06:52:27+00:00", "2025-08-18T07:01:07+00:00", "2025-08-18T07:13:20+00:00", "2025-08-18T07:20:29+00:00", "2025-08-18T07:28:56+00:00", "2025-08-18T07:38:57+00:00", "2025-08-18T07:46:43+00:00", "2025-08-18T07:58:44+00:00", "2025-08-18T08:07:47+00:00", "2025-08-18T08:17:06+00:00", "2025-08-18T08:26:03+00:00", "2025-08-18T08:30:49+00:00", "2025-08-18T08:39:35+00:00", "2025-08-18T08:50:30+00:00", "2025-08-18T08:57:11+00:00", "2025-08-18T09:04:13+00:00", "2025-08-18T09:17:21+00:00", "2025-08-18T09:28:18+00:00", "2025-08-18T09:42:12+00:00", "2025-08-18T09:50:37+00:00", "2025-08-18T09:59:18+00:00", "2025-08-18T10:05:50+00:00", "2025-08-18T10:14:39+00:00", "2025-08-18T10:25:11+00:00", "2025-08-18T10:32:57+00:00", "2025-08-18T10:45:46+00:00", "2025-08-18T10:55:39+00:00", "2025-08-18T11:03:08+00:00", "2025-08-18T11:15:17+00:00", "2025-08-18T11:25:57+00:00", "2025-08-18T11:36:14+00:00", "2025-08-18T11:49:11+00:00", "2025-08-18T11:53:52+00:00", "2025-08-18T12:02:33+00:00", "2025-08-18T12:11:53+00:00", "2025-08-18T12:20:18+00:00", "2025-08-18T12:26:42+00:00", "2025-08-18T12:38:44+00:00", "2025-08-18T12:45:31+00:00", "2025-08-18T12:54:03+00:00", "2025-08-18T13:05:41+00:00", "2025-08-18T13:13:01+00:00", "2025-08-18T13:21:50+00:00", "2025-08-18T13:28:55+00:00", "2025-08-18T13:37:27+00:00", "2025-08-18T13:46:24+00:00", "2025-08-18T13:54:01+00:00", "2025-08-18T14:01:22+00:00", "2025-08-18T14:07:46+00:00", "2025-08-18T14:15:23+00:00", "2025-08-18T14:26:11+00:00", "2025-08-18T14:34:36+00:00", "2025-08-18T14:44:12+00:00", "2025-08-18T14:53:18+00:00", "2025-08-18T15:04:06+00:00", "2025-08-18T15:12:48+00:00", "2025-08-18T15:23:20+00:00", "2025-08-18T15:32:01+00:00", "2025-08-18T15:45:54+00:00", "2025-08-18T15:55:23+00:00", "2025-08-18T16:05:24+00:00", "2025-08-18T16:13:41+00:00", "2025-08-18T16:25:09+00:00", "2025-08-18T16:33:42+00:00", "2025-08-18T16:42:55+00:00", "2025-08-18T16:52:40+00:00", "2025-08-18T17:02:41+00:00", "2025-08-18T17:08:57+00:00", "2025-08-18T17:19:37+00:00", "2025-08-18T17:32:26+00:00", "2025-08-18T17:44:12+00:00", "2025-08-18T17:53:17+00:00", "2025-08-18T18:01:11+00:00", "2025-08-18T18:06:56+00:00", "2025-08-18T18:16:14+00:00", "2025-08-18T18:23:03+00:00", "2025-08-18T18:29:59+00:00", "2025-08-18T18:42:25+00:00", "2025-08-18T18:50:41+00:00", "2025-08-18T18:58:20+00:00", "2025-08-18T19:09:43+00:00", "2025-08-18T19:21:27+00:00", "2025-08-18T19:29:28+00:00", "2025-08-18T19:41:00+00:00", "2025-08-18T19:51:36+00:00", "2025-08-18T19:59:21+00:00", "2025-08-18T20:08:02+00:00", "2025-08-18T20:18:59+00:00", "2025-08-18T20:32:35+00:00", "2025-08-18T20:43:10+00:00", "2025-08-18T20:52:23+00:00", "2025-08-18T21:03:50+00:00", "2025-08-18T21:13:25+00:00", "2025-08-18T21:30:47+00:00", "2025-08-18T21:37:43+00:00", "2025-08-18T21:46:00+00:00", "2025-08-18T21:59:12+00:00", "2025-08-18T22:07:41+00:00", "2025-08-18T22:13:09+00:00", "2025-08-18T22:22:40+00:00", "2025-08-18T22:33:13+00:00", "2025-08-18T22:45:50+00:00", "2025-08-18T22:54:39+00:00", "2025-08-18T23:09:40+00:00", "2025-08-18T23:20:26+00:00", "2025-08-18T23:28:08+00:00", "2025-08-18T23:39:59+00:00", "2025-08-18T23:49:12+00:00", "2025-08-18T23:58:56+00:00", "2025-08-19T00:12:01+00:00", "2025-08-19T00:25:46+00:00", "2025-08-19T00:30:49+00:00", "2025-08-19T00:40:08+00:00", "2025-08-19T00:49:09+00:00", "2025-08-19T00:55:59+00:00", "2025-08-19T01:02:02+00:00", "2025-08-19T01:06:51+00:00", "2025-08-19T01:17:24+00:00", "2025-08-19T01:26:00+00:00", "2025-08-19T01:37:33+00:00", "2025-08-19T01:52:18+00:00", "2025-08-19T01:58:28+00:00", "2025-08-19T02:05:05+00:00", "2025-08-19T02:15:21+00:00", "2025-08-19T02:21:29+00:00", "2025-08-19T02:29:35+00:00", "2025-08-19T02:38:06+00:00", "2025-08-19T02:48:27+00:00", "2025-08-19T02:55:38+00:00", "2025-08-19T03:04:10+00:00", "2025-08-19T03:12:59+00:00", "2025-08-19T03:17:59+00:00", "2025-08-19T03:21:54+00:00", "2025-08-19T03:26:34+00:00", "2025-08-19T03:31:19+00:00", "2025-08-19T03:36:42+00:00", "2025-08-19T03:41:11+00:00", "2025-08-19T03:48:31+00:00", "2025-08-19T03:55:20+00:00", "2025-08-19T03:56:46+00:00", "2025-08-19T04:05:34+00:00", "2025-08-19T04:12:15+00:00", "2025-08-19T04:22:25+00:00", "2025-08-19T04:33:32+00:00", "2025-08-19T04:43:50+00:00", "2025-08-19T04:50:37+00:00", "2025-08-19T04:55:44+00:00", "2025-08-19T05:03:43+00:00", "2025-08-19T05:10:47+00:00", "2025-08-19T05:16:54+00:00", "2025-08-19T05:25:10+00:00", "2025-08-19T05:33:00+00:00", "2025-08-19T05:38:58+00:00", "2025-08-19T05:47:55+00:00", "2025-08-19T05:55:39+00:00", "2025-08-19T06:03:49+00:00", "2025-08-19T06:13:06+00:00", "2025-08-19T06:23:35+00:00", "2025-08-19T06:30:03+00:00", "2025-08-19T06:37:22+00:00", "2025-08-19T06:47:55+00:00", "2025-08-19T06:57:07+00:00", "2025-08-19T07:03:32+00:00", "2025-08-19T07:11:40+00:00", "2025-08-19T07:21:09+00:00", "2025-08-19T07:29:12+00:00", "2025-08-19T07:38:20+00:00", "2025-08-19T07:45:12+00:00", "2025-08-19T07:55:18+00:00", "2025-08-19T08:04:19+00:00", "2025-08-19T08:12:09+00:00", "2025-08-19T08:21:36+00:00", "2025-08-19T08:33:03+00:00", "2025-08-19T08:43:24+00:00", "2025-08-19T08:55:48+00:00", "2025-08-19T09:04:51+00:00", "2025-08-19T09:18:53+00:00", "2025-08-19T09:26:03+00:00", "2025-08-19T10:07:35+00:00", "2025-08-19T10:17:36+00:00", "2025-08-19T10:28:00+00:00", "2025-08-19T10:36:33+00:00", "2025-08-19T10:46:09+00:00", "2025-08-19T10:53:45+00:00", "2025-08-19T11:02:26+00:00", "2025-08-19T11:17:39+00:00", "2025-08-19T11:27:07+00:00", "2025-08-19T11:38:35+00:00", "2025-08-19T11:47:48+00:00", "2025-08-19T12:03:17+00:00", "2025-08-19T12:15:57+00:00", "2025-08-19T12:24:53+00:00", "2025-08-19T12:35:42+00:00", "2025-08-19T12:43:34+00:00", "2025-08-19T12:53:35+00:00", "2025-08-19T13:06:32+00:00", "2025-08-19T13:17:21+00:00", "2025-08-19T13:27:05+00:00", "2025-08-19T13:39:46+00:00", "2025-08-19T13:54:58+00:00", "2025-08-19T14:10:51+00:00", "2025-08-19T14:22:04+00:00", "2025-08-19T14:35:24+00:00", "2025-08-19T14:50:37+00:00", "2025-08-19T15:01:02+00:00", "2025-08-19T15:09:42+00:00", "2025-08-19T15:19:27+00:00", "2025-08-19T15:29:19+00:00", "2025-08-19T15:39:44+00:00", "2025-08-19T15:51:13+00:00", "2025-08-19T16:02:17+00:00", "2025-08-19T16:13:54+00:00", "2025-08-19T16:30:59+00:00", "2025-08-19T16:44:11+00:00", "2025-08-19T16:53:48+00:00", "2025-08-19T17:01:40+00:00", "2025-08-19T17:14:29+00:00", "2025-08-19T17:23:49+00:00", "2025-08-19T17:33:10+00:00", "2025-08-19T17:46:38+00:00", "2025-08-19T17:55:11+00:00", "2025-08-19T18:02:31+00:00", "2025-08-19T18:10:24+00:00", "2025-08-19T18:21:20+00:00", "2025-08-19T18:35:29+00:00", "2025-08-19T18:44:48+00:00", "2025-08-19T19:00:41+00:00", "2025-08-19T19:10:01+00:00", "2025-08-19T19:19:11+00:00", "2025-08-19T19:30:24+00:00", "2025-08-19T19:42:08+00:00", "2025-08-19T19:52:49+00:00", "2025-08-19T20:01:21+00:00", "2025-08-19T20:12:42+00:00", "2025-08-19T20:19:54+00:00", "2025-08-19T20:30:03+00:00", "2025-08-19T20:40:43+00:00", "2025-08-19T20:50:29+00:00", "2025-08-19T21:01:25+00:00", "2025-08-19T21:10:46+00:00", "2025-08-19T21:20:59+00:00", "2025-08-19T21:29:34+00:00", "2025-08-19T21:39:24+00:00", "2025-08-19T21:48:42+00:00", "2025-08-19T21:57:14+00:00", "2025-08-19T22:05:47+00:00", "2025-08-19T22:16:15+00:00", "2025-08-19T22:25:41+00:00", "2025-08-19T22:32:03+00:00", "2025-08-19T22:38:22+00:00", "2025-08-19T22:42:55+00:00", "2025-08-19T22:53:15+00:00", "2025-08-19T23:04:15+00:00", "2025-08-19T23:17:58+00:00", "2025-08-19T23:27:42+00:00", "2025-08-19T23:34:23+00:00", "2025-08-19T23:43:28+00:00", "2025-08-19T23:51:28+00:00", "2025-08-20T00:06:01+00:00", "2025-08-20T00:16:42+00:00", "2025-08-20T00:30:36+00:00", "2025-08-20T00:45:23+00:00", "2025-08-20T00:53:30+00:00", "2025-08-20T01:03:46+00:00", "2025-08-20T01:19:38+00:00", "2025-08-20T01:26:02+00:00", "2025-08-20T01:38:19+00:00", "2025-08-20T01:49:58+00:00", "2025-08-20T02:03:35+00:00", "2025-08-20T02:12:51+00:00", "2025-08-20T02:22:11+00:00", "2025-08-20T02:27:43+00:00", "2025-08-20T02:38:41+00:00", "2025-08-20T02:44:31+00:00", "2025-08-20T02:57:15+00:00", "2025-08-20T03:06:07+00:00", "2025-08-20T03:37:57+00:00", "2025-08-20T03:48:36+00:00", "2025-08-20T03:57:55+00:00", "2025-08-20T04:06:01+00:00", "2025-08-20T04:15:43+00:00", "2025-08-20T04:23:17+00:00", "2025-08-20T04:37:27+00:00", "2025-08-20T04:52:08+00:00", "2025-08-20T05:01:37+00:00", "2025-08-20T05:11:29+00:00", "2025-08-20T05:22:02+00:00", "2025-08-20T05:33:39+00:00", "2025-08-20T05:45:25+00:00", "2025-08-20T05:57:49+00:00", "2025-08-20T06:04:34+00:00", "2025-08-20T06:11:59+00:00", "2025-08-20T06:19:31+00:00", "2025-08-20T06:28:50+00:00", "2025-08-20T06:35:47+00:00", "2025-08-20T06:48:14+00:00", "2025-08-20T06:57:11+00:00", "2025-08-20T07:07:09+00:00", "2025-08-20T07:15:49+00:00", "2025-08-20T07:24:38+00:00", "2025-08-20T07:37:46+00:00", "2025-08-20T07:46:53+00:00", "2025-08-20T07:55:01+00:00", "2025-08-20T08:05:50+00:00", "2025-08-20T08:14:48+00:00", "2025-08-20T08:24:25+00:00", "2025-08-20T08:31:14+00:00", "2025-08-20T08:39:21+00:00", "2025-08-20T08:50:35+00:00", "2025-08-20T08:58:06+00:00", "2025-08-20T09:07:51+00:00", "2025-08-20T09:43:20+00:00", "2025-08-20T10:02:33+00:00", "2025-08-20T10:18:12+00:00", "2025-08-20T10:30:13+00:00", "2025-08-20T10:41:10+00:00", "2025-08-20T10:53:58+00:00", "2025-08-20T11:06:56+00:00", "2025-08-20T11:27:13+00:00", "2025-08-20T11:37:21+00:00", "2025-08-20T11:55:30+00:00", "2025-08-20T12:10:27+00:00", "2025-08-20T12:26:11+00:00", "2025-08-20T12:40:13+00:00", "2025-08-20T12:58:46+00:00", "2025-08-20T13:22:39+00:00", "2025-08-20T13:41:12+00:00", "2025-08-20T13:55:04+00:00", "2025-08-20T15:00:51+00:00", "2025-08-20T15:42:14+00:00", "2025-08-20T15:54:38+00:00", "2025-08-20T16:35:36+00:00", "2025-08-20T17:27:23+00:00", "2025-08-20T18:33:49+00:00", "2025-08-20T19:17:09+00:00", "2025-08-20T19:37:17+00:00", "2025-08-20T20:10:27+00:00", "2025-08-20T20:27:32+00:00", "2025-08-20T20:36:46+00:00", "2025-08-20T20:45:37+00:00", "2025-08-20T20:53:20+00:00", "2025-08-20T21:01:11+00:00", "2025-08-20T21:09:45+00:00", "2025-08-20T21:16:09+00:00", "2025-08-20T21:43:50+00:00", "2025-08-20T21:54:25+00:00", "2025-08-20T22:05:34+00:00", "2025-08-20T22:18:38+00:00", "2025-08-20T22:29:41+00:00", "2025-08-20T22:34:56+00:00", "2025-08-20T22:44:32+00:00", "2025-08-20T23:08:31+00:00", "2025-08-20T23:49:04+00:00", "2025-08-21T00:18:59+00:00", "2025-08-21T01:03:34+00:00", "2025-08-21T01:25:08+00:00", "2025-08-21T02:11:16+00:00", "2025-08-21T02:32:29+00:00", "2025-08-21T02:41:23+00:00", "2025-08-21T02:48:35+00:00", "2025-08-21T03:21:22+00:00", "2025-08-21T03:29:47+00:00", "2025-08-21T03:56:02+00:00", "2025-08-21T04:35:59+00:00", "2025-08-21T04:57:12+00:00", "2025-08-21T05:11:29+00:00", "2025-08-21T05:18:50+00:00", "2025-08-21T05:25:31+00:00", "2025-08-21T05:31:39+00:00", "2025-08-21T05:36:35+00:00", "2025-08-21T05:45:24+00:00", "2025-08-21T05:50:52+00:00", "2025-08-21T05:57:56+00:00", "2025-08-21T06:03:09+00:00", "2025-08-21T06:06:58+00:00", "2025-08-21T06:13:36+00:00", "2025-08-21T06:20:24+00:00", "2025-08-21T06:33:05+00:00", "2025-08-21T06:46:37+00:00", "2025-08-21T06:55:56+00:00", "2025-08-21T07:04:02+00:00", "2025-08-21T07:13:44+00:00", "2025-08-21T07:19:08+00:00", "2025-08-21T07:24:49+00:00", "2025-08-21T07:29:24+00:00", "2025-08-21T07:35:52+00:00", "2025-08-21T07:43:14+00:00", "2025-08-21T07:50:32+00:00", "2025-08-21T07:55:24+00:00", "2025-08-21T08:03:28+00:00", "2025-08-21T08:11:37+00:00", "2025-08-21T08:18:23+00:00", "2025-08-21T08:25:30+00:00", "2025-08-21T08:31:46+00:00", "2025-08-21T08:38:13+00:00", "2025-08-21T08:44:11+00:00", "2025-08-21T08:54:18+00:00", "2025-08-21T09:01:44+00:00", "2025-08-21T09:11:21+00:00", "2025-08-21T09:18:26+00:00", "2025-08-21T09:26:11+00:00", "2025-08-21T09:32:29+00:00", "2025-08-21T09:40:22+00:00", "2025-08-21T09:48:07+00:00", "2025-08-21T09:55:40+00:00", "2025-08-21T10:05:01+00:00", "2025-08-21T10:11:29+00:00", "2025-08-21T10:34:49+00:00", "2025-08-21T10:57:06+00:00", "2025-08-21T11:12:52+00:00", "2025-08-21T11:36:24+00:00", "2025-08-21T11:52:09+00:00", "2025-08-21T12:00:21+00:00", "2025-08-21T12:25:22+00:00", "2025-08-21T13:14:37+00:00", "2025-08-21T14:03:33+00:00", "2025-08-21T14:56:50+00:00", "2025-08-21T15:37:33+00:00", "2025-08-21T16:03:55+00:00", "2025-08-21T17:14:40+00:00", "2025-08-21T18:19:03+00:00", "2025-08-21T18:49:21+00:00", "2025-08-21T19:59:10+00:00", "2025-08-21T21:10:19+00:00", "2025-08-21T21:37:56+00:00", "2025-08-21T22:15:17+00:00", "2025-08-21T23:36:00+00:00", "2025-08-22T00:58:41+00:00", "2025-08-22T02:33:37+00:00", "2025-08-22T03:34:30+00:00", "2025-08-22T04:21:36+00:00", "2025-08-22T05:56:53+00:00", "2025-08-22T06:54:21+00:00", "2025-08-22T08:38:47+00:00", "2025-08-22T09:49:50+00:00", "2025-08-22T10:37:48+00:00", "2025-08-22T11:23:18+00:00", "2025-08-22T12:13:52+00:00", "2025-08-22T13:09:23+00:00", "2025-08-22T14:07:02+00:00", "2025-08-22T15:07:36+00:00", "2025-08-22T15:58:43+00:00", "2025-08-22T16:58:46+00:00", "2025-08-22T17:42:48+00:00", "2025-08-22T18:41:07+00:00", "2025-08-22T19:39:00+00:00", "2025-08-22T20:24:45+00:00", "2025-08-22T21:08:12+00:00", "2025-08-22T22:46:16+00:00", "2025-08-22T23:46:16+00:00", "2025-08-23T00:41:55+00:00", "2025-08-23T02:09:13+00:00", "2025-08-23T03:40:48+00:00", "2025-08-23T04:15:41+00:00", "2025-08-23T04:47:38+00:00", "2025-08-23T05:09:31+00:00", "2025-08-23T06:36:19+00:00", "2025-08-23T07:25:45+00:00", "2025-08-23T08:43:10+00:00", "2025-08-23T09:30:10+00:00", "2025-08-23T10:23:58+00:00", "2025-08-23T11:30:12+00:00", "2025-08-23T12:01:09+00:00", "2025-08-23T13:17:37+00:00", "2025-08-23T14:37:48+00:00", "2025-08-23T15:42:00+00:00", "2025-08-23T16:02:10+00:00", "2025-08-23T16:10:27+00:00", "2025-08-23T16:24:36+00:00", "2025-08-23T16:59:35+00:00", "2025-08-23T18:16:26+00:00", "2025-08-23T18:41:05+00:00", "2025-08-23T19:12:16+00:00", "2025-08-23T19:47:35+00:00", "2025-08-23T19:51:04+00:00", "2025-08-23T19:54:56+00:00", "2025-08-23T20:11:26+00:00", "2025-08-23T20:20:28+00:00", "2025-08-23T20:26:44+00:00", "2025-08-23T20:34:51+00:00", "2025-08-23T20:41:09+00:00", "2025-08-23T20:50:54+00:00", "2025-08-23T20:57:25+00:00", "2025-08-23T21:04:42+00:00", "2025-08-23T21:15:56+00:00", "2025-08-23T21:24:03+00:00", "2025-08-23T21:32:50+00:00", "2025-08-23T21:44:39+00:00", "2025-08-23T21:55:54+00:00", "2025-08-23T22:04:59+00:00", "2025-08-23T22:16:10+00:00", "2025-08-23T22:25:30+00:00", "2025-08-23T22:36:04+00:00", "2025-08-23T22:42:02+00:00", "2025-08-23T22:47:43+00:00", "2025-08-23T23:04:46+00:00", "2025-08-23T23:14:53+00:00", "2025-08-23T23:44:16+00:00", "2025-08-23T23:59:23+00:00", "2025-08-24T00:09:45+00:00", "2025-08-24T00:19:39+00:00", "2025-08-24T00:23:46+00:00", "2025-08-24T00:37:33+00:00", "2025-08-24T00:48:36+00:00", "2025-08-24T01:03:01+00:00", "2025-08-24T01:16:53+00:00", "2025-08-24T01:28:52+00:00", "2025-08-24T01:37:49+00:00", "2025-08-24T01:47:33+00:00", "2025-08-24T01:59:32+00:00", "2025-08-24T02:10:37+00:00", "2025-08-24T02:17:50+00:00", "2025-08-24T02:29:09+00:00", "2025-08-24T02:39:17+00:00", "2025-08-24T02:50:36+00:00", "2025-08-24T03:02:13+00:00", "2025-08-24T03:15:46+00:00", "2025-08-24T03:25:29+00:00", "2025-08-24T03:40:50+00:00", "2025-08-24T03:54:03+00:00", "2025-08-24T04:08:43+00:00", "2025-08-24T04:22:29+00:00", "2025-08-24T04:40:19+00:00", "2025-08-24T05:29:15+00:00", "2025-08-24T05:49:46+00:00", "2025-08-24T06:31:21+00:00", "2025-08-24T07:04:26+00:00", "2025-08-24T07:42:03+00:00", "2025-08-24T08:13:27+00:00", "2025-08-24T08:28:24+00:00", "2025-08-24T08:44:25+00:00", "2025-08-24T09:34:49+00:00", "2025-08-24T10:05:55+00:00", "2025-08-24T10:26:20+00:00", "2025-08-24T10:49:01+00:00", "2025-08-24T11:13:34+00:00", "2025-08-24T11:54:01+00:00", "2025-08-24T12:20:51+00:00", "2025-08-24T13:16:45+00:00", "2025-08-24T13:43:43+00:00", "2025-08-24T14:04:32+00:00", "2025-08-24T14:10:00+00:00", "2025-08-24T14:39:21+00:00", "2025-08-24T15:49:02+00:00", "2025-08-24T16:40:35+00:00", "2025-08-24T19:06:03+00:00", "2025-08-24T21:16:19+00:00", "2025-08-24T22:29:58+00:00", "2025-08-24T23:06:39+00:00", "2025-08-24T23:25:07+00:00", "2025-08-24T23:42:19+00:00", "2025-08-25T00:01:33+00:00", "2025-08-25T00:16:02+00:00", "2025-08-25T00:37:55+00:00", "2025-08-25T00:49:00+00:00", "2025-08-25T01:01:50+00:00", "2025-08-25T01:27:54+00:00", "2025-08-25T01:41:51+00:00", "2025-08-25T01:47:39+00:00", "2025-08-25T01:53:15+00:00", "2025-08-25T01:58:52+00:00", "2025-08-25T02:13:36+00:00", "2025-08-25T02:19:32+00:00", "2025-08-25T02:55:29+00:00", "2025-08-25T03:00:49+00:00", "2025-08-25T03:36:40+00:00", "2025-08-25T04:21:21+00:00", "2025-08-25T04:28:55+00:00", "2025-08-25T04:40:16+00:00", "2025-08-25T04:50:36+00:00", "2025-08-25T05:00:59+00:00", "2025-08-25T05:10:20+00:00", "2025-08-25T05:19:48+00:00", "2025-08-25T05:25:49+00:00", "2025-08-25T05:35:25+00:00", "2025-08-25T05:52:29+00:00", "2025-08-25T06:07:08+00:00", "2025-08-25T06:16:58+00:00", "2025-08-25T06:23:43+00:00", "2025-08-25T06:29:13+00:00", "2025-08-25T06:38:40+00:00", "2025-08-25T06:46:32+00:00", "2025-08-25T06:55:13+00:00", "2025-08-25T07:04:33+00:00", "2025-08-25T07:12:10+00:00", "2025-08-25T07:19:42+00:00", "2025-08-25T07:30:05+00:00", "2025-08-25T07:39:34+00:00", "2025-08-25T07:52:02+00:00", "2025-08-25T08:05:55+00:00", "2025-08-25T08:22:43+00:00", "2025-08-25T08:56:38+00:00", "2025-08-25T09:10:32+00:00", "2025-08-25T09:28:44+00:00", "2025-08-25T09:44:49+00:00", "2025-08-25T10:06:37+00:00", "2025-08-25T10:21:02+00:00", "2025-08-25T10:34:39+00:00", "2025-08-25T10:52:08+00:00", "2025-08-25T11:01:36+00:00", "2025-08-25T11:13:37+00:00", "2025-08-25T11:28:34+00:00", "2025-08-25T11:44:43+00:00", "2025-08-25T11:54:03+00:00", "2025-08-25T12:07:48+00:00", "2025-08-25T12:18:21+00:00", "2025-08-25T12:37:02+00:00", "2025-08-25T12:48:54+00:00", "2025-08-25T12:59:03+00:00", "2025-08-25T13:16:25+00:00", "2025-08-25T13:32:27+00:00", "2025-08-25T13:45:23+00:00", "2025-08-25T13:58:36+00:00", "2025-08-25T14:10:29+00:00", "2025-08-25T14:28:53+00:00", "2025-08-25T14:40:22+00:00", "2025-08-25T14:56:07+00:00", "2025-08-25T15:14:00+00:00", "2025-08-25T15:31:45+00:00", "2025-08-25T15:47:14+00:00", "2025-08-25T16:03:07+00:00", "2025-08-25T16:15:48+00:00", "2025-08-25T16:33:25+00:00", "2025-08-25T16:52:38+00:00", "2025-08-25T17:06:14+00:00", "2025-08-25T17:24:39+00:00", "2025-08-25T17:34:16+00:00", "2025-08-25T17:48:33+00:00", "2025-08-25T18:01:22+00:00", "2025-08-25T18:12:11+00:00", "2025-08-25T18:20:43+00:00", "2025-08-25T18:37:40+00:00", "2025-08-25T18:51:49+00:00", "2025-08-25T19:00:38+00:00", "2025-08-25T19:10:06+00:00", "2025-08-25T19:19:27+00:00", "2025-08-25T19:25:34+00:00", "2025-08-25T19:36:09+00:00", "2025-08-25T19:47:05+00:00", "2025-08-25T19:58:01+00:00", "2025-08-25T20:03:53+00:00", "2025-08-25T20:12:10+00:00", "2025-08-25T20:17:19+00:00", "2025-08-25T20:25:57+00:00", "2025-08-25T20:28:59+00:00", "2025-08-25T20:37:23+00:00", "2025-08-25T20:43:54+00:00", "2025-08-25T20:52:45+00:00", "2025-08-25T21:01:28+00:00", "2025-08-25T21:08:41+00:00", "2025-08-25T21:16:56+00:00", "2025-08-25T21:24:13+00:00", "2025-08-25T21:34:07+00:00", "2025-08-25T21:39:26+00:00", "2025-08-25T21:48:03+00:00", "2025-08-25T21:53:56+00:00", "2025-08-25T21:58:49+00:00", "2025-08-25T22:03:54+00:00", "2025-08-25T22:13:43+00:00", "2025-08-25T22:20:35+00:00", "2025-08-25T22:28:47+00:00", "2025-08-25T22:37:13+00:00", "2025-08-25T22:43:54+00:00", "2025-08-25T22:54:03+00:00", "2025-08-25T23:04:57+00:00", "2025-08-25T23:13:47+00:00", "2025-08-25T23:19:00+00:00", "2025-08-25T23:32:49+00:00", "2025-08-25T23:47:24+00:00", "2025-08-26T00:05:38+00:00", "2025-08-26T00:18:20+00:00", "2025-08-26T00:35:08+00:00", "2025-08-26T00:42:19+00:00", "2025-08-26T00:58:56+00:00", "2025-08-26T01:11:16+00:00", "2025-08-26T01:20:39+00:00", "2025-08-26T01:44:20+00:00", "2025-08-26T01:59:57+00:00", "2025-08-26T02:31:40+00:00", "2025-08-26T02:50:07+00:00", "2025-08-26T03:04:31+00:00", "2025-08-26T03:24:23+00:00", "2025-08-26T03:44:26+00:00", "2025-08-26T04:01:30+00:00", "2025-08-26T04:24:05+00:00", "2025-08-26T04:36:27+00:00", "2025-08-26T04:49:49+00:00", "2025-08-26T05:12:53+00:00", "2025-08-26T05:40:41+00:00", "2025-08-26T06:03:06+00:00", "2025-08-26T06:47:26+00:00", "2025-08-26T06:58:55+00:00", "2025-08-26T07:16:33+00:00", "2025-08-26T07:41:14+00:00", "2025-08-26T08:02:02+00:00", "2025-08-26T08:07:54+00:00", "2025-08-26T09:13:18+00:00", "2025-08-26T09:43:52+00:00", "2025-08-26T10:38:20+00:00", "2025-08-26T11:22:08+00:00", "2025-08-26T12:41:49+00:00", "2025-08-26T12:58:31+00:00", "2025-08-26T13:20:56+00:00", "2025-08-26T13:50:27+00:00", "2025-08-26T14:46:15+00:00", "2025-08-26T15:22:57+00:00", "2025-08-26T16:05:16+00:00", "2025-08-26T16:25:18+00:00", "2025-08-26T16:59:28+00:00", "2025-08-26T17:46:11+00:00", "2025-08-26T17:50:27+00:00", "2025-08-26T17:57:33+00:00", "2025-08-26T18:05:30+00:00", "2025-08-26T18:10:00+00:00", "2025-08-26T18:27:36+00:00", "2025-08-26T18:36:35+00:00", "2025-08-26T18:55:00+00:00", "2025-08-26T19:30:03+00:00", "2025-08-26T19:48:01+00:00", "2025-08-26T20:00:14+00:00", "2025-08-26T20:22:35+00:00", "2025-08-26T20:30:12+00:00", "2025-08-26T21:31:02+00:00", "2025-08-26T21:52:14+00:00", "2025-08-26T22:14:19+00:00", "2025-08-26T22:27:24+00:00", "2025-08-26T23:11:02+00:00", "2025-08-27T00:17:28+00:00", "2025-08-27T00:46:32+00:00", "2025-08-27T01:18:20+00:00", "2025-08-27T01:43:47+00:00", "2025-08-27T01:49:33+00:00", "2025-08-27T02:24:40+00:00", "2025-08-27T02:43:27+00:00", "2025-08-27T03:30:59+00:00", "2025-08-27T03:59:23+00:00", "2025-08-27T04:24:15+00:00", "2025-08-27T05:18:03+00:00", "2025-08-27T05:42:47+00:00", "2025-08-27T05:58:37+00:00", "2025-08-27T06:04:50+00:00", "2025-08-27T06:11:54+00:00", "2025-08-27T06:18:36+00:00", "2025-08-27T06:24:29+00:00", "2025-08-27T06:31:30+00:00", "2025-08-27T06:39:06+00:00", "2025-08-27T07:42:11+00:00", "2025-08-27T08:29:22+00:00", "2025-08-27T09:09:40+00:00", "2025-08-27T09:18:39+00:00", "2025-08-27T09:28:25+00:00", "2025-08-27T09:32:45+00:00", "2025-08-27T09:40:49+00:00", "2025-08-27T10:16:29+00:00", "2025-08-27T11:03:43+00:00", "2025-08-27T11:28:57+00:00", "2025-08-27T12:15:23+00:00", "2025-08-27T12:40:52+00:00", "2025-08-27T13:37:11+00:00", "2025-08-27T14:10:02+00:00", "2025-08-27T14:53:16+00:00", "2025-08-27T15:17:09+00:00", "2025-08-27T16:18:32+00:00", "2025-08-27T16:58:49+00:00", "2025-08-27T17:40:33+00:00", "2025-08-27T17:58:44+00:00", "2025-08-27T18:12:38+00:00", "2025-08-27T18:16:15+00:00", "2025-08-27T18:27:34+00:00", "2025-08-27T18:40:08+00:00", "2025-08-27T18:45:30+00:00", "2025-08-27T18:51:53+00:00", "2025-08-27T19:08:48+00:00", "2025-08-27T19:18:10+00:00", "2025-08-27T19:22:41+00:00", "2025-08-27T19:27:38+00:00", "2025-08-27T19:35:01+00:00", "2025-08-27T19:41:31+00:00", "2025-08-27T19:48:10+00:00", "2025-08-27T19:53:37+00:00", "2025-08-27T20:14:13+00:00", "2025-08-27T20:45:17+00:00", "2025-08-27T21:04:35+00:00", "2025-08-27T21:33:49+00:00", "2025-08-27T22:12:10+00:00", "2025-08-27T22:18:25+00:00", "2025-08-27T22:24:50+00:00", "2025-08-27T22:29:22+00:00", "2025-08-27T22:36:00+00:00", "2025-08-27T23:03:30+00:00", "2025-08-27T23:09:46+00:00", "2025-08-27T23:15:26+00:00", "2025-08-27T23:21:47+00:00", "2025-08-27T23:28:39+00:00", "2025-08-27T23:46:01+00:00", "2025-08-27T23:48:56+00:00", "2025-08-27T23:54:30+00:00", "2025-08-27T23:58:17+00:00", "2025-08-28T00:30:47+00:00", "2025-08-28T01:23:37+00:00", "2025-08-28T01:47:59+00:00", "2025-08-28T01:58:03+00:00", "2025-08-28T02:04:02+00:00", "2025-08-28T02:08:37+00:00", "2025-08-28T02:20:24+00:00", "2025-08-28T02:47:54+00:00", "2025-08-28T03:20:48+00:00", "2025-08-28T03:47:44+00:00", "2025-08-28T04:06:02+00:00", "2025-08-28T04:26:23+00:00", "2025-08-28T04:58:12+00:00", "2025-08-28T05:49:19+00:00", "2025-08-28T06:18:25+00:00", "2025-08-28T06:37:36+00:00", "2025-08-28T07:01:02+00:00", "2025-08-28T07:37:39+00:00", "2025-08-28T07:43:22+00:00", "2025-08-28T07:51:20+00:00", "2025-08-28T08:16:02+00:00", "2025-08-28T08:21:17+00:00", "2025-08-28T08:28:43+00:00", "2025-08-28T08:38:35+00:00", "2025-08-28T09:00:55+00:00", "2025-08-28T09:28:41+00:00", "2025-08-28T09:50:42+00:00", "2025-08-28T10:39:36+00:00", "2025-08-28T12:26:25+00:00", "2025-08-28T13:31:08+00:00", "2025-08-28T14:59:37+00:00", "2025-08-28T15:33:54+00:00", "2025-08-28T16:36:54+00:00", "2025-08-28T17:15:52+00:00", "2025-08-28T18:02:11+00:00", "2025-08-28T18:33:10+00:00", "2025-08-28T19:24:19+00:00", "2025-08-28T20:31:29+00:00", "2025-08-28T20:58:35+00:00", "2025-08-28T21:39:12+00:00", "2025-08-28T22:29:55+00:00", "2025-08-28T23:29:24+00:00", "2025-08-28T23:41:42+00:00", "2025-08-28T23:50:09+00:00", "2025-08-28T23:55:16+00:00", "2025-08-29T00:02:55+00:00", "2025-08-29T00:11:51+00:00", "2025-08-29T00:19:04+00:00", "2025-08-29T00:28:00+00:00", "2025-08-29T00:38:01+00:00", "2025-08-29T00:44:42+00:00", "2025-08-29T00:50:50+00:00", "2025-08-29T00:58:11+00:00", "2025-08-29T01:04:51+00:00", "2025-08-29T01:12:11+00:00", "2025-08-29T01:22:13+00:00", "2025-08-29T01:29:49+00:00", "2025-08-29T01:36:46+00:00", "2025-08-29T01:44:33+00:00", "2025-08-29T01:51:09+00:00", "2025-08-29T01:59:33+00:00", "2025-08-29T02:06:13+00:00", "2025-08-29T02:16:10+00:00", "2025-08-29T02:22:17+00:00", "2025-08-29T02:31:23+00:00", "2025-08-29T02:39:28+00:00", "2025-08-29T02:47:06+00:00", "2025-08-29T02:54:38+00:00", "2025-08-29T03:01:18+00:00", "2025-08-29T03:10:42+00:00", "2025-08-29T03:17:48+00:00", "2025-08-29T03:24:06+00:00", "2025-08-29T03:34:46+00:00", "2025-08-29T03:41:01+00:00", "2025-08-29T03:49:08+00:00", "2025-08-29T03:58:19+00:00", "2025-08-29T04:10:23+00:00", "2025-08-29T04:15:51+00:00", "2025-08-29T04:24:23+00:00", "2025-08-29T04:32:56+00:00", "2025-08-29T04:43:53+00:00", "2025-08-29T04:52:57+00:00", "2025-08-29T05:01:13+00:00", "2025-08-29T05:11:46+00:00", "2025-08-29T05:23:31+00:00", "2025-08-29T05:33:35+00:00", "2025-08-29T05:43:11+00:00", "2025-08-29T05:51:29+00:00", "2025-08-29T05:55:32+00:00", "2025-08-29T06:01:11+00:00", "2025-08-29T06:10:31+00:00", "2025-08-29T06:23:06+00:00", "2025-08-29T06:28:37+00:00", "2025-08-29T06:39:56+00:00", "2025-08-29T06:48:42+00:00", "2025-08-29T07:02:00+00:00", "2025-08-29T07:14:50+00:00", "2025-08-29T07:28:11+00:00", "2025-08-29T07:37:47+00:00", "2025-08-29T07:48:53+00:00", "2025-08-29T07:57:08+00:00", "2025-08-29T08:14:21+00:00", "2025-08-29T08:22:14+00:00", "2025-08-29T08:32:34+00:00", "2025-08-29T08:35:18+00:00", "2025-08-29T08:44:25+00:00", "2025-08-29T09:00:32+00:00", "2025-08-29T09:06:45+00:00", "2025-08-29T09:16:08+00:00", "2025-08-29T09:24:46+00:00", "2025-08-29T09:33:23+00:00", "2025-08-29T09:47:14+00:00", "2025-08-29T09:54:37+00:00", "2025-08-29T10:09:39+00:00", "2025-08-29T10:19:24+00:00", "2025-08-29T10:22:36+00:00", "2025-08-29T10:27:24+00:00", "2025-08-29T10:32:21+00:00", "2025-08-29T10:36:54+00:00", "2025-08-29T10:40:51+00:00", "2025-08-29T10:44:47+00:00", "2025-08-29T10:52:24+00:00", "2025-08-29T11:03:31+00:00", "2025-08-29T11:13:32+00:00", "2025-08-29T11:20:20+00:00", "2025-08-29T11:27:57+00:00", "2025-08-29T11:44:31+00:00", "2025-08-29T11:54:09+00:00", "2025-08-29T12:03:05+00:00", "2025-08-29T12:10:49+00:00", "2025-08-29T12:22:43+00:00", "2025-08-29T12:30:51+00:00", "2025-08-29T12:38:44+00:00", "2025-08-29T12:46:21+00:00", "2025-08-29T12:55:10+00:00", "2025-08-29T13:01:59+00:00", "2025-08-29T13:06:24+00:00", "2025-08-29T13:13:28+00:00", "2025-08-29T13:23:13+00:00", "2025-08-29T13:31:29+00:00", "2025-08-29T13:39:06+00:00", "2025-08-29T13:49:06+00:00", "2025-08-29T13:58:51+00:00", "2025-08-29T14:05:07+00:00", "2025-08-29T14:09:55+00:00", "2025-08-29T14:16:04+00:00", "2025-08-29T14:20:45+00:00", "2025-08-29T14:28:05+00:00", "2025-08-29T14:33:09+00:00", "2025-08-29T14:39:26+00:00", "2025-08-29T14:44:54+00:00", "2025-08-29T14:52:30+00:00", "2025-08-29T15:01:12+00:00", "2025-08-29T15:08:56+00:00", "2025-08-29T15:15:12+00:00", "2025-08-29T15:22:41+00:00", "2025-08-29T15:30:01+00:00", "2025-08-29T15:36:58+00:00", "2025-08-29T15:43:14+00:00", "2025-08-29T15:47:54+00:00", "2025-08-29T15:57:15+00:00", "2025-08-29T16:06:28+00:00", "2025-08-29T16:14:29+00:00", "2025-08-29T16:20:37+00:00", "2025-08-29T16:26:06+00:00", "2025-08-29T16:33:54+00:00", "2025-08-29T16:41:04+00:00", "2025-08-29T16:46:53+00:00", "2025-08-29T16:50:06+00:00", "2025-08-29T16:55:02+00:00", "2025-08-29T16:59:50+00:00", "2025-08-29T17:05:02+00:00", "2025-08-29T17:08:55+00:00", "2025-08-29T17:15:11+00:00", "2025-08-29T17:18:47+00:00", "2025-08-29T17:23:43+00:00", "2025-08-29T17:31:44+00:00", "2025-08-29T17:36:56+00:00", "2025-08-29T17:41:29+00:00", "2025-08-29T17:47:14+00:00", "2025-08-29T17:54:18+00:00", "2025-08-29T18:00:26+00:00", "2025-08-29T18:02:42+00:00", "2025-08-29T18:06:27+00:00", "2025-08-29T18:12:35+00:00", "2025-08-29T18:17:15+00:00", "2025-08-29T18:23:00+00:00", "2025-08-29T18:27:57+00:00", "2025-08-29T18:32:29+00:00", "2025-08-29T18:38:05+00:00", "2025-08-29T18:42:30+00:00", "2025-08-29T18:48:07+00:00", "2025-08-29T18:55:22+00:00", "2025-08-29T19:01:37+00:00", "2025-08-29T19:08:17+00:00", "2025-08-29T19:14:17+00:00", "2025-08-29T19:22:25+00:00", "2025-08-29T19:34:18+00:00", "2025-08-29T19:41:30+00:00", "2025-08-29T19:53:55+00:00", "2025-08-29T20:04:52+00:00", "2025-08-29T20:12:28+00:00", "2025-08-29T20:21:58+00:00", "2025-08-29T20:31:15+00:00", "2025-08-29T20:40:55+00:00", "2025-08-29T20:45:58+00:00", "2025-08-29T20:53:10+00:00", "2025-08-29T20:58:57+00:00", "2025-08-29T21:05:37+00:00", "2025-08-29T21:08:03+00:00", "2025-08-29T21:14:24+00:00", "2025-08-29T21:18:13+00:00", "2025-08-29T21:22:14+00:00", "2025-08-29T21:25:57+00:00", "2025-08-29T21:58:12+00:00", "2025-08-29T22:03:56+00:00", "2025-08-29T22:09:14+00:00", "2025-08-29T22:14:18+00:00", "2025-08-29T22:20:30+00:00", "2025-08-29T22:26:26+00:00", "2025-08-29T22:30:10+00:00", "2025-08-29T22:35:43+00:00", "2025-08-29T22:40:59+00:00", "2025-08-29T22:45:26+00:00", "2025-08-29T22:49:07+00:00", "2025-08-29T22:55:40+00:00", "2025-08-29T22:59:00+00:00", "2025-08-29T23:05:09+00:00", "2025-08-29T23:11:02+00:00", "2025-08-29T23:15:35+00:00", "2025-08-29T23:21:19+00:00", "2025-08-29T23:25:28+00:00", "2025-08-29T23:33:52+00:00", "2025-08-29T23:41:29+00:00", "2025-08-29T23:47:23+00:00", "2025-08-29T23:57:15+00:00", "2025-08-30T00:03:04+00:00", "2025-08-30T00:08:52+00:00", "2025-08-30T00:14:16+00:00", "2025-08-30T00:22:43+00:00", "2025-08-30T00:31:09+00:00", "2025-08-30T00:37:55+00:00", "2025-08-30T00:43:52+00:00", "2025-08-30T00:52:08+00:00", "2025-08-30T00:59:30+00:00", "2025-08-30T01:08:06+00:00", "2025-08-30T01:15:48+00:00", "2025-08-30T01:21:00+00:00", "2025-08-30T01:26:48+00:00", "2025-08-30T01:32:31+00:00", "2025-08-30T01:40:45+00:00", "2025-08-30T01:47:07+00:00", "2025-08-30T01:54:02+00:00", "2025-08-30T02:02:01+00:00", "2025-08-30T02:07:03+00:00", "2025-08-30T02:16:06+00:00", "2025-08-30T02:24:42+00:00", "2025-08-30T02:31:10+00:00", "2025-08-30T02:37:58+00:00", "2025-08-30T02:50:01+00:00", "2025-08-30T03:00:58+00:00", "2025-08-30T03:06:38+00:00", "2025-08-30T03:13:30+00:00", "2025-08-30T03:24:26+00:00", "2025-08-30T03:33:07+00:00", "2025-08-30T03:43:15+00:00", "2025-08-30T03:52:45+00:00", "2025-08-30T03:58:22+00:00", "2025-08-30T04:09:41+00:00", "2025-08-30T04:17:18+00:00", "2025-08-30T04:23:42+00:00", "2025-08-30T04:32:15+00:00", "2025-08-30T04:37:59+00:00", "2025-08-30T04:48:15+00:00", "2025-08-30T04:56:24+00:00", "2025-08-30T05:03:35+00:00", "2025-08-30T05:10:29+00:00", "2025-08-30T05:17:36+00:00", "2025-08-30T05:25:12+00:00", "2025-08-30T05:34:17+00:00", "2025-08-30T05:40:53+00:00", "2025-08-30T05:51:07+00:00", "2025-08-30T05:58:59+00:00", "2025-08-30T06:04:16+00:00", "2025-08-30T06:09:50+00:00", "2025-08-30T06:15:32+00:00", "2025-08-30T06:24:05+00:00", "2025-08-30T06:32:53+00:00", "2025-08-30T06:39:57+00:00", "2025-08-30T06:46:54+00:00", "2025-08-30T06:58:03+00:00", "2025-08-30T07:07:15+00:00", "2025-08-30T07:15:24+00:00", "2025-08-30T07:23:21+00:00", "2025-08-30T07:36:57+00:00", "2025-08-30T07:46:15+00:00", "2025-08-30T07:55:29+00:00", "2025-08-30T08:07:21+00:00", "2025-08-30T08:16:07+00:00", "2025-08-30T08:25:09+00:00", "2025-08-30T08:36:13+00:00", "2025-08-30T08:42:26+00:00", "2025-08-30T08:50:27+00:00", "2025-08-30T08:59:12+00:00", "2025-08-30T09:06:14+00:00", "2025-08-30T09:17:56+00:00", "2025-08-30T09:25:10+00:00", "2025-08-30T09:34:12+00:00", "2025-08-30T09:44:52+00:00", "2025-08-30T09:55:41+00:00", "2025-08-30T10:06:52+00:00", "2025-08-30T10:17:09+00:00", "2025-08-30T10:26:46+00:00", "2025-08-30T10:40:22+00:00", "2025-08-30T10:49:11+00:00", "2025-08-30T11:02:24+00:00", "2025-08-30T11:08:56+00:00", "2025-08-30T11:20:33+00:00", "2025-08-30T11:28:58+00:00", "2025-08-30T11:37:38+00:00", "2025-08-30T11:46:03+00:00", "2025-08-30T11:57:08+00:00", "2025-08-30T12:08:45+00:00", "2025-08-30T12:17:57+00:00", "2025-08-30T12:25:01+00:00", "2025-08-30T12:31:50+00:00", "2025-08-30T12:41:50+00:00", "2025-08-30T12:55:19+00:00", "2025-08-30T13:06:31+00:00", "2025-08-30T13:15:13+00:00", "2025-08-30T13:24:41+00:00", "2025-08-30T13:33:30+00:00", "2025-08-30T13:43:30+00:00", "2025-08-30T13:54:59+00:00", "2025-08-30T14:07:55+00:00", "2025-08-30T14:17:16+00:00", "2025-08-30T14:26:12+00:00", "2025-08-30T14:38:45+00:00", "2025-08-30T14:50:06+00:00", "2025-08-30T15:00:38+00:00", "2025-08-30T15:11:59+00:00", "2025-08-30T15:22:08+00:00", "2025-08-30T15:33:37+00:00", "2025-08-30T15:45:29+00:00", "2025-08-30T15:58:02+00:00", "2025-08-30T16:10:10+00:00", "2025-08-30T16:18:35+00:00", "2025-08-30T16:36:29+00:00", "2025-08-30T16:48:27+00:00", "2025-08-30T17:01:14+00:00", "2025-08-30T17:12:48+00:00", "2025-08-30T17:28:40+00:00", "2025-08-30T17:43:04+00:00", "2025-08-30T17:56:39+00:00", "2025-08-30T18:16:49+00:00", "2025-08-30T18:39:39+00:00", "2025-08-30T18:57:39+00:00", "2025-08-30T19:12:10+00:00", "2025-08-30T19:32:56+00:00", "2025-08-30T19:47:39+00:00", "2025-08-30T20:11:15+00:00", "2025-08-30T20:25:30+00:00", "2025-08-30T20:41:26+00:00", "2025-08-30T20:55:28+00:00", "2025-08-30T21:10:45+00:00", "2025-08-30T21:19:29+00:00", "2025-08-30T21:29:21+00:00", "2025-08-30T21:42:17+00:00", "2025-08-30T21:50:07+00:00", "2025-08-30T22:04:01+00:00", "2025-08-30T22:18:03+00:00", "2025-08-30T22:28:32+00:00", "2025-08-30T22:41:48+00:00", "2025-08-30T22:51:51+00:00", "2025-08-30T23:05:58+00:00", "2025-08-30T23:16:16+00:00", "2025-08-30T23:25:44+00:00", "2025-08-30T23:32:41+00:00", "2025-08-30T23:42:01+00:00", "2025-08-30T23:53:01+00:00", "2025-08-31T00:00:06+00:00", "2025-08-31T00:11:05+00:00", "2025-08-31T00:24:18+00:00", "2025-08-31T00:32:39+00:00", "2025-08-31T00:41:58+00:00", "2025-08-31T00:55:21+00:00", "2025-08-31T01:03:19+00:00", "2025-08-31T01:11:19+00:00", "2025-08-31T01:26:40+00:00", "2025-08-31T01:32:24+00:00", "2025-08-31T01:40:41+00:00", "2025-08-31T01:48:10+00:00", "2025-08-31T01:55:46+00:00", "2025-08-31T02:03:55+00:00", "2025-08-31T02:08:19+00:00", "2025-08-31T02:17:24+00:00", "2025-08-31T02:28:29+00:00", "2025-08-31T02:35:31+00:00", "2025-08-31T02:44:49+00:00", "2025-08-31T02:52:27+00:00", "2025-08-31T03:00:28+00:00", "2025-08-31T03:10:56+00:00", "2025-08-31T03:17:13+00:00", "2025-08-31T03:24:41+00:00", "2025-08-31T03:37:55+00:00", "2025-08-31T03:45:16+00:00", "2025-08-31T03:53:57+00:00", "2025-08-31T04:02:24+00:00", "2025-08-31T04:11:13+00:00", "2025-08-31T04:15:21+00:00", "2025-08-31T04:21:45+00:00", "2025-08-31T04:29:46+00:00", "2025-08-31T04:37:47+00:00", "2025-08-31T04:44:12+00:00", "2025-08-31T04:53:56+00:00", "2025-08-31T05:01:33+00:00", "2025-08-31T05:06:22+00:00", "2025-08-31T05:17:18+00:00", "2025-08-31T05:23:52+00:00", "2025-08-31T05:28:00+00:00", "2025-08-31T05:34:56+00:00", "2025-08-31T05:41:29+00:00", "2025-08-31T05:51:38+00:00", "2025-08-31T06:01:15+00:00", "2025-08-31T06:15:35+00:00", "2025-08-31T06:22:56+00:00", "2025-08-31T06:35:16+00:00", "2025-08-31T06:41:22+00:00", "2025-08-31T06:50:34+00:00", "2025-08-31T06:59:39+00:00", "2025-08-31T07:07:26+00:00", "2025-08-31T07:14:35+00:00", "2025-08-31T07:20:47+00:00", "2025-08-31T07:27:44+00:00", "2025-08-31T07:31:37+00:00", "2025-08-31T07:40:33+00:00", "2025-08-31T07:47:54+00:00", "2025-08-31T07:57:10+00:00", "2025-08-31T08:01:37+00:00", "2025-08-31T08:12:10+00:00", "2025-08-31T08:19:34+00:00", "2025-08-31T08:42:01+00:00", "2025-08-31T08:50:12+00:00", "2025-08-31T08:59:38+00:00", "2025-08-31T09:06:14+00:00", "2025-08-31T09:16:11+00:00", "2025-08-31T09:25:56+00:00", "2025-08-31T09:31:09+00:00", "2025-08-31T09:42:32+00:00", "2025-08-31T09:48:24+00:00", "2025-08-31T09:58:09+00:00", "2025-08-31T10:06:50+00:00", "2025-08-31T10:15:54+00:00", "2025-08-31T10:25:31+00:00", "2025-08-31T10:31:23+00:00", "2025-08-31T10:37:00+00:00", "2025-08-31T10:45:08+00:00", "2025-08-31T10:55:01+00:00", "2025-08-31T11:02:21+00:00", "2025-08-31T11:09:34+00:00", "2025-08-31T11:16:14+00:00", "2025-08-31T11:23:03+00:00", "2025-08-31T11:28:47+00:00", "2025-08-31T11:35:12+00:00", "2025-08-31T11:41:04+00:00", "2025-08-31T11:46:41+00:00", "2025-08-31T11:52:26+00:00", "2025-08-31T12:00:34+00:00", "2025-08-31T12:07:30+00:00", "2025-08-31T12:12:11+00:00", "2025-08-31T12:16:03+00:00", "2025-08-31T12:23:47+00:00", "2025-08-31T12:30:04+00:00", "2025-08-31T12:37:32+00:00", "2025-08-31T12:45:25+00:00", "2025-08-31T12:51:57+00:00", "2025-08-31T12:59:09+00:00", "2025-08-31T13:06:54+00:00", "2025-08-31T13:14:14+00:00", "2025-08-31T13:25:11+00:00", "2025-08-31T13:32:39+00:00", "2025-08-31T13:40:56+00:00", "2025-08-31T13:45:29+00:00", "2025-08-31T13:55:21+00:00", "2025-08-31T14:00:42+00:00", "2025-08-31T14:06:42+00:00", "2025-08-31T14:11:07+00:00", "2025-08-31T14:15:56+00:00", "2025-08-31T14:20:04+00:00", "2025-08-31T14:27:26+00:00", "2025-08-31T14:36:49+00:00", "2025-08-31T14:39:54+00:00", "2025-08-31T14:48:05+00:00", "2025-08-31T14:56:38+00:00", "2025-08-31T15:04:14+00:00", "2025-08-31T15:13:27+00:00", "2025-08-31T15:19:28+00:00", "2025-08-31T15:29:26+00:00", "2025-08-31T15:38:35+00:00", "2025-08-31T15:53:40+00:00", "2025-08-31T16:09:10+00:00", "2025-08-31T16:21:57+00:00", "2025-08-31T16:35:48+00:00", "2025-08-31T16:52:22+00:00", "2025-08-31T17:03:15+00:00", "2025-08-31T17:11:52+00:00", "2025-08-31T17:19:40+00:00", "2025-08-31T17:32:43+00:00", "2025-08-31T17:44:01+00:00", "2025-08-31T17:56:31+00:00", "2025-08-31T18:06:03+00:00", "2025-08-31T18:13:35+00:00", "2025-08-31T18:21:39+00:00", "2025-08-31T18:33:04+00:00", "2025-08-31T18:40:26+00:00", "2025-08-31T18:49:07+00:00", "2025-08-31T19:00:04+00:00", "2025-08-31T19:08:44+00:00", "2025-08-31T19:17:09+00:00", "2025-08-31T19:23:34+00:00", "2025-08-31T19:31:16+00:00", "2025-08-31T19:39:49+00:00", "2025-08-31T19:47:02+00:00", "2025-08-31T19:55:43+00:00", "2025-08-31T20:01:16+00:00", "2025-08-31T20:09:33+00:00", "2025-08-31T20:19:32+00:00", "2025-08-31T20:27:48+00:00", "2025-08-31T20:36:28+00:00", "2025-08-31T20:42:49+00:00", "2025-08-31T20:47:24+00:00", "2025-08-31T20:52:47+00:00", "2025-08-31T21:00:33+00:00", "2025-08-31T21:10:15+00:00", "2025-08-31T21:23:31+00:00", "2025-08-31T21:32:56+00:00", "2025-08-31T21:41:14+00:00", "2025-08-31T21:47:07+00:00", "2025-08-31T21:55:17+00:00", "2025-08-31T22:03:57+00:00", "2025-08-31T22:12:46+00:00", "2025-08-31T22:20:47+00:00", "2025-08-31T22:26:31+00:00", "2025-08-31T22:40:00+00:00", "2025-08-31T22:47:53+00:00", "2025-08-31T22:55:15+00:00", "2025-08-31T23:02:26+00:00", "2025-08-31T23:06:45+00:00", "2025-08-31T23:14:16+00:00", "2025-08-31T23:23:36+00:00", "2025-08-31T23:32:33+00:00", "2025-08-31T23:43:31+00:00", "2025-08-31T23:50:53+00:00", "2025-08-31T23:59:42+00:00", "2025-09-01T00:06:19+00:00", "2025-09-01T00:13:33+00:00", "2025-09-01T00:22:43+00:00", "2025-09-01T00:27:44+00:00", "2025-09-01T00:34:59+00:00", "2025-09-01T00:40:58+00:00", "2025-09-01T00:49:13+00:00", "2025-09-01T00:59:06+00:00", "2025-09-01T01:07:46+00:00", "2025-09-01T01:15:48+00:00", "2025-09-01T01:24:17+00:00", "2025-09-01T01:30:49+00:00", "2025-09-01T01:41:14+00:00", "2025-09-01T01:49:54+00:00", "2025-09-01T01:59:12+00:00", "2025-09-01T02:05:14+00:00", "2025-09-01T02:11:51+00:00", "2025-09-01T02:18:07+00:00", "2025-09-01T02:26:13+00:00", "2025-09-01T02:35:28+00:00", "2025-09-01T02:42:05+00:00", "2025-09-01T02:51:38+00:00", "2025-09-01T03:00:08+00:00", "2025-09-01T03:10:39+00:00", "2025-09-01T03:18:00+00:00", "2025-09-01T03:23:12+00:00", "2025-09-01T03:31:37+00:00", "2025-09-01T03:35:05+00:00", "2025-09-01T03:42:33+00:00", "2025-09-01T03:49:30+00:00", "2025-09-01T03:55:22+00:00", "2025-09-01T04:02:02+00:00", "2025-09-01T04:07:51+00:00", "2025-09-01T04:21:42+00:00", "2025-09-01T04:26:39+00:00", "2025-09-01T04:34:47+00:00", "2025-09-01T04:39:43+00:00", "2025-09-01T04:44:48+00:00", "2025-09-01T04:54:48+00:00", "2025-09-01T05:06:25+00:00", "2025-09-01T05:10:01+00:00", "2025-09-01T05:16:09+00:00", "2025-09-01T05:24:18+00:00", "2025-09-01T05:37:30+00:00", "2025-09-01T05:46:03+00:00", "2025-09-01T05:56:11+00:00", "2025-09-01T06:05:24+00:00", "2025-09-01T06:15:53+00:00", "2025-09-01T06:24:51+00:00", "2025-09-01T06:36:52+00:00", "2025-09-01T06:45:27+00:00", "2025-09-01T06:54:22+00:00", "2025-09-01T07:00:04+00:00", "2025-09-01T07:04:46+00:00", "2025-09-01T07:11:38+00:00", "2025-09-01T07:21:35+00:00", "2025-09-01T07:29:25+00:00", "2025-09-01T07:36:18+00:00", "2025-09-01T07:41:01+00:00", "2025-09-01T07:46:22+00:00", "2025-09-01T07:51:05+00:00", "2025-09-01T07:58:16+00:00", "2025-09-01T08:08:34+00:00", "2025-09-01T08:18:19+00:00", "2025-09-01T08:25:09+00:00", "2025-09-01T08:29:56+00:00", "2025-09-01T08:35:20+00:00", "2025-09-01T08:44:25+00:00", "2025-09-01T08:53:23+00:00", "2025-09-01T09:05:55+00:00", "2025-09-01T09:13:48+00:00", "2025-09-01T09:23:56+00:00", "2025-09-01T09:45:02+00:00", "2025-09-01T09:53:50+00:00", "2025-09-01T10:00:23+00:00", "2025-09-01T10:09:03+00:00", "2025-09-01T10:14:32+00:00", "2025-09-01T10:19:46+00:00", "2025-09-01T10:28:11+00:00", "2025-09-01T10:35:56+00:00", "2025-09-01T10:49:48+00:00", "2025-09-01T11:00:41+00:00", "2025-09-01T11:10:16+00:00", "2025-09-01T11:23:35+00:00", "2025-09-01T11:34:24+00:00", "2025-09-01T11:41:33+00:00", "2025-09-01T11:51:13+00:00", "2025-09-01T11:58:50+00:00", "2025-09-01T12:06:34+00:00", "2025-09-01T12:18:27+00:00", "2025-09-01T12:25:07+00:00", "2025-09-01T12:31:16+00:00", "2025-09-01T12:38:04+00:00", "2025-09-01T12:43:40+00:00", "2025-09-01T12:52:13+00:00", "2025-09-01T13:04:14+00:00", "2025-09-01T13:12:22+00:00", "2025-09-01T13:20:55+00:00", "2025-09-01T13:25:19+00:00", "2025-09-01T13:36:40+00:00", "2025-09-01T13:44:33+00:00", "2025-09-01T13:51:53+00:00", "2025-09-01T13:59:29+00:00", "2025-09-01T14:08:34+00:00", "2025-09-01T14:16:10+00:00", "2025-09-01T14:24:43+00:00", "2025-09-01T14:33:47+00:00", "2025-09-01T14:39:15+00:00", "2025-09-01T14:49:56+00:00", "2025-09-01T14:56:52+00:00", "2025-09-01T15:05:01+00:00", "2025-09-01T15:14:45+00:00", "2025-09-01T15:26:38+00:00", "2025-09-01T15:33:50+00:00", "2025-09-01T15:42:47+00:00", "2025-09-01T15:50:31+00:00", "2025-09-01T15:56:08+00:00", "2025-09-01T16:08:33+00:00", "2025-09-01T16:13:56+00:00", "2025-09-01T16:20:45+00:00", "2025-09-01T16:27:02+00:00", "2025-09-01T16:39:34+00:00", "2025-09-01T16:48:47+00:00", "2025-09-01T16:54:07+00:00", "2025-09-01T17:02:15+00:00", "2025-09-01T17:11:36+00:00", "2025-09-01T17:20:32+00:00", "2025-09-01T17:30:57+00:00", "2025-09-01T17:38:58+00:00", "2025-09-01T17:54:36+00:00", "2025-09-01T18:01:40+00:00", "2025-09-01T18:14:02+00:00", "2025-09-01T18:22:37+00:00", "2025-09-01T18:30:28+00:00", "2025-09-01T18:37:58+00:00", "2025-09-01T18:42:46+00:00", "2025-09-01T19:00:16+00:00", "2025-09-01T19:11:06+00:00", "2025-09-01T19:20:18+00:00", "2025-09-01T19:30:43+00:00", "2025-09-01T19:42:15+00:00", "2025-09-01T19:51:33+00:00", "2025-09-01T20:10:50+00:00", "2025-09-01T20:20:09+00:00", "2025-09-01T20:33:33+00:00", "2025-09-01T20:44:32+00:00", "2025-09-01T21:06:48+00:00", "2025-09-01T21:17:53+00:00", "2025-09-01T21:27:20+00:00", "2025-09-01T21:38:33+00:00", "2025-09-01T21:55:11+00:00", "2025-09-01T22:09:08+00:00", "2025-09-01T22:18:12+00:00", "2025-09-01T22:26:37+00:00", "2025-09-01T22:32:21+00:00", "2025-09-01T22:39:42+00:00", "2025-09-01T22:54:34+00:00", "2025-09-01T23:09:12+00:00", "2025-09-01T23:29:56+00:00", "2025-09-01T23:53:51+00:00", "2025-09-02T00:14:54+00:00", "2025-09-02T00:31:47+00:00", "2025-09-02T00:51:23+00:00", "2025-09-02T01:07:39+00:00", "2025-09-02T01:19:17+00:00", "2025-09-02T01:27:38+00:00", "2025-09-02T01:39:33+00:00", "2025-09-02T01:55:25+00:00", "2025-09-02T02:08:14+00:00", "2025-09-02T02:20:32+00:00", "2025-09-02T02:31:08+00:00", "2025-09-02T02:43:01+00:00", "2025-09-02T02:47:26+00:00", "2025-09-02T03:00:19+00:00", "2025-09-02T03:10:21+00:00", "2025-09-02T03:21:38+00:00", "2025-09-02T03:32:38+00:00", "2025-09-02T03:53:05+00:00", "2025-09-02T04:04:20+00:00", "2025-09-02T04:19:09+00:00", "2025-09-02T04:32:47+00:00", "2025-09-02T04:44:17+00:00", "2025-09-02T04:56:23+00:00", "2025-09-02T05:03:29+00:00", "2025-09-02T05:17:51+00:00", "2025-09-02T05:26:22+00:00", "2025-09-02T05:40:36+00:00", "2025-09-02T05:51:16+00:00", "2025-09-02T06:00:05+00:00", "2025-09-02T06:11:29+00:00", "2025-09-02T06:23:26+00:00", "2025-09-02T06:31:00+00:00", "2025-09-02T06:42:37+00:00", "2025-09-02T06:56:32+00:00", "2025-09-02T07:04:24+00:00", "2025-09-02T07:15:12+00:00", "2025-09-02T07:26:19+00:00", "2025-09-02T07:43:58+00:00", "2025-09-02T07:55:32+00:00", "2025-09-02T08:01:20+00:00", "2025-09-02T08:08:01+00:00", "2025-09-02T08:13:37+00:00", "2025-09-02T08:22:04+00:00", "2025-09-02T08:33:32+00:00", "2025-09-02T08:41:16+00:00", "2025-09-02T08:46:36+00:00", "2025-09-02T08:59:11+00:00", "2025-09-02T09:10:07+00:00", "2025-09-02T09:21:03+00:00", "2025-09-02T09:26:14+00:00", "2025-09-02T09:38:48+00:00", "2025-09-02T09:45:44+00:00", "2025-09-02T09:52:49+00:00", "2025-09-02T10:06:26+00:00", "2025-09-02T10:16:02+00:00", "2025-09-02T10:25:22+00:00", "2025-09-02T10:36:43+00:00", "2025-09-02T10:47:32+00:00", "2025-09-02T11:03:25+00:00", "2025-09-02T11:23:02+00:00", "2025-09-02T11:38:39+00:00", "2025-09-02T11:54:16+00:00", "2025-09-02T12:03:13+00:00", "2025-09-02T12:17:54+00:00", "2025-09-02T12:25:47+00:00", "2025-09-02T12:40:11+00:00", "2025-09-02T12:53:49+00:00", "2025-09-02T12:58:53+00:00", "2025-09-02T13:07:50+00:00", "2025-09-02T13:21:03+00:00", "2025-09-02T13:31:04+00:00", "2025-09-02T13:44:09+00:00", "2025-09-02T13:58:41+00:00", "2025-09-02T14:07:22+00:00", "2025-09-02T14:19:39+00:00", "2025-09-02T14:29:48+00:00", "2025-09-02T14:38:20+00:00", "2025-09-02T14:48:45+00:00", "2025-09-02T14:59:50+00:00", "2025-09-02T15:11:19+00:00", "2025-09-02T15:24:32+00:00", "2025-09-02T15:35:28+00:00", "2025-09-02T15:41:29+00:00", "2025-09-02T15:49:53+00:00", "2025-09-02T15:56:58+00:00", "2025-09-02T16:05:50+00:00", "2025-09-02T16:16:45+00:00", "2025-09-02T16:31:34+00:00", "2025-09-02T16:43:27+00:00", "2025-09-02T16:51:59+00:00", "2025-09-02T17:08:40+00:00", "2025-09-02T17:15:12+00:00", "2025-09-02T17:28:09+00:00", "2025-09-02T17:36:42+00:00", "2025-09-02T17:46:43+00:00", "2025-09-02T17:55:13+00:00", "2025-09-02T18:06:45+00:00", "2025-09-02T18:16:29+00:00", "2025-09-02T18:24:22+00:00", "2025-09-02T18:35:04+00:00", "2025-09-02T18:46:51+00:00", "2025-09-02T18:53:21+00:00", "2025-09-02T18:57:29+00:00", "2025-09-02T19:06:40+00:00", "2025-09-02T19:18:21+00:00", "2025-09-02T19:26:08+00:00", "2025-09-02T19:37:01+00:00", "2025-09-02T19:42:37+00:00", "2025-09-02T19:50:25+00:00", "2025-09-02T20:00:49+00:00", "2025-09-02T20:11:28+00:00", "2025-09-02T20:20:43+00:00", "2025-09-02T20:33:34+00:00", "2025-09-02T20:46:18+00:00", "2025-09-02T20:57:14+00:00", "2025-09-02T21:05:57+00:00", "2025-09-02T21:25:20+00:00", "2025-09-02T21:34:09+00:00", "2025-09-02T21:49:27+00:00", "2025-09-02T21:54:29+00:00", "2025-09-02T22:13:44+00:00", "2025-09-02T22:31:03+00:00", "2025-09-02T22:39:03+00:00", "2025-09-02T22:49:20+00:00", "2025-09-02T22:58:30+00:00", "2025-09-02T23:09:14+00:00", "2025-09-02T23:23:28+00:00", "2025-09-02T23:30:14+00:00", "2025-09-02T23:37:22+00:00", "2025-09-02T23:49:00+00:00", "2025-09-02T23:53:56+00:00", "2025-09-03T00:08:09+00:00", "2025-09-03T00:16:10+00:00", "2025-09-03T00:29:58+00:00", "2025-09-03T00:36:36+00:00", "2025-09-03T00:45:16+00:00", "2025-09-03T00:52:04+00:00", "2025-09-03T01:02:38+00:00", "2025-09-03T01:12:52+00:00", "2025-09-03T01:23:16+00:00", "2025-09-03T01:29:01+00:00", "2025-09-03T01:38:07+00:00", "2025-09-03T01:44:25+00:00", "2025-09-03T01:48:27+00:00", "2025-09-03T01:56:01+00:00", "2025-09-03T02:03:22+00:00", "2025-09-03T02:12:54+00:00", "2025-09-03T02:28:07+00:00", "2025-09-03T02:41:30+00:00", "2025-09-03T02:54:37+00:00", "2025-09-03T03:05:30+00:00", "2025-09-03T03:28:20+00:00", "2025-09-03T04:07:58+00:00", "2025-09-03T04:29:17+00:00", "2025-09-03T05:00:44+00:00", "2025-09-03T05:53:17+00:00", "2025-09-03T06:14:00+00:00", "2025-09-03T06:34:36+00:00", "2025-09-03T06:50:52+00:00", "2025-09-03T07:04:08+00:00", "2025-09-03T07:13:50+00:00", "2025-09-03T07:27:18+00:00", "2025-09-03T07:44:04+00:00", "2025-09-03T08:04:29+00:00", "2025-09-03T08:26:41+00:00", "2025-09-03T08:40:58+00:00", "2025-09-03T08:55:56+00:00", "2025-09-03T09:11:49+00:00", "2025-09-03T09:27:02+00:00", "2025-09-03T09:41:11+00:00", "2025-09-03T09:51:44+00:00", "2025-09-03T10:04:50+00:00", "2025-09-03T10:21:23+00:00", "2025-09-03T10:34:36+00:00", "2025-09-03T10:48:37+00:00", "2025-09-03T11:13:35+00:00", "2025-09-03T11:30:56+00:00", "2025-09-03T11:50:18+00:00", "2025-09-03T12:04:36+00:00", "2025-09-03T12:21:25+00:00", "2025-09-03T12:46:46+00:00", "2025-09-03T13:38:18+00:00", "2025-09-03T14:15:49+00:00", "2025-09-03T15:08:09+00:00", "2025-09-03T15:37:16+00:00", "2025-09-03T15:51:57+00:00", "2025-09-03T16:07:11+00:00", "2025-09-03T16:40:01+00:00", "2025-09-03T17:33:16+00:00", "2025-09-03T18:11:20+00:00", "2025-09-03T18:50:59+00:00", "2025-09-03T19:27:23+00:00", "2025-09-03T19:58:53+00:00", "2025-09-03T20:36:04+00:00", "2025-09-03T21:12:22+00:00", "2025-09-03T21:30:05+00:00", "2025-09-03T22:06:58+00:00", "2025-09-03T22:30:27+00:00", "2025-09-03T22:54:14+00:00", "2025-09-03T23:25:19+00:00", "2025-09-04T00:01:41+00:00", "2025-09-04T00:36:51+00:00", "2025-09-04T00:52:10+00:00", "2025-09-04T01:28:08+00:00", "2025-09-04T01:47:27+00:00", "2025-09-04T02:06:54+00:00", "2025-09-04T02:24:03+00:00", "2025-09-04T02:44:36+00:00", "2025-09-04T03:04:06+00:00", "2025-09-04T03:19:24+00:00", "2025-09-04T03:33:07+00:00", "2025-09-04T03:38:12+00:00", "2025-09-04T03:54:31+00:00", "2025-09-04T04:05:28+00:00", "2025-09-04T04:19:37+00:00", "2025-09-04T04:28:27+00:00", "2025-09-04T04:40:01+00:00", "2025-09-04T04:48:42+00:00", "2025-09-04T05:03:03+00:00", "2025-09-04T05:16:01+00:00", "2025-09-04T05:27:39+00:00", "2025-09-04T05:41:26+00:00", "2025-09-04T05:47:35+00:00", "2025-09-04T05:59:13+00:00", "2025-09-04T06:10:58+00:00", "2025-09-04T06:22:21+00:00", "2025-09-04T06:33:50+00:00", "2025-09-04T06:44:54+00:00", "2025-09-04T06:58:05+00:00", "2025-09-04T07:07:49+00:00", "2025-09-04T07:20:54+00:00", "2025-09-04T07:29:59+00:00", "2025-09-04T07:36:55+00:00", "2025-09-04T07:50:24+00:00", "2025-09-04T08:00:24+00:00", "2025-09-04T08:12:38+00:00", "2025-09-04T08:19:34+00:00", "2025-09-04T08:28:39+00:00", "2025-09-04T08:38:31+00:00", "2025-09-04T08:49:26+00:00", "2025-09-04T08:58:39+00:00", "2025-09-04T09:07:06+00:00", "2025-09-04T09:16:16+00:00", "2025-09-04T09:21:02+00:00", "2025-09-04T09:30:32+00:00", "2025-09-04T09:35:53+00:00", "2025-09-04T09:46:45+00:00", "2025-09-04T09:58:17+00:00", "2025-09-04T10:10:10+00:00", "2025-09-04T10:15:54+00:00", "2025-09-04T10:25:15+00:00", "2025-09-04T10:32:59+00:00", "2025-09-04T10:46:04+00:00", "2025-09-04T10:55:33+00:00", "2025-09-04T11:10:13+00:00", "2025-09-04T11:20:06+00:00", "2025-09-04T11:31:19+00:00", "2025-09-04T11:39:27+00:00", "2025-09-04T11:50:40+00:00", "2025-09-04T12:01:05+00:00", "2025-09-04T12:14:02+00:00", "2025-09-04T12:22:43+00:00", "2025-09-04T12:34:11+00:00", "2025-09-04T12:44:20+00:00", "2025-09-04T12:57:00+00:00", "2025-09-04T13:07:01+00:00", "2025-09-04T13:20:46+00:00", "2025-09-04T13:29:11+00:00", "2025-09-04T13:36:15+00:00", "2025-09-04T13:50:00+00:00", "2025-09-04T13:57:52+00:00", "2025-09-04T14:10:49+00:00", "2025-09-04T14:21:54+00:00", "2025-09-04T14:35:30+00:00", "2025-09-04T14:45:55+00:00", "2025-09-04T14:58:04+00:00", "2025-09-04T15:04:36+00:00", "2025-09-04T15:19:09+00:00", "2025-09-04T15:33:02+00:00", "2025-09-04T15:48:39+00:00", "2025-09-04T15:58:55+00:00", "2025-09-04T16:16:25+00:00", "2025-09-04T16:38:43+00:00", "2025-09-04T17:06:20+00:00", "2025-09-04T17:35:21+00:00", "2025-09-04T18:06:47+00:00", "2025-09-04T18:40:00+00:00", "2025-09-04T19:14:29+00:00", "2025-09-04T19:51:32+00:00", "2025-09-04T20:06:23+00:00", "2025-09-04T20:22:05+00:00", "2025-09-04T20:37:29+00:00", "2025-09-04T20:54:03+00:00", "2025-09-04T21:05:00+00:00", "2025-09-04T21:19:41+00:00", "2025-09-04T21:35:52+00:00", "2025-09-04T21:51:53+00:00", "2025-09-04T22:45:39+00:00", "2025-09-04T23:41:18+00:00", "2025-09-04T23:58:21+00:00", "2025-09-05T00:20:14+00:00", "2025-09-05T01:10:05+00:00", "2025-09-05T01:56:06+00:00", "2025-09-05T03:06:06+00:00", "2025-09-05T04:11:38+00:00", "2025-09-05T05:42:09+00:00", "2025-09-05T07:07:46+00:00", "2025-09-05T08:38:09+00:00", "2025-09-05T09:46:05+00:00", "2025-09-05T10:42:53+00:00", "2025-09-05T11:51:12+00:00", "2025-09-05T13:15:01+00:00", "2025-09-05T14:19:36+00:00", "2025-09-05T15:02:42+00:00", "2025-09-05T16:08:15+00:00", "2025-09-05T17:03:21+00:00", "2025-09-05T17:41:24+00:00", "2025-09-05T18:20:56+00:00", "2025-09-05T18:32:40+00:00", "2025-09-05T18:48:10+00:00", "2025-09-05T19:07:53+00:00", "2025-09-05T19:17:31+00:00", "2025-09-05T19:23:06+00:00", "2025-09-05T19:30:49+00:00", "2025-09-05T19:36:49+00:00", "2025-09-05T19:44:11+00:00", "2025-09-05T19:53:11+00:00", "2025-09-05T20:02:36+00:00", "2025-09-05T20:12:27+00:00", "2025-09-05T20:18:44+00:00", "2025-09-05T20:25:16+00:00", "2025-09-05T20:34:35+00:00", "2025-09-05T20:43:31+00:00", "2025-09-05T20:47:31+00:00", "2025-09-05T20:56:41+00:00", "2025-09-05T21:05:03+00:00", "2025-09-05T21:17:21+00:00", "2025-09-05T21:34:21+00:00", "2025-09-05T21:43:45+00:00", "2025-09-05T21:50:33+00:00", "2025-09-05T21:59:20+00:00", "2025-09-05T22:07:17+00:00", "2025-09-05T22:18:31+00:00", "2025-09-05T22:25:16+00:00", "2025-09-05T22:36:37+00:00", "2025-09-05T22:42:00+00:00", "2025-09-05T22:52:24+00:00", "2025-09-05T22:59:51+00:00", "2025-09-05T23:10:29+00:00", "2025-09-05T23:23:58+00:00", "2025-09-05T23:31:56+00:00", "2025-09-05T23:39:39+00:00", "2025-09-05T23:45:10+00:00", "2025-09-05T23:51:56+00:00", "2025-09-05T23:59:02+00:00", "2025-09-06T00:04:03+00:00", "2025-09-06T00:10:05+00:00", "2025-09-06T00:14:11+00:00", "2025-09-06T00:22:53+00:00", "2025-09-06T00:30:19+00:00", "2025-09-06T00:36:59+00:00", "2025-09-06T00:44:24+00:00", "2025-09-06T00:49:05+00:00", "2025-09-06T00:58:43+00:00", "2025-09-06T01:08:52+00:00", "2025-09-06T01:21:40+00:00", "2025-09-06T01:31:01+00:00", "2025-09-06T01:39:18+00:00", "2025-09-06T01:44:46+00:00", "2025-09-06T01:49:59+00:00", "2025-09-06T02:01:59+00:00", "2025-09-06T02:12:10+00:00", "2025-09-06T02:23:43+00:00", "2025-09-06T02:31:18+00:00", "2025-09-06T02:42:22+00:00", "2025-09-06T02:59:16+00:00", "2025-09-06T03:08:54+00:00", "2025-09-06T03:20:07+00:00", "2025-09-06T03:26:34+00:00", "2025-09-06T03:35:08+00:00", "2025-09-06T03:44:38+00:00", "2025-09-06T03:53:43+00:00", "2025-09-06T04:06:15+00:00", "2025-09-06T04:16:56+00:00", "2025-09-06T04:27:30+00:00", "2025-09-06T04:36:44+00:00", "2025-09-06T04:45:33+00:00", "2025-09-06T04:57:26+00:00", "2025-09-06T05:03:51+00:00", "2025-09-06T05:22:24+00:00", "2025-09-06T05:31:36+00:00", "2025-09-06T05:41:37+00:00", "2025-09-06T05:54:15+00:00", "2025-09-06T06:06:48+00:00", "2025-09-06T06:24:06+00:00", "2025-09-06T06:32:30+00:00", "2025-09-06T06:42:49+00:00", "2025-09-06T06:56:20+00:00", "2025-09-06T07:02:21+00:00", "2025-09-06T07:13:50+00:00", "2025-09-06T07:26:11+00:00", "2025-09-06T07:34:41+00:00", "2025-09-06T07:43:35+00:00", "2025-09-06T07:49:33+00:00", "2025-09-06T07:59:47+00:00", "2025-09-06T08:05:11+00:00", "2025-09-06T08:13:29+00:00", "2025-09-06T08:22:24+00:00", "2025-09-06T08:44:11+00:00", "2025-09-06T08:54:32+00:00", "2025-09-06T09:04:39+00:00", "2025-09-06T09:16:11+00:00", "2025-09-06T10:16:58+00:00", "2025-09-06T11:02:52+00:00", "2025-09-06T11:19:18+00:00", "2025-09-06T12:03:36+00:00", "2025-09-06T12:29:46+00:00", "2025-09-06T13:27:03+00:00", "2025-09-06T14:31:10+00:00", "2025-09-06T15:58:47+00:00", "2025-09-06T18:33:39+00:00", "2025-09-06T19:11:44+00:00", "2025-09-06T19:43:39+00:00", "2025-09-06T19:53:57+00:00", "2025-09-06T19:59:46+00:00", "2025-09-06T20:06:30+00:00", "2025-09-06T20:40:23+00:00", "2025-09-06T21:03:48+00:00", "2025-09-06T21:21:24+00:00", "2025-09-06T21:36:58+00:00", "2025-09-06T21:45:34+00:00", "2025-09-06T21:52:51+00:00", "2025-09-06T22:08:00+00:00", "2025-09-06T22:39:34+00:00", "2025-09-06T23:03:39+00:00", "2025-09-06T23:23:18+00:00", "2025-09-06T23:43:46+00:00", "2025-09-06T23:55:08+00:00", "2025-09-07T00:02:49+00:00", "2025-09-07T00:11:47+00:00", "2025-09-07T00:21:44+00:00", "2025-09-07T00:34:30+00:00", "2025-09-07T00:42:27+00:00", "2025-09-07T01:08:48+00:00", "2025-09-07T01:17:36+00:00", "2025-09-07T01:31:31+00:00", "2025-09-07T01:44:42+00:00", "2025-09-07T01:56:20+00:00", "2025-09-07T02:03:29+00:00", "2025-09-07T02:10:33+00:00", "2025-09-07T02:19:48+00:00", "2025-09-07T02:25:03+00:00", "2025-09-07T02:28:57+00:00", "2025-09-07T02:34:40+00:00", "2025-09-07T02:39:17+00:00", "2025-09-07T02:42:37+00:00", "2025-09-07T02:49:00+00:00", "2025-09-07T02:51:57+00:00", "2025-09-07T02:59:03+00:00", "2025-09-07T03:08:56+00:00", "2025-09-07T03:16:51+00:00", "2025-09-07T03:24:29+00:00", "2025-09-07T03:32:54+00:00", "2025-09-07T03:40:14+00:00", "2025-09-07T03:49:44+00:00", "2025-09-07T03:58:40+00:00", "2025-09-07T04:07:13+00:00", "2025-09-07T04:16:01+00:00", "2025-09-07T04:24:02+00:00", "2025-09-07T04:32:34+00:00", "2025-09-07T04:42:09+00:00", "2025-09-07T04:48:21+00:00", "2025-09-07T04:59:10+00:00", "2025-09-07T05:08:39+00:00", "2025-09-07T05:19:03+00:00", "2025-09-07T05:28:41+00:00", "2025-09-07T05:38:41+00:00", "2025-09-07T05:50:58+00:00", "2025-09-07T05:57:00+00:00", "2025-09-07T06:03:38+00:00", "2025-09-07T06:17:55+00:00", "2025-09-07T06:26:36+00:00", "2025-09-07T06:38:29+00:00", "2025-09-07T06:45:52+00:00", "2025-09-07T06:54:33+00:00", "2025-09-07T07:02:26+00:00", "2025-09-07T07:11:31+00:00", "2025-09-07T07:19:40+00:00", "2025-09-07T07:29:32+00:00", "2025-09-07T07:41:19+00:00", "2025-09-07T07:49:19+00:00", "2025-09-07T08:02:32+00:00", "2025-09-07T08:16:54+00:00", "2025-09-07T08:25:42+00:00", "2025-09-07T08:39:40+00:00", "2025-09-07T08:48:54+00:00", "2025-09-07T08:52:32+00:00", "2025-09-07T09:01:53+00:00", "2025-09-07T09:12:12+00:00", "2025-09-07T09:23:01+00:00", "2025-09-07T09:36:39+00:00", "2025-09-07T09:47:03+00:00", "2025-09-07T10:00:48+00:00", "2025-09-07T10:13:13+00:00", "2025-09-07T10:25:29+00:00", "2025-09-07T10:36:10+00:00", "2025-09-07T10:49:39+00:00", "2025-09-07T11:01:56+00:00", "2025-09-07T11:16:45+00:00", "2025-09-07T11:27:33+00:00", "2025-09-07T11:38:06+00:00", "2025-09-07T11:52:54+00:00", "2025-09-07T12:06:48+00:00", "2025-09-07T12:17:04+00:00", "2025-09-07T12:30:01+00:00", "2025-09-07T12:40:42+00:00", "2025-09-07T12:54:50+00:00", "2025-09-07T13:03:55+00:00", "2025-09-07T13:15:49+00:00", "2025-09-07T13:33:10+00:00", "2025-09-07T13:43:18+00:00", "2025-09-07T13:54:07+00:00", "2025-09-07T14:05:19+00:00", "2025-09-07T14:18:24+00:00", "2025-09-07T14:27:04+00:00", "2025-09-07T14:37:21+00:00", "2025-09-07T14:47:37+00:00", "2025-09-07T14:56:10+00:00", "2025-09-07T15:09:15+00:00", "2025-09-07T15:23:41+00:00", "2025-09-07T15:34:06+00:00", "2025-09-07T15:43:35+00:00", "2025-09-07T15:54:07+00:00", "2025-09-07T16:02:48+00:00", "2025-09-07T16:12:16+00:00", "2025-09-07T16:20:56+00:00", "2025-09-07T16:31:21+00:00", "2025-09-07T16:39:14+00:00", "2025-09-07T16:48:10+00:00", "2025-09-07T16:56:27+00:00", "2025-09-07T17:05:39+00:00", "2025-09-07T17:20:20+00:00", "2025-09-07T17:27:57+00:00", "2025-09-07T17:38:38+00:00", "2025-09-07T17:49:26+00:00", "2025-09-07T17:56:55+00:00", "2025-09-07T18:05:43+00:00", "2025-09-07T18:14:10+00:00", "2025-09-07T18:20:18+00:00", "2025-09-07T18:25:06+00:00", "2025-09-07T18:34:35+00:00", "2025-09-07T18:44:29+00:00", "2025-09-07T18:51:24+00:00", "2025-09-07T18:58:44+00:00", "2025-09-07T19:12:52+00:00", "2025-09-07T19:23:33+00:00", "2025-09-07T19:36:14+00:00", "2025-09-07T19:47:04+00:00", "2025-09-07T19:59:44+00:00", "2025-09-07T20:07:03+00:00", "2025-09-07T20:17:11+00:00", "2025-09-07T20:26:49+00:00", "2025-09-07T20:36:55+00:00", "2025-09-07T20:44:46+00:00", "2025-09-07T20:54:13+00:00", "2025-09-07T21:04:41+00:00", "2025-09-07T21:15:13+00:00", "2025-09-07T21:27:38+00:00", "2025-09-07T21:38:34+00:00", "2025-09-07T21:53:24+00:00", "2025-09-07T22:01:20+00:00", "2025-09-07T22:08:00+00:00", "2025-09-07T22:16:23+00:00", "2025-09-07T22:26:29+00:00", "2025-09-07T22:38:03+00:00", "2025-09-07T22:47:41+00:00", "2025-09-07T22:59:42+00:00", "2025-09-07T23:05:02+00:00", "2025-09-07T23:19:54+00:00", "2025-09-07T23:35:36+00:00", "2025-09-07T23:45:57+00:00", "2025-09-07T23:51:51+00:00", "2025-09-07T23:59:46+00:00", "2025-09-08T00:05:30+00:00", "2025-09-08T00:15:13+00:00", "2025-09-08T00:22:32+00:00", "2025-09-08T00:31:16+00:00", "2025-09-08T00:40:11+00:00", "2025-09-08T00:46:05+00:00", "2025-09-08T00:52:11+00:00", "2025-09-08T01:01:19+00:00", "2025-09-08T01:10:13+00:00", "2025-09-08T01:17:17+00:00", "2025-09-08T01:25:26+00:00", "2025-09-08T01:37:58+00:00", "2025-09-08T01:45:01+00:00", "2025-09-08T01:54:05+00:00", "2025-09-08T02:03:24+00:00", "2025-09-08T02:14:20+00:00", "2025-09-08T02:21:49+00:00", "2025-09-08T02:30:04+00:00", "2025-09-08T02:39:08+00:00", "2025-09-08T02:48:30+00:00", "2025-09-08T02:56:23+00:00", "2025-09-08T03:03:18+00:00", "2025-09-08T03:15:46+00:00", "2025-09-08T03:23:07+00:00", "2025-09-08T03:31:58+00:00", "2025-09-08T03:37:41+00:00", "2025-09-08T03:49:09+00:00", "2025-09-08T04:07:28+00:00", "2025-09-08T04:29:14+00:00", "2025-09-08T04:44:20+00:00", "2025-09-08T05:12:49+00:00", "2025-09-08T05:42:54+00:00", "2025-09-08T06:48:33+00:00", "2025-09-08T07:31:46+00:00", "2025-09-08T08:07:11+00:00", "2025-09-08T09:04:56+00:00", "2025-09-08T10:09:12+00:00", "2025-09-08T11:08:27+00:00", "2025-09-08T12:43:36+00:00", "2025-09-08T13:27:38+00:00", "2025-09-08T14:19:16+00:00", "2025-09-08T15:07:11+00:00", "2025-09-08T16:11:05+00:00", "2025-09-08T17:03:46+00:00", "2025-09-08T17:52:52+00:00", "2025-09-08T19:05:44+00:00", "2025-09-08T19:59:49+00:00", "2025-09-08T21:06:54+00:00", "2025-09-08T21:57:26+00:00", "2025-09-08T22:30:59+00:00", "2025-09-08T22:40:40+00:00", "2025-09-08T23:23:19+00:00", "2025-09-08T23:56:35+00:00", "2025-09-09T00:19:23+00:00", "2025-09-09T01:00:20+00:00", "2025-09-09T01:49:58+00:00", "2025-09-09T03:15:39+00:00", "2025-09-09T03:53:11+00:00", "2025-09-09T04:34:19+00:00", "2025-09-09T05:21:42+00:00", "2025-09-09T05:59:45+00:00", "2025-09-09T06:58:13+00:00", "2025-09-09T07:42:15+00:00", "2025-09-09T08:19:18+00:00", "2025-09-09T08:52:24+00:00", "2025-09-09T09:26:50+00:00", "2025-09-09T10:09:44+00:00", "2025-09-09T10:48:26+00:00", "2025-09-09T11:42:54+00:00", "2025-09-09T12:24:24+00:00", "2025-09-09T12:55:14+00:00", "2025-09-09T13:49:25+00:00", "2025-09-09T14:08:38+00:00", "2025-09-09T15:06:50+00:00", "2025-09-09T15:35:07+00:00", "2025-09-09T16:32:38+00:00", "2025-09-09T17:30:09+00:00", "2025-09-09T17:54:47+00:00", "2025-09-09T18:08:39+00:00", "2025-09-09T18:58:30+00:00", "2025-09-09T19:20:06+00:00", "2025-09-09T19:29:41+00:00", "2025-09-09T19:37:59+00:00", "2025-09-09T19:48:57+00:00", "2025-09-09T19:59:01+00:00", "2025-09-09T20:09:02+00:00", "2025-09-09T20:15:27+00:00", "2025-09-09T20:24:31+00:00", "2025-09-09T20:35:27+00:00", "2025-09-09T20:44:16+00:00", "2025-09-09T20:52:57+00:00", "2025-09-09T21:00:14+00:00", "2025-09-09T21:07:02+00:00", "2025-09-09T21:15:15+00:00", "2025-09-09T21:24:57+00:00", "2025-09-09T21:34:18+00:00", "2025-09-09T21:41:57+00:00", "2025-09-09T21:47:28+00:00", "2025-09-09T21:56:43+00:00", "2025-09-09T22:06:07+00:00", "2025-09-09T22:12:54+00:00", "2025-09-09T22:20:11+00:00", "2025-09-09T22:29:31+00:00", "2025-09-09T22:34:56+00:00", "2025-09-09T22:46:19+00:00", "2025-09-09T22:54:29+00:00", "2025-09-09T23:03:48+00:00", "2025-09-09T23:13:32+00:00", "2025-09-09T23:21:16+00:00", "2025-09-09T23:31:24+00:00", "2025-09-09T23:45:12+00:00", "2025-09-09T23:52:57+00:00", "2025-09-10T00:02:18+00:00", "2025-09-10T00:10:57+00:00", "2025-09-10T00:19:40+00:00", "2025-09-10T00:31:21+00:00", "2025-09-10T00:47:20+00:00", "2025-09-10T00:57:38+00:00", "2025-09-10T01:05:30+00:00", "2025-09-10T01:11:33+00:00", "2025-09-10T01:18:37+00:00", "2025-09-10T01:32:20+00:00", "2025-09-10T01:51:54+00:00", "2025-09-10T02:04:59+00:00", "2025-09-10T02:16:21+00:00", "2025-09-10T02:24:37+00:00", "2025-09-10T02:34:42+00:00", "2025-09-10T02:45:00+00:00", "2025-09-10T02:59:10+00:00", "2025-09-10T03:09:46+00:00", "2025-09-10T03:19:46+00:00", "2025-09-10T03:31:15+00:00", "2025-09-10T03:38:27+00:00", "2025-09-10T03:57:24+00:00", "2025-09-10T04:11:26+00:00", "2025-09-10T04:23:26+00:00", "2025-09-10T04:37:03+00:00", "2025-09-10T04:46:40+00:00", "2025-09-10T04:55:24+00:00", "2025-09-10T05:03:06+00:00", "2025-09-10T05:13:27+00:00", "2025-09-10T05:22:24+00:00", "2025-09-10T05:32:33+00:00", "2025-09-10T05:43:13+00:00", "2025-09-10T05:56:55+00:00", "2025-09-10T06:05:58+00:00", "2025-09-10T06:11:05+00:00", "2025-09-10T06:23:17+00:00", "2025-09-10T06:34:22+00:00", "2025-09-10T06:42:49+00:00", "2025-09-10T06:52:10+00:00", "2025-09-10T07:04:19+00:00", "2025-09-10T07:15:08+00:00", "2025-09-10T07:28:05+00:00", "2025-09-10T07:36:14+00:00", "2025-09-10T07:44:14+00:00", "2025-09-10T08:07:29+00:00", "2025-09-10T08:12:37+00:00", "2025-09-10T08:22:13+00:00", "2025-09-10T08:32:57+00:00", "2025-09-10T08:44:48+00:00", "2025-09-10T08:52:25+00:00", "2025-09-10T09:02:18+00:00", "2025-09-10T09:11:38+00:00", "2025-09-10T09:26:27+00:00", "2025-09-10T09:35:00+00:00", "2025-09-10T09:42:12+00:00", "2025-09-10T09:48:45+00:00", "2025-09-10T09:56:21+00:00", "2025-09-10T10:07:27+00:00", "2025-09-10T10:22:32+00:00", "2025-09-10T10:29:44+00:00", "2025-09-10T10:39:37+00:00", "2025-09-10T10:47:21+00:00", "2025-09-10T10:55:29+00:00", "2025-09-10T11:04:58+00:00", "2025-09-10T11:16:59+00:00", "2025-09-10T11:24:11+00:00", "2025-09-10T11:30:12+00:00", "2025-09-10T11:46:37+00:00", "2025-09-10T11:54:56+00:00", "2025-09-10T12:02:08+00:00", "2025-09-10T12:12:01+00:00", "2025-09-10T12:24:17+00:00", "2025-09-10T12:32:02+00:00", "2025-09-10T12:50:27+00:00", "2025-09-10T12:59:56+00:00", "2025-09-10T13:12:13+00:00", "2025-09-10T13:20:46+00:00", "2025-09-10T13:33:42+00:00", "2025-09-10T13:53:19+00:00", "2025-09-10T14:02:56+00:00", "2025-09-10T14:18:09+00:00", "2025-09-10T14:44:19+00:00", "2025-09-10T14:58:35+00:00", "2025-09-10T15:10:36+00:00", "2025-09-10T15:21:49+00:00", "2025-09-10T15:29:57+00:00", "2025-09-10T15:38:29+00:00", "2025-09-10T15:48:54+00:00", "2025-09-10T15:55:59+00:00", "2025-09-10T16:04:10+00:00", "2025-09-10T16:16:58+00:00", "2025-09-10T16:22:19+00:00", "2025-09-10T16:34:04+00:00", "2025-09-10T16:44:45+00:00", "2025-09-10T16:53:57+00:00", "2025-09-10T17:03:26+00:00", "2025-09-10T17:15:02+00:00", "2025-09-10T17:23:27+00:00", "2025-09-10T17:34:40+00:00", "2025-09-10T17:42:49+00:00", "2025-09-10T17:59:08+00:00", "2025-09-10T18:13:39+00:00", "2025-09-10T18:23:51+00:00", "2025-09-10T18:33:47+00:00", "2025-09-10T18:45:58+00:00", "2025-09-10T18:58:12+00:00", "2025-09-10T19:12:20+00:00", "2025-09-10T19:22:17+00:00", "2025-09-10T19:34:26+00:00", "2025-09-10T19:49:38+00:00", "2025-09-10T20:01:10+00:00", "2025-09-10T20:08:01+00:00", "2025-09-10T20:22:01+00:00", "2025-09-10T20:36:24+00:00", "2025-09-10T20:49:22+00:00", "2025-09-10T20:59:14+00:00", "2025-09-10T21:13:55+00:00", "2025-09-10T21:23:27+00:00", "2025-09-10T21:29:27+00:00", "2025-09-10T21:37:28+00:00", "2025-09-10T21:41:08+00:00", "2025-09-10T21:48:34+00:00", "2025-09-10T21:52:18+00:00", "2025-09-10T21:57:14+00:00", "2025-09-10T22:02:27+00:00", "2025-09-10T22:09:00+00:00", "2025-09-10T22:12:20+00:00", "2025-09-10T22:19:33+00:00", "2025-09-10T22:27:01+00:00", "2025-09-10T22:33:50+00:00", "2025-09-10T22:38:00+00:00", "2025-09-10T22:43:53+00:00", "2025-09-10T22:49:53+00:00", "2025-09-10T22:54:44+00:00", "2025-09-10T23:01:51+00:00", "2025-09-10T23:08:53+00:00", "2025-09-10T23:15:11+00:00", "2025-09-10T23:20:18+00:00", "2025-09-10T23:29:11+00:00", "2025-09-10T23:36:25+00:00", "2025-09-10T23:42:49+00:00", "2025-09-10T23:52:35+00:00", "2025-09-10T23:58:17+00:00", "2025-09-11T00:05:36+00:00", "2025-09-11T00:12:06+00:00", "2025-09-11T00:16:24+00:00", "2025-09-11T00:24:20+00:00", "2025-09-11T00:34:18+00:00", "2025-09-11T00:40:11+00:00", "2025-09-11T00:49:47+00:00", "2025-09-11T01:00:13+00:00", "2025-09-11T01:10:51+00:00", "2025-09-11T01:18:51+00:00", "2025-09-11T01:26:28+00:00", "2025-09-11T01:35:27+00:00", "2025-09-11T01:44:59+00:00", "2025-09-11T01:53:08+00:00", "2025-09-11T02:00:17+00:00", "2025-09-11T02:10:24+00:00", "2025-09-11T02:21:16+00:00", "2025-09-11T02:28:16+00:00", "2025-09-11T02:37:03+00:00", "2025-09-11T02:48:24+00:00", "2025-09-11T02:55:19+00:00", "2025-09-11T03:07:06+00:00", "2025-09-11T03:13:34+00:00", "2025-09-11T03:21:46+00:00", "2025-09-11T03:33:00+00:00", "2025-09-11T03:41:45+00:00", "2025-09-11T03:49:12+00:00", "2025-09-11T04:00:01+00:00", "2025-09-11T04:07:58+00:00", "2025-09-11T04:15:23+00:00", "2025-09-11T04:21:39+00:00", "2025-09-11T04:31:00+00:00", "2025-09-11T04:36:36+00:00", "2025-09-11T04:47:25+00:00", "2025-09-11T04:55:41+00:00", "2025-09-11T05:01:10+00:00", "2025-09-11T05:09:59+00:00", "2025-09-11T05:17:35+00:00", "2025-09-11T05:25:28+00:00", "2025-09-11T05:33:38+00:00", "2025-09-11T05:41:07+00:00", "2025-09-11T05:49:33+00:00", "2025-09-11T05:55:53+00:00", "2025-09-11T06:04:59+00:00", "2025-09-11T06:13:22+00:00", "2025-09-11T06:21:51+00:00", "2025-09-11T06:29:02+00:00", "2025-09-11T06:36:53+00:00", "2025-09-11T06:45:31+00:00", "2025-09-11T06:54:44+00:00", "2025-09-11T07:04:16+00:00", "2025-09-11T07:12:39+00:00", "2025-09-11T07:18:26+00:00", "2025-09-11T07:26:43+00:00", "2025-09-11T07:32:35+00:00", "2025-09-11T07:42:00+00:00", "2025-09-11T07:48:36+00:00", "2025-09-11T07:56:56+00:00", "2025-09-11T08:06:43+00:00", "2025-09-11T08:13:39+00:00", "2025-09-11T08:21:37+00:00", "2025-09-11T08:29:44+00:00", "2025-09-11T08:40:26+00:00", "2025-09-11T08:49:54+00:00", "2025-09-11T08:58:31+00:00", "2025-09-11T09:06:45+00:00", "2025-09-11T09:16:13+00:00", "2025-09-11T09:21:17+00:00", "2025-09-11T09:28:16+00:00", "2025-09-11T09:35:00+00:00", "2025-09-11T09:40:39+00:00", "2025-09-11T09:47:25+00:00", "2025-09-11T09:55:16+00:00", "2025-09-11T10:00:25+00:00", "2025-09-11T10:05:06+00:00", "2025-09-11T10:09:38+00:00", "2025-09-11T10:13:46+00:00", "2025-09-11T10:18:27+00:00", "2025-09-11T10:23:31+00:00", "2025-09-11T10:27:31+00:00", "2025-09-11T10:34:12+00:00", "2025-09-11T10:38:52+00:00", "2025-09-11T10:44:45+00:00", "2025-09-11T10:51:49+00:00", "2025-09-11T10:56:05+00:00", "2025-09-11T11:00:05+00:00", "2025-09-11T11:08:06+00:00", "2025-09-11T11:14:14+00:00", "2025-09-11T11:19:27+00:00", "2025-09-11T11:24:56+00:00", "2025-09-11T11:30:00+00:00", "2025-09-11T11:34:48+00:00", "2025-09-11T11:39:20+00:00", "2025-09-11T11:43:21+00:00", "2025-09-11T11:49:21+00:00", "2025-09-11T11:52:41+00:00", "2025-09-11T11:57:14+00:00", "2025-09-11T12:03:07+00:00", "2025-09-11T12:07:07+00:00", "2025-09-11T12:11:47+00:00", "2025-09-11T12:18:44+00:00", "2025-09-11T12:22:12+00:00", "2025-09-11T12:28:20+00:00", "2025-09-11T12:32:13+00:00", "2025-09-11T12:36:21+00:00", "2025-09-11T12:42:30+00:00", "2025-09-11T12:45:02+00:00", "2025-09-11T12:52:14+00:00", "2025-09-11T13:03:03+00:00", "2025-09-11T13:09:11+00:00", "2025-09-11T13:17:12+00:00", "2025-09-11T13:21:20+00:00", "2025-09-11T13:26:01+00:00", "2025-09-11T13:31:21+00:00", "2025-09-11T13:36:17+00:00", "2025-09-11T13:40:42+00:00", "2025-09-11T13:45:30+00:00", "2025-09-11T13:51:06+00:00", "2025-09-11T13:56:11+00:00", "2025-09-11T14:00:19+00:00", "2025-09-11T14:06:19+00:00", "2025-09-11T14:10:28+00:00", "2025-09-11T14:16:28+00:00", "2025-09-11T14:21:25+00:00", "2025-09-11T14:29:09+00:00", "2025-09-11T14:33:42+00:00", "2025-09-11T14:40:14+00:00", "2025-09-11T14:47:19+00:00", "2025-09-11T14:53:03+00:00", "2025-09-11T14:55:43+00:00", "2025-09-11T14:59:52+00:00", "2025-09-11T15:05:44+00:00", "2025-09-11T15:08:56+00:00", "2025-09-11T15:16:17+00:00", "2025-09-11T15:23:29+00:00", "2025-09-11T15:35:38+00:00", "2025-09-11T15:41:30+00:00", "2025-09-11T15:48:59+00:00", "2025-09-11T15:55:31+00:00", "2025-09-11T16:01:15+00:00", "2025-09-11T16:10:20+00:00", "2025-09-11T16:20:36+00:00", "2025-09-11T16:30:21+00:00", "2025-09-11T16:36:13+00:00", "2025-09-11T16:42:38+00:00", "2025-09-11T16:51:27+00:00", "2025-09-11T16:58:16+00:00", "2025-09-11T17:04:00+00:00", "2025-09-11T17:12:48+00:00", "2025-09-11T17:16:57+00:00", "2025-09-11T17:20:49+00:00", "2025-09-11T17:27:18+00:00", "2025-09-11T17:32:28+00:00", "2025-09-11T17:35:27+00:00", "2025-09-11T17:39:44+00:00", "2025-09-11T17:46:12+00:00", "2025-09-11T17:55:50+00:00", "2025-09-11T18:08:53+00:00", "2025-09-11T18:15:07+00:00", "2025-09-11T18:23:08+00:00", "2025-09-11T18:28:10+00:00", "2025-09-11T18:36:26+00:00", "2025-09-11T18:44:44+00:00", "2025-09-11T18:54:36+00:00", "2025-09-11T19:00:36+00:00", "2025-09-11T19:08:01+00:00", "2025-09-11T19:16:15+00:00", "2025-09-11T19:26:55+00:00", "2025-09-11T19:39:14+00:00", "2025-09-11T19:45:38+00:00", "2025-09-11T19:56:56+00:00", "2025-09-11T20:01:25+00:00", "2025-09-11T20:09:19+00:00", "2025-09-11T20:16:51+00:00", "2025-09-11T20:23:07+00:00", "2025-09-11T20:32:32+00:00", "2025-09-11T20:40:57+00:00", "2025-09-11T20:46:51+00:00", "2025-09-11T21:00:05+00:00", "2025-09-11T21:08:00+00:00", "2025-09-11T21:18:30+00:00", "2025-09-11T21:27:22+00:00", "2025-09-11T21:35:33+00:00", "2025-09-11T21:42:20+00:00", "2025-09-11T21:50:13+00:00", "2025-09-11T22:00:00+00:00", "2025-09-11T22:07:55+00:00", "2025-09-11T22:16:57+00:00", "2025-09-11T22:22:17+00:00", "2025-09-11T22:32:14+00:00", "2025-09-11T22:39:34+00:00", "2025-09-11T22:46:07+00:00", "2025-09-11T22:54:52+00:00", "2025-09-11T23:03:46+00:00", "2025-09-11T23:12:39+00:00", "2025-09-11T23:20:49+00:00", "2025-09-11T23:30:40+00:00", "2025-09-11T23:34:50+00:00", "2025-09-11T23:42:04+00:00", "2025-09-11T23:49:19+00:00", "2025-09-11T23:58:04+00:00", "2025-09-12T00:06:29+00:00", "2025-09-12T00:13:13+00:00", "2025-09-12T00:19:11+00:00", "2025-09-12T00:31:34+00:00", "2025-09-12T00:41:46+00:00", "2025-09-12T00:49:47+00:00", "2025-09-12T01:02:14+00:00", "2025-09-12T01:11:30+00:00", "2025-09-12T01:21:12+00:00", "2025-09-12T01:31:30+00:00", "2025-09-12T01:41:40+00:00", "2025-09-12T01:48:09+00:00", "2025-09-12T01:56:38+00:00", "2025-09-12T02:06:01+00:00", "2025-09-12T02:12:58+00:00", "2025-09-12T02:27:33+00:00", "2025-09-12T02:37:55+00:00", "2025-09-12T02:49:32+00:00", "2025-09-12T03:01:18+00:00", "2025-09-12T03:11:54+00:00", "2025-09-12T03:19:49+00:00", "2025-09-12T03:27:22+00:00", "2025-09-12T03:34:08+00:00", "2025-09-12T03:40:56+00:00", "2025-09-12T03:46:28+00:00", "2025-09-12T03:53:32+00:00", "2025-09-12T04:01:16+00:00", "2025-09-12T04:06:24+00:00", "2025-09-12T04:13:32+00:00", "2025-09-12T04:19:13+00:00", "2025-09-12T04:31:58+00:00", "2025-09-12T04:42:12+00:00", "2025-09-12T04:48:54+00:00", "2025-09-12T04:58:16+00:00", "2025-09-12T05:08:24+00:00", "2025-09-12T05:21:29+00:00", "2025-09-12T05:28:25+00:00", "2025-09-12T05:38:49+00:00", "2025-09-12T05:50:59+00:00", "2025-09-12T06:02:53+00:00", "2025-09-12T06:18:09+00:00", "2025-09-12T06:26:38+00:00", "2025-09-12T06:41:11+00:00", "2025-09-12T06:49:51+00:00", "2025-09-12T06:59:07+00:00", "2025-09-12T07:07:55+00:00", "2025-09-12T07:16:20+00:00", "2025-09-12T07:23:18+00:00", "2025-09-12T07:30:17+00:00", "2025-09-12T07:37:53+00:00", "2025-09-12T07:47:30+00:00", "2025-09-12T07:54:23+00:00", "2025-09-12T08:03:31+00:00", "2025-09-12T08:14:24+00:00", "2025-09-12T08:22:47+00:00", "2025-09-12T08:31:58+00:00", "2025-09-12T08:38:43+00:00", "2025-09-12T08:47:16+00:00", "2025-09-12T08:57:25+00:00", "2025-09-12T09:03:09+00:00", "2025-09-12T09:09:34+00:00", "2025-09-12T09:19:34+00:00", "2025-09-12T09:26:15+00:00", "2025-09-12T09:37:04+00:00", "2025-09-12T09:47:36+00:00", "2025-09-12T09:53:12+00:00", "2025-09-12T10:03:05+00:00", "2025-09-12T10:13:30+00:00", "2025-09-12T10:21:55+00:00", "2025-09-12T10:31:15+00:00", "2025-09-12T10:42:36+00:00", "2025-09-12T10:50:04+00:00", "2025-09-12T11:01:57+00:00", "2025-09-12T11:10:05+00:00", "2025-09-12T11:20:54+00:00", "2025-09-12T11:31:11+00:00", "2025-09-12T11:38:15+00:00", "2025-09-12T11:48:47+00:00", "2025-09-12T11:59:04+00:00", "2025-09-12T12:07:52+00:00", "2025-09-12T12:18:33+00:00", "2025-09-12T12:25:30+00:00", "2025-09-12T12:36:10+00:00", "2025-09-12T12:44:43+00:00", "2025-09-12T12:52:43+00:00", "2025-09-12T13:01:40+00:00", "2025-09-12T13:08:44+00:00", "2025-09-12T13:17:40+00:00", "2025-09-12T13:25:49+00:00", "2025-09-12T13:35:25+00:00", "2025-09-12T13:43:02+00:00", "2025-09-12T13:49:19+00:00", "2025-09-12T14:00:15+00:00", "2025-09-12T14:08:07+00:00", "2025-09-12T14:18:08+00:00", "2025-09-12T14:26:40+00:00", "2025-09-12T14:36:17+00:00", "2025-09-12T14:45:13+00:00", "2025-09-12T14:55:46+00:00", "2025-09-12T15:08:04+00:00", "2025-09-12T15:18:44+00:00", "2025-09-12T15:27:09+00:00", "2025-09-12T15:38:14+00:00", "2025-09-12T15:45:50+00:00", "2025-09-12T15:53:34+00:00", "2025-09-12T16:01:43+00:00", "2025-09-12T16:14:52+00:00", "2025-09-12T16:26:53+00:00", "2025-09-12T16:34:10+00:00", "2025-09-12T16:42:12+00:00", "2025-09-12T16:52:44+00:00", "2025-09-12T17:02:38+00:00", "2025-09-12T17:13:19+00:00", "2025-09-12T17:18:23+00:00", "2025-09-12T17:27:50+00:00", "2025-09-12T17:35:08+00:00", "2025-09-12T17:48:27+00:00", "2025-09-12T17:58:19+00:00", "2025-09-12T18:06:56+00:00", "2025-09-12T18:14:25+00:00", "2025-09-12T18:22:38+00:00", "2025-09-12T18:33:27+00:00", "2025-09-12T18:40:48+00:00", "2025-09-12T18:52:42+00:00", "2025-09-12T18:59:02+00:00", "2025-09-12T19:09:49+00:00", "2025-09-12T19:19:49+00:00", "2025-09-12T19:26:40+00:00", "2025-09-12T19:41:59+00:00", "2025-09-12T19:53:36+00:00", "2025-09-12T20:01:36+00:00", "2025-09-12T20:13:13+00:00", "2025-09-12T20:22:58+00:00", "2025-09-12T20:33:55+00:00", "2025-09-12T20:45:31+00:00", "2025-09-12T20:52:44+00:00", "2025-09-12T21:01:32+00:00", "2025-09-12T21:14:13+00:00", "2025-09-12T21:25:02+00:00", "2025-09-12T21:32:23+00:00", "2025-09-12T21:40:24+00:00", "2025-09-12T21:50:25+00:00", "2025-09-12T22:00:52+00:00", "2025-09-12T22:11:17+00:00", "2025-09-12T22:20:14+00:00", "2025-09-12T22:30:47+00:00", "2025-09-12T22:40:07+00:00", "2025-09-12T22:45:35+00:00", "2025-09-12T22:57:21+00:00", "2025-09-12T23:08:09+00:00", "2025-09-12T23:15:14+00:00", "2025-09-12T23:22:43+00:00", "2025-09-12T23:28:51+00:00", "2025-09-12T23:39:49+00:00", "2025-09-12T23:47:49+00:00", "2025-09-12T23:55:50+00:00", "2025-09-13T00:03:35+00:00", "2025-09-13T00:10:15+00:00", "2025-09-13T00:26:04+00:00", "2025-09-13T00:36:06+00:00", "2025-09-13T00:40:20+00:00", "2025-09-13T00:50:30+00:00", "2025-09-13T01:00:21+00:00", "2025-09-13T01:30:08+00:00", "2025-09-13T01:40:10+00:00", "2025-09-13T01:48:34+00:00", "2025-09-13T01:56:58+00:00", "2025-09-13T02:03:20+00:00", "2025-09-13T02:17:13+00:00", "2025-09-13T02:27:46+00:00", "2025-09-13T02:35:40+00:00", "2025-09-13T02:45:25+00:00", "2025-09-13T02:56:46+00:00", "2025-09-13T03:06:41+00:00", "2025-09-13T03:16:50+00:00", "2025-09-13T03:23:47+00:00", "2025-09-13T03:31:24+00:00", "2025-09-13T03:39:28+00:00", "2025-09-13T03:47:29+00:00", "2025-09-13T03:55:38+00:00", "2025-09-13T04:05:22+00:00", "2025-09-13T04:12:34+00:00", "2025-09-13T04:25:59+00:00", "2025-09-13T04:39:24+00:00", "2025-09-13T04:47:50+00:00", "2025-09-13T04:52:30+00:00", "2025-09-13T05:01:27+00:00", "2025-09-13T05:13:35+00:00", "2025-09-13T05:20:35+00:00", "2025-09-13T05:29:33+00:00", "2025-09-13T05:37:17+00:00", "2025-09-13T05:43:10+00:00", "2025-09-13T05:49:42+00:00", "2025-09-13T06:00:20+00:00", "2025-09-13T06:26:10+00:00", "2025-09-13T06:55:36+00:00", "2025-09-13T07:04:26+00:00", "2025-09-13T07:08:52+00:00", "2025-09-13T07:34:53+00:00", "2025-09-13T07:42:27+00:00", "2025-09-13T07:48:41+00:00", "2025-09-13T07:57:52+00:00", "2025-09-13T08:07:30+00:00", "2025-09-13T08:13:31+00:00", "2025-09-13T08:23:18+00:00", "2025-09-13T08:35:45+00:00", "2025-09-13T08:42:58+00:00", "2025-09-13T08:51:00+00:00", "2025-09-13T08:58:45+00:00", "2025-09-13T09:09:04+00:00", "2025-09-13T09:19:38+00:00", "2025-09-13T09:28:03+00:00", "2025-09-13T09:38:21+00:00", "2025-09-13T09:44:55+00:00", "2025-09-13T09:52:07+00:00", "2025-09-13T09:57:29+00:00", "2025-09-13T10:03:29+00:00", "2025-09-13T10:11:14+00:00", "2025-09-13T10:17:48+00:00", "2025-09-13T10:26:38+00:00", "2025-09-13T10:35:11+00:00", "2025-09-13T10:44:25+00:00", "2025-09-13T10:55:16+00:00", "2025-09-13T11:02:21+00:00", "2025-09-13T11:08:23+00:00", "2025-09-13T11:16:33+00:00", "2025-09-13T11:27:07+00:00", "2025-09-13T11:35:57+00:00", "2025-09-13T11:47:59+00:00", "2025-09-13T11:56:01+00:00", "2025-09-13T12:06:35+00:00", "2025-09-13T12:14:20+00:00", "2025-09-13T12:25:52+00:00", "2025-09-13T12:36:10+00:00", "2025-09-13T12:45:31+00:00", "2025-09-13T12:53:01+00:00", "2025-09-13T13:03:27+00:00", "2025-09-13T13:10:27+00:00", "2025-09-13T13:16:52+00:00", "2025-09-13T13:23:32+00:00", "2025-09-13T13:31:32+00:00", "2025-09-13T13:40:37+00:00", "2025-09-13T13:49:33+00:00", "2025-09-13T13:57:34+00:00", "2025-09-13T14:08:38+00:00", "2025-09-13T14:15:50+00:00", "2025-09-13T14:22:23+00:00", "2025-09-13T14:33:19+00:00", "2025-09-13T14:41:20+00:00", "2025-09-13T14:50:17+00:00", "2025-09-13T14:59:05+00:00", "2025-09-13T15:04:34+00:00", "2025-09-13T15:16:06+00:00", "2025-09-13T15:26:38+00:00", "2025-09-13T15:35:59+00:00", "2025-09-13T15:43:43+00:00", "2025-09-13T15:52:08+00:00", "2025-09-13T16:02:56+00:00", "2025-09-13T17:25:18+00:00", "2025-09-13T17:32:47+00:00", "2025-09-13T17:43:17+00:00", "2025-09-13T17:50:28+00:00", "2025-09-13T17:54:04+00:00", "2025-09-13T18:02:00+00:00", "2025-09-13T18:07:14+00:00", "2025-09-13T18:11:39+00:00", "2025-09-13T18:19:10+00:00", "2025-09-13T18:28:03+00:00", "2025-09-13T18:37:16+00:00", "2025-09-13T18:43:37+00:00", "2025-09-13T18:55:15+00:00", "2025-09-13T19:06:51+00:00", "2025-09-13T19:13:53+00:00", "2025-09-13T19:23:48+00:00", "2025-09-13T19:29:45+00:00", "2025-09-13T19:44:20+00:00", "2025-09-13T19:53:59+00:00", "2025-09-13T20:14:36+00:00", "2025-09-13T20:24:21+00:00", "2025-09-13T20:34:48+00:00", "2025-09-13T20:45:14+00:00", "2025-09-13T20:53:50+00:00", "2025-09-13T20:59:42+00:00", "2025-09-13T21:10:57+00:00", "2025-09-13T21:28:26+00:00", "2025-09-13T21:40:59+00:00", "2025-09-13T21:48:29+00:00", "2025-09-13T21:59:20+00:00", "2025-09-13T22:09:48+00:00", "2025-09-13T22:23:56+00:00", "2025-09-13T22:38:38+00:00", "2025-09-13T22:52:15+00:00", "2025-09-13T23:07:52+00:00", "2025-09-13T23:20:17+00:00", "2025-09-13T23:33:45+00:00", "2025-09-13T23:43:12+00:00", "2025-09-13T23:54:57+00:00", "2025-09-14T00:05:48+00:00", "2025-09-14T00:16:06+00:00", "2025-09-14T00:41:21+00:00", "2025-09-14T00:53:33+00:00", "2025-09-14T01:00:48+00:00", "2025-09-14T01:08:03+00:00", "2025-09-14T01:16:43+00:00", "2025-09-14T01:25:56+00:00", "2025-09-14T01:35:56+00:00", "2025-09-14T01:43:41+00:00", "2025-09-14T01:49:33+00:00", "2025-09-14T02:02:28+00:00", "2025-09-14T02:13:06+00:00", "2025-09-14T02:20:04+00:00", "2025-09-14T02:30:34+00:00", "2025-09-14T02:37:16+00:00", "2025-09-14T02:41:20+00:00", "2025-09-14T02:47:19+00:00", "2025-09-14T03:00:32+00:00", "2025-09-14T03:03:53+00:00", "2025-09-14T03:21:29+00:00", "2025-09-14T03:30:26+00:00", "2025-09-14T03:44:23+00:00", "2025-09-14T03:53:59+00:00", "2025-09-14T04:06:57+00:00", "2025-09-14T04:20:10+00:00", "2025-09-14T04:32:43+00:00", "2025-09-14T04:45:32+00:00", "2025-09-14T05:00:17+00:00", "2025-09-14T05:18:02+00:00", "2025-09-14T05:30:35+00:00", "2025-09-14T05:44:12+00:00", "2025-09-14T05:56:48+00:00", "2025-09-14T06:06:25+00:00", "2025-09-14T06:15:05+00:00", "2025-09-14T06:24:49+00:00", "2025-09-14T06:37:23+00:00", "2025-09-14T06:53:04+00:00", "2025-09-14T07:04:19+00:00", "2025-09-14T07:14:33+00:00", "2025-09-14T07:31:41+00:00", "2025-09-14T07:45:52+00:00", "2025-09-14T08:01:00+00:00", "2025-09-14T08:17:54+00:00", "2025-09-14T08:28:17+00:00", "2025-09-14T08:37:05+00:00", "2025-09-14T08:41:39+00:00", "2025-09-14T08:58:12+00:00", "2025-09-14T09:07:48+00:00", "2025-09-14T09:16:13+00:00", "2025-09-14T09:21:42+00:00", "2025-09-14T09:30:22+00:00", "2025-09-14T09:38:06+00:00", "2025-09-14T09:45:11+00:00", "2025-09-14T09:51:19+00:00", "2025-09-14T09:58:08+00:00", "2025-09-14T10:07:20+00:00", "2025-09-14T10:15:21+00:00", "2025-09-14T10:21:14+00:00", "2025-09-14T10:27:14+00:00", "2025-09-14T10:37:46+00:00", "2025-09-14T10:43:23+00:00", "2025-09-14T10:50:11+00:00", "2025-09-14T10:55:08+00:00", "2025-09-14T10:59:56+00:00", "2025-09-14T11:06:04+00:00", "2025-09-14T11:14:29+00:00", "2025-09-14T11:25:42+00:00", "2025-09-14T11:33:50+00:00", "2025-09-14T11:41:11+00:00", "2025-09-14T11:48:47+00:00", "2025-09-14T11:55:52+00:00", "2025-09-14T12:00:48+00:00", "2025-09-14T12:08:09+00:00", "2025-09-14T12:16:49+00:00", "2025-09-14T12:23:38+00:00", "2025-09-14T12:28:26+00:00", "2025-09-14T12:32:42+00:00", "2025-09-14T12:37:46+00:00", "2025-09-14T12:42:35+00:00", "2025-09-14T12:49:24+00:00", "2025-09-14T12:54:28+00:00", "2025-09-14T13:00:44+00:00", "2025-09-14T13:05:36+00:00", "2025-09-14T13:13:05+00:00", "2025-09-14T13:18:09+00:00", "2025-09-14T13:22:10+00:00", "2025-09-14T13:27:41+00:00", "2025-09-14T13:35:27+00:00", "2025-09-14T13:41:12+00:00", "2025-09-14T13:46:10+00:00", "2025-09-14T13:50:11+00:00", "2025-09-14T14:02:36+00:00", "2025-09-14T14:14:13+00:00", "2025-09-14T14:52:15+00:00", "2025-09-14T15:13:21+00:00", "2025-09-14T15:46:50+00:00", "2025-09-14T16:08:27+00:00", "2025-09-14T16:33:57+00:00", "2025-09-14T16:56:46+00:00", "2025-09-14T17:17:19+00:00", "2025-09-14T17:42:49+00:00", "2025-09-14T18:09:14+00:00", "2025-09-14T18:44:32+00:00", "2025-09-14T19:17:07+00:00", "2025-09-14T19:37:52+00:00", "2025-09-14T20:09:16+00:00", "2025-09-14T20:50:10+00:00", "2025-09-14T21:09:39+00:00", "2025-09-14T21:27:45+00:00", "2025-09-14T21:59:15+00:00", "2025-09-14T22:34:25+00:00", "2025-09-14T23:01:00+00:00", "2025-09-14T23:30:22+00:00", "2025-09-15T00:02:08+00:00", "2025-09-15T00:14:09+00:00", "2025-09-15T00:27:35+00:00", "2025-09-15T00:37:33+00:00", "2025-09-15T00:51:02+00:00", "2025-09-15T01:01:13+00:00", "2025-09-15T01:10:23+00:00", "2025-09-15T01:17:20+00:00", "2025-09-15T01:24:05+00:00", "2025-09-15T01:33:36+00:00", "2025-09-15T01:43:05+00:00", "2025-09-15T01:51:22+00:00", "2025-09-15T02:13:14+00:00", "2025-09-15T02:27:07+00:00", "2025-09-15T02:43:16+00:00", "2025-09-15T02:53:16+00:00", "2025-09-15T03:00:37+00:00", "2025-09-15T03:12:14+00:00", "2025-09-15T03:20:48+00:00", "2025-09-15T03:31:20+00:00", "2025-09-15T03:44:17+00:00", "2025-09-15T03:57:15+00:00", "2025-09-15T04:08:43+00:00", "2025-09-15T04:18:36+00:00", "2025-09-15T04:28:21+00:00", "2025-09-15T04:40:30+00:00", "2025-09-15T05:02:20+00:00", "2025-09-15T05:15:19+00:00", "2025-09-15T05:29:06+00:00", "2025-09-15T05:45:16+00:00", "2025-09-15T06:00:47+00:00", "2025-09-15T06:09:18+00:00", "2025-09-15T06:22:55+00:00", "2025-09-15T06:34:35+00:00", "2025-09-15T07:00:02+00:00", "2025-09-15T07:17:29+00:00", "2025-09-15T07:30:10+00:00", "2025-09-15T07:40:03+00:00", "2025-09-15T07:52:35+00:00", "2025-09-15T08:03:40+00:00", "2025-09-15T08:20:45+00:00", "2025-09-15T08:34:43+00:00", "2025-09-15T08:44:21+00:00", "2025-09-15T08:55:49+00:00", "2025-09-15T09:05:02+00:00", "2025-09-15T09:16:15+00:00", "2025-09-15T09:32:23+00:00", "2025-09-15T09:43:21+00:00", "2025-09-15T09:55:13+00:00", "2025-09-15T10:12:35+00:00", "2025-09-15T10:25:49+00:00", "2025-09-15T10:36:42+00:00", "2025-09-15T10:47:51+00:00", "2025-09-15T10:56:55+00:00", "2025-09-15T11:08:08+00:00", "2025-09-15T11:32:09+00:00", "2025-09-15T11:49:14+00:00", "2025-09-15T12:00:26+00:00", "2025-09-15T12:15:47+00:00", "2025-09-15T12:31:00+00:00", "2025-09-15T12:45:32+00:00", "2025-09-15T13:01:01+00:00", "2025-09-15T13:14:22+00:00", "2025-09-15T13:26:30+00:00", "2025-09-15T13:36:31+00:00", "2025-09-15T13:52:48+00:00", "2025-09-15T14:07:05+00:00", "2025-09-15T14:24:34+00:00", "2025-09-15T14:39:22+00:00", "2025-09-15T14:50:44+00:00", "2025-09-15T15:04:20+00:00", "2025-09-15T15:17:33+00:00", "2025-09-15T15:30:31+00:00", "2025-09-15T15:41:36+00:00", "2025-09-15T15:55:53+00:00", "2025-09-15T16:04:17+00:00", "2025-09-15T16:13:21+00:00", "2025-09-15T16:23:56+00:00", "2025-09-15T16:31:18+00:00", "2025-09-15T16:42:43+00:00", "2025-09-15T16:55:31+00:00", "2025-09-15T17:12:05+00:00", "2025-09-15T17:22:15+00:00", "2025-09-15T17:38:49+00:00", "2025-09-15T17:53:29+00:00", "2025-09-15T18:03:57+00:00", "2025-09-15T18:15:44+00:00", "2025-09-15T18:37:40+00:00", "2025-09-15T18:56:13+00:00", "2025-09-15T19:17:34+00:00", "2025-09-15T19:33:37+00:00", "2025-09-15T19:59:56+00:00", "2025-09-15T20:27:22+00:00", "2025-09-15T20:52:51+00:00", "2025-09-15T21:21:33+00:00", "2025-09-15T21:37:19+00:00", "2025-09-15T22:10:04+00:00", "2025-09-15T22:38:05+00:00", "2025-09-15T23:01:55+00:00", "2025-09-15T23:23:56+00:00", "2025-09-15T23:58:15+00:00", "2025-09-16T01:13:34+00:00", "2025-09-16T02:26:28+00:00", "2025-09-16T03:11:13+00:00", "2025-09-16T03:43:10+00:00", "2025-09-16T04:31:51+00:00", "2025-09-16T04:50:31+00:00", "2025-09-16T05:26:52+00:00", "2025-09-16T06:45:44+00:00", "2025-09-16T07:22:12+00:00", "2025-09-16T08:03:27+00:00", "2025-09-16T08:34:49+00:00", "2025-09-16T09:14:34+00:00", "2025-09-16T10:03:28+00:00", "2025-09-16T10:57:09+00:00", "2025-09-16T11:35:10+00:00", "2025-09-16T12:03:52+00:00", "2025-09-16T13:01:10+00:00", "2025-09-16T13:40:40+00:00", "2025-09-16T14:19:38+00:00", "2025-09-16T14:42:28+00:00", "2025-09-16T15:06:45+00:00", "2025-09-16T15:28:54+00:00", "2025-09-16T16:03:28+00:00", "2025-09-16T16:24:42+00:00", "2025-09-16T16:40:34+00:00", "2025-09-16T17:05:07+00:00", "2025-09-16T17:31:11+00:00", "2025-09-16T18:06:25+00:00", "2025-09-16T18:37:55+00:00", "2025-09-16T19:11:26+00:00", "2025-09-16T19:32:11+00:00", "2025-09-16T20:01:35+00:00", "2025-09-16T20:47:05+00:00", "2025-09-16T21:02:10+00:00", "2025-09-16T21:15:16+00:00", "2025-09-16T21:32:29+00:00", "2025-09-16T21:39:52+00:00", "2025-09-16T21:56:42+00:00", "2025-09-16T22:06:58+00:00", "2025-09-16T22:30:30+00:00", "2025-09-16T22:53:10+00:00", "2025-09-16T23:12:00+00:00", "2025-09-16T23:34:27+00:00", "2025-09-16T23:51:48+00:00", "2025-09-17T00:13:09+00:00", "2025-09-17T00:42:24+00:00", "2025-09-17T01:06:13+00:00", "2025-09-17T01:31:03+00:00", "2025-09-17T02:10:14+00:00", "2025-09-17T02:47:52+00:00", "2025-09-17T03:21:05+00:00", "2025-09-17T03:47:16+00:00", "2025-09-17T04:31:44+00:00", "2025-09-17T04:54:52+00:00", "2025-09-17T04:59:51+00:00", "2025-09-17T05:30:27+00:00", "2025-09-17T05:54:14+00:00", "2025-09-17T06:35:38+00:00", "2025-09-17T07:02:34+00:00", "2025-09-17T07:43:34+00:00", "2025-09-17T07:58:07+00:00", "2025-09-17T08:24:32+00:00", "2025-09-17T08:53:16+00:00", "2025-09-17T09:33:10+00:00", "2025-09-17T10:01:45+00:00", "2025-09-17T10:24:10+00:00", "2025-09-17T10:53:41+00:00", "2025-09-17T11:16:06+00:00", "2025-09-17T11:52:15+00:00", "2025-09-17T12:18:09+00:00", "2025-09-17T12:58:19+00:00", "2025-09-17T13:25:41+00:00", "2025-09-17T14:05:11+00:00", "2025-09-17T14:35:05+00:00", "2025-09-17T15:01:46+00:00", "2025-09-17T15:34:44+00:00", "2025-09-17T16:11:37+00:00", "2025-09-17T16:51:33+00:00", "2025-09-17T17:17:52+00:00", "2025-09-17T17:56:28+00:00", "2025-09-17T18:03:49+00:00", "2025-09-17T18:14:55+00:00", "2025-09-17T18:23:41+00:00", "2025-09-17T18:29:44+00:00", "2025-09-17T18:37:04+00:00", "2025-09-17T18:47:39+00:00", "2025-09-17T18:55:37+00:00", "2025-09-17T19:05:54+00:00", "2025-09-17T19:15:42+00:00", "2025-09-17T19:24:35+00:00", "2025-09-17T19:43:49+00:00", "2025-09-17T19:52:46+00:00", "2025-09-17T20:00:15+00:00", "2025-09-17T20:07:43+00:00", "2025-09-17T20:18:48+00:00", "2025-09-17T20:27:54+00:00", "2025-09-17T20:35:54+00:00", "2025-09-17T20:40:59+00:00", "2025-09-17T20:46:51+00:00", "2025-09-17T20:57:48+00:00", "2025-09-17T21:03:40+00:00", "2025-09-17T21:09:33+00:00", "2025-09-17T21:21:10+00:00", "2025-09-17T21:29:51+00:00", "2025-09-17T21:38:16+00:00", "2025-09-17T21:45:12+00:00", "2025-09-17T21:52:49+00:00", "2025-09-17T21:58:09+00:00", "2025-09-17T22:05:13+00:00", "2025-09-17T22:11:31+00:00", "2025-09-17T22:20:03+00:00", "2025-09-17T22:25:40+00:00", "2025-09-17T22:34:06+00:00", "2025-09-17T22:40:07+00:00", "2025-09-17T22:46:39+00:00", "2025-09-17T22:52:00+00:00", "2025-09-17T22:59:21+00:00", "2025-09-17T23:07:54+00:00", "2025-09-17T23:13:06+00:00", "2025-09-17T23:19:07+00:00", "2025-09-17T23:25:00+00:00", "2025-09-17T23:30:53+00:00", "2025-09-17T23:36:38+00:00", "2025-09-17T23:41:47+00:00", "2025-09-17T23:45:03+00:00", "2025-09-17T23:51:34+00:00", "2025-09-17T23:56:31+00:00", "2025-09-18T00:02:56+00:00", "2025-09-18T00:08:50+00:00", "2025-09-18T00:15:00+00:00", "2025-09-18T00:25:49+00:00", "2025-09-18T00:32:47+00:00", "2025-09-18T00:45:06+00:00", "2025-09-18T00:51:30+00:00", "2025-09-18T00:58:19+00:00", "2025-09-18T01:04:04+00:00", "2025-09-18T01:10:04+00:00", "2025-09-18T01:21:02+00:00", "2025-09-18T01:26:30+00:00", "2025-09-18T01:31:03+00:00", "2025-09-18T01:37:20+00:00", "2025-09-18T01:42:49+00:00", "2025-09-18T01:51:31+00:00", "2025-09-18T01:59:56+00:00", "2025-09-18T02:05:50+00:00", "2025-09-18T02:17:20+00:00", "2025-09-18T02:23:24+00:00", "2025-09-18T02:32:21+00:00", "2025-09-18T02:37:57+00:00", "2025-09-18T02:46:47+00:00", "2025-09-18T02:54:42+00:00", "2025-09-18T03:08:55+00:00", "2025-09-18T03:20:07+00:00", "2025-09-18T03:43:45+00:00", "2025-09-18T03:55:30+00:00", "2025-09-18T04:04:35+00:00", "2025-09-18T04:16:59+00:00", "2025-09-18T04:35:22+00:00", "2025-09-18T04:49:53+00:00", "2025-09-18T05:06:09+00:00", "2025-09-18T05:23:22+00:00", "2025-09-18T05:30:17+00:00", "2025-09-18T05:48:02+00:00", "2025-09-18T06:19:30+00:00", "2025-09-18T06:32:21+00:00", "2025-09-18T06:51:03+00:00", "2025-09-18T07:00:22+00:00", "2025-09-18T07:24:28+00:00", "2025-09-18T07:49:33+00:00", "2025-09-18T08:10:30+00:00", "2025-09-18T08:29:27+00:00", "2025-09-18T08:51:04+00:00", "2025-09-18T09:13:38+00:00", "2025-09-18T09:30:35+00:00", "2025-09-18T09:46:36+00:00", "2025-09-18T10:08:21+00:00", "2025-09-18T10:32:07+00:00", "2025-09-18T10:57:04+00:00", "2025-09-18T11:15:21+00:00", "2025-09-18T11:27:30+00:00", "2025-09-18T11:37:55+00:00", "2025-09-18T11:56:44+00:00", "2025-09-18T12:14:21+00:00", "2025-09-18T12:26:06+00:00", "2025-09-18T12:44:15+00:00", "2025-09-18T13:24:09+00:00", "2025-09-18T13:51:31+00:00", "2025-09-18T14:00:03+00:00", "2025-09-18T14:14:12+00:00", "2025-09-18T14:28:13+00:00", "2025-09-18T14:44:22+00:00", "2025-09-18T15:00:55+00:00", "2025-09-18T15:11:13+00:00", "2025-09-18T15:27:31+00:00", "2025-09-18T15:44:47+00:00", "2025-09-18T15:57:12+00:00", "2025-09-18T16:06:32+00:00", "2025-09-18T16:22:33+00:00", "2025-09-18T16:35:32+00:00", "2025-09-18T16:52:01+00:00", "2025-09-18T17:09:52+00:00", "2025-09-18T17:21:06+00:00", "2025-09-18T17:37:13+00:00", "2025-09-18T17:47:40+00:00", "2025-09-18T18:03:38+00:00", "2025-09-18T18:17:39+00:00", "2025-09-18T18:41:08+00:00", "2025-09-18T18:54:05+00:00", "2025-09-18T19:03:50+00:00", "2025-09-18T19:24:15+00:00", "2025-09-18T19:36:56+00:00", "2025-09-18T19:46:49+00:00", "2025-09-18T20:00:17+00:00", "2025-09-18T20:13:30+00:00", "2025-09-18T20:31:15+00:00", "2025-09-18T20:47:08+00:00", "2025-09-18T21:00:21+00:00", "2025-09-18T21:06:46+00:00", "2025-09-18T21:19:02+00:00", "2025-09-18T21:28:23+00:00", "2025-09-18T21:40:33+00:00", "2025-09-18T21:56:27+00:00", "2025-09-18T22:08:43+00:00", "2025-09-18T22:15:16+00:00", "2025-09-18T22:33:17+00:00", "2025-09-18T22:39:01+00:00", "2025-09-18T22:52:38+00:00", "2025-09-18T23:12:54+00:00", "2025-09-18T23:27:17+00:00", "2025-09-18T23:47:55+00:00", "2025-09-19T00:09:14+00:00", "2025-09-19T00:17:39+00:00", "2025-09-19T00:29:56+00:00", "2025-09-19T00:41:25+00:00", "2025-09-19T00:48:45+00:00", "2025-09-19T00:57:49+00:00", "2025-09-19T01:10:03+00:00", "2025-09-19T01:35:36+00:00", "2025-09-19T01:44:37+00:00", "2025-09-19T01:56:43+00:00", "2025-09-19T02:07:38+00:00", "2025-09-19T02:18:18+00:00", "2025-09-19T02:36:13+00:00", "2025-09-19T02:48:07+00:00", "2025-09-19T03:06:52+00:00", "2025-09-19T03:17:30+00:00", "2025-09-19T03:26:01+00:00", "2025-09-19T03:38:16+00:00", "2025-09-19T03:57:24+00:00", "2025-09-19T04:06:49+00:00", "2025-09-19T04:18:23+00:00", "2025-09-19T04:25:13+00:00", "2025-09-19T04:39:28+00:00", "2025-09-19T04:52:38+00:00", "2025-09-19T05:03:26+00:00", "2025-09-19T05:17:07+00:00", "2025-09-19T05:33:11+00:00", "2025-09-19T05:48:03+00:00", "2025-09-19T05:59:01+00:00", "2025-09-19T06:16:03+00:00", "2025-09-19T06:23:45+00:00", "2025-09-19T06:36:37+00:00", "2025-09-19T06:51:03+00:00", "2025-09-19T07:12:51+00:00", "2025-09-19T07:31:31+00:00", "2025-09-19T07:45:03+00:00", "2025-09-19T07:57:46+00:00", "2025-09-19T08:14:15+00:00", "2025-09-19T08:53:52+00:00", "2025-09-19T09:19:15+00:00", "2025-09-19T09:31:07+00:00", "2025-09-19T09:44:20+00:00", "2025-09-19T09:57:17+00:00", "2025-09-19T10:12:22+00:00", "2025-09-19T10:22:47+00:00", "2025-09-19T10:43:52+00:00", "2025-09-19T10:55:21+00:00", "2025-09-19T11:12:25+00:00", "2025-09-19T11:21:54+00:00", "2025-09-19T11:39:23+00:00", "2025-09-19T11:55:40+00:00", "2025-09-19T12:10:13+00:00", "2025-09-19T12:23:18+00:00", "2025-09-19T12:37:18+00:00", "2025-09-19T12:52:31+00:00", "2025-09-19T13:07:20+00:00", "2025-09-19T13:26:09+00:00", "2025-09-19T13:56:43+00:00", "2025-09-19T14:22:44+00:00", "2025-09-19T14:34:21+00:00", "2025-09-19T14:42:46+00:00", "2025-09-19T14:55:42+00:00", "2025-09-19T15:03:27+00:00", "2025-09-19T15:19:51+00:00", "2025-09-19T15:32:24+00:00", "2025-09-19T15:42:17+00:00", "2025-09-19T16:10:27+00:00", "2025-09-19T16:27:47+00:00", "2025-09-19T16:42:37+00:00", "2025-09-19T17:04:22+00:00", "2025-09-19T17:24:24+00:00", "2025-09-19T17:47:05+00:00", "2025-09-19T18:29:41+00:00", "2025-09-19T18:43:08+00:00", "2025-09-19T18:53:29+00:00", "2025-09-19T19:10:03+00:00", "2025-09-19T19:23:55+00:00", "2025-09-19T19:46:44+00:00", "2025-09-19T20:12:40+00:00", "2025-09-19T20:35:13+00:00", "2025-09-19T21:02:52+00:00", "2025-09-19T21:22:41+00:00", "2025-09-19T21:41:25+00:00", "2025-09-19T21:54:10+00:00", "2025-09-19T22:07:39+00:00", "2025-09-19T22:20:26+00:00", "2025-09-19T22:31:57+00:00", "2025-09-19T22:50:31+00:00", "2025-09-19T23:05:20+00:00", "2025-09-19T23:17:12+00:00", "2025-09-19T23:26:57+00:00", "2025-09-19T23:49:24+00:00", "2025-09-20T00:02:13+00:00", "2025-09-20T00:13:46+00:00", "2025-09-20T00:32:02+00:00", "2025-09-20T00:37:56+00:00", "2025-09-20T00:50:33+00:00", "2025-09-20T01:01:23+00:00", "2025-09-20T01:24:51+00:00", "2025-09-20T01:45:15+00:00", "2025-09-20T01:52:45+00:00", "2025-09-20T02:09:19+00:00", "2025-09-20T02:19:45+00:00", "2025-09-20T02:35:19+00:00", "2025-09-20T02:48:57+00:00", "2025-09-20T02:58:19+00:00", "2025-09-20T03:09:50+00:00", "2025-09-20T03:20:24+00:00", "2025-09-20T03:55:27+00:00", "2025-09-20T04:25:24+00:00", "2025-09-20T04:45:25+00:00", "2025-09-20T05:22:29+00:00", "2025-09-20T05:49:27+00:00", "2025-09-20T06:18:00+00:00", "2025-09-20T06:43:55+00:00", "2025-09-20T07:20:28+00:00", "2025-09-20T07:43:18+00:00", "2025-09-20T08:07:08+00:00", "2025-09-20T08:43:20+00:00", "2025-09-20T09:01:53+00:00", "2025-09-20T09:34:04+00:00", "2025-09-20T09:53:18+00:00", "2025-09-20T10:44:50+00:00", "2025-09-20T11:39:01+00:00", "2025-09-20T12:17:31+00:00", "2025-09-20T12:46:54+00:00", "2025-09-20T13:19:22+00:00", "2025-09-20T14:13:26+00:00", "2025-09-20T14:38:20+00:00", "2025-09-20T15:11:06+00:00", "2025-09-20T15:47:57+00:00", "2025-09-20T16:15:18+00:00", "2025-09-20T16:35:15+00:00", "2025-09-20T16:52:07+00:00", "2025-09-20T17:25:45+00:00", "2025-09-20T18:02:40+00:00", "2025-09-20T18:24:37+00:00", "2025-09-20T18:46:58+00:00", "2025-09-20T19:18:05+00:00", "2025-09-20T19:32:54+00:00", "2025-09-20T19:41:03+00:00", "2025-09-20T19:49:04+00:00", "2025-09-20T20:02:09+00:00", "2025-09-20T20:11:04+00:00", "2025-09-20T20:21:52+00:00", "2025-09-20T20:34:33+00:00", "2025-09-20T20:46:02+00:00", "2025-09-20T21:03:47+00:00", "2025-09-20T21:15:19+00:00", "2025-09-20T21:24:40+00:00", "2025-09-20T21:36:34+00:00", "2025-09-20T21:50:06+00:00", "2025-09-20T22:02:48+00:00", "2025-09-20T22:14:57+00:00", "2025-09-20T22:22:35+00:00", "2025-09-20T22:38:06+00:00", "2025-09-20T22:48:38+00:00", "2025-09-20T23:10:37+00:00", "2025-09-20T23:23:07+00:00", "2025-09-20T23:37:48+00:00", "2025-09-20T23:58:06+00:00", "2025-09-21T00:07:27+00:00", "2025-09-21T00:18:00+00:00", "2025-09-21T00:25:28+00:00", "2025-09-21T00:36:41+00:00", "2025-09-21T00:49:30+00:00", "2025-09-21T00:57:31+00:00", "2025-09-21T01:05:56+00:00", "2025-09-21T01:17:20+00:00", "2025-09-21T01:26:16+00:00", "2025-09-21T01:33:30+00:00", "2025-09-21T01:42:11+00:00", "2025-09-21T01:57:15+00:00", "2025-09-21T02:09:08+00:00", "2025-09-21T02:20:05+00:00", "2025-09-21T02:28:14+00:00", "2025-09-21T02:40:40+00:00", "2025-09-21T02:50:51+00:00", "2025-09-21T02:57:48+00:00", "2025-09-21T03:09:50+00:00", "2025-09-21T03:22:00+00:00", "2025-09-21T03:34:05+00:00", "2025-09-21T03:42:54+00:00", "2025-09-21T03:54:06+00:00", "2025-09-21T04:05:52+00:00", "2025-09-21T04:20:17+00:00", "2025-09-21T04:28:22+00:00", "2025-09-21T04:45:08+00:00", "2025-09-21T04:55:12+00:00", "2025-09-21T05:06:32+00:00", "2025-09-21T05:19:19+00:00", "2025-09-21T05:33:29+00:00", "2025-09-21T06:04:23+00:00", "2025-09-21T06:17:22+00:00", "2025-09-21T06:28:49+00:00", "2025-09-21T06:37:59+00:00", "2025-09-21T06:50:19+00:00", "2025-09-21T07:03:57+00:00", "2025-09-21T07:13:26+00:00", "2025-09-21T07:27:54+00:00", "2025-09-21T07:39:20+00:00", "2025-09-21T07:53:22+00:00", "2025-09-21T08:05:23+00:00", "2025-09-21T08:15:39+00:00", "2025-09-21T08:22:43+00:00", "2025-09-21T08:35:57+00:00", "2025-09-21T08:47:02+00:00", "2025-09-21T08:55:34+00:00", "2025-09-21T09:05:12+00:00", "2025-09-21T09:15:37+00:00", "2025-09-21T09:28:58+00:00", "2025-09-21T09:36:02+00:00", "2025-09-21T09:45:47+00:00", "2025-09-21T09:56:04+00:00", "2025-09-21T10:09:01+00:00", "2025-09-21T10:19:58+00:00", "2025-09-21T10:33:44+00:00", "2025-09-21T10:44:40+00:00", "2025-09-21T10:51:06+00:00", "2025-09-21T11:02:44+00:00", "2025-09-21T11:12:53+00:00", "2025-09-21T11:27:19+00:00", "2025-09-21T11:39:14+00:00", "2025-09-21T11:49:54+00:00", "2025-09-21T12:01:02+00:00", "2025-09-21T12:12:07+00:00", "2025-09-21T12:24:18+00:00", "2025-09-21T12:31:40+00:00", "2025-09-21T12:41:17+00:00", "2025-09-21T12:57:13+00:00", "2025-09-21T13:08:44+00:00", "2025-09-21T13:18:31+00:00", "2025-09-21T13:31:24+00:00", "2025-09-21T13:48:42+00:00", "2025-09-21T13:56:13+00:00", "2025-09-21T14:08:34+00:00", "2025-09-21T14:17:10+00:00", "2025-09-21T14:35:49+00:00", "2025-09-21T14:52:27+00:00", "2025-09-21T15:06:01+00:00", "2025-09-21T15:15:48+00:00", "2025-09-21T15:26:48+00:00", "2025-09-21T15:40:13+00:00", "2025-09-21T15:51:45+00:00", "2025-09-21T16:08:48+00:00", "2025-09-21T16:26:22+00:00", "2025-09-21T16:43:16+00:00", "2025-09-21T16:58:25+00:00", "2025-09-21T17:09:41+00:00", "2025-09-21T17:26:34+00:00", "2025-09-21T17:41:49+00:00", "2025-09-21T17:53:26+00:00", "2025-09-21T18:06:07+00:00", "2025-09-21T18:20:47+00:00", "2025-09-21T18:31:12+00:00", "2025-09-21T18:42:24+00:00", "2025-09-21T18:49:06+00:00", "2025-09-21T18:58:10+00:00", "2025-09-21T19:06:45+00:00", "2025-09-21T19:14:23+00:00", "2025-09-21T19:20:15+00:00", "2025-09-21T19:31:48+00:00", "2025-09-21T19:48:01+00:00", "2025-09-21T19:57:35+00:00", "2025-09-21T20:08:00+00:00", "2025-09-21T20:18:35+00:00", "2025-09-21T20:26:51+00:00", "2025-09-21T20:33:52+00:00", "2025-09-21T20:45:34+00:00", "2025-09-21T20:56:17+00:00", "2025-09-21T21:04:15+00:00", "2025-09-21T21:14:54+00:00", "2025-09-21T21:22:26+00:00", "2025-09-21T21:36:05+00:00", "2025-09-21T21:47:18+00:00", "2025-09-21T21:57:20+00:00", "2025-09-21T22:07:41+00:00", "2025-09-21T22:17:26+00:00", "2025-09-21T22:31:59+00:00", "2025-09-21T22:41:45+00:00", "2025-09-21T22:51:30+00:00", "2025-09-21T23:01:17+00:00", "2025-09-21T23:16:21+00:00", "2025-09-21T23:26:28+00:00", "2025-09-21T23:40:34+00:00", "2025-09-21T23:54:45+00:00", "2025-09-22T00:04:14+00:00", "2025-09-22T00:15:26+00:00", "2025-09-22T00:27:03+00:00", "2025-09-22T00:36:16+00:00", "2025-09-22T00:48:56+00:00", "2025-09-22T00:58:06+00:00", "2025-09-22T01:02:22+00:00", "2025-09-22T01:12:41+00:00", "2025-09-22T01:22:12+00:00", "2025-09-22T01:32:27+00:00", "2025-09-22T01:44:24+00:00", "2025-09-22T01:57:44+00:00", "2025-09-22T02:11:42+00:00", "2025-09-22T02:26:40+00:00", "2025-09-22T02:36:05+00:00", "2025-09-22T02:50:14+00:00", "2025-09-22T03:03:16+00:00", "2025-09-22T03:17:19+00:00", "2025-09-22T03:27:39+00:00", "2025-09-22T03:35:57+00:00", "2025-09-22T03:45:45+00:00", "2025-09-22T03:55:32+00:00", "2025-09-22T04:09:35+00:00", "2025-09-22T04:17:01+00:00", "2025-09-22T04:24:04+00:00", "2025-09-22T04:34:08+00:00", "2025-09-22T04:39:43+00:00", "2025-09-22T04:46:46+00:00", "2025-09-22T05:00:15+00:00", "2025-09-22T05:07:54+00:00", "2025-09-22T05:15:31+00:00", "2025-09-22T05:28:21+00:00", "2025-09-22T05:35:44+00:00", "2025-09-22T05:45:44+00:00", "2025-09-22T05:54:05+00:00", "2025-09-22T06:00:59+00:00", "2025-09-22T06:11:32+00:00", "2025-09-22T06:17:00+00:00", "2025-09-22T06:22:46+00:00", "2025-09-22T06:50:12+00:00", "2025-09-22T06:55:54+00:00", "2025-09-22T06:59:53+00:00", "2025-09-22T07:07:51+00:00", "2025-09-22T07:31:20+00:00", "2025-09-22T07:36:40+00:00", "2025-09-22T07:41:05+00:00", "2025-09-22T07:46:09+00:00", "2025-09-22T07:52:01+00:00", "2025-09-22T07:56:34+00:00", "2025-09-22T08:03:14+00:00", "2025-09-22T08:07:22+00:00", "2025-09-22T08:12:26+00:00", "2025-09-22T08:19:23+00:00", "2025-09-22T08:23:28+00:00", "2025-09-22T08:29:44+00:00", "2025-09-22T08:36:57+00:00", "2025-09-22T08:42:49+00:00", "2025-09-22T08:49:21+00:00", "2025-09-22T08:56:34+00:00", "2025-09-22T09:02:11+00:00", "2025-09-22T09:08:42+00:00", "2025-09-22T09:13:54+00:00", "2025-09-22T09:18:29+00:00", "2025-09-22T09:23:50+00:00", "2025-09-22T09:35:27+00:00", "2025-09-22T09:45:53+00:00", "2025-09-22T09:54:01+00:00", "2025-09-22T10:02:58+00:00", "2025-09-22T10:10:02+00:00", "2025-09-22T10:18:19+00:00", "2025-09-22T10:27:23+00:00", "2025-09-22T10:37:08+00:00", "2025-09-22T10:45:40+00:00", "2025-09-22T10:51:49+00:00", "2025-09-22T10:58:53+00:00", "2025-09-22T11:07:25+00:00", "2025-09-22T11:15:18+00:00", "2025-09-22T11:21:58+00:00", "2025-09-22T11:29:42+00:00", "2025-09-22T11:37:27+00:00", "2025-09-22T11:44:40+00:00", "2025-09-22T11:50:32+00:00", "2025-09-22T11:56:57+00:00", "2025-09-22T12:01:45+00:00", "2025-09-22T12:10:34+00:00", "2025-09-22T12:18:51+00:00", "2025-09-22T12:24:35+00:00", "2025-09-22T12:33:55+00:00", "2025-09-22T12:44:28+00:00", "2025-09-22T12:49:56+00:00", "2025-09-22T12:59:49+00:00", "2025-09-22T13:08:38+00:00", "2025-09-22T13:16:22+00:00", "2025-09-22T13:28:07+00:00", "2025-09-22T13:36:00+00:00", "2025-09-22T13:44:56+00:00", "2025-09-22T13:51:05+00:00", "2025-09-22T13:57:53+00:00", "2025-09-22T14:03:22+00:00", "2025-09-22T14:12:19+00:00", "2025-09-22T14:21:07+00:00", "2025-09-22T14:30:12+00:00", "2025-09-22T14:37:17+00:00", "2025-09-22T14:47:41+00:00", "2025-09-22T14:56:46+00:00", "2025-09-22T15:01:58+00:00", "2025-09-22T15:08:24+00:00", "2025-09-22T15:14:26+00:00", "2025-09-22T15:22:03+00:00", "2025-09-22T15:29:23+00:00", "2025-09-22T15:34:52+00:00", "2025-09-22T15:41:24+00:00", "2025-09-22T15:56:37+00:00", "2025-09-22T16:03:36+00:00", "2025-09-22T16:15:29+00:00", "2025-09-22T16:25:30+00:00", "2025-09-22T16:35:31+00:00", "2025-09-22T16:44:52+00:00", "2025-09-22T16:55:48+00:00", "2025-09-22T17:09:17+00:00", "2025-09-22T17:19:26+00:00", "2025-09-22T17:30:38+00:00", "2025-09-22T17:35:58+00:00", "2025-09-22T17:46:12+00:00", "2025-09-22T18:01:17+00:00", "2025-09-22T18:11:48+00:00", "2025-09-22T18:19:16+00:00", "2025-09-22T18:26:13+00:00", "2025-09-22T18:38:06+00:00", "2025-09-22T18:47:02+00:00", "2025-09-22T18:58:55+00:00", "2025-09-22T19:10:31+00:00", "2025-09-22T19:25:36+00:00", "2025-09-22T19:51:54+00:00", "2025-09-22T20:05:30+00:00", "2025-09-22T20:14:12+00:00", "2025-09-22T20:21:49+00:00", "2025-09-22T20:27:41+00:00", "2025-09-22T20:35:17+00:00", "2025-09-22T20:54:15+00:00", "2025-09-22T21:06:48+00:00", "2025-09-22T21:22:41+00:00", "2025-09-22T21:30:18+00:00", "2025-09-22T21:38:37+00:00", "2025-09-22T21:52:47+00:00", "2025-09-22T21:57:33+00:00", "2025-09-22T22:12:28+00:00", "2025-09-22T22:41:10+00:00", "2025-09-22T22:52:50+00:00", "2025-09-22T23:04:44+00:00", "2025-09-22T23:11:41+00:00", "2025-09-22T23:24:48+00:00", "2025-09-22T23:36:26+00:00", "2025-09-22T23:54:06+00:00", "2025-09-23T00:18:05+00:00", "2025-09-23T00:32:15+00:00", "2025-09-23T00:51:46+00:00", "2025-09-23T01:03:46+00:00", "2025-09-23T01:12:50+00:00", "2025-09-23T01:20:35+00:00", "2025-09-23T01:28:56+00:00", "2025-09-23T01:39:08+00:00", "2025-09-23T01:48:03+00:00", "2025-09-23T02:05:48+00:00", "2025-09-23T02:18:06+00:00", "2025-09-23T02:30:10+00:00", "2025-09-23T02:39:48+00:00", "2025-09-23T02:48:29+00:00", "2025-09-23T02:56:45+00:00", "2025-09-23T03:11:27+00:00", "2025-09-23T03:20:33+00:00", "2025-09-23T03:32:35+00:00", "2025-09-23T03:41:17+00:00", "2025-09-23T03:51:35+00:00", "2025-09-23T04:02:57+00:00", "2025-09-23T04:09:38+00:00", "2025-09-23T04:33:10+00:00", "2025-09-23T04:46:39+00:00", "2025-09-23T04:56:17+00:00", "2025-09-23T05:05:14+00:00", "2025-09-23T05:15:56+00:00", "2025-09-23T05:25:17+00:00", "2025-09-23T05:36:07+00:00", "2025-09-23T05:46:17+00:00", "2025-09-23T05:53:54+00:00", "2025-09-23T05:58:59+00:00", "2025-09-23T06:08:20+00:00", "2025-09-23T06:16:42+00:00", "2025-09-23T06:25:15+00:00", "2025-09-23T06:37:41+00:00", "2025-09-23T06:51:27+00:00", "2025-09-23T07:03:13+00:00", "2025-09-23T07:16:43+00:00", "2025-09-23T07:30:55+00:00", "2025-09-23T07:57:06+00:00", "2025-09-23T08:40:11+00:00", "2025-09-23T08:54:34+00:00", "2025-09-23T09:16:57+00:00", "2025-09-23T10:09:50+00:00", "2025-09-23T10:40:17+00:00", "2025-09-23T11:17:00+00:00", "2025-09-23T11:54:22+00:00", "2025-09-23T12:19:28+00:00", "2025-09-23T13:21:47+00:00", "2025-09-23T13:36:13+00:00", "2025-09-23T13:48:41+00:00", "2025-09-23T14:06:15+00:00", "2025-09-23T14:18:32+00:00", "2025-09-23T14:28:57+00:00", "2025-09-23T14:39:30+00:00", "2025-09-23T14:54:27+00:00", "2025-09-23T15:05:40+00:00", "2025-09-23T15:23:02+00:00", "2025-09-23T15:39:52+00:00", "2025-09-23T15:54:04+00:00", "2025-09-23T16:45:57+00:00", "2025-09-23T17:12:46+00:00", "2025-09-23T17:34:17+00:00", "2025-09-23T17:47:37+00:00", "2025-09-23T18:00:19+00:00", "2025-09-23T18:14:13+00:00", "2025-09-23T18:24:46+00:00", "2025-09-23T18:42:22+00:00", "2025-09-23T18:58:07+00:00", "2025-09-23T19:24:17+00:00", "2025-09-23T19:49:40+00:00", "2025-09-23T20:25:01+00:00", "2025-09-23T20:41:53+00:00", "2025-09-23T21:22:49+00:00", "2025-09-23T22:37:15+00:00", "2025-09-23T23:24:42+00:00", "2025-09-23T23:51:40+00:00", "2025-09-24T00:10:33+00:00", "2025-09-24T00:33:24+00:00", "2025-09-24T01:06:30+00:00", "2025-09-24T01:30:45+00:00", "2025-09-24T02:31:14+00:00", "2025-09-24T02:48:29+00:00", "2025-09-24T02:57:45+00:00", "2025-09-24T03:20:37+00:00", "2025-09-24T03:47:52+00:00", "2025-09-24T04:01:54+00:00", "2025-09-24T04:27:10+00:00", "2025-09-24T04:42:38+00:00", "2025-09-24T05:03:32+00:00", "2025-09-24T05:15:26+00:00", "2025-09-24T05:31:13+00:00", "2025-09-24T06:17:01+00:00", "2025-09-24T06:39:58+00:00", "2025-09-24T07:04:04+00:00", "2025-09-24T07:35:38+00:00", "2025-09-24T08:11:00+00:00", "2025-09-24T08:35:01+00:00", "2025-09-24T08:55:18+00:00", "2025-09-24T09:31:45+00:00", "2025-09-24T10:01:47+00:00", "2025-09-24T10:51:49+00:00", "2025-09-24T11:27:19+00:00", "2025-09-24T12:14:26+00:00", "2025-09-24T12:35:31+00:00", "2025-09-24T12:48:26+00:00", "2025-09-24T13:06:38+00:00", "2025-09-24T13:45:44+00:00", "2025-09-24T14:00:33+00:00", "2025-09-24T14:31:24+00:00", "2025-09-24T14:39:55+00:00", "2025-09-24T15:01:37+00:00", "2025-09-24T15:26:08+00:00", "2025-09-24T15:43:14+00:00", "2025-09-24T16:17:15+00:00", "2025-09-24T16:35:51+00:00", "2025-09-24T16:44:12+00:00", "2025-09-24T16:58:35+00:00", "2025-09-24T17:26:37+00:00", "2025-09-24T17:42:46+00:00", "2025-09-24T18:08:25+00:00", "2025-09-24T18:19:47+00:00", "2025-09-24T18:28:37+00:00", "2025-09-24T18:36:54+00:00", "2025-09-24T18:52:58+00:00", "2025-09-24T19:03:13+00:00", "2025-09-24T19:25:46+00:00", "2025-09-24T19:31:26+00:00", "2025-09-24T19:41:44+00:00", "2025-09-24T19:54:57+00:00", "2025-09-24T20:04:42+00:00", "2025-09-24T20:11:14+00:00", "2025-09-24T20:21:32+00:00", "2025-09-24T20:33:48+00:00", "2025-09-24T20:41:40+00:00", "2025-09-24T20:48:05+00:00", "2025-09-24T20:54:13+00:00", "2025-09-24T21:12:26+00:00", "2025-09-24T21:21:55+00:00", "2025-09-24T21:42:49+00:00", "2025-09-24T21:50:36+00:00", "2025-09-24T21:56:05+00:00", "2025-09-24T22:01:41+00:00", "2025-09-24T22:12:46+00:00", "2025-09-25T06:46:32+00:00", "2025-09-29T18:57:25+00:00", "2025-09-29T19:25:10+00:00", "2025-09-29T19:33:26+00:00", "2025-09-29T19:39:59+00:00", "2025-09-29T19:53:04+00:00", "2025-09-29T20:03:44+00:00", "2025-09-29T20:11:13+00:00", "2025-09-29T20:17:37+00:00", "2025-09-29T20:23:53+00:00", "2025-09-29T20:32:35+00:00", "2025-09-29T20:42:12+00:00", "2025-09-29T20:48:20+00:00", "2025-09-29T20:56:29+00:00", "2025-09-29T21:00:45+00:00", "2025-09-30T05:11:13+00:00"], "elevations": [null, null, null, null, null, null, null, null, null, null, null, null, null, null, null, null, null, null, null, null, null, null, null, null, null, null, null, null, null, null, null, null, null, null, null, null, null, null, null, null, null, null, null, null, null, null, null, null, null, null, null, null, null, null, null, null, null, null, null, null, null, null, null, null, null, null, null, null, null, null, null, null, null, null, null, null, null, null, null, null, null, null, null, null, null, null, null, null, null, null, null, null, null, null, null, null, null, null, null, null, null, null, null, null, null, null, null, null, null, null, null, null, null, null, null, null, null, null, null, null, null, null, null, null, null, null, null, null, null, null, null, null, null, null, null, null, null, null, null, null, null, null, null, null, null, null, null, null, null, null, null, null, null, null, null, null, null, null, null, null, null, null, null, null, null, null, null, null, null, null, null, null, null, null, null, null, null, null, null, null, null, null, null, null, null, null, null, null, null, null, null, null, null, null, null, null, null, null, null, null, null, null, null, null, null, null, null, null, null, null, null, null, null, null, null, null, null, null, null, null, null, null, null, null, null, null, null, null, null, null, null, null, null, null, null, null, null, null, null, null, null, null, null, null, null, null, null, null, null, null, null, null, null, null, null, null, null, null, null, null, null, null, null, null, null, null, null, null, null, null, null, null, null, null, null, null, null, null, null, null, null, null, null, null, null, null, null, null, null, null, null, null, null, null, null, null, null, null, null, null, null, null, null, null, null, null, null, null, null, null, null, null, null, null, null, null, null, null, null, null, null, null, null, null, null, null, null, null, null, null, null, null, null, null, null, null, null, null, null, null, null, null, null, null, null, null, null, null, null, null, null, null, null, null, null, null, null, null, null, null, null, null, null, null, null, null, null, null, null, null, null, null, null, null, null, null, null, null, null, null, null, null, null, null, null, null, null, null, null, null, null, null, null, null, null, null, null, null, null, null, null, null, null, null, null, null, null, null, null, null, null, null, null, null, null, null, null, null, null, null, null, null, null, null, null, null, null, null, null, null, null, null, null, null, null, null, null, null, null, null, null, null, null, null, null, null, null, null, null, null, null, null, null, null, null, null, null, null, null, null, null, null, null, null, null, null, null, null, null, null, null, null, null, null, null, null, null, null, null, null, null, null, null, null, null, null, null, null, null, null, null, null, null, null, null, null, null, null, null, null, null, null, null, null, null, null, null, null, null, null, null, null, null, null, null, null, null, null, null, null, null, null, null, null, null, null, null, null, null, null, null, null, null, null, null, null, null, null, null, null, null, null, null, null, null, null, null, null, null, null, null, null, null, null, null, null, null, null, null, null, null, null, null, null, null, null, null, null, null, null, null, null, null, null, null, null, null, null, null, null, null, null, null, null, null, null, null, null, null, null, null, null, null, null, null, null, null, null, null, null, null, null, null, null, null, null, null, null, null, null, null, null, null, null, null, null, null, null, null, null, null, null, null, null, null, null, null, null, null, null, null, null, null, null, null, null, null, null, null, null, null, null, null, null, null, null, null, null, null, null, null, null, null, null, null, null, null, null, null, null, null, null, null, null, null, null, null, null, null, null, null, null, null, null, null, null, null, null, null, null, null, null, null, null, null, null, null, null, null, null, null, null, null, null, null, null, null, null, null, null, null, null, null, null, null, null, null, null, null, null, null, null, null, null, null, null, null, null, null, null, null, null, null, null, null, null, null, null, null, null, null, null, null, null, null, null, null, null, null, null, null, null, null, null, null, null, null, null, null, null, null, null, null, null, null, null, null, null, null, null, null, null, null, null, null, null, null, null, null, null, null, null, null, null, null, null, null, null, null, null, null, null, null, null, null, null, null, null, null, null, null, null, null, null, null, null, null, null, null, null, null, null, null, null, null, null, null, null, null, null, null, null, null, null, null, null, null, null, null, null, null, null, null, null, null, null, null, null, null, null, null, null, null, null, null, null, null, null, null, null, null, null, null, null, null, null, null, null, null, null, null, null, null, null, null, null, null, null, null, null, null, null, null, null, null, null, null, null, null, null, null, null, null, null, null, null, null, null, null, null, null, null, null, null, null, null, null, null, null, null, null, null, null, null, null, null, null, null, null, null, null, null, null, null, null, null, null, null, null, null, null, null, null, null, null, null, null, null, null, null, null, null, null, null, null, null, null, null, null, null, null, null, null, null, null, null, null, null, null, null, null, null, null, null, null, null, null, null, null, null, null, null, null, null, null, null, null, null, null, null, null, null, null, null, null, null, null, null, null, null, null, null, null, null, null, null, null, null, null, null, null, null, null, null, null, null, null, null, null, null, null, null, null, null, null, null, null, null, null, null, null, null, null, null, null, null, null, null, null, null, null, null, null, null, null, null, null, null, null, null, null, null, null, null, null, null, null, null, null, null, null, null, null, null, null, null, null, null, null, null, null, null, null, null, null, null, null, null, null, null, null, null, null, null, null, null, null, null, null, null, null, null, null, null, null, null, null, null, null, null, null, null, null, null, null, null, null, null, null, null, null, null, null, null, null, null, null, null, null, null, null, null, null, null, null, null, null, null, null, null, null, null, null, null, null, null, null, null, null, null, null, null, null, null, null, null, null, null, null, null, null, null, null, null, null, null, null, null, null, null, null, null, null, null, null, null, null, null, null, null, null, null, null, null, null, null, null, null, null, null, null, null, null, null, null, null, null, null, null, null, null, null, null, null, null, null, null, null, null, null, null, null, null, null, null, null, null, null, null, null, null, null, null, null, null, null, null, null, null, null, null, null, null, null, null, null, null, null, null, null, null, null, null, null, null, null, null, null, null, null, null, null, null, null, null, null, null, null, null, null, null, null, null, null, null, null, null, null, null, null, null, null, null, null, null, null, null, null, null, null, null, null, null, null, null, null, null, null, null, null, null, null, null, null, null, null, null, null, null, null, null, null, null, null, null, null, null, null, null, null, null, null, null, null, null, null, null, null, null, null, null, null, null, null, null, null, null, null, null, null, null, null, null, null, null, null, null, null, null, null, null, null, null, null, null, null, null, null, null, null, null, null, null, null, null, null, null, null, null, null, null, null, null, null, null, null, null, null, null, null, null, null, null, null, null, null, null, null, null, null, null, null, null, null, null, null, null, null, null, null, null, null, null, null, null, null, null, null, null, null, null, null, null, null, null, null, null, null, null, null, null, null, null, null, null, null, null, null, null, null, null, null, null, null, null, null, null, null, null, null, null, null, null, null, null, null, null, null, null, null, null, null, null, null, null, null, null, null, null, null, null, null, null, null, null, null, null, null, null, null, null, null, null, null, null, null, null, null, null, null, null, null, null, null, null, null, null, null, null, null, null, null, null, null, null, null, null, null, null, null, null, null, null, null, null, null, null, null, null, null, null, null, null, null, null, null, null, null, null, null, null, null, null, null, null, null, null, null, null, null, null, null, null, null, null, null, null, null, null, null, null, null, null, null, null, null, null, null, null, null, null, null, null, null, null, null, null, null, null, null, null, null, null, null, null, null, null, null, null, null, null, null, null, null, null, null, null, null, null, null, null, null, null, null, null, null, null, null, null, null, null, null, null, null, null, null, null, null, null, null, null, null, null, null, null, null, null, null, null, null, null, null, null, null, null, null, null, null, null, null, null, null, null, null, null, null, null, null, null, null, null, null, null, null, null, null, null, null, null, null, null, null, null, null, null, null, null, null, null, null, null, null, null, null, null, null, null, null, null, null, null, null, null, null, null, null, null, null, null, null, null, null, null, null, null, null, null, null, null, null, null, null, null, null, null, null, null, null, null, null, null, null, null, null, null, null, null, null, null, null, null, null, null, null, null, null, null, null, null, null, null, null, null, null, null, null, null, null, null, null, null, null, null, null, null, null, null, null, null, null, null, null, null, null, null, null, null, null, null, null, null, null, null, null, null, null, null, null, null, null, null, null, null, null, null, null, null, null, null, null, null, null, null, null, null, null, null, null, null, null, null, null, null, null, null, null, null, null, null, null, null, null, null, null, null, null, null, null, null, null, null, null, null, null, null, null, null, null, null, null, null, null, null, null, null, null, null, null, null, null, null, null, null, null, null, null, null, null, null, null, null, null, null, null, null, null, null, null, null, null, null, null, null, null, null, null, null, null, null, null, null, null, null, null, null, null, null, null, null, null, null, null, null, null, null, null, null, null, null, null, null, null, null, null, null, null, null, null, null, null, null, null, null, null, null, null, null, null, null, null, null, null, null, null, null, null, null, null, null, null, null, null, null, null, null, null, null, null, null, null, null, null, null, null, null, null, null, null, null, null, null, null, null, null, null, null, null, null, null, null, null, null, null, null, null, null, null, null, null, null, null, null, null, null, null, null, null, null, null, null, null, null, null, null, null, null, null, null, null, null, null, null, null, null, null, null, null, null, null, null, null, null, null, null, null, null, null, null, null, null, null, null, null, null, null, null, null, null, null, null, null, null, null, null, null, null, null, null, null, null, null, null, null, null, null, null, null, null, null, null, null, null, null, null, null, null, null, null, null, null, null, null, null, null, null, null, null, null, null, null, null, null, null, null, null, null, null, null, null, null, null, null, null, null, null, null, null, null, null, null, null, null, null, null, null, null, null, null, null, null, null, null, null, null, null, null, null, null, null, null, null, null, null, null, null, null, null, null, null, null, null, null, null, null, null, null, null, null, null, null, null, null, null, null, null, null, null, null, null, null, null, null, null, null, null, null, null, null, null, null, null, null, null, null, null, null, null, null, null, null, null, null, null, null, null, null, null, null, null, null, null, null, null, null, null, null, null, null, null, null, null, null, null, null, null, null, null, null, null, null, null, null, null, null, null, null, null, null, null, null, null, null, null, null, null, null, null, null, null, null, null, null, null, null, null, null, null, null, null, null, null, null, null, null, null, null, null, null, null, null, null, null, null, null, null, null, null, null, null, null, null, null, null, null, null, null, null, null, null, null, null, null, null, null, null, null, null, null, null, null, null, null, null, null, null, null, null, null, null, null, null, null, null, null, null, null, null, null, null, null, null, null, null, null, null, null, null, null, null, null, null, null, null, null, null, null, null, null, null, null, null, null, null, null, null, null, null, null, null, null, null, null, null, null, null, null, null, null, null, null, null, null, null, null, null, null, null, null, null, null, null, null, null, null, null, null, null, null, null, null, null, null, null, null, null, null, null, null, null, null, null, null, null, null, null, null, null, null, null, null, null, null, null, null, null, null, null, null, null, null, null, null, null, null, null, null, null, null, null, null, null, null, null, null, null, null, null, null, null, null, null, null, null, null, null, null, null, null, null, null, null, null, null, null, null, null, null, null, null, null, null, null, null, null, null, null, null, null, null, null, null, null, null, null, null, null, null, null, null, null, null, null, null, null, null, null, null, null, null, null, null, null, null, null, null, null, null, null, null, null, null, null, null, null, null, null, null, null, null, null, null, null, null, null, null, null, null, null, null, null, null, null, null, null, null, null, null, null, null, null, null, null, null, null, null, null, null, null, null, null, null, null, null, null, null, null, null, null, null, null, null, null, null, null, null, null, null, null, null, null, null, null, null, null, null, null, null, null, null, null, null, null, null, null, null, null, null, null, null, null, null, null, null, null, null, null, null, null, null, null, null, null, null, null, null, null, null, null, null, null, null, null, null, null, null, null, null, null, null, null, null, null, null, null, null, null, null, null, null, null, null, null, null, null, null, null, null, null, null, null, null, null, null, null, null, null, null, null, null, null, null, null, null, null, null, null, null, null, null, null, null, null, null, null, null, null, null, null, null, null, null, null, null, null, null, null, null, null, null, null, null, null, null, null, null, null, null, null, null, null, null, null, null, null, null, null, null, null, null, null, null, null, null, null, null, null, null, null, null, null, null, null, null, null, null, null, null, null, null, null, null, null, null, null, null, null, null, null, null, null, null, null, null, null, null, null, null, null, null, null, null, null, null, null, null, null, null, null, null, null, null, null, null, null, null, null, null, null, null, null, null, null, null, null, null, null, null, null, null, null, null, null, null, null, null, null, null, null, null, null, null, null, null, null, null, null, null, null, null, null, null, null, null, null, null, null, null, null, null, null, null, null, null, null, null, null, null, null, null, null, null, null, null, null, null, null, null, null, null, null, null, null, null, null, null, null, null, null, null, null, null, null, null, null, null, null, null, null, null, null, null, null, null, null, null, null, null, null, null, null, null, null, null, null, null, null, null, null, null, null, null, null, null, null, null, null, null, null, null, null, null, null, null, null, null, null, null, null, null, null, null, null, null, null, null, null, null, null, null, null, null, null, null, null, null, null, null, null, null, null, null, null, null, null, null, null, null, null, null, null, null, null, null, null, null, null, null, null, null, null, null, null, null, null, null, null, null, null, null, null, null, null, null, null, null, null, null, null, null, null, null, null, null, null, null, null, null, null, null, null, null, null, null, null, null, null, null, null, null, null, null, null, null, null, null, null, null, null, null, null, null, null, null, null, null, null, null, null, null, null, null, null, null, null, null, null, null, null, null, null, null, null, null, null, null, null, null, null, null, null, null, null, null, null, null, null, null, null, null, null, null, null, null, null, null, null, null, null, null, null, null, null, null, null, null, null, null, null, null, null, null, null, null, null, null, null, null, null, null, null, null, null, null, null, null, null, null, null, null, null, null, null, null, null, null, null, null, null, null, null, null, null, null, null, null, null, null, null, null, null, null, null, null, null, null, null, null, null, null, null, null, null, null, null, null, null, null, null, null, null, null, null, null, null, null, null, null, null, null, null, null, null, null, null, null, null, null, null, null, null, null, null, null, null, null, null, null, null, null, null, null, null, null, null, null, null, null, null, null, null, null, null, null, null, null, null, null, null, null, null, null, null, null, null, null, null, null, null, null, null, null, null, null, null, null, null, null, null, null, null, null, null, null, null, null, null, null, null, null, null, null, null, null, null, null, null, null, null, null, null, null, null, null, null, null, null, null, null, null, null, null, null, null, null, null, null, null, null, null, null, null, null, null, null, null, null, null, null, null, null, null, null, null, null, null, null, null, null, null, null, null, null, null, null, null, null, null, null, null, null, null, null, null, null, null, null, null, null, null, null, null, null, null, null, null, null, null, null, null, null, null, null, null, null, null, null, null, null, null, null, null, null, null, null, null, null, null, null, null, null, null, null, null, null, null, null, null, null, null, null, null, null, null, null, null, null, null, null, null, null, null, null, null, null, null, null, null, null, null, null, null, null, null, null, null, null, null, null, null, null, null, null, null, null, null, null, null, null, null, null, null, null, null, null, null, null, null, null, null, null, null, null, null, null, null, null, null, null, null, null, null, null, null, null, null, null, null, null, null, null, null, null, null, null, null, null, null, null, null, null, null, null, null, null, null, null, null, null, null, null, null, null, null, null, null, null, null, null, null, null, null, null, null, null, null, null, null, null, null, null, null, null, null, null, null, null, null, null, null, null, null, null, null, null, null, null, null, null, null, null, null, null, null, null, null, null, null, null, null, null, null, null, null, null, null, null, null, null, null, null, null, null, null, null, null, null, null, null, null, null, null, null, null, null, null, null, null, null, null, null, null, null, null, null, null, null, null, null, null, null, null, null, null, null, null, null, null, null, null, null, null, null, null, null, null, null, null, null, null, null, null, null, null, null, null, null, null, null, null, null, null, null, null, null, null, null, null, null, null, null, null, null, null, null, null, null, null, null, null, null, null, null, null, null, null, null, null, null, null, null, null, null, null, null, null, null, null, null, null, null, null, null, null, null, null, null, null, null, null, null, null, null, null, null, null, null, null, null, null, null, null, null, null, null, null, null, null, null, null, null, null, null, null, null, null, null, null, null, null, null, null, null, null, null, null, null, null, null, null, null, null, null, null, null, null, null, null, null, null, null, null, null, null, null, null, null, null, null, null, null, null, null, null, null, null, null, null, null, null, null, null, null, null, null, null, null, null, null, null, null, null, null, null, null, null, null, null, null, null, null, null, null, null, null, null, null, null, null, null, null, null, null, null, null, null, null, null, null, null, null, null, null, null, null, null, null, null, null, null, null, null, null, null, null, null, null, null, null, null, null, null, null, null, null, null, null, null, null, null, null, null, null, null, null, null, null, null, null, null, null, null, null, null, null, null, null, null, null, null, null, null, null, null, null, null, null, null, null, null, null, null, null, null, null, null, null, null, null, null, null, null, null, null, null, null, null, null, null, null, null, null, null, null, null, null, null, null, null, null, null, null, null, null, null, null, null, null, null, null, null, null, null, null, null, null, null, null, null, null, null, null, null, null, null, null, null, null, null, null, null, null, null, null, null, null, null, null, null, null, null, null, null, null, null, null, null, null, null, null, null, null, null, null, null, null, null, null, null, null, null, null, null, null, null, null, null, null, null, null, null, null, null, null, null, null, null, null, null, null, null, null, null, null, null, null, null, null, null, null, null, null, null, null, null, null, null, null, null, null, null, null, null, null, null, null, null, null, null, null, null, null, null, null, null, null, null, null, null, null, null, null, null, null, null, null, null, null, null, null, null, null, null, null, null, null, null, null, null, null, null, null, null, null, null, null, null, null, null, null, null, null, null, null, null, null, null, null, null, null, null, null, null, null, null, null, null, null, null, null, null, null, null, null, null, null, null, null, null, null, null, null, null, null, null, null, null, null, null, null, null, null, null, null, null, null, null, null, null, null, null, null, null, null, null, null, null, null, null, null, null, null, null, null, null, null, null, null, null, null, null, null, null, null, null, null, null, null, null, null, null, null, null, null, null, null, null, null, null, null, null, null, null, null, null, null, null, null, null, null, null, null, null, null, null, null, null, null, null, null, null, null, null, null, null, null, null, null, null, null, null, null, null, null, null, null, null, null, null, null, null, null, null, null, null, null, null, null, null, null, null, null, null, null, null, null, null, null, null, null, null, null, null, null, null, null, null, null, null, null, null, null, null, null, null, null, null, null, null, null, null, null, null, null, null, null, null, null, null, null, null, null, null, null, null, null, null, null, null, null, null, null, null, null, null, null, null, null, null, null, null, null, null, null, null, null, null, null, null, null, null, null, null, null, null, null, null, null, null, null, null, null, null, null, null, null, null, null, null, null, null, null, null, null, null, null, null, null, null, null, null, null, null, null, null, null, null, null, null, null, null, null, null, null, null, null, null, null, null, null, null, null, null, null, null, null, null, null, null, null, null, null, null, null, null, null, null, null, null, null, null, null, null, null, null, null, null, null, null, null, null, null, null, null, null, null, null, null, null, null, null, null, null, null, null, null, null, null, null, null, null, null, null, null, null, null, null, null, null, null, null, null, null, null, null, null, null, null, null, null, null, null, null, null, null, null, null, null, null, null, null, null, null, null, null, null, null, null, null, null, null, null, null, null, null, null, null, null, null, null, null, null, null, null, null, null, null, null, null, null, null, null, null, null, null, null, null, null, null, null, null, null, null, null, null, null, null, null, null, null, null, null, null, null, null, null, null, null, null, null, null, null, null, null, null, null, null, null, null, null, null, null, null, null, null, null, null, null, null, null, null, null, null, null, null, null, null, null, null, null, null, null, null, null, null, null, null, null, null, null, null, null, null, null, null, null, null, null, null, null, null, null, null, null, null, null, null, null, null, null, null, null, null, null, null, null, null, null, null, null, null, null, null, null, null, null, null, null, null, null, null, null, null, null, null, null, null, null, null, null, null, null, null, null, null, null, null, null, null, null, null, null, null, null, null, null, null, null, null, null, null, null, null, null, null, null, null, null, null, null, null, null, null, null, null, null, null, null, null, null, null, null, null, null, null, null, null, null, null, null, null, null, null, null, null, null, null, null, null, null, null, null, null, null, null, null, null, null, null, null, null, null, null, null, null]}