{"type": "Feature", "properties": {"leg_id": 64, "name": "20230920 - Exmouth to Carnarvon", "stated_nm": 347.9, "computed_nm": 347.9}, "geometry": {"type": "LineString", "coordinates": [[114.142724, -21.956941], [114.143087, -21.958109], [114.146226, -21.95942], [114.147075, -21.959005], [114.151143, -21.951972], [114.15347, -21.948113], [114.155932, -21.944991], [114.159236, -21.940257], [114.164928, -21.931423], [114.176995, -21.910983], [114.187572, -21.892013], [114.189306, -21.888653], [114.195932, -21.87627], [114.197131, -21.873749], [114.198911, -21.8707], [114.199466, -21.869165], [114.199356, -21.867036], [114.200546, -21.866325], [114.201668, -21.865852], [114.20146, -21.864755], [114.20102, -21.86143], [114.20409, -21.849025], [114.208597, -21.835193], [114.209371, -21.833526], [114.21238, -21.826127], [114.214488, -21.82025], [114.214643, -21.818665], [114.214557, -21.811862], [114.21435, -21.811217], [114.205425, -21.795985], [114.200117, -21.787233], [114.198843, -21.785717], [114.19729, -21.784118], [114.187642, -21.775763], [114.179167, -21.771693], [114.174403, -21.770738], [114.163952, -21.769025], [114.161664, -21.768556], [114.158871, -21.768208], [114.155476, -21.767935], [114.152144, -21.767896], [114.147836, -21.768115], [114.143071, -21.768406], [114.13335, -21.768303], [114.105862, -21.76681], [114.09241, -21.76527], [114.088484, -21.764927], [114.082548, -21.764516], [114.078623, -21.764297], [114.074444, -21.76408], [114.069722, -21.763827], [114.049595, -21.762658], [114.046008, -21.762558], [114.041421, -21.762368], [114.039011, -21.762217], [114.031453, -21.762357], [114.022955, -21.76242], [114.014292, -21.762308], [114.005042, -21.762338], [114.001374, -21.762207], [113.995345, -21.7623], [113.988891, -21.762609], [113.982497, -21.762982], [113.97803, -21.763153], [113.96569, -21.763562], [113.960907, -21.763507], [113.940613, -21.763655], [113.935921, -21.763649], [113.920742, -21.763453], [113.910893, -21.763547], [113.897165, -21.763302], [113.895052, -21.762922], [113.889181, -21.761027], [113.884972, -21.759874], [113.881271, -21.758991], [113.877941, -21.758913], [113.874757, -21.759291], [113.870849, -21.760243], [113.867897, -21.76144], [113.865962, -21.762192], [113.859988, -21.763398], [113.842732, -21.766602], [113.842402, -21.767492], [113.840922, -21.768263], [113.83121, -21.769045], [113.828664, -21.769352], [113.823822, -21.769858], [113.820357, -21.770175], [113.807903, -21.77125], [113.805808, -21.771348], [113.799535, -21.771853], [113.796942, -21.771981], [113.795557, -21.772142], [113.782017, -21.772978], [113.763752, -21.774492], [113.750908, -21.775365], [113.746775, -21.775717], [113.720117, -21.777412], [113.71933, -21.777403], [113.70846, -21.77807], [113.680515, -21.780553], [113.676315, -21.781014], [113.670008, -21.781647], [113.6498, -21.78369], [113.645869, -21.783983], [113.640459, -21.784332], [113.635711, -21.784327], [113.620593, -21.78428], [113.607017, -21.784565], [113.594183, -21.784978], [113.584405, -21.785055], [113.572718, -21.785353], [113.568917, -21.785518], [113.55267, -21.78603], [113.537125, -21.786108], [113.533311, -21.785934], [113.519477, -21.785617], [113.517433, -21.785783], [113.512905, -21.786013], [113.511406, -21.786039], [113.508433, -21.786067], [113.506807, -21.786114], [113.503789, -21.786156], [113.501884, -21.786224], [113.498354, -21.786367], [113.495715, -21.786236], [113.492989, -21.786163], [113.491047, -21.786231], [113.48867, -21.786344], [113.484768, -21.786574], [113.482273, -21.786787], [113.479833, -21.787069], [113.477644, -21.787196], [113.473857, -21.787778], [113.470887, -21.787894], [113.466707, -21.788758], [113.465193, -21.788845], [113.462992, -21.789228], [113.457395, -21.79017], [113.454931, -21.790631], [113.45086, -21.791367], [113.447845, -21.792053], [113.444605, -21.792679], [113.442553, -21.793091], [113.439022, -21.793719], [113.435884, -21.794292], [113.432126, -21.795112], [113.428666, -21.795664], [113.424172, -21.796342], [113.419308, -21.796707], [113.416103, -21.797088], [113.411717, -21.79781], [113.408169, -21.798217], [113.406005, -21.798395], [113.403424, -21.798849], [113.400843, -21.799174], [113.39854, -21.799501], [113.394976, -21.799996], [113.392969, -21.800267], [113.389681, -21.800715], [113.387303, -21.801009], [113.384343, -21.801364], [113.380928, -21.801826], [113.377876, -21.802268], [113.374116, -21.80263], [113.370066, -21.803161], [113.367253, -21.803517], [113.364443, -21.803922], [113.362392, -21.804289], [113.36039, -21.804617], [113.357871, -21.805045], [113.355336, -21.805497], [113.3532, -21.805777], [113.349602, -21.806488], [113.346795, -21.80724], [113.345165, -21.807541], [113.339785, -21.808998], [113.335657, -21.809654], [113.333831, -21.810149], [113.331406, -21.810726], [113.329743, -21.811202], [113.328365, -21.8115], [113.323085, -21.812532], [113.319905, -21.813344], [113.318016, -21.813753], [113.31602, -21.814303], [113.312657, -21.815143], [113.310865, -21.815652], [113.309291, -21.816083], [113.305913, -21.81698], [113.303161, -21.817578], [113.298758, -21.818637], [113.297008, -21.819228], [113.292959, -21.820495], [113.290728, -21.82108], [113.287479, -21.821984], [113.283949, -21.823122], [113.279123, -21.824708], [113.2766, -21.825367], [113.273712, -21.826379], [113.271917, -21.826844], [113.268275, -21.82786], [113.265901, -21.828582], [113.263337, -21.829333], [113.259244, -21.830466], [113.257436, -21.831097], [113.25333, -21.832118], [113.249233, -21.832857], [113.244953, -21.83415], [113.241204, -21.835027], [113.237857, -21.836146], [113.231757, -21.838102], [113.226398, -21.840032], [113.224446, -21.840772], [113.218273, -21.842838], [113.215153, -21.843896], [113.209799, -21.845875], [113.207076, -21.846918], [113.204556, -21.847862], [113.20179, -21.849018], [113.198003, -21.850704], [113.195602, -21.852087], [113.192191, -21.853671], [113.190013, -21.854557], [113.187276, -21.855773], [113.184341, -21.856992], [113.182065, -21.858183], [113.180208, -21.859009], [113.177848, -21.860139], [113.175249, -21.861611], [113.173624, -21.862291], [113.171943, -21.863104], [113.170123, -21.864052], [113.161885, -21.869028], [113.160261, -21.870077], [113.157303, -21.871732], [113.155449, -21.872951], [113.153623, -21.873977], [113.151329, -21.875395], [113.148945, -21.876786], [113.147336, -21.877761], [113.145564, -21.878257], [113.141496, -21.880577], [113.139792, -21.881592], [113.135167, -21.884143], [113.133273, -21.885069], [113.129914, -21.886693], [113.128046, -21.887598], [113.125085, -21.888623], [113.121208, -21.890102], [113.11489, -21.892945], [113.112447, -21.894107], [113.107595, -21.896188], [113.104532, -21.897818], [113.101699, -21.898919], [113.099535, -21.899808], [113.096028, -21.901655], [113.092397, -21.903265], [113.088174, -21.905033], [113.084664, -21.906737], [113.082755, -21.907729], [113.079683, -21.909512], [113.074678, -21.9119], [113.071665, -21.913113], [113.068197, -21.914885], [113.066506, -21.915764], [113.06136, -21.918702], [113.058369, -21.920001], [113.056862, -21.920958], [113.055074, -21.921883], [113.05363, -21.922694], [113.051996, -21.923647], [113.050916, -21.923747], [113.046974, -21.925274], [113.044671, -21.926319], [113.042697, -21.926994], [113.041894, -21.927966], [113.043246, -21.929093], [113.044295, -21.93008], [113.046623, -21.931508], [113.048442, -21.933287], [113.04956, -21.934806], [113.051764, -21.937927], [113.053252, -21.939605], [113.054143, -21.940795], [113.055874, -21.942194], [113.057794, -21.944337], [113.057215, -21.944695], [113.059028, -21.947633], [113.060347, -21.94981], [113.062043, -21.952463], [113.064312, -21.955567], [113.066412, -21.958417], [113.068023, -21.961232], [113.070017, -21.963745], [113.072163, -21.966911], [113.074345, -21.970189], [113.076727, -21.973857], [113.07835, -21.976791], [113.079893, -21.979322], [113.081021, -21.981109], [113.082026, -21.982609], [113.08204, -21.983509], [113.086073, -21.98893], [113.086997, -21.990021], [113.088995, -21.993384], [113.089673, -21.994651], [113.092613, -21.998293], [113.093413, -21.999598], [113.095587, -22.002376], [113.097807, -22.004869], [113.101515, -22.00859], [113.103091, -22.010036], [113.105558, -22.012542], [113.10823, -22.015382], [113.110279, -22.01794], [113.111857, -22.019427], [113.114166, -22.022324], [113.115514, -22.024596], [113.117417, -22.027538], [113.120173, -22.031103], [113.122647, -22.033697], [113.12456, -22.035448], [113.128683, -22.040888], [113.130211, -22.04266], [113.132847, -22.045839], [113.135001, -22.048849], [113.137068, -22.051871], [113.138087, -22.053336], [113.139965, -22.05601], [113.142094, -22.058744], [113.143242, -22.060561], [113.145109, -22.063316], [113.147534, -22.066158], [113.149413, -22.068961], [113.151093, -22.071842], [113.15281, -22.074161], [113.154928, -22.076334], [113.157902, -22.080227], [113.159508, -22.083067], [113.161612, -22.085568], [113.163436, -22.087956], [113.16435, -22.089641], [113.165649, -22.091515], [113.16824, -22.094951], [113.16931, -22.096276], [113.171026, -22.098403], [113.17209, -22.0995], [113.173534, -22.101098], [113.176138, -22.104278], [113.177504, -22.105608], [113.178572, -22.107521], [113.179923, -22.109278], [113.181339, -22.111376], [113.183366, -22.114286], [113.184895, -22.116141], [113.186258, -22.118353], [113.187892, -22.120577], [113.188996, -22.122492], [113.190575, -22.124412], [113.191797, -22.126187], [113.193114, -22.128612], [113.193973, -22.130741], [113.194742, -22.132867], [113.196402, -22.135416], [113.198078, -22.137821], [113.199403, -22.139934], [113.20025, -22.14251], [113.201363, -22.144225], [113.202772, -22.146216], [113.203457, -22.149093], [113.204237, -22.151521], [113.20537, -22.15349], [113.206173, -22.15621], [113.207225, -22.159315], [113.20885, -22.16344], [113.209999, -22.165894], [113.211086, -22.168127], [113.212064, -22.170171], [113.213426, -22.173282], [113.213994, -22.176311], [113.214502, -22.179469], [113.215047, -22.181802], [113.216059, -22.185577], [113.216179, -22.187703], [113.216453, -22.18976], [113.217696, -22.192717], [113.217999, -22.194413], [113.218265, -22.197338], [113.219256, -22.20077], [113.219793, -22.202492], [113.22099, -22.20703], [113.221176, -22.209073], [113.221958, -22.213573], [113.22223, -22.215992], [113.22225, -22.220418], [113.222388, -22.22205], [113.222696, -22.226017], [113.22241, -22.230481], [113.221857, -22.234041], [113.22125, -22.237517], [113.220566, -22.240096], [113.220074, -22.241611], [113.220058, -22.245472], [113.219786, -22.247823], [113.219066, -22.250993], [113.217675, -22.254932], [113.21704, -22.260178], [113.216794, -22.26282], [113.216567, -22.265041], [113.21593, -22.268508], [113.215425, -22.271071], [113.214699, -22.273256], [113.213858, -22.277897], [113.213352, -22.27922], [113.21185, -22.284462], [113.211234, -22.286254], [113.210055, -22.289964], [113.209527, -22.291844], [113.208752, -22.295305], [113.207975, -22.297847], [113.206854, -22.299983], [113.205678, -22.303118], [113.204831, -22.305491], [113.203743, -22.308267], [113.202758, -22.311383], [113.201809, -22.314601], [113.201071, -22.317823], [113.200229, -22.321649], [113.199487, -22.324105], [113.198938, -22.327233], [113.198118, -22.331105], [113.19768, -22.334563], [113.197349, -22.338433], [113.197007, -22.341857], [113.196798, -22.345188], [113.195687, -22.350223], [113.195098, -22.354838], [113.19454, -22.357455], [113.194343, -22.359104], [113.193942, -22.362777], [113.193483, -22.365207], [113.193114, -22.368846], [113.192751, -22.371744], [113.191823, -22.37719], [113.191572, -22.380337], [113.191541, -22.383427], [113.191754, -22.385712], [113.191711, -22.38783], [113.191523, -22.391118], [113.19152, -22.393083], [113.190846, -22.396115], [113.190469, -22.397894], [113.190174, -22.400571], [113.190024, -22.403107], [113.189567, -22.405465], [113.188626, -22.410425], [113.186935, -22.417762], [113.186598, -22.419523], [113.185457, -22.42447], [113.184569, -22.427366], [113.18424, -22.429398], [113.18365, -22.432913], [113.18331, -22.435563], [113.182625, -22.439406], [113.182439, -22.440465], [113.181945, -22.443291], [113.18171, -22.444496], [113.181236, -22.44612], [113.180687, -22.449635], [113.180253, -22.451605], [113.179792, -22.453344], [113.179096, -22.456336], [113.178875, -22.458394], [113.178654, -22.460677], [113.178032, -22.464028], [113.177579, -22.467553], [113.177357, -22.468876], [113.17695, -22.471815], [113.176315, -22.476173], [113.175884, -22.478647], [113.175122, -22.4837], [113.174657, -22.486384], [113.174061, -22.489543], [113.173863, -22.491794], [113.173301, -22.495356], [113.172887, -22.497573], [113.17199, -22.501575], [113.171566, -22.504336], [113.170563, -22.510148], [113.170134, -22.511644], [113.169419, -22.515058], [113.169076, -22.516615], [113.168741, -22.518603], [113.168342, -22.52186], [113.168001, -22.523952], [113.167448, -22.52677], [113.167297, -22.529233], [113.166307, -22.53461], [113.166182, -22.536052], [113.165457, -22.542007], [113.165221, -22.545669], [113.164995, -22.549697], [113.16504, -22.556658], [113.165048, -22.55937], [113.165247, -22.563061], [113.165656, -22.566151], [113.165939, -22.569237], [113.166246, -22.571648], [113.166473, -22.573943], [113.167209, -22.577964], [113.167682, -22.580368], [113.168441, -22.583754], [113.168923, -22.585362], [113.169438, -22.588021], [113.170184, -22.590919], [113.170739, -22.592958], [113.17157, -22.595961], [113.171897, -22.598192], [113.172667, -22.601423], [113.173157, -22.604204], [113.173817, -22.606988], [113.174642, -22.609568], [113.175354, -22.612497], [113.176158, -22.615158], [113.177111, -22.618293], [113.178082, -22.620928], [113.179027, -22.624413], [113.180275, -22.628443], [113.180875, -22.630724], [113.181771, -22.633788], [113.183138, -22.637333], [113.183882, -22.639624], [113.18497, -22.64309], [113.186456, -22.646488], [113.187212, -22.648531], [113.188003, -22.650694], [113.189617, -22.654385], [113.190239, -22.656048], [113.191333, -22.659047], [113.192997, -22.662934], [113.194043, -22.665479], [113.195107, -22.668246], [113.196025, -22.670811], [113.197037, -22.672856], [113.198358, -22.67661], [113.199508, -22.679586], [113.20022, -22.681629], [113.201925, -22.686168], [113.20287, -22.688402], [113.204362, -22.691873], [113.204831, -22.693122], [113.205652, -22.69497], [113.20696, -22.697947], [113.208689, -22.70135], [113.210232, -22.704249], [113.211458, -22.706521], [113.212784, -22.709129], [113.214221, -22.711911], [113.216607, -22.716903], [113.219638, -22.722037], [113.220606, -22.723817], [113.223455, -22.729203], [113.2266, -22.73514], [113.228032, -22.737834], [113.230957, -22.742935], [113.23154, -22.74398], [113.235992, -22.750433], [113.237182, -22.752085], [113.239935, -22.756032], [113.24184, -22.758607], [113.24347, -22.760787], [113.245212, -22.763504], [113.247309, -22.766721], [113.249392, -22.769708], [113.252574, -22.774447], [113.254517, -22.777622], [113.256483, -22.78023], [113.258742, -22.783647], [113.260298, -22.785816], [113.261952, -22.788319], [113.264292, -22.791196], [113.266642, -22.794619], [113.269493, -22.799183], [113.271266, -22.802073], [113.272532, -22.804545], [113.276792, -22.81161], [113.278612, -22.814263], [113.280301, -22.817231], [113.28201, -22.820232], [113.283727, -22.823194], [113.284923, -22.825239], [113.286153, -22.827406], [113.287283, -22.828828], [113.290823, -22.833647], [113.292598, -22.837043], [113.298385, -22.844518], [113.299559, -22.846393], [113.301627, -22.849494], [113.303391, -22.852203], [113.3051, -22.854295], [113.307553, -22.857797], [113.309494, -22.859948], [113.311234, -22.862223], [113.315932, -22.867883], [113.317845, -22.870645], [113.320084, -22.87295], [113.322003, -22.875036], [113.324686, -22.878186], [113.326471, -22.880299], [113.328515, -22.882816], [113.330175, -22.88461], [113.333605, -22.888923], [113.337778, -22.89284], [113.339568, -22.895019], [113.341628, -22.897641], [113.343607, -22.899658], [113.346107, -22.902642], [113.348888, -22.905387], [113.35205, -22.908535], [113.360547, -22.917143], [113.362357, -22.918884], [113.365777, -22.921985], [113.36846, -22.924427], [113.370923, -22.926689], [113.373604, -22.929153], [113.376382, -22.931722], [113.378715, -22.933788], [113.381117, -22.935756], [113.384618, -22.939438], [113.386487, -22.941222], [113.388, -22.942889], [113.39056, -22.945582], [113.392563, -22.947412], [113.394122, -22.949005], [113.3969, -22.952081], [113.399404, -22.954786], [113.403144, -22.958482], [113.411237, -22.965503], [113.413982, -22.968005], [113.416243, -22.969679], [113.415076, -22.970485], [113.407388, -22.972895], [113.405735, -22.973219], [113.400528, -22.974208], [113.39833, -22.974878], [113.39409, -22.975852], [113.390526, -22.976469], [113.385782, -22.97765], [113.383467, -22.978207], [113.37793, -22.980085], [113.375497, -22.980657], [113.368238, -22.981898], [113.36315, -22.982975], [113.359915, -22.984126], [113.358875, -22.984588], [113.349918, -22.98774], [113.345278, -22.989567], [113.342058, -22.99101], [113.339463, -22.992073], [113.335037, -22.993828], [113.331741, -22.994898], [113.328066, -22.996325], [113.325112, -22.997957], [113.321584, -22.99972], [113.318352, -23.001004], [113.31532, -23.002253], [113.313004, -23.003046], [113.309332, -23.004388], [113.306122, -23.005763], [113.302852, -23.006849], [113.299553, -23.008302], [113.296284, -23.009765], [113.293137, -23.010921], [113.289621, -23.012212], [113.285983, -23.013428], [113.281015, -23.015505], [113.27791, -23.017069], [113.276037, -23.018193], [113.269448, -23.021585], [113.267195, -23.022907], [113.257082, -23.027643], [113.255544, -23.028475], [113.253342, -23.029637], [113.249827, -23.031473], [113.247027, -23.032919], [113.24382, -23.034541], [113.23872, -23.037027], [113.236488, -23.037985], [113.23188, -23.040497], [113.229257, -23.041786], [113.22638, -23.043321], [113.222907, -23.045568], [113.221089, -23.046599], [113.217063, -23.048928], [113.215315, -23.049754], [113.211817, -23.052002], [113.2076, -23.054525], [113.205344, -23.056069], [113.203296, -23.057219], [113.200473, -23.058534], [113.197208, -23.060236], [113.194238, -23.061763], [113.191034, -23.063505], [113.187567, -23.065048], [113.184521, -23.066543], [113.180986, -23.068389], [113.177352, -23.070216], [113.174862, -23.071852], [113.171837, -23.073741], [113.169871, -23.074991], [113.167403, -23.076512], [113.165166, -23.077788], [113.162986, -23.079012], [113.160491, -23.080356], [113.15856, -23.081503], [113.157044, -23.082426], [113.154273, -23.084056], [113.151173, -23.085743], [113.147473, -23.087506], [113.143604, -23.089372], [113.141629, -23.090286], [113.138064, -23.09265], [113.135963, -23.093771], [113.133316, -23.095263], [113.130943, -23.096576], [113.127505, -23.09859], [113.12471, -23.09968], [113.121112, -23.10208], [113.11889, -23.103558], [113.114495, -23.106867], [113.112085, -23.108476], [113.110358, -23.109562], [113.106989, -23.111215], [113.10442, -23.112435], [113.10199, -23.113648], [113.099066, -23.115006], [113.096247, -23.116702], [113.09223, -23.118678], [113.089842, -23.119377], [113.086628, -23.12085], [113.08366, -23.122591], [113.081461, -23.124102], [113.079498, -23.125341], [113.077346, -23.126268], [113.075218, -23.12717], [113.077106, -23.126449], [113.079418, -23.125385], [113.081773, -23.124333], [113.084022, -23.12301], [113.085405, -23.122342], [113.084022, -23.122416], [113.085147, -23.121141], [113.086494, -23.119874], [113.087919, -23.11852], [113.089793, -23.116813], [113.089891, -23.115954], [113.086858, -23.117323], [113.085413, -23.118346], [113.083988, -23.119462], [113.082408, -23.120598], [113.080215, -23.121839], [113.07821, -23.123179], [113.076773, -23.124255], [113.074455, -23.125615], [113.072273, -23.126664], [113.070796, -23.127747], [113.069217, -23.128935], [113.067757, -23.129857], [113.065509, -23.131356], [113.064123, -23.132676], [113.06075, -23.134888], [113.059499, -23.13592], [113.057975, -23.136761], [113.054614, -23.139029], [113.052982, -23.140012], [113.049964, -23.142079], [113.047312, -23.144037], [113.045892, -23.144976], [113.044545, -23.145977], [113.042553, -23.146987], [113.040832, -23.147694], [113.039295, -23.148442], [113.040328, -23.147233], [113.041806, -23.145526], [113.042969, -23.144454], [113.044999, -23.142843], [113.047323, -23.141301], [113.048704, -23.140173], [113.051387, -23.13762], [113.052791, -23.136189], [113.054593, -23.134311], [113.056701, -23.132124], [113.058179, -23.130599], [113.060081, -23.128667], [113.061691, -23.127202], [113.061902, -23.126469], [113.057064, -23.127789], [113.054777, -23.128437], [113.050033, -23.130767], [113.047184, -23.132431], [113.043343, -23.134412], [113.03636, -23.137433], [113.034138, -23.138793], [113.030324, -23.140374], [113.028332, -23.14099], [113.0243, -23.142593], [113.021382, -23.143949], [113.018272, -23.145286], [113.015983, -23.146733], [113.012062, -23.14889], [113.008648, -23.150535], [113.006361, -23.151605], [113.00053, -23.15375], [112.99715, -23.155142], [112.993848, -23.156464], [112.992071, -23.15717], [112.988665, -23.158303], [112.985256, -23.159637], [112.983021, -23.160727], [112.977095, -23.163073], [112.973586, -23.164097], [112.971295, -23.16495], [112.968597, -23.16612], [112.965905, -23.167819], [112.961992, -23.171415], [112.95998, -23.17249], [112.957561, -23.173862], [112.955074, -23.175208], [112.953012, -23.176302], [112.950271, -23.178553], [112.948481, -23.180082], [112.946964, -23.181968], [112.945595, -23.183481], [112.94419, -23.185014], [112.942707, -23.186395], [112.940403, -23.188347], [112.938789, -23.189603], [112.936767, -23.191441], [112.935196, -23.192916], [112.932957, -23.194904], [112.931122, -23.196674], [112.929592, -23.198307], [112.928076, -23.199718], [112.926782, -23.201118], [112.925371, -23.202355], [112.923601, -23.203956], [112.921776, -23.206094], [112.920475, -23.207924], [112.919227, -23.209753], [112.917635, -23.212038], [112.916309, -23.213859], [112.914971, -23.21546], [112.912916, -23.21748], [112.90924, -23.222237], [112.907795, -23.223638], [112.906161, -23.224835], [112.903683, -23.226507], [112.900648, -23.230362], [112.899327, -23.232519], [112.897106, -23.235449], [112.896002, -23.237115], [112.894566, -23.239002], [112.892763, -23.241238], [112.890728, -23.243522], [112.887921, -23.24627], [112.885527, -23.248238], [112.883276, -23.24976], [112.881551, -23.25094], [112.87958, -23.252655], [112.877774, -23.254409], [112.875484, -23.255859], [112.872706, -23.257718], [112.870549, -23.259687], [112.868798, -23.26157], [112.866957, -23.26335], [112.863891, -23.265663], [112.861851, -23.267206], [112.858464, -23.26896], [112.855234, -23.270359], [112.852176, -23.271536], [112.850372, -23.272546], [112.848, -23.273823], [112.841157, -23.277762], [112.83878, -23.279052], [112.834705, -23.281185], [112.832374, -23.282713], [112.831023, -23.283657], [112.82411, -23.28666], [112.821821, -23.287868], [112.818555, -23.289142], [112.811545, -23.292667], [112.808799, -23.294181], [112.805271, -23.295428], [112.80239, -23.296559], [112.799754, -23.297598], [112.795957, -23.299121], [112.792718, -23.300525], [112.789659, -23.301933], [112.784557, -23.303847], [112.777533, -23.306853], [112.774821, -23.307858], [112.771109, -23.30918], [112.772029, -23.310374], [112.776355, -23.314726], [112.777639, -23.316293], [112.780447, -23.318953], [112.782353, -23.320731], [112.784078, -23.322407], [112.785974, -23.32442], [112.787443, -23.326203], [112.789956, -23.32838], [112.791437, -23.330131], [112.793126, -23.332084], [112.794523, -23.333962], [112.79642, -23.335861], [112.798568, -23.338457], [112.800903, -23.340831], [112.802215, -23.342127], [112.804917, -23.344889], [112.806121, -23.346602], [112.807001, -23.347644], [112.809373, -23.350184], [112.811867, -23.353105], [112.814721, -23.355909], [112.817113, -23.358361], [112.820947, -23.362638], [112.823136, -23.364477], [112.825305, -23.366739], [112.826442, -23.368209], [112.827854, -23.370088], [112.830334, -23.37224], [112.831994, -23.373547], [112.835052, -23.376345], [112.836948, -23.378468], [112.838592, -23.380056], [112.840792, -23.382169], [112.84322, -23.384271], [112.845813, -23.386578], [112.847686, -23.389026], [112.849111, -23.390818], [112.85098, -23.393132], [112.853098, -23.395568], [112.854356, -23.397598], [112.856811, -23.400796], [112.858821, -23.403263], [112.861768, -23.406026], [112.863286, -23.408037], [112.865462, -23.410424], [112.866973, -23.41266], [112.869527, -23.416295], [112.871061, -23.419377], [112.872641, -23.422038], [112.873737, -23.423793], [112.874909, -23.4256], [112.875875, -23.427143], [112.87776, -23.430277], [112.879079, -23.432661], [112.880557, -23.434598], [112.881663, -23.436139], [112.882998, -23.438118], [112.885052, -23.440729], [112.886953, -23.443239], [112.888216, -23.444987], [112.891837, -23.450763], [112.894063, -23.45357], [112.895259, -23.454951], [112.897164, -23.457258], [112.900378, -23.461405], [112.901981, -23.463705], [112.904011, -23.466319], [112.905768, -23.468179], [112.907055, -23.469819], [112.908272, -23.471374], [112.909897, -23.473693], [112.910884, -23.47552], [112.912608, -23.478003], [112.91433, -23.479959], [112.916023, -23.482008], [112.918452, -23.485208], [112.919725, -23.487472], [112.920907, -23.489118], [112.922833, -23.491883], [112.924789, -23.494488], [112.927664, -23.498363], [112.929265, -23.500273], [112.930471, -23.501719], [112.932353, -23.503919], [112.93687, -23.50897], [112.939422, -23.511286], [112.940946, -23.512681], [112.942805, -23.514064], [112.944528, -23.515316], [112.947085, -23.517315], [112.94946, -23.519857], [112.951922, -23.522517], [112.953883, -23.524744], [112.955217, -23.526338], [112.956918, -23.527968], [112.95824, -23.529632], [112.963115, -23.5346], [112.965922, -23.537287], [112.96811, -23.539455], [112.97349, -23.545063], [112.975264, -23.546929], [112.979875, -23.551836], [112.982755, -23.554894], [112.984698, -23.556394], [112.987795, -23.558966], [112.990149, -23.560702], [112.993411, -23.562967], [112.996521, -23.565664], [112.998461, -23.567646], [113.000217, -23.569299], [113.002552, -23.571387], [113.004869, -23.57356], [113.007135, -23.575672], [113.00856, -23.577042], [113.010541, -23.578588], [113.01244, -23.580076], [113.014733, -23.582465], [113.016923, -23.584901], [113.018524, -23.586785], [113.020507, -23.589092], [113.021862, -23.590641], [113.023721, -23.592778], [113.024808, -23.593985], [113.026847, -23.596022], [113.028186, -23.597772], [113.030136, -23.599902], [113.033057, -23.602523], [113.034699, -23.604435], [113.036149, -23.606183], [113.039054, -23.608949], [113.040936, -23.611206], [113.043825, -23.61405], [113.046165, -23.616488], [113.048691, -23.619317], [113.050805, -23.622067], [113.053315, -23.625372], [113.054822, -23.627429], [113.05628, -23.629652], [113.058022, -23.63261], [113.059034, -23.634652], [113.061378, -23.637865], [113.062554, -23.640161], [113.064019, -23.643188], [113.066007, -23.646053], [113.067426, -23.647793], [113.069492, -23.650936], [113.071188, -23.653413], [113.073078, -23.655919], [113.074523, -23.657698], [113.075876, -23.659498], [113.077268, -23.661428], [113.078656, -23.663737], [113.080132, -23.665464], [113.081434, -23.666935], [113.082929, -23.668918], [113.085086, -23.671752], [113.086151, -23.673306], [113.088076, -23.675971], [113.08938, -23.677626], [113.090649, -23.678893], [113.093245, -23.682222], [113.09462, -23.683906], [113.097007, -23.686457], [113.098723, -23.688361], [113.100989, -23.690857], [113.102185, -23.692303], [113.104786, -23.694701], [113.105929, -23.695786], [113.10865, -23.699187], [113.110057, -23.700547], [113.112481, -23.702951], [113.115054, -23.705609], [113.117722, -23.707988], [113.120525, -23.71058], [113.122588, -23.712582], [113.125248, -23.715448], [113.127081, -23.71736], [113.128642, -23.718992], [113.129728, -23.720123], [113.132213, -23.722769], [113.133626, -23.724429], [113.135179, -23.726648], [113.136502, -23.727978], [113.140317, -23.732472], [113.142089, -23.734438], [113.143128, -23.735678], [113.145772, -23.739102], [113.147158, -23.740345], [113.149209, -23.74216], [113.151035, -23.74379], [113.154925, -23.747018], [113.157378, -23.749491], [113.159563, -23.751701], [113.162513, -23.75431], [113.164287, -23.756097], [113.166379, -23.758137], [113.168046, -23.759821], [113.172462, -23.763663], [113.173621, -23.764804], [113.175968, -23.767075], [113.179059, -23.769409], [113.180454, -23.770758], [113.184988, -23.774892], [113.186524, -23.776247], [113.189928, -23.778898], [113.194023, -23.781657], [113.19683, -23.783927], [113.19884, -23.785519], [113.200944, -23.787218], [113.203724, -23.789217], [113.206158, -23.791299], [113.208407, -23.793183], [113.210003, -23.794432], [113.212239, -23.796382], [113.214468, -23.798442], [113.217356, -23.800737], [113.219804, -23.802445], [113.222077, -23.804298], [113.224001, -23.805803], [113.222625, -23.806584], [113.218912, -23.807714], [113.214668, -23.809027], [113.21033, -23.810485], [113.207096, -23.811397], [113.205493, -23.812022], [113.197525, -23.814702], [113.19199, -23.816162], [113.188453, -23.817291], [113.185439, -23.818335], [113.181556, -23.819655], [113.178426, -23.820491], [113.175635, -23.821234], [113.172618, -23.822112], [113.169314, -23.823072], [113.165307, -23.824281], [113.161515, -23.825587], [113.158437, -23.826272], [113.155231, -23.827036], [113.152088, -23.828062], [113.149997, -23.828788], [113.143848, -23.830198], [113.141321, -23.830978], [113.137952, -23.831866], [113.134502, -23.833221], [113.131945, -23.834218], [113.128263, -23.835427], [113.125041, -23.83663], [113.120082, -23.838478], [113.11756, -23.839162], [113.114791, -23.839977], [113.112003, -23.840817], [113.10705, -23.842578], [113.104438, -23.843784], [113.100917, -23.845397], [113.095685, -23.847143], [113.092958, -23.847923], [113.089663, -23.84932], [113.086347, -23.850542], [113.084682, -23.851095], [113.076567, -23.853422], [113.074004, -23.854457], [113.071013, -23.855677], [113.068286, -23.856617], [113.065137, -23.857666], [113.06309, -23.858551], [113.060339, -23.859609], [113.056633, -23.860792], [113.05299, -23.861642], [113.049655, -23.862688], [113.04647, -23.863581], [113.044982, -23.864078], [113.04259, -23.864707], [113.039399, -23.865773], [113.0374, -23.866252], [113.034728, -23.866877], [113.033205, -23.867488], [113.031756, -23.867876], [113.029349, -23.868597], [113.027799, -23.869257], [113.026368, -23.869771], [113.024829, -23.870216], [113.021634, -23.871312], [113.019995, -23.871836], [113.018089, -23.872487], [113.01383, -23.8738], [113.012457, -23.874062], [113.007957, -23.875493], [113.005369, -23.876207], [113.002717, -23.877223], [113.001292, -23.877841], [112.997969, -23.878795], [112.995504, -23.879477], [112.993351, -23.880305], [112.990982, -23.881042], [112.98925, -23.881382], [112.98598, -23.882195], [112.983763, -23.88305], [112.981821, -23.883648], [112.97959, -23.884364], [112.977899, -23.88488], [112.975477, -23.885527], [112.972726, -23.886246], [112.971011, -23.886666], [112.968501, -23.887461], [112.965285, -23.888622], [112.96213, -23.889819], [112.959223, -23.890912], [112.95703, -23.891764], [112.955054, -23.892483], [112.952893, -23.893182], [112.950497, -23.893989], [112.947538, -23.894869], [112.945975, -23.895419], [112.943953, -23.896135], [112.940222, -23.897698], [112.936938, -23.899275], [112.933656, -23.900514], [112.932279, -23.901004], [112.930667, -23.901748], [112.928124, -23.903027], [112.925536, -23.904009], [112.923815, -23.904732], [112.920301, -23.906096], [112.91835, -23.9071], [112.916928, -23.907813], [112.913153, -23.909515], [112.910746, -23.910391], [112.908869, -23.91136], [112.907078, -23.91196], [112.904895, -23.912849], [112.902066, -23.914068], [112.900634, -23.914668], [112.899256, -23.915303], [112.894563, -23.917237], [112.891891, -23.918557], [112.888369, -23.920016], [112.886433, -23.920783], [112.883844, -23.921725], [112.882398, -23.922263], [112.879829, -23.923184], [112.877053, -23.924596], [112.874927, -23.925656], [112.871275, -23.927247], [112.867037, -23.92853], [112.86418, -23.929542], [112.861693, -23.930461], [112.857771, -23.931531], [112.855429, -23.932138], [112.85265, -23.933], [112.848843, -23.934423], [112.845463, -23.935241], [112.842746, -23.936003], [112.83929, -23.937084], [112.837366, -23.93801], [112.834486, -23.939183], [112.83097, -23.940501], [112.828933, -23.941277], [112.826239, -23.942153], [112.822869, -23.942968], [112.821347, -23.943493], [112.814468, -23.94561], [112.812087, -23.946143], [112.809362, -23.946783], [112.805832, -23.947697], [112.802077, -23.94843], [112.796901, -23.94956], [112.792676, -23.950592], [112.790577, -23.951347], [112.787471, -23.952082], [112.784206, -23.952739], [112.780724, -23.953647], [112.776417, -23.954628], [112.773139, -23.95562], [112.770409, -23.956516], [112.766642, -23.957781], [112.765791, -23.958681], [112.767431, -23.960716], [112.769379, -23.963414], [112.771431, -23.966404], [112.772931, -23.968371], [112.774385, -23.97031], [112.775896, -23.97222], [112.777307, -23.973797], [112.779785, -23.976083], [112.78154, -23.978154], [112.782408, -23.97946], [112.786185, -23.983785], [112.787655, -23.985621], [112.790284, -23.988896], [112.792166, -23.991624], [112.794719, -23.994693], [112.796474, -23.996393], [112.79826, -23.998473], [112.800493, -24.001283], [112.801797, -24.003248], [112.80651, -24.008627], [112.808656, -24.011709], [112.810846, -24.014208], [112.813059, -24.016641], [112.814563, -24.018354], [112.816712, -24.021189], [112.819443, -24.024397], [112.821147, -24.02662], [112.823112, -24.028496], [112.824692, -24.030479], [112.826855, -24.033349], [112.829065, -24.03699], [112.830308, -24.038499], [112.8331, -24.04199], [112.835345, -24.045292], [112.83775, -24.048025], [112.841736, -24.052589], [112.843192, -24.054207], [112.845757, -24.0574], [112.847292, -24.059521], [112.848455, -24.061047], [112.850433, -24.063717], [112.852283, -24.066438], [112.854779, -24.069246], [112.856263, -24.0711], [112.858763, -24.074363], [112.860926, -24.077099], [112.863937, -24.08033], [112.866221, -24.082759], [112.86777, -24.08491], [112.869843, -24.087092], [112.871179, -24.088522], [112.872552, -24.090329], [112.875393, -24.092862], [112.878073, -24.095406], [112.880537, -24.097657], [112.883452, -24.100856], [112.885683, -24.10322], [112.888531, -24.105646], [112.889717, -24.106626], [112.893865, -24.110357], [112.895257, -24.111726], [112.897534, -24.113905], [112.899663, -24.115961], [112.90165, -24.117853], [112.90379, -24.120491], [112.90603, -24.122972], [112.910467, -24.127753], [112.912036, -24.130136], [112.913711, -24.132384], [112.915993, -24.135175], [112.918915, -24.13827], [112.921437, -24.141285], [112.924218, -24.144307], [112.927125, -24.147003], [112.928567, -24.148706], [112.929819, -24.150372], [112.931507, -24.152548], [112.933529, -24.154885], [112.937129, -24.158835], [112.939843, -24.162476], [112.941783, -24.165232], [112.943949, -24.168269], [112.945651, -24.17023], [112.947323, -24.172299], [112.949302, -24.174535], [112.951961, -24.177364], [112.95405, -24.179761], [112.95733, -24.183997], [112.959826, -24.186652], [112.962462, -24.189358], [112.964239, -24.191706], [112.965693, -24.193448], [112.967309, -24.195476], [112.969347, -24.197659], [112.97076, -24.199163], [112.975198, -24.203182], [112.977136, -24.204983], [112.979756, -24.207036], [112.982477, -24.209497], [112.984276, -24.211116], [112.988908, -24.215123], [112.990518, -24.216244], [112.993075, -24.218745], [112.995526, -24.220973], [112.998059, -24.223441], [113.000666, -24.225354], [113.002894, -24.227025], [113.005526, -24.229038], [113.008137, -24.231091], [113.010978, -24.23326], [113.014374, -24.235517], [113.017819, -24.237638], [113.020993, -24.239223], [113.026425, -24.241945], [113.028482, -24.243166], [113.030873, -24.24468], [113.03315, -24.24624], [113.035098, -24.247866], [113.036807, -24.249223], [113.039258, -24.250523], [113.042567, -24.252062], [113.043858, -24.252662], [113.049398, -24.255328], [113.051757, -24.256293], [113.055973, -24.259217], [113.059857, -24.261432], [113.061673, -24.262872], [113.063753, -24.264474], [113.066324, -24.26606], [113.0684, -24.267302], [113.071503, -24.269372], [113.073037, -24.270426], [113.075384, -24.272436], [113.078122, -24.274504], [113.080316, -24.276056], [113.083084, -24.277744], [113.086657, -24.280282], [113.087899, -24.281364], [113.090201, -24.282879], [113.093002, -24.285218], [113.094654, -24.286484], [113.096507, -24.287753], [113.098592, -24.289392], [113.10241, -24.291913], [113.106111, -24.294215], [113.107895, -24.295636], [113.109487, -24.297059], [113.110803, -24.298276], [113.112914, -24.300406], [113.114606, -24.302178], [113.116033, -24.303648], [113.117189, -24.304902], [113.118384, -24.305912], [113.120049, -24.307308], [113.120955, -24.307873], [113.084032, -24.405887], [113.080577, -24.407058], [113.080937, -24.40821], [113.084287, -24.409891], [113.087669, -24.411592], [113.091565, -24.413782], [113.0939, -24.415565], [113.097775, -24.417714], [113.100691, -24.41948], [113.104469, -24.421842], [113.107881, -24.4241], [113.111302, -24.425973], [113.113796, -24.427398], [113.116815, -24.42899], [113.119686, -24.430483], [113.124201, -24.432902], [113.127693, -24.434603], [113.130778, -24.436227], [113.133768, -24.437881], [113.13797, -24.440133], [113.14152, -24.44203], [113.145475, -24.44404], [113.148188, -24.445472], [113.150897, -24.446675], [113.153621, -24.448044], [113.157336, -24.449764], [113.160307, -24.451279], [113.162973, -24.452412], [113.165453, -24.45372], [113.16893, -24.45587], [113.172257, -24.457884], [113.175717, -24.459629], [113.178448, -24.461676], [113.181384, -24.463644], [113.184898, -24.465946], [113.187944, -24.467456], [113.191663, -24.469903], [113.194861, -24.472029], [113.198465, -24.474963], [113.201147, -24.477015], [113.204764, -24.47971], [113.207571, -24.481767], [113.211428, -24.484543], [113.213319, -24.485817], [113.21646, -24.487976], [113.219867, -24.490073], [113.222904, -24.49253], [113.225331, -24.494904], [113.226486, -24.496174], [113.228043, -24.497946], [113.231506, -24.501156], [113.233211, -24.503274], [113.235623, -24.506298], [113.237748, -24.509352], [113.240236, -24.512778], [113.241924, -24.514997], [113.244264, -24.517809], [113.246532, -24.520376], [113.248887, -24.523329], [113.250248, -24.52537], [113.252956, -24.529406], [113.254436, -24.531387], [113.256539, -24.534232], [113.257501, -24.535781], [113.258926, -24.537877], [113.26244, -24.542706], [113.263452, -24.544192], [113.265089, -24.546], [113.267164, -24.548165], [113.268283, -24.549724], [113.270319, -24.552566], [113.273051, -24.555212], [113.279772, -24.560405], [113.282234, -24.562562], [113.285578, -24.56484], [113.290946, -24.568061], [113.295386, -24.570541], [113.299529, -24.572852], [113.299989, -24.573116], [113.321598, -24.584525], [113.323218, -24.585344], [113.326592, -24.587508], [113.32913, -24.589018], [113.331335, -24.590421], [113.333644, -24.591735], [113.335747, -24.593258], [113.340167, -24.59601], [113.341606, -24.597092], [113.342899, -24.597967], [113.348265, -24.601632], [113.349279, -24.602115], [113.352238, -24.603656], [113.353856, -24.604507], [113.356505, -24.605744], [113.360029, -24.607448], [113.361273, -24.608025], [113.363659, -24.609332], [113.365383, -24.610273], [113.368194, -24.611509], [113.369839, -24.612166], [113.372362, -24.613161], [113.374075, -24.613891], [113.377816, -24.615358], [113.379682, -24.616105], [113.382227, -24.617103], [113.385433, -24.618223], [113.389738, -24.619243], [113.392618, -24.619806], [113.394973, -24.620684], [113.39667, -24.621378], [113.405618, -24.624033], [113.407375, -24.624459], [113.411327, -24.625796], [113.414452, -24.627222], [113.417222, -24.628652], [113.420081, -24.630101], [113.422986, -24.631804], [113.428212, -24.634872], [113.430912, -24.636323], [113.43219, -24.637654], [113.428075, -24.644047], [113.427222, -24.645177], [113.42569, -24.647333], [113.423728, -24.650096], [113.420882, -24.653568], [113.419528, -24.654946], [113.418453, -24.656033], [113.412603, -24.66223], [113.411364, -24.663614], [113.409131, -24.665924], [113.408, -24.667192], [113.405547, -24.669932], [113.40081, -24.675578], [113.396788, -24.680483], [113.395722, -24.681888], [113.394668, -24.683164], [113.388727, -24.690402], [113.38711, -24.692482], [113.38496, -24.695138], [113.378215, -24.703547], [113.376645, -24.705668], [113.370923, -24.712932], [113.368807, -24.715757], [113.369908, -24.716947], [113.373079, -24.719001], [113.375985, -24.720788], [113.377929, -24.722246], [113.379115, -24.723075], [113.386983, -24.729095], [113.388137, -24.72991], [113.392175, -24.733105], [113.394268, -24.734696], [113.395806, -24.735897], [113.397949, -24.737563], [113.400017, -24.739165], [113.401565, -24.740338], [113.403187, -24.741565], [113.404945, -24.742863], [113.407945, -24.745039], [113.410884, -24.747199], [113.413643, -24.749236], [113.416986, -24.751653], [113.418456, -24.752638], [113.420399, -24.754037], [113.422855, -24.75588], [113.426299, -24.758329], [113.434377, -24.764052], [113.439963, -24.768142], [113.441269, -24.769056], [113.442273, -24.769836], [113.443462, -24.770712], [113.445206, -24.771956], [113.446523, -24.772921], [113.447486, -24.773675], [113.449202, -24.774906], [113.450997, -24.77614], [113.454467, -24.778706], [113.455448, -24.779351], [113.456567, -24.780206], [113.459835, -24.782378], [113.463266, -24.784945], [113.46495, -24.786229], [113.465981, -24.787004], [113.467713, -24.788343], [113.47001, -24.790105], [113.471677, -24.7913], [113.472701, -24.792021], [113.477477, -24.795428], [113.478794, -24.796432], [113.48016, -24.797445], [113.482074, -24.798837], [113.485314, -24.801178], [113.489103, -24.804063], [113.491807, -24.805979], [113.4966, -24.809615], [113.49759, -24.810282], [113.501094, -24.81285], [113.507218, -24.817268], [113.510758, -24.819956], [113.516302, -24.824127], [113.517873, -24.82523], [113.519619, -24.826471], [113.52091, -24.827366], [113.522581, -24.828548], [113.525571, -24.83062], [113.528245, -24.832501], [113.529796, -24.833489], [113.533701, -24.836158], [113.541982, -24.841663], [113.544173, -24.843161], [113.549128, -24.846397], [113.553873, -24.849768], [113.555632, -24.850896], [113.558962, -24.853549], [113.561621, -24.855829], [113.564369, -24.858575], [113.563904, -24.858951], [113.567297, -24.860523], [113.577292, -24.86666], [113.579569, -24.867985], [113.582445, -24.87007], [113.585022, -24.873096], [113.587149, -24.875622], [113.591902, -24.881395], [113.594026, -24.883307], [113.596046, -24.885037], [113.600946, -24.88921], [113.603746, -24.891615], [113.605444, -24.893088], [113.607031, -24.894464], [113.608537, -24.895762], [113.610843, -24.897814], [113.616522, -24.902678], [113.620144, -24.905856], [113.622451, -24.908147], [113.623958, -24.90825], [113.628641, -24.907149], [113.629956, -24.906354], [113.63218, -24.905837], [113.633923, -24.906151], [113.635806, -24.907007], [113.638619, -24.90736], [113.640354, -24.907401], [113.640295, -24.907899], [113.642151, -24.909037], [113.645479, -24.909584], [113.647434, -24.910129], [113.649375, -24.909528], [113.651162, -24.907901], [113.651511, -24.904763], [113.651109, -24.900927], [113.650982, -24.899808], [113.650618, -24.89907]]}, "times": ["2023-09-20T04:27:27+00:00", "2023-09-20T04:28:19+00:00", "2023-09-20T04:30:24+00:00", "2023-09-20T04:30:52+00:00", "2023-09-20T04:36:21+00:00", "2023-09-20T04:39:38+00:00", "2023-09-20T04:41:34+00:00", "2023-09-20T04:48:47+00:00", "2023-09-20T04:53:52+00:00", "2023-09-20T05:10:31+00:00", "2023-09-20T05:25:09+00:00", "2023-09-20T05:30:06+00:00", "2023-09-20T05:36:46+00:00", "2023-09-20T05:39:27+00:00", "2023-09-20T05:40:31+00:00", "2023-09-20T05:41:43+00:00", "2023-09-20T05:43:36+00:00", "2023-09-20T05:44:16+00:00", "2023-09-20T05:45:52+00:00", "2023-09-20T05:56:33+00:00", "2023-09-20T06:07:44+00:00", "2023-09-20T06:13:13+00:00", "2023-09-20T06:21:51+00:00", "2023-09-20T06:23:27+00:00", "2023-09-20T06:27:32+00:00", "2023-09-20T06:31:09+00:00", "2023-09-20T06:32:05+00:00", "2023-09-20T06:36:02+00:00", "2023-09-20T06:36:26+00:00", "2023-09-20T06:46:24+00:00", "2023-09-20T06:52:01+00:00", "2023-09-20T06:53:02+00:00", "2023-09-20T06:54:18+00:00", "2023-09-20T07:01:03+00:00", "2023-09-20T07:06:08+00:00", "2023-09-20T07:08:57+00:00", "2023-09-20T07:15:15+00:00", "2023-09-20T07:17:15+00:00", "2023-09-20T07:19:51+00:00", "2023-09-20T07:21:32+00:00", "2023-09-20T07:26:08+00:00", "2023-09-20T07:30:38+00:00", "2023-09-20T07:34:38+00:00", "2023-09-20T07:41:56+00:00", "2023-09-20T08:08:29+00:00", "2023-09-20T08:24:23+00:00", "2023-09-20T08:32:37+00:00", "2023-09-20T08:37:01+00:00", "2023-09-20T08:40:53+00:00", "2023-09-20T08:45:22+00:00", "2023-09-20T08:50:51+00:00", "2023-09-20T09:08:27+00:00", "2023-09-20T09:14:48+00:00", "2023-09-20T09:16:12+00:00", "2023-09-20T09:17:28+00:00", "2023-09-20T09:22:01+00:00", "2023-09-20T09:27:42+00:00", "2023-09-20T09:33:24+00:00", "2023-09-20T09:39:25+00:00", "2023-09-20T09:41:05+00:00", "2023-09-20T09:48:14+00:00", "2023-09-20T09:51:59+00:00", "2023-09-20T09:56:20+00:00", "2023-09-20T09:58:13+00:00", "2023-09-20T10:05:42+00:00", "2023-09-20T10:13:00+00:00", "2023-09-20T10:23:27+00:00", "2023-09-20T10:29:29+00:00", "2023-09-20T10:36:38+00:00", "2023-09-20T10:43:55+00:00", "2023-09-20T10:53:13+00:00", "2023-09-20T10:54:37+00:00", "2023-09-20T11:00:23+00:00", "2023-09-20T11:04:04+00:00", "2023-09-20T11:04:48+00:00", "2023-09-20T11:06:12+00:00", "2023-09-20T11:09:57+00:00", "2023-09-20T11:12:18+00:00", "2023-09-20T11:16:50+00:00", "2023-09-20T11:17:43+00:00", "2023-09-20T11:23:12+00:00", "2023-09-20T11:38:11+00:00", "2023-09-20T11:39:35+00:00", "2023-09-20T11:41:07+00:00", "2023-09-20T11:48:20+00:00", "2023-09-20T11:52:44+00:00", "2023-09-20T11:56:28+00:00", "2023-09-20T11:57:20+00:00", "2023-09-20T12:06:53+00:00", "2023-09-20T12:09:21+00:00", "2023-09-20T12:13:13+00:00", "2023-09-20T12:14:41+00:00", "2023-09-20T12:16:18+00:00", "2023-09-20T12:26:14+00:00", "2023-09-20T12:39:59+00:00", "2023-09-20T12:48:32+00:00", "2023-09-20T12:54:08+00:00", "2023-09-20T13:09:19+00:00", "2023-09-20T13:09:59+00:00", "2023-09-20T13:16:48+00:00", "2023-09-20T13:34:18+00:00", "2023-09-20T13:39:51+00:00", "2023-09-20T13:42:39+00:00", "2023-09-20T13:53:51+00:00", "2023-09-20T13:58:56+00:00", "2023-09-20T14:00:48+00:00", "2023-09-20T14:05:00+00:00", "2023-09-20T14:12:37+00:00", "2023-09-20T14:21:22+00:00", "2023-09-20T14:29:04+00:00", "2023-09-20T14:34:58+00:00", "2023-09-20T14:41:51+00:00", "2023-09-20T14:46:25+00:00", "2023-09-20T14:53:39+00:00", "2023-09-20T15:03:12+00:00", "2023-09-20T15:07:58+00:00", "2023-09-20T15:13:55+00:00", "2023-09-20T15:15:55+00:00", "2023-09-20T15:19:08+00:00", "2023-09-20T15:20:08+00:00", "2023-09-20T15:25:41+00:00", "2023-09-20T15:28:38+00:00", "2023-09-20T15:31:47+00:00", "2023-09-20T15:34:07+00:00", "2023-09-20T15:37:12+00:00", "2023-09-20T15:42:01+00:00", "2023-09-20T15:46:58+00:00", "2023-09-20T15:48:58+00:00", "2023-09-20T15:52:51+00:00", "2023-09-20T15:56:16+00:00", "2023-09-20T16:00:21+00:00", "2023-09-20T16:03:38+00:00", "2023-09-20T16:07:31+00:00", "2023-09-20T16:11:19+00:00", "2023-09-20T16:16:08+00:00", "2023-09-20T16:20:33+00:00", "2023-09-20T16:22:54+00:00", "2023-09-20T16:25:51+00:00", "2023-09-20T16:31:04+00:00", "2023-09-20T16:34:56+00:00", "2023-09-20T16:38:29+00:00", "2023-09-20T16:40:21+00:00", "2023-09-20T16:45:02+00:00", "2023-09-20T16:46:43+00:00", "2023-09-20T16:51:52+00:00", "2023-09-20T16:55:00+00:00", "2023-09-20T16:59:01+00:00", "2023-09-20T17:01:01+00:00", "2023-09-20T17:04:46+00:00", "2023-09-20T17:10:07+00:00", "2023-09-20T17:13:36+00:00", "2023-09-20T17:17:48+00:00", "2023-09-20T17:20:45+00:00", "2023-09-20T17:22:53+00:00", "2023-09-20T17:25:26+00:00", "2023-09-20T17:26:34+00:00", "2023-09-20T17:29:34+00:00", "2023-09-20T17:32:31+00:00", "2023-09-20T17:33:35+00:00", "2023-09-20T17:36:56+00:00", "2023-09-20T17:39:48+00:00", "2023-09-20T17:40:32+00:00", "2023-09-20T17:44:33+00:00", "2023-09-20T17:46:53+00:00", "2023-09-20T17:48:30+00:00", "2023-09-20T17:53:51+00:00", "2023-09-20T17:56:11+00:00", "2023-09-20T17:58:11+00:00", "2023-09-20T18:00:12+00:00", "2023-09-20T18:01:52+00:00", "2023-09-20T18:04:25+00:00", "2023-09-20T18:08:01+00:00", "2023-09-20T18:09:45+00:00", "2023-09-20T18:13:06+00:00", "2023-09-20T18:15:27+00:00", "2023-09-20T18:16:59+00:00", "2023-09-20T18:22:16+00:00", "2023-09-20T18:25:49+00:00", "2023-09-20T18:27:57+00:00", "2023-09-20T18:30:38+00:00", "2023-09-20T18:31:51+00:00", "2023-09-20T18:32:55+00:00", "2023-09-20T18:36:56+00:00", "2023-09-20T18:39:04+00:00", "2023-09-20T18:40:52+00:00", "2023-09-20T18:43:01+00:00", "2023-09-20T18:45:29+00:00", "2023-09-20T18:47:33+00:00", "2023-09-20T18:48:17+00:00", "2023-09-20T18:50:22+00:00", "2023-09-20T18:53:39+00:00", "2023-09-20T18:56:47+00:00", "2023-09-20T18:58:32+00:00", "2023-09-20T19:00:33+00:00", "2023-09-20T19:02:53+00:00", "2023-09-20T19:04:34+00:00", "2023-09-20T19:08:50+00:00", "2023-09-20T19:12:19+00:00", "2023-09-20T19:13:23+00:00", "2023-09-20T19:17:28+00:00", "2023-09-20T19:18:37+00:00", "2023-09-20T19:22:29+00:00", "2023-09-20T19:24:34+00:00", "2023-09-20T19:26:59+00:00", "2023-09-20T19:29:19+00:00", "2023-09-20T19:31:32+00:00", "2023-09-20T19:34:32+00:00", "2023-09-20T19:37:37+00:00", "2023-09-20T19:40:54+00:00", "2023-09-20T19:43:06+00:00", "2023-09-20T19:46:59+00:00", "2023-09-20T19:51:03+00:00", "2023-09-20T19:55:24+00:00", "2023-09-20T19:57:40+00:00", "2023-09-20T20:01:57+00:00", "2023-09-20T20:02:57+00:00", "2023-09-20T20:10:15+00:00", "2023-09-20T20:11:35+00:00", "2023-09-20T20:12:27+00:00", "2023-09-20T20:15:36+00:00", "2023-09-20T20:17:53+00:00", "2023-09-20T20:20:46+00:00", "2023-09-20T20:22:34+00:00", "2023-09-20T20:24:47+00:00", "2023-09-20T20:27:47+00:00", "2023-09-20T20:29:31+00:00", "2023-09-20T20:32:56+00:00", "2023-09-20T20:34:20+00:00", "2023-09-20T20:38:09+00:00", "2023-09-20T20:40:45+00:00", "2023-09-20T20:42:54+00:00", "2023-09-20T20:44:02+00:00", "2023-09-20T20:46:26+00:00", "2023-09-20T20:55:25+00:00", "2023-09-20T20:57:13+00:00", "2023-09-20T21:01:02+00:00", "2023-09-20T21:03:22+00:00", "2023-09-20T21:05:11+00:00", "2023-09-20T21:08:03+00:00", "2023-09-20T21:09:11+00:00", "2023-09-20T21:13:04+00:00", "2023-09-20T21:14:21+00:00", "2023-09-20T21:19:02+00:00", "2023-09-20T21:20:22+00:00", "2023-09-20T21:24:07+00:00", "2023-09-20T21:26:35+00:00", "2023-09-20T21:28:36+00:00", "2023-09-20T21:30:56+00:00", "2023-09-20T21:33:00+00:00", "2023-09-20T21:36:01+00:00", "2023-09-20T21:41:10+00:00", "2023-09-20T21:43:58+00:00", "2023-09-20T21:46:47+00:00", "2023-09-20T21:49:19+00:00", "2023-09-20T21:51:40+00:00", "2023-09-20T21:53:36+00:00", "2023-09-20T21:58:09+00:00", "2023-09-20T22:01:38+00:00", "2023-09-20T22:05:06+00:00", "2023-09-20T22:07:27+00:00", "2023-09-20T22:08:11+00:00", "2023-09-20T22:10:28+00:00", "2023-09-20T22:14:28+00:00", "2023-09-20T22:16:49+00:00", "2023-09-20T22:19:25+00:00", "2023-09-20T22:21:41+00:00", "2023-09-20T22:26:39+00:00", "2023-09-20T22:29:27+00:00", "2023-09-20T22:31:28+00:00", "2023-09-20T22:34:03+00:00", "2023-09-20T22:36:08+00:00", "2023-09-20T22:38:00+00:00", "2023-09-20T22:39:53+00:00", "2023-09-20T22:45:21+00:00", "2023-09-20T22:47:30+00:00", "2023-09-20T22:49:26+00:00", "2023-09-20T22:51:23+00:00", "2023-09-20T22:53:51+00:00", "2023-09-20T22:55:32+00:00", "2023-09-20T22:58:24+00:00", "2023-09-20T23:00:45+00:00", "2023-09-20T23:01:37+00:00", "2023-09-20T23:07:10+00:00", "2023-09-20T23:09:54+00:00", "2023-09-20T23:11:07+00:00", "2023-09-20T23:15:36+00:00", "2023-09-20T23:19:16+00:00", "2023-09-20T23:27:54+00:00", "2023-09-20T23:31:51+00:00", "2023-09-20T23:33:55+00:00", "2023-09-20T23:35:40+00:00", "2023-09-20T23:37:40+00:00", "2023-09-20T23:41:29+00:00", "2023-09-20T23:43:13+00:00", "2023-09-20T23:45:21+00:00", "2023-09-20T23:47:46+00:00", "2023-09-20T23:52:47+00:00", "2023-09-20T23:54:27+00:00", "2023-09-20T23:57:24+00:00", "2023-09-20T23:58:08+00:00", "2023-09-20T23:59:40+00:00", "2023-09-21T00:01:12+00:00", "2023-09-21T00:02:33+00:00", "2023-09-21T00:07:34+00:00", "2023-09-21T00:09:14+00:00", "2023-09-21T00:11:31+00:00", "2023-09-21T00:13:15+00:00", "2023-09-21T00:16:28+00:00", "2023-09-21T00:18:12+00:00", "2023-09-21T00:20:00+00:00", "2023-09-21T00:23:29+00:00", "2023-09-21T00:26:34+00:00", "2023-09-21T00:27:06+00:00", "2023-09-21T00:31:06+00:00", "2023-09-21T00:32:51+00:00", "2023-09-21T00:36:15+00:00", "2023-09-21T00:38:11+00:00", "2023-09-21T00:39:31+00:00", "2023-09-21T00:42:28+00:00", "2023-09-21T00:44:36+00:00", "2023-09-21T00:47:53+00:00", "2023-09-21T00:50:21+00:00", "2023-09-21T00:52:10+00:00", "2023-09-21T00:56:59+00:00", "2023-09-21T00:57:31+00:00", "2023-09-21T01:02:20+00:00", "2023-09-21T01:06:13+00:00", "2023-09-21T01:07:17+00:00", "2023-09-21T01:08:37+00:00", "2023-09-21T01:09:49+00:00", "2023-09-21T01:13:26+00:00", "2023-09-21T01:15:07+00:00", "2023-09-21T01:16:27+00:00", "2023-09-21T01:21:08+00:00", "2023-09-21T01:24:32+00:00", "2023-09-21T01:25:41+00:00", "2023-09-21T01:27:01+00:00", "2023-09-21T01:30:26+00:00", "2023-09-21T01:33:23+00:00", "2023-09-21T01:35:31+00:00", "2023-09-21T01:39:24+00:00", "2023-09-21T01:40:28+00:00", "2023-09-21T01:42:13+00:00", "2023-09-21T01:44:37+00:00", "2023-09-21T01:47:38+00:00", "2023-09-21T01:48:54+00:00", "2023-09-21T01:51:31+00:00", "2023-09-21T01:52:43+00:00", "2023-09-21T01:55:11+00:00", "2023-09-21T01:57:36+00:00", "2023-09-21T01:59:08+00:00", "2023-09-21T02:01:37+00:00", "2023-09-21T02:03:41+00:00", "2023-09-21T02:04:09+00:00", "2023-09-21T02:09:02+00:00", "2023-09-21T02:10:35+00:00", "2023-09-21T02:13:04+00:00", "2023-09-21T02:14:16+00:00", "2023-09-21T02:16:56+00:00", "2023-09-21T02:19:05+00:00", "2023-09-21T02:21:21+00:00", "2023-09-21T02:22:57+00:00", "2023-09-21T02:25:46+00:00", "2023-09-21T02:28:59+00:00", "2023-09-21T02:30:49+00:00", "2023-09-21T02:35:14+00:00", "2023-09-21T02:37:30+00:00", "2023-09-21T02:40:31+00:00", "2023-09-21T02:42:27+00:00", "2023-09-21T02:44:44+00:00", "2023-09-21T02:46:16+00:00", "2023-09-21T02:50:17+00:00", "2023-09-21T02:53:45+00:00", "2023-09-21T02:55:18+00:00", "2023-09-21T03:00:42+00:00", "2023-09-21T03:03:47+00:00", "2023-09-21T03:07:52+00:00", "2023-09-21T03:10:12+00:00", "2023-09-21T03:13:24+00:00", "2023-09-21T03:15:37+00:00", "2023-09-21T03:20:42+00:00", "2023-09-21T03:22:42+00:00", "2023-09-21T03:26:39+00:00", "2023-09-21T03:29:27+00:00", "2023-09-21T03:32:40+00:00", "2023-09-21T03:35:33+00:00", "2023-09-21T03:38:17+00:00", "2023-09-21T03:40:21+00:00", "2023-09-21T03:43:58+00:00", "2023-09-21T03:47:27+00:00", "2023-09-21T03:49:15+00:00", "2023-09-21T03:54:40+00:00", "2023-09-21T03:58:21+00:00", "2023-09-21T04:01:18+00:00", "2023-09-21T04:03:46+00:00", "2023-09-21T04:08:15+00:00", "2023-09-21T04:10:19+00:00", "2023-09-21T04:13:00+00:00", "2023-09-21T04:19:53+00:00", "2023-09-21T04:21:01+00:00", "2023-09-21T04:23:42+00:00", "2023-09-21T04:25:30+00:00", "2023-09-21T04:27:42+00:00", "2023-09-21T04:30:38+00:00", "2023-09-21T04:31:46+00:00", "2023-09-21T04:35:58+00:00", "2023-09-21T04:38:51+00:00", "2023-09-21T04:43:04+00:00", "2023-09-21T04:44:52+00:00", "2023-09-21T04:47:52+00:00", "2023-09-21T04:49:32+00:00", "2023-09-21T04:52:40+00:00", "2023-09-21T04:54:57+00:00", "2023-09-21T04:57:33+00:00", "2023-09-21T04:59:25+00:00", "2023-09-21T05:03:17+00:00", "2023-09-21T05:05:29+00:00", "2023-09-21T05:07:33+00:00", "2023-09-21T05:09:46+00:00", "2023-09-21T05:12:10+00:00", "2023-09-21T05:13:46+00:00", "2023-09-21T05:15:38+00:00", "2023-09-21T05:18:58+00:00", "2023-09-21T05:20:42+00:00", "2023-09-21T05:22:02+00:00", "2023-09-21T05:26:18+00:00", "2023-09-21T05:28:07+00:00", "2023-09-21T05:30:19+00:00", "2023-09-21T05:31:43+00:00", "2023-09-21T05:34:23+00:00", "2023-09-21T05:36:31+00:00", "2023-09-21T05:39:15+00:00", "2023-09-21T05:41:47+00:00", "2023-09-21T05:44:04+00:00", "2023-09-21T05:47:40+00:00", "2023-09-21T05:49:24+00:00", "2023-09-21T05:53:16+00:00", "2023-09-21T05:56:36+00:00", "2023-09-21T05:58:20+00:00", "2023-09-21T05:59:41+00:00", "2023-09-21T06:02:37+00:00", "2023-09-21T06:03:49+00:00", "2023-09-21T06:08:34+00:00", "2023-09-21T06:09:26+00:00", "2023-09-21T06:12:58+00:00", "2023-09-21T06:14:30+00:00", "2023-09-21T06:18:19+00:00", "2023-09-21T06:20:35+00:00", "2023-09-21T06:22:07+00:00", "2023-09-21T06:23:52+00:00", "2023-09-21T06:26:12+00:00", "2023-09-21T06:28:09+00:00", "2023-09-21T06:30:01+00:00", "2023-09-21T06:31:37+00:00", "2023-09-21T06:34:30+00:00", "2023-09-21T06:35:26+00:00", "2023-09-21T06:41:39+00:00", "2023-09-21T06:43:47+00:00", "2023-09-21T06:45:27+00:00", "2023-09-21T06:48:52+00:00", "2023-09-21T06:50:32+00:00", "2023-09-21T06:52:53+00:00", "2023-09-21T06:54:33+00:00", "2023-09-21T06:56:22+00:00", "2023-09-21T06:59:02+00:00", "2023-09-21T06:59:46+00:00", "2023-09-21T07:01:34+00:00", "2023-09-21T07:02:46+00:00", "2023-09-21T07:03:46+00:00", "2023-09-21T07:05:46+00:00", "2023-09-21T07:07:38+00:00", "2023-09-21T07:08:26+00:00", "2023-09-21T07:11:07+00:00", "2023-09-21T07:12:15+00:00", "2023-09-21T07:13:03+00:00", "2023-09-21T07:16:23+00:00", "2023-09-21T07:18:20+00:00", "2023-09-21T07:19:12+00:00", "2023-09-21T07:21:33+00:00", "2023-09-21T07:24:21+00:00", "2023-09-21T07:24:53+00:00", "2023-09-21T07:30:22+00:00", "2023-09-21T07:31:22+00:00", "2023-09-21T07:32:55+00:00", "2023-09-21T07:34:15+00:00", "2023-09-21T07:37:39+00:00", "2023-09-21T07:39:00+00:00", "2023-09-21T07:41:16+00:00", "2023-09-21T07:43:37+00:00", "2023-09-21T07:47:10+00:00", "2023-09-21T07:48:02+00:00", "2023-09-21T07:51:03+00:00", "2023-09-21T07:51:27+00:00", "2023-09-21T07:52:47+00:00", "2023-09-21T07:55:00+00:00", "2023-09-21T07:56:32+00:00", "2023-09-21T07:58:40+00:00", "2023-09-21T07:59:53+00:00", "2023-09-21T08:03:30+00:00", "2023-09-21T08:03:54+00:00", "2023-09-21T08:08:23+00:00", "2023-09-21T08:10:27+00:00", "2023-09-21T08:15:24+00:00", "2023-09-21T08:18:41+00:00", "2023-09-21T08:19:21+00:00", "2023-09-21T08:23:50+00:00", "2023-09-21T08:25:14+00:00", "2023-09-21T08:26:26+00:00", "2023-09-21T08:28:26+00:00", "2023-09-21T08:30:23+00:00", "2023-09-21T08:32:40+00:00", "2023-09-21T08:35:08+00:00", "2023-09-21T08:36:49+00:00", "2023-09-21T08:38:05+00:00", "2023-09-21T08:40:09+00:00", "2023-09-21T08:41:17+00:00", "2023-09-21T08:43:17+00:00", "2023-09-21T08:44:17+00:00", "2023-09-21T08:46:17+00:00", "2023-09-21T08:47:33+00:00", "2023-09-21T08:50:10+00:00", "2023-09-21T08:51:26+00:00", "2023-09-21T08:54:38+00:00", "2023-09-21T08:55:42+00:00", "2023-09-21T08:56:54+00:00", "2023-09-21T09:00:22+00:00", "2023-09-21T09:01:38+00:00", "2023-09-21T09:03:22+00:00", "2023-09-21T09:05:43+00:00", "2023-09-21T09:07:07+00:00", "2023-09-21T09:09:31+00:00", "2023-09-21T09:11:35+00:00", "2023-09-21T09:13:11+00:00", "2023-09-21T09:15:07+00:00", "2023-09-21T09:17:15+00:00", "2023-09-21T09:19:11+00:00", "2023-09-21T09:20:11+00:00", "2023-09-21T09:22:24+00:00", "2023-09-21T09:23:40+00:00", "2023-09-21T09:26:36+00:00", "2023-09-21T09:27:36+00:00", "2023-09-21T09:29:08+00:00", "2023-09-21T09:32:12+00:00", "2023-09-21T09:33:04+00:00", "2023-09-21T09:34:36+00:00", "2023-09-21T09:36:28+00:00", "2023-09-21T09:38:16+00:00", "2023-09-21T09:40:13+00:00", "2023-09-21T09:42:45+00:00", "2023-09-21T09:43:45+00:00", "2023-09-21T09:46:41+00:00", "2023-09-21T09:47:09+00:00", "2023-09-21T09:48:01+00:00", "2023-09-21T09:50:33+00:00", "2023-09-21T09:52:05+00:00", "2023-09-21T09:55:02+00:00", "2023-09-21T09:56:26+00:00", "2023-09-21T09:57:22+00:00", "2023-09-21T10:00:14+00:00", "2023-09-21T10:03:11+00:00", "2023-09-21T10:06:47+00:00", "2023-09-21T10:08:43+00:00", "2023-09-21T10:11:28+00:00", "2023-09-21T10:15:45+00:00", "2023-09-21T10:18:41+00:00", "2023-09-21T10:20:26+00:00", "2023-09-21T10:21:30+00:00", "2023-09-21T10:26:03+00:00", "2023-09-21T10:26:27+00:00", "2023-09-21T10:31:25+00:00", "2023-09-21T10:32:17+00:00", "2023-09-21T10:32:57+00:00", "2023-09-21T10:35:50+00:00", "2023-09-21T10:37:34+00:00", "2023-09-21T10:41:34+00:00", "2023-09-21T10:43:58+00:00", "2023-09-21T10:45:50+00:00", "2023-09-21T10:47:50+00:00", "2023-09-21T10:50:27+00:00", "2023-09-21T10:51:31+00:00", "2023-09-21T10:54:19+00:00", "2023-09-21T10:55:43+00:00", "2023-09-21T11:00:17+00:00", "2023-09-21T11:02:29+00:00", "2023-09-21T11:03:25+00:00", "2023-09-21T11:06:01+00:00", "2023-09-21T11:11:09+00:00", "2023-09-21T11:13:13+00:00", "2023-09-21T11:15:01+00:00", "2023-09-21T11:19:06+00:00", "2023-09-21T11:20:06+00:00", "2023-09-21T11:20:42+00:00", "2023-09-21T11:23:06+00:00", "2023-09-21T11:24:06+00:00", "2023-09-21T11:27:50+00:00", "2023-09-21T11:30:22+00:00", "2023-09-21T11:36:31+00:00", "2023-09-21T11:37:55+00:00", "2023-09-21T11:41:31+00:00", "2023-09-21T11:43:11+00:00", "2023-09-21T11:44:27+00:00", "2023-09-21T11:47:15+00:00", "2023-09-21T11:48:31+00:00", "2023-09-21T11:51:24+00:00", "2023-09-21T11:55:56+00:00", "2023-09-21T11:58:09+00:00", "2023-09-21T12:00:02+00:00", "2023-09-21T12:02:42+00:00", "2023-09-21T12:04:18+00:00", "2023-09-21T12:07:11+00:00", "2023-09-21T12:08:39+00:00", "2023-09-21T12:11:11+00:00", "2023-09-21T12:14:19+00:00", "2023-09-21T12:18:04+00:00", "2023-09-21T12:19:24+00:00", "2023-09-21T12:22:48+00:00", "2023-09-21T12:24:08+00:00", "2023-09-21T12:26:40+00:00", "2023-09-21T12:28:36+00:00", "2023-09-21T12:33:53+00:00", "2023-09-21T12:40:01+00:00", "2023-09-21T12:43:13+00:00", "2023-09-21T12:45:57+00:00", "2023-09-21T12:47:54+00:00", "2023-09-21T12:49:42+00:00", "2023-09-21T12:50:42+00:00", "2023-09-21T12:54:46+00:00", "2023-09-21T12:56:50+00:00", "2023-09-21T12:58:14+00:00", "2023-09-21T13:01:02+00:00", "2023-09-21T13:02:10+00:00", "2023-09-21T13:04:22+00:00", "2023-09-21T13:06:35+00:00", "2023-09-21T13:08:07+00:00", "2023-09-21T13:09:11+00:00", "2023-09-21T13:12:59+00:00", "2023-09-21T13:16:39+00:00", "2023-09-21T13:19:41+00:00", "2023-09-21T13:25:09+00:00", "2023-09-21T13:26:50+00:00", "2023-09-21T13:29:50+00:00", "2023-09-21T13:30:58+00:00", "2023-09-21T13:39:35+00:00", "2023-09-21T13:40:23+00:00", "2023-09-21T13:45:31+00:00", "2023-09-21T13:46:31+00:00", "2023-09-21T13:53:16+00:00", "2023-09-21T13:55:04+00:00", "2023-09-21T13:58:05+00:00", "2023-09-21T14:00:57+00:00", "2023-09-21T14:03:57+00:00", "2023-09-21T14:06:45+00:00", "2023-09-21T14:10:57+00:00", "2023-09-21T14:14:22+00:00", "2023-09-21T14:16:18+00:00", "2023-09-21T14:17:30+00:00", "2023-09-21T14:24:06+00:00", "2023-09-21T14:27:38+00:00", "2023-09-21T14:29:34+00:00", "2023-09-21T14:32:39+00:00", "2023-09-21T14:35:45+00:00", "2023-09-21T14:37:09+00:00", "2023-09-21T14:42:02+00:00", "2023-09-21T14:44:30+00:00", "2023-09-21T14:45:54+00:00", "2023-09-21T14:50:42+00:00", "2023-09-21T14:53:30+00:00", "2023-09-21T14:54:22+00:00", "2023-09-21T14:56:47+00:00", "2023-09-21T14:59:11+00:00", "2023-09-21T15:01:27+00:00", "2023-09-21T15:05:55+00:00", "2023-09-21T15:07:23+00:00", "2023-09-21T15:08:31+00:00", "2023-09-21T15:12:28+00:00", "2023-09-21T15:14:48+00:00", "2023-09-21T15:18:28+00:00", "2023-09-21T15:20:12+00:00", "2023-09-21T15:22:28+00:00", "2023-09-21T15:27:44+00:00", "2023-09-21T15:29:29+00:00", "2023-09-21T15:36:57+00:00", "2023-09-21T15:38:01+00:00", "2023-09-21T15:39:57+00:00", "2023-09-21T15:42:17+00:00", "2023-09-21T15:46:18+00:00", "2023-09-21T15:47:30+00:00", "2023-09-21T15:50:54+00:00", "2023-09-21T15:53:10+00:00", "2023-09-21T15:56:30+00:00", "2023-09-21T15:57:58+00:00", "2023-09-21T16:01:26+00:00", "2023-09-21T16:04:10+00:00", "2023-09-21T16:05:55+00:00", "2023-09-21T16:08:51+00:00", "2023-09-21T16:10:55+00:00", "2023-09-21T16:13:15+00:00", "2023-09-21T16:16:59+00:00", "2023-09-21T16:18:31+00:00", "2023-09-21T16:20:59+00:00", "2023-09-21T16:22:04+00:00", "2023-09-21T16:26:32+00:00", "2023-09-21T16:28:44+00:00", "2023-09-21T16:30:48+00:00", "2023-09-21T16:32:52+00:00", "2023-09-21T16:35:04+00:00", "2023-09-21T16:40:45+00:00", "2023-09-21T16:42:13+00:00", "2023-09-21T16:44:49+00:00", "2023-09-21T16:46:37+00:00", "2023-09-21T16:50:21+00:00", "2023-09-21T16:52:37+00:00", "2023-09-21T16:54:01+00:00", "2023-09-21T16:57:01+00:00", "2023-09-21T16:58:26+00:00", "2023-09-21T17:00:50+00:00", "2023-09-21T17:01:54+00:00", "2023-09-21T17:05:42+00:00", "2023-09-21T17:07:50+00:00", "2023-09-21T17:13:54+00:00", "2023-09-21T17:15:27+00:00", "2023-09-21T17:16:35+00:00", "2023-09-21T17:18:43+00:00", "2023-09-21T17:21:23+00:00", "2023-09-21T17:23:27+00:00", "2023-09-21T17:26:23+00:00", "2023-09-21T17:28:27+00:00", "2023-09-21T17:30:51+00:00", "2023-09-21T17:33:32+00:00", "2023-09-21T17:36:36+00:00", "2023-09-21T17:40:24+00:00", "2023-09-21T17:42:48+00:00", "2023-09-21T17:44:44+00:00", "2023-09-21T17:49:32+00:00", "2023-09-21T17:50:49+00:00", "2023-09-21T17:51:49+00:00", "2023-09-21T17:55:09+00:00", "2023-09-21T17:56:41+00:00", "2023-09-21T17:59:57+00:00", "2023-09-21T18:02:17+00:00", "2023-09-21T18:04:09+00:00", "2023-09-21T18:05:54+00:00", "2023-09-21T18:08:42+00:00", "2023-09-21T18:10:54+00:00", "2023-09-21T18:12:10+00:00", "2023-09-21T18:13:46+00:00", "2023-09-21T18:19:30+00:00", "2023-09-21T18:24:03+00:00", "2023-09-21T18:30:47+00:00", "2023-09-21T18:35:47+00:00", "2023-09-21T18:37:51+00:00", "2023-09-21T18:39:20+00:00", "2023-09-21T18:46:12+00:00", "2023-09-21T18:49:00+00:00", "2023-09-21T18:55:45+00:00", "2023-09-21T19:01:09+00:00", "2023-09-21T19:02:05+00:00", "2023-09-21T19:04:06+00:00", "2023-09-21T19:05:38+00:00", "2023-09-21T19:07:22+00:00", "2023-09-21T19:09:02+00:00", "2023-09-21T19:11:26+00:00", "2023-09-21T19:13:58+00:00", "2023-09-21T19:15:50+00:00", "2023-09-21T19:17:34+00:00", "2023-09-21T19:20:38+00:00", "2023-09-21T19:22:59+00:00", "2023-09-21T19:24:43+00:00", "2023-09-21T19:26:19+00:00", "2023-09-21T19:30:27+00:00", "2023-09-21T19:33:11+00:00", "2023-09-21T19:36:31+00:00", "2023-09-21T19:38:36+00:00", "2023-09-21T19:41:44+00:00", "2023-09-21T19:44:36+00:00", "2023-09-21T19:46:24+00:00", "2023-09-21T19:50:44+00:00", "2023-09-21T19:53:33+00:00", "2023-09-21T19:55:41+00:00", "2023-09-21T19:57:45+00:00", "2023-09-21T20:01:33+00:00", "2023-09-21T20:03:13+00:00", "2023-09-21T20:06:05+00:00", "2023-09-21T20:08:38+00:00", "2023-09-21T20:16:30+00:00", "2023-09-21T20:21:14+00:00", "2023-09-21T20:29:15+00:00", "2023-09-21T20:34:35+00:00", "2023-09-21T20:39:15+00:00", "2023-09-21T20:49:12+00:00", "2023-09-21T20:55:25+00:00", "2023-09-21T21:03:29+00:00", "2023-09-21T21:08:41+00:00", "2023-09-21T21:16:50+00:00", "2023-09-21T21:20:55+00:00", "2023-09-21T21:27:51+00:00", "2023-09-21T21:30:39+00:00", "2023-09-21T21:35:51+00:00", "2023-09-21T21:36:48+00:00", "2023-09-21T21:40:12+00:00", "2023-09-21T21:41:08+00:00", "2023-09-21T21:46:00+00:00", "2023-09-21T21:51:36+00:00", "2023-09-21T21:54:05+00:00", "2023-09-21T21:56:01+00:00", "2023-09-21T21:58:13+00:00", "2023-09-21T22:00:53+00:00", "2023-09-21T22:02:29+00:00", "2023-09-21T22:06:09+00:00", "2023-09-21T22:07:21+00:00", "2023-09-21T22:10:42+00:00", "2023-09-21T22:13:02+00:00", "2023-09-21T22:15:46+00:00", "2023-09-21T22:20:02+00:00", "2023-09-21T22:21:55+00:00", "2023-09-21T22:25:27+00:00", "2023-09-21T22:25:59+00:00", "2023-09-21T22:29:59+00:00", "2023-09-21T22:31:56+00:00", "2023-09-21T22:33:26+00:00", "2023-09-21T22:37:34+00:00", "2023-09-21T22:40:02+00:00", "2023-09-21T22:43:10+00:00", "2023-09-21T22:44:22+00:00", "2023-09-21T22:48:42+00:00", "2023-09-21T22:53:51+00:00", "2023-09-21T22:58:59+00:00", "2023-09-21T23:01:15+00:00", "2023-09-21T23:04:23+00:00", "2023-09-21T23:06:11+00:00", "2023-09-21T23:08:20+00:00", "2023-09-21T23:11:24+00:00", "2023-09-21T23:14:52+00:00", "2023-09-21T23:17:44+00:00", "2023-09-21T23:20:56+00:00", "2023-09-21T23:22:24+00:00", "2023-09-21T23:26:41+00:00", "2023-09-21T23:29:09+00:00", "2023-09-21T23:32:05+00:00", "2023-09-21T23:34:25+00:00", "2023-09-21T23:36:41+00:00", "2023-09-21T23:42:26+00:00", "2023-09-21T23:45:38+00:00", "2023-09-21T23:48:14+00:00", "2023-09-21T23:50:10+00:00", "2023-09-21T23:53:38+00:00", "2023-09-21T23:57:34+00:00", "2023-09-21T23:58:58+00:00", "2023-09-22T00:03:07+00:00", "2023-09-22T00:05:39+00:00", "2023-09-22T00:08:51+00:00", "2023-09-22T00:12:35+00:00", "2023-09-22T00:15:48+00:00", "2023-09-22T00:20:49+00:00", "2023-09-22T00:24:37+00:00", "2023-09-22T00:26:29+00:00", "2023-09-22T00:28:17+00:00", "2023-09-22T00:30:21+00:00", "2023-09-22T00:34:17+00:00", "2023-09-22T00:36:58+00:00", "2023-09-22T00:38:34+00:00", "2023-09-22T00:40:10+00:00", "2023-09-22T00:42:38+00:00", "2023-09-22T00:44:34+00:00", "2023-09-22T00:45:42+00:00", "2023-09-22T00:50:30+00:00", "2023-09-22T00:53:03+00:00", "2023-09-22T00:53:43+00:00", "2023-09-22T00:55:07+00:00", "2023-09-22T00:56:19+00:00", "2023-09-22T00:59:03+00:00", "2023-09-22T01:01:11+00:00", "2023-09-22T01:02:27+00:00", "2023-09-22T01:06:03+00:00", "2023-09-22T01:06:47+00:00", "2023-09-22T01:09:36+00:00", "2023-09-22T01:11:00+00:00", "2023-09-22T01:13:41+00:00", "2023-09-22T01:14:49+00:00", "2023-09-22T01:18:33+00:00", "2023-09-22T01:20:18+00:00", "2023-09-22T01:22:22+00:00", "2023-09-22T01:23:50+00:00", "2023-09-22T01:28:59+00:00", "2023-09-22T01:31:31+00:00", "2023-09-22T01:34:03+00:00", "2023-09-22T01:35:35+00:00", "2023-09-22T01:37:11+00:00", "2023-09-22T01:41:44+00:00", "2023-09-22T01:43:56+00:00", "2023-09-22T01:45:44+00:00", "2023-09-22T01:50:37+00:00", "2023-09-22T01:51:49+00:00", "2023-09-22T01:55:41+00:00", "2023-09-22T01:57:06+00:00", "2023-09-22T02:00:26+00:00", "2023-09-22T02:02:47+00:00", "2023-09-22T02:04:52+00:00", "2023-09-22T02:06:32+00:00", "2023-09-22T02:09:24+00:00", "2023-09-22T02:14:08+00:00", "2023-09-22T02:16:24+00:00", "2023-09-22T02:18:20+00:00", "2023-09-22T02:19:32+00:00", "2023-09-22T02:26:49+00:00", "2023-09-22T02:27:57+00:00", "2023-09-22T02:29:57+00:00", "2023-09-22T02:33:06+00:00", "2023-09-22T02:35:15+00:00", "2023-09-22T02:36:11+00:00", "2023-09-22T02:38:51+00:00", "2023-09-22T02:40:55+00:00", "2023-09-22T02:42:47+00:00", "2023-09-22T02:45:03+00:00", "2023-09-22T02:46:55+00:00", "2023-09-22T02:47:59+00:00", "2023-09-22T02:51:56+00:00", "2023-09-22T02:53:28+00:00", "2023-09-22T02:55:00+00:00", "2023-09-22T02:58:49+00:00", "2023-09-22T02:59:45+00:00", "2023-09-22T03:00:53+00:00", "2023-09-22T03:03:49+00:00", "2023-09-22T03:05:33+00:00", "2023-09-22T03:10:50+00:00", "2023-09-22T03:13:14+00:00", "2023-09-22T03:17:06+00:00", "2023-09-22T03:19:02+00:00", "2023-09-22T03:20:38+00:00", "2023-09-22T03:22:03+00:00", "2023-09-22T03:24:31+00:00", "2023-09-22T03:26:31+00:00", "2023-09-22T03:28:55+00:00", "2023-09-22T03:31:23+00:00", "2023-09-22T03:33:07+00:00", "2023-09-22T03:35:43+00:00", "2023-09-22T03:37:11+00:00", "2023-09-22T03:40:52+00:00", "2023-09-22T03:42:40+00:00", "2023-09-22T03:44:36+00:00", "2023-09-22T03:46:40+00:00", "2023-09-22T03:49:28+00:00", "2023-09-22T03:51:16+00:00", "2023-09-22T03:53:16+00:00", "2023-09-22T03:58:05+00:00", "2023-09-22T03:59:45+00:00", "2023-09-22T04:02:09+00:00", "2023-09-22T04:05:05+00:00", "2023-09-22T04:06:25+00:00", "2023-09-22T04:09:21+00:00", "2023-09-22T04:12:02+00:00", "2023-09-22T04:14:06+00:00", "2023-09-22T04:17:38+00:00", "2023-09-22T04:18:27+00:00", "2023-09-22T04:19:59+00:00", "2023-09-22T04:21:27+00:00", "2023-09-22T04:23:56+00:00", "2023-09-22T04:25:40+00:00", "2023-09-22T04:27:48+00:00", "2023-09-22T04:28:48+00:00", "2023-09-22T04:31:21+00:00", "2023-09-22T04:32:49+00:00", "2023-09-22T04:36:06+00:00", "2023-09-22T04:37:06+00:00", "2023-09-22T04:41:30+00:00", "2023-09-22T04:44:03+00:00", "2023-09-22T04:45:27+00:00", "2023-09-22T04:47:55+00:00", "2023-09-22T04:50:56+00:00", "2023-09-22T04:51:44+00:00", "2023-09-22T04:55:09+00:00", "2023-09-22T04:56:17+00:00", "2023-09-22T04:58:05+00:00", "2023-09-22T04:59:50+00:00", "2023-09-22T05:01:18+00:00", "2023-09-22T05:03:35+00:00", "2023-09-22T05:04:35+00:00", "2023-09-22T05:07:15+00:00", "2023-09-22T05:09:39+00:00", "2023-09-22T05:11:40+00:00", "2023-09-22T05:13:08+00:00", "2023-09-22T05:15:20+00:00", "2023-09-22T05:16:52+00:00", "2023-09-22T05:21:01+00:00", "2023-09-22T05:22:17+00:00", "2023-09-22T05:24:42+00:00", "2023-09-22T05:25:50+00:00", "2023-09-22T05:28:59+00:00", "2023-09-22T05:33:39+00:00", "2023-09-22T05:36:08+00:00", "2023-09-22T05:38:04+00:00", "2023-09-22T05:39:45+00:00", "2023-09-22T05:40:57+00:00", "2023-09-22T05:43:58+00:00", "2023-09-22T05:45:26+00:00", "2023-09-22T05:49:31+00:00", "2023-09-22T05:50:43+00:00", "2023-09-22T05:52:35+00:00", "2023-09-22T05:54:40+00:00", "2023-09-22T05:55:44+00:00", "2023-09-22T06:00:52+00:00", "2023-09-22T06:02:52+00:00", "2023-09-22T06:06:04+00:00", "2023-09-22T06:10:57+00:00", "2023-09-22T06:13:44+00:00", "2023-09-22T06:17:58+00:00", "2023-09-22T06:20:16+00:00", "2023-09-22T06:22:43+00:00", "2023-09-22T06:24:28+00:00", "2023-09-22T06:28:04+00:00", "2023-09-22T06:30:49+00:00", "2023-09-22T06:33:33+00:00", "2023-09-22T06:34:13+00:00", "2023-09-22T06:36:06+00:00", "2023-09-22T06:37:14+00:00", "2023-09-22T06:40:30+00:00", "2023-09-22T06:41:51+00:00", "2023-09-22T06:43:39+00:00", "2023-09-22T06:46:00+00:00", "2023-09-22T06:47:48+00:00", "2023-09-22T06:48:56+00:00", "2023-09-22T06:53:17+00:00", "2023-09-22T06:53:49+00:00", "2023-09-22T06:55:26+00:00", "2023-09-22T06:57:42+00:00", "2023-09-22T06:59:07+00:00", "2023-09-22T07:00:27+00:00", "2023-09-22T07:03:04+00:00", "2023-09-22T07:05:00+00:00", "2023-09-22T07:07:04+00:00", "2023-09-22T07:10:05+00:00", "2023-09-22T07:11:29+00:00", "2023-09-22T07:14:34+00:00", "2023-09-22T07:16:54+00:00", "2023-09-22T07:20:31+00:00", "2023-09-22T07:22:31+00:00", "2023-09-22T07:26:56+00:00", "2023-09-22T07:28:49+00:00", "2023-09-22T07:33:06+00:00", "2023-09-22T07:35:22+00:00", "2023-09-22T07:38:35+00:00", "2023-09-22T07:40:43+00:00", "2023-09-22T07:42:20+00:00", "2023-09-22T07:45:12+00:00", "2023-09-22T07:48:25+00:00", "2023-09-22T07:49:49+00:00", "2023-09-22T07:54:02+00:00", "2023-09-22T07:55:42+00:00", "2023-09-22T07:58:19+00:00", "2023-09-22T08:00:33+00:00", "2023-09-22T08:03:49+00:00", "2023-09-22T08:04:57+00:00", "2023-09-22T08:06:54+00:00", "2023-09-22T08:08:38+00:00", "2023-09-22T08:11:03+00:00", "2023-09-22T08:11:59+00:00", "2023-09-22T08:13:59+00:00", "2023-09-22T08:15:08+00:00", "2023-09-22T08:17:32+00:00", "2023-09-22T08:19:28+00:00", "2023-09-22T08:20:37+00:00", "2023-09-22T08:23:17+00:00", "2023-09-22T08:25:21+00:00", "2023-09-22T08:26:54+00:00", "2023-09-22T08:29:22+00:00", "2023-09-22T08:31:02+00:00", "2023-09-22T08:34:59+00:00", "2023-09-22T08:36:07+00:00", "2023-09-22T08:38:00+00:00", "2023-09-22T08:40:08+00:00", "2023-09-22T08:42:08+00:00", "2023-09-22T08:43:12+00:00", "2023-09-22T08:47:01+00:00", "2023-09-22T08:48:57+00:00", "2023-09-22T08:50:38+00:00", "2023-09-22T08:55:42+00:00", "2023-09-22T08:57:03+00:00", "2023-09-22T08:59:19+00:00", "2023-09-22T09:02:32+00:00", "2023-09-22T09:04:25+00:00", "2023-09-22T09:06:57+00:00", "2023-09-22T09:08:09+00:00", "2023-09-22T09:09:33+00:00", "2023-09-22T09:11:26+00:00", "2023-09-22T09:13:47+00:00", "2023-09-22T09:14:51+00:00", "2023-09-22T09:16:56+00:00", "2023-09-22T09:21:00+00:00", "2023-09-22T09:22:21+00:00", "2023-09-22T09:24:05+00:00", "2023-09-22T09:27:22+00:00", "2023-09-22T09:29:35+00:00", "2023-09-22T09:30:31+00:00", "2023-09-22T09:33:07+00:00", "2023-09-22T09:36:11+00:00", "2023-09-22T09:37:56+00:00", "2023-09-22T09:41:16+00:00", "2023-09-22T09:43:49+00:00", "2023-09-22T09:46:06+00:00", "2023-09-22T09:47:26+00:00", "2023-09-22T09:50:03+00:00", "2023-09-22T09:53:31+00:00", "2023-09-22T09:55:03+00:00", "2023-09-22T09:57:00+00:00", "2023-09-22T09:59:04+00:00", "2023-09-22T10:01:05+00:00", "2023-09-22T10:05:09+00:00", "2023-09-22T10:07:10+00:00", "2023-09-22T10:09:34+00:00", "2023-09-22T10:13:02+00:00", "2023-09-22T10:15:15+00:00", "2023-09-22T10:17:27+00:00", "2023-09-22T10:19:39+00:00", "2023-09-22T10:21:08+00:00", "2023-09-22T10:25:08+00:00", "2023-09-22T10:26:05+00:00", "2023-09-22T10:27:37+00:00", "2023-09-22T10:28:49+00:00", "2023-09-22T10:32:38+00:00", "2023-09-22T10:34:30+00:00", "2023-09-22T10:35:19+00:00", "2023-09-22T10:38:07+00:00", "2023-09-22T10:40:00+00:00", "2023-09-22T10:41:44+00:00", "2023-09-22T10:44:45+00:00", "2023-09-22T10:47:17+00:00", "2023-09-22T10:50:22+00:00", "2023-09-22T10:52:02+00:00", "2023-09-22T10:53:51+00:00", "2023-09-22T10:59:52+00:00", "2023-09-22T11:03:52+00:00", "2023-09-22T11:05:40+00:00", "2023-09-22T11:08:53+00:00", "2023-09-22T11:10:17+00:00", "2023-09-22T11:13:34+00:00", "2023-09-22T11:15:02+00:00", "2023-09-22T11:18:58+00:00", "2023-09-22T11:20:06+00:00", "2023-09-22T11:21:55+00:00", "2023-09-22T11:26:31+00:00", "2023-09-22T11:27:39+00:00", "2023-09-22T11:28:43+00:00", "2023-09-22T11:32:04+00:00", "2023-09-22T11:33:16+00:00", "2023-09-22T11:37:36+00:00", "2023-09-22T11:38:41+00:00", "2023-09-22T11:42:09+00:00", "2023-09-22T11:43:53+00:00", "2023-09-22T11:46:45+00:00", "2023-09-22T11:48:01+00:00", "2023-09-22T11:51:26+00:00", "2023-09-22T11:54:26+00:00", "2023-09-22T11:55:35+00:00", "2023-09-22T11:58:28+00:00", "2023-09-22T12:00:04+00:00", "2023-09-22T12:03:25+00:00", "2023-09-22T12:04:41+00:00", "2023-09-22T12:08:30+00:00", "2023-09-22T12:11:30+00:00", "2023-09-22T12:12:54+00:00", "2023-09-22T12:17:15+00:00", "2023-09-22T12:18:39+00:00", "2023-09-22T12:19:19+00:00", "2023-09-22T12:24:51+00:00", "2023-09-22T12:25:47+00:00", "2023-09-22T12:28:55+00:00", "2023-09-22T12:30:47+00:00", "2023-09-22T12:32:24+00:00", "2023-09-22T12:34:44+00:00", "2023-09-22T12:36:52+00:00", "2023-09-22T12:39:04+00:00", "2023-09-22T12:40:48+00:00", "2023-09-22T12:44:20+00:00", "2023-09-22T12:46:04+00:00", "2023-09-22T12:47:16+00:00", "2023-09-22T12:49:44+00:00", "2023-09-22T12:50:49+00:00", "2023-09-22T12:52:33+00:00", "2023-09-22T12:54:49+00:00", "2023-09-22T12:55:53+00:00", "2023-09-22T12:56:33+00:00", "2023-09-22T12:58:29+00:00", "2023-09-22T12:59:45+00:00", "2023-09-22T13:00:33+00:00", "2023-09-22T13:01:21+00:00", "2023-09-22T13:04:26+00:00", "2023-09-22T13:05:14+00:00", "2023-09-22T13:06:34+00:00", "2023-09-22T13:09:50+00:00", "2023-09-22T13:10:46+00:00", "2023-09-22T13:13:51+00:00", "2023-09-22T13:14:59+00:00", "2023-09-22T13:17:47+00:00", "2023-09-22T13:18:07+00:00", "2023-09-22T13:20:59+00:00", "2023-09-22T13:21:55+00:00", "2023-09-22T13:23:39+00:00", "2023-09-22T13:25:35+00:00", "2023-09-22T13:26:15+00:00", "2023-09-22T13:29:16+00:00", "2023-09-22T13:30:40+00:00", "2023-09-22T13:32:48+00:00", "2023-09-22T13:33:28+00:00", "2023-09-22T13:34:48+00:00", "2023-09-22T13:35:44+00:00", "2023-09-22T13:38:16+00:00", "2023-09-22T13:39:16+00:00", "2023-09-22T13:40:56+00:00", "2023-09-22T13:42:45+00:00", "2023-09-22T13:47:01+00:00", "2023-09-22T13:47:45+00:00", "2023-09-22T13:49:13+00:00", "2023-09-22T13:51:05+00:00", "2023-09-22T13:52:13+00:00", "2023-09-22T13:54:25+00:00", "2023-09-22T13:55:49+00:00", "2023-09-22T13:57:01+00:00", "2023-09-22T13:58:45+00:00", "2023-09-22T14:00:14+00:00", "2023-09-22T14:04:02+00:00", "2023-09-22T14:05:58+00:00", "2023-09-22T14:07:10+00:00", "2023-09-22T14:08:18+00:00", "2023-09-22T14:10:54+00:00", "2023-09-22T14:12:30+00:00", "2023-09-22T14:14:02+00:00", "2023-09-22T14:15:27+00:00", "2023-09-22T14:17:27+00:00", "2023-09-22T14:18:48+00:00", "2023-09-22T14:21:12+00:00", "2023-09-22T14:23:36+00:00", "2023-09-22T14:24:24+00:00", "2023-09-22T14:25:49+00:00", "2023-09-22T14:26:49+00:00", "2023-09-22T14:30:01+00:00", "2023-09-22T14:30:45+00:00", "2023-09-22T14:32:01+00:00", "2023-09-22T14:35:13+00:00", "2023-09-22T14:36:18+00:00", "2023-09-22T14:40:22+00:00", "2023-09-22T14:41:06+00:00", "2023-09-22T14:43:23+00:00", "2023-09-22T14:44:31+00:00", "2023-09-22T14:46:48+00:00", "2023-09-22T14:48:28+00:00", "2023-09-22T14:50:44+00:00", "2023-09-22T14:52:45+00:00", "2023-09-22T14:55:45+00:00", "2023-09-22T14:57:18+00:00", "2023-09-22T14:59:50+00:00", "2023-09-22T15:01:54+00:00", "2023-09-22T15:04:15+00:00", "2023-09-22T15:05:43+00:00", "2023-09-22T15:08:07+00:00", "2023-09-22T15:09:43+00:00", "2023-09-22T15:12:27+00:00", "2023-09-22T15:14:23+00:00", "2023-09-22T15:16:44+00:00", "2023-09-22T15:17:44+00:00", "2023-09-22T15:21:28+00:00", "2023-09-22T15:22:12+00:00", "2023-09-22T15:23:44+00:00", "2023-09-22T15:26:44+00:00", "2023-09-22T15:27:24+00:00", "2023-09-22T15:32:08+00:00", "2023-09-22T15:33:13+00:00", "2023-09-22T15:35:53+00:00", "2023-09-22T15:37:53+00:00", "2023-09-22T15:39:41+00:00", "2023-09-22T15:46:01+00:00", "2023-09-22T15:47:29+00:00", "2023-09-22T15:48:46+00:00", "2023-09-22T15:50:18+00:00", "2023-09-22T15:55:14+00:00", "2023-09-22T15:56:42+00:00", "2023-09-22T15:59:34+00:00", "2023-09-22T16:02:19+00:00", "2023-09-22T16:06:03+00:00", "2023-09-22T16:07:43+00:00", "2023-09-22T16:09:07+00:00", "2023-09-22T16:11:31+00:00", "2023-09-22T16:13:32+00:00", "2023-09-22T16:19:09+00:00", "2023-09-22T16:19:53+00:00", "2023-09-22T16:21:45+00:00", "2023-09-22T16:24:01+00:00", "2023-09-22T16:25:49+00:00", "2023-09-22T16:27:05+00:00", "2023-09-22T16:30:45+00:00", "2023-09-22T16:32:54+00:00", "2023-09-22T16:37:14+00:00", "2023-09-22T16:37:50+00:00", "2023-09-22T16:43:14+00:00", "2023-09-22T16:45:39+00:00", "2023-09-22T16:47:23+00:00", "2023-09-22T16:50:03+00:00", "2023-09-22T16:52:11+00:00", "2023-09-22T16:53:43+00:00", "2023-09-22T16:56:23+00:00", "2023-09-22T17:01:15+00:00", "2023-09-22T17:03:24+00:00", "2023-09-22T17:07:44+00:00", "2023-09-22T17:09:48+00:00", "2023-09-22T17:10:40+00:00", "2023-09-22T17:12:12+00:00", "2023-09-22T17:17:32+00:00", "2023-09-22T17:18:04+00:00", "2023-09-22T17:19:44+00:00", "2023-09-22T17:21:53+00:00", "2023-09-22T17:25:17+00:00", "2023-09-22T17:27:37+00:00", "2023-09-22T17:29:21+00:00", "2023-09-22T17:32:13+00:00", "2023-09-22T17:34:29+00:00", "2023-09-22T17:39:10+00:00", "2023-09-22T17:41:46+00:00", "2023-09-22T17:43:02+00:00", "2023-09-22T17:47:18+00:00", "2023-09-22T17:49:02+00:00", "2023-09-22T17:50:30+00:00", "2023-09-22T17:52:39+00:00", "2023-09-22T17:55:03+00:00", "2023-09-22T17:57:47+00:00", "2023-09-22T17:58:59+00:00", "2023-09-22T18:02:39+00:00", "2023-09-22T18:04:23+00:00", "2023-09-22T18:10:00+00:00", "2023-09-22T18:11:04+00:00", "2023-09-22T18:13:08+00:00", "2023-09-22T18:14:48+00:00", "2023-09-22T18:16:36+00:00", "2023-09-22T18:18:32+00:00", "2023-09-22T18:20:28+00:00", "2023-09-22T18:25:13+00:00", "2023-09-22T18:26:25+00:00", "2023-09-22T18:28:41+00:00", "2023-09-22T18:32:13+00:00", "2023-09-22T18:33:58+00:00", "2023-09-22T18:35:38+00:00", "2023-09-22T18:38:54+00:00", "2023-09-22T18:40:42+00:00", "2023-09-22T18:42:06+00:00", "2023-09-22T18:45:15+00:00", "2023-09-22T18:46:51+00:00", "2023-09-22T18:48:03+00:00", "2023-09-22T18:51:51+00:00", "2023-09-22T18:56:23+00:00", "2023-09-22T18:58:47+00:00", "2023-09-22T18:59:43+00:00", "2023-09-22T19:03:40+00:00", "2023-09-22T19:06:04+00:00", "2023-09-22T19:08:44+00:00", "2023-09-22T19:11:24+00:00", "2023-09-22T19:14:12+00:00", "2023-09-22T19:15:44+00:00", "2023-09-22T19:18:01+00:00", "2023-09-22T19:19:13+00:00", "2023-09-22T19:20:13+00:00", "2023-09-22T19:26:33+00:00", "2023-09-22T19:29:25+00:00", "2023-09-22T19:30:45+00:00", "2023-09-22T19:32:25+00:00", "2023-09-22T19:35:06+00:00", "2023-09-22T19:36:06+00:00", "2023-09-22T19:39:26+00:00", "2023-09-22T19:40:42+00:00", "2023-09-22T19:44:06+00:00", "2023-09-22T19:47:34+00:00", "2023-09-22T19:49:22+00:00", "2023-09-22T19:53:19+00:00", "2023-09-22T19:54:35+00:00", "2023-09-22T19:56:23+00:00", "2023-09-22T19:58:11+00:00", "2023-09-22T20:01:11+00:00", "2023-09-22T20:02:07+00:00", "2023-09-22T20:06:11+00:00", "2023-09-22T20:07:08+00:00", "2023-09-22T20:10:40+00:00", "2023-09-22T20:12:32+00:00", "2023-09-22T20:15:08+00:00", "2023-09-22T20:18:52+00:00", "2023-09-22T20:20:36+00:00", "2023-09-22T20:22:56+00:00", "2023-09-22T20:24:41+00:00", "2023-09-22T20:29:01+00:00", "2023-09-22T20:30:45+00:00", "2023-09-22T20:32:29+00:00", "2023-09-22T20:33:37+00:00", "2023-09-22T20:37:09+00:00", "2023-09-22T20:39:29+00:00", "2023-09-22T20:41:58+00:00", "2023-09-22T20:47:18+00:00", "2023-09-22T20:48:22+00:00", "2023-09-22T20:52:06+00:00", "2023-09-22T20:54:26+00:00", "2023-09-22T20:55:26+00:00", "2023-09-22T20:58:14+00:00", "2023-09-22T20:59:59+00:00", "2023-09-22T21:01:55+00:00", "2023-09-22T21:04:39+00:00", "2023-09-22T21:06:19+00:00", "2023-09-22T21:07:47+00:00", "2023-09-22T21:11:59+00:00", "2023-09-22T21:13:51+00:00", "2023-09-22T21:17:40+00:00", "2023-09-22T21:21:16+00:00", "2023-09-22T21:23:28+00:00", "2023-09-22T21:26:08+00:00", "2023-09-22T21:27:12+00:00", "2023-09-22T21:29:08+00:00", "2023-09-22T21:32:48+00:00", "2023-09-22T21:34:21+00:00", "2023-09-22T21:35:29+00:00", "2023-09-22T21:39:45+00:00", "2023-09-22T21:40:33+00:00", "2023-09-22T21:44:29+00:00", "2023-09-22T21:47:25+00:00", "2023-09-22T21:48:53+00:00", "2023-09-22T21:51:50+00:00", "2023-09-22T21:54:10+00:00", "2023-09-22T21:56:10+00:00", "2023-09-22T21:58:18+00:00", "2023-09-22T22:00:58+00:00", "2023-09-22T22:07:27+00:00", "2023-09-22T22:09:23+00:00", "2023-09-22T22:10:23+00:00", "2023-09-22T22:13:15+00:00", "2023-09-22T22:15:31+00:00", "2023-09-22T22:18:27+00:00", "2023-09-22T22:22:28+00:00", "2023-09-22T22:24:32+00:00", "2023-09-22T22:26:08+00:00", "2023-09-22T22:28:32+00:00", "2023-09-22T22:31:16+00:00", "2023-09-22T22:32:29+00:00", "2023-09-23T01:58:05+00:00", "2023-09-23T02:00:58+00:00", "2023-09-23T02:03:58+00:00", "2023-09-23T02:07:23+00:00", "2023-09-23T02:09:52+00:00", "2023-09-23T02:13:40+00:00", "2023-09-23T02:16:08+00:00", "2023-09-23T02:19:16+00:00", "2023-09-23T02:23:53+00:00", "2023-09-23T02:27:13+00:00", "2023-09-23T02:30:13+00:00", "2023-09-23T02:32:37+00:00", "2023-09-23T02:34:29+00:00", "2023-09-23T02:37:21+00:00", "2023-09-23T02:39:54+00:00", "2023-09-23T02:44:54+00:00", "2023-09-23T02:49:18+00:00", "2023-09-23T02:50:54+00:00", "2023-09-23T02:54:34+00:00", "2023-09-23T02:59:23+00:00", "2023-09-23T03:01:55+00:00", "2023-09-23T03:05:36+00:00", "2023-09-23T03:07:20+00:00", "2023-09-23T03:09:24+00:00", "2023-09-23T03:12:09+00:00", "2023-09-23T03:16:22+00:00", "2023-09-23T03:18:10+00:00", "2023-09-23T03:20:04+00:00", "2023-09-23T03:22:44+00:00", "2023-09-23T03:25:37+00:00", "2023-09-23T03:29:25+00:00", "2023-09-23T03:33:58+00:00", "2023-09-23T03:38:23+00:00", "2023-09-23T03:40:35+00:00", "2023-09-23T03:46:03+00:00", "2023-09-23T03:48:31+00:00", "2023-09-23T03:53:24+00:00", "2023-09-23T03:55:24+00:00", "2023-09-23T04:00:25+00:00", "2023-09-23T04:04:02+00:00", "2023-09-23T04:09:23+00:00", "2023-09-23T04:13:40+00:00", "2023-09-23T04:17:53+00:00", "2023-09-23T04:19:05+00:00", "2023-09-23T04:21:42+00:00", "2023-09-23T04:26:07+00:00", "2023-09-23T04:28:31+00:00", "2023-09-23T04:31:12+00:00", "2023-09-23T04:32:08+00:00", "2023-09-23T04:34:49+00:00", "2023-09-23T04:38:25+00:00", "2023-09-23T04:40:14+00:00", "2023-09-23T04:43:55+00:00", "2023-09-23T04:45:35+00:00", "2023-09-23T04:49:40+00:00", "2023-09-23T04:51:48+00:00", "2023-09-23T04:54:36+00:00", "2023-09-23T04:57:41+00:00", "2023-09-23T05:00:34+00:00", "2023-09-23T05:01:18+00:00", "2023-09-23T05:05:46+00:00", "2023-09-23T05:07:18+00:00", "2023-09-23T05:09:55+00:00", "2023-09-23T05:10:51+00:00", "2023-09-23T05:12:16+00:00", "2023-09-23T05:17:29+00:00", "2023-09-23T05:18:09+00:00", "2023-09-23T05:19:37+00:00", "2023-09-23T05:22:18+00:00", "2023-09-23T05:22:50+00:00", "2023-09-23T05:25:47+00:00", "2023-09-23T05:29:27+00:00", "2023-09-23T05:33:36+00:00", "2023-09-23T05:36:28+00:00", "2023-09-23T05:38:53+00:00", "2023-09-23T05:43:38+00:00", "2023-09-23T05:47:38+00:00", "2023-09-23T05:49:02+00:00", "2023-09-23T05:49:22+00:00", "2023-09-23T06:04:35+00:00", "2023-09-23T06:05:08+00:00", "2023-09-23T06:08:40+00:00", "2023-09-23T06:10:33+00:00", "2023-09-23T06:11:45+00:00", "2023-09-23T06:14:29+00:00", "2023-09-23T06:16:30+00:00", "2023-09-23T06:19:47+00:00", "2023-09-23T06:21:07+00:00", "2023-09-23T06:22:12+00:00", "2023-09-23T06:26:45+00:00", "2023-09-23T06:27:17+00:00", "2023-09-23T06:29:33+00:00", "2023-09-23T06:30:58+00:00", "2023-09-23T06:33:38+00:00", "2023-09-23T06:35:31+00:00", "2023-09-23T06:36:35+00:00", "2023-09-23T06:39:00+00:00", "2023-09-23T06:39:48+00:00", "2023-09-23T06:41:45+00:00", "2023-09-23T06:43:37+00:00", "2023-09-23T06:45:50+00:00", "2023-09-23T06:46:10+00:00", "2023-09-23T06:49:23+00:00", "2023-09-23T06:50:07+00:00", "2023-09-23T06:52:07+00:00", "2023-09-23T06:53:48+00:00", "2023-09-23T06:56:17+00:00", "2023-09-23T06:57:25+00:00", "2023-09-23T06:59:25+00:00", "2023-09-23T07:00:37+00:00", "2023-09-23T07:06:15+00:00", "2023-09-23T07:08:03+00:00", "2023-09-23T07:08:59+00:00", "2023-09-23T07:12:16+00:00", "2023-09-23T07:13:36+00:00", "2023-09-23T07:14:12+00:00", "2023-09-23T07:17:01+00:00", "2023-09-23T07:20:05+00:00", "2023-09-23T07:21:18+00:00", "2023-09-23T07:22:38+00:00", "2023-09-23T07:28:07+00:00", "2023-09-23T07:28:47+00:00", "2023-09-23T07:30:20+00:00", "2023-09-23T07:33:08+00:00", "2023-09-23T07:35:12+00:00", "2023-09-23T07:36:45+00:00", "2023-09-23T07:37:37+00:00", "2023-09-23T07:43:10+00:00", "2023-09-23T07:44:54+00:00", "2023-09-23T07:46:15+00:00", "2023-09-23T07:46:43+00:00", "2023-09-23T07:49:39+00:00", "2023-09-23T07:54:20+00:00", "2023-09-23T07:58:29+00:00", "2023-09-23T07:59:45+00:00", "2023-09-23T08:00:37+00:00", "2023-09-23T08:06:26+00:00", "2023-09-23T08:09:47+00:00", "2023-09-23T08:10:31+00:00", "2023-09-23T08:17:13+00:00", "2023-09-23T08:19:45+00:00", "2023-09-23T08:24:54+00:00", "2023-09-23T08:27:10+00:00", "2023-09-23T08:28:50+00:00", "2023-09-23T08:31:15+00:00", "2023-09-23T08:32:47+00:00", "2023-09-23T08:34:35+00:00", "2023-09-23T08:35:31+00:00", "2023-09-23T08:41:44+00:00", "2023-09-23T08:42:28+00:00", "2023-09-23T08:46:16+00:00", "2023-09-23T08:48:32+00:00", "2023-09-23T08:49:36+00:00", "2023-09-23T08:50:24+00:00", "2023-09-23T08:53:01+00:00", "2023-09-23T08:54:25+00:00", "2023-09-23T08:55:49+00:00", "2023-09-23T08:56:33+00:00", "2023-09-23T09:00:02+00:00", "2023-09-23T09:01:18+00:00", "2023-09-23T09:04:22+00:00", "2023-09-23T09:06:18+00:00", "2023-09-23T09:07:26+00:00", "2023-09-23T09:09:18+00:00", "2023-09-23T09:10:22+00:00", "2023-09-23T09:15:03+00:00", "2023-09-23T09:19:24+00:00", "2023-09-23T09:23:28+00:00", "2023-09-23T09:24:16+00:00", "2023-09-23T09:25:00+00:00", "2023-09-23T09:25:44+00:00", "2023-09-23T09:27:01+00:00", "2023-09-23T09:28:01+00:00", "2023-09-23T09:28:49+00:00", "2023-09-23T09:29:53+00:00", "2023-09-23T09:30:21+00:00", "2023-09-23T09:33:37+00:00", "2023-09-23T09:34:17+00:00", "2023-09-23T09:35:06+00:00", "2023-09-23T09:37:14+00:00", "2023-09-23T09:39:22+00:00", "2023-09-23T09:40:54+00:00", "2023-09-23T09:41:18+00:00", "2023-09-23T09:43:10+00:00", "2023-09-23T09:44:10+00:00", "2023-09-23T09:45:30+00:00", "2023-09-23T09:46:26+00:00", "2023-09-23T09:49:39+00:00", "2023-09-23T09:50:27+00:00", "2023-09-23T09:51:31+00:00", "2023-09-23T09:53:39+00:00", "2023-09-23T09:54:35+00:00", "2023-09-23T09:59:27+00:00", "2023-09-23T10:00:03+00:00", "2023-09-23T10:03:12+00:00", "2023-09-23T10:03:44+00:00", "2023-09-23T10:07:41+00:00", "2023-09-23T10:09:13+00:00", "2023-09-23T10:12:50+00:00", "2023-09-23T10:16:26+00:00", "2023-09-23T10:17:55+00:00", "2023-09-23T10:18:23+00:00", "2023-09-23T10:19:19+00:00", "2023-09-23T10:20:11+00:00", "2023-09-23T10:22:44+00:00", "2023-09-23T10:23:56+00:00", "2023-09-23T10:25:04+00:00", "2023-09-23T10:28:41+00:00", "2023-09-23T10:32:45+00:00", "2023-09-23T10:34:33+00:00", "2023-09-23T10:37:17+00:00", "2023-09-23T10:40:26+00:00", "2023-09-23T10:42:18+00:00", "2023-09-23T10:43:38+00:00", "2023-09-23T10:47:39+00:00", "2023-09-23T10:48:59+00:00", "2023-09-23T10:53:43+00:00", "2023-09-23T10:56:15+00:00", "2023-09-23T11:03:24+00:00", "2023-09-23T11:05:47+00:00", "2023-09-23T11:06:43+00:00", "2023-09-23T11:11:40+00:00", "2023-09-23T11:12:36+00:00", "2023-09-23T11:17:24+00:00", "2023-09-23T11:19:00+00:00", "2023-09-23T11:19:36+00:00", "2023-09-23T11:26:10+00:00", "2023-09-23T11:27:10+00:00", "2023-09-23T11:28:26+00:00", "2023-09-23T11:29:42+00:00", "2023-09-23T11:30:47+00:00", "2023-09-23T11:32:59+00:00", "2023-09-23T11:38:00+00:00", "2023-09-23T11:40:16+00:00", "2023-09-23T11:41:56+00:00", "2023-09-23T11:42:57+00:00", "2023-09-23T11:45:37+00:00", "2023-09-23T11:46:57+00:00", "2023-09-23T11:47:53+00:00", "2023-09-23T11:48:58+00:00", "2023-09-23T11:50:30+00:00", "2023-09-23T11:52:30+00:00", "2023-09-23T11:55:11+00:00", "2023-09-23T14:34:56+00:00", "2023-09-23T14:38:57+00:00", "2023-09-23T14:40:34+00:00", "2023-09-23T14:42:10+00:00", "2023-09-23T14:43:47+00:00", "2023-09-23T14:45:19+00:00", "2023-09-23T14:48:48+00:00", "2023-09-23T14:50:40+00:00", "2023-09-23T14:53:49+00:00", "2023-09-24T05:41:53+00:00"], "elevations": [0.0, 0.0, 0.0, 0.0, 0.0, 0.0, 0.0, 0.0, 0.0, 0.0, 0.0, 0.0, 0.0, 0.0, 0.0, 0.0, 0.0, 0.0, 0.0, 0.0, 0.0, 0.0, 0.0, 0.0, 0.0, 0.0, 0.0, 0.0, 0.0, 0.0, 0.0, 0.0, null, 0.0, null, 0.0, 0.0, 0.0, 0.0, 0.0, 0.0, 0.0, 0.0, 0.0, 0.0, 0.0, 0.0, 0.0, 0.0, 0.0, 0.0, 0.0, 0.0, 0.0, 0.0, 0.0, 0.0, 0.0, 0.0, 0.0, 0.0, 0.0, 0.0, 0.0, 0.0, 0.0, 0.0, 0.0, 0.0, 0.0, 0.0, 0.0, 0.0, 0.0, 0.0, 0.0, 0.0, 0.0, 0.0, 0.0, 0.0, 0.0, 0.0, null, 0.0, 0.0, 0.0, null, 0.0, 0.0, 0.0, 0.0, null, 0.0, 0.0, 0.0, 0.0, 0.0, 0.0, 0.0, 0.0, 0.0, 0.0, 0.0, 0.0, 0.0, 0.0, 0.0, 0.0, 0.0, 0.0, 0.0, 0.0, 0.0, 0.0, 0.0, 0.0, 0.0, 0.0, 0.0, 0.0, 0.0, 0.0, 0.0, 0.0, 0.0, 0.0, 0.0, 0.0, 0.0, 0.0, 0.0, 0.0, 0.0, 0.0, 0.0, 0.0, 0.0, 0.0, 0.0, 0.0, 0.0, 0.0, 0.0, 0.0, 0.0, 0.0, 0.0, 0.0, 0.0, 0.0, 0.0, 0.0, 0.0, 0.0, 0.0, 0.0, 0.0, 0.0, 0.0, 0.0, 0.0, 0.0, 0.0, 0.0, 0.0, 0.0, 0.0, 0.0, 0.0, 0.0, 0.0, 0.0, 0.0, 0.0, 0.0, 0.0, 0.0, 0.0, 0.0, 0.0, 0.0, 0.0, 0.0, 0.0, 0.0, 0.0, 0.0, 0.0, 0.0, 0.0, 0.0, 0.0, 0.0, 0.0, 0.0, 0.0, 0.0, 0.0, 0.0, 0.0, 0.0, 0.0, 0.0, 0.0, 0.0, 0.0, 0.0, 0.0, 0.0, 0.0, 0.0, 0.0, 0.0, 0.0, 0.0, 0.0, 0.0, 0.0, 0.0, 0.0, 0.0, 0.0, 0.0, 0.0, 0.0, 0.0, 0.0, 0.0, 0.0, 0.0, 0.0, null, 0.0, 0.0, 0.0, 0.0, 0.0, 0.0, 0.0, 0.0, 0.0, 0.0, 0.0, 0.0, 0.0, 0.0, 0.0, 0.0, 0.0, 0.0, 0.0, 0.0, 0.0, 0.0, 0.0, 0.0, 0.0, 0.0, 0.0, 0.0, 0.0, 0.0, 0.0, 0.0, 0.0, 0.0, 0.0, 0.0, 0.0, 0.0, 0.0, 0.0, 0.0, 0.0, 0.0, 0.0, 0.0, 0.0, 0.0, 0.0, 0.0, 0.0, 0.0, 0.0, 0.0, 0.0, 0.0, 0.0, 0.0, 0.0, 0.0, 0.0, 0.0, 0.0, 0.0, 0.0, 0.0, 0.0, 0.0, 0.0, 0.0, 0.0, 0.0, 0.0, 0.0, 0.0, 0.0, 0.0, 0.0, 0.0, 0.0, 0.0, 0.0, 0.0, 0.0, 0.0, 0.0, 0.0, 0.0, 0.0, 0.0, 0.0, 0.0, 0.0, 0.0, 0.0, 0.0, 0.0, 0.0, 0.0, 0.0, 0.0, 0.0, 0.0, 0.0, 0.0, 0.0, 0.0, 0.0, 0.0, 0.0, 0.0, 0.0, 0.0, 0.0, 0.0, 0.0, 0.0, 0.0, 0.0, 0.0, 0.0, 0.0, 0.0, 0.0, 0.0, 0.0, 0.0, 0.0, 0.0, 0.0, 0.0, 0.0, 0.0, 0.0, 0.0, 0.0, 0.0, 0.0, 0.0, 0.0, 0.0, 0.0, 0.0, 0.0, 0.0, 0.0, 0.0, 0.0, 0.0, 0.0, 0.0, 0.0, 0.0, 0.0, 0.0, 0.0, 0.0, 0.0, 0.0, 0.0, 0.0, 0.0, 0.0, 0.0, 0.0, 0.0, 0.0, 0.0, 0.0, 0.0, 0.0, 0.0, 0.0, 0.0, 0.0, 0.0, 0.0, 0.0, 0.0, 0.0, 0.0, 0.0, 0.0, 0.0, 0.0, 0.0, 0.0, 0.0, 0.0, 0.0, 0.0, 0.0, 0.0, 0.0, 0.0, 0.0, 0.0, 0.0, 0.0, 0.0, 0.0, 0.0, 0.0, 0.0, 0.0, 0.0, 0.0, 0.0, 0.0, 0.0, 0.0, 0.0, 0.0, 0.0, 0.0, 0.0, 0.0, 0.0, 0.0, 0.0, 0.0, 0.0, 0.0, 0.0, 0.0, 0.0, 0.0, 0.0, 0.0, 0.0, 0.0, 0.0, 0.0, 0.0, 0.0, 0.0, 0.0, 0.0, 0.0, 0.0, 0.0, 0.0, 0.0, 0.0, 0.0, 0.0, 0.0, 0.0, 0.0, 0.0, 0.0, 0.0, 0.0, 0.0, 0.0, 0.0, 0.0, 0.0, 0.0, 0.0, 0.0, 0.0, 0.0, 0.0, 0.0, 0.0, 0.0, 0.0, 0.0, 0.0, 0.0, 0.0, 0.0, 0.0, 0.0, 0.0, 0.0, 0.0, 0.0, 0.0, 0.0, 0.0, 0.0, 0.0, 0.0, 0.0, 0.0, 0.0, 0.0, 0.0, 0.0, 0.0, 0.0, 0.0, 0.0, 0.0, 0.0, 0.0, 0.0, 0.0, 0.0, 0.0, 0.0, 0.0, 0.0, 0.0, 0.0, 0.0, 0.0, 0.0, 0.0, 0.0, 0.0, 0.0, 0.0, 0.0, 0.0, 0.0, 0.0, 0.0, 0.0, 0.0, 0.0, 0.0, 0.0, 0.0, 0.0, 0.0, 0.0, 0.0, 0.0, 0.0, 0.0, 0.0, 0.0, 0.0, 0.0, 0.0, 0.0, 0.0, 0.0, 0.0, 0.0, 0.0, 0.0, 0.0, 0.0, 0.0, 0.0, 0.0, 0.0, 0.0, 0.0, null, 0.0, 0.0, 0.0, 0.0, 0.0, 0.0, 0.0, 0.0, 0.0, 0.0, 0.0, 0.0, 0.0, 0.0, 0.0, 0.0, 0.0, 0.0, 0.0, 0.0, 0.0, 0.0, 0.0, 0.0, 0.0, 0.0, 0.0, 0.0, 0.0, 0.0, 0.0, 0.0, 0.0, 0.0, 0.0, 0.0, 0.0, 0.0, 0.0, 0.0, 0.0, 0.0, 0.0, 0.0, 0.0, 0.0, 0.0, 0.0, 0.0, 0.0, 0.0, 0.0, 0.0, 0.0, 0.0, 0.0, 0.0, 0.0, 0.0, 0.0, 0.0, 0.0, 0.0, 0.0, 0.0, 0.0, 0.0, 0.0, 0.0, null, 0.0, 0.0, 0.0, 0.0, 0.0, 0.0, 0.0, 0.0, 0.0, 0.0, 0.0, 0.0, 0.0, 0.0, 0.0, 0.0, 0.0, 0.0, 0.0, 0.0, 0.0, 0.0, null, 0.0, 0.0, 0.0, 0.0, 0.0, 0.0, 0.0, 0.0, 0.0, 0.0, 0.0, 0.0, 0.0, 0.0, 0.0, 0.0, 0.0, 0.0, 0.0, 0.0, 0.0, 0.0, 0.0, 0.0, 0.0, 0.0, 0.0, 0.0, 0.0, 0.0, 0.0, 0.0, 0.0, 0.0, 0.0, 0.0, 0.0, 0.0, 0.0, 0.0, 0.0, 0.0, 0.0, 0.0, 0.0, 0.0, 0.0, 0.0, 0.0, 0.0, 0.0, 0.0, 0.0, 0.0, 0.0, 0.0, 0.0, 0.0, 0.0, 0.0, 0.0, 0.0, 0.0, 0.0, 0.0, 0.0, 0.0, 0.0, 0.0, 0.0, 0.0, 0.0, 0.0, 0.0, 0.0, 0.0, 0.0, 0.0, 0.0, 0.0, 0.0, 0.0, 0.0, 0.0, 0.0, 0.0, 0.0, 0.0, 0.0, 0.0, 0.0, 0.0, 0.0, 0.0, 0.0, 0.0, 0.0, 0.0, 0.0, 0.0, 0.0, 0.0, 0.0, 0.0, 0.0, 0.0, 0.0, 0.0, 0.0, 0.0, 0.0, 0.0, 0.0, 0.0, 0.0, 0.0, 0.0, 0.0, 0.0, 0.0, 0.0, 0.0, null, 0.0, 0.0, 0.0, 0.0, 0.0, 0.0, 0.0, 0.0, 0.0, 0.0, 0.0, 0.0, 0.0, 0.0, 0.0, 0.0, 0.0, 0.0, 0.0, 0.0, 0.0, 0.0, 0.0, 0.0, 0.0, 0.0, 0.0, 0.0, 0.0, 0.0, 0.0, 0.0, 0.0, 0.0, 0.0, 0.0, 0.0, 0.0, 0.0, 0.0, 0.0, 0.0, 0.0, 0.0, 0.0, 0.0, 0.0, 0.0, 0.0, 0.0, 0.0, 0.0, 0.0, 0.0, 0.0, 0.0, 0.0, 0.0, 0.0, 0.0, 0.0, 0.0, 0.0, 0.0, 0.0, 0.0, 0.0, 0.0, 0.0, 0.0, 0.0, 0.0, 0.0, 0.0, 0.0, 0.0, 0.0, 0.0, 0.0, 0.0, 0.0, 0.0, 0.0, 0.0, 0.0, 0.0, 0.0, 0.0, 0.0, 0.0, 0.0, 0.0, 0.0, 0.0, 0.0, 0.0, 0.0, 0.0, 0.0, 0.0, 0.0, 0.0, 0.0, 0.0, 0.0, 0.0, 0.0, 0.0, 0.0, 0.0, 0.0, 0.0, 0.0, 0.0, 0.0, 0.0, 0.0, 0.0, 0.0, 0.0, 0.0, 0.0, 0.0, 0.0, 0.0, 0.0, 0.0, 0.0, 0.0, 0.0, 0.0, 0.0, 0.0, 0.0, 0.0, 0.0, 0.0, 0.0, 0.0, 0.0, 0.0, 0.0, 0.0, 0.0, 0.0, 0.0, 0.0, 0.0, 0.0, 0.0, 0.0, 0.0, 0.0, 0.0, 0.0, 0.0, 0.0, 0.0, 0.0, 0.0, 0.0, 0.0, 0.0, 0.0, 0.0, 0.0, 0.0, 0.0, 0.0, 0.0, 0.0, 0.0, 0.0, 0.0, 0.0, 0.0, 0.0, 0.0, 0.0, 0.0, 0.0, 0.0, 0.0, 0.0, 0.0, 0.0, 0.0, 0.0, 0.0, 0.0, 0.0, 0.0, 0.0, 0.0, 0.0, 0.0, 0.0, 0.0, 0.0, 0.0, 0.0, 0.0, 0.0, 0.0, 0.0, 0.0, 0.0, 0.0, 0.0, 0.0, 0.0, 0.0, 0.0, 0.0, 0.0, 0.0, 0.0, 0.0, 0.0, 0.0, 0.0, 0.0, 0.0, 0.0, 0.0, 0.0, 0.0, 0.0, 0.0, 0.0, 0.0, 0.0, 0.0, 0.0, 0.0, 0.0, 0.0, 0.0, 0.0, 0.0, 0.0, 0.0, 0.0, 0.0, 0.0, 0.0, 0.0, 0.0, 0.0, 0.0, 0.0, 0.0, 0.0, 0.0, 0.0, 0.0, 0.0, 0.0, 0.0, 0.0, 0.0, 0.0, 0.0, 0.0, 0.0, 0.0, 0.0, 0.0, 0.0, 0.0, 0.0, 0.0, 0.0, 0.0, 0.0, 0.0, 0.0, 0.0, 0.0, 0.0, 0.0, 0.0, 0.0, 0.0, 0.0, 0.0, 0.0, 0.0, 0.0, 0.0, 0.0, 0.0, 0.0, 0.0, 0.0, 0.0, 0.0, 0.0, 0.0, 0.0, 0.0, 0.0, 0.0, 0.0, 0.0, 0.0, 0.0, 0.0, 0.0, 0.0, 0.0, 0.0, 0.0, 0.0, 0.0, 0.0, 0.0, 0.0, 0.0, 0.0, 0.0, 0.0, 0.0, 0.0, 0.0, 0.0, null, 0.0, 0.0, 0.0, 0.0, 0.0, 0.0, 0.0, 0.0, 0.0, 0.0, 0.0, 0.0, 0.0, 0.0, 0.0, 0.0, 0.0, 0.0, 0.0, 0.0, 0.0, 0.0, 0.0, 0.0, 0.0, 0.0, 0.0, 0.0, 0.0, 0.0, 0.0, 0.0, 0.0, 0.0, 0.0, 0.0, 0.0, 0.0, 0.0, 0.0, 0.0, 0.0, 0.0, 0.0, 0.0, 0.0, 0.0, 0.0, 0.0, 0.0, 0.0, 0.0, 0.0, 0.0, 0.0, 0.0, 0.0, 0.0, 0.0, 0.0, 0.0, 0.0, 0.0, 0.0, 0.0, 0.0, 0.0, 0.0, 0.0, 0.0, 0.0, 0.0, 0.0, 0.0, 0.0, 0.0, 0.0, 0.0, 0.0, 0.0, 0.0, 0.0, 0.0, 0.0, 0.0, 0.0, 0.0, 0.0, 0.0, 0.0, 0.0, 0.0, 0.0, 0.0, 0.0, 0.0, 0.0, 0.0, 0.0, 0.0, 0.0, 0.0, 0.0, 0.0, 0.0, 0.0, 0.0, 0.0, 0.0, 0.0, 0.0, 0.0, 0.0, 0.0, 0.0, 0.0, 0.0, 0.0, 0.0, 0.0, 0.0, 0.0, 0.0, 0.0, 0.0, 0.0, 0.0, 0.0, 0.0, 0.0, 0.0, 0.0, 0.0, 0.0, 0.0, 0.0, 0.0, 0.0, 0.0, 0.0, 0.0, 0.0, 0.0, 0.0, 0.0, 0.0, 0.0, 0.0, 0.0, 0.0, 0.0, 0.0, 0.0, 0.0, 0.0, 0.0, 0.0, 0.0, 0.0, 0.0, 0.0, 0.0, 0.0, 0.0, 0.0, 0.0, 0.0, 0.0, 0.0, 0.0, 0.0, 0.0, 0.0, 0.0, 0.0, 0.0, 0.0, 0.0, 0.0, 0.0, 0.0, 0.0, 0.0, 0.0, 0.0, 0.0, 0.0, 0.0, 0.0, 0.0, 0.0, 0.0, 0.0, 0.0, 0.0, 0.0, 0.0, 0.0, 0.0, 0.0, 0.0, 0.0, 0.0, 0.0, 0.0, 0.0, 0.0, 0.0, 0.0, 0.0, 0.0, 0.0, 0.0, 0.0, 0.0, 0.0, 0.0, 0.0, 0.0, 0.0, 0.0, 0.0, 0.0, 0.0, 0.0, 0.0, 0.0, 0.0, 0.0, 0.0, 0.0, 0.0, 0.0, 0.0, 0.0, 0.0, 0.0, 0.0, 0.0, 0.0, 0.0, 0.0, 0.0, 0.0, 0.0, 0.0, 0.0, 0.0, 0.0, 0.0, 0.0, 0.0, 0.0, 0.0, 0.0, 0.0, 0.0, 0.0, 0.0, 0.0, 0.0, 0.0, 0.0, 0.0, 0.0, 0.0, 0.0, 0.0, 0.0, 0.0, 0.0, 0.0, 0.0, 0.0, 0.0, 0.0, 0.0, 0.0, 0.0, 0.0, 0.0, 0.0, 0.0, 0.0, 0.0, 0.0, 0.0, 0.0, 0.0, 0.0, 0.0, 0.0, 0.0, 0.0, 0.0, 0.0, 0.0, 0.0, 0.0, 0.0, 0.0, 0.0, 0.0, 0.0, 0.0, 0.0, null, null, null, null, null, null, null, null, null, null, null, null, null, null, null, null, null, null, null, null, null, null, null, null, null, null, null, null, null, null, null, null, null, null, null, null, null, null, null, null, null, null, null, null, null, null, null, null, null, null, null, null, null, null, null, null, null, null, null, null, null, null, null, null, null, null, null, null, null, null, null, null, null, null, null, null, null, null, null, 0.0, 0.0, 0.0, 0.0, 0.0, 0.0, 0.0, 0.0, 0.0, 0.0, 0.0, 0.0, 0.0, 0.0, 0.0, 0.0, 0.0, 0.0, 0.0, 0.0, 0.0, 0.0, 0.0, 0.0, 0.0, 0.0, 0.0, 0.0, 0.0, 0.0, 0.0, 0.0, 0.0, 0.0, 0.0, 0.0, 0.0, 0.0, 0.0, 0.0, 0.0, 0.0, 0.0, 0.0, 0.0, 0.0, 0.0, 0.0, 0.0, 0.0, 0.0, 0.0, null, 0.0, 0.0, 0.0, 0.0, 0.0, 0.0, 0.0, 0.0, 0.0, 0.0, 0.0, 0.0, 0.0, 0.0, 0.0, null, 0.0, 0.0, 0.0, 0.0, 0.0, 0.0, 0.0, 0.0, 0.0, 0.0, 0.0, 0.0, 0.0, 0.0, 0.0, 0.0, 0.0, 0.0, 0.0, 0.0, 0.0, 0.0, 0.0, 0.0, 0.0, 0.0, 0.0, 0.0, 0.0, 0.0, 0.0, 0.0, 0.0, 0.0, 0.0, 0.0, 0.0, 0.0, 0.0, 0.0, 0.0, 0.0, 0.0, 0.0, 0.0, 0.0, 0.0, 0.0, 0.0, 0.0, 0.0, 0.0, 0.0, 0.0, 0.0, 0.0, 0.0, 0.0, 0.0, 0.0, 0.0, 0.0, 0.0, 0.0, 0.0, 0.0, 0.0, 0.0, 0.0, 0.0, 0.0, 0.0, 0.0, 0.0, 0.0, 0.0, 0.0, 0.0, 0.0, 0.0, 0.0, 0.0, 0.0, 0.0, 0.0, 0.0, 0.0, 0.0, 0.0, 0.0, 0.0, 0.0, 0.0, 0.0, 0.0, 0.0, 0.0, 0.0, 0.0, 0.0, 0.0, 0.0, 0.0, 0.0, 0.0]}