{"type": "Feature", "properties": {"leg_id": 80, "name": "20250418 - Auckland NZ to Rapa Iti", "stated_nm": 2096.7, "computed_nm": 2992.0}, "geometry": {"type": "LineString", "coordinates": [[174.752526, -36.832695], [174.751167, -36.842219], [174.767242, -36.835553], [174.788299, -36.835774], [174.807976, -36.835951], [174.824242, -36.825572], [174.823745, -36.810421], [174.816611, -36.794237], [174.818639, -36.779783], [174.826721, -36.765034], [174.838898, -36.751542], [174.854195, -36.739278], [174.869064, -36.727714], [174.883964, -36.715614], [174.898639, -36.703961], [174.912768, -36.692991], [174.926916, -36.681906], [174.941635, -36.67048], [174.957077, -36.658591], [174.971672, -36.647129], [174.987014, -36.635152], [175.001144, -36.624077], [175.014709, -36.6135], [175.028542, -36.602839], [175.042503, -36.592167], [175.056595, -36.58152], [175.070695, -36.57087], [175.084595, -36.560305], [175.099731, -36.548861], [175.113394, -36.538281], [175.126886, -36.527532], [175.140525, -36.516644], [175.156143, -36.507606], [175.171761, -36.498429], [175.187378, -36.489177], [175.202972, -36.479786], [175.21862, -36.470371], [175.234482, -36.460815], [175.252541, -36.454331], [175.271736, -36.449556], [175.291472, -36.444886], [175.311287, -36.439953], [175.331521, -36.43543], [175.352432, -36.431229], [175.373359, -36.427266], [175.394219, -36.42475], [175.415161, -36.423901], [175.435882, -36.423278], [175.456536, -36.422418], [175.4777, -36.421371], [175.497681, -36.419085], [175.515907, -36.415875], [175.534851, -36.41188], [175.554046, -36.406054], [175.573151, -36.400088], [175.592194, -36.393857], [175.611537, -36.387168], [175.629481, -36.380897], [175.646738, -36.374749], [175.664393, -36.368355], [175.680134, -36.362447], [175.696798, -36.355817], [175.712433, -36.349383], [175.725847, -36.343932], [175.742702, -36.343679], [175.761084, -36.347406], [175.779078, -36.351244], [175.798041, -36.355321], [175.815561, -36.359482], [175.833252, -36.363898], [175.851573, -36.368678], [175.867905, -36.373073], [175.883468, -36.37772], [175.898809, -36.381885], [175.915031, -36.38628], [175.934287, -36.390958], [175.954177, -36.395699], [175.97373, -36.400362], [175.993027, -36.405043], [176.012109, -36.409554], [176.030743, -36.41378], [176.049952, -36.41846], [176.067886, -36.422522], [176.086965, -36.42662], [176.105692, -36.428769], [176.123235, -36.430282], [176.139705, -36.431768], [176.15491, -36.433107], [176.171874, -36.43459], [176.186832, -36.436142], [176.202144, -36.437754], [176.216745, -36.439731], [176.231751, -36.441832], [176.247722, -36.443963], [176.261418, -36.445933], [176.278387, -36.448297], [176.294628, -36.450635], [176.311091, -36.453836], [176.327118, -36.457981], [176.342026, -36.461882], [176.357513, -36.465734], [176.371875, -36.469425], [176.386332, -36.472978], [176.401005, -36.476382], [176.41563, -36.479617], [176.429867, -36.482835], [176.444621, -36.486445], [176.458417, -36.489594], [176.474965, -36.493249], [176.491912, -36.496958], [176.506877, -36.500137], [176.523102, -36.503624], [176.538372, -36.506766], [176.555221, -36.510008], [176.570446, -36.513084], [176.58635, -36.516516], [176.602956, -36.521099], [176.617844, -36.525283], [176.632685, -36.52962], [176.650706, -36.534752], [176.665169, -36.538397], [176.679915, -36.542488], [176.693338, -36.546435], [176.706509, -36.550609], [176.720112, -36.555127], [176.733363, -36.559137], [176.746514, -36.563283], [176.758988, -36.569586], [176.770473, -36.580696], [176.777629, -36.59326], [176.785232, -36.606702], [176.793219, -36.621399], [176.801077, -36.636206], [176.808278, -36.650703], [176.813792, -36.661355], [176.822404, -36.672253], [176.83106, -36.683857], [176.840042, -36.696235], [176.849128, -36.708862], [176.858302, -36.721608], [176.868286, -36.735827], [176.878283, -36.750063], [176.887441, -36.763318], [176.896914, -36.776925], [176.906556, -36.790366], [176.916819, -36.804692], [176.926857, -36.818623], [176.937446, -36.833095], [176.947897, -36.846881], [176.958113, -36.860101], [176.968921, -36.873904], [176.980057, -36.888238], [176.989741, -36.900673], [177.000099, -36.91407], [177.008468, -36.925056], [177.016027, -36.935252], [177.022782, -36.944978], [177.031387, -36.957153], [177.038672, -36.967271], [177.045995, -36.977894], [177.055117, -36.991205], [177.062611, -37.001437], [177.070369, -37.011816], [177.077784, -37.021038], [177.085808, -37.030971], [177.093543, -37.040483], [177.101016, -37.049764], [177.108236, -37.058802], [177.115856, -37.068433], [177.123479, -37.078476], [177.131687, -37.089427], [177.140554, -37.101028], [177.149616, -37.114366], [177.158355, -37.12455], [177.167291, -37.134388], [177.17632, -37.144507], [177.185583, -37.154652], [177.194116, -37.164245], [177.203262, -37.174506], [177.211902, -37.181007], [177.219848, -37.187899], [177.227547, -37.195094], [177.23576, -37.202424], [177.243909, -37.209552], [177.251465, -37.21767], [177.258798, -37.225791], [177.266533, -37.233209], [177.273403, -37.240725], [177.280007, -37.247806], [177.287754, -37.254653], [177.29586, -37.261392], [177.304646, -37.267367], [177.312827, -37.273423], [177.321625, -37.279093], [177.331543, -37.284747], [177.34132, -37.29009], [177.351494, -37.293799], [177.361778, -37.29726], [177.371857, -37.299992], [177.382183, -37.303228], [177.392132, -37.306209], [177.402886, -37.309377], [177.413553, -37.311622], [177.423312, -37.314024], [177.433823, -37.316164], [177.444045, -37.318104], [177.454171, -37.317719], [177.464757, -37.317289], [177.474602, -37.316628], [177.484893, -37.314368], [177.486876, -37.307811], [177.48061, -37.300328], [177.473219, -37.29399], [177.465744, -37.288018], [177.45917, -37.281067], [177.453637, -37.273355], [177.447248, -37.265986], [177.453155, -37.279297], [177.464148, -37.291398], [177.472478, -37.304237], [177.479627, -37.30632], [177.49677, -37.311229], [177.512481, -37.316451], [177.527654, -37.320958], [177.541592, -37.322026], [177.555233, -37.318678], [177.557541, -37.314921], [177.551032, -37.314678], [177.549359, -37.318602], [177.552231, -37.323362], [177.559312, -37.324805], [177.564547, -37.323446], [177.556402, -37.31722], [177.550242, -37.310568], [177.543212, -37.304664], [177.53624, -37.299077], [177.529835, -37.29202], [177.524713, -37.285688], [177.516141, -37.281572], [177.508245, -37.278065], [177.500793, -37.274588], [177.492943, -37.271067], [177.483109, -37.269688], [177.473556, -37.26854], [177.462805, -37.268154], [177.454564, -37.266671], [177.447039, -37.263769], [177.438812, -37.262527], [177.427047, -37.263017], [177.415665, -37.264048], [177.404274, -37.265222], [177.393695, -37.266882], [177.382885, -37.268844], [177.374645, -37.267675], [177.371603, -37.258911], [177.36946, -37.249746], [177.367351, -37.240981], [177.366381, -37.232211], [177.365033, -37.223679], [177.36385, -37.215911], [177.362714, -37.208093], [177.363248, -37.199765], [177.363228, -37.190834], [177.362728, -37.18255], [177.363201, -37.173373], [177.362331, -37.163662], [177.363165, -37.154407], [177.377359, -37.145468], [177.392725, -37.136301], [177.409494, -37.127213], [177.424332, -37.119174], [177.438695, -37.109021], [177.455775, -37.099433], [177.471028, -37.091245], [177.48683, -37.082628], [177.502161, -37.074096], [177.518102, -37.064869], [177.533874, -37.05404], [177.548879, -37.043354], [177.56368, -37.03349], [177.578987, -37.025359], [177.594498, -37.015656], [177.608134, -37.005163], [177.625156, -36.996588], [177.641404, -36.986201], [177.657919, -36.979113], [177.676168, -36.972951], [177.694484, -36.966989], [177.711293, -36.96125], [177.728984, -36.95464], [177.746399, -36.948059], [177.760976, -36.937351], [177.775679, -36.926908], [177.791331, -36.919105], [177.806854, -36.909467], [177.820694, -36.89734], [177.835875, -36.886915], [177.85153, -36.877037], [177.866781, -36.86686], [177.881912, -36.857704], [177.89656, -36.847392], [177.910319, -36.836916], [177.923893, -36.828248], [177.940989, -36.819702], [177.952012, -36.806101], [177.965495, -36.794333], [177.978261, -36.780088], [177.992899, -36.768789], [178.010345, -36.762352], [178.027716, -36.752829], [178.046575, -36.744233], [178.06229, -36.735593], [178.07714, -36.725088], [178.088231, -36.713385], [178.10392, -36.703651], [178.117607, -36.694015], [178.131615, -36.682746], [178.144114, -36.672944], [178.156893, -36.661584], [178.169846, -36.648909], [178.17658, -36.634092], [178.186495, -36.621408], [178.196442, -36.608832], [178.207536, -36.596558], [178.220314, -36.587058], [178.233328, -36.57542], [178.240625, -36.562449], [178.250921, -36.566532], [178.262141, -36.580732], [178.271934, -36.595072], [178.279324, -36.60956], [178.28582, -36.625613], [178.288803, -36.64098], [178.293996, -36.657124], [178.305147, -36.670221], [178.314514, -36.682732], [178.323109, -36.6965], [178.331329, -36.710529], [178.338508, -36.724913], [178.343892, -36.739603], [178.343117, -36.752585], [178.348791, -36.763147], [178.353395, -36.775927], [178.356776, -36.7889], [178.356527, -36.80469], [178.363011, -36.819233], [178.374801, -36.832294], [178.383525, -36.846686], [178.388832, -36.861774], [178.393122, -36.875912], [178.394189, -36.891091], [178.391138, -36.906835], [178.389068, -36.920043], [178.394755, -36.90977], [178.399099, -36.899823], [178.409541, -36.889576], [178.418452, -36.879317], [178.424885, -36.868541], [178.430233, -36.858484], [178.436839, -36.846868], [178.441743, -36.835537], [178.446569, -36.824267], [178.452888, -36.81356], [178.45982, -36.803886], [178.473769, -36.7944], [178.490835, -36.785754], [178.50409, -36.77689], [178.51328, -36.762952], [178.523463, -36.751128], [178.536245, -36.742101], [178.544882, -36.73392], [178.550328, -36.720934], [178.551675, -36.705576], [178.555633, -36.690658], [178.563227, -36.676639], [178.571722, -36.662574], [178.577038, -36.649631], [178.587883, -36.634857], [178.599487, -36.621647], [178.611113, -36.608231], [178.621327, -36.595966], [178.631729, -36.582476], [178.640827, -36.569415], [178.648472, -36.560254], [178.656168, -36.573446], [178.665901, -36.587552], [178.675425, -36.60002], [178.683176, -36.613285], [178.689687, -36.62585], [178.697159, -36.640709], [178.703831, -36.654691], [178.711654, -36.668316], [178.718988, -36.68083], [178.728149, -36.695249], [178.735296, -36.709465], [178.743691, -36.723112], [178.751856, -36.73502], [178.762024, -36.749411], [178.770096, -36.762648], [178.778657, -36.775625], [178.786431, -36.788427], [178.793663, -36.802099], [178.80098, -36.815439], [178.811365, -36.828211], [178.820842, -36.840238], [178.831124, -36.853426], [178.840709, -36.866101], [178.852122, -36.877818], [178.862236, -36.889368], [178.875145, -36.901283], [178.887593, -36.913097], [178.900431, -36.92451], [178.911595, -36.935891], [178.922996, -36.94946], [178.933782, -36.962853], [178.944318, -36.977113], [178.953835, -36.990225], [178.965127, -37.003504], [178.976722, -37.016457], [178.987452, -37.02908], [178.997665, -37.042101], [179.005947, -37.054201], [179.015076, -37.068461], [179.028671, -37.080077], [179.044937, -37.090689], [179.062887, -37.101379], [179.078148, -37.110247], [179.092128, -37.120029], [179.107355, -37.131708], [179.121231, -37.143715], [179.134221, -37.156804], [179.146416, -37.170757], [179.157982, -37.18393], [179.1683, -37.197314], [179.179339, -37.209251], [179.193639, -37.220248], [179.207824, -37.230873], [179.221657, -37.242378], [179.235621, -37.253083], [179.249909, -37.264296], [179.264095, -37.274635], [179.278107, -37.286363], [179.291252, -37.298018], [179.303425, -37.309672], [179.318014, -37.322027], [179.331584, -37.335421], [179.345087, -37.348412], [179.359161, -37.361013], [179.375142, -37.370214], [179.391591, -37.380273], [179.40902, -37.389899], [179.42632, -37.40003], [179.44341, -37.410316], [179.461304, -37.420328], [179.479538, -37.430546], [179.497345, -37.441178], [179.512472, -37.453119], [179.528046, -37.462527], [179.544198, -37.472391], [179.560165, -37.483505], [179.575597, -37.493757], [179.591682, -37.502924], [179.607487, -37.511592], [179.62288, -37.519287], [179.639079, -37.527981], [179.656387, -37.5374], [179.673103, -37.545716], [179.688659, -37.554354], [179.703834, -37.563148], [179.720422, -37.573298], [179.73501, -37.583732], [179.749388, -37.595207], [179.763377, -37.604067], [179.78092, -37.612805], [179.796606, -37.625133], [179.812892, -37.634458], [179.831381, -37.643134], [179.849497, -37.652003], [179.866542, -37.660924], [179.883941, -37.671368], [179.902207, -37.679085], [179.921295, -37.68672], [179.939316, -37.694253], [179.956539, -37.702079], [179.971344, -37.710496], [179.989899, -37.717612], [-179.991804, -37.72435], [-179.974615, -37.732499], [-179.956166, -37.741597], [-179.938421, -37.748147], [-179.922768, -37.754766], [-179.904777, -37.761642], [-179.887766, -37.767961], [-179.869693, -37.771534], [-179.853039, -37.775626], [-179.83471, -37.77874], [-179.815608, -37.78188], [-179.797741, -37.785548], [-179.778121, -37.792006], [-179.75888, -37.797398], [-179.739634, -37.803081], [-179.721878, -37.808847], [-179.702972, -37.816039], [-179.685099, -37.823817], [-179.666628, -37.831704], [-179.649037, -37.837698], [-179.630044, -37.844403], [-179.611721, -37.851389], [-179.592634, -37.859725], [-179.576816, -37.866215], [-179.560049, -37.873799], [-179.542655, -37.883047], [-179.523478, -37.887991], [-179.50379, -37.894337], [-179.484902, -37.899119], [-179.464158, -37.904307], [-179.444382, -37.909931], [-179.42604, -37.916002], [-179.408089, -37.923061], [-179.390048, -37.930066], [-179.375127, -37.940535], [-179.360321, -37.950329], [-179.34438, -37.960016], [-179.326121, -37.967371], [-179.306031, -37.974072], [-179.287819, -37.981869], [-179.2695, -37.9897], [-179.253403, -37.998658], [-179.236016, -38.006701], [-179.218979, -38.015812], [-179.201562, -38.023521], [-179.18577, -38.033098], [-179.170355, -38.042857], [-179.155909, -38.053743], [-179.142427, -38.064479], [-179.127144, -38.074527], [-179.112136, -38.086734], [-179.096572, -38.098179], [-179.077347, -38.10599], [-179.059351, -38.114286], [-179.040627, -38.122683], [-179.02202, -38.130177], [-179.004344, -38.136589], [-178.985286, -38.143681], [-178.967951, -38.150903], [-178.950157, -38.158062], [-178.931901, -38.164439], [-178.913722, -38.170428], [-178.896572, -38.17737], [-178.878889, -38.184883], [-178.861942, -38.192588], [-178.843931, -38.200049], [-178.825502, -38.20617], [-178.807823, -38.213456], [-178.788808, -38.220636], [-178.769966, -38.227689], [-178.749924, -38.234567], [-178.731069, -38.241424], [-178.712151, -38.248981], [-178.693761, -38.256905], [-178.675899, -38.263508], [-178.657509, -38.271386], [-178.640075, -38.278993], [-178.620652, -38.286713], [-178.601878, -38.294583], [-178.583337, -38.302231], [-178.564424, -38.309494], [-178.547396, -38.317001], [-178.529531, -38.325084], [-178.511719, -38.333799], [-178.493103, -38.342363], [-178.475281, -38.34969], [-178.457216, -38.357368], [-178.438783, -38.364609], [-178.421448, -38.371931], [-178.403709, -38.379825], [-178.386047, -38.387055], [-178.366974, -38.394702], [-178.348689, -38.40199], [-178.330482, -38.410662], [-178.311124, -38.418273], [-178.293297, -38.425097], [-178.274881, -38.431843], [-178.255944, -38.439113], [-178.237579, -38.446373], [-178.218312, -38.453187], [-178.199635, -38.460327], [-178.180153, -38.46656], [-178.161362, -38.472732], [-178.14293, -38.479097], [-178.124746, -38.48525], [-178.106512, -38.491599], [-178.087386, -38.49892], [-178.069077, -38.505882], [-178.049184, -38.511566], [-178.029673, -38.51655], [-178.009645, -38.521225], [-177.990136, -38.525444], [-177.96986, -38.52823], [-177.950118, -38.531003], [-177.930471, -38.534217], [-177.909576, -38.538135], [-177.889443, -38.541258], [-177.869014, -38.544615], [-177.849324, -38.549059], [-177.829993, -38.554773], [-177.81089, -38.558987], [-177.792746, -38.564279], [-177.775059, -38.569335], [-177.755142, -38.575364], [-177.73526, -38.581123], [-177.715539, -38.587642], [-177.695856, -38.592466], [-177.678223, -38.598172], [-177.658432, -38.604411], [-177.640228, -38.611434], [-177.62143, -38.616844], [-177.601653, -38.62274], [-177.584264, -38.627872], [-177.563836, -38.632513], [-177.54271, -38.633623], [-177.522771, -38.635083], [-177.501313, -38.636703], [-177.483233, -38.639036], [-177.463186, -38.64101], [-177.441448, -38.640041], [-177.421, -38.637977], [-177.400604, -38.635693], [-177.379776, -38.633016], [-177.35832, -38.631969], [-177.337592, -38.631604], [-177.317495, -38.631679], [-177.29597, -38.630515], [-177.277154, -38.628713], [-177.257454, -38.627708], [-177.238749, -38.62829], [-177.219264, -38.630968], [-177.200962, -38.633229], [-177.180435, -38.635043], [-177.160609, -38.637684], [-177.140071, -38.640536], [-177.121216, -38.643814], [-177.100493, -38.647153], [-177.080765, -38.64933], [-177.061383, -38.652744], [-177.043427, -38.6555], [-177.024821, -38.658337], [-177.005784, -38.658695], [-176.98707, -38.657995], [-176.969055, -38.656514], [-176.948766, -38.654708], [-176.928207, -38.652197], [-176.909299, -38.6514], [-176.891626, -38.650974], [-176.871256, -38.649795], [-176.852071, -38.650067], [-176.833238, -38.650439], [-176.81512, -38.651219], [-176.795563, -38.653887], [-176.777398, -38.654309], [-176.75909, -38.651747], [-176.740397, -38.647595], [-176.724857, -38.644103], [-176.705252, -38.638527], [-176.686137, -38.635106], [-176.664965, -38.631283], [-176.646117, -38.627845], [-176.624949, -38.625229], [-176.605316, -38.62345], [-176.586242, -38.621704], [-176.567092, -38.617394], [-176.550198, -38.611697], [-176.531159, -38.606526], [-176.510625, -38.605256], [-176.490254, -38.60585], [-176.470281, -38.609564], [-176.452295, -38.612365], [-176.435752, -38.616262], [-176.419347, -38.622327], [-176.402074, -38.629956], [-176.387065, -38.637325], [-176.372849, -38.646843], [-176.359147, -38.655688], [-176.346054, -38.664138], [-176.331915, -38.673413], [-176.319081, -38.682064], [-176.308146, -38.69095], [-176.297959, -38.701075], [-176.28307, -38.702644], [-176.265599, -38.701128], [-176.248643, -38.699946], [-176.233215, -38.697562], [-176.217036, -38.690724], [-176.202884, -38.679504], [-176.18749, -38.670292], [-176.173256, -38.664052], [-176.154695, -38.660613], [-176.135168, -38.660252], [-176.11924, -38.661392], [-176.102265, -38.661892], [-176.086678, -38.65959], [-176.070318, -38.654757], [-176.054608, -38.649038], [-176.037863, -38.644313], [-176.019719, -38.639065], [-176.003144, -38.635355], [-175.985214, -38.629627], [-175.967346, -38.621866], [-175.954704, -38.611964], [-175.93806, -38.603216], [-175.920909, -38.59733], [-175.906026, -38.59985], [-175.889267, -38.606166], [-175.872512, -38.613026], [-175.854517, -38.618596], [-175.835795, -38.624878], [-175.819149, -38.632408], [-175.801351, -38.638326], [-175.782267, -38.637165], [-175.764592, -38.636461], [-175.744476, -38.636582], [-175.725718, -38.635422], [-175.705915, -38.636285], [-175.687511, -38.638165], [-175.667428, -38.641294], [-175.648677, -38.64552], [-175.632555, -38.651433], [-175.621939, -38.654977], [-175.608465, -38.651712], [-175.591449, -38.648585], [-175.572555, -38.645479], [-175.553474, -38.645894], [-175.533004, -38.647127], [-175.514247, -38.647109], [-175.493073, -38.646934], [-175.472656, -38.645603], [-175.452586, -38.643899], [-175.431315, -38.64319], [-175.410774, -38.640455], [-175.394444, -38.633103], [-175.37352, -38.630856], [-175.352406, -38.62978], [-175.332223, -38.631423], [-175.31191, -38.632552], [-175.29304, -38.632728], [-175.272511, -38.632962], [-175.25207, -38.632866], [-175.232793, -38.633289], [-175.21347, -38.635058], [-175.193939, -38.634881], [-175.173714, -38.635148], [-175.151925, -38.636218], [-175.129247, -38.636242], [-175.106827, -38.638009], [-175.084142, -38.638208], [-175.06327, -38.639035], [-175.042486, -38.639183], [-175.020716, -38.641071], [-174.999649, -38.642392], [-174.980006, -38.643407], [-174.96053, -38.643959], [-174.938822, -38.645489], [-174.918296, -38.646635], [-174.897806, -38.64811], [-174.876455, -38.64969], [-174.855411, -38.650757], [-174.836625, -38.653642], [-174.816137, -38.657768], [-174.795029, -38.661943], [-174.77507, -38.664816], [-174.753906, -38.665958], [-174.733974, -38.668384], [-174.713974, -38.670316], [-174.695715, -38.671769], [-174.674735, -38.67393], [-174.654338, -38.675545], [-174.633167, -38.67676], [-174.614665, -38.676628], [-174.594142, -38.677251], [-174.574151, -38.676485], [-174.556198, -38.675149], [-174.536171, -38.675072], [-174.516418, -38.67563], [-174.497001, -38.676078], [-174.477788, -38.676279], [-174.457789, -38.676418], [-174.437914, -38.676691], [-174.419868, -38.676057], [-174.399857, -38.676185], [-174.380412, -38.67611], [-174.361124, -38.67604], [-174.342609, -38.676662], [-174.322868, -38.67733], [-174.303691, -38.678194], [-174.284199, -38.678672], [-174.266492, -38.678401], [-174.247081, -38.68013], [-174.228098, -38.683256], [-174.210187, -38.685685], [-174.190511, -38.687326], [-174.171483, -38.690262], [-174.15245, -38.692562], [-174.134758, -38.692675], [-174.114998, -38.69368], [-174.096588, -38.695114], [-174.077472, -38.697887], [-174.056803, -38.700672], [-174.03712, -38.703092], [-174.017207, -38.705889], [-173.998879, -38.706752], [-173.978959, -38.705824], [-173.960053, -38.704713], [-173.940175, -38.704038], [-173.92189, -38.703021], [-173.90219, -38.701853], [-173.882233, -38.70079], [-173.863498, -38.700299], [-173.845723, -38.700867], [-173.82575, -38.702296], [-173.806026, -38.702587], [-173.787574, -38.703883], [-173.769668, -38.705384], [-173.750123, -38.706261], [-173.730049, -38.707559], [-173.712448, -38.708743], [-173.691849, -38.708936], [-173.67184, -38.708642], [-173.653936, -38.708838], [-173.634241, -38.709795], [-173.61348, -38.709873], [-173.595028, -38.709993], [-173.574488, -38.709651], [-173.5551, -38.709029], [-173.537018, -38.709569], [-173.519292, -38.710594], [-173.500638, -38.711956], [-173.480352, -38.714592], [-173.460484, -38.716466], [-173.44002, -38.717485], [-173.420933, -38.717844], [-173.399658, -38.718737], [-173.379253, -38.71844], [-173.358146, -38.717645], [-173.340051, -38.717356], [-173.318996, -38.717771], [-173.298179, -38.71835], [-173.276992, -38.719352], [-173.255305, -38.71995], [-173.234634, -38.720753], [-173.214267, -38.720956], [-173.195205, -38.719979], [-173.174835, -38.717083], [-173.153259, -38.714505], [-173.13204, -38.711639], [-173.111435, -38.709255], [-173.090856, -38.706616], [-173.06988, -38.7038], [-173.049721, -38.701214], [-173.03011, -38.699218], [-173.011373, -38.696579], [-172.990942, -38.693995], [-172.971299, -38.691941], [-172.951649, -38.689291], [-172.931213, -38.686462], [-172.911247, -38.683754], [-172.892892, -38.682032], [-172.871791, -38.680502], [-172.85006, -38.679405], [-172.831322, -38.678034], [-172.810098, -38.676033], [-172.791113, -38.674206], [-172.770081, -38.672725], [-172.749964, -38.671202], [-172.730378, -38.670035], [-172.711243, -38.669655], [-172.690369, -38.66967], [-172.669988, -38.669459], [-172.652744, -38.66934], [-172.633675, -38.669508], [-172.615123, -38.669618], [-172.594095, -38.670733], [-172.574076, -38.670895], [-172.554412, -38.669543], [-172.536193, -38.669588], [-172.515208, -38.670632], [-172.497142, -38.671572], [-172.475921, -38.673092], [-172.456071, -38.67567], [-172.435606, -38.678663], [-172.415367, -38.682008], [-172.393967, -38.683517], [-172.373946, -38.684081], [-172.355129, -38.684432], [-172.335014, -38.686563], [-172.316177, -38.691686], [-172.298183, -38.696481], [-172.279953, -38.700791], [-172.261195, -38.706945], [-172.243463, -38.713456], [-172.227089, -38.718801], [-172.208452, -38.725792], [-172.189641, -38.73125], [-172.171585, -38.737876], [-172.153603, -38.744367], [-172.134254, -38.751793], [-172.114502, -38.758548], [-172.093718, -38.76377], [-172.074537, -38.768821], [-172.054085, -38.774204], [-172.033036, -38.779893], [-172.013032, -38.785812], [-171.992408, -38.791159], [-171.971017, -38.796684], [-171.951347, -38.801522], [-171.928193, -38.809632], [-171.906699, -38.818318], [-171.889947, -38.825389], [-171.871663, -38.83313], [-171.852101, -38.841967], [-171.83461, -38.850982], [-171.817125, -38.859259], [-171.801491, -38.866308], [-171.781783, -38.874437], [-171.763032, -38.883669], [-171.745345, -38.893519], [-171.728737, -38.902778], [-171.710105, -38.913313], [-171.692723, -38.92395], [-171.675797, -38.933873], [-171.656586, -38.945], [-171.639674, -38.955101], [-171.623077, -38.964859], [-171.604721, -38.975081], [-171.587318, -38.985966], [-171.569687, -38.996819], [-171.551232, -39.006723], [-171.531318, -39.015606], [-171.513964, -39.02176], [-171.493897, -39.027622], [-171.474695, -39.032202], [-171.454808, -39.037208], [-171.435304, -39.04266], [-171.41526, -39.047533], [-171.393947, -39.052134], [-171.376219, -39.057141], [-171.356878, -39.06212], [-171.336472, -39.065931], [-171.3155, -39.069728], [-171.295144, -39.071764], [-171.274849, -39.074133], [-171.261427, -39.077602], [-171.246541, -39.081749], [-171.231573, -39.085704], [-171.216625, -39.089346], [-171.200212, -39.093328], [-171.18399, -39.096344], [-171.157078, -39.101961], [-171.119069, -39.108269], [-171.103859, -39.111676], [-171.086945, -39.116101], [-171.072744, -39.120429], [-171.056687, -39.124282], [-171.043485, -39.126971], [-171.048696, -39.130183], [-171.05328, -39.134111], [-171.058919, -39.137613], [-171.064365, -39.142491], [-171.071618, -39.148009], [-171.078781, -39.154448], [-171.085602, -39.161136], [-171.092848, -39.167869], [-171.098853, -39.175038], [-171.104737, -39.183157], [-171.111511, -39.192184], [-171.118526, -39.20119], [-171.125412, -39.210319], [-171.131752, -39.219475], [-171.137441, -39.229722], [-171.142235, -39.239225], [-171.146463, -39.249198], [-171.150799, -39.260151], [-171.154652, -39.271524], [-171.15741, -39.282229], [-171.159942, -39.292106], [-171.162689, -39.301953], [-171.164849, -39.311826], [-171.166522, -39.322546], [-171.167869, -39.332864], [-171.168556, -39.343143], [-171.168208, -39.353406], [-171.167468, -39.364252], [-171.166131, -39.374654], [-171.164014, -39.384916], [-171.161581, -39.39554], [-171.158736, -39.406554], [-171.155512, -39.416827], [-171.151208, -39.426434], [-171.145639, -39.436481], [-171.140629, -39.44601], [-171.135094, -39.455593], [-171.128727, -39.465382], [-171.122023, -39.474202], [-171.11498, -39.48259], [-171.10771, -39.490231], [-171.100278, -39.497796], [-171.093014, -39.505223], [-171.086053, -39.512621], [-171.079929, -39.519904], [-171.074298, -39.52706], [-171.069464, -39.534718], [-171.065846, -39.542413], [-171.062786, -39.549978], [-171.061061, -39.558691], [-171.061667, -39.565951], [-171.063168, -39.574443], [-171.064679, -39.583018], [-171.066892, -39.593705], [-171.069401, -39.60223], [-171.0712, -39.610537], [-171.070676, -39.619356], [-171.069916, -39.628157], [-171.069171, -39.637626], [-171.068931, -39.646556], [-171.068136, -39.656524], [-171.067716, -39.667666], [-171.066795, -39.677764], [-171.065998, -39.688316], [-171.064996, -39.698674], [-171.063131, -39.709772], [-171.060597, -39.720942], [-171.058303, -39.732614], [-171.055476, -39.743204], [-171.05214, -39.754339], [-171.047977, -39.76557], [-171.043315, -39.777396], [-171.038676, -39.78796], [-171.034019, -39.80001], [-171.030431, -39.810739], [-171.025134, -39.82126], [-171.01856, -39.832403], [-171.011856, -39.843942], [-171.005144, -39.854399], [-170.997717, -39.864606], [-170.989827, -39.874411], [-170.981577, -39.884046], [-170.973004, -39.893424], [-170.963663, -39.903239], [-170.954707, -39.912525], [-170.94536, -39.921721], [-170.935791, -39.93049], [-170.926376, -39.939032], [-170.917023, -39.946867], [-170.907155, -39.954956], [-170.898483, -39.96302], [-170.889474, -39.970586], [-170.879511, -39.976797], [-170.871705, -39.981797], [-170.865649, -39.986436], [-170.856702, -39.990812], [-170.846858, -39.993706], [-170.83607, -39.996578], [-170.825589, -39.99899], [-170.815091, -40.000175], [-170.804881, -40.000931], [-170.795141, -40.00166], [-170.785159, -40.002295], [-170.775375, -40.003416], [-170.766581, -40.004908], [-170.759075, -40.007563], [-170.752178, -40.010836], [-170.745075, -40.014556], [-170.7373, -40.018262], [-170.731421, -40.023039], [-170.725361, -40.028692], [-170.719945, -40.034416], [-170.713549, -40.040343], [-170.706613, -40.046111], [-170.704408, -40.052732], [-170.698076, -40.059856], [-170.691723, -40.066847], [-170.685233, -40.074227], [-170.67891, -40.081416], [-170.671579, -40.088437], [-170.670777, -40.099164], [-170.665801, -40.107657], [-170.655651, -40.115063], [-170.645175, -40.122664], [-170.634063, -40.129424], [-170.622696, -40.135582], [-170.611048, -40.141217], [-170.598572, -40.146725], [-170.589142, -40.153867], [-170.581826, -40.162417], [-170.574147, -40.171644], [-170.566057, -40.180381], [-170.5577, -40.187899], [-170.549842, -40.194716], [-170.540841, -40.202001], [-170.533231, -40.208951], [-170.526878, -40.215525], [-170.521051, -40.222133], [-170.515107, -40.229151], [-170.509062, -40.235895], [-170.502869, -40.242044], [-170.496795, -40.248943], [-170.491837, -40.256311], [-170.487178, -40.263269], [-170.48296, -40.269892], [-170.480219, -40.276596], [-170.478009, -40.283849], [-170.47725, -40.290616], [-170.478102, -40.297528], [-170.477327, -40.304788], [-170.477649, -40.312292], [-170.477678, -40.319431], [-170.476853, -40.3274], [-170.476712, -40.335677], [-170.477094, -40.343696], [-170.47555, -40.352516], [-170.473128, -40.361506], [-170.470679, -40.370635], [-170.46817, -40.379908], [-170.465981, -40.389955], [-170.463048, -40.400517], [-170.459919, -40.411127], [-170.455746, -40.421254], [-170.451944, -40.431605], [-170.447295, -40.442077], [-170.442591, -40.4525], [-170.438096, -40.464015], [-170.43266, -40.474221], [-170.426332, -40.485819], [-170.420085, -40.496286], [-170.413479, -40.506382], [-170.40655, -40.517067], [-170.399861, -40.526791], [-170.39236, -40.536647], [-170.383845, -40.545743], [-170.375896, -40.554828], [-170.365806, -40.564684], [-170.356857, -40.572981], [-170.347235, -40.581199], [-170.33655, -40.588799], [-170.325948, -40.596957], [-170.315516, -40.604516], [-170.305316, -40.611616], [-170.293809, -40.619212], [-170.282343, -40.626554], [-170.271764, -40.633449], [-170.25945, -40.640789], [-170.246694, -40.647788], [-170.235, -40.654135], [-170.224201, -40.659099], [-170.212498, -40.66416], [-170.201423, -40.668167], [-170.189479, -40.672872], [-170.17752, -40.675711], [-170.165619, -40.678308], [-170.153562, -40.680568], [-170.141614, -40.682983], [-170.130322, -40.684942], [-170.119836, -40.687665], [-170.109865, -40.690858], [-170.101117, -40.693883], [-170.092737, -40.697298], [-170.085021, -40.700942], [-170.07869, -40.706183], [-170.072556, -40.710782], [-170.067281, -40.715981], [-170.062441, -40.719544], [-170.059409, -40.724656], [-170.056549, -40.729838], [-170.05044, -40.732155], [-170.043242, -40.73203], [-170.025619, -40.736583], [-170.007371, -40.739476], [-169.987649, -40.743155], [-169.967392, -40.746619], [-169.947655, -40.747779], [-169.930227, -40.749188], [-169.908442, -40.749067], [-169.886561, -40.74913], [-169.866426, -40.749022], [-169.845753, -40.74997], [-169.824523, -40.748414], [-169.803162, -40.747091], [-169.781876, -40.74596], [-169.760369, -40.746075], [-169.73908, -40.746576], [-169.718134, -40.747869], [-169.696955, -40.748178], [-169.674113, -40.746601], [-169.652608, -40.745724], [-169.628732, -40.745987], [-169.607988, -40.747107], [-169.588456, -40.749476], [-169.565994, -40.750403], [-169.545502, -40.749256], [-169.525727, -40.748126], [-169.504433, -40.745723], [-169.483963, -40.744802], [-169.46241, -40.744549], [-169.441973, -40.745718], [-169.419933, -40.746863], [-169.397339, -40.749223], [-169.376092, -40.748649], [-169.353521, -40.748488], [-169.330109, -40.750082], [-169.307328, -40.750671], [-169.286573, -40.752193], [-169.266261, -40.753277], [-169.244146, -40.753671], [-169.223449, -40.75242], [-169.202591, -40.751891], [-169.181579, -40.750975], [-169.160686, -40.752034], [-169.141407, -40.755014], [-169.121322, -40.758781], [-169.100927, -40.761025], [-169.07987, -40.762499], [-169.060074, -40.764733], [-169.03968, -40.7651], [-169.018472, -40.76713], [-168.998342, -40.770154], [-168.977732, -40.773313], [-168.958024, -40.774728], [-168.938853, -40.776692], [-168.919617, -40.777725], [-168.900666, -40.780169], [-168.882505, -40.783685], [-168.866069, -40.787873], [-168.848002, -40.794221], [-168.829418, -40.799433], [-168.813375, -40.805638], [-168.796463, -40.814394], [-168.777873, -40.823663], [-168.75984, -40.83227], [-168.742147, -40.840247], [-168.723923, -40.848869], [-168.708245, -40.858286], [-168.693451, -40.870953], [-168.677428, -40.88235], [-168.661037, -40.890062], [-168.647888, -40.899825], [-168.632634, -40.911066], [-168.61857, -40.922087], [-168.606389, -40.931976], [-168.589105, -40.939391], [-168.568046, -40.943737], [-168.547119, -40.949233], [-168.527566, -40.955333], [-168.508533, -40.962076], [-168.490728, -40.968344], [-168.470922, -40.976646], [-168.452408, -40.983442], [-168.433655, -40.990868], [-168.414225, -40.996923], [-168.392535, -41.001202], [-168.372816, -41.00404], [-168.352504, -41.005603], [-168.332253, -41.011074], [-168.313507, -41.018309], [-168.2939, -41.026369], [-168.274162, -41.033586], [-168.255279, -41.040803], [-168.23558, -41.047218], [-168.213394, -41.05027], [-168.193383, -41.055006], [-168.173408, -41.060204], [-168.15159, -41.061539], [-168.128992, -41.063177], [-168.107437, -41.066915], [-168.097728, -41.064601], [-168.0979, -41.054746], [-168.097942, -41.044028], [-168.098218, -41.033776], [-168.097326, -41.023651], [-168.097226, -41.014694], [-168.097737, -41.005358], [-168.097521, -40.995547], [-168.095834, -40.98562], [-168.09423, -40.975184], [-168.094275, -40.965011], [-168.092674, -40.955543], [-168.091848, -40.945372], [-168.089772, -40.935059], [-168.087505, -40.924355], [-168.08504, -40.91415], [-168.08216, -40.90369], [-168.0817, -40.893133], [-168.082576, -40.882134], [-168.082973, -40.8717], [-168.083559, -40.861481], [-168.085042, -40.8513], [-168.090273, -40.840584], [-168.093653, -40.830972], [-168.089653, -40.820543], [-168.083491, -40.810343], [-168.074944, -40.800656], [-168.069718, -40.788952], [-168.064316, -40.777926], [-168.059072, -40.765708], [-168.05486, -40.755553], [-168.050065, -40.742967], [-168.043609, -40.72893], [-168.040397, -40.715752], [-168.036656, -40.70101], [-168.033762, -40.688686], [-168.027832, -40.674955], [-168.023448, -40.658153], [-168.021328, -40.64255], [-168.020218, -40.627974], [-168.02301, -40.61343], [-168.028005, -40.599601], [-168.025523, -40.58518], [-168.025239, -40.570177], [-168.023813, -40.555648], [-168.021485, -40.540264], [-168.017688, -40.524519], [-168.011698, -40.512482], [-168.007803, -40.497609], [-168.008623, -40.484363], [-168.007664, -40.469882], [-168.00789, -40.455548], [-168.014117, -40.442711], [-168.024079, -40.430465], [-168.030376, -40.41942], [-168.0289, -40.40516], [-168.027939, -40.390561], [-168.027857, -40.377094], [-168.026469, -40.361558], [-168.025534, -40.347175], [-168.023773, -40.331782], [-168.023199, -40.317771], [-168.022971, -40.303151], [-168.022644, -40.288067], [-168.022711, -40.272832], [-168.026006, -40.259878], [-168.027862, -40.244811], [-168.027941, -40.230143], [-168.028707, -40.215334], [-168.032303, -40.199608], [-168.03397, -40.185366], [-168.031804, -40.170949], [-168.025451, -40.157028], [-168.021362, -40.140817], [-168.016795, -40.124134], [-168.010081, -40.10973], [-168.000524, -40.098216], [-167.997691, -40.083582], [-167.998289, -40.07065], [-167.995758, -40.056464], [-167.991195, -40.042018], [-167.989266, -40.027269], [-167.98619, -40.010993], [-167.982758, -39.996454], [-167.981079, -39.981248], [-167.981257, -39.966629], [-167.980484, -39.95121], [-167.980081, -39.935668], [-167.978836, -39.922668], [-167.977971, -39.907005], [-167.97292, -39.893369], [-167.97016, -39.878739], [-167.967686, -39.864779], [-167.967611, -39.850934], [-167.963523, -39.838062], [-167.962351, -39.823532], [-167.960978, -39.810137], [-167.96142, -39.796819], [-167.961799, -39.782857], [-167.959731, -39.769318], [-167.959533, -39.755041], [-167.960059, -39.743146], [-167.95901, -39.728948], [-167.957567, -39.714354], [-167.954483, -39.699641], [-167.955613, -39.68522], [-167.95605, -39.671216], [-167.957401, -39.657169], [-167.954124, -39.64385], [-167.951609, -39.628908], [-167.954478, -39.615012], [-167.956706, -39.60243], [-167.957516, -39.58987], [-167.966552, -39.578482], [-167.975426, -39.567148], [-167.977616, -39.55389], [-167.978577, -39.539628], [-167.979721, -39.525844], [-167.980167, -39.510904], [-167.981522, -39.495293], [-167.984111, -39.482103], [-167.987457, -39.469371], [-167.990188, -39.457961], [-167.993856, -39.444351], [-167.998028, -39.433433], [-167.9997, -39.420725], [-168.000652, -39.408011], [-168.005123, -39.395942], [-168.006907, -39.38441], [-168.010422, -39.372979], [-168.012748, -39.360104], [-168.014133, -39.347785], [-168.015884, -39.336279], [-168.017776, -39.325763], [-168.017518, -39.313929], [-168.017415, -39.3022], [-168.017964, -39.290684], [-168.017591, -39.27838], [-168.016602, -39.266914], [-168.016765, -39.255489], [-168.017385, -39.243079], [-168.018926, -39.231157], [-168.019486, -39.21897], [-168.019699, -39.20658], [-168.018778, -39.194158], [-168.017563, -39.183115], [-168.016062, -39.169788], [-168.014511, -39.15817], [-168.015824, -39.146403], [-168.016083, -39.134793], [-168.014923, -39.122526], [-168.016391, -39.110891], [-168.015178, -39.097556], [-168.014562, -39.084077], [-168.016014, -39.072331], [-168.017064, -39.060165], [-168.018067, -39.048555], [-168.018394, -39.037142], [-168.019393, -39.024482], [-168.021553, -39.012711], [-168.023169, -38.999451], [-168.025165, -38.988388], [-168.028207, -38.976682], [-168.031067, -38.965158], [-168.032282, -38.955135], [-168.035304, -38.94503], [-168.036057, -38.933744], [-168.037754, -38.921014], [-168.039008, -38.909424], [-168.041067, -38.8982], [-168.044409, -38.886306], [-168.049721, -38.875286], [-168.052517, -38.864717], [-168.054351, -38.853772], [-168.05639, -38.844225], [-168.057284, -38.834299], [-168.05611, -38.823171], [-168.056234, -38.811908], [-168.057841, -38.801993], [-168.063543, -38.792727], [-168.067376, -38.783815], [-168.069706, -38.773589], [-168.074757, -38.764069], [-168.082722, -38.756902], [-168.088889, -38.749628], [-168.095718, -38.741739], [-168.088986, -38.738089], [-168.068928, -38.739215], [-168.049087, -38.741019], [-168.029497, -38.744381], [-168.007055, -38.748259], [-167.98568, -38.749802], [-167.965798, -38.752431], [-167.944221, -38.757769], [-167.921866, -38.760631], [-167.898613, -38.754947], [-167.879311, -38.747169], [-167.860505, -38.741956], [-167.8411, -38.739755], [-167.821869, -38.73929], [-167.800736, -38.745354], [-167.779679, -38.751778], [-167.758694, -38.75025], [-167.73681, -38.748092], [-167.71593, -38.747854], [-167.694206, -38.749539], [-167.672547, -38.748285], [-167.650818, -38.748072], [-167.627675, -38.749271], [-167.604508, -38.750122], [-167.583196, -38.744217], [-167.555817, -38.734105], [-167.539555, -38.724305], [-167.518788, -38.719843], [-167.496373, -38.715974], [-167.477096, -38.711523], [-167.457204, -38.708746], [-167.439438, -38.70205], [-167.419693, -38.695706], [-167.398386, -38.690356], [-167.376933, -38.685668], [-167.355862, -38.684272], [-167.335067, -38.685311], [-167.318909, -38.677601], [-167.303536, -38.671154], [-167.284544, -38.66902], [-167.266468, -38.665277], [-167.245162, -38.665364], [-167.224198, -38.663069], [-167.208433, -38.658812], [-167.193746, -38.651137], [-167.185933, -38.636317], [-167.186892, -38.62638], [-167.18745, -38.619225], [-167.169379, -38.615004], [-167.152804, -38.613892], [-167.139287, -38.610257], [-167.126701, -38.605883], [-167.111691, -38.605953], [-167.096322, -38.608735], [-167.085571, -38.605557], [-167.090294, -38.595339], [-167.096407, -38.59083], [-167.094015, -38.585487], [-167.090233, -38.580528], [-167.083609, -38.574742], [-167.077197, -38.56926], [-167.063782, -38.56615], [-167.051497, -38.559848], [-167.043928, -38.553407], [-167.039541, -38.548236], [-167.032861, -38.538861], [-167.029047, -38.529893], [-167.022519, -38.520949], [-167.013943, -38.514468], [-167.006263, -38.507372], [-166.999974, -38.501875], [-166.992715, -38.497184], [-166.986489, -38.492402], [-166.979705, -38.486174], [-166.971778, -38.47796], [-166.966516, -38.470144], [-166.961387, -38.464925], [-166.955885, -38.461208], [-166.949587, -38.456898], [-166.943005, -38.451368], [-166.937267, -38.444968], [-166.933149, -38.438027], [-166.929573, -38.43125], [-166.927287, -38.424382], [-166.92502, -38.416877], [-166.924108, -38.409714], [-166.923342, -38.403052], [-166.923286, -38.396618], [-166.92298, -38.389858], [-166.921682, -38.383047], [-166.920889, -38.376291], [-166.921652, -38.371091], [-166.919446, -38.366095], [-166.915719, -38.361765], [-166.91159, -38.356877], [-166.907827, -38.351808], [-166.905022, -38.345804], [-166.903236, -38.339426], [-166.901501, -38.331853], [-166.898705, -38.324203], [-166.894902, -38.317504], [-166.890992, -38.310918], [-166.888359, -38.303514], [-166.888583, -38.295855], [-166.885601, -38.288265], [-166.883332, -38.280431], [-166.880458, -38.272036], [-166.879912, -38.266207], [-166.880203, -38.25966], [-166.877847, -38.252898], [-166.87605, -38.247029], [-166.874079, -38.240076], [-166.875011, -38.231432], [-166.875006, -38.223231], [-166.875654, -38.215385], [-166.872371, -38.209333], [-166.872253, -38.201307], [-166.874235, -38.19495], [-166.876265, -38.188487], [-166.874378, -38.182411], [-166.869665, -38.177388], [-166.866068, -38.171571], [-166.863615, -38.16507], [-166.864618, -38.157428], [-166.86509, -38.149117], [-166.86816, -38.141499], [-166.873563, -38.135793], [-166.879864, -38.132516], [-166.885503, -38.128675], [-166.891124, -38.124365], [-166.893561, -38.118341], [-166.895208, -38.115544], [-166.898639, -38.113417], [-166.897802, -38.105138], [-166.895993, -38.097393], [-166.894363, -38.109833], [-166.893717, -38.11269], [-166.898364, -38.113039], [-166.88733, -38.125419], [-166.875456, -38.137754], [-166.864364, -38.149551], [-166.852595, -38.162377], [-166.846164, -38.171305], [-166.835271, -38.183609], [-166.828823, -38.192753], [-166.819128, -38.203569], [-166.810283, -38.21381], [-166.80117, -38.223308], [-166.795091, -38.230898], [-166.787552, -38.238803], [-166.772743, -38.251406], [-166.75988, -38.262747], [-166.746772, -38.274519], [-166.735465, -38.287411], [-166.727208, -38.298562], [-166.717855, -38.310295], [-166.708855, -38.3212], [-166.699417, -38.332933], [-166.688036, -38.346026], [-166.678512, -38.357195], [-166.669927, -38.368038], [-166.66077, -38.379275], [-166.649468, -38.39271], [-166.640237, -38.404122], [-166.630699, -38.415514], [-166.619827, -38.428288], [-166.609502, -38.439749], [-166.60145, -38.450243], [-166.592412, -38.461519], [-166.581965, -38.474686], [-166.571365, -38.489259], [-166.564763, -38.500019], [-166.556046, -38.512988], [-166.547687, -38.524714], [-166.538414, -38.537615], [-166.52771, -38.551358], [-166.520827, -38.562183], [-166.514454, -38.572586], [-166.511253, -38.582437], [-166.506958, -38.593868], [-166.499496, -38.607984], [-166.497619, -38.619482], [-166.489568, -38.632865], [-166.482395, -38.645039], [-166.473302, -38.659467], [-166.463753, -38.674288], [-166.455617, -38.687755], [-166.446761, -38.701931], [-166.436539, -38.717377], [-166.426933, -38.731954], [-166.417402, -38.746722], [-166.410436, -38.75913], [-166.400176, -38.774649], [-166.39095, -38.789901], [-166.384308, -38.802342], [-166.379353, -38.812819], [-166.369975, -38.827742], [-166.359472, -38.841988], [-166.348355, -38.855628], [-166.33873, -38.867637], [-166.330058, -38.880249], [-166.321795, -38.891154], [-166.312398, -38.902854], [-166.30119, -38.91517], [-166.291327, -38.926099], [-166.280834, -38.93712], [-166.270066, -38.94798], [-166.256545, -38.960862], [-166.244892, -38.971266], [-166.241872, -38.979156], [-166.235865, -38.989293], [-166.224187, -38.999268], [-166.20768, -39.001241], [-166.200286, -39.008721], [-166.199585, -39.013557], [-166.207149, -39.014686], [-166.214388, -39.014222], [-166.222148, -39.013652], [-166.229384, -39.0119], [-166.237808, -39.011062], [-166.245676, -39.009777], [-166.252463, -39.009217], [-166.252187, -39.018547], [-166.252479, -39.027558], [-166.252683, -39.037121], [-166.252053, -39.046667], [-166.247906, -39.056312], [-166.245092, -39.065927], [-166.244128, -39.074154], [-166.239862, -39.083974], [-166.236006, -39.093972], [-166.232806, -39.103519], [-166.225538, -39.113012], [-166.219136, -39.122303], [-166.214478, -39.131488], [-166.20805, -39.141071], [-166.201186, -39.15023], [-166.197481, -39.159723], [-166.194043, -39.170026], [-166.189286, -39.18029], [-166.184483, -39.189278], [-166.179008, -39.200016], [-166.17214, -39.210982], [-166.164393, -39.221761], [-166.157771, -39.232251], [-166.151161, -39.241572], [-166.144348, -39.252548], [-166.137744, -39.26375], [-166.13242, -39.275287], [-166.127426, -39.285813], [-166.120417, -39.296944], [-166.112184, -39.307416], [-166.101627, -39.319067], [-166.095172, -39.32874], [-166.087941, -39.338689], [-166.079209, -39.348493], [-166.070893, -39.358629], [-166.061095, -39.370238], [-166.051785, -39.380996], [-166.04642, -39.391194], [-166.041279, -39.400299], [-166.034949, -39.409398], [-166.027349, -39.418279], [-166.018779, -39.427634], [-166.011758, -39.435992], [-166.002022, -39.445584], [-165.994549, -39.454012], [-165.987309, -39.462651], [-165.978192, -39.471127], [-165.968829, -39.478972], [-165.960018, -39.486595], [-165.951965, -39.494227], [-165.943325, -39.501933], [-165.934419, -39.509897], [-165.926174, -39.517892], [-165.917322, -39.52584], [-165.907882, -39.534019], [-165.898655, -39.541642], [-165.890436, -39.549311], [-165.882709, -39.55754], [-165.873695, -39.565879], [-165.866159, -39.575083], [-165.860347, -39.583177], [-165.85339, -39.591097], [-165.847393, -39.599689], [-165.841015, -39.608128], [-165.825645, -39.619862], [-165.80933, -39.627624], [-165.794363, -39.63476], [-165.779887, -39.643767], [-165.764422, -39.651598], [-165.752853, -39.663766], [-165.742131, -39.674909], [-165.723434, -39.680862], [-165.709788, -39.687851], [-165.693344, -39.6942], [-165.675399, -39.699884], [-165.656194, -39.704903], [-165.64034, -39.713149], [-165.626484, -39.723871], [-165.615399, -39.73222], [-165.598231, -39.738947], [-165.584371, -39.742902], [-165.568877, -39.745848], [-165.54978, -39.747872], [-165.534648, -39.752949], [-165.519464, -39.761165], [-165.501671, -39.770297], [-165.483485, -39.781659], [-165.461635, -39.791301], [-165.447673, -39.802052], [-165.430259, -39.811681], [-165.41841, -39.825784], [-165.406195, -39.838275], [-165.392576, -39.848555], [-165.383229, -39.861375], [-165.367768, -39.871228], [-165.353918, -39.880702], [-165.338542, -39.88388], [-165.317526, -39.885858], [-165.295258, -39.884993], [-165.27837, -39.890155], [-165.26263, -39.897585], [-165.245567, -39.902153], [-165.226837, -39.90616], [-165.210499, -39.910251], [-165.192495, -39.912747], [-165.173769, -39.915766], [-165.161081, -39.923203], [-165.148621, -39.924616], [-165.133983, -39.928808], [-165.122732, -39.937303], [-165.108406, -39.938953], [-165.096347, -39.9405], [-165.081207, -39.942244], [-165.06839, -39.94478], [-165.059983, -39.947118], [-165.050705, -39.944367], [-165.036024, -39.939858], [-165.02562, -39.936031], [-165.016723, -39.928712], [-165.003692, -39.929573], [-164.994027, -39.93247], [-164.984753, -39.93461], [-164.975605, -39.937569], [-164.966443, -39.942801], [-164.951691, -39.944361], [-164.940132, -39.944868], [-164.932608, -39.940635], [-164.930305, -39.934456], [-164.932215, -39.924854], [-164.936705, -39.91382], [-164.941121, -39.91373], [-164.930568, -39.912178], [-164.919207, -39.913361], [-164.908002, -39.915777], [-164.899242, -39.921715], [-164.893657, -39.930814], [-164.89178, -39.939419], [-164.896404, -39.945036], [-164.895975, -39.952706], [-164.904209, -39.96011], [-164.910137, -39.964774], [-164.917024, -39.968949], [-164.925889, -39.973351], [-164.933596, -39.97792], [-164.939087, -39.984122], [-164.944481, -39.989407], [-164.952347, -39.9927], [-164.958655, -39.997507], [-164.958701, -40.004408], [-164.956011, -40.007008], [-164.941871, -40.006027], [-164.921882, -40.006807], [-164.900788, -40.007895], [-164.880519, -40.008541], [-164.8601, -40.008893], [-164.839941, -40.009073], [-164.81778, -40.008994], [-164.796196, -40.009072], [-164.775414, -40.00913], [-164.755662, -40.008908], [-164.735555, -40.008725], [-164.714143, -40.008434], [-164.693868, -40.008029], [-164.673544, -40.00525], [-164.655667, -40.000539], [-164.635971, -39.995828], [-164.617752, -39.988628], [-164.600059, -39.98041], [-164.583031, -39.972412], [-164.566762, -39.965037], [-164.548854, -39.956864], [-164.531273, -39.948908], [-164.513729, -39.940751], [-164.495489, -39.932244], [-164.477526, -39.924128], [-164.46126, -39.917095], [-164.443202, -39.909249], [-164.42482, -39.901026], [-164.405677, -39.892083], [-164.387604, -39.883596], [-164.369506, -39.875039], [-164.351263, -39.866331], [-164.334525, -39.858248], [-164.315481, -39.849111], [-164.297287, -39.840511], [-164.280191, -39.832367], [-164.268439, -39.825501], [-164.25838, -39.818869], [-164.248923, -39.812176], [-164.237404, -39.804595], [-164.227424, -39.797245], [-164.217243, -39.789266], [-164.212141, -39.782155], [-164.20695, -39.77515], [-164.199471, -39.767645], [-164.188856, -39.760261], [-164.178238, -39.753408], [-164.1697, -39.747054], [-164.160185, -39.741885], [-164.151303, -39.737233], [-164.142786, -39.732116], [-164.135827, -39.727327], [-164.12824, -39.72243], [-164.119708, -39.717648], [-164.110552, -39.713001], [-164.101798, -39.708137], [-164.093645, -39.703766], [-164.085825, -39.699701], [-164.077948, -39.69595], [-164.070142, -39.692304], [-164.059859, -39.688337], [-164.050177, -39.68553], [-164.040266, -39.683698], [-164.024898, -39.679451], [-164.005044, -39.67236], [-163.98748, -39.666155], [-163.967888, -39.659074], [-163.949562, -39.652356], [-163.932328, -39.646156], [-163.912928, -39.639661], [-163.893838, -39.633474], [-163.874546, -39.627187], [-163.855973, -39.620789], [-163.836746, -39.613859], [-163.818299, -39.606962], [-163.799231, -39.600089], [-163.781761, -39.593786], [-163.766627, -39.588664], [-163.749782, -39.582662], [-163.735683, -39.576213], [-163.722855, -39.569925], [-163.708212, -39.562166], [-163.69517, -39.557095], [-163.677715, -39.552252], [-163.660817, -39.54712], [-163.644142, -39.540937], [-163.627917, -39.528844], [-163.613278, -39.515178], [-163.599728, -39.502349], [-163.581162, -39.490739], [-163.560868, -39.481081], [-163.544803, -39.469049], [-163.528653, -39.456036], [-163.511134, -39.444161], [-163.49526, -39.431257], [-163.474495, -39.415816], [-163.457276, -39.401429], [-163.442802, -39.387833], [-163.426262, -39.372669], [-163.410668, -39.357191], [-163.397117, -39.34477], [-163.382094, -39.33074], [-163.365319, -39.31534], [-163.34716, -39.299252], [-163.332214, -39.286028], [-163.318017, -39.273418], [-163.305472, -39.2601], [-163.290825, -39.248438], [-163.275886, -39.237285], [-163.259759, -39.226956], [-163.243042, -39.216801], [-163.226508, -39.206927], [-163.208475, -39.194644], [-163.193357, -39.181824], [-163.17572, -39.16867], [-163.158348, -39.158027], [-163.13971, -39.149918], [-163.121333, -39.142835], [-163.101823, -39.137054], [-163.081405, -39.131285], [-163.061377, -39.125187], [-163.042238, -39.117146], [-163.021854, -39.109578], [-163.003223, -39.10191], [-162.985997, -39.091826], [-162.969055, -39.08026], [-162.952864, -39.068347], [-162.938736, -39.055674], [-162.932596, -39.039881], [-162.928892, -39.023837], [-162.917382, -39.006035], [-162.903473, -38.993427], [-162.888824, -38.980133], [-162.872874, -38.967267], [-162.85762, -38.954438], [-162.841859, -38.942883], [-162.827092, -38.931596], [-162.81132, -38.920215], [-162.796021, -38.908594], [-162.783447, -38.895085], [-162.769765, -38.882429], [-162.755356, -38.870607], [-162.737946, -38.860501], [-162.721826, -38.848443], [-162.703883, -38.835623], [-162.688212, -38.824342], [-162.670216, -38.814834], [-162.652684, -38.805054], [-162.638421, -38.791716], [-162.62619, -38.779501], [-162.61352, -38.766142], [-162.599203, -38.753962], [-162.584702, -38.741816], [-162.572642, -38.728737], [-162.558815, -38.713276], [-162.545677, -38.701426], [-162.532579, -38.688965], [-162.521339, -38.675118], [-162.510284, -38.661259], [-162.496972, -38.646757], [-162.48413, -38.633688], [-162.471192, -38.620769], [-162.456123, -38.60929], [-162.441696, -38.597876], [-162.428643, -38.585224], [-162.413971, -38.573814], [-162.399131, -38.562372], [-162.384484, -38.55064], [-162.369728, -38.538977], [-162.354844, -38.528013], [-162.340813, -38.516607], [-162.327323, -38.50482], [-162.313102, -38.492653], [-162.299766, -38.480265], [-162.288658, -38.467232], [-162.276459, -38.454404], [-162.262779, -38.442318], [-162.249899, -38.429762], [-162.235779, -38.41774], [-162.221208, -38.405667], [-162.207581, -38.393035], [-162.192802, -38.380641], [-162.17756, -38.368749], [-162.160515, -38.35823], [-162.144112, -38.347975], [-162.130286, -38.335642], [-162.120422, -38.320908], [-162.106752, -38.307882], [-162.091126, -38.296003], [-162.077431, -38.282909], [-162.065368, -38.269453], [-162.054969, -38.255566], [-162.043945, -38.241406], [-162.032432, -38.226629], [-162.020325, -38.212165], [-162.007447, -38.196828], [-161.994972, -38.181798], [-161.98037, -38.169243], [-161.96421, -38.158596], [-161.949844, -38.147415], [-161.934826, -38.133929], [-161.920893, -38.122603], [-161.909919, -38.109435], [-161.896554, -38.097367], [-161.884343, -38.084725], [-161.869926, -38.073929], [-161.853535, -38.063089], [-161.836325, -38.052724], [-161.821731, -38.041165], [-161.809428, -38.027968], [-161.795349, -38.015552], [-161.782157, -38.002413], [-161.771744, -37.988793], [-161.760292, -37.975562], [-161.749181, -37.962779], [-161.739328, -37.947547], [-161.73056, -37.93317], [-161.722389, -37.919756], [-161.709046, -37.903379], [-161.696862, -37.891105], [-161.686683, -37.877271], [-161.675636, -37.863748], [-161.66474, -37.847971], [-161.654289, -37.834271], [-161.643319, -37.821084], [-161.631569, -37.807927], [-161.618898, -37.795045], [-161.604805, -37.780792], [-161.590989, -37.769491], [-161.576027, -37.757586], [-161.561302, -37.745362], [-161.54393, -37.732747], [-161.531473, -37.718051], [-161.51795, -37.705205], [-161.504633, -37.691882], [-161.492266, -37.677459], [-161.479438, -37.663224], [-161.464716, -37.65035], [-161.449806, -37.636853], [-161.434386, -37.622552], [-161.416085, -37.60459], [-161.402603, -37.588413], [-161.387833, -37.574375], [-161.37162, -37.562147], [-161.355453, -37.547654], [-161.342614, -37.533018], [-161.328439, -37.519526], [-161.31681, -37.503351], [-161.303413, -37.486058], [-161.290825, -37.472508], [-161.278657, -37.45648], [-161.266541, -37.440405], [-161.256509, -37.425123], [-161.243444, -37.411156], [-161.229377, -37.395685], [-161.217316, -37.379938], [-161.206496, -37.362589], [-161.197319, -37.345612], [-161.184202, -37.327929], [-161.175018, -37.312701], [-161.165134, -37.298285], [-161.155171, -37.284714], [-161.146479, -37.27048], [-161.137255, -37.25636], [-161.126021, -37.24238], [-161.114545, -37.229063], [-161.103878, -37.215161], [-161.092805, -37.202341], [-161.082714, -37.187085], [-161.072545, -37.172601], [-161.061131, -37.156005], [-161.046822, -37.139], [-161.034103, -37.125117], [-161.020263, -37.111221], [-161.006691, -37.098884], [-160.993888, -37.086835], [-160.981507, -37.073622], [-160.967576, -37.061742], [-160.955597, -37.049046], [-160.943984, -37.036547], [-160.929082, -37.022504], [-160.915144, -37.009907], [-160.903305, -36.996273], [-160.886803, -36.985121], [-160.869553, -36.976212], [-160.850526, -36.966969], [-160.834221, -36.956665], [-160.816895, -36.946495], [-160.800561, -36.934649], [-160.783614, -36.924727], [-160.770897, -36.91346], [-160.76004, -36.897751], [-160.756348, -36.879507], [-160.750167, -36.861076], [-160.734868, -36.843594], [-160.719315, -36.829717], [-160.704521, -36.816026], [-160.69085, -36.801249], [-160.678299, -36.787663], [-160.665635, -36.772449], [-160.653198, -36.759157], [-160.641938, -36.745796], [-160.629349, -36.732518], [-160.617005, -36.717515], [-160.605599, -36.703653], [-160.593437, -36.69049], [-160.582482, -36.677044], [-160.57138, -36.663411], [-160.557899, -36.648499], [-160.54374, -36.634622], [-160.529397, -36.619518], [-160.514456, -36.604854], [-160.500543, -36.59243], [-160.487914, -36.578043], [-160.474748, -36.563864], [-160.459787, -36.550242], [-160.44249, -36.534899], [-160.427078, -36.521206], [-160.412322, -36.507398], [-160.398125, -36.493072], [-160.384955, -36.47864], [-160.389078, -36.472281], [-160.380366, -36.464694], [-160.365397, -36.457424], [-160.352098, -36.450514], [-160.337042, -36.443462], [-160.324509, -36.437188], [-160.310221, -36.431711], [-160.296051, -36.425243], [-160.282974, -36.417905], [-160.270203, -36.412523], [-160.255432, -36.406305], [-160.241722, -36.400403], [-160.226036, -36.394348], [-160.210801, -36.389357], [-160.19778, -36.385137], [-160.182147, -36.380154], [-160.16804, -36.374703], [-160.155036, -36.368404], [-160.141995, -36.36072], [-160.126549, -36.35843], [-160.10846, -36.355148], [-160.092166, -36.35213], [-160.07379, -36.347101], [-160.05964, -36.339172], [-160.047571, -36.332237], [-160.02993, -36.328492], [-160.011805, -36.326124], [-159.993678, -36.323461], [-159.976787, -36.321651], [-159.956634, -36.321024], [-159.938704, -36.319849], [-159.921744, -36.318053], [-159.902487, -36.316565], [-159.884059, -36.316422], [-159.866232, -36.315963], [-159.847742, -36.315219], [-159.830014, -36.313738], [-159.812301, -36.313729], [-159.793315, -36.314581], [-159.774426, -36.315055], [-159.756068, -36.316165], [-159.737417, -36.31661], [-159.720321, -36.317356], [-159.702784, -36.320874], [-159.68581, -36.323241], [-159.669749, -36.325842], [-159.653218, -36.328109], [-159.637823, -36.33086], [-159.622924, -36.335369], [-159.607824, -36.340335], [-159.591978, -36.345699], [-159.57557, -36.350912], [-159.560428, -36.356151], [-159.544302, -36.359491], [-159.528631, -36.364691], [-159.513707, -36.372896], [-159.49705, -36.380904], [-159.479353, -36.389815], [-159.464112, -36.397679], [-159.444648, -36.405778], [-159.425148, -36.410302], [-159.405395, -36.415835], [-159.386474, -36.421201], [-159.367646, -36.42718], [-159.348032, -36.428239], [-159.328447, -36.430475], [-159.30793, -36.43249], [-159.285959, -36.43286], [-159.266708, -36.437462], [-159.248955, -36.443698], [-159.230927, -36.451183], [-159.214562, -36.453027], [-159.194434, -36.456585], [-159.175431, -36.462762], [-159.156941, -36.471086], [-159.138072, -36.477313], [-159.119965, -36.48572], [-159.101173, -36.491208], [-159.082434, -36.495858], [-159.065337, -36.500993], [-159.045563, -36.503993], [-159.026596, -36.509128], [-159.007126, -36.514075], [-158.987184, -36.517501], [-158.968923, -36.521278], [-158.950287, -36.525665], [-158.930868, -36.528663], [-158.912819, -36.536341], [-158.893682, -36.543802], [-158.874923, -36.55006], [-158.856645, -36.556614], [-158.83864, -36.563873], [-158.820821, -36.569265], [-158.801727, -36.572397], [-158.78312, -36.579065], [-158.764808, -36.585423], [-158.747223, -36.594069], [-158.727976, -36.601567], [-158.709907, -36.610606], [-158.692982, -36.617389], [-158.675817, -36.624825], [-158.656868, -36.631113], [-158.638328, -36.635556], [-158.619187, -36.638492], [-158.599269, -36.643502], [-158.581146, -36.650101], [-158.561997, -36.656056], [-158.543375, -36.662294], [-158.524971, -36.667413], [-158.508294, -36.674078], [-158.490779, -36.682094], [-158.475566, -36.69129], [-158.457405, -36.698127], [-158.438721, -36.699488], [-158.418921, -36.701262], [-158.3983, -36.703663], [-158.375901, -36.706786], [-158.356344, -36.70893], [-158.336556, -36.711006], [-158.314821, -36.711086], [-158.295775, -36.712355], [-158.275807, -36.71232], [-158.254766, -36.713682], [-158.232071, -36.712606], [-158.21087, -36.71418], [-158.190292, -36.715017], [-158.171731, -36.711802], [-158.15226, -36.711405], [-158.131828, -36.712351], [-158.111298, -36.713559], [-158.088279, -36.713306], [-158.067749, -36.711185], [-158.048775, -36.707999], [-158.027892, -36.707393], [-158.007528, -36.705438], [-157.987121, -36.699555], [-157.968316, -36.698325], [-157.948546, -36.700604], [-157.930405, -36.699775], [-157.909118, -36.697695], [-157.889354, -36.69653], [-157.870192, -36.69273], [-157.850541, -36.68995], [-157.827721, -36.686086], [-157.807526, -36.68419], [-157.78582, -36.681494], [-157.765747, -36.676651], [-157.744788, -36.673547], [-157.722053, -36.672275], [-157.701386, -36.668857], [-157.680447, -36.666055], [-157.658485, -36.662941], [-157.636627, -36.658991], [-157.617875, -36.656005], [-157.598384, -36.652165], [-157.580124, -36.646715], [-157.561928, -36.640945], [-157.543187, -36.635665], [-157.523002, -36.630785], [-157.504204, -36.625111], [-157.485603, -36.619968], [-157.46703, -36.61512], [-157.447182, -36.610644], [-157.427796, -36.606701], [-157.408905, -36.60451], [-157.388158, -36.601732], [-157.367363, -36.597306], [-157.348027, -36.590099], [-157.329671, -36.584758], [-157.312775, -36.579226], [-157.295742, -36.572454], [-157.280529, -36.566045], [-157.262641, -36.559643], [-157.243698, -36.553156], [-157.224935, -36.549795], [-157.205982, -36.547528], [-157.18834, -36.543541], [-157.169057, -36.539819], [-157.150106, -36.536921], [-157.130875, -36.533301], [-157.11208, -36.530008], [-157.092987, -36.528105], [-157.073623, -36.526416], [-157.057629, -36.524532], [-157.042847, -36.521299], [-157.026841, -36.518985], [-157.011251, -36.516381], [-156.994715, -36.509522], [-156.980728, -36.505168], [-156.961726, -36.502074], [-156.941838, -36.499067], [-156.924149, -36.498896], [-156.906688, -36.498612], [-156.889265, -36.496136], [-156.871643, -36.493296], [-156.852996, -36.490844], [-156.833456, -36.487807], [-156.815258, -36.484341], [-156.795234, -36.481296], [-156.77827, -36.478827], [-156.764542, -36.476496], [-156.745881, -36.475073], [-156.725911, -36.472587], [-156.70577, -36.472508], [-156.690373, -36.473637], [-156.672878, -36.470432], [-156.6557, -36.466684], [-156.640427, -36.462645], [-156.622467, -36.457784], [-156.606263, -36.45312], [-156.587748, -36.449883], [-156.571798, -36.445006], [-156.554499, -36.440867], [-156.538072, -36.435639], [-156.523157, -36.431225], [-156.505529, -36.427044], [-156.492111, -36.422312], [-156.47755, -36.416356], [-156.463267, -36.411305], [-156.44942, -36.405688], [-156.432978, -36.402341], [-156.417231, -36.399312], [-156.401913, -36.39749], [-156.385325, -36.397376], [-156.368929, -36.398589], [-156.35106, -36.401509], [-156.335462, -36.402998], [-156.318823, -36.40564], [-156.301188, -36.406114], [-156.283289, -36.407518], [-156.264521, -36.406925], [-156.247576, -36.402006], [-156.234095, -36.396336], [-156.22029, -36.393347], [-156.203655, -36.392667], [-156.186694, -36.391507], [-156.171392, -36.391994], [-156.153447, -36.394187], [-156.138122, -36.394803], [-156.120886, -36.395714], [-156.104185, -36.397065], [-156.087783, -36.398703], [-156.070429, -36.402151], [-156.053403, -36.405386], [-156.034861, -36.408711], [-156.018359, -36.407899], [-156.000549, -36.407462], [-155.982958, -36.40772], [-155.96878, -36.407314], [-155.953262, -36.408404], [-155.937202, -36.411113], [-155.92012, -36.414855], [-155.9039, -36.418741], [-155.88678, -36.421866], [-155.867152, -36.422556], [-155.850986, -36.429605], [-155.838328, -36.43811], [-155.824311, -36.443419], [-155.808976, -36.444503], [-155.791366, -36.446729], [-155.772725, -36.448313], [-155.755376, -36.452441], [-155.740573, -36.459571], [-155.726298, -36.46549], [-155.712891, -36.470772], [-155.699158, -36.474794], [-155.682466, -36.478636], [-155.66746, -36.481844], [-155.65033, -36.483979], [-155.635494, -36.486642], [-155.61913, -36.485205], [-155.599884, -36.487165], [-155.582536, -36.494394], [-155.568688, -36.504267], [-155.55994, -36.514366], [-155.552098, -36.526193], [-155.542049, -36.53362], [-155.530382, -36.53921], [-155.51694, -36.544899], [-155.50177, -36.548455], [-155.485448, -36.553146], [-155.471691, -36.557029], [-155.457712, -36.562239], [-155.444565, -36.566958], [-155.430746, -36.572629], [-155.416889, -36.576236], [-155.401047, -36.582744], [-155.388062, -36.589795], [-155.373602, -36.597205], [-155.360061, -36.604453], [-155.346936, -36.611202], [-155.331899, -36.618458], [-155.319889, -36.627659], [-155.308142, -36.637113], [-155.294762, -36.646518], [-155.280176, -36.654888], [-155.26447, -36.663251], [-155.249265, -36.673682], [-155.235531, -36.683697], [-155.220688, -36.693771], [-155.208151, -36.70503], [-155.195597, -36.715466], [-155.181157, -36.726125], [-155.168167, -36.736497], [-155.154801, -36.74459], [-155.139033, -36.752519], [-155.120415, -36.760011], [-155.104503, -36.766693], [-155.087256, -36.776056], [-155.068763, -36.782521], [-155.049607, -36.786724], [-155.029609, -36.791466], [-155.012319, -36.798677], [-155.000023, -36.807766], [-154.987854, -36.81579], [-154.973961, -36.821278], [-154.955262, -36.826695], [-154.937693, -36.832104], [-154.919603, -36.838203], [-154.900139, -36.84199], [-154.883718, -36.850734], [-154.867828, -36.860621], [-154.849767, -36.861975], [-154.830692, -36.860945], [-154.813249, -36.861861], [-154.796215, -36.863833], [-154.780103, -36.86613], [-154.761495, -36.870541], [-154.746578, -36.875566], [-154.731974, -36.88102], [-154.717194, -36.88703], [-154.701424, -36.890541], [-154.682887, -36.892404], [-154.666008, -36.893357], [-154.648779, -36.895682], [-154.630204, -36.899414], [-154.611989, -36.901075], [-154.595261, -36.902074], [-154.575358, -36.903744], [-154.560372, -36.907139], [-154.543625, -36.911758], [-154.527909, -36.916736], [-154.510452, -36.925244], [-154.494696, -36.933687], [-154.479644, -36.926029], [-154.465876, -36.920393], [-154.451145, -36.913513], [-154.43807, -36.905081], [-154.425538, -36.893619], [-154.413339, -36.881976], [-154.368275, -36.843681], [-153.84842, -35.685343], [-153.853974, -35.690341], [-153.862524, -35.686928], [-153.865295, -35.670594], [-153.866586, -35.654832], [-153.874257, -35.641585], [-153.873454, -35.625972], [-153.867736, -35.61212], [-153.861939, -35.596509], [-153.854752, -35.580445], [-153.846786, -35.565584], [-153.84105, -35.551029], [-153.834595, -35.537504], [-153.828476, -35.522675], [-153.823059, -35.507831], [-153.816285, -35.491686], [-153.80893, -35.477803], [-153.803599, -35.464015], [-153.801865, -35.447605], [-153.801056, -35.432148], [-153.800735, -35.416947], [-153.800817, -35.401354], [-153.798338, -35.38617], [-153.800774, -35.370191], [-153.802928, -35.35455], [-153.804217, -35.338741], [-153.804211, -35.324109], [-153.803535, -35.308321], [-153.801315, -35.293207], [-153.801051, -35.277399], [-153.805216, -35.261579], [-153.808599, -35.246178], [-153.811512, -35.229911], [-153.813127, -35.21352], [-153.814708, -35.197355], [-153.817103, -35.179596], [-153.819849, -35.162394], [-153.824254, -35.148249], [-153.833153, -35.133089], [-153.83994, -35.118852], [-153.844612, -35.103786], [-153.845739, -35.088157], [-153.843562, -35.072687], [-153.842133, -35.056038], [-153.84083, -35.039769], [-153.840997, -35.023221], [-153.842037, -35.008491], [-153.841819, -34.991697], [-153.838013, -34.976492], [-153.831055, -34.959422], [-153.823196, -34.947244], [-153.814416, -34.932192], [-153.805223, -34.918862], [-153.799108, -34.907077], [-153.794602, -34.893312], [-153.792396, -34.877874], [-153.7901, -34.861954], [-153.785088, -34.846792], [-153.780182, -34.830287], [-153.777365, -34.824308], [-153.786724, -34.830283], [-153.7953, -34.835906], [-153.802748, -34.83972], [-153.795055, -34.82409], [-153.786896, -34.808205], [-153.77803, -34.794319], [-153.770228, -34.779716], [-153.763351, -34.764506], [-153.755417, -34.750408], [-153.759336, -34.749617], [-153.764791, -34.733902], [-153.772293, -34.716379], [-153.779141, -34.700319], [-153.786449, -34.687191], [-153.795342, -34.673187], [-153.80645, -34.660612], [-153.818707, -34.64712], [-153.82991, -34.63639], [-153.840688, -34.623421], [-153.852051, -34.610118], [-153.864781, -34.599371], [-153.881607, -34.588015], [-153.8927, -34.575508], [-153.898865, -34.56526], [-153.902903, -34.552742], [-153.907722, -34.542048], [-153.912289, -34.528893], [-153.915466, -34.518063], [-153.917868, -34.504475], [-153.920192, -34.490663], [-153.923351, -34.476966], [-153.926208, -34.464357], [-153.929835, -34.451482], [-153.933037, -34.438854], [-153.936783, -34.424756], [-153.940521, -34.411936], [-153.94309, -34.396602], [-153.942126, -34.382434], [-153.941712, -34.366782], [-153.942129, -34.350398], [-153.942661, -34.336044], [-153.943009, -34.319996], [-153.943344, -34.304985], [-153.944336, -34.291128], [-153.943986, -34.273651], [-153.944775, -34.259062], [-153.946437, -34.243339], [-153.949053, -34.227867], [-153.950455, -34.21366], [-153.951798, -34.197947], [-153.952072, -34.18213], [-153.95017, -34.168674], [-153.949595, -34.154528], [-153.949139, -34.141109], [-153.947367, -34.127393], [-153.945141, -34.114874], [-153.941498, -34.101439], [-153.93789, -34.085083], [-153.935907, -34.070659], [-153.934344, -34.056036], [-153.932374, -34.042933], [-153.929219, -34.028055], [-153.926275, -34.013969], [-153.923935, -34.000512], [-153.921448, -33.986207], [-153.918928, -33.972885], [-153.916565, -33.95962], [-153.914558, -33.944234], [-153.913991, -33.931765], [-153.910878, -33.917027], [-153.908231, -33.903612], [-153.90476, -33.889263], [-153.900249, -33.874971], [-153.8956, -33.862481], [-153.891449, -33.848649], [-153.888801, -33.835442], [-153.885706, -33.821731], [-153.881505, -33.808055], [-153.879009, -33.795313], [-153.875051, -33.780362], [-153.869527, -33.76502], [-153.862484, -33.752601], [-153.85374, -33.73746], [-153.846568, -33.724264], [-153.841248, -33.710883], [-153.835714, -33.697532], [-153.829911, -33.684351], [-153.825577, -33.669196], [-153.823586, -33.654354], [-153.822636, -33.640632], [-153.820405, -33.62467], [-153.817998, -33.609081], [-153.813446, -33.594876], [-153.808258, -33.579876], [-153.803468, -33.565859], [-153.800274, -33.552755], [-153.796219, -33.537748], [-153.791712, -33.523825], [-153.788001, -33.508657], [-153.784891, -33.492442], [-153.781901, -33.476766], [-153.779553, -33.462211], [-153.775849, -33.44651], [-153.779598, -33.439317], [-153.793386, -33.444591], [-153.805271, -33.449374], [-153.817753, -33.454222], [-153.830185, -33.459591], [-153.843346, -33.464919], [-153.855972, -33.469967], [-153.868404, -33.474933], [-153.881023, -33.478653], [-153.892685, -33.482731], [-153.904049, -33.487608], [-153.916108, -33.493136], [-153.927225, -33.498432], [-153.938732, -33.502429], [-153.951407, -33.505971], [-153.964319, -33.510464], [-153.976227, -33.514618], [-153.987495, -33.518857], [-154.000159, -33.522652], [-154.012993, -33.526528], [-154.025097, -33.529694], [-154.036793, -33.532007], [-154.04881, -33.533223], [-154.060173, -33.533724], [-154.071736, -33.533934], [-154.081912, -33.532363], [-154.084772, -33.527686], [-154.071208, -33.519698], [-154.055014, -33.513107], [-154.040138, -33.507286], [-154.023738, -33.500839], [-154.0077, -33.494549], [-153.991425, -33.488848], [-153.973959, -33.485943], [-153.958917, -33.483538], [-153.94195, -33.479314], [-153.927445, -33.474681], [-153.913612, -33.47267], [-153.897247, -33.472324], [-153.881229, -33.473816], [-153.862982, -33.47287], [-153.845023, -33.47242], [-153.827322, -33.473597], [-153.809651, -33.474696], [-153.792969, -33.476012], [-153.774953, -33.477889], [-153.75682, -33.479242], [-153.740162, -33.478618], [-153.724122, -33.478494], [-153.706411, -33.480219], [-153.689294, -33.481671], [-153.673039, -33.480428], [-153.655278, -33.481467], [-153.638747, -33.481025], [-153.621882, -33.480177], [-153.604009, -33.478825], [-153.587071, -33.480401], [-153.567973, -33.48138], [-153.548414, -33.483952], [-153.530891, -33.485398], [-153.511561, -33.484332], [-153.491933, -33.483449], [-153.475929, -33.48474], [-153.458684, -33.486667], [-153.442074, -33.486108], [-153.427822, -33.486825], [-153.410146, -33.483598], [-153.394847, -33.481294], [-153.377995, -33.481605], [-153.360976, -33.483073], [-153.346537, -33.485712], [-153.330053, -33.485393], [-153.312835, -33.483362], [-153.295557, -33.482784], [-153.279165, -33.485715], [-153.263622, -33.487436], [-153.246816, -33.486697], [-153.232055, -33.486519], [-153.218231, -33.488414], [-153.204633, -33.489247], [-153.190399, -33.490173], [-153.177203, -33.490829], [-153.162084, -33.493678], [-153.149928, -33.498011], [-153.136897, -33.502754], [-153.125217, -33.506451], [-153.113608, -33.510943], [-153.101283, -33.515519], [-153.090607, -33.521173], [-153.079203, -33.527802], [-153.068634, -33.534285], [-153.059814, -33.54097], [-153.051782, -33.545912], [-153.038202, -33.538094], [-153.02916, -33.524053], [-153.018458, -33.511188], [-153.007491, -33.499189], [-152.999725, -33.485912], [-152.99265, -33.471146], [-152.985717, -33.455831], [-152.977779, -33.440358], [-152.970887, -33.425604], [-152.965104, -33.410308], [-152.962739, -33.394339], [-152.956004, -33.379354], [-152.948629, -33.36526], [-152.939903, -33.350907], [-152.927455, -33.339042], [-152.915459, -33.326845], [-152.901252, -33.315721], [-152.886642, -33.305081], [-152.871925, -33.294244], [-152.858489, -33.284956], [-152.843165, -33.275889], [-152.828384, -33.26581], [-152.811595, -33.255529], [-152.795693, -33.245802], [-152.780564, -33.235853], [-152.764093, -33.22749], [-152.749308, -33.217903], [-152.734472, -33.206588], [-152.718972, -33.196831], [-152.702606, -33.187735], [-152.685201, -33.178756], [-152.668039, -33.171287], [-152.652994, -33.163362], [-152.636194, -33.155936], [-152.61882, -33.149656], [-152.603699, -33.138882], [-152.591496, -33.126528], [-152.57759, -33.114864], [-152.561096, -33.105069], [-152.544149, -33.097148], [-152.52726, -33.09036], [-152.510705, -33.083499], [-152.493251, -33.07718], [-152.4758, -33.071371], [-152.460003, -33.063868], [-152.44329, -33.056316], [-152.424073, -33.050128], [-152.407326, -33.042556], [-152.39128, -33.035576], [-152.37355, -33.029203], [-152.355347, -33.022655], [-152.336769, -33.017368], [-152.318433, -33.012889], [-152.301601, -33.009785], [-152.282175, -33.006377], [-152.263612, -33.004924], [-152.24633, -33.004325], [-152.228892, -33.004957], [-152.209834, -33.006177], [-152.191167, -33.004879], [-152.174152, -33.000374], [-152.156708, -32.994873], [-152.140188, -32.989194], [-152.124617, -32.982782], [-152.109838, -32.975984], [-152.094864, -32.96962], [-152.080423, -32.964078], [-152.064773, -32.958577], [-152.049373, -32.95323], [-152.036877, -32.947691], [-152.023361, -32.940477], [-152.010512, -32.933322], [-151.99786, -32.925039], [-151.986404, -32.91646], [-151.975795, -32.908362], [-151.963975, -32.899924], [-151.950918, -32.89203], [-151.938618, -32.884801], [-151.925354, -32.876725], [-151.913396, -32.8691], [-151.901148, -32.861933], [-151.88829, -32.855077], [-151.875427, -32.848259], [-151.863093, -32.841231], [-151.850285, -32.833721], [-151.838039, -32.826755], [-151.825592, -32.819342], [-151.812536, -32.812487], [-151.801308, -32.80567], [-151.787867, -32.798242], [-151.77543, -32.791076], [-151.763061, -32.784692], [-151.74947, -32.778898], [-151.73694, -32.772073], [-151.723628, -32.767694], [-151.711372, -32.760461], [-151.700887, -32.752129], [-151.688229, -32.74393], [-151.675771, -32.738028], [-151.662964, -32.732253], [-151.650179, -32.726134], [-151.637919, -32.718522], [-151.626713, -32.711621], [-151.616079, -32.703835], [-151.60463, -32.69511], [-151.593349, -32.686723], [-151.581802, -32.677836], [-151.572204, -32.66966], [-151.560349, -32.66205], [-151.548682, -32.655993], [-151.53624, -32.649316], [-151.523457, -32.644462], [-151.508631, -32.639967], [-151.49466, -32.636399], [-151.479559, -32.631646], [-151.463953, -32.627371], [-151.448091, -32.623545], [-151.433025, -32.617799], [-151.420045, -32.609858], [-151.40945, -32.602764], [-151.397176, -32.593647], [-151.385252, -32.582869], [-151.374153, -32.5732], [-151.361684, -32.562969], [-151.348832, -32.55198], [-151.337399, -32.542877], [-151.323155, -32.532644], [-151.310151, -32.523702], [-151.295191, -32.514025], [-151.280905, -32.504314], [-151.268647, -32.494231], [-151.254385, -32.484524], [-151.240728, -32.476123], [-151.22746, -32.468267], [-151.212357, -32.460013], [-151.198445, -32.451204], [-151.18484, -32.444096], [-151.168915, -32.434994], [-151.154483, -32.427206], [-151.138442, -32.419613], [-151.124609, -32.412721], [-151.111091, -32.40603], [-151.095856, -32.398435], [-151.082026, -32.391278], [-151.067831, -32.384404], [-151.053263, -32.376786], [-151.039615, -32.369757], [-151.02562, -32.362901], [-151.010757, -32.357602], [-150.997203, -32.349899], [-150.981517, -32.340738], [-150.969719, -32.333507], [-150.956452, -32.32551], [-150.942467, -32.317034], [-150.927826, -32.30868], [-150.910931, -32.300586], [-150.896096, -32.295977], [-150.877846, -32.291189], [-150.85962, -32.286186], [-150.84669, -32.280646], [-150.833133, -32.275053], [-150.818262, -32.267734], [-150.806553, -32.262056], [-150.789699, -32.255062], [-150.776429, -32.248793], [-150.764682, -32.243254], [-150.753345, -32.236385], [-150.740453, -32.227361], [-150.730679, -32.218774], [-150.722585, -32.208099], [-150.716077, -32.198771], [-150.707858, -32.197053], [-150.699748, -32.188332], [-150.691529, -32.179039], [-150.681534, -32.171986], [-150.667775, -32.168309], [-150.649539, -32.167345], [-150.632568, -32.168603], [-150.615952, -32.170071], [-150.601431, -32.171683], [-150.586512, -32.169781], [-150.569468, -32.168309], [-150.554772, -32.164907], [-150.539495, -32.15918], [-150.527477, -32.151314], [-150.514827, -32.142773], [-150.503093, -32.133213], [-150.492156, -32.123909], [-150.481055, -32.112465], [-150.469981, -32.100755], [-150.460646, -32.08847], [-150.454228, -32.075563], [-150.447204, -32.061291], [-150.439901, -32.046888], [-150.437449, -32.032908], [-150.435028, -32.018136], [-150.420472, -32.005267], [-150.405441, -31.993751], [-150.392413, -31.982975], [-150.381467, -31.970529], [-150.372017, -31.957155], [-150.363213, -31.942099], [-150.353562, -31.928949], [-150.343852, -31.914284], [-150.334544, -31.900925], [-150.325646, -31.885838], [-150.317321, -31.871601], [-150.307934, -31.857658], [-150.29803, -31.844319], [-150.286982, -31.830182], [-150.276268, -31.817605], [-150.265372, -31.804055], [-150.25351, -31.790551], [-150.242702, -31.776795], [-150.233493, -31.7633], [-150.224946, -31.749382], [-150.216669, -31.734997], [-150.205341, -31.722377], [-150.190895, -31.710285], [-150.176789, -31.699078], [-150.163284, -31.687652], [-150.147691, -31.675605], [-150.131988, -31.663888], [-150.118412, -31.652867], [-150.103211, -31.64228], [-150.08458, -31.626851], [-150.069432, -31.61312], [-150.056931, -31.602077], [-150.042099, -31.590624], [-150.028557, -31.578746], [-150.014933, -31.567203], [-150.005341, -31.555036], [-149.993433, -31.541894], [-149.981313, -31.528985], [-149.970253, -31.516894], [-149.958893, -31.504676], [-149.946205, -31.492227], [-149.934723, -31.478778], [-149.921501, -31.46577], [-149.908959, -31.453909], [-149.89595, -31.442813], [-149.88238, -31.431682], [-149.86885, -31.42067], [-149.853539, -31.40988], [-149.837769, -31.397743], [-149.820664, -31.383662], [-149.807953, -31.368427], [-149.795975, -31.356825], [-149.782501, -31.345074], [-149.7686, -31.332437], [-149.756035, -31.320279], [-149.744858, -31.307265], [-149.73275, -31.293693], [-149.718925, -31.27962], [-149.707988, -31.267123], [-149.697967, -31.254332], [-149.68715, -31.241308], [-149.673894, -31.228309], [-149.663157, -31.215528], [-149.654038, -31.201222], [-149.643227, -31.186594], [-149.632752, -31.174522], [-149.619477, -31.162636], [-149.607138, -31.150135], [-149.594353, -31.137256], [-149.58384, -31.123279], [-149.573051, -31.109915], [-149.56108, -31.096022], [-149.548584, -31.081765], [-149.536177, -31.068882], [-149.522888, -31.055218], [-149.513108, -31.040138], [-149.502762, -31.027422], [-149.491706, -31.015431], [-149.479073, -31.00375], [-149.468209, -30.991235], [-149.456749, -30.976911], [-149.446288, -30.963462], [-149.434303, -30.950824], [-149.424522, -30.936751], [-149.414809, -30.922966], [-149.404347, -30.907972], [-149.396249, -30.893373], [-149.389226, -30.877518], [-149.383858, -30.861576], [-149.376705, -30.845739], [-149.370071, -30.828869], [-149.362351, -30.813204], [-149.355026, -30.798172], [-149.348279, -30.782689], [-149.343865, -30.767516], [-149.337946, -30.752506], [-149.331918, -30.736371], [-149.325829, -30.720861], [-149.32016, -30.704883], [-149.308802, -30.697531], [-149.2894, -30.697017], [-149.272664, -30.697225], [-149.253586, -30.699274], [-149.235802, -30.700244], [-149.216896, -30.70145], [-149.19867, -30.701019], [-149.178852, -30.701332], [-149.162446, -30.700665], [-149.14267, -30.701009], [-149.124831, -30.701335], [-149.106056, -30.703294], [-149.087083, -30.7047], [-149.069261, -30.706239], [-149.050059, -30.705485], [-149.031365, -30.705063], [-149.012497, -30.703197], [-148.995003, -30.695926], [-148.978266, -30.690321], [-148.960409, -30.685249], [-148.94223, -30.679884], [-148.925217, -30.673763], [-148.908509, -30.667093], [-148.891044, -30.65853], [-148.874588, -30.650919], [-148.85788, -30.644825], [-148.840903, -30.639012], [-148.823771, -30.631681], [-148.808655, -30.622217], [-148.793842, -30.612858], [-148.780877, -30.602791], [-148.767904, -30.590723], [-148.755624, -30.579761], [-148.741914, -30.565646], [-148.731269, -30.55274], [-148.719333, -30.539867], [-148.708057, -30.528697], [-148.699351, -30.514253], [-148.69252, -30.501578], [-148.681134, -30.494436], [-148.665034, -30.490956], [-148.650299, -30.486787], [-148.635544, -30.482616], [-148.621204, -30.477283], [-148.607356, -30.470598], [-148.592118, -30.465652], [-148.576165, -30.460408], [-148.560837, -30.455385], [-148.54628, -30.449633], [-148.529135, -30.444213], [-148.513121, -30.437434], [-148.496633, -30.430636], [-148.480502, -30.423104], [-148.466115, -30.415235], [-148.45147, -30.40748], [-148.438419, -30.401739], [-148.423165, -30.397144], [-148.40426, -30.393603], [-148.385172, -30.388225], [-148.364692, -30.385316], [-148.344477, -30.382315], [-148.32641, -30.381752], [-148.309662, -30.379204], [-148.292008, -30.374304], [-148.275093, -30.368815], [-148.259224, -30.360062], [-148.244163, -30.351567], [-148.226609, -30.344101], [-148.212143, -30.334547], [-148.19605, -30.326228], [-148.179039, -30.322129], [-148.159035, -30.317317], [-148.138385, -30.311655], [-148.120956, -30.307074], [-148.103021, -30.305448], [-148.08547, -30.301772], [-148.067303, -30.298516], [-148.048408, -30.293947], [-148.031173, -30.287875], [-148.013016, -30.28169], [-147.994064, -30.27737], [-147.978688, -30.270193], [-147.963684, -30.260468], [-147.945991, -30.251364], [-147.929895, -30.24457], [-147.913239, -30.23719], [-147.898957, -30.227517], [-147.883423, -30.220908], [-147.868599, -30.212943], [-147.854385, -30.204158], [-147.843231, -30.193597], [-147.832574, -30.183059], [-147.818634, -30.17199], [-147.801437, -30.16668], [-147.783682, -30.163616], [-147.76593, -30.155921], [-147.750001, -30.149356], [-147.733741, -30.141025], [-147.717901, -30.131238], [-147.687535, -30.119158], [-147.598915, -30.097571], [-147.517246, -30.060235], [-147.441695, -30.020881], [-147.374016, -29.985583], [-147.293015, -29.959975], [-147.214715, -29.936028], [-147.15266, -29.899668], [-147.082386, -29.865615], [-146.99722, -29.842826], [-146.91508, -29.813311], [-146.848218, -29.77444], [-146.781613, -29.744978], [-146.706598, -29.718683], [-146.634736, -29.696323], [-146.556201, -29.670638], [-146.490605, -29.639085], [-146.428055, -29.609753], [-146.3601, -29.584358], [-146.288601, -29.565571], [-146.212771, -29.548395], [-146.134021, -29.51918], [-146.055893, -29.486918], [-145.993666, -29.443391], [-145.940323, -29.390058], [-145.905131, -29.330298], [-145.867538, -29.275141], [-145.824151, -29.221766], [-145.782995, -29.168175], [-145.747933, -29.114123], [-145.71654, -29.061551], [-145.681993, -29.013808], [-145.65131, -28.96362], [-145.623886, -28.913686], [-145.59449, -28.871105], [-145.56904, -28.832438], [-145.542518, -28.792633], [-145.51765, -28.751585], [-145.489153, -28.71029], [-145.460658, -28.670121], [-145.427526, -28.638718], [-145.39371, -28.60843], [-145.355816, -28.5784], [-145.318006, -28.548048], [-145.284705, -28.515068], [-145.25224, -28.478053], [-145.202865, -28.448453], [-145.159285, -28.42397], [-145.122228, -28.396085], [-145.086843, -28.376676], [-145.053585, -28.356475], [-145.024251, -28.340553], [-144.994511, -28.325103], [-144.963311, -28.310651], [-144.932133, -28.292938], [-144.903703, -28.274366], [-144.880893, -28.251203], [-144.864091, -28.217096], [-144.836325, -28.192086], [-144.816026, -28.16666], [-144.800148, -28.138571], [-144.772896, -28.124625], [-144.740625, -28.108725], [-144.713501, -28.088146], [-144.684018, -28.064371], [-144.656553, -28.033086], [-144.635095, -27.997273], [-144.608423, -27.965248], [-144.583361, -27.93127], [-144.574498, -27.899533], [-144.567911, -27.865148], [-144.557204, -27.838904], [-144.511735, -27.811085], [-144.446955, -27.76833], [-144.384383, -27.714836], [-144.319818, -27.666288], [-144.316856, -27.611668], [-144.333658, -27.613363]]}, "times": ["2025-04-18T23:36:45+00:00", "2025-04-19T23:27:15+00:00", "2025-04-20T20:16:58+00:00", "2025-04-20T20:28:08+00:00", "2025-04-20T20:38:11+00:00", "2025-04-20T20:50:11+00:00", "2025-04-20T21:01:13+00:00", "2025-04-20T21:14:07+00:00", "2025-04-20T21:25:14+00:00", "2025-04-20T21:37:09+00:00", "2025-04-20T21:49:09+00:00", "2025-04-20T22:01:10+00:00", "2025-04-20T22:12:10+00:00", "2025-04-20T22:24:15+00:00", "2025-04-20T22:35:15+00:00", "2025-04-20T22:45:19+00:00", "2025-04-20T22:56:16+00:00", "2025-04-20T23:07:16+00:00", "2025-04-20T23:19:16+00:00", "2025-04-20T23:30:16+00:00", "2025-04-20T23:41:16+00:00", "2025-04-20T23:52:17+00:00", "2025-04-21T00:02:17+00:00", "2025-04-21T00:12:17+00:00", "2025-04-21T00:22:17+00:00", "2025-04-21T00:32:17+00:00", "2025-04-21T00:42:17+00:00", "2025-04-21T00:52:17+00:00", "2025-04-21T01:03:19+00:00", "2025-04-21T01:13:19+00:00", "2025-04-21T01:23:19+00:00", "2025-04-21T01:33:19+00:00", "2025-04-21T01:43:19+00:00", "2025-04-21T01:53:19+00:00", "2025-04-21T02:03:19+00:00", "2025-04-21T02:13:19+00:00", "2025-04-21T02:23:19+00:00", "2025-04-21T02:33:19+00:00", "2025-04-21T02:43:19+00:00", "2025-04-21T02:53:19+00:00", "2025-04-21T03:03:19+00:00", "2025-04-21T03:13:19+00:00", "2025-04-21T03:23:19+00:00", "2025-04-21T03:33:19+00:00", "2025-04-21T03:43:19+00:00", "2025-04-21T03:53:19+00:00", "2025-04-21T04:03:19+00:00", "2025-04-21T04:13:19+00:00", "2025-04-21T04:23:23+00:00", "2025-04-21T04:33:23+00:00", "2025-04-21T04:44:23+00:00", "2025-04-21T04:57:23+00:00", "2025-04-21T05:10:27+00:00", "2025-04-21T05:22:29+00:00", "2025-04-21T05:35:29+00:00", "2025-04-21T05:48:29+00:00", "2025-04-21T06:02:29+00:00", "2025-04-21T06:15:43+00:00", "2025-04-21T06:29:29+00:00", "2025-04-21T06:43:31+00:00", "2025-04-21T06:56:31+00:00", "2025-04-21T07:10:31+00:00", "2025-04-21T07:24:31+00:00", "2025-04-21T07:37:32+00:00", "2025-04-21T07:51:35+00:00", "2025-04-21T08:05:35+00:00", "2025-04-21T08:18:35+00:00", "2025-04-21T08:32:43+00:00", "2025-04-21T08:45:43+00:00", "2025-04-21T08:58:43+00:00", "2025-04-21T09:12:43+00:00", "2025-04-21T09:26:44+00:00", "2025-04-21T09:41:46+00:00", "2025-04-21T09:55:45+00:00", "2025-04-21T10:07:51+00:00", "2025-04-21T10:19:51+00:00", "2025-04-21T10:31:51+00:00", "2025-04-21T10:42:51+00:00", "2025-04-21T10:54:53+00:00", "2025-04-21T11:05:45+00:00", "2025-04-21T11:15:59+00:00", "2025-04-21T11:27:56+00:00", "2025-04-21T11:39:56+00:00", "2025-04-21T11:51:56+00:00", "2025-04-21T12:05:56+00:00", "2025-04-21T12:18:56+00:00", "2025-04-21T12:32:56+00:00", "2025-04-21T12:46:56+00:00", "2025-04-21T13:01:56+00:00", "2025-04-21T13:16:04+00:00", "2025-04-21T13:30:56+00:00", "2025-04-21T13:44:57+00:00", "2025-04-21T13:58:57+00:00", "2025-04-21T14:13:57+00:00", "2025-04-21T14:26:57+00:00", "2025-04-21T14:42:03+00:00", "2025-04-21T14:56:00+00:00", "2025-04-21T15:09:03+00:00", "2025-04-21T15:23:03+00:00", "2025-04-21T15:37:03+00:00", "2025-04-21T15:52:03+00:00", "2025-04-21T16:06:12+00:00", "2025-04-21T16:22:03+00:00", "2025-04-21T16:36:13+00:00", "2025-04-21T16:51:07+00:00", "2025-04-21T17:06:15+00:00", "2025-04-21T17:21:07+00:00", "2025-04-21T17:36:16+00:00", "2025-04-21T17:50:15+00:00", "2025-04-21T18:05:17+00:00", "2025-04-21T18:19:17+00:00", "2025-04-21T18:34:20+00:00", "2025-04-21T18:48:20+00:00", "2025-04-21T19:03:20+00:00", "2025-04-21T19:19:10+00:00", "2025-04-21T19:35:29+00:00", "2025-04-21T19:52:22+00:00", "2025-04-21T20:06:24+00:00", "2025-04-21T20:19:24+00:00", "2025-04-21T20:33:24+00:00", "2025-04-21T20:48:24+00:00", "2025-04-21T21:05:24+00:00", "2025-04-21T21:20:24+00:00", "2025-04-21T21:36:29+00:00", "2025-04-21T21:55:25+00:00", "2025-04-21T22:10:25+00:00", "2025-04-21T22:26:30+00:00", "2025-04-21T22:41:28+00:00", "2025-04-21T22:55:28+00:00", "2025-04-21T23:08:29+00:00", "2025-04-21T23:22:30+00:00", "2025-04-21T23:36:30+00:00", "2025-04-21T23:49:30+00:00", "2025-04-22T00:02:30+00:00", "2025-04-22T00:17:30+00:00", "2025-04-22T00:34:30+00:00", "2025-04-22T00:48:30+00:00", "2025-04-22T01:03:30+00:00", "2025-04-22T01:16:46+00:00", "2025-04-22T01:30:30+00:00", "2025-04-22T01:43:30+00:00", "2025-04-22T01:56:30+00:00", "2025-04-22T02:06:45+00:00", "2025-04-22T02:16:45+00:00", "2025-04-22T02:26:54+00:00", "2025-04-22T02:38:30+00:00", "2025-04-22T02:50:30+00:00", "2025-04-22T03:02:30+00:00", "2025-04-22T03:13:32+00:00", "2025-04-22T03:25:32+00:00", "2025-04-22T03:37:32+00:00", "2025-04-22T03:51:32+00:00", "2025-04-22T04:03:32+00:00", "2025-04-22T04:16:38+00:00", "2025-04-22T04:28:51+00:00", "2025-04-22T04:44:51+00:00", "2025-04-22T04:58:51+00:00", "2025-04-22T05:13:51+00:00", "2025-04-22T05:28:51+00:00", "2025-04-22T05:44:51+00:00", "2025-04-22T05:57:51+00:00", "2025-04-22T06:12:51+00:00", "2025-04-22T06:27:00+00:00", "2025-04-22T06:41:51+00:00", "2025-04-22T06:57:00+00:00", "2025-04-22T07:11:55+00:00", "2025-04-22T07:27:00+00:00", "2025-04-22T07:41:59+00:00", "2025-04-22T07:57:59+00:00", "2025-04-22T08:12:59+00:00", "2025-04-22T08:27:59+00:00", "2025-04-22T08:41:59+00:00", "2025-04-22T08:55:59+00:00", "2025-04-22T09:11:01+00:00", "2025-04-22T09:26:01+00:00", "2025-04-22T09:41:01+00:00", "2025-04-22T09:56:01+00:00", "2025-04-22T10:10:01+00:00", "2025-04-22T10:26:01+00:00", "2025-04-22T10:45:01+00:00", "2025-04-22T11:03:01+00:00", "2025-04-22T11:23:01+00:00", "2025-04-22T11:42:01+00:00", "2025-04-22T11:59:07+00:00", "2025-04-22T12:17:20+00:00", "2025-04-22T12:37:07+00:00", "2025-04-22T12:56:07+00:00", "2025-04-22T13:16:07+00:00", "2025-04-22T13:36:07+00:00", "2025-04-22T13:56:07+00:00", "2025-04-22T14:16:07+00:00", "2025-04-22T14:36:23+00:00", "2025-04-22T14:56:23+00:00", "2025-04-22T15:16:24+00:00", "2025-04-22T15:36:24+00:00", "2025-04-22T15:55:24+00:00", "2025-04-22T16:14:25+00:00", "2025-04-22T16:35:25+00:00", "2025-04-22T16:55:25+00:00", "2025-04-22T17:17:25+00:00", "2025-04-22T17:37:37+00:00", "2025-04-22T17:58:30+00:00", "2025-04-22T18:18:30+00:00", "2025-04-22T18:41:30+00:00", "2025-04-22T19:04:30+00:00", "2025-04-22T19:27:30+00:00", "2025-04-22T19:49:30+00:00", "2025-04-22T20:16:33+00:00", "2025-04-22T20:40:36+00:00", "2025-04-22T21:06:37+00:00", "2025-04-22T21:27:47+00:00", "2025-04-22T21:47:48+00:00", "2025-04-22T22:08:38+00:00", "2025-04-22T22:29:38+00:00", "2025-04-22T22:49:38+00:00", "2025-04-22T23:09:38+00:00", "2025-04-22T23:29:38+00:00", "2025-04-22T23:44:38+00:00", "2025-04-22T23:57:56+00:00", "2025-04-23T00:11:39+00:00", "2025-04-23T00:28:45+00:00", "2025-04-23T00:42:45+00:00", "2025-04-23T00:57:59+00:00", "2025-04-23T01:12:46+00:00", "2025-04-23T01:28:46+00:00", "2025-04-23T01:46:47+00:00", "2025-04-23T02:12:47+00:00", "2025-04-23T02:57:25+00:00", "2025-04-23T04:17:43+00:00", "2025-04-23T05:06:48+00:00", "2025-04-23T05:40:51+00:00", "2025-04-23T06:25:09+00:00", "2025-04-23T06:51:19+00:00", "2025-04-23T07:14:19+00:00", "2025-04-23T07:36:19+00:00", "2025-04-23T07:59:19+00:00", "2025-04-23T08:23:44+00:00", "2025-04-23T08:48:44+00:00", "2025-04-23T09:14:44+00:00", "2025-04-23T09:40:09+00:00", "2025-04-23T10:05:19+00:00", "2025-04-23T10:34:09+00:00", "2025-04-23T10:56:09+00:00", "2025-04-23T11:19:09+00:00", "2025-04-23T11:43:09+00:00", "2025-04-23T12:11:10+00:00", "2025-04-23T12:41:10+00:00", "2025-04-23T13:09:11+00:00", "2025-04-23T13:31:15+00:00", "2025-04-23T13:52:15+00:00", "2025-04-23T14:13:15+00:00", "2025-04-23T14:33:15+00:00", "2025-04-23T14:55:16+00:00", "2025-04-23T15:15:34+00:00", "2025-04-23T15:36:16+00:00", "2025-04-23T15:56:21+00:00", "2025-04-23T16:16:21+00:00", "2025-04-23T16:38:21+00:00", "2025-04-23T17:01:22+00:00", "2025-04-23T17:25:30+00:00", "2025-04-23T17:48:30+00:00", "2025-04-23T18:11:30+00:00", "2025-04-23T18:33:36+00:00", "2025-04-23T18:53:36+00:00", "2025-04-23T19:12:37+00:00", "2025-04-23T19:32:37+00:00", "2025-04-23T19:51:37+00:00", "2025-04-23T20:05:45+00:00", "2025-04-23T20:19:42+00:00", "2025-04-23T20:33:42+00:00", "2025-04-23T20:46:42+00:00", "2025-04-23T21:00:46+00:00", "2025-04-23T21:14:47+00:00", "2025-04-23T21:27:47+00:00", "2025-04-23T21:40:47+00:00", "2025-04-23T21:52:51+00:00", "2025-04-23T22:05:51+00:00", "2025-04-23T22:19:51+00:00", "2025-04-23T22:32:51+00:00", "2025-04-23T22:45:45+00:00", "2025-04-23T22:57:51+00:00", "2025-04-23T23:10:51+00:00", "2025-04-23T23:22:55+00:00", "2025-04-23T23:35:55+00:00", "2025-04-23T23:49:55+00:00", "2025-04-24T00:01:55+00:00", "2025-04-24T00:13:55+00:00", "2025-04-24T00:25:45+00:00", "2025-04-24T00:35:59+00:00", "2025-04-24T00:47:55+00:00", "2025-04-24T00:59:55+00:00", "2025-04-24T01:11:55+00:00", "2025-04-24T01:25:55+00:00", "2025-04-24T01:36:55+00:00", "2025-04-24T01:48:55+00:00", "2025-04-24T02:01:55+00:00", "2025-04-24T02:14:57+00:00", "2025-04-24T02:26:57+00:00", "2025-04-24T02:38:57+00:00", "2025-04-24T02:50:57+00:00", "2025-04-24T03:02:57+00:00", "2025-04-24T03:15:57+00:00", "2025-04-24T03:27:58+00:00", "2025-04-24T03:40:58+00:00", "2025-04-24T03:54:58+00:00", "2025-04-24T04:07:58+00:00", "2025-04-24T04:21:58+00:00", "2025-04-24T04:34:58+00:00", "2025-04-24T04:46:58+00:00", "2025-04-24T05:00:59+00:00", "2025-04-24T05:14:59+00:00", "2025-04-24T05:27:59+00:00", "2025-04-24T05:40:59+00:00", "2025-04-24T05:53:07+00:00", "2025-04-24T06:06:07+00:00", "2025-04-24T06:18:07+00:00", "2025-04-24T06:31:07+00:00", "2025-04-24T06:43:07+00:00", "2025-04-24T06:56:20+00:00", "2025-04-24T07:10:07+00:00", "2025-04-24T07:24:07+00:00", "2025-04-24T07:37:07+00:00", "2025-04-24T07:51:07+00:00", "2025-04-24T08:05:07+00:00", "2025-04-24T08:18:07+00:00", "2025-04-24T08:32:07+00:00", "2025-04-24T08:46:07+00:00", "2025-04-24T08:59:07+00:00", "2025-04-24T09:13:07+00:00", "2025-04-24T09:26:07+00:00", "2025-04-24T09:38:07+00:00", "2025-04-24T09:51:07+00:00", "2025-04-24T10:02:07+00:00", "2025-04-24T10:14:07+00:00", "2025-04-24T10:26:07+00:00", "2025-04-24T10:36:31+00:00", "2025-04-24T10:48:07+00:00", "2025-04-24T11:00:07+00:00", "2025-04-24T11:11:07+00:00", "2025-04-24T11:22:08+00:00", "2025-04-24T11:36:33+00:00", "2025-04-24T11:52:08+00:00", "2025-04-24T12:06:35+00:00", "2025-04-24T12:21:09+00:00", "2025-04-24T12:35:09+00:00", "2025-04-24T12:48:09+00:00", "2025-04-24T13:00:09+00:00", "2025-04-24T13:13:09+00:00", "2025-04-24T13:26:30+00:00", "2025-04-24T13:39:09+00:00", "2025-04-24T13:51:09+00:00", "2025-04-24T14:03:09+00:00", "2025-04-24T14:16:40+00:00", "2025-04-24T14:34:09+00:00", "2025-04-24T14:50:09+00:00", "2025-04-24T15:05:09+00:00", "2025-04-24T15:20:09+00:00", "2025-04-24T15:35:09+00:00", "2025-04-24T15:49:09+00:00", "2025-04-24T16:04:10+00:00", "2025-04-24T16:19:21+00:00", "2025-04-24T16:34:21+00:00", "2025-04-24T16:48:21+00:00", "2025-04-24T17:06:45+00:00", "2025-04-24T17:20:21+00:00", "2025-04-24T17:34:21+00:00", "2025-04-24T17:46:51+00:00", "2025-04-24T17:59:22+00:00", "2025-04-24T18:12:22+00:00", "2025-04-24T18:26:22+00:00", "2025-04-24T18:40:22+00:00", "2025-04-24T18:55:22+00:00", "2025-04-24T19:08:22+00:00", "2025-04-24T19:21:22+00:00", "2025-04-24T19:33:22+00:00", "2025-04-24T19:46:22+00:00", "2025-04-24T19:58:22+00:00", "2025-04-24T20:11:22+00:00", "2025-04-24T20:23:22+00:00", "2025-04-24T20:36:22+00:00", "2025-04-24T20:48:22+00:00", "2025-04-24T21:01:22+00:00", "2025-04-24T21:13:22+00:00", "2025-04-24T21:27:00+00:00", "2025-04-24T21:38:22+00:00", "2025-04-24T21:52:22+00:00", "2025-04-24T22:04:22+00:00", "2025-04-24T22:17:00+00:00", "2025-04-24T22:28:22+00:00", "2025-04-24T22:42:22+00:00", "2025-04-24T22:54:22+00:00", "2025-04-24T23:07:00+00:00", "2025-04-24T23:18:22+00:00", "2025-04-24T23:32:22+00:00", "2025-04-24T23:44:22+00:00", "2025-04-24T23:57:00+00:00", "2025-04-25T00:08:22+00:00", "2025-04-25T00:22:22+00:00", "2025-04-25T00:34:24+00:00", "2025-04-25T00:47:00+00:00", "2025-04-25T00:59:24+00:00", "2025-04-25T01:12:24+00:00", "2025-04-25T01:24:25+00:00", "2025-04-25T01:37:15+00:00", "2025-04-25T01:49:25+00:00", "2025-04-25T02:02:25+00:00", "2025-04-25T02:14:26+00:00", "2025-04-25T02:27:15+00:00", "2025-04-25T02:39:26+00:00", "2025-04-25T02:52:26+00:00", "2025-04-25T03:04:26+00:00", "2025-04-25T03:17:15+00:00", "2025-04-25T03:28:26+00:00", "2025-04-25T03:41:26+00:00", "2025-04-25T03:53:26+00:00", "2025-04-25T04:06:26+00:00", "2025-04-25T04:18:26+00:00", "2025-04-25T04:31:26+00:00", "2025-04-25T04:43:26+00:00", "2025-04-25T04:54:26+00:00", "2025-04-25T05:06:26+00:00", "2025-04-25T05:18:26+00:00", "2025-04-25T05:31:26+00:00", "2025-04-25T05:42:26+00:00", "2025-04-25T05:54:26+00:00", "2025-04-25T06:07:15+00:00", "2025-04-25T06:17:27+00:00", "2025-04-25T06:28:26+00:00", "2025-04-25T06:40:26+00:00", "2025-04-25T06:52:26+00:00", "2025-04-25T07:03:26+00:00", "2025-04-25T07:15:26+00:00", "2025-04-25T07:26:26+00:00", "2025-04-25T07:37:26+00:00", "2025-04-25T07:47:31+00:00", "2025-04-25T07:59:26+00:00", "2025-04-25T08:11:26+00:00", "2025-04-25T08:23:26+00:00", "2025-04-25T08:34:26+00:00", "2025-04-25T08:46:26+00:00", "2025-04-25T08:58:27+00:00", "2025-04-25T09:11:28+00:00", "2025-04-25T09:23:28+00:00", "2025-04-25T09:34:29+00:00", "2025-04-25T09:47:36+00:00", "2025-04-25T10:00:29+00:00", "2025-04-25T10:13:29+00:00", "2025-04-25T10:26:31+00:00", "2025-04-25T10:37:39+00:00", "2025-04-25T10:50:31+00:00", "2025-04-25T11:03:31+00:00", "2025-04-25T11:15:31+00:00", "2025-04-25T11:27:40+00:00", "2025-04-25T11:40:31+00:00", "2025-04-25T11:53:32+00:00", "2025-04-25T12:05:32+00:00", "2025-04-25T12:17:41+00:00", "2025-04-25T12:29:34+00:00", "2025-04-25T12:41:34+00:00", "2025-04-25T12:53:34+00:00", "2025-04-25T13:04:34+00:00", "2025-04-25T13:16:35+00:00", "2025-04-25T13:27:36+00:00", "2025-04-25T13:38:39+00:00", "2025-04-25T13:50:39+00:00", "2025-04-25T14:03:44+00:00", "2025-04-25T14:16:44+00:00", "2025-04-25T14:27:45+00:00", "2025-04-25T14:39:44+00:00", "2025-04-25T14:52:44+00:00", "2025-04-25T15:04:44+00:00", "2025-04-25T15:17:44+00:00", "2025-04-25T15:28:44+00:00", "2025-04-25T15:42:44+00:00", "2025-04-25T15:56:44+00:00", "2025-04-25T16:09:44+00:00", "2025-04-25T16:23:44+00:00", "2025-04-25T16:37:44+00:00", "2025-04-25T16:50:46+00:00", "2025-04-25T17:04:46+00:00", "2025-04-25T17:17:54+00:00", "2025-04-25T17:31:46+00:00", "2025-04-25T17:44:47+00:00", "2025-04-25T17:57:45+00:00", "2025-04-25T18:09:47+00:00", "2025-04-25T18:23:47+00:00", "2025-04-25T18:37:45+00:00", "2025-04-25T18:50:47+00:00", "2025-04-25T19:04:47+00:00", "2025-04-25T19:17:47+00:00", "2025-04-25T19:29:47+00:00", "2025-04-25T19:42:47+00:00", "2025-04-25T19:54:47+00:00", "2025-04-25T20:07:47+00:00", "2025-04-25T20:19:47+00:00", "2025-04-25T20:32:47+00:00", "2025-04-25T20:45:47+00:00", "2025-04-25T20:58:47+00:00", "2025-04-25T21:12:47+00:00", "2025-04-25T21:24:47+00:00", "2025-04-25T21:37:47+00:00", "2025-04-25T21:49:47+00:00", "2025-04-25T22:02:47+00:00", "2025-04-25T22:14:47+00:00", "2025-04-25T22:27:47+00:00", "2025-04-25T22:39:47+00:00", "2025-04-25T22:52:47+00:00", "2025-04-25T23:04:47+00:00", "2025-04-25T23:17:47+00:00", "2025-04-25T23:28:13+00:00", "2025-04-25T23:39:47+00:00", "2025-04-25T23:52:47+00:00", "2025-04-26T00:04:51+00:00", "2025-04-26T00:17:51+00:00", "2025-04-26T00:29:51+00:00", "2025-04-26T00:42:51+00:00", "2025-04-26T00:54:51+00:00", "2025-04-26T01:06:51+00:00", "2025-04-26T01:17:51+00:00", "2025-04-26T01:28:17+00:00", "2025-04-26T01:38:51+00:00", "2025-04-26T01:48:51+00:00", "2025-04-26T01:59:51+00:00", "2025-04-26T02:10:56+00:00", "2025-04-26T02:23:02+00:00", "2025-04-26T02:34:02+00:00", "2025-04-26T02:45:02+00:00", "2025-04-26T02:56:02+00:00", "2025-04-26T03:07:02+00:00", "2025-04-26T03:18:02+00:00", "2025-04-26T03:28:15+00:00", "2025-04-26T03:38:15+00:00", "2025-04-26T03:48:15+00:00", "2025-04-26T03:58:21+00:00", "2025-04-26T04:08:15+00:00", "2025-04-26T04:18:22+00:00", "2025-04-26T04:30:06+00:00", "2025-04-26T04:42:07+00:00", "2025-04-26T04:54:07+00:00", "2025-04-26T05:05:07+00:00", "2025-04-26T05:17:11+00:00", "2025-04-26T05:28:11+00:00", "2025-04-26T05:38:15+00:00", "2025-04-26T05:48:25+00:00", "2025-04-26T05:58:26+00:00", "2025-04-26T06:08:26+00:00", "2025-04-26T06:18:27+00:00", "2025-04-26T06:28:28+00:00", "2025-04-26T06:38:23+00:00", "2025-04-26T06:48:29+00:00", "2025-04-26T06:58:30+00:00", "2025-04-26T07:08:30+00:00", "2025-04-26T07:18:30+00:00", "2025-04-26T07:28:31+00:00", "2025-04-26T07:40:23+00:00", "2025-04-26T07:52:24+00:00", "2025-04-26T08:04:25+00:00", "2025-04-26T08:15:25+00:00", "2025-04-26T08:27:25+00:00", "2025-04-26T08:38:30+00:00", "2025-04-26T08:49:25+00:00", "2025-04-26T09:01:25+00:00", "2025-04-26T09:12:25+00:00", "2025-04-26T09:24:25+00:00", "2025-04-26T09:35:25+00:00", "2025-04-26T09:47:25+00:00", "2025-04-26T09:58:25+00:00", "2025-04-26T10:08:38+00:00", "2025-04-26T10:20:25+00:00", "2025-04-26T10:32:25+00:00", "2025-04-26T10:44:25+00:00", "2025-04-26T10:55:25+00:00", "2025-04-26T11:07:25+00:00", "2025-04-26T11:18:30+00:00", "2025-04-26T11:29:25+00:00", "2025-04-26T11:41:25+00:00", "2025-04-26T11:52:25+00:00", "2025-04-26T12:04:25+00:00", "2025-04-26T12:15:25+00:00", "2025-04-26T12:27:25+00:00", "2025-04-26T12:38:45+00:00", "2025-04-26T12:49:25+00:00", "2025-04-26T13:00:25+00:00", "2025-04-26T13:12:25+00:00", "2025-04-26T13:23:25+00:00", "2025-04-26T13:34:25+00:00", "2025-04-26T13:45:25+00:00", "2025-04-26T13:57:25+00:00", "2025-04-26T14:08:25+00:00", "2025-04-26T14:19:00+00:00", "2025-04-26T14:29:25+00:00", "2025-04-26T14:40:25+00:00", "2025-04-26T14:52:25+00:00", "2025-04-26T15:03:26+00:00", "2025-04-26T15:14:27+00:00", "2025-04-26T15:25:27+00:00", "2025-04-26T15:37:27+00:00", "2025-04-26T15:48:27+00:00", "2025-04-26T15:59:00+00:00", "2025-04-26T16:09:28+00:00", "2025-04-26T16:20:28+00:00", "2025-04-26T16:32:28+00:00", "2025-04-26T16:43:28+00:00", "2025-04-26T16:54:28+00:00", "2025-04-26T17:05:29+00:00", "2025-04-26T17:17:29+00:00", "2025-04-26T17:28:29+00:00", "2025-04-26T17:39:15+00:00", "2025-04-26T17:50:29+00:00", "2025-04-26T18:02:29+00:00", "2025-04-26T18:15:29+00:00", "2025-04-26T18:28:29+00:00", "2025-04-26T18:39:15+00:00", "2025-04-26T18:50:29+00:00", "2025-04-26T19:03:29+00:00", "2025-04-26T19:15:29+00:00", "2025-04-26T19:26:29+00:00", "2025-04-26T19:39:30+00:00", "2025-04-26T19:50:31+00:00", "2025-04-26T20:03:31+00:00", "2025-04-26T20:15:31+00:00", "2025-04-26T20:26:31+00:00", "2025-04-26T20:39:30+00:00", "2025-04-26T20:49:37+00:00", "2025-04-26T21:02:31+00:00", "2025-04-26T21:16:31+00:00", "2025-04-26T21:29:30+00:00", "2025-04-26T21:42:31+00:00", "2025-04-26T21:55:31+00:00", "2025-04-26T22:09:30+00:00", "2025-04-26T22:22:32+00:00", "2025-04-26T22:35:32+00:00", "2025-04-26T22:49:32+00:00", "2025-04-26T23:01:32+00:00", "2025-04-26T23:14:32+00:00", "2025-04-26T23:26:32+00:00", "2025-04-26T23:39:32+00:00", "2025-04-26T23:51:32+00:00", "2025-04-27T00:04:32+00:00", "2025-04-27T00:16:32+00:00", "2025-04-27T00:29:32+00:00", "2025-04-27T00:41:32+00:00", "2025-04-27T00:54:32+00:00", "2025-04-27T01:06:32+00:00", "2025-04-27T01:19:32+00:00", "2025-04-27T01:31:32+00:00", "2025-04-27T01:44:32+00:00", "2025-04-27T01:57:32+00:00", "2025-04-27T02:10:00+00:00", "2025-04-27T02:21:33+00:00", "2025-04-27T02:34:33+00:00", "2025-04-27T02:47:33+00:00", "2025-04-27T03:00:00+00:00", "2025-04-27T03:11:33+00:00", "2025-04-27T03:24:34+00:00", "2025-04-27T03:37:34+00:00", "2025-04-27T03:50:00+00:00", "2025-04-27T04:02:34+00:00", "2025-04-27T04:16:34+00:00", "2025-04-27T04:30:15+00:00", "2025-04-27T04:43:34+00:00", "2025-04-27T04:57:34+00:00", "2025-04-27T05:10:34+00:00", "2025-04-27T05:24:34+00:00", "2025-04-27T05:36:34+00:00", "2025-04-27T05:49:34+00:00", "2025-04-27T06:00:35+00:00", "2025-04-27T06:13:35+00:00", "2025-04-27T06:25:35+00:00", "2025-04-27T06:37:35+00:00", "2025-04-27T06:49:35+00:00", "2025-04-27T07:01:35+00:00", "2025-04-27T07:14:35+00:00", "2025-04-27T07:26:35+00:00", "2025-04-27T07:40:30+00:00", "2025-04-27T07:53:37+00:00", "2025-04-27T08:07:37+00:00", "2025-04-27T08:20:39+00:00", "2025-04-27T08:34:37+00:00", "2025-04-27T08:48:39+00:00", "2025-04-27T09:01:39+00:00", "2025-04-27T09:15:41+00:00", "2025-04-27T09:29:41+00:00", "2025-04-27T09:42:42+00:00", "2025-04-27T09:56:46+00:00", "2025-04-27T10:10:43+00:00", "2025-04-27T10:23:47+00:00", "2025-04-27T10:37:47+00:00", "2025-04-27T10:51:47+00:00", "2025-04-27T11:05:47+00:00", "2025-04-27T11:19:47+00:00", "2025-04-27T11:32:47+00:00", "2025-04-27T11:47:47+00:00", "2025-04-27T12:00:48+00:00", "2025-04-27T12:15:48+00:00", "2025-04-27T12:30:49+00:00", "2025-04-27T12:44:48+00:00", "2025-04-27T12:58:48+00:00", "2025-04-27T13:13:48+00:00", "2025-04-27T13:28:48+00:00", "2025-04-27T13:43:48+00:00", "2025-04-27T13:57:48+00:00", "2025-04-27T14:10:56+00:00", "2025-04-27T14:24:48+00:00", "2025-04-27T14:38:48+00:00", "2025-04-27T14:51:48+00:00", "2025-04-27T15:05:48+00:00", "2025-04-27T15:19:48+00:00", "2025-04-27T15:31:48+00:00", "2025-04-27T15:45:48+00:00", "2025-04-27T15:59:48+00:00", "2025-04-27T16:12:48+00:00", "2025-04-27T16:26:48+00:00", "2025-04-27T16:40:48+00:00", "2025-04-27T16:53:48+00:00", "2025-04-27T17:07:48+00:00", "2025-04-27T17:21:06+00:00", "2025-04-27T17:34:48+00:00", "2025-04-27T17:48:48+00:00", "2025-04-27T18:01:49+00:00", "2025-04-27T18:15:49+00:00", "2025-04-27T18:27:49+00:00", "2025-04-27T18:40:49+00:00", "2025-04-27T18:52:49+00:00", "2025-04-27T19:05:49+00:00", "2025-04-27T19:17:49+00:00", "2025-04-27T19:31:12+00:00", "2025-04-27T19:51:00+00:00", "2025-04-27T20:09:50+00:00", "2025-04-27T20:22:54+00:00", "2025-04-27T20:36:55+00:00", "2025-04-27T20:49:55+00:00", "2025-04-27T21:01:15+00:00", "2025-04-27T21:12:02+00:00", "2025-04-27T21:24:02+00:00", "2025-04-27T21:36:02+00:00", "2025-04-27T21:47:02+00:00", "2025-04-27T21:59:02+00:00", "2025-04-27T22:11:02+00:00", "2025-04-27T22:23:02+00:00", "2025-04-27T22:36:02+00:00", "2025-04-27T22:48:06+00:00", "2025-04-27T23:00:06+00:00", "2025-04-27T23:11:15+00:00", "2025-04-27T23:22:06+00:00", "2025-04-27T23:34:06+00:00", "2025-04-27T23:46:06+00:00", "2025-04-27T23:58:06+00:00", "2025-04-28T00:11:25+00:00", "2025-04-28T00:23:11+00:00", "2025-04-28T00:35:11+00:00", "2025-04-28T00:47:11+00:00", "2025-04-28T00:59:11+00:00", "2025-04-28T01:11:28+00:00", "2025-04-28T01:24:11+00:00", "2025-04-28T01:36:11+00:00", "2025-04-28T01:47:11+00:00", "2025-04-28T01:59:11+00:00", "2025-04-28T02:11:11+00:00", "2025-04-28T02:21:30+00:00", "2025-04-28T02:32:12+00:00", "2025-04-28T02:44:12+00:00", "2025-04-28T02:56:12+00:00", "2025-04-28T03:07:12+00:00", "2025-04-28T03:19:12+00:00", "2025-04-28T03:31:12+00:00", "2025-04-28T03:41:37+00:00", "2025-04-28T03:53:13+00:00", "2025-04-28T04:05:14+00:00", "2025-04-28T04:16:14+00:00", "2025-04-28T04:27:14+00:00", "2025-04-28T04:39:14+00:00", "2025-04-28T04:51:15+00:00", "2025-04-28T05:01:39+00:00", "2025-04-28T05:15:16+00:00", "2025-04-28T05:27:16+00:00", "2025-04-28T05:41:16+00:00", "2025-04-28T05:54:16+00:00", "2025-04-28T06:08:16+00:00", "2025-04-28T06:21:16+00:00", "2025-04-28T06:33:16+00:00", "2025-04-28T06:46:17+00:00", "2025-04-28T06:58:18+00:00", "2025-04-28T07:11:47+00:00", "2025-04-28T07:25:26+00:00", "2025-04-28T07:38:26+00:00", "2025-04-28T07:51:26+00:00", "2025-04-28T08:03:26+00:00", "2025-04-28T08:16:27+00:00", "2025-04-28T08:28:27+00:00", "2025-04-28T08:41:27+00:00", "2025-04-28T08:53:28+00:00", "2025-04-28T09:06:29+00:00", "2025-04-28T09:18:29+00:00", "2025-04-28T09:31:29+00:00", "2025-04-28T09:43:29+00:00", "2025-04-28T09:56:29+00:00", "2025-04-28T10:09:29+00:00", "2025-04-28T10:21:54+00:00", "2025-04-28T10:35:29+00:00", "2025-04-28T10:48:29+00:00", "2025-04-28T11:01:29+00:00", "2025-04-28T11:13:29+00:00", "2025-04-28T11:26:30+00:00", "2025-04-28T11:38:30+00:00", "2025-04-28T11:51:58+00:00", "2025-04-28T12:05:32+00:00", "2025-04-28T12:18:32+00:00", "2025-04-28T12:31:32+00:00", "2025-04-28T12:43:32+00:00", "2025-04-28T12:56:32+00:00", "2025-04-28T13:08:32+00:00", "2025-04-28T13:21:38+00:00", "2025-04-28T13:33:38+00:00", "2025-04-28T13:46:38+00:00", "2025-04-28T13:59:39+00:00", "2025-04-28T14:12:00+00:00", "2025-04-28T14:23:39+00:00", "2025-04-28T14:36:41+00:00", "2025-04-28T14:49:41+00:00", "2025-04-28T15:02:00+00:00", "2025-04-28T15:14:41+00:00", "2025-04-28T15:27:41+00:00", "2025-04-28T15:41:41+00:00", "2025-04-28T15:53:41+00:00", "2025-04-28T16:07:41+00:00", "2025-04-28T16:21:47+00:00", "2025-04-28T16:33:47+00:00", "2025-04-28T16:46:57+00:00", "2025-04-28T17:00:57+00:00", "2025-04-28T17:13:57+00:00", "2025-04-28T17:27:57+00:00", "2025-04-28T17:41:57+00:00", "2025-04-28T17:54:57+00:00", "2025-04-28T18:08:57+00:00", "2025-04-28T18:22:17+00:00", "2025-04-28T18:36:07+00:00", "2025-04-28T18:49:11+00:00", "2025-04-28T19:02:11+00:00", "2025-04-28T19:14:11+00:00", "2025-04-28T19:27:11+00:00", "2025-04-28T19:39:12+00:00", "2025-04-28T19:52:12+00:00", "2025-04-28T20:02:22+00:00", "2025-04-28T20:14:12+00:00", "2025-04-28T20:26:12+00:00", "2025-04-28T20:37:14+00:00", "2025-04-28T20:49:17+00:00", "2025-04-28T21:01:17+00:00", "2025-04-28T21:12:17+00:00", "2025-04-28T21:23:17+00:00", "2025-04-28T21:35:17+00:00", "2025-04-28T21:48:17+00:00", "2025-04-28T22:00:17+00:00", "2025-04-28T22:12:29+00:00", "2025-04-28T22:25:17+00:00", "2025-04-28T22:38:17+00:00", "2025-04-28T22:51:17+00:00", "2025-04-28T23:02:30+00:00", "2025-04-28T23:13:20+00:00", "2025-04-28T23:25:20+00:00", "2025-04-28T23:37:20+00:00", "2025-04-28T23:48:21+00:00", "2025-04-29T00:00:21+00:00", "2025-04-29T00:12:21+00:00", "2025-04-29T00:22:33+00:00", "2025-04-29T00:35:21+00:00", "2025-04-29T00:48:33+00:00", "2025-04-29T01:00:06+00:00", "2025-04-29T01:12:33+00:00", "2025-04-29T01:24:01+00:00", "2025-04-29T01:37:36+00:00", "2025-04-29T01:49:39+00:00", "2025-04-29T02:02:30+00:00", "2025-04-29T02:14:40+00:00", "2025-04-29T02:28:40+00:00", "2025-04-29T02:42:30+00:00", "2025-04-29T02:54:39+00:00", "2025-04-29T03:07:42+00:00", "2025-04-29T03:19:42+00:00", "2025-04-29T03:33:44+00:00", "2025-04-29T03:47:46+00:00", "2025-04-29T04:01:44+00:00", "2025-04-29T04:15:29+00:00", "2025-04-29T04:30:47+00:00", "2025-04-29T04:43:45+00:00", "2025-04-29T04:58:50+00:00", "2025-04-29T05:10:51+00:00", "2025-04-29T05:23:55+00:00", "2025-04-29T05:37:52+00:00", "2025-04-29T05:50:54+00:00", "2025-04-29T06:03:45+00:00", "2025-04-29T06:15:57+00:00", "2025-04-29T06:28:58+00:00", "2025-04-29T06:41:57+00:00", "2025-04-29T06:55:57+00:00", "2025-04-29T07:08:58+00:00", "2025-04-29T07:21:55+00:00", "2025-04-29T07:34:45+00:00", "2025-04-29T07:46:56+00:00", "2025-04-29T07:59:57+00:00", "2025-04-29T08:11:57+00:00", "2025-04-29T08:23:57+00:00", "2025-04-29T08:35:05+00:00", "2025-04-29T08:49:07+00:00", "2025-04-29T09:01:09+00:00", "2025-04-29T09:14:10+00:00", "2025-04-29T09:25:10+00:00", "2025-04-29T09:38:09+00:00", "2025-04-29T09:50:16+00:00", "2025-04-29T10:02:13+00:00", "2025-04-29T10:13:49+00:00", "2025-04-29T10:25:17+00:00", "2025-04-29T10:36:23+00:00", "2025-04-29T10:51:21+00:00", "2025-04-29T11:05:29+00:00", "2025-04-29T11:15:34+00:00", "2025-04-29T11:28:34+00:00", "2025-04-29T11:42:32+00:00", "2025-04-29T11:54:32+00:00", "2025-04-29T12:06:30+00:00", "2025-04-29T12:16:36+00:00", "2025-04-29T12:30:39+00:00", "2025-04-29T12:44:38+00:00", "2025-04-29T12:56:30+00:00", "2025-04-29T13:07:42+00:00", "2025-04-29T13:20:42+00:00", "2025-04-29T13:31:43+00:00", "2025-04-29T13:42:45+00:00", "2025-04-29T13:55:45+00:00", "2025-04-29T14:06:45+00:00", "2025-04-29T14:16:47+00:00", "2025-04-29T14:28:47+00:00", "2025-04-29T14:40:47+00:00", "2025-04-29T14:52:45+00:00", "2025-04-29T15:04:45+00:00", "2025-04-29T15:15:47+00:00", "2025-04-29T15:26:50+00:00", "2025-04-29T15:40:52+00:00", "2025-04-29T15:52:53+00:00", "2025-04-29T16:06:45+00:00", "2025-04-29T16:20:34+00:00", "2025-04-29T16:33:00+00:00", "2025-04-29T16:46:00+00:00", "2025-04-29T16:57:03+00:00", "2025-04-29T17:09:02+00:00", "2025-04-29T17:22:04+00:00", "2025-04-29T17:35:02+00:00", "2025-04-29T17:47:00+00:00", "2025-04-29T17:59:04+00:00", "2025-04-29T18:17:05+00:00", "2025-04-29T18:32:07+00:00", "2025-04-29T18:46:08+00:00", "2025-04-29T19:01:11+00:00", "2025-04-29T19:17:00+00:00", "2025-04-29T19:31:11+00:00", "2025-04-29T19:57:00+00:00", "2025-04-29T20:33:53+00:00", "2025-04-29T20:49:30+00:00", "2025-04-29T21:05:35+00:00", "2025-04-29T21:20:30+00:00", "2025-04-29T21:35:31+00:00", "2025-04-29T21:51:31+00:00", "2025-04-29T22:32:34+00:00", "2025-04-29T23:17:30+00:00", "2025-04-29T23:57:30+00:00", "2025-04-30T00:28:41+00:00", "2025-04-30T00:56:46+00:00", "2025-04-30T01:21:47+00:00", "2025-04-30T01:43:53+00:00", "2025-04-30T02:06:53+00:00", "2025-04-30T02:27:45+00:00", "2025-04-30T02:47:59+00:00", "2025-04-30T03:09:05+00:00", "2025-04-30T03:28:05+00:00", "2025-04-30T03:48:00+00:00", "2025-04-30T04:06:09+00:00", "2025-04-30T04:24:09+00:00", "2025-04-30T04:42:11+00:00", "2025-04-30T04:59:11+00:00", "2025-04-30T05:18:17+00:00", "2025-04-30T05:38:15+00:00", "2025-04-30T05:56:18+00:00", "2025-04-30T06:14:19+00:00", "2025-04-30T06:32:19+00:00", "2025-04-30T06:49:20+00:00", "2025-04-30T07:08:15+00:00", "2025-04-30T07:26:21+00:00", "2025-04-30T07:44:23+00:00", "2025-04-30T08:01:24+00:00", "2025-04-30T08:18:26+00:00", "2025-04-30T08:35:27+00:00", "2025-04-30T08:52:28+00:00", "2025-04-30T09:09:28+00:00", "2025-04-30T09:28:45+00:00", "2025-04-30T09:44:46+00:00", "2025-04-30T10:00:47+00:00", "2025-04-30T10:18:45+00:00", "2025-04-30T10:35:51+00:00", "2025-04-30T10:53:51+00:00", "2025-04-30T11:11:51+00:00", "2025-04-30T11:28:53+00:00", "2025-04-30T11:48:52+00:00", "2025-04-30T12:07:53+00:00", "2025-04-30T12:27:53+00:00", "2025-04-30T12:47:55+00:00", "2025-04-30T13:07:58+00:00", "2025-04-30T13:29:01+00:00", "2025-04-30T13:51:00+00:00", "2025-04-30T14:14:01+00:00", "2025-04-30T14:37:03+00:00", "2025-04-30T15:01:04+00:00", "2025-04-30T15:28:25+00:00", "2025-04-30T15:52:08+00:00", "2025-04-30T16:17:08+00:00", "2025-04-30T16:39:44+00:00", "2025-04-30T17:09:00+00:00", "2025-04-30T17:29:10+00:00", "2025-04-30T17:50:15+00:00", "2025-04-30T18:12:15+00:00", "2025-04-30T18:33:13+00:00", "2025-04-30T18:54:14+00:00", "2025-04-30T19:15:15+00:00", "2025-04-30T19:36:16+00:00", "2025-04-30T19:58:16+00:00", "2025-04-30T20:16:19+00:00", "2025-04-30T20:35:19+00:00", "2025-04-30T20:51:21+00:00", "2025-04-30T21:09:15+00:00", "2025-04-30T21:25:23+00:00", "2025-04-30T21:42:51+00:00", "2025-04-30T21:59:11+00:00", "2025-04-30T22:14:27+00:00", "2025-04-30T22:30:27+00:00", "2025-04-30T22:47:27+00:00", "2025-04-30T23:01:59+00:00", "2025-04-30T23:19:30+00:00", "2025-04-30T23:35:30+00:00", "2025-04-30T23:49:53+00:00", "2025-05-01T00:06:54+00:00", "2025-05-01T00:23:53+00:00", "2025-05-01T00:39:45+00:00", "2025-05-01T00:54:58+00:00", "2025-05-01T01:09:58+00:00", "2025-05-01T01:24:58+00:00", "2025-05-01T01:39:59+00:00", "2025-05-01T01:56:58+00:00", "2025-05-01T02:13:58+00:00", "2025-05-01T02:30:01+00:00", "2025-05-01T02:48:00+00:00", "2025-05-01T03:05:00+00:00", "2025-05-01T03:22:02+00:00", "2025-05-01T03:40:00+00:00", "2025-05-01T03:57:04+00:00", "2025-05-01T04:13:08+00:00", "2025-05-01T04:35:04+00:00", "2025-05-01T05:00:08+00:00", "2025-05-01T05:43:17+00:00", "2025-05-01T06:09:13+00:00", "2025-05-01T06:32:16+00:00", "2025-05-01T06:58:15+00:00", "2025-05-01T07:25:23+00:00", "2025-05-01T07:50:15+00:00", "2025-05-01T08:14:26+00:00", "2025-05-01T08:40:28+00:00", "2025-05-01T09:07:29+00:00", "2025-05-01T09:33:07+00:00", "2025-05-01T10:01:29+00:00", "2025-05-01T10:33:32+00:00", "2025-05-01T11:02:36+00:00", "2025-05-01T11:33:35+00:00", "2025-05-01T12:02:37+00:00", "2025-05-01T12:31:40+00:00", "2025-05-01T13:01:30+00:00", "2025-05-01T13:28:40+00:00", "2025-05-01T13:55:41+00:00", "2025-05-01T14:20:42+00:00", "2025-05-01T14:44:45+00:00", "2025-05-01T15:10:47+00:00", "2025-05-01T15:32:44+00:00", "2025-05-01T15:54:48+00:00", "2025-05-01T16:15:14+00:00", "2025-05-01T16:35:52+00:00", "2025-05-01T16:53:52+00:00", "2025-05-01T17:11:56+00:00", "2025-05-01T17:31:45+00:00", "2025-05-01T17:49:57+00:00", "2025-05-01T18:07:59+00:00", "2025-05-01T18:25:59+00:00", "2025-05-01T18:42:59+00:00", "2025-05-01T19:02:03+00:00", "2025-05-01T19:22:00+00:00", "2025-05-01T19:41:11+00:00", "2025-05-01T20:01:11+00:00", "2025-05-01T20:21:11+00:00", "2025-05-01T20:42:13+00:00", "2025-05-01T21:02:15+00:00", "2025-05-01T21:24:20+00:00", "2025-05-01T21:50:19+00:00", "2025-05-01T22:13:22+00:00", "2025-05-01T22:37:23+00:00", "2025-05-01T23:01:24+00:00", "2025-05-01T23:22:28+00:00", "2025-05-01T23:46:26+00:00", "2025-05-02T00:12:29+00:00", "2025-05-02T00:37:55+00:00", "2025-05-02T01:02:42+00:00", "2025-05-02T01:32:30+00:00", "2025-05-02T02:01:44+00:00", "2025-05-02T02:29:46+00:00", "2025-05-02T02:55:48+00:00", "2025-05-02T03:23:50+00:00", "2025-05-02T03:52:45+00:00", "2025-05-02T04:17:52+00:00", "2025-05-02T04:43:53+00:00", "2025-05-02T05:09:56+00:00", "2025-05-02T05:32:56+00:00", "2025-05-02T05:55:59+00:00", "2025-05-02T06:20:05+00:00", "2025-05-02T06:42:04+00:00", "2025-05-02T07:02:04+00:00", "2025-05-02T07:21:04+00:00", "2025-05-02T07:40:11+00:00", "2025-05-02T08:00:05+00:00", "2025-05-02T08:18:07+00:00", "2025-05-02T08:37:08+00:00", "2025-05-02T08:54:09+00:00", "2025-05-02T09:13:10+00:00", "2025-05-02T09:30:09+00:00", "2025-05-02T09:47:27+00:00", "2025-05-02T10:03:13+00:00", "2025-05-02T10:22:13+00:00", "2025-05-02T10:38:18+00:00", "2025-05-02T10:55:17+00:00", "2025-05-02T11:12:18+00:00", "2025-05-02T11:26:24+00:00", "2025-05-02T11:43:15+00:00", "2025-05-02T11:58:22+00:00", "2025-05-02T12:13:24+00:00", "2025-05-02T12:33:26+00:00", "2025-05-02T12:48:32+00:00", "2025-05-02T13:04:00+00:00", "2025-05-02T13:23:30+00:00", "2025-05-02T13:41:33+00:00", "2025-05-02T13:58:33+00:00", "2025-05-02T14:14:33+00:00", "2025-05-02T14:33:41+00:00", "2025-05-02T14:53:30+00:00", "2025-05-02T15:10:41+00:00", "2025-05-02T15:30:36+00:00", "2025-05-02T15:50:52+00:00", "2025-05-02T16:10:44+00:00", "2025-05-02T16:28:45+00:00", "2025-05-02T16:47:47+00:00", "2025-05-02T17:05:48+00:00", "2025-05-02T17:23:50+00:00", "2025-05-02T17:43:50+00:00", "2025-05-02T18:03:52+00:00", "2025-05-02T18:24:53+00:00", "2025-05-02T18:47:53+00:00", "2025-05-02T19:11:55+00:00", "2025-05-02T19:35:56+00:00", "2025-05-02T20:02:56+00:00", "2025-05-02T20:29:56+00:00", "2025-05-02T20:54:01+00:00", "2025-05-02T21:24:00+00:00", "2025-05-02T21:51:57+00:00", "2025-05-02T22:20:57+00:00", "2025-05-02T22:48:58+00:00", "2025-05-02T23:32:58+00:00", "2025-05-03T00:12:58+00:00", "2025-05-03T00:50:09+00:00", "2025-05-03T01:29:10+00:00", "2025-05-03T02:08:10+00:00", "2025-05-03T02:24:11+00:00", "2025-05-03T02:36:11+00:00", "2025-05-03T02:49:11+00:00", "2025-05-03T03:01:11+00:00", "2025-05-03T03:14:11+00:00", "2025-05-03T03:25:11+00:00", "2025-05-03T03:38:11+00:00", "2025-05-03T03:51:11+00:00", "2025-05-03T04:04:11+00:00", "2025-05-03T04:17:11+00:00", "2025-05-03T04:30:11+00:00", "2025-05-03T04:41:11+00:00", "2025-05-03T04:52:11+00:00", "2025-05-03T05:04:11+00:00", "2025-05-03T05:14:25+00:00", "2025-05-03T05:24:25+00:00", "2025-05-03T05:34:26+00:00", "2025-05-03T05:46:14+00:00", "2025-05-03T05:57:15+00:00", "2025-05-03T06:09:19+00:00", "2025-05-03T06:19:19+00:00", "2025-05-03T06:29:19+00:00", "2025-05-03T06:40:19+00:00", "2025-05-03T06:51:19+00:00", "2025-05-03T07:01:19+00:00", "2025-05-03T07:12:19+00:00", "2025-05-03T07:22:19+00:00", "2025-05-03T07:34:22+00:00", "2025-05-03T07:44:33+00:00", "2025-05-03T07:56:22+00:00", "2025-05-03T08:08:22+00:00", "2025-05-03T08:19:27+00:00", "2025-05-03T08:30:27+00:00", "2025-05-03T08:42:29+00:00", "2025-05-03T08:54:29+00:00", "2025-05-03T09:04:32+00:00", "2025-05-03T09:15:34+00:00", "2025-05-03T09:27:34+00:00", "2025-05-03T09:39:34+00:00", "2025-05-03T09:50:34+00:00", "2025-05-03T10:02:34+00:00", "2025-05-03T10:14:30+00:00", "2025-05-03T10:26:40+00:00", "2025-05-03T10:38:40+00:00", "2025-05-03T10:49:44+00:00", "2025-05-03T11:01:46+00:00", "2025-05-03T11:13:46+00:00", "2025-05-03T11:25:46+00:00", "2025-05-03T11:38:47+00:00", "2025-05-03T11:52:47+00:00", "2025-05-03T12:05:49+00:00", "2025-05-03T12:19:49+00:00", "2025-05-03T12:31:49+00:00", "2025-05-03T12:44:54+00:00", "2025-05-03T12:59:54+00:00", "2025-05-03T13:13:55+00:00", "2025-05-03T13:27:55+00:00", "2025-05-03T13:41:55+00:00", "2025-05-03T13:54:45+00:00", "2025-05-03T14:05:55+00:00", "2025-05-03T14:18:55+00:00", "2025-05-03T14:31:59+00:00", "2025-05-03T14:44:59+00:00", "2025-05-03T14:58:59+00:00", "2025-05-03T15:13:02+00:00", "2025-05-03T15:25:03+00:00", "2025-05-03T15:37:09+00:00", "2025-05-03T15:51:09+00:00", "2025-05-03T16:05:00+00:00", "2025-05-03T16:18:09+00:00", "2025-05-03T16:32:09+00:00", "2025-05-03T16:45:09+00:00", "2025-05-03T16:57:09+00:00", "2025-05-03T17:09:09+00:00", "2025-05-03T17:21:09+00:00", "2025-05-03T17:32:09+00:00", "2025-05-03T17:44:15+00:00", "2025-05-03T17:55:30+00:00", "2025-05-03T18:06:15+00:00", "2025-05-03T18:18:15+00:00", "2025-05-03T18:30:19+00:00", "2025-05-03T18:41:19+00:00", "2025-05-03T18:52:19+00:00", "2025-05-03T19:05:19+00:00", "2025-05-03T19:15:34+00:00", "2025-05-03T19:27:24+00:00", "2025-05-03T19:39:25+00:00", "2025-05-03T19:49:25+00:00", "2025-05-03T19:59:26+00:00", "2025-05-03T20:09:27+00:00", "2025-05-03T20:19:27+00:00", "2025-05-03T20:29:27+00:00", "2025-05-03T20:40:27+00:00", "2025-05-03T20:50:32+00:00", "2025-05-03T21:00:32+00:00", "2025-05-03T21:10:32+00:00", "2025-05-03T21:20:32+00:00", "2025-05-03T21:30:33+00:00", "2025-05-03T21:44:33+00:00", "2025-05-03T22:02:33+00:00", "2025-05-03T22:19:33+00:00", "2025-05-03T22:37:33+00:00", "2025-05-03T22:55:45+00:00", "2025-05-03T23:16:33+00:00", "2025-05-03T23:36:46+00:00", "2025-05-03T23:57:46+00:00", "2025-05-04T00:18:46+00:00", "2025-05-04T00:38:48+00:00", "2025-05-04T00:56:50+00:00", "2025-05-04T01:16:48+00:00", "2025-05-04T01:35:53+00:00", "2025-05-04T01:54:51+00:00", "2025-05-04T02:12:51+00:00", "2025-05-04T02:30:54+00:00", "2025-05-04T02:48:24+00:00", "2025-05-04T03:06:54+00:00", "2025-05-04T03:23:55+00:00", "2025-05-04T03:41:56+00:00", "2025-05-04T03:59:47+00:00", "2025-05-04T04:17:59+00:00", "2025-05-04T04:37:00+00:00", "2025-05-04T04:57:00+00:00", "2025-05-04T05:17:00+00:00", "2025-05-04T05:33:02+00:00", "2025-05-04T05:47:04+00:00", "2025-05-04T06:03:07+00:00", "2025-05-04T06:21:00+00:00", "2025-05-04T06:36:08+00:00", "2025-05-04T06:52:10+00:00", "2025-05-04T07:07:11+00:00", "2025-05-04T07:23:10+00:00", "2025-05-04T07:37:13+00:00", "2025-05-04T07:52:12+00:00", "2025-05-04T08:06:13+00:00", "2025-05-04T08:19:15+00:00", "2025-05-04T08:33:15+00:00", "2025-05-04T08:47:15+00:00", "2025-05-04T08:59:23+00:00", "2025-05-04T09:13:14+00:00", "2025-05-04T09:28:15+00:00", "2025-05-04T09:41:16+00:00", "2025-05-04T09:56:13+00:00", "2025-05-04T10:08:19+00:00", "2025-05-04T10:23:16+00:00", "2025-05-04T10:37:18+00:00", "2025-05-04T10:50:20+00:00", "2025-05-04T11:04:24+00:00", "2025-05-04T11:18:22+00:00", "2025-05-04T11:32:21+00:00", "2025-05-04T11:47:09+00:00", "2025-05-04T12:00:22+00:00", "2025-05-04T12:15:29+00:00", "2025-05-04T12:29:25+00:00", "2025-05-04T12:43:26+00:00", "2025-05-04T12:57:29+00:00", "2025-05-04T13:10:28+00:00", "2025-05-04T13:25:29+00:00", "2025-05-04T13:38:33+00:00", "2025-05-04T13:53:31+00:00", "2025-05-04T14:05:34+00:00", "2025-05-04T14:18:37+00:00", "2025-05-04T14:32:36+00:00", "2025-05-04T14:46:38+00:00", "2025-05-04T15:00:02+00:00", "2025-05-04T15:14:37+00:00", "2025-05-04T15:28:30+00:00", "2025-05-04T15:41:40+00:00", "2025-05-04T15:55:40+00:00", "2025-05-04T16:08:42+00:00", "2025-05-04T16:22:39+00:00", "2025-05-04T16:35:41+00:00", "2025-05-04T16:49:47+00:00", "2025-05-04T17:04:41+00:00", "2025-05-04T17:18:30+00:00", "2025-05-04T17:31:45+00:00", "2025-05-04T17:45:45+00:00", "2025-05-04T17:58:46+00:00", "2025-05-04T18:12:48+00:00", "2025-05-04T18:26:48+00:00", "2025-05-04T18:40:46+00:00", "2025-05-04T18:55:45+00:00", "2025-05-04T19:08:45+00:00", "2025-05-04T19:22:52+00:00", "2025-05-04T19:37:55+00:00", "2025-05-04T19:52:53+00:00", "2025-05-04T20:08:52+00:00", "2025-05-04T20:21:51+00:00", "2025-05-04T20:36:59+00:00", "2025-05-04T20:52:41+00:00", "2025-05-04T21:08:57+00:00", "2025-05-04T21:24:01+00:00", "2025-05-04T21:38:01+00:00", "2025-05-04T21:52:02+00:00", "2025-05-04T22:07:03+00:00", "2025-05-04T22:20:04+00:00", "2025-05-04T22:35:04+00:00", "2025-05-04T22:50:00+00:00", "2025-05-04T23:03:11+00:00", "2025-05-04T23:18:10+00:00", "2025-05-04T23:31:12+00:00", "2025-05-04T23:45:11+00:00", "2025-05-05T00:00:13+00:00", "2025-05-05T00:15:17+00:00", "2025-05-05T00:30:15+00:00", "2025-05-05T00:44:16+00:00", "2025-05-05T00:59:16+00:00", "2025-05-05T01:12:23+00:00", "2025-05-05T01:26:32+00:00", "2025-05-05T01:40:20+00:00", "2025-05-05T01:55:18+00:00", "2025-05-05T02:10:19+00:00", "2025-05-05T02:25:20+00:00", "2025-05-05T02:40:15+00:00", "2025-05-05T02:54:22+00:00", "2025-05-05T03:09:23+00:00", "2025-05-05T03:24:21+00:00", "2025-05-05T03:40:25+00:00", "2025-05-05T03:59:26+00:00", "2025-05-05T04:14:25+00:00", "2025-05-05T04:28:26+00:00", "2025-05-05T04:41:36+00:00", "2025-05-05T04:56:31+00:00", "2025-05-05T05:11:33+00:00", "2025-05-05T05:28:36+00:00", "2025-05-05T05:44:40+00:00", "2025-05-05T06:01:30+00:00", "2025-05-05T06:16:41+00:00", "2025-05-05T06:33:40+00:00", "2025-05-05T06:51:43+00:00", "2025-05-05T07:09:42+00:00", "2025-05-05T07:27:43+00:00", "2025-05-05T07:42:45+00:00", "2025-05-05T08:01:45+00:00", "2025-05-05T08:17:46+00:00", "2025-05-05T08:35:45+00:00", "2025-05-05T08:51:57+00:00", "2025-05-05T09:07:56+00:00", "2025-05-05T09:23:59+00:00", "2025-05-05T09:42:00+00:00", "2025-05-05T09:59:04+00:00", "2025-05-05T10:16:06+00:00", "2025-05-05T10:32:07+00:00", "2025-05-05T10:50:05+00:00", "2025-05-05T11:05:08+00:00", "2025-05-05T11:22:09+00:00", "2025-05-05T11:38:12+00:00", "2025-05-05T11:56:00+00:00", "2025-05-05T12:12:10+00:00", "2025-05-05T12:28:05+00:00", "2025-05-05T12:44:05+00:00", "2025-05-05T13:00:34+00:00", "2025-05-05T13:18:07+00:00", "2025-05-05T13:33:10+00:00", "2025-05-05T13:50:11+00:00", "2025-05-05T14:06:12+00:00", "2025-05-05T14:23:12+00:00", "2025-05-05T14:43:00+00:00", "2025-05-05T15:01:17+00:00", "2025-05-05T15:19:11+00:00", "2025-05-05T15:35:15+00:00", "2025-05-05T15:53:15+00:00", "2025-05-05T16:10:14+00:00", "2025-05-05T16:28:17+00:00", "2025-05-05T16:48:16+00:00", "2025-05-05T17:07:23+00:00", "2025-05-05T17:25:30+00:00", "2025-05-05T17:43:15+00:00", "2025-05-05T18:00:21+00:00", "2025-05-05T18:19:34+00:00", "2025-05-05T18:38:00+00:00", "2025-05-05T18:54:04+00:00", "2025-05-05T19:13:33+00:00", "2025-05-05T19:33:32+00:00", "2025-05-05T19:53:30+00:00", "2025-05-05T20:11:34+00:00", "2025-05-05T20:30:33+00:00", "2025-05-05T20:51:33+00:00", "2025-05-05T21:11:41+00:00", "2025-05-05T21:31:37+00:00", "2025-05-05T21:50:38+00:00", "2025-05-05T22:10:37+00:00", "2025-05-05T22:31:38+00:00", "2025-05-05T22:53:40+00:00", "2025-05-05T23:19:40+00:00", "2025-05-05T23:43:40+00:00", "2025-05-05T23:53:46+00:00", "2025-05-06T00:03:47+00:00", "2025-05-06T00:13:47+00:00", "2025-05-06T00:25:47+00:00", "2025-05-06T00:36:47+00:00", "2025-05-06T00:46:48+00:00", "2025-05-06T00:57:48+00:00", "2025-05-06T01:08:53+00:00", "2025-05-06T01:22:53+00:00", "2025-05-06T01:36:46+00:00", "2025-05-06T01:47:57+00:00", "2025-05-06T01:58:57+00:00", "2025-05-06T02:11:05+00:00", "2025-05-06T02:22:58+00:00", "2025-05-06T02:34:00+00:00", "2025-05-06T02:44:00+00:00", "2025-05-06T02:54:02+00:00", "2025-05-06T03:04:06+00:00", "2025-05-06T03:14:06+00:00", "2025-05-06T03:24:11+00:00", "2025-05-06T03:35:09+00:00", "2025-05-06T03:46:09+00:00", "2025-05-06T03:58:09+00:00", "2025-05-06T04:10:11+00:00", "2025-05-06T04:27:38+00:00", "2025-05-06T04:39:14+00:00", "2025-05-06T04:51:15+00:00", "2025-05-06T05:04:15+00:00", "2025-05-06T05:14:17+00:00", "2025-05-06T05:25:17+00:00", "2025-05-06T05:37:17+00:00", "2025-05-06T05:49:17+00:00", "2025-05-06T06:00:19+00:00", "2025-05-06T06:12:27+00:00", "2025-05-06T06:24:30+00:00", "2025-05-06T06:34:33+00:00", "2025-05-06T06:49:32+00:00", "2025-05-06T07:03:37+00:00", "2025-05-06T07:14:39+00:00", "2025-05-06T07:25:38+00:00", "2025-05-06T07:37:38+00:00", "2025-05-06T07:50:40+00:00", "2025-05-06T08:04:40+00:00", "2025-05-06T08:15:40+00:00", "2025-05-06T08:30:41+00:00", "2025-05-06T08:50:40+00:00", "2025-05-06T09:24:45+00:00", "2025-05-06T09:39:23+00:00", "2025-05-06T09:54:45+00:00", "2025-05-06T10:09:45+00:00", "2025-05-06T10:24:47+00:00", "2025-05-06T10:44:45+00:00", "2025-05-06T10:58:47+00:00", "2025-05-06T11:17:49+00:00", "2025-05-06T11:35:49+00:00", "2025-05-06T12:06:14+00:00", "2025-05-06T12:44:53+00:00", "2025-05-06T13:21:54+00:00", "2025-05-06T13:44:59+00:00", "2025-05-06T14:13:38+00:00", "2025-05-06T14:31:39+00:00", "2025-05-06T14:45:01+00:00", "2025-05-06T15:05:04+00:00", "2025-05-06T15:45:00+00:00", "2025-05-06T16:04:05+00:00", "2025-05-06T16:21:07+00:00", "2025-05-06T16:41:08+00:00", "2025-05-06T17:01:10+00:00", "2025-05-06T17:21:10+00:00", "2025-05-06T17:47:11+00:00", "2025-05-06T18:17:17+00:00", "2025-05-06T18:47:17+00:00", "2025-05-06T19:10:19+00:00", "2025-05-06T19:34:19+00:00", "2025-05-06T19:56:21+00:00", "2025-05-06T20:28:23+00:00", "2025-05-06T21:10:20+00:00", "2025-05-06T21:42:23+00:00", "2025-05-06T22:08:22+00:00", "2025-05-06T22:37:24+00:00", "2025-05-06T23:05:25+00:00", "2025-05-06T23:30:29+00:00", "2025-05-06T23:59:34+00:00", "2025-05-07T00:26:35+00:00", "2025-05-07T00:57:38+00:00", "2025-05-07T01:26:40+00:00", "2025-05-07T01:56:41+00:00", "2025-05-07T02:28:40+00:00", "2025-05-07T03:03:43+00:00", "2025-05-07T03:36:49+00:00", "2025-05-07T04:24:49+00:00", "2025-05-07T05:13:39+00:00", "2025-05-07T05:58:55+00:00", "2025-05-07T06:36:57+00:00", "2025-05-07T07:12:57+00:00", "2025-05-07T07:45:59+00:00", "2025-05-07T08:17:00+00:00", "2025-05-07T08:42:01+00:00", "2025-05-07T09:07:00+00:00", "2025-05-07T09:32:08+00:00", "2025-05-07T09:57:22+00:00", "2025-05-07T10:25:28+00:00", "2025-05-07T10:52:28+00:00", "2025-05-07T11:16:30+00:00", "2025-05-07T11:38:32+00:00", "2025-05-07T12:02:33+00:00", "2025-05-07T12:38:33+00:00", "2025-05-07T13:07:30+00:00", "2025-05-07T13:35:39+00:00", "2025-05-07T14:09:43+00:00", "2025-05-07T14:38:46+00:00", "2025-05-07T15:07:45+00:00", "2025-05-07T15:35:54+00:00", "2025-05-07T16:02:57+00:00", "2025-05-07T16:40:04+00:00", "2025-05-07T17:08:06+00:00", "2025-05-07T17:44:09+00:00", "2025-05-07T18:14:10+00:00", "2025-05-07T18:56:15+00:00", "2025-05-07T19:30:20+00:00", "2025-05-07T20:05:23+00:00", "2025-05-07T20:37:22+00:00", "2025-05-07T21:04:33+00:00", "2025-05-07T21:28:30+00:00", "2025-05-07T21:50:32+00:00", "2025-05-07T22:20:33+00:00", "2025-05-07T22:58:41+00:00", "2025-05-07T23:41:41+00:00", "2025-05-08T00:22:45+00:00", "2025-05-08T01:03:44+00:00", "2025-05-08T01:45:46+00:00", "2025-05-08T02:26:48+00:00", "2025-05-08T02:49:45+00:00", "2025-05-08T03:15:54+00:00", "2025-05-08T03:37:59+00:00", "2025-05-08T04:03:50+00:00", "2025-05-08T04:30:00+00:00", "2025-05-08T04:44:01+00:00", "2025-05-08T05:00:03+00:00", "2025-05-08T05:14:11+00:00", "2025-05-08T05:29:05+00:00", "2025-05-08T05:50:03+00:00", "2025-05-08T06:04:07+00:00", "2025-05-08T06:25:09+00:00", "2025-05-08T06:40:00+00:00", "2025-05-08T06:56:10+00:00", "2025-05-08T07:14:10+00:00", "2025-05-08T07:39:11+00:00", "2025-05-08T08:02:16+00:00", "2025-05-08T08:15:17+00:00", "2025-05-08T08:28:43+00:00", "2025-05-08T08:40:15+00:00", "2025-05-08T08:50:20+00:00", "2025-05-08T09:04:21+00:00", "2025-05-08T09:19:21+00:00", "2025-05-08T09:35:20+00:00", "2025-05-08T09:48:23+00:00", "2025-05-08T10:00:23+00:00", "2025-05-08T10:12:24+00:00", "2025-05-08T10:28:25+00:00", "2025-05-08T10:41:26+00:00", "2025-05-08T10:54:26+00:00", "2025-05-08T11:08:26+00:00", "2025-05-08T11:21:27+00:00", "2025-05-08T11:34:28+00:00", "2025-05-08T11:45:29+00:00", "2025-05-08T11:59:30+00:00", "2025-05-08T12:12:19+00:00", "2025-05-08T12:25:32+00:00", "2025-05-08T12:39:32+00:00", "2025-05-08T12:53:33+00:00", "2025-05-08T13:09:35+00:00", "2025-05-08T13:21:36+00:00", "2025-05-08T13:34:36+00:00", "2025-05-08T13:46:38+00:00", "2025-05-08T14:00:42+00:00", "2025-05-08T14:18:41+00:00", "2025-05-08T14:37:43+00:00", "2025-05-08T14:53:45+00:00", "2025-05-08T15:06:45+00:00", "2025-05-08T15:26:44+00:00", "2025-05-08T15:38:45+00:00", "2025-05-08T15:52:46+00:00", "2025-05-08T16:06:47+00:00", "2025-05-08T16:19:47+00:00", "2025-05-08T16:31:49+00:00", "2025-05-08T16:44:49+00:00", "2025-05-08T16:56:49+00:00", "2025-05-08T17:09:49+00:00", "2025-05-08T17:20:45+00:00", "2025-05-08T17:31:49+00:00", "2025-05-08T17:43:16+00:00", "2025-05-08T17:54:58+00:00", "2025-05-08T18:08:59+00:00", "2025-05-08T18:24:00+00:00", "2025-05-08T18:36:00+00:00", "2025-05-08T18:47:01+00:00", "2025-05-08T19:00:01+00:00", "2025-05-08T19:12:04+00:00", "2025-05-08T19:27:03+00:00", "2025-05-08T19:42:03+00:00", "2025-05-08T19:58:03+00:00", "2025-05-08T20:11:00+00:00", "2025-05-08T20:27:05+00:00", "2025-05-08T20:40:08+00:00", "2025-05-08T20:54:07+00:00", "2025-05-08T21:05:08+00:00", "2025-05-08T21:19:09+00:00", "2025-05-08T21:51:12+00:00", "2025-05-08T22:09:17+00:00", "2025-05-08T22:24:12+00:00", "2025-05-08T22:41:17+00:00", "2025-05-08T23:02:15+00:00", "2025-05-08T23:32:23+00:00", "2025-05-09T00:11:51+00:00", "2025-05-09T00:52:33+00:00", "2025-05-09T01:31:33+00:00", "2025-05-09T02:06:38+00:00", "2025-05-09T02:38:44+00:00", "2025-05-09T03:13:45+00:00", "2025-05-09T03:50:49+00:00", "2025-05-09T04:13:51+00:00", "2025-05-09T04:35:01+00:00", "2025-05-09T04:56:52+00:00", "2025-05-09T05:17:53+00:00", "2025-05-09T05:35:26+00:00", "2025-05-09T05:53:56+00:00", "2025-05-09T06:15:58+00:00", "2025-05-09T06:33:58+00:00", "2025-05-09T06:53:00+00:00", "2025-05-09T07:15:01+00:00", "2025-05-09T07:32:04+00:00", "2025-05-09T07:50:11+00:00", "2025-05-09T08:10:07+00:00", "2025-05-09T08:28:10+00:00", "2025-05-09T08:44:19+00:00", "2025-05-09T09:03:19+00:00", "2025-05-09T09:23:15+00:00", "2025-05-09T09:40:20+00:00", "2025-05-09T09:55:32+00:00", "2025-05-09T10:13:21+00:00", "2025-05-09T10:28:22+00:00", "2025-05-09T10:43:22+00:00", "2025-05-09T10:59:23+00:00", "2025-05-09T11:14:23+00:00", "2025-05-09T11:30:24+00:00", "2025-05-09T11:46:27+00:00", "2025-05-09T12:03:15+00:00", "2025-05-09T12:21:27+00:00", "2025-05-09T12:38:27+00:00", "2025-05-09T12:53:28+00:00", "2025-05-09T13:05:35+00:00", "2025-05-09T13:23:30+00:00", "2025-05-09T13:41:31+00:00", "2025-05-09T13:58:33+00:00", "2025-05-09T14:13:34+00:00", "2025-05-09T14:31:38+00:00", "2025-05-09T14:44:38+00:00", "2025-05-09T15:03:30+00:00", "2025-05-09T15:23:39+00:00", "2025-05-09T15:42:42+00:00", "2025-05-09T16:00:42+00:00", "2025-05-09T16:18:43+00:00", "2025-05-09T16:36:21+00:00", "2025-05-09T16:53:45+00:00", "2025-05-09T17:11:46+00:00", "2025-05-09T17:29:48+00:00", "2025-05-09T17:46:48+00:00", "2025-05-09T18:03:45+00:00", "2025-05-09T18:20:49+00:00", "2025-05-09T18:37:51+00:00", "2025-05-09T18:56:00+00:00", "2025-05-09T19:16:53+00:00", "2025-05-09T19:36:58+00:00", "2025-05-09T19:55:05+00:00", "2025-05-09T20:15:01+00:00", "2025-05-09T20:34:03+00:00", "2025-05-09T20:55:03+00:00", "2025-05-09T21:15:03+00:00", "2025-05-09T21:34:00+00:00", "2025-05-09T21:54:00+00:00", "2025-05-09T22:14:04+00:00", "2025-05-09T22:34:00+00:00", "2025-05-09T22:55:08+00:00", "2025-05-09T23:16:09+00:00", "2025-05-09T23:30:08+00:00", "2025-05-09T23:43:11+00:00", "2025-05-09T23:57:10+00:00", "2025-05-10T00:12:11+00:00", "2025-05-10T00:24:16+00:00", "2025-05-10T00:38:13+00:00", "2025-05-10T00:52:03+00:00", "2025-05-10T01:04:15+00:00", "2025-05-10T01:18:18+00:00", "2025-05-10T01:31:58+00:00", "2025-05-10T01:44:21+00:00", "2025-05-10T01:57:21+00:00", "2025-05-10T02:09:22+00:00", "2025-05-10T02:22:21+00:00", "2025-05-10T02:36:21+00:00", "2025-05-10T02:53:29+00:00", "2025-05-10T03:07:25+00:00", "2025-05-10T03:23:27+00:00", "2025-05-10T03:36:27+00:00", "2025-05-10T03:51:27+00:00", "2025-05-10T04:05:27+00:00", "2025-05-10T04:18:29+00:00", "2025-05-10T04:30:28+00:00", "2025-05-10T04:44:27+00:00", "2025-05-10T04:55:28+00:00", "2025-05-10T05:08:30+00:00", "2025-05-10T05:20:31+00:00", "2025-05-10T05:32:31+00:00", "2025-05-10T05:44:31+00:00", "2025-05-10T05:56:33+00:00", "2025-05-10T06:10:33+00:00", "2025-05-10T06:24:30+00:00", "2025-05-10T06:35:33+00:00", "2025-05-10T06:49:35+00:00", "2025-05-10T07:01:41+00:00", "2025-05-10T07:14:30+00:00", "2025-05-10T07:26:34+00:00", "2025-05-10T07:40:35+00:00", "2025-05-10T07:54:30+00:00", "2025-05-10T08:06:37+00:00", "2025-05-10T08:20:52+00:00", "2025-05-10T08:34:30+00:00", "2025-05-10T08:48:39+00:00", "2025-05-10T09:07:40+00:00", "2025-05-10T09:24:42+00:00", "2025-05-10T09:39:40+00:00", "2025-05-10T09:57:44+00:00", "2025-05-10T10:16:46+00:00", "2025-05-10T10:32:48+00:00", "2025-05-10T10:53:51+00:00", "2025-05-10T11:20:52+00:00", "2025-05-10T11:45:52+00:00", "2025-05-10T12:03:55+00:00", "2025-05-10T12:24:56+00:00", "2025-05-10T12:43:56+00:00", "2025-05-10T13:02:58+00:00", "2025-05-10T13:24:58+00:00", "2025-05-10T13:51:00+00:00", "2025-05-10T14:19:02+00:00", "2025-05-10T14:41:02+00:00", "2025-05-10T14:57:04+00:00", "2025-05-10T15:26:07+00:00", "2025-05-10T15:57:28+00:00", "2025-05-10T16:31:29+00:00", "2025-05-10T17:01:31+00:00", "2025-05-10T17:15:33+00:00", "2025-05-10T18:16:35+00:00", "2025-05-10T18:57:38+00:00", "2025-05-10T19:24:51+00:00", "2025-05-10T19:50:39+00:00", "2025-05-10T20:14:54+00:00", "2025-05-10T20:31:55+00:00", "2025-05-10T20:55:57+00:00", "2025-05-10T21:24:51+00:00", "2025-05-10T21:48:00+00:00", "2025-05-10T22:05:57+00:00", "2025-05-10T22:33:48+00:00", "2025-05-10T23:00:02+00:00", "2025-05-10T23:27:07+00:00", "2025-05-10T23:51:10+00:00", "2025-05-11T00:18:00+00:00", "2025-05-11T00:45:10+00:00", "2025-05-11T01:14:10+00:00", "2025-05-11T01:43:14+00:00", "2025-05-11T02:13:23+00:00", "2025-05-11T03:13:04+00:00", "2025-05-11T03:53:10+00:00", "2025-05-11T04:04:10+00:00", "2025-05-11T04:16:10+00:00", "2025-05-11T04:27:10+00:00", "2025-05-11T04:39:14+00:00", "2025-05-11T04:50:14+00:00", "2025-05-11T05:03:19+00:00", "2025-05-11T05:16:20+00:00", "2025-05-11T05:28:24+00:00", "2025-05-11T05:39:24+00:00", "2025-05-11T05:51:27+00:00", "2025-05-11T06:04:27+00:00", "2025-05-11T06:16:27+00:00", "2025-05-11T06:29:35+00:00", "2025-05-11T06:41:35+00:00", "2025-05-11T06:54:35+00:00", "2025-05-11T07:06:35+00:00", "2025-05-11T07:19:03+00:00", "2025-05-11T07:30:03+00:00", "2025-05-11T07:41:03+00:00", "2025-05-11T07:53:03+00:00", "2025-05-11T08:05:03+00:00", "2025-05-11T08:16:03+00:00", "2025-05-11T08:28:03+00:00", "2025-05-11T08:40:03+00:00", "2025-05-11T08:50:18+00:00", "2025-05-11T09:02:03+00:00", "2025-05-11T09:14:03+00:00", "2025-05-11T09:26:03+00:00", "2025-05-11T09:37:03+00:00", "2025-05-11T09:49:03+00:00", "2025-05-11T10:00:15+00:00", "2025-05-11T10:11:03+00:00", "2025-05-11T10:23:03+00:00", "2025-05-11T10:35:04+00:00", "2025-05-11T10:48:21+00:00", "2025-05-11T11:05:23+00:00", "2025-05-11T11:24:25+00:00", "2025-05-11T11:42:30+00:00", "2025-05-11T12:00:30+00:00", "2025-05-11T12:17:34+00:00", "2025-05-11T12:35:35+00:00", "2025-05-11T12:58:35+00:00", "2025-05-11T13:22:37+00:00", "2025-05-11T13:42:38+00:00", "2025-05-11T14:00:39+00:00", "2025-05-11T14:18:40+00:00", "2025-05-11T14:39:42+00:00", "2025-05-11T15:01:40+00:00", "2025-05-11T15:23:41+00:00", "2025-05-11T15:47:42+00:00", "2025-05-11T16:12:45+00:00", "2025-05-11T16:40:45+00:00", "2025-05-11T17:03:47+00:00", "2025-05-11T17:25:52+00:00", "2025-05-11T17:49:49+00:00", "2025-05-11T18:13:50+00:00", "2025-05-11T18:41:52+00:00", "2025-05-11T19:10:54+00:00", "2025-05-11T19:37:56+00:00", "2025-05-11T19:58:56+00:00", "2025-05-11T20:20:56+00:00", "2025-05-11T20:46:57+00:00", "2025-05-11T21:03:58+00:00", "2025-05-11T21:17:04+00:00", "2025-05-11T21:28:03+00:00", "2025-05-11T21:40:02+00:00", "2025-05-11T21:51:00+00:00", "2025-05-11T22:01:04+00:00", "2025-05-11T22:13:03+00:00", "2025-05-11T22:25:03+00:00", "2025-05-11T22:36:05+00:00", "2025-05-11T22:47:05+00:00", "2025-05-11T22:59:06+00:00", "2025-05-11T23:10:06+00:00", "2025-05-11T23:21:00+00:00", "2025-05-11T23:33:08+00:00", "2025-05-11T23:47:09+00:00", "2025-05-12T00:02:04+00:00", "2025-05-12T00:17:10+00:00", "2025-05-12T00:32:46+00:00", "2025-05-12T00:50:09+00:00", "2025-05-12T01:06:12+00:00", "2025-05-12T01:22:11+00:00", "2025-05-12T01:37:13+00:00", "2025-05-12T01:51:14+00:00", "2025-05-12T02:01:15+00:00", "2025-05-12T02:11:15+00:00", "2025-05-12T02:21:15+00:00", "2025-05-12T02:31:18+00:00", "2025-05-12T02:42:18+00:00", "2025-05-12T02:52:20+00:00", "2025-05-12T03:02:21+00:00", "2025-05-12T03:12:21+00:00", "2025-05-12T03:22:22+00:00", "2025-05-12T03:35:29+00:00", "2025-05-12T03:46:27+00:00", "2025-05-12T03:56:35+00:00", "2025-05-12T04:08:02+00:00", "2025-05-12T04:18:33+00:00", "2025-05-12T04:27:33+00:00", "2025-05-12T04:37:41+00:00", "2025-05-12T04:48:57+00:00", "2025-05-12T05:00:41+00:00", "2025-05-12T05:10:36+00:00", "2025-05-12T05:20:38+00:00", "2025-05-12T05:30:38+00:00", "2025-05-12T05:40:39+00:00", "2025-05-12T05:50:39+00:00", "2025-05-12T06:00:41+00:00", "2025-05-12T06:10:41+00:00", "2025-05-12T06:20:41+00:00", "2025-05-12T06:31:39+00:00", "2025-05-12T06:41:48+00:00", "2025-05-12T06:55:45+00:00", "2025-05-12T07:06:47+00:00", "2025-05-12T07:17:49+00:00", "2025-05-12T07:27:49+00:00", "2025-05-12T07:38:49+00:00", "2025-05-12T07:50:50+00:00", "2025-05-12T08:01:45+00:00", "2025-05-12T08:11:45+00:00", "2025-05-12T08:21:52+00:00", "2025-05-12T08:31:52+00:00", "2025-05-12T08:41:53+00:00", "2025-05-12T08:51:53+00:00", "2025-05-12T09:01:54+00:00", "2025-05-12T09:11:54+00:00", "2025-05-12T09:21:55+00:00", "2025-05-12T09:31:58+00:00", "2025-05-12T09:44:57+00:00", "2025-05-12T09:54:00+00:00", "2025-05-12T10:04:01+00:00", "2025-05-12T10:14:01+00:00", "2025-05-12T10:24:02+00:00", "2025-05-12T10:34:02+00:00", "2025-05-12T10:43:02+00:00", "2025-05-12T10:53:03+00:00", "2025-05-12T11:03:05+00:00", "2025-05-12T11:13:05+00:00", "2025-05-12T11:23:05+00:00", "2025-05-12T11:33:06+00:00", "2025-05-12T11:43:06+00:00", "2025-05-12T11:53:06+00:00", "2025-05-12T12:04:06+00:00", "2025-05-12T12:14:06+00:00", "2025-05-12T12:24:08+00:00", "2025-05-12T12:34:08+00:00", "2025-05-12T12:45:08+00:00", "2025-05-12T12:54:10+00:00", "2025-05-12T13:04:10+00:00", "2025-05-12T13:14:10+00:00", "2025-05-12T13:24:49+00:00", "2025-05-12T13:34:12+00:00", "2025-05-12T13:46:14+00:00", "2025-05-12T13:56:14+00:00", "2025-05-12T14:06:14+00:00", "2025-05-12T14:16:14+00:00", "2025-05-12T14:26:15+00:00", "2025-05-12T14:37:15+00:00", "2025-05-12T14:47:17+00:00", "2025-05-12T14:57:17+00:00", "2025-05-12T15:07:20+00:00", "2025-05-12T15:17:17+00:00", "2025-05-12T15:27:18+00:00", "2025-05-12T15:37:19+00:00", "2025-05-12T15:47:19+00:00", "2025-05-12T15:57:21+00:00", "2025-05-12T16:07:21+00:00", "2025-05-12T16:17:22+00:00", "2025-05-12T16:27:22+00:00", "2025-05-12T16:37:22+00:00", "2025-05-12T16:47:23+00:00", "2025-05-12T16:57:24+00:00", "2025-05-12T17:07:24+00:00", "2025-05-12T17:17:25+00:00", "2025-05-12T17:27:27+00:00", "2025-05-12T17:37:27+00:00", "2025-05-12T17:47:26+00:00", "2025-05-12T17:57:27+00:00", "2025-05-12T18:07:29+00:00", "2025-05-12T18:17:29+00:00", "2025-05-12T18:27:29+00:00", "2025-05-12T18:37:30+00:00", "2025-05-12T18:47:30+00:00", "2025-05-12T18:57:30+00:00", "2025-05-12T19:07:30+00:00", "2025-05-12T19:17:31+00:00", "2025-05-12T19:27:32+00:00", "2025-05-12T19:37:33+00:00", "2025-05-12T19:47:34+00:00", "2025-05-12T19:57:34+00:00", "2025-05-12T20:07:36+00:00", "2025-05-12T20:18:35+00:00", "2025-05-12T20:28:35+00:00", "2025-05-12T20:39:34+00:00", "2025-05-12T20:50:34+00:00", "2025-05-12T21:01:33+00:00", "2025-05-12T21:11:34+00:00", "2025-05-12T21:21:35+00:00", "2025-05-12T21:32:30+00:00", "2025-05-12T21:42:30+00:00", "2025-05-12T21:52:30+00:00", "2025-05-12T22:02:30+00:00", "2025-05-12T22:12:42+00:00", "2025-05-12T22:22:42+00:00", "2025-05-12T22:33:41+00:00", "2025-05-12T22:44:30+00:00", "2025-05-12T22:55:30+00:00", "2025-05-12T23:04:43+00:00", "2025-05-12T23:15:43+00:00", "2025-05-12T23:25:43+00:00", "2025-05-12T23:35:44+00:00", "2025-05-12T23:45:44+00:00", "2025-05-12T23:54:45+00:00", "2025-05-13T00:05:46+00:00", "2025-05-13T00:15:45+00:00", "2025-05-13T00:24:53+00:00", "2025-05-13T00:36:46+00:00", "2025-05-13T00:46:47+00:00", "2025-05-13T00:56:48+00:00", "2025-05-13T01:06:49+00:00", "2025-05-13T01:17:48+00:00", "2025-05-13T01:27:52+00:00", "2025-05-13T01:37:52+00:00", "2025-05-13T01:47:52+00:00", "2025-05-13T01:57:53+00:00", "2025-05-13T02:08:50+00:00", "2025-05-13T02:18:53+00:00", "2025-05-13T02:29:53+00:00", "2025-05-13T02:40:52+00:00", "2025-05-13T02:52:59+00:00", "2025-05-13T03:03:45+00:00", "2025-05-13T03:13:45+00:00", "2025-05-13T03:23:45+00:00", "2025-05-13T03:33:45+00:00", "2025-05-13T03:43:45+00:00", "2025-05-13T03:53:45+00:00", "2025-05-13T04:03:58+00:00", "2025-05-13T04:14:00+00:00", "2025-05-13T04:27:57+00:00", "2025-05-13T04:38:03+00:00", "2025-05-13T04:48:03+00:00", "2025-05-13T04:58:03+00:00", "2025-05-13T05:09:01+00:00", "2025-05-13T05:19:02+00:00", "2025-05-13T05:29:06+00:00", "2025-05-13T05:40:02+00:00", "2025-05-13T05:52:05+00:00", "2025-05-13T06:02:05+00:00", "2025-05-13T06:13:07+00:00", "2025-05-13T06:24:00+00:00", "2025-05-13T06:34:12+00:00", "2025-05-13T06:45:09+00:00", "2025-05-13T06:57:10+00:00", "2025-05-13T07:09:10+00:00", "2025-05-13T07:20:11+00:00", "2025-05-13T07:31:23+00:00", "2025-05-13T07:44:15+00:00", "2025-05-13T07:54:15+00:00", "2025-05-13T08:04:15+00:00", "2025-05-13T08:14:15+00:00", "2025-05-13T08:24:15+00:00", "2025-05-13T08:34:15+00:00", "2025-05-13T08:44:21+00:00", "2025-05-13T08:54:21+00:00", "2025-05-13T09:04:24+00:00", "2025-05-13T09:14:23+00:00", "2025-05-13T09:24:24+00:00", "2025-05-13T09:34:24+00:00", "2025-05-13T09:46:22+00:00", "2025-05-13T09:59:33+00:00", "2025-05-13T10:10:28+00:00", "2025-05-13T10:21:25+00:00", "2025-05-13T10:31:55+00:00", "2025-05-13T10:41:56+00:00", "2025-05-13T10:51:59+00:00", "2025-05-13T11:02:59+00:00", "2025-05-13T11:13:00+00:00", "2025-05-13T11:23:02+00:00", "2025-05-13T11:35:00+00:00", "2025-05-13T11:45:06+00:00", "2025-05-13T11:56:05+00:00", "2025-05-13T12:07:07+00:00", "2025-05-13T12:17:05+00:00", "2025-05-13T12:28:09+00:00", "2025-05-13T12:38:09+00:00", "2025-05-13T12:48:23+00:00", "2025-05-13T12:59:08+00:00", "2025-05-13T13:09:09+00:00", "2025-05-13T13:19:12+00:00", "2025-05-13T13:30:08+00:00", "2025-05-13T13:41:10+00:00", "2025-05-13T13:53:14+00:00", "2025-05-13T14:05:00+00:00", "2025-05-13T14:15:16+00:00", "2025-05-13T14:27:17+00:00", "2025-05-13T14:38:17+00:00", "2025-05-13T14:48:17+00:00", "2025-05-13T14:59:18+00:00", "2025-05-13T15:09:19+00:00", "2025-05-13T15:19:21+00:00", "2025-05-13T15:29:24+00:00", "2025-05-13T15:40:21+00:00", "2025-05-13T15:50:21+00:00", "2025-05-13T16:00:23+00:00", "2025-05-13T16:10:23+00:00", "2025-05-13T16:20:25+00:00", "2025-05-13T16:31:28+00:00", "2025-05-13T16:42:26+00:00", "2025-05-13T16:54:29+00:00", "2025-05-13T17:05:26+00:00", "2025-05-13T17:15:45+00:00", "2025-05-13T17:25:45+00:00", "2025-05-13T17:35:48+00:00", "2025-05-13T17:46:53+00:00", "2025-05-13T17:59:54+00:00", "2025-05-13T18:10:57+00:00", "2025-05-13T18:21:58+00:00", "2025-05-13T18:33:05+00:00", "2025-05-13T18:44:00+00:00", "2025-05-13T19:03:02+00:00", "2025-05-13T19:19:06+00:00", "2025-05-13T19:33:08+00:00", "2025-05-13T19:47:09+00:00", "2025-05-13T20:02:11+00:00", "2025-05-13T20:17:09+00:00", "2025-05-13T20:32:18+00:00", "2025-05-13T20:47:10+00:00", "2025-05-13T21:03:14+00:00", "2025-05-13T21:18:15+00:00", "2025-05-13T21:33:15+00:00", "2025-05-13T21:49:15+00:00", "2025-05-13T22:06:23+00:00", "2025-05-13T22:23:22+00:00", "2025-05-13T22:38:22+00:00", "2025-05-13T22:55:21+00:00", "2025-05-13T23:12:27+00:00", "2025-05-13T23:27:27+00:00", "2025-05-13T23:44:29+00:00", "2025-05-13T23:59:30+00:00", "2025-05-14T00:14:31+00:00", "2025-05-14T00:27:32+00:00", "2025-05-14T00:41:33+00:00", "2025-05-14T00:56:34+00:00", "2025-05-14T01:11:32+00:00", "2025-05-14T01:25:34+00:00", "2025-05-14T01:40:34+00:00", "2025-05-14T01:56:35+00:00", "2025-05-14T02:09:35+00:00", "2025-05-14T02:23:37+00:00", "2025-05-14T02:36:30+00:00", "2025-05-14T02:48:37+00:00", "2025-05-14T03:02:39+00:00", "2025-05-14T03:16:30+00:00", "2025-05-14T03:29:40+00:00", "2025-05-14T03:43:40+00:00", "2025-05-14T03:57:15+00:00", "2025-05-14T04:10:19+00:00", "2025-05-14T04:24:23+00:00", "2025-05-14T04:37:22+00:00", "2025-05-14T04:51:21+00:00", "2025-05-14T05:05:23+00:00", "2025-05-14T05:19:22+00:00", "2025-05-14T05:33:30+00:00", "2025-05-14T05:47:25+00:00", "2025-05-14T06:01:24+00:00", "2025-05-14T06:16:25+00:00", "2025-05-14T06:31:29+00:00", "2025-05-14T06:47:15+00:00", "2025-05-14T07:02:27+00:00", "2025-05-14T07:17:30+00:00", "2025-05-14T07:33:35+00:00", "2025-05-14T07:47:32+00:00", "2025-05-14T08:01:30+00:00", "2025-05-14T08:15:31+00:00", "2025-05-14T08:29:31+00:00", "2025-05-14T08:43:32+00:00", "2025-05-14T08:57:30+00:00", "2025-05-14T09:07:34+00:00", "2025-05-14T09:20:37+00:00", "2025-05-14T09:31:38+00:00", "2025-05-14T09:43:39+00:00", "2025-05-14T09:54:41+00:00", "2025-05-14T10:06:41+00:00", "2025-05-14T10:18:03+00:00", "2025-05-14T10:30:04+00:00", "2025-05-14T10:43:02+00:00", "2025-05-14T10:55:04+00:00", "2025-05-14T11:06:04+00:00", "2025-05-14T11:16:04+00:00", "2025-05-14T11:27:06+00:00", "2025-05-14T11:39:06+00:00", "2025-05-14T11:51:06+00:00", "2025-05-14T12:02:07+00:00", "2025-05-14T12:13:08+00:00", "2025-05-14T12:24:09+00:00", "2025-05-14T12:36:09+00:00", "2025-05-14T12:47:11+00:00", "2025-05-14T12:58:11+00:00", "2025-05-14T13:09:11+00:00", "2025-05-14T13:22:11+00:00", "2025-05-14T13:34:13+00:00", "2025-05-14T13:45:02+00:00", "2025-05-14T13:58:13+00:00", "2025-05-14T14:08:16+00:00", "2025-05-14T14:19:15+00:00", "2025-05-14T14:31:15+00:00", "2025-05-14T14:42:50+00:00", "2025-05-14T14:54:16+00:00", "2025-05-14T15:06:17+00:00", "2025-05-14T15:17:17+00:00", "2025-05-14T15:28:15+00:00", "2025-05-14T15:38:20+00:00", "2025-05-14T15:49:18+00:00", "2025-05-14T16:01:18+00:00", "2025-05-14T16:12:22+00:00", "2025-05-14T16:24:23+00:00", "2025-05-14T16:36:23+00:00", "2025-05-14T16:48:15+00:00", "2025-05-14T16:58:25+00:00", "2025-05-14T17:09:24+00:00", "2025-05-14T17:21:25+00:00", "2025-05-14T17:32:25+00:00", "2025-05-14T17:43:58+00:00", "2025-05-14T17:55:25+00:00", "2025-05-14T18:06:50+00:00", "2025-05-14T18:18:29+00:00", "2025-05-14T18:29:31+00:00", "2025-05-14T18:41:33+00:00", "2025-05-14T18:52:34+00:00", "2025-05-14T19:03:34+00:00", "2025-05-14T19:14:35+00:00", "2025-05-14T19:26:35+00:00", "2025-05-14T19:37:35+00:00", "2025-05-14T19:48:35+00:00", "2025-05-14T20:00:38+00:00", "2025-05-14T20:13:38+00:00", "2025-05-14T20:24:38+00:00", "2025-05-14T20:36:40+00:00", "2025-05-14T20:48:30+00:00", "2025-05-14T20:58:42+00:00", "2025-05-14T21:09:41+00:00", "2025-05-14T21:21:42+00:00", "2025-05-14T21:34:43+00:00", "2025-05-14T21:46:41+00:00", "2025-05-14T21:57:43+00:00", "2025-05-14T22:07:44+00:00", "2025-05-14T22:17:46+00:00", "2025-05-14T22:28:45+00:00", "2025-05-14T22:39:46+00:00", "2025-05-14T22:52:45+00:00", "2025-05-14T23:03:45+00:00", "2025-05-14T23:13:46+00:00", "2025-05-14T23:24:46+00:00", "2025-05-14T23:35:09+00:00", "2025-05-14T23:47:48+00:00", "2025-05-14T23:57:49+00:00", "2025-05-15T00:07:51+00:00", "2025-05-15T00:17:51+00:00", "2025-05-15T00:28:45+00:00", "2025-05-15T00:38:51+00:00", "2025-05-15T00:48:53+00:00", "2025-05-15T00:58:54+00:00", "2025-05-15T01:11:57+00:00", "2025-05-15T01:22:57+00:00", "2025-05-15T01:33:59+00:00", "2025-05-15T01:44:58+00:00", "2025-05-15T01:55:59+00:00", "2025-05-15T02:07:59+00:00", "2025-05-15T02:18:59+00:00", "2025-05-15T02:30:00+00:00", "2025-05-15T02:42:02+00:00", "2025-05-15T02:54:03+00:00", "2025-05-15T03:04:03+00:00", "2025-05-15T03:15:03+00:00", "2025-05-15T03:26:03+00:00", "2025-05-15T03:36:05+00:00", "2025-05-15T03:46:04+00:00", "2025-05-15T03:58:24+00:00", "2025-05-15T04:09:00+00:00", "2025-05-15T04:20:05+00:00", "2025-05-15T04:30:06+00:00", "2025-05-15T04:42:20+00:00", "2025-05-15T04:53:27+00:00", "2025-05-15T05:04:27+00:00", "2025-05-15T05:16:29+00:00", "2025-05-15T05:29:26+00:00", "2025-05-15T05:41:11+00:00", "2025-05-15T05:53:29+00:00", "2025-05-15T06:07:35+00:00", "2025-05-15T06:19:30+00:00", "2025-05-15T06:29:33+00:00", "2025-05-15T06:42:31+00:00", "2025-05-15T06:53:33+00:00", "2025-05-15T07:05:33+00:00", "2025-05-15T07:19:30+00:00", "2025-05-15T07:30:33+00:00", "2025-05-15T07:42:33+00:00", "2025-05-15T07:54:33+00:00", "2025-05-15T08:07:33+00:00", "2025-05-15T08:20:33+00:00", "2025-05-15T08:33:33+00:00", "2025-05-15T08:46:53+00:00", "2025-05-15T09:00:37+00:00", "2025-05-15T09:15:38+00:00", "2025-05-15T09:29:30+00:00", "2025-05-15T09:42:41+00:00", "2025-05-15T09:57:41+00:00", "2025-05-15T10:10:42+00:00", "2025-05-15T10:24:44+00:00", "2025-05-15T10:38:44+00:00", "2025-05-15T10:51:46+00:00", "2025-05-15T11:06:47+00:00", "2025-05-15T11:19:50+00:00", "2025-05-15T11:33:48+00:00", "2025-05-15T11:46:48+00:00", "2025-05-15T11:59:45+00:00", "2025-05-15T12:11:50+00:00", "2025-05-15T12:24:50+00:00", "2025-05-15T12:37:52+00:00", "2025-05-15T12:50:52+00:00", "2025-05-15T13:02:52+00:00", "2025-05-15T13:15:53+00:00", "2025-05-15T13:28:54+00:00", "2025-05-15T13:41:55+00:00", "2025-05-15T13:54:56+00:00", "2025-05-15T14:09:56+00:00", "2025-05-15T14:22:57+00:00", "2025-05-15T14:38:59+00:00", "2025-05-15T14:53:13+00:00", "2025-05-15T15:07:33+00:00", "2025-05-15T15:21:03+00:00", "2025-05-15T15:36:16+00:00", "2025-05-15T15:50:15+00:00", "2025-05-15T16:03:33+00:00", "2025-05-15T16:18:27+00:00", "2025-05-15T16:33:29+00:00", "2025-05-15T16:50:30+00:00", "2025-05-15T17:05:30+00:00", "2025-05-15T17:20:30+00:00", "2025-05-15T17:34:30+00:00", "2025-05-15T17:48:31+00:00", "2025-05-15T18:01:32+00:00", "2025-05-15T18:16:33+00:00", "2025-05-15T18:31:34+00:00", "2025-05-15T18:46:34+00:00", "2025-05-15T19:00:34+00:00", "2025-05-15T19:14:33+00:00", "2025-05-15T19:28:12+00:00", "2025-05-15T19:42:34+00:00", "2025-05-15T19:56:35+00:00", "2025-05-15T20:10:38+00:00", "2025-05-15T20:25:39+00:00", "2025-05-15T20:40:39+00:00", "2025-05-15T20:55:39+00:00", "2025-05-15T21:09:41+00:00", "2025-05-15T21:23:44+00:00", "2025-05-15T21:38:42+00:00", "2025-05-15T21:51:43+00:00", "2025-05-15T22:06:45+00:00", "2025-05-15T22:20:47+00:00", "2025-05-15T22:34:46+00:00", "2025-05-15T22:48:46+00:00", "2025-05-15T23:02:46+00:00", "2025-05-15T23:17:51+00:00", "2025-05-15T23:30:55+00:00", "2025-05-15T23:44:54+00:00", "2025-05-15T23:59:55+00:00", "2025-05-16T00:12:55+00:00", "2025-05-16T00:26:59+00:00", "2025-05-16T00:42:01+00:00", "2025-05-16T00:56:57+00:00", "2025-05-16T01:10:58+00:00", "2025-05-16T01:22:58+00:00", "2025-05-16T01:36:59+00:00", "2025-05-16T01:51:00+00:00", "2025-05-16T02:04:02+00:00", "2025-05-16T02:19:03+00:00", "2025-05-16T02:32:03+00:00", "2025-05-16T02:46:04+00:00", "2025-05-16T03:01:00+00:00", "2025-05-16T03:15:05+00:00", "2025-05-16T03:30:07+00:00", "2025-05-16T03:45:08+00:00", "2025-05-16T04:01:00+00:00", "2025-05-16T04:15:09+00:00", "2025-05-16T04:30:09+00:00", "2025-05-16T04:44:12+00:00", "2025-05-16T04:59:12+00:00", "2025-05-16T05:13:14+00:00", "2025-05-16T05:27:14+00:00", "2025-05-16T05:39:15+00:00", "2025-05-16T05:49:15+00:00", "2025-05-16T06:00:18+00:00", "2025-05-16T06:12:19+00:00", "2025-05-16T06:29:19+00:00", "2025-05-16T06:46:21+00:00", "2025-05-16T07:01:23+00:00", "2025-05-16T07:20:51+00:00", "2025-05-16T07:34:24+00:00", "2025-05-16T07:49:24+00:00", "2025-05-16T08:02:25+00:00", "2025-05-16T08:18:26+00:00", "2025-05-16T08:33:27+00:00", "2025-05-16T08:48:27+00:00", "2025-05-16T09:03:35+00:00", "2025-05-16T09:19:31+00:00", "2025-05-16T09:32:32+00:00", "2025-05-16T09:46:32+00:00", "2025-05-16T10:00:32+00:00", "2025-05-16T10:14:33+00:00", "2025-05-16T10:28:35+00:00", "2025-05-16T10:42:35+00:00", "2025-05-16T10:57:36+00:00", "2025-05-16T11:11:30+00:00", "2025-05-16T11:24:47+00:00", "2025-05-16T11:37:47+00:00", "2025-05-16T11:50:48+00:00", "2025-05-16T12:03:49+00:00", "2025-05-16T12:16:49+00:00", "2025-05-16T12:28:51+00:00", "2025-05-16T12:41:52+00:00", "2025-05-16T12:55:52+00:00", "2025-05-16T13:09:52+00:00", "2025-05-16T13:22:53+00:00", "2025-05-16T13:36:53+00:00", "2025-05-16T13:50:55+00:00", "2025-05-16T14:02:56+00:00", "2025-05-16T14:16:59+00:00", "2025-05-16T14:29:00+00:00", "2025-05-16T14:39:04+00:00", "2025-05-16T14:49:36+00:00", "2025-05-16T15:01:05+00:00", "2025-05-16T15:14:35+00:00", "2025-05-16T15:30:06+00:00", "2025-05-16T15:44:06+00:00", "2025-05-16T15:57:07+00:00", "2025-05-16T16:09:08+00:00", "2025-05-16T16:21:09+00:00", "2025-05-16T16:32:11+00:00", "2025-05-16T16:43:10+00:00", "2025-05-16T16:55:10+00:00", "2025-05-16T17:08:12+00:00", "2025-05-16T17:21:38+00:00", "2025-05-16T17:35:13+00:00", "2025-05-16T17:49:13+00:00", "2025-05-16T18:03:14+00:00", "2025-05-16T18:18:15+00:00", "2025-05-16T18:32:17+00:00", "2025-05-16T18:46:17+00:00", "2025-05-16T19:00:17+00:00", "2025-05-16T19:13:18+00:00", "2025-05-16T19:28:19+00:00", "2025-05-16T19:42:15+00:00", "2025-05-16T19:55:13+00:00", "2025-05-16T20:09:14+00:00", "2025-05-16T20:23:19+00:00", "2025-05-16T20:37:19+00:00", "2025-05-16T20:50:19+00:00", "2025-05-16T21:04:19+00:00", "2025-05-16T21:19:19+00:00", "2025-05-16T21:33:21+00:00", "2025-05-16T21:46:22+00:00", "2025-05-16T21:59:24+00:00", "2025-05-16T22:13:15+00:00", "2025-05-16T22:26:22+00:00", "2025-05-16T22:43:15+00:00", "2025-05-16T22:56:24+00:00", "2025-05-16T23:10:25+00:00", "2025-05-16T23:23:27+00:00", "2025-05-17T00:13:15+00:00", "2025-05-18T04:29:30+00:00", "2025-05-18T05:20:55+00:00", "2025-05-18T05:45:56+00:00", "2025-05-18T06:00:45+00:00", "2025-05-18T06:10:57+00:00", "2025-05-18T06:25:57+00:00", "2025-05-18T06:40:45+00:00", "2025-05-18T06:51:58+00:00", "2025-05-18T07:04:58+00:00", "2025-05-18T07:17:19+00:00", "2025-05-18T07:30:05+00:00", "2025-05-18T07:41:05+00:00", "2025-05-18T07:52:06+00:00", "2025-05-18T08:04:06+00:00", "2025-05-18T08:16:07+00:00", "2025-05-18T08:30:07+00:00", "2025-05-18T08:41:08+00:00", "2025-05-18T08:52:08+00:00", "2025-05-18T09:04:08+00:00", "2025-05-18T09:16:09+00:00", "2025-05-18T09:27:10+00:00", "2025-05-18T09:39:12+00:00", "2025-05-18T09:51:14+00:00", "2025-05-18T10:05:13+00:00", "2025-05-18T10:17:15+00:00", "2025-05-18T10:30:13+00:00", "2025-05-18T10:42:14+00:00", "2025-05-18T10:55:13+00:00", "2025-05-18T11:07:17+00:00", "2025-05-18T11:21:15+00:00", "2025-05-18T11:34:15+00:00", "2025-05-18T11:47:15+00:00", "2025-05-18T12:01:15+00:00", "2025-05-18T12:15:15+00:00", "2025-05-18T12:27:18+00:00", "2025-05-18T12:41:20+00:00", "2025-05-18T12:56:24+00:00", "2025-05-18T13:07:24+00:00", "2025-05-18T13:20:27+00:00", "2025-05-18T13:32:30+00:00", "2025-05-18T13:46:31+00:00", "2025-05-18T13:59:31+00:00", "2025-05-18T14:11:36+00:00", "2025-05-18T14:25:35+00:00", "2025-05-18T14:37:35+00:00", "2025-05-18T14:50:35+00:00", "2025-05-18T15:02:32+00:00", "2025-05-18T15:16:34+00:00", "2025-05-18T15:28:41+00:00", "2025-05-18T15:41:30+00:00", "2025-05-18T15:52:39+00:00", "2025-05-18T16:07:36+00:00", "2025-05-18T16:20:38+00:00", "2025-05-18T16:33:38+00:00", "2025-05-18T16:47:41+00:00", "2025-05-18T17:00:42+00:00", "2025-05-18T17:13:47+00:00", "2025-05-18T17:26:43+00:00", "2025-05-18T17:40:41+00:00", "2025-05-18T17:55:46+00:00", "2025-05-18T18:15:46+00:00", "2025-05-18T18:36:46+00:00", "2025-05-18T18:59:46+00:00", "2025-05-18T19:12:45+00:00", "2025-05-18T19:25:47+00:00", "2025-05-18T19:36:48+00:00", "2025-05-18T19:47:49+00:00", "2025-05-18T19:59:50+00:00", "2025-05-18T20:10:53+00:00", "2025-05-18T20:37:51+00:00", "2025-05-18T20:51:55+00:00", "2025-05-18T21:07:51+00:00", "2025-05-18T21:20:54+00:00", "2025-05-18T21:32:55+00:00", "2025-05-18T21:45:55+00:00", "2025-05-18T21:57:57+00:00", "2025-05-18T22:10:58+00:00", "2025-05-18T22:22:56+00:00", "2025-05-18T22:35:58+00:00", "2025-05-18T22:49:58+00:00", "2025-05-18T23:02:58+00:00", "2025-05-18T23:19:05+00:00", "2025-05-18T23:32:00+00:00", "2025-05-18T23:49:06+00:00", "2025-05-19T00:07:04+00:00", "2025-05-19T00:23:11+00:00", "2025-05-19T00:42:07+00:00", "2025-05-19T00:59:07+00:00", "2025-05-19T01:13:07+00:00", "2025-05-19T01:28:07+00:00", "2025-05-19T01:43:05+00:00", "2025-05-19T01:56:08+00:00", "2025-05-19T02:11:09+00:00", "2025-05-19T02:26:09+00:00", "2025-05-19T02:41:09+00:00", "2025-05-19T02:55:11+00:00", "2025-05-19T03:11:10+00:00", "2025-05-19T03:24:15+00:00", "2025-05-19T03:38:14+00:00", "2025-05-19T03:52:15+00:00", "2025-05-19T04:05:16+00:00", "2025-05-19T04:19:15+00:00", "2025-05-19T04:32:19+00:00", "2025-05-19T04:45:23+00:00", "2025-05-19T05:01:23+00:00", "2025-05-19T05:14:19+00:00", "2025-05-19T05:28:21+00:00", "2025-05-19T05:42:23+00:00", "2025-05-19T05:55:23+00:00", "2025-05-19T06:08:23+00:00", "2025-05-19T06:22:24+00:00", "2025-05-19T06:35:29+00:00", "2025-05-19T06:50:19+00:00", "2025-05-19T07:05:23+00:00", "2025-05-19T07:19:23+00:00", "2025-05-19T07:33:24+00:00", "2025-05-19T07:47:25+00:00", "2025-05-19T08:04:25+00:00", "2025-05-19T08:18:27+00:00", "2025-05-19T08:32:27+00:00", "2025-05-19T08:45:28+00:00", "2025-05-19T08:59:28+00:00", "2025-05-19T09:13:30+00:00", "2025-05-19T09:26:30+00:00", "2025-05-19T09:40:31+00:00", "2025-05-19T09:53:32+00:00", "2025-05-19T10:07:33+00:00", "2025-05-19T10:22:31+00:00", "2025-05-19T10:35:32+00:00", "2025-05-19T10:50:32+00:00", "2025-05-19T11:03:35+00:00", "2025-05-19T11:18:34+00:00", "2025-05-19T11:33:35+00:00", "2025-05-19T11:46:36+00:00", "2025-05-19T12:00:37+00:00", "2025-05-19T12:13:39+00:00", "2025-05-19T12:27:37+00:00", "2025-05-19T12:41:38+00:00", "2025-05-19T12:54:43+00:00", "2025-05-19T13:08:27+00:00", "2025-05-19T13:22:40+00:00", "2025-05-19T13:35:41+00:00", "2025-05-19T13:50:33+00:00", "2025-05-19T14:03:45+00:00", "2025-05-19T14:17:44+00:00", "2025-05-19T14:31:45+00:00", "2025-05-19T14:44:45+00:00", "2025-05-19T14:58:45+00:00", "2025-05-19T15:12:46+00:00", "2025-05-19T15:25:46+00:00", "2025-05-19T15:39:45+00:00", "2025-05-19T15:53:45+00:00", "2025-05-19T16:06:48+00:00", "2025-05-19T16:20:50+00:00", "2025-05-19T16:33:45+00:00", "2025-05-19T16:45:51+00:00", "2025-05-19T16:58:52+00:00", "2025-05-19T17:10:55+00:00", "2025-05-19T17:23:54+00:00", "2025-05-19T17:37:53+00:00", "2025-05-19T17:51:53+00:00", "2025-05-19T18:04:15+00:00", "2025-05-19T18:17:42+00:00", "2025-05-19T18:34:15+00:00", "2025-05-19T18:51:22+00:00", "2025-05-19T19:07:11+00:00", "2025-05-19T19:23:11+00:00", "2025-05-19T19:38:16+00:00", "2025-05-19T19:55:16+00:00", "2025-05-19T20:12:16+00:00", "2025-05-19T20:29:16+00:00", "2025-05-19T20:44:31+00:00", "2025-05-19T21:01:16+00:00", "2025-05-19T21:16:16+00:00", "2025-05-19T21:34:16+00:00", "2025-05-19T21:50:16+00:00", "2025-05-19T22:08:16+00:00", "2025-05-19T22:25:16+00:00", "2025-05-19T22:44:16+00:00", "2025-05-19T23:00:16+00:00", "2025-05-19T23:16:16+00:00", "2025-05-19T23:34:45+00:00", "2025-05-19T23:53:30+00:00", "2025-05-20T00:11:31+00:00", "2025-05-20T00:29:31+00:00", "2025-05-20T00:47:47+00:00", "2025-05-20T01:06:50+00:00", "2025-05-20T01:27:50+00:00", "2025-05-20T01:49:55+00:00", "2025-05-20T02:13:00+00:00", "2025-05-20T02:27:00+00:00", "2025-05-20T02:42:01+00:00", "2025-05-20T02:55:07+00:00", "2025-05-20T03:10:05+00:00", "2025-05-20T03:24:05+00:00", "2025-05-20T03:37:05+00:00", "2025-05-20T03:51:10+00:00", "2025-05-20T04:05:11+00:00", "2025-05-20T04:20:15+00:00", "2025-05-20T04:34:15+00:00", "2025-05-20T04:49:16+00:00", "2025-05-20T05:03:16+00:00", "2025-05-20T05:18:16+00:00", "2025-05-20T05:31:16+00:00", "2025-05-20T05:45:15+00:00", "2025-05-20T05:58:25+00:00", "2025-05-20T06:12:25+00:00", "2025-05-20T06:25:26+00:00", "2025-05-20T06:38:26+00:00", "2025-05-20T06:51:26+00:00", "2025-05-20T07:05:29+00:00", "2025-05-20T07:17:29+00:00", "2025-05-20T07:31:30+00:00", "2025-05-20T07:45:30+00:00", "2025-05-20T07:58:30+00:00", "2025-05-20T08:12:35+00:00", "2025-05-20T08:25:36+00:00", "2025-05-20T08:39:35+00:00", "2025-05-20T08:53:45+00:00", "2025-05-20T09:06:45+00:00", "2025-05-20T09:20:45+00:00", "2025-05-20T09:34:45+00:00", "2025-05-20T09:46:45+00:00", "2025-05-20T09:59:45+00:00", "2025-05-20T10:13:45+00:00", "2025-05-20T10:26:48+00:00", "2025-05-20T10:40:48+00:00", "2025-05-20T10:54:48+00:00", "2025-05-20T11:08:51+00:00", "2025-05-20T11:22:51+00:00", "2025-05-20T11:35:54+00:00", "2025-05-20T11:49:51+00:00", "2025-05-20T12:04:55+00:00", "2025-05-20T12:17:55+00:00", "2025-05-20T12:31:55+00:00", "2025-05-20T12:46:10+00:00", "2025-05-20T13:00:10+00:00", "2025-05-20T13:14:10+00:00", "2025-05-20T13:27:10+00:00", "2025-05-20T13:41:10+00:00", "2025-05-20T13:56:10+00:00", "2025-05-20T14:11:10+00:00", "2025-05-20T14:26:10+00:00", "2025-05-20T14:41:17+00:00", "2025-05-20T14:56:15+00:00", "2025-05-20T15:11:21+00:00", "2025-05-20T15:26:21+00:00", "2025-05-20T15:44:21+00:00", "2025-05-20T15:59:00+00:00", "2025-05-20T16:16:15+00:00", "2025-05-20T16:33:00+00:00", "2025-05-20T16:49:00+00:00", "2025-05-20T17:06:00+00:00", "2025-05-20T17:22:00+00:00", "2025-05-20T17:39:00+00:00", "2025-05-20T17:59:25+00:00", "2025-05-20T18:15:25+00:00", "2025-05-20T18:26:30+00:00", "2025-05-20T18:37:26+00:00", "2025-05-20T18:50:29+00:00", "2025-05-20T19:02:29+00:00", "2025-05-20T19:13:29+00:00", "2025-05-20T19:25:30+00:00", "2025-05-20T19:36:45+00:00", "2025-05-20T19:47:30+00:00", "2025-05-20T19:58:30+00:00", "2025-05-20T20:11:30+00:00", "2025-05-20T20:22:30+00:00", "2025-05-20T20:33:30+00:00", "2025-05-20T20:45:30+00:00", "2025-05-20T20:56:45+00:00", "2025-05-20T21:08:35+00:00", "2025-05-20T21:21:35+00:00", "2025-05-20T21:33:48+00:00", "2025-05-20T21:46:48+00:00", "2025-05-20T21:57:48+00:00", "2025-05-20T22:09:48+00:00", "2025-05-20T22:21:48+00:00", "2025-05-20T22:33:48+00:00", "2025-05-20T22:45:48+00:00", "2025-05-20T22:56:48+00:00", "2025-05-20T23:07:06+00:00", "2025-05-20T23:17:48+00:00", "2025-05-20T23:29:49+00:00", "2025-05-20T23:41:50+00:00", "2025-05-20T23:52:50+00:00", "2025-05-21T00:04:50+00:00", "2025-05-21T00:16:50+00:00", "2025-05-21T00:27:11+00:00", "2025-05-21T00:38:50+00:00", "2025-05-21T00:51:50+00:00", "2025-05-21T01:02:50+00:00", "2025-05-21T01:13:50+00:00", "2025-05-21T01:24:50+00:00", "2025-05-21T01:35:59+00:00", "2025-05-21T01:46:59+00:00", "2025-05-21T01:56:59+00:00", "2025-05-21T02:07:00+00:00", "2025-05-21T02:17:15+00:00", "2025-05-21T02:27:20+00:00", "2025-05-21T02:37:15+00:00", "2025-05-21T02:48:00+00:00", "2025-05-21T03:00:00+00:00", "2025-05-21T03:11:00+00:00", "2025-05-21T03:21:00+00:00", "2025-05-21T03:32:00+00:00", "2025-05-21T03:43:00+00:00", "2025-05-21T03:56:00+00:00", "2025-05-21T04:07:30+00:00", "2025-05-21T04:18:22+00:00", "2025-05-21T04:31:33+00:00", "2025-05-21T04:44:37+00:00", "2025-05-21T04:56:37+00:00", "2025-05-21T05:07:46+00:00", "2025-05-21T05:20:37+00:00", "2025-05-21T05:34:37+00:00", "2025-05-21T05:47:52+00:00", "2025-05-21T06:01:38+00:00", "2025-05-21T06:14:38+00:00", "2025-05-21T06:27:54+00:00", "2025-05-21T06:41:38+00:00", "2025-05-21T06:55:38+00:00", "2025-05-21T07:08:38+00:00", "2025-05-21T07:22:38+00:00", "2025-05-21T07:36:38+00:00", "2025-05-21T07:49:38+00:00", "2025-05-21T08:03:40+00:00", "2025-05-21T08:18:00+00:00", "2025-05-21T08:31:40+00:00", "2025-05-21T08:45:40+00:00", "2025-05-21T08:58:40+00:00", "2025-05-21T09:12:40+00:00", "2025-05-21T09:26:40+00:00", "2025-05-21T09:39:41+00:00", "2025-05-21T09:53:41+00:00", "2025-05-21T10:07:42+00:00", "2025-05-21T10:20:42+00:00", "2025-05-21T10:34:42+00:00", "2025-05-21T10:48:19+00:00", "2025-05-21T11:01:43+00:00", "2025-05-21T11:15:43+00:00", "2025-05-21T11:28:43+00:00", "2025-05-21T11:42:43+00:00", "2025-05-21T11:56:43+00:00", "2025-05-21T12:09:43+00:00", "2025-05-21T12:23:43+00:00", "2025-05-21T12:37:43+00:00", "2025-05-21T12:50:43+00:00", "2025-05-21T13:04:43+00:00", "2025-05-21T13:18:32+00:00", "2025-05-21T13:33:43+00:00", "2025-05-21T13:48:30+00:00", "2025-05-21T14:02:43+00:00", "2025-05-21T14:18:30+00:00", "2025-05-21T14:31:43+00:00", "2025-05-21T14:45:44+00:00", "2025-05-21T14:59:40+00:00", "2025-05-21T15:14:48+00:00", "2025-05-21T15:29:30+00:00", "2025-05-21T15:42:48+00:00", "2025-05-21T15:57:48+00:00", "2025-05-21T16:12:51+00:00", "2025-05-21T16:27:51+00:00", "2025-05-21T16:41:51+00:00", "2025-05-21T16:56:55+00:00", "2025-05-21T17:10:55+00:00", "2025-05-21T17:26:56+00:00", "2025-05-21T17:42:05+00:00", "2025-05-21T17:56:05+00:00", "2025-05-21T18:09:50+00:00", "2025-05-21T18:23:05+00:00", "2025-05-21T18:37:05+00:00", "2025-05-21T18:50:05+00:00", "2025-05-21T19:04:05+00:00", "2025-05-21T19:18:05+00:00", "2025-05-21T19:31:09+00:00", "2025-05-21T19:45:09+00:00", "2025-05-21T19:59:10+00:00", "2025-05-21T20:12:10+00:00", "2025-05-21T20:25:10+00:00", "2025-05-21T20:39:11+00:00", "2025-05-21T20:52:11+00:00", "2025-05-21T21:06:58+00:00", "2025-05-21T21:20:58+00:00", "2025-05-21T21:35:03+00:00", "2025-05-21T21:49:03+00:00", "2025-05-21T22:02:13+00:00", "2025-05-21T22:15:15+00:00", "2025-05-21T22:29:16+00:00", "2025-05-21T22:42:16+00:00", "2025-05-21T22:56:17+00:00", "2025-05-21T23:10:15+00:00", "2025-05-21T23:23:20+00:00", "2025-05-21T23:37:21+00:00", "2025-05-21T23:50:15+00:00", "2025-05-22T00:04:21+00:00", "2025-05-22T00:17:23+00:00", "2025-05-22T00:31:24+00:00", "2025-05-22T00:45:25+00:00", "2025-05-22T00:59:25+00:00", "2025-05-22T01:13:26+00:00", "2025-05-22T01:27:26+00:00", "2025-05-22T01:40:28+00:00", "2025-05-22T01:54:26+00:00", "2025-05-22T02:08:35+00:00", "2025-05-22T02:22:28+00:00", "2025-05-22T02:36:31+00:00", "2025-05-22T02:50:32+00:00", "2025-05-22T03:05:30+00:00", "2025-05-22T03:20:48+00:00", "2025-05-22T03:35:33+00:00", "2025-05-22T03:49:33+00:00", "2025-05-22T04:02:34+00:00", "2025-05-22T04:16:41+00:00", "2025-05-22T04:30:41+00:00", "2025-05-22T04:45:41+00:00", "2025-05-22T05:00:43+00:00", "2025-05-22T05:18:41+00:00", "2025-05-22T05:31:45+00:00", "2025-05-22T05:47:44+00:00", "2025-05-22T06:00:46+00:00", "2025-05-22T06:17:46+00:00", "2025-05-22T06:33:53+00:00", "2025-05-22T06:48:46+00:00", "2025-05-22T07:01:48+00:00", "2025-05-22T07:18:48+00:00", "2025-05-22T07:34:49+00:00", "2025-05-22T07:59:51+00:00", "2025-05-22T08:19:51+00:00", "2025-05-22T08:37:53+00:00", "2025-05-22T08:51:53+00:00", "2025-05-22T09:07:54+00:00", "2025-05-22T09:20:45+00:00", "2025-05-22T09:32:54+00:00", "2025-05-22T09:47:54+00:00", "2025-05-22T10:00:56+00:00", "2025-05-22T10:14:55+00:00", "2025-05-22T10:28:56+00:00", "2025-05-22T10:41:56+00:00", "2025-05-22T10:57:28+00:00", "2025-05-22T11:11:57+00:00", "2025-05-22T11:25:58+00:00", "2025-05-22T11:39:58+00:00", "2025-05-22T11:52:26+00:00", "2025-05-22T12:06:00+00:00", "2025-05-22T12:18:32+00:00", "2025-05-22T12:31:30+00:00", "2025-05-22T12:43:36+00:00", "2025-05-22T12:55:38+00:00", "2025-05-22T13:08:38+00:00", "2025-05-22T13:21:45+00:00", "2025-05-22T13:34:44+00:00", "2025-05-22T13:47:46+00:00", "2025-05-22T13:59:54+00:00", "2025-05-22T14:11:45+00:00", "2025-05-22T14:21:57+00:00", "2025-05-22T14:32:57+00:00", "2025-05-22T14:44:57+00:00", "2025-05-22T14:55:58+00:00", "2025-05-22T15:06:58+00:00", "2025-05-22T15:17:59+00:00", "2025-05-22T15:29:59+00:00", "2025-05-22T15:41:00+00:00", "2025-05-22T15:52:00+00:00", "2025-05-22T16:03:00+00:00", "2025-05-22T16:15:01+00:00", "2025-05-22T16:27:02+00:00", "2025-05-22T16:38:02+00:00", "2025-05-22T16:50:03+00:00", "2025-05-22T17:02:00+00:00", "2025-05-22T17:12:07+00:00", "2025-05-22T17:22:07+00:00", "2025-05-22T17:32:07+00:00", "2025-05-22T17:43:07+00:00", "2025-05-22T17:55:07+00:00", "2025-05-22T18:06:08+00:00", "2025-05-22T18:17:09+00:00", "2025-05-22T18:29:10+00:00", "2025-05-22T18:42:00+00:00", "2025-05-22T18:52:13+00:00", "2025-05-22T19:04:17+00:00", "2025-05-22T19:19:17+00:00", "2025-05-22T19:32:15+00:00", "2025-05-22T19:42:18+00:00", "2025-05-22T19:54:16+00:00", "2025-05-22T20:06:18+00:00", "2025-05-22T20:17:19+00:00", "2025-05-22T20:28:21+00:00", "2025-05-22T20:40:21+00:00", "2025-05-22T20:52:15+00:00", "2025-05-22T21:02:21+00:00", "2025-05-22T21:13:22+00:00", "2025-05-22T21:25:22+00:00", "2025-05-22T21:36:25+00:00", "2025-05-22T21:47:25+00:00", "2025-05-22T21:58:11+00:00", "2025-05-22T22:08:27+00:00", "2025-05-22T22:18:27+00:00", "2025-05-22T22:29:27+00:00", "2025-05-22T22:40:32+00:00", "2025-05-22T22:52:28+00:00", "2025-05-22T23:05:28+00:00", "2025-05-22T23:17:30+00:00", "2025-05-22T23:27:35+00:00", "2025-05-22T23:38:32+00:00", "2025-05-22T23:49:36+00:00", "2025-05-23T00:00:36+00:00", "2025-05-23T00:11:17+00:00", "2025-05-23T00:21:34+00:00", "2025-05-23T00:32:41+00:00", "2025-05-23T00:42:41+00:00", "2025-05-23T00:52:41+00:00", "2025-05-23T01:02:42+00:00", "2025-05-23T01:13:40+00:00", "2025-05-23T01:23:42+00:00", "2025-05-23T01:33:42+00:00", "2025-05-23T01:44:44+00:00", "2025-05-23T01:53:44+00:00", "2025-05-23T02:04:45+00:00", "2025-05-23T02:14:45+00:00", "2025-05-23T02:26:47+00:00", "2025-05-23T02:37:46+00:00", "2025-05-23T02:48:45+00:00", "2025-05-23T02:59:47+00:00", "2025-05-23T03:11:51+00:00", "2025-05-23T03:22:51+00:00", "2025-05-23T03:34:53+00:00", "2025-05-23T03:46:54+00:00", "2025-05-23T03:56:55+00:00", "2025-05-23T04:06:55+00:00", "2025-05-23T04:16:57+00:00", "2025-05-23T04:26:58+00:00", "2025-05-23T04:37:57+00:00", "2025-05-23T04:48:49+00:00", "2025-05-23T04:59:04+00:00", "2025-05-23T05:10:03+00:00", "2025-05-23T05:21:05+00:00", "2025-05-23T05:33:00+00:00", "2025-05-23T05:43:11+00:00", "2025-05-23T05:55:13+00:00", "2025-05-23T06:07:15+00:00", "2025-05-23T06:18:18+00:00", "2025-05-23T06:30:15+00:00", "2025-05-23T06:42:15+00:00", "2025-05-23T06:53:14+00:00", "2025-05-23T07:03:17+00:00", "2025-05-23T07:13:20+00:00", "2025-05-23T07:24:18+00:00", "2025-05-23T07:36:20+00:00", "2025-05-23T07:47:21+00:00", "2025-05-23T07:58:21+00:00", "2025-05-23T08:10:25+00:00", "2025-05-23T08:23:15+00:00", "2025-05-23T08:33:26+00:00", "2025-05-23T08:45:24+00:00", "2025-05-23T08:57:25+00:00", "2025-05-23T09:09:26+00:00", "2025-05-23T09:20:27+00:00", "2025-05-23T09:33:15+00:00", "2025-05-23T09:43:29+00:00", "2025-05-23T09:56:28+00:00", "2025-05-23T10:08:29+00:00", "2025-05-23T10:20:29+00:00", "2025-05-23T10:32:29+00:00", "2025-05-23T10:43:32+00:00", "2025-05-23T10:56:31+00:00", "2025-05-23T11:08:32+00:00", "2025-05-23T11:19:35+00:00", "2025-05-23T11:32:35+00:00", "2025-05-23T11:44:35+00:00", "2025-05-23T11:56:33+00:00", "2025-05-23T12:10:32+00:00", "2025-05-23T12:22:37+00:00", "2025-05-23T12:34:37+00:00", "2025-05-23T12:48:39+00:00", "2025-05-23T13:00:42+00:00", "2025-05-23T13:13:13+00:00", "2025-05-23T13:24:43+00:00", "2025-05-23T13:37:44+00:00", "2025-05-23T13:51:46+00:00", "2025-05-23T14:05:41+00:00", "2025-05-23T14:18:49+00:00", "2025-05-23T14:32:39+00:00", "2025-05-23T14:43:48+00:00", "2025-05-23T14:58:45+00:00", "2025-05-23T15:11:45+00:00", "2025-05-23T15:23:45+00:00", "2025-05-23T15:34:48+00:00", "2025-05-23T15:47:49+00:00", "2025-05-23T16:01:50+00:00", "2025-05-23T16:14:53+00:00", "2025-05-23T16:31:51+00:00", "2025-05-23T16:46:52+00:00", "2025-05-23T17:01:53+00:00", "2025-05-23T17:16:58+00:00", "2025-05-23T17:31:00+00:00", "2025-05-23T17:44:01+00:00", "2025-05-23T17:59:02+00:00", "2025-05-23T18:12:04+00:00", "2025-05-23T18:26:05+00:00", "2025-05-23T18:40:04+00:00", "2025-05-23T18:54:07+00:00", "2025-05-23T19:09:06+00:00", "2025-05-23T19:24:00+00:00", "2025-05-23T19:38:07+00:00", "2025-05-23T19:53:07+00:00", "2025-05-23T20:06:11+00:00", "2025-05-23T20:22:42+00:00", "2025-05-23T20:34:00+00:00", "2025-05-23T20:46:10+00:00", "2025-05-23T20:59:12+00:00", "2025-05-23T21:11:12+00:00", "2025-05-23T21:23:14+00:00", "2025-05-23T21:33:17+00:00", "2025-05-23T21:43:17+00:00", "2025-05-23T21:53:17+00:00", "2025-05-23T22:04:15+00:00", "2025-05-23T22:14:21+00:00", "2025-05-23T22:26:19+00:00", "2025-05-23T22:38:20+00:00", "2025-05-23T22:49:22+00:00", "2025-05-23T23:00:22+00:00", "2025-05-23T23:12:23+00:00", "2025-05-23T23:24:23+00:00", "2025-05-23T23:34:26+00:00", "2025-05-23T23:44:26+00:00", "2025-05-23T23:54:27+00:00", "2025-05-24T00:05:26+00:00", "2025-05-24T00:17:26+00:00", "2025-05-24T00:28:27+00:00", "2025-05-24T00:40:43+00:00", "2025-05-24T00:53:27+00:00", "2025-05-24T01:05:27+00:00", "2025-05-24T01:19:27+00:00", "2025-05-24T01:32:28+00:00", "2025-05-24T01:44:30+00:00", "2025-05-24T01:56:30+00:00", "2025-05-24T02:09:32+00:00", "2025-05-24T02:21:32+00:00", "2025-05-24T02:34:34+00:00", "2025-05-24T02:48:33+00:00", "2025-05-24T03:01:33+00:00", "2025-05-24T03:14:36+00:00", "2025-05-24T03:29:34+00:00", "2025-05-24T03:42:36+00:00", "2025-05-24T03:54:37+00:00", "2025-05-24T04:09:38+00:00", "2025-05-24T04:20:39+00:00", "2025-05-24T04:32:39+00:00", "2025-05-24T04:44:30+00:00", "2025-05-24T05:04:45+00:00", "2025-05-24T05:54:45+00:00", "2025-05-24T06:44:45+00:00", "2025-05-24T07:34:45+00:00", "2025-05-24T08:24:45+00:00", "2025-05-24T09:15:00+00:00", "2025-05-24T10:05:00+00:00", "2025-05-24T10:55:00+00:00", "2025-05-24T11:45:00+00:00", "2025-05-24T12:35:15+00:00", "2025-05-24T13:25:15+00:00", "2025-05-24T14:16:15+00:00", "2025-05-24T15:06:30+00:00", "2025-05-24T15:56:30+00:00", "2025-05-24T16:46:30+00:00", "2025-05-24T17:36:45+00:00", "2025-05-24T18:26:45+00:00", "2025-05-24T19:16:45+00:00", "2025-05-24T20:07:45+00:00", "2025-05-24T20:57:45+00:00", "2025-05-24T21:47:45+00:00", "2025-05-24T22:38:00+00:00", "2025-05-24T23:28:00+00:00", "2025-05-25T00:18:00+00:00", "2025-05-25T01:08:00+00:00", "2025-05-25T01:58:15+00:00", "2025-05-25T02:48:15+00:00", "2025-05-25T03:38:15+00:00", "2025-05-25T04:28:15+00:00", "2025-05-25T05:18:15+00:00", "2025-05-25T06:08:30+00:00", "2025-05-25T06:58:30+00:00", "2025-05-25T07:48:30+00:00", "2025-05-25T08:38:30+00:00", "2025-05-25T09:28:30+00:00", "2025-05-25T10:18:45+00:00", "2025-05-25T11:08:45+00:00", "2025-05-25T11:58:45+00:00", "2025-05-25T12:48:45+00:00", "2025-05-25T13:39:00+00:00", "2025-05-25T14:29:00+00:00", "2025-05-25T15:19:15+00:00", "2025-05-25T16:09:15+00:00", "2025-05-25T16:59:15+00:00", "2025-05-25T17:49:15+00:00", "2025-05-25T18:39:15+00:00", "2025-05-25T19:30:15+00:00", "2025-05-25T20:20:15+00:00", "2025-05-25T21:10:30+00:00", "2025-05-25T22:00:45+00:00", "2025-05-25T22:50:45+00:00", "2025-05-25T23:40:45+00:00", "2025-05-26T00:30:45+00:00", "2025-05-26T01:20:45+00:00", "2025-05-26T02:10:45+00:00", "2025-05-26T03:01:00+00:00", "2025-05-26T03:51:00+00:00", "2025-05-26T04:41:15+00:00", "2025-05-26T05:31:15+00:00", "2025-05-26T06:21:15+00:00", "2025-05-26T07:11:15+00:00", "2025-05-26T08:01:30+00:00", "2025-05-26T08:51:30+00:00", "2025-05-26T09:41:30+00:00", "2025-05-26T10:31:30+00:00", "2025-05-26T11:21:30+00:00", "2025-05-26T12:11:45+00:00", "2025-05-26T13:01:45+00:00", "2025-05-26T13:51:45+00:00", "2025-05-26T14:41:45+00:00", "2025-05-26T15:31:45+00:00", "2025-05-26T16:31:45+00:00", "2025-05-26T17:22:00+00:00", "2025-05-26T18:12:00+00:00", "2025-05-26T19:02:00+00:00", "2025-05-26T19:52:00+00:00", "2025-05-26T20:42:00+00:00", "2025-05-26T20:52:00+00:00"], "elevations": [12.5, 8.9, 8.3, 8.0, 10.0, 14.0, 12.0, 11.5, 12.1, 9.0, 10.0, 11.0, 13.7, 10.0, 10.8, 10.9, 10.0, 9.7, 9.0, 10.0, 7.0, 7.0, 8.0, 8.0, 8.5, 10.5, 12.0, 8.0, 8.0, 9.0, 8.0, 5.5, 9.0, 9.0, 9.0, 10.5, 8.5, 8.0, 7.0, 11.0, 12.0, 11.0, 12.0, 12.5, 7.5, 7.0, 9.0, 9.0, 10.0, 10.5, 10.3, 11.2, 12.0, 12.7, 13.0, 10.7, 11.7, 14.0, 12.0, 12.0, 12.1, 12.3, 15.0, 15.5, 13.0, 11.2, 9.7, 9.0, 11.8, 13.0, 12.3, 11.5, 9.0, 14.2, 12.2, 12.0, 8.5, 8.3, 11.0, 6.1, 11.1, 12.3, 12.5, 13.0, 14.2, 13.3, 12.0, 11.1, 13.0, 12.1, 10.0, 10.7, 11.7, 11.7, 6.9, 9.7, 8.8, 8.0, 7.0, 7.0, 11.3, 8.7, 9.0, 10.9, 7.0, 15.9, 8.0, 6.8, 7.0, 10.2, 9.3, 8.3, 7.2, 9.7, 7.5, 16.2, 10.7, 6.8, 4.3, 10.3, 11.5, 10.9, 14.3, 12.9, 13.5, 8.0, 5.1, 5.3, 8.0, 8.3, 10.3, 10.2, 8.0, 8.3, 8.5, 6.7, 8.0, 8.3, 5.1, 4.0, 4.0, 4.8, 4.8, 5.1, 2.8, 1.0, 6.0, 4.5, 6.7, 7.0, 6.3, 4.5, 7.0, 6.5, 14.0, 10.3, 3.5, 6.3, 4.0, -1.3, 0.1, 3.3, 5.6, 6.7, 2.8, 6.7, 6.3, 7.3, 7.0, 6.3, 7.8, 7.7, 6.5, 7.3, 8.1, 4.7, 4.1, 6.0, 6.5, 4.0, 4.2, 6.2, 5.0, 6.8, 3.7, 7.6, 2.8, 8.5, 6.5, 3.2, 0.8, 3.3, 6.3, 5.5, 4.8, 3.2, 4.5, 5.0, 8.2, 4.3, 3.9, 2.1, 1.2, null, 3.4, 6.3, 3.1, 4.7, 2.7, 4.1, 4.9, 3.9, 2.6, 2.2, 2.9, 5.4, 4.3, 3.7, 2.6, 1.0, 1.8, 4.7, 1.8, -1.0, -0.5, 5.2, 0.2, 1.4, 0.4, 2.6, 0.5, 1.3, 0.0, 2.3, 0.2, 1.0, 1.7, 0.4, 0.5, 2.8, 2.4, 1.6, 0.1, 0.4, 0.2, 0.6, 0.9, 4.0, 3.2, 2.0, 1.5, 3.4, 1.9, 1.1, 2.6, 4.1, 3.7, 0.8, 0.8, 4.7, 3.4, 3.6, 5.8, 5.2, 3.2, 0.8, 2.3, 1.1, 4.0, 5.3, 8.9, 8.7, 6.1, 6.8, 6.0, 4.3, 2.8, -1.7, 2.3, 2.8, 3.0, 5.0, 4.3, 2.1, -1.0, 2.7, 3.3, 3.1, 0.1, 1.3, -0.5, 1.7, -3.2, 4.7, 2.0, 4.7, 3.0, 5.3, 2.7, 0.0, 0.7, 2.1, 4.8, 2.3, 1.7, 4.0, 3.7, 5.0, 3.7, 0.3, 0.0, 1.2, -2.0, -0.7, 0.8, 3.5, 3.0, 3.0, 1.6, 2.3, 2.3, 3.6, 1.0, 1.7, 3.0, 0.0, -0.6, 1.3, 0.0, 2.8, -1.8, -1.5, 0.0, 0.3, 0.1, -1.2, -0.7, -5.5, 0.5, 0.0, -0.2, 0.7, 0.9, 0.0, -1.3, -1.2, 1.7, 0.3, -3.2, -2.0, 0.0, 1.7, -3.1, -6.0, 0.0, 0.0, -3.7, -0.7, -2.0, -2.7, 1.2, -1.7, 3.2, -0.2, 0.7, 2.0, 0.6, 5.7, 0.0, 0.1, 1.3, 0.0, -0.2, -5.0, -2.7, -4.9, -3.0, -1.0, 0.3, -0.2, 1.0, 6.0, 2.3, -2.2, 2.0, -0.5, -2.3, 1.1, -4.0, 0.0, -0.3, 2.1, 0.0, 0.0, -4.0, -2.6, -2.0, -1.5, 0.0, 2.8, -1.0, -3.0, -3.3, 0.1, -3.0, -2.5, -1.7, -8.3, -1.2, -2.0, -4.0, -4.3, -3.7, -1.0, 0.3, -1.2, 0.0, 2.0, 2.5, -2.0, -4.5, -2.8, -5.0, -0.3, -2.7, 0.1, -0.4, 6.0, -2.3, -5.0, -1.0, -1.0, 3.0, -0.6, -1.4, -0.7, 0.0, 0.0, 1.0, 1.7, 0.6, -0.5, 1.5, -0.3, 0.0, 0.0, 0.0, 1.5, 1.4, -3.7, -0.5, -0.7, -0.9, -0.7, 0.0, -3.0, -1.6, -1.0, -2.0, -2.0, -0.7, 5.0, -1.2, -1.7, 0.0, 0.7, -5.0, -3.2, -4.8, -3.5, -2.0, -2.9, 0.6, 0.0, 0.3, 2.7, -0.3, 0.0, 5.7, 0.0, -0.9, 3.0, 0.3, -1.2, -1.0, -0.3, -1.9, -0.3, -0.3, 4.5, -2.8, -3.5, -1.7, 0.8, 0.2, 4.0, 2.3, 3.1, 3.0, -1.0, 3.5, 0.8, 1.5, 1.7, -5.9, 1.0, 0.5, 1.7, 0.4, 0.8, 2.3, 0.5, -0.3, -0.6, 0.5, 0.0, -0.3, -3.0, 2.0, 6.6, 0.3, -0.3, -0.7, 0.3, 4.0, 2.0, 1.0, 2.0, 1.5, 0.0, 0.8, 2.1, 2.8, 12.5, 6.5, 9.8, 5.0, 2.5, 3.0, 2.3, 3.0, 2.8, 3.5, 1.8, 1.1, 3.1, 5.8, 2.8, 2.4, 2.6, 0.8, 1.6, 7.9, 3.8, 4.3, 8.0, 4.5, 4.3, 2.0, 2.8, 3.7, 3.0, 3.0, 3.0, 3.0, 6.5, 4.8, 2.8, 5.0, 8.5, 4.0, 2.0, 5.0, 4.8, 3.3, 4.5, 6.0, 4.5, 3.7, 5.0, 3.8, 2.8, 4.0, 5.0, 5.0, 3.3, 3.7, 4.0, 4.0, 3.4, 3.6, 0.7, 0.5, 1.5, 4.3, 0.7, 7.0, 10.0, 12.2, 6.8, 5.7, 8.0, 8.0, 9.0, 6.0, 5.0, 6.5, 4.8, 4.2, 4.7, 3.0, 2.5, 6.1, 5.8, 7.5, 8.0, 4.3, 3.8, 4.7, 1.0, 7.0, -1.3, 7.8, 5.8, 9.0, 8.0, 8.5, 6.3, 3.0, 2.8, 4.0, 4.7, 4.1, 7.8, 4.0, 3.7, 4.5, 6.2, 6.0, 5.3, 6.8, 4.5, 2.0, 1.7, 6.8, 4.0, 4.3, 3.0, 2.1, -0.3, 6.0, 5.3, 5.8, 3.0, 1.0, 2.7, 6.8, 3.3, 5.3, 7.6, 4.3, 4.3, 7.3, 7.7, 5.7, 3.8, 6.6, 7.3, 3.0, 6.0, 4.5, 6.0, 6.0, 5.3, 7.8, 10.7, 11.0, 8.4, 7.0, 7.0, 5.5, 6.7, 0.1, 5.3, 6.3, 6.6, 8.7, 3.7, -0.5, 4.3, 2.4, 4.0, 5.0, 2.3, 3.0, 2.1, 3.3, 3.3, 3.0, 2.7, 0.0, 2.3, 2.6, 2.0, 2.0, 2.5, 3.0, 5.0, 3.1, 7.0, 7.0, 4.5, 8.7, 9.5, 3.3, 4.7, 6.3, 6.0, 4.3, 4.1, 4.0, 5.7, 5.5, 4.2, 12.5, 8.0, 6.6, 5.1, 4.3, 8.5, 9.0, 7.5, 8.8, 8.0, 9.3, 6.5, 6.0, 5.0, 5.1, 3.0, 7.5, 7.0, 4.0, 6.1, 2.7, 5.7, 7.3, 7.3, 4.1, 6.0, 5.5, 4.5, 3.0, 4.0, 3.0, 3.5, 2.0, 4.7, 3.0, 2.8, 4.3, 5.0, 3.0, 6.0, 5.0, 4.5, 0.1, 4.3, 7.5, 8.5, 7.7, 4.3, 2.8, 4.6, 7.0, 5.3, 3.1, 2.0, 6.7, 4.5, 3.0, 5.0, 4.7, 6.3, 7.0, 7.3, 8.5, 8.2, 6.5, 6.3, 6.1, 6.2, 4.5, 5.7, 1.8, 6.2, 6.7, 6.0, 5.6, 5.0, 3.0, 5.5, 3.2, 3.0, 5.0, 8.1, 8.0, 6.0, 4.8, 2.2, 2.0, 2.7, 5.5, 4.0, 4.0, 4.0, 2.8, 3.3, 2.0, 8.3, 3.5, 2.5, 4.7, 10.2, 9.8, 5.7, 4.1, 8.0, 2.3, 4.7, 4.7, 7.0, 6.1, 3.0, 3.7, 0.6, 4.0, 2.0, 4.1, 4.2, 5.0, 7.7, 4.8, 4.3, 8.7, 10.5, 8.7, -0.3, 6.0, 8.1, 9.7, 6.0, 4.5, 2.7, 6.1, 6.0, 6.0, 6.0, 6.5, 7.3, 4.7, 4.5, 6.3, 5.7, 3.8, 2.6, 3.0, 5.5, 9.5, 0.1, -2.3, -3.0, 0.0, 3.1, 3.0, 4.0, 5.5, 2.8, -2.0, 1.3, 0.8, 1.7, -1.3, 4.3, 1.7, 1.1, 2.5, 4.7, 4.6, 3.5, 0.0, 3.1, 2.0, 2.0, 2.3, 7.0, 8.5, 6.7, 7.5, 6.0, 10.5, 7.0, 11.0, 5.8, 7.0, 8.3, 11.5, 1.8, -10.5, 2.0, 6.0, 12.5, 6.5, 2.8, 7.5, 0.0, 5.8, 6.3, 7.3, 6.0, 10.5, 27.1, 7.0, 9.5, 6.7, 8.0, 7.0, 3.3, 4.3, 3.0, 5.7, 8.1, 9.7, 4.0, 6.5, 8.0, 7.1, 7.8, 10.5, 8.7, 10.8, 12.5, 5.5, 9.1, 7.1, 9.3, 6.0, 5.5, 5.2, 4.5, 2.8, 4.3, 7.8, 14.2, 11.8, 10.7, 12.5, 15.3, 2.5, 3.3, 9.0, 9.7, 8.3, 4.1, 12.3, 6.1, 2.9, 13.7, 2.6, 2.8, 3.5, 4.3, 5.9, 0.6, 4.7, 1.1, -0.2, 5.0, 4.2, 5.0, 6.9, 1.8, 1.3, 4.5, 7.2, 7.8, 8.1, 8.2, 8.2, 5.8, 7.9, 7.5, 6.2, 8.3, 6.6, 2.7, 6.4, 5.8, 6.5, 6.8, 8.0, 6.7, 6.3, 12.4, 8.4, 7.3, 6.0, 7.1, 4.0, 5.6, 6.1, 6.7, 6.7, 7.3, 2.7, 5.1, 3.3, 4.5, 5.4, 4.8, 5.6, 5.6, 10.5, 7.7, 10.5, 7.0, 15.0, 6.0, 7.6, 8.1, 4.1, 5.3, 6.3, 6.4, 6.0, 6.7, 6.5, 4.3, 1.3, 4.3, 6.3, 7.4, 4.7, 6.3, -1.3, 0.6, 2.0, 3.3, 1.8, 5.8, 6.0, 6.5, 3.3, -1.0, 1.4, 5.6, 5.8, 0.8, 4.5, 3.5, 8.3, 6.0, 8.9, 4.7, 5.2, 14.7, 6.8, 5.8, 3.9, 6.0, 4.9, 7.4, 4.9, 4.7, 8.0, 1.7, 2.5, 1.7, 3.5, 8.3, 4.8, 1.8, 2.2, 6.4, 1.3, 4.3, 2.5, 1.2, 1.5, 1.7, 2.5, 14.7, 8.6, 9.6, 10.1, 9.9, 0.7, 7.6, 5.1, 13.1, 4.0, 5.3, 2.5, 15.7, 6.9, 8.8, 13.4, 5.2, 5.5, 9.5, 7.4, 8.6, 3.4, 7.6, 3.6, 6.0, 4.5, 1.8, 1.8, 2.8, -1.2, 0.8, 4.0, 5.2, 5.2, 7.2, 5.2, -0.2, 56.7, 4.0, 2.9, 7.4, 28.3, 36.5, 29.9, 2.0, -1.2, 22.0, 4.1, -2.2, -1.3, 3.3, 3.6, 4.8, 3.0, 0.2, 0.6, 3.8, 3.7, 9.3, 18.7, 2.2, 1.8, 2.0, 2.3, 7.9, 2.9, 5.1, 4.7, 6.8, 12.5, 5.1, 7.5, 8.5, 6.6, 7.3, 7.0, 4.2, 6.2, 6.6, 7.9, 4.9, 7.6, 0.4, 10.1, 9.0, 10.0, 10.7, 8.8, 3.7, 1.3, -1.3, 5.8, 5.0, 3.5, 0.7, 4.7, 0.0, 3.3, 3.0, 2.0, 0.3, 1.3, 3.0, 2.0, 0.0, 1.3, 3.0, 3.5, 3.0, 2.3, 1.0, 1.8, 0.0, -1.0, -1.0, 1.7, 3.0, 5.0, 1.8, -10.0, 1.0, 1.5, 4.0, 4.0, 4.5, 2.0, 2.5, 3.3, 3.0, 4.0, 1.5, 1.0, -2.3, 1.0, -1.0, 1.0, 1.1, 1.0, 0.4, -0.3, 3.3, 2.1, 0.3, 5.5, 5.0, 5.1, 4.0, 3.3, 1.8, 1.7, 1.7, 2.8, -2.0, 0.0, 2.1, 0.0, 0.0, 2.5, 0.0, 2.0, 2.8, 2.7, 2.0, 0.0, 1.0, 2.7, 2.5, 0.1, 1.3, 3.0, -0.5, 5.5, 7.5, 7.5, 5.0, -6.5, 7.0, 6.0, 2.0, 3.0, 2.5, 0.8, -1.2, -0.2, -1.7, 0.3, -1.1, 4.4, -0.7, 5.0, 2.2, 7.9, 2.9, 0.6, 2.2, 1.5, 2.8, 0.8, 1.3, -1.7, 0.8, 0.4, 5.1, 9.9, -0.5, 1.6, 4.3, 3.5, 1.0, 1.0, 1.8, 1.0, 5.1, 2.3, -0.4, 0.3, 1.1, 1.0, 7.7, 0.1, -5.0, 1.7, 0.1, 1.3, 6.0, 0.6, 2.5, 2.8, 0.7, -0.7, 0.1, 5.3, 1.8, 0.2, 8.0, 0.8, 3.3, 2.7, -0.3, 0.7, 2.1, -2.5, -3.3, -14.2, 14.7, 13.3, 10.0, -1.7, -6.3, -2.3, 2.0, 0.6, 6.0, 3.3, 0.2, 5.7, 3.4, 0.7, 2.7, 0.6, 0.0, 4.0, 3.5, 1.0, 2.8, 1.3, 0.0, 1.7, 7.8, 7.8, 4.3, 13.7, 3.7, 5.0, 3.0, 1.5, -0.7, -0.9, 0.7, 5.1, 3.3, 2.3, -1.8, 3.3, 3.8, 4.7, 3.6, 7.7, 6.5, 6.8, 6.3, -0.7, 3.7, 3.8, 10.0, 0.4, 7.3, 5.5, 1.3, -3.4, 8.8, 6.7, 9.0, 6.4, 8.0, 2.1, -0.7, 7.2, 15.1, 2.7, 13.2, 2.1, 3.8, 2.0, 1.0, -0.7, 3.0, 1.8, 3.6, 1.3, 6.0, 0.6, 1.0, 0.0, -0.4, -1.0, 1.8, -4.7, 14.0, 26.8, 5.6, 4.7, 4.2, 6.3, 7.0, 2.7, 3.0, 1.3, 3.1, -5.5, -0.2, 3.7, 4.2, -0.4, 5.3, 2.3, 11.0, 5.0, 33.0, 3.3, 5.7, 2.0, 2.8, 4.9, 9.3, -4.6, 10.5, 8.5, 8.0, 8.7, 7.7, 6.2, 5.2, 4.0, 3.8, 3.1, 7.6, 5.1, 9.6, 10.9, 18.2, 7.3, 9.5, 8.5, 9.0, 6.5, 12.5, 2.5, 8.5, 7.3, 8.5, 10.5, 3.8, 8.1, 7.1, 10.2, 5.1, 3.5, 3.7, 1.7, 6.0, 5.3, 8.0, 3.7, 9.7, 3.2, 4.1, 2.7, 0.0, 6.5, 5.0, 2.3, 4.8, 6.3, 5.3, 3.1, 2.1, 4.7, 3.5, 1.3, 2.3, 3.0, 47.3, 4.8, 4.8, 5.0, 3.8, 5.0, 5.9, 5.1, 3.8, 2.5, 3.8, 3.4, 3.7, 4.8, 3.4, 5.1, 5.5, 3.3, 6.6, 1.8, 4.1, 3.2, 5.0, 7.2, 7.0, 3.7, 2.2, 3.9, 8.0, 9.8, 6.1, 6.8, 4.5, 3.5, 2.4, 7.3, 4.7, 2.1, 6.1, 3.4, 3.6, 2.9, 4.2, 5.7, 4.7, 1.9, 5.4, 4.9, 2.6, 0.9, 3.2, 3.0, 8.5, 4.6, 6.3, 3.6, 0.7, 5.9, 3.2, 5.7, 5.4, 3.1, 2.9, 6.1, 4.8, 5.2, 3.9, 4.8, 4.4, 4.8, 7.8, 12.5, 1.8, 4.1, 5.5, 4.2, 7.8, 7.9, 5.4, 2.5, 3.3, 1.1, 1.9, 1.6, 4.0, 4.0, 1.8, 4.2, 7.3, 4.3, -1.3, 7.3, 2.1, 6.2, 6.8, 0.3, 6.1, 6.1, 6.7, 15.8, 10.8, 16.3, 6.0, 4.9, 5.3, 6.0, 23.0, 9.1, 10.9, 8.3, 8.1, 7.0, 11.3, 2.8, 6.4, 8.0, 5.5, 5.0, 2.0, -1.2, 2.0, 2.0, 3.5, 2.0, 2.0, 2.1, 4.7, 3.3, 1.5, 3.0, 5.0, 8.5, 7.0, 6.0, 3.3, 4.0, 2.0, 4.0, 4.5, 3.3, 2.5, 6.3, 0.5, 5.5, 8.5, 10.5, 8.0, 6.0, 6.7, 5.0, 6.2, 6.3, 8.3, 13.5, 2.3, 5.0, 11.0, 8.3, 5.1, 5.0, 11.5, 6.5, 3.5, 6.2, 5.3, 8.7, 6.7, 9.1, 4.1, 5.2, 7.3, 5.9, 8.1, 10.0, 7.3, 2.9, 7.0, 4.9, 8.4, 4.0, 3.2, 4.2, 5.1, 19.7, 6.7, 6.1, 7.1, 5.1, 5.7, 6.8, 6.8, 3.5, 2.7, 4.6, 1.8, 5.0, 6.8, 6.3, 4.6, 2.3, 1.5, 1.7, 0.2, 2.3, 3.0, 8.0, 4.5, 3.8, 4.9, 3.0, 7.2, 5.7, 3.0, 2.8, 4.5, 2.1, 4.6, 3.7, 2.7, 0.8, 2.8, 12.2, 5.0, 5.2, 6.9, 4.2, 3.6, 12.0, 4.8, 5.3, 10.9, 3.6, 5.7, 8.3, 3.2, 5.1, 8.1, 10.9, 6.1, 4.1, 5.1, 1.5, 2.4, 15.7, 3.7, -0.4, -1.0, 2.3, 3.1, 6.7, 3.0, 8.1, 5.7, 6.7, 6.7, 5.8, 4.8, 2.0, 3.6, 3.3, 5.0, 2.3, 1.5, 5.0, 4.1, 2.3, 2.0, 5.5, 3.7, 2.1, 3.2, 10.0, 8.1, 5.3, 2.5, 4.0, 4.1, 1.0, 2.0, 0.8, 4.2, 5.3, 4.8, 0.0, 4.2, 4.8, 1.7, 2.0, 3.3, 3.0, 3.3, 2.7, 2.2, 4.1, 3.1, 3.6, 0.0, 0.7, 4.4, 1.8, 2.6, 1.7, 3.6, 2.4, 3.7, 1.3, 1.6, 2.4, 5.1, 7.7, 4.7, -0.8, 3.5, 4.5, 1.9, 2.8, 1.2, 3.1, 1.3, 2.9, 3.7, 3.6, 2.5, 6.6, 3.1, 0.7, 1.7, 3.0, 0.0, 2.0, 2.3, 4.0, 3.6, 1.0, 0.0, 1.0, 1.8, 1.8, 8.5, 8.0, 4.1, 1.2, 4.5, 3.3, 4.0, 2.8, 3.3, 7.0, 10.0, 6.0, 2.0, 2.1, 1.1, 0.3, 2.0, 3.0, 4.0, 3.5, 2.8, 2.3, 3.3, 4.5, 7.0, 4.8, 5.0, 1.8, 2.1, 2.5, 2.2, 2.7, 0.8, 1.7, 2.8, 2.8, 3.5, 7.1, 5.2, 3.6, 3.3, 5.9, 2.2, 1.2, 3.3, 4.7, 3.1, 13.1, 5.7, 7.9, 6.9, 6.5, 6.7, 7.0, 3.0, 4.0, 5.8, 11.1, 10.0, 8.0, 9.7, 10.3, 28.5, 8.0, 8.1, 8.2, 10.0, 8.7, 12.7, 10.5, 7.5, 3.7, 2.6, 5.0, 6.5, 7.3, 2.4, 4.5, 14.1, 3.3, 4.2, 2.2, 3.7, 3.7, 5.5, 5.0, 7.0, 5.5, 7.0, 6.0, 7.5, 10.0, 9.5, 8.0, 4.5, 5.5, 5.5, 6.5, 10.5, 7.0, 9.5, 7.8, 8.5, 5.5, 7.5, 7.0, 7.7, 8.0, 8.5, 6.7, 10.2, 10.8, 6.1, 4.8, 4.8, 3.1, 6.1, 6.8, 7.3, 4.5, 4.3, 5.3, 6.0, 5.7, 5.0, 7.3, 8.0, 7.0, 3.3, 4.3, 4.3, 5.3, 4.3, 9.3, 2.7, 5.3, 5.0, 6.5, 3.7, 5.0, 4.0, 2.5, 1.3, 3.5, 3.5, 5.0, 2.5, 3.0, 2.0, 3.0, 8.5, 6.0, 5.5, 4.5, 4.5, 6.0, 4.0, 6.0, 6.0, 6.0, 7.5, 5.0, 8.5, 3.5, 4.0, 3.0, 1.5, 3.0, 6.0, 3.5, 3.5, 4.5, 5.0, 3.0, 8.5, 16.5, 16.0, 7.0, 5.5, 3.5, 7.5, 7.0, 8.0, 11.0, 8.5, 7.5, 7.0, 7.0, 6.5, 7.1, 8.8, 10.5, 8.1, 9.1, 6.8, 6.3, 5.3, 10.0, 9.0, 13.0, 15.0, 10.0, 9.5, 9.7, 10.0, 7.5, 4.0, 8.0, 9.0, 5.5, 7.5, 10.0, 4.5, 5.5, 8.0, 1.5, 0.0, 6.0, 12.5, 7.0, 3.0, 11.2, -1.2, 2.4, 7.5, 8.1, 9.7, 7.0, 6.8, 7.5, 8.5, 7.5, 9.0, 6.5, 6.0, 5.0, 5.5, 5.0, 7.5, 5.0, 3.8, 5.8, 5.3, 5.5, 6.0, 5.0, 8.0, 18.2, 13.2, 7.1, 6.5, 8.1, 6.5, 6.8, 13.2, 2.1, 4.8, 14.8, 3.8, 5.0, 3.5, 6.0, 11.0, 10.0, 35.5, 49.0, null, 18.5, -11.0, -3.4, -15.3, -3.0, 60.0, null, -9.0, 27.5, 51.0, 5.0, 5.5, 4.0, 6.0, 6.5, 5.5, 10.8, 8.1, 0.0, 8.5, 3.5, 1.5, 7.0, 5.0, 8.0, 6.0, 4.0, 8.5, 2.0, 5.0, 21.5, 9.0, 8.0, 17.5, 6.7, 1.4, 2.7, 3.3, 9.5, 2.5, 1.5, 4.5, 6.5, 7.8, 9.3, 10.7, 9.6, 6.7, 7.2, 19.0, 5.0, 4.7, 6.2, 5.0, 5.2, 3.1, 8.7, 7.2, 7.8, 5.7, 14.1, 11.8, 8.0, 6.0, 5.2, 6.3, 5.6, 5.3, 4.5, 7.3, 2.6, 6.7, 11.7, 2.8, 2.3, 1.0, 7.5, 6.0, 4.0, 2.1, 8.0, 8.3, 6.8, 5.3, 7.3, 5.3, 5.3, 8.4, 8.7, 9.5, 6.0, 7.3, 3.7, 4.6, 5.5, 3.6, 5.0, 7.0, 9.0, 6.0, 6.8, 7.1, 17.5, 6.0, 4.5, -4.0, 8.0, 10.2, 4.3, -3.0, 2.0, 0.5, -2.5, 1.0, 0.5, 2.5, 0.0, 2.7, 2.3, 3.0, 2.5, 4.1, 7.3, 2.5, 3.5, 7.0, 6.5, 3.6, 5.0, 19.7, 6.0, 7.3, 8.5, 5.5, 6.8, 3.6, 2.7, 2.0, 1.0, 13.5, 11.0, 8.1, 9.4, 6.0, 8.0, 7.5, 6.0, 8.0, 5.0, 4.7, 6.7, 5.0, 19.0, 9.0, 9.3, 7.0, 10.0, 1.8, 4.0, 4.0, 9.0, 9.0, 7.5, 4.6, 5.0, 5.0, 5.5, 3.5, 5.5, 8.0, 14.5, 2.4, 3.2, 0.5, 4.0, -2.5, 3.0, 10.7, 3.5, 6.0, 4.8, 4.5, 4.4, 5.8, 4.1, 3.1, 2.5, 2.5, 4.0, 7.0, 9.5, 1.5, 4.5, 4.2, 3.5, 20.0, 5.7, 5.0, 4.5, 5.0, 6.0, 3.5, 4.1, 3.0, 6.0, 4.0, 3.5, 4.0, 3.3, 1.5, 5.3, 5.7, 3.5, 2.8, 6.1, 5.5, 6.0, 10.0, 19.9, 5.0, 7.0, 7.3, 7.3, 8.8, 4.0, 4.3, 2.2, 3.0, 1.1, 3.7, -0.7, -0.2, 2.3, 0.8, -1.3, 2.0, 1.6, 1.0, 0.3, 7.1, 2.0, 4.5, 1.7, 4.0, 2.3, 3.0, 5.5, 3.2, 4.7, 6.1, 36.7, 1.7, 3.3, 5.7, 3.8, 2.3, 4.1, 3.0, 4.7, 2.5, 7.9, 5.3, 2.6, 5.7, 6.0, 8.0, 7.3, 2.6, 11.7, 9.6, 7.7, 12.3, 5.7, 6.3, 7.4, 2.0, 6.3, 3.3, 7.8, 6.0, 5.7, 8.4, 12.3, 9.1, 1.7, 2.3, 13.0, 5.0, 17.6, 7.7, 11.5, 9.0, 7.7, 5.1, 11.3, 13.5, 4.0, 3.3, 2.1, 4.3, -6.3, 1.0, 15.0, 11.5, 3.3, 2.1, 4.3, 5.6, 5.7, 2.1, 1.7, 12.0, 5.0, 3.0, 6.5, 5.5, 9.5, 2.0, 1.5, 5.5, 2.9, 5.8, 7.0, 6.0, 5.2, 4.3, 4.0, 4.3, 7.2, 2.0, 2.5, 2.7, 3.8, 5.0, 6.3, 0.2, 8.0, 3.1, 0.0, -1.3, 3.5, -0.2, 1.0, 1.7, 9.3, 11.0, 9.7, 3.8, 3.0, 3.5, 3.5, 3.5, 3.0, 1.5, 4.5, 11.8, 5.5, 2.3, 4.2, 3.0, 2.7, 10.9, 6.6, 7.7, 4.3, 3.7, 6.5, 5.7, 8.0, 6.7, 5.7, 4.3, 3.7, 4.7, 9.5, 7.7, 3.8, 7.0, 7.3, 10.4, 6.5, 1.7, 3.5, 6.3, 6.5, 3.7, 13.7, 5.1, 8.3, 7.6, 10.3, 3.0, 3.3, 10.5, 6.4, 6.5, 5.5, 8.2, 4.3, 8.3, 4.1, 13.0, 9.0, 5.3, 8.0, 3.8, 4.3, 6.0, 7.7, 5.0, 2.8, 2.3, 2.0, 2.5, 4.3, 6.0, 4.6, 4.0, 6.3, 6.1, 3.9, 2.5, 4.0, 0.1, -0.7, 2.0, 4.5, 3.5, 7.3, 3.3, 3.5, 4.0, 2.5, 0.8, 0.0, 0.3, 8.3, 2.0, 0.0, 14.2, 7.7, 15.0, 2.5, 5.8, 0.5, 0.0, 6.5, 7.7, 5.7, 4.5, 0.0, 0.0, 20.5, 5.7, 3.5, 8.4, 3.7, 3.3, 8.5, 8.0, 8.3, 5.0, 5.5, 7.2, 3.6, 5.5, 5.5, 3.0, 4.0, 8.5, 4.8, 1.2, 5.3, 5.0, 3.9, 9.5, 5.8, 5.0, 6.7, 5.5, 3.3, 2.3, 4.8, 5.7, 3.6, 3.7, 2.3, 5.2, 6.0, 3.0, 1.7, 7.9, 4.7, 4.5, 8.8, 4.5, 4.8, 1.3, 7.0, 3.0, 5.7, 4.8, 3.8, 5.3, 6.5, 2.7, 10.3, 4.2, 4.0, 2.8, 4.3, 6.2, 6.3, 4.8, 3.5, 4.0, 1.8, 9.0, 3.7, 5.6, 1.3, 2.5, 4.0, 6.3, 2.8, 2.3, 1.1, 0.3, 2.3, 0.6, 2.3, 2.3, 1.5, 2.0, 2.4, 0.5, 2.0, 4.6, 2.7, 2.7, 2.8, 2.0, 2.1, 2.8, 1.7, 3.8, 6.0, 6.7, 7.5, 4.8, 6.0, 2.7, 4.8, 5.3, 4.3, 6.1, 5.3, 8.5, 7.7, 5.0, 7.5, 6.7, 8.4, 7.7, 5.0, 4.3, 8.5, 6.4, 4.8, 10.3, 5.2, 3.3, 6.1, 8.7, 11.6, 6.1, 8.2, 4.0, 2.0, 8.0, 8.2, 4.3, 4.8, 5.3, -3.3, 12.0, 6.8, 4.7, 4.1, 8.0, 3.3, 1.3, 0.3, 6.1, 3.5, 2.7, 3.0, 4.0, 6.5, 4.0, 4.3, 4.8, 7.3, 1.0, 6.1, 7.3, 8.0, 6.8, 6.3, 6.0, -0.2, 2.3, 3.0, 2.5, 2.0, 3.5, 3.2, 5.3, 4.0, 3.0, -2.7, 2.1, 2.0, 2.0, 1.1, 1.7, 0.8, 2.7, 3.3, 1.8, 1.7, 1.7, 2.0, 3.7, 4.1, 4.7, 0.1, 0.3, 2.8, 3.3, 3.9, 3.3, 3.5, 10.5, 7.3, 7.5, 5.6, 4.7, 3.4, 6.4, 11.0, 2.8, 6.0, 4.5, 5.5, 6.7, 5.0, 8.1, 4.0, 7.7, 5.0, 6.0, 6.7, 2.0, 11.2, 9.0, 8.0, 3.0, 8.8, 8.0, 6.3, 6.0, 2.7, 5.0, 5.0, -0.4, 6.0, 8.7, 7.5, 7.0, 5.7, 4.5, 3.8, 5.7, 4.0, 10.0, 6.0, 3.7, 4.5, 5.8, 2.8, 2.8, 2.4, 1.8, 6.1, 4.1, 3.0, 2.5, 1.5, 4.0, 5.7, 5.5, 4.1, 4.1, 5.3, 6.0, 6.0, 4.3, 7.0, 5.7, 4.6, 3.7, 6.0, 9.9, 8.0, 8.3, 7.9, 7.3, 5.0, 4.0, 0.3, 1.8, 1.7, 0.0, -0.9, 2.0, 2.0, 2.8, 3.0, 2.8, 2.0, 2.7, 1.8, 1.0, 1.0, 1.8, 0.3, 3.0, 8.5, 3.3, 2.8, 2.3, 3.0, 1.8, 4.0, 3.8, 2.7, 0.6, 3.0, 2.3, 2.3, 4.0, 2.1, 2.3, 3.0, 2.5, 5.3, 6.0, 5.0, 3.2, 0.0, 4.2, 5.0, 8.6, 8.3, 8.7, 10.9, 6.0, 4.0, 3.2, 5.3, 8.5, 5.0, 4.0, 4.5, 5.5, 4.7, 4.1, 6.7, 5.8, 6.2, 4.3, 4.1, 3.5, 2.7, 5.1, 2.0, 2.3, 3.8, 4.0, 1.0, 5.8, 6.0, 5.1, 2.0, 2.7, 5.6, 13.0, 4.3, 3.3, 2.0, 4.8, 1.7, 2.3, 2.3, 0.1, -0.8, 1.0, 5.6, 3.0, 0.6, 1.7, 2.4, 11.3, 4.1, 13.5, 6.0, 7.7, 9.8, 5.3, 6.0, 3.7, 3.6, 3.8, 3.2, 3.3, 0.5, 2.8, 4.3, 1.8, 0.7, 1.7, 3.5, 3.0, 0.8, 1.7, 2.0, 1.0, 3.0, 2.0, 2.1, 2.2, 2.5, 3.3, 3.8, 3.0, 4.0, 4.3, 1.4, 1.1, 4.0, 5.0, 2.5, 1.0, 1.0, 2.0, 3.0, 4.1, 2.3, 3.7, 4.0, 4.0, 2.3, 2.8, 2.6, 3.5, 4.5, 3.0, 2.0, 6.0, 5.0, 3.7, -1.3, 3.1, 2.5, 5.0, 2.8, 4.8, 2.0, 0.5, 4.0, 0.3, 4.3, 3.8, 6.5, 1.3, 12.0, 7.0, 0.5, 21.0, 4.5, -1.0, 2.0, 5.0, 3.0, 3.5, 1.0, 1.5, 4.0, 3.3, 5.5, 5.5, 2.5, 4.6, 0.3, -3.7, -2.4, 1.0, 3.3, 5.7, 1.0, 0.0, 3.0, 2.7, 3.0, 7.0, 1.0, 1.5, 1.5, 0.1, 3.7, 0.0, 0.0, -4.0, -6.0, -7.0, 3.5, 0.0, 1.5, 1.5, 2.5, 1.7, 2.8, 7.0, 3.5, 4.0, 0.3, 3.5, 4.5, 8.1, 3.8, 4.3, 2.0, 5.0, 4.3, 6.0, 4.2, 1.8, 3.0, 5.5, -6.0, -5.3, 0.1, 2.3, -1.7, -0.5, -1.0, 11.5, 0.3, -3.0, 1.0, -1.7, 0.1, 4.3, 9.0, 1.0, -2.0, 7.0, 0.0, 13.3, 1.0, 0.7, 6.7, 13.0, -12.8, -3.5, 2.0, 2.1, 5.0, -1.5, 1.1, 5.8, 2.0, 1.7, 4.0, 2.7, 2.0, 3.3, 6.8, 30.3, -5.6, -4.0, 1.0, 10.0, 5.7, -1.2, 1.0, 2.4, 3.7, 8.0, 14.2, 25.0, 2.8, 2.3, 6.0, -0.3, -1.0, 1.0, 9.0, 7.0, 1.8, 1.1, 1.3, -6.5, 2.0, 6.5, 7.5, -0.6, 1.1, 2.3, 1.6, -2.0, -1.0, 0.0, 1.5, 0.0, 2.0, 4.0, 11.5, 0.4, -1.0, 4.5, 6.0, 7.1, 2.5, 4.7, 7.8, -0.3, 2.5, 0.1, 0.0, 1.7, 3.0, 5.7, 2.3, 4.4, 4.4, 4.4, 2.3, -9.8, -5.8, -3.7, -1.7, 0.3, -1.7, 2.3, 6.4, 0.3, 0.3, 4.4, 10.5, 4.4, 8.4, 10.5, 14.5, 4.4, 0.3, 2.3, 2.3, 4.4, 4.4, 4.4, 4.4, 2.3, 4.4, 8.4, 4.4, 12.5, 0.3, 8.4, 14.5, 0.3, 8.4, -1.7, 4.4, 0.3, -1.7, 8.4, 10.5, 8.4, 8.4, 6.4, 0.3, 2.3, 6.4, 6.4, 2.3, 4.4, 10.5, 6.4, 2.3, 6.4, 2.3, 6.4, 4.4, 6.4, 4.4, -1.7, 2.3, 0.3, 2.3, 0.3, 2.3, 0.3, 2.3, 2.3, 10.5, 6.4, 6.4, 8.4, 2.3, 8.4]}