{"type": "Feature", "properties": {"leg_id": 45, "name": "20221221 - Coffs Harbour to Sydney, Australia", "stated_nm": 295.5, "computed_nm": 295.5}, "geometry": {"type": "LineString", "coordinates": [[153.144516, -30.304919], [153.144328, -30.306561], [153.144715, -30.306789], [153.149544, -30.307319], [153.153579, -30.307904], [153.15656, -30.308369], [153.15955, -30.309177], [153.161897, -30.310244], [153.164497, -30.311364], [153.167286, -30.312724], [153.168714, -30.313907], [153.170767, -30.316422], [153.171548, -30.318131], [153.172236, -30.321348], [153.172997, -30.324899], [153.173538, -30.326912], [153.174081, -30.330581], [153.174425, -30.332939], [153.174998, -30.336133], [153.175441, -30.338901], [153.175981, -30.342283], [153.176406, -30.34434], [153.17689, -30.347215], [153.177241, -30.350262], [153.177733, -30.353107], [153.17826, -30.356345], [153.178706, -30.358976], [153.179057, -30.362021], [153.179398, -30.36502], [153.179382, -30.367489], [153.179271, -30.370957], [153.17924, -30.373703], [153.179422, -30.377535], [153.179589, -30.38033], [153.179907, -30.383516], [153.18014, -30.386618], [153.180389, -30.389999], [153.180531, -30.39246], [153.180882, -30.396053], [153.181145, -30.399153], [153.181354, -30.401753], [153.181613, -30.404072], [153.18186, -30.407759], [153.182265, -30.411409], [153.182543, -30.414258], [153.182863, -30.418128], [153.183209, -30.421572], [153.183637, -30.425229], [153.183965, -30.428094], [153.184235, -30.431433], [153.184416, -30.434883], [153.184732, -30.43822], [153.185074, -30.441605], [153.18541, -30.444985], [153.185838, -30.448023], [153.186314, -30.450503], [153.186668, -30.453084], [153.187226, -30.457065], [153.18761, -30.459942], [153.187973, -30.463257], [153.188349, -30.466481], [153.188911, -30.470502], [153.189481, -30.474171], [153.189788, -30.476523], [153.190267, -30.479757], [153.190933, -30.483205], [153.191356, -30.485597], [153.192096, -30.489137], [153.192663, -30.491358], [153.193558, -30.495169], [153.193984, -30.497104], [153.194757, -30.499848], [153.19548, -30.503034], [153.196051, -30.505673], [153.19689, -30.509141], [153.197556, -30.511763], [153.198193, -30.51469], [153.199071, -30.518391], [153.199641, -30.521335], [153.200115, -30.524864], [153.200417, -30.527218], [153.200761, -30.529795], [153.201043, -30.532266], [153.201381, -30.534984], [153.201666, -30.538624], [153.202132, -30.541948], [153.202566, -30.545553], [153.203069, -30.548702], [153.203585, -30.552528], [153.204126, -30.55535], [153.204751, -30.558587], [153.20536, -30.561993], [153.205857, -30.565253], [153.206492, -30.56855], [153.206952, -30.571702], [153.207449, -30.573922], [153.207954, -30.577139], [153.208371, -30.58025], [153.20887, -30.583109], [153.209278, -30.585875], [153.209813, -30.589679], [153.210281, -30.592895], [153.210704, -30.596194], [153.211238, -30.599834], [153.211495, -30.602876], [153.211616, -30.60561], [153.212049, -30.609688], [153.21257, -30.613153], [153.212475, -30.61593], [153.213158, -30.619178], [153.213478, -30.622358], [153.213796, -30.625888], [153.214071, -30.629687], [153.214417, -30.632771], [153.214837, -30.636089], [153.215185, -30.639675], [153.215276, -30.641679], [153.215866, -30.645792], [153.216255, -30.649261], [153.216698, -30.65268], [153.217079, -30.655455], [153.21751, -30.659408], [153.217701, -30.661605], [153.217986, -30.665471], [153.218277, -30.669187], [153.218483, -30.672095], [153.218704, -30.676043], [153.218978, -30.679786], [153.219238, -30.683234], [153.219503, -30.686443], [153.219625, -30.689041], [153.219886, -30.691887], [153.220144, -30.69526], [153.220359, -30.698741], [153.220703, -30.702402], [153.221004, -30.705913], [153.221283, -30.709455], [153.221588, -30.712675], [153.22197, -30.715983], [153.222222, -30.718404], [153.222517, -30.721655], [153.222926, -30.72484], [153.223221, -30.727937], [153.223424, -30.730767], [153.223589, -30.733658], [153.223892, -30.737258], [153.224022, -30.740024], [153.224422, -30.743587], [153.224729, -30.746777], [153.225011, -30.750224], [153.225211, -30.75355], [153.224992, -30.756546], [153.225154, -30.759981], [153.225326, -30.763491], [153.225626, -30.766918], [153.225197, -30.770145], [153.224938, -30.774304], [153.224901, -30.777712], [153.224919, -30.781219], [153.224922, -30.784732], [153.224865, -30.787289], [153.224916, -30.790889], [153.224894, -30.7939], [153.224707, -30.796973], [153.22435, -30.800583], [153.224105, -30.803096], [153.223901, -30.806201], [153.223632, -30.809799], [153.223388, -30.813457], [153.223114, -30.817104], [153.222983, -30.820782], [153.222804, -30.82414], [153.222573, -30.8282], [153.222489, -30.831364], [153.222319, -30.835589], [153.222163, -30.839147], [153.222052, -30.842811], [153.221925, -30.845181], [153.22182, -30.848113], [153.221817, -30.851452], [153.221812, -30.855002], [153.221791, -30.858331], [153.221688, -30.861864], [153.221675, -30.865347], [153.221642, -30.868487], [153.221824, -30.871739], [153.221956, -30.874493], [153.222087, -30.878142], [153.222222, -30.881754], [153.222427, -30.885293], [153.222566, -30.88822], [153.222775, -30.891036], [153.22297, -30.894101], [153.223267, -30.897466], [153.223522, -30.901161], [153.223705, -30.904228], [153.223726, -30.907009], [153.223572, -30.910235], [153.223421, -30.913343], [153.223206, -30.916083], [153.222992, -30.919113], [153.222778, -30.922051], [153.222497, -30.925245], [153.222182, -30.928716], [153.221855, -30.932164], [153.221554, -30.935496], [153.221237, -30.938463], [153.220835, -30.942148], [153.220426, -30.945371], [153.219971, -30.948855], [153.219617, -30.951523], [153.219218, -30.955107], [153.218777, -30.95858], [153.218446, -30.961543], [153.218109, -30.964912], [153.217765, -30.967869], [153.217211, -30.97128], [153.21672, -30.974853], [153.216275, -30.978314], [153.215886, -30.981999], [153.21549, -30.985708], [153.215165, -30.989118], [153.21484, -30.992348], [153.21447, -30.995821], [153.213988, -31.000167], [153.213603, -31.003857], [153.213242, -31.0073], [153.212982, -31.010466], [153.212774, -31.014015], [153.212352, -31.017074], [153.211701, -31.02078], [153.211144, -31.023773], [153.210632, -31.026787], [153.21002, -31.030401], [153.209517, -31.033102], [153.209031, -31.036526], [153.20862, -31.039943], [153.208335, -31.043364], [153.208036, -31.046422], [153.207753, -31.049476], [153.207603, -31.052515], [153.207439, -31.055324], [153.207071, -31.059004], [153.206817, -31.062414], [153.206711, -31.065579], [153.206558, -31.069475], [153.206468, -31.072539], [153.20634, -31.075862], [153.206258, -31.079404], [153.206206, -31.083303], [153.206108, -31.086264], [153.206047, -31.089312], [153.205933, -31.092803], [153.205994, -31.096202], [153.206011, -31.099809], [153.205972, -31.103073], [153.205954, -31.106355], [153.205938, -31.109749], [153.205872, -31.113606], [153.206004, -31.117266], [153.206072, -31.120881], [153.206102, -31.123857], [153.206421, -31.128095], [153.206187, -31.131545], [153.205425, -31.134712], [153.205093, -31.13759], [153.204844, -31.139895], [153.204529, -31.142891], [153.204285, -31.146442], [153.204063, -31.149934], [153.204, -31.153212], [153.203835, -31.157134], [153.203523, -31.160883], [153.203407, -31.164083], [153.203405, -31.167215], [153.203376, -31.170571], [153.203299, -31.174151], [153.203239, -31.177286], [153.203246, -31.181093], [153.203328, -31.184673], [153.203079, -31.18799], [153.202731, -31.191801], [153.202311, -31.194962], [153.201821, -31.198749], [153.201501, -31.201774], [153.20108, -31.204954], [153.200577, -31.208483], [153.200142, -31.211999], [153.199636, -31.215492], [153.199348, -31.217801], [153.198942, -31.220729], [153.198629, -31.223848], [153.198262, -31.227627], [153.19786, -31.230829], [153.197634, -31.233821], [153.197424, -31.237075], [153.197088, -31.240751], [153.196923, -31.243279], [153.196648, -31.247317], [153.196368, -31.250919], [153.19583, -31.254922], [153.195611, -31.257147], [153.195266, -31.260692], [153.19506, -31.263493], [153.194606, -31.266729], [153.194394, -31.268857], [153.194138, -31.272394], [153.193794, -31.275992], [153.193444, -31.279669], [153.193098, -31.282597], [153.192734, -31.286996], [153.192486, -31.2895], [153.191933, -31.294112], [153.191737, -31.296719], [153.191503, -31.300047], [153.19101, -31.304946], [153.190666, -31.307959], [153.190328, -31.311692], [153.189895, -31.315383], [153.189489, -31.31911], [153.189137, -31.322396], [153.188607, -31.326085], [153.188214, -31.328352], [153.187851, -31.331771], [153.187508, -31.334799], [153.187146, -31.337628], [153.186592, -31.340829], [153.186127, -31.343833], [153.18559, -31.347132], [153.185239, -31.35009], [153.184819, -31.352909], [153.184571, -31.355881], [153.18415, -31.359072], [153.183755, -31.362139], [153.183349, -31.365047], [153.183013, -31.368269], [153.182747, -31.370993], [153.182305, -31.374382], [153.181906, -31.377358], [153.18164, -31.38055], [153.181257, -31.383626], [153.180878, -31.386691], [153.18045, -31.389924], [153.180166, -31.393534], [153.179931, -31.397098], [153.179566, -31.400787], [153.179238, -31.40335], [153.179054, -31.406025], [153.17875, -31.409612], [153.17833, -31.413001], [153.178046, -31.415595], [153.17782, -31.418122], [153.177445, -31.421517], [153.177039, -31.424609], [153.176658, -31.42768], [153.176167, -31.431177], [153.175814, -31.434468], [153.175523, -31.437595], [153.175124, -31.441449], [153.174551, -31.445957], [153.174313, -31.448516], [153.174114, -31.450682], [153.17374, -31.453764], [153.17352, -31.456116], [153.173212, -31.460029], [153.172889, -31.463372], [153.172693, -31.466132], [153.17241, -31.46864], [153.172085, -31.472136], [153.171903, -31.474825], [153.17149, -31.477993], [153.171236, -31.48073], [153.170773, -31.484311], [153.170562, -31.486816], [153.170119, -31.490449], [153.169879, -31.492811], [153.169495, -31.496077], [153.169033, -31.499725], [153.168446, -31.501913], [153.167357, -31.505449], [153.166827, -31.507153], [153.166183, -31.509422], [153.165369, -31.511929], [153.164705, -31.514236], [153.163854, -31.517102], [153.163194, -31.519445], [153.162324, -31.522175], [153.161628, -31.524608], [153.160818, -31.527371], [153.160234, -31.529336], [153.159741, -31.531017], [153.159086, -31.533073], [153.1584, -31.535263], [153.157764, -31.537088], [153.157296, -31.53863], [153.156311, -31.541669], [153.154884, -31.546132], [153.153678, -31.549929], [153.152836, -31.552278], [153.151971, -31.554912], [153.150849, -31.558089], [153.150047, -31.560641], [153.149413, -31.562509], [153.148492, -31.565354], [153.147413, -31.567651], [153.146054, -31.570464], [153.144965, -31.572706], [153.143681, -31.575328], [153.142798, -31.577139], [153.141796, -31.579406], [153.140856, -31.581845], [153.139323, -31.585472], [153.138243, -31.587453], [153.137264, -31.589025], [153.135525, -31.592168], [153.134065, -31.594581], [153.133128, -31.596113], [153.132154, -31.597738], [153.131126, -31.599286], [153.130026, -31.601052], [153.128962, -31.602683], [153.127856, -31.604575], [153.126841, -31.606281], [153.125677, -31.608458], [153.124923, -31.610304], [153.124113, -31.611975], [153.123154, -31.613945], [153.122064, -31.61563], [153.12131, -31.617374], [153.120351, -31.619562], [153.119416, -31.621437], [153.118811, -31.62331], [153.118028, -31.62537], [153.117284, -31.627142], [153.11648, -31.628994], [153.115689, -31.630853], [153.114892, -31.632821], [153.114233, -31.634597], [153.11358, -31.636451], [153.112661, -31.638546], [153.112011, -31.640471], [153.111385, -31.642389], [153.110851, -31.644464], [153.110212, -31.645974], [153.109353, -31.647978], [153.10832, -31.650383], [153.107579, -31.652359], [153.106818, -31.654112], [153.105754, -31.655845], [153.104691, -31.657729], [153.103805, -31.659713], [153.102982, -31.662294], [153.102192, -31.664344], [153.10136, -31.666243], [153.100491, -31.66826], [153.099751, -31.6698], [153.098572, -31.672362], [153.097864, -31.673952], [153.097275, -31.67561], [153.096342, -31.678159], [153.095403, -31.679845], [153.094288, -31.681542], [153.093525, -31.683079], [153.09226, -31.685606], [153.091326, -31.687603], [153.090562, -31.689431], [153.089988, -31.691548], [153.089053, -31.692995], [153.087973, -31.695268], [153.08725, -31.697056], [153.086228, -31.699025], [153.085373, -31.700776], [153.084467, -31.702401], [153.08347, -31.704676], [153.082762, -31.706781], [153.081849, -31.708751], [153.081037, -31.710427], [153.079844, -31.713208], [153.078951, -31.715219], [153.078056, -31.717032], [153.077116, -31.718854], [153.075917, -31.721133], [153.074811, -31.722798], [153.073576, -31.724493], [153.072438, -31.726019], [153.071356, -31.727532], [153.07036, -31.72932], [153.069207, -31.731159], [153.06813, -31.733102], [153.066993, -31.73491], [153.065689, -31.737171], [153.064108, -31.73983], [153.062976, -31.741394], [153.061826, -31.742718], [153.060371, -31.7446], [153.059343, -31.745725], [153.05814, -31.747713], [153.057025, -31.749256], [153.055648, -31.750981], [153.054733, -31.752608], [153.053444, -31.754418], [153.052026, -31.756009], [153.05092, -31.757574], [153.049341, -31.759621], [153.048281, -31.761393], [153.047245, -31.762682], [153.046127, -31.763921], [153.044691, -31.765581], [153.043469, -31.767455], [153.042414, -31.769109], [153.041341, -31.77055], [153.040104, -31.772034], [153.039183, -31.773322], [153.038256, -31.775115], [153.037398, -31.776506], [153.036156, -31.778144], [153.035055, -31.779358], [153.033883, -31.781032], [153.032985, -31.78301], [153.032009, -31.784651], [153.030959, -31.786218], [153.030068, -31.787891], [153.029405, -31.789634], [153.028709, -31.791862], [153.027906, -31.793646], [153.026993, -31.795325], [153.02636, -31.797126], [153.025431, -31.798754], [153.024516, -31.800067], [153.023634, -31.801874], [153.022636, -31.803634], [153.021628, -31.805681], [153.020763, -31.807623], [153.020033, -31.809356], [153.019151, -31.811276], [153.018204, -31.81276], [153.01755, -31.81422], [153.016658, -31.815796], [153.01597, -31.817733], [153.015098, -31.819319], [153.013929, -31.821356], [153.013015, -31.822615], [153.01194, -31.824458], [153.010898, -31.826174], [153.010132, -31.827645], [153.009513, -31.829114], [153.008841, -31.83078], [153.007933, -31.832156], [153.007001, -31.833817], [153.006224, -31.836384], [153.005537, -31.838189], [153.005, -31.840134], [153.004171, -31.842197], [153.0032, -31.843977], [153.002162, -31.845502], [153.001221, -31.847339], [153.000323, -31.849132], [152.99947, -31.850619], [152.998595, -31.852867], [152.997759, -31.854906], [152.997359, -31.856664], [152.996489, -31.858496], [152.995793, -31.860251], [152.995316, -31.863122], [152.994934, -31.865381], [152.994527, -31.867152], [152.993991, -31.868923], [152.993333, -31.870594], [152.992915, -31.872664], [152.99279, -31.874703], [152.992464, -31.876524], [152.992242, -31.87883], [152.991954, -31.881251], [152.990809, -31.88326], [152.988941, -31.885626], [152.987485, -31.887245], [152.985655, -31.889409], [152.984901, -31.891222], [152.983643, -31.893028], [152.98225, -31.894808], [152.981147, -31.896411], [152.980524, -31.898983], [152.97984, -31.900832], [152.979374, -31.902615], [152.978687, -31.904171], [152.97817, -31.905948], [152.977741, -31.907839], [152.97709, -31.909363], [152.976358, -31.911607], [152.975973, -31.914036], [152.97552, -31.916466], [152.974807, -31.918847], [152.97413, -31.921141], [152.973599, -31.923546], [152.973046, -31.925625], [152.972671, -31.927234], [152.972201, -31.929235], [152.971654, -31.931342], [152.970821, -31.933789], [152.9696, -31.936025], [152.968617, -31.938511], [152.967841, -31.94077], [152.967015, -31.942388], [152.965373, -31.943128], [152.963981, -31.944772], [152.963448, -31.946829], [152.96244, -31.948239], [152.961834, -31.950815], [152.961474, -31.952702], [152.960736, -31.954489], [152.959966, -31.956847], [152.959118, -31.958624], [152.958132, -31.960637], [152.957235, -31.962862], [152.956833, -31.965039], [152.956201, -31.9677], [152.955154, -31.970132], [152.954374, -31.972512], [152.953532, -31.974893], [152.953122, -31.977418], [152.952283, -31.980771], [152.951511, -31.98301], [152.950877, -31.985638], [152.950601, -31.98778], [152.94993, -31.990309], [152.949356, -31.99179], [152.948554, -31.993608], [152.947734, -31.995491], [152.946996, -31.997661], [152.946154, -31.999602], [152.945383, -32.001321], [152.944884, -32.003371], [152.944347, -32.005473], [152.943359, -32.008062], [152.942579, -32.010886], [152.941835, -32.013112], [152.941063, -32.015019], [152.940008, -32.017088], [152.939115, -32.01937], [152.937961, -32.02173], [152.937211, -32.024358], [152.936296, -32.026007], [152.935267, -32.028326], [152.934486, -32.030422], [152.933494, -32.032379], [152.932425, -32.034018], [152.931688, -32.035574], [152.931042, -32.037178], [152.929874, -32.039259], [152.929057, -32.040685], [152.928406, -32.042465], [152.927613, -32.04479], [152.926964, -32.046522], [152.926386, -32.048482], [152.925838, -32.04996], [152.925169, -32.051976], [152.924522, -32.053487], [152.923834, -32.05501], [152.923113, -32.056829], [152.92253, -32.058681], [152.92185, -32.06127], [152.921211, -32.062688], [152.920472, -32.06451], [152.919977, -32.066549], [152.919571, -32.069036], [152.91896, -32.071596], [152.918503, -32.073455], [152.917975, -32.076152], [152.917426, -32.078051], [152.916863, -32.080236], [152.916034, -32.082641], [152.915485, -32.083915], [152.914573, -32.08564], [152.913883, -32.088301], [152.913334, -32.090536], [152.912826, -32.091948], [152.912314, -32.093691], [152.911477, -32.095447], [152.910846, -32.097468], [152.910142, -32.099319], [152.909505, -32.101154], [152.908919, -32.10312], [152.908376, -32.105083], [152.90778, -32.10722], [152.907126, -32.109358], [152.906627, -32.111466], [152.905891, -32.114115], [152.905397, -32.116162], [152.904502, -32.118694], [152.904007, -32.120863], [152.903785, -32.122938], [152.903197, -32.124873], [152.902597, -32.12713], [152.902044, -32.129258], [152.901652, -32.131242], [152.901286, -32.133029], [152.900991, -32.13568], [152.900683, -32.137669], [152.900527, -32.140013], [152.900184, -32.142679], [152.899924, -32.144761], [152.899535, -32.14641], [152.899146, -32.148709], [152.898523, -32.150617], [152.898089, -32.152586], [152.89736, -32.154405], [152.896915, -32.15636], [152.896259, -32.158613], [152.895449, -32.160579], [152.894944, -32.162445], [152.894549, -32.164422], [152.894188, -32.166349], [152.893681, -32.168404], [152.893102, -32.170188], [152.89238, -32.172466], [152.891525, -32.17488], [152.891104, -32.177127], [152.890548, -32.179111], [152.890194, -32.181358], [152.889912, -32.183482], [152.889557, -32.185398], [152.889255, -32.187743], [152.888819, -32.189778], [152.888208, -32.19187], [152.887461, -32.194242], [152.887052, -32.196275], [152.886597, -32.198088], [152.886069, -32.200159], [152.885695, -32.202151], [152.885036, -32.203852], [152.884681, -32.206434], [152.884292, -32.208689], [152.88392, -32.21088], [152.883636, -32.212598], [152.883127, -32.215046], [152.88269, -32.217504], [152.88229, -32.220836], [152.882018, -32.222912], [152.881289, -32.225373], [152.881111, -32.22789], [152.8809, -32.230042], [152.880627, -32.231998], [152.880623, -32.234213], [152.880422, -32.235992], [152.880168, -32.238445], [152.879898, -32.240666], [152.87958, -32.24293], [152.879081, -32.244761], [152.878826, -32.246805], [152.878535, -32.249192], [152.878119, -32.251761], [152.877551, -32.25426], [152.87728, -32.256341], [152.876891, -32.258769], [152.876656, -32.260778], [152.876564, -32.262902], [152.876245, -32.266662], [152.875546, -32.2691], [152.875009, -32.271156], [152.874511, -32.273924], [152.874319, -32.275794], [152.874041, -32.278187], [152.873673, -32.280618], [152.873373, -32.283052], [152.872683, -32.285181], [152.87195, -32.287393], [152.870895, -32.290512], [152.870347, -32.29304], [152.870093, -32.295038], [152.869352, -32.297529], [152.868613, -32.299398], [152.868477, -32.301995], [152.86828, -32.305082], [152.867985, -32.307696], [152.867746, -32.309679], [152.866801, -32.312058], [152.86627, -32.314822], [152.865929, -32.317758], [152.86516, -32.320311], [152.864676, -32.322886], [152.864261, -32.325075], [152.863987, -32.327463], [152.863667, -32.329837], [152.863426, -32.332263], [152.863203, -32.334658], [152.863111, -32.336982], [152.862895, -32.339438], [152.862503, -32.342225], [152.862245, -32.344143], [152.861997, -32.346877], [152.861837, -32.349015], [152.860931, -32.351577], [152.860662, -32.353838], [152.860248, -32.356461], [152.859563, -32.358875], [152.859021, -32.360678], [152.858379, -32.363161], [152.857753, -32.365173], [152.856816, -32.368044], [152.856283, -32.370111], [152.855787, -32.371854], [152.855452, -32.374026], [152.854986, -32.376514], [152.854372, -32.379429], [152.853781, -32.381875], [152.853248, -32.384187], [152.852357, -32.386742], [152.850992, -32.387907], [152.849438, -32.388178], [152.848558, -32.389988], [152.84768, -32.391885], [152.846672, -32.393887], [152.845397, -32.396898], [152.843299, -32.400341], [152.842308, -32.402206], [152.841114, -32.404635], [152.839945, -32.406723], [152.839058, -32.408829], [152.838234, -32.411039], [152.83726, -32.413955], [152.836521, -32.416327], [152.835737, -32.418724], [152.834884, -32.42083], [152.834166, -32.423145], [152.8334, -32.425382], [152.832311, -32.427799], [152.831238, -32.429829], [152.830186, -32.431802], [152.828925, -32.43458], [152.827864, -32.436973], [152.826711, -32.439717], [152.825817, -32.441698], [152.824864, -32.44391], [152.82404, -32.445898], [152.822842, -32.448954], [152.821707, -32.451174], [152.820493, -32.453308], [152.819649, -32.455041], [152.818801, -32.456874], [152.817557, -32.459161], [152.816789, -32.461116], [152.815948, -32.463115], [152.815245, -32.464927], [152.814666, -32.466788], [152.81386, -32.468755], [152.813069, -32.470825], [152.811836, -32.47325], [152.81047, -32.475246], [152.808673, -32.478228], [152.806914, -32.48103], [152.8057, -32.482881], [152.804016, -32.485795], [152.802515, -32.488237], [152.801308, -32.491083], [152.800247, -32.493228], [152.799155, -32.495376], [152.798231, -32.497246], [152.797245, -32.49948], [152.796065, -32.501471], [152.794749, -32.504059], [152.793108, -32.50731], [152.792099, -32.509609], [152.790231, -32.513363], [152.789375, -32.515813], [152.788491, -32.517442], [152.787165, -32.520854], [152.786126, -32.523366], [152.78549, -32.524826], [152.784791, -32.526774], [152.783807, -32.529154], [152.782949, -32.531063], [152.782271, -32.532828], [152.781419, -32.53507], [152.780759, -32.537408], [152.779915, -32.539577], [152.778755, -32.543276], [152.778095, -32.54508], [152.777161, -32.547514], [152.776345, -32.549456], [152.77545, -32.551491], [152.774506, -32.554137], [152.773633, -32.556817], [152.772874, -32.558801], [152.772068, -32.561038], [152.77112, -32.563043], [152.770013, -32.565384], [152.769234, -32.56716], [152.768455, -32.569148], [152.767504, -32.57152], [152.766833, -32.573906], [152.766219, -32.575886], [152.7657, -32.578086], [152.765066, -32.580295], [152.76429, -32.582852], [152.763424, -32.585663], [152.762446, -32.587659], [152.761667, -32.589914], [152.76095, -32.591863], [152.760246, -32.594113], [152.759555, -32.596426], [152.759223, -32.598246], [152.758626, -32.600682], [152.757842, -32.603216], [152.75702, -32.605469], [152.756404, -32.607534], [152.755936, -32.609119], [152.754835, -32.612139], [152.753375, -32.615217], [152.752333, -32.617444], [152.751455, -32.619903], [152.750657, -32.622003], [152.749714, -32.624495], [152.748928, -32.626993], [152.748379, -32.628879], [152.74762, -32.630707], [152.746926, -32.632601], [152.745993, -32.634829], [152.745396, -32.636969], [152.744293, -32.640203], [152.743771, -32.642738], [152.743323, -32.645509], [152.742784, -32.647807], [152.741738, -32.650832], [152.741117, -32.65291], [152.740311, -32.654974], [152.739625, -32.657037], [152.738771, -32.659727], [152.738178, -32.661783], [152.73765, -32.663943], [152.736987, -32.666776], [152.736703, -32.668748], [152.736103, -32.671228], [152.735688, -32.672994], [152.735262, -32.674857], [152.734664, -32.676961], [152.733894, -32.67887], [152.733411, -32.680497], [152.733015, -32.682291], [152.732648, -32.684071], [152.732071, -32.686684], [152.731679, -32.688378], [152.730819, -32.690793], [152.730129, -32.692515], [152.729268, -32.694557], [152.728603, -32.696288], [152.727903, -32.698163], [152.727268, -32.700033], [152.7265, -32.702117], [152.725711, -32.703935], [152.724748, -32.706564], [152.723944, -32.708594], [152.72304, -32.710747], [152.722445, -32.712888], [152.721961, -32.714765], [152.72134, -32.716541], [152.720677, -32.718367], [152.719718, -32.720293], [152.718897, -32.722383], [152.71796, -32.724787], [152.71728, -32.726683], [152.716442, -32.728909], [152.715837, -32.730868], [152.715029, -32.733057], [152.71407, -32.735898], [152.713336, -32.737815], [152.712715, -32.739571], [152.712046, -32.741559], [152.711296, -32.743909], [152.710593, -32.745651], [152.709851, -32.747533], [152.709212, -32.749769], [152.708471, -32.751758], [152.707618, -32.754153], [152.706732, -32.756535], [152.70603, -32.759037], [152.705328, -32.761257], [152.704642, -32.763224], [152.703796, -32.765211], [152.702888, -32.767342], [152.701963, -32.769243], [152.701254, -32.771865], [152.700585, -32.774091], [152.699853, -32.776736], [152.699152, -32.778511], [152.698469, -32.780788], [152.69779, -32.783383], [152.69702, -32.785459], [152.696364, -32.787167], [152.695764, -32.789201], [152.694897, -32.791685], [152.694394, -32.794109], [152.693496, -32.797596], [152.692943, -32.799866], [152.69241, -32.802163], [152.692153, -32.804209], [152.691484, -32.806986], [152.691029, -32.809375], [152.690488, -32.812308], [152.690165, -32.814119], [152.689588, -32.816792], [152.689237, -32.819324], [152.689005, -32.82179], [152.688727, -32.824197], [152.688331, -32.826682], [152.687859, -32.829056], [152.687531, -32.831172], [152.687, -32.834696], [152.686562, -32.836733], [152.686135, -32.838581], [152.685826, -32.840339], [152.68497, -32.842969], [152.684519, -32.845452], [152.684287, -32.847785], [152.684091, -32.850922], [152.683546, -32.853116], [152.683069, -32.855207], [152.682314, -32.858221], [152.68155, -32.860734], [152.681166, -32.863335], [152.680712, -32.86574], [152.680583, -32.868303], [152.680392, -32.870424], [152.679953, -32.873784], [152.679674, -32.876245], [152.679254, -32.878972], [152.67888, -32.881249], [152.678648, -32.884222], [152.67847, -32.886509], [152.678413, -32.889023], [152.678383, -32.891415], [152.678265, -32.89486], [152.678124, -32.89664], [152.678306, -32.900042], [152.678, -32.903232], [152.67789, -32.905193], [152.677864, -32.908147], [152.67778, -32.910677], [152.677837, -32.913034], [152.677599, -32.915646], [152.677428, -32.918016], [152.677191, -32.92099], [152.676943, -32.923675], [152.677005, -32.9258], [152.676736, -32.928236], [152.676463, -32.931187], [152.67636, -32.933709], [152.676518, -32.935372], [152.676073, -32.93829], [152.675797, -32.9405], [152.675413, -32.94282], [152.675044, -32.94542], [152.674803, -32.947588], [152.674556, -32.95051], [152.673875, -32.95356], [152.673499, -32.956166], [152.673174, -32.958392], [152.672877, -32.960742], [152.672057, -32.963642], [152.671877, -32.966051], [152.671237, -32.968428], [152.671067, -32.970797], [152.670586, -32.973163], [152.670144, -32.975472], [152.669598, -32.978202], [152.669013, -32.980432], [152.668379, -32.982919], [152.667696, -32.985471], [152.666782, -32.988751], [152.665863, -32.992276], [152.665218, -32.995005], [152.664604, -32.997658], [152.663674, -33.00116], [152.662911, -33.003275], [152.662132, -33.005296], [152.661591, -33.006869], [152.66061, -33.01033], [152.659681, -33.013068], [152.658859, -33.015273], [152.657966, -33.017649], [152.656892, -33.021056], [152.655802, -33.023465], [152.654693, -33.026311], [152.653086, -33.028656], [152.651776, -33.030866], [152.65053, -33.033339], [152.649611, -33.035422], [152.64832, -33.037929], [152.647178, -33.03999], [152.645938, -33.04236], [152.644819, -33.044726], [152.644008, -33.046954], [152.642435, -33.050046], [152.641325, -33.052599], [152.640338, -33.055202], [152.639171, -33.058633], [152.638058, -33.062001], [152.637487, -33.064544], [152.636335, -33.067686], [152.635524, -33.069915], [152.634595, -33.071969], [152.633683, -33.075309], [152.632468, -33.077948], [152.630567, -33.081576], [152.629703, -33.084284], [152.628829, -33.08625], [152.627853, -33.088672], [152.627002, -33.090625], [152.625908, -33.093195], [152.6248, -33.095829], [152.62397, -33.098928], [152.623006, -33.101411], [152.622073, -33.104414], [152.621327, -33.106732], [152.620174, -33.109626], [152.618844, -33.112245], [152.617899, -33.114381], [152.616885, -33.116742], [152.615712, -33.119513], [152.614615, -33.12216], [152.613796, -33.124436], [152.61274, -33.126968], [152.611781, -33.129885], [152.610487, -33.132625], [152.609458, -33.135213], [152.60862, -33.137362], [152.607527, -33.140038], [152.606558, -33.1422], [152.60556, -33.144855], [152.604363, -33.147065], [152.603077, -33.14972], [152.60202, -33.152461], [152.600987, -33.155015], [152.600475, -33.157383], [152.599655, -33.159844], [152.598592, -33.162714], [152.597339, -33.16573], [152.596025, -33.168421], [152.594773, -33.171306], [152.593826, -33.174013], [152.593157, -33.176459], [152.59235, -33.178499], [152.591424, -33.180465], [152.590047, -33.183932], [152.589282, -33.18587], [152.588017, -33.188435], [152.58702, -33.190425], [152.586063, -33.192932], [152.585302, -33.19511], [152.584447, -33.197593], [152.583682, -33.199961], [152.582761, -33.202618], [152.582126, -33.205958], [152.582057, -33.208937], [152.582318, -33.21146], [152.58266, -33.213843], [152.582721, -33.216433], [152.582806, -33.21892], [152.582809, -33.221087], [152.582955, -33.223949], [152.583315, -33.226286], [152.58363, -33.228915], [152.583836, -33.232166], [152.58408, -33.234212], [152.58443, -33.236579], [152.584969, -33.238862], [152.585225, -33.241534], [152.585474, -33.244156], [152.585432, -33.24678], [152.585236, -33.249045], [152.585518, -33.251628], [152.585744, -33.25418], [152.586013, -33.256208], [152.585979, -33.259081], [152.585883, -33.261543], [152.585898, -33.263592], [152.585689, -33.265995], [152.58559, -33.268411], [152.585588, -33.271626], [152.585524, -33.2739], [152.584929, -33.276341], [152.584612, -33.278847], [152.584056, -33.280983], [152.583764, -33.283582], [152.583932, -33.286816], [152.584122, -33.289331], [152.584368, -33.291403], [152.584461, -33.294195], [152.584491, -33.296748], [152.584667, -33.299226], [152.584682, -33.301584], [152.584607, -33.303947], [152.583869, -33.306109], [152.583008, -33.308578], [152.582739, -33.310733], [152.582452, -33.312895], [152.582024, -33.31475], [152.582268, -33.317765], [152.58223, -33.320042], [152.582146, -33.322327], [152.58149, -33.324632], [152.580685, -33.326882], [152.578918, -33.327089], [152.576607, -33.327048], [152.573911, -33.327559], [152.57155, -33.328314], [152.568846, -33.329483], [152.566486, -33.330851], [152.564519, -33.331948], [152.562582, -33.333572], [152.560933, -33.335048], [152.559453, -33.336438], [152.557495, -33.337784], [152.555361, -33.338888], [152.55296, -33.340178], [152.551093, -33.341165], [152.54894, -33.342368], [152.546976, -33.343783], [152.545725, -33.345213], [152.543175, -33.346834], [152.541558, -33.348123], [152.540485, -33.34998], [152.53923, -33.351481], [152.537674, -33.353274], [152.536456, -33.354769], [152.535199, -33.356352], [152.533964, -33.35782], [152.532397, -33.359873], [152.530777, -33.361358], [152.530322, -33.36303], [152.529252, -33.364901], [152.528287, -33.366661], [152.527255, -33.368327], [152.525729, -33.370568], [152.524635, -33.371882], [152.522635, -33.373663], [152.521467, -33.375246], [152.520708, -33.376858], [152.520012, -33.378728], [152.51899, -33.380472], [152.518348, -33.382144], [152.517736, -33.383833], [152.516832, -33.385587], [152.516018, -33.387479], [152.514923, -33.388962], [152.514317, -33.390282], [152.512502, -33.392218], [152.510914, -33.394201], [152.509546, -33.395803], [152.508274, -33.397319], [152.507091, -33.398913], [152.506075, -33.400238], [152.504307, -33.402276], [152.502292, -33.40457], [152.500127, -33.406586], [152.497777, -33.408217], [152.495562, -33.409734], [152.492895, -33.41181], [152.490591, -33.413713], [152.489489, -33.414734], [152.488255, -33.416131], [152.486897, -33.41762], [152.48531, -33.41939], [152.48396, -33.421092], [152.482904, -33.422755], [152.481711, -33.424468], [152.481766, -33.425957], [152.48111, -33.427745], [152.480368, -33.42958], [152.479854, -33.430937], [152.479439, -33.432811], [152.479007, -33.434334], [152.478663, -33.435868], [152.477851, -33.437289], [152.477103, -33.438671], [152.47581, -33.440347], [152.474795, -33.442038], [152.473681, -33.443844], [152.472635, -33.445321], [152.47134, -33.447482], [152.469831, -33.449026], [152.468065, -33.450413], [152.466799, -33.451465], [152.465111, -33.452824], [152.463818, -33.454154], [152.463003, -33.455478], [152.461808, -33.457119], [152.460484, -33.458651], [152.458738, -33.460193], [152.457084, -33.46168], [152.455923, -33.462976], [152.454052, -33.464735], [152.452439, -33.466692], [152.451458, -33.468095], [152.450502, -33.46971], [152.449384, -33.471908], [152.448496, -33.473548], [152.447037, -33.475712], [152.445923, -33.477289], [152.444816, -33.47892], [152.443963, -33.480239], [152.442955, -33.48149], [152.441928, -33.483073], [152.440573, -33.485194], [152.439179, -33.486687], [152.437625, -33.488092], [152.436315, -33.489675], [152.434828, -33.491072], [152.433002, -33.493055], [152.431906, -33.494512], [152.430913, -33.495922], [152.429327, -33.49785], [152.428168, -33.49948], [152.426661, -33.501312], [152.425125, -33.503335], [152.423804, -33.505183], [152.423164, -33.506925], [152.422593, -33.50864], [152.42158, -33.510317], [152.420608, -33.512527], [152.419359, -33.514326], [152.418205, -33.516353], [152.417091, -33.518515], [152.415663, -33.520166], [152.414329, -33.521863], [152.413281, -33.523381], [152.412128, -33.525043], [152.411228, -33.526566], [152.410434, -33.52832], [152.409063, -33.530657], [152.407983, -33.53208], [152.406604, -33.53396], [152.405, -33.535679], [152.4033, -33.537422], [152.401863, -33.538813], [152.400666, -33.540379], [152.399503, -33.542054], [152.398557, -33.543461], [152.398248, -33.544982], [152.398038, -33.546448], [152.397913, -33.548456], [152.39738, -33.550077], [152.39687, -33.551351], [152.39624, -33.552976], [152.395367, -33.554517], [152.394766, -33.55614], [152.393819, -33.557585], [152.393175, -33.559323], [152.392381, -33.560919], [152.391687, -33.562429], [152.391177, -33.564412], [152.390725, -33.566206], [152.390168, -33.568077], [152.389455, -33.569752], [152.38873, -33.571313], [152.387438, -33.572615], [152.386447, -33.573367], [152.385195, -33.574265], [152.383973, -33.575071], [152.38292, -33.576195], [152.381907, -33.576975], [152.38058, -33.577427], [152.379156, -33.577203], [152.377659, -33.576735], [152.376217, -33.576276], [152.374535, -33.575913], [152.37308, -33.575458], [152.371913, -33.574472], [152.37101, -33.573569], [152.369791, -33.572888], [152.368538, -33.572061], [152.367357, -33.571136], [152.366232, -33.570226], [152.364863, -33.569208], [152.363176, -33.568608], [152.361631, -33.567974], [152.360268, -33.567149], [152.359047, -33.566509], [152.357956, -33.565385], [152.357251, -33.563814], [152.356251, -33.562652], [152.354737, -33.561768], [152.352892, -33.560801], [152.35139, -33.559949], [152.350001, -33.558877], [152.348343, -33.557907], [152.346155, -33.558841], [152.344193, -33.559726], [152.342006, -33.560532], [152.340145, -33.560968], [152.338172, -33.561488], [152.336307, -33.561904], [152.334298, -33.562376], [152.332606, -33.562904], [152.331039, -33.563631], [152.329001, -33.564525], [152.327077, -33.565321], [152.324884, -33.565955], [152.322651, -33.566579], [152.320898, -33.567108], [152.31887, -33.567733], [152.316886, -33.568495], [152.315006, -33.569293], [152.313298, -33.569664], [152.311435, -33.570372], [152.30976, -33.571104], [152.30819, -33.571795], [152.306268, -33.572526], [152.304545, -33.573474], [152.302826, -33.574776], [152.301254, -33.575899], [152.299645, -33.576892], [152.298265, -33.577752], [152.297056, -33.579053], [152.294758, -33.580474], [152.29315, -33.581582], [152.29241, -33.582924], [152.291018, -33.584124], [152.289254, -33.585321], [152.287597, -33.586694], [152.286082, -33.587962], [152.284543, -33.589132], [152.28369, -33.590373], [152.281876, -33.591719], [152.28028, -33.593028], [152.278813, -33.59405], [152.277265, -33.595094], [152.275284, -33.596527], [152.273348, -33.597697], [152.272415, -33.59903], [152.271266, -33.600052], [152.269891, -33.601144], [152.268523, -33.60226], [152.266315, -33.603766], [152.264057, -33.60495], [152.261602, -33.606478], [152.259323, -33.607935], [152.256975, -33.609476], [152.254549, -33.610956], [152.252552, -33.612218], [152.250041, -33.61371], [152.24763, -33.615328], [152.245534, -33.616918], [152.243768, -33.618189], [152.241899, -33.619784], [152.240455, -33.620823], [152.238454, -33.62157], [152.236442, -33.622388], [152.234422, -33.623099], [152.232279, -33.624025], [152.230335, -33.625229], [152.228664, -33.626362], [152.226622, -33.627053], [152.224485, -33.627807], [152.222551, -33.628133], [152.220646, -33.628497], [152.218336, -33.629618], [152.215942, -33.6304], [152.213734, -33.631147], [152.211211, -33.631964], [152.209231, -33.632725], [152.206513, -33.633791], [152.204563, -33.634478], [152.202028, -33.635299], [152.199432, -33.636629], [152.196994, -33.637941], [152.194992, -33.63875], [152.192878, -33.639033], [152.190129, -33.639043], [152.187736, -33.638975], [152.185523, -33.639346], [152.183695, -33.640187], [152.183066, -33.64095], [152.180546, -33.64185], [152.176508, -33.642233], [152.172539, -33.64274], [152.168858, -33.643586], [152.165318, -33.644579], [152.161687, -33.645423], [152.158257, -33.646249], [152.15392, -33.64739], [152.148751, -33.648643], [152.144678, -33.649707], [152.139808, -33.650997], [152.134865, -33.652254], [152.1307, -33.653273], [152.126622, -33.654233], [152.122421, -33.65517], [152.118278, -33.656193], [152.114168, -33.657118], [152.11087, -33.657977], [152.106071, -33.659149], [152.101905, -33.660183], [152.097869, -33.66113], [152.094351, -33.6621], [152.090786, -33.662997], [152.087545, -33.663862], [152.08387, -33.664862], [152.078583, -33.666088], [152.073716, -33.667277], [152.070283, -33.668171], [152.065879, -33.669399], [152.063071, -33.670155], [152.057886, -33.671644], [152.054006, -33.672849], [152.049667, -33.674149], [152.046345, -33.675157], [152.041771, -33.676428], [152.039038, -33.677193], [152.035469, -33.678276], [152.031509, -33.679501], [152.027626, -33.680712], [152.024897, -33.681577], [152.021427, -33.682779], [152.017776, -33.683892], [152.014954, -33.684765], [152.010909, -33.68602], [152.007454, -33.68707], [152.005027, -33.687891], [152.001773, -33.688867], [151.997717, -33.690184], [151.993759, -33.691438], [151.99018, -33.6926], [151.986694, -33.693672], [151.983566, -33.694662], [151.980229, -33.695747], [151.97628, -33.697187], [151.97297, -33.698257], [151.968766, -33.699528], [151.965134, -33.700654], [151.96151, -33.701789], [151.957234, -33.703102], [151.952958, -33.704382], [151.949992, -33.7053], [151.945663, -33.706568], [151.94181, -33.70766], [151.938456, -33.708691], [151.935496, -33.709558], [151.931475, -33.710663], [151.928152, -33.7115], [151.924453, -33.712438], [151.921177, -33.713269], [151.917786, -33.714219], [151.913952, -33.715344], [151.910405, -33.716272], [151.906669, -33.717297], [151.903902, -33.71801], [151.899942, -33.719173], [151.897323, -33.71987], [151.894354, -33.720695], [151.890189, -33.721742], [151.886933, -33.722581], [151.884304, -33.723243], [151.880245, -33.724269], [151.876489, -33.725277], [151.873483, -33.726029], [151.869762, -33.726908], [151.866063, -33.72772], [151.862127, -33.728672], [151.857683, -33.729768], [151.854585, -33.730567], [151.851486, -33.731341], [151.8481, -33.732077], [151.843942, -33.73318], [151.840739, -33.733941], [151.837443, -33.734787], [151.834151, -33.73569], [151.829208, -33.736889], [151.826236, -33.737662], [151.821455, -33.738864], [151.817599, -33.739883], [151.813546, -33.74101], [151.809311, -33.742108], [151.805443, -33.743114], [151.802162, -33.743943], [151.797867, -33.74511], [151.793915, -33.746132], [151.790685, -33.746948], [151.787269, -33.74793], [151.783814, -33.748891], [151.780453, -33.749782], [151.777613, -33.750468], [151.773199, -33.751643], [151.769716, -33.752606], [151.7656, -33.75359], [151.761801, -33.754517], [151.758118, -33.755419], [151.755158, -33.75615], [151.751311, -33.757055], [151.747557, -33.757932], [151.743691, -33.758814], [151.740913, -33.759472], [151.736888, -33.760301], [151.732469, -33.761249], [151.729576, -33.761828], [151.725552, -33.76261], [151.721882, -33.763392], [151.718658, -33.764115], [151.715253, -33.764894], [151.711349, -33.765752], [151.706884, -33.766704], [151.702459, -33.767681], [151.698932, -33.768498], [151.694946, -33.769253], [151.691935, -33.769861], [151.688251, -33.770617], [151.684356, -33.771511], [151.679643, -33.772603], [151.676627, -33.773242], [151.673127, -33.774034], [151.668251, -33.775115], [151.664688, -33.775886], [151.660538, -33.776769], [151.657274, -33.777517], [151.652502, -33.778682], [151.649736, -33.77926], [151.644814, -33.780388], [151.641451, -33.781189], [151.637114, -33.782101], [151.633815, -33.782883], [151.63076, -33.783597], [151.626283, -33.784498], [151.622489, -33.785241], [151.618754, -33.786007], [151.615224, -33.786706], [151.61117, -33.787567], [151.606741, -33.788558], [151.602754, -33.789472], [151.599492, -33.790184], [151.594527, -33.791279], [151.591472, -33.79177], [151.58796, -33.792558], [151.583576, -33.79322], [151.581344, -33.793685], [151.577502, -33.794532], [151.574382, -33.795143], [151.570581, -33.796027], [151.567033, -33.796842], [151.56337, -33.797673], [151.559442, -33.798546], [151.555369, -33.799375], [151.552293, -33.800043], [151.547977, -33.801042], [151.544673, -33.801785], [151.540751, -33.802631], [151.537752, -33.803291], [151.533772, -33.804136], [151.530283, -33.804954], [151.527521, -33.805648], [151.523591, -33.806518], [151.520542, -33.807191], [151.516312, -33.808242], [151.511849, -33.809367], [151.50891, -33.810145], [151.504501, -33.81125], [151.500458, -33.812305], [151.495544, -33.813513], [151.491086, -33.814647], [151.48855, -33.815184], [151.484793, -33.816119], [151.48057, -33.817108], [151.476364, -33.818104], [151.471122, -33.819348], [151.468312, -33.820045], [151.464225, -33.821141], [151.460724, -33.822125], [151.457245, -33.823043], [151.45405, -33.823916], [151.449288, -33.824968], [151.444631, -33.826234], [151.44098, -33.827045], [151.436729, -33.828096], [151.43219, -33.829072], [151.428373, -33.829443], [151.424197, -33.82991], [151.420664, -33.830264], [151.416983, -33.830535], [151.412224, -33.830742], [151.408127, -33.830873], [151.403828, -33.831011], [151.397659, -33.831389], [151.393035, -33.831694], [151.389229, -33.831964], [151.385145, -33.832279], [151.382406, -33.832377], [151.378256, -33.832598], [151.374607, -33.832944], [151.370538, -33.833325], [151.366802, -33.833739], [151.362849, -33.833971], [151.358797, -33.83419], [151.355429, -33.834281], [151.351022, -33.834548], [151.346695, -33.834806], [151.342448, -33.835115], [151.338941, -33.835301], [151.335568, -33.83546], [151.331353, -33.835713], [151.327364, -33.836005], [151.324457, -33.836168], [151.321399, -33.835971], [151.317893, -33.835716], [151.31344, -33.8353], [151.310065, -33.834884], [151.30579, -33.834139], [151.302517, -33.833387], [151.299215, -33.832555], [151.294852, -33.831385], [151.291993, -33.830714], [151.287696, -33.829837], [151.284909, -33.829357], [151.281979, -33.829595], [151.279423, -33.830874], [151.277052, -33.83248], [151.275828, -33.834456], [151.274366, -33.837091], [151.272618, -33.83996], [151.270832, -33.842], [151.268518, -33.843617], [151.265481, -33.845235], [151.262273, -33.847042], [151.258979, -33.848748], [151.256144, -33.85031], [151.252862, -33.852121], [151.250272, -33.853556], [151.248129, -33.854285], [151.245997, -33.854241], [151.244138, -33.852671], [151.243155, -33.850139], [151.243343, -33.848514], [151.243315, -33.847793], [151.238445, -33.849395], [151.234634, -33.850681], [151.231364, -33.85145], [151.227042, -33.852031], [151.223699, -33.852562], [151.220928, -33.853257], [151.217559, -33.853436], [151.214434, -33.85342], [151.211629, -33.853372], [151.209158, -33.853224], [151.206704, -33.853271], [151.203421, -33.853855], [151.200698, -33.854403], [151.198853, -33.856012], [151.197875, -33.85872], [151.19684, -33.860382], [151.194388, -33.861728], [151.190454, -33.863324], [151.188075, -33.865153], [151.186301, -33.867616], [151.185857, -33.869358], [151.186177, -33.871493], [151.186184, -33.872371], [151.186303, -33.87233], [151.185748, -33.868881], [151.186539, -33.86779], [151.188131, -33.865822], [151.190122, -33.863852], [151.192745, -33.862378], [151.195528, -33.861596], [151.197715, -33.860166], [151.198866, -33.856809], [151.199798, -33.854866], [151.201704, -33.853852], [151.205127, -33.8531], [151.20738, -33.853012], [151.209667, -33.853486], [151.211512, -33.853879], [151.214867, -33.854401], [151.217579, -33.855117], [151.220991, -33.855939], [151.22329, -33.856486], [151.226156, -33.856911], [151.22883, -33.856697], [151.231908, -33.856725], [151.234829, -33.857158], [151.237619, -33.85801], [151.240592, -33.858685], [151.243095, -33.858789], [151.24611, -33.858707], [151.248922, -33.857537], [151.251668, -33.856568], [151.25405, -33.856402], [151.254972, -33.8578], [151.256466, -33.859927], [151.258446, -33.860537], [151.260371, -33.859465], [151.261311, -33.85769], [151.261938, -33.854924], [151.262994, -33.853662], [151.263367, -33.852178], [151.263857, -33.850323], [151.266122, -33.848497], [151.26765, -33.846939], [151.269598, -33.845275], [151.271296, -33.843757], [151.273344, -33.842041], [151.27464, -33.840617], [151.276725, -33.839773], [151.276979, -33.839282], [151.277313, -33.836159], [151.275893, -33.834959], [151.272885, -33.834414], [151.270666, -33.8343], [151.268225, -33.834331], [151.265795, -33.833797], [151.265105, -33.835216], [151.265388, -33.83758], [151.265312, -33.840068], [151.264982, -33.842381], [151.264228, -33.844889], [151.263737, -33.847275], [151.263444, -33.849687], [151.263035, -33.852093], [151.262666, -33.854607], [151.262645, -33.856769], [151.262404, -33.85914], [151.261674, -33.861493], [151.260862, -33.863554], [151.25887, -33.863473], [151.255999, -33.862522], [151.253655, -33.861965], [151.250729, -33.861316], [151.247826, -33.860728], [151.244888, -33.86006], [151.242176, -33.85917], [151.239287, -33.858813], [151.236739, -33.858352], [151.234951, -33.857638], [151.232499, -33.857017], [151.22972, -33.85649], [151.227202, -33.856246], [151.224694, -33.855628], [151.221424, -33.854664], [151.218216, -33.853976], [151.215389, -33.853482], [151.213278, -33.853042], [151.212017, -33.852499], [151.210514, -33.852275], [151.208098, -33.852366], [151.205441, -33.853361], [151.20282, -33.854327], [151.200354, -33.854915], [151.198509, -33.856554], [151.197729, -33.858931], [151.196454, -33.860623], [151.194081, -33.861611], [151.1915, -33.862865], [151.188507, -33.865293], [151.186514, -33.867417], [151.1857, -33.869254], [151.185609, -33.871538], [151.185804, -33.871981], [151.186967, -33.867087], [151.189842, -33.864293], [151.195829, -33.861029], [151.19854, -33.857606], [151.200123, -33.854675], [151.2061, -33.852707], [151.209442, -33.852724], [151.211495, -33.85307], [151.21962, -33.853637], [151.223567, -33.853576], [151.227172, -33.853161], [151.230224, -33.852297], [151.234448, -33.850774], [151.239257, -33.848637], [151.241089, -33.846949], [151.242641, -33.847619], [151.244024, -33.852762], [151.246173, -33.854152], [151.248829, -33.852385], [151.249422, -33.849189], [151.248979, -33.846131], [151.247623, -33.844333], [151.248172, -33.844531], [151.253547, -33.846213], [151.255406, -33.844323], [151.261617, -33.839647], [151.266112, -33.834056], [151.268619, -33.830842], [151.271433, -33.828466], [151.273618, -33.825371], [151.276377, -33.821328], [151.278504, -33.818626], [151.281717, -33.815354], [151.283948, -33.813684], [151.284759, -33.810684], [151.285791, -33.808716], [151.285342, -33.808779], [151.282654, -33.809945], [151.281744, -33.808541], [151.281877, -33.805751], [151.281858, -33.803909], [151.281616, -33.802244], [151.281453, -33.801107], [151.281827, -33.800901], [151.284734, -33.800877], [151.283212, -33.802548], [151.280989, -33.805283], [151.278701, -33.808397], [151.276723, -33.811119], [151.275233, -33.813677], [151.273739, -33.816042], [151.27144, -33.818129], [151.269405, -33.819993], [151.266204, -33.82186], [151.263631, -33.823354], [151.262843, -33.824872]]}, "times": ["2022-12-21T03:26:34+00:00", "2022-12-21T03:28:35+00:00", "2022-12-21T06:39:32+00:00", "2022-12-21T11:07:28+00:00", "2022-12-21T11:10:30+00:00", "2022-12-21T11:11:30+00:00", "2022-12-21T11:13:47+00:00", "2022-12-21T11:16:30+00:00", "2022-12-21T11:17:47+00:00", "2022-12-21T11:20:30+00:00", "2022-12-21T11:21:48+00:00", "2022-12-21T11:24:30+00:00", "2022-12-21T11:26:04+00:00", "2022-12-21T11:28:30+00:00", "2022-12-21T11:31:30+00:00", "2022-12-21T11:33:30+00:00", "2022-12-21T11:36:30+00:00", "2022-12-21T11:38:01+00:00", "2022-12-21T11:40:31+00:00", "2022-12-21T11:42:31+00:00", "2022-12-21T11:45:30+00:00", "2022-12-21T11:46:31+00:00", "2022-12-21T11:49:06+00:00", "2022-12-21T11:51:31+00:00", "2022-12-21T11:53:31+00:00", "2022-12-21T11:56:31+00:00", "2022-12-21T11:58:23+00:00", "2022-12-21T12:00:31+00:00", "2022-12-21T12:02:40+00:00", "2022-12-21T12:04:30+00:00", "2022-12-21T12:07:32+00:00", "2022-12-21T12:09:32+00:00", "2022-12-21T12:12:32+00:00", "2022-12-21T12:14:30+00:00", "2022-12-21T12:17:21+00:00", "2022-12-21T12:19:33+00:00", "2022-12-21T12:22:33+00:00", "2022-12-21T12:23:33+00:00", "2022-12-21T12:26:33+00:00", "2022-12-21T12:28:33+00:00", "2022-12-21T12:30:33+00:00", "2022-12-21T12:32:33+00:00", "2022-12-21T12:34:43+00:00", "2022-12-21T12:38:32+00:00", "2022-12-21T12:40:11+00:00", "2022-12-21T12:42:48+00:00", "2022-12-21T12:45:34+00:00", "2022-12-21T12:48:34+00:00", "2022-12-21T12:50:34+00:00", "2022-12-21T12:53:34+00:00", "2022-12-21T12:55:34+00:00", "2022-12-21T12:58:01+00:00", "2022-12-21T13:00:36+00:00", "2022-12-21T13:03:36+00:00", "2022-12-21T13:05:36+00:00", "2022-12-21T13:07:14+00:00", "2022-12-21T13:09:41+00:00", "2022-12-21T13:12:35+00:00", "2022-12-21T13:14:24+00:00", "2022-12-21T13:16:36+00:00", "2022-12-21T13:18:41+00:00", "2022-12-21T13:22:33+00:00", "2022-12-21T13:24:30+00:00", "2022-12-21T13:26:29+00:00", "2022-12-21T13:28:37+00:00", "2022-12-21T13:31:37+00:00", "2022-12-21T13:32:37+00:00", "2022-12-21T13:35:37+00:00", "2022-12-21T13:37:02+00:00", "2022-12-21T13:40:36+00:00", "2022-12-21T13:41:36+00:00", "2022-12-21T13:43:36+00:00", "2022-12-21T13:46:37+00:00", "2022-12-21T13:47:56+00:00", "2022-12-21T13:50:37+00:00", "2022-12-21T13:52:37+00:00", "2022-12-21T13:54:30+00:00", "2022-12-21T13:57:39+00:00", "2022-12-21T13:59:39+00:00", "2022-12-21T14:02:39+00:00", "2022-12-21T14:03:49+00:00", "2022-12-21T14:05:40+00:00", "2022-12-21T14:07:40+00:00", "2022-12-21T14:09:40+00:00", "2022-12-21T14:12:30+00:00", "2022-12-21T14:14:30+00:00", "2022-12-21T14:17:35+00:00", "2022-12-21T14:19:41+00:00", "2022-12-21T14:22:41+00:00", "2022-12-21T14:24:30+00:00", "2022-12-21T14:27:41+00:00", "2022-12-21T14:30:41+00:00", "2022-12-21T14:32:41+00:00", "2022-12-21T14:34:30+00:00", "2022-12-21T14:36:42+00:00", "2022-12-21T14:38:42+00:00", "2022-12-21T14:41:05+00:00", "2022-12-21T14:43:43+00:00", "2022-12-21T14:45:43+00:00", "2022-12-21T14:47:43+00:00", "2022-12-21T14:50:43+00:00", "2022-12-21T14:53:43+00:00", "2022-12-21T14:55:43+00:00", "2022-12-21T14:58:45+00:00", "2022-12-21T15:00:45+00:00", "2022-12-21T15:03:39+00:00", "2022-12-21T15:06:44+00:00", "2022-12-21T15:08:47+00:00", "2022-12-21T15:10:24+00:00", "2022-12-21T15:13:41+00:00", "2022-12-21T15:15:42+00:00", "2022-12-21T15:17:45+00:00", "2022-12-21T15:20:46+00:00", "2022-12-21T15:22:46+00:00", "2022-12-21T15:24:57+00:00", "2022-12-21T15:27:46+00:00", "2022-12-21T15:29:18+00:00", "2022-12-21T15:32:45+00:00", "2022-12-21T15:34:45+00:00", "2022-12-21T15:37:45+00:00", "2022-12-21T15:39:53+00:00", "2022-12-21T15:42:36+00:00", "2022-12-21T15:43:46+00:00", "2022-12-21T15:47:15+00:00", "2022-12-21T15:49:46+00:00", "2022-12-21T15:50:53+00:00", "2022-12-21T15:53:47+00:00", "2022-12-21T15:56:47+00:00", "2022-12-21T15:59:48+00:00", "2022-12-21T16:01:48+00:00", "2022-12-21T16:03:32+00:00", "2022-12-21T16:05:38+00:00", "2022-12-21T16:07:48+00:00", "2022-12-21T16:10:08+00:00", "2022-12-21T16:12:49+00:00", "2022-12-21T16:15:49+00:00", "2022-12-21T16:17:49+00:00", "2022-12-21T16:19:50+00:00", "2022-12-21T16:22:50+00:00", "2022-12-21T16:23:50+00:00", "2022-12-21T16:26:25+00:00", "2022-12-21T16:28:50+00:00", "2022-12-21T16:30:50+00:00", "2022-12-21T16:32:50+00:00", "2022-12-21T16:34:45+00:00", "2022-12-21T16:37:43+00:00", "2022-12-21T16:39:43+00:00", "2022-12-21T16:42:31+00:00", "2022-12-21T16:44:45+00:00", "2022-12-21T16:46:50+00:00", "2022-12-21T16:49:00+00:00", "2022-12-21T16:51:20+00:00", "2022-12-21T16:53:51+00:00", "2022-12-21T16:56:51+00:00", "2022-12-21T16:58:51+00:00", "2022-12-21T17:00:54+00:00", "2022-12-21T17:04:45+00:00", "2022-12-21T17:06:26+00:00", "2022-12-21T17:08:51+00:00", "2022-12-21T17:11:19+00:00", "2022-12-21T17:12:51+00:00", "2022-12-21T17:15:51+00:00", "2022-12-21T17:17:51+00:00", "2022-12-21T17:19:51+00:00", "2022-12-21T17:22:59+00:00", "2022-12-21T17:24:09+00:00", "2022-12-21T17:26:51+00:00", "2022-12-21T17:28:51+00:00", "2022-12-21T17:31:59+00:00", "2022-12-21T17:33:51+00:00", "2022-12-21T17:36:51+00:00", "2022-12-21T17:38:59+00:00", "2022-12-21T17:41:51+00:00", "2022-12-21T17:44:59+00:00", "2022-12-21T17:47:57+00:00", "2022-12-21T17:49:58+00:00", "2022-12-21T17:52:56+00:00", "2022-12-21T17:54:12+00:00", "2022-12-21T17:56:36+00:00", "2022-12-21T17:58:59+00:00", "2022-12-21T18:01:44+00:00", "2022-12-21T18:03:59+00:00", "2022-12-21T18:07:00+00:00", "2022-12-21T18:09:00+00:00", "2022-12-21T18:11:00+00:00", "2022-12-21T18:14:05+00:00", "2022-12-21T18:15:22+00:00", "2022-12-21T18:17:59+00:00", "2022-12-21T18:21:00+00:00", "2022-12-21T18:23:00+00:00", "2022-12-21T18:25:00+00:00", "2022-12-21T18:27:00+00:00", "2022-12-21T18:29:00+00:00", "2022-12-21T18:32:00+00:00", "2022-12-21T18:34:01+00:00", "2022-12-21T18:36:01+00:00", "2022-12-21T18:38:01+00:00", "2022-12-21T18:41:01+00:00", "2022-12-21T18:43:02+00:00", "2022-12-21T18:45:00+00:00", "2022-12-21T18:47:02+00:00", "2022-12-21T18:49:02+00:00", "2022-12-21T18:52:02+00:00", "2022-12-21T18:54:02+00:00", "2022-12-21T18:57:02+00:00", "2022-12-21T18:59:02+00:00", "2022-12-21T19:01:04+00:00", "2022-12-21T19:04:03+00:00", "2022-12-21T19:06:04+00:00", "2022-12-21T19:09:04+00:00", "2022-12-21T19:10:19+00:00", "2022-12-21T19:13:05+00:00", "2022-12-21T19:16:05+00:00", "2022-12-21T19:17:53+00:00", "2022-12-21T19:20:05+00:00", "2022-12-21T19:22:05+00:00", "2022-12-21T19:25:00+00:00", "2022-12-21T19:27:05+00:00", "2022-12-21T19:29:22+00:00", "2022-12-21T19:32:05+00:00", "2022-12-21T19:35:00+00:00", "2022-12-21T19:37:04+00:00", "2022-12-21T19:39:47+00:00", "2022-12-21T19:42:12+00:00", "2022-12-21T19:45:00+00:00", "2022-12-21T19:47:05+00:00", "2022-12-21T19:50:05+00:00", "2022-12-21T19:52:06+00:00", "2022-12-21T19:54:06+00:00", "2022-12-21T19:56:07+00:00", "2022-12-21T19:59:07+00:00", "2022-12-21T20:01:07+00:00", "2022-12-21T20:03:07+00:00", "2022-12-21T20:05:00+00:00", "2022-12-21T20:07:08+00:00", "2022-12-21T20:09:08+00:00", "2022-12-21T20:11:09+00:00", "2022-12-21T20:14:09+00:00", "2022-12-21T20:16:09+00:00", "2022-12-21T20:17:40+00:00", "2022-12-21T20:20:09+00:00", "2022-12-21T20:21:09+00:00", "2022-12-21T20:24:09+00:00", "2022-12-21T20:26:57+00:00", "2022-12-21T20:28:08+00:00", "2022-12-21T20:31:09+00:00", "2022-12-21T20:33:09+00:00", "2022-12-21T20:35:00+00:00", "2022-12-21T20:37:09+00:00", "2022-12-21T20:39:47+00:00", "2022-12-21T20:42:10+00:00", "2022-12-21T20:44:10+00:00", "2022-12-21T20:46:10+00:00", "2022-12-21T20:48:11+00:00", "2022-12-21T20:50:16+00:00", "2022-12-21T20:53:11+00:00", "2022-12-21T20:55:00+00:00", "2022-12-21T20:57:11+00:00", "2022-12-21T20:59:57+00:00", "2022-12-21T21:02:16+00:00", "2022-12-21T21:05:00+00:00", "2022-12-21T21:06:17+00:00", "2022-12-21T21:10:11+00:00", "2022-12-21T21:12:14+00:00", "2022-12-21T21:15:00+00:00", "2022-12-21T21:16:08+00:00", "2022-12-21T21:18:09+00:00", "2022-12-21T21:20:10+00:00", "2022-12-21T21:23:11+00:00", "2022-12-21T21:25:00+00:00", "2022-12-21T21:27:52+00:00", "2022-12-21T21:31:10+00:00", "2022-12-21T21:33:29+00:00", "2022-12-21T21:35:15+00:00", "2022-12-21T21:37:14+00:00", "2022-12-21T21:40:15+00:00", "2022-12-21T21:42:15+00:00", "2022-12-21T21:44:17+00:00", "2022-12-21T21:47:23+00:00", "2022-12-21T21:50:15+00:00", "2022-12-21T21:52:15+00:00", "2022-12-21T21:54:56+00:00", "2022-12-21T21:56:54+00:00", "2022-12-21T21:59:21+00:00", "2022-12-21T22:01:21+00:00", "2022-12-21T22:04:21+00:00", "2022-12-21T22:06:21+00:00", "2022-12-21T22:09:22+00:00", "2022-12-21T22:11:23+00:00", "2022-12-21T22:12:48+00:00", "2022-12-21T22:15:15+00:00", "2022-12-21T22:17:20+00:00", "2022-12-21T22:20:17+00:00", "2022-12-21T22:23:01+00:00", "2022-12-21T22:24:21+00:00", "2022-12-21T22:26:22+00:00", "2022-12-21T22:29:21+00:00", "2022-12-21T22:31:30+00:00", "2022-12-21T22:34:22+00:00", "2022-12-21T22:36:11+00:00", "2022-12-21T22:39:26+00:00", "2022-12-21T22:40:26+00:00", "2022-12-21T22:43:27+00:00", "2022-12-21T22:44:48+00:00", "2022-12-21T22:47:24+00:00", "2022-12-21T22:48:31+00:00", "2022-12-21T22:51:31+00:00", "2022-12-21T22:54:26+00:00", "2022-12-21T22:55:59+00:00", "2022-12-21T22:57:52+00:00", "2022-12-21T23:01:27+00:00", "2022-12-21T23:02:28+00:00", "2022-12-21T23:05:57+00:00", "2022-12-21T23:07:27+00:00", "2022-12-21T23:09:28+00:00", "2022-12-21T23:13:27+00:00", "2022-12-21T23:15:29+00:00", "2022-12-21T23:17:29+00:00", "2022-12-21T23:20:29+00:00", "2022-12-21T23:22:29+00:00", "2022-12-21T23:24:29+00:00", "2022-12-21T23:27:27+00:00", "2022-12-21T23:28:30+00:00", "2022-12-21T23:31:30+00:00", "2022-12-21T23:33:30+00:00", "2022-12-21T23:34:36+00:00", "2022-12-21T23:37:30+00:00", "2022-12-21T23:39:30+00:00", "2022-12-21T23:41:29+00:00", "2022-12-21T23:43:21+00:00", "2022-12-21T23:44:53+00:00", "2022-12-21T23:46:46+00:00", "2022-12-21T23:49:30+00:00", "2022-12-21T23:51:30+00:00", "2022-12-21T23:52:38+00:00", "2022-12-21T23:55:30+00:00", "2022-12-21T23:56:30+00:00", "2022-12-21T23:59:31+00:00", "2022-12-22T00:00:51+00:00", "2022-12-22T00:03:08+00:00", "2022-12-22T00:05:30+00:00", "2022-12-22T00:07:31+00:00", "2022-12-22T00:09:21+00:00", "2022-12-22T00:11:32+00:00", "2022-12-22T00:13:49+00:00", "2022-12-22T00:16:35+00:00", "2022-12-22T00:18:35+00:00", "2022-12-22T00:19:35+00:00", "2022-12-22T00:22:34+00:00", "2022-12-22T00:24:35+00:00", "2022-12-22T00:26:31+00:00", "2022-12-22T00:27:35+00:00", "2022-12-22T00:30:11+00:00", "2022-12-22T00:32:33+00:00", "2022-12-22T00:34:34+00:00", "2022-12-22T00:36:41+00:00", "2022-12-22T00:38:36+00:00", "2022-12-22T00:40:37+00:00", "2022-12-22T00:44:37+00:00", "2022-12-22T00:46:37+00:00", "2022-12-22T00:47:41+00:00", "2022-12-22T00:49:14+00:00", "2022-12-22T00:51:23+00:00", "2022-12-22T00:52:38+00:00", "2022-12-22T00:55:30+00:00", "2022-12-22T00:57:37+00:00", "2022-12-22T00:59:37+00:00", "2022-12-22T01:00:38+00:00", "2022-12-22T01:03:21+00:00", "2022-12-22T01:04:38+00:00", "2022-12-22T01:06:38+00:00", "2022-12-22T01:08:38+00:00", "2022-12-22T01:10:50+00:00", "2022-12-22T01:12:38+00:00", "2022-12-22T01:14:47+00:00", "2022-12-22T01:16:38+00:00", "2022-12-22T01:18:40+00:00", "2022-12-22T01:20:47+00:00", "2022-12-22T01:22:41+00:00", "2022-12-22T01:25:30+00:00", "2022-12-22T01:26:41+00:00", "2022-12-22T01:28:41+00:00", "2022-12-22T01:30:15+00:00", "2022-12-22T01:32:24+00:00", "2022-12-22T01:33:41+00:00", "2022-12-22T01:35:30+00:00", "2022-12-22T01:37:58+00:00", "2022-12-22T01:40:39+00:00", "2022-12-22T01:41:39+00:00", "2022-12-22T01:43:00+00:00", "2022-12-22T01:44:20+00:00", "2022-12-22T01:46:21+00:00", "2022-12-22T01:47:33+00:00", "2022-12-22T01:48:57+00:00", "2022-12-22T01:49:41+00:00", "2022-12-22T01:51:47+00:00", "2022-12-22T01:55:45+00:00", "2022-12-22T01:57:54+00:00", "2022-12-22T01:59:42+00:00", "2022-12-22T02:01:10+00:00", "2022-12-22T02:03:26+00:00", "2022-12-22T02:04:47+00:00", "2022-12-22T02:06:11+00:00", "2022-12-22T02:08:31+00:00", "2022-12-22T02:09:53+00:00", "2022-12-22T02:12:27+00:00", "2022-12-22T02:13:45+00:00", "2022-12-22T02:15:45+00:00", "2022-12-22T02:16:46+00:00", "2022-12-22T02:18:24+00:00", "2022-12-22T02:19:48+00:00", "2022-12-22T02:22:38+00:00", "2022-12-22T02:23:48+00:00", "2022-12-22T02:24:48+00:00", "2022-12-22T02:26:48+00:00", "2022-12-22T02:28:49+00:00", "2022-12-22T02:29:49+00:00", "2022-12-22T02:30:49+00:00", "2022-12-22T02:32:15+00:00", "2022-12-22T02:33:49+00:00", "2022-12-22T02:34:40+00:00", "2022-12-22T02:35:56+00:00", "2022-12-22T02:37:12+00:00", "2022-12-22T02:38:56+00:00", "2022-12-22T02:40:12+00:00", "2022-12-22T02:41:32+00:00", "2022-12-22T02:42:57+00:00", "2022-12-22T02:44:13+00:00", "2022-12-22T02:45:29+00:00", "2022-12-22T02:46:49+00:00", "2022-12-22T02:48:18+00:00", "2022-12-22T02:49:26+00:00", "2022-12-22T02:50:51+00:00", "2022-12-22T02:51:58+00:00", "2022-12-22T02:53:30+00:00", "2022-12-22T02:54:51+00:00", "2022-12-22T02:56:02+00:00", "2022-12-22T02:57:14+00:00", "2022-12-22T02:58:18+00:00", "2022-12-22T02:59:51+00:00", "2022-12-22T03:01:07+00:00", "2022-12-22T03:02:53+00:00", "2022-12-22T03:03:53+00:00", "2022-12-22T03:04:53+00:00", "2022-12-22T03:06:53+00:00", "2022-12-22T03:07:55+00:00", "2022-12-22T03:09:07+00:00", "2022-12-22T03:10:52+00:00", "2022-12-22T03:11:52+00:00", "2022-12-22T03:13:28+00:00", "2022-12-22T03:14:40+00:00", "2022-12-22T03:16:16+00:00", "2022-12-22T03:17:53+00:00", "2022-12-22T03:18:59+00:00", "2022-12-22T03:20:33+00:00", "2022-12-22T03:21:45+00:00", "2022-12-22T03:23:17+00:00", "2022-12-22T03:24:25+00:00", "2022-12-22T03:25:45+00:00", "2022-12-22T03:27:34+00:00", "2022-12-22T03:28:50+00:00", "2022-12-22T03:29:54+00:00", "2022-12-22T03:30:59+00:00", "2022-12-22T03:32:51+00:00", "2022-12-22T03:34:18+00:00", "2022-12-22T03:35:27+00:00", "2022-12-22T03:36:47+00:00", "2022-12-22T03:37:43+00:00", "2022-12-22T03:39:31+00:00", "2022-12-22T03:40:51+00:00", "2022-12-22T03:42:19+00:00", "2022-12-22T03:43:16+00:00", "2022-12-22T03:44:40+00:00", "2022-12-22T03:46:04+00:00", "2022-12-22T03:47:28+00:00", "2022-12-22T03:48:51+00:00", "2022-12-22T03:50:04+00:00", "2022-12-22T03:51:53+00:00", "2022-12-22T03:53:01+00:00", "2022-12-22T03:54:25+00:00", "2022-12-22T03:55:45+00:00", "2022-12-22T03:57:13+00:00", "2022-12-22T03:58:42+00:00", "2022-12-22T03:59:51+00:00", "2022-12-22T04:00:51+00:00", "2022-12-22T04:01:54+00:00", "2022-12-22T04:02:51+00:00", "2022-12-22T04:04:38+00:00", "2022-12-22T04:05:45+00:00", "2022-12-22T04:06:51+00:00", "2022-12-22T04:08:55+00:00", "2022-12-22T04:10:19+00:00", "2022-12-22T04:11:27+00:00", "2022-12-22T04:12:31+00:00", "2022-12-22T04:13:51+00:00", "2022-12-22T04:14:35+00:00", "2022-12-22T04:15:51+00:00", "2022-12-22T04:17:11+00:00", "2022-12-22T04:18:24+00:00", "2022-12-22T04:19:32+00:00", "2022-12-22T04:20:48+00:00", "2022-12-22T04:21:59+00:00", "2022-12-22T04:22:59+00:00", "2022-12-22T04:24:52+00:00", "2022-12-22T04:25:59+00:00", "2022-12-22T04:26:57+00:00", "2022-12-22T04:27:59+00:00", "2022-12-22T04:29:01+00:00", "2022-12-22T04:30:41+00:00", "2022-12-22T04:31:57+00:00", "2022-12-22T04:32:57+00:00", "2022-12-22T04:33:59+00:00", "2022-12-22T04:35:05+00:00", "2022-12-22T04:36:14+00:00", "2022-12-22T04:37:14+00:00", "2022-12-22T04:38:42+00:00", "2022-12-22T04:39:38+00:00", "2022-12-22T04:40:58+00:00", "2022-12-22T04:42:06+00:00", "2022-12-22T04:43:18+00:00", "2022-12-22T04:44:26+00:00", "2022-12-22T04:45:51+00:00", "2022-12-22T04:46:45+00:00", "2022-12-22T04:48:19+00:00", "2022-12-22T04:49:11+00:00", "2022-12-22T04:50:27+00:00", "2022-12-22T04:51:23+00:00", "2022-12-22T04:52:35+00:00", "2022-12-22T04:53:31+00:00", "2022-12-22T04:54:55+00:00", "2022-12-22T04:56:03+00:00", "2022-12-22T04:57:36+00:00", "2022-12-22T04:58:56+00:00", "2022-12-22T04:59:56+00:00", "2022-12-22T05:01:00+00:00", "2022-12-22T05:01:56+00:00", "2022-12-22T05:02:58+00:00", "2022-12-22T05:03:58+00:00", "2022-12-22T05:05:20+00:00", "2022-12-22T05:06:16+00:00", "2022-12-22T05:08:01+00:00", "2022-12-22T05:08:59+00:00", "2022-12-22T05:10:01+00:00", "2022-12-22T05:11:09+00:00", "2022-12-22T05:12:17+00:00", "2022-12-22T05:13:37+00:00", "2022-12-22T05:14:37+00:00", "2022-12-22T05:15:37+00:00", "2022-12-22T05:16:45+00:00", "2022-12-22T05:18:14+00:00", "2022-12-22T05:19:22+00:00", "2022-12-22T05:20:50+00:00", "2022-12-22T05:22:06+00:00", "2022-12-22T05:23:26+00:00", "2022-12-22T05:24:42+00:00", "2022-12-22T05:25:59+00:00", "2022-12-22T05:27:11+00:00", "2022-12-22T05:28:06+00:00", "2022-12-22T05:29:45+00:00", "2022-12-22T05:31:06+00:00", "2022-12-22T05:32:06+00:00", "2022-12-22T05:33:22+00:00", "2022-12-22T05:34:18+00:00", "2022-12-22T05:36:11+00:00", "2022-12-22T05:37:38+00:00", "2022-12-22T05:38:39+00:00", "2022-12-22T05:40:08+00:00", "2022-12-22T05:41:08+00:00", "2022-12-22T05:42:19+00:00", "2022-12-22T05:43:59+00:00", "2022-12-22T05:45:03+00:00", "2022-12-22T05:46:15+00:00", "2022-12-22T05:47:56+00:00", "2022-12-22T05:49:08+00:00", "2022-12-22T05:51:08+00:00", "2022-12-22T05:52:24+00:00", "2022-12-22T05:54:20+00:00", "2022-12-22T05:55:44+00:00", "2022-12-22T05:57:09+00:00", "2022-12-22T05:58:33+00:00", "2022-12-22T05:59:29+00:00", "2022-12-22T06:01:37+00:00", "2022-12-22T06:02:37+00:00", "2022-12-22T06:03:53+00:00", "2022-12-22T06:04:58+00:00", "2022-12-22T06:06:05+00:00", "2022-12-22T06:07:15+00:00", "2022-12-22T06:08:05+00:00", "2022-12-22T06:09:39+00:00", "2022-12-22T06:11:23+00:00", "2022-12-22T06:12:31+00:00", "2022-12-22T06:14:16+00:00", "2022-12-22T06:15:40+00:00", "2022-12-22T06:17:15+00:00", "2022-12-22T06:18:21+00:00", "2022-12-22T06:19:21+00:00", "2022-12-22T06:20:28+00:00", "2022-12-22T06:22:12+00:00", "2022-12-22T06:23:22+00:00", "2022-12-22T06:24:45+00:00", "2022-12-22T06:26:10+00:00", "2022-12-22T06:27:15+00:00", "2022-12-22T06:28:14+00:00", "2022-12-22T06:30:06+00:00", "2022-12-22T06:31:56+00:00", "2022-12-22T06:32:54+00:00", "2022-12-22T06:33:58+00:00", "2022-12-22T06:35:10+00:00", "2022-12-22T06:36:26+00:00", "2022-12-22T06:37:22+00:00", "2022-12-22T06:38:43+00:00", "2022-12-22T06:39:47+00:00", "2022-12-22T06:41:27+00:00", "2022-12-22T06:42:43+00:00", "2022-12-22T06:43:55+00:00", "2022-12-22T06:45:22+00:00", "2022-12-22T06:46:44+00:00", "2022-12-22T06:48:04+00:00", "2022-12-22T06:49:40+00:00", "2022-12-22T06:51:26+00:00", "2022-12-22T06:53:00+00:00", "2022-12-22T06:54:32+00:00", "2022-12-22T06:56:01+00:00", "2022-12-22T06:57:25+00:00", "2022-12-22T06:58:53+00:00", "2022-12-22T06:59:49+00:00", "2022-12-22T07:01:26+00:00", "2022-12-22T07:02:26+00:00", "2022-12-22T07:03:38+00:00", "2022-12-22T07:04:42+00:00", "2022-12-22T07:05:38+00:00", "2022-12-22T07:07:02+00:00", "2022-12-22T07:08:02+00:00", "2022-12-22T07:09:58+00:00", "2022-12-22T07:11:23+00:00", "2022-12-22T07:12:50+00:00", "2022-12-22T07:14:11+00:00", "2022-12-22T07:15:24+00:00", "2022-12-22T07:16:27+00:00", "2022-12-22T07:18:23+00:00", "2022-12-22T07:19:27+00:00", "2022-12-22T07:20:25+00:00", "2022-12-22T07:22:19+00:00", "2022-12-22T07:23:25+00:00", "2022-12-22T07:24:32+00:00", "2022-12-22T07:25:36+00:00", "2022-12-22T07:26:28+00:00", "2022-12-22T07:27:24+00:00", "2022-12-22T07:29:04+00:00", "2022-12-22T07:29:52+00:00", "2022-12-22T07:30:52+00:00", "2022-12-22T07:32:29+00:00", "2022-12-22T07:33:29+00:00", "2022-12-22T07:34:41+00:00", "2022-12-22T07:35:33+00:00", "2022-12-22T07:36:53+00:00", "2022-12-22T07:37:53+00:00", "2022-12-22T07:38:45+00:00", "2022-12-22T07:39:58+00:00", "2022-12-22T07:40:50+00:00", "2022-12-22T07:42:29+00:00", "2022-12-22T07:43:26+00:00", "2022-12-22T07:44:38+00:00", "2022-12-22T07:46:06+00:00", "2022-12-22T07:47:30+00:00", "2022-12-22T07:49:07+00:00", "2022-12-22T07:50:19+00:00", "2022-12-22T07:51:51+00:00", "2022-12-22T07:53:03+00:00", "2022-12-22T07:54:30+00:00", "2022-12-22T07:55:56+00:00", "2022-12-22T07:56:44+00:00", "2022-12-22T07:57:40+00:00", "2022-12-22T07:59:12+00:00", "2022-12-22T08:00:40+00:00", "2022-12-22T08:01:24+00:00", "2022-12-22T08:02:26+00:00", "2022-12-22T08:03:32+00:00", "2022-12-22T08:04:49+00:00", "2022-12-22T08:05:49+00:00", "2022-12-22T08:07:09+00:00", "2022-12-22T08:08:05+00:00", "2022-12-22T08:09:27+00:00", "2022-12-22T08:10:37+00:00", "2022-12-22T08:12:09+00:00", "2022-12-22T08:13:29+00:00", "2022-12-22T08:14:30+00:00", "2022-12-22T08:16:14+00:00", "2022-12-22T08:17:54+00:00", "2022-12-22T08:19:26+00:00", "2022-12-22T08:20:58+00:00", "2022-12-22T08:22:06+00:00", "2022-12-22T08:23:27+00:00", "2022-12-22T08:24:47+00:00", "2022-12-22T08:26:19+00:00", "2022-12-22T08:26:51+00:00", "2022-12-22T08:28:36+00:00", "2022-12-22T08:30:01+00:00", "2022-12-22T08:31:33+00:00", "2022-12-22T08:33:33+00:00", "2022-12-22T08:34:21+00:00", "2022-12-22T08:35:33+00:00", "2022-12-22T08:36:37+00:00", "2022-12-22T08:37:53+00:00", "2022-12-22T08:39:17+00:00", "2022-12-22T08:40:22+00:00", "2022-12-22T08:41:18+00:00", "2022-12-22T08:42:46+00:00", "2022-12-22T08:43:46+00:00", "2022-12-22T08:44:58+00:00", "2022-12-22T08:46:02+00:00", "2022-12-22T08:47:14+00:00", "2022-12-22T08:48:26+00:00", "2022-12-22T08:49:18+00:00", "2022-12-22T08:50:41+00:00", "2022-12-22T08:52:33+00:00", "2022-12-22T08:53:33+00:00", "2022-12-22T08:54:35+00:00", "2022-12-22T08:55:51+00:00", "2022-12-22T08:57:15+00:00", "2022-12-22T08:57:59+00:00", "2022-12-22T08:59:35+00:00", "2022-12-22T09:00:44+00:00", "2022-12-22T09:02:08+00:00", "2022-12-22T09:03:28+00:00", "2022-12-22T09:04:36+00:00", "2022-12-22T09:05:32+00:00", "2022-12-22T09:06:41+00:00", "2022-12-22T09:07:52+00:00", "2022-12-22T09:08:44+00:00", "2022-12-22T09:10:25+00:00", "2022-12-22T09:11:36+00:00", "2022-12-22T09:12:37+00:00", "2022-12-22T09:13:37+00:00", "2022-12-22T09:14:38+00:00", "2022-12-22T09:16:22+00:00", "2022-12-22T09:17:46+00:00", "2022-12-22T09:19:27+00:00", "2022-12-22T09:20:43+00:00", "2022-12-22T09:22:11+00:00", "2022-12-22T09:23:37+00:00", "2022-12-22T09:24:27+00:00", "2022-12-22T09:25:37+00:00", "2022-12-22T09:26:27+00:00", "2022-12-22T09:27:47+00:00", "2022-12-22T09:28:51+00:00", "2022-12-22T09:30:20+00:00", "2022-12-22T09:31:12+00:00", "2022-12-22T09:32:36+00:00", "2022-12-22T09:33:39+00:00", "2022-12-22T09:35:28+00:00", "2022-12-22T09:36:40+00:00", "2022-12-22T09:37:48+00:00", "2022-12-22T09:39:12+00:00", "2022-12-22T09:40:32+00:00", "2022-12-22T09:41:39+00:00", "2022-12-22T09:43:38+00:00", "2022-12-22T09:45:13+00:00", "2022-12-22T09:46:13+00:00", "2022-12-22T09:47:37+00:00", "2022-12-22T09:48:41+00:00", "2022-12-22T09:50:09+00:00", "2022-12-22T09:51:38+00:00", "2022-12-22T09:53:10+00:00", "2022-12-22T09:54:39+00:00", "2022-12-22T09:55:39+00:00", "2022-12-22T09:57:30+00:00", "2022-12-22T09:59:10+00:00", "2022-12-22T10:00:40+00:00", "2022-12-22T10:01:50+00:00", "2022-12-22T10:03:40+00:00", "2022-12-22T10:04:55+00:00", "2022-12-22T10:07:07+00:00", "2022-12-22T10:08:40+00:00", "2022-12-22T10:10:40+00:00", "2022-12-22T10:12:40+00:00", "2022-12-22T10:14:04+00:00", "2022-12-22T10:16:28+00:00", "2022-12-22T10:18:20+00:00", "2022-12-22T10:19:44+00:00", "2022-12-22T10:21:04+00:00", "2022-12-22T10:22:33+00:00", "2022-12-22T10:23:57+00:00", "2022-12-22T10:25:25+00:00", "2022-12-22T10:26:39+00:00", "2022-12-22T10:28:13+00:00", "2022-12-22T10:29:38+00:00", "2022-12-22T10:31:18+00:00", "2022-12-22T10:32:38+00:00", "2022-12-22T10:33:40+00:00", "2022-12-22T10:34:54+00:00", "2022-12-22T10:36:39+00:00", "2022-12-22T10:37:55+00:00", "2022-12-22T10:39:45+00:00", "2022-12-22T10:41:15+00:00", "2022-12-22T10:42:41+00:00", "2022-12-22T10:43:43+00:00", "2022-12-22T10:45:08+00:00", "2022-12-22T10:46:42+00:00", "2022-12-22T10:48:04+00:00", "2022-12-22T10:49:16+00:00", "2022-12-22T10:50:43+00:00", "2022-12-22T10:51:43+00:00", "2022-12-22T10:53:44+00:00", "2022-12-22T10:54:44+00:00", "2022-12-22T10:56:37+00:00", "2022-12-22T10:57:57+00:00", "2022-12-22T10:59:26+00:00", "2022-12-22T11:01:30+00:00", "2022-12-22T11:02:42+00:00", "2022-12-22T11:03:46+00:00", "2022-12-22T11:05:14+00:00", "2022-12-22T11:06:50+00:00", "2022-12-22T11:09:31+00:00", "2022-12-22T11:10:47+00:00", "2022-12-22T11:12:07+00:00", "2022-12-22T11:13:43+00:00", "2022-12-22T11:14:47+00:00", "2022-12-22T11:15:47+00:00", "2022-12-22T11:17:45+00:00", "2022-12-22T11:19:47+00:00", "2022-12-22T11:20:47+00:00", "2022-12-22T11:22:47+00:00", "2022-12-22T11:23:47+00:00", "2022-12-22T11:25:32+00:00", "2022-12-22T11:26:49+00:00", "2022-12-22T11:28:09+00:00", "2022-12-22T11:29:37+00:00", "2022-12-22T11:30:53+00:00", "2022-12-22T11:32:45+00:00", "2022-12-22T11:34:29+00:00", "2022-12-22T11:35:45+00:00", "2022-12-22T11:36:46+00:00", "2022-12-22T11:38:02+00:00", "2022-12-22T11:39:51+00:00", "2022-12-22T11:41:22+00:00", "2022-12-22T11:42:51+00:00", "2022-12-22T11:43:51+00:00", "2022-12-22T11:44:51+00:00", "2022-12-22T11:46:03+00:00", "2022-12-22T11:47:35+00:00", "2022-12-22T11:48:47+00:00", "2022-12-22T11:49:43+00:00", "2022-12-22T11:50:43+00:00", "2022-12-22T11:51:59+00:00", "2022-12-22T11:52:40+00:00", "2022-12-22T11:54:28+00:00", "2022-12-22T11:55:51+00:00", "2022-12-22T11:57:45+00:00", "2022-12-22T11:59:45+00:00", "2022-12-22T12:00:59+00:00", "2022-12-22T12:02:52+00:00", "2022-12-22T12:03:52+00:00", "2022-12-22T12:05:37+00:00", "2022-12-22T12:06:54+00:00", "2022-12-22T12:08:21+00:00", "2022-12-22T12:09:33+00:00", "2022-12-22T12:10:54+00:00", "2022-12-22T12:12:02+00:00", "2022-12-22T12:13:59+00:00", "2022-12-22T12:15:48+00:00", "2022-12-22T12:17:45+00:00", "2022-12-22T12:19:55+00:00", "2022-12-22T12:20:56+00:00", "2022-12-22T12:21:59+00:00", "2022-12-22T12:23:57+00:00", "2022-12-22T12:25:31+00:00", "2022-12-22T12:26:11+00:00", "2022-12-22T12:27:31+00:00", "2022-12-22T12:29:00+00:00", "2022-12-22T12:30:00+00:00", "2022-12-22T12:30:57+00:00", "2022-12-22T12:32:29+00:00", "2022-12-22T12:33:49+00:00", "2022-12-22T12:35:06+00:00", "2022-12-22T12:36:53+00:00", "2022-12-22T12:38:09+00:00", "2022-12-22T12:39:26+00:00", "2022-12-22T12:40:30+00:00", "2022-12-22T12:41:46+00:00", "2022-12-22T12:43:03+00:00", "2022-12-22T12:44:42+00:00", "2022-12-22T12:46:04+00:00", "2022-12-22T12:47:06+00:00", "2022-12-22T12:48:06+00:00", "2022-12-22T12:49:31+00:00", "2022-12-22T12:50:47+00:00", "2022-12-22T12:52:07+00:00", "2022-12-22T12:53:19+00:00", "2022-12-22T12:54:52+00:00", "2022-12-22T12:55:40+00:00", "2022-12-22T12:57:04+00:00", "2022-12-22T12:58:00+00:00", "2022-12-22T12:59:16+00:00", "2022-12-22T13:01:05+00:00", "2022-12-22T13:02:05+00:00", "2022-12-22T13:03:29+00:00", "2022-12-22T13:04:29+00:00", "2022-12-22T13:05:53+00:00", "2022-12-22T13:07:01+00:00", "2022-12-22T13:08:00+00:00", "2022-12-22T13:09:06+00:00", "2022-12-22T13:10:46+00:00", "2022-12-22T13:12:06+00:00", "2022-12-22T13:13:06+00:00", "2022-12-22T13:14:06+00:00", "2022-12-22T13:16:06+00:00", "2022-12-22T13:17:10+00:00", "2022-12-22T13:19:03+00:00", "2022-12-22T13:20:03+00:00", "2022-12-22T13:21:15+00:00", "2022-12-22T13:22:27+00:00", "2022-12-22T13:23:55+00:00", "2022-12-22T13:25:03+00:00", "2022-12-22T13:26:05+00:00", "2022-12-22T13:27:05+00:00", "2022-12-22T13:28:39+00:00", "2022-12-22T13:29:28+00:00", "2022-12-22T13:31:20+00:00", "2022-12-22T13:33:03+00:00", "2022-12-22T13:34:16+00:00", "2022-12-22T13:35:52+00:00", "2022-12-22T13:37:28+00:00", "2022-12-22T13:38:25+00:00", "2022-12-22T13:39:53+00:00", "2022-12-22T13:40:53+00:00", "2022-12-22T13:42:13+00:00", "2022-12-22T13:43:09+00:00", "2022-12-22T13:44:29+00:00", "2022-12-22T13:46:03+00:00", "2022-12-22T13:47:05+00:00", "2022-12-22T13:48:22+00:00", "2022-12-22T13:49:18+00:00", "2022-12-22T13:50:22+00:00", "2022-12-22T13:51:38+00:00", "2022-12-22T13:52:26+00:00", "2022-12-22T13:53:22+00:00", "2022-12-22T13:54:39+00:00", "2022-12-22T13:55:11+00:00", "2022-12-22T13:56:43+00:00", "2022-12-22T13:57:23+00:00", "2022-12-22T13:58:43+00:00", "2022-12-22T13:59:59+00:00", "2022-12-22T14:00:59+00:00", "2022-12-22T14:01:43+00:00", "2022-12-22T14:02:48+00:00", "2022-12-22T14:03:52+00:00", "2022-12-22T14:05:06+00:00", "2022-12-22T14:06:06+00:00", "2022-12-22T14:07:28+00:00", "2022-12-22T14:08:44+00:00", "2022-12-22T14:10:08+00:00", "2022-12-22T14:11:08+00:00", "2022-12-22T14:12:08+00:00", "2022-12-22T14:13:08+00:00", "2022-12-22T14:14:09+00:00", "2022-12-22T14:15:21+00:00", "2022-12-22T14:16:45+00:00", "2022-12-22T14:18:00+00:00", "2022-12-22T14:19:06+00:00", "2022-12-22T14:20:15+00:00", "2022-12-22T14:21:27+00:00", "2022-12-22T14:22:27+00:00", "2022-12-22T14:24:10+00:00", "2022-12-22T14:25:12+00:00", "2022-12-22T14:26:10+00:00", "2022-12-22T14:27:10+00:00", "2022-12-22T14:28:44+00:00", "2022-12-22T14:29:40+00:00", "2022-12-22T14:30:52+00:00", "2022-12-22T14:32:10+00:00", "2022-12-22T14:33:10+00:00", "2022-12-22T14:34:13+00:00", "2022-12-22T14:35:37+00:00", "2022-12-22T14:37:10+00:00", "2022-12-22T14:38:05+00:00", "2022-12-22T14:39:12+00:00", "2022-12-22T14:40:31+00:00", "2022-12-22T14:42:03+00:00", "2022-12-22T14:43:11+00:00", "2022-12-22T14:44:12+00:00", "2022-12-22T14:45:43+00:00", "2022-12-22T14:47:12+00:00", "2022-12-22T14:48:00+00:00", "2022-12-22T14:49:28+00:00", "2022-12-22T14:50:44+00:00", "2022-12-22T14:52:04+00:00", "2022-12-22T14:52:44+00:00", "2022-12-22T14:54:08+00:00", "2022-12-22T14:55:40+00:00", "2022-12-22T14:56:52+00:00", "2022-12-22T14:58:41+00:00", "2022-12-22T15:00:14+00:00", "2022-12-22T15:01:14+00:00", "2022-12-22T15:02:26+00:00", "2022-12-22T15:03:58+00:00", "2022-12-22T15:05:42+00:00", "2022-12-22T15:07:08+00:00", "2022-12-22T15:08:15+00:00", "2022-12-22T15:10:03+00:00", "2022-12-22T15:11:14+00:00", "2022-12-22T15:12:51+00:00", "2022-12-22T15:14:14+00:00", "2022-12-22T15:15:15+00:00", "2022-12-22T15:17:07+00:00", "2022-12-22T15:18:03+00:00", "2022-12-22T15:20:04+00:00", "2022-12-22T15:21:12+00:00", "2022-12-22T15:22:04+00:00", "2022-12-22T15:23:08+00:00", "2022-12-22T15:24:26+00:00", "2022-12-22T15:26:09+00:00", "2022-12-22T15:27:26+00:00", "2022-12-22T15:29:27+00:00", "2022-12-22T15:30:32+00:00", "2022-12-22T15:32:04+00:00", "2022-12-22T15:33:34+00:00", "2022-12-22T15:35:28+00:00", "2022-12-22T15:37:28+00:00", "2022-12-22T15:38:40+00:00", "2022-12-22T15:40:13+00:00", "2022-12-22T15:41:46+00:00", "2022-12-22T15:43:28+00:00", "2022-12-22T15:45:28+00:00", "2022-12-22T15:46:56+00:00", "2022-12-22T15:48:28+00:00", "2022-12-22T15:50:21+00:00", "2022-12-22T15:51:35+00:00", "2022-12-22T15:53:14+00:00", "2022-12-22T15:54:28+00:00", "2022-12-22T15:56:39+00:00", "2022-12-22T15:57:43+00:00", "2022-12-22T16:00:00+00:00", "2022-12-22T16:01:36+00:00", "2022-12-22T16:03:24+00:00", "2022-12-22T16:04:35+00:00", "2022-12-22T16:06:35+00:00", "2022-12-22T16:07:35+00:00", "2022-12-22T16:09:35+00:00", "2022-12-22T16:10:59+00:00", "2022-12-22T16:13:16+00:00", "2022-12-22T16:14:33+00:00", "2022-12-22T16:16:25+00:00", "2022-12-22T16:17:35+00:00", "2022-12-22T16:19:30+00:00", "2022-12-22T16:21:27+00:00", "2022-12-22T16:22:40+00:00", "2022-12-22T16:24:40+00:00", "2022-12-22T16:26:21+00:00", "2022-12-22T16:27:42+00:00", "2022-12-22T16:29:40+00:00", "2022-12-22T16:31:28+00:00", "2022-12-22T16:33:01+00:00", "2022-12-22T16:35:09+00:00", "2022-12-22T16:36:58+00:00", "2022-12-22T16:38:30+00:00", "2022-12-22T16:40:16+00:00", "2022-12-22T16:42:09+00:00", "2022-12-22T16:43:54+00:00", "2022-12-22T16:45:41+00:00", "2022-12-22T16:47:26+00:00", "2022-12-22T16:48:30+00:00", "2022-12-22T16:50:41+00:00", "2022-12-22T16:52:11+00:00", "2022-12-22T16:53:55+00:00", "2022-12-22T16:55:45+00:00", "2022-12-22T16:57:36+00:00", "2022-12-22T16:59:43+00:00", "2022-12-22T17:01:56+00:00", "2022-12-22T17:03:52+00:00", "2022-12-22T17:06:19+00:00", "2022-12-22T17:08:43+00:00", "2022-12-22T17:09:45+00:00", "2022-12-22T17:11:21+00:00", "2022-12-22T17:12:29+00:00", "2022-12-22T17:14:45+00:00", "2022-12-22T17:16:45+00:00", "2022-12-22T17:18:38+00:00", "2022-12-22T17:19:47+00:00", "2022-12-22T17:22:43+00:00", "2022-12-22T17:23:59+00:00", "2022-12-22T17:26:03+00:00", "2022-12-22T17:27:43+00:00", "2022-12-22T17:29:43+00:00", "2022-12-22T17:31:44+00:00", "2022-12-22T17:33:24+00:00", "2022-12-22T17:35:36+00:00", "2022-12-22T17:36:57+00:00", "2022-12-22T17:38:53+00:00", "2022-12-22T17:41:01+00:00", "2022-12-22T17:42:45+00:00", "2022-12-22T17:45:10+00:00", "2022-12-22T17:46:54+00:00", "2022-12-22T17:49:22+00:00", "2022-12-22T17:51:45+00:00", "2022-12-22T17:54:11+00:00", "2022-12-22T17:56:19+00:00", "2022-12-22T17:58:15+00:00", "2022-12-22T17:59:48+00:00", "2022-12-22T18:01:36+00:00", "2022-12-22T18:03:48+00:00", "2022-12-22T18:06:02+00:00", "2022-12-22T18:07:52+00:00", "2022-12-22T18:09:45+00:00", "2022-12-22T18:11:45+00:00", "2022-12-22T18:13:01+00:00", "2022-12-22T18:14:46+00:00", "2022-12-22T18:16:53+00:00", "2022-12-22T18:18:45+00:00", "2022-12-22T18:20:38+00:00", "2022-12-22T18:21:50+00:00", "2022-12-22T18:24:02+00:00", "2022-12-22T18:26:02+00:00", "2022-12-22T18:27:47+00:00", "2022-12-22T18:30:02+00:00", "2022-12-22T18:31:51+00:00", "2022-12-22T18:33:49+00:00", "2022-12-22T18:35:49+00:00", "2022-12-22T18:37:49+00:00", "2022-12-22T18:39:35+00:00", "2022-12-22T18:41:36+00:00", "2022-12-22T18:43:36+00:00", "2022-12-22T18:45:44+00:00", "2022-12-22T18:47:12+00:00", "2022-12-22T18:48:45+00:00", "2022-12-22T18:50:50+00:00", "2022-12-22T18:51:53+00:00", "2022-12-22T18:53:50+00:00", "2022-12-22T18:55:50+00:00", "2022-12-22T18:57:50+00:00", "2022-12-22T18:59:50+00:00", "2022-12-22T19:01:22+00:00", "2022-12-22T19:02:54+00:00", "2022-12-22T19:04:51+00:00", "2022-12-22T19:06:51+00:00", "2022-12-22T19:08:55+00:00", "2022-12-22T19:11:47+00:00", "2022-12-22T19:13:53+00:00", "2022-12-22T19:15:53+00:00", "2022-12-22T19:17:53+00:00", "2022-12-22T19:19:52+00:00", "2022-12-22T19:20:53+00:00", "2022-12-22T19:23:50+00:00", "2022-12-22T19:26:02+00:00", "2022-12-22T19:28:45+00:00", "2022-12-22T19:30:30+00:00", "2022-12-22T19:31:54+00:00", "2022-12-22T19:34:15+00:00", "2022-12-22T19:35:51+00:00", "2022-12-22T19:37:51+00:00", "2022-12-22T19:40:03+00:00", "2022-12-22T19:42:57+00:00", "2022-12-22T19:44:57+00:00", "2022-12-22T19:46:57+00:00", "2022-12-22T19:48:45+00:00", "2022-12-22T19:50:08+00:00", "2022-12-22T19:51:57+00:00", "2022-12-22T19:53:49+00:00", "2022-12-22T19:55:45+00:00", "2022-12-22T19:57:25+00:00", "2022-12-22T19:58:59+00:00", "2022-12-22T20:01:06+00:00", "2022-12-22T20:02:59+00:00", "2022-12-22T20:04:26+00:00", "2022-12-22T20:06:05+00:00", "2022-12-22T20:08:11+00:00", "2022-12-22T20:10:03+00:00", "2022-12-22T20:12:59+00:00", "2022-12-22T20:14:59+00:00", "2022-12-22T20:16:16+00:00", "2022-12-22T20:18:58+00:00", "2022-12-22T20:20:32+00:00", "2022-12-22T20:22:37+00:00", "2022-12-22T20:24:57+00:00", "2022-12-22T20:26:59+00:00", "2022-12-22T20:28:58+00:00", "2022-12-22T20:31:01+00:00", "2022-12-22T20:33:03+00:00", "2022-12-22T20:34:58+00:00", "2022-12-22T20:37:03+00:00", "2022-12-22T20:38:43+00:00", "2022-12-22T20:40:35+00:00", "2022-12-22T20:42:04+00:00", "2022-12-22T20:45:04+00:00", "2022-12-22T20:46:04+00:00", "2022-12-22T20:48:11+00:00", "2022-12-22T20:50:02+00:00", "2022-12-22T20:52:04+00:00", "2022-12-22T20:54:37+00:00", "2022-12-22T20:56:03+00:00", "2022-12-22T20:58:13+00:00", "2022-12-22T21:00:11+00:00", "2022-12-22T21:02:26+00:00", "2022-12-22T21:05:05+00:00", "2022-12-22T21:06:38+00:00", "2022-12-22T21:08:11+00:00", "2022-12-22T21:11:05+00:00", "2022-12-22T21:13:04+00:00", "2022-12-22T21:15:16+00:00", "2022-12-22T21:18:05+00:00", "2022-12-22T21:20:33+00:00", "2022-12-22T21:22:13+00:00", "2022-12-22T21:24:33+00:00", "2022-12-22T21:26:41+00:00", "2022-12-22T21:28:08+00:00", "2022-12-22T21:30:08+00:00", "2022-12-22T21:32:42+00:00", "2022-12-22T21:34:08+00:00", "2022-12-22T21:36:34+00:00", "2022-12-22T21:38:46+00:00", "2022-12-22T21:40:08+00:00", "2022-12-22T21:42:11+00:00", "2022-12-22T21:44:35+00:00", "2022-12-22T21:47:09+00:00", "2022-12-22T21:49:07+00:00", "2022-12-22T21:51:52+00:00", "2022-12-22T21:54:06+00:00", "2022-12-22T21:56:06+00:00", "2022-12-22T21:59:06+00:00", "2022-12-22T22:01:29+00:00", "2022-12-22T22:04:06+00:00", "2022-12-22T22:06:09+00:00", "2022-12-22T22:09:06+00:00", "2022-12-22T22:10:09+00:00", "2022-12-22T22:12:34+00:00", "2022-12-22T22:14:06+00:00", "2022-12-22T22:17:06+00:00", "2022-12-22T22:19:06+00:00", "2022-12-22T22:21:03+00:00", "2022-12-22T22:23:21+00:00", "2022-12-22T22:25:09+00:00", "2022-12-22T22:27:09+00:00", "2022-12-22T22:30:00+00:00", "2022-12-22T22:31:37+00:00", "2022-12-22T22:34:12+00:00", "2022-12-22T22:36:12+00:00", "2022-12-22T22:37:50+00:00", "2022-12-22T22:40:11+00:00", "2022-12-22T22:42:12+00:00", "2022-12-22T22:44:59+00:00", "2022-12-22T22:47:12+00:00", "2022-12-22T22:49:48+00:00", "2022-12-22T22:52:57+00:00", "2022-12-22T22:54:41+00:00", "2022-12-22T22:56:17+00:00", "2022-12-22T23:00:06+00:00", "2022-12-22T23:02:21+00:00", "2022-12-22T23:04:51+00:00", "2022-12-22T23:08:33+00:00", "2022-12-22T23:11:32+00:00", "2022-12-22T23:13:24+00:00", "2022-12-22T23:17:25+00:00", "2022-12-22T23:20:15+00:00", "2022-12-22T23:23:29+00:00", "2022-12-22T23:26:29+00:00", "2022-12-22T23:29:29+00:00", "2022-12-22T23:33:27+00:00", "2022-12-22T23:36:46+00:00", "2022-12-22T23:38:27+00:00", "2022-12-22T23:40:15+00:00", "2022-12-22T23:42:31+00:00", "2022-12-22T23:45:51+00:00", "2022-12-22T23:48:27+00:00", "2022-12-22T23:50:23+00:00", "2022-12-22T23:53:35+00:00", "2022-12-22T23:56:27+00:00", "2022-12-22T23:59:28+00:00", "2022-12-23T00:02:44+00:00", "2022-12-23T00:05:04+00:00", "2022-12-23T00:08:33+00:00", "2022-12-23T00:10:38+00:00", "2022-12-23T00:13:33+00:00", "2022-12-23T00:16:26+00:00", "2022-12-23T00:18:36+00:00", "2022-12-23T00:21:36+00:00", "2022-12-23T00:25:03+00:00", "2022-12-23T00:27:33+00:00", "2022-12-23T00:29:34+00:00", "2022-12-23T00:33:39+00:00", "2022-12-23T00:36:40+00:00", "2022-12-23T00:39:21+00:00", "2022-12-23T00:40:49+00:00", "2022-12-23T00:43:47+00:00", "2022-12-23T00:46:30+00:00", "2022-12-23T00:48:42+00:00", "2022-12-23T00:51:39+00:00", "2022-12-23T00:54:40+00:00", "2022-12-23T00:57:39+00:00", "2022-12-23T01:00:30+00:00", "2022-12-23T01:02:40+00:00", "2022-12-23T01:06:39+00:00", "2022-12-23T01:10:57+00:00", "2022-12-23T01:13:29+00:00", "2022-12-23T01:16:40+00:00", "2022-12-23T01:20:30+00:00", "2022-12-23T01:23:40+00:00", "2022-12-23T01:27:51+00:00", "2022-12-23T01:30:45+00:00", "2022-12-23T01:33:46+00:00", "2022-12-23T01:37:00+00:00", "2022-12-23T01:40:45+00:00", "2022-12-23T01:43:53+00:00", "2022-12-23T01:48:26+00:00", "2022-12-23T01:50:45+00:00", "2022-12-23T01:54:16+00:00", "2022-12-23T01:58:45+00:00", "2022-12-23T02:00:45+00:00", "2022-12-23T02:05:33+00:00", "2022-12-23T02:07:51+00:00", "2022-12-23T02:10:06+00:00", "2022-12-23T02:14:50+00:00", "2022-12-23T02:16:50+00:00", "2022-12-23T02:19:50+00:00", "2022-12-23T02:22:50+00:00", "2022-12-23T02:25:51+00:00", "2022-12-23T02:28:51+00:00", "2022-12-23T02:31:19+00:00", "2022-12-23T02:34:19+00:00", "2022-12-23T02:37:51+00:00", "2022-12-23T02:39:55+00:00", "2022-12-23T02:42:51+00:00", "2022-12-23T02:45:53+00:00", "2022-12-23T02:47:53+00:00", "2022-12-23T02:50:56+00:00", "2022-12-23T02:53:25+00:00", "2022-12-23T02:56:51+00:00", "2022-12-23T02:59:17+00:00", "2022-12-23T03:02:10+00:00", "2022-12-23T03:04:54+00:00", "2022-12-23T03:06:53+00:00", "2022-12-23T03:09:58+00:00", "2022-12-23T03:12:52+00:00", "2022-12-23T03:16:27+00:00", "2022-12-23T03:18:56+00:00", "2022-12-23T03:22:56+00:00", "2022-12-23T03:26:29+00:00", "2022-12-23T03:29:51+00:00", "2022-12-23T03:34:56+00:00", "2022-12-23T03:37:39+00:00", "2022-12-23T03:41:00+00:00", "2022-12-23T03:45:11+00:00", "2022-12-23T03:50:00+00:00", "2022-12-23T03:55:00+00:00", "2022-12-23T03:59:41+00:00", "2022-12-23T04:04:10+00:00", "2022-12-23T04:08:18+00:00", "2022-12-23T04:14:23+00:00", "2022-12-23T04:20:00+00:00", "2022-12-23T04:24:05+00:00", "2022-12-23T04:28:59+00:00", "2022-12-23T04:33:17+00:00", "2022-12-23T04:39:05+00:00", "2022-12-23T04:42:19+00:00", "2022-12-23T04:46:06+00:00", "2022-12-23T04:50:56+00:00", "2022-12-23T04:55:00+00:00", "2022-12-23T05:01:09+00:00", "2022-12-23T05:05:00+00:00", "2022-12-23T05:09:04+00:00", "2022-12-23T05:14:03+00:00", "2022-12-23T05:20:15+00:00", "2022-12-23T05:26:00+00:00", "2022-12-23T05:32:16+00:00", "2022-12-23T05:38:33+00:00", "2022-12-23T05:43:04+00:00", "2022-12-23T05:47:46+00:00", "2022-12-23T05:54:10+00:00", "2022-12-23T06:00:07+00:00", "2022-12-23T06:05:07+00:00", "2022-12-23T06:10:08+00:00", "2022-12-23T06:15:20+00:00", "2022-12-23T06:23:33+00:00", "2022-12-23T06:32:00+00:00", "2022-12-23T06:39:09+00:00", "2022-12-23T06:43:25+00:00", "2022-12-23T06:50:10+00:00", "2022-12-23T06:56:10+00:00", "2022-12-23T07:01:35+00:00", "2022-12-23T07:05:27+00:00", "2022-12-23T07:09:45+00:00", "2022-12-23T07:13:08+00:00", "2022-12-23T07:16:17+00:00", "2022-12-23T07:20:09+00:00", "2022-12-23T07:22:30+00:00", "2022-12-23T07:25:22+00:00", "2022-12-23T07:28:31+00:00", "2022-12-23T07:30:19+00:00", "2022-12-23T07:34:16+00:00", "2022-12-23T07:36:17+00:00", "2022-12-23T07:38:32+00:00", "2022-12-23T07:41:17+00:00", "2022-12-23T07:44:17+00:00", "2022-12-23T07:46:19+00:00", "2022-12-23T07:48:37+00:00", "2022-12-23T07:52:15+00:00", "2022-12-23T07:54:19+00:00", "2022-12-23T07:57:46+00:00", "2022-12-23T08:01:10+00:00", "2022-12-23T08:02:31+00:00", "2022-12-23T08:05:51+00:00", "2022-12-23T08:09:20+00:00", "2022-12-23T08:11:15+00:00", "2022-12-23T08:13:28+00:00", "2022-12-23T08:15:44+00:00", "2022-12-23T08:17:56+00:00", "2022-12-23T08:20:17+00:00", "2022-12-23T08:22:15+00:00", "2022-12-23T08:24:33+00:00", "2022-12-23T08:27:01+00:00", "2022-12-23T08:29:02+00:00", "2022-12-23T08:31:02+00:00", "2022-12-23T08:32:42+00:00", "2022-12-23T08:34:50+00:00", "2022-12-23T08:37:21+00:00", "2022-12-23T08:39:19+00:00", "2022-12-23T08:40:59+00:00", "2022-12-23T08:43:15+00:00", "2022-12-23T08:45:21+00:00", "2022-12-23T08:47:21+00:00", "2022-12-23T08:49:44+00:00", "2022-12-23T08:52:00+00:00", "2022-12-23T08:54:24+00:00", "2022-12-23T08:57:23+00:00", "2022-12-23T08:59:37+00:00", "2022-12-23T09:02:15+00:00", "2022-12-23T09:04:25+00:00", "2022-12-23T09:08:05+00:00", "2022-12-23T09:09:21+00:00", "2022-12-23T09:11:54+00:00", "2022-12-23T09:14:02+00:00", "2022-12-23T09:16:06+00:00", "2022-12-23T09:18:23+00:00", "2022-12-23T09:21:23+00:00", "2022-12-23T09:24:24+00:00", "2022-12-23T09:27:24+00:00", "2022-12-23T09:30:24+00:00", "2022-12-23T09:32:48+00:00", "2022-12-23T09:35:24+00:00", "2022-12-23T09:38:24+00:00", "2022-12-23T09:41:24+00:00", "2022-12-23T09:44:24+00:00", "2022-12-23T09:47:24+00:00", "2022-12-23T09:50:24+00:00", "2022-12-23T09:54:25+00:00", "2022-12-23T09:56:25+00:00", "2022-12-23T10:00:25+00:00", "2022-12-23T10:03:04+00:00", "2022-12-23T10:06:25+00:00", "2022-12-23T10:10:25+00:00", "2022-12-23T10:13:25+00:00", "2022-12-23T10:17:26+00:00", "2022-12-23T10:21:29+00:00", "2022-12-23T10:25:34+00:00", "2022-12-23T10:29:26+00:00", "2022-12-23T10:32:23+00:00", "2022-12-23T10:36:26+00:00", "2022-12-23T10:40:27+00:00", "2022-12-23T10:42:44+00:00", "2022-12-23T10:47:13+00:00", "2022-12-23T10:49:28+00:00", "2022-12-23T10:53:28+00:00", "2022-12-23T10:56:28+00:00", "2022-12-23T10:59:28+00:00", "2022-12-23T11:02:15+00:00", "2022-12-23T11:05:29+00:00", "2022-12-23T11:07:29+00:00", "2022-12-23T11:10:29+00:00", "2022-12-23T11:14:27+00:00", "2022-12-23T11:17:28+00:00", "2022-12-23T11:20:52+00:00", "2022-12-23T11:22:52+00:00", "2022-12-23T11:28:28+00:00", "2022-12-23T11:31:32+00:00", "2022-12-23T11:33:32+00:00", "2022-12-23T11:36:32+00:00", "2022-12-23T11:38:32+00:00", "2022-12-23T11:41:06+00:00", "2022-12-23T11:42:50+00:00", "2022-12-23T11:45:35+00:00", "2022-12-23T11:47:28+00:00", "2022-12-23T11:51:28+00:00", "2022-12-23T11:53:29+00:00", "2022-12-23T11:57:28+00:00", "2022-12-23T12:00:27+00:00", "2022-12-23T12:02:30+00:00", "2022-12-23T12:04:29+00:00", "2022-12-23T12:07:31+00:00", "2022-12-23T12:10:29+00:00", "2022-12-23T12:12:30+00:00", "2022-12-23T12:14:35+00:00", "2022-12-23T12:17:30+00:00", "2022-12-23T12:20:29+00:00", "2022-12-23T12:22:13+00:00", "2022-12-23T12:24:31+00:00", "2022-12-23T12:26:35+00:00", "2022-12-23T12:28:35+00:00", "2022-12-23T12:30:35+00:00", "2022-12-23T12:35:33+00:00", "2022-12-23T12:37:32+00:00", "2022-12-23T12:39:39+00:00", "2022-12-23T12:42:43+00:00", "2022-12-23T12:43:34+00:00", "2022-12-23T12:48:11+00:00", "2022-12-23T12:49:50+00:00", "2022-12-23T12:52:58+00:00", "2022-12-23T12:54:05+00:00", "2022-12-23T12:58:00+00:00", "2022-12-23T12:59:01+00:00", "2022-12-23T13:02:01+00:00", "2022-12-23T13:04:01+00:00", "2022-12-23T13:07:04+00:00", "2022-12-23T13:08:04+00:00", "2022-12-23T13:10:49+00:00", "2022-12-23T13:13:00+00:00", "2022-12-23T13:15:04+00:00", "2022-12-23T13:18:04+00:00", "2022-12-23T13:20:04+00:00", "2022-12-23T13:21:04+00:00", "2022-12-23T13:23:11+00:00", "2022-12-23T13:26:03+00:00", "2022-12-23T13:29:03+00:00", "2022-12-23T13:31:03+00:00", "2022-12-23T13:33:00+00:00", "2022-12-23T13:36:02+00:00", "2022-12-23T13:37:03+00:00", "2022-12-23T13:39:37+00:00", "2022-12-23T13:42:02+00:00", "2022-12-23T13:45:04+00:00", "2022-12-23T13:48:06+00:00", "2022-12-23T13:51:03+00:00", "2022-12-23T13:53:00+00:00", "2022-12-23T13:56:05+00:00", "2022-12-23T13:58:05+00:00", "2022-12-23T14:01:06+00:00", "2022-12-23T14:03:59+00:00", "2022-12-23T14:06:06+00:00", "2022-12-23T14:08:06+00:00", "2022-12-23T14:11:06+00:00", "2022-12-23T14:13:00+00:00", "2022-12-23T14:16:06+00:00", "2022-12-23T14:18:07+00:00", "2022-12-23T14:20:08+00:00", "2022-12-23T14:22:57+00:00", "2022-12-23T14:25:08+00:00", "2022-12-23T14:28:08+00:00", "2022-12-23T14:29:10+00:00", "2022-12-23T14:32:08+00:00", "2022-12-23T14:34:08+00:00", "2022-12-23T14:36:08+00:00", "2022-12-23T14:39:08+00:00", "2022-12-23T14:41:07+00:00", "2022-12-23T14:42:08+00:00", "2022-12-23T14:45:10+00:00", "2022-12-23T14:48:11+00:00", "2022-12-23T14:49:40+00:00", "2022-12-23T14:52:11+00:00", "2022-12-23T14:54:29+00:00", "2022-12-23T14:57:11+00:00", "2022-12-23T15:00:13+00:00", "2022-12-23T15:02:10+00:00", "2022-12-23T15:04:10+00:00", "2022-12-23T15:06:10+00:00", "2022-12-23T15:09:09+00:00", "2022-12-23T15:11:10+00:00", "2022-12-23T15:13:00+00:00", "2022-12-23T15:15:10+00:00", "2022-12-23T15:19:09+00:00", "2022-12-23T15:20:23+00:00", "2022-12-23T15:24:10+00:00", "2022-12-23T15:26:17+00:00", "2022-12-23T15:29:08+00:00", "2022-12-23T15:32:10+00:00", "2022-12-23T15:35:14+00:00", "2022-12-23T15:36:15+00:00", "2022-12-23T15:39:17+00:00", "2022-12-23T15:42:17+00:00", "2022-12-23T15:43:45+00:00", "2022-12-23T15:46:17+00:00", "2022-12-23T15:48:17+00:00", "2022-12-23T15:50:17+00:00", "2022-12-23T15:52:17+00:00", "2022-12-23T15:55:17+00:00", "2022-12-23T15:57:18+00:00", "2022-12-23T16:00:18+00:00", "2022-12-23T16:03:15+00:00", "2022-12-23T16:05:17+00:00", "2022-12-23T16:07:17+00:00", "2022-12-23T16:10:17+00:00", "2022-12-23T16:12:17+00:00", "2022-12-23T16:15:18+00:00", "2022-12-23T16:16:26+00:00", "2022-12-23T16:19:19+00:00", "2022-12-23T16:22:19+00:00", "2022-12-23T16:24:22+00:00", "2022-12-23T16:26:35+00:00", "2022-12-23T16:29:26+00:00", "2022-12-23T16:31:26+00:00", "2022-12-23T16:33:23+00:00", "2022-12-23T16:36:27+00:00", "2022-12-23T16:39:28+00:00", "2022-12-23T16:42:28+00:00", "2022-12-23T16:44:29+00:00", "2022-12-23T16:48:27+00:00", "2022-12-23T16:49:28+00:00", "2022-12-23T16:52:26+00:00", "2022-12-23T16:54:35+00:00", "2022-12-23T16:58:22+00:00", "2022-12-23T17:00:31+00:00", "2022-12-23T17:02:31+00:00", "2022-12-23T17:06:32+00:00", "2022-12-23T17:08:33+00:00", "2022-12-23T17:11:36+00:00", "2022-12-23T17:13:30+00:00", "2022-12-23T17:17:08+00:00", "2022-12-23T17:19:01+00:00", "2022-12-23T17:22:33+00:00", "2022-12-23T17:24:37+00:00", "2022-12-23T17:27:37+00:00", "2022-12-23T17:29:41+00:00", "2022-12-23T17:32:32+00:00", "2022-12-23T17:34:35+00:00", "2022-12-23T17:37:35+00:00", "2022-12-23T17:39:35+00:00", "2022-12-23T17:41:39+00:00", "2022-12-23T17:45:38+00:00", "2022-12-23T17:47:41+00:00", "2022-12-23T17:50:41+00:00", "2022-12-23T17:52:41+00:00", "2022-12-23T17:56:42+00:00", "2022-12-23T17:57:57+00:00", "2022-12-23T18:01:21+00:00", "2022-12-23T18:03:30+00:00", "2022-12-23T18:04:33+00:00", "2022-12-23T18:07:01+00:00", "2022-12-23T18:09:05+00:00", "2022-12-23T18:11:39+00:00", "2022-12-23T18:13:34+00:00", "2022-12-23T18:17:00+00:00", "2022-12-23T18:19:14+00:00", "2022-12-23T18:21:41+00:00", "2022-12-23T18:23:30+00:00", "2022-12-23T18:26:41+00:00", "2022-12-23T18:28:41+00:00", "2022-12-23T18:31:14+00:00", "2022-12-23T18:33:30+00:00", "2022-12-23T18:35:42+00:00", "2022-12-23T18:37:42+00:00", "2022-12-23T18:39:42+00:00", "2022-12-23T18:42:42+00:00", "2022-12-23T18:43:46+00:00", "2022-12-23T18:47:40+00:00", "2022-12-23T18:50:19+00:00", "2022-12-23T18:51:47+00:00", "2022-12-23T18:54:40+00:00", "2022-12-23T18:57:40+00:00", "2022-12-23T19:00:41+00:00", "2022-12-23T19:02:41+00:00", "2022-12-23T19:03:42+00:00", "2022-12-23T19:06:17+00:00", "2022-12-23T19:08:43+00:00", "2022-12-23T19:10:47+00:00", "2022-12-23T19:14:43+00:00", "2022-12-23T19:15:43+00:00", "2022-12-23T19:18:44+00:00", "2022-12-23T19:20:44+00:00", "2022-12-23T19:22:44+00:00", "2022-12-23T19:23:44+00:00", "2022-12-23T19:27:49+00:00", "2022-12-23T19:29:06+00:00", "2022-12-23T19:30:58+00:00", "2022-12-23T19:33:45+00:00", "2022-12-23T19:35:46+00:00", "2022-12-23T19:38:14+00:00", "2022-12-23T19:40:47+00:00", "2022-12-23T19:42:47+00:00", "2022-12-23T19:44:47+00:00", "2022-12-23T19:48:46+00:00", "2022-12-23T19:50:46+00:00", "2022-12-23T19:52:53+00:00", "2022-12-23T19:56:59+00:00", "2022-12-23T19:59:53+00:00", "2022-12-23T20:01:53+00:00", "2022-12-23T20:03:45+00:00", "2022-12-23T20:05:47+00:00", "2022-12-23T20:07:54+00:00", "2022-12-23T20:09:54+00:00", "2022-12-23T20:12:55+00:00", "2022-12-23T20:14:52+00:00", "2022-12-23T20:16:55+00:00", "2022-12-23T20:19:09+00:00", "2022-12-23T20:21:01+00:00", "2022-12-23T20:23:45+00:00", "2022-12-23T20:26:55+00:00", "2022-12-23T20:28:55+00:00", "2022-12-23T20:30:58+00:00", "2022-12-23T20:32:58+00:00", "2022-12-23T20:35:58+00:00", "2022-12-23T20:37:58+00:00", "2022-12-23T20:39:58+00:00", "2022-12-23T20:41:53+00:00", "2022-12-23T20:43:45+00:00", "2022-12-23T20:46:59+00:00", "2022-12-23T20:49:10+00:00", "2022-12-23T20:51:59+00:00", "2022-12-23T20:54:00+00:00", "2022-12-23T20:56:01+00:00", "2022-12-23T20:58:58+00:00", "2022-12-23T21:00:59+00:00", "2022-12-23T21:04:00+00:00", "2022-12-23T21:05:32+00:00", "2022-12-23T21:07:17+00:00", "2022-12-23T21:09:07+00:00", "2022-12-23T21:11:09+00:00", "2022-12-23T21:12:47+00:00", "2022-12-23T21:15:12+00:00", "2022-12-23T21:16:44+00:00", "2022-12-23T21:19:08+00:00", "2022-12-23T21:21:08+00:00", "2022-12-23T21:23:09+00:00", "2022-12-23T21:25:30+00:00", "2022-12-23T21:28:10+00:00", "2022-12-23T21:30:10+00:00", "2022-12-23T21:33:10+00:00", "2022-12-23T21:34:35+00:00", "2022-12-23T21:36:28+00:00", "2022-12-23T21:38:00+00:00", "2022-12-23T21:39:32+00:00", "2022-12-23T21:42:08+00:00", "2022-12-23T21:43:14+00:00", "2022-12-24T13:13:16+00:00", "2022-12-25T04:57:16+00:00", "2022-12-25T05:00:15+00:00", "2022-12-25T05:02:16+00:00", "2022-12-25T05:05:15+00:00", "2022-12-25T05:07:16+00:00", "2022-12-25T05:09:30+00:00", "2022-12-25T05:12:17+00:00", "2022-12-25T05:14:17+00:00", "2022-12-25T05:16:17+00:00", "2022-12-25T05:18:06+00:00", "2022-12-25T05:19:21+00:00", "2022-12-25T05:21:21+00:00", "2022-12-25T05:23:21+00:00", "2022-12-25T05:25:15+00:00", "2022-12-25T05:27:17+00:00", "2022-12-25T05:28:48+00:00", "2022-12-25T05:30:17+00:00", "2022-12-25T05:33:09+00:00", "2022-12-25T05:35:15+00:00", "2022-12-25T05:37:18+00:00", "2022-12-25T05:38:21+00:00", "2022-12-25T05:40:19+00:00", "2022-12-25T07:34:39+00:00", "2022-12-25T17:06:22+00:00", "2022-12-25T23:38:30+00:00", "2022-12-25T23:39:48+00:00", "2022-12-25T23:43:23+00:00", "2022-12-25T23:45:15+00:00", "2022-12-25T23:47:25+00:00", "2022-12-25T23:49:25+00:00", "2022-12-25T23:51:25+00:00", "2022-12-25T23:54:57+00:00", "2022-12-25T23:56:05+00:00", "2022-12-25T23:57:25+00:00", "2022-12-25T23:59:42+00:00", "2022-12-26T00:01:21+00:00", "2022-12-26T00:03:30+00:00", "2022-12-26T00:05:11+00:00", "2022-12-26T00:08:03+00:00", "2022-12-26T00:10:22+00:00", "2022-12-26T00:13:22+00:00", "2022-12-26T00:15:15+00:00", "2022-12-26T00:17:22+00:00", "2022-12-26T00:19:22+00:00", "2022-12-26T00:21:22+00:00", "2022-12-26T00:23:22+00:00", "2022-12-26T00:26:22+00:00", "2022-12-26T00:28:22+00:00", "2022-12-26T00:30:22+00:00", "2022-12-26T00:32:56+00:00", "2022-12-26T00:35:15+00:00", "2022-12-26T00:37:09+00:00", "2022-12-26T00:38:54+00:00", "2022-12-26T00:40:21+00:00", "2022-12-26T00:42:30+00:00", "2022-12-26T00:44:03+00:00", "2022-12-26T00:45:47+00:00", "2022-12-26T00:47:29+00:00", "2022-12-26T00:49:48+00:00", "2022-12-26T00:51:22+00:00", "2022-12-26T00:52:57+00:00", "2022-12-26T00:54:49+00:00", "2022-12-26T00:57:09+00:00", "2022-12-26T00:58:38+00:00", "2022-12-26T01:01:24+00:00", "2022-12-26T01:03:27+00:00", "2022-12-26T01:05:51+00:00", "2022-12-26T01:08:20+00:00", "2022-12-26T01:11:05+00:00", "2022-12-26T04:54:35+00:00", "2022-12-26T05:00:29+00:00", "2022-12-26T05:01:54+00:00", "2022-12-26T05:03:36+00:00", "2022-12-26T05:04:58+00:00", "2022-12-26T05:07:03+00:00", "2022-12-26T05:08:28+00:00", "2022-12-26T05:09:33+00:00", "2022-12-26T05:11:28+00:00", "2022-12-26T05:13:56+00:00", "2022-12-26T05:15:12+00:00", "2022-12-26T05:17:28+00:00", "2022-12-26T05:19:35+00:00", "2022-12-26T05:20:59+00:00", "2022-12-26T05:23:30+00:00", "2022-12-26T05:25:30+00:00", "2022-12-26T05:27:30+00:00", "2022-12-26T05:30:30+00:00", "2022-12-26T05:32:30+00:00", "2022-12-26T05:34:28+00:00", "2022-12-26T05:35:36+00:00", "2022-12-26T05:37:30+00:00", "2022-12-26T05:39:31+00:00", "2022-12-26T05:40:43+00:00", "2022-12-26T05:42:32+00:00", "2022-12-26T05:44:00+00:00", "2022-12-26T05:45:31+00:00", "2022-12-26T05:47:22+00:00", "2022-12-26T05:48:51+00:00", "2022-12-26T05:49:47+00:00", "2022-12-26T05:51:31+00:00", "2022-12-26T05:53:13+00:00", "2022-12-26T05:54:38+00:00", "2022-12-26T05:56:31+00:00", "2022-12-26T05:57:30+00:00", "2022-12-26T06:00:31+00:00", "2022-12-26T06:03:31+00:00", "2022-12-26T06:06:24+00:00", "2022-12-26T06:09:45+00:00", "2022-12-26T06:11:12+00:00", "2022-12-26T06:13:25+00:00", "2022-12-26T06:15:34+00:00", "2022-12-26T06:17:30+00:00", "2022-12-26T06:19:17+00:00", "2022-12-26T06:21:22+00:00", "2022-12-26T06:23:23+00:00", "2022-12-26T06:24:34+00:00", "2022-12-26T06:26:34+00:00", "2022-12-26T06:28:39+00:00", "2022-12-26T06:30:48+00:00", "2022-12-26T06:33:06+00:00", "2022-12-26T06:34:31+00:00", "2022-12-26T06:36:57+00:00", "2022-12-27T02:20:03+00:00", "2022-12-29T23:19:59+00:00", "2022-12-29T23:22:47+00:00", "2022-12-29T23:29:09+00:00", "2022-12-29T23:33:23+00:00", "2022-12-29T23:35:28+00:00", "2022-12-29T23:40:18+00:00", "2022-12-29T23:42:23+00:00", "2022-12-29T23:43:07+00:00", "2022-12-29T23:50:21+00:00", "2022-12-29T23:53:43+00:00", "2022-12-29T23:56:44+00:00", "2022-12-29T23:59:21+00:00", "2022-12-30T00:04:19+00:00", "2022-12-30T00:07:20+00:00", "2022-12-30T00:09:17+00:00", "2022-12-30T00:12:06+00:00", "2023-01-02T07:35:13+00:00", "2023-01-02T07:37:01+00:00", "2023-01-02T07:40:31+00:00", "2023-01-02T07:43:48+00:00", "2023-01-02T07:46:13+00:00", "2023-01-02T08:10:31+00:00", "2023-01-02T18:52:29+00:00", "2023-01-02T21:50:00+00:00", "2023-01-02T21:52:45+00:00", "2023-01-02T21:57:50+00:00", "2023-01-02T22:05:04+00:00", "2023-01-02T22:07:45+00:00", "2023-01-02T22:09:35+00:00", "2023-01-02T22:14:01+00:00", "2023-01-02T22:16:17+00:00", "2023-01-02T22:19:19+00:00", "2023-01-02T22:23:22+00:00", "2023-01-02T22:25:20+00:00", "2023-01-02T22:28:01+00:00", "2023-01-02T23:53:36+00:00", "2023-01-03T06:05:20+00:00", "2023-01-03T06:08:53+00:00", "2023-01-03T06:10:32+00:00", "2023-01-03T06:12:33+00:00", "2023-01-03T06:14:34+00:00", "2023-01-03T06:16:34+00:00", "2023-01-03T06:19:34+00:00", "2023-01-03T14:23:41+00:00", "2023-01-04T00:16:49+00:00", "2023-01-04T00:22:20+00:00", "2023-01-04T00:24:15+00:00", "2023-01-04T00:27:22+00:00", "2023-01-04T00:30:12+00:00", "2023-01-04T00:32:23+00:00", "2023-01-04T00:34:34+00:00", "2023-01-04T00:37:07+00:00", "2023-01-04T00:39:23+00:00", "2023-01-04T00:42:20+00:00", "2023-01-04T00:44:21+00:00", "2023-01-04T00:46:38+00:00"], "elevations": [0.0, 1.5, -14.7, 5.5, 4.5, 3.5, 4.0, 4.0, 18.0, 7.5, 6.0, 6.7, 5.0, 7.7, 1.5, 1.7, 7.5, 1.5, 2.5, 6.0, 2.7, 3.0, 9.0, 1.5, 2.8, 3.5, 3.0, 4.3, 5.0, 4.2, 27.5, 4.7, 4.0, 4.7, 5.0, 5.0, 5.5, 6.2, 6.0, 6.0, 5.0, 5.0, 2.7, 17.0, 8.0, 8.0, 7.5, 8.0, 15.0, 24.5, 13.2, 15.0, 19.0, 19.5, 10.8, 7.5, 7.5, 7.0, 6.7, 7.0, 6.5, 4.5, 5.7, 5.5, 8.0, 10.0, 9.5, 0.2, 2.0, 1.5, -5.0, 4.7, 6.0, 0.5, -1.0, 0.0, 2.2, 4.0, 5.0, 0.0, 0.2, 3.0, 8.0, 2.3, 0.5, 2.1, 4.5, 3.7, -1.0, 0.7, 5.0, 4.5, 4.5, 4.8, 5.0, 4.7, 5.0, 3.5, 2.8, 4.0, 3.7, 3.0, 2.8, 3.0, 3.0, 23.0, 34.3, 56.5, 87.0, null, null, null, null, null, null, null, null, null, null, null, null, null, null, null, null, null, null, null, null, null, null, null, null, null, null, null, null, null, null, null, null, null, null, null, null, null, null, null, null, null, null, null, 42.4, 49.5, null, 72.0, null, null, null, null, null, null, null, null, null, null, null, null, null, null, null, null, null, null, null, null, null, null, null, null, null, null, null, null, null, null, null, null, null, null, null, null, null, null, null, null, null, null, null, null, null, null, null, null, null, null, null, null, null, null, null, null, null, null, null, null, null, null, null, null, null, null, null, null, null, null, null, null, null, null, null, null, null, null, null, null, null, null, null, null, null, null, null, null, null, null, null, null, null, null, null, null, null, null, null, null, null, null, null, null, null, 33.5, 55.0, 69.5, null, null, null, null, null, null, null, null, null, null, null, null, null, null, null, null, null, null, null, null, null, null, null, null, null, null, null, null, null, null, null, null, null, null, null, null, null, null, null, null, null, null, null, null, null, null, null, null, null, null, null, null, null, null, null, null, null, null, null, null, null, null, null, null, null, null, null, null, null, null, null, null, null, null, null, null, null, null, null, null, null, null, null, null, null, null, null, 20.5, -7.0, 14.5, 23.5, 37.9, 15.0, 18.0, 18.0, 2.3, 0.0, 7.5, 15.0, 5.0, 4.7, 5.0, 4.0, -6.0, 2.0, 2.2, 3.0, 3.0, 3.0, -2.5, -6.4, -6.0, -0.3, 0.0, -5.7, -5.4, -5.0, -5.0, -6.0, -5.3, -5.0, -4.9, -4.0, -4.5, -4.0, -4.0, -4.0, -4.9, -4.0, null, -5.0, -5.0, -5.4, -5.0, -5.0, -4.5, -4.0, -4.0, -1.4, -5.0, -3.0, -2.0, -2.0, -1.9, -1.0, -2.0, 5.5, -4.0, -5.0, -3.9, -3.5, -3.0, -2.0, -3.0, -3.0, -4.0, -4.0, null, -7.0, -6.0, -2.0, -1.0, null, -1.0, 2.7, -6.0, 0.0, 1.0, 4.0, 4.0, 2.5, 2.0, 0.3, 1.0, 2.0, -4.0, 22.0, -2.5, -3.0, -1.0, -2.9, -2.0, -2.0, -2.0, -2.0, -2.0, 1.5, -3.4, -3.0, 0.0, -1.0, -1.0, -1.0, -0.5, 0.3, -4.0, 0.0, 0.0, 1.0, 0.0, 0.0, 0.2, 0.0, -3.0, 0.5, 5.0, null, 0.0, 0.0, 0.3, 0.0, -1.0, 0.0, 9.5, 2.0, -10.0, -9.8, -9.0, -7.0, -6.0, -6.0, -6.0, -6.0, -3.5, -3.7, -3.0, -3.5, -1.0, null, 0.0, -1.0, -1.0, -1.7, null, 0.0, 0.0, 1.0, 1.0, 5.0, 15.0, -1.0, -1.0, -2.0, -3.0, -2.0, -2.0, -2.0, -24.0, -7.0, -4.0, -4.0, -4.0, -3.5, -4.0, -4.0, null, 19.0, -1.0, -1.7, null, -2.0, -2.0, -3.0, -8.0, 2.0, -4.0, -6.0, -7.0, 8.0, 0.0, -1.0, 0.0, 2.0, 1.0, 2.0, 2.0, 3.0, 2.0, 4.0, -2.0, -4.0, -3.0, -4.0, -4.0, -3.7, -4.0, -3.0, -3.0, -3.0, -3.0, -2.0, -2.0, -1.7, -2.0, 8.5, -2.0, -3.0, -2.0, -2.0, -3.0, 0.0, 0.0, 0.0, 0.0, 5.0, 3.0, null, 12.0, 10.2, 11.0, null, 0.0, 0.0, 6.0, 6.4, 6.0, -2.0, 8.0, 9.0, 10.0, null, 9.0, 32.4, 33.0, 33.0, 40.5, 49.0, 55.0, 81.0, 33.2, null, null, null, -16.0, -16.0, -16.0, -16.0, -17.9, -16.0, -15.0, -16.0, -16.0, -17.0, -16.0, -16.0, -16.6, -16.0, -16.0, null, -16.0, -16.5, -17.0, -17.5, -17.0, -17.0, -17.0, -17.0, -17.0, null, 14.5, -9.0, -9.0, 2.0, 14.0, 14.0, 14.0, -9.0, -9.4, null, -9.0, -9.0, -10.0, 2.0, 2.0, -8.0, -1.9, -2.0, 0.5, -1.0, 0.0, -1.0, -1.0, -4.0, -5.8, -5.0, -3.0, -3.5, -4.0, -18.0, -5.0, -5.0, -4.4, null, -3.0, null, -2.5, -3.0, -3.0, -13.0, -3.0, null, 0.5, 0.0, -1.0, null, 18.0, 16.0, 19.0, 22.6, 23.0, 8.0, -1.0, 28.0, 4.0, -4.0, -4.0, -4.5, -4.0, -4.0, -4.0, -4.0, -4.5, -5.0, -6.0, -6.0, -6.0, null, -2.0, -6.0, -5.5, null, -5.4, null, -4.5, -4.0, -4.0, -3.0, -3.0, -4.0, -3.7, -2.0, null, -2.0, null, -4.0, -2.0, null, -2.9, 1.0, -3.0, -2.0, -1.0, -2.0, -2.0, -2.0, -2.0, -3.4, -3.0, -2.0, -3.0, -3.0, -3.0, -3.0, -3.0, 2.1, null, -6.0, -4.0, -5.0, -3.0, -4.0, -4.0, -3.7, 0.0, 0.0, 0.0, 0.0, 0.0, 0.0, 0.0, 0.3, 0.0, 0.0, 0.0, 0.0, 0.0, 5.0, -3.0, -3.7, 0.0, -1.5, -2.0, -2.0, -1.5, -2.0, -1.7, -1.5, null, -3.0, -1.0, -4.5, -3.0, 0.2, -1.5, -2.0, -1.0, -1.0, 0.0, -0.8, -1.0, -1.5, -2.0, -2.0, -2.5, 0.0, 0.0, 0.0, 0.0, 0.5, null, 31.0, 10.5, 10.0, 14.5, 15.0, 6.0, 29.0, -2.0, -2.9, -1.0, null, 0.0, -2.0, -1.0, -1.0, -1.0, -0.5, 0.0, 0.0, 0.0, 0.0, 2.5, 5.0, 5.0, 5.0, -5.0, 12.0, 39.5, 17.8, 11.0, 12.0, 10.5, 10.0, 11.0, 8.5, 0.3, 0.0, 0.0, 1.5, 0.0, 1.0, 0.0, 0.3, 2.0, 2.0, 2.0, 2.5, 2.0, 3.0, 2.3, 3.0, -3.0, -2.0, 1.0, 2.0, 2.0, 0.7, 0.0, 1.0, 1.0, 1.0, null, 2.0, 2.0, 2.3, 2.0, 1.0, 1.0, 1.0, 1.0, 2.0, 2.2, 2.0, 6.0, 1.5, 2.0, 2.0, 2.3, 2.0, 9.0, 3.0, 2.7, null, 1.0, 1.0, 1.0, 1.0, 1.0, 1.0, 1.0, 1.0, 1.0, 2.3, null, 3.0, 5.0, 11.5, 16.0, 16.0, 17.0, 16.3, 16.0, 16.0, 16.0, null, 15.5, 14.0, 14.0, 12.5, 14.0, -4.0, -6.0, -6.0, -6.0, -4.0, -4.0, -5.8, -5.0, -5.0, -5.0, -4.0, -3.0, -3.0, -3.0, -2.9, -2.0, -2.0, -2.0, -2.0, 1.0, 1.0, 1.0, -3.7, 1.5, null, 1.0, 1.0, 1.0, null, 0.3, 0.5, -2.0, null, 0.0, 0.0, 0.0, -1.0, -1.7, 0.0, 0.0, null, 0.0, 0.0, 0.0, 1.0, null, 0.7, 1.0, 1.0, 1.0, 1.0, 0.0, 0.0, 0.0, 0.0, 0.0, 0.3, 0.5, 9.0, 1.0, 9.0, 6.0, 6.0, 8.5, 8.4, 3.0, 3.0, 3.0, 1.5, 2.0, 1.0, 1.0, 0.7, null, 1.5, 2.0, 1.0, 2.0, 0.5, 5.0, 4.0, 0.3, 0.0, 1.0, 1.5, 2.0, 2.0, 5.5, 4.0, 2.3, 14.0, 6.5, 14.0, 9.0, 30.0, 28.0, 30.5, 45.5, 42.0, 42.0, 9.0, -9.0, -10.5, 17.0, 16.8, 17.5, 1.0, 1.0, 1.0, 1.0, 1.0, 2.0, 2.0, 9.5, -4.0, -1.0, 7.0, 7.0, 4.1, 0.0, 6.0, 6.0, 7.0, 7.0, 9.0, 9.0, 8.0, 29.0, 4.0, 5.5, 5.0, 6.0, 5.5, 5.0, 5.0, 5.5, 6.0, 6.2, 6.0, 6.0, 5.5, -2.0, 4.0, 4.0, 0.0, 0.0, 0.0, -1.0, 0.0, 0.0, null, 0.0, 14.0, 3.5, 15.0, 3.2, 3.0, 3.5, 4.0, 4.0, 3.0, -1.7, -0.5, -1.0, 16.0, 18.0, 3.0, 6.4, -2.5, -7.5, -7.0, -7.0, -6.5, -4.9, 2.0, 3.0, 5.5, 4.0, 4.0, 4.0, 4.0, 4.0, 1.5, 3.7, -2.0, 3.5, 3.0, 1.0, 0.0, 0.0, -3.0, 1.5, 2.0, 2.0, 1.0, 0.5, 0.0, 0.0, 0.0, 0.2, 4.0, 7.0, 21.5, 33.0, 44.0, 58.0, 80.0, 54.0, null, null, null, null, null, null, null, null, null, null, null, null, 4.0, 1.0, 0.0, -1.0, -1.2, 0.0, -1.0, -1.0, -0.5, -3.0, -3.7, -3.0, -3.0, -3.0, -3.0, -3.0, -3.4, -4.0, 0.0, -4.7, -4.0, -5.4, -5.0, -4.3, -1.5, -3.0, -3.4, -3.0, -1.0, 4.0, 1.2, 0.0, 0.0, 0.0, -3.0, -5.9, -1.5, -4.0, -4.0, -5.0, -5.4, -5.0, 1.0, -6.5, -4.0, -2.0, -3.5, -8.0, -3.5, -2.5, -3.0, -4.5, -5.5, -5.0, -5.0, -4.0, -2.0, -2.0, -2.5, -3.0, -3.0, -3.4, -2.0, -2.5, -5.5, -5.0, -3.9, -2.0, -7.0, -4.0, -4.5, -5.0, -5.3, -5.0, -5.0, -5.5, -4.4, -3.0, 2.5, -2.5, -2.5, -2.9, -2.0, -2.0, -0.5, 0.1, 0.0, 0.0, 0.0, 0.0, 2.2, -0.5, -2.0, -3.5, -1.0, -4.4, -4.5, -1.0, 1.0, 0.5, 0.0, 0.2, 0.0, 0.0, -19.3, 3.0, 0.0, 4.3, -1.0, -1.4, -1.5, -0.5, 0.0, 1.5, -2.9, 4.0, 7.3, 52.5, 18.7, null, 45.5, null, null, null, null, null, null, null, null, null, null, null, -4.0, -4.5, -4.0, -4.0, -3.0, -3.0, -3.2, -3.0, -3.0, -2.6, -2.0, -2.0, -7.5, -5.9, -3.2, -2.5, -6.0, -4.3, -4.5, -6.7, -7.6, -8.0, -5.3, -5.7, -5.4, -5.0, -3.5, 3.0, -0.9, 20.5, 11.0, 23.2, null, 30.0, -6.0, -6.9, -6.5, 4.5, 5.0, -4.9, -4.0, -4.5, -5.4, -5.7, -4.3, -8.9, -5.3, -7.0, -7.6, -11.0, -8.0, -6.9, -4.0, -5.7, -4.9, -11.7, -3.7, -3.9, -4.5, -5.0, -2.9, -5.7, -5.0, -5.0, -4.6, 1.0, -6.7, -5.3, -6.3, -4.3, -5.6, -7.5, -4.0, -5.0, -2.6, -0.5, 0.7, 9.2, 39.5, -3.0, -1.0, -2.9, -4.0, -3.7, -3.5, -3.4, -3.0, -3.0, -3.2, -3.5, -0.2, 3.5, 9.0, 22.0, -11.0, -10.6, 8.2, -12.0, -3.5, 2.0, 19.5, 17.0, -10.0, -10.0, -9.5, -19.7, -39.2, -15.0, -56.5, -50.8, -4.5, -7.0, -3.3, -2.5, -5.2, -4.4, -3.7, -2.3, -4.9, -3.0, -1.5, -2.0, -2.0, -0.4, 3.2, -5.4, -2.7, -2.0, -1.7, -1.9, -1.6, -6.8, -5.7, -4.2, -0.9, -2.5, -2.0, -1.2, 1.5, -8.5, -3.0, -2.5, -0.7, -4.0, 1.8, -2.3, -2.5, -3.0, -5.5, 0.0, -7.5, -6.3, -3.8, 13.5, 2.3, -1.5, 1.4, -0.5, -0.5, 0.0, -0.2, 0.0, 1.0, 0.0, 0.0, -0.8, 0.5, 0.5, 0.0, 0.0, 7.7, 10.3, 10.5, 9.5, -0.6, 0.5, 16.7, 53.0, null, null, null, 6.0, -3.8, -1.0, 5.0, 3.3, 2.1, 4.7, 18.0, 8.3, 6.8, 6.0, 5.2, 4.8, 4.0, 5.0, 6.0, 6.1, 6.3, 9.3, 5.1, 6.8, 11.5, 8.1, 9.0, 8.4, 7.5, 2.7, 7.8, 4.0, 0.2, 0.1, 0.0, 6.0, 4.8, 12.7, 31.5, 35.4, 21.5, 25.7, 18.0, -6.9, -3.2, 3.0, 2.5, 1.8, 2.0, 2.0, 2.0, 2.5, 10.5, 5.0, 7.5, 6.0, 6.0, 7.0, 6.5, 6.0, 6.2, 2.3, 0.0, 0.0, 0.2, 0.5, 0.5, 0.5, 0.7, 1.0, 1.0, 2.0, 1.0, 0.3, 1.0, 1.0, 1.5, 2.2, 31.0, 10.3, 8.5, 8.0, 8.0, 8.0, 6.0, 6.1, 5.5, 5.5, 6.0, 6.1, 6.0, 6.0, 6.0, 6.0, 6.2, 8.3, 10.0, 9.5, 8.7, 9.0, 8.0, 8.0, 6.7, 5.3, 7.0, 5.0, 5.8, 2.0, 2.7, 3.7, 7.7, 7.0, 7.3, 10.0, 10.2, 16.5, 19.0, 5.3, 6.7, 4.3, 1.5, -1.5, 3.8, 4.0, 1.3, 4.0, 5.0, -9.5, -6.3, 1.0, 12.5, 6.7, -9.5, -9.7, 6.0, -0.3, 2.0, 2.0, 2.0, 2.7, 2.7, -4.0, -4.0, -2.0, -1.9, -2.0, -1.0, -1.0, 9.7, 9.0, 23.3, 15.5, -0.8, 0.0, 0.0, 0.0, -0.8, 0.0, 0.0, -2.3, 6.2, 4.0, 3.0, 3.5, 3.8, 6.0, 6.0, 4.7, 4.5, -1.2, 0.0, 0.0, 3.3, 9.2, 9.3, 9.3, 8.0, 5.0, 3.5, 3.0, 3.0, 3.0, 2.5, 2.0, 2.2, 0.5, 0.0, 2.0, 0.4, 1.0, 1.0, 0.5, 2.2, 0.0, -4.0, -3.5, -2.6, -2.0, -2.0, -2.0, -2.9, 4.0, 26.0, 39.9, 80.5, 86.0, 72.5, null, null, null, null, null, null, null, null, null, null, null, null, null, null, null, null, null, null, null, null, null, null, null, null, null, null, null, null, null, null, null, null, null, null, null, null, null, 44.0, 8.0, 3.7, 3.0, 3.0, 3.0, 3.8, 4.0, 4.0, 4.0, -2.0, -1.5, -2.0, -2.0, -1.9, -6.0, -2.0, -3.0, -3.0, -5.9, 2.0, -2.0, -1.0, 16.2, 13.0, -4.0, -4.0, -3.4, -3.0, -3.0, -1.0, 0.5, -0.2, 2.0, -1.0, -0.5, 0.1, 0.0, 0.0, 0.0, 0.2, 2.0, 2.0, 2.0, 2.0, 4.0, 4.7, 4.5, 5.0, 5.0, 4.8, 3.5, 3.0, 3.0, 3.0, 2.2, 0.0, 5.5, 5.5, 4.0, -11.0, -0.2, -2.0, -2.0, -2.0, -1.6, -1.0, -8.0, 0.0, 0.0, -0.8, -50.0, null, -0.5, 0.0, -0.8, 0.0, 0.0, 0.0, 0.0, 3.1, 3.5, -4.0, -8.0, 12.5, 7.1, null, 10.3, 6.5, 5.8, 5.0, 2.7, 4.0, 6.0, 1.7, 2.0, 1.0, 7.0, 7.0, 2.8, 2.5, 7.3, 8.0, 8.7, 4.0, 1.0, 0.7, 0.0, 0.7, -4.0, 4.7, -2.0, 5.2, 1.0, 3.0, 5.0, 4.0, 0.0, 3.2, 1.0, 2.0, 6.0, 4.0, 1.7, 2.5, 7.0, 5.7, 2.5, 5.7, 5.0, 1.3, 0.5, 0.0, 2.0, 0.0, 0.0, 0.0, 0.0, -5.0, -1.0, 0.5, 2.5, 3.0, 2.0, 15.0, 3.0, 4.0, 3.1, 3.0, 0.0, 1.5, 0.0, -1.7, -3.0, -1.0, -1.0, -1.0, -2.0, -2.9, -2.0, -1.5, -1.0, -1.0, -1.0, -7.0, -7.8, -11.0, -8.5, -4.5, null, null, 3.0, 1.0, 0.3, 1.0, 1.0, 1.0, -6.0, 1.5, 0.2, 0.0, 0.0, 1.0, -8.3, 26.0, null, null, null, null, null, null, null, null, null, null, null, null, null, null, null, null, null, null, null, null, null, null, null, null, null, null, null, null, null, null, null, null, null, null, null, null, -2.4, 7.0, 3.7, -3.0, -3.0, -3.4, 5.0, 7.0, 22.0, -5.3, 3.5, 4.3, 4.0, 5.0, 0.7, 0.5, -1.0, 3.3, 4.4, 2.0]}