{"type": "Feature", "properties": {"leg_id": 44, "name": "20221119 - New Caledonia to Coffs Harbour, Australia", "stated_nm": 950.1, "computed_nm": 950.1}, "geometry": {"type": "LineString", "coordinates": [[166.436497, -22.276482], [166.432171, -22.278411], [166.428573, -22.282626], [166.424754, -22.285448], [166.418968, -22.286831], [166.414305, -22.287721], [166.411028, -22.289211], [166.406479, -22.288882], [166.401351, -22.288971], [166.395306, -22.290262], [166.38954, -22.292201], [166.384822, -22.293799], [166.379378, -22.295883], [166.374982, -22.297495], [166.369843, -22.299077], [166.364359, -22.300553], [166.359713, -22.302454], [166.354533, -22.303541], [166.348602, -22.30461], [166.342995, -22.306424], [166.337653, -22.308092], [166.331628, -22.309475], [166.327641, -22.31043], [166.321732, -22.311924], [166.316222, -22.313796], [166.310761, -22.315268], [166.305797, -22.316194], [166.300794, -22.317397], [166.296395, -22.319855], [166.292811, -22.323198], [166.289377, -22.326212], [166.28586, -22.329794], [166.281932, -22.333458], [166.276289, -22.3379], [166.270101, -22.342227], [166.266003, -22.346185], [166.262027, -22.349884], [166.257466, -22.35329], [166.252694, -22.357379], [166.247558, -22.361809], [166.243438, -22.365709], [166.23945, -22.369762], [166.235116, -22.374136], [166.230919, -22.378183], [166.227734, -22.382339], [166.223933, -22.385918], [166.219586, -22.389529], [166.215207, -22.392665], [166.210614, -22.395524], [166.20641, -22.398697], [166.202132, -22.401564], [166.197763, -22.404935], [166.193724, -22.408437], [166.189569, -22.412043], [166.184092, -22.416704], [166.179909, -22.420174], [166.17595, -22.423458], [166.171464, -22.427363], [166.166846, -22.430275], [166.163314, -22.43294], [166.160094, -22.435921], [166.156139, -22.439482], [166.152491, -22.442833], [166.148284, -22.446813], [166.145358, -22.450287], [166.141949, -22.454672], [166.139124, -22.458952], [166.1366, -22.463508], [166.131286, -22.467975], [166.126389, -22.471653], [166.12201, -22.475086], [166.118041, -22.478908], [166.114611, -22.482642], [166.11031, -22.487217], [166.106582, -22.490631], [166.10267, -22.49375], [166.097926, -22.497562], [166.092464, -22.502078], [166.087494, -22.507055], [166.083432, -22.511063], [166.080315, -22.514733], [166.076964, -22.5175], [166.073487, -22.520983], [166.070468, -22.52457], [166.065776, -22.528847], [166.062247, -22.532316], [166.058738, -22.535814], [166.054735, -22.538835], [166.050784, -22.541878], [166.046732, -22.545193], [166.042761, -22.548729], [166.039199, -22.552046], [166.035152, -22.554987], [166.030834, -22.557471], [166.027036, -22.559831], [166.02262, -22.561828], [166.01826, -22.564425], [166.014582, -22.566552], [166.010931, -22.569396], [166.007188, -22.57234], [166.004166, -22.575279], [166.00017, -22.57908], [165.997115, -22.582382], [165.993441, -22.586008], [165.990723, -22.58896], [165.98673, -22.592184], [165.983917, -22.596194], [165.981047, -22.599308], [165.977209, -22.602747], [165.972714, -22.605807], [165.968937, -22.608743], [165.965191, -22.611861], [165.961919, -22.614776], [165.958208, -22.617522], [165.954639, -22.620639], [165.951665, -22.623775], [165.948008, -22.626578], [165.944523, -22.628887], [165.940902, -22.631577], [165.936697, -22.634253], [165.933025, -22.636563], [165.929492, -22.639069], [165.925737, -22.642181], [165.922285, -22.644794], [165.918834, -22.647101], [165.915438, -22.649762], [165.912546, -22.652886], [165.909342, -22.655462], [165.90636, -22.657566], [165.903057, -22.659556], [165.899314, -22.661623], [165.89639, -22.664918], [165.894405, -22.667821], [165.891055, -22.671598], [165.88768, -22.674015], [165.884788, -22.676804], [165.881848, -22.679292], [165.87944, -22.681574], [165.876144, -22.683862], [165.873782, -22.685626], [165.87171, -22.686821], [165.869474, -22.688901], [165.867534, -22.690654], [165.865569, -22.692321], [165.863211, -22.693739], [165.860952, -22.695274], [165.85801, -22.697736], [165.853583, -22.699819], [165.851266, -22.701485], [165.849219, -22.703691], [165.84732, -22.705491], [165.845526, -22.707555], [165.843167, -22.709469], [165.841705, -22.711611], [165.839883, -22.713416], [165.837331, -22.715765], [165.835709, -22.717488], [165.834023, -22.71947], [165.832167, -22.721578], [165.828371, -22.724367], [165.824534, -22.72786], [165.82181, -22.729878], [165.818693, -22.732803], [165.81567, -22.734881], [165.81288, -22.737041], [165.809589, -22.739058], [165.80685, -22.740881], [165.803898, -22.742969], [165.801353, -22.744266], [165.798361, -22.747186], [165.794555, -22.74992], [165.792459, -22.751251], [165.789669, -22.753449], [165.786348, -22.755904], [165.78341, -22.757964], [165.78117, -22.759188], [165.778531, -22.760641], [165.775796, -22.762275], [165.773016, -22.76467], [165.770199, -22.76702], [165.767103, -22.769885], [165.764195, -22.772335], [165.760581, -22.775204], [165.757151, -22.778499], [165.754849, -22.78116], [165.752657, -22.783953], [165.750636, -22.786454], [165.748067, -22.789158], [165.74628, -22.791629], [165.743895, -22.794374], [165.742507, -22.796551], [165.740578, -22.799819], [165.738492, -22.802578], [165.736769, -22.805318], [165.735433, -22.808444], [165.733258, -22.812515], [165.731308, -22.815239], [165.728291, -22.819119], [165.725243, -22.823872], [165.72222, -22.828006], [165.719504, -22.83179], [165.716324, -22.836026], [165.713961, -22.839475], [165.711867, -22.844074], [165.708594, -22.848613], [165.705408, -22.853285], [165.702476, -22.856805], [165.698658, -22.860159], [165.69479, -22.863312], [165.690763, -22.866507], [165.68653, -22.869518], [165.68225, -22.872584], [165.677968, -22.875569], [165.673476, -22.878847], [165.669107, -22.882127], [165.664995, -22.885049], [165.660609, -22.888356], [165.656207, -22.891254], [165.652066, -22.894427], [165.648506, -22.897567], [165.645394, -22.900287], [165.641429, -22.904084], [165.638169, -22.907616], [165.634179, -22.910971], [165.629401, -22.914723], [165.626145, -22.917719], [165.623504, -22.920696], [165.619566, -22.924708], [165.615718, -22.928936], [165.612346, -22.932343], [165.609163, -22.935985], [165.605189, -22.939951], [165.601853, -22.943209], [165.598049, -22.946213], [165.593891, -22.949958], [165.590241, -22.952973], [165.586165, -22.956367], [165.58193, -22.959293], [165.578211, -22.962387], [165.574441, -22.965129], [165.571175, -22.968006], [165.568052, -22.971067], [165.564847, -22.974436], [165.561818, -22.977666], [165.558202, -22.981224], [165.554454, -22.984993], [165.551118, -22.987884], [165.547756, -22.990775], [165.543779, -22.993871], [165.539633, -22.997178], [165.535817, -23.000582], [165.532329, -23.00366], [165.529016, -23.006847], [165.52591, -23.010351], [165.521338, -23.013767], [165.517891, -23.016395], [165.514315, -23.019597], [165.511075, -23.02334], [165.508297, -23.026188], [165.504903, -23.029345], [165.501696, -23.032758], [165.497704, -23.036194], [165.493038, -23.039311], [165.489386, -23.041671], [165.486787, -23.044403], [165.483983, -23.048321], [165.480161, -23.051922], [165.476807, -23.055483], [165.473283, -23.059004], [165.469705, -23.062128], [165.466756, -23.065529], [165.462775, -23.069548], [165.45911, -23.072957], [165.454501, -23.076112], [165.45092, -23.07847], [165.446896, -23.081554], [165.443162, -23.084962], [165.439259, -23.08829], [165.435959, -23.090474], [165.433537, -23.092692], [165.42953, -23.095358], [165.426429, -23.09862], [165.423356, -23.102325], [165.420318, -23.105739], [165.417214, -23.109794], [165.415122, -23.114381], [165.412996, -23.118667], [165.410058, -23.121272], [165.407467, -23.124325], [165.404451, -23.127533], [165.402905, -23.130653], [165.401284, -23.134327], [165.398985, -23.137584], [165.396314, -23.140734], [165.393839, -23.144184], [165.392084, -23.14717], [165.39005, -23.15043], [165.387449, -23.153523], [165.384649, -23.156565], [165.381492, -23.159523], [165.378731, -23.162191], [165.37568, -23.165058], [165.372708, -23.167464], [165.369238, -23.17056], [165.366944, -23.173472], [165.364704, -23.176174], [165.362427, -23.179241], [165.360424, -23.182426], [165.358881, -23.185361], [165.356997, -23.188728], [165.354722, -23.192655], [165.351751, -23.196113], [165.348633, -23.201107], [165.344777, -23.205797], [165.340622, -23.210156], [165.337276, -23.214522], [165.333709, -23.219139], [165.33049, -23.223718], [165.328882, -23.226787], [165.326107, -23.230648], [165.323825, -23.233514], [165.322028, -23.236326], [165.320216, -23.239248], [165.317565, -23.243253], [165.316099, -23.246818], [165.314751, -23.250209], [165.312969, -23.254025], [165.310541, -23.25816], [165.30852, -23.261171], [165.306276, -23.265574], [165.30394, -23.269355], [165.301351, -23.273339], [165.299149, -23.277338], [165.296653, -23.281276], [165.294946, -23.285019], [165.292647, -23.288881], [165.29021, -23.293277], [165.288264, -23.297014], [165.285945, -23.301174], [165.283934, -23.304864], [165.282109, -23.308423], [165.279602, -23.312812], [165.276623, -23.315435], [165.272497, -23.315595], [165.26843, -23.315157], [165.264822, -23.31506], [165.260747, -23.314953], [165.256038, -23.31549], [165.252184, -23.31635], [165.24845, -23.316928], [165.244276, -23.317054], [165.240311, -23.317275], [165.23617, -23.317912], [165.232388, -23.319], [165.228359, -23.320158], [165.22449, -23.321295], [165.219995, -23.322582], [165.215485, -23.324418], [165.211114, -23.325479], [165.207645, -23.326143], [165.203941, -23.327614], [165.200109, -23.329086], [165.196404, -23.331076], [165.193418, -23.333032], [165.189937, -23.334671], [165.186894, -23.336297], [165.183757, -23.338396], [165.180335, -23.339188], [165.176858, -23.340013], [165.17348, -23.341402], [165.169744, -23.34204], [165.165137, -23.343718], [165.160934, -23.345818], [165.156582, -23.348444], [165.15247, -23.351948], [165.148083, -23.354551], [165.144455, -23.358139], [165.140899, -23.361107], [165.136999, -23.364255], [165.133597, -23.367011], [165.129697, -23.370252], [165.126309, -23.373335], [165.123577, -23.377069], [165.120439, -23.379847], [165.117323, -23.382498], [165.113329, -23.385354], [165.109877, -23.388974], [165.105967, -23.391946], [165.102941, -23.395121], [165.099911, -23.399066], [165.097001, -23.40204], [165.093863, -23.405836], [165.090439, -23.40965], [165.087483, -23.413509], [165.08498, -23.417099], [165.081964, -23.420494], [165.078129, -23.424252], [165.075223, -23.427709], [165.072086, -23.431507], [165.068857, -23.434394], [165.064785, -23.437454], [165.061939, -23.44023], [165.058887, -23.442938], [165.0556, -23.446023], [165.052379, -23.448001], [165.047375, -23.45066], [165.04359, -23.45309], [165.040088, -23.456178], [165.037479, -23.458794], [165.034755, -23.461733], [165.031729, -23.464663], [165.029916, -23.467564], [165.026674, -23.470447], [165.023644, -23.472461], [165.020392, -23.474525], [165.017337, -23.476591], [165.013528, -23.478362], [165.009957, -23.479823], [165.006464, -23.481151], [165.003405, -23.482729], [165.000641, -23.484953], [164.997705, -23.486528], [164.995983, -23.489404], [164.994322, -23.492275], [164.992793, -23.49543], [164.991948, -23.497976], [164.991128, -23.500394], [164.989193, -23.50292], [164.986572, -23.504342], [164.983734, -23.505823], [164.981616, -23.508111], [164.978969, -23.510154], [164.975112, -23.509976], [164.971847, -23.509935], [164.968487, -23.509838], [164.965036, -23.50965], [164.961371, -23.50983], [164.958034, -23.510344], [164.955208, -23.5097], [164.95204, -23.510231], [164.949857, -23.508804], [164.946855, -23.508659], [164.943717, -23.5082], [164.940356, -23.507902], [164.936921, -23.508927], [164.935682, -23.512212], [164.93333, -23.516276], [164.931904, -23.519941], [164.930047, -23.521725], [164.928246, -23.523843], [164.927092, -23.525151], [164.927209, -23.528551], [164.927247, -23.532157], [164.92886, -23.536266], [164.929667, -23.539817], [164.9295, -23.543487], [164.931502, -23.546819], [164.933973, -23.550961], [164.936203, -23.554795], [164.938605, -23.557994], [164.940763, -23.561317], [164.942565, -23.564767], [164.944744, -23.567691], [164.948836, -23.568262], [164.952138, -23.570201], [164.954988, -23.572744], [164.959329, -23.574046], [164.96375, -23.576664], [164.968523, -23.577839], [164.971993, -23.5797], [164.97563, -23.582277], [164.978795, -23.584944], [164.982687, -23.587668], [164.986245, -23.589478], [164.989303, -23.590944], [164.991363, -23.593875], [164.993819, -23.595802], [164.994845, -23.598656], [164.997095, -23.60056], [165.000127, -23.602049], [165.003125, -23.604094], [165.00527, -23.606831], [165.007883, -23.609288], [165.011492, -23.611557], [165.014284, -23.611851], [165.009191, -23.615057], [165.004034, -23.618408], [164.998278, -23.622211], [164.993234, -23.625728], [164.986996, -23.630145], [164.982771, -23.633076], [164.976171, -23.637526], [164.970429, -23.641421], [164.9648, -23.645241], [164.958488, -23.649507], [164.953576, -23.652804], [164.948044, -23.656799], [164.943482, -23.660142], [164.938126, -23.664066], [164.933625, -23.667426], [164.928945, -23.670816], [164.923559, -23.674907], [164.919095, -23.678164], [164.914276, -23.68164], [164.909838, -23.68508], [164.905559, -23.688416], [164.901074, -23.691982], [164.896586, -23.695425], [164.891845, -23.698714], [164.886973, -23.701793], [164.882253, -23.704686], [164.877665, -23.707476], [164.872977, -23.710129], [164.868887, -23.712639], [164.864381, -23.715362], [164.859803, -23.718246], [164.854951, -23.721343], [164.850469, -23.7245], [164.846004, -23.727573], [164.841492, -23.730448], [164.836288, -23.73399], [164.832081, -23.736812], [164.827235, -23.740194], [164.822103, -23.743757], [164.817966, -23.746633], [164.8137, -23.74956], [164.809582, -23.75232], [164.805212, -23.755272], [164.801138, -23.757904], [164.796722, -23.760986], [164.792486, -23.76393], [164.78829, -23.766881], [164.784124, -23.769609], [164.779727, -23.77229], [164.774852, -23.775239], [164.770123, -23.777893], [164.765902, -23.780356], [164.76113, -23.782951], [164.755274, -23.786002], [164.751046, -23.788365], [164.74649, -23.790953], [164.741618, -23.793696], [164.73716, -23.796211], [164.733054, -23.798608], [164.728502, -23.801352], [164.72374, -23.804033], [164.718721, -23.80682], [164.714348, -23.8092], [164.709331, -23.81191], [164.703995, -23.814804], [164.699214, -23.817271], [164.693842, -23.820136], [164.689183, -23.822453], [164.684441, -23.824718], [164.678677, -23.827417], [164.673742, -23.829797], [164.669052, -23.832058], [164.664017, -23.834673], [164.659021, -23.837191], [164.65425, -23.839552], [164.649671, -23.841632], [164.645121, -23.843536], [164.639405, -23.844852], [164.634007, -23.846268], [164.628225, -23.847744], [164.621548, -23.849459], [164.617275, -23.850546], [164.611811, -23.8519], [164.605921, -23.853508], [164.600348, -23.855093], [164.595912, -23.856391], [164.590294, -23.858047], [164.584875, -23.859731], [164.578959, -23.861504], [164.573628, -23.863186], [164.567974, -23.864975], [164.562617, -23.866786], [164.557839, -23.868359], [164.55283, -23.870042], [164.547281, -23.871708], [164.542335, -23.873202], [164.53708, -23.874926], [164.530616, -23.877047], [164.52597, -23.878538], [164.520203, -23.880564], [164.514297, -23.882622], [164.507782, -23.884908], [164.502219, -23.886903], [164.497897, -23.888491], [164.493001, -23.890298], [164.488117, -23.892147], [164.482782, -23.89419], [164.477487, -23.896362], [164.471905, -23.898543], [164.469557, -23.899379], [164.462774, -23.901933], [164.458319, -23.903728], [164.453306, -23.905787], [164.448503, -23.907683], [164.442517, -23.910128], [164.438171, -23.911878], [164.432231, -23.914427], [164.425664, -23.917466], [164.419555, -23.9201], [164.412745, -23.923267], [164.40757, -23.925566], [164.4011, -23.928619], [164.395243, -23.931251], [164.388287, -23.934367], [164.383637, -23.936401], [164.377897, -23.93911], [164.371771, -23.941957], [164.366191, -23.944644], [164.360387, -23.947435], [164.355428, -23.949807], [164.350413, -23.952164], [164.345975, -23.954681], [164.340667, -23.958575], [164.335481, -23.962522], [164.33047, -23.966336], [164.325307, -23.970373], [164.321613, -23.973163], [164.317328, -23.975939], [164.314062, -23.978575], [164.309881, -23.981392], [164.304971, -23.985013], [164.301681, -23.988261], [164.298133, -23.991637], [164.294445, -23.995043], [164.290695, -23.998805], [164.287185, -24.00312], [164.2854, -24.007251], [164.284684, -24.011681], [164.284955, -24.01745], [164.285635, -24.02248], [164.286489, -24.027835], [164.286945, -24.032027], [164.286877, -24.035988], [164.285883, -24.040555], [164.285075, -24.044304], [164.28468, -24.048191], [164.284327, -24.052777], [164.283743, -24.05655], [164.28253, -24.060169], [164.282289, -24.064011], [164.28248, -24.068948], [164.282252, -24.073423], [164.281053, -24.076983], [164.279954, -24.080994], [164.278969, -24.085373], [164.2779, -24.089644], [164.277094, -24.09387], [164.276772, -24.098433], [164.276332, -24.102378], [164.275074, -24.108211], [164.273455, -24.11355], [164.272539, -24.117504], [164.272237, -24.122511], [164.272423, -24.128346], [164.272319, -24.13327], [164.271527, -24.138492], [164.269723, -24.143283], [164.267109, -24.14939], [164.265, -24.153113], [164.26227, -24.157693], [164.259557, -24.161558], [164.257272, -24.16544], [164.254358, -24.170899], [164.252022, -24.174901], [164.249393, -24.179163], [164.24691, -24.183491], [164.244324, -24.187803], [164.241308, -24.193109], [164.23832, -24.19798], [164.236128, -24.202118], [164.233803, -24.206409], [164.231093, -24.211409], [164.228165, -24.216689], [164.225654, -24.222401], [164.223847, -24.226621], [164.221916, -24.231183], [164.219398, -24.236583], [164.217347, -24.241667], [164.214521, -24.247204], [164.211992, -24.253349], [164.209794, -24.258281], [164.208059, -24.26371], [164.205934, -24.268637], [164.203648, -24.272461], [164.201523, -24.277421], [164.199312, -24.282519], [164.196974, -24.288204], [164.194771, -24.293237], [164.19303, -24.297544], [164.19069, -24.303523], [164.18819, -24.309567], [164.185131, -24.315725], [164.182581, -24.320487], [164.180338, -24.324527], [164.177232, -24.329946], [164.174767, -24.334054], [164.172227, -24.338249], [164.169433, -24.342628], [164.166236, -24.3476], [164.16384, -24.351885], [164.161365, -24.355414], [164.15901, -24.358745], [164.156118, -24.362756], [164.153892, -24.365968], [164.15178, -24.369018], [164.148867, -24.37276], [164.145931, -24.376517], [164.143102, -24.379918], [164.139763, -24.383585], [164.137107, -24.386632], [164.134013, -24.390409], [164.130156, -24.39465], [164.126857, -24.398463], [164.124498, -24.401545], [164.123011, -24.403582], [164.121278, -24.405989], [164.11972, -24.40823], [164.118077, -24.410391], [164.116566, -24.412733], [164.115095, -24.415161], [164.113562, -24.417426], [164.11044, -24.422407], [164.107275, -24.427429], [164.10369, -24.432504], [164.100473, -24.437785], [164.098119, -24.442744], [164.097616, -24.447798], [164.096489, -24.452318], [164.094746, -24.457072], [164.092763, -24.462749], [164.090329, -24.467319], [164.088297, -24.472051], [164.086154, -24.47636], [164.083853, -24.480599], [164.081744, -24.484917], [164.079056, -24.489509], [164.076864, -24.493964], [164.074207, -24.498832], [164.072403, -24.502782], [164.070221, -24.506945], [164.068144, -24.510922], [164.066188, -24.514748], [164.063308, -24.519622], [164.060532, -24.5239], [164.057555, -24.528001], [164.053976, -24.533821], [164.050889, -24.538785], [164.047308, -24.544173], [164.044799, -24.548172], [164.041798, -24.553522], [164.038887, -24.55884], [164.036727, -24.562941], [164.034525, -24.567624], [164.032175, -24.572614], [164.029536, -24.578597], [164.027917, -24.583247], [164.02608, -24.588059], [164.024158, -24.593544], [164.022758, -24.598577], [164.02092, -24.605105], [164.019223, -24.611029], [164.017701, -24.615537], [164.01635, -24.619531], [164.014741, -24.624489], [164.01362, -24.62879], [164.012317, -24.633069], [164.010835, -24.638138], [164.009733, -24.641435], [164.009086, -24.644481], [164.008108, -24.648496], [164.007255, -24.651724], [164.005609, -24.6553], [164.003798, -24.65852], [164.002497, -24.66077], [164.001053, -24.663609], [163.997909, -24.668706], [163.994756, -24.673057], [163.991538, -24.6774], [163.988701, -24.681653], [163.985971, -24.685391], [163.982599, -24.689836], [163.979357, -24.694366], [163.97569, -24.698435], [163.971953, -24.702411], [163.968506, -24.706585], [163.965716, -24.709753], [163.961713, -24.713704], [163.958336, -24.716894], [163.954852, -24.720299], [163.951202, -24.723618], [163.947657, -24.726848], [163.94393, -24.729925], [163.93993, -24.732926], [163.9358, -24.735935], [163.932185, -24.738496], [163.927099, -24.742129], [163.923193, -24.744766], [163.91886, -24.747954], [163.914384, -24.750923], [163.909962, -24.753656], [163.90518, -24.756635], [163.900763, -24.75933], [163.896032, -24.762327], [163.89148, -24.765638], [163.88713, -24.769219], [163.882953, -24.772965], [163.879714, -24.776518], [163.87668, -24.780158], [163.873713, -24.783787], [163.87038, -24.787408], [163.866612, -24.79146], [163.86321, -24.794812], [163.859554, -24.79854], [163.856364, -24.801514], [163.853037, -24.804942], [163.849672, -24.808395], [163.845953, -24.812446], [163.842607, -24.816299], [163.838751, -24.820825], [163.835288, -24.825108], [163.831802, -24.828998], [163.827966, -24.833274], [163.824518, -24.836966], [163.821247, -24.840542], [163.817918, -24.844252], [163.813973, -24.848067], [163.810739, -24.851884], [163.807921, -24.856072], [163.804417, -24.860698], [163.801444, -24.864571], [163.798397, -24.868579], [163.79555, -24.872041], [163.791242, -24.877257], [163.78762, -24.881365], [163.783905, -24.885449], [163.780341, -24.889428], [163.777171, -24.892734], [163.773133, -24.896864], [163.769318, -24.901517], [163.766595, -24.905549], [163.764164, -24.909773], [163.761767, -24.914491], [163.759792, -24.918394], [163.757927, -24.922617], [163.756177, -24.926827], [163.755072, -24.930013], [163.754515, -24.934696], [163.754025, -24.937635], [163.753121, -24.942479], [163.752101, -24.947383], [163.750962, -24.952491], [163.752299, -24.955903], [163.755844, -24.959019], [163.753017, -24.960738], [163.748079, -24.962309], [163.742682, -24.962864], [163.738391, -24.964018], [163.733396, -24.965588], [163.729525, -24.966862], [163.72599, -24.967764], [163.721951, -24.968881], [163.717521, -24.969925], [163.713022, -24.971056], [163.708958, -24.972143], [163.704222, -24.973452], [163.700362, -24.974544], [163.696377, -24.97576], [163.692779, -24.976171], [163.687768, -24.976637], [163.683233, -24.977564], [163.678344, -24.978858], [163.673333, -24.980075], [163.669073, -24.98138], [163.664699, -24.982872], [163.65917, -24.984808], [163.654847, -24.98661], [163.64973, -24.988229], [163.644521, -24.990064], [163.63976, -24.991499], [163.63408, -24.993273], [163.629892, -24.994628], [163.624938, -24.996396], [163.620828, -24.997691], [163.616708, -24.999064], [163.613048, -25.00054], [163.608108, -25.002092], [163.604208, -25.003614], [163.599521, -25.00554], [163.59418, -25.007018], [163.586613, -25.009306], [163.580087, -25.011116], [163.57505, -25.012628], [163.57002, -25.014196], [163.56543, -25.015588], [163.560822, -25.017112], [163.555223, -25.018873], [163.550317, -25.02035], [163.545377, -25.022077], [163.541686, -25.023621], [163.538011, -25.024802], [163.533327, -25.026186], [163.529698, -25.027412], [163.524935, -25.028666], [163.521198, -25.029879], [163.517993, -25.030758], [163.514237, -25.032022], [163.509998, -25.032912], [163.505869, -25.034064], [163.502128, -25.034894], [163.497861, -25.03555], [163.492863, -25.036433], [163.48904, -25.037188], [163.485797, -25.038008], [163.481228, -25.039027], [163.477926, -25.039515], [163.474225, -25.040219], [163.470953, -25.041417], [163.466515, -25.042274], [163.461656, -25.043586], [163.45641, -25.044884], [163.45306, -25.046252], [163.448953, -25.047431], [163.445639, -25.048314], [163.441235, -25.04952], [163.437762, -25.050962], [163.434084, -25.051902], [163.429513, -25.053364], [163.425512, -25.054843], [163.422144, -25.055929], [163.417509, -25.057338], [163.413456, -25.0589], [163.410638, -25.059934], [163.407495, -25.061063], [163.403754, -25.062436], [163.400304, -25.063494], [163.397617, -25.064515], [163.394082, -25.065699], [163.390762, -25.066488], [163.387465, -25.066956], [163.384171, -25.067488], [163.38076, -25.068133], [163.375787, -25.069528], [163.372028, -25.070345], [163.367973, -25.071244], [163.364738, -25.071919], [163.361739, -25.072636], [163.358742, -25.073222], [163.355048, -25.073906], [163.352478, -25.074352], [163.348434, -25.075078], [163.344695, -25.075766], [163.34181, -25.07606], [163.338346, -25.076411], [163.334853, -25.077205], [163.331743, -25.077784], [163.328341, -25.078589], [163.32571, -25.079045], [163.322227, -25.079967], [163.319593, -25.080645], [163.316415, -25.081311], [163.313658, -25.082115], [163.310771, -25.082984], [163.307326, -25.083826], [163.304064, -25.084627], [163.299765, -25.085742], [163.296455, -25.086984], [163.292451, -25.088331], [163.287406, -25.089627], [163.28325, -25.090729], [163.279041, -25.092388], [163.272984, -25.094385], [163.268487, -25.095918], [163.262969, -25.098053], [163.258445, -25.099411], [163.25305, -25.100962], [163.248494, -25.102453], [163.242397, -25.104373], [163.2376, -25.105926], [163.232053, -25.107276], [163.226913, -25.108507], [163.221779, -25.109225], [163.216934, -25.109707], [163.212028, -25.111264], [163.207063, -25.112648], [163.201769, -25.113964], [163.197213, -25.114439], [163.191744, -25.115589], [163.187525, -25.115852], [163.182292, -25.117112], [163.176662, -25.118224], [163.171652, -25.119598], [163.165725, -25.121106], [163.160233, -25.12269], [163.154797, -25.124738], [163.149472, -25.125988], [163.145247, -25.126363], [163.140111, -25.127712], [163.135781, -25.129494], [163.131249, -25.130982], [163.126122, -25.132635], [163.121821, -25.134715], [163.116904, -25.136859], [163.11198, -25.13917], [163.106235, -25.142065], [163.102387, -25.144442], [163.098019, -25.147023], [163.093277, -25.14939], [163.088411, -25.152047], [163.083633, -25.15437], [163.079633, -25.156589], [163.0755, -25.159063], [163.070498, -25.161311], [163.065359, -25.163538], [163.060824, -25.166035], [163.056436, -25.168228], [163.051371, -25.170408], [163.046182, -25.173269], [163.040849, -25.175552], [163.036183, -25.177498], [163.031585, -25.179153], [163.026841, -25.181446], [163.022292, -25.183366], [163.017669, -25.185294], [163.013275, -25.187237], [163.008615, -25.190221], [163.00355, -25.192317], [162.998966, -25.1949], [162.99417, -25.196488], [162.989423, -25.197331], [162.985149, -25.198253], [162.980136, -25.200829], [162.975883, -25.203074], [162.971504, -25.204498], [162.966043, -25.20564], [162.961146, -25.20729], [162.957277, -25.208986], [162.953413, -25.210244], [162.948284, -25.211434], [162.945349, -25.212002], [162.940434, -25.212938], [162.935669, -25.212875], [162.930866, -25.21286], [162.92556, -25.212956], [162.921793, -25.212469], [162.917221, -25.212106], [162.912541, -25.212271], [162.908347, -25.211997], [162.903076, -25.211842], [162.898226, -25.212194], [162.893929, -25.212381], [162.889078, -25.212471], [162.885128, -25.213831], [162.881712, -25.216896], [162.878236, -25.218887], [162.873412, -25.22035], [162.869058, -25.222237], [162.864496, -25.223825], [162.860594, -25.224835], [162.8573, -25.227641], [162.852301, -25.228927], [162.847943, -25.230457], [162.843524, -25.231796], [162.838671, -25.233346], [162.834877, -25.234551], [162.829726, -25.23529], [162.824753, -25.235818], [162.820076, -25.236613], [162.814956, -25.236908], [162.808588, -25.238231], [162.804342, -25.239757], [162.799407, -25.241463], [162.793688, -25.242686], [162.787911, -25.244766], [162.782735, -25.245789], [162.778795, -25.246654], [162.773839, -25.247306], [162.768876, -25.248224], [162.763317, -25.249252], [162.758647, -25.249626], [162.754062, -25.25036], [162.749484, -25.251246], [162.745187, -25.25256], [162.74135, -25.253828], [162.736512, -25.255149], [162.732381, -25.255765], [162.727573, -25.256951], [162.72268, -25.258768], [162.718262, -25.260317], [162.714617, -25.262471], [162.710161, -25.264601], [162.705481, -25.267003], [162.701762, -25.268683], [162.697464, -25.27093], [162.692175, -25.272367], [162.687704, -25.274129], [162.68338, -25.276233], [162.678315, -25.278748], [162.674405, -25.28049], [162.66993, -25.282882], [162.66525, -25.284682], [162.660807, -25.286826], [162.656286, -25.288733], [162.652276, -25.290578], [162.647853, -25.29156], [162.642392, -25.292681], [162.638759, -25.294003], [162.635305, -25.295287], [162.631734, -25.297594], [162.628011, -25.299259], [162.623402, -25.301587], [162.618849, -25.303606], [162.614113, -25.30524], [162.61012, -25.307519], [162.605446, -25.309316], [162.601407, -25.311094], [162.597359, -25.313473], [162.593679, -25.31699], [162.589311, -25.319355], [162.587032, -25.323846], [162.58435, -25.327735], [162.581586, -25.330724], [162.578307, -25.333366], [162.574537, -25.336481], [162.571585, -25.340074], [162.568139, -25.342793], [162.565304, -25.345938], [162.563096, -25.349065], [162.560314, -25.351991], [162.556194, -25.354293], [162.552468, -25.356214], [162.547693, -25.35732], [162.543804, -25.359583], [162.5393, -25.361084], [162.535502, -25.362496], [162.531726, -25.363965], [162.527936, -25.365956], [162.523064, -25.368246], [162.519028, -25.36972], [162.515988, -25.372242], [162.512877, -25.374805], [162.509994, -25.377455], [162.508625, -25.37973], [162.505581, -25.381289], [162.502533, -25.382931], [162.49891, -25.383835], [162.496065, -25.384299], [162.492015, -25.386483], [162.489308, -25.388735], [162.484619, -25.391109], [162.480702, -25.393066], [162.476826, -25.394157], [162.47416, -25.395942], [162.471197, -25.397772], [162.469675, -25.399817], [162.466837, -25.400382], [162.464043, -25.399923], [162.460839, -25.398753], [162.457909, -25.397194], [162.455671, -25.395759], [162.452741, -25.395245], [162.447669, -25.397376], [162.440201, -25.400259], [162.434299, -25.402769], [162.429566, -25.404846], [162.423285, -25.407652], [162.417177, -25.409884], [162.411331, -25.409365], [162.407256, -25.408798], [162.399854, -25.407922], [162.392795, -25.406843], [162.387824, -25.40606], [162.381641, -25.40511], [162.375751, -25.404308], [162.36996, -25.403461], [162.363955, -25.402543], [162.357606, -25.401463], [162.352804, -25.400748], [162.347649, -25.399978], [162.342509, -25.399176], [162.336395, -25.398267], [162.330959, -25.397521], [162.325654, -25.396758], [162.319828, -25.396778], [162.313792, -25.397208], [162.306548, -25.39784], [162.301565, -25.398238], [162.295374, -25.398657], [162.289179, -25.399028], [162.281117, -25.399547], [162.275495, -25.399703], [162.269689, -25.399755], [162.262611, -25.399938], [162.256486, -25.399943], [162.250389, -25.399969], [162.243303, -25.400025], [162.236701, -25.400015], [162.231249, -25.399893], [162.224345, -25.399606], [162.219205, -25.39949], [162.212295, -25.399305], [162.205031, -25.399234], [162.198507, -25.399282], [162.191905, -25.399159], [162.185414, -25.399121], [162.177789, -25.398867], [162.170513, -25.398576], [162.166132, -25.398391], [162.160777, -25.398156], [162.153856, -25.397832], [162.148567, -25.397528], [162.142864, -25.397168], [162.137574, -25.396799], [162.131373, -25.396261], [162.125565, -25.395715], [162.120045, -25.39526], [162.112654, -25.394585], [162.106009, -25.393998], [162.099304, -25.393343], [162.092763, -25.392732], [162.086774, -25.392328], [162.080244, -25.391783], [162.073557, -25.391308], [162.067617, -25.390999], [162.060124, -25.391754], [162.053938, -25.392317], [162.04893, -25.392925], [162.043301, -25.393392], [162.038582, -25.39378], [162.03301, -25.394258], [162.026139, -25.394867], [162.020832, -25.395294], [162.016101, -25.395661], [162.009265, -25.396145], [162.002723, -25.396549], [161.996631, -25.397066], [161.989712, -25.397558], [161.983968, -25.398103], [161.97731, -25.398632], [161.972004, -25.399117], [161.9657, -25.399838], [161.959207, -25.400677], [161.954875, -25.401186], [161.949596, -25.401894], [161.944939, -25.402423], [161.939889, -25.403009], [161.933359, -25.403941], [161.927306, -25.404758], [161.922027, -25.405587], [161.916881, -25.406417], [161.91004, -25.407463], [161.905096, -25.408375], [161.899164, -25.409252], [161.894079, -25.409971], [161.888418, -25.410928], [161.882476, -25.411873], [161.876975, -25.412777], [161.871995, -25.413412], [161.866062, -25.414274], [161.86166, -25.415093], [161.85699, -25.415719], [161.851288, -25.41635], [161.844807, -25.417298], [161.838514, -25.418437], [161.83293, -25.418943], [161.826129, -25.419891], [161.81956, -25.420494], [161.813759, -25.421027], [161.807426, -25.421692], [161.80137, -25.42224], [161.794673, -25.422962], [161.788306, -25.423591], [161.78173, -25.424167], [161.774582, -25.424529], [161.768997, -25.424934], [161.762568, -25.425644], [161.756687, -25.426043], [161.74926, -25.42654], [161.743328, -25.427012], [161.737417, -25.427449], [161.731644, -25.427845], [161.726266, -25.428103], [161.720135, -25.428453], [161.714303, -25.428867], [161.708662, -25.429139], [161.70416, -25.42941], [161.697699, -25.429819], [161.691571, -25.430289], [161.68718, -25.430602], [161.682387, -25.4309], [161.676254, -25.43145], [161.671142, -25.431879], [161.664202, -25.432673], [161.657606, -25.433346], [161.650555, -25.434105], [161.645538, -25.434439], [161.640266, -25.43487], [161.635467, -25.435236], [161.629956, -25.435688], [161.624847, -25.435985], [161.619551, -25.436388], [161.614446, -25.436854], [161.610224, -25.437194], [161.605585, -25.437615], [161.601323, -25.438114], [161.597219, -25.438558], [161.592386, -25.439008], [161.588011, -25.439476], [161.583964, -25.439515], [161.577165, -25.440011], [161.569613, -25.440379], [161.565451, -25.440739], [161.560185, -25.440546], [161.554688, -25.439777], [161.549621, -25.44024], [161.544976, -25.439734], [161.540072, -25.438562], [161.534799, -25.437764], [161.527622, -25.437277], [161.519841, -25.436928], [161.511729, -25.436953], [161.503672, -25.43667], [161.497618, -25.436929], [161.491149, -25.436962], [161.485269, -25.436961], [161.479652, -25.437749], [161.474668, -25.438963], [161.469233, -25.439841], [161.463944, -25.440623], [161.457814, -25.440529], [161.452021, -25.441736], [161.446339, -25.442491], [161.440979, -25.442981], [161.435409, -25.443708], [161.430298, -25.443287], [161.424556, -25.443281], [161.417518, -25.443277], [161.411492, -25.442718], [161.405316, -25.441912], [161.398587, -25.441634], [161.393108, -25.441529], [161.386635, -25.441688], [161.381821, -25.441731], [161.376306, -25.44241], [161.371276, -25.442582], [161.365145, -25.442353], [161.359709, -25.442789], [161.353266, -25.443917], [161.348127, -25.444171], [161.341905, -25.444448], [161.336112, -25.445669], [161.331569, -25.446926], [161.324905, -25.449095], [161.31911, -25.450302], [161.313877, -25.452042], [161.308244, -25.453222], [161.302397, -25.454533], [161.297508, -25.45664], [161.292995, -25.458651], [161.288498, -25.461475], [161.282384, -25.46428], [161.276626, -25.46654], [161.271595, -25.468046], [161.266738, -25.469415], [161.261529, -25.470825], [161.256483, -25.472339], [161.251459, -25.473977], [161.245875, -25.476717], [161.240952, -25.479592], [161.235875, -25.482847], [161.230896, -25.484848], [161.225487, -25.48807], [161.220761, -25.490628], [161.215765, -25.492565], [161.210359, -25.494471], [161.205743, -25.49706], [161.201558, -25.499996], [161.196777, -25.502185], [161.191213, -25.505324], [161.186445, -25.507626], [161.182219, -25.509384], [161.177776, -25.512144], [161.172377, -25.514925], [161.16775, -25.51594], [161.163634, -25.517455], [161.159246, -25.519155], [161.153672, -25.520703], [161.145999, -25.523524], [161.142563, -25.52527], [161.13677, -25.526559], [161.131984, -25.527101], [161.126962, -25.527746], [161.121788, -25.528214], [161.116314, -25.529307], [161.11031, -25.529695], [161.105496, -25.529555], [161.100506, -25.529404], [161.095539, -25.529326], [161.090593, -25.529723], [161.086253, -25.530191], [161.081564, -25.53025], [161.076484, -25.53013], [161.071802, -25.529973], [161.06689, -25.530346], [161.062462, -25.529606], [161.05776, -25.528635], [161.053918, -25.527871], [161.049415, -25.527936], [161.045428, -25.527808], [161.04135, -25.528036], [161.03643, -25.527657], [161.031641, -25.527632], [161.027448, -25.527962], [161.023064, -25.528659], [161.018277, -25.52868], [161.013777, -25.528336], [161.009352, -25.527934], [161.005157, -25.528259], [161.000907, -25.529098], [160.996563, -25.529162], [160.993079, -25.530204], [160.989553, -25.53151], [160.986433, -25.531945], [160.984362, -25.532732], [160.982181, -25.533317], [160.979245, -25.53378], [160.975267, -25.533931], [160.971155, -25.534171], [160.967241, -25.534117], [160.962948, -25.534188], [160.959354, -25.533678], [160.956803, -25.533644], [160.954903, -25.534056], [160.952244, -25.534507], [160.948733, -25.534441], [160.945571, -25.53328], [160.944868, -25.531644], [160.944218, -25.53021], [160.943496, -25.528569], [160.942685, -25.525961], [160.942414, -25.523544], [160.94182, -25.521477], [160.938016, -25.521551], [160.934503, -25.521355], [160.930574, -25.521768], [160.926358, -25.522146], [160.922297, -25.523411], [160.917855, -25.524365], [160.913427, -25.524397], [160.90802, -25.525103], [160.904152, -25.525473], [160.900855, -25.526663], [160.896974, -25.528098], [160.893137, -25.529377], [160.88883, -25.530737], [160.884021, -25.532115], [160.879303, -25.53363], [160.874019, -25.53594], [160.869721, -25.537631], [160.865125, -25.539198], [160.861013, -25.54032], [160.857041, -25.541645], [160.853311, -25.542595], [160.849699, -25.544215], [160.845903, -25.546837], [160.842001, -25.548736], [160.837426, -25.551059], [160.83412, -25.55434], [160.830356, -25.556163], [160.826097, -25.558525], [160.822439, -25.560255], [160.818417, -25.561855], [160.814981, -25.564205], [160.811287, -25.56533], [160.807496, -25.566859], [160.804421, -25.569211], [160.800574, -25.570725], [160.797206, -25.572415], [160.794528, -25.574344], [160.791824, -25.576581], [160.788276, -25.5788], [160.783706, -25.580544], [160.779403, -25.582241], [160.774601, -25.583895], [160.770254, -25.584733], [160.765095, -25.585726], [160.7608, -25.586673], [160.755216, -25.588323], [160.750885, -25.589676], [160.746651, -25.591116], [160.741662, -25.591722], [160.737194, -25.592133], [160.73237, -25.592364], [160.7279, -25.593342], [160.722714, -25.59504], [160.718456, -25.596622], [160.713846, -25.598336], [160.709162, -25.601783], [160.705036, -25.60398], [160.699714, -25.605773], [160.695333, -25.607363], [160.69114, -25.608646], [160.685384, -25.609745], [160.680568, -25.610391], [160.675276, -25.61182], [160.670517, -25.613329], [160.666137, -25.61488], [160.661315, -25.616116], [160.657395, -25.618018], [160.653534, -25.61922], [160.648598, -25.62072], [160.64365, -25.62167], [160.638663, -25.622813], [160.633836, -25.624263], [160.628845, -25.62526], [160.623729, -25.625619], [160.61894, -25.626045], [160.614059, -25.627142], [160.609579, -25.627664], [160.60474, -25.628698], [160.599841, -25.629529], [160.595813, -25.630474], [160.590967, -25.631938], [160.586382, -25.633437], [160.581439, -25.635001], [160.576651, -25.635621], [160.572314, -25.636284], [160.567433, -25.637337], [160.563373, -25.63916], [160.559027, -25.640448], [160.554668, -25.641174], [160.549917, -25.6421], [160.544569, -25.643459], [160.539497, -25.644719], [160.535362, -25.645891], [160.530357, -25.646229], [160.526546, -25.647312], [160.521897, -25.647998], [160.517346, -25.648656], [160.51234, -25.649673], [160.507427, -25.651537], [160.502498, -25.653506], [160.496742, -25.655302], [160.492405, -25.657091], [160.4877, -25.658722], [160.48394, -25.65965], [160.480267, -25.66075], [160.476002, -25.662247], [160.471929, -25.664071], [160.467051, -25.665027], [160.461366, -25.665243], [160.456347, -25.665061], [160.450554, -25.665427], [160.445554, -25.666149], [160.441219, -25.666858], [160.436147, -25.667471], [160.431701, -25.669096], [160.427302, -25.671677], [160.423017, -25.673703], [160.418296, -25.674603], [160.414059, -25.676213], [160.409982, -25.67743], [160.406356, -25.679223], [160.402185, -25.68187], [160.39803, -25.68336], [160.393853, -25.684868], [160.389433, -25.686489], [160.385822, -25.688639], [160.382184, -25.691245], [160.378534, -25.693441], [160.374615, -25.695259], [160.371067, -25.695963], [160.367012, -25.697582], [160.363417, -25.699146], [160.358926, -25.700261], [160.354088, -25.701175], [160.349817, -25.702585], [160.345786, -25.703097], [160.341469, -25.704423], [160.337047, -25.704828], [160.333496, -25.705878], [160.32972, -25.707866], [160.326091, -25.709898], [160.322974, -25.712404], [160.318907, -25.71387], [160.314938, -25.715263], [160.312088, -25.717679], [160.308835, -25.720125], [160.304268, -25.722175], [160.300525, -25.723627], [160.296706, -25.725777], [160.293817, -25.728623], [160.291075, -25.73136], [160.288378, -25.733776], [160.28482, -25.736174], [160.281769, -25.738117], [160.278529, -25.739605], [160.275186, -25.74148], [160.26974, -25.742861], [160.264717, -25.744349], [160.261194, -25.746143], [160.257597, -25.748352], [160.253322, -25.748986], [160.248355, -25.749344], [160.243517, -25.74929], [160.238594, -25.749092], [160.233073, -25.749479], [160.229453, -25.750338], [160.224266, -25.750704], [160.220778, -25.751112], [160.217928, -25.752667], [160.214059, -25.754262], [160.209728, -25.755244], [160.205186, -25.75545], [160.199702, -25.755831], [160.195799, -25.756272], [160.19094, -25.757393], [160.187619, -25.758127], [160.184495, -25.759535], [160.181709, -25.760595], [160.178405, -25.762016], [160.176058, -25.763168], [160.17147, -25.765021], [160.169222, -25.765582], [160.166798, -25.766119], [160.164472, -25.767005], [160.161609, -25.767892], [160.158387, -25.769077], [160.156217, -25.770121], [160.153746, -25.771918], [160.151688, -25.773508], [160.149676, -25.775016], [160.14763, -25.776231], [160.144861, -25.77738], [160.142684, -25.778534], [160.140274, -25.779117], [160.137111, -25.779758], [160.134401, -25.780911], [160.131781, -25.781746], [160.129082, -25.782572], [160.126297, -25.783049], [160.123671, -25.783539], [160.121497, -25.783962], [160.118974, -25.784428], [160.116524, -25.785304], [160.114343, -25.786346], [160.111995, -25.78662], [160.109569, -25.786535], [160.107424, -25.787452], [160.105937, -25.788653], [160.103772, -25.78995], [160.10194, -25.791212], [160.100463, -25.792534], [160.098371, -25.793284], [160.095954, -25.794139], [160.092869, -25.795023], [160.089702, -25.796151], [160.086986, -25.798192], [160.084078, -25.79989], [160.080198, -25.801602], [160.076744, -25.803186], [160.072623, -25.804559], [160.070368, -25.807282], [160.065875, -25.807997], [160.062459, -25.808258], [160.059262, -25.808766], [160.056366, -25.808717], [160.052563, -25.809214], [160.048939, -25.809108], [160.04478, -25.808888], [160.042272, -25.808843], [160.039137, -25.810937], [160.035602, -25.811815], [160.031115, -25.813058], [160.02723, -25.81452], [160.024476, -25.817704], [160.021998, -25.819883], [160.017723, -25.821053], [160.014618, -25.822268], [160.010225, -25.823436], [160.006764, -25.824482], [160.003366, -25.826767], [160.000093, -25.82885], [159.995407, -25.830163], [159.991382, -25.832221], [159.988565, -25.835158], [159.985302, -25.838106], [159.981457, -25.839382], [159.977176, -25.84035], [159.972598, -25.842486], [159.968626, -25.842817], [159.964241, -25.843364], [159.960205, -25.844525], [159.95594, -25.844947], [159.952152, -25.846647], [159.948399, -25.848277], [159.944817, -25.848266], [159.941326, -25.848729], [159.936979, -25.849421], [159.933244, -25.850624], [159.930214, -25.85137], [159.927425, -25.852033], [159.923721, -25.852162], [159.919241, -25.852581], [159.914589, -25.853235], [159.910334, -25.853035], [159.908097, -25.853241], [159.905236, -25.854354], [159.903431, -25.857132], [159.901371, -25.859269], [159.898972, -25.861545], [159.896436, -25.863451], [159.893465, -25.864999], [159.890616, -25.866583], [159.887062, -25.868562], [159.88342, -25.869358], [159.879376, -25.870424], [159.875933, -25.87157], [159.871733, -25.873205], [159.867951, -25.873968], [159.863926, -25.875311], [159.860312, -25.876092], [159.857266, -25.878019], [159.854342, -25.879463], [159.851032, -25.881238], [159.847504, -25.882314], [159.84431, -25.883901], [159.841193, -25.88509], [159.837746, -25.887037], [159.834194, -25.888594], [159.831055, -25.890177], [159.828024, -25.892101], [159.824447, -25.894162], [159.820882, -25.896363], [159.817973, -25.898617], [159.81433, -25.899953], [159.810567, -25.901211], [159.806991, -25.902405], [159.802605, -25.904141], [159.798775, -25.905404], [159.794683, -25.907439], [159.790909, -25.908613], [159.787209, -25.90955], [159.783746, -25.911042], [159.780034, -25.912948], [159.776755, -25.914275], [159.773804, -25.916011], [159.770335, -25.917326], [159.76704, -25.919285], [159.763392, -25.921441], [159.760268, -25.923583], [159.756861, -25.925507], [159.753557, -25.927867], [159.750196, -25.929743], [159.747174, -25.931717], [159.743761, -25.933494], [159.740559, -25.935354], [159.736925, -25.937319], [159.734785, -25.939465], [159.731833, -25.940952], [159.729409, -25.942811], [159.726591, -25.944705], [159.723545, -25.94647], [159.720707, -25.948313], [159.717352, -25.95059], [159.715132, -25.952149], [159.712459, -25.9537], [159.709912, -25.955653], [159.707773, -25.957624], [159.705794, -25.960383], [159.70411, -25.963079], [159.702635, -25.965542], [159.701939, -25.968117], [159.701069, -25.970699], [159.699663, -25.973106], [159.697544, -25.974573], [159.695926, -25.975363], [159.694093, -25.976682], [159.693287, -25.97911], [159.691696, -25.980194], [159.690607, -25.98158], [159.689527, -25.983477], [159.688304, -25.985231], [159.687684, -25.986769], [159.687678, -25.988886], [159.685995, -25.992292], [159.685382, -25.996516], [159.685078, -26.000944], [159.684606, -26.003961], [159.684574, -26.008155], [159.683928, -26.010801], [159.682982, -26.013118], [159.682781, -26.014884], [159.682143, -26.017337], [159.681063, -26.019677], [159.680763, -26.021731], [159.679894, -26.023701], [159.678841, -26.026069], [159.67846, -26.028405], [159.677342, -26.030736], [159.676604, -26.032403], [159.675203, -26.035262], [159.67444, -26.036768], [159.672864, -26.038832], [159.672406, -26.0412], [159.671937, -26.042771], [159.670613, -26.045566], [159.669846, -26.048124], [159.670466, -26.051647], [159.671138, -26.055257], [159.670355, -26.058766], [159.669669, -26.061892], [159.668844, -26.065211], [159.669592, -26.068792], [159.670193, -26.072035], [159.670518, -26.0758], [159.671398, -26.079395], [159.671833, -26.082789], [159.672308, -26.086615], [159.671801, -26.089876], [159.6718, -26.093254], [159.670422, -26.09685], [159.668567, -26.099673], [159.666319, -26.102132], [159.66472, -26.104944], [159.663242, -26.107883], [159.662038, -26.110903], [159.659914, -26.112625], [159.653879, -26.115769], [159.648625, -26.118763], [159.641876, -26.122529], [159.636419, -26.125785], [159.630275, -26.129579], [159.624781, -26.1332], [159.620437, -26.136214], [159.615991, -26.139277], [159.611312, -26.142577], [159.606232, -26.146365], [159.60157, -26.149996], [159.597519, -26.15324], [159.592184, -26.157612], [159.58834, -26.160743], [159.584173, -26.164191], [159.578945, -26.168267], [159.574028, -26.172096], [159.568583, -26.176067], [159.563404, -26.179811], [159.558295, -26.183559], [159.554233, -26.186584], [159.549226, -26.190316], [159.54486, -26.193771], [159.540105, -26.197422], [159.53601, -26.200396], [159.5317, -26.203547], [159.527303, -26.206839], [159.523091, -26.209909], [159.517891, -26.213933], [159.514564, -26.216433], [159.509432, -26.22029], [159.504853, -26.223782], [159.500301, -26.227355], [159.496273, -26.230632], [159.491829, -26.234438], [159.487529, -26.237876], [159.48323, -26.241263], [159.477973, -26.245781], [159.473987, -26.249314], [159.469717, -26.253138], [159.464571, -26.257479], [159.460663, -26.26084], [159.457288, -26.263494], [159.453043, -26.266953], [159.449036, -26.270374], [159.44447, -26.273975], [159.440027, -26.27748], [159.435593, -26.280983], [159.431167, -26.284712], [159.427011, -26.288081], [159.422332, -26.292068], [159.417668, -26.295989], [159.412695, -26.30004], [159.407635, -26.303837], [159.402958, -26.307169], [159.399524, -26.309665], [159.395747, -26.312415], [159.391248, -26.315799], [159.387178, -26.318794], [159.383649, -26.321596], [159.379075, -26.325277], [159.374842, -26.328381], [159.371592, -26.330788], [159.36812, -26.333366], [159.363899, -26.336533], [159.359668, -26.339762], [159.355466, -26.343112], [159.351179, -26.346607], [159.346364, -26.350633], [159.341615, -26.354694], [159.337989, -26.357795], [159.334066, -26.361037], [159.329991, -26.364388], [159.325937, -26.367578], [159.322193, -26.370746], [159.318595, -26.373624], [159.315168, -26.376307], [159.310865, -26.379601], [159.306925, -26.382501], [159.30232, -26.385889], [159.297778, -26.389285], [159.292335, -26.393409], [159.288593, -26.396208], [159.284774, -26.399151], [159.279619, -26.402937], [159.274987, -26.406548], [159.26995, -26.410455], [159.26565, -26.413455], [159.260086, -26.417488], [159.25479, -26.421326], [159.248962, -26.42534], [159.243545, -26.428896], [159.238042, -26.432363], [159.232247, -26.435983], [159.227556, -26.438986], [159.222061, -26.442471], [159.217454, -26.445246], [159.213104, -26.447987], [159.206849, -26.451923], [159.201446, -26.455165], [159.195905, -26.458567], [159.190764, -26.46169], [159.18637, -26.464396], [159.182267, -26.466804], [159.17719, -26.469869], [159.171969, -26.47314], [159.167152, -26.476021], [159.161809, -26.479426], [159.155954, -26.483012], [159.151062, -26.486137], [159.144668, -26.490137], [159.13961, -26.493376], [159.134552, -26.496523], [159.129136, -26.499851], [159.123082, -26.50357], [159.118663, -26.506327], [159.113785, -26.509464], [159.108126, -26.512831], [159.103455, -26.515855], [159.097331, -26.519623], [159.092456, -26.522828], [159.087535, -26.525959], [159.0837, -26.528822], [159.080479, -26.531297], [159.077284, -26.53273], [159.074212, -26.534067], [159.070615, -26.535353], [159.066743, -26.537841], [159.063036, -26.540865], [159.058744, -26.544547], [159.054168, -26.5486], [159.050277, -26.552058], [159.046484, -26.555228], [159.042413, -26.558541], [159.038517, -26.561496], [159.034969, -26.564034], [159.031193, -26.566724], [159.026973, -26.569528], [159.023065, -26.572278], [159.019546, -26.574652], [159.014843, -26.577898], [159.010753, -26.580803], [159.00693, -26.583197], [159.00319, -26.585581], [158.99929, -26.58798], [158.994834, -26.590907], [158.990607, -26.593786], [158.986744, -26.596448], [158.98266, -26.599163], [158.979744, -26.601043], [158.97563, -26.603676], [158.971376, -26.605714], [158.968143, -26.606569], [158.965414, -26.608767], [158.96198, -26.611139], [158.959351, -26.613496], [158.956293, -26.615809], [158.953093, -26.618351], [158.950116, -26.620715], [158.947606, -26.62312], [158.945102, -26.625577], [158.942118, -26.628066], [158.939094, -26.630639], [158.936124, -26.632847], [158.932578, -26.636676], [158.928705, -26.640563], [158.92573, -26.643977], [158.922353, -26.645856], [158.920021, -26.648772], [158.917604, -26.651442], [158.915519, -26.653744], [158.913286, -26.656236], [158.911023, -26.658553], [158.909058, -26.661417], [158.907307, -26.664414], [158.905586, -26.666873], [158.903263, -26.670938], [158.901324, -26.674204], [158.899066, -26.67868], [158.89725, -26.681645], [158.894912, -26.68566], [158.892376, -26.690022], [158.890258, -26.693898], [158.8884, -26.698388], [158.887091, -26.702726], [158.885534, -26.706297], [158.88392, -26.710084], [158.882952, -26.713667], [158.881243, -26.719756], [158.879834, -26.723758], [158.87799, -26.728209], [158.877135, -26.73188], [158.876497, -26.734842], [158.875951, -26.73779], [158.875431, -26.740899], [158.874732, -26.743984], [158.872811, -26.747227], [158.869067, -26.751534], [158.866059, -26.755745], [158.862483, -26.75924], [158.858448, -26.763902], [158.855383, -26.768101], [158.851709, -26.772027], [158.847995, -26.775337], [158.843885, -26.779256], [158.839895, -26.783392], [158.836145, -26.787589], [158.832186, -26.791874], [158.828448, -26.795608], [158.824642, -26.799484], [158.8204, -26.802637], [158.814795, -26.806931], [158.811325, -26.809731], [158.808307, -26.813053], [158.803815, -26.816798], [158.800251, -26.819929], [158.797481, -26.824217], [158.795481, -26.828679], [158.793182, -26.833234], [158.790802, -26.838087], [158.788487, -26.842389], [158.786618, -26.846699], [158.784907, -26.851234], [158.783265, -26.85601], [158.782266, -26.860449], [158.781641, -26.866527], [158.780936, -26.87253], [158.780572, -26.876995], [158.780277, -26.881977], [158.780391, -26.886682], [158.780611, -26.890775], [158.780644, -26.894732], [158.77967, -26.90046], [158.77932, -26.905005], [158.778321, -26.91014], [158.777493, -26.917021], [158.776607, -26.921356], [158.77613, -26.926511], [158.775933, -26.931529], [158.775413, -26.937102], [158.775029, -26.94163], [158.774537, -26.947367], [158.773686, -26.952731], [158.772927, -26.957438], [158.772022, -26.962677], [158.771223, -26.967901], [158.770229, -26.973408], [158.770027, -26.978789], [158.770119, -26.985486], [158.769974, -26.990167], [158.77011, -26.995986], [158.769697, -27.001316], [158.769154, -27.006078], [158.768527, -27.010544], [158.767861, -27.015999], [158.766963, -27.020266], [158.766152, -27.025468], [158.765207, -27.031105], [158.764466, -27.036996], [158.764208, -27.041989], [158.763716, -27.047396], [158.762692, -27.053452], [158.761773, -27.057449], [158.760704, -27.062556], [158.7595, -27.068106], [158.758604, -27.072368], [158.757531, -27.077393], [158.756654, -27.082774], [158.756058, -27.087759], [158.755756, -27.092114], [158.755171, -27.097637], [158.754646, -27.103513], [158.75405, -27.108896], [158.751856, -27.11375], [158.749913, -27.117527], [158.74715, -27.122074], [158.744661, -27.126097], [158.741972, -27.130354], [158.740271, -27.133761], [158.736669, -27.138668], [158.732765, -27.141923], [158.727447, -27.144975], [158.723415, -27.147725], [158.718527, -27.151028], [158.713221, -27.154285], [158.709164, -27.156841], [158.704497, -27.160228], [158.698523, -27.164246], [158.693787, -27.167571], [158.689711, -27.170226], [158.684842, -27.173342], [158.680177, -27.176343], [158.676501, -27.1792], [158.671893, -27.181761], [158.668507, -27.185745], [158.665295, -27.189334], [158.661396, -27.191926], [158.657335, -27.195251], [158.655276, -27.198932], [158.651667, -27.201628], [158.647101, -27.204558], [158.643523, -27.206891], [158.640426, -27.209911], [158.636583, -27.213068], [158.632543, -27.21593], [158.628539, -27.218595], [158.621868, -27.221664], [158.618021, -27.224334], [158.612244, -27.227162], [158.605716, -27.229587], [158.601995, -27.231269], [158.596498, -27.233483], [158.592605, -27.236472], [158.590263, -27.239301], [158.587583, -27.242634], [158.586126, -27.246217], [158.583076, -27.249361], [158.580073, -27.252288], [158.576555, -27.254796], [158.572768, -27.256768], [158.567942, -27.259213], [158.564615, -27.26179], [158.560215, -27.26456], [158.554459, -27.26777], [158.551345, -27.270908], [158.548898, -27.275114], [158.546507, -27.280539], [158.544287, -27.284536], [158.541044, -27.28817], [158.537023, -27.290749], [158.532185, -27.293611], [158.525679, -27.297556], [158.519974, -27.30066], [158.514245, -27.303748], [158.509957, -27.305994], [158.504865, -27.309022], [158.500773, -27.311352], [158.495986, -27.313984], [158.491386, -27.316412], [158.485472, -27.319948], [158.480189, -27.323016], [158.475874, -27.325446], [158.471156, -27.328157], [158.466567, -27.330787], [158.461755, -27.333508], [158.456697, -27.336143], [158.451966, -27.338637], [158.447318, -27.341138], [158.443151, -27.343377], [158.438186, -27.346106], [158.433599, -27.348669], [158.42814, -27.351853], [158.423853, -27.354489], [158.419047, -27.357345], [158.413688, -27.360699], [158.408993, -27.364088], [158.404587, -27.367296], [158.400359, -27.370322], [158.396149, -27.373047], [158.391096, -27.376372], [158.38714, -27.379033], [158.382676, -27.381975], [158.379034, -27.384576], [158.374311, -27.387785], [158.370418, -27.390591], [158.365817, -27.393718], [158.36113, -27.396578], [158.35586, -27.399532], [158.351227, -27.402124], [158.34611, -27.405032], [158.34156, -27.407624], [158.336578, -27.410483], [158.332323, -27.413137], [158.328382, -27.415774], [158.323695, -27.418812], [158.319702, -27.421864], [158.315292, -27.424897], [158.310495, -27.427787], [158.305568, -27.430873], [158.300961, -27.433358], [158.296138, -27.436113], [158.291488, -27.438654], [158.287, -27.440925], [158.283008, -27.443004], [158.27863, -27.445275], [158.274771, -27.447181], [158.270798, -27.449292], [158.266208, -27.451448], [158.261928, -27.453329], [158.256563, -27.455701], [158.252193, -27.457578], [158.248689, -27.458678], [158.243757, -27.46025], [158.24228, -27.461427], [158.240138, -27.464116], [158.236466, -27.467091], [158.231987, -27.470635], [158.227262, -27.473611], [158.222766, -27.476652], [158.218503, -27.479049], [158.213377, -27.481365], [158.208473, -27.484023], [158.204356, -27.486401], [158.198717, -27.489218], [158.193846, -27.492175], [158.192017, -27.495805], [158.190888, -27.500075], [158.185734, -27.503468], [158.181132, -27.505994], [158.17697, -27.508759], [158.171905, -27.512097], [158.167162, -27.514706], [158.162817, -27.517517], [158.158168, -27.520881], [158.152731, -27.523424], [158.147451, -27.525644], [158.142389, -27.52777], [158.137688, -27.530185], [158.132251, -27.532579], [158.126737, -27.534999], [158.121719, -27.537004], [158.11706, -27.539328], [158.115306, -27.54287], [158.112876, -27.546628], [158.110792, -27.549968], [158.107781, -27.55263], [158.105165, -27.55615], [158.10351, -27.560047], [158.101031, -27.564083], [158.097417, -27.567847], [158.093968, -27.571737], [158.089491, -27.575353], [158.086512, -27.579354], [158.083976, -27.583021], [158.082707, -27.587317], [158.081636, -27.590832], [158.081426, -27.59494], [158.081852, -27.59882], [158.081427, -27.602789], [158.081286, -27.606493], [158.08119, -27.610061], [158.08128, -27.613552], [158.080977, -27.617155], [158.080662, -27.621206], [158.080738, -27.624575], [158.081109, -27.628325], [158.081594, -27.631878], [158.085765, -27.633634], [158.085773, -27.635209], [158.080647, -27.637162], [158.073526, -27.638338], [158.066691, -27.639152], [158.059931, -27.639577], [158.054519, -27.640314], [158.048626, -27.640573], [158.042726, -27.640832], [158.037591, -27.641214], [158.032439, -27.640861], [158.026447, -27.64134], [158.020608, -27.641793], [158.01516, -27.642603], [158.009631, -27.643039], [158.004619, -27.643975], [157.999023, -27.644725], [157.993625, -27.64593], [157.988465, -27.64682], [157.984273, -27.647441], [157.979316, -27.648352], [157.975185, -27.649549], [157.969868, -27.650884], [157.964491, -27.652186], [157.960156, -27.653505], [157.955019, -27.654979], [157.949315, -27.656747], [157.944979, -27.65805], [157.940025, -27.659605], [157.933885, -27.660817], [157.929194, -27.661882], [157.923602, -27.663248], [157.918209, -27.664878], [157.914191, -27.666006], [157.908203, -27.667633], [157.902891, -27.669351], [157.897594, -27.671248], [157.892634, -27.673142], [157.886793, -27.675081], [157.8808, -27.676902], [157.875905, -27.678808], [157.87008, -27.68051], [157.865096, -27.682257], [157.859713, -27.684431], [157.855343, -27.68589], [157.850217, -27.687302], [157.845001, -27.688572], [157.840999, -27.689898], [157.836227, -27.691845], [157.832091, -27.69334], [157.826528, -27.694651], [157.821274, -27.696106], [157.815281, -27.698075], [157.811442, -27.699118], [157.807278, -27.700606], [157.803208, -27.701815], [157.79877, -27.702865], [157.793752, -27.704619], [157.788521, -27.706758], [157.78362, -27.708529], [157.778572, -27.71063], [157.773779, -27.713229], [157.769349, -27.71591], [157.764689, -27.718654], [157.759794, -27.720806], [157.755074, -27.722918], [157.750479, -27.725227], [157.745942, -27.727171], [157.741679, -27.72987], [157.737666, -27.732523], [157.733821, -27.734565], [157.729299, -27.737298], [157.72578, -27.739882], [157.721491, -27.742159], [157.71774, -27.743914], [157.713381, -27.74631], [157.709762, -27.749033], [157.706358, -27.751688], [157.702244, -27.753592], [157.698146, -27.756239], [157.694541, -27.758834], [157.690019, -27.761216], [157.686404, -27.763496], [157.682599, -27.766236], [157.679103, -27.769842], [157.676266, -27.7734], [157.672353, -27.777928], [157.668657, -27.781351], [157.664616, -27.784684], [157.661102, -27.787837], [157.657631, -27.791294], [157.653376, -27.794647], [157.649914, -27.797684], [157.646275, -27.800131], [157.642143, -27.803443], [157.637392, -27.806511], [157.632665, -27.809196], [157.628715, -27.81182], [157.62571, -27.813886], [157.622326, -27.816678], [157.618746, -27.819095], [157.615127, -27.821612], [157.61173, -27.823845], [157.608514, -27.825638], [157.605617, -27.827218], [157.602453, -27.82923], [157.599519, -27.831441], [157.596347, -27.833619], [157.593606, -27.83639], [157.591011, -27.838682], [157.587896, -27.841124], [157.585798, -27.843958], [157.582983, -27.847625], [157.580564, -27.850762], [157.577419, -27.854921], [157.573595, -27.85937], [157.568744, -27.864992], [157.564206, -27.870706], [157.561061, -27.874415], [157.557299, -27.878857], [157.553314, -27.883485], [157.549888, -27.887405], [157.546134, -27.891436], [157.541755, -27.896397], [157.537628, -27.90136], [157.533171, -27.906111], [157.528529, -27.911545], [157.523919, -27.916734], [157.51977, -27.921354], [157.516359, -27.925355], [157.51258, -27.929764], [157.509013, -27.933844], [157.505027, -27.938595], [157.501176, -27.943474], [157.496888, -27.948649], [157.492957, -27.952948], [157.489652, -27.956654], [157.485628, -27.961193], [157.482134, -27.965246], [157.478389, -27.969814], [157.475106, -27.973864], [157.472, -27.977684], [157.46759, -27.983261], [157.464294, -27.9874], [157.461634, -27.990866], [157.458301, -27.995191], [157.454529, -28.000023], [157.451357, -28.003919], [157.4482, -28.008109], [157.445437, -28.011733], [157.442812, -28.015436], [157.439073, -28.020292], [157.4355, -28.024961], [157.432159, -28.029172], [157.429146, -28.033248], [157.425892, -28.037721], [157.422759, -28.042137], [157.420241, -28.045745], [157.415943, -28.052017], [157.413002, -28.056328], [157.40918, -28.062104], [157.405844, -28.066965], [157.402813, -28.071335], [157.399247, -28.076545], [157.395719, -28.081743], [157.392208, -28.087166], [157.388835, -28.092822], [157.3857, -28.097974], [157.382147, -28.103516], [157.379412, -28.107634], [157.375859, -28.113268], [157.372459, -28.118918], [157.369147, -28.124675], [157.366179, -28.129749], [157.362982, -28.134817], [157.360093, -28.139498], [157.356418, -28.145699], [157.353339, -28.151027], [157.350849, -28.155408], [157.348084, -28.160133], [157.344763, -28.165808], [157.341605, -28.171147], [157.338902, -28.175985], [157.336066, -28.181207], [157.333593, -28.185759], [157.330812, -28.190876], [157.328921, -28.194398], [157.3267, -28.1984], [157.324155, -28.202676], [157.321321, -28.207861], [157.318745, -28.212897], [157.316308, -28.217452], [157.313265, -28.223416], [157.310769, -28.22857], [157.308048, -28.234496], [157.305889, -28.239827], [157.303255, -28.245716], [157.301338, -28.250576], [157.298723, -28.256949], [157.296567, -28.261803], [157.294267, -28.266922], [157.292019, -28.271943], [157.28939, -28.277588], [157.287178, -28.282459], [157.285019, -28.287433], [157.282441, -28.293536], [157.279625, -28.29967], [157.277333, -28.304575], [157.274902, -28.310299], [157.272132, -28.316546], [157.269879, -28.321649], [157.267037, -28.327579], [157.264597, -28.332791], [157.262166, -28.338215], [157.259806, -28.343237], [157.257686, -28.347928], [157.255422, -28.352769], [157.252872, -28.358116], [157.250257, -28.363736], [157.248023, -28.368416], [157.245086, -28.37503], [157.242501, -28.38035], [157.240334, -28.384985], [157.237951, -28.390179], [157.235229, -28.396133], [157.233003, -28.400844], [157.230329, -28.40593], [157.228211, -28.41016], [157.226024, -28.414385], [157.223607, -28.419241], [157.221461, -28.423689], [157.219095, -28.428247], [157.21664, -28.433066], [157.214549, -28.437295], [157.212171, -28.442004], [157.209169, -28.447804], [157.206505, -28.45277], [157.20358, -28.458653], [157.201208, -28.462836], [157.198687, -28.467762], [157.19601, -28.472558], [157.193579, -28.477208], [157.191464, -28.481259], [157.188832, -28.48637], [157.186107, -28.491285], [157.183042, -28.496959], [157.180553, -28.501332], [157.17833, -28.505686], [157.176022, -28.510103], [157.173502, -28.514625], [157.170542, -28.519995], [157.167826, -28.524871], [157.165366, -28.528913], [157.162622, -28.533276], [157.159049, -28.53935], [157.156393, -28.543837], [157.153459, -28.548526], [157.150252, -28.554121], [157.147654, -28.558498], [157.144602, -28.563283], [157.142298, -28.567202], [157.139088, -28.572292], [157.135924, -28.577226], [157.133389, -28.581117], [157.130266, -28.586506], [157.127151, -28.591941], [157.123876, -28.597317], [157.120782, -28.602525], [157.117571, -28.608154], [157.11415, -28.613628], [157.110895, -28.618866], [157.107377, -28.624062], [157.103893, -28.628349], [157.09963, -28.633747], [157.096485, -28.637903], [157.093355, -28.642224], [157.089414, -28.6477], [157.08569, -28.652783], [157.08321, -28.656084], [157.080655, -28.659723], [157.077004, -28.664938], [157.073846, -28.669292], [157.071106, -28.673321], [157.068135, -28.67753], [157.064391, -28.682494], [157.058785, -28.69012], [157.053229, -28.697412], [157.048749, -28.703195], [157.045642, -28.707164], [157.042691, -28.711056], [157.038951, -28.71584], [157.034681, -28.721348], [157.031564, -28.72555], [157.027994, -28.730316], [157.025114, -28.734067], [157.022255, -28.738014], [157.019283, -28.74161], [157.014822, -28.747583], [157.010798, -28.75293], [157.00624, -28.758874], [157.002704, -28.763392], [156.999335, -28.767787], [156.994437, -28.769365], [156.989469, -28.770137], [156.982511, -28.771239], [156.97437, -28.772454], [156.966865, -28.773561], [156.960137, -28.774727], [156.953354, -28.775909], [156.946799, -28.776972], [156.939629, -28.778275], [156.934339, -28.779581], [156.928965, -28.781426], [156.92603, -28.782296], [156.921631, -28.783101], [156.916594, -28.783959], [156.911663, -28.784911], [156.906801, -28.785935], [156.901526, -28.786846], [156.894445, -28.788319], [156.888557, -28.789525], [156.883374, -28.790647], [156.879133, -28.791431], [156.873706, -28.792571], [156.869873, -28.793261], [156.865803, -28.794106], [156.861316, -28.794965], [156.854891, -28.796111], [156.848256, -28.79717], [156.840962, -28.798527], [156.835694, -28.799486], [156.830119, -28.800561], [156.823511, -28.801724], [156.816532, -28.802923], [156.8097, -28.804099], [156.802661, -28.80528], [156.796304, -28.80681], [156.790693, -28.808356], [156.785108, -28.810051], [156.779431, -28.811766], [156.774769, -28.813315], [156.770562, -28.815351], [156.766276, -28.817356], [156.760666, -28.81986], [156.756171, -28.822133], [156.750931, -28.824808], [156.744881, -28.82794], [156.740758, -28.830064], [156.735344, -28.832504], [156.729584, -28.835251], [156.72501, -28.837744], [156.720133, -28.840287], [156.713118, -28.844145], [156.70867, -28.846512], [156.703436, -28.849108], [156.698627, -28.851676], [156.691952, -28.855299], [156.686466, -28.858233], [156.681088, -28.860986], [156.675178, -28.863977], [156.66957, -28.866805], [156.663065, -28.870357], [156.657283, -28.87338], [156.651086, -28.876651], [156.646383, -28.87921], [156.641976, -28.881531], [156.63687, -28.884239], [156.632126, -28.886597], [156.6285, -28.888453], [156.623554, -28.890903], [156.619349, -28.893019], [156.61475, -28.895415], [156.60993, -28.897827], [156.605359, -28.900154], [156.600794, -28.902488], [156.596797, -28.904371], [156.592801, -28.906327], [156.589741, -28.907871], [156.586523, -28.909642], [156.583261, -28.911334], [156.578612, -28.913551], [156.572892, -28.916778], [156.569563, -28.918597], [156.564592, -28.921293], [156.560208, -28.923617], [156.555368, -28.925999], [156.552254, -28.927616], [156.54816, -28.92973], [156.544404, -28.931696], [156.541045, -28.933512], [156.537669, -28.935137], [156.534504, -28.936692], [156.529518, -28.939299], [156.52423, -28.942058], [156.519628, -28.944363], [156.515017, -28.946512], [156.510821, -28.948802], [156.504919, -28.951769], [156.500751, -28.954116], [156.496799, -28.954323], [156.495592, -28.95504], [156.493225, -28.954978], [156.487754, -28.953298], [156.481946, -28.952388], [156.477168, -28.951717], [156.471839, -28.950745], [156.465241, -28.94945], [156.458475, -28.947943], [156.452116, -28.946652], [156.444259, -28.945005], [156.438838, -28.943797], [156.431961, -28.942413], [156.424704, -28.940893], [156.418852, -28.939838], [156.412664, -28.938864], [156.405086, -28.937407], [156.399584, -28.937042], [156.394512, -28.936848], [156.389861, -28.936819], [156.386034, -28.938365], [156.38222, -28.939802], [156.377129, -28.939543], [156.371149, -28.93903], [156.365272, -28.938532], [156.359706, -28.93822], [156.353409, -28.937732], [156.347551, -28.937306], [156.343129, -28.937246], [156.339537, -28.936866], [156.33438, -28.936209], [156.330762, -28.935816], [156.325255, -28.934907], [156.320923, -28.935173], [156.316393, -28.935811], [156.311107, -28.9368], [156.305397, -28.938077], [156.300585, -28.939435], [156.296337, -28.940432], [156.290029, -28.941942], [156.285445, -28.943184], [156.280691, -28.944683], [156.276126, -28.945997], [156.270707, -28.94759], [156.264628, -28.949436], [156.259734, -28.95098], [156.253937, -28.952856], [156.248585, -28.954396], [156.244236, -28.955947], [156.240366, -28.958398], [156.23584, -28.960931], [156.231419, -28.963359], [156.227638, -28.965154], [156.223299, -28.967085], [156.218225, -28.969542], [156.2131, -28.971812], [156.208464, -28.973923], [156.203356, -28.975913], [156.197607, -28.978562], [156.193379, -28.981021], [156.188504, -28.983586], [156.184392, -28.985779], [156.178999, -28.988234], [156.175007, -28.990028], [156.170131, -28.992531], [156.165607, -28.99455], [156.161052, -28.996586], [156.155332, -28.999395], [156.150226, -29.001967], [156.14551, -29.004501], [156.140647, -29.007028], [156.135402, -29.009516], [156.130238, -29.011942], [156.124931, -29.01445], [156.118953, -29.017701], [156.113992, -29.019898], [156.108682, -29.022059], [156.104052, -29.023847], [156.099281, -29.02542], [156.094733, -29.02729], [156.090258, -29.029139], [156.085437, -29.031171], [156.080984, -29.033075], [156.075658, -29.035776], [156.071392, -29.037884], [156.066516, -29.040136], [156.06175, -29.042264], [156.058039, -29.044172], [156.05275, -29.046553], [156.04837, -29.048371], [156.044057, -29.049989], [156.038623, -29.052617], [156.034518, -29.054477], [156.029969, -29.056723], [156.024709, -29.059218], [156.020382, -29.061312], [156.016088, -29.063476], [156.011618, -29.065695], [156.006856, -29.068253], [156.00058, -29.071444], [155.994277, -29.074836], [155.98729, -29.078194], [155.981895, -29.080999], [155.977748, -29.083145], [155.973316, -29.086407], [155.968794, -29.090266], [155.965259, -29.093381], [155.960494, -29.097203], [155.955954, -29.101069], [155.952626, -29.104064], [155.948303, -29.107887], [155.944029, -29.111679], [155.940174, -29.114622], [155.935558, -29.117956], [155.931253, -29.121338], [155.927787, -29.124307], [155.922589, -29.12844], [155.918564, -29.131736], [155.914721, -29.134876], [155.9103, -29.138212], [155.905463, -29.141692], [155.901399, -29.144594], [155.896556, -29.14781], [155.892443, -29.150522], [155.88688, -29.154275], [155.882392, -29.157584], [155.878728, -29.160097], [155.874957, -29.162825], [155.871698, -29.16567], [155.867559, -29.16913], [155.864163, -29.172338], [155.860671, -29.175558], [155.857373, -29.178748], [155.85377, -29.181991], [155.850312, -29.184989], [155.846255, -29.188268], [155.842592, -29.191751], [155.839163, -29.195014], [155.835289, -29.198584], [155.832093, -29.201519], [155.828378, -29.204857], [155.823933, -29.208812], [155.82065, -29.21216], [155.817197, -29.215005], [155.813958, -29.218139], [155.81041, -29.221947], [155.806259, -29.22547], [155.802845, -29.229798], [155.799663, -29.233714], [155.797083, -29.237299], [155.794095, -29.241387], [155.790928, -29.24561], [155.788029, -29.24931], [155.785244, -29.253044], [155.782889, -29.257622], [155.780995, -29.261987], [155.778752, -29.266321], [155.776702, -29.270187], [155.774442, -29.274046], [155.771632, -29.278564], [155.769433, -29.282679], [155.76675, -29.287197], [155.76464, -29.290792], [155.762592, -29.294942], [155.760649, -29.299903], [155.759591, -29.303828], [155.757869, -29.308299], [155.756312, -29.3119], [155.755117, -29.315761], [155.754162, -29.31967], [155.752858, -29.323258], [155.753965, -29.326238], [155.753105, -29.330079], [155.749377, -29.333436], [155.748146, -29.337125], [155.746904, -29.340383], [155.745234, -29.344058], [155.744325, -29.347531], [155.743932, -29.350801], [155.743049, -29.355194], [155.741983, -29.358821], [155.73983, -29.36304], [155.737893, -29.366425], [155.735119, -29.369453], [155.732607, -29.372634], [155.730402, -29.375804], [155.72873, -29.380116], [155.7277, -29.383385], [155.726098, -29.38666], [155.724666, -29.389665], [155.722039, -29.393045], [155.718414, -29.39632], [155.715489, -29.398767], [155.711856, -29.39997], [155.708999, -29.400688], [155.705337, -29.401107], [155.70169, -29.402283], [155.698576, -29.404642], [155.695816, -29.407256], [155.6928, -29.410111], [155.689599, -29.411583], [155.68592, -29.41377], [155.682634, -29.415578], [155.678452, -29.417504], [155.67462, -29.419095], [155.670698, -29.420362], [155.666671, -29.421562], [155.662651, -29.422234], [155.657843, -29.422025], [155.652871, -29.422768], [155.64921, -29.423439], [155.645632, -29.424266], [155.641535, -29.425724], [155.63761, -29.426979], [155.633883, -29.428209], [155.629765, -29.429731], [155.625676, -29.430933], [155.621755, -29.431934], [155.618617, -29.433011], [155.615239, -29.434102], [155.612496, -29.436796], [155.610389, -29.439651], [155.608024, -29.443388], [155.605966, -29.446779], [155.604203, -29.449678], [155.602046, -29.45302], [155.600038, -29.455813], [155.598466, -29.458473], [155.597065, -29.461115], [155.595179, -29.464739], [155.593487, -29.46746], [155.591757, -29.470241], [155.590245, -29.473242], [155.588397, -29.475807], [155.58562, -29.478455], [155.582658, -29.480694], [155.579248, -29.483033], [155.574908, -29.485386], [155.571134, -29.487545], [155.566903, -29.489838], [155.563417, -29.491828], [155.559834, -29.493762], [155.556742, -29.495921], [155.554003, -29.497872], [155.550893, -29.500366], [155.547924, -29.502252], [155.544549, -29.50436], [155.541114, -29.506039], [155.537193, -29.507542], [155.533815, -29.509516], [155.530735, -29.511591], [155.527395, -29.51403], [155.524016, -29.516341], [155.520065, -29.519042], [155.51701, -29.520775], [155.5128, -29.523477], [155.508962, -29.526031], [155.505794, -29.528333], [155.502047, -29.531096], [155.49895, -29.533553], [155.495694, -29.536141], [155.492883, -29.53852], [155.489523, -29.54123], [155.486477, -29.543889], [155.483998, -29.546311], [155.481734, -29.549654], [155.479334, -29.552684], [155.476624, -29.55556], [155.473961, -29.558202], [155.470936, -29.560943], [155.468101, -29.563759], [155.465235, -29.566634], [155.462067, -29.56913], [155.459347, -29.571115], [155.455887, -29.573384], [155.452217, -29.576358], [155.448478, -29.57936], [155.444966, -29.581308], [155.441592, -29.583205], [155.438029, -29.585461], [155.433546, -29.588035], [155.429306, -29.590286], [155.425267, -29.592927], [155.42113, -29.595591], [155.417039, -29.597902], [155.412931, -29.600396], [155.408585, -29.602861], [155.404681, -29.604716], [155.400206, -29.606544], [155.39635, -29.609231], [155.391793, -29.612248], [155.388666, -29.614727], [155.385222, -29.617518], [155.381351, -29.620593], [155.3781, -29.623144], [155.374613, -29.626541], [155.372594, -29.630606], [155.371026, -29.633897], [155.368877, -29.637224], [155.366782, -29.640612], [155.364488, -29.643751], [155.362165, -29.646777], [155.359763, -29.649559], [155.357419, -29.652149], [155.3551, -29.654123], [155.352178, -29.655887], [155.348902, -29.658189], [155.346767, -29.660176], [155.341858, -29.66429], [155.335998, -29.668701], [155.329717, -29.6728], [155.325793, -29.675552], [155.322052, -29.678329], [155.318602, -29.680276], [155.314705, -29.682721], [155.310566, -29.684561], [155.306383, -29.686624], [155.302284, -29.688831], [155.297418, -29.690838], [155.293281, -29.693613], [155.28946, -29.696161], [155.2859, -29.699278], [155.28233, -29.701304], [155.278009, -29.703641], [155.274238, -29.705671], [155.270192, -29.707331], [155.267312, -29.709675], [155.264652, -29.712814], [155.261645, -29.715657], [155.258477, -29.718501], [155.255453, -29.720957], [155.252462, -29.723887], [155.249729, -29.726577], [155.247074, -29.729111], [155.244354, -29.731339], [155.241554, -29.733895], [155.239064, -29.736299], [155.235758, -29.738406], [155.23269, -29.741336], [155.229702, -29.744929], [155.227025, -29.747732], [155.224169, -29.750866], [155.220831, -29.754266], [155.217396, -29.75765], [155.214389, -29.761154], [155.211596, -29.765134], [155.208891, -29.768576], [155.206447, -29.771726], [155.203638, -29.775653], [155.20117, -29.7798], [155.198725, -29.783629], [155.196462, -29.786915], [155.194038, -29.790766], [155.191722, -29.794866], [155.189721, -29.798999], [155.187628, -29.80333], [155.18572, -29.807061], [155.183936, -29.810772], [155.182464, -29.815321], [155.181145, -29.819894], [155.179923, -29.824559], [155.178679, -29.828425], [155.177427, -29.831917], [155.176329, -29.835904], [155.175098, -29.839758], [155.173051, -29.843952], [155.171479, -29.847044], [155.169734, -29.850491], [155.1683, -29.853319], [155.166045, -29.85535], [155.164323, -29.857382], [155.162661, -29.859348], [155.161366, -29.86174], [155.15994, -29.864214], [155.159625, -29.866981], [155.160482, -29.870052], [155.160334, -29.873538], [155.159515, -29.875201], [155.156271, -29.877035], [155.153331, -29.878823], [155.150947, -29.88043], [155.147709, -29.882447], [155.144397, -29.884531], [155.141922, -29.886079], [155.139309, -29.887716], [155.136885, -29.889154], [155.134887, -29.89037], [155.13298, -29.89159], [155.130645, -29.893043], [155.128594, -29.89431], [155.125646, -29.896123], [155.123044, -29.897708], [155.120687, -29.899322], [155.117374, -29.901538], [155.114706, -29.903211], [155.112081, -29.904792], [155.109171, -29.906665], [155.106617, -29.908243], [155.103881, -29.909949], [155.100943, -29.911772], [155.097631, -29.913907], [155.094274, -29.916163], [155.091393, -29.918142], [155.087304, -29.920841], [155.083999, -29.92293], [155.079988, -29.925451], [155.075565, -29.928257], [155.071995, -29.930598], [155.068329, -29.933126], [155.064208, -29.936174], [155.060673, -29.938477], [155.056567, -29.941054], [155.053059, -29.943284], [155.049529, -29.945437], [155.04644, -29.947365], [155.042899, -29.949371], [155.038237, -29.952587], [155.034445, -29.95499], [155.03003, -29.957767], [155.026343, -29.959967], [155.022156, -29.9623], [155.018542, -29.963485], [155.013445, -29.963758], [155.008413, -29.964149], [155.00371, -29.964612], [154.999606, -29.964817], [154.994448, -29.965307], [154.988936, -29.965804], [154.983148, -29.965915], [154.97855, -29.966252], [154.974801, -29.966485], [154.970475, -29.966825], [154.966801, -29.967538], [154.963698, -29.968856], [154.960227, -29.970525], [154.957041, -29.97193], [154.953798, -29.973348], [154.951295, -29.974473], [154.948721, -29.975625], [154.946423, -29.976633], [154.943681, -29.977724], [154.941256, -29.978704], [154.938782, -29.979779], [154.936151, -29.980962], [154.933822, -29.981951], [154.930982, -29.983143], [154.928979, -29.983998], [154.92626, -29.985271], [154.923418, -29.986539], [154.921132, -29.987517], [154.918644, -29.988571], [154.915805, -29.989745], [154.913194, -29.990839], [154.909396, -29.992472], [154.904927, -29.995153], [154.901114, -29.99798], [154.897373, -30.000665], [154.893645, -30.00336], [154.890316, -30.006113], [154.887567, -30.008275], [154.884281, -30.010658], [154.877983, -30.015252], [154.872603, -30.019097], [154.868535, -30.022251], [154.864009, -30.025748], [154.860218, -30.028479], [154.856612, -30.031382], [154.852428, -30.034536], [154.849708, -30.036589], [154.846873, -30.038561], [154.844117, -30.040349], [154.841154, -30.042333], [154.837322, -30.044809], [154.833264, -30.047516], [154.829116, -30.050288], [154.824898, -30.053072], [154.82217, -30.054955], [154.818486, -30.057518], [154.813953, -30.060326], [154.810375, -30.062835], [154.806339, -30.06561], [154.802358, -30.068163], [154.799006, -30.070258], [154.795233, -30.072762], [154.792096, -30.074687], [154.787017, -30.077711], [154.784005, -30.079498], [154.780497, -30.081577], [154.777866, -30.08313], [154.773899, -30.085388], [154.770663, -30.087297], [154.766664, -30.08966], [154.762054, -30.092103], [154.757691, -30.094356], [154.753166, -30.097103], [154.748767, -30.099701], [154.744211, -30.102106], [154.740263, -30.103964], [154.736109, -30.106108], [154.731227, -30.108455], [154.726736, -30.110622], [154.722162, -30.112826], [154.71765, -30.115122], [154.712717, -30.117587], [154.707088, -30.120169], [154.702938, -30.122257], [154.698266, -30.124577], [154.693775, -30.126915], [154.689974, -30.128885], [154.686719, -30.130676], [154.682179, -30.13324], [154.679335, -30.134639], [154.676638, -30.135886], [154.673797, -30.134624], [154.670665, -30.13465], [154.667842, -30.134572], [154.665144, -30.134516], [154.66217, -30.134334], [154.656292, -30.133579], [154.653255, -30.133351], [154.650569, -30.134531], [154.647866, -30.135947], [154.644843, -30.137269], [154.642251, -30.138577], [154.639613, -30.139989], [154.63648, -30.141745], [154.633973, -30.143092], [154.630107, -30.145609], [154.627225, -30.147332], [154.624408, -30.149013], [154.621801, -30.150594], [154.61916, -30.152163], [154.615459, -30.154309], [154.612381, -30.155946], [154.609518, -30.157418], [154.606678, -30.159115], [154.604165, -30.160665], [154.601614, -30.16217], [154.597654, -30.163346], [154.594003, -30.164109], [154.589865, -30.165046], [154.586239, -30.1658], [154.5828, -30.166652], [154.578123, -30.167849], [154.574254, -30.168743], [154.570014, -30.169762], [154.565593, -30.170855], [154.562363, -30.171618], [154.558692, -30.172534], [154.554903, -30.173343], [154.550596, -30.174324], [154.546922, -30.175193], [154.543982, -30.176026], [154.540192, -30.177108], [154.536989, -30.177899], [154.533099, -30.178808], [154.52834, -30.17989], [154.522559, -30.181127], [154.517372, -30.182249], [154.51248, -30.183267], [154.508646, -30.18413], [154.503701, -30.185143], [154.499961, -30.186129], [154.495612, -30.187137], [154.491525, -30.188192], [154.4874, -30.189213], [154.48202, -30.190409], [154.478171, -30.191187], [154.473826, -30.192114], [154.469557, -30.19295], [154.466054, -30.193719], [154.462865, -30.194534], [154.459286, -30.195438], [154.4557, -30.196453], [154.452725, -30.197139], [154.448875, -30.197983], [154.445771, -30.198724], [154.442684, -30.19947], [154.439605, -30.200172], [154.435961, -30.201004], [154.432689, -30.201855], [154.427434, -30.203031], [154.423328, -30.203931], [154.419778, -30.20482], [154.415797, -30.205822], [154.411901, -30.206947], [154.405497, -30.208492], [154.399966, -30.209768], [154.395489, -30.210727], [154.387954, -30.212566], [154.382117, -30.21393], [154.377436, -30.215278], [154.370811, -30.217086], [154.365427, -30.218614], [154.359628, -30.220282], [154.354097, -30.221991], [154.347773, -30.223712], [154.341467, -30.225364], [154.336313, -30.226563], [154.331624, -30.227664], [154.325633, -30.229103], [154.319102, -30.230816], [154.314025, -30.232198], [154.308509, -30.233726], [154.303012, -30.235362], [154.297677, -30.236865], [154.292215, -30.238437], [154.287437, -30.239903], [154.281969, -30.241446], [154.276281, -30.242996], [154.271518, -30.244325], [154.26686, -30.245597], [154.259661, -30.247458], [154.253898, -30.248939], [154.248136, -30.250429], [154.240758, -30.252659], [154.236158, -30.254688], [154.230767, -30.257108], [154.22542, -30.259553], [154.220834, -30.2617], [154.216244, -30.263681], [154.212528, -30.265267], [154.209454, -30.266678], [154.20594, -30.268246], [154.203092, -30.269585], [154.200229, -30.270887], [154.196401, -30.272523], [154.193037, -30.273808], [154.189215, -30.275243], [154.185245, -30.276638], [154.17897, -30.278808], [154.172456, -30.281005], [154.165824, -30.283153], [154.158458, -30.285507], [154.154945, -30.286567], [154.151526, -30.287755], [154.147727, -30.288964], [154.144909, -30.289859], [154.140205, -30.291452], [154.135399, -30.292977], [154.132059, -30.294162], [154.126871, -30.295918], [154.120765, -30.29801], [154.11761, -30.298894], [154.113494, -30.300281], [154.110295, -30.301261], [154.106133, -30.302537], [154.101146, -30.304109], [154.097802, -30.305057], [154.093667, -30.30617], [154.090572, -30.306891], [154.087101, -30.308501], [154.083435, -30.310315], [154.080411, -30.312607], [154.076894, -30.314805], [154.072808, -30.316784], [154.069902, -30.318581], [154.06645, -30.321163], [154.063077, -30.323007], [154.060099, -30.32532], [154.05719, -30.327623], [154.053256, -30.329739], [154.050339, -30.331182], [154.047209, -30.333356], [154.044707, -30.335393], [154.041744, -30.337806], [154.039488, -30.339806], [154.036472, -30.341932], [154.033171, -30.344549], [154.030808, -30.346327], [154.02677, -30.34834], [154.024137, -30.350184], [154.020906, -30.353159], [154.018386, -30.355158], [154.015994, -30.35702], [154.013564, -30.35915], [154.011511, -30.361367], [154.009244, -30.363725], [154.004582, -30.368453], [154.000795, -30.370523], [153.996525, -30.372409], [153.992974, -30.375978], [153.989332, -30.377603], [153.98512, -30.379695], [153.980518, -30.382244], [153.976239, -30.384346], [153.971758, -30.386433], [153.967782, -30.389423], [153.963886, -30.393047], [153.960372, -30.395462], [153.955955, -30.397718], [153.952002, -30.40108], [153.948707, -30.403888], [153.944617, -30.405375], [153.940514, -30.407072], [153.936219, -30.410584], [153.93254, -30.412632], [153.927692, -30.415817], [153.923512, -30.418993], [153.919284, -30.421944], [153.914055, -30.425802], [153.909242, -30.428488], [153.90562, -30.430443], [153.900609, -30.434201], [153.896623, -30.436529], [153.891663, -30.440206], [153.886739, -30.443442], [153.882873, -30.444634], [153.877985, -30.445631], [153.873788, -30.445457], [153.868704, -30.443697], [153.864946, -30.442819], [153.859843, -30.440671], [153.854946, -30.438199], [153.849616, -30.436498], [153.843826, -30.434824], [153.838772, -30.432869], [153.834904, -30.43275], [153.830449, -30.432105], [153.826115, -30.431346], [153.821711, -30.430286], [153.817451, -30.430918], [153.812941, -30.430199], [153.808207, -30.42876], [153.804183, -30.427613], [153.799843, -30.426847], [153.794994, -30.424905], [153.789922, -30.423441], [153.784876, -30.422444], [153.779349, -30.421564], [153.774653, -30.419601], [153.769899, -30.418814], [153.765517, -30.418015], [153.760891, -30.416747], [153.755642, -30.417551], [153.750559, -30.416922], [153.746614, -30.415505], [153.742037, -30.414137], [153.736341, -30.412866], [153.732004, -30.412149], [153.727117, -30.411294], [153.722181, -30.410086], [153.717462, -30.408887], [153.711393, -30.407969], [153.706437, -30.407087], [153.701867, -30.405875], [153.6975, -30.405388], [153.69208, -30.404526], [153.687435, -30.40437], [153.683099, -30.404424], [153.677741, -30.404385], [153.671354, -30.404403], [153.665797, -30.404307], [153.661023, -30.404388], [153.655417, -30.404705], [153.649477, -30.404767], [153.644987, -30.404191], [153.640019, -30.40377], [153.634658, -30.403682], [153.629749, -30.403905], [153.624776, -30.403955], [153.620798, -30.402782], [153.615931, -30.402702], [153.609954, -30.403191], [153.604776, -30.403659], [153.601116, -30.402316], [153.597003, -30.40128], [153.592556, -30.399394], [153.588375, -30.398498], [153.583736, -30.397154], [153.579055, -30.39695], [153.575079, -30.396211], [153.57111, -30.394831], [153.567046, -30.394549], [153.563062, -30.393501], [153.559957, -30.391743], [153.556355, -30.389621], [153.553223, -30.387742], [153.549238, -30.385716], [153.54486, -30.383382], [153.54031, -30.382588], [153.53431, -30.382095], [153.528478, -30.38117], [153.522469, -30.380703], [153.51683, -30.380241], [153.510613, -30.379358], [153.504675, -30.3788], [153.499197, -30.378445], [153.494104, -30.377922], [153.489377, -30.377222], [153.485136, -30.377012], [153.480328, -30.376574], [153.475374, -30.376357], [153.470242, -30.37652], [153.465224, -30.375776], [153.459587, -30.374586], [153.454234, -30.373637], [153.448999, -30.372762], [153.443615, -30.371991], [153.438658, -30.370816], [153.4335, -30.369725], [153.428874, -30.369399], [153.423327, -30.368249], [153.418336, -30.366872], [153.412899, -30.366098], [153.40752, -30.364263], [153.402493, -30.362813], [153.397779, -30.361259], [153.39289, -30.360159], [153.387473, -30.358629], [153.381591, -30.357317], [153.376514, -30.356025], [153.371224, -30.354585], [153.364788, -30.352868], [153.358979, -30.352251], [153.354154, -30.351019], [153.348624, -30.349771], [153.343373, -30.348676], [153.339445, -30.347837], [153.333763, -30.346946], [153.328538, -30.346178], [153.322579, -30.345565], [153.316169, -30.34437], [153.310562, -30.343411], [153.304804, -30.341879], [153.299582, -30.340257], [153.294482, -30.338738], [153.288655, -30.336489], [153.283719, -30.334864], [153.278058, -30.332952], [153.273028, -30.331208], [153.267519, -30.328995], [153.26169, -30.326847], [153.256176, -30.32596], [153.251406, -30.325854], [153.245717, -30.324725], [153.239228, -30.324065], [153.233086, -30.322929], [153.227558, -30.321761], [153.222829, -30.320346], [153.216217, -30.31889], [153.209577, -30.316916], [153.204266, -30.314764], [153.19895, -30.313201], [153.194319, -30.311026], [153.189585, -30.309399], [153.184952, -30.308059], [153.179479, -30.307667], [153.173676, -30.307528], [153.16947, -30.308024], [153.164014, -30.307786], [153.158105, -30.307932], [153.150963, -30.307782], [153.145869, -30.305281], [153.144786, -30.304138], [153.146229, -30.303691], [153.147449, -30.304305], [153.145102, -30.304323], [153.143123, -30.306777], [153.146944, -30.304413], [153.147551, -30.304263]]}, "times": ["2022-11-19T22:35:56+00:00", "2022-11-19T22:39:31+00:00", "2022-11-19T22:42:56+00:00", "2022-11-19T22:46:17+00:00", "2022-11-19T22:49:56+00:00", "2022-11-19T22:53:51+00:00", "2022-11-19T22:57:32+00:00", "2022-11-19T23:01:29+00:00", "2022-11-19T23:04:45+00:00", "2022-11-19T23:09:30+00:00", "2022-11-19T23:13:56+00:00", "2022-11-19T23:16:56+00:00", "2022-11-19T23:21:56+00:00", "2022-11-19T23:24:58+00:00", "2022-11-19T23:28:56+00:00", "2022-11-19T23:33:08+00:00", "2022-11-19T23:36:24+00:00", "2022-11-19T23:39:56+00:00", "2022-11-19T23:43:56+00:00", "2022-11-19T23:47:56+00:00", "2022-11-19T23:51:56+00:00", "2022-11-19T23:55:56+00:00", "2022-11-19T23:58:39+00:00", "2022-11-20T00:02:50+00:00", "2022-11-20T00:06:56+00:00", "2022-11-20T00:10:02+00:00", "2022-11-20T00:13:36+00:00", "2022-11-20T00:16:59+00:00", "2022-11-20T00:19:59+00:00", "2022-11-20T00:23:04+00:00", "2022-11-20T00:25:55+00:00", "2022-11-20T00:28:57+00:00", "2022-11-20T00:32:00+00:00", "2022-11-20T00:36:23+00:00", "2022-11-20T00:40:20+00:00", "2022-11-20T00:44:08+00:00", "2022-11-20T00:47:49+00:00", "2022-11-20T00:51:05+00:00", "2022-11-20T00:54:25+00:00", "2022-11-20T00:58:07+00:00", "2022-11-20T01:01:23+00:00", "2022-11-20T01:05:00+00:00", "2022-11-20T01:08:04+00:00", "2022-11-20T01:11:41+00:00", "2022-11-20T01:15:00+00:00", "2022-11-20T01:17:55+00:00", "2022-11-20T01:21:04+00:00", "2022-11-20T01:24:11+00:00", "2022-11-20T01:28:04+00:00", "2022-11-20T01:31:05+00:00", "2022-11-20T01:34:17+00:00", "2022-11-20T01:37:43+00:00", "2022-11-20T01:41:04+00:00", "2022-11-20T01:44:46+00:00", "2022-11-20T01:49:10+00:00", "2022-11-20T01:52:53+00:00", "2022-11-20T01:56:10+00:00", "2022-11-20T01:59:49+00:00", "2022-11-20T02:03:50+00:00", "2022-11-20T02:06:50+00:00", "2022-11-20T02:10:19+00:00", "2022-11-20T02:13:22+00:00", "2022-11-20T02:16:47+00:00", "2022-11-20T02:20:28+00:00", "2022-11-20T02:23:09+00:00", "2022-11-20T02:27:00+00:00", "2022-11-20T02:30:05+00:00", "2022-11-20T02:33:17+00:00", "2022-11-20T02:37:10+00:00", "2022-11-20T02:41:10+00:00", "2022-11-20T02:44:19+00:00", "2022-11-20T02:48:10+00:00", "2022-11-20T02:51:11+00:00", "2022-11-20T02:55:00+00:00", "2022-11-20T02:58:12+00:00", "2022-11-20T03:01:24+00:00", "2022-11-20T03:05:12+00:00", "2022-11-20T03:10:14+00:00", "2022-11-20T03:15:14+00:00", "2022-11-20T03:18:27+00:00", "2022-11-20T03:21:14+00:00", "2022-11-20T03:24:37+00:00", "2022-11-20T03:27:21+00:00", "2022-11-20T03:30:57+00:00", "2022-11-20T03:34:58+00:00", "2022-11-20T03:37:58+00:00", "2022-11-20T03:41:09+00:00", "2022-11-20T03:44:50+00:00", "2022-11-20T03:47:59+00:00", "2022-11-20T03:51:15+00:00", "2022-11-20T03:54:44+00:00", "2022-11-20T03:58:10+00:00", "2022-11-20T04:01:23+00:00", "2022-11-20T04:05:15+00:00", "2022-11-20T04:07:39+00:00", "2022-11-20T04:11:52+00:00", "2022-11-20T04:15:15+00:00", "2022-11-20T04:18:10+00:00", "2022-11-20T04:21:43+00:00", "2022-11-20T04:24:48+00:00", "2022-11-20T04:27:15+00:00", "2022-11-20T04:31:00+00:00", "2022-11-20T04:34:16+00:00", "2022-11-20T04:37:29+00:00", "2022-11-20T04:40:12+00:00", "2022-11-20T04:43:37+00:00", "2022-11-20T04:47:22+00:00", "2022-11-20T04:49:30+00:00", "2022-11-20T04:53:27+00:00", "2022-11-20T04:57:05+00:00", "2022-11-20T05:00:18+00:00", "2022-11-20T05:03:06+00:00", "2022-11-20T05:05:44+00:00", "2022-11-20T05:08:24+00:00", "2022-11-20T05:11:21+00:00", "2022-11-20T05:14:21+00:00", "2022-11-20T05:17:22+00:00", "2022-11-20T05:20:20+00:00", "2022-11-20T05:23:20+00:00", "2022-11-20T05:27:19+00:00", "2022-11-20T05:30:22+00:00", "2022-11-20T05:33:09+00:00", "2022-11-20T05:36:02+00:00", "2022-11-20T05:38:58+00:00", "2022-11-20T05:41:31+00:00", "2022-11-20T05:44:56+00:00", "2022-11-20T05:47:22+00:00", "2022-11-20T05:50:22+00:00", "2022-11-20T05:52:22+00:00", "2022-11-20T05:54:42+00:00", "2022-11-20T05:58:22+00:00", "2022-11-20T06:01:14+00:00", "2022-11-20T06:03:22+00:00", "2022-11-20T06:06:22+00:00", "2022-11-20T06:09:57+00:00", "2022-11-20T06:12:14+00:00", "2022-11-20T06:14:42+00:00", "2022-11-20T06:17:22+00:00", "2022-11-20T06:20:22+00:00", "2022-11-20T06:22:18+00:00", "2022-11-20T06:24:20+00:00", "2022-11-20T06:26:09+00:00", "2022-11-20T06:28:06+00:00", "2022-11-20T06:29:55+00:00", "2022-11-20T06:31:47+00:00", "2022-11-20T06:34:04+00:00", "2022-11-20T06:36:44+00:00", "2022-11-20T06:40:29+00:00", "2022-11-20T06:42:46+00:00", "2022-11-20T06:44:51+00:00", "2022-11-20T06:46:33+00:00", "2022-11-20T06:48:26+00:00", "2022-11-20T06:50:03+00:00", "2022-11-20T06:52:05+00:00", "2022-11-20T06:53:37+00:00", "2022-11-20T06:55:55+00:00", "2022-11-20T06:57:17+00:00", "2022-11-20T06:58:42+00:00", "2022-11-20T07:00:31+00:00", "2022-11-20T07:03:57+00:00", "2022-11-20T07:06:58+00:00", "2022-11-20T07:08:59+00:00", "2022-11-20T07:11:52+00:00", "2022-11-20T07:14:10+00:00", "2022-11-20T07:16:17+00:00", "2022-11-20T07:19:04+00:00", "2022-11-20T07:21:17+00:00", "2022-11-20T07:23:27+00:00", "2022-11-20T07:25:03+00:00", "2022-11-20T07:27:45+00:00", "2022-11-20T07:30:29+00:00", "2022-11-20T07:32:18+00:00", "2022-11-20T07:34:31+00:00", "2022-11-20T07:37:28+00:00", "2022-11-20T07:39:29+00:00", "2022-11-20T07:41:06+00:00", "2022-11-20T07:42:55+00:00", "2022-11-20T07:45:15+00:00", "2022-11-20T07:47:30+00:00", "2022-11-20T07:49:57+00:00", "2022-11-20T07:52:34+00:00", "2022-11-20T07:55:11+00:00", "2022-11-20T07:58:29+00:00", "2022-11-20T08:01:06+00:00", "2022-11-20T08:03:27+00:00", "2022-11-20T08:05:19+00:00", "2022-11-20T08:07:27+00:00", "2022-11-20T08:09:27+00:00", "2022-11-20T08:11:25+00:00", "2022-11-20T08:13:50+00:00", "2022-11-20T08:15:19+00:00", "2022-11-20T08:17:44+00:00", "2022-11-20T08:19:53+00:00", "2022-11-20T08:21:37+00:00", "2022-11-20T08:23:58+00:00", "2022-11-20T08:26:43+00:00", "2022-11-20T08:29:04+00:00", "2022-11-20T08:32:36+00:00", "2022-11-20T08:36:28+00:00", "2022-11-20T08:39:36+00:00", "2022-11-20T08:43:14+00:00", "2022-11-20T08:46:30+00:00", "2022-11-20T08:49:30+00:00", "2022-11-20T08:52:30+00:00", "2022-11-20T08:56:31+00:00", "2022-11-20T09:00:31+00:00", "2022-11-20T09:03:45+00:00", "2022-11-20T09:08:19+00:00", "2022-11-20T09:11:35+00:00", "2022-11-20T09:15:30+00:00", "2022-11-20T09:19:31+00:00", "2022-11-20T09:24:24+00:00", "2022-11-20T09:28:25+00:00", "2022-11-20T09:32:10+00:00", "2022-11-20T09:36:16+00:00", "2022-11-20T09:39:49+00:00", "2022-11-20T09:43:46+00:00", "2022-11-20T09:47:33+00:00", "2022-11-20T09:51:33+00:00", "2022-11-20T09:55:30+00:00", "2022-11-20T09:58:16+00:00", "2022-11-20T10:02:33+00:00", "2022-11-20T10:06:19+00:00", "2022-11-20T10:10:32+00:00", "2022-11-20T10:14:42+00:00", "2022-11-20T10:18:20+00:00", "2022-11-20T10:20:53+00:00", "2022-11-20T10:25:30+00:00", "2022-11-20T10:31:09+00:00", "2022-11-20T10:35:30+00:00", "2022-11-20T10:39:41+00:00", "2022-11-20T10:44:10+00:00", "2022-11-20T10:47:56+00:00", "2022-11-20T10:52:42+00:00", "2022-11-20T10:57:43+00:00", "2022-11-20T11:01:45+00:00", "2022-11-20T11:06:45+00:00", "2022-11-20T11:11:13+00:00", "2022-11-20T11:15:19+00:00", "2022-11-20T11:19:24+00:00", "2022-11-20T11:23:46+00:00", "2022-11-20T11:27:46+00:00", "2022-11-20T11:31:44+00:00", "2022-11-20T11:35:25+00:00", "2022-11-20T11:39:16+00:00", "2022-11-20T11:43:07+00:00", "2022-11-20T11:46:49+00:00", "2022-11-20T11:49:51+00:00", "2022-11-20T11:53:51+00:00", "2022-11-20T11:57:59+00:00", "2022-11-20T12:01:53+00:00", "2022-11-20T12:05:24+00:00", "2022-11-20T12:08:52+00:00", "2022-11-20T12:12:09+00:00", "2022-11-20T12:16:59+00:00", "2022-11-20T12:20:37+00:00", "2022-11-20T12:24:34+00:00", "2022-11-20T12:28:37+00:00", "2022-11-20T12:31:29+00:00", "2022-11-20T12:35:31+00:00", "2022-11-20T12:39:01+00:00", "2022-11-20T12:43:55+00:00", "2022-11-20T12:48:57+00:00", "2022-11-20T12:52:57+00:00", "2022-11-20T12:56:25+00:00", "2022-11-20T12:59:57+00:00", "2022-11-20T13:04:57+00:00", "2022-11-20T13:07:57+00:00", "2022-11-20T13:11:57+00:00", "2022-11-20T13:15:45+00:00", "2022-11-20T13:19:57+00:00", "2022-11-20T13:24:57+00:00", "2022-11-20T13:29:19+00:00", "2022-11-20T13:33:57+00:00", "2022-11-20T13:37:57+00:00", "2022-11-20T13:42:42+00:00", "2022-11-20T13:46:57+00:00", "2022-11-20T13:51:57+00:00", "2022-11-20T13:55:47+00:00", "2022-11-20T13:58:52+00:00", "2022-11-20T14:03:49+00:00", "2022-11-20T14:07:57+00:00", "2022-11-20T14:12:13+00:00", "2022-11-20T14:16:58+00:00", "2022-11-20T14:21:58+00:00", "2022-11-20T14:26:58+00:00", "2022-11-20T14:31:41+00:00", "2022-11-20T14:35:58+00:00", "2022-11-20T14:40:48+00:00", "2022-11-20T14:46:02+00:00", "2022-11-20T14:50:39+00:00", "2022-11-20T14:55:29+00:00", "2022-11-20T14:59:58+00:00", "2022-11-20T15:04:58+00:00", "2022-11-20T15:08:58+00:00", "2022-11-20T15:13:42+00:00", "2022-11-20T15:17:58+00:00", "2022-11-20T15:22:58+00:00", "2022-11-20T15:27:58+00:00", "2022-11-20T15:33:14+00:00", "2022-11-20T15:37:58+00:00", "2022-11-20T15:42:58+00:00", "2022-11-20T15:46:58+00:00", "2022-11-20T15:51:58+00:00", "2022-11-20T15:56:56+00:00", "2022-11-20T16:00:47+00:00", "2022-11-20T16:04:59+00:00", "2022-11-20T16:09:19+00:00", "2022-11-20T16:13:00+00:00", "2022-11-20T16:17:23+00:00", "2022-11-20T16:22:14+00:00", "2022-11-20T16:26:59+00:00", "2022-11-20T16:32:59+00:00", "2022-11-20T16:38:59+00:00", "2022-11-20T16:44:59+00:00", "2022-11-20T16:50:59+00:00", "2022-11-20T16:56:59+00:00", "2022-11-20T17:02:47+00:00", "2022-11-20T17:06:12+00:00", "2022-11-20T17:11:06+00:00", "2022-11-20T17:14:39+00:00", "2022-11-20T17:17:59+00:00", "2022-11-20T17:21:59+00:00", "2022-11-20T17:26:59+00:00", "2022-11-20T17:29:59+00:00", "2022-11-20T17:33:59+00:00", "2022-11-20T17:37:59+00:00", "2022-11-20T17:42:30+00:00", "2022-11-20T17:45:59+00:00", "2022-11-20T17:50:59+00:00", "2022-11-20T17:54:59+00:00", "2022-11-20T17:59:59+00:00", "2022-11-20T18:04:13+00:00", "2022-11-20T18:08:30+00:00", "2022-11-20T18:12:40+00:00", "2022-11-20T18:16:14+00:00", "2022-11-20T18:21:00+00:00", "2022-11-20T18:25:00+00:00", "2022-11-20T18:29:49+00:00", "2022-11-20T18:33:54+00:00", "2022-11-20T18:37:00+00:00", "2022-11-20T18:42:35+00:00", "2022-11-20T18:47:36+00:00", "2022-11-20T18:51:18+00:00", "2022-11-20T18:55:22+00:00", "2022-11-20T18:58:07+00:00", "2022-11-20T19:02:00+00:00", "2022-11-20T19:06:00+00:00", "2022-11-20T19:09:00+00:00", "2022-11-20T19:12:00+00:00", "2022-11-20T19:15:28+00:00", "2022-11-20T19:18:16+00:00", "2022-11-20T19:22:00+00:00", "2022-11-20T19:25:28+00:00", "2022-11-20T19:29:31+00:00", "2022-11-20T19:33:00+00:00", "2022-11-20T19:37:00+00:00", "2022-11-20T19:41:25+00:00", "2022-11-20T19:45:14+00:00", "2022-11-20T19:48:23+00:00", "2022-11-20T19:52:00+00:00", "2022-11-20T19:56:00+00:00", "2022-11-20T20:00:00+00:00", "2022-11-20T20:04:00+00:00", "2022-11-20T20:08:00+00:00", "2022-11-20T20:10:57+00:00", "2022-11-20T20:15:20+00:00", "2022-11-20T20:18:00+00:00", "2022-11-20T20:21:00+00:00", "2022-11-20T20:24:00+00:00", "2022-11-20T20:27:12+00:00", "2022-11-20T20:32:03+00:00", "2022-11-20T20:36:00+00:00", "2022-11-20T20:40:38+00:00", "2022-11-20T20:46:00+00:00", "2022-11-20T20:50:00+00:00", "2022-11-20T20:55:00+00:00", "2022-11-20T20:59:00+00:00", "2022-11-20T21:04:00+00:00", "2022-11-20T21:09:00+00:00", "2022-11-20T21:13:00+00:00", "2022-11-20T21:17:00+00:00", "2022-11-20T21:22:15+00:00", "2022-11-20T21:26:16+00:00", "2022-11-20T21:31:00+00:00", "2022-11-20T21:36:00+00:00", "2022-11-20T21:40:51+00:00", "2022-11-20T21:45:00+00:00", "2022-11-20T21:48:50+00:00", "2022-11-20T21:53:00+00:00", "2022-11-20T21:57:00+00:00", "2022-11-20T22:01:58+00:00", "2022-11-20T22:06:15+00:00", "2022-11-20T22:11:03+00:00", "2022-11-20T22:15:40+00:00", "2022-11-20T22:20:03+00:00", "2022-11-20T22:25:03+00:00", "2022-11-20T22:29:20+00:00", "2022-11-20T22:33:30+00:00", "2022-11-20T22:37:03+00:00", "2022-11-20T22:42:03+00:00", "2022-11-20T22:46:03+00:00", "2022-11-20T22:50:03+00:00", "2022-11-20T22:54:30+00:00", "2022-11-20T22:58:08+00:00", "2022-11-20T23:04:03+00:00", "2022-11-20T23:08:03+00:00", "2022-11-20T23:12:03+00:00", "2022-11-20T23:16:13+00:00", "2022-11-20T23:20:36+00:00", "2022-11-20T23:24:13+00:00", "2022-11-20T23:28:03+00:00", "2022-11-20T23:33:26+00:00", "2022-11-20T23:37:04+00:00", "2022-11-20T23:42:51+00:00", "2022-11-20T23:47:14+00:00", "2022-11-20T23:54:04+00:00", "2022-11-20T23:58:48+00:00", "2022-11-21T00:03:55+00:00", "2022-11-21T00:09:17+00:00", "2022-11-21T00:14:04+00:00", "2022-11-21T00:19:04+00:00", "2022-11-21T00:23:41+00:00", "2022-11-21T00:28:04+00:00", "2022-11-21T00:32:34+00:00", "2022-11-21T00:37:46+00:00", "2022-11-21T00:46:04+00:00", "2022-11-21T00:52:04+00:00", "2022-11-21T00:56:59+00:00", "2022-11-21T01:04:09+00:00", "2022-11-21T01:10:09+00:00", "2022-11-21T01:14:45+00:00", "2022-11-21T01:20:11+00:00", "2022-11-21T01:26:59+00:00", "2022-11-21T01:32:27+00:00", "2022-11-21T01:39:10+00:00", "2022-11-21T01:46:10+00:00", "2022-11-21T01:54:10+00:00", "2022-11-21T02:01:36+00:00", "2022-11-21T02:09:24+00:00", "2022-11-21T02:19:11+00:00", "2022-11-21T02:26:42+00:00", "2022-11-21T02:34:41+00:00", "2022-11-21T02:41:33+00:00", "2022-11-21T02:52:33+00:00", "2022-11-21T03:01:15+00:00", "2022-11-21T03:13:30+00:00", "2022-11-21T03:21:34+00:00", "2022-11-21T03:32:00+00:00", "2022-11-21T03:42:34+00:00", "2022-11-21T03:51:15+00:00", "2022-11-21T03:59:50+00:00", "2022-11-21T04:07:00+00:00", "2022-11-21T04:12:39+00:00", "2022-11-21T04:16:32+00:00", "2022-11-21T04:22:13+00:00", "2022-11-21T04:27:13+00:00", "2022-11-21T04:32:24+00:00", "2022-11-21T04:37:39+00:00", "2022-11-21T04:41:43+00:00", "2022-11-21T04:46:30+00:00", "2022-11-21T04:53:16+00:00", "2022-11-21T04:58:40+00:00", "2022-11-21T05:06:30+00:00", "2022-11-21T05:10:03+00:00", "2022-11-21T05:14:03+00:00", "2022-11-21T05:19:08+00:00", "2022-11-21T05:23:48+00:00", "2022-11-21T05:29:41+00:00", "2022-11-21T05:33:14+00:00", "2022-11-21T05:37:50+00:00", "2022-11-21T05:42:45+00:00", "2022-11-21T05:47:51+00:00", "2022-11-21T05:51:12+00:00", "2022-11-21T05:55:45+00:00", "2022-11-21T06:04:09+00:00", "2022-11-21T06:12:41+00:00", "2022-11-21T06:18:37+00:00", "2022-11-21T06:24:48+00:00", "2022-11-21T06:29:50+00:00", "2022-11-21T06:34:56+00:00", "2022-11-21T06:40:51+00:00", "2022-11-21T06:45:52+00:00", "2022-11-21T06:50:55+00:00", "2022-11-21T07:01:17+00:00", "2022-11-21T07:07:51+00:00", "2022-11-21T07:12:51+00:00", "2022-11-21T07:17:26+00:00", "2022-11-21T07:22:01+00:00", "2022-11-21T07:27:51+00:00", "2022-11-21T07:31:51+00:00", "2022-11-21T07:37:52+00:00", "2022-11-21T07:42:59+00:00", "2022-11-21T07:47:59+00:00", "2022-11-21T07:55:52+00:00", "2022-11-21T07:59:56+00:00", "2022-11-21T08:05:57+00:00", "2022-11-21T08:10:58+00:00", "2022-11-21T08:16:57+00:00", "2022-11-21T08:21:38+00:00", "2022-11-21T08:26:59+00:00", "2022-11-21T08:32:59+00:00", "2022-11-21T08:37:59+00:00", "2022-11-21T08:43:00+00:00", "2022-11-21T08:48:00+00:00", "2022-11-21T08:53:01+00:00", "2022-11-21T08:58:01+00:00", "2022-11-21T09:03:02+00:00", "2022-11-21T09:08:02+00:00", "2022-11-21T09:13:02+00:00", "2022-11-21T09:18:02+00:00", "2022-11-21T09:23:02+00:00", "2022-11-21T09:28:02+00:00", "2022-11-21T09:32:02+00:00", "2022-11-21T09:37:00+00:00", "2022-11-21T09:42:02+00:00", "2022-11-21T09:48:02+00:00", "2022-11-21T09:53:02+00:00", "2022-11-21T09:57:46+00:00", "2022-11-21T10:03:03+00:00", "2022-11-21T10:09:03+00:00", "2022-11-21T10:14:04+00:00", "2022-11-21T10:19:30+00:00", "2022-11-21T10:25:04+00:00", "2022-11-21T10:30:04+00:00", "2022-11-21T10:35:04+00:00", "2022-11-21T10:40:04+00:00", "2022-11-21T10:45:04+00:00", "2022-11-21T10:50:04+00:00", "2022-11-21T10:55:04+00:00", "2022-11-21T11:00:04+00:00", "2022-11-21T11:05:05+00:00", "2022-11-21T11:10:02+00:00", "2022-11-21T11:14:06+00:00", "2022-11-21T11:19:06+00:00", "2022-11-21T11:24:06+00:00", "2022-11-21T11:28:06+00:00", "2022-11-21T11:33:06+00:00", "2022-11-21T11:39:06+00:00", "2022-11-21T11:43:46+00:00", "2022-11-21T11:48:06+00:00", "2022-11-21T11:53:06+00:00", "2022-11-21T11:58:06+00:00", "2022-11-21T12:02:06+00:00", "2022-11-21T12:07:00+00:00", "2022-11-21T12:12:06+00:00", "2022-11-21T12:17:06+00:00", "2022-11-21T12:22:08+00:00", "2022-11-21T12:27:50+00:00", "2022-11-21T12:33:08+00:00", "2022-11-21T12:38:08+00:00", "2022-11-21T12:44:08+00:00", "2022-11-21T12:49:08+00:00", "2022-11-21T12:54:08+00:00", "2022-11-21T13:00:08+00:00", "2022-11-21T13:05:08+00:00", "2022-11-21T13:10:08+00:00", "2022-11-21T13:16:08+00:00", "2022-11-21T13:21:08+00:00", "2022-11-21T13:26:16+00:00", "2022-11-21T13:30:50+00:00", "2022-11-21T13:35:08+00:00", "2022-11-21T13:40:08+00:00", "2022-11-21T13:45:08+00:00", "2022-11-21T13:50:08+00:00", "2022-11-21T13:56:08+00:00", "2022-11-21T14:00:08+00:00", "2022-11-21T14:05:08+00:00", "2022-11-21T14:10:08+00:00", "2022-11-21T14:15:08+00:00", "2022-11-21T14:19:08+00:00", "2022-11-21T14:24:08+00:00", "2022-11-21T14:29:08+00:00", "2022-11-21T14:34:08+00:00", "2022-11-21T14:39:08+00:00", "2022-11-21T14:43:08+00:00", "2022-11-21T14:48:08+00:00", "2022-11-21T14:51:31+00:00", "2022-11-21T14:56:08+00:00", "2022-11-21T15:00:30+00:00", "2022-11-21T15:04:12+00:00", "2022-11-21T15:09:08+00:00", "2022-11-21T15:14:08+00:00", "2022-11-21T15:17:31+00:00", "2022-11-21T15:22:08+00:00", "2022-11-21T15:27:08+00:00", "2022-11-21T15:32:08+00:00", "2022-11-21T15:36:32+00:00", "2022-11-21T15:40:08+00:00", "2022-11-21T15:44:08+00:00", "2022-11-21T15:48:08+00:00", "2022-11-21T15:52:47+00:00", "2022-11-21T15:57:15+00:00", "2022-11-21T16:02:07+00:00", "2022-11-21T16:03:27+00:00", "2022-11-21T16:09:08+00:00", "2022-11-21T16:13:08+00:00", "2022-11-21T16:17:08+00:00", "2022-11-21T16:21:04+00:00", "2022-11-21T16:26:08+00:00", "2022-11-21T16:29:48+00:00", "2022-11-21T16:34:16+00:00", "2022-11-21T16:40:12+00:00", "2022-11-21T16:45:20+00:00", "2022-11-21T16:51:12+00:00", "2022-11-21T16:55:25+00:00", "2022-11-21T17:01:12+00:00", "2022-11-21T17:06:12+00:00", "2022-11-21T17:12:12+00:00", "2022-11-21T17:16:12+00:00", "2022-11-21T17:21:12+00:00", "2022-11-21T17:26:12+00:00", "2022-11-21T17:31:12+00:00", "2022-11-21T17:36:12+00:00", "2022-11-21T17:40:12+00:00", "2022-11-21T17:44:12+00:00", "2022-11-21T17:47:30+00:00", "2022-11-21T17:53:12+00:00", "2022-11-21T17:57:30+00:00", "2022-11-21T18:02:12+00:00", "2022-11-21T18:07:12+00:00", "2022-11-21T18:10:12+00:00", "2022-11-21T18:14:15+00:00", "2022-11-21T18:17:24+00:00", "2022-11-21T18:21:12+00:00", "2022-11-21T18:24:29+00:00", "2022-11-21T18:27:30+00:00", "2022-11-21T18:31:12+00:00", "2022-11-21T18:34:06+00:00", "2022-11-21T18:38:12+00:00", "2022-11-21T18:41:53+00:00", "2022-11-21T18:45:12+00:00", "2022-11-21T18:48:12+00:00", "2022-11-21T18:53:10+00:00", "2022-11-21T18:57:30+00:00", "2022-11-21T19:02:12+00:00", "2022-11-21T19:06:12+00:00", "2022-11-21T19:10:20+00:00", "2022-11-21T19:15:12+00:00", "2022-11-21T19:19:12+00:00", "2022-11-21T19:23:12+00:00", "2022-11-21T19:27:30+00:00", "2022-11-21T19:31:44+00:00", "2022-11-21T19:35:30+00:00", "2022-11-21T19:40:12+00:00", "2022-11-21T19:46:04+00:00", "2022-11-21T19:51:03+00:00", "2022-11-21T19:55:12+00:00", "2022-11-21T19:59:32+00:00", "2022-11-21T20:04:12+00:00", "2022-11-21T20:08:12+00:00", "2022-11-21T20:12:12+00:00", "2022-11-21T20:16:12+00:00", "2022-11-21T20:19:29+00:00", "2022-11-21T20:23:12+00:00", "2022-11-21T20:26:28+00:00", "2022-11-21T20:29:37+00:00", "2022-11-21T20:33:12+00:00", "2022-11-21T20:37:30+00:00", "2022-11-21T20:42:03+00:00", "2022-11-21T20:46:09+00:00", "2022-11-21T20:49:27+00:00", "2022-11-21T20:54:29+00:00", "2022-11-21T20:58:12+00:00", "2022-11-21T21:02:12+00:00", "2022-11-21T21:06:12+00:00", "2022-11-21T21:09:56+00:00", "2022-11-21T21:14:38+00:00", "2022-11-21T21:18:16+00:00", "2022-11-21T21:22:26+00:00", "2022-11-21T21:26:13+00:00", "2022-11-21T21:29:13+00:00", "2022-11-21T21:33:13+00:00", "2022-11-21T21:37:10+00:00", "2022-11-21T21:39:59+00:00", "2022-11-21T21:43:13+00:00", "2022-11-21T21:46:53+00:00", "2022-11-21T21:51:14+00:00", "2022-11-21T21:54:55+00:00", "2022-11-21T21:57:30+00:00", "2022-11-21T22:01:14+00:00", "2022-11-21T22:05:14+00:00", "2022-11-21T22:08:14+00:00", "2022-11-21T22:12:14+00:00", "2022-11-21T22:16:29+00:00", "2022-11-21T22:20:14+00:00", "2022-11-21T22:23:14+00:00", "2022-11-21T22:27:14+00:00", "2022-11-21T22:31:14+00:00", "2022-11-21T22:34:14+00:00", "2022-11-21T22:38:14+00:00", "2022-11-21T22:42:14+00:00", "2022-11-21T22:45:14+00:00", "2022-11-21T22:48:14+00:00", "2022-11-21T22:53:15+00:00", "2022-11-21T22:57:15+00:00", "2022-11-21T23:01:18+00:00", "2022-11-21T23:05:15+00:00", "2022-11-21T23:08:20+00:00", "2022-11-21T23:12:34+00:00", "2022-11-21T23:16:12+00:00", "2022-11-21T23:19:26+00:00", "2022-11-21T23:23:12+00:00", "2022-11-21T23:27:18+00:00", "2022-11-21T23:30:22+00:00", "2022-11-21T23:34:18+00:00", "2022-11-21T23:37:45+00:00", "2022-11-21T23:42:19+00:00", "2022-11-21T23:45:24+00:00", "2022-11-21T23:48:53+00:00", "2022-11-21T23:53:19+00:00", "2022-11-21T23:57:45+00:00", "2022-11-22T00:01:19+00:00", "2022-11-22T00:05:23+00:00", "2022-11-22T00:09:19+00:00", "2022-11-22T00:13:19+00:00", "2022-11-22T00:18:19+00:00", "2022-11-22T00:22:19+00:00", "2022-11-22T00:26:19+00:00", "2022-11-22T00:27:54+00:00", "2022-11-22T00:30:19+00:00", "2022-11-22T00:32:12+00:00", "2022-11-22T00:34:19+00:00", "2022-11-22T00:36:38+00:00", "2022-11-22T00:38:59+00:00", "2022-11-22T00:40:52+00:00", "2022-11-22T00:46:19+00:00", "2022-11-22T00:50:19+00:00", "2022-11-22T00:54:19+00:00", "2022-11-22T00:57:45+00:00", "2022-11-22T01:01:20+00:00", "2022-11-22T01:04:20+00:00", "2022-11-22T01:07:20+00:00", "2022-11-22T01:10:42+00:00", "2022-11-22T01:15:23+00:00", "2022-11-22T01:19:23+00:00", "2022-11-22T01:22:23+00:00", "2022-11-22T01:26:17+00:00", "2022-11-22T01:29:47+00:00", "2022-11-22T01:33:23+00:00", "2022-11-22T01:37:24+00:00", "2022-11-22T01:41:09+00:00", "2022-11-22T01:45:24+00:00", "2022-11-22T01:48:24+00:00", "2022-11-22T01:52:18+00:00", "2022-11-22T01:55:24+00:00", "2022-11-22T01:58:56+00:00", "2022-11-22T02:03:07+00:00", "2022-11-22T02:07:20+00:00", "2022-11-22T02:10:25+00:00", "2022-11-22T02:15:25+00:00", "2022-11-22T02:20:24+00:00", "2022-11-22T02:24:25+00:00", "2022-11-22T02:27:45+00:00", "2022-11-22T02:32:25+00:00", "2022-11-22T02:37:07+00:00", "2022-11-22T02:40:28+00:00", "2022-11-22T02:44:28+00:00", "2022-11-22T02:48:28+00:00", "2022-11-22T02:53:18+00:00", "2022-11-22T02:56:29+00:00", "2022-11-22T03:00:29+00:00", "2022-11-22T03:04:29+00:00", "2022-11-22T03:08:00+00:00", "2022-11-22T03:13:29+00:00", "2022-11-22T03:17:29+00:00", "2022-11-22T03:21:06+00:00", "2022-11-22T03:24:14+00:00", "2022-11-22T03:28:00+00:00", "2022-11-22T03:31:23+00:00", "2022-11-22T03:34:32+00:00", "2022-11-22T03:38:38+00:00", "2022-11-22T03:41:17+00:00", "2022-11-22T03:43:50+00:00", "2022-11-22T03:48:00+00:00", "2022-11-22T03:50:43+00:00", "2022-11-22T03:53:43+00:00", "2022-11-22T03:57:00+00:00", "2022-11-22T03:59:24+00:00", "2022-11-22T04:01:38+00:00", "2022-11-22T04:07:38+00:00", "2022-11-22T04:11:38+00:00", "2022-11-22T04:16:38+00:00", "2022-11-22T04:20:35+00:00", "2022-11-22T04:23:56+00:00", "2022-11-22T04:28:38+00:00", "2022-11-22T04:33:38+00:00", "2022-11-22T04:38:38+00:00", "2022-11-22T04:43:39+00:00", "2022-11-22T04:48:00+00:00", "2022-11-22T04:51:38+00:00", "2022-11-22T04:56:38+00:00", "2022-11-22T05:00:38+00:00", "2022-11-22T05:05:38+00:00", "2022-11-22T05:10:11+00:00", "2022-11-22T05:14:08+00:00", "2022-11-22T05:18:38+00:00", "2022-11-22T05:22:38+00:00", "2022-11-22T05:27:39+00:00", "2022-11-22T05:30:39+00:00", "2022-11-22T05:35:39+00:00", "2022-11-22T05:39:08+00:00", "2022-11-22T05:43:39+00:00", "2022-11-22T05:47:39+00:00", "2022-11-22T05:51:42+00:00", "2022-11-22T05:56:39+00:00", "2022-11-22T06:00:19+00:00", "2022-11-22T06:04:39+00:00", "2022-11-22T06:09:40+00:00", "2022-11-22T06:13:40+00:00", "2022-11-22T06:18:00+00:00", "2022-11-22T06:21:42+00:00", "2022-11-22T06:25:42+00:00", "2022-11-22T06:29:42+00:00", "2022-11-22T06:33:42+00:00", "2022-11-22T06:38:00+00:00", "2022-11-22T06:41:42+00:00", "2022-11-22T06:45:47+00:00", "2022-11-22T06:49:42+00:00", "2022-11-22T06:53:42+00:00", "2022-11-22T06:57:42+00:00", "2022-11-22T07:02:25+00:00", "2022-11-22T07:06:42+00:00", "2022-11-22T07:10:42+00:00", "2022-11-22T07:15:36+00:00", "2022-11-22T07:19:42+00:00", "2022-11-22T07:24:42+00:00", "2022-11-22T07:28:57+00:00", "2022-11-22T07:33:30+00:00", "2022-11-22T07:36:51+00:00", "2022-11-22T07:42:42+00:00", "2022-11-22T07:46:42+00:00", "2022-11-22T07:50:42+00:00", "2022-11-22T07:55:42+00:00", "2022-11-22T07:59:42+00:00", "2022-11-22T08:04:07+00:00", "2022-11-22T08:08:00+00:00", "2022-11-22T08:13:42+00:00", "2022-11-22T08:18:00+00:00", "2022-11-22T08:22:58+00:00", "2022-11-22T08:27:42+00:00", "2022-11-22T08:31:42+00:00", "2022-11-22T08:36:42+00:00", "2022-11-22T08:41:43+00:00", "2022-11-22T08:46:03+00:00", "2022-11-22T08:50:43+00:00", "2022-11-22T08:54:43+00:00", "2022-11-22T08:58:15+00:00", "2022-11-22T09:01:58+00:00", "2022-11-22T09:05:56+00:00", "2022-11-22T09:08:46+00:00", "2022-11-22T09:12:30+00:00", "2022-11-22T09:14:56+00:00", "2022-11-22T09:18:46+00:00", "2022-11-22T09:22:15+00:00", "2022-11-22T09:26:45+00:00", "2022-11-22T09:28:58+00:00", "2022-11-22T09:32:59+00:00", "2022-11-22T09:37:46+00:00", "2022-11-22T09:41:46+00:00", "2022-11-22T09:45:46+00:00", "2022-11-22T09:48:54+00:00", "2022-11-22T09:53:46+00:00", "2022-11-22T09:57:46+00:00", "2022-11-22T10:00:46+00:00", "2022-11-22T10:04:26+00:00", "2022-11-22T10:08:15+00:00", "2022-11-22T10:12:10+00:00", "2022-11-22T10:15:46+00:00", "2022-11-22T10:20:26+00:00", "2022-11-22T10:23:39+00:00", "2022-11-22T10:26:46+00:00", "2022-11-22T10:29:58+00:00", "2022-11-22T10:33:51+00:00", "2022-11-22T10:37:25+00:00", "2022-11-22T10:41:20+00:00", "2022-11-22T10:44:47+00:00", "2022-11-22T10:48:15+00:00", "2022-11-22T10:51:47+00:00", "2022-11-22T10:55:47+00:00", "2022-11-22T10:58:47+00:00", "2022-11-22T11:02:47+00:00", "2022-11-22T11:06:47+00:00", "2022-11-22T11:10:05+00:00", "2022-11-22T11:14:27+00:00", "2022-11-22T11:17:47+00:00", "2022-11-22T11:20:58+00:00", "2022-11-22T11:24:40+00:00", "2022-11-22T11:27:47+00:00", "2022-11-22T11:30:47+00:00", "2022-11-22T11:34:25+00:00", "2022-11-22T11:37:02+00:00", "2022-11-22T11:40:47+00:00", "2022-11-22T11:44:38+00:00", "2022-11-22T11:50:08+00:00", "2022-11-22T11:54:55+00:00", "2022-11-22T11:58:15+00:00", "2022-11-22T12:02:06+00:00", "2022-11-22T12:05:06+00:00", "2022-11-22T12:08:15+00:00", "2022-11-22T12:12:35+00:00", "2022-11-22T12:15:40+00:00", "2022-11-22T12:19:07+00:00", "2022-11-22T12:22:07+00:00", "2022-11-22T12:24:20+00:00", "2022-11-22T12:27:42+00:00", "2022-11-22T12:30:07+00:00", "2022-11-22T12:33:25+00:00", "2022-11-22T12:35:54+00:00", "2022-11-22T12:38:07+00:00", "2022-11-22T12:40:36+00:00", "2022-11-22T12:43:30+00:00", "2022-11-22T12:46:12+00:00", "2022-11-22T12:48:42+00:00", "2022-11-22T12:51:07+00:00", "2022-11-22T12:54:38+00:00", "2022-11-22T12:57:07+00:00", "2022-11-22T12:58:54+00:00", "2022-11-22T13:01:36+00:00", "2022-11-22T13:03:58+00:00", "2022-11-22T13:06:07+00:00", "2022-11-22T13:08:30+00:00", "2022-11-22T13:12:07+00:00", "2022-11-22T13:15:08+00:00", "2022-11-22T13:18:30+00:00", "2022-11-22T13:21:11+00:00", "2022-11-22T13:24:08+00:00", "2022-11-22T13:26:18+00:00", "2022-11-22T13:29:08+00:00", "2022-11-22T13:31:29+00:00", "2022-11-22T13:34:06+00:00", "2022-11-22T13:37:08+00:00", "2022-11-22T13:39:17+00:00", "2022-11-22T13:41:38+00:00", "2022-11-22T13:44:19+00:00", "2022-11-22T13:47:08+00:00", "2022-11-22T13:49:08+00:00", "2022-11-22T13:51:08+00:00", "2022-11-22T13:53:23+00:00", "2022-11-22T13:55:36+00:00", "2022-11-22T13:57:33+00:00", "2022-11-22T13:59:38+00:00", "2022-11-22T14:02:03+00:00", "2022-11-22T14:04:08+00:00", "2022-11-22T14:06:08+00:00", "2022-11-22T14:08:05+00:00", "2022-11-22T14:11:18+00:00", "2022-11-22T14:13:27+00:00", "2022-11-22T14:16:08+00:00", "2022-11-22T14:18:08+00:00", "2022-11-22T14:20:06+00:00", "2022-11-22T14:21:51+00:00", "2022-11-22T14:24:03+00:00", "2022-11-22T14:25:40+00:00", "2022-11-22T14:28:21+00:00", "2022-11-22T14:30:26+00:00", "2022-11-22T14:32:19+00:00", "2022-11-22T14:34:24+00:00", "2022-11-22T14:36:25+00:00", "2022-11-22T14:38:30+00:00", "2022-11-22T14:40:35+00:00", "2022-11-22T14:42:00+00:00", "2022-11-22T14:44:12+00:00", "2022-11-22T14:45:41+00:00", "2022-11-22T14:47:50+00:00", "2022-11-22T14:49:34+00:00", "2022-11-22T14:51:23+00:00", "2022-11-22T14:53:36+00:00", "2022-11-22T14:55:37+00:00", "2022-11-22T14:58:22+00:00", "2022-11-22T15:00:27+00:00", "2022-11-22T15:03:08+00:00", "2022-11-22T15:06:33+00:00", "2022-11-22T15:09:08+00:00", "2022-11-22T15:12:12+00:00", "2022-11-22T15:16:59+00:00", "2022-11-22T15:19:45+00:00", "2022-11-22T15:23:51+00:00", "2022-11-22T15:26:57+00:00", "2022-11-22T15:30:25+00:00", "2022-11-22T15:33:08+00:00", "2022-11-22T15:37:49+00:00", "2022-11-22T15:41:08+00:00", "2022-11-22T15:45:10+00:00", "2022-11-22T15:48:30+00:00", "2022-11-22T15:52:08+00:00", "2022-11-22T15:55:08+00:00", "2022-11-22T15:59:08+00:00", "2022-11-22T16:03:08+00:00", "2022-11-22T16:07:53+00:00", "2022-11-22T16:11:35+00:00", "2022-11-22T16:15:33+00:00", "2022-11-22T16:19:08+00:00", "2022-11-22T16:23:08+00:00", "2022-11-22T16:27:08+00:00", "2022-11-22T16:31:08+00:00", "2022-11-22T16:35:08+00:00", "2022-11-22T16:39:08+00:00", "2022-11-22T16:43:08+00:00", "2022-11-22T16:47:03+00:00", "2022-11-22T16:50:08+00:00", "2022-11-22T16:54:10+00:00", "2022-11-22T16:57:21+00:00", "2022-11-22T17:01:10+00:00", "2022-11-22T17:04:10+00:00", "2022-11-22T17:08:10+00:00", "2022-11-22T17:12:10+00:00", "2022-11-22T17:17:00+00:00", "2022-11-22T17:21:10+00:00", "2022-11-22T17:24:10+00:00", "2022-11-22T17:27:49+00:00", "2022-11-22T17:31:10+00:00", "2022-11-22T17:34:31+00:00", "2022-11-22T17:38:10+00:00", "2022-11-22T17:41:10+00:00", "2022-11-22T17:44:29+00:00", "2022-11-22T17:48:10+00:00", "2022-11-22T17:51:10+00:00", "2022-11-22T17:54:51+00:00", "2022-11-22T17:57:52+00:00", "2022-11-22T18:01:33+00:00", "2022-11-22T18:05:10+00:00", "2022-11-22T18:09:10+00:00", "2022-11-22T18:12:43+00:00", "2022-11-22T18:15:49+00:00", "2022-11-22T18:19:10+00:00", "2022-11-22T18:22:21+00:00", "2022-11-22T18:26:04+00:00", "2022-11-22T18:29:10+00:00", "2022-11-22T18:33:10+00:00", "2022-11-22T18:37:10+00:00", "2022-11-22T18:41:01+00:00", "2022-11-22T18:45:03+00:00", "2022-11-22T18:47:48+00:00", "2022-11-22T18:50:38+00:00", "2022-11-22T18:54:53+00:00", "2022-11-22T18:57:42+00:00", "2022-11-22T19:00:24+00:00", "2022-11-22T19:04:10+00:00", "2022-11-22T19:08:11+00:00", "2022-11-22T19:10:37+00:00", "2022-11-22T19:13:10+00:00", "2022-11-22T19:16:32+00:00", "2022-11-22T19:20:11+00:00", "2022-11-22T19:25:11+00:00", "2022-11-22T19:28:45+00:00", "2022-11-22T19:32:17+00:00", "2022-11-22T19:36:47+00:00", "2022-11-22T19:39:11+00:00", "2022-11-22T19:43:11+00:00", "2022-11-22T19:47:11+00:00", "2022-11-22T19:51:08+00:00", "2022-11-22T19:55:11+00:00", "2022-11-22T19:58:14+00:00", "2022-11-22T20:01:59+00:00", "2022-11-22T20:05:52+00:00", "2022-11-22T20:08:45+00:00", "2022-11-22T20:11:30+00:00", "2022-11-22T20:14:15+00:00", "2022-11-22T20:18:11+00:00", "2022-11-22T20:21:54+00:00", "2022-11-22T20:25:44+00:00", "2022-11-22T20:28:49+00:00", "2022-11-22T20:32:11+00:00", "2022-11-22T20:36:21+00:00", "2022-11-22T20:39:54+00:00", "2022-11-22T20:43:40+00:00", "2022-11-22T20:48:47+00:00", "2022-11-22T20:54:11+00:00", "2022-11-22T20:59:11+00:00", "2022-11-22T21:03:31+00:00", "2022-11-22T21:08:10+00:00", "2022-11-22T21:12:11+00:00", "2022-11-22T21:17:11+00:00", "2022-11-22T21:21:11+00:00", "2022-11-22T21:25:11+00:00", "2022-11-22T21:30:11+00:00", "2022-11-22T21:34:11+00:00", "2022-11-22T21:38:45+00:00", "2022-11-22T21:42:11+00:00", "2022-11-22T21:46:57+00:00", "2022-11-22T21:50:11+00:00", "2022-11-22T21:55:11+00:00", "2022-11-22T21:58:45+00:00", "2022-11-22T22:02:45+00:00", "2022-11-22T22:07:11+00:00", "2022-11-22T22:10:29+00:00", "2022-11-22T22:13:11+00:00", "2022-11-22T22:17:49+00:00", "2022-11-22T22:21:54+00:00", "2022-11-22T22:25:55+00:00", "2022-11-22T22:31:09+00:00", "2022-11-22T22:35:39+00:00", "2022-11-22T22:39:16+00:00", "2022-11-22T22:43:22+00:00", "2022-11-22T22:48:00+00:00", "2022-11-22T22:51:25+00:00", "2022-11-22T22:54:59+00:00", "2022-11-22T22:59:25+00:00", "2022-11-22T23:03:00+00:00", "2022-11-22T23:06:48+00:00", "2022-11-22T23:11:18+00:00", "2022-11-22T23:15:01+00:00", "2022-11-22T23:20:22+00:00", "2022-11-22T23:25:02+00:00", "2022-11-22T23:29:58+00:00", "2022-11-22T23:33:46+00:00", "2022-11-22T23:36:46+00:00", "2022-11-22T23:41:14+00:00", "2022-11-22T23:47:03+00:00", "2022-11-22T23:50:59+00:00", "2022-11-22T23:54:41+00:00", "2022-11-22T23:59:00+00:00", "2022-11-23T00:03:04+00:00", "2022-11-23T00:07:04+00:00", "2022-11-23T00:10:04+00:00", "2022-11-23T00:15:05+00:00", "2022-11-23T00:19:00+00:00", "2022-11-23T00:23:01+00:00", "2022-11-23T00:27:03+00:00", "2022-11-23T00:31:05+00:00", "2022-11-23T00:35:11+00:00", "2022-11-23T00:39:41+00:00", "2022-11-23T00:46:03+00:00", "2022-11-23T00:50:24+00:00", "2022-11-23T00:54:11+00:00", "2022-11-23T00:58:27+00:00", "2022-11-23T01:04:08+00:00", "2022-11-23T01:09:00+00:00", "2022-11-23T01:13:34+00:00", "2022-11-23T01:18:09+00:00", "2022-11-23T01:22:18+00:00", "2022-11-23T01:26:56+00:00", "2022-11-23T01:33:03+00:00", "2022-11-23T01:37:54+00:00", "2022-11-23T01:43:12+00:00", "2022-11-23T01:47:18+00:00", "2022-11-23T01:52:24+00:00", "2022-11-23T01:57:13+00:00", "2022-11-23T02:02:13+00:00", "2022-11-23T02:07:14+00:00", "2022-11-23T02:13:14+00:00", "2022-11-23T02:19:15+00:00", "2022-11-23T02:24:15+00:00", "2022-11-23T02:28:19+00:00", "2022-11-23T02:33:33+00:00", "2022-11-23T02:38:39+00:00", "2022-11-23T02:44:17+00:00", "2022-11-23T02:49:02+00:00", "2022-11-23T02:54:32+00:00", "2022-11-23T02:59:55+00:00", "2022-11-23T03:06:16+00:00", "2022-11-23T03:13:17+00:00", "2022-11-23T03:21:15+00:00", "2022-11-23T03:27:14+00:00", "2022-11-23T03:33:39+00:00", "2022-11-23T03:42:09+00:00", "2022-11-23T03:49:06+00:00", "2022-11-23T04:01:41+00:00", "2022-11-23T04:14:19+00:00", "2022-11-23T04:25:06+00:00", "2022-11-23T04:33:18+00:00", "2022-11-23T04:43:13+00:00", "2022-11-23T04:53:12+00:00", "2022-11-23T05:05:16+00:00", "2022-11-23T05:16:23+00:00", "2022-11-23T05:22:25+00:00", "2022-11-23T05:26:06+00:00", "2022-11-23T05:29:15+00:00", "2022-11-23T05:34:20+00:00", "2022-11-23T05:39:17+00:00", "2022-11-23T05:43:30+00:00", "2022-11-23T05:46:43+00:00", "2022-11-23T05:52:26+00:00", "2022-11-23T05:57:26+00:00", "2022-11-23T06:01:14+00:00", "2022-11-23T06:05:26+00:00", "2022-11-23T06:09:15+00:00", "2022-11-23T06:13:40+00:00", "2022-11-23T06:17:49+00:00", "2022-11-23T06:22:40+00:00", "2022-11-23T06:26:33+00:00", "2022-11-23T06:30:21+00:00", "2022-11-23T06:34:28+00:00", "2022-11-23T06:39:28+00:00", "2022-11-23T06:43:34+00:00", "2022-11-23T06:47:27+00:00", "2022-11-23T06:51:33+00:00", "2022-11-23T06:56:34+00:00", "2022-11-23T07:01:34+00:00", "2022-11-23T07:05:35+00:00", "2022-11-23T07:10:35+00:00", "2022-11-23T07:14:41+00:00", "2022-11-23T07:20:35+00:00", "2022-11-23T07:24:36+00:00", "2022-11-23T07:28:36+00:00", "2022-11-23T07:34:07+00:00", "2022-11-23T07:38:40+00:00", "2022-11-23T07:43:44+00:00", "2022-11-23T07:48:29+00:00", "2022-11-23T07:53:23+00:00", "2022-11-23T07:57:39+00:00", "2022-11-23T08:02:47+00:00", "2022-11-23T08:06:39+00:00", "2022-11-23T08:11:58+00:00", "2022-11-23T08:17:39+00:00", "2022-11-23T08:22:40+00:00", "2022-11-23T08:27:40+00:00", "2022-11-23T08:32:40+00:00", "2022-11-23T08:38:41+00:00", "2022-11-23T08:44:39+00:00", "2022-11-23T08:48:17+00:00", "2022-11-23T08:52:47+00:00", "2022-11-23T08:57:13+00:00", "2022-11-23T09:01:40+00:00", "2022-11-23T09:05:41+00:00", "2022-11-23T09:09:30+00:00", "2022-11-23T09:14:45+00:00", "2022-11-23T09:18:45+00:00", "2022-11-23T09:22:47+00:00", "2022-11-23T09:28:42+00:00", "2022-11-23T09:33:43+00:00", "2022-11-23T09:38:43+00:00", "2022-11-23T09:43:46+00:00", "2022-11-23T09:48:44+00:00", "2022-11-23T09:53:02+00:00", "2022-11-23T09:58:08+00:00", "2022-11-23T10:02:46+00:00", "2022-11-23T10:08:18+00:00", "2022-11-23T10:13:20+00:00", "2022-11-23T10:16:46+00:00", "2022-11-23T10:21:48+00:00", "2022-11-23T10:24:36+00:00", "2022-11-23T10:29:29+00:00", "2022-11-23T10:34:47+00:00", "2022-11-23T10:38:47+00:00", "2022-11-23T10:42:52+00:00", "2022-11-23T10:47:51+00:00", "2022-11-23T10:52:50+00:00", "2022-11-23T10:57:17+00:00", "2022-11-23T11:02:56+00:00", "2022-11-23T11:07:00+00:00", "2022-11-23T11:12:01+00:00", "2022-11-23T11:16:01+00:00", "2022-11-23T11:21:01+00:00", "2022-11-23T11:26:02+00:00", "2022-11-23T11:29:02+00:00", "2022-11-23T11:33:15+00:00", "2022-11-23T11:36:41+00:00", "2022-11-23T11:40:55+00:00", "2022-11-23T11:45:54+00:00", "2022-11-23T11:51:01+00:00", "2022-11-23T11:55:06+00:00", "2022-11-23T11:58:24+00:00", "2022-11-23T12:03:45+00:00", "2022-11-23T12:07:35+00:00", "2022-11-23T12:12:08+00:00", "2022-11-23T12:16:08+00:00", "2022-11-23T12:20:19+00:00", "2022-11-23T12:25:08+00:00", "2022-11-23T12:29:45+00:00", "2022-11-23T12:33:51+00:00", "2022-11-23T12:38:26+00:00", "2022-11-23T12:42:09+00:00", "2022-11-23T12:46:09+00:00", "2022-11-23T12:50:00+00:00", "2022-11-23T12:55:32+00:00", "2022-11-23T13:00:00+00:00", "2022-11-23T13:05:13+00:00", "2022-11-23T13:10:00+00:00", "2022-11-23T13:15:13+00:00", "2022-11-23T13:19:47+00:00", "2022-11-23T13:25:06+00:00", "2022-11-23T13:29:11+00:00", "2022-11-23T13:34:12+00:00", "2022-11-23T13:39:12+00:00", "2022-11-23T13:44:12+00:00", "2022-11-23T13:49:13+00:00", "2022-11-23T13:53:18+00:00", "2022-11-23T13:58:11+00:00", "2022-11-23T14:03:12+00:00", "2022-11-23T14:08:22+00:00", "2022-11-23T14:12:12+00:00", "2022-11-23T14:16:16+00:00", "2022-11-23T14:20:43+00:00", "2022-11-23T14:24:14+00:00", "2022-11-23T14:29:12+00:00", "2022-11-23T14:33:20+00:00", "2022-11-23T14:36:24+00:00", "2022-11-23T14:40:15+00:00", "2022-11-23T14:44:18+00:00", "2022-11-23T14:48:21+00:00", "2022-11-23T14:51:21+00:00", "2022-11-23T14:54:23+00:00", "2022-11-23T14:58:48+00:00", "2022-11-23T15:02:20+00:00", "2022-11-23T15:07:20+00:00", "2022-11-23T15:11:20+00:00", "2022-11-23T15:16:19+00:00", "2022-11-23T15:20:03+00:00", "2022-11-23T15:23:13+00:00", "2022-11-23T15:26:23+00:00", "2022-11-23T15:29:29+00:00", "2022-11-23T15:33:23+00:00", "2022-11-23T15:36:49+00:00", "2022-11-23T15:40:15+00:00", "2022-11-23T15:43:12+00:00", "2022-11-23T15:46:06+00:00", "2022-11-23T15:49:25+00:00", "2022-11-23T15:52:01+00:00", "2022-11-23T15:55:25+00:00", "2022-11-23T15:58:18+00:00", "2022-11-23T16:02:50+00:00", "2022-11-23T16:06:59+00:00", "2022-11-23T16:11:36+00:00", "2022-11-23T16:14:26+00:00", "2022-11-23T16:17:52+00:00", "2022-11-23T16:21:50+00:00", "2022-11-23T16:25:32+00:00", "2022-11-23T16:29:25+00:00", "2022-11-23T16:32:33+00:00", "2022-11-23T16:36:25+00:00", "2022-11-23T16:41:25+00:00", "2022-11-23T16:46:27+00:00", "2022-11-23T16:51:27+00:00", "2022-11-23T16:56:27+00:00", "2022-11-23T17:00:15+00:00", "2022-11-23T17:04:27+00:00", "2022-11-23T17:07:51+00:00", "2022-11-23T17:11:28+00:00", "2022-11-23T17:14:28+00:00", "2022-11-23T17:17:46+00:00", "2022-11-23T17:21:29+00:00", "2022-11-23T17:25:27+00:00", "2022-11-23T17:29:11+00:00", "2022-11-23T17:32:27+00:00", "2022-11-23T17:36:27+00:00", "2022-11-23T17:39:45+00:00", "2022-11-23T17:43:39+00:00", "2022-11-23T17:47:21+00:00", "2022-11-23T17:51:54+00:00", "2022-11-23T17:55:27+00:00", "2022-11-23T17:59:37+00:00", "2022-11-23T18:04:17+00:00", "2022-11-23T18:08:26+00:00", "2022-11-23T18:12:06+00:00", "2022-11-23T18:15:30+00:00", "2022-11-23T18:19:30+00:00", "2022-11-23T18:23:19+00:00", "2022-11-23T18:27:31+00:00", "2022-11-23T18:30:42+00:00", "2022-11-23T18:35:31+00:00", "2022-11-23T18:39:31+00:00", "2022-11-23T18:43:41+00:00", "2022-11-23T18:47:34+00:00", "2022-11-23T18:50:33+00:00", "2022-11-23T18:55:33+00:00", "2022-11-23T18:59:41+00:00", "2022-11-23T19:02:50+00:00", "2022-11-23T19:07:12+00:00", "2022-11-23T19:10:30+00:00", "2022-11-23T19:14:18+00:00", "2022-11-23T19:18:08+00:00", "2022-11-23T19:21:08+00:00", "2022-11-23T19:26:19+00:00", "2022-11-23T19:30:20+00:00", "2022-11-23T19:34:07+00:00", "2022-11-23T19:37:37+00:00", "2022-11-23T19:40:54+00:00", "2022-11-23T19:44:44+00:00", "2022-11-23T19:48:37+00:00", "2022-11-23T19:52:37+00:00", "2022-11-23T19:56:37+00:00", "2022-11-23T20:00:30+00:00", "2022-11-23T20:04:43+00:00", "2022-11-23T20:08:37+00:00", "2022-11-23T20:12:05+00:00", "2022-11-23T20:15:39+00:00", "2022-11-23T20:19:39+00:00", "2022-11-23T20:23:29+00:00", "2022-11-23T20:26:39+00:00", "2022-11-23T20:30:30+00:00", "2022-11-23T20:34:41+00:00", "2022-11-23T20:38:47+00:00", "2022-11-23T20:42:38+00:00", "2022-11-23T20:45:47+00:00", "2022-11-23T20:50:30+00:00", "2022-11-23T20:54:06+00:00", "2022-11-23T20:57:39+00:00", "2022-11-23T21:01:35+00:00", "2022-11-23T21:05:40+00:00", "2022-11-23T21:11:27+00:00", "2022-11-23T21:14:44+00:00", "2022-11-23T21:20:06+00:00", "2022-11-23T21:23:39+00:00", "2022-11-23T21:27:40+00:00", "2022-11-23T21:31:47+00:00", "2022-11-23T21:35:52+00:00", "2022-11-23T21:40:45+00:00", "2022-11-23T21:44:46+00:00", "2022-11-23T21:48:46+00:00", "2022-11-23T21:53:19+00:00", "2022-11-23T21:57:19+00:00", "2022-11-23T22:00:45+00:00", "2022-11-23T22:05:34+00:00", "2022-11-23T22:09:15+00:00", "2022-11-23T22:13:50+00:00", "2022-11-23T22:18:02+00:00", "2022-11-23T22:22:19+00:00", "2022-11-23T22:28:07+00:00", "2022-11-23T22:31:51+00:00", "2022-11-23T22:36:59+00:00", "2022-11-23T22:43:23+00:00", "2022-11-23T22:49:23+00:00", "2022-11-23T22:55:56+00:00", "2022-11-23T23:01:14+00:00", "2022-11-23T23:06:55+00:00", "2022-11-23T23:12:38+00:00", "2022-11-23T23:18:56+00:00", "2022-11-23T23:24:56+00:00", "2022-11-23T23:30:45+00:00", "2022-11-23T23:35:58+00:00", "2022-11-23T23:41:58+00:00", "2022-11-23T23:47:23+00:00", "2022-11-23T23:51:58+00:00", "2022-11-23T23:56:58+00:00", "2022-11-24T00:01:58+00:00", "2022-11-24T00:04:58+00:00", "2022-11-24T00:07:46+00:00", "2022-11-24T00:11:58+00:00", "2022-11-24T00:17:31+00:00", "2022-11-24T00:22:58+00:00", "2022-11-24T00:28:58+00:00", "2022-11-24T00:33:58+00:00", "2022-11-24T00:38:58+00:00", "2022-11-24T00:44:40+00:00", "2022-11-24T00:48:21+00:00", "2022-11-24T00:53:54+00:00", "2022-11-24T00:58:37+00:00", "2022-11-24T01:04:58+00:00", "2022-11-24T01:10:29+00:00", "2022-11-24T01:16:36+00:00", "2022-11-24T01:23:02+00:00", "2022-11-24T01:33:58+00:00", "2022-11-24T01:42:58+00:00", "2022-11-24T01:51:15+00:00", "2022-11-24T01:58:58+00:00", "2022-11-24T02:05:58+00:00", "2022-11-24T02:11:58+00:00", "2022-11-24T02:17:24+00:00", "2022-11-24T02:21:58+00:00", "2022-11-24T02:26:58+00:00", "2022-11-24T02:31:58+00:00", "2022-11-24T02:36:58+00:00", "2022-11-24T02:40:53+00:00", "2022-11-24T02:43:34+00:00", "2022-11-24T02:46:56+00:00", "2022-11-24T02:50:25+00:00", "2022-11-24T02:54:58+00:00", "2022-11-24T02:59:43+00:00", "2022-11-24T03:03:58+00:00", "2022-11-24T03:07:58+00:00", "2022-11-24T03:11:58+00:00", "2022-11-24T03:16:57+00:00", "2022-11-24T03:20:59+00:00", "2022-11-24T03:24:59+00:00", "2022-11-24T03:28:54+00:00", "2022-11-24T03:32:59+00:00", "2022-11-24T03:37:29+00:00", "2022-11-24T03:41:59+00:00", "2022-11-24T03:47:37+00:00", "2022-11-24T03:51:59+00:00", "2022-11-24T03:56:17+00:00", "2022-11-24T04:01:06+00:00", "2022-11-24T04:05:59+00:00", "2022-11-24T04:10:59+00:00", "2022-11-24T04:15:28+00:00", "2022-11-24T04:19:34+00:00", "2022-11-24T04:23:59+00:00", "2022-11-24T04:27:14+00:00", "2022-11-24T04:32:21+00:00", "2022-11-24T04:36:27+00:00", "2022-11-24T04:39:40+00:00", "2022-11-24T04:42:59+00:00", "2022-11-24T04:46:25+00:00", "2022-11-24T04:50:00+00:00", "2022-11-24T04:54:28+00:00", "2022-11-24T04:59:00+00:00", "2022-11-24T05:03:00+00:00", "2022-11-24T05:08:43+00:00", "2022-11-24T05:12:00+00:00", "2022-11-24T05:17:00+00:00", "2022-11-24T05:21:15+00:00", "2022-11-24T05:25:00+00:00", "2022-11-24T05:29:00+00:00", "2022-11-24T05:33:00+00:00", "2022-11-24T05:38:00+00:00", "2022-11-24T05:43:00+00:00", "2022-11-24T05:47:15+00:00", "2022-11-24T05:51:00+00:00", "2022-11-24T05:55:00+00:00", "2022-11-24T05:59:00+00:00", "2022-11-24T06:02:00+00:00", "2022-11-24T06:07:00+00:00", "2022-11-24T06:11:00+00:00", "2022-11-24T06:15:00+00:00", "2022-11-24T06:19:00+00:00", "2022-11-24T06:23:00+00:00", "2022-11-24T06:27:40+00:00", "2022-11-24T06:32:00+00:00", "2022-11-24T06:36:00+00:00", "2022-11-24T06:40:37+00:00", "2022-11-24T06:44:00+00:00", "2022-11-24T06:47:08+00:00", "2022-11-24T06:51:15+00:00", "2022-11-24T06:55:01+00:00", "2022-11-24T06:59:01+00:00", "2022-11-24T07:03:01+00:00", "2022-11-24T07:07:01+00:00", "2022-11-24T07:11:15+00:00", "2022-11-24T07:15:01+00:00", "2022-11-24T07:19:01+00:00", "2022-11-24T07:22:15+00:00", "2022-11-24T07:27:01+00:00", "2022-11-24T07:31:01+00:00", "2022-11-24T07:34:01+00:00", "2022-11-24T07:38:09+00:00", "2022-11-24T07:42:01+00:00", "2022-11-24T07:46:01+00:00", "2022-11-24T07:49:29+00:00", "2022-11-24T07:52:22+00:00", "2022-11-24T07:56:25+00:00", "2022-11-24T07:59:48+00:00", "2022-11-24T08:02:30+00:00", "2022-11-24T08:07:01+00:00", "2022-11-24T08:10:26+00:00", "2022-11-24T08:15:01+00:00", "2022-11-24T08:20:01+00:00", "2022-11-24T08:23:01+00:00", "2022-11-24T08:28:10+00:00", "2022-11-24T08:31:31+00:00", "2022-11-24T08:37:01+00:00", "2022-11-24T08:41:01+00:00", "2022-11-24T08:46:01+00:00", "2022-11-24T08:51:01+00:00", "2022-11-24T08:55:09+00:00", "2022-11-24T09:00:03+00:00", "2022-11-24T09:04:30+00:00", "2022-11-24T09:10:04+00:00", "2022-11-24T09:13:04+00:00", "2022-11-24T09:18:04+00:00", "2022-11-24T09:22:37+00:00", "2022-11-24T09:26:50+00:00", "2022-11-24T09:31:56+00:00", "2022-11-24T09:36:30+00:00", "2022-11-24T09:41:09+00:00", "2022-11-24T09:45:09+00:00", "2022-11-24T09:50:28+00:00", "2022-11-24T09:54:57+00:00", "2022-11-24T10:00:09+00:00", "2022-11-24T10:04:32+00:00", "2022-11-24T10:09:09+00:00", "2022-11-24T10:14:09+00:00", "2022-11-24T10:18:17+00:00", "2022-11-24T10:23:09+00:00", "2022-11-24T10:27:57+00:00", "2022-11-24T10:32:09+00:00", "2022-11-24T10:37:09+00:00", "2022-11-24T10:41:13+00:00", "2022-11-24T10:45:17+00:00", "2022-11-24T10:50:51+00:00", "2022-11-24T10:55:09+00:00", "2022-11-24T11:00:09+00:00", "2022-11-24T11:04:41+00:00", "2022-11-24T11:09:49+00:00", "2022-11-24T11:13:39+00:00", "2022-11-24T11:18:54+00:00", "2022-11-24T11:22:45+00:00", "2022-11-24T11:27:13+00:00", "2022-11-24T11:31:28+00:00", "2022-11-24T11:35:46+00:00", "2022-11-24T11:40:13+00:00", "2022-11-24T11:45:14+00:00", "2022-11-24T11:50:14+00:00", "2022-11-24T11:55:14+00:00", "2022-11-24T11:59:23+00:00", "2022-11-24T12:03:52+00:00", "2022-11-24T12:07:14+00:00", "2022-11-24T12:11:38+00:00", "2022-11-24T12:15:52+00:00", "2022-11-24T12:19:01+00:00", "2022-11-24T12:23:14+00:00", "2022-11-24T12:28:11+00:00", "2022-11-24T12:31:35+00:00", "2022-11-24T12:35:58+00:00", "2022-11-24T12:39:34+00:00", "2022-11-24T12:43:00+00:00", "2022-11-24T12:46:19+00:00", "2022-11-24T12:50:53+00:00", "2022-11-24T12:54:19+00:00", "2022-11-24T12:57:19+00:00", "2022-11-24T13:00:38+00:00", "2022-11-24T13:06:19+00:00", "2022-11-24T13:11:19+00:00", "2022-11-24T13:14:31+00:00", "2022-11-24T13:19:04+00:00", "2022-11-24T13:23:19+00:00", "2022-11-24T13:27:19+00:00", "2022-11-24T13:31:30+00:00", "2022-11-24T13:35:57+00:00", "2022-11-24T13:40:20+00:00", "2022-11-24T13:43:33+00:00", "2022-11-24T13:49:20+00:00", "2022-11-24T13:53:20+00:00", "2022-11-24T13:59:20+00:00", "2022-11-24T14:05:15+00:00", "2022-11-24T14:09:44+00:00", "2022-11-24T14:14:20+00:00", "2022-11-24T14:19:43+00:00", "2022-11-24T14:23:20+00:00", "2022-11-24T14:27:20+00:00", "2022-11-24T14:30:58+00:00", "2022-11-24T14:34:20+00:00", "2022-11-24T14:37:20+00:00", "2022-11-24T14:40:20+00:00", "2022-11-24T14:43:00+00:00", "2022-11-24T14:47:58+00:00", "2022-11-24T14:50:03+00:00", "2022-11-24T14:52:08+00:00", "2022-11-24T14:54:29+00:00", "2022-11-24T14:57:20+00:00", "2022-11-24T15:00:34+00:00", "2022-11-24T15:02:35+00:00", "2022-11-24T15:06:20+00:00", "2022-11-24T15:09:45+00:00", "2022-11-24T15:12:20+00:00", "2022-11-24T15:14:58+00:00", "2022-11-24T15:17:28+00:00", "2022-11-24T15:21:06+00:00", "2022-11-24T15:23:43+00:00", "2022-11-24T15:27:20+00:00", "2022-11-24T15:29:55+00:00", "2022-11-24T15:32:24+00:00", "2022-11-24T15:35:20+00:00", "2022-11-24T15:38:07+00:00", "2022-11-24T15:40:51+00:00", "2022-11-24T15:42:57+00:00", "2022-11-24T15:45:38+00:00", "2022-11-24T15:48:40+00:00", "2022-11-24T15:51:09+00:00", "2022-11-24T15:53:23+00:00", "2022-11-24T15:56:03+00:00", "2022-11-24T15:58:51+00:00", "2022-11-24T16:01:18+00:00", "2022-11-24T16:04:03+00:00", "2022-11-24T16:06:49+00:00", "2022-11-24T16:09:20+00:00", "2022-11-24T16:12:43+00:00", "2022-11-24T16:15:49+00:00", "2022-11-24T16:19:48+00:00", "2022-11-24T16:24:51+00:00", "2022-11-24T16:29:20+00:00", "2022-11-24T16:34:58+00:00", "2022-11-24T16:40:20+00:00", "2022-11-24T16:44:40+00:00", "2022-11-24T16:50:20+00:00", "2022-11-24T16:54:54+00:00", "2022-11-24T17:00:20+00:00", "2022-11-24T17:04:50+00:00", "2022-11-24T17:09:20+00:00", "2022-11-24T17:15:03+00:00", "2022-11-24T17:19:58+00:00", "2022-11-24T17:24:32+00:00", "2022-11-24T17:30:20+00:00", "2022-11-24T17:34:20+00:00", "2022-11-24T17:40:20+00:00", "2022-11-24T17:44:20+00:00", "2022-11-24T17:49:20+00:00", "2022-11-24T17:53:20+00:00", "2022-11-24T17:58:58+00:00", "2022-11-24T18:02:47+00:00", "2022-11-24T18:08:20+00:00", "2022-11-24T18:12:23+00:00", "2022-11-24T18:17:23+00:00", "2022-11-24T18:21:45+00:00", "2022-11-24T18:26:23+00:00", "2022-11-24T18:29:51+00:00", "2022-11-24T18:35:17+00:00", "2022-11-24T18:39:24+00:00", "2022-11-24T18:42:39+00:00", "2022-11-24T18:47:24+00:00", "2022-11-24T18:51:45+00:00", "2022-11-24T18:55:31+00:00", "2022-11-24T19:01:21+00:00", "2022-11-24T19:04:47+00:00", "2022-11-24T19:09:37+00:00", "2022-11-24T19:13:50+00:00", "2022-11-24T19:18:00+00:00", "2022-11-24T19:21:38+00:00", "2022-11-24T19:26:28+00:00", "2022-11-24T19:31:24+00:00", "2022-11-24T19:35:24+00:00", "2022-11-24T19:41:24+00:00", "2022-11-24T19:45:24+00:00", "2022-11-24T19:50:05+00:00", "2022-11-24T19:54:40+00:00", "2022-11-24T19:59:42+00:00", "2022-11-24T20:06:26+00:00", "2022-11-24T20:13:26+00:00", "2022-11-24T20:19:07+00:00", "2022-11-24T20:22:00+00:00", "2022-11-24T20:26:32+00:00", "2022-11-24T20:30:39+00:00", "2022-11-24T20:35:26+00:00", "2022-11-24T20:40:26+00:00", "2022-11-24T20:45:23+00:00", "2022-11-24T20:50:41+00:00", "2022-11-24T20:55:26+00:00", "2022-11-24T21:00:26+00:00", "2022-11-24T21:05:29+00:00", "2022-11-24T21:10:35+00:00", "2022-11-24T21:14:42+00:00", "2022-11-24T21:20:00+00:00", "2022-11-24T21:24:26+00:00", "2022-11-24T21:29:48+00:00", "2022-11-24T21:35:12+00:00", "2022-11-24T21:39:51+00:00", "2022-11-24T21:44:26+00:00", "2022-11-24T21:49:26+00:00", "2022-11-24T21:55:26+00:00", "2022-11-24T21:59:26+00:00", "2022-11-24T22:04:03+00:00", "2022-11-24T22:09:03+00:00", "2022-11-24T22:14:25+00:00", "2022-11-24T22:18:26+00:00", "2022-11-24T22:23:07+00:00", "2022-11-24T22:28:01+00:00", "2022-11-24T22:32:00+00:00", "2022-11-24T22:36:20+00:00", "2022-11-24T22:41:26+00:00", "2022-11-24T22:45:30+00:00", "2022-11-24T22:50:26+00:00", "2022-11-24T22:56:18+00:00", "2022-11-24T23:00:51+00:00", "2022-11-24T23:06:27+00:00", "2022-11-24T23:11:27+00:00", "2022-11-24T23:15:32+00:00", "2022-11-24T23:20:27+00:00", "2022-11-24T23:25:27+00:00", "2022-11-24T23:30:04+00:00", "2022-11-24T23:34:27+00:00", "2022-11-24T23:39:15+00:00", "2022-11-24T23:44:27+00:00", "2022-11-24T23:50:27+00:00", "2022-11-24T23:55:27+00:00", "2022-11-25T00:01:01+00:00", "2022-11-25T00:06:27+00:00", "2022-11-25T00:11:27+00:00", "2022-11-25T00:16:22+00:00", "2022-11-25T00:20:27+00:00", "2022-11-25T00:26:27+00:00", "2022-11-25T00:32:00+00:00", "2022-11-25T00:35:23+00:00", "2022-11-25T00:41:29+00:00", "2022-11-25T00:46:27+00:00", "2022-11-25T00:52:15+00:00", "2022-11-25T00:57:27+00:00", "2022-11-25T01:03:27+00:00", "2022-11-25T01:09:28+00:00", "2022-11-25T01:14:48+00:00", "2022-11-25T01:21:28+00:00", "2022-11-25T01:27:40+00:00", "2022-11-25T01:33:28+00:00", "2022-11-25T01:39:18+00:00", "2022-11-25T01:45:28+00:00", "2022-11-25T01:58:28+00:00", "2022-11-25T02:03:28+00:00", "2022-11-25T02:08:28+00:00", "2022-11-25T02:14:53+00:00", "2022-11-25T02:20:28+00:00", "2022-11-25T02:23:50+00:00", "2022-11-25T02:28:28+00:00", "2022-11-25T02:33:52+00:00", "2022-11-25T02:38:17+00:00", "2022-11-25T02:44:24+00:00", "2022-11-25T02:49:28+00:00", "2022-11-25T02:55:28+00:00", "2022-11-25T03:01:15+00:00", "2022-11-25T03:06:02+00:00", "2022-11-25T03:13:28+00:00", "2022-11-25T03:21:28+00:00", "2022-11-25T03:30:28+00:00", "2022-11-25T03:46:46+00:00", "2022-11-25T03:55:46+00:00", "2022-11-25T04:02:15+00:00", "2022-11-25T04:07:21+00:00", "2022-11-25T04:10:26+00:00", "2022-11-25T04:14:46+00:00", "2022-11-25T04:18:52+00:00", "2022-11-25T04:22:46+00:00", "2022-11-25T04:27:43+00:00", "2022-11-25T04:31:32+00:00", "2022-11-25T04:36:45+00:00", "2022-11-25T04:41:38+00:00", "2022-11-25T04:45:46+00:00", "2022-11-25T04:51:01+00:00", "2022-11-25T04:56:35+00:00", "2022-11-25T05:01:54+00:00", "2022-11-25T05:07:02+00:00", "2022-11-25T05:21:03+00:00", "2022-11-25T05:33:21+00:00", "2022-11-25T05:39:47+00:00", "2022-11-25T05:44:51+00:00", "2022-11-25T05:52:30+00:00", "2022-11-25T05:59:48+00:00", "2022-11-25T06:06:54+00:00", "2022-11-25T06:13:09+00:00", "2022-11-25T06:20:09+00:00", "2022-11-25T06:26:09+00:00", "2022-11-25T06:32:30+00:00", "2022-11-25T06:38:39+00:00", "2022-11-25T06:43:37+00:00", "2022-11-25T06:51:09+00:00", "2022-11-25T06:57:09+00:00", "2022-11-25T07:03:09+00:00", "2022-11-25T07:11:09+00:00", "2022-11-25T07:17:09+00:00", "2022-11-25T07:25:09+00:00", "2022-11-25T07:33:40+00:00", "2022-11-25T07:41:09+00:00", "2022-11-25T07:47:29+00:00", "2022-11-25T07:55:25+00:00", "2022-11-25T08:00:09+00:00", "2022-11-25T08:04:09+00:00", "2022-11-25T08:09:09+00:00", "2022-11-25T08:13:09+00:00", "2022-11-25T08:18:09+00:00", "2022-11-25T08:22:30+00:00", "2022-11-25T08:26:09+00:00", "2022-11-25T08:30:06+00:00", "2022-11-25T08:33:44+00:00", "2022-11-25T08:38:10+00:00", "2022-11-25T08:42:10+00:00", "2022-11-25T08:45:49+00:00", "2022-11-25T08:50:10+00:00", "2022-11-25T08:53:27+00:00", "2022-11-25T08:57:10+00:00", "2022-11-25T09:02:10+00:00", "2022-11-25T09:06:10+00:00", "2022-11-25T09:11:10+00:00", "2022-11-25T09:15:37+00:00", "2022-11-25T09:20:10+00:00", "2022-11-25T09:23:49+00:00", "2022-11-25T09:28:10+00:00", "2022-11-25T09:32:10+00:00", "2022-11-25T09:36:10+00:00", "2022-11-25T09:40:10+00:00", "2022-11-25T09:43:28+00:00", "2022-11-25T09:47:10+00:00", "2022-11-25T09:50:31+00:00", "2022-11-25T09:55:10+00:00", "2022-11-25T09:57:34+00:00", "2022-11-25T10:02:10+00:00", "2022-11-25T10:06:10+00:00", "2022-11-25T10:09:18+00:00", "2022-11-25T10:12:48+00:00", "2022-11-25T10:17:03+00:00", "2022-11-25T10:20:11+00:00", "2022-11-25T10:24:11+00:00", "2022-11-25T10:28:40+00:00", "2022-11-25T10:32:11+00:00", "2022-11-25T10:36:11+00:00", "2022-11-25T10:41:11+00:00", "2022-11-25T10:44:13+00:00", "2022-11-25T10:47:13+00:00", "2022-11-25T10:51:47+00:00", "2022-11-25T10:55:12+00:00", "2022-11-25T10:59:13+00:00", "2022-11-25T11:03:35+00:00", "2022-11-25T11:07:13+00:00", "2022-11-25T11:11:13+00:00", "2022-11-25T11:15:13+00:00", "2022-11-25T11:19:13+00:00", "2022-11-25T11:23:14+00:00", "2022-11-25T11:28:13+00:00", "2022-11-25T11:32:14+00:00", "2022-11-25T11:36:24+00:00", "2022-11-25T11:39:38+00:00", "2022-11-25T11:42:45+00:00", "2022-11-25T11:47:14+00:00", "2022-11-25T11:51:02+00:00", "2022-11-25T11:54:14+00:00", "2022-11-25T11:58:14+00:00", "2022-11-25T12:02:14+00:00", "2022-11-25T12:05:03+00:00", "2022-11-25T12:08:13+00:00", "2022-11-25T12:11:50+00:00", "2022-11-25T12:15:28+00:00", "2022-11-25T12:20:15+00:00", "2022-11-25T12:23:39+00:00", "2022-11-25T12:28:15+00:00", "2022-11-25T12:32:59+00:00", "2022-11-25T12:36:22+00:00", "2022-11-25T12:40:15+00:00", "2022-11-25T12:44:15+00:00", "2022-11-25T12:48:15+00:00", "2022-11-25T12:51:45+00:00", "2022-11-25T12:55:18+00:00", "2022-11-25T12:58:51+00:00", "2022-11-25T13:02:29+00:00", "2022-11-25T13:06:18+00:00", "2022-11-25T13:10:17+00:00", "2022-11-25T13:14:50+00:00", "2022-11-25T13:20:03+00:00", "2022-11-25T13:23:15+00:00", "2022-11-25T13:26:46+00:00", "2022-11-25T13:31:15+00:00", "2022-11-25T13:35:33+00:00", "2022-11-25T13:40:15+00:00", "2022-11-25T13:44:08+00:00", "2022-11-25T13:49:15+00:00", "2022-11-25T13:53:16+00:00", "2022-11-25T13:58:16+00:00", "2022-11-25T14:02:45+00:00", "2022-11-25T14:07:16+00:00", "2022-11-25T14:12:16+00:00", "2022-11-25T14:15:51+00:00", "2022-11-25T14:20:16+00:00", "2022-11-25T14:24:16+00:00", "2022-11-25T14:27:16+00:00", "2022-11-25T14:32:16+00:00", "2022-11-25T14:37:16+00:00", "2022-11-25T14:41:16+00:00", "2022-11-25T14:45:16+00:00", "2022-11-25T14:48:28+00:00", "2022-11-25T14:52:16+00:00", "2022-11-25T14:56:17+00:00", "2022-11-25T15:00:17+00:00", "2022-11-25T15:04:17+00:00", "2022-11-25T15:08:17+00:00", "2022-11-25T15:12:45+00:00", "2022-11-25T15:16:27+00:00", "2022-11-25T15:22:17+00:00", "2022-11-25T15:26:17+00:00", "2022-11-25T15:30:10+00:00", "2022-11-25T15:34:17+00:00", "2022-11-25T15:38:45+00:00", "2022-11-25T15:42:17+00:00", "2022-11-25T15:46:17+00:00", "2022-11-25T15:50:30+00:00", "2022-11-25T15:54:17+00:00", "2022-11-25T15:59:17+00:00", "2022-11-25T16:03:17+00:00", "2022-11-25T16:07:41+00:00", "2022-11-25T16:12:17+00:00", "2022-11-25T16:16:17+00:00", "2022-11-25T16:19:25+00:00", "2022-11-25T16:22:17+00:00", "2022-11-25T16:25:08+00:00", "2022-11-25T16:29:17+00:00", "2022-11-25T16:33:11+00:00", "2022-11-25T16:38:17+00:00", "2022-11-25T16:43:17+00:00", "2022-11-25T16:48:17+00:00", "2022-11-25T16:52:17+00:00", "2022-11-25T16:56:11+00:00", "2022-11-25T16:59:29+00:00", "2022-11-25T17:02:43+00:00", "2022-11-25T17:06:26+00:00", "2022-11-25T17:10:26+00:00", "2022-11-25T17:15:15+00:00", "2022-11-25T17:18:26+00:00", "2022-11-25T17:23:00+00:00", "2022-11-25T17:27:07+00:00", "2022-11-25T17:30:26+00:00", "2022-11-25T17:33:34+00:00", "2022-11-25T17:37:26+00:00", "2022-11-25T17:41:26+00:00", "2022-11-25T17:45:32+00:00", "2022-11-25T17:49:26+00:00", "2022-11-25T17:53:00+00:00", "2022-11-25T17:55:26+00:00", "2022-11-25T17:59:26+00:00", "2022-11-25T18:02:48+00:00", "2022-11-25T18:05:13+00:00", "2022-11-25T18:07:30+00:00", "2022-11-25T18:11:26+00:00", "2022-11-25T18:14:21+00:00", "2022-11-25T18:17:22+00:00", "2022-11-25T18:20:52+00:00", "2022-11-25T18:23:38+00:00", "2022-11-25T18:26:41+00:00", "2022-11-25T18:29:23+00:00", "2022-11-25T18:32:49+00:00", "2022-11-25T18:35:27+00:00", "2022-11-25T18:38:04+00:00", "2022-11-25T18:42:27+00:00", "2022-11-25T18:46:27+00:00", "2022-11-25T18:50:27+00:00", "2022-11-25T18:53:00+00:00", "2022-11-25T18:55:54+00:00", "2022-11-25T18:59:12+00:00", "2022-11-25T19:01:57+00:00", "2022-11-25T19:04:39+00:00", "2022-11-25T19:07:23+00:00", "2022-11-25T19:10:10+00:00", "2022-11-25T19:13:32+00:00", "2022-11-25T19:16:14+00:00", "2022-11-25T19:21:13+00:00", "2022-11-25T19:24:27+00:00", "2022-11-25T19:29:27+00:00", "2022-11-25T19:32:42+00:00", "2022-11-25T19:37:20+00:00", "2022-11-25T19:41:27+00:00", "2022-11-25T19:45:59+00:00", "2022-11-25T19:51:25+00:00", "2022-11-25T19:55:32+00:00", "2022-11-25T19:59:16+00:00", "2022-11-25T20:03:14+00:00", "2022-11-25T20:06:38+00:00", "2022-11-25T20:13:38+00:00", "2022-11-25T20:18:05+00:00", "2022-11-25T20:23:00+00:00", "2022-11-25T20:26:46+00:00", "2022-11-25T20:30:06+00:00", "2022-11-25T20:33:15+00:00", "2022-11-25T20:36:47+00:00", "2022-11-25T20:40:24+00:00", "2022-11-25T20:43:29+00:00", "2022-11-25T20:47:44+00:00", "2022-11-25T20:51:44+00:00", "2022-11-25T20:55:13+00:00", "2022-11-25T20:58:55+00:00", "2022-11-25T21:02:53+00:00", "2022-11-25T21:06:44+00:00", "2022-11-25T21:09:44+00:00", "2022-11-25T21:13:44+00:00", "2022-11-25T21:17:44+00:00", "2022-11-25T21:21:44+00:00", "2022-11-25T21:25:44+00:00", "2022-11-25T21:29:06+00:00", "2022-11-25T21:32:44+00:00", "2022-11-25T21:35:53+00:00", "2022-11-25T21:40:44+00:00", "2022-11-25T21:43:44+00:00", "2022-11-25T21:46:44+00:00", "2022-11-25T21:50:35+00:00", "2022-11-25T21:53:29+00:00", "2022-11-25T21:56:44+00:00", "2022-11-25T21:59:49+00:00", "2022-11-25T22:03:48+00:00", "2022-11-25T22:07:15+00:00", "2022-11-25T22:10:32+00:00", "2022-11-25T22:13:48+00:00", "2022-11-25T22:16:48+00:00", "2022-11-25T22:20:26+00:00", "2022-11-25T22:23:27+00:00", "2022-11-25T22:27:48+00:00", "2022-11-25T22:31:48+00:00", "2022-11-25T22:35:07+00:00", "2022-11-25T22:38:17+00:00", "2022-11-25T22:41:40+00:00", "2022-11-25T22:44:30+00:00", "2022-11-25T22:47:24+00:00", "2022-11-25T22:51:11+00:00", "2022-11-25T22:54:48+00:00", "2022-11-25T22:57:55+00:00", "2022-11-25T23:03:11+00:00", "2022-11-25T23:06:16+00:00", "2022-11-25T23:09:48+00:00", "2022-11-25T23:13:15+00:00", "2022-11-25T23:17:41+00:00", "2022-11-25T23:20:10+00:00", "2022-11-25T23:24:48+00:00", "2022-11-25T23:28:07+00:00", "2022-11-25T23:31:36+00:00", "2022-11-25T23:34:56+00:00", "2022-11-25T23:38:48+00:00", "2022-11-25T23:43:14+00:00", "2022-11-25T23:46:51+00:00", "2022-11-25T23:51:19+00:00", "2022-11-25T23:54:51+00:00", "2022-11-25T23:58:51+00:00", "2022-11-26T00:02:05+00:00", "2022-11-26T00:05:41+00:00", "2022-11-26T00:08:51+00:00", "2022-11-26T00:12:51+00:00", "2022-11-26T00:15:35+00:00", "2022-11-26T00:18:51+00:00", "2022-11-26T00:22:51+00:00", "2022-11-26T00:26:24+00:00", "2022-11-26T00:29:51+00:00", "2022-11-26T00:33:15+00:00", "2022-11-26T00:37:30+00:00", "2022-11-26T00:39:51+00:00", "2022-11-26T00:43:39+00:00", "2022-11-26T00:46:56+00:00", "2022-11-26T00:49:51+00:00", "2022-11-26T00:53:09+00:00", "2022-11-26T00:56:51+00:00", "2022-11-26T01:00:07+00:00", "2022-11-26T01:03:15+00:00", "2022-11-26T01:07:28+00:00", "2022-11-26T01:11:51+00:00", "2022-11-26T01:14:50+00:00", "2022-11-26T01:18:51+00:00", "2022-11-26T01:21:51+00:00", "2022-11-26T01:25:18+00:00", "2022-11-26T01:28:43+00:00", "2022-11-26T01:31:51+00:00", "2022-11-26T01:34:51+00:00", "2022-11-26T01:38:50+00:00", "2022-11-26T01:42:07+00:00", "2022-11-26T01:46:02+00:00", "2022-11-26T01:49:12+00:00", "2022-11-26T01:53:15+00:00", "2022-11-26T01:56:52+00:00", "2022-11-26T01:59:52+00:00", "2022-11-26T02:03:52+00:00", "2022-11-26T02:08:28+00:00", "2022-11-26T02:12:11+00:00", "2022-11-26T02:15:30+00:00", "2022-11-26T02:18:52+00:00", "2022-11-26T02:22:20+00:00", "2022-11-26T02:25:14+00:00", "2022-11-26T02:28:49+00:00", "2022-11-26T02:32:41+00:00", "2022-11-26T02:35:56+00:00", "2022-11-26T02:38:56+00:00", "2022-11-26T02:42:03+00:00", "2022-11-26T02:45:56+00:00", "2022-11-26T02:48:56+00:00", "2022-11-26T02:52:03+00:00", "2022-11-26T02:54:56+00:00", "2022-11-26T02:57:56+00:00", "2022-11-26T03:00:56+00:00", "2022-11-26T03:04:08+00:00", "2022-11-26T03:06:57+00:00", "2022-11-26T03:11:45+00:00", "2022-11-26T03:14:38+00:00", "2022-11-26T03:18:57+00:00", "2022-11-26T03:22:57+00:00", "2022-11-26T03:25:13+00:00", "2022-11-26T03:29:16+00:00", "2022-11-26T03:32:57+00:00", "2022-11-26T03:35:21+00:00", "2022-11-26T03:37:57+00:00", "2022-11-26T03:40:43+00:00", "2022-11-26T03:43:12+00:00", "2022-11-26T03:45:45+00:00", "2022-11-26T03:48:34+00:00", "2022-11-26T03:50:57+00:00", "2022-11-26T03:54:21+00:00", "2022-11-26T03:56:57+00:00", "2022-11-26T03:59:57+00:00", "2022-11-26T04:03:57+00:00", "2022-11-26T04:06:47+00:00", "2022-11-26T04:09:57+00:00", "2022-11-26T04:14:02+00:00", "2022-11-26T04:17:07+00:00", "2022-11-26T04:20:02+00:00", "2022-11-26T04:23:02+00:00", "2022-11-26T04:26:27+00:00", "2022-11-26T04:31:21+00:00", "2022-11-26T04:36:02+00:00", "2022-11-26T04:40:52+00:00", "2022-11-26T04:44:02+00:00", "2022-11-26T04:48:44+00:00", "2022-11-26T04:52:02+00:00", "2022-11-26T04:56:02+00:00", "2022-11-26T05:00:03+00:00", "2022-11-26T05:05:07+00:00", "2022-11-26T05:10:07+00:00", "2022-11-26T05:14:56+00:00", "2022-11-26T05:19:07+00:00", "2022-11-26T05:23:30+00:00", "2022-11-26T05:28:07+00:00", "2022-11-26T05:32:32+00:00", "2022-11-26T05:37:07+00:00", "2022-11-26T05:41:07+00:00", "2022-11-26T05:45:07+00:00", "2022-11-26T05:49:44+00:00", "2022-11-26T05:54:08+00:00", "2022-11-26T05:59:08+00:00", "2022-11-26T06:03:30+00:00", "2022-11-26T06:08:08+00:00", "2022-11-26T06:13:30+00:00", "2022-11-26T06:18:08+00:00", "2022-11-26T06:22:07+00:00", "2022-11-26T06:26:08+00:00", "2022-11-26T06:30:08+00:00", "2022-11-26T06:35:08+00:00", "2022-11-26T06:39:08+00:00", "2022-11-26T06:43:30+00:00", "2022-11-26T06:47:21+00:00", "2022-11-26T06:52:08+00:00", "2022-11-26T06:56:45+00:00", "2022-11-26T07:02:08+00:00", "2022-11-26T07:06:08+00:00", "2022-11-26T07:11:08+00:00", "2022-11-26T07:16:08+00:00", "2022-11-26T07:20:55+00:00", "2022-11-26T07:25:13+00:00", "2022-11-26T07:30:11+00:00", "2022-11-26T07:34:18+00:00", "2022-11-26T07:38:11+00:00", "2022-11-26T07:43:11+00:00", "2022-11-26T07:47:11+00:00", "2022-11-26T07:51:32+00:00", "2022-11-26T07:56:11+00:00", "2022-11-26T08:01:11+00:00", "2022-11-26T08:06:11+00:00", "2022-11-26T08:11:12+00:00", "2022-11-26T08:16:12+00:00", "2022-11-26T08:21:12+00:00", "2022-11-26T08:26:02+00:00", "2022-11-26T08:30:36+00:00", "2022-11-26T08:35:02+00:00", "2022-11-26T08:39:33+00:00", "2022-11-26T08:44:13+00:00", "2022-11-26T08:49:13+00:00", "2022-11-26T08:55:18+00:00", "2022-11-26T09:00:39+00:00", "2022-11-26T09:05:18+00:00", "2022-11-26T09:11:48+00:00", "2022-11-26T09:19:18+00:00", "2022-11-26T09:23:45+00:00", "2022-11-26T09:27:38+00:00", "2022-11-26T09:32:18+00:00", "2022-11-26T09:37:10+00:00", "2022-11-26T09:41:21+00:00", "2022-11-26T09:45:21+00:00", "2022-11-26T09:49:33+00:00", "2022-11-26T09:53:45+00:00", "2022-11-26T09:57:21+00:00", "2022-11-26T10:02:21+00:00", "2022-11-26T10:06:21+00:00", "2022-11-26T10:10:21+00:00", "2022-11-26T10:15:21+00:00", "2022-11-26T10:20:21+00:00", "2022-11-26T10:24:15+00:00", "2022-11-26T10:27:28+00:00", "2022-11-26T10:32:21+00:00", "2022-11-26T10:35:21+00:00", "2022-11-26T10:39:21+00:00", "2022-11-26T10:43:45+00:00", "2022-11-26T10:47:59+00:00", "2022-11-26T10:52:12+00:00", "2022-11-26T10:55:28+00:00", "2022-11-26T10:59:41+00:00", "2022-11-26T11:03:45+00:00", "2022-11-26T11:08:12+00:00", "2022-11-26T11:11:29+00:00", "2022-11-26T11:15:58+00:00", "2022-11-26T11:20:21+00:00", "2022-11-26T11:24:21+00:00", "2022-11-26T11:29:21+00:00", "2022-11-26T11:32:46+00:00", "2022-11-26T11:36:30+00:00", "2022-11-26T11:41:21+00:00", "2022-11-26T11:45:37+00:00", "2022-11-26T11:50:06+00:00", "2022-11-26T11:54:00+00:00", "2022-11-26T11:58:01+00:00", "2022-11-26T12:01:21+00:00", "2022-11-26T12:05:03+00:00", "2022-11-26T12:10:52+00:00", "2022-11-26T12:15:29+00:00", "2022-11-26T12:22:21+00:00", "2022-11-26T12:28:21+00:00", "2022-11-26T12:34:21+00:00", "2022-11-26T12:41:21+00:00", "2022-11-26T12:48:21+00:00", "2022-11-26T12:56:21+00:00", "2022-11-26T13:03:07+00:00", "2022-11-26T13:08:21+00:00", "2022-11-26T13:12:54+00:00", "2022-11-26T13:20:05+00:00", "2022-11-26T13:26:21+00:00", "2022-11-26T13:31:45+00:00", "2022-11-26T13:36:21+00:00", "2022-11-26T13:39:21+00:00", "2022-11-26T13:43:21+00:00", "2022-11-26T13:47:08+00:00", "2022-11-26T13:50:35+00:00", "2022-11-26T13:54:00+00:00", "2022-11-26T13:57:22+00:00", "2022-11-26T14:00:35+00:00", "2022-11-26T14:03:32+00:00", "2022-11-26T14:07:14+00:00", "2022-11-26T14:11:03+00:00", "2022-11-26T14:14:22+00:00", "2022-11-26T14:17:49+00:00", "2022-11-26T14:21:22+00:00", "2022-11-26T14:24:44+00:00", "2022-11-26T14:28:57+00:00", "2022-11-26T14:32:22+00:00", "2022-11-26T14:36:22+00:00", "2022-11-26T14:38:57+00:00", "2022-11-26T14:41:46+00:00", "2022-11-26T14:45:22+00:00", "2022-11-26T14:48:41+00:00", "2022-11-26T14:51:59+00:00", "2022-11-26T14:54:53+00:00", "2022-11-26T14:58:36+00:00", "2022-11-26T15:02:22+00:00", "2022-11-26T15:05:22+00:00", "2022-11-26T15:08:53+00:00", "2022-11-26T15:12:39+00:00", "2022-11-26T15:15:32+00:00", "2022-11-26T15:19:23+00:00", "2022-11-26T15:23:17+00:00", "2022-11-26T15:25:42+00:00", "2022-11-26T15:29:23+00:00", "2022-11-26T15:33:23+00:00", "2022-11-26T15:37:11+00:00", "2022-11-26T15:40:23+00:00", "2022-11-26T15:44:23+00:00", "2022-11-26T15:48:23+00:00", "2022-11-26T15:52:23+00:00", "2022-11-26T15:56:23+00:00", "2022-11-26T16:00:17+00:00", "2022-11-26T16:04:00+00:00", "2022-11-26T16:07:20+00:00", "2022-11-26T16:11:11+00:00", "2022-11-26T16:14:23+00:00", "2022-11-26T16:17:23+00:00", "2022-11-26T16:21:23+00:00", "2022-11-26T16:24:20+00:00", "2022-11-26T16:28:23+00:00", "2022-11-26T16:32:23+00:00", "2022-11-26T16:37:23+00:00", "2022-11-26T16:40:34+00:00", "2022-11-26T16:44:15+00:00", "2022-11-26T16:47:57+00:00", "2022-11-26T16:51:35+00:00", "2022-11-26T16:56:23+00:00", "2022-11-26T17:00:23+00:00", "2022-11-26T17:04:15+00:00", "2022-11-26T17:07:50+00:00", "2022-11-26T17:12:12+00:00", "2022-11-26T17:15:50+00:00", "2022-11-26T17:20:20+00:00", "2022-11-26T17:23:49+00:00", "2022-11-26T17:27:58+00:00", "2022-11-26T17:31:27+00:00", "2022-11-26T17:35:27+00:00", "2022-11-26T17:39:27+00:00", "2022-11-26T17:43:57+00:00", "2022-11-26T17:47:27+00:00", "2022-11-26T17:52:08+00:00", "2022-11-26T17:56:27+00:00", "2022-11-26T18:00:55+00:00", "2022-11-26T18:04:40+00:00", "2022-11-26T18:10:27+00:00", "2022-11-26T18:15:27+00:00", "2022-11-26T18:20:27+00:00", "2022-11-26T18:25:27+00:00", "2022-11-26T18:31:27+00:00", "2022-11-26T18:36:27+00:00", "2022-11-26T18:41:27+00:00", "2022-11-26T18:46:27+00:00", "2022-11-26T18:51:39+00:00", "2022-11-26T18:57:27+00:00", "2022-11-26T19:02:39+00:00", "2022-11-26T19:09:27+00:00", "2022-11-26T19:14:18+00:00", "2022-11-26T19:20:01+00:00", "2022-11-26T19:24:34+00:00", "2022-11-26T19:29:28+00:00", "2022-11-26T19:34:10+00:00", "2022-11-26T19:39:28+00:00", "2022-11-26T19:44:15+00:00", "2022-11-26T19:49:28+00:00", "2022-11-26T19:54:46+00:00", "2022-11-26T20:00:45+00:00", "2022-11-26T20:06:28+00:00", "2022-11-26T20:12:28+00:00", "2022-11-26T20:19:53+00:00", "2022-11-26T20:26:29+00:00", "2022-11-26T20:33:29+00:00", "2022-11-26T20:41:34+00:00", "2022-11-26T20:50:29+00:00", "2022-11-26T20:57:29+00:00", "2022-11-26T21:05:29+00:00", "2022-11-26T21:13:29+00:00", "2022-11-26T21:22:29+00:00", "2022-11-26T21:30:29+00:00", "2022-11-26T21:37:29+00:00", "2022-11-26T21:44:55+00:00", "2022-11-26T21:51:29+00:00", "2022-11-26T21:59:29+00:00", "2022-11-26T22:05:32+00:00", "2022-11-26T22:11:27+00:00", "2022-11-26T22:14:29+00:00", "2022-11-26T22:19:28+00:00", "2022-11-26T22:23:29+00:00", "2022-11-26T22:26:16+00:00", "2022-11-26T22:29:29+00:00", "2022-11-26T22:33:29+00:00", "2022-11-26T22:35:40+00:00", "2022-11-26T22:39:14+00:00", "2022-11-26T22:43:29+00:00", "2022-11-26T22:46:29+00:00", "2022-11-26T22:50:29+00:00", "2022-11-26T22:54:29+00:00", "2022-11-26T22:58:29+00:00", "2022-11-26T23:01:57+00:00", "2022-11-26T23:04:52+00:00", "2022-11-26T23:08:02+00:00", "2022-11-26T23:11:24+00:00", "2022-11-26T23:14:29+00:00", "2022-11-26T23:18:05+00:00", "2022-11-26T23:21:29+00:00", "2022-11-26T23:25:02+00:00", "2022-11-26T23:27:40+00:00", "2022-11-26T23:31:22+00:00", "2022-11-26T23:34:12+00:00", "2022-11-26T23:37:22+00:00", "2022-11-26T23:40:36+00:00", "2022-11-26T23:42:54+00:00", "2022-11-26T23:46:53+00:00", "2022-11-26T23:50:03+00:00", "2022-11-26T23:52:36+00:00", "2022-11-26T23:55:36+00:00", "2022-11-26T23:58:40+00:00", "2022-11-27T00:01:36+00:00", "2022-11-27T00:04:40+00:00", "2022-11-27T00:07:36+00:00", "2022-11-27T00:09:36+00:00", "2022-11-27T00:13:36+00:00", "2022-11-27T00:16:36+00:00", "2022-11-27T00:19:36+00:00", "2022-11-27T00:22:36+00:00", "2022-11-27T00:26:09+00:00", "2022-11-27T00:28:59+00:00", "2022-11-27T00:31:36+00:00", "2022-11-27T00:36:04+00:00", "2022-11-27T00:39:36+00:00", "2022-11-27T00:43:09+00:00", "2022-11-27T00:46:36+00:00", "2022-11-27T00:49:55+00:00", "2022-11-27T00:53:36+00:00", "2022-11-27T00:56:55+00:00", "2022-11-27T01:00:36+00:00", "2022-11-27T01:04:39+00:00", "2022-11-27T01:08:09+00:00", "2022-11-27T01:12:08+00:00", "2022-11-27T01:14:58+00:00", "2022-11-27T01:19:02+00:00", "2022-11-27T01:23:36+00:00", "2022-11-27T01:27:36+00:00", "2022-11-27T01:30:36+00:00", "2022-11-27T01:34:30+00:00", "2022-11-27T01:37:49+00:00", "2022-11-27T01:42:16+00:00", "2022-11-27T01:45:42+00:00", "2022-11-27T01:48:57+00:00", "2022-11-27T01:52:36+00:00", "2022-11-27T01:56:37+00:00", "2022-11-27T02:00:26+00:00", "2022-11-27T02:03:37+00:00", "2022-11-27T02:07:37+00:00", "2022-11-27T02:10:37+00:00", "2022-11-27T02:14:25+00:00", "2022-11-27T02:16:39+00:00", "2022-11-27T02:19:39+00:00", "2022-11-27T02:22:39+00:00", "2022-11-27T02:26:47+00:00", "2022-11-27T02:30:25+00:00", "2022-11-27T02:33:38+00:00", "2022-11-27T02:37:57+00:00", "2022-11-27T02:42:28+00:00", "2022-11-27T02:46:38+00:00", "2022-11-27T02:50:41+00:00", "2022-11-27T02:54:37+00:00", "2022-11-27T02:58:44+00:00", "2022-11-27T03:03:41+00:00", "2022-11-27T03:07:42+00:00", "2022-11-27T03:11:42+00:00", "2022-11-27T03:15:42+00:00", "2022-11-27T03:20:44+00:00", "2022-11-27T03:24:10+00:00", "2022-11-27T03:28:44+00:00", "2022-11-27T03:33:44+00:00", "2022-11-27T03:38:44+00:00", "2022-11-27T03:42:43+00:00", "2022-11-27T03:46:44+00:00", "2022-11-27T03:52:43+00:00", "2022-11-27T03:55:43+00:00", "2022-11-27T04:00:44+00:00", "2022-11-27T04:05:03+00:00", "2022-11-27T04:09:44+00:00", "2022-11-27T04:13:44+00:00", "2022-11-27T04:17:43+00:00", "2022-11-27T04:21:45+00:00", "2022-11-27T04:26:21+00:00", "2022-11-27T04:30:43+00:00", "2022-11-27T04:34:45+00:00", "2022-11-27T04:41:07+00:00", "2022-11-27T04:44:45+00:00", "2022-11-27T04:48:48+00:00", "2022-11-27T04:52:53+00:00", "2022-11-27T04:58:26+00:00", "2022-11-27T05:02:20+00:00", "2022-11-27T05:06:48+00:00", "2022-11-27T05:10:11+00:00", "2022-11-27T05:13:49+00:00", "2022-11-27T05:17:49+00:00", "2022-11-27T05:21:49+00:00", "2022-11-27T05:25:10+00:00", "2022-11-27T05:29:21+00:00", "2022-11-27T05:32:51+00:00", "2022-11-27T05:36:51+00:00", "2022-11-27T05:41:51+00:00", "2022-11-27T05:46:51+00:00", "2022-11-27T05:50:51+00:00", "2022-11-27T05:53:57+00:00", "2022-11-27T05:57:51+00:00", "2022-11-27T06:02:08+00:00", "2022-11-27T06:05:51+00:00", "2022-11-27T06:08:57+00:00", "2022-11-27T06:13:02+00:00", "2022-11-27T06:16:51+00:00", "2022-11-27T06:21:51+00:00", "2022-11-27T06:24:58+00:00", "2022-11-27T06:28:50+00:00", "2022-11-27T06:32:24+00:00", "2022-11-27T06:35:47+00:00", "2022-11-27T06:39:51+00:00", "2022-11-27T06:43:53+00:00", "2022-11-27T06:47:51+00:00", "2022-11-27T06:50:52+00:00", "2022-11-27T06:55:52+00:00", "2022-11-27T06:59:51+00:00", "2022-11-27T07:02:59+00:00", "2022-11-27T07:07:53+00:00", "2022-11-27T07:11:57+00:00", "2022-11-27T07:16:00+00:00", "2022-11-27T07:18:52+00:00", "2022-11-27T07:23:28+00:00", "2022-11-27T07:27:56+00:00", "2022-11-27T07:30:56+00:00", "2022-11-27T07:35:38+00:00", "2022-11-27T07:40:43+00:00", "2022-11-27T07:44:56+00:00", "2022-11-27T07:48:48+00:00", "2022-11-27T07:52:58+00:00", "2022-11-27T07:57:54+00:00", "2022-11-27T08:01:59+00:00", "2022-11-27T08:06:11+00:00", "2022-11-27T08:10:25+00:00", "2022-11-27T08:15:00+00:00", "2022-11-27T08:18:45+00:00", "2022-11-27T08:22:03+00:00", "2022-11-27T08:26:16+00:00", "2022-11-27T08:30:58+00:00", "2022-11-27T08:33:48+00:00", "2022-11-27T08:37:05+00:00", "2022-11-27T08:41:07+00:00", "2022-11-27T08:44:28+00:00", "2022-11-27T08:47:54+00:00", "2022-11-27T08:51:04+00:00", "2022-11-27T08:55:00+00:00", "2022-11-27T09:02:08+00:00", "2022-11-27T09:08:11+00:00", "2022-11-27T09:12:14+00:00", "2022-11-27T09:15:43+00:00", "2022-11-27T09:19:04+00:00", "2022-11-27T09:22:52+00:00", "2022-11-27T09:27:04+00:00", "2022-11-27T09:30:22+00:00", "2022-11-27T09:34:04+00:00", "2022-11-27T09:37:04+00:00", "2022-11-27T09:40:20+00:00", "2022-11-27T09:43:54+00:00", "2022-11-27T09:49:04+00:00", "2022-11-27T09:53:04+00:00", "2022-11-27T09:58:04+00:00", "2022-11-27T10:01:50+00:00", "2022-11-27T10:05:49+00:00", "2022-11-27T10:09:04+00:00", "2022-11-27T10:12:04+00:00", "2022-11-27T10:16:04+00:00", "2022-11-27T10:21:04+00:00", "2022-11-27T10:25:18+00:00", "2022-11-27T10:30:04+00:00", "2022-11-27T10:34:04+00:00", "2022-11-27T10:37:04+00:00", "2022-11-27T10:42:04+00:00", "2022-11-27T10:46:04+00:00", "2022-11-27T10:51:04+00:00", "2022-11-27T10:53:50+00:00", "2022-11-27T10:57:49+00:00", "2022-11-27T11:00:04+00:00", "2022-11-27T11:02:56+00:00", "2022-11-27T11:05:54+00:00", "2022-11-27T11:08:04+00:00", "2022-11-27T11:12:04+00:00", "2022-11-27T11:15:13+00:00", "2022-11-27T11:18:04+00:00", "2022-11-27T11:20:26+00:00", "2022-11-27T11:23:19+00:00", "2022-11-27T11:25:17+00:00", "2022-11-27T11:27:35+00:00", "2022-11-27T11:30:04+00:00", "2022-11-27T11:33:21+00:00", "2022-11-27T11:37:04+00:00", "2022-11-27T11:41:04+00:00", "2022-11-27T11:44:04+00:00", "2022-11-27T11:46:51+00:00", "2022-11-27T11:50:04+00:00", "2022-11-27T11:54:00+00:00", "2022-11-27T11:58:04+00:00", "2022-11-27T12:01:04+00:00", "2022-11-27T12:04:04+00:00", "2022-11-27T12:07:04+00:00", "2022-11-27T12:11:04+00:00", "2022-11-27T12:14:04+00:00", "2022-11-27T12:16:31+00:00", "2022-11-27T12:19:04+00:00", "2022-11-27T12:21:04+00:00", "2022-11-27T12:24:32+00:00", "2022-11-27T12:27:30+00:00", "2022-11-27T12:30:32+00:00", "2022-11-27T12:34:04+00:00", "2022-11-27T12:36:30+00:00", "2022-11-27T12:39:24+00:00", "2022-11-27T12:43:04+00:00", "2022-11-27T12:45:44+00:00", "2022-11-27T12:48:04+00:00", "2022-11-27T12:52:13+00:00", "2022-11-27T12:55:11+00:00", "2022-11-27T12:58:04+00:00", "2022-11-27T13:01:04+00:00", "2022-11-27T13:05:04+00:00", "2022-11-27T13:08:04+00:00", "2022-11-27T13:11:04+00:00", "2022-11-27T13:14:04+00:00", "2022-11-27T13:18:04+00:00", "2022-11-27T13:21:12+00:00", "2022-11-27T13:25:04+00:00", "2022-11-27T13:28:39+00:00", "2022-11-27T13:31:21+00:00", "2022-11-27T13:34:04+00:00", "2022-11-27T13:37:04+00:00", "2022-11-27T13:40:04+00:00", "2022-11-27T13:42:04+00:00", "2022-11-27T13:44:59+00:00", "2022-11-27T13:47:04+00:00", "2022-11-27T13:49:49+00:00", "2022-11-27T13:52:30+00:00", "2022-11-27T13:55:04+00:00", "2022-11-27T13:57:41+00:00", "2022-11-27T13:59:42+00:00", "2022-11-27T14:02:04+00:00", "2022-11-27T14:03:44+00:00", "2022-11-27T14:05:38+00:00", "2022-11-27T14:07:52+00:00", "2022-11-27T14:10:09+00:00", "2022-11-27T14:13:43+00:00", "2022-11-27T14:15:24+00:00", "2022-11-27T14:18:13+00:00", "2022-11-27T14:21:04+00:00", "2022-11-27T14:24:04+00:00", "2022-11-27T14:25:24+00:00", "2022-11-27T14:27:57+00:00", "2022-11-27T14:30:14+00:00", "2022-11-27T14:32:20+00:00", "2022-11-27T14:34:04+00:00", "2022-11-27T14:36:03+00:00", "2022-11-27T14:39:04+00:00", "2022-11-27T14:42:04+00:00", "2022-11-27T14:44:41+00:00", "2022-11-27T14:47:04+00:00", "2022-11-27T14:49:44+00:00", "2022-11-27T14:53:04+00:00", "2022-11-27T14:57:04+00:00", "2022-11-27T15:01:21+00:00", "2022-11-27T15:06:22+00:00", "2022-11-27T15:11:30+00:00", "2022-11-27T15:15:15+00:00", "2022-11-27T15:18:03+00:00", "2022-11-27T15:22:04+00:00", "2022-11-27T15:25:15+00:00", "2022-11-27T15:29:04+00:00", "2022-11-27T15:33:04+00:00", "2022-11-27T15:37:04+00:00", "2022-11-27T15:41:36+00:00", "2022-11-27T15:45:04+00:00", "2022-11-27T15:49:04+00:00", "2022-11-27T15:53:04+00:00", "2022-11-27T15:56:19+00:00", "2022-11-27T15:59:41+00:00", "2022-11-27T16:03:46+00:00", "2022-11-27T16:06:32+00:00", "2022-11-27T16:08:54+00:00", "2022-11-27T16:11:08+00:00", "2022-11-27T16:13:30+00:00", "2022-11-27T16:16:04+00:00", "2022-11-27T16:20:04+00:00", "2022-11-27T16:24:04+00:00", "2022-11-27T16:28:29+00:00", "2022-11-27T16:33:04+00:00", "2022-11-27T16:37:04+00:00", "2022-11-27T16:41:04+00:00", "2022-11-27T16:44:33+00:00", "2022-11-27T16:46:55+00:00", "2022-11-27T16:50:44+00:00", "2022-11-27T16:53:04+00:00", "2022-11-27T16:57:40+00:00", "2022-11-27T17:01:12+00:00", "2022-11-27T17:04:04+00:00", "2022-11-27T17:07:04+00:00", "2022-11-27T17:10:28+00:00", "2022-11-27T17:13:28+00:00", "2022-11-27T17:16:04+00:00", "2022-11-27T17:19:04+00:00", "2022-11-27T17:21:59+00:00", "2022-11-27T17:25:04+00:00", "2022-11-27T17:27:36+00:00", "2022-11-27T17:30:19+00:00", "2022-11-27T17:34:04+00:00", "2022-11-27T17:37:04+00:00", "2022-11-27T17:40:04+00:00", "2022-11-27T17:43:35+00:00", "2022-11-27T17:46:08+00:00", "2022-11-27T17:48:30+00:00", "2022-11-27T17:51:06+00:00", "2022-11-27T17:53:52+00:00", "2022-11-27T17:55:57+00:00", "2022-11-27T17:58:22+00:00", "2022-11-27T18:01:06+00:00", "2022-11-27T18:04:06+00:00", "2022-11-27T18:07:06+00:00", "2022-11-27T18:10:06+00:00", "2022-11-27T18:13:08+00:00", "2022-11-27T18:16:08+00:00", "2022-11-27T18:19:13+00:00", "2022-11-27T18:21:47+00:00", "2022-11-27T18:24:52+00:00", "2022-11-27T18:27:26+00:00", "2022-11-27T18:30:08+00:00", "2022-11-27T18:33:08+00:00", "2022-11-27T18:36:08+00:00", "2022-11-27T18:40:11+00:00", "2022-11-27T18:43:11+00:00", "2022-11-27T18:46:11+00:00", "2022-11-27T18:50:11+00:00", "2022-11-27T18:53:11+00:00", "2022-11-27T18:56:17+00:00", "2022-11-27T18:59:51+00:00", "2022-11-27T19:04:02+00:00", "2022-11-27T19:07:13+00:00", "2022-11-27T19:10:32+00:00", "2022-11-27T19:13:13+00:00", "2022-11-27T19:16:13+00:00", "2022-11-27T19:18:53+00:00", "2022-11-27T19:21:38+00:00", "2022-11-27T19:25:01+00:00", "2022-11-27T19:27:34+00:00", "2022-11-27T19:31:09+00:00", "2022-11-27T19:34:11+00:00", "2022-11-27T19:36:44+00:00", "2022-11-27T19:39:59+00:00", "2022-11-27T19:42:21+00:00", "2022-11-27T19:45:59+00:00", "2022-11-27T19:49:05+00:00", "2022-11-27T19:51:52+00:00", "2022-11-27T19:55:13+00:00", "2022-11-27T19:57:58+00:00", "2022-11-27T20:01:13+00:00", "2022-11-27T20:04:13+00:00", "2022-11-27T20:07:13+00:00", "2022-11-27T20:10:18+00:00", "2022-11-27T20:13:23+00:00", "2022-11-27T20:16:18+00:00", "2022-11-27T20:21:18+00:00", "2022-11-27T20:25:18+00:00", "2022-11-27T20:30:18+00:00", "2022-11-27T20:33:38+00:00", "2022-11-27T20:36:18+00:00", "2022-11-27T20:39:56+00:00", "2022-11-27T20:43:22+00:00", "2022-11-27T20:46:18+00:00", "2022-11-27T20:50:18+00:00", "2022-11-27T20:54:16+00:00", "2022-11-27T20:56:58+00:00", "2022-11-27T21:00:24+00:00", "2022-11-27T21:04:18+00:00", "2022-11-27T21:07:18+00:00", "2022-11-27T21:10:28+00:00", "2022-11-27T21:14:17+00:00", "2022-11-27T21:17:10+00:00", "2022-11-27T21:21:18+00:00", "2022-11-27T21:24:26+00:00", "2022-11-27T21:27:24+00:00", "2022-11-27T21:31:18+00:00", "2022-11-27T21:35:30+00:00", "2022-11-27T21:39:15+00:00", "2022-11-27T21:42:54+00:00", "2022-11-27T21:45:51+00:00", "2022-11-27T21:50:23+00:00", "2022-11-27T21:54:18+00:00", "2022-11-27T21:57:34+00:00", "2022-11-27T22:01:09+00:00", "2022-11-27T22:04:18+00:00", "2022-11-27T22:08:00+00:00", "2022-11-27T22:11:18+00:00", "2022-11-27T22:14:18+00:00", "2022-11-27T22:18:02+00:00", "2022-11-27T22:21:18+00:00", "2022-11-27T22:24:49+00:00", "2022-11-27T22:28:19+00:00", "2022-11-27T22:32:18+00:00", "2022-11-27T22:35:45+00:00", "2022-11-27T22:39:18+00:00", "2022-11-27T22:42:18+00:00", "2022-11-27T22:45:45+00:00", "2022-11-27T22:49:27+00:00", "2022-11-27T22:52:57+00:00", "2022-11-27T22:55:55+00:00", "2022-11-27T22:59:19+00:00", "2022-11-27T23:03:19+00:00", "2022-11-27T23:07:08+00:00", "2022-11-27T23:10:50+00:00", "2022-11-27T23:14:43+00:00", "2022-11-27T23:17:53+00:00", "2022-11-27T23:21:19+00:00", "2022-11-27T23:25:19+00:00", "2022-11-27T23:28:22+00:00", "2022-11-27T23:31:49+00:00", "2022-11-27T23:35:45+00:00", "2022-11-27T23:39:23+00:00", "2022-11-27T23:43:19+00:00", "2022-11-27T23:46:47+00:00", "2022-11-27T23:50:51+00:00", "2022-11-27T23:54:19+00:00", "2022-11-27T23:58:37+00:00", "2022-11-28T00:02:47+00:00", "2022-11-28T00:05:45+00:00", "2022-11-28T00:09:19+00:00", "2022-11-28T00:13:19+00:00", "2022-11-28T00:17:19+00:00", "2022-11-28T00:20:50+00:00", "2022-11-28T00:23:44+00:00", "2022-11-28T00:27:19+00:00", "2022-11-28T00:30:20+00:00", "2022-11-28T00:33:20+00:00", "2022-11-28T00:35:19+00:00", "2022-11-28T00:38:08+00:00", "2022-11-28T00:41:20+00:00", "2022-11-28T00:44:16+00:00", "2022-11-28T00:46:42+00:00", "2022-11-28T00:49:27+00:00", "2022-11-28T00:52:20+00:00", "2022-11-28T00:54:41+00:00", "2022-11-28T00:58:23+00:00", "2022-11-28T01:01:41+00:00", "2022-11-28T01:05:45+00:00", "2022-11-28T01:09:20+00:00", "2022-11-28T01:12:48+00:00", "2022-11-28T01:15:30+00:00", "2022-11-28T01:18:20+00:00", "2022-11-28T01:21:55+00:00", "2022-11-28T01:24:28+00:00", "2022-11-28T01:27:55+00:00", "2022-11-28T01:31:04+00:00", "2022-11-28T01:35:54+00:00", "2022-11-28T01:41:08+00:00", "2022-11-28T01:44:49+00:00", "2022-11-28T01:49:21+00:00", "2022-11-28T01:54:21+00:00", "2022-11-28T02:00:21+00:00", "2022-11-28T02:04:09+00:00", "2022-11-28T02:07:21+00:00", "2022-11-28T02:11:21+00:00", "2022-11-28T02:15:21+00:00", "2022-11-28T02:19:17+00:00", "2022-11-28T02:23:21+00:00", "2022-11-28T02:26:28+00:00", "2022-11-28T02:31:21+00:00", "2022-11-28T02:35:21+00:00", "2022-11-28T02:39:02+00:00", "2022-11-28T02:41:55+00:00", "2022-11-28T02:44:49+00:00", "2022-11-28T02:48:16+00:00", "2022-11-28T02:51:21+00:00", "2022-11-28T02:53:55+00:00", "2022-11-28T02:56:44+00:00", "2022-11-28T03:00:01+00:00", "2022-11-28T03:03:22+00:00", "2022-11-28T03:06:15+00:00", "2022-11-28T03:09:28+00:00", "2022-11-28T03:12:38+00:00", "2022-11-28T03:15:22+00:00", "2022-11-28T03:17:49+00:00", "2022-11-28T03:20:38+00:00", "2022-11-28T03:23:35+00:00", "2022-11-28T03:26:49+00:00", "2022-11-28T03:31:19+00:00", "2022-11-28T03:35:01+00:00", "2022-11-28T03:38:22+00:00", "2022-11-28T03:41:59+00:00", "2022-11-28T03:44:53+00:00", "2022-11-28T03:48:08+00:00", "2022-11-28T03:51:14+00:00", "2022-11-28T03:55:22+00:00", "2022-11-28T03:58:46+00:00", "2022-11-28T04:01:36+00:00", "2022-11-28T04:04:57+00:00", "2022-11-28T04:07:26+00:00", "2022-11-28T04:10:36+00:00", "2022-11-28T04:13:46+00:00", "2022-11-28T04:16:34+00:00", "2022-11-28T04:19:48+00:00", "2022-11-28T04:23:09+00:00", "2022-11-28T04:26:22+00:00", "2022-11-28T04:29:23+00:00", "2022-11-28T04:31:52+00:00", "2022-11-28T04:34:25+00:00", "2022-11-28T04:37:02+00:00", "2022-11-28T04:39:43+00:00", "2022-11-28T04:42:12+00:00", "2022-11-28T04:44:34+00:00", "2022-11-28T04:47:23+00:00", "2022-11-28T04:49:56+00:00", "2022-11-28T04:52:24+00:00", "2022-11-28T04:55:06+00:00", "2022-11-28T04:58:24+00:00", "2022-11-28T05:01:25+00:00", "2022-11-28T05:04:51+00:00", "2022-11-28T05:06:43+00:00", "2022-11-28T05:10:25+00:00", "2022-11-28T05:13:50+00:00", "2022-11-28T05:16:43+00:00", "2022-11-28T05:20:25+00:00", "2022-11-28T05:23:25+00:00", "2022-11-28T05:26:28+00:00", "2022-11-28T05:28:57+00:00", "2022-11-28T05:31:54+00:00", "2022-11-28T05:35:24+00:00", "2022-11-28T05:37:33+00:00", "2022-11-28T05:41:07+00:00", "2022-11-28T05:44:28+00:00", "2022-11-28T05:47:28+00:00", "2022-11-28T05:50:28+00:00", "2022-11-28T05:53:40+00:00", "2022-11-28T05:56:33+00:00", "2022-11-28T05:59:31+00:00", "2022-11-28T06:02:31+00:00", "2022-11-28T06:05:05+00:00", "2022-11-28T06:08:31+00:00", "2022-11-28T06:11:31+00:00", "2022-11-28T06:15:15+00:00", "2022-11-28T06:17:31+00:00", "2022-11-28T06:20:05+00:00", "2022-11-28T06:22:42+00:00", "2022-11-28T06:26:00+00:00", "2022-11-28T06:28:40+00:00", "2022-11-28T06:31:49+00:00", "2022-11-28T06:35:27+00:00", "2022-11-28T06:38:24+00:00", "2022-11-28T06:41:07+00:00", "2022-11-28T06:44:25+00:00", "2022-11-28T06:47:07+00:00", "2022-11-28T06:49:53+00:00", "2022-11-28T06:53:31+00:00", "2022-11-28T06:56:31+00:00", "2022-11-28T06:58:52+00:00", "2022-11-28T07:01:43+00:00", "2022-11-28T07:04:54+00:00", "2022-11-28T07:07:32+00:00", "2022-11-28T07:11:00+00:00", "2022-11-28T07:14:32+00:00", "2022-11-28T07:16:57+00:00", "2022-11-28T07:19:51+00:00", "2022-11-28T07:23:22+00:00", "2022-11-28T07:26:20+00:00", "2022-11-28T07:28:43+00:00", "2022-11-28T07:31:37+00:00", "2022-11-28T07:34:32+00:00", "2022-11-28T07:36:37+00:00", "2022-11-28T07:38:37+00:00", "2022-11-28T07:41:37+00:00", "2022-11-28T07:43:43+00:00", "2022-11-28T07:48:37+00:00", "2022-11-28T07:53:37+00:00", "2022-11-28T07:58:37+00:00", "2022-11-28T08:01:37+00:00", "2022-11-28T08:04:37+00:00", "2022-11-28T08:07:31+00:00", "2022-11-28T08:10:06+00:00", "2022-11-28T08:12:52+00:00", "2022-11-28T08:15:37+00:00", "2022-11-28T08:18:37+00:00", "2022-11-28T08:21:37+00:00", "2022-11-28T08:24:37+00:00", "2022-11-28T08:27:37+00:00", "2022-11-28T08:31:19+00:00", "2022-11-28T08:33:40+00:00", "2022-11-28T08:36:17+00:00", "2022-11-28T08:38:53+00:00", "2022-11-28T08:41:24+00:00", "2022-11-28T08:43:40+00:00", "2022-11-28T08:46:01+00:00", "2022-11-28T08:48:45+00:00", "2022-11-28T08:51:33+00:00", "2022-11-28T08:53:40+00:00", "2022-11-28T08:56:15+00:00", "2022-11-28T08:58:40+00:00", "2022-11-28T09:00:48+00:00", "2022-11-28T09:03:08+00:00", "2022-11-28T09:05:22+00:00", "2022-11-28T09:07:30+00:00", "2022-11-28T09:09:40+00:00", "2022-11-28T09:12:46+00:00", "2022-11-28T09:15:45+00:00", "2022-11-28T09:18:08+00:00", "2022-11-28T09:20:47+00:00", "2022-11-28T09:23:41+00:00", "2022-11-28T09:26:41+00:00", "2022-11-28T09:29:47+00:00", "2022-11-28T09:33:21+00:00", "2022-11-28T09:36:15+00:00", "2022-11-28T09:38:44+00:00", "2022-11-28T09:42:39+00:00", "2022-11-28T09:45:45+00:00", "2022-11-28T09:48:42+00:00", "2022-11-28T09:51:53+00:00", "2022-11-28T09:55:27+00:00", "2022-11-28T09:58:45+00:00", "2022-11-28T10:02:35+00:00", "2022-11-28T10:06:15+00:00", "2022-11-28T10:09:13+00:00", "2022-11-28T10:12:42+00:00", "2022-11-28T10:16:29+00:00", "2022-11-28T10:20:23+00:00", "2022-11-28T10:24:42+00:00", "2022-11-28T10:28:42+00:00", "2022-11-28T10:31:40+00:00", "2022-11-28T10:35:41+00:00", "2022-11-28T10:39:03+00:00", "2022-11-28T10:43:42+00:00", "2022-11-28T10:46:27+00:00", "2022-11-28T10:50:41+00:00", "2022-11-28T10:54:42+00:00", "2022-11-28T10:58:52+00:00", "2022-11-28T11:02:59+00:00", "2022-11-28T11:06:42+00:00", "2022-11-28T11:11:42+00:00", "2022-11-28T11:15:47+00:00", "2022-11-28T11:19:58+00:00", "2022-11-28T11:24:48+00:00", "2022-11-28T11:28:42+00:00", "2022-11-28T11:34:02+00:00", "2022-11-28T11:37:49+00:00", "2022-11-28T11:41:28+00:00", "2022-11-28T11:44:10+00:00", "2022-11-28T11:47:42+00:00", "2022-11-28T11:51:16+00:00", "2022-11-28T11:53:51+00:00", "2022-11-28T11:56:15+00:00", "2022-11-28T11:59:05+00:00", "2022-11-28T12:01:28+00:00", "2022-11-28T12:03:22+00:00", "2022-11-28T12:05:58+00:00", "2022-11-28T12:08:13+00:00", "2022-11-28T12:11:11+00:00", "2022-11-28T12:14:17+00:00", "2022-11-28T12:16:43+00:00", "2022-11-28T12:20:43+00:00", "2022-11-28T12:23:40+00:00", "2022-11-28T12:26:31+00:00", "2022-11-28T12:29:43+00:00", "2022-11-28T12:32:39+00:00", "2022-11-28T12:36:03+00:00", "2022-11-28T12:38:53+00:00", "2022-11-28T12:42:46+00:00", "2022-11-28T12:46:30+00:00", "2022-11-28T12:49:43+00:00", "2022-11-28T12:54:43+00:00", "2022-11-28T12:58:08+00:00", "2022-11-28T13:02:50+00:00", "2022-11-28T13:07:44+00:00", "2022-11-28T13:11:44+00:00", "2022-11-28T13:15:44+00:00", "2022-11-28T13:21:29+00:00", "2022-11-28T13:25:31+00:00", "2022-11-28T13:30:33+00:00", "2022-11-28T13:34:33+00:00", "2022-11-28T13:39:18+00:00", "2022-11-28T13:42:33+00:00", "2022-11-28T13:46:13+00:00", "2022-11-28T13:52:10+00:00", "2022-11-28T13:56:30+00:00", "2022-11-28T14:02:02+00:00", "2022-11-28T14:05:33+00:00", "2022-11-28T14:10:14+00:00", "2022-11-28T14:13:39+00:00", "2022-11-28T14:19:07+00:00", "2022-11-28T14:23:45+00:00", "2022-11-28T14:28:35+00:00", "2022-11-28T14:32:31+00:00", "2022-11-28T14:36:33+00:00", "2022-11-28T14:41:47+00:00", "2022-11-28T14:46:30+00:00", "2022-11-28T14:51:02+00:00", "2022-11-28T14:54:32+00:00", "2022-11-28T14:57:42+00:00", "2022-11-28T15:01:31+00:00", "2022-11-28T15:04:33+00:00", "2022-11-28T15:07:57+00:00", "2022-11-28T15:11:10+00:00", "2022-11-28T15:14:10+00:00", "2022-11-28T15:16:45+00:00", "2022-11-28T15:19:31+00:00", "2022-11-28T15:21:44+00:00", "2022-11-28T15:24:37+00:00", "2022-11-28T15:26:55+00:00", "2022-11-28T15:29:57+00:00", "2022-11-28T15:32:41+00:00", "2022-11-28T15:35:18+00:00", "2022-11-28T15:38:22+00:00", "2022-11-28T15:40:14+00:00", "2022-11-28T15:43:10+00:00", "2022-11-28T15:46:03+00:00", "2022-11-28T15:48:37+00:00", "2022-11-28T15:51:21+00:00", "2022-11-28T15:54:41+00:00", "2022-11-28T15:56:45+00:00", "2022-11-28T16:00:46+00:00", "2022-11-28T16:05:46+00:00", "2022-11-28T16:10:30+00:00", "2022-11-28T16:14:46+00:00", "2022-11-28T16:18:47+00:00", "2022-11-28T16:22:53+00:00", "2022-11-28T16:25:47+00:00", "2022-11-28T16:29:53+00:00", "2022-11-28T16:36:45+00:00", "2022-11-28T16:43:51+00:00", "2022-11-28T16:49:16+00:00", "2022-11-28T16:55:27+00:00", "2022-11-28T17:00:47+00:00", "2022-11-28T17:06:08+00:00", "2022-11-28T17:12:10+00:00", "2022-11-28T17:15:55+00:00", "2022-11-28T17:20:11+00:00", "2022-11-28T17:23:38+00:00", "2022-11-28T17:27:56+00:00", "2022-11-28T17:34:09+00:00", "2022-11-28T17:39:24+00:00", "2022-11-28T17:46:08+00:00", "2022-11-28T17:51:47+00:00", "2022-11-28T17:55:33+00:00", "2022-11-28T18:01:11+00:00", "2022-11-28T18:08:12+00:00", "2022-11-28T18:13:01+00:00", "2022-11-28T18:19:39+00:00", "2022-11-28T18:25:14+00:00", "2022-11-28T18:29:14+00:00", "2022-11-28T18:35:14+00:00", "2022-11-28T18:40:14+00:00", "2022-11-28T18:47:13+00:00", "2022-11-28T18:51:13+00:00", "2022-11-28T18:56:56+00:00", "2022-11-28T19:00:49+00:00", "2022-11-28T19:06:44+00:00", "2022-11-28T19:11:05+00:00", "2022-11-28T19:15:26+00:00", "2022-11-28T19:21:15+00:00", "2022-11-28T19:25:17+00:00", "2022-11-28T19:29:36+00:00", "2022-11-28T19:34:23+00:00", "2022-11-28T19:38:15+00:00", "2022-11-28T19:41:49+00:00", "2022-11-28T19:46:08+00:00", "2022-11-28T19:50:43+00:00", "2022-11-28T19:54:23+00:00", "2022-11-28T19:59:15+00:00", "2022-11-28T20:03:07+00:00", "2022-11-28T20:08:21+00:00", "2022-11-28T20:13:21+00:00", "2022-11-28T20:16:52+00:00", "2022-11-28T20:21:15+00:00", "2022-11-28T20:25:53+00:00", "2022-11-28T20:29:45+00:00", "2022-11-28T20:32:34+00:00", "2022-11-28T20:36:53+00:00", "2022-11-28T20:39:47+00:00", "2022-11-28T20:44:21+00:00", "2022-11-28T20:46:24+00:00", "2022-11-28T20:50:24+00:00", "2022-11-28T20:54:22+00:00", "2022-11-28T20:57:55+00:00", "2022-11-28T21:02:26+00:00", "2022-11-28T21:10:26+00:00", "2022-11-28T21:14:15+00:00", "2022-11-28T21:18:26+00:00", "2022-11-28T21:21:25+00:00", "2022-11-28T21:24:09+00:00", "2022-11-28T21:26:27+00:00", "2022-11-28T21:28:46+00:00", "2022-11-28T21:31:27+00:00", "2022-11-28T21:33:33+00:00", "2022-11-28T21:37:30+00:00", "2022-11-28T21:40:30+00:00", "2022-11-28T21:42:49+00:00", "2022-11-28T21:45:16+00:00", "2022-11-28T21:48:07+00:00", "2022-11-28T21:51:31+00:00", "2022-11-28T21:54:31+00:00", "2022-11-28T21:58:15+00:00", "2022-11-28T22:01:58+00:00", "2022-11-28T22:05:28+00:00", "2022-11-28T22:09:03+00:00", "2022-11-28T22:13:45+00:00", "2022-11-28T22:16:40+00:00", "2022-11-28T22:20:12+00:00", "2022-11-28T22:23:32+00:00", "2022-11-28T22:27:33+00:00", "2022-11-28T22:31:30+00:00", "2022-11-28T22:34:49+00:00", "2022-11-28T22:38:54+00:00", "2022-11-28T22:42:57+00:00", "2022-11-28T22:45:58+00:00", "2022-11-28T22:49:34+00:00", "2022-11-28T22:53:29+00:00", "2022-11-28T22:56:43+00:00", "2022-11-28T23:00:27+00:00", "2022-11-28T23:02:48+00:00", "2022-11-28T23:06:25+00:00", "2022-11-28T23:08:36+00:00", "2022-11-28T23:11:52+00:00", "2022-11-28T23:16:33+00:00", "2022-11-28T23:21:01+00:00", "2022-11-28T23:25:00+00:00", "2022-11-28T23:29:11+00:00", "2022-11-28T23:31:30+00:00", "2022-11-28T23:36:33+00:00", "2022-11-28T23:38:38+00:00", "2022-11-28T23:41:42+00:00", "2022-11-28T23:45:13+00:00", "2022-11-28T23:48:11+00:00", "2022-11-28T23:51:30+00:00", "2022-11-28T23:54:30+00:00", "2022-11-28T23:57:40+00:00", "2022-11-29T00:00:43+00:00", "2022-11-29T00:03:29+00:00", "2022-11-29T00:05:47+00:00", "2022-11-29T00:08:21+00:00", "2022-11-29T00:11:03+00:00", "2022-11-29T00:13:26+00:00", "2022-11-29T00:16:20+00:00", "2022-11-29T00:18:26+00:00", "2022-11-29T00:20:24+00:00", "2022-11-29T00:22:30+00:00", "2022-11-29T00:25:33+00:00", "2022-11-29T00:27:58+00:00", "2022-11-29T00:31:30+00:00", "2022-11-29T00:34:40+00:00", "2022-11-29T00:36:40+00:00", "2022-11-29T00:39:40+00:00", "2022-11-29T00:42:40+00:00", "2022-11-29T00:46:44+00:00", "2022-11-29T00:50:40+00:00", "2022-11-29T00:53:34+00:00", "2022-11-29T00:58:41+00:00", "2022-11-29T01:01:30+00:00", "2022-11-29T01:05:12+00:00", "2022-11-29T01:09:01+00:00", "2022-11-29T01:12:41+00:00", "2022-11-29T01:15:51+00:00", "2022-11-29T01:19:41+00:00", "2022-11-29T01:23:41+00:00", "2022-11-29T01:27:19+00:00", "2022-11-29T01:30:14+00:00", "2022-11-29T01:32:51+00:00", "2022-11-29T01:36:41+00:00", "2022-11-29T01:40:41+00:00", "2022-11-29T01:44:15+00:00", "2022-11-29T01:47:41+00:00", "2022-11-29T01:50:58+00:00", "2022-11-29T01:54:42+00:00", "2022-11-29T01:58:06+00:00", "2022-11-29T02:01:20+00:00", "2022-11-29T02:04:42+00:00", "2022-11-29T02:08:10+00:00", "2022-11-29T02:11:05+00:00", "2022-11-29T02:13:55+00:00", "2022-11-29T02:17:59+00:00", "2022-11-29T02:21:42+00:00", "2022-11-29T02:24:53+00:00", "2022-11-29T02:29:42+00:00", "2022-11-29T02:33:09+00:00", "2022-11-29T02:37:11+00:00", "2022-11-29T02:40:42+00:00", "2022-11-29T02:44:10+00:00", "2022-11-29T02:47:24+00:00", "2022-11-29T02:50:21+00:00", "2022-11-29T02:52:26+00:00", "2022-11-29T02:55:10+00:00", "2022-11-29T02:57:12+00:00", "2022-11-29T02:59:12+00:00", "2022-11-29T03:01:46+00:00", "2022-11-29T03:04:23+00:00", "2022-11-29T03:06:49+00:00", "2022-11-29T03:09:30+00:00", "2022-11-29T03:13:43+00:00", "2022-11-29T03:17:43+00:00", "2022-11-29T03:21:43+00:00", "2022-11-29T03:25:43+00:00", "2022-11-29T03:27:43+00:00", "2022-11-29T03:29:41+00:00", "2022-11-29T03:31:50+00:00", "2022-11-29T03:33:38+00:00", "2022-11-29T03:36:44+00:00", "2022-11-29T03:39:12+00:00", "2022-11-29T03:40:56+00:00", "2022-11-29T03:44:01+00:00", "2022-11-29T03:47:44+00:00", "2022-11-29T03:49:23+00:00", "2022-11-29T03:51:44+00:00", "2022-11-29T03:53:23+00:00", "2022-11-29T03:55:44+00:00", "2022-11-29T03:59:08+00:00", "2022-11-29T04:01:29+00:00", "2022-11-29T04:04:05+00:00", "2022-11-29T04:06:10+00:00", "2022-11-29T04:08:50+00:00", "2022-11-29T04:11:44+00:00", "2022-11-29T04:14:04+00:00", "2022-11-29T04:17:28+00:00", "2022-11-29T04:20:25+00:00", "2022-11-29T04:22:34+00:00", "2022-11-29T04:25:34+00:00", "2022-11-29T04:27:44+00:00", "2022-11-29T04:30:35+00:00", "2022-11-29T04:32:44+00:00", "2022-11-29T04:35:44+00:00", "2022-11-29T04:37:44+00:00", "2022-11-29T04:40:11+00:00", "2022-11-29T04:42:28+00:00", "2022-11-29T04:45:06+00:00", "2022-11-29T04:46:46+00:00", "2022-11-29T04:49:03+00:00", "2022-11-29T04:51:44+00:00", "2022-11-29T04:53:42+00:00", "2022-11-29T04:56:45+00:00", "2022-11-29T04:58:45+00:00", "2022-11-29T05:01:41+00:00", "2022-11-29T05:03:45+00:00", "2022-11-29T05:05:30+00:00", "2022-11-29T05:07:45+00:00", "2022-11-29T05:09:49+00:00", "2022-11-29T05:12:11+00:00", "2022-11-29T05:16:45+00:00", "2022-11-29T05:19:45+00:00", "2022-11-29T05:22:45+00:00", "2022-11-29T05:26:09+00:00", "2022-11-29T05:28:39+00:00", "2022-11-29T05:31:14+00:00", "2022-11-29T05:34:24+00:00", "2022-11-29T05:37:35+00:00", "2022-11-29T05:40:26+00:00", "2022-11-29T05:43:04+00:00", "2022-11-29T05:46:42+00:00", "2022-11-29T05:48:59+00:00", "2022-11-29T05:51:59+00:00", "2022-11-29T05:55:13+00:00", "2022-11-29T05:57:45+00:00", "2022-11-29T06:00:13+00:00", "2022-11-29T06:02:45+00:00", "2022-11-29T06:05:45+00:00", "2022-11-29T06:08:45+00:00", "2022-11-29T06:11:59+00:00", "2022-11-29T06:14:53+00:00", "2022-11-29T06:18:00+00:00", "2022-11-29T06:22:00+00:00", "2022-11-29T06:25:26+00:00", "2022-11-29T06:27:44+00:00", "2022-11-29T06:30:59+00:00", "2022-11-29T06:33:45+00:00", "2022-11-29T06:37:46+00:00", "2022-11-29T06:40:46+00:00", "2022-11-29T06:43:05+00:00", "2022-11-29T06:45:46+00:00", "2022-11-29T06:47:46+00:00", "2022-11-29T06:50:30+00:00", "2022-11-29T06:52:21+00:00", "2022-11-29T06:54:46+00:00", "2022-11-29T06:58:02+00:00", "2022-11-29T07:00:46+00:00", "2022-11-29T07:03:39+00:00", "2022-11-29T07:06:07+00:00", "2022-11-29T07:07:53+00:00", "2022-11-29T07:10:15+00:00", "2022-11-29T07:12:22+00:00", "2022-11-29T07:14:24+00:00", "2022-11-29T07:16:46+00:00", "2022-11-29T07:18:58+00:00", "2022-11-29T07:21:24+00:00", "2022-11-29T07:23:23+00:00", "2022-11-29T07:25:32+00:00", "2022-11-29T07:27:46+00:00", "2022-11-29T07:30:46+00:00", "2022-11-29T07:33:12+00:00", "2022-11-29T07:36:03+00:00", "2022-11-29T07:38:47+00:00", "2022-11-29T07:41:30+00:00", "2022-11-29T07:43:24+00:00", "2022-11-29T07:45:47+00:00", "2022-11-29T07:48:35+00:00", "2022-11-29T07:50:48+00:00", "2022-11-29T07:52:48+00:00", "2022-11-29T07:54:57+00:00", "2022-11-29T07:57:48+00:00", "2022-11-29T07:59:48+00:00", "2022-11-29T08:02:10+00:00", "2022-11-29T08:04:48+00:00", "2022-11-29T08:06:59+00:00", "2022-11-29T08:09:48+00:00", "2022-11-29T08:12:00+00:00", "2022-11-29T08:14:32+00:00", "2022-11-29T08:16:46+00:00", "2022-11-29T08:19:20+00:00", "2022-11-29T08:21:18+00:00", "2022-11-29T08:23:12+00:00", "2022-11-29T08:25:48+00:00", "2022-11-29T08:28:48+00:00", "2022-11-29T08:31:14+00:00", "2022-11-29T08:33:48+00:00", "2022-11-29T08:35:58+00:00", "2022-11-29T08:38:48+00:00", "2022-11-29T08:40:52+00:00", "2022-11-29T08:43:21+00:00", "2022-11-29T08:45:53+00:00", "2022-11-29T08:48:13+00:00", "2022-11-29T08:50:34+00:00", "2022-11-29T08:52:44+00:00", "2022-11-29T08:54:48+00:00", "2022-11-29T08:57:45+00:00", "2022-11-29T09:00:15+00:00", "2022-11-29T09:02:08+00:00", "2022-11-29T09:04:06+00:00", "2022-11-29T09:06:48+00:00", "2022-11-29T09:08:48+00:00", "2022-11-29T09:11:05+00:00", "2022-11-29T09:13:41+00:00", "2022-11-29T09:15:30+00:00", "2022-11-29T09:17:48+00:00", "2022-11-29T09:19:48+00:00", "2022-11-29T09:21:49+00:00", "2022-11-29T09:23:49+00:00", "2022-11-29T09:26:20+00:00", "2022-11-29T09:28:13+00:00", "2022-11-29T09:30:49+00:00", "2022-11-29T09:33:31+00:00", "2022-11-29T09:35:37+00:00", "2022-11-29T09:38:49+00:00", "2022-11-29T09:41:49+00:00", "2022-11-29T09:44:49+00:00", "2022-11-29T09:47:41+00:00", "2022-11-29T09:50:19+00:00", "2022-11-29T09:53:04+00:00", "2022-11-29T09:56:00+00:00", "2022-11-29T09:58:30+00:00", "2022-11-29T10:00:49+00:00", "2022-11-29T10:02:49+00:00", "2022-11-29T10:05:02+00:00", "2022-11-29T10:07:50+00:00", "2022-11-29T10:10:09+00:00", "2022-11-29T10:12:50+00:00", "2022-11-29T10:15:50+00:00", "2022-11-29T10:18:26+00:00", "2022-11-29T10:21:27+00:00", "2022-11-29T10:24:10+00:00", "2022-11-29T10:27:24+00:00", "2022-11-29T10:30:18+00:00", "2022-11-29T10:32:50+00:00", "2022-11-29T10:36:13+00:00", "2022-11-29T10:39:10+00:00", "2022-11-29T10:42:00+00:00", "2022-11-29T10:45:50+00:00", "2022-11-29T10:48:15+00:00", "2022-11-29T10:51:12+00:00", "2022-11-29T10:53:54+00:00", "2022-11-29T10:56:50+00:00", "2022-11-29T11:00:50+00:00", "2022-11-29T11:03:43+00:00", "2022-11-29T11:06:50+00:00", "2022-11-29T11:10:30+00:00", "2022-11-29T11:13:36+00:00", "2022-11-29T11:16:34+00:00", "2022-11-29T11:19:54+00:00", "2022-11-29T11:22:09+00:00", "2022-11-29T11:24:31+00:00", "2022-11-29T11:27:40+00:00", "2022-11-29T11:29:57+00:00", "2022-11-29T11:33:39+00:00", "2022-11-29T11:36:53+00:00", "2022-11-29T11:39:51+00:00", "2022-11-29T11:42:40+00:00", "2022-11-29T11:45:42+00:00", "2022-11-29T11:48:44+00:00", "2022-11-29T11:51:50+00:00", "2022-11-29T11:54:31+00:00", "2022-11-29T11:57:57+00:00", "2022-11-29T12:00:57+00:00", "2022-11-29T12:03:57+00:00", "2022-11-29T12:06:59+00:00", "2022-11-29T12:09:57+00:00", "2022-11-29T12:12:57+00:00", "2022-11-29T12:15:57+00:00", "2022-11-29T12:18:57+00:00", "2022-11-29T12:22:15+00:00", "2022-11-29T12:25:54+00:00", "2022-11-29T12:28:16+00:00", "2022-11-29T12:32:15+00:00", "2022-11-29T12:36:10+00:00", "2022-11-29T12:39:48+00:00", "2022-11-29T12:42:57+00:00", "2022-11-29T12:46:07+00:00", "2022-11-29T12:49:57+00:00", "2022-11-29T12:53:00+00:00", "2022-11-29T12:56:32+00:00", "2022-11-29T13:01:01+00:00", "2022-11-29T13:04:32+00:00", "2022-11-29T13:08:43+00:00", "2022-11-29T13:13:02+00:00", "2022-11-29T13:17:57+00:00", "2022-11-29T13:21:07+00:00", "2022-11-29T21:22:25+00:00", "2022-11-29T23:17:17+00:00", "2022-11-30T11:57:20+00:00", "2022-12-14T02:57:04+00:00", "2022-12-14T03:01:01+00:00", "2022-12-17T03:48:12+00:00", "2022-12-17T13:50:18+00:00"], "elevations": [5.7, 5.0, 5.0, 5.0, 5.0, 4.0, 4.0, 4.0, 4.2, 4.5, 5.0, 5.0, 6.0, 6.2, 6.0, 7.0, 0.0, 1.7, 2.7, 3.0, 3.0, 2.7, 3.0, 5.0, 4.0, 4.0, 4.5, 5.0, 10.0, 5.0, null, 5.0, 4.0, 4.0, 5.0, 4.5, 5.0, 5.0, 6.2, 6.0, 6.0, 6.2, 4.5, -2.0, 0.1, 1.0, 1.0, 2.0, 2.0, 3.0, null, 0.0, 13.7, 15.2, 0.5, 12.5, 3.0, 1.5, 1.0, 1.0, 1.0, 1.0, 2.0, 2.5, 6.0, 6.5, 6.0, 6.5, 6.0, 5.0, 1.7, 3.0, 3.0, 2.2, 2.0, 2.0, 1.7, 3.3, 1.5, 2.0, 2.0, 0.0, 0.0, 4.0, 1.0, -3.0, -1.0, -3.0, -4.0, -4.0, -4.9, 10.0, -9.0, -7.9, -6.0, 19.0, -7.8, -5.5, -5.0, -5.0, 10.0, 3.0, -2.0, -2.0, -3.0, -3.0, -3.0, -3.0, -2.5, -1.0, -1.0, 4.0, 2.2, 2.0, 4.0, 2.0, 0.0, 2.0, 1.7, -0.5, 0.0, 0.0, null, 0.0, -1.0, 39.0, 0.0, -1.5, 0.0, -1.4, 0.0, 0.0, 0.0, 0.0, 0.0, -1.0, -2.4, -4.0, -4.0, 0.0, -4.0, -2.0, -3.0, -3.0, -4.0, -4.0, -5.0, -3.0, -7.0, -4.0, -4.0, null, -4.0, -4.0, null, null, -4.0, null, -3.0, -14.0, -8.0, -8.0, null, 0.0, -4.0, -8.0, -7.0, -8.0, -7.8, -6.5, -7.0, -7.0, -7.0, null, -8.0, -7.0, -7.0, -7.8, -7.0, -8.0, -8.0, null, -7.5, -3.0, -6.5, -7.8, -6.0, -7.0, -7.0, null, -7.0, -13.0, null, -5.5, -4.0, 3.5, null, 0.5, -3.5, -2.0, -2.5, -4.0, -8.0, -5.0, -4.5, -0.5, -0.5, -0.5, -8.5, -8.4, -8.5, -8.5, -7.5, -9.0, -7.4, -6.0, -5.0, -7.0, -3.5, -2.9, 2.0, 4.0, 6.3, 9.0, 2.2, 1.0, 0.5, 0.2, -1.5, -0.8, 0.0, 0.5, 1.5, 2.5, 2.0, -0.7, 0.2, -1.5, 0.7, -3.5, 2.5, 3.0, 2.0, 2.2, 1.0, -3.0, -3.0, -4.0, -3.0, -3.0, -2.5, -2.0, -1.0, 0.0, -1.4, 3.5, 2.0, -2.0, -1.0, 9.5, 8.5, 10.0, 10.0, 3.5, 2.3, 2.3, 3.3, 4.0, 4.0, 4.4, 4.3, 5.5, 6.0, 5.5, 6.0, 4.0, 4.0, 4.0, 4.5, 3.0, 4.0, 6.0, 6.0, 4.0, 2.0, 2.5, 2.5, 2.0, 2.0, 3.0, 2.5, 3.0, 2.3, 1.5, 4.0, 2.5, 4.0, 4.0, 2.0, 0.0, 1.0, 2.0, 1.3, 0.0, -0.7, -4.0, -3.0, -2.5, -2.5, -2.5, -2.3, -3.3, -1.7, -0.3, -1.0, -0.3, -0.3, 0.0, 0.0, 2.0, 1.0, 1.0, 1.3, 3.0, 1.5, 2.3, 2.0, 1.1, 2.0, 2.5, 1.0, 1.0, 1.3, 0.5, 1.0, 0.1, 0.0, 0.8, 0.0, 1.0, 0.3, 0.5, 5.0, 6.5, 2.5, 0.0, 0.0, -0.2, 0.0, -1.0, -2.0, -2.0, -2.5, -1.6, -2.5, -2.5, -1.9, -3.0, -1.0, -1.0, -2.0, -1.6, 0.0, 0.5, 1.0, 0.0, 0.7, 1.0, 1.0, 0.0, -1.9, -2.5, -1.6, -2.0, -0.9, -1.0, -1.5, -1.5, -0.7, 0.0, 0.0, 0.1, 0.0, 0.1, 0.0, -0.6, -0.5, 0.0, 0.0, 0.0, 0.1, 0.0, 0.7, 1.0, 1.0, 1.3, 1.3, 7.0, 3.5, 1.8, 1.0, 1.4, 3.3, 3.0, 3.0, 3.0, 2.7, 2.5, 2.0, 1.0, 1.0, 1.5, 0.0, 0.0, 0.0, 0.0, 0.3, 0.3, 0.0, -0.7, 0.0, 0.0, 0.0, 0.0, 0.0, 0.1, 0.7, 1.0, 1.6, -1.3, -1.0, -0.8, 0.0, -0.6, -1.0, -0.3, -1.7, -0.3, 0.0, 0.0, 0.0, 1.3, 3.7, 3.0, 6.2, 7.0, 7.2, 3.8, 5.8, -0.5, -2.8, -3.8, -5.4, 4.3, -3.4, -4.0, -3.9, -3.5, -2.9, 1.3, 2.2, 4.0, 4.5, 2.7, 6.0, 9.0, 6.0, 5.5, 5.0, 5.0, 5.5, 2.5, 0.0, 0.0, 0.8, 5.0, 3.0, 0.5, 0.0, 0.0, -1.0, -4.0, -1.0, -3.0, -0.5, -0.9, -1.5, -5.3, -4.0, -4.6, -3.0, -0.8, 0.0, -1.4, -0.5, -2.0, -0.3, -1.7, -1.0, 1.5, 7.7, -3.0, -2.5, 1.7, -3.9, 2.5, 1.4, 3.0, -8.9, -7.7, -7.4, -7.0, -8.9, -8.0, -6.3, -5.0, -4.6, -3.0, 2.7, 4.0, 3.0, 2.7, 2.0, 1.0, 0.0, 0.3, 0.0, 0.0, 0.0, 0.0, 0.0, 0.0, 0.0, 1.0, 1.0, 0.0, 1.0, 1.0, 1.0, 0.0, 0.1, 0.0, 0.7, -3.0, -3.4, -2.0, -1.4, -0.5, 0.0, 0.7, 1.0, 3.0, 4.0, 4.0, 4.0, 4.3, 4.3, 5.0, 5.7, 6.0, 6.0, 7.0, 6.3, 3.5, 3.3, 2.5, 3.0, 3.0, 2.7, 3.0, 3.7, 4.5, 5.5, 6.3, 3.0, 4.0, 4.8, 5.0, 5.0, 5.0, 8.0, 8.0, 10.0, 10.5, 5.7, 6.1, 5.0, 5.5, 2.5, 0.5, 0.1, 0.0, -1.2, -1.0, -1.0, -1.0, 0.0, 0.2, 6.0, 7.0, 8.0, 6.0, 4.7, 4.0, 3.0, 3.0, 1.5, -1.3, -3.0, -2.7, -1.0, 0.0, 0.0, 0.0, 0.0, 0.0, 0.6, 1.0, 2.2, 1.7, 2.1, 1.0, 0.0, 0.2, 0.0, 0.0, -0.8, -0.5, -1.0, 4.7, 3.0, 5.0, 3.5, -2.0, 0.1, 1.0, 1.0, 0.0, 0.0, 0.0, 0.0, -0.8, -1.0, -1.0, -1.0, -1.0, 0.0, 0.0, -0.5, 0.0, 0.1, 0.0, -1.0, -1.0, -1.0, -1.0, -0.5, -0.3, -1.2, -0.5, -1.0, -2.0, -2.0, -3.2, 0.0, 0.0, 0.0, 0.0, 0.1, 0.0, 0.0, 0.0, 0.0, -1.0, 0.0, 0.0, 0.0, -0.5, -2.0, -2.9, -3.0, -2.0, -1.4, -2.0, -1.0, -1.0, 2.5, 2.8, 3.0, 2.0, 2.2, 2.0, 2.0, 2.0, 2.0, 1.4, 2.0, 2.0, 2.1, 1.5, 1.5, 0.0, -1.0, -0.9, -0.5, 0.0, -0.8, 0.0, 0.0, 0.0, 0.0, 0.1, 0.0, 0.0, 0.0, 0.0, 0.1, 0.0, 0.0, null, 1.0, 2.0, 1.0, null, 0.0, 0.0, 0.0, 0.0, 2.0, 2.2, 1.0, 2.0, 0.7, 1.0, 0.5, 0.0, -1.0, -1.0, -1.5, -1.0, -2.6, -2.0, -2.0, -2.6, -2.0, -2.0, -1.5, -1.5, -2.0, -1.0, -1.3, -0.5, 0.0, 0.8, 1.0, 2.0, 3.0, 3.3, 3.5, 3.0, 3.0, 3.0, 2.0, 2.4, 0.0, 0.2, 0.0, 0.0, 0.1, 0.5, 0.0, 0.7, -2.5, -3.0, -3.2, -3.0, -3.0, -2.0, -3.0, -3.0, -3.0, -3.0, -3.5, -4.0, -3.5, -3.2, -3.0, -2.4, -1.5, -1.4, 2.0, 1.5, 0.0, 0.0, 0.0, 0.0, 0.1, 0.0, 0.5, 0.7, 1.0, 1.0, 1.0, 0.7, 1.0, 0.0, 0.0, -1.5, -2.6, -2.0, -2.9, 0.0, -1.0, -2.0, -1.0, -1.4, -1.0, -1.0, -1.0, -2.0, -3.2, -3.0, 0.0, -0.7, -1.0, -1.0, -1.0, -0.9, 0.0, -0.9, 1.5, 1.0, 1.0, 1.0, 1.0, 1.5, 0.8, 1.0, 1.4, 1.0, 1.0, 1.3, 1.0, 0.0, 0.0, 0.0, 0.0, -1.2, -1.0, -1.0, -5.8, -1.0, 0.0, -0.9, -1.0, -2.0, -2.5, -2.0, 0.8, 0.0, 1.0, 1.1, 2.0, 4.0, 3.7, 3.0, 0.8, 0.0, 1.0, 2.0, 5.5, 7.0, 1.5, 4.0, 3.4, 2.5, 2.0, 2.2, 2.0, 2.0, 1.8, 1.0, 0.0, 0.5, 1.0, 2.0, 2.0, 2.0, 2.0, 2.0, 2.0, 1.0, 1.0, null, null, null, 2.8, 3.0, 3.0, 4.1, 3.5, 4.0, 4.2, 4.0, 4.0, 4.0, 4.0, 5.0, 6.0, 6.2, 6.5, 7.0, 7.0, 7.5, 8.0, 8.0, 9.0, 8.2, 8.0, 8.0, 8.0, 8.0, 8.0, 8.0, 6.4, 7.0, 6.0, 6.0, 6.0, 6.0, 5.0, 6.0, 6.0, 6.0, 6.0, 6.0, 6.0, 6.0, 6.0, null, 6.0, 6.0, 6.0, 6.0, 6.0, 6.2, 6.0, 6.0, 6.0, 6.2, 6.0, 6.0, 7.0, 7.0, 7.0, null, 6.0, 7.0, 7.0, 6.7, 7.0, 6.0, 6.0, 6.0, 6.0, null, 6.0, 6.0, 7.0, 8.2, 8.0, 8.0, 9.0, 9.0, 9.0, 9.0, 8.5, 7.0, 6.5, 4.0, 2.0, 3.0, 1.5, 1.0, 0.8, 1.0, 1.0, 2.1, 2.0, 1.5, 3.0, 5.5, 8.5, 7.0, 6.0, 3.0, 4.0, 4.1, 4.0, 5.0, 4.5, 4.0, 4.0, 4.0, 3.0, 4.2, 3.0, 2.0, 2.0, 2.0, 3.5, 4.0, 4.5, 4.2, 4.0, 2.0, 4.0, 5.0, 5.0, 5.0, 5.5, 5.5, 5.7, 6.0, 5.5, 5.0, 5.0, 5.5, 5.0, 6.0, 5.0, 4.5, 5.5, 5.0, 5.0, 3.5, 5.0, 3.5, 2.5, 2.5, 3.0, 3.0, 3.0, 2.1, 2.0, 2.4, 3.0, 5.5, 4.1, 3.5, 4.0, 4.0, 4.0, 4.2, 4.0, 8.0, 4.2, 2.0, 1.0, 2.7, 4.5, 4.0, 2.7, 4.0, 4.3, 4.0, 3.0, 2.8, 3.0, 2.4, 3.0, 3.5, 3.0, 4.0, 5.0, 4.0, 4.0, 4.0, 2.2, 2.0, 1.0, 1.0, 1.0, 0.1, 1.0, 1.5, 2.0, 2.5, 4.0, 4.0, 7.3, 4.5, 6.5, 8.0, 7.0, 8.0, 5.5, 5.0, 4.2, 4.0, 7.0, 6.0, 10.0, 5.8, 7.5, 2.4, 3.0, 3.7, 6.0, 5.0, 5.0, 4.0, 4.7, 5.5, 4.5, 5.0, 6.0, 6.1, 8.0, 5.5, 6.5, 6.0, 8.2, 7.0, 5.0, 4.0, 4.8, 22.0, 6.4, 5.5, 5.1, 1.5, 3.7, 4.0, 2.7, 6.0, 9.0, 5.5, 5.5, 5.0, 4.3, 4.3, 4.5, 5.7, 5.0, 5.5, 9.5, 9.7, 9.1, 13.7, 8.4, 7.3, 5.5, 3.7, 7.0, 2.3, 1.3, 0.2, -1.1, 2.6, 1.4, 1.7, 9.2, 6.5, 6.3, 5.5, 5.5, 3.5, 4.8, 3.0, 6.4, 6.0, 4.5, 3.5, 6.0, 4.5, 4.0, 4.4, 2.0, 4.5, 3.0, 1.0, 2.0, 3.0, 2.0, 2.0, 4.0, 5.5, 7.0, 12.5, 7.5, 7.7, 8.7, 9.1, 10.0, 10.7, 9.0, 10.8, 9.0, 2.5, 7.5, 9.0, 5.7, 15.0, 13.0, 20.0, 4.0, 3.3, 4.3, 3.4, 20.0, 15.5, 1.5, 1.0, -1.0, 1.0, -0.9, 1.5, 0.7, 2.0, 1.4, 2.0, 0.8, 3.3, 12.5, 29.0, 31.5, 57.3, null, null, null, null, 4.0, -7.4, -8.0, -8.9, -8.5, -9.3, -8.0, 7.5, 9.5, 10.5, 10.0, 7.3, 7.1, 15.0, 9.2, 8.7, 9.0, 7.2, 7.5, 6.2, 5.5, 7.5, 8.0, 8.0, 9.5, 8.5, 13.7, 22.0, 22.0, 51.0, null, null, 11.0, 11.2, -26.0, -27.3, -27.3, 16.8, 18.3, -3.0, -3.0, 16.2, 24.0, 49.0, 63.0, null, null, null, null, null, null, null, 13.0, 19.5, 23.5, 23.5, 11.0, 13.2, 11.0, 11.0, 11.5, 12.0, 13.5, 27.3, 14.5, 14.0, 44.5, 87.7, null, null, null, null, null, null, null, null, null, null, null, null, null, null, null, null, null, null, null, null, null, null, null, null, null, null, null, null, null, null, null, null, null, null, null, null, null, null, null, null, null, null, null, null, null, null, null, null, null, null, null, null, null, null, null, null, null, null, null, null, null, null, null, null, null, null, null, null, null, null, null, null, null, null, null, null, null, null, null, null, null, null, null, null, null, null, null, null, null, null, null, null, null, null, null, null, null, null, null, null, null, null, null, null, null, null, null, null, null, null, null, null, null, null, null, null, null, null, null, null, null, null, null, null, null, null, null, null, null, null, null, null, null, null, null, null, null, null, null, null, null, null, null, null, null, null, null, null, null, null, null, null, null, null, null, null, null, null, null, null, null, null, null, null, null, null, null, null, null, null, null, null, null, null, null, null, null, null, null, null, null, null, null, null, null, null, null, null, null, null, null, null, null, null, null, null, null, null, null, null, null, null, null, null, null, null, null, null, null, null, null, null, null, null, null, null, null, null, null, null, null, null, null, null, null, null, null, null, null, null, null, null, null, null, null, null, null, null, null, null, null, null, null, null, null, null, null, null, null, null, null, null, null, null, null, null, null, null, null, null, null, null, null, null, null, null, null, null, null, null, null, null, null, null, null, null, null, null, null, null, null, null, null, null, null, null, null, null, null, null, null, null, null, null, null, null, null, null, null, null, null, null, null, null, null, null, null, null, null, null, null, null, null, null, null, null, null, null, null, null, null, null, null, null, null, null, null, null, null, null, null, null, null, null, null, null, null, null, null, null, null, null, null, null, null, null, null, null, null, null, null, null, null, null, null, null, null, null, null, null, null, null, null, null, null, null, null, null, null, null, null, null, null, null, null, null, null, null, null, null, null, null, null, null, null, null, null, null, null, null, null, null, null, null, null, null, null, null, null, null, null, null, null, null, null, null, null, null, null, null, null, null, null, null, null, null, null, null, null, null, null, null, null, null, null, null, null, null, null, null, null, null, null, null, null, null, null, null, null, null, null, null, null, null, null, null, null, null, null, null, null, null, null, null, null, null, null, null, null, null, null, null, null, null, null, null, null, null, null, null, null, null, null, null, null, null, null, null, null, null, null, null, null, null, null, null, null, null, null, null, null, null, null, null, null, null, null, null, null, null, null, null, null, null, null, null, null, null, null, null, null, null, null, null, null, null, null, null, null, null, null, null, null, null, null, null, null, null, null, null, null, null, null, null, null, null, null, null, null, null, null, null, null, null, null, null, null, null, null, null, null, null, null, null, null, null, null, null, null, null, null, null, null, null, null, null, null, null, null, null, null, null, null, null, null, null, null, null, null, null, null, null, null, null, null, null, null, null, null, null, null, null, null, null, null, null, null, null, null, null, null, null, null, null, null, null, null, null, null, null, null, null, null, null, null, null, null, null, null, null, null, null, null, null, null, null, null, null, null, null, null, null, null, null, null, null, null, null, null, null, null, null, null, null, null, null, null, null, null, null, null, null, null, null, null, null, null, null, null, null, null, null, null, null, null, null, null, null, null, null, null, null, null, null, null, null, null, null, null, null, null, null, null, null, null, null, null, null, null, null, null, null, null, null, null, null, null, null, null, null, null, null, null, null, null, null, null, null, null, null, null, null, null, null, null, null, null, null, null, null, null, null, null, null, null, null, null, null, null, null, null, null, null, null, null, null, null, null, null, null, null, null, null, null, null, null, null, null, null, null, null, null, null, null, null, null, null, null, null, null, null, null, null, null, null, null, null, null, null, null, null, null, null, null, null, null, null, null, null, null, null, null, null, null, null, null, null, null, null, null, null, null, null, null, null, null, null, null, null, null, null, null, null, null, null, null, null, null, null, null, null, null, null, null, null, null, null, null, null, null, null, null, null, null, null, null, null, null, null, null, null, null, null, null, null, null, null, null, null, null, null, null, null, null, null, null, null, null, null, null, null, null, null, null, null, null, null, null, null, null, null, null, null, null, null, null, null, null, null, null, null, null, null, null, null, null, null, null, null, null, null, null, null, null, null, null, null, null, null, null, null, null, null, null, null, null, null, null, null, null, null, null, null, null, null, null, null, null, null, null, null, null, null, null, null, null, null, null, null, null, null, null, null, null, null, null, null, null, null, null, null, null, null, null, null, null, null, null, null, null, null, null, null, null, null, null, null, null, null, null, null, null, null, null, null, null, null, null, null, null, null, null, null, null, null, null, null, null, null, null, null, null, null, null, null, null, null, null, null, null, null, null, null, null, null, null, null, null, null, null, null, null, null, null, null, null, null, null, null, null, null, null, null, null, null, null, null, null, null, null, null, null, null, null, null, null, null, null, null, null, null, null, null, null, null, null, null, null, null, null, null, null, null, null, null, null, null, null, null, null, null, null, null, null, null, null, null, null, null, null, null, null, null, null, null, null, null, null, null, null, null, null, null, null, null, null, null, null, null, null, null, null, null, null, null, null, null, null, null, null, null, null, null, null, null, null, null, null, null, null, null, null, null, null, null, null, null, null, null, null, null, null, null, null, null, null, null, null, null, null, null, null, null, null, null, null, null, null, null, null, null, null, null, null, null, null, null, null, null, null, null, null, null, null, null, null, null, null, null, null, null, null, null, null, null, null, null, null, null, null, null, null, null, null, null, null, null, null, null, null, null, null, null, null, null, null, null, null, null, null, null, null, null, null, null, null, null, null, null, null, null, null, null, null, null, null, null, null, null, null, null, null, null, null, null, null, null, null, null, null, null, null, null, null, null, null, null, null, null, null, null, null, null, null, null, null, null, null, null, null, null, null, null, null, null, null, null, null, null, null, null, null, null, null, null, null, null, null, null, null, null, null, null, null, null, null, null, null, null, null, null, null, null, null, null, null, null, null, null, null, null, null, null, null, null, null, null, null, null, null, null, null, null, null, null, null, null, null, null, null, null, null, null, null, null, null, null, null, null, null, null, null, null, null, null, null, null, null, null, null, null, null, null, null, null, null, null, null, null, null, null, null, null, null, null, null, null, null, null, null, null, null, null, null, null, null, null, null, null, null, null, null, null, null, null, null, null, null, null, null, null, null, null, null, null, null, null, null, null, null, null, null, null, null, null, null, null, null, null, null, null, null, null, null, null, null, null, null, null, null, null, null, null, null, null, null, null, null, null, null, null, null, null, null, null, null, null, null, null, null, null, null, null, null, null, null, null, null, null, null, null, null, null, null, null, null, null, null, null, null, null, null, null, null, null, null, null, null, null, null, null, null, null, null, null, null, null, null, null, null, null, null, null, null, null, null, null, null, null, null, null, null, null, null, null, null, null, null, null, null, null, null, null, null, null, null, null, null, null, null, null, null, null, null, null, null, null, null, null, null, null, null, null, null, null, null, null, null, null, null, null, null, null, null, null, null, null, null, null, null, null, null, null, null, null, null, null, null, null, null, null, null, null, null, null, null, null, null, null, null, null, null, null, null, null, null, null, null, null, null, null, null, null, null, null, null, null, null, null, null, null, null, null, null, null, null, null, null, null, null, null, null, null, null, null, null, null, null, null, null, null, null, null, null, null, null, null, null, null, null, null, null, null, null, null, null, null, null, null, null, null, null, null, null, null, null, null, null, null, null, null, null, null, null, null, null, null, null, null, null, null, null, null, null, null, null, null, null, null, null, null, null, null, null, null, null, null, null, null, null, null, null, null, null, null, null, null, null, null, null, null, null, null, null, null, null, null, null, null, null, null, null, null, null, null, null, null, null, null, null, null, null, null, null, null, null, null, null, null, null, null, null, null, null, null, null, null, null, null, null, null, null, null, null, null, null, null, null, null, null, null, null, null, null, null, null, null, null, null, null, null, null, null, null, null, null, null, null, null, null, null, null, null, null, null, null, null, null, null, null, null, null, null, null, null, null, null, null, null, null, null, null, null, null, null, null, null, null, null, null, null, null, null, null, null, null, null, null, null, null, null, null, null, null, null, null, null, null, null, null, null, null, null, null, null, null, null, null, null, null, null, null, null, null, null, null, null, null, null, null, null, null, null, null, null, null, null, null, null, null, null, null, null, null, null, null, null, null, null, null, null, null, null, null, null, null, null, null, null, null, null, null, null, null, null, null, null, null, null, null, null, null, null, null, null, null, null, null, null, null, null, null, null, null, null, null, null, null, null, null, null, null, null, null, null, null, null, null, null, null, null, null, null, null, null, null, null, null, null, null, null, null, null, null, null, null, null, null, null, null, null, null, null, null, null, null, null, null, null, null, null, null, null, null, null, null, null, null, null, null, null, null, null, null, null, null, null, null, null, null, null, null, null, null, null, null, null, null, null, null, null, null, null, null, null, null, null, null, null, null, null, null, null, null, null, null, null, null, null, null, null, null, null, null, null, null, null, null, null, null, null, null, null, null, null, null, null, null, null, null, null, null, null, null, null, null, null, null, null, null, null, null, null, null, null, null, null, null, null, 49.0, 6.0, 4.1, -11.0, -1.0, null, -2.0, -2.0, -3.0, -3.0, -2.6, -3.0, -3.0, -3.0, -3.0, -3.0, -3.0, -3.0, -3.0, -3.4, -3.5, -4.0, -2.0, -5.0, -5.0, -5.0, -5.0, -4.0, -4.0, -5.0, -3.4, -4.0, -4.0, -4.0, -4.0, -4.0, -4.0, -4.0, -3.0, -3.0, -3.0, -3.0, -2.3, -2.5, -3.0, -3.0, -2.0, -3.0, -2.0, -1.0, 0.0, 0.0, 0.0, 0.0, 0.0, 0.1, 0.0, 0.0, 0.5, 0.5, 0.0, 0.0, -1.0, -1.0, -1.0, -2.0, -4.0, -4.5, -4.0, -4.0, -4.0, -5.0, -4.0, -4.5, null, -4.0, -4.0, -3.0, -3.0, -3.0, -2.0, -2.0, -1.0, 3.5, 8.5, 8.4, 7.0, -1.0, -1.0, 0.0, 0.0, -1.0, -1.0, -1.0, -1.0, -1.0, -1.0, -1.0, -1.0, 0.0, -1.0, -1.7, -1.0, -1.0, 0.0, 0.0, 0.0, 0.0, 0.0, -1.0, -1.0, -1.0, -2.5, -2.0, -2.5, -3.0, -3.0, -4.0, -3.0, -3.4, -3.0, -1.0, -0.5, -4.0, -2.5, -2.0, -2.9, -1.5, -1.5, -2.7, -2.0, -3.0, -1.0, -2.0, 15.0, -1.0, -4.5, -3.0, -3.0, -4.0, -3.9, -5.0, -5.0, -2.5, -2.5, -3.0, -1.0, -2.0, -2.9, -3.0, -1.0, -1.0, -1.0, -4.0, -4.0, -5.0, -3.0, -2.0, -2.0, -4.0, -1.0, null, -1.0, 0.0, -3.0, -3.0, -2.0, -2.0, -2.0, -3.4, -1.0, -1.0, 1.0, 0.2, 0.0, 1.0, -0.5, 0.0, -1.0, -1.0, 0.0, -1.0, -1.5, -2.0, -2.0, -2.0, -3.0, -1.0, 0.0, -6.0, -4.0, -1.0, 0.0, -3.5, -2.4, 1.0, -1.0, -1.0, 0.0, -1.5, -3.0, -3.0, 0.0, 0.2, 0.0, 0.0, 0.0, 1.0, -3.0, -1.0, -1.0, -2.6, -1.5, -2.0, -2.0, -4.0, -4.0, 0.5, 1.0, -1.0, -2.0, 0.0, -2.0, 1.2, 0.0, 0.0, -2.5, -12.0, -3.0, -2.0, -1.0, 4.0, 2.0, -0.8, 0.0, 0.0, 0.0, -1.0, 0.0, 0.0, 0.0, 4.0, 1.0, 1.5, 0.5, 0.0, 0.4, 2.0, 2.0, 1.0, -2.0, 2.0, 0.0, 0.0, 0.0, 2.5, 3.0, 1.0, 1.0, 0.0, -1.0, -1.0, 5.0, 4.2, 3.0, 3.0, 2.1, 1.0, 6.5, 7.1, 8.5, 5.0, 1.2, 4.0, 1.5, 2.7, 2.0, -0.7, 1.0, -0.5, 0.1, 2.0, 3.7, -0.4, 6.6, 13.1, null, 2.9, -2.0, 14.7]}