{"type": "Feature", "properties": {"leg_id": 62, "name": "20230815 - Thursday Island to Broome", "stated_nm": 1466.8, "computed_nm": 1466.8}, "geometry": {"type": "LineString", "coordinates": [[142.154555, -10.589487], [142.145617, -10.58485], [142.130997, -10.583327], [142.10142, -10.584232], [142.069352, -10.582783], [142.054945, -10.581827], [142.032834, -10.581695], [142.01518, -10.582135], [142.00355, -10.582902], [141.976848, -10.584865], [141.943327, -10.588625], [141.918028, -10.59109], [141.882018, -10.593565], [141.872386, -10.593881], [141.85626, -10.594307], [141.849017, -10.594345], [141.840053, -10.594927], [141.831468, -10.595682], [141.824027, -10.596063], [141.81412, -10.596647], [141.803143, -10.596932], [141.794978, -10.597148], [141.782428, -10.59736], [141.769563, -10.597888], [141.74989, -10.599212], [141.738185, -10.599457], [141.702528, -10.599923], [141.67427, -10.601132], [141.65161, -10.603055], [141.628413, -10.604921], [141.612566, -10.606112], [141.600929, -10.606988], [141.586398, -10.608047], [141.57291, -10.609345], [141.559319, -10.610678], [141.542692, -10.612329], [141.531498, -10.613577], [141.525903, -10.614323], [141.513243, -10.616168], [141.495447, -10.618613], [141.489168, -10.619638], [141.48304, -10.620703], [141.474116, -10.622082], [141.457825, -10.625083], [141.445137, -10.627835], [141.428927, -10.631437], [141.411717, -10.635448], [141.406892, -10.636548], [141.399148, -10.63841], [141.388092, -10.641007], [141.374222, -10.643053], [141.361303, -10.645083], [141.355647, -10.64582], [141.349248, -10.646888], [141.343997, -10.647767], [141.338536, -10.648596], [141.322347, -10.651112], [141.318214, -10.651681], [141.308375, -10.653235], [141.304052, -10.653936], [141.296412, -10.655176], [141.285703, -10.656855], [141.276768, -10.658196], [141.268164, -10.659546], [141.263465, -10.660355], [141.256118, -10.661658], [141.246931, -10.663306], [141.242841, -10.663937], [141.238261, -10.664511], [141.232119, -10.665523], [141.226726, -10.666555], [141.22012, -10.667593], [141.214872, -10.668583], [141.20576, -10.670059], [141.198706, -10.671285], [141.192979, -10.672329], [141.187416, -10.67339], [141.177128, -10.675004], [141.167498, -10.676683], [141.163378, -10.677481], [141.158847, -10.678286], [141.154332, -10.679216], [141.145869, -10.680397], [141.138288, -10.681703], [141.126513, -10.683736], [141.120333, -10.68481], [141.116003, -10.685303], [141.109756, -10.686106], [141.101799, -10.687125], [141.097245, -10.68745], [141.092729, -10.687528], [141.088573, -10.687706], [141.081942, -10.687959], [141.075916, -10.688267], [141.069371, -10.688509], [141.059053, -10.688735], [141.053725, -10.689016], [141.0496, -10.689083], [141.040707, -10.689625], [141.034049, -10.689939], [141.030566, -10.690095], [141.021182, -10.68997], [141.010807, -10.689755], [141.004372, -10.689713], [140.992383, -10.689581], [140.97779, -10.689622], [140.964395, -10.689577], [140.95729, -10.689598], [140.945089, -10.689484], [140.938673, -10.689516], [140.92842, -10.689622], [140.920345, -10.689292], [140.913565, -10.689205], [140.903527, -10.689405], [140.898432, -10.689297], [140.890342, -10.689328], [140.879537, -10.689723], [140.864893, -10.690195], [140.859576, -10.690591], [140.850446, -10.691083], [140.838458, -10.691937], [140.83291, -10.692415], [140.827898, -10.692853], [140.823821, -10.693155], [140.818232, -10.693545], [140.810345, -10.69433], [140.804123, -10.69495], [140.793053, -10.696134], [140.786735, -10.696879], [140.774643, -10.697972], [140.769804, -10.698566], [140.765676, -10.698945], [140.755053, -10.700072], [140.749782, -10.700739], [140.739943, -10.701733], [140.73459, -10.702295], [140.72842, -10.703043], [140.718133, -10.704145], [140.708292, -10.705327], [140.702222, -10.706018], [140.689508, -10.707423], [140.683622, -10.708061], [140.67398, -10.70933], [140.664242, -10.710433], [140.65692, -10.711447], [140.649288, -10.712382], [140.640765, -10.713314], [140.636427, -10.713775], [140.629298, -10.714689], [140.619562, -10.715743], [140.613803, -10.716376], [140.609716, -10.716838], [140.604388, -10.717541], [140.596986, -10.718519], [140.590637, -10.71828], [140.583538, -10.717983], [140.57886, -10.7178], [140.573998, -10.717457], [140.566645, -10.717088], [140.558757, -10.71657], [140.552465, -10.716337], [140.546538, -10.716113], [140.529923, -10.71522], [140.522707, -10.715057], [140.509157, -10.714446], [140.49941, -10.714236], [140.487433, -10.714018], [140.481124, -10.713983], [140.474123, -10.713837], [140.462445, -10.713528], [140.455268, -10.713322], [140.449223, -10.713338], [140.443948, -10.713262], [140.437108, -10.713198], [140.427737, -10.712842], [140.421208, -10.712844], [140.413974, -10.712827], [140.406518, -10.712582], [140.391705, -10.712147], [140.382536, -10.712018], [140.374966, -10.711755], [140.367971, -10.711413], [140.360039, -10.711162], [140.348055, -10.710822], [140.341678, -10.710553], [140.334354, -10.710281], [140.319843, -10.709653], [140.308537, -10.708917], [140.300787, -10.708512], [140.29008, -10.707903], [140.280615, -10.707143], [140.274008, -10.706685], [140.262237, -10.706062], [140.25594, -10.7057], [140.244294, -10.704775], [140.233473, -10.703835], [140.224018, -10.702837], [140.21758, -10.702328], [140.208825, -10.701432], [140.203203, -10.700781], [140.195922, -10.699952], [140.181571, -10.698446], [140.167212, -10.696683], [140.153277, -10.694995], [140.140792, -10.693277], [140.13473, -10.692452], [140.122592, -10.690907], [140.11582, -10.689765], [140.108842, -10.688525], [140.098418, -10.686785], [140.087715, -10.684862], [140.078763, -10.68297], [140.071058, -10.681565], [140.06243, -10.680338], [140.056186, -10.679223], [140.047132, -10.67868], [140.038873, -10.678063], [140.031022, -10.677701], [140.019278, -10.676988], [140.011597, -10.676485], [140.000435, -10.675823], [139.992953, -10.67534], [139.987103, -10.674803], [139.979533, -10.674205], [139.975611, -10.673962], [139.971926, -10.673659], [139.967357, -10.673328], [139.961845, -10.672881], [139.953342, -10.67228], [139.945127, -10.671733], [139.923272, -10.669968], [139.917338, -10.669337], [139.907322, -10.668183], [139.899697, -10.667602], [139.892936, -10.666984], [139.884827, -10.666507], [139.879463, -10.665933], [139.86813, -10.664612], [139.85956, -10.663502], [139.84703, -10.661833], [139.838042, -10.66068], [139.833487, -10.660315], [139.821879, -10.658696], [139.814301, -10.6578], [139.802095, -10.656217], [139.798927, -10.655947], [139.788367, -10.654664], [139.773535, -10.652566], [139.763495, -10.651252], [139.756175, -10.650123], [139.732987, -10.646856], [139.725414, -10.645557], [139.713079, -10.643403], [139.700586, -10.640826], [139.688678, -10.638465], [139.679313, -10.636935], [139.672242, -10.63584], [139.659715, -10.634184], [139.653643, -10.633345], [139.643962, -10.632121], [139.636538, -10.631297], [139.629985, -10.630628], [139.623687, -10.629863], [139.616968, -10.629187], [139.613329, -10.628919], [139.605668, -10.631167], [139.598767, -10.633373], [139.591273, -10.63589], [139.574812, -10.641329], [139.559012, -10.646568], [139.546606, -10.651], [139.537375, -10.654255], [139.527452, -10.657895], [139.521089, -10.660222], [139.515195, -10.662347], [139.506165, -10.665603], [139.49847, -10.668535], [139.492808, -10.670523], [139.485902, -10.672939], [139.476453, -10.676324], [139.470722, -10.678343], [139.462634, -10.681359], [139.457266, -10.683347], [139.449428, -10.686298], [139.443732, -10.688533], [139.436175, -10.691471], [139.432002, -10.693109], [139.42715, -10.694936], [139.421377, -10.697243], [139.402313, -10.701605], [139.384943, -10.705467], [139.37026, -10.708387], [139.363618, -10.709762], [139.354924, -10.711617], [139.345008, -10.713728], [139.340602, -10.714652], [139.332182, -10.713437], [139.324331, -10.712616], [139.318519, -10.711918], [139.312654, -10.711263], [139.30538, -10.710366], [139.292113, -10.712374], [139.287656, -10.713413], [139.275944, -10.716168], [139.27023, -10.717496], [139.264163, -10.718875], [139.250408, -10.722284], [139.241949, -10.724415], [139.231737, -10.726183], [139.228021, -10.726723], [139.222421, -10.727668], [139.216152, -10.728758], [139.213614, -10.72914], [139.210739, -10.729661], [139.207984, -10.730112], [139.201793, -10.730723], [139.188623, -10.73167], [139.182635, -10.73217], [139.171492, -10.7331], [139.164872, -10.733413], [139.158982, -10.733677], [139.145548, -10.73467], [139.13831, -10.735001], [139.131258, -10.735462], [139.124922, -10.735975], [139.118472, -10.736579], [139.11234, -10.737326], [139.102453, -10.738341], [139.089631, -10.740141], [139.084986, -10.740824], [139.079264, -10.741652], [139.07544, -10.742187], [139.066936, -10.743583], [139.063107, -10.744253], [139.056867, -10.745329], [139.053685, -10.745868], [139.050951, -10.74631], [139.046874, -10.74706], [139.032943, -10.749767], [139.027163, -10.750945], [139.021038, -10.751857], [139.00871, -10.754305], [139.000514, -10.756173], [138.995452, -10.757328], [138.991199, -10.758332], [138.978818, -10.761163], [138.966386, -10.763964], [138.954249, -10.76659], [138.94331, -10.769226], [138.935696, -10.771104], [138.929633, -10.772539], [138.925299, -10.773634], [138.92163, -10.774545], [138.905752, -10.778683], [138.89833, -10.780616], [138.891112, -10.782363], [138.882129, -10.784508], [138.862907, -10.789135], [138.837355, -10.795098], [138.816203, -10.800155], [138.795548, -10.804963], [138.790893, -10.80613], [138.764073, -10.812948], [138.75231, -10.816057], [138.741089, -10.818413], [138.72301, -10.82201], [138.697755, -10.826878], [138.674332, -10.830588], [138.65685, -10.833707], [138.62504, -10.839435], [138.594852, -10.845212], [138.558017, -10.846528], [138.537253, -10.847404], [138.528104, -10.847715], [138.489712, -10.848852], [138.475808, -10.846127], [138.469977, -10.845318], [138.464992, -10.844488], [138.458299, -10.843525], [138.451237, -10.842582], [138.445912, -10.841779], [138.440005, -10.840863], [138.433916, -10.839858], [138.426833, -10.838852], [138.41896, -10.837611], [138.3996, -10.836285], [138.392008, -10.836248], [138.381342, -10.835898], [138.369028, -10.835533], [138.358407, -10.835188], [138.346432, -10.834442], [138.327018, -10.833402], [138.312976, -10.83226], [138.294362, -10.830777], [138.282217, -10.829672], [138.274527, -10.82892], [138.254253, -10.826695], [138.238982, -10.824832], [138.221107, -10.822491], [138.203467, -10.820107], [138.189658, -10.81798], [138.180999, -10.816724], [138.169145, -10.814715], [138.162655, -10.813565], [138.153885, -10.811892], [138.132973, -10.807997], [138.127825, -10.807055], [138.119423, -10.805617], [138.112822, -10.80436], [138.101183, -10.802175], [138.087678, -10.79967], [138.072888, -10.796935], [138.06462, -10.795295], [138.057846, -10.793927], [138.0439, -10.791148], [138.038743, -10.791277], [138.032983, -10.791559], [138.018365, -10.791997], [138.006138, -10.7934], [137.997245, -10.794475], [137.979698, -10.796403], [137.969213, -10.797543], [137.960568, -10.7986], [137.93515, -10.801385], [137.922473, -10.802973], [137.91197, -10.804118], [137.904437, -10.804875], [137.886102, -10.806837], [137.868932, -10.80882], [137.86149, -10.809685], [137.853482, -10.810597], [137.821702, -10.813926], [137.810417, -10.815139], [137.805073, -10.815792], [137.798072, -10.816602], [137.784418, -10.817858], [137.7765, -10.818624], [137.76583, -10.819643], [137.755475, -10.820773], [137.708647, -10.826338], [137.691067, -10.828388], [137.673287, -10.830722], [137.658975, -10.832595], [137.639838, -10.835105], [137.599433, -10.84065], [137.583305, -10.842858], [137.564717, -10.845427], [137.531482, -10.850642], [137.52174, -10.852322], [137.505597, -10.853713], [137.501172, -10.854113], [137.479294, -10.856265], [137.473373, -10.856851], [137.46904, -10.857245], [137.457105, -10.857123], [137.44657, -10.855932], [137.439498, -10.855497], [137.429652, -10.854992], [137.419737, -10.854498], [137.411465, -10.854143], [137.396848, -10.853933], [137.385336, -10.85518], [137.380732, -10.855728], [137.376035, -10.856231], [137.369042, -10.857058], [137.362007, -10.857923], [137.347373, -10.859572], [137.337652, -10.860523], [137.325205, -10.861742], [137.316723, -10.86259], [137.305792, -10.863947], [137.299233, -10.86457], [137.294069, -10.86519], [137.29122, -10.865393], [137.288192, -10.865668], [137.284726, -10.866007], [137.281613, -10.866278], [137.274869, -10.867017], [137.264432, -10.868218], [137.260233, -10.86859], [137.255585, -10.869041], [137.252612, -10.869066], [137.24899, -10.86939], [137.24623, -10.869752], [137.242818, -10.870106], [137.23909, -10.870541], [137.235936, -10.870998], [137.232196, -10.871392], [137.228303, -10.871904], [137.222638, -10.87256], [137.21594, -10.873412], [137.211947, -10.873988], [137.209225, -10.874365], [137.20634, -10.87474], [137.202191, -10.875267], [137.196448, -10.876081], [137.189862, -10.87699], [137.181872, -10.878032], [137.173522, -10.87928], [137.154417, -10.881997], [137.144219, -10.883718], [137.135883, -10.885062], [137.125992, -10.886798], [137.117192, -10.88846], [137.109884, -10.889862], [137.10345, -10.89102], [137.096087, -10.892274], [137.092586, -10.892949], [137.087462, -10.893904], [137.074947, -10.896239], [137.068181, -10.897483], [137.041427, -10.902907], [137.023223, -10.907025], [136.998165, -10.912738], [136.977765, -10.91703], [136.961812, -10.92004], [136.955548, -10.921202], [136.938833, -10.924282], [136.914507, -10.928452], [136.905375, -10.929957], [136.885013, -10.932714], [136.868744, -10.934839], [136.855972, -10.936082], [136.838023, -10.937378], [136.829085, -10.937887], [136.82071, -10.938408], [136.812262, -10.938887], [136.782663, -10.939783], [136.769808, -10.940219], [136.757575, -10.940268], [136.733675, -10.940682], [136.719142, -10.941315], [136.698588, -10.941223], [136.682091, -10.941517], [136.673061, -10.941889], [136.657767, -10.942785], [136.641238, -10.944738], [136.634175, -10.945356], [136.62397, -10.946287], [136.614537, -10.947255], [136.602485, -10.948578], [136.582347, -10.950787], [136.569233, -10.952501], [136.556527, -10.954203], [136.538095, -10.956423], [136.51803, -10.95946], [136.509081, -10.960642], [136.489087, -10.963642], [136.480595, -10.964956], [136.459408, -10.965828], [136.452917, -10.965914], [136.445919, -10.965973], [136.4342, -10.966077], [136.423035, -10.96624], [136.415498, -10.966202], [136.409062, -10.966254], [136.390042, -10.966352], [136.381172, -10.96643], [136.374405, -10.966574], [136.369217, -10.966638], [136.361415, -10.966754], [136.356715, -10.966832], [136.343812, -10.966958], [136.335575, -10.967063], [136.330735, -10.967113], [136.316745, -10.967339], [136.307457, -10.967484], [136.301369, -10.967592], [136.293885, -10.967681], [136.27792, -10.968182], [136.272706, -10.968748], [136.260589, -10.971108], [136.243802, -10.97436], [136.233198, -10.976228], [136.228128, -10.977204], [136.223127, -10.97807], [136.217588, -10.979073], [136.212918, -10.979875], [136.206517, -10.980911], [136.198817, -10.982025], [136.192607, -10.982976], [136.182948, -10.984553], [136.177622, -10.985315], [136.17017, -10.98637], [136.160312, -10.987709], [136.154586, -10.988433], [136.143401, -10.989926], [136.136613, -10.989268], [136.12614, -10.986584], [136.120813, -10.98518], [136.114921, -10.983784], [136.105102, -10.981147], [136.098392, -10.97931], [136.092753, -10.977677], [136.086908, -10.977016], [136.07074, -10.97523], [136.065975, -10.974534], [136.056773, -10.973128], [136.042637, -10.970682], [136.037272, -10.96992], [136.022744, -10.967157], [136.015001, -10.965746], [136.000807, -10.963037], [135.991323, -10.961092], [135.985522, -10.95998], [135.97742, -10.958242], [135.971995, -10.95691], [135.968099, -10.955998], [135.960987, -10.954358], [135.954142, -10.952577], [135.947409, -10.950784], [135.939657, -10.948623], [135.92573, -10.944766], [135.918132, -10.942577], [135.911805, -10.940652], [135.902462, -10.937643], [135.892596, -10.93472], [135.887175, -10.932876], [135.881121, -10.930978], [135.873617, -10.928526], [135.865982, -10.926018], [135.861318, -10.924487], [135.850844, -10.920947], [135.844204, -10.920179], [135.83724, -10.92048], [135.831173, -10.920949], [135.825013, -10.921359], [135.819987, -10.921924], [135.817035, -10.922629], [135.814167, -10.922933], [135.809346, -10.923902], [135.804731, -10.924422], [135.801168, -10.924914], [135.797001, -10.925577], [135.793205, -10.926116], [135.789125, -10.926671], [135.785421, -10.927276], [135.781608, -10.927878], [135.778252, -10.928294], [135.773896, -10.928819], [135.769582, -10.929377], [135.765948, -10.929602], [135.762449, -10.930107], [135.759409, -10.930732], [135.75559, -10.930786], [135.752348, -10.930927], [135.749279, -10.930836], [135.745676, -10.931389], [135.742092, -10.931963], [135.73871, -10.932348], [135.736096, -10.932577], [135.732151, -10.93255], [135.728963, -10.932403], [135.725721, -10.932578], [135.722828, -10.932813], [135.719918, -10.933146], [135.716572, -10.933407], [135.713372, -10.933508], [135.710176, -10.933894], [135.706779, -10.934293], [135.702157, -10.934586], [135.698109, -10.934975], [135.694582, -10.935116], [135.690284, -10.935382], [135.686484, -10.935749], [135.68327, -10.936021], [135.680561, -10.936186], [135.676878, -10.936259], [135.673096, -10.936403], [135.670058, -10.936407], [135.666615, -10.935917], [135.663842, -10.935849], [135.661028, -10.935704], [135.657656, -10.935467], [135.654853, -10.93536], [135.649794, -10.935181], [135.645551, -10.934969], [135.642341, -10.934813], [135.639343, -10.934612], [135.636436, -10.934552], [135.63288, -10.934319], [135.629293, -10.93389], [135.626035, -10.933768], [135.623492, -10.933866], [135.620568, -10.934053], [135.617189, -10.934008], [135.614351, -10.934025], [135.61171, -10.934304], [135.607695, -10.934242], [135.604115, -10.934259], [135.601395, -10.934673], [135.59822, -10.935182], [135.593682, -10.935216], [135.590658, -10.935334], [135.586926, -10.935673], [135.583999, -10.935811], [135.580274, -10.935862], [135.576623, -10.936014], [135.573318, -10.936384], [135.568761, -10.936695], [135.565734, -10.936903], [135.56228, -10.937133], [135.558464, -10.937529], [135.555244, -10.937977], [135.551858, -10.937977], [135.548396, -10.938124], [135.54445, -10.938701], [135.540684, -10.939191], [135.5369, -10.939596], [135.532828, -10.940336], [135.529126, -10.94073], [135.526013, -10.941096], [135.522077, -10.941942], [135.51781, -10.942306], [135.514754, -10.942527], [135.511289, -10.942693], [135.506333, -10.943129], [135.502599, -10.943399], [135.499388, -10.943372], [135.495917, -10.943543], [135.492553, -10.943812], [135.489394, -10.944096], [135.486452, -10.944305], [135.482322, -10.944521], [135.4784, -10.945051], [135.475005, -10.945338], [135.470365, -10.945861], [135.46733, -10.946359], [135.463683, -10.947002], [135.459334, -10.947623], [135.454864, -10.947993], [135.451583, -10.948579], [135.448698, -10.949297], [135.445018, -10.94968], [135.439482, -10.950513], [135.435835, -10.950996], [135.433136, -10.951517], [135.429958, -10.95217], [135.426574, -10.95269], [135.423487, -10.953303], [135.418699, -10.953874], [135.415681, -10.954224], [135.41195, -10.954882], [135.409128, -10.955389], [135.404657, -10.956132], [135.401635, -10.956828], [135.398171, -10.957374], [135.394679, -10.957887], [135.391531, -10.958415], [135.387798, -10.958607], [135.384581, -10.959055], [135.381346, -10.959705], [135.378418, -10.960445], [135.374856, -10.960829], [135.371259, -10.961205], [135.36796, -10.961461], [135.364041, -10.961902], [135.360662, -10.962531], [135.357913, -10.962678], [135.354829, -10.96297], [135.351086, -10.963607], [135.346943, -10.964404], [135.343903, -10.965078], [135.340338, -10.965906], [135.335902, -10.967318], [135.331479, -10.968844], [135.328424, -10.969986], [135.324914, -10.971297], [135.321049, -10.972765], [135.31825, -10.973864], [135.314257, -10.975447], [135.311328, -10.976737], [135.308182, -10.977976], [135.305357, -10.979325], [135.302002, -10.980748], [135.298231, -10.982252], [135.29456, -10.983916], [135.291424, -10.985248], [135.288527, -10.986498], [135.284727, -10.988298], [135.281669, -10.989535], [135.278507, -10.991206], [135.274815, -10.99287], [135.270941, -10.995018], [135.268011, -10.996561], [135.264608, -10.997991], [135.261002, -10.999342], [135.258041, -11.000428], [135.254767, -11.001368], [135.251358, -11.002419], [135.247738, -11.003484], [135.243999, -11.004597], [135.240373, -11.00585], [135.23713, -11.006999], [135.233374, -11.008297], [135.230374, -11.009055], [135.226782, -11.01007], [135.223659, -11.011153], [135.220146, -11.012042], [135.216954, -11.012955], [135.212987, -11.013993], [135.209169, -11.014798], [135.20627, -11.01557], [135.2023, -11.016376], [135.199583, -11.017003], [135.196216, -11.018043], [135.193062, -11.019158], [135.187349, -11.020848], [135.183693, -11.021995], [135.180214, -11.022988], [135.176307, -11.02406], [135.172865, -11.024993], [135.169987, -11.0258], [135.165674, -11.026893], [135.163369, -11.027771], [135.160535, -11.028545], [135.15786, -11.029285], [135.154473, -11.030235], [135.150758, -11.031015], [135.148219, -11.031744], [135.145548, -11.032546], [135.141275, -11.033363], [135.137826, -11.034192], [135.134093, -11.034881], [135.130318, -11.035563], [135.127664, -11.035865], [135.123301, -11.036414], [135.120069, -11.037083], [135.115893, -11.037791], [135.111764, -11.038319], [135.109132, -11.039053], [135.106059, -11.039632], [135.102451, -11.040045], [135.098665, -11.040763], [135.095417, -11.04109], [135.092596, -11.041417], [135.08947, -11.041902], [135.086322, -11.042141], [135.082868, -11.042052], [135.079445, -11.042171], [135.076058, -11.042385], [135.072798, -11.042677], [135.069748, -11.042999], [135.066032, -11.043305], [135.062358, -11.043608], [135.059518, -11.043843], [135.05682, -11.044154], [135.053648, -11.04429], [135.05093, -11.044404], [135.047353, -11.044682], [135.044222, -11.044865], [135.040232, -11.045551], [135.03562, -11.04574], [135.032279, -11.046311], [135.028577, -11.046757], [135.025444, -11.047072], [135.022356, -11.047437], [135.019401, -11.047764], [135.016535, -11.048226], [135.013031, -11.048233], [135.008328, -11.048998], [135.004652, -11.049274], [135.001451, -11.049633], [134.997729, -11.049693], [134.994991, -11.049633], [134.992282, -11.050016], [134.988917, -11.050406], [134.986236, -11.050955], [134.982624, -11.051217], [134.979566, -11.051799], [134.97674, -11.052508], [134.973167, -11.052946], [134.970591, -11.053347], [134.967642, -11.053614], [134.964107, -11.053918], [134.960395, -11.054149], [134.957715, -11.054362], [134.954646, -11.054466], [134.951501, -11.054743], [134.947899, -11.054866], [134.944719, -11.055306], [134.94156, -11.055926], [134.938891, -11.056253], [134.934277, -11.056617], [134.930432, -11.056979], [134.927175, -11.057276], [134.924332, -11.056973], [134.921428, -11.056264], [134.916677, -11.055317], [134.913291, -11.054727], [134.910142, -11.054042], [134.906544, -11.053424], [134.902642, -11.052449], [134.900004, -11.051951], [134.896046, -11.051054], [134.891303, -11.050092], [134.888443, -11.049476], [134.884623, -11.048515], [134.88077, -11.04759], [134.876955, -11.046753], [134.874138, -11.045956], [134.870722, -11.045154], [134.867591, -11.04461], [134.864647, -11.044131], [134.861816, -11.043812], [134.857456, -11.043187], [134.853347, -11.042699], [134.849934, -11.042172], [134.845842, -11.041463], [134.842669, -11.040749], [134.839109, -11.039824], [134.836068, -11.038986], [134.832171, -11.038121], [134.828842, -11.037641], [134.824083, -11.037175], [134.819953, -11.036219], [134.817125, -11.035672], [134.813319, -11.034694], [134.809314, -11.033572], [134.806979, -11.032948], [134.804331, -11.032405], [134.800631, -11.031848], [134.796389, -11.030986], [134.792588, -11.030341], [134.789094, -11.029668], [134.785507, -11.028894], [134.781454, -11.027626], [134.777871, -11.02669], [134.774593, -11.025606], [134.771375, -11.024687], [134.768057, -11.023613], [134.764772, -11.022605], [134.761706, -11.021877], [134.758437, -11.021172], [134.754951, -11.020326], [134.751599, -11.019624], [134.747887, -11.018868], [134.744092, -11.017499], [134.740262, -11.015937], [134.73647, -11.014962], [134.733264, -11.01411], [134.730077, -11.013705], [134.727134, -11.01279], [134.722664, -11.011397], [134.719795, -11.010598], [134.716313, -11.009587], [134.712119, -11.008148], [134.708446, -11.006795], [134.704163, -11.005382], [134.701141, -11.004568], [134.697946, -11.003775], [134.693486, -11.002318], [134.689767, -11.000992], [134.686819, -10.99988], [134.683374, -10.998485], [134.679684, -10.997404], [134.676507, -10.996319], [134.673353, -10.995466], [134.669437, -10.994219], [134.665615, -10.992848], [134.662366, -10.991407], [134.65819, -10.989118], [134.654222, -10.98724], [134.649322, -10.985084], [134.644579, -10.98286], [134.64075, -10.98102], [134.636569, -10.979126], [134.63346, -10.977506], [134.629514, -10.975369], [134.626456, -10.973908], [134.623251, -10.972569], [134.617974, -10.969927], [134.614123, -10.967918], [134.610218, -10.965577], [134.607105, -10.964313], [134.603433, -10.962936], [134.599165, -10.961048], [134.595276, -10.959405], [134.592153, -10.958112], [134.589037, -10.95659], [134.586176, -10.95568], [134.581496, -10.953603], [134.575327, -10.950697], [134.571577, -10.949477], [134.567942, -10.948061], [134.5643, -10.946366], [134.560116, -10.944562], [134.556223, -10.943016], [134.551485, -10.941489], [134.546601, -10.93977], [134.542922, -10.938091], [134.539187, -10.936217], [134.536028, -10.934429], [134.532463, -10.932653], [134.528269, -10.930575], [134.525179, -10.928938], [134.520754, -10.926619], [134.516959, -10.924682], [134.513112, -10.922951], [134.510562, -10.922017], [134.506326, -10.920358], [134.502401, -10.918711], [134.498798, -10.916935], [134.495197, -10.914821], [134.491307, -10.912739], [134.485739, -10.910555], [134.482544, -10.909406], [134.47794, -10.907669], [134.473528, -10.90603], [134.470133, -10.905165], [134.466944, -10.904264], [134.463695, -10.903223], [134.458259, -10.901473], [134.45384, -10.900245], [134.450144, -10.898593], [134.445459, -10.896649], [134.441577, -10.895006], [134.43828, -10.893512], [134.434591, -10.892103], [134.431109, -10.891009], [134.427745, -10.889862], [134.423941, -10.888462], [134.420059, -10.886747], [134.416734, -10.885633], [134.413264, -10.88457], [134.409558, -10.883228], [134.405725, -10.882162], [134.400555, -10.880815], [134.397115, -10.879561], [134.394432, -10.878544], [134.389983, -10.876205], [134.387379, -10.875174], [134.382908, -10.873323], [134.379166, -10.871955], [134.374817, -10.870035], [134.370852, -10.868301], [134.366934, -10.866439], [134.363623, -10.864995], [134.359165, -10.862836], [134.355289, -10.861284], [134.351498, -10.859618], [134.346265, -10.858099], [134.341619, -10.856367], [134.337428, -10.854721], [134.33364, -10.853476], [134.330583, -10.852555], [134.326437, -10.851331], [134.322418, -10.849877], [134.317317, -10.848002], [134.313508, -10.846462], [134.309887, -10.845063], [134.306306, -10.843843], [134.302916, -10.842661], [134.299154, -10.841071], [134.294467, -10.838985], [134.289061, -10.837008], [134.285864, -10.83621], [134.281407, -10.83457], [134.276825, -10.833205], [134.274191, -10.832507], [134.270401, -10.831424], [134.265545, -10.829827], [134.262205, -10.828309], [134.259361, -10.827132], [134.256526, -10.825857], [134.252647, -10.824689], [134.248981, -10.823445], [134.244725, -10.822565], [134.240296, -10.82167], [134.235401, -10.819817], [134.232347, -10.818626], [134.227244, -10.817231], [134.222197, -10.816218], [134.218885, -10.815497], [134.215026, -10.814947], [134.210094, -10.813993], [134.207206, -10.813337], [134.203449, -10.812557], [134.199352, -10.811587], [134.194303, -10.810502], [134.19088, -10.809866], [134.187079, -10.809259], [134.183986, -10.808892], [134.181073, -10.808284], [134.176711, -10.807663], [134.172451, -10.807224], [134.168318, -10.806604], [134.163857, -10.805889], [134.160898, -10.805233], [134.157894, -10.804463], [134.154439, -10.803907], [134.149781, -10.803294], [134.146757, -10.802755], [134.142669, -10.802306], [134.138874, -10.801684], [134.135123, -10.801299], [134.131298, -10.800793], [134.127303, -10.800784], [134.124538, -10.800649], [134.12131, -10.800252], [134.116808, -10.799978], [134.110246, -10.799101], [134.106835, -10.798931], [134.103442, -10.798527], [134.10009, -10.798257], [134.096236, -10.798038], [134.091947, -10.797698], [134.08716, -10.796776], [134.081481, -10.796423], [134.075522, -10.795978], [134.072217, -10.795316], [134.068034, -10.794908], [134.064981, -10.794995], [134.059802, -10.793972], [134.056134, -10.793689], [134.053214, -10.793773], [134.04989, -10.793763], [134.047245, -10.793697], [134.043653, -10.793877], [134.040594, -10.794359], [134.036274, -10.794832], [134.032982, -10.79537], [134.029993, -10.79566], [134.026165, -10.795812], [134.023568, -10.795892], [134.019262, -10.795849], [134.01665, -10.795803], [134.014027, -10.796], [134.010673, -10.796001], [134.007792, -10.796051], [134.004578, -10.796186], [134.001609, -10.79633], [133.998375, -10.79629], [133.995615, -10.796423], [133.991825, -10.796428], [133.989222, -10.795852], [133.985158, -10.794339], [133.981853, -10.792858], [133.978423, -10.791441], [133.975508, -10.790306], [133.972966, -10.789241], [133.970565, -10.788268], [133.966706, -10.786884], [133.96385, -10.785928], [133.960909, -10.784675], [133.958429, -10.783188], [133.956381, -10.781666], [133.952942, -10.779694], [133.950098, -10.778451], [133.947798, -10.777312], [133.945046, -10.776084], [133.94239, -10.775226], [133.939995, -10.773516], [133.937441, -10.772029], [133.93455, -10.770771], [133.931822, -10.76967], [133.929296, -10.76821], [133.926641, -10.767123], [133.923786, -10.765694], [133.921172, -10.7641], [133.918714, -10.762464], [133.916215, -10.760803], [133.913217, -10.758929], [133.91054, -10.757404], [133.907695, -10.755513], [133.90348, -10.75273], [133.901063, -10.751125], [133.897945, -10.749377], [133.895403, -10.747611], [133.892947, -10.745646], [133.89074, -10.744281], [133.888255, -10.742258], [133.885832, -10.740355], [133.883447, -10.738229], [133.881051, -10.736148], [133.878627, -10.734354], [133.875768, -10.732844], [133.87215, -10.730553], [133.869951, -10.72921], [133.866302, -10.727992], [133.863774, -10.728227], [133.860863, -10.727343], [133.857955, -10.726544], [133.855249, -10.726407], [133.852238, -10.726182], [133.848895, -10.72573], [133.846081, -10.725665], [133.842778, -10.725224], [133.839166, -10.723897], [133.835595, -10.722906], [133.832649, -10.722065], [133.829941, -10.721891], [133.827193, -10.720706], [133.823786, -10.719548], [133.820913, -10.719045], [133.817719, -10.71824], [133.814335, -10.71789], [133.811167, -10.716796], [133.807906, -10.716173], [133.805074, -10.715555], [133.802024, -10.7152], [133.79864, -10.714198], [133.796181, -10.713506], [133.792581, -10.7132], [133.78974, -10.712417], [133.785904, -10.711601], [133.782967, -10.710971], [133.779826, -10.710403], [133.777201, -10.710076], [133.77443, -10.709737], [133.771078, -10.708524], [133.767944, -10.707682], [133.76472, -10.706528], [133.761534, -10.704926], [133.758876, -10.703342], [133.756293, -10.702629], [133.753837, -10.701783], [133.751213, -10.700871], [133.747839, -10.69931], [133.744125, -10.698121], [133.74104, -10.69666], [133.738869, -10.695599], [133.734719, -10.693615], [133.731695, -10.692553], [133.728636, -10.691686], [133.725463, -10.690116], [133.722176, -10.688988], [133.718902, -10.687637], [133.716147, -10.686229], [133.712475, -10.684368], [133.709268, -10.682821], [133.706045, -10.681674], [133.702905, -10.680717], [133.699498, -10.679761], [133.696414, -10.678299], [133.693466, -10.677428], [133.690677, -10.676146], [133.687276, -10.674238], [133.684474, -10.67308], [133.680331, -10.670711], [133.676922, -10.669903], [133.674053, -10.668811], [133.671799, -10.666992], [133.668793, -10.665336], [133.66464, -10.663517], [133.661789, -10.662295], [133.657226, -10.660567], [133.653157, -10.658693], [133.648604, -10.656821], [133.645382, -10.655754], [133.642164, -10.654974], [133.638404, -10.653464], [133.634696, -10.651462], [133.631407, -10.650543], [133.628022, -10.649874], [133.624194, -10.648343], [133.621154, -10.647801], [133.61846, -10.647092], [133.615255, -10.645982], [133.61207, -10.644665], [133.608769, -10.643283], [133.605085, -10.641148], [133.601345, -10.639594], [133.597647, -10.637907], [133.594815, -10.636611], [133.591665, -10.634957], [133.588788, -10.633081], [133.585388, -10.631817], [133.582193, -10.630532], [133.578606, -10.629048], [133.575731, -10.627944], [133.571612, -10.62611], [133.567948, -10.624629], [133.565171, -10.623577], [133.561965, -10.622328], [133.558552, -10.621214], [133.554688, -10.620435], [133.551276, -10.618839], [133.548211, -10.617666], [133.545377, -10.617116], [133.541677, -10.615391], [133.538084, -10.614252], [133.535488, -10.613256], [133.531266, -10.611282], [133.52757, -10.610177], [133.523933, -10.609215], [133.520352, -10.607572], [133.516468, -10.60554], [133.512727, -10.604496], [133.50933, -10.603638], [133.50569, -10.602162], [133.502186, -10.600959], [133.499235, -10.599687], [133.495373, -10.597758], [133.492219, -10.59622], [133.489033, -10.595056], [133.485483, -10.593473], [133.482524, -10.591789], [133.479041, -10.590419], [133.474997, -10.588654], [133.471153, -10.587267], [133.467457, -10.584874], [133.464675, -10.583003], [133.461799, -10.582137], [133.458505, -10.580784], [133.455641, -10.579068], [133.452552, -10.578056], [133.449983, -10.577091], [133.446927, -10.575642], [133.443798, -10.574468], [133.440542, -10.573499], [133.437046, -10.57164], [133.433356, -10.569956], [133.430096, -10.568694], [133.427081, -10.567584], [133.423004, -10.565959], [133.419021, -10.564615], [133.415596, -10.562783], [133.412585, -10.561711], [133.408899, -10.560238], [133.405668, -10.559492], [133.402174, -10.558033], [133.399676, -10.556852], [133.395884, -10.555262], [133.393355, -10.55413], [133.389925, -10.552586], [133.386933, -10.551301], [133.383673, -10.550147], [133.379736, -10.548761], [133.376526, -10.547631], [133.373034, -10.546178], [133.370213, -10.544566], [133.367448, -10.54321], [133.363619, -10.541152], [133.35979, -10.539779], [133.355373, -10.538322], [133.352373, -10.537184], [133.349962, -10.53635], [133.346022, -10.534934], [133.341742, -10.533392], [133.336595, -10.531948], [133.334026, -10.531213], [133.329339, -10.530318], [133.32501, -10.529622], [133.321412, -10.529425], [133.318415, -10.529208], [133.313263, -10.528474], [133.309136, -10.527946], [133.306194, -10.528151], [133.303657, -10.528515], [133.301033, -10.528378], [133.296355, -10.52832], [133.292677, -10.528127], [133.288516, -10.527929], [133.285075, -10.527583], [133.281041, -10.527586], [133.27688, -10.527252], [133.273721, -10.527098], [133.270815, -10.526911], [133.267831, -10.526907], [133.265283, -10.526974], [133.262001, -10.527463], [133.257967, -10.52756], [133.253997, -10.52771], [133.25074, -10.527952], [133.2474, -10.528244], [133.244791, -10.528499], [133.240872, -10.52903], [133.236641, -10.529087], [133.232484, -10.529123], [133.228867, -10.529095], [133.226162, -10.529366], [133.222773, -10.529464], [133.219296, -10.529425], [133.215285, -10.529309], [133.212604, -10.529117], [133.209206, -10.529325], [133.205532, -10.52973], [133.20175, -10.530073], [133.198419, -10.530193], [133.19395, -10.530056], [133.191395, -10.530391], [133.18879, -10.530851], [133.185313, -10.531415], [133.181505, -10.531742], [133.177258, -10.531939], [133.174804, -10.532144], [133.170852, -10.532802], [133.167541, -10.533256], [133.164324, -10.533815], [133.160599, -10.534471], [133.157597, -10.534977], [133.15343, -10.535022], [133.14882, -10.535411], [133.144501, -10.535483], [133.141508, -10.535702], [133.138029, -10.535974], [133.134911, -10.536707], [133.130919, -10.537119], [133.127186, -10.537402], [133.123874, -10.537701], [133.120556, -10.538205], [133.117641, -10.538567], [133.114976, -10.53901], [133.112125, -10.5394], [133.108563, -10.540005], [133.106152, -10.540624], [133.103163, -10.54101], [133.100622, -10.541568], [133.098092, -10.542066], [133.09441, -10.542217], [133.091833, -10.542757], [133.088237, -10.542992], [133.08563, -10.543161], [133.083227, -10.543542], [133.080544, -10.54392], [133.077724, -10.544579], [133.074431, -10.545362], [133.070868, -10.546246], [133.067241, -10.546665], [133.064229, -10.54679], [133.060651, -10.547316], [133.05556, -10.547996], [133.051806, -10.548683], [133.047998, -10.549718], [133.043665, -10.550716], [133.039904, -10.551746], [133.037302, -10.55255], [133.03316, -10.553542], [133.029281, -10.554652], [133.026169, -10.555189], [133.023752, -10.556025], [133.020314, -10.556965], [133.017348, -10.557826], [133.013551, -10.558722], [133.010931, -10.559466], [133.007994, -10.56032], [133.005474, -10.561258], [133.00238, -10.562155], [133.000012, -10.563061], [132.9967, -10.563853], [132.991647, -10.564993], [132.988822, -10.56606], [132.985144, -10.567355], [132.978432, -10.569058], [132.971963, -10.57055], [132.967326, -10.571632], [132.964022, -10.57225], [132.961408, -10.573105], [132.957349, -10.574466], [132.953752, -10.575297], [132.951049, -10.576136], [132.947518, -10.57733], [132.943126, -10.578565], [132.939929, -10.579254], [132.93659, -10.580179], [132.932883, -10.581343], [132.929804, -10.582239], [132.925539, -10.583413], [132.921771, -10.584417], [132.918243, -10.585695], [132.914957, -10.58669], [132.912524, -10.587388], [132.90971, -10.588266], [132.904669, -10.590228], [132.900216, -10.591589], [132.89664, -10.5931], [132.892996, -10.594435], [132.888826, -10.596333], [132.885552, -10.598007], [132.882281, -10.599404], [132.878669, -10.601232], [132.876068, -10.602331], [132.87185, -10.60402], [132.867507, -10.605772], [132.863901, -10.607143], [132.860121, -10.609026], [132.856221, -10.610737], [132.853002, -10.611853], [132.850492, -10.612699], [132.847379, -10.614078], [132.843814, -10.615749], [132.840176, -10.617549], [132.83538, -10.619272], [132.832456, -10.620111], [132.828988, -10.621111], [132.825362, -10.622584], [132.822288, -10.62386], [132.819255, -10.624973], [132.815578, -10.626645], [132.812035, -10.628246], [132.808291, -10.630396], [132.805503, -10.632146], [132.803392, -10.633617], [132.800727, -10.635559], [132.798221, -10.637261], [132.796158, -10.638574], [132.792744, -10.640769], [132.790203, -10.64271], [132.787733, -10.644678], [132.785417, -10.64637], [132.782676, -10.648413], [132.779987, -10.650332], [132.77794, -10.651804], [132.776133, -10.65331], [132.774155, -10.654766], [132.771656, -10.656342], [132.769018, -10.658066], [132.766499, -10.659654], [132.764202, -10.661334], [132.761972, -10.66296], [132.75646, -10.666608], [132.752738, -10.668688], [132.749651, -10.67067], [132.74482, -10.673462], [132.741377, -10.675138], [132.738223, -10.676548], [132.735693, -10.677878], [132.732209, -10.67967], [132.727795, -10.682214], [132.724879, -10.683737], [132.720745, -10.685706], [132.717202, -10.687246], [132.713652, -10.68885], [132.710543, -10.690493], [132.707605, -10.691748], [132.704547, -10.693154], [132.702099, -10.694363], [132.699621, -10.695756], [132.69737, -10.696784], [132.693954, -10.698664], [132.691491, -10.699954], [132.6884, -10.701534], [132.685172, -10.702967], [132.681856, -10.70487], [132.679046, -10.706255], [132.675834, -10.707876], [132.672555, -10.709917], [132.66916, -10.711876], [132.66552, -10.713547], [132.661507, -10.715311], [132.657229, -10.717225], [132.654368, -10.718295], [132.650202, -10.720069], [132.646477, -10.721433], [132.642912, -10.723099], [132.640172, -10.72446], [132.636816, -10.725835], [132.633279, -10.72704], [132.630279, -10.728092], [132.626855, -10.729586], [132.621774, -10.73178], [132.617471, -10.733802], [132.614213, -10.734816], [132.610888, -10.736172], [132.606862, -10.737767], [132.603306, -10.739141], [132.600012, -10.740347], [132.597251, -10.741288], [132.593624, -10.742814], [132.590206, -10.744136], [132.587268, -10.745179], [132.582299, -10.747139], [132.579005, -10.748634], [132.575024, -10.750134], [132.571751, -10.751322], [132.568265, -10.751605], [132.564999, -10.751787], [132.560838, -10.752245], [132.555961, -10.752304], [132.553073, -10.752682], [132.548446, -10.753552], [132.544155, -10.754397], [132.539932, -10.75513], [132.53668, -10.755831], [132.531814, -10.756712], [132.528659, -10.75723], [132.525224, -10.757575], [132.521412, -10.758158], [132.517974, -10.758517], [132.514733, -10.758713], [132.511492, -10.758994], [132.508553, -10.759149], [132.504193, -10.759352], [132.501339, -10.759622], [132.497863, -10.760202], [132.494198, -10.760708], [132.489877, -10.760943], [132.484647, -10.761487], [132.481026, -10.76222], [132.476999, -10.762697], [132.473134, -10.763245], [132.468368, -10.763477], [132.465432, -10.763731], [132.462588, -10.763785], [132.459155, -10.764078], [132.45486, -10.764562], [132.451452, -10.765459], [132.447111, -10.765614], [132.442689, -10.765707], [132.438986, -10.766241], [132.434065, -10.766532], [132.431017, -10.766512], [132.426984, -10.766476], [132.424081, -10.766557], [132.420243, -10.766444], [132.416289, -10.766417], [132.412124, -10.766479], [132.409123, -10.76634], [132.405635, -10.766568], [132.402135, -10.767246], [132.398037, -10.767677], [132.394304, -10.767628], [132.390542, -10.767408], [132.386483, -10.767607], [132.382933, -10.76778], [132.379015, -10.767817], [132.376256, -10.767493], [132.372762, -10.767474], [132.369616, -10.767374], [132.366045, -10.767467], [132.36146, -10.767391], [132.358079, -10.767304], [132.352274, -10.766985], [132.348496, -10.766491], [132.34564, -10.766194], [132.343, -10.766105], [132.340145, -10.765779], [132.337367, -10.765236], [132.334121, -10.765404], [132.331715, -10.765265], [132.327278, -10.765051], [132.324814, -10.765398], [132.321635, -10.765156], [132.318807, -10.764856], [132.314844, -10.764594], [132.311922, -10.764778], [132.308473, -10.764875], [132.305465, -10.764807], [132.302462, -10.765005], [132.299872, -10.765469], [132.29732, -10.765371], [132.29471, -10.76532], [132.291848, -10.765371], [132.288755, -10.765385], [132.285048, -10.765499], [132.282158, -10.765678], [132.277795, -10.765542], [132.274753, -10.765756], [132.271713, -10.765949], [132.268144, -10.766486], [132.265123, -10.766897], [132.262003, -10.767364], [132.258203, -10.767934], [132.255488, -10.766766], [132.251386, -10.76628], [132.248304, -10.766134], [132.245275, -10.766147], [132.241772, -10.766146], [132.23898, -10.766247], [132.236386, -10.766432], [132.2334, -10.766976], [132.230262, -10.76727], [132.227407, -10.767445], [132.224783, -10.767273], [132.220194, -10.767178], [132.215871, -10.76729], [132.211119, -10.767355], [132.207714, -10.767629], [132.204766, -10.768041], [132.201579, -10.768384], [132.19855, -10.768645], [132.195043, -10.769172], [132.192404, -10.76924], [132.188754, -10.769507], [132.185668, -10.769814], [132.182557, -10.770062], [132.179454, -10.770102], [132.175672, -10.77016], [132.171162, -10.770142], [132.168167, -10.770201], [132.165256, -10.769968], [132.162164, -10.770158], [132.158698, -10.770192], [132.155629, -10.770485], [132.152322, -10.770055], [132.14961, -10.770561], [132.145981, -10.770775], [132.142501, -10.770798], [132.139654, -10.770746], [132.135657, -10.771037], [132.131092, -10.771261], [132.127164, -10.771534], [132.124147, -10.772003], [132.121315, -10.77212], [132.118488, -10.772527], [132.115541, -10.772743], [132.112199, -10.773083], [132.108742, -10.773262], [132.105197, -10.77331], [132.10249, -10.773622], [132.099871, -10.773854], [132.096299, -10.773848], [132.093432, -10.773567], [132.090945, -10.773462], [132.089527, -10.771588], [132.086346, -10.771427], [132.082172, -10.770915], [132.07891, -10.770534], [132.074799, -10.770131], [132.071755, -10.769924], [132.068623, -10.770139], [132.064592, -10.770079], [132.061699, -10.769852], [132.057762, -10.76961], [132.054462, -10.769596], [132.05024, -10.769389], [132.047467, -10.769226], [132.04424, -10.768974], [132.040902, -10.768771], [132.038125, -10.768587], [132.034911, -10.76899], [132.030489, -10.770453], [132.024069, -10.772895], [132.019193, -10.774855], [132.015227, -10.776381], [132.012256, -10.777194], [132.008851, -10.777], [132.005586, -10.776494], [132.001933, -10.775807], [131.997982, -10.774718], [131.994631, -10.773723], [131.9914, -10.772577], [131.987401, -10.771318], [131.984302, -10.770565], [131.980746, -10.769415], [131.976727, -10.768187], [131.974157, -10.767123], [131.970961, -10.766443], [131.967398, -10.766071], [131.963528, -10.765668], [131.960065, -10.766125], [131.956663, -10.766342], [131.953107, -10.766293], [131.950432, -10.76593], [131.947872, -10.765828], [131.943897, -10.765393], [131.940052, -10.764883], [131.936102, -10.764742], [131.931574, -10.764779], [131.927981, -10.764553], [131.925121, -10.764148], [131.921518, -10.764057], [131.91863, -10.763034], [131.915758, -10.763615], [131.913034, -10.764489], [131.910288, -10.765093], [131.9074, -10.765638], [131.904508, -10.766327], [131.902039, -10.767197], [131.898676, -10.768629], [131.896242, -10.769678], [131.893275, -10.77079], [131.890509, -10.771875], [131.886776, -10.773112], [131.883213, -10.774126], [131.88012, -10.774755], [131.876349, -10.775859], [131.873163, -10.776909], [131.869542, -10.777927], [131.866699, -10.778855], [131.862796, -10.779952], [131.859604, -10.780716], [131.856445, -10.781718], [131.853872, -10.782699], [131.850282, -10.783622], [131.847102, -10.78449], [131.844022, -10.785343], [131.840904, -10.786164], [131.837955, -10.787134], [131.835122, -10.787513], [131.832011, -10.788069], [131.82892, -10.788586], [131.825679, -10.789457], [131.82215, -10.789886], [131.818523, -10.791116], [131.815852, -10.791682], [131.81191, -10.792502], [131.807081, -10.793558], [131.803588, -10.794413], [131.800351, -10.794929], [131.797417, -10.7959], [131.793936, -10.796715], [131.789463, -10.797511], [131.785408, -10.798405], [131.781398, -10.799601], [131.777966, -10.800542], [131.774113, -10.801745], [131.770951, -10.802542], [131.768159, -10.803266], [131.765067, -10.804387], [131.761968, -10.805718], [131.758964, -10.806909], [131.755521, -10.807876], [131.752031, -10.809633], [131.748075, -10.811102], [131.743689, -10.812691], [131.740597, -10.81392], [131.737175, -10.815155], [131.733043, -10.816627], [131.729351, -10.817513], [131.72591, -10.81851], [131.722012, -10.819611], [131.717949, -10.82092], [131.714644, -10.821863], [131.711699, -10.822759], [131.70868, -10.823824], [131.705533, -10.825023], [131.702229, -10.826522], [131.698786, -10.827358], [131.695698, -10.828431], [131.692657, -10.829434], [131.689259, -10.830399], [131.685517, -10.831256], [131.682189, -10.832153], [131.677337, -10.834303], [131.67372, -10.83531], [131.670213, -10.836323], [131.666777, -10.836862], [131.66319, -10.837584], [131.660378, -10.838049], [131.656848, -10.839229], [131.653812, -10.839557], [131.650847, -10.839874], [131.647418, -10.840504], [131.64366, -10.841109], [131.639358, -10.841478], [131.63612, -10.841736], [131.631252, -10.841885], [131.626637, -10.842291], [131.622905, -10.842947], [131.618755, -10.843357], [131.614627, -10.843391], [131.61177, -10.84378], [131.608357, -10.844374], [131.604512, -10.844963], [131.599762, -10.844947], [131.596324, -10.844961], [131.592753, -10.845239], [131.588221, -10.84531], [131.584138, -10.845275], [131.580408, -10.845529], [131.575409, -10.845201], [131.570523, -10.8451], [131.565902, -10.845345], [131.562091, -10.845498], [131.557705, -10.845418], [131.552557, -10.845004], [131.549371, -10.844786], [131.545266, -10.844695], [131.541811, -10.844653], [131.538241, -10.844904], [131.53482, -10.844919], [131.527775, -10.844477], [131.52383, -10.844276], [131.518872, -10.84445], [131.514868, -10.844156], [131.510916, -10.843973], [131.505377, -10.843996], [131.501618, -10.843913], [131.497103, -10.843888], [131.492706, -10.844031], [131.488818, -10.843986], [131.480204, -10.844269], [131.475711, -10.844767], [131.471208, -10.845303], [131.466874, -10.845669], [131.463432, -10.846273], [131.459657, -10.846479], [131.455285, -10.846994], [131.450412, -10.847322], [131.445218, -10.847329], [131.440262, -10.847504], [131.435729, -10.847466], [131.43026, -10.847686], [131.425373, -10.847801], [131.420258, -10.847884], [131.416357, -10.847844], [131.41134, -10.847616], [131.407062, -10.84781], [131.402307, -10.847327], [131.397543, -10.846803], [131.392323, -10.846785], [131.386982, -10.846687], [131.381982, -10.846427], [131.376402, -10.847077], [131.368997, -10.847791], [131.364367, -10.848603], [131.357849, -10.850208], [131.352102, -10.85182], [131.345853, -10.854186], [131.340769, -10.856232], [131.337596, -10.857689], [131.333453, -10.859223], [131.329767, -10.860732], [131.325075, -10.862784], [131.32026, -10.865236], [131.316101, -10.867844], [131.312059, -10.870066], [131.30844, -10.871997], [131.303944, -10.874327], [131.299791, -10.876461], [131.295903, -10.878438], [131.292507, -10.880478], [131.288006, -10.882856], [131.281673, -10.88583], [131.275252, -10.888311], [131.270737, -10.888897], [131.267036, -10.889407], [131.261261, -10.890326], [131.256067, -10.891767], [131.25196, -10.892475], [131.24576, -10.894232], [131.237678, -10.895673], [131.229204, -10.896955], [131.220463, -10.898309], [131.207487, -10.900502], [131.201998, -10.901623], [131.195394, -10.902903], [131.188347, -10.904415], [131.183778, -10.905487], [131.171017, -10.906638], [131.153665, -10.908297], [131.139552, -10.910263], [131.120215, -10.913148], [131.107495, -10.915135], [131.09965, -10.916433], [131.092121, -10.917772], [131.088773, -10.918355], [131.084411, -10.91909], [131.079638, -10.920026], [131.074521, -10.920916], [131.071624, -10.921597], [131.067651, -10.922296], [131.061929, -10.92354], [131.056174, -10.924465], [131.050018, -10.925441], [131.044512, -10.926142], [131.037778, -10.927409], [131.032091, -10.928096], [131.025883, -10.929578], [131.021006, -10.930739], [131.016533, -10.931384], [131.011184, -10.932389], [131.006678, -10.933203], [131.003164, -10.933707], [131.000098, -10.932854], [130.99762, -10.931574], [130.995244, -10.93029], [130.993019, -10.929023], [130.991119, -10.928061], [130.987599, -10.928547], [130.984395, -10.929414], [130.980313, -10.930649], [130.976052, -10.932097], [130.97113, -10.93329], [130.966748, -10.934662], [130.963399, -10.935499], [130.957338, -10.936749], [130.953265, -10.937934], [130.948866, -10.939275], [130.944639, -10.940345], [130.939061, -10.941707], [130.93491, -10.942741], [130.930392, -10.943485], [130.926907, -10.944203], [130.923215, -10.944753], [130.92113, -10.945659], [130.917514, -10.947067], [130.914639, -10.947894], [130.910901, -10.94893], [130.907604, -10.949823], [130.902138, -10.951931], [130.899027, -10.952979], [130.895969, -10.953915], [130.89305, -10.954987], [130.888226, -10.95654], [130.882722, -10.958287], [130.87802, -10.959647], [130.874189, -10.960826], [130.870037, -10.962143], [130.866861, -10.963257], [130.861058, -10.965169], [130.857789, -10.966317], [130.853146, -10.967858], [130.846496, -10.970149], [130.842948, -10.971094], [130.838633, -10.972516], [130.834463, -10.974065], [130.830907, -10.975797], [130.826595, -10.977586], [130.821633, -10.980054], [130.816708, -10.98194], [130.810558, -10.984442], [130.806844, -10.986023], [130.802496, -10.987579], [130.797759, -10.989508], [130.793399, -10.991191], [130.789874, -10.992494], [130.785877, -10.9942], [130.783292, -10.995413], [130.780135, -10.996915], [130.777269, -10.998377], [130.773576, -10.999952], [130.770004, -11.001276], [130.767154, -11.002623], [130.763545, -11.004357], [130.759822, -11.006345], [130.755718, -11.008618], [130.752056, -11.010502], [130.747536, -11.013018], [130.744653, -11.014611], [130.739761, -11.017466], [130.73455, -11.020057], [130.730585, -11.022165], [130.727879, -11.02361], [130.724101, -11.025575], [130.719509, -11.028056], [130.716598, -11.029815], [130.713227, -11.031927], [130.709091, -11.034539], [130.705916, -11.036546], [130.702015, -11.039283], [130.698337, -11.041664], [130.694038, -11.044327], [130.689148, -11.047713], [130.685558, -11.049898], [130.681419, -11.052144], [130.673895, -11.056828], [130.659478, -11.055968], [130.652237, -11.055007], [130.640683, -11.05334], [130.629595, -11.051793], [130.621627, -11.050678], [130.612205, -11.049354], [130.604729, -11.048325], [130.598889, -11.047548], [130.592495, -11.04663], [130.579294, -11.044934], [130.572753, -11.044095], [130.56502, -11.04305], [130.559658, -11.042493], [130.554859, -11.041957], [130.549172, -11.041449], [130.544531, -11.040433], [130.523938, -11.034055], [130.515546, -11.031741], [130.506022, -11.029043], [130.49627, -11.02634], [130.48415, -11.024362], [130.468147, -11.020098], [130.45752, -11.017263], [130.446612, -11.012923], [130.432455, -11.00708], [130.419599, -11.002012], [130.405328, -10.996896], [130.397835, -10.997747], [130.392166, -11.000563], [130.38624, -11.003033], [130.380595, -11.003815], [130.375602, -11.004473], [130.372324, -11.00443], [130.365112, -11.005226], [130.359885, -11.00512], [130.353525, -11.004078], [130.34909, -11.002856], [130.34333, -11.00213], [130.339766, -11.000859], [130.336719, -10.997544], [130.333405, -10.993568], [130.330176, -10.990097], [130.327388, -10.987373], [130.323728, -10.983529], [130.319622, -10.979288], [130.316154, -10.976436], [130.311614, -10.972984], [130.308619, -10.970539], [130.305026, -10.967283], [130.300196, -10.966055], [130.295102, -10.966019], [130.289112, -10.966196], [130.283737, -10.966635], [130.278918, -10.967176], [130.270843, -10.968265], [130.264567, -10.968972], [130.258625, -10.969676], [130.25377, -10.970215], [130.248993, -10.970866], [130.24277, -10.971595], [130.236387, -10.972627], [130.232173, -10.973295], [130.227639, -10.973977], [130.222461, -10.975037], [130.216557, -10.975986], [130.211239, -10.976907], [130.20236, -10.97802], [130.196427, -10.979132], [130.190647, -10.980497], [130.184394, -10.981944], [130.178211, -10.983382], [130.17277, -10.984925], [130.167002, -10.986353], [130.161546, -10.987836], [130.155651, -10.98967], [130.151077, -10.990983], [130.145175, -10.993046], [130.138511, -10.995485], [130.133531, -10.997449], [130.127608, -10.999877], [130.123653, -11.002154], [130.119337, -11.004299], [130.11323, -11.006793], [130.106287, -11.009963], [130.10142, -11.011836], [130.097311, -11.013473], [130.091816, -11.015975], [130.087585, -11.017688], [130.080357, -11.020046], [130.074932, -11.021704], [130.068837, -11.023628], [130.062713, -11.025292], [130.05702, -11.027372], [130.049969, -11.029446], [130.045691, -11.031334], [130.041071, -11.033671], [130.035462, -11.03677], [130.031368, -11.039153], [130.026091, -11.041942], [130.021357, -11.045034], [130.017575, -11.047355], [130.012526, -11.051], [130.00808, -11.05399], [130.002936, -11.057287], [129.998092, -11.060495], [129.994616, -11.063222], [129.991057, -11.066241], [129.986798, -11.069683], [129.983725, -11.073004], [129.980195, -11.076243], [129.976896, -11.077949], [129.974107, -11.079683], [129.970713, -11.081911], [129.968092, -11.083682], [129.963681, -11.086814], [129.96052, -11.089232], [129.95764, -11.091422], [129.954505, -11.093782], [129.951031, -11.096077], [129.947942, -11.098325], [129.94521, -11.100763], [129.942499, -11.102889], [129.939506, -11.104569], [129.936025, -11.107359], [129.93354, -11.109053], [129.930684, -11.11072], [129.925644, -11.111718], [129.919455, -11.113312], [129.916787, -11.114333], [129.913569, -11.115325], [129.910894, -11.11638], [129.907351, -11.117748], [129.903006, -11.118999], [129.899583, -11.119902], [129.895597, -11.121113], [129.891344, -11.122154], [129.887709, -11.123666], [129.882887, -11.125328], [129.879836, -11.12602], [129.876864, -11.127042], [129.87402, -11.127719], [129.871403, -11.12868], [129.867535, -11.130071], [129.863743, -11.131079], [129.859817, -11.132508], [129.855884, -11.133569], [129.851719, -11.134513], [129.847088, -11.13612], [129.843848, -11.136683], [129.840486, -11.137344], [129.83632, -11.138818], [129.833406, -11.13974], [129.828348, -11.141311], [129.824122, -11.142614], [129.820799, -11.143746], [129.815691, -11.145572], [129.810295, -11.146028], [129.805135, -11.146388], [129.801915, -11.146575], [129.797886, -11.147115], [129.793442, -11.147715], [129.789489, -11.148178], [129.785011, -11.149373], [129.78164, -11.150095], [129.777997, -11.150999], [129.772973, -11.151268], [129.768596, -11.151879], [129.764373, -11.153515], [129.761223, -11.155903], [129.758338, -11.157602], [129.757186, -11.160474], [129.756183, -11.16355], [129.754821, -11.165904], [129.752896, -11.167886], [129.750003, -11.170508], [129.746818, -11.172446], [129.743447, -11.174619], [129.741154, -11.177363], [129.738416, -11.17943], [129.73603, -11.181316], [129.734109, -11.18384], [129.731652, -11.186598], [129.730257, -11.190279], [129.727574, -11.195477], [129.72581, -11.199874], [129.724334, -11.20473], [129.723624, -11.209391], [129.722718, -11.213251], [129.723755, -11.218312], [129.724216, -11.222189], [129.725105, -11.225227], [129.726583, -11.227804], [129.727604, -11.22953], [129.728729, -11.231458], [129.729482, -11.234604], [129.730441, -11.240045], [129.73091, -11.245346], [129.731242, -11.250687], [129.731415, -11.255373], [129.729526, -11.25976], [129.729025, -11.264002], [129.728695, -11.267095], [129.728481, -11.270905], [129.728234, -11.274387], [129.728389, -11.278208], [129.728074, -11.282542], [129.727686, -11.285519], [129.727166, -11.287897], [129.725904, -11.290345], [129.721271, -11.290692], [129.718224, -11.292062], [129.71395, -11.293025], [129.710316, -11.29235], [129.709164, -11.289744], [129.707699, -11.285474], [129.706526, -11.281697], [129.705438, -11.277474], [129.70394, -11.273702], [129.70241, -11.270707], [129.700149, -11.269411], [129.697318, -11.268936], [129.694392, -11.269423], [129.690658, -11.270675], [129.688093, -11.27194], [129.686322, -11.273314], [129.683583, -11.275493], [129.681771, -11.277035], [129.679844, -11.278994], [129.678328, -11.280773], [129.677173, -11.282401], [129.675652, -11.284413], [129.673346, -11.288235], [129.672366, -11.290009], [129.671245, -11.292507], [129.669653, -11.295574], [129.667549, -11.29971], [129.665396, -11.305087], [129.663427, -11.311083], [129.662049, -11.316152], [129.660265, -11.319411], [129.657317, -11.319916], [129.652134, -11.321536], [129.6487, -11.323471], [129.644777, -11.326321], [129.642422, -11.328553], [129.639051, -11.33086], [129.636226, -11.332873], [129.632211, -11.334056], [129.628874, -11.335907], [129.626279, -11.337663], [129.623342, -11.339876], [129.621019, -11.341501], [129.617815, -11.343657], [129.615213, -11.345736], [129.612109, -11.348071], [129.608436, -11.35138], [129.604914, -11.354745], [129.601321, -11.357785], [129.598314, -11.360711], [129.595512, -11.363052], [129.590833, -11.367185], [129.586689, -11.370878], [129.583839, -11.373717], [129.580771, -11.37628], [129.577689, -11.379211], [129.57507, -11.381668], [129.572342, -11.384145], [129.568438, -11.386986], [129.565767, -11.387626], [129.562058, -11.388325], [129.559086, -11.388592], [129.556096, -11.388831], [129.552968, -11.389385], [129.54991, -11.389584], [129.546912, -11.390009], [129.544064, -11.390645], [129.540984, -11.392186], [129.538469, -11.393862], [129.536055, -11.395375], [129.532033, -11.397014], [129.529355, -11.398158], [129.52705, -11.399526], [129.524709, -11.400912], [129.522519, -11.402202], [129.519819, -11.403681], [129.517398, -11.405318], [129.51505, -11.40704], [129.512836, -11.408331], [129.510769, -11.409754], [129.50861, -11.41167], [129.50613, -11.41319], [129.504072, -11.414491], [129.501592, -11.416503], [129.499319, -11.417876], [129.497058, -11.419702], [129.494863, -11.421738], [129.492347, -11.423319], [129.490236, -11.424649], [129.487763, -11.426401], [129.485283, -11.428193], [129.482761, -11.430235], [129.480117, -11.431877], [129.477507, -11.433206], [129.474925, -11.434518], [129.47222, -11.436109], [129.469823, -11.437568], [129.467611, -11.43937], [129.465487, -11.44115], [129.463326, -11.442839], [129.460517, -11.444675], [129.457938, -11.446187], [129.455679, -11.447848], [129.452415, -11.449488], [129.449897, -11.450864], [129.446984, -11.452307], [129.444442, -11.453475], [129.4411, -11.455321], [129.438895, -11.457159], [129.436483, -11.458499], [129.433941, -11.460224], [129.431235, -11.461681], [129.428522, -11.463013], [129.425795, -11.465062], [129.423256, -11.46664], [129.420728, -11.467968], [129.417592, -11.469292], [129.414679, -11.470721], [129.410438, -11.472359], [129.406985, -11.474276], [129.40407, -11.475602], [129.40052, -11.477613], [129.397656, -11.479223], [129.39375, -11.48088], [129.390702, -11.482417], [129.387845, -11.483478], [129.383424, -11.485216], [129.380948, -11.486054], [129.378185, -11.487059], [129.375371, -11.488256], [129.372544, -11.489566], [129.369346, -11.490756], [129.366838, -11.491718], [129.362902, -11.493213], [129.360139, -11.494236], [129.356851, -11.495132], [129.353804, -11.496284], [129.350343, -11.497264], [129.346723, -11.497934], [129.342253, -11.499291], [129.339295, -11.499893], [129.334851, -11.501017], [129.330832, -11.502125], [129.3274, -11.503257], [129.324493, -11.504298], [129.320156, -11.505484], [129.316885, -11.506389], [129.313731, -11.507396], [129.310843, -11.508416], [129.308195, -11.509454], [129.305084, -11.509724], [129.30199, -11.510145], [129.294498, -11.511457], [129.29157, -11.51203], [129.285755, -11.513008], [129.282669, -11.513551], [129.279913, -11.514563], [129.276564, -11.515902], [129.271738, -11.517725], [129.267523, -11.519071], [129.262412, -11.521144], [129.256847, -11.522887], [129.250414, -11.525398], [129.246288, -11.526834], [129.24218, -11.528376], [129.238319, -11.529939], [129.234152, -11.531546], [129.229785, -11.533127], [129.226301, -11.534777], [129.221985, -11.536127], [129.218318, -11.537729], [129.213894, -11.539101], [129.209366, -11.540632], [129.205262, -11.542354], [129.200578, -11.543955], [129.196471, -11.54592], [129.192592, -11.547678], [129.187713, -11.549325], [129.182467, -11.55097], [129.178383, -11.552274], [129.174583, -11.553814], [129.170898, -11.555704], [129.16649, -11.557108], [129.161247, -11.558149], [129.155817, -11.559602], [129.150357, -11.560701], [129.146347, -11.561612], [129.141048, -11.562463], [129.134614, -11.563642], [129.129958, -11.564484], [129.126712, -11.56495], [129.124006, -11.565957], [129.120874, -11.566802], [129.116641, -11.567233], [129.110833, -11.568191], [129.108117, -11.56859], [129.101818, -11.570113], [129.096799, -11.571966], [129.092478, -11.571748], [129.086178, -11.57246], [129.081172, -11.573074], [129.074658, -11.573454], [129.070106, -11.573731], [129.066756, -11.574194], [129.063112, -11.574994], [129.059088, -11.575794], [129.054712, -11.576343], [129.050663, -11.576752], [129.045749, -11.577169], [129.040527, -11.578288], [129.035189, -11.579209], [129.028072, -11.579539], [129.0229, -11.580026], [129.01707, -11.580919], [129.012773, -11.581526], [129.008384, -11.581765], [129.001743, -11.58187], [128.995978, -11.581979], [128.989702, -11.58232], [128.985364, -11.582959], [128.975832, -11.584002], [128.969354, -11.584492], [128.964844, -11.585732], [128.959878, -11.5864], [128.95351, -11.587509], [128.94902, -11.588425], [128.944657, -11.58933], [128.938595, -11.589172], [128.930189, -11.590486], [128.925883, -11.590776], [128.920865, -11.591414], [128.914507, -11.592125], [128.908613, -11.592513], [128.904831, -11.593716], [128.901566, -11.594663], [128.897174, -11.595411], [128.893117, -11.596565], [128.888813, -11.597831], [128.885094, -11.598888], [128.881577, -11.599469], [128.875457, -11.600714], [128.868838, -11.60203], [128.863888, -11.603298], [128.858676, -11.604669], [128.854679, -11.605888], [128.848488, -11.607903], [128.844768, -11.609297], [128.840167, -11.610909], [128.833443, -11.612581], [128.827548, -11.614212], [128.819845, -11.617093], [128.814746, -11.618521], [128.809164, -11.620067], [128.804272, -11.62162], [128.798272, -11.623262], [128.792908, -11.624802], [128.787891, -11.626596], [128.783432, -11.627944], [128.777415, -11.629916], [128.773322, -11.631392], [128.76993, -11.632214], [128.766241, -11.633377], [128.759553, -11.634848], [128.755007, -11.63599], [128.752266, -11.636988], [128.749478, -11.638095], [128.744559, -11.639891], [128.739114, -11.641718], [128.733556, -11.64285], [128.727828, -11.64404], [128.724317, -11.644623], [128.719733, -11.645674], [128.714993, -11.64705], [128.709067, -11.648156], [128.703583, -11.648987], [128.698532, -11.650136], [128.693737, -11.650964], [128.688838, -11.651484], [128.685193, -11.652389], [128.680835, -11.652871], [128.677263, -11.653195], [128.671755, -11.653623], [128.667292, -11.654089], [128.662423, -11.654622], [128.658454, -11.655062], [128.652371, -11.656261], [128.647127, -11.657122], [128.639292, -11.657264], [128.634132, -11.657917], [128.629348, -11.659534], [128.622787, -11.661522], [128.618234, -11.663258], [128.613475, -11.665184], [128.608299, -11.666779], [128.604075, -11.668109], [128.598898, -11.669578], [128.59443, -11.670646], [128.589133, -11.671911], [128.584954, -11.672556], [128.580608, -11.673255], [128.578069, -11.673848], [128.574578, -11.674529], [128.569786, -11.67444], [128.564379, -11.674511], [128.560865, -11.675551], [128.557588, -11.678074], [128.553868, -11.680513], [128.551558, -11.682334], [128.548557, -11.684346], [128.545732, -11.686357], [128.543349, -11.688117], [128.541002, -11.689898], [128.537102, -11.692382], [128.534001, -11.694492], [128.531134, -11.696804], [128.526374, -11.700414], [128.523968, -11.702695], [128.521394, -11.704542], [128.519456, -11.705851], [128.517344, -11.707139], [128.515061, -11.709008], [128.511379, -11.711355], [128.509312, -11.712728], [128.506043, -11.71496], [128.502468, -11.717478], [128.499951, -11.719399], [128.497813, -11.721191], [128.495277, -11.722764], [128.491335, -11.724896], [128.487128, -11.726898], [128.483047, -11.72959], [128.478857, -11.733683], [128.47584, -11.737234], [128.47291, -11.740074], [128.469176, -11.743094], [128.464607, -11.746291], [128.460401, -11.749863], [128.456352, -11.751701], [128.453577, -11.753282], [128.449199, -11.756549], [128.443485, -11.759552], [128.440487, -11.761751], [128.436274, -11.764109], [128.432347, -11.766276], [128.42796, -11.767789], [128.422908, -11.769302], [128.417508, -11.771], [128.413274, -11.772556], [128.409933, -11.774097], [128.406679, -11.77485], [128.402888, -11.775431], [128.397704, -11.776394], [128.393359, -11.777172], [128.388478, -11.779128], [128.383946, -11.780254], [128.375562, -11.781638], [128.369432, -11.782014], [128.365523, -11.782318], [128.361657, -11.783916], [128.357573, -11.785697], [128.354227, -11.785498], [128.350568, -11.786513], [128.345637, -11.786863], [128.340044, -11.789307], [128.336071, -11.790099], [128.33138, -11.789905], [128.326989, -11.789729], [128.321997, -11.789126], [128.317238, -11.789651], [128.313721, -11.790164], [128.31033, -11.790849], [128.306645, -11.792087], [128.303701, -11.794259], [128.303259, -11.797187], [128.305532, -11.79967], [128.307667, -11.803317], [128.31103, -11.807737], [128.315095, -11.813013], [128.317518, -11.816308], [128.320171, -11.82095], [128.323759, -11.825871], [128.324632, -11.82755], [128.320655, -11.830473], [128.31677, -11.832005], [128.313456, -11.83442], [128.309261, -11.836319], [128.304977, -11.837997], [128.301133, -11.839665], [128.297584, -11.840727], [128.294218, -11.841754], [128.291284, -11.843047], [128.287639, -11.844361], [128.283638, -11.846624], [128.280671, -11.847987], [128.277228, -11.849224], [128.27464, -11.850675], [128.272282, -11.852515], [128.269473, -11.854204], [128.265481, -11.85665], [128.260975, -11.857572], [128.25665, -11.857622], [128.252568, -11.858111], [128.249533, -11.859127], [128.246311, -11.859867], [128.241816, -11.859946], [128.237587, -11.859922], [128.233246, -11.861642], [128.229261, -11.862612], [128.225191, -11.862692], [128.220117, -11.863449], [128.21591, -11.863059], [128.212136, -11.862193], [128.208202, -11.861179], [128.20429, -11.859301], [128.200647, -11.857426], [128.196367, -11.855093], [128.193028, -11.85253], [128.189323, -11.849908], [128.185863, -11.847577], [128.182357, -11.845849], [128.17934, -11.842846], [128.174592, -11.840855], [128.169956, -11.841775], [128.165259, -11.842204], [128.160271, -11.842607], [128.156408, -11.842553], [128.151644, -11.842916], [128.147474, -11.8429], [128.143562, -11.842096], [128.138712, -11.841835], [128.134115, -11.841818], [128.129734, -11.842222], [128.125308, -11.842782], [128.121653, -11.84313], [128.116898, -11.8444], [128.112412, -11.845975], [128.107171, -11.847291], [128.102126, -11.849307], [128.098574, -11.850835], [128.09464, -11.852412], [128.089819, -11.855547], [128.085482, -11.858783], [128.081321, -11.861586], [128.076612, -11.86304], [128.0737, -11.865032], [128.070667, -11.867328], [128.065306, -11.870176], [128.06127, -11.872615], [128.056578, -11.874641], [128.052083, -11.878297], [128.046692, -11.879455], [128.041016, -11.879394], [128.03387, -11.880063], [128.02989, -11.880027], [128.024723, -11.881371], [128.020368, -11.882462], [128.015029, -11.884067], [128.008877, -11.887319], [128.002857, -11.888907], [127.997487, -11.890161], [127.992143, -11.892287], [127.986976, -11.893433], [127.981179, -11.896202], [127.976464, -11.89867], [127.972102, -11.901143], [127.967265, -11.902477], [127.96312, -11.904558], [127.956881, -11.906386], [127.953347, -11.908088], [127.948427, -11.90851], [127.943662, -11.910743], [127.93948, -11.91319], [127.933743, -11.915959], [127.92806, -11.919092], [127.925074, -11.920837], [127.920408, -11.923238], [127.915051, -11.926368], [127.909933, -11.928465], [127.905977, -11.93022], [127.897445, -11.933827], [127.89052, -11.93662], [127.886968, -11.938148], [127.880799, -11.940069], [127.876555, -11.941636], [127.870424, -11.944558], [127.865065, -11.946795], [127.860246, -11.948541], [127.854118, -11.950237], [127.848989, -11.952097], [127.84499, -11.953865], [127.839976, -11.955515], [127.835146, -11.958721], [127.829578, -11.962645], [127.825723, -11.965205], [127.82103, -11.968373], [127.817153, -11.970622], [127.813352, -11.973846], [127.808161, -11.977612], [127.805, -11.979538], [127.800507, -11.980351], [127.795509, -11.981665], [127.791135, -11.982062], [127.786992, -11.982873], [127.783131, -11.983624], [127.779057, -11.984228], [127.775094, -11.984835], [127.768348, -11.986084], [127.763416, -11.98723], [127.759618, -11.988814], [127.755182, -11.990179], [127.750986, -11.991341], [127.747025, -11.992575], [127.741489, -11.993968], [127.738096, -11.995162], [127.734633, -11.996456], [127.730432, -11.997999], [127.726501, -11.9995], [127.722554, -12.001055], [127.718583, -12.001958], [127.715333, -12.003022], [127.70896, -12.005087], [127.705218, -12.006625], [127.702371, -12.007707], [127.697674, -12.010459], [127.693508, -12.012599], [127.690025, -12.014331], [127.68576, -12.016674], [127.680674, -12.019826], [127.676624, -12.022295], [127.67148, -12.024975], [127.667518, -12.027443], [127.663456, -12.029448], [127.659834, -12.031036], [127.65509, -12.032292], [127.651689, -12.034617], [127.648035, -12.036424], [127.641135, -12.038514], [127.637734, -12.040302], [127.634528, -12.041993], [127.631524, -12.043287], [127.627394, -12.045233], [127.623215, -12.046548], [127.618791, -12.04852], [127.615167, -12.049969], [127.610245, -12.052456], [127.606842, -12.05443], [127.602475, -12.057297], [127.598881, -12.059918], [127.595153, -12.063033], [127.590599, -12.065561], [127.58727, -12.067317], [127.584089, -12.069007], [127.581132, -12.070346], [127.578034, -12.072195], [127.57508, -12.073696], [127.571735, -12.07519], [127.567833, -12.077216], [127.564635, -12.078841], [127.56132, -12.08009], [127.558753, -12.081017], [127.555585, -12.08235], [127.552436, -12.083524], [127.548335, -12.085182], [127.543433, -12.086613], [127.539524, -12.088079], [127.535117, -12.089775], [127.530573, -12.091111], [127.527727, -12.091744], [127.524837, -12.092153], [127.522144, -12.092511], [127.519199, -12.093462], [127.515064, -12.09484], [127.510722, -12.096623], [127.507143, -12.098066], [127.501826, -12.098806], [127.497473, -12.099798], [127.491182, -12.100299], [127.486417, -12.100837], [127.480921, -12.101394], [127.474958, -12.101785], [127.469786, -12.101974], [127.461652, -12.102003], [127.455863, -12.102218], [127.451226, -12.101953], [127.44555, -12.102507], [127.441275, -12.104126], [127.435562, -12.105827], [127.431444, -12.10682], [127.426482, -12.107551], [127.421686, -12.108388], [127.416732, -12.109598], [127.411331, -12.110238], [127.40477, -12.11149], [127.399688, -12.112175], [127.393601, -12.11362], [127.387202, -12.114848], [127.381088, -12.115728], [127.377484, -12.116769], [127.371695, -12.117648], [127.363673, -12.118605], [127.358258, -12.119796], [127.353723, -12.120415], [127.348277, -12.121165], [127.340283, -12.122504], [127.331342, -12.124096], [127.326012, -12.124817], [127.320858, -12.124594], [127.315387, -12.124297], [127.31012, -12.124392], [127.303536, -12.125157], [127.297904, -12.12575], [127.29222, -12.126351], [127.287, -12.125971], [127.281567, -12.126175], [127.275367, -12.12655], [127.270517, -12.126592], [127.264384, -12.126872], [127.257262, -12.126044], [127.251162, -12.125485], [127.245788, -12.124659], [127.240726, -12.125058], [127.234602, -12.124929], [127.227797, -12.124252], [127.223319, -12.123576], [127.216897, -12.123746], [127.210715, -12.122935], [127.204496, -12.122074], [127.199939, -12.12111], [127.193108, -12.12093], [127.187536, -12.119939], [127.182724, -12.119159], [127.178584, -12.118523], [127.172723, -12.117452], [127.168249, -12.115737], [127.163084, -12.114663], [127.157728, -12.114101], [127.152112, -12.112413], [127.147127, -12.111472], [127.142069, -12.109935], [127.136619, -12.108923], [127.132085, -12.108458], [127.129204, -12.108999], [127.124945, -12.10926], [127.120334, -12.109556], [127.116634, -12.110661], [127.112947, -12.111297], [127.109776, -12.11185], [127.10713, -12.112294], [127.10375, -12.112882], [127.100328, -12.113512], [127.097752, -12.114045], [127.095681, -12.114268], [127.091062, -12.113833], [127.086043, -12.113736], [127.082851, -12.113792], [127.079815, -12.113167], [127.074596, -12.114343], [127.069561, -12.115507], [127.063996, -12.117575], [127.057429, -12.119298], [127.053309, -12.121998], [127.047408, -12.122774], [127.042564, -12.124034], [127.037685, -12.126894], [127.034065, -12.129824], [127.030171, -12.13389], [127.026731, -12.137722], [127.023407, -12.142242], [127.02058, -12.146223], [127.018261, -12.150285], [127.015821, -12.153433], [127.010831, -12.155057], [127.007634, -12.155831], [127.003291, -12.157289], [126.998496, -12.158573], [126.992792, -12.160069], [126.987178, -12.161658], [126.983378, -12.162989], [126.980012, -12.164735], [126.974819, -12.167964], [126.971809, -12.169805], [126.967573, -12.172401], [126.964426, -12.174663], [126.95948, -12.177646], [126.954005, -12.181168], [126.950884, -12.182987], [126.94522, -12.186772], [126.941604, -12.189093], [126.936716, -12.192103], [126.931275, -12.195395], [126.927886, -12.19746], [126.923071, -12.200703], [126.917634, -12.204594], [126.91374, -12.207399], [126.909241, -12.209948], [126.904053, -12.212993], [126.900942, -12.215159], [126.897009, -12.21802], [126.893395, -12.220146], [126.888312, -12.22293], [126.882856, -12.226031], [126.876628, -12.23002], [126.871448, -12.233438], [126.86827, -12.235812], [126.86261, -12.240026], [126.855697, -12.244248], [126.851614, -12.246791], [126.848205, -12.249057], [126.841938, -12.253588], [126.838051, -12.256019], [126.834192, -12.25871], [126.830244, -12.261596], [126.826944, -12.264135], [126.822503, -12.267237], [126.815297, -12.272661], [126.811155, -12.275914], [126.806564, -12.279568], [126.801061, -12.284489], [126.797667, -12.287173], [126.794982, -12.28912], [126.790907, -12.292325], [126.785164, -12.296585], [126.781871, -12.298758], [126.777463, -12.301895], [126.772522, -12.306137], [126.768061, -12.309318], [126.765143, -12.311681], [126.761431, -12.314261], [126.757819, -12.316423], [126.7519, -12.320356], [126.749131, -12.322537], [126.745854, -12.325109], [126.743119, -12.326751], [126.74016, -12.3277], [126.73721, -12.328708], [126.734078, -12.329948], [126.731326, -12.33107], [126.728848, -12.332124], [126.726219, -12.333159], [126.722835, -12.334997], [126.719878, -12.336744], [126.715273, -12.338818], [126.710065, -12.34098], [126.707785, -12.342612], [126.704364, -12.344688], [126.701907, -12.346032], [126.698733, -12.347704], [126.695682, -12.34929], [126.692296, -12.35095], [126.689554, -12.352485], [126.685845, -12.354122], [126.682763, -12.355567], [126.678293, -12.357557], [126.674806, -12.359176], [126.670541, -12.360886], [126.66709, -12.36227], [126.663984, -12.363222], [126.661031, -12.364445], [126.657099, -12.365913], [126.653164, -12.367617], [126.649402, -12.369444], [126.645173, -12.371644], [126.640962, -12.373395], [126.638239, -12.374659], [126.635591, -12.37583], [126.632232, -12.377171], [126.629477, -12.378525], [126.626409, -12.380103], [126.621578, -12.382241], [126.617904, -12.383776], [126.614152, -12.385378], [126.610087, -12.387573], [126.606368, -12.388918], [126.601408, -12.390533], [126.598611, -12.391404], [126.594846, -12.392941], [126.591292, -12.394756], [126.586, -12.396777], [126.58261, -12.398059], [126.578112, -12.399684], [126.575093, -12.401001], [126.572577, -12.402355], [126.568311, -12.404241], [126.564961, -12.405876], [126.561942, -12.40693], [126.55808, -12.408228], [126.554876, -12.409481], [126.551328, -12.411018], [126.547335, -12.412492], [126.543529, -12.414222], [126.539944, -12.416026], [126.537534, -12.4172], [126.534181, -12.418613], [126.530468, -12.420194], [126.526837, -12.421723], [126.523634, -12.423265], [126.520816, -12.425245], [126.516827, -12.427521], [126.511956, -12.429765], [126.508911, -12.431181], [126.505269, -12.43295], [126.502031, -12.434514], [126.497827, -12.436519], [126.49371, -12.438618], [126.490541, -12.440308], [126.487173, -12.441984], [126.484405, -12.443648], [126.481301, -12.445647], [126.478831, -12.447181], [126.474774, -12.448987], [126.471926, -12.450865], [126.468377, -12.452861], [126.465209, -12.454847], [126.462175, -12.456504], [126.458783, -12.458353], [126.455533, -12.459951], [126.452181, -12.461444], [126.448477, -12.463723], [126.445772, -12.465483], [126.442707, -12.467416], [126.439244, -12.469214], [126.435235, -12.471496], [126.431524, -12.473254], [126.427914, -12.475101], [126.42481, -12.476822], [126.421712, -12.478891], [126.418797, -12.481079], [126.41602, -12.482752], [126.413499, -12.484673], [126.410692, -12.486233], [126.407589, -12.488278], [126.404166, -12.490435], [126.400189, -12.492567], [126.397003, -12.494373], [126.394671, -12.496154], [126.39077, -12.49812], [126.386352, -12.500842], [126.383351, -12.502452], [126.378856, -12.50496], [126.375732, -12.506703], [126.371197, -12.5091], [126.368522, -12.510715], [126.365036, -12.51175], [126.360373, -12.512767], [126.357173, -12.513996], [126.353701, -12.514929], [126.350697, -12.515827], [126.348009, -12.517336], [126.344702, -12.518948], [126.340247, -12.520993], [126.33747, -12.522415], [126.332926, -12.524439], [126.329538, -12.52595], [126.326405, -12.527439], [126.323049, -12.528861], [126.319383, -12.529963], [126.316082, -12.53106], [126.311825, -12.532765], [126.308722, -12.534381], [126.306047, -12.535719], [126.302087, -12.537746], [126.299205, -12.538786], [126.295777, -12.540243], [126.292867, -12.541497], [126.289086, -12.542636], [126.285883, -12.544007], [126.282288, -12.545373], [126.279196, -12.546237], [126.275281, -12.547707], [126.272705, -12.548619], [126.268828, -12.550428], [126.26579, -12.552177], [126.263041, -12.553528], [126.259947, -12.555185], [126.257309, -12.556786], [126.253719, -12.558447], [126.250839, -12.559876], [126.247813, -12.561523], [126.245285, -12.563112], [126.241047, -12.565265], [126.237956, -12.566431], [126.233966, -12.567913], [126.231246, -12.568811], [126.228663, -12.569823], [126.224288, -12.571977], [126.22071, -12.573649], [126.216473, -12.575192], [126.213375, -12.576532], [126.210064, -12.577706], [126.205907, -12.578758], [126.203231, -12.579747], [126.19978, -12.581448], [126.194607, -12.583725], [126.191915, -12.584722], [126.18898, -12.586013], [126.185202, -12.587866], [126.182023, -12.589516], [126.178432, -12.590946], [126.174954, -12.592453], [126.171824, -12.593899], [126.168517, -12.595426], [126.165571, -12.596416], [126.162765, -12.597746], [126.16002, -12.599185], [126.15666, -12.600871], [126.153402, -12.602508], [126.148944, -12.604399], [126.145129, -12.606289], [126.141461, -12.607932], [126.136799, -12.609913], [126.1336, -12.611201], [126.128052, -12.613377], [126.12461, -12.614658], [126.120693, -12.616396], [126.117158, -12.618111], [126.113942, -12.619571], [126.109888, -12.621748], [126.106588, -12.623312], [126.103112, -12.624799], [126.099899, -12.626297], [126.095961, -12.628251], [126.09313, -12.630067], [126.090393, -12.631752], [126.086053, -12.634032], [126.082435, -12.636068], [126.079096, -12.637515], [126.076548, -12.638693], [126.072996, -12.640295], [126.069323, -12.642192], [126.066765, -12.643429], [126.063728, -12.644677], [126.059399, -12.646347], [126.055742, -12.648146], [126.052936, -12.649584], [126.04973, -12.651503], [126.045086, -12.654424], [126.042764, -12.65617], [126.039955, -12.65785], [126.037645, -12.659227], [126.034816, -12.660797], [126.032372, -12.662416], [126.029929, -12.66417], [126.026178, -12.666352], [126.023465, -12.667909], [126.020499, -12.670029], [126.017301, -12.672104], [126.014096, -12.674033], [126.011622, -12.675638], [126.008837, -12.677184], [126.005683, -12.67879], [126.002104, -12.680832], [125.998894, -12.682755], [125.996287, -12.68419], [125.993483, -12.685711], [125.990742, -12.687451], [125.988199, -12.689149], [125.985273, -12.690687], [125.982819, -12.692633], [125.979607, -12.694437], [125.976518, -12.696313], [125.973543, -12.698288], [125.970581, -12.699894], [125.966683, -12.702215], [125.963427, -12.703986], [125.960516, -12.705827], [125.957802, -12.70757], [125.95518, -12.709328], [125.951891, -12.711236], [125.949009, -12.713227], [125.946546, -12.714929], [125.943037, -12.717523], [125.939512, -12.720075], [125.936049, -12.722499], [125.933637, -12.724132], [125.930309, -12.726182], [125.927398, -12.72816], [125.924306, -12.730533], [125.921805, -12.732147], [125.919289, -12.733978], [125.916472, -12.736217], [125.914777, -12.737743], [125.912227, -12.739674], [125.91007, -12.741266], [125.907728, -12.743085], [125.90593, -12.744563], [125.902808, -12.747036], [125.900779, -12.748535], [125.898625, -12.749961], [125.89586, -12.752136], [125.894012, -12.753767], [125.890934, -12.75602], [125.888636, -12.758244], [125.884806, -12.76109], [125.882539, -12.762832], [125.88077, -12.764221], [125.878527, -12.765916], [125.876312, -12.768023], [125.873992, -12.770169], [125.87162, -12.771844], [125.867941, -12.774801], [125.864592, -12.777684], [125.861234, -12.780789], [125.858749, -12.783049], [125.85622, -12.785634], [125.853945, -12.787957], [125.851587, -12.790032], [125.848666, -12.792834], [125.846829, -12.794751], [125.845252, -12.796692], [125.843419, -12.79895], [125.841566, -12.801068], [125.839429, -12.803018], [125.837139, -12.804761], [125.834865, -12.806474], [125.833008, -12.808018], [125.830572, -12.810057], [125.828226, -12.811746], [125.826519, -12.813681], [125.824387, -12.816174], [125.822469, -12.818016], [125.820198, -12.820527], [125.817653, -12.823384], [125.815418, -12.826318], [125.813657, -12.828188], [125.811891, -12.830315], [125.810114, -12.832942], [125.808181, -12.835201], [125.806228, -12.83743], [125.804596, -12.839707], [125.802002, -12.842793], [125.79996, -12.84515], [125.798069, -12.847154], [125.796178, -12.849222], [125.793958, -12.851779], [125.7912, -12.854631], [125.789207, -12.856647], [125.785842, -12.860298], [125.783472, -12.862979], [125.781558, -12.865221], [125.77978, -12.867067], [125.776655, -12.87075], [125.773935, -12.873853], [125.77162, -12.876451], [125.769114, -12.879379], [125.766742, -12.882205], [125.763773, -12.885969], [125.760001, -12.890589], [125.755969, -12.895623], [125.753558, -12.898967], [125.750937, -12.902935], [125.747593, -12.906956], [125.745199, -12.910454], [125.739295, -12.917573], [125.737412, -12.920226], [125.734759, -12.923896], [125.729859, -12.930527], [125.725332, -12.93811], [125.723051, -12.942293], [125.720631, -12.94608], [125.718592, -12.94929], [125.716309, -12.953796], [125.713634, -12.958578], [125.71052, -12.963838], [125.707068, -12.969907], [125.704536, -12.974393], [125.701698, -12.979224], [125.698312, -12.984862], [125.69544, -12.990266], [125.692869, -12.995095], [125.689854, -13.000768], [125.686653, -13.007565], [125.684385, -13.012447], [125.682639, -13.016653], [125.680458, -13.021339], [125.678748, -13.024853], [125.676501, -13.030256], [125.67514, -13.033294], [125.673419, -13.037243], [125.671779, -13.040644], [125.669846, -13.044917], [125.668, -13.049442], [125.663068, -13.059708], [125.660528, -13.065151], [125.659019, -13.068786], [125.656543, -13.073571], [125.654541, -13.077871], [125.652763, -13.081326], [125.650789, -13.085412], [125.648747, -13.089637], [125.645755, -13.09334], [125.642864, -13.097207], [125.641468, -13.099664], [125.639223, -13.103298], [125.636563, -13.106635], [125.633715, -13.110219], [125.630818, -13.113702], [125.62479, -13.118058], [125.621394, -13.119238], [125.616353, -13.119998], [125.611594, -13.120201], [125.607559, -13.120013], [125.603024, -13.118986], [125.599431, -13.117889], [125.596241, -13.116039], [125.592125, -13.113224], [125.589167, -13.109778], [125.586853, -13.106617], [125.582926, -13.10111], [125.580098, -13.09616], [125.577762, -13.092062], [125.574958, -13.087385], [125.572768, -13.083869], [125.569388, -13.079508], [125.566736, -13.075733], [125.563323, -13.070915], [125.559901, -13.066127], [125.557431, -13.063136], [125.554888, -13.060009], [125.552572, -13.057223], [125.548482, -13.05198], [125.543975, -13.050088], [125.536138, -13.049913], [125.530474, -13.05089], [125.524139, -13.055253], [125.520717, -13.058267], [125.514776, -13.062798], [125.510303, -13.066479], [125.505297, -13.071063], [125.502015, -13.074279], [125.496993, -13.079598], [125.493153, -13.083521], [125.489498, -13.087063], [125.485499, -13.090959], [125.482136, -13.094192], [125.478927, -13.097565], [125.47463, -13.101685], [125.471357, -13.104674], [125.46719, -13.109081], [125.463042, -13.113622], [125.458676, -13.118623], [125.450745, -13.130365], [125.44773, -13.135647], [125.44584, -13.14037], [125.44399, -13.145206], [125.442116, -13.150481], [125.440211, -13.155153], [125.434407, -13.158864], [125.429752, -13.161707], [125.424394, -13.165081], [125.421195, -13.167249], [125.415318, -13.171658], [125.410567, -13.175283], [125.406109, -13.178917], [125.402583, -13.181255], [125.396851, -13.185581], [125.392394, -13.188823], [125.388178, -13.191795], [125.384111, -13.195096], [125.377727, -13.200126], [125.374831, -13.202503], [125.371662, -13.205085], [125.368543, -13.207815], [125.365017, -13.210664], [125.361855, -13.21354], [125.358935, -13.216443], [125.354394, -13.220714], [125.351392, -13.2237], [125.348582, -13.226568], [125.344175, -13.231584], [125.341348, -13.234511], [125.336922, -13.239125], [125.333969, -13.242547], [125.330073, -13.246779], [125.327224, -13.250038], [125.324696, -13.253141], [125.320734, -13.258152], [125.317486, -13.261896], [125.315016, -13.264945], [125.312166, -13.268243], [125.309153, -13.271944], [125.305504, -13.276056], [125.302157, -13.280131], [125.298843, -13.282524], [125.295568, -13.285211], [125.293136, -13.287262], [125.290767, -13.289875], [125.287933, -13.292439], [125.285457, -13.294482], [125.282173, -13.297542], [125.278706, -13.3003], [125.276349, -13.302806], [125.272785, -13.305976], [125.270109, -13.30889], [125.267941, -13.311291], [125.264873, -13.314598], [125.261972, -13.318158], [125.259841, -13.320771], [125.256946, -13.323991], [125.254685, -13.326359], [125.252171, -13.329204], [125.249434, -13.332551], [125.246946, -13.33527], [125.244509, -13.338181], [125.241673, -13.34139], [125.239098, -13.344288], [125.236799, -13.346983], [125.234375, -13.350034], [125.232771, -13.352182], [125.230484, -13.3551], [125.22762, -13.358658], [125.225449, -13.36131], [125.223362, -13.364788], [125.221435, -13.367887], [125.217853, -13.372882], [125.215879, -13.375681], [125.213359, -13.378368], [125.211326, -13.380143], [125.208055, -13.382411], [125.205438, -13.384319], [125.203304, -13.386546], [125.201156, -13.3881], [125.198351, -13.389625], [125.195908, -13.39092], [125.19352, -13.392151], [125.190492, -13.394165], [125.188174, -13.395572], [125.185319, -13.396675], [125.182524, -13.398565], [125.179504, -13.400062], [125.176501, -13.401638], [125.173966, -13.40333], [125.171022, -13.40452], [125.16825, -13.406155], [125.165076, -13.407747], [125.162336, -13.409122], [125.159305, -13.4106], [125.157061, -13.412568], [125.154412, -13.41417], [125.151849, -13.415335], [125.148314, -13.41661], [125.145707, -13.417799], [125.142919, -13.418894], [125.139767, -13.420475], [125.134227, -13.422236], [125.13076, -13.423399], [125.12649, -13.424799], [125.122443, -13.426391], [125.119364, -13.42777], [125.115138, -13.429552], [125.11248, -13.431111], [125.109617, -13.432592], [125.106519, -13.433933], [125.103516, -13.435242], [125.09941, -13.436996], [125.095806, -13.438676], [125.092746, -13.440319], [125.089197, -13.44188], [125.086025, -13.443146], [125.082908, -13.444333], [125.080232, -13.445793], [125.077214, -13.447394], [125.074145, -13.448856], [125.070902, -13.450024], [125.067736, -13.451454], [125.063738, -13.453061], [125.060273, -13.454362], [125.057163, -13.455641], [125.053989, -13.456801], [125.049953, -13.458292], [125.046741, -13.459577], [125.043026, -13.461205], [125.039957, -13.462403], [125.035363, -13.464177], [125.032093, -13.46541], [125.028193, -13.466923], [125.025032, -13.46843], [125.021623, -13.469755], [125.018834, -13.471065], [125.016236, -13.472275], [125.011765, -13.473864], [125.008895, -13.475094], [125.005126, -13.47651], [125.001368, -13.477837], [124.996861, -13.479742], [124.991523, -13.481972], [124.988145, -13.483106], [124.985252, -13.484239], [124.982705, -13.485512], [124.978985, -13.487158], [124.974465, -13.489006], [124.970331, -13.490708], [124.967435, -13.492084], [124.963295, -13.493808], [124.960665, -13.495042], [124.956365, -13.496924], [124.952465, -13.498533], [124.948614, -13.500496], [124.944676, -13.502172], [124.94104, -13.503855], [124.938257, -13.50527], [124.935007, -13.506788], [124.93004, -13.509355], [124.927379, -13.510764], [124.924219, -13.512614], [124.921019, -13.514266], [124.91761, -13.515976], [124.913774, -13.517931], [124.910086, -13.519559], [124.9061, -13.521415], [124.901793, -13.52354], [124.898343, -13.525411], [124.89434, -13.528019], [124.890693, -13.530159], [124.887891, -13.531786], [124.88466, -13.533551], [124.881684, -13.535272], [124.876354, -13.5384], [124.872455, -13.540456], [124.868202, -13.542684], [124.864578, -13.54478], [124.860059, -13.547161], [124.857365, -13.548786], [124.853579, -13.550906], [124.850122, -13.552568], [124.846924, -13.554483], [124.84398, -13.556271], [124.839734, -13.558549], [124.835441, -13.560858], [124.831959, -13.562994], [124.828075, -13.565113], [124.825234, -13.567047], [124.822287, -13.56931], [124.818866, -13.57148], [124.815106, -13.573493], [124.812023, -13.575169], [124.80931, -13.577047], [124.806448, -13.579309], [124.801417, -13.582607], [124.798109, -13.584849], [124.794523, -13.587224], [124.791784, -13.589002], [124.788686, -13.591485], [124.785914, -13.59364], [124.78299, -13.595464], [124.780511, -13.59698], [124.777883, -13.599025], [124.775112, -13.600911], [124.771875, -13.602817], [124.768842, -13.604987], [124.765397, -13.607679], [124.761514, -13.6107], [124.758453, -13.613441], [124.756073, -13.615797], [124.753254, -13.618459], [124.751087, -13.620321], [124.747803, -13.622911], [124.744879, -13.625121], [124.741937, -13.62774], [124.740002, -13.629487], [124.737206, -13.632486], [124.734253, -13.635479], [124.731798, -13.638087], [124.728963, -13.641092], [124.726361, -13.643655], [124.724074, -13.645912], [124.721612, -13.648433], [124.718934, -13.651049], [124.716807, -13.653429], [124.714541, -13.656057], [124.712387, -13.658509], [124.709385, -13.661736], [124.706696, -13.664909], [124.703326, -13.668564], [124.700781, -13.671641], [124.698733, -13.674173], [124.696479, -13.67714], [124.694536, -13.679581], [124.692194, -13.682455], [124.690394, -13.685182], [124.688675, -13.688039], [124.686968, -13.691475], [124.685176, -13.694563], [124.683652, -13.69764], [124.682249, -13.700401], [124.680501, -13.703601], [124.678421, -13.7084], [124.676556, -13.712239], [124.674747, -13.714876], [124.673261, -13.717372], [124.671149, -13.720814], [124.668801, -13.724766], [124.66691, -13.727779], [124.665006, -13.731008], [124.663761, -13.733418], [124.661262, -13.737187], [124.659096, -13.7404], [124.656743, -13.743694], [124.654449, -13.747163], [124.652734, -13.74985], [124.651184, -13.752221], [124.649186, -13.755441], [124.647746, -13.758255], [124.646137, -13.761447], [124.644359, -13.764238], [124.642556, -13.767092], [124.640445, -13.770389], [124.638588, -13.77342], [124.636291, -13.777124], [124.634485, -13.78034], [124.632022, -13.784455], [124.62989, -13.787905], [124.628107, -13.79097], [124.625817, -13.794494], [124.623775, -13.797738], [124.621757, -13.800987], [124.619893, -13.804183], [124.616919, -13.807809], [124.614663, -13.811434], [124.612908, -13.814509], [124.610219, -13.81879], [124.608334, -13.821585], [124.606396, -13.824879], [124.604367, -13.828718], [124.602942, -13.831362], [124.601174, -13.834477], [124.599573, -13.837613], [124.597947, -13.840608], [124.596353, -13.843727], [124.595104, -13.84668], [124.593748, -13.849499], [124.592683, -13.852291], [124.590547, -13.856429], [124.588186, -13.860407], [124.58661, -13.863766], [124.584835, -13.867332], [124.583547, -13.870082], [124.581708, -13.873799], [124.580646, -13.876612], [124.579363, -13.879523], [124.577871, -13.882004], [124.57648, -13.885475], [124.57515, -13.888349], [124.573889, -13.891863], [124.572309, -13.894918], [124.570929, -13.897495], [124.569201, -13.901141], [124.567808, -13.904415], [124.566651, -13.907597], [124.564882, -13.911821], [124.563427, -13.91569], [124.562185, -13.918667], [124.560528, -13.92282], [124.559097, -13.925547], [124.557439, -13.928429], [124.555736, -13.932169], [124.554609, -13.935464], [124.553118, -13.938617], [124.551698, -13.941638], [124.550386, -13.944604], [124.549259, -13.947196], [124.547574, -13.951415], [124.54641, -13.954764], [124.545272, -13.958101], [124.543545, -13.961628], [124.542381, -13.964186], [124.541161, -13.967321], [124.539923, -13.97081], [124.538723, -13.974404], [124.537035, -13.978551], [124.536075, -13.981387], [124.535024, -13.984831], [124.533746, -13.987998], [124.532293, -13.991174], [124.530883, -13.993799], [124.529553, -13.996749], [124.528404, -13.999414], [124.526993, -14.002645], [124.525755, -14.005867], [124.52476, -14.008727], [124.523601, -14.011909], [124.522335, -14.014639], [124.520777, -14.017617], [124.517172, -14.025335], [124.515715, -14.029047], [124.51384, -14.03267], [124.512231, -14.036588], [124.510575, -14.040248], [124.509353, -14.042907], [124.507293, -14.046931], [124.505857, -14.049856], [124.504082, -14.05337], [124.50245, -14.056387], [124.500543, -14.059392], [124.498605, -14.062507], [124.496641, -14.066411], [124.494272, -14.070397], [124.492316, -14.074231], [124.489818, -14.07912], [124.487725, -14.08306], [124.484804, -14.087951], [124.48353, -14.090701], [124.481065, -14.096158], [124.479768, -14.099187], [124.477756, -14.103573], [124.476244, -14.106841], [124.47484, -14.110299], [124.471672, -14.116862], [124.469698, -14.120662], [124.467841, -14.12474], [124.466779, -14.127581], [124.464651, -14.131631], [124.461993, -14.136952], [124.460872, -14.139937], [124.459537, -14.143411], [124.457806, -14.146824], [124.455265, -14.151663], [124.453107, -14.15565], [124.450008, -14.161444], [124.448114, -14.164914], [124.446225, -14.168338], [124.443517, -14.173372], [124.441282, -14.177816], [124.438941, -14.182728], [124.437142, -14.185495], [124.433625, -14.192288], [124.431909, -14.196528], [124.430598, -14.200366], [124.428654, -14.205567], [124.426535, -14.210904], [124.424941, -14.214377], [124.422646, -14.219097], [124.420845, -14.222003], [124.418203, -14.226919], [124.415205, -14.232092], [124.413059, -14.235348], [124.410755, -14.238739], [124.408613, -14.24232], [124.406247, -14.245554], [124.403864, -14.249968], [124.401818, -14.253289], [124.398772, -14.257356], [124.396175, -14.260242], [124.393435, -14.263801], [124.390088, -14.268492], [124.386541, -14.272525], [124.383363, -14.276507], [124.379956, -14.280407], [124.376703, -14.283804], [124.372949, -14.287121], [124.369676, -14.290966], [124.366281, -14.294235], [124.363084, -14.296793], [124.35877, -14.299499], [124.353731, -14.302466], [124.350083, -14.304873], [124.345795, -14.307528], [124.342274, -14.30926], [124.337721, -14.312018], [124.332997, -14.314115], [124.328792, -14.31516], [124.325505, -14.316231], [124.321721, -14.316944], [124.317709, -14.317251], [124.313328, -14.317848], [124.30811, -14.318677], [124.303177, -14.319212], [124.298895, -14.319107], [124.292812, -14.319377], [124.288486, -14.319236], [124.28396, -14.318553], [124.278344, -14.318586], [124.27412, -14.318006], [124.269944, -14.316707], [124.265962, -14.315245], [124.262296, -14.313711], [124.258793, -14.311387], [124.256761, -14.309459], [124.252533, -14.31129], [124.248113, -14.313687], [124.239643, -14.318015], [124.235188, -14.320974], [124.231107, -14.323571], [124.226719, -14.325976], [124.221332, -14.329414], [124.217119, -14.332369], [124.212903, -14.335258], [124.207971, -14.339013], [124.202981, -14.34327], [124.198057, -14.347872], [124.193325, -14.351275], [124.18802, -14.355271], [124.181801, -14.359861], [124.175808, -14.36493], [124.172592, -14.368183], [124.16983, -14.371899], [124.16564, -14.376393], [124.161793, -14.380948], [124.157185, -14.385549], [124.153944, -14.388891], [124.149405, -14.393918], [124.144057, -14.399623], [124.140371, -14.403435], [124.135632, -14.40813], [124.131755, -14.411505], [124.128033, -14.414932], [124.121642, -14.421915], [124.118391, -14.425915], [124.11616, -14.429757], [124.114081, -14.433267], [124.112013, -14.437316], [124.109524, -14.441451], [124.105642, -14.447022], [124.10337, -14.45109], [124.099737, -14.453667], [124.09526, -14.456432], [124.090603, -14.45915], [124.085017, -14.462644], [124.081207, -14.465037], [124.076839, -14.467774], [124.072399, -14.47038], [124.067358, -14.473438], [124.061194, -14.477108], [124.055155, -14.480487], [124.052054, -14.482255], [124.047455, -14.485519], [124.04295, -14.488581], [124.038685, -14.491408], [124.034708, -14.493801], [124.028681, -14.497516], [124.023816, -14.5007], [124.019518, -14.503829], [124.013865, -14.507937], [124.009176, -14.511182], [124.004027, -14.514435], [123.999616, -14.517811], [123.995168, -14.520655], [123.990118, -14.524061], [123.985487, -14.527254], [123.979563, -14.531167], [123.974909, -14.534218], [123.970815, -14.537482], [123.966319, -14.54076], [123.959219, -14.545769], [123.954492, -14.549167], [123.950833, -14.55288], [123.947435, -14.556336], [123.94011, -14.563891], [123.936631, -14.568419], [123.933915, -14.572083], [123.930866, -14.575092], [123.92822, -14.577983], [123.925713, -14.581078], [123.923359, -14.584202], [123.921836, -14.587312], [123.919352, -14.59137], [123.915858, -14.595775], [123.912638, -14.600441], [123.908851, -14.605539], [123.906953, -14.608554], [123.904241, -14.61112], [123.901197, -14.61414], [123.89787, -14.617309], [123.895873, -14.620271], [123.892983, -14.623904], [123.891038, -14.628156], [123.889279, -14.63084], [123.886625, -14.63455], [123.884228, -14.637616], [123.881863, -14.640393], [123.879716, -14.643166], [123.877068, -14.646343], [123.874312, -14.650582], [123.872158, -14.653701], [123.869828, -14.656863], [123.867277, -14.65983], [123.865467, -14.662517], [123.862178, -14.667224], [123.859569, -14.670697], [123.856204, -14.675328], [123.853181, -14.678712], [123.849854, -14.682459], [123.847682, -14.686034], [123.845669, -14.689744], [123.843918, -14.692041], [123.840822, -14.693609], [123.837816, -14.695597], [123.835239, -14.697722], [123.832643, -14.69973], [123.829727, -14.701801], [123.826834, -14.703889], [123.824028, -14.705749], [123.821534, -14.707599], [123.818932, -14.709448], [123.816566, -14.711558], [123.813535, -14.713465], [123.811206, -14.715425], [123.807983, -14.717587], [123.80423, -14.719739], [123.801434, -14.721476], [123.798162, -14.723608], [123.79475, -14.726472], [123.790425, -14.729095], [123.785249, -14.732562], [123.781908, -14.734537], [123.779488, -14.736599], [123.776544, -14.738663], [123.773723, -14.74096], [123.76833, -14.74461], [123.766226, -14.746254], [123.763204, -14.748548], [123.758956, -14.751664], [123.755993, -14.754082], [123.75277, -14.756684], [123.749043, -14.759601], [123.744045, -14.763618], [123.740777, -14.76617], [123.738259, -14.768599], [123.733014, -14.773273], [123.72974, -14.776116], [123.726582, -14.779661], [123.723214, -14.783229], [123.719167, -14.787954], [123.716225, -14.791081], [123.712754, -14.795363], [123.709363, -14.799773], [123.707009, -14.802961], [123.704823, -14.805886], [123.70115, -14.809701], [123.696354, -14.814634], [123.691892, -14.819348], [123.689067, -14.822754], [123.683935, -14.829159], [123.681129, -14.832361], [123.677842, -14.836768], [123.674606, -14.841143], [123.671709, -14.844587], [123.667352, -14.848958], [123.664578, -14.85213], [123.661441, -14.855858], [123.657326, -14.85978], [123.65263, -14.865383], [123.649912, -14.869017], [123.646157, -14.873947], [123.644151, -14.87671], [123.640811, -14.88258], [123.638068, -14.887121], [123.63538, -14.891324], [123.633803, -14.893636], [123.631955, -14.897438], [123.629573, -14.9001], [123.626486, -14.900521], [123.625205, -14.901483], [123.624721, -14.9034], [123.626021, -14.90575], [123.627491, -14.909103], [123.62995, -14.91274], [123.632529, -14.916455], [123.635935, -14.920649], [123.638038, -14.925184], [123.638892, -14.929117], [123.638641, -14.932237], [123.635509, -14.936114], [123.627252, -14.940659], [123.621998, -14.943577], [123.617823, -14.945869], [123.615087, -14.947419], [123.603288, -14.953945], [123.593313, -14.959363], [123.569487, -14.97119], [123.554663, -14.978153], [123.548885, -14.980822], [123.538134, -14.985732], [123.533253, -14.98795], [123.530118, -14.989395], [123.526416, -14.991053], [123.523697, -14.992255], [123.520025, -14.993896], [123.515987, -14.996482], [123.512712, -14.998661], [123.508077, -15.00164], [123.503979, -15.004346], [123.498047, -15.008172], [123.491918, -15.012083], [123.48129, -15.019018], [123.470452, -15.02594], [123.465087, -15.029398], [123.444157, -15.042635], [123.429211, -15.052091], [123.423875, -15.055515], [123.406373, -15.066484], [123.397543, -15.072122], [123.3857, -15.079515], [123.373473, -15.087348], [123.369331, -15.09013], [123.366462, -15.091953], [123.362983, -15.094314], [123.358107, -15.097604], [123.352278, -15.101285], [123.346286, -15.105262], [123.341716, -15.108364], [123.335955, -15.112485], [123.331861, -15.113951], [123.324958, -15.116036], [123.321159, -15.11745], [123.315166, -15.11965], [123.309213, -15.122168], [123.30429, -15.124418], [123.293309, -15.130296], [123.286521, -15.134073], [123.281745, -15.137884], [123.277499, -15.141941], [123.27278, -15.147052], [123.270173, -15.150479], [123.268331, -15.153634], [123.26696, -15.155875], [123.265155, -15.156853], [123.261184, -15.157522], [123.258679, -15.157104], [123.254769, -15.155268], [123.250019, -15.153511], [123.246588, -15.152604], [123.242931, -15.151818], [123.239348, -15.150652], [123.236249, -15.14926], [123.232539, -15.147506], [123.228747, -15.146573], [123.224792, -15.146042], [123.220211, -15.144178], [123.21569, -15.142464], [123.208607, -15.140282], [123.203925, -15.139423], [123.199849, -15.138837], [123.194341, -15.138335], [123.189646, -15.136986], [123.185738, -15.136392], [123.183282, -15.138448], [123.179322, -15.143107], [123.175954, -15.147187], [123.17211, -15.152609], [123.168631, -15.156517], [123.165875, -15.160382], [123.161096, -15.165635], [123.156375, -15.17111], [123.151871, -15.176038], [123.147562, -15.180393], [123.14453, -15.185135], [123.14164, -15.18824], [123.136389, -15.193254], [123.133762, -15.197223], [123.130473, -15.201066], [123.126825, -15.205802], [123.122125, -15.210957], [123.118559, -15.214652], [123.112034, -15.220291], [123.106702, -15.224285], [123.100113, -15.229112], [123.09475, -15.232152], [123.089519, -15.235264], [123.083672, -15.238124], [123.079813, -15.240084], [123.074982, -15.243077], [123.069031, -15.246529], [123.063937, -15.249032], [123.058988, -15.251363], [123.052063, -15.25457], [123.046512, -15.256905], [123.040778, -15.259327], [123.036688, -15.261104], [123.031267, -15.263268], [123.026204, -15.265136], [123.02232, -15.266654], [123.017348, -15.268581], [123.009794, -15.272021], [123.005667, -15.273744], [123.001539, -15.275756], [122.997846, -15.277763], [122.992006, -15.28042], [122.986669, -15.283068], [122.983097, -15.284572], [122.975715, -15.287536], [122.970793, -15.289508], [122.96645, -15.290896], [122.958497, -15.293895], [122.951786, -15.296071], [122.946441, -15.29749], [122.941368, -15.298991], [122.937583, -15.299899], [122.932705, -15.301445], [122.922653, -15.303548], [122.911058, -15.305818], [122.907689, -15.306751], [122.901701, -15.307192], [122.892995, -15.309719], [122.889437, -15.310345], [122.885126, -15.311446], [122.877006, -15.31428], [122.872153, -15.315751], [122.86677, -15.316484], [122.86069, -15.316908], [122.854074, -15.317468], [122.847117, -15.317418], [122.839383, -15.317128], [122.832969, -15.316744], [122.827901, -15.316805], [122.824017, -15.318111], [122.81999, -15.319523], [122.815307, -15.321208], [122.81216, -15.322044], [122.809237, -15.322871], [122.806112, -15.324046], [122.801268, -15.325747], [122.763402, -15.34205], [122.760311, -15.343388], [122.756407, -15.345301], [122.75352, -15.346512], [122.750248, -15.347658], [122.747038, -15.348778], [122.74209, -15.350949], [122.738583, -15.352037], [122.735043, -15.353362], [122.730538, -15.35514], [122.727436, -15.356623], [122.724233, -15.358205], [122.718254, -15.360876], [122.713915, -15.362582], [122.709815, -15.364444], [122.706284, -15.365939], [122.70067, -15.368645], [122.697748, -15.37028], [122.694811, -15.3719], [122.690481, -15.373736], [122.684291, -15.375991], [122.680423, -15.37771], [122.676634, -15.379254], [122.672698, -15.38113], [122.668721, -15.382698], [122.663643, -15.384869], [122.659379, -15.387105], [122.655432, -15.388927], [122.652268, -15.390549], [122.645593, -15.394458], [122.642376, -15.396172], [122.639213, -15.397742], [122.634615, -15.400282], [122.631254, -15.402052], [122.627466, -15.404364], [122.624413, -15.406199], [122.62017, -15.409133], [122.616565, -15.411465], [122.611919, -15.414662], [122.608458, -15.416896], [122.603902, -15.419892], [122.599412, -15.422752], [122.595802, -15.424972], [122.592815, -15.426821], [122.589858, -15.428603], [122.586707, -15.430631], [122.583193, -15.432826], [122.580602, -15.434374], [122.576659, -15.436858], [122.57361, -15.43869], [122.57114, -15.440076], [122.568172, -15.441752], [122.565096, -15.443525], [122.561332, -15.445862], [122.557111, -15.448381], [122.553022, -15.450808], [122.54956, -15.452842], [122.547138, -15.454511], [122.541746, -15.458015], [122.537663, -15.460648], [122.532056, -15.463919], [122.528557, -15.465888], [122.525371, -15.46742], [122.521757, -15.468971], [122.51753, -15.470983], [122.514131, -15.472577], [122.510528, -15.474408], [122.505641, -15.477138], [122.501891, -15.479504], [122.498302, -15.481508], [122.494549, -15.483718], [122.490454, -15.486043], [122.48615, -15.488414], [122.481652, -15.490259], [122.477127, -15.492095], [122.47275, -15.4936], [122.468076, -15.495259], [122.463844, -15.496783], [122.459038, -15.498536], [122.455324, -15.498436], [122.451526, -15.497206], [122.44839, -15.495265], [122.451911, -15.494819], [122.455547, -15.496231], [122.455936, -15.500505], [122.44818, -15.511563], [122.444847, -15.518572], [122.440467, -15.530277], [122.428302, -15.557662], [122.42181, -15.571522], [122.4142, -15.586987], [122.410212, -15.624388], [122.40887, -15.633941], [122.408354, -15.637825], [122.406843, -15.648087], [122.405255, -15.660185], [122.401787, -15.680477], [122.399099, -15.694733], [122.396995, -15.705665], [122.393408, -15.724546], [122.388695, -15.75123], [122.384333, -15.772715], [122.377128, -15.801942], [122.372008, -15.822448], [122.367467, -15.841333], [122.363777, -15.858341], [122.351408, -15.914957], [122.341773, -15.96882], [122.337152, -16.003622], [122.333668, -16.036879], [122.332772, -16.04633], [122.332428, -16.049978], [122.330903, -16.070908], [122.32925, -16.10885], [122.328946, -16.120412], [122.323407, -16.152302], [122.318377, -16.184607], [122.316415, -16.19471], [122.312247, -16.234503], [122.310911, -16.248253], [122.308445, -16.273864], [122.307077, -16.287873], [122.304675, -16.293245], [122.302124, -16.298425], [122.298877, -16.304932], [122.289713, -16.32259], [122.285689, -16.330219], [122.266239, -16.365694], [122.248002, -16.396867], [122.236663, -16.414928], [122.217752, -16.443398], [122.198228, -16.470635], [122.198737, -16.47438], [122.19139, -16.485402], [122.177843, -16.503083], [122.166242, -16.517836], [122.158648, -16.527437], [122.147399, -16.541222], [122.112088, -16.578733], [122.10383, -16.586972], [122.093252, -16.597422], [122.0576, -16.631628], [122.011225, -16.674273], [121.99894, -16.685715], [121.994643, -16.701772], [121.986553, -16.719763], [121.976589, -16.739608], [121.963667, -16.772503], [121.958032, -16.79176], [121.958287, -16.803943], [121.960211, -16.820084], [121.967055, -16.852085], [121.971057, -16.873758], [121.973182, -16.889032], [121.976692, -16.911751], [121.978167, -16.928], [121.978948, -16.936608], [121.979788, -16.94477], [121.981895, -16.963347], [121.983537, -16.976087], [121.986445, -16.992507], [121.987672, -16.998453], [121.990753, -17.011063], [121.993003, -17.020551], [121.993549, -17.028798], [122.000025, -17.071752], [122.001432, -17.09154], [122.001503, -17.118133], [122.001777, -17.126692], [122.001758, -17.149108], [122.001835, -17.15629], [122.001788, -17.159632], [122.002002, -17.173237], [122.002205, -17.188882], [122.002195, -17.2102], [122.002068, -17.220102], [122.000775, -17.27765], [122.000612, -17.293722], [122.000434, -17.304118], [121.999733, -17.323345], [121.999055, -17.340707], [121.997413, -17.36184], [121.994715, -17.380308], [121.993771, -17.385732], [121.992908, -17.39045], [121.992177, -17.39397], [121.991624, -17.396875], [121.990809, -17.400443], [121.99, -17.403615], [121.989268, -17.406615], [121.988498, -17.409679], [121.987516, -17.413283], [121.98673, -17.416247], [121.985866, -17.419231], [121.985186, -17.421917], [121.984023, -17.425862], [121.983119, -17.429097], [121.981348, -17.43479], [121.977538, -17.446273], [121.97621, -17.450323], [121.977591, -17.460464], [121.978052, -17.463403], [121.978458, -17.466283], [121.978768, -17.469579], [121.979177, -17.473269], [121.979412, -17.475483], [121.979711, -17.47819], [121.980317, -17.490735], [121.980436, -17.496801], [121.980611, -17.509286], [121.981555, -17.528575], [121.982295, -17.55304], [121.982324, -17.587123], [121.98427, -17.630562], [121.988468, -17.644654], [121.990555, -17.650282], [121.997693, -17.667807], [122.003436, -17.680472], [122.021852, -17.722782], [122.028909, -17.739847], [122.047207, -17.78417], [122.058792, -17.80236], [122.070808, -17.815814], [122.106788, -17.855207], [122.117057, -17.866791], [122.142057, -17.894867], [122.158142, -17.914027], [122.167314, -17.926242], [122.172433, -17.932225], [122.184197, -17.942555], [122.192828, -17.948233], [122.194562, -17.951026], [122.192468, -17.960912], [122.192223, -17.962157], [122.193455, -17.957237], [122.193872, -17.954085], [122.192574, -17.951886], [122.182358, -17.956197], [122.177111, -17.959092], [122.170277, -17.964887], [122.167389, -17.968919], [122.166256, -17.974323], [122.170233, -17.983037], [122.175571, -17.992644], [122.18356, -17.998757], [122.189562, -18.003162], [122.197332, -18.008728], [122.202127, -18.012556], [122.20683, -18.013843], [122.212281, -18.010979], [122.217553, -18.007836], [122.222199, -18.000673], [122.229578, -17.992104], [122.234827, -17.989068], [122.238945, -17.986751], [122.243003, -17.984959], [122.245579, -17.985936]]}, "times": ["2023-08-15T07:25:04+00:00", "2023-08-15T23:51:40+00:00", "2023-08-15T23:57:40+00:00", "2023-08-16T00:11:34+00:00", "2023-08-16T00:26:44+00:00", "2023-08-16T00:34:49+00:00", "2023-08-16T00:50:24+00:00", "2023-08-16T01:01:22+00:00", "2023-08-16T01:07:54+00:00", "2023-08-16T01:23:35+00:00", "2023-08-16T01:45:21+00:00", "2023-08-16T02:01:31+00:00", "2023-08-16T02:25:42+00:00", "2023-08-16T02:33:07+00:00", "2023-08-16T02:44:13+00:00", "2023-08-16T02:49:33+00:00", "2023-08-16T02:56:26+00:00", "2023-08-16T03:02:52+00:00", "2023-08-16T03:08:44+00:00", "2023-08-16T03:16:02+00:00", "2023-08-16T03:28:40+00:00", "2023-08-16T03:36:02+00:00", "2023-08-16T03:47:48+00:00", "2023-08-16T03:58:58+00:00", "2023-08-16T04:14:37+00:00", "2023-08-16T04:25:03+00:00", "2023-08-16T04:52:32+00:00", "2023-08-16T05:13:22+00:00", "2023-08-16T05:30:33+00:00", "2023-08-16T05:48:46+00:00", "2023-08-16T06:02:52+00:00", "2023-08-16T06:11:30+00:00", "2023-08-16T06:20:12+00:00", "2023-08-16T06:30:57+00:00", "2023-08-16T06:42:47+00:00", "2023-08-16T06:56:01+00:00", "2023-08-16T07:04:35+00:00", "2023-08-16T07:08:56+00:00", "2023-08-16T07:18:10+00:00", "2023-08-16T07:32:28+00:00", "2023-08-16T07:37:49+00:00", "2023-08-16T07:42:42+00:00", "2023-08-16T07:50:11+00:00", "2023-08-16T08:01:45+00:00", "2023-08-16T08:11:01+00:00", "2023-08-16T08:23:42+00:00", "2023-08-16T08:37:39+00:00", "2023-08-16T08:41:40+00:00", "2023-08-16T08:47:52+00:00", "2023-08-16T08:56:49+00:00", "2023-08-16T09:06:21+00:00", "2023-08-16T09:15:18+00:00", "2023-08-16T09:18:59+00:00", "2023-08-16T09:24:15+00:00", "2023-08-16T09:26:59+00:00", "2023-08-16T09:31:43+00:00", "2023-08-16T09:41:34+00:00", "2023-08-16T09:44:34+00:00", "2023-08-16T09:50:34+00:00", "2023-08-16T09:53:51+00:00", "2023-08-16T09:59:35+00:00", "2023-08-16T10:05:55+00:00", "2023-08-16T10:12:13+00:00", "2023-08-16T10:17:06+00:00", "2023-08-16T10:21:27+00:00", "2023-08-16T10:26:11+00:00", "2023-08-16T10:31:12+00:00", "2023-08-16T10:33:52+00:00", "2023-08-16T10:36:00+00:00", "2023-08-16T10:39:48+00:00", "2023-08-16T10:44:26+00:00", "2023-08-16T10:48:47+00:00", "2023-08-16T10:51:51+00:00", "2023-08-16T10:57:12+00:00", "2023-08-16T11:01:21+00:00", "2023-08-16T11:05:11+00:00", "2023-08-16T11:07:27+00:00", "2023-08-16T11:15:40+00:00", "2023-08-16T11:20:24+00:00", "2023-08-16T11:22:24+00:00", "2023-08-16T11:25:32+00:00", "2023-08-16T11:28:41+00:00", "2023-08-16T11:34:54+00:00", "2023-08-16T11:38:10+00:00", "2023-08-16T11:45:58+00:00", "2023-08-16T11:48:54+00:00", "2023-08-16T11:52:11+00:00", "2023-08-16T11:55:31+00:00", "2023-08-16T12:00:20+00:00", "2023-08-16T12:02:44+00:00", "2023-08-16T12:06:04+00:00", "2023-08-16T12:09:05+00:00", "2023-08-16T12:12:37+00:00", "2023-08-16T12:15:53+00:00", "2023-08-16T12:22:50+00:00", "2023-08-16T12:27:18+00:00", "2023-08-16T12:30:26+00:00", "2023-08-16T12:33:06+00:00", "2023-08-16T12:39:02+00:00", "2023-08-16T12:42:55+00:00", "2023-08-16T12:45:43+00:00", "2023-08-16T12:51:39+00:00", "2023-08-16T12:58:07+00:00", "2023-08-16T13:02:16+00:00", "2023-08-16T13:08:48+00:00", "2023-08-16T13:18:58+00:00", "2023-08-16T13:27:27+00:00", "2023-08-16T13:32:03+00:00", "2023-08-16T13:41:20+00:00", "2023-08-16T13:45:48+00:00", "2023-08-16T13:53:04+00:00", "2023-08-16T13:57:45+00:00", "2023-08-16T14:02:33+00:00", "2023-08-16T14:09:54+00:00", "2023-08-16T14:14:02+00:00", "2023-08-16T14:19:39+00:00", "2023-08-16T14:27:47+00:00", "2023-08-16T14:38:36+00:00", "2023-08-16T14:41:52+00:00", "2023-08-16T14:49:08+00:00", "2023-08-16T14:57:45+00:00", "2023-08-16T15:02:01+00:00", "2023-08-16T15:05:37+00:00", "2023-08-16T15:08:29+00:00", "2023-08-16T15:13:21+00:00", "2023-08-16T15:19:30+00:00", "2023-08-16T15:26:07+00:00", "2023-08-16T15:35:29+00:00", "2023-08-16T15:38:02+00:00", "2023-08-16T15:48:07+00:00", "2023-08-16T15:52:52+00:00", "2023-08-16T15:54:56+00:00", "2023-08-16T16:03:17+00:00", "2023-08-16T16:07:46+00:00", "2023-08-16T16:14:59+00:00", "2023-08-16T16:19:28+00:00", "2023-08-16T16:24:16+00:00", "2023-08-16T16:31:49+00:00", "2023-08-16T16:41:32+00:00", "2023-08-16T16:44:00+00:00", "2023-08-16T16:52:38+00:00", "2023-08-16T16:57:59+00:00", "2023-08-16T17:04:04+00:00", "2023-08-16T17:11:41+00:00", "2023-08-16T17:17:01+00:00", "2023-08-16T17:22:14+00:00", "2023-08-16T17:28:23+00:00", "2023-08-16T17:31:36+00:00", "2023-08-16T17:37:04+00:00", "2023-08-16T17:43:29+00:00", "2023-08-16T17:48:06+00:00", "2023-08-16T17:51:06+00:00", "2023-08-16T17:56:39+00:00", "2023-08-16T18:00:44+00:00", "2023-08-16T18:04:56+00:00", "2023-08-16T18:09:25+00:00", "2023-08-16T18:13:33+00:00", "2023-08-16T18:15:22+00:00", "2023-08-16T18:21:55+00:00", "2023-08-16T18:27:16+00:00", "2023-08-16T18:31:57+00:00", "2023-08-16T18:36:18+00:00", "2023-08-16T18:47:00+00:00", "2023-08-16T18:52:05+00:00", "2023-08-16T19:02:39+00:00", "2023-08-16T19:07:19+00:00", "2023-08-16T19:17:33+00:00", "2023-08-16T19:22:10+00:00", "2023-08-16T19:26:55+00:00", "2023-08-16T19:35:16+00:00", "2023-08-16T19:40:13+00:00", "2023-08-16T19:44:22+00:00", "2023-08-16T19:48:10+00:00", "2023-08-16T19:52:18+00:00", "2023-08-16T19:58:51+00:00", "2023-08-16T20:04:33+00:00", "2023-08-16T20:08:01+00:00", "2023-08-16T20:13:46+00:00", "2023-08-16T20:23:16+00:00", "2023-08-16T20:29:12+00:00", "2023-08-16T20:35:34+00:00", "2023-08-16T20:40:19+00:00", "2023-08-16T20:45:31+00:00", "2023-08-16T20:51:52+00:00", "2023-08-16T20:58:21+00:00", "2023-08-16T21:02:25+00:00", "2023-08-16T21:11:59+00:00", "2023-08-16T21:18:40+00:00", "2023-08-16T21:23:53+00:00", "2023-08-16T21:30:46+00:00", "2023-08-16T21:36:47+00:00", "2023-08-16T21:40:44+00:00", "2023-08-16T21:47:53+00:00", "2023-08-16T21:52:02+00:00", "2023-08-16T21:59:12+00:00", "2023-08-16T22:05:53+00:00", "2023-08-16T22:12:30+00:00", "2023-08-16T22:15:38+00:00", "2023-08-16T22:20:50+00:00", "2023-08-16T22:25:24+00:00", "2023-08-16T22:29:01+00:00", "2023-08-16T22:39:22+00:00", "2023-08-16T22:46:07+00:00", "2023-08-16T22:54:57+00:00", "2023-08-16T23:02:38+00:00", "2023-08-16T23:06:23+00:00", "2023-08-16T23:13:51+00:00", "2023-08-16T23:17:56+00:00", "2023-08-16T23:22:13+00:00", "2023-08-16T23:27:33+00:00", "2023-08-16T23:34:14+00:00", "2023-08-16T23:40:39+00:00", "2023-08-16T23:45:28+00:00", "2023-08-16T23:49:25+00:00", "2023-08-16T23:53:38+00:00", "2023-08-16T23:58:18+00:00", "2023-08-17T00:02:55+00:00", "2023-08-17T00:07:07+00:00", "2023-08-17T00:14:12+00:00", "2023-08-17T00:18:37+00:00", "2023-08-17T00:25:02+00:00", "2023-08-17T00:29:23+00:00", "2023-08-17T00:33:24+00:00", "2023-08-17T00:37:53+00:00", "2023-08-17T00:39:33+00:00", "2023-08-17T00:41:54+00:00", "2023-08-17T00:44:03+00:00", "2023-08-17T00:49:08+00:00", "2023-08-17T00:52:36+00:00", "2023-08-17T00:58:26+00:00", "2023-08-17T01:10:41+00:00", "2023-08-17T01:14:13+00:00", "2023-08-17T01:20:35+00:00", "2023-08-17T01:25:08+00:00", "2023-08-17T01:29:01+00:00", "2023-08-17T01:34:18+00:00", "2023-08-17T01:37:38+00:00", "2023-08-17T01:45:20+00:00", "2023-08-17T01:50:09+00:00", "2023-08-17T01:58:10+00:00", "2023-08-17T02:04:03+00:00", "2023-08-17T02:07:08+00:00", "2023-08-17T02:14:13+00:00", "2023-08-17T02:19:01+00:00", "2023-08-17T02:27:42+00:00", "2023-08-17T02:29:47+00:00", "2023-08-17T02:36:53+00:00", "2023-08-17T02:48:16+00:00", "2023-08-17T02:53:47+00:00", "2023-08-17T02:58:49+00:00", "2023-08-17T03:16:58+00:00", "2023-08-17T03:21:22+00:00", "2023-08-17T03:30:27+00:00", "2023-08-17T03:42:09+00:00", "2023-08-17T03:49:15+00:00", "2023-08-17T03:56:30+00:00", "2023-08-17T04:04:15+00:00", "2023-08-17T04:13:09+00:00", "2023-08-17T04:15:09+00:00", "2023-08-17T04:27:15+00:00", "2023-08-17T04:30:08+00:00", "2023-08-17T04:35:43+00:00", "2023-08-17T04:40:56+00:00", "2023-08-17T04:46:29+00:00", "2023-08-17T04:49:45+00:00", "2023-08-17T04:55:26+00:00", "2023-08-17T05:00:19+00:00", "2023-08-17T05:07:56+00:00", "2023-08-17T05:20:03+00:00", "2023-08-17T05:29:20+00:00", "2023-08-17T05:38:44+00:00", "2023-08-17T05:44:12+00:00", "2023-08-17T05:51:41+00:00", "2023-08-17T05:56:21+00:00", "2023-08-17T05:59:38+00:00", "2023-08-17T06:05:30+00:00", "2023-08-17T06:10:34+00:00", "2023-08-17T06:14:18+00:00", "2023-08-17T06:17:54+00:00", "2023-08-17T06:25:56+00:00", "2023-08-17T06:29:08+00:00", "2023-08-17T06:33:45+00:00", "2023-08-17T06:37:37+00:00", "2023-08-17T06:43:43+00:00", "2023-08-17T06:47:39+00:00", "2023-08-17T06:52:57+00:00", "2023-08-17T06:55:50+00:00", "2023-08-17T06:59:31+00:00", "2023-08-17T07:03:36+00:00", "2023-08-17T07:19:53+00:00", "2023-08-17T07:31:59+00:00", "2023-08-17T07:40:52+00:00", "2023-08-17T07:45:49+00:00", "2023-08-17T07:52:38+00:00", "2023-08-17T07:59:02+00:00", "2023-08-17T08:02:27+00:00", "2023-08-17T08:08:51+00:00", "2023-08-17T08:17:19+00:00", "2023-08-17T08:19:52+00:00", "2023-08-17T08:24:28+00:00", "2023-08-17T08:29:09+00:00", "2023-08-17T08:42:03+00:00", "2023-08-17T08:44:55+00:00", "2023-08-17T08:52:01+00:00", "2023-08-17T08:57:06+00:00", "2023-08-17T09:02:03+00:00", "2023-08-17T09:11:38+00:00", "2023-08-17T09:19:03+00:00", "2023-08-17T09:26:48+00:00", "2023-08-17T09:29:33+00:00", "2023-08-17T09:33:50+00:00", "2023-08-17T09:38:27+00:00", "2023-08-17T09:40:47+00:00", "2023-08-17T09:43:11+00:00", "2023-08-17T09:45:27+00:00", "2023-08-17T09:50:29+00:00", "2023-08-17T10:00:19+00:00", "2023-08-17T10:04:36+00:00", "2023-08-17T10:13:21+00:00", "2023-08-17T10:19:58+00:00", "2023-08-17T10:23:14+00:00", "2023-08-17T10:36:07+00:00", "2023-08-17T10:42:08+00:00", "2023-08-17T10:49:32+00:00", "2023-08-17T10:58:05+00:00", "2023-08-17T11:02:45+00:00", "2023-08-17T11:09:26+00:00", "2023-08-17T11:19:58+00:00", "2023-08-17T11:27:43+00:00", "2023-08-17T11:33:23+00:00", "2023-08-17T11:38:07+00:00", "2023-08-17T11:42:32+00:00", "2023-08-17T11:51:36+00:00", "2023-08-17T11:54:49+00:00", "2023-08-17T12:00:25+00:00", "2023-08-17T12:04:17+00:00", "2023-08-17T12:07:09+00:00", "2023-08-17T12:11:21+00:00", "2023-08-17T12:27:46+00:00", "2023-08-17T12:36:03+00:00", "2023-08-17T12:45:52+00:00", "2023-08-17T13:05:56+00:00", "2023-08-17T13:16:54+00:00", "2023-08-17T13:24:51+00:00", "2023-08-17T13:29:44+00:00", "2023-08-17T13:47:35+00:00", "2023-08-17T14:05:23+00:00", "2023-08-17T14:23:14+00:00", "2023-08-17T14:35:44+00:00", "2023-08-17T14:53:28+00:00", "2023-08-17T14:57:36+00:00", "2023-08-17T15:04:45+00:00", "2023-08-17T15:09:50+00:00", "2023-08-17T15:29:38+00:00", "2023-08-17T15:38:18+00:00", "2023-08-17T15:49:43+00:00", "2023-08-17T16:00:23+00:00", "2023-08-17T16:20:28+00:00", "2023-08-17T16:48:02+00:00", "2023-08-17T17:09:14+00:00", "2023-08-17T17:31:19+00:00", "2023-08-17T17:36:12+00:00", "2023-08-17T18:05:21+00:00", "2023-08-17T18:17:59+00:00", "2023-08-17T18:28:01+00:00", "2023-08-17T18:43:16+00:00", "2023-08-17T19:00:55+00:00", "2023-08-17T19:17:09+00:00", "2023-08-17T19:28:23+00:00", "2023-08-17T19:48:51+00:00", "2023-08-17T20:07:46+00:00", "2023-08-17T20:29:58+00:00", "2023-08-17T20:45:05+00:00", "2023-08-17T20:49:38+00:00", "2023-08-17T21:10:25+00:00", "2023-08-17T21:19:58+00:00", "2023-08-17T21:23:35+00:00", "2023-08-17T21:26:59+00:00", "2023-08-17T21:31:36+00:00", "2023-08-17T21:35:04+00:00", "2023-08-17T21:38:49+00:00", "2023-08-17T21:42:38+00:00", "2023-08-17T21:46:35+00:00", "2023-08-17T21:52:20+00:00", "2023-08-17T21:58:25+00:00", "2023-08-17T22:08:36+00:00", "2023-08-17T22:13:34+00:00", "2023-08-17T22:20:37+00:00", "2023-08-17T22:28:11+00:00", "2023-08-17T22:35:04+00:00", "2023-08-17T22:43:02+00:00", "2023-08-17T22:56:00+00:00", "2023-08-17T23:08:07+00:00", "2023-08-17T23:19:28+00:00", "2023-08-17T23:26:45+00:00", "2023-08-17T23:32:14+00:00", "2023-08-17T23:47:00+00:00", "2023-08-17T23:59:43+00:00", "2023-08-18T00:12:33+00:00", "2023-08-18T00:26:07+00:00", "2023-08-18T00:34:53+00:00", "2023-08-18T00:40:45+00:00", "2023-08-18T00:50:43+00:00", "2023-08-18T00:55:56+00:00", "2023-08-18T01:03:14+00:00", "2023-08-18T01:20:08+00:00", "2023-08-18T01:24:21+00:00", "2023-08-18T01:31:11+00:00", "2023-08-18T01:36:40+00:00", "2023-08-18T01:47:58+00:00", "2023-08-18T01:56:36+00:00", "2023-08-18T02:09:30+00:00", "2023-08-18T02:16:04+00:00", "2023-08-18T02:23:21+00:00", "2023-08-18T02:34:26+00:00", "2023-08-18T02:37:56+00:00", "2023-08-18T02:43:05+00:00", "2023-08-18T02:53:54+00:00", "2023-08-18T03:03:09+00:00", "2023-08-18T03:09:30+00:00", "2023-08-18T03:22:25+00:00", "2023-08-18T03:28:30+00:00", "2023-08-18T03:34:27+00:00", "2023-08-18T03:52:18+00:00", "2023-08-18T04:00:43+00:00", "2023-08-18T04:07:57+00:00", "2023-08-18T04:14:47+00:00", "2023-08-18T04:26:05+00:00", "2023-08-18T04:37:39+00:00", "2023-08-18T04:42:36+00:00", "2023-08-18T04:49:37+00:00", "2023-08-18T05:11:30+00:00", "2023-08-18T05:17:55+00:00", "2023-08-18T05:19:59+00:00", "2023-08-18T05:24:08+00:00", "2023-08-18T05:32:02+00:00", "2023-08-18T05:38:16+00:00", "2023-08-18T05:44:13+00:00", "2023-08-18T05:50:41+00:00", "2023-08-18T06:20:27+00:00", "2023-08-18T06:33:05+00:00", "2023-08-18T06:44:19+00:00", "2023-08-18T06:50:29+00:00", "2023-08-18T07:03:12+00:00", "2023-08-18T07:27:41+00:00", "2023-08-18T07:37:40+00:00", "2023-08-18T07:49:14+00:00", "2023-08-18T08:09:42+00:00", "2023-08-18T08:15:43+00:00", "2023-08-18T08:25:36+00:00", "2023-08-18T08:28:21+00:00", "2023-08-18T08:41:30+00:00", "2023-08-18T08:46:06+00:00", "2023-08-18T08:48:22+00:00", "2023-08-18T08:55:39+00:00", "2023-08-18T09:01:39+00:00", "2023-08-18T09:06:11+00:00", "2023-08-18T09:11:32+00:00", "2023-08-18T09:17:24+00:00", "2023-08-18T09:22:20+00:00", "2023-08-18T09:31:49+00:00", "2023-08-18T09:38:10+00:00", "2023-08-18T09:40:34+00:00", "2023-08-18T09:43:42+00:00", "2023-08-18T09:48:50+00:00", "2023-08-18T09:53:42+00:00", "2023-08-18T10:01:43+00:00", "2023-08-18T10:08:08+00:00", "2023-08-18T10:16:21+00:00", "2023-08-18T10:22:09+00:00", "2023-08-18T10:29:37+00:00", "2023-08-18T10:34:27+00:00", "2023-08-18T10:37:49+00:00", "2023-08-18T10:39:25+00:00", "2023-08-18T10:42:01+00:00", "2023-08-18T10:44:13+00:00", "2023-08-18T10:46:38+00:00", "2023-08-18T10:51:50+00:00", "2023-08-18T10:59:06+00:00", "2023-08-18T11:02:20+00:00", "2023-08-18T11:05:24+00:00", "2023-08-18T11:07:49+00:00", "2023-08-18T11:10:13+00:00", "2023-08-18T11:12:29+00:00", "2023-08-18T11:14:53+00:00", "2023-08-18T11:16:57+00:00", "2023-08-18T11:20:26+00:00", "2023-08-18T11:22:38+00:00", "2023-08-18T11:25:50+00:00", "2023-08-18T11:29:26+00:00", "2023-08-18T11:35:42+00:00", "2023-08-18T11:38:22+00:00", "2023-08-18T11:40:19+00:00", "2023-08-18T11:42:27+00:00", "2023-08-18T11:44:51+00:00", "2023-08-18T11:50:11+00:00", "2023-08-18T11:54:55+00:00", "2023-08-18T12:01:40+00:00", "2023-08-18T12:07:00+00:00", "2023-08-18T12:21:49+00:00", "2023-08-18T12:29:05+00:00", "2023-08-18T12:36:02+00:00", "2023-08-18T12:43:46+00:00", "2023-08-18T12:50:35+00:00", "2023-08-18T12:55:56+00:00", "2023-08-18T13:00:53+00:00", "2023-08-18T13:06:13+00:00", "2023-08-18T13:09:25+00:00", "2023-08-18T13:12:57+00:00", "2023-08-18T13:23:18+00:00", "2023-08-18T13:27:54+00:00", "2023-08-18T13:48:59+00:00", "2023-08-18T14:04:57+00:00", "2023-08-18T14:28:10+00:00", "2023-08-18T14:46:55+00:00", "2023-08-18T14:58:40+00:00", "2023-08-18T15:03:24+00:00", "2023-08-18T15:15:42+00:00", "2023-08-18T15:33:45+00:00", "2023-08-18T15:40:23+00:00", "2023-08-18T15:57:49+00:00", "2023-08-18T16:05:48+00:00", "2023-08-18T16:14:50+00:00", "2023-08-18T16:26:55+00:00", "2023-08-18T16:32:45+00:00", "2023-08-18T16:38:02+00:00", "2023-08-18T16:45:11+00:00", "2023-08-18T16:59:53+00:00", "2023-08-18T17:08:54+00:00", "2023-08-18T17:13:47+00:00", "2023-08-18T17:26:53+00:00", "2023-08-18T17:34:27+00:00", "2023-08-18T17:46:21+00:00", "2023-08-18T17:55:27+00:00", "2023-08-18T17:59:15+00:00", "2023-08-18T18:07:37+00:00", "2023-08-18T18:16:06+00:00", "2023-08-18T18:20:10+00:00", "2023-08-18T18:25:07+00:00", "2023-08-18T18:30:00+00:00", "2023-08-18T18:36:21+00:00", "2023-08-18T18:46:47+00:00", "2023-08-18T18:53:32+00:00", "2023-08-18T18:59:37+00:00", "2023-08-18T19:09:03+00:00", "2023-08-18T19:19:12+00:00", "2023-08-18T19:24:33+00:00", "2023-08-18T19:33:44+00:00", "2023-08-18T19:37:49+00:00", "2023-08-18T19:50:03+00:00", "2023-08-18T19:54:56+00:00", "2023-08-18T19:58:13+00:00", "2023-08-18T20:04:46+00:00", "2023-08-18T20:10:59+00:00", "2023-08-18T20:15:16+00:00", "2023-08-18T20:19:21+00:00", "2023-08-18T20:29:18+00:00", "2023-08-18T20:34:19+00:00", "2023-08-18T20:38:44+00:00", "2023-08-18T20:41:44+00:00", "2023-08-18T20:45:37+00:00", "2023-08-18T20:48:25+00:00", "2023-08-18T20:55:54+00:00", "2023-08-18T21:00:43+00:00", "2023-08-18T21:03:27+00:00", "2023-08-18T21:14:21+00:00", "2023-08-18T21:18:38+00:00", "2023-08-18T21:21:15+00:00", "2023-08-18T21:27:35+00:00", "2023-08-18T21:35:53+00:00", "2023-08-18T21:39:25+00:00", "2023-08-18T21:46:46+00:00", "2023-08-18T21:55:51+00:00", "2023-08-18T22:03:01+00:00", "2023-08-18T22:04:25+00:00", "2023-08-18T22:08:18+00:00", "2023-08-18T22:10:58+00:00", "2023-08-18T22:14:07+00:00", "2023-08-18T22:17:23+00:00", "2023-08-18T22:21:52+00:00", "2023-08-18T22:26:09+00:00", "2023-08-18T22:31:18+00:00", "2023-08-18T22:34:43+00:00", "2023-08-18T22:38:33+00:00", "2023-08-18T22:45:42+00:00", "2023-08-18T22:47:22+00:00", "2023-08-18T22:56:43+00:00", "2023-08-18T22:59:48+00:00", "2023-08-18T23:07:57+00:00", "2023-08-18T23:11:02+00:00", "2023-08-18T23:14:47+00:00", "2023-08-18T23:22:36+00:00", "2023-08-18T23:27:18+00:00", "2023-08-18T23:32:15+00:00", "2023-08-18T23:34:52+00:00", "2023-08-18T23:47:11+00:00", "2023-08-18T23:50:44+00:00", "2023-08-18T23:58:30+00:00", "2023-08-19T00:07:36+00:00", "2023-08-19T00:12:14+00:00", "2023-08-19T00:22:40+00:00", "2023-08-19T00:29:47+00:00", "2023-08-19T00:38:09+00:00", "2023-08-19T00:45:20+00:00", "2023-08-19T00:50:18+00:00", "2023-08-19T00:55:50+00:00", "2023-08-19T00:59:55+00:00", "2023-08-19T01:03:40+00:00", "2023-08-19T01:08:49+00:00", "2023-08-19T01:14:39+00:00", "2023-08-19T01:21:38+00:00", "2023-08-19T01:25:29+00:00", "2023-08-19T01:35:14+00:00", "2023-08-19T01:42:44+00:00", "2023-08-19T01:47:24+00:00", "2023-08-19T01:54:42+00:00", "2023-08-19T02:02:38+00:00", "2023-08-19T02:07:01+00:00", "2023-08-19T02:11:05+00:00", "2023-08-19T02:16:37+00:00", "2023-08-19T02:21:38+00:00", "2023-08-19T02:25:14+00:00", "2023-08-19T02:33:42+00:00", "2023-08-19T02:38:39+00:00", "2023-08-19T02:41:47+00:00", "2023-08-19T02:46:13+00:00", "2023-08-19T02:48:30+00:00", "2023-08-19T02:52:34+00:00", "2023-08-19T02:53:42+00:00", "2023-08-19T02:55:51+00:00", "2023-08-19T02:58:43+00:00", "2023-08-19T03:01:32+00:00", "2023-08-19T03:03:52+00:00", "2023-08-19T03:06:28+00:00", "2023-08-19T03:09:05+00:00", "2023-08-19T03:11:09+00:00", "2023-08-19T03:13:29+00:00", "2023-08-19T03:15:50+00:00", "2023-08-19T03:18:26+00:00", "2023-08-19T03:20:31+00:00", "2023-08-19T03:22:35+00:00", "2023-08-19T03:25:08+00:00", "2023-08-19T03:27:20+00:00", "2023-08-19T03:28:52+00:00", "2023-08-19T03:31:08+00:00", "2023-08-19T03:32:48+00:00", "2023-08-19T03:34:41+00:00", "2023-08-19T03:36:49+00:00", "2023-08-19T03:38:46+00:00", "2023-08-19T03:40:38+00:00", "2023-08-19T03:42:02+00:00", "2023-08-19T03:44:15+00:00", "2023-08-19T03:45:55+00:00", "2023-08-19T03:47:51+00:00", "2023-08-19T03:49:28+00:00", "2023-08-19T03:51:08+00:00", "2023-08-19T03:52:56+00:00", "2023-08-19T03:54:41+00:00", "2023-08-19T03:56:17+00:00", "2023-08-19T03:58:41+00:00", "2023-08-19T04:01:13+00:00", "2023-08-19T04:03:14+00:00", "2023-08-19T04:05:02+00:00", "2023-08-19T04:07:26+00:00", "2023-08-19T04:09:58+00:00", "2023-08-19T04:11:30+00:00", "2023-08-19T04:12:58+00:00", "2023-08-19T04:15:14+00:00", "2023-08-19T04:17:10+00:00", "2023-08-19T04:18:47+00:00", "2023-08-19T04:20:55+00:00", "2023-08-19T04:22:31+00:00", "2023-08-19T04:24:07+00:00", "2023-08-19T04:25:55+00:00", "2023-08-19T04:27:35+00:00", "2023-08-19T04:31:15+00:00", "2023-08-19T04:32:39+00:00", "2023-08-19T04:34:27+00:00", "2023-08-19T04:36:07+00:00", "2023-08-19T04:37:51+00:00", "2023-08-19T04:39:48+00:00", "2023-08-19T04:41:48+00:00", "2023-08-19T04:43:36+00:00", "2023-08-19T04:45:00+00:00", "2023-08-19T04:46:28+00:00", "2023-08-19T04:48:24+00:00", "2023-08-19T04:50:04+00:00", "2023-08-19T04:51:32+00:00", "2023-08-19T04:53:36+00:00", "2023-08-19T04:55:37+00:00", "2023-08-19T04:57:05+00:00", "2023-08-19T04:58:49+00:00", "2023-08-19T05:01:10+00:00", "2023-08-19T05:02:54+00:00", "2023-08-19T05:04:58+00:00", "2023-08-19T05:06:30+00:00", "2023-08-19T05:08:27+00:00", "2023-08-19T05:10:23+00:00", "2023-08-19T05:11:59+00:00", "2023-08-19T05:14:40+00:00", "2023-08-19T05:16:00+00:00", "2023-08-19T05:18:20+00:00", "2023-08-19T05:20:09+00:00", "2023-08-19T05:21:49+00:00", "2023-08-19T05:23:33+00:00", "2023-08-19T05:25:53+00:00", "2023-08-19T05:27:42+00:00", "2023-08-19T05:29:38+00:00", "2023-08-19T05:32:06+00:00", "2023-08-19T05:34:11+00:00", "2023-08-19T05:36:15+00:00", "2023-08-19T05:37:43+00:00", "2023-08-19T05:39:59+00:00", "2023-08-19T05:42:20+00:00", "2023-08-19T05:43:48+00:00", "2023-08-19T05:45:48+00:00", "2023-08-19T05:48:52+00:00", "2023-08-19T05:51:01+00:00", "2023-08-19T05:52:38+00:00", "2023-08-19T05:54:34+00:00", "2023-08-19T05:56:26+00:00", "2023-08-19T05:58:18+00:00", "2023-08-19T05:59:50+00:00", "2023-08-19T06:02:22+00:00", "2023-08-19T06:04:15+00:00", "2023-08-19T06:06:23+00:00", "2023-08-19T06:08:43+00:00", "2023-08-19T06:10:11+00:00", "2023-08-19T06:12:16+00:00", "2023-08-19T06:14:44+00:00", "2023-08-19T06:17:20+00:00", "2023-08-19T06:19:00+00:00", "2023-08-19T06:20:48+00:00", "2023-08-19T06:22:48+00:00", "2023-08-19T06:25:52+00:00", "2023-08-19T06:27:56+00:00", "2023-08-19T06:29:21+00:00", "2023-08-19T06:30:57+00:00", "2023-08-19T06:33:05+00:00", "2023-08-19T06:34:49+00:00", "2023-08-19T06:37:45+00:00", "2023-08-19T06:39:17+00:00", "2023-08-19T06:41:29+00:00", "2023-08-19T06:43:06+00:00", "2023-08-19T06:45:34+00:00", "2023-08-19T06:47:18+00:00", "2023-08-19T06:49:30+00:00", "2023-08-19T06:51:22+00:00", "2023-08-19T06:52:58+00:00", "2023-08-19T06:54:58+00:00", "2023-08-19T06:56:47+00:00", "2023-08-19T06:58:35+00:00", "2023-08-19T06:59:59+00:00", "2023-08-19T07:01:55+00:00", "2023-08-19T07:04:35+00:00", "2023-08-19T07:06:07+00:00", "2023-08-19T07:08:27+00:00", "2023-08-19T07:10:19+00:00", "2023-08-19T07:11:51+00:00", "2023-08-19T07:13:39+00:00", "2023-08-19T07:15:19+00:00", "2023-08-19T07:18:12+00:00", "2023-08-19T07:19:56+00:00", "2023-08-19T07:22:04+00:00", "2023-08-19T07:24:28+00:00", "2023-08-19T07:27:12+00:00", "2023-08-19T07:28:40+00:00", "2023-08-19T07:30:44+00:00", "2023-08-19T07:33:32+00:00", "2023-08-19T07:34:41+00:00", "2023-08-19T07:37:09+00:00", "2023-08-19T07:39:13+00:00", "2023-08-19T07:40:49+00:00", "2023-08-19T07:42:45+00:00", "2023-08-19T07:44:34+00:00", "2023-08-19T07:47:10+00:00", "2023-08-19T07:49:23+00:00", "2023-08-19T07:51:07+00:00", "2023-08-19T07:52:55+00:00", "2023-08-19T07:55:15+00:00", "2023-08-19T07:57:08+00:00", "2023-08-19T07:59:12+00:00", "2023-08-19T08:01:24+00:00", "2023-08-19T08:03:28+00:00", "2023-08-19T08:06:04+00:00", "2023-08-19T08:08:08+00:00", "2023-08-19T08:10:12+00:00", "2023-08-19T08:11:45+00:00", "2023-08-19T08:13:57+00:00", "2023-08-19T08:16:05+00:00", "2023-08-19T08:18:33+00:00", "2023-08-19T08:20:13+00:00", "2023-08-19T08:22:42+00:00", "2023-08-19T08:24:38+00:00", "2023-08-19T08:27:07+00:00", "2023-08-19T08:28:51+00:00", "2023-08-19T08:31:15+00:00", "2023-08-19T08:33:16+00:00", "2023-08-19T08:35:36+00:00", "2023-08-19T08:37:24+00:00", "2023-08-19T08:40:01+00:00", "2023-08-19T08:42:45+00:00", "2023-08-19T08:43:53+00:00", "2023-08-19T08:46:34+00:00", "2023-08-19T08:48:22+00:00", "2023-08-19T08:50:39+00:00", "2023-08-19T08:52:04+00:00", "2023-08-19T08:56:20+00:00", "2023-08-19T08:58:20+00:00", "2023-08-19T09:01:16+00:00", "2023-08-19T09:03:20+00:00", "2023-08-19T09:05:32+00:00", "2023-08-19T09:07:21+00:00", "2023-08-19T09:10:13+00:00", "2023-08-19T09:11:21+00:00", "2023-08-19T09:13:21+00:00", "2023-08-19T09:15:25+00:00", "2023-08-19T09:17:58+00:00", "2023-08-19T09:19:54+00:00", "2023-08-19T09:21:34+00:00", "2023-08-19T09:23:47+00:00", "2023-08-19T09:26:51+00:00", "2023-08-19T09:29:03+00:00", "2023-08-19T09:31:27+00:00", "2023-08-19T09:33:47+00:00", "2023-08-19T09:35:39+00:00", "2023-08-19T09:38:35+00:00", "2023-08-19T09:40:39+00:00", "2023-08-19T09:43:16+00:00", "2023-08-19T09:45:44+00:00", "2023-08-19T09:47:29+00:00", "2023-08-19T09:49:17+00:00", "2023-08-19T09:51:46+00:00", "2023-08-19T09:53:58+00:00", "2023-08-19T09:56:06+00:00", "2023-08-19T09:57:54+00:00", "2023-08-19T09:59:42+00:00", "2023-08-19T10:02:06+00:00", "2023-08-19T10:04:03+00:00", "2023-08-19T10:06:23+00:00", "2023-08-19T10:08:51+00:00", "2023-08-19T10:10:59+00:00", "2023-08-19T10:12:39+00:00", "2023-08-19T10:15:13+00:00", "2023-08-19T10:17:33+00:00", "2023-08-19T10:19:09+00:00", "2023-08-19T10:20:53+00:00", "2023-08-19T10:22:57+00:00", "2023-08-19T10:24:41+00:00", "2023-08-19T10:26:53+00:00", "2023-08-19T10:28:54+00:00", "2023-08-19T10:31:02+00:00", "2023-08-19T10:34:10+00:00", "2023-08-19T10:36:26+00:00", "2023-08-19T10:38:42+00:00", "2023-08-19T10:40:23+00:00", "2023-08-19T10:42:43+00:00", "2023-08-19T10:44:23+00:00", "2023-08-19T10:46:08+00:00", "2023-08-19T10:48:04+00:00", "2023-08-19T10:51:16+00:00", "2023-08-19T10:53:52+00:00", "2023-08-19T10:55:40+00:00", "2023-08-19T10:57:58+00:00", "2023-08-19T11:00:02+00:00", "2023-08-19T11:01:47+00:00", "2023-08-19T11:03:39+00:00", "2023-08-19T11:05:12+00:00", "2023-08-19T11:07:56+00:00", "2023-08-19T11:09:40+00:00", "2023-08-19T11:11:16+00:00", "2023-08-19T11:13:48+00:00", "2023-08-19T11:15:16+00:00", "2023-08-19T11:16:56+00:00", "2023-08-19T11:19:37+00:00", "2023-08-19T11:21:33+00:00", "2023-08-19T11:23:17+00:00", "2023-08-19T11:25:01+00:00", "2023-08-19T11:26:57+00:00", "2023-08-19T11:29:05+00:00", "2023-08-19T11:31:05+00:00", "2023-08-19T11:33:30+00:00", "2023-08-19T11:35:02+00:00", "2023-08-19T11:37:43+00:00", "2023-08-19T11:39:59+00:00", "2023-08-19T11:42:08+00:00", "2023-08-19T11:44:00+00:00", "2023-08-19T11:46:06+00:00", "2023-08-19T11:50:15+00:00", "2023-08-19T11:52:07+00:00", "2023-08-19T11:54:39+00:00", "2023-08-19T11:56:51+00:00", "2023-08-19T11:59:35+00:00", "2023-08-19T12:01:07+00:00", "2023-08-19T12:04:00+00:00", "2023-08-19T12:07:00+00:00", "2023-08-19T12:09:09+00:00", "2023-08-19T12:11:33+00:00", "2023-08-19T12:14:13+00:00", "2023-08-19T12:17:06+00:00", "2023-08-19T12:18:42+00:00", "2023-08-19T12:20:34+00:00", "2023-08-19T12:22:38+00:00", "2023-08-19T12:24:58+00:00", "2023-08-19T12:25:54+00:00", "2023-08-19T12:30:07+00:00", "2023-08-19T12:32:07+00:00", "2023-08-19T12:34:19+00:00", "2023-08-19T12:37:11+00:00", "2023-08-19T12:39:11+00:00", "2023-08-19T12:41:39+00:00", "2023-08-19T12:43:27+00:00", "2023-08-19T12:46:11+00:00", "2023-08-19T12:48:16+00:00", "2023-08-19T12:51:28+00:00", "2023-08-19T12:54:00+00:00", "2023-08-19T12:55:56+00:00", "2023-08-19T12:58:12+00:00", "2023-08-19T13:01:00+00:00", "2023-08-19T13:02:28+00:00", "2023-08-19T13:04:14+00:00", "2023-08-19T13:07:22+00:00", "2023-08-19T13:09:42+00:00", "2023-08-19T13:11:30+00:00", "2023-08-19T13:13:54+00:00", "2023-08-19T13:15:54+00:00", "2023-08-19T13:18:50+00:00", "2023-08-19T13:20:58+00:00", "2023-08-19T13:23:03+00:00", "2023-08-19T13:24:47+00:00", "2023-08-19T13:26:59+00:00", "2023-08-19T13:28:56+00:00", "2023-08-19T13:30:48+00:00", "2023-08-19T13:32:52+00:00", "2023-08-19T13:34:57+00:00", "2023-08-19T13:37:17+00:00", "2023-08-19T13:40:01+00:00", "2023-08-19T13:42:13+00:00", "2023-08-19T13:45:02+00:00", "2023-08-19T13:47:02+00:00", "2023-08-19T13:48:58+00:00", "2023-08-19T13:51:18+00:00", "2023-08-19T13:52:39+00:00", "2023-08-19T13:55:47+00:00", "2023-08-19T13:57:23+00:00", "2023-08-19T13:59:44+00:00", "2023-08-19T14:01:52+00:00", "2023-08-19T14:04:37+00:00", "2023-08-19T14:07:17+00:00", "2023-08-19T14:09:09+00:00", "2023-08-19T14:11:18+00:00", "2023-08-19T14:14:10+00:00", "2023-08-19T14:16:23+00:00", "2023-08-19T14:17:59+00:00", "2023-08-19T14:20:03+00:00", "2023-08-19T14:22:24+00:00", "2023-08-19T14:24:16+00:00", "2023-08-19T14:26:36+00:00", "2023-08-19T14:29:41+00:00", "2023-08-19T14:31:13+00:00", "2023-08-19T14:33:09+00:00", "2023-08-19T14:35:57+00:00", "2023-08-19T14:38:26+00:00", "2023-08-19T14:41:22+00:00", "2023-08-19T14:44:38+00:00", "2023-08-19T14:46:47+00:00", "2023-08-19T14:49:03+00:00", "2023-08-19T14:51:07+00:00", "2023-08-19T14:53:48+00:00", "2023-08-19T14:55:36+00:00", "2023-08-19T14:57:20+00:00", "2023-08-19T15:00:57+00:00", "2023-08-19T15:03:05+00:00", "2023-08-19T15:06:05+00:00", "2023-08-19T15:07:17+00:00", "2023-08-19T15:09:26+00:00", "2023-08-19T15:12:18+00:00", "2023-08-19T15:14:19+00:00", "2023-08-19T15:16:31+00:00", "2023-08-19T15:18:23+00:00", "2023-08-19T15:20:04+00:00", "2023-08-19T15:23:28+00:00", "2023-08-19T15:26:49+00:00", "2023-08-19T15:29:13+00:00", "2023-08-19T15:31:25+00:00", "2023-08-19T15:33:49+00:00", "2023-08-19T15:36:30+00:00", "2023-08-19T15:38:11+00:00", "2023-08-19T15:41:23+00:00", "2023-08-19T15:44:03+00:00", "2023-08-19T15:46:12+00:00", "2023-08-19T15:48:32+00:00", "2023-08-19T15:50:45+00:00", "2023-08-19T15:53:05+00:00", "2023-08-19T15:55:21+00:00", "2023-08-19T15:57:10+00:00", "2023-08-19T15:59:42+00:00", "2023-08-19T16:02:19+00:00", "2023-08-19T16:04:35+00:00", "2023-08-19T16:06:12+00:00", "2023-08-19T16:08:29+00:00", "2023-08-19T16:10:57+00:00", "2023-08-19T16:13:10+00:00", "2023-08-19T16:15:50+00:00", "2023-08-19T16:18:06+00:00", "2023-08-19T16:21:03+00:00", "2023-08-19T16:23:07+00:00", "2023-08-19T16:25:15+00:00", "2023-08-19T16:28:08+00:00", "2023-08-19T16:29:52+00:00", "2023-08-19T16:32:00+00:00", "2023-08-19T16:33:37+00:00", "2023-08-19T16:37:10+00:00", "2023-08-19T16:40:06+00:00", "2023-08-19T16:41:50+00:00", "2023-08-19T16:44:55+00:00", "2023-08-19T16:47:19+00:00", "2023-08-19T16:49:00+00:00", "2023-08-19T16:51:48+00:00", "2023-08-19T16:53:21+00:00", "2023-08-19T16:54:57+00:00", "2023-08-19T16:57:13+00:00", "2023-08-19T16:59:34+00:00", "2023-08-19T17:01:30+00:00", "2023-08-19T17:03:39+00:00", "2023-08-19T17:05:27+00:00", "2023-08-19T17:08:00+00:00", "2023-08-19T17:11:00+00:00", "2023-08-19T17:13:12+00:00", "2023-08-19T17:15:09+00:00", "2023-08-19T17:17:53+00:00", "2023-08-19T17:19:29+00:00", "2023-08-19T17:22:22+00:00", "2023-08-19T17:24:31+00:00", "2023-08-19T17:27:31+00:00", "2023-08-19T17:29:40+00:00", "2023-08-19T17:31:56+00:00", "2023-08-19T17:33:56+00:00", "2023-08-19T17:37:13+00:00", "2023-08-19T17:39:13+00:00", "2023-08-19T17:41:58+00:00", "2023-08-19T17:45:11+00:00", "2023-08-19T17:47:39+00:00", "2023-08-19T17:50:47+00:00", "2023-08-19T17:53:00+00:00", "2023-08-19T17:54:28+00:00", "2023-08-19T17:57:36+00:00", "2023-08-19T17:59:37+00:00", "2023-08-19T18:02:33+00:00", "2023-08-19T18:05:16+00:00", "2023-08-19T18:07:37+00:00", "2023-08-19T18:09:49+00:00", "2023-08-19T18:11:37+00:00", "2023-08-19T18:14:22+00:00", "2023-08-19T18:17:22+00:00", "2023-08-19T18:20:26+00:00", "2023-08-19T18:22:15+00:00", "2023-08-19T18:25:23+00:00", "2023-08-19T18:28:12+00:00", "2023-08-19T18:29:56+00:00", "2023-08-19T18:32:49+00:00", "2023-08-19T18:36:09+00:00", "2023-08-19T18:38:22+00:00", "2023-08-19T18:40:10+00:00", "2023-08-19T18:42:22+00:00", "2023-08-19T18:44:58+00:00", "2023-08-19T18:47:11+00:00", "2023-08-19T18:50:07+00:00", "2023-08-19T18:52:55+00:00", "2023-08-19T18:56:32+00:00", "2023-08-19T18:58:20+00:00", "2023-08-19T19:01:48+00:00", "2023-08-19T19:05:13+00:00", "2023-08-19T19:07:22+00:00", "2023-08-19T19:09:47+00:00", "2023-08-19T19:12:47+00:00", "2023-08-19T19:15:08+00:00", "2023-08-19T19:18:00+00:00", "2023-08-19T19:20:28+00:00", "2023-08-19T19:24:09+00:00", "2023-08-19T19:26:21+00:00", "2023-08-19T19:29:05+00:00", "2023-08-19T19:30:57+00:00", "2023-08-19T19:32:50+00:00", "2023-08-19T19:35:42+00:00", "2023-08-19T19:39:03+00:00", "2023-08-19T19:41:43+00:00", "2023-08-19T19:44:28+00:00", "2023-08-19T19:46:56+00:00", "2023-08-19T19:48:57+00:00", "2023-08-19T19:51:30+00:00", "2023-08-19T19:54:38+00:00", "2023-08-19T19:56:31+00:00", "2023-08-19T20:00:03+00:00", "2023-08-19T20:02:40+00:00", "2023-08-19T20:06:01+00:00", "2023-08-19T20:08:37+00:00", "2023-08-19T20:11:26+00:00", "2023-08-19T20:13:22+00:00", "2023-08-19T20:16:02+00:00", "2023-08-19T20:19:27+00:00", "2023-08-19T20:24:32+00:00", "2023-08-19T20:26:12+00:00", "2023-08-19T20:29:13+00:00", "2023-08-19T20:31:09+00:00", "2023-08-19T20:33:57+00:00", "2023-08-19T20:37:11+00:00", "2023-08-19T20:40:28+00:00", "2023-08-19T20:45:45+00:00", "2023-08-19T20:49:22+00:00", "2023-08-19T20:52:03+00:00", "2023-08-19T20:55:11+00:00", "2023-08-19T20:57:15+00:00", "2023-08-19T21:01:12+00:00", "2023-08-19T21:03:56+00:00", "2023-08-19T21:06:09+00:00", "2023-08-19T21:08:29+00:00", "2023-08-19T21:10:13+00:00", "2023-08-19T21:12:34+00:00", "2023-08-19T21:14:46+00:00", "2023-08-19T21:17:39+00:00", "2023-08-19T21:19:47+00:00", "2023-08-19T21:21:56+00:00", "2023-08-19T21:24:36+00:00", "2023-08-19T21:26:16+00:00", "2023-08-19T21:29:21+00:00", "2023-08-19T21:31:09+00:00", "2023-08-19T21:32:57+00:00", "2023-08-19T21:35:22+00:00", "2023-08-19T21:37:35+00:00", "2023-08-19T21:39:39+00:00", "2023-08-19T21:42:00+00:00", "2023-08-19T21:44:33+00:00", "2023-08-19T21:46:17+00:00", "2023-08-19T21:49:18+00:00", "2023-08-19T21:51:06+00:00", "2023-08-19T21:55:07+00:00", "2023-08-19T21:57:35+00:00", "2023-08-19T22:00:03+00:00", "2023-08-19T22:02:48+00:00", "2023-08-19T22:04:48+00:00", "2023-08-19T22:06:49+00:00", "2023-08-19T22:10:53+00:00", "2023-08-19T22:12:25+00:00", "2023-08-19T22:14:49+00:00", "2023-08-19T22:17:06+00:00", "2023-08-19T22:18:54+00:00", "2023-08-19T22:22:31+00:00", "2023-08-19T22:24:31+00:00", "2023-08-19T22:26:37+00:00", "2023-08-19T22:28:49+00:00", "2023-08-19T22:30:58+00:00", "2023-08-19T22:33:10+00:00", "2023-08-19T22:35:31+00:00", "2023-08-19T22:38:19+00:00", "2023-08-19T22:40:23+00:00", "2023-08-19T22:42:48+00:00", "2023-08-19T22:45:06+00:00", "2023-08-19T22:47:18+00:00", "2023-08-19T22:49:51+00:00", "2023-08-19T22:52:19+00:00", "2023-08-19T22:54:35+00:00", "2023-08-19T22:57:12+00:00", "2023-08-19T22:59:33+00:00", "2023-08-19T23:01:45+00:00", "2023-08-19T23:06:26+00:00", "2023-08-19T23:08:28+00:00", "2023-08-19T23:11:21+00:00", "2023-08-19T23:13:29+00:00", "2023-08-19T23:16:02+00:00", "2023-08-19T23:17:42+00:00", "2023-08-19T23:20:07+00:00", "2023-08-19T23:22:31+00:00", "2023-08-19T23:24:55+00:00", "2023-08-19T23:27:24+00:00", "2023-08-19T23:30:00+00:00", "2023-08-19T23:32:09+00:00", "2023-08-19T23:35:33+00:00", "2023-08-19T23:37:41+00:00", "2023-08-19T23:40:38+00:00", "2023-08-19T23:42:42+00:00", "2023-08-19T23:44:31+00:00", "2023-08-19T23:46:39+00:00", "2023-08-19T23:48:51+00:00", "2023-08-19T23:50:40+00:00", "2023-08-19T23:53:16+00:00", "2023-08-19T23:54:57+00:00", "2023-08-19T23:57:18+00:00", "2023-08-19T23:59:42+00:00", "2023-08-20T00:02:30+00:00", "2023-08-20T00:04:15+00:00", "2023-08-20T00:06:24+00:00", "2023-08-20T00:08:24+00:00", "2023-08-20T00:10:40+00:00", "2023-08-20T00:12:40+00:00", "2023-08-20T00:15:05+00:00", "2023-08-20T00:17:30+00:00", "2023-08-20T00:19:30+00:00", "2023-08-20T00:21:19+00:00", "2023-08-20T00:23:27+00:00", "2023-08-20T00:25:28+00:00", "2023-08-20T00:27:56+00:00", "2023-08-20T00:29:29+00:00", "2023-08-20T00:32:21+00:00", "2023-08-20T00:34:05+00:00", "2023-08-20T00:36:46+00:00", "2023-08-20T00:38:50+00:00", "2023-08-20T00:40:30+00:00", "2023-08-20T00:42:18+00:00", "2023-08-20T00:44:03+00:00", "2023-08-20T00:46:35+00:00", "2023-08-20T00:48:48+00:00", "2023-08-20T00:50:48+00:00", "2023-08-20T00:53:04+00:00", "2023-08-20T00:55:04+00:00", "2023-08-20T00:56:48+00:00", "2023-08-20T00:58:37+00:00", "2023-08-20T01:00:21+00:00", "2023-08-20T01:03:09+00:00", "2023-08-20T01:05:09+00:00", "2023-08-20T01:07:34+00:00", "2023-08-20T01:09:02+00:00", "2023-08-20T01:11:50+00:00", "2023-08-20T01:13:59+00:00", "2023-08-20T01:15:51+00:00", "2023-08-20T01:17:47+00:00", "2023-08-20T01:19:51+00:00", "2023-08-20T01:22:12+00:00", "2023-08-20T01:23:56+00:00", "2023-08-20T01:26:36+00:00", "2023-08-20T01:28:33+00:00", "2023-08-20T01:30:45+00:00", "2023-08-20T01:32:46+00:00", "2023-08-20T01:34:38+00:00", "2023-08-20T01:37:02+00:00", "2023-08-20T01:38:43+00:00", "2023-08-20T01:40:51+00:00", "2023-08-20T01:43:12+00:00", "2023-08-20T01:45:00+00:00", "2023-08-20T01:48:00+00:00", "2023-08-20T01:50:21+00:00", "2023-08-20T01:52:05+00:00", "2023-08-20T01:53:53+00:00", "2023-08-20T01:55:58+00:00", "2023-08-20T01:59:02+00:00", "2023-08-20T02:00:34+00:00", "2023-08-20T02:03:11+00:00", "2023-08-20T02:06:04+00:00", "2023-08-20T02:09:04+00:00", "2023-08-20T02:10:56+00:00", "2023-08-20T02:13:01+00:00", "2023-08-20T02:15:21+00:00", "2023-08-20T02:17:49+00:00", "2023-08-20T02:19:54+00:00", "2023-08-20T02:22:06+00:00", "2023-08-20T02:24:46+00:00", "2023-08-20T02:26:26+00:00", "2023-08-20T02:28:34+00:00", "2023-08-20T02:30:23+00:00", "2023-08-20T02:32:19+00:00", "2023-08-20T02:34:40+00:00", "2023-08-20T02:37:22+00:00", "2023-08-20T02:39:27+00:00", "2023-08-20T02:41:51+00:00", "2023-08-20T02:43:23+00:00", "2023-08-20T02:45:32+00:00", "2023-08-20T02:47:44+00:00", "2023-08-20T02:49:33+00:00", "2023-08-20T02:51:29+00:00", "2023-08-20T02:53:50+00:00", "2023-08-20T02:55:14+00:00", "2023-08-20T02:58:09+00:00", "2023-08-20T03:00:25+00:00", "2023-08-20T03:01:53+00:00", "2023-08-20T03:04:05+00:00", "2023-08-20T03:06:22+00:00", "2023-08-20T03:08:50+00:00", "2023-08-20T03:10:58+00:00", "2023-08-20T03:12:58+00:00", "2023-08-20T03:14:30+00:00", "2023-08-20T03:16:46+00:00", "2023-08-20T03:18:51+00:00", "2023-08-20T03:20:27+00:00", "2023-08-20T03:23:11+00:00", "2023-08-20T03:25:15+00:00", "2023-08-20T03:27:15+00:00", "2023-08-20T03:29:35+00:00", "2023-08-20T03:32:04+00:00", "2023-08-20T03:34:20+00:00", "2023-08-20T03:36:25+00:00", "2023-08-20T03:38:53+00:00", "2023-08-20T03:40:58+00:00", "2023-08-20T03:42:42+00:00", "2023-08-20T03:45:38+00:00", "2023-08-20T03:47:50+00:00", "2023-08-20T03:49:15+00:00", "2023-08-20T03:51:47+00:00", "2023-08-20T03:53:12+00:00", "2023-08-20T03:55:48+00:00", "2023-08-20T03:57:57+00:00", "2023-08-20T04:00:33+00:00", "2023-08-20T04:03:02+00:00", "2023-08-20T04:04:38+00:00", "2023-08-20T04:06:14+00:00", "2023-08-20T04:08:14+00:00", "2023-08-20T04:09:59+00:00", "2023-08-20T04:12:11+00:00", "2023-08-20T04:13:39+00:00", "2023-08-20T04:15:31+00:00", "2023-08-20T04:17:20+00:00", "2023-08-20T04:19:44+00:00", "2023-08-20T04:21:45+00:00", "2023-08-20T04:23:57+00:00", "2023-08-20T04:26:01+00:00", "2023-08-20T04:27:45+00:00", "2023-08-20T04:29:57+00:00", "2023-08-20T04:32:34+00:00", "2023-08-20T04:34:46+00:00", "2023-08-20T04:36:30+00:00", "2023-08-20T04:38:47+00:00", "2023-08-20T04:40:51+00:00", "2023-08-20T04:42:52+00:00", "2023-08-20T04:44:28+00:00", "2023-08-20T04:46:57+00:00", "2023-08-20T04:48:37+00:00", "2023-08-20T04:50:53+00:00", "2023-08-20T04:53:02+00:00", "2023-08-20T04:55:06+00:00", "2023-08-20T04:57:11+00:00", "2023-08-20T04:59:15+00:00", "2023-08-20T05:02:00+00:00", "2023-08-20T05:03:28+00:00", "2023-08-20T05:05:16+00:00", "2023-08-20T05:08:01+00:00", "2023-08-20T05:10:05+00:00", "2023-08-20T05:13:14+00:00", "2023-08-20T05:15:06+00:00", "2023-08-20T05:16:30+00:00", "2023-08-20T05:19:35+00:00", "2023-08-20T05:22:07+00:00", "2023-08-20T05:25:08+00:00", "2023-08-20T05:26:48+00:00", "2023-08-20T05:29:29+00:00", "2023-08-20T05:32:25+00:00", "2023-08-20T05:34:41+00:00", "2023-08-20T05:36:34+00:00", "2023-08-20T05:39:42+00:00", "2023-08-20T05:42:43+00:00", "2023-08-20T05:44:15+00:00", "2023-08-20T05:45:48+00:00", "2023-08-20T05:47:36+00:00", "2023-08-20T05:50:20+00:00", "2023-08-20T05:52:29+00:00", "2023-08-20T05:55:21+00:00", "2023-08-20T05:57:29+00:00", "2023-08-20T06:00:18+00:00", "2023-08-20T06:02:30+00:00", "2023-08-20T06:04:22+00:00", "2023-08-20T06:06:23+00:00", "2023-08-20T06:07:59+00:00", "2023-08-20T06:09:51+00:00", "2023-08-20T06:11:59+00:00", "2023-08-20T06:14:31+00:00", "2023-08-20T06:16:39+00:00", "2023-08-20T06:18:47+00:00", "2023-08-20T06:20:51+00:00", "2023-08-20T06:22:39+00:00", "2023-08-20T06:25:04+00:00", "2023-08-20T06:27:44+00:00", "2023-08-20T06:30:52+00:00", "2023-08-20T06:32:32+00:00", "2023-08-20T06:34:20+00:00", "2023-08-20T06:36:41+00:00", "2023-08-20T06:39:02+00:00", "2023-08-20T06:41:26+00:00", "2023-08-20T06:43:10+00:00", "2023-08-20T06:45:14+00:00", "2023-08-20T06:47:38+00:00", "2023-08-20T06:50:06+00:00", "2023-08-20T06:52:06+00:00", "2023-08-20T06:54:54+00:00", "2023-08-20T06:56:39+00:00", "2023-08-20T06:58:07+00:00", "2023-08-20T07:01:23+00:00", "2023-08-20T07:03:11+00:00", "2023-08-20T07:05:55+00:00", "2023-08-20T07:07:35+00:00", "2023-08-20T07:10:31+00:00", "2023-08-20T07:12:28+00:00", "2023-08-20T07:14:40+00:00", "2023-08-20T07:17:04+00:00", "2023-08-20T07:19:36+00:00", "2023-08-20T07:22:01+00:00", "2023-08-20T07:24:57+00:00", "2023-08-20T07:28:21+00:00", "2023-08-20T07:30:09+00:00", "2023-08-20T07:32:14+00:00", "2023-08-20T07:34:18+00:00", "2023-08-20T07:36:59+00:00", "2023-08-20T07:39:39+00:00", "2023-08-20T07:41:43+00:00", "2023-08-20T07:43:51+00:00", "2023-08-20T07:46:16+00:00", "2023-08-20T07:47:56+00:00", "2023-08-20T07:50:09+00:00", "2023-08-20T07:52:25+00:00", "2023-08-20T07:54:01+00:00", "2023-08-20T07:56:14+00:00", "2023-08-20T07:58:02+00:00", "2023-08-20T07:59:42+00:00", "2023-08-20T08:02:26+00:00", "2023-08-20T08:04:06+00:00", "2023-08-20T08:06:54+00:00", "2023-08-20T08:08:14+00:00", "2023-08-20T08:09:58+00:00", "2023-08-20T08:11:59+00:00", "2023-08-20T08:14:07+00:00", "2023-08-20T08:16:11+00:00", "2023-08-20T08:18:43+00:00", "2023-08-20T08:21:43+00:00", "2023-08-20T08:22:59+00:00", "2023-08-20T08:26:11+00:00", "2023-08-20T08:29:40+00:00", "2023-08-20T08:32:16+00:00", "2023-08-20T08:34:56+00:00", "2023-08-20T08:37:49+00:00", "2023-08-20T08:40:13+00:00", "2023-08-20T08:42:14+00:00", "2023-08-20T08:45:14+00:00", "2023-08-20T08:47:51+00:00", "2023-08-20T08:50:11+00:00", "2023-08-20T08:52:12+00:00", "2023-08-20T08:54:36+00:00", "2023-08-20T08:56:57+00:00", "2023-08-20T08:59:30+00:00", "2023-08-20T09:01:22+00:00", "2023-08-20T09:03:26+00:00", "2023-08-20T09:05:22+00:00", "2023-08-20T09:07:35+00:00", "2023-08-20T09:09:19+00:00", "2023-08-20T09:11:39+00:00", "2023-08-20T09:15:40+00:00", "2023-08-20T09:17:20+00:00", "2023-08-20T09:20:24+00:00", "2023-08-20T09:26:52+00:00", "2023-08-20T09:30:20+00:00", "2023-08-20T09:34:01+00:00", "2023-08-20T09:36:09+00:00", "2023-08-20T09:38:13+00:00", "2023-08-20T09:40:49+00:00", "2023-08-20T09:44:05+00:00", "2023-08-20T09:46:06+00:00", "2023-08-20T09:49:02+00:00", "2023-08-20T09:51:54+00:00", "2023-08-20T09:54:22+00:00", "2023-08-20T09:56:46+00:00", "2023-08-20T09:59:38+00:00", "2023-08-20T10:01:39+00:00", "2023-08-20T10:05:39+00:00", "2023-08-20T10:08:15+00:00", "2023-08-20T10:11:27+00:00", "2023-08-20T10:13:59+00:00", "2023-08-20T10:15:55+00:00", "2023-08-20T10:17:55+00:00", "2023-08-20T10:21:48+00:00", "2023-08-20T10:26:00+00:00", "2023-08-20T10:28:08+00:00", "2023-08-20T10:31:32+00:00", "2023-08-20T10:35:16+00:00", "2023-08-20T10:38:16+00:00", "2023-08-20T10:40:40+00:00", "2023-08-20T10:43:25+00:00", "2023-08-20T10:45:57+00:00", "2023-08-20T10:50:50+00:00", "2023-08-20T10:52:46+00:00", "2023-08-20T10:55:59+00:00", "2023-08-20T10:59:28+00:00", "2023-08-20T11:03:16+00:00", "2023-08-20T11:05:12+00:00", "2023-08-20T11:07:25+00:00", "2023-08-20T11:09:33+00:00", "2023-08-20T11:13:01+00:00", "2023-08-20T11:15:17+00:00", "2023-08-20T11:18:58+00:00", "2023-08-20T11:21:18+00:00", "2023-08-20T11:24:42+00:00", "2023-08-20T11:27:34+00:00", "2023-08-20T11:29:51+00:00", "2023-08-20T11:32:11+00:00", "2023-08-20T11:35:24+00:00", "2023-08-20T11:38:29+00:00", "2023-08-20T11:42:13+00:00", "2023-08-20T11:43:37+00:00", "2023-08-20T11:45:13+00:00", "2023-08-20T11:47:37+00:00", "2023-08-20T11:49:41+00:00", "2023-08-20T11:51:33+00:00", "2023-08-20T11:55:06+00:00", "2023-08-20T11:56:46+00:00", "2023-08-20T11:58:46+00:00", "2023-08-20T12:00:50+00:00", "2023-08-20T12:03:26+00:00", "2023-08-20T12:05:38+00:00", "2023-08-20T12:07:34+00:00", "2023-08-20T12:09:06+00:00", "2023-08-20T12:10:51+00:00", "2023-08-20T12:12:59+00:00", "2023-08-20T12:15:19+00:00", "2023-08-20T12:17:11+00:00", "2023-08-20T12:18:55+00:00", "2023-08-20T12:21:19+00:00", "2023-08-20T12:26:24+00:00", "2023-08-20T12:29:37+00:00", "2023-08-20T12:31:53+00:00", "2023-08-20T12:35:05+00:00", "2023-08-20T12:38:21+00:00", "2023-08-20T12:40:34+00:00", "2023-08-20T12:42:10+00:00", "2023-08-20T12:44:55+00:00", "2023-08-20T12:48:44+00:00", "2023-08-20T12:50:44+00:00", "2023-08-20T12:53:48+00:00", "2023-08-20T12:56:45+00:00", "2023-08-20T12:59:25+00:00", "2023-08-20T13:01:46+00:00", "2023-08-20T13:04:10+00:00", "2023-08-20T13:06:10+00:00", "2023-08-20T13:08:15+00:00", "2023-08-20T13:09:47+00:00", "2023-08-20T13:11:19+00:00", "2023-08-20T13:14:07+00:00", "2023-08-20T13:15:40+00:00", "2023-08-20T13:18:04+00:00", "2023-08-20T13:20:16+00:00", "2023-08-20T13:22:44+00:00", "2023-08-20T13:24:29+00:00", "2023-08-20T13:26:49+00:00", "2023-08-20T13:29:42+00:00", "2023-08-20T13:31:54+00:00", "2023-08-20T13:34:39+00:00", "2023-08-20T13:37:32+00:00", "2023-08-20T13:40:12+00:00", "2023-08-20T13:41:48+00:00", "2023-08-20T13:45:09+00:00", "2023-08-20T13:47:34+00:00", "2023-08-20T13:50:18+00:00", "2023-08-20T13:51:50+00:00", "2023-08-20T13:54:18+00:00", "2023-08-20T13:56:23+00:00", "2023-08-20T13:58:43+00:00", "2023-08-20T14:00:43+00:00", "2023-08-20T14:04:00+00:00", "2023-08-20T14:07:21+00:00", "2023-08-20T14:09:13+00:00", "2023-08-20T14:11:58+00:00", "2023-08-20T14:14:22+00:00", "2023-08-20T14:16:39+00:00", "2023-08-20T14:18:47+00:00", "2023-08-20T14:20:43+00:00", "2023-08-20T14:23:12+00:00", "2023-08-20T14:25:40+00:00", "2023-08-20T14:27:40+00:00", "2023-08-20T14:30:25+00:00", "2023-08-20T14:32:45+00:00", "2023-08-20T14:35:30+00:00", "2023-08-20T14:37:22+00:00", "2023-08-20T14:39:30+00:00", "2023-08-20T14:41:15+00:00", "2023-08-20T14:44:15+00:00", "2023-08-20T14:46:52+00:00", "2023-08-20T14:48:48+00:00", "2023-08-20T14:51:53+00:00", "2023-08-20T14:54:34+00:00", "2023-08-20T14:56:54+00:00", "2023-08-20T14:59:02+00:00", "2023-08-20T15:02:19+00:00", "2023-08-20T15:04:15+00:00", "2023-08-20T15:06:04+00:00", "2023-08-20T15:09:20+00:00", "2023-08-20T15:11:00+00:00", "2023-08-20T15:12:41+00:00", "2023-08-20T15:14:33+00:00", "2023-08-20T15:16:09+00:00", "2023-08-20T15:18:42+00:00", "2023-08-20T15:20:34+00:00", "2023-08-20T15:23:06+00:00", "2023-08-20T15:24:43+00:00", "2023-08-20T15:27:39+00:00", "2023-08-20T15:31:04+00:00", "2023-08-20T15:33:08+00:00", "2023-08-20T15:35:37+00:00", "2023-08-20T15:37:57+00:00", "2023-08-20T15:40:34+00:00", "2023-08-20T15:42:22+00:00", "2023-08-20T15:43:51+00:00", "2023-08-20T15:46:11+00:00", "2023-08-20T15:48:52+00:00", "2023-08-20T15:50:36+00:00", "2023-08-20T15:53:36+00:00", "2023-08-20T15:56:09+00:00", "2023-08-20T15:58:13+00:00", "2023-08-20T16:01:25+00:00", "2023-08-20T16:03:05+00:00", "2023-08-20T16:05:30+00:00", "2023-08-20T16:07:22+00:00", "2023-08-20T16:09:27+00:00", "2023-08-20T16:11:55+00:00", "2023-08-20T16:14:07+00:00", "2023-08-20T16:16:00+00:00", "2023-08-20T16:18:12+00:00", "2023-08-20T16:20:05+00:00", "2023-08-20T16:22:57+00:00", "2023-08-20T16:25:25+00:00", "2023-08-20T16:27:54+00:00", "2023-08-20T16:30:18+00:00", "2023-08-20T16:32:30+00:00", "2023-08-20T16:35:07+00:00", "2023-08-20T16:36:55+00:00", "2023-08-20T16:39:16+00:00", "2023-08-20T16:40:56+00:00", "2023-08-20T16:43:17+00:00", "2023-08-20T16:46:10+00:00", "2023-08-20T16:48:18+00:00", "2023-08-20T16:51:47+00:00", "2023-08-20T16:54:24+00:00", "2023-08-20T16:56:16+00:00", "2023-08-20T16:57:41+00:00", "2023-08-20T16:59:37+00:00", "2023-08-20T17:01:29+00:00", "2023-08-20T17:03:34+00:00", "2023-08-20T17:05:06+00:00", "2023-08-20T17:07:51+00:00", "2023-08-20T17:09:03+00:00", "2023-08-20T17:10:59+00:00", "2023-08-20T17:13:00+00:00", "2023-08-20T17:15:28+00:00", "2023-08-20T17:17:05+00:00", "2023-08-20T17:19:17+00:00", "2023-08-20T17:21:06+00:00", "2023-08-20T17:22:54+00:00", "2023-08-20T17:24:26+00:00", "2023-08-20T17:25:54+00:00", "2023-08-20T17:27:27+00:00", "2023-08-20T17:29:15+00:00", "2023-08-20T17:30:55+00:00", "2023-08-20T17:33:08+00:00", "2023-08-20T17:34:44+00:00", "2023-08-20T17:37:04+00:00", "2023-08-20T17:38:57+00:00", "2023-08-20T17:40:37+00:00", "2023-08-20T17:42:57+00:00", "2023-08-20T17:44:42+00:00", "2023-08-20T17:46:30+00:00", "2023-08-20T17:48:55+00:00", "2023-08-20T17:51:40+00:00", "2023-08-20T17:53:48+00:00", "2023-08-20T17:55:49+00:00", "2023-08-20T17:57:21+00:00", "2023-08-20T17:59:34+00:00", "2023-08-20T18:01:27+00:00", "2023-08-20T18:03:07+00:00", "2023-08-20T18:04:55+00:00", "2023-08-20T18:06:56+00:00", "2023-08-20T18:08:32+00:00", "2023-08-20T18:10:08+00:00", "2023-08-20T18:12:33+00:00", "2023-08-20T18:15:29+00:00", "2023-08-20T18:17:49+00:00", "2023-08-20T18:19:54+00:00", "2023-08-20T18:21:38+00:00", "2023-08-20T18:23:55+00:00", "2023-08-20T18:25:35+00:00", "2023-08-20T18:27:39+00:00", "2023-08-20T18:29:20+00:00", "2023-08-20T18:31:32+00:00", "2023-08-20T18:33:17+00:00", "2023-08-20T18:34:49+00:00", "2023-08-20T18:36:46+00:00", "2023-08-20T18:38:58+00:00", "2023-08-20T18:42:03+00:00", "2023-08-20T18:43:19+00:00", "2023-08-20T18:44:59+00:00", "2023-08-20T18:46:27+00:00", "2023-08-20T18:49:04+00:00", "2023-08-20T18:50:37+00:00", "2023-08-20T18:52:49+00:00", "2023-08-20T18:54:26+00:00", "2023-08-20T18:56:42+00:00", "2023-08-20T18:58:47+00:00", "2023-08-20T19:00:27+00:00", "2023-08-20T19:03:24+00:00", "2023-08-20T19:05:40+00:00", "2023-08-20T19:08:00+00:00", "2023-08-20T19:09:49+00:00", "2023-08-20T19:11:45+00:00", "2023-08-20T19:13:17+00:00", "2023-08-20T19:15:18+00:00", "2023-08-20T19:17:58+00:00", "2023-08-20T19:19:26+00:00", "2023-08-20T19:21:47+00:00", "2023-08-20T19:23:35+00:00", "2023-08-20T19:25:19+00:00", "2023-08-20T19:27:36+00:00", "2023-08-20T19:29:20+00:00", "2023-08-20T19:30:56+00:00", "2023-08-20T19:33:57+00:00", "2023-08-20T19:36:05+00:00", "2023-08-20T19:39:09+00:00", "2023-08-20T19:40:58+00:00", "2023-08-20T19:43:42+00:00", "2023-08-20T19:45:23+00:00", "2023-08-20T19:47:27+00:00", "2023-08-20T19:50:07+00:00", "2023-08-20T19:51:56+00:00", "2023-08-20T19:54:12+00:00", "2023-08-20T19:56:12+00:00", "2023-08-20T19:59:05+00:00", "2023-08-20T20:00:45+00:00", "2023-08-20T20:02:53+00:00", "2023-08-20T20:04:42+00:00", "2023-08-20T20:09:15+00:00", "2023-08-20T20:10:59+00:00", "2023-08-20T20:15:23+00:00", "2023-08-20T20:17:16+00:00", "2023-08-20T20:21:28+00:00", "2023-08-20T20:23:44+00:00", "2023-08-20T20:25:29+00:00", "2023-08-20T20:28:25+00:00", "2023-08-20T20:30:02+00:00", "2023-08-20T20:32:18+00:00", "2023-08-20T20:35:23+00:00", "2023-08-20T20:37:35+00:00", "2023-08-20T20:40:00+00:00", "2023-08-20T20:42:28+00:00", "2023-08-20T20:44:45+00:00", "2023-08-20T20:46:57+00:00", "2023-08-20T20:50:22+00:00", "2023-08-20T20:52:06+00:00", "2023-08-20T20:53:54+00:00", "2023-08-20T20:56:06+00:00", "2023-08-20T20:59:15+00:00", "2023-08-20T21:00:55+00:00", "2023-08-20T21:03:08+00:00", "2023-08-20T21:05:16+00:00", "2023-08-20T21:07:08+00:00", "2023-08-20T21:08:32+00:00", "2023-08-20T21:10:49+00:00", "2023-08-20T21:13:25+00:00", "2023-08-20T21:15:50+00:00", "2023-08-20T21:19:19+00:00", "2023-08-20T21:21:19+00:00", "2023-08-20T21:23:03+00:00", "2023-08-20T21:25:24+00:00", "2023-08-20T21:27:56+00:00", "2023-08-20T21:29:44+00:00", "2023-08-20T21:31:57+00:00", "2023-08-20T21:33:41+00:00", "2023-08-20T21:35:10+00:00", "2023-08-20T21:37:42+00:00", "2023-08-20T21:39:07+00:00", "2023-08-20T21:41:23+00:00", "2023-08-20T21:43:20+00:00", "2023-08-20T21:45:17+00:00", "2023-08-20T21:46:53+00:00", "2023-08-20T21:49:30+00:00", "2023-08-20T21:51:50+00:00", "2023-08-20T21:53:26+00:00", "2023-08-20T21:55:59+00:00", "2023-08-20T21:58:07+00:00", "2023-08-20T22:00:23+00:00", "2023-08-20T22:02:20+00:00", "2023-08-20T22:04:48+00:00", "2023-08-20T22:06:48+00:00", "2023-08-20T22:08:56+00:00", "2023-08-20T22:10:25+00:00", "2023-08-20T22:13:09+00:00", "2023-08-20T22:15:05+00:00", "2023-08-20T22:16:50+00:00", "2023-08-20T22:18:55+00:00", "2023-08-20T22:21:04+00:00", "2023-08-20T22:22:52+00:00", "2023-08-20T22:24:48+00:00", "2023-08-20T22:27:00+00:00", "2023-08-20T22:28:53+00:00", "2023-08-20T22:30:57+00:00", "2023-08-20T22:33:26+00:00", "2023-08-20T22:35:22+00:00", "2023-08-20T22:38:27+00:00", "2023-08-20T22:41:28+00:00", "2023-08-20T22:43:48+00:00", "2023-08-20T22:45:44+00:00", "2023-08-20T22:47:53+00:00", "2023-08-20T22:50:34+00:00", "2023-08-20T22:52:55+00:00", "2023-08-20T22:55:39+00:00", "2023-08-20T22:58:52+00:00", "2023-08-20T23:01:00+00:00", "2023-08-20T23:04:09+00:00", "2023-08-20T23:05:53+00:00", "2023-08-20T23:08:01+00:00", "2023-08-20T23:10:25+00:00", "2023-08-20T23:12:30+00:00", "2023-08-20T23:14:42+00:00", "2023-08-20T23:17:02+00:00", "2023-08-20T23:19:35+00:00", "2023-08-20T23:22:23+00:00", "2023-08-20T23:24:55+00:00", "2023-08-20T23:27:12+00:00", "2023-08-20T23:29:28+00:00", "2023-08-20T23:31:56+00:00", "2023-08-20T23:34:21+00:00", "2023-08-20T23:36:33+00:00", "2023-08-20T23:39:10+00:00", "2023-08-20T23:41:46+00:00", "2023-08-20T23:43:52+00:00", "2023-08-20T23:45:48+00:00", "2023-08-20T23:48:05+00:00", "2023-08-20T23:50:13+00:00", "2023-08-20T23:52:38+00:00", "2023-08-20T23:55:14+00:00", "2023-08-20T23:56:58+00:00", "2023-08-20T23:59:11+00:00", "2023-08-21T00:01:59+00:00", "2023-08-21T00:04:28+00:00", "2023-08-21T00:06:32+00:00", "2023-08-21T00:09:53+00:00", "2023-08-21T00:12:57+00:00", "2023-08-21T00:15:42+00:00", "2023-08-21T00:17:30+00:00", "2023-08-21T00:20:06+00:00", "2023-08-21T00:22:14+00:00", "2023-08-21T00:24:39+00:00", "2023-08-21T00:26:59+00:00", "2023-08-21T00:28:56+00:00", "2023-08-21T00:31:20+00:00", "2023-08-21T00:33:56+00:00", "2023-08-21T00:37:05+00:00", "2023-08-21T00:39:45+00:00", "2023-08-21T00:42:50+00:00", "2023-08-21T00:45:31+00:00", "2023-08-21T00:48:51+00:00", "2023-08-21T00:51:20+00:00", "2023-08-21T00:54:08+00:00", "2023-08-21T00:56:01+00:00", "2023-08-21T00:58:25+00:00", "2023-08-21T01:01:14+00:00", "2023-08-21T01:04:10+00:00", "2023-08-21T01:06:54+00:00", "2023-08-21T01:08:59+00:00", "2023-08-21T01:12:19+00:00", "2023-08-21T01:15:24+00:00", "2023-08-21T01:17:36+00:00", "2023-08-21T01:21:39+00:00", "2023-08-21T01:25:10+00:00", "2023-08-21T01:27:47+00:00", "2023-08-21T01:30:45+00:00", "2023-08-21T01:33:39+00:00", "2023-08-21T01:37:32+00:00", "2023-08-21T01:39:28+00:00", "2023-08-21T01:42:08+00:00", "2023-08-21T01:44:41+00:00", "2023-08-21T01:47:09+00:00", "2023-08-21T01:49:18+00:00", "2023-08-21T01:54:31+00:00", "2023-08-21T01:57:08+00:00", "2023-08-21T02:00:56+00:00", "2023-08-21T02:03:29+00:00", "2023-08-21T02:06:07+00:00", "2023-08-21T02:10:23+00:00", "2023-08-21T02:12:39+00:00", "2023-08-21T02:16:27+00:00", "2023-08-21T02:19:00+00:00", "2023-08-21T02:21:36+00:00", "2023-08-21T02:28:00+00:00", "2023-08-21T02:31:28+00:00", "2023-08-21T02:34:44+00:00", "2023-08-21T02:37:41+00:00", "2023-08-21T02:40:13+00:00", "2023-08-21T02:42:17+00:00", "2023-08-21T02:46:09+00:00", "2023-08-21T02:49:29+00:00", "2023-08-21T02:52:41+00:00", "2023-08-21T02:55:58+00:00", "2023-08-21T03:00:22+00:00", "2023-08-21T03:03:54+00:00", "2023-08-21T03:08:26+00:00", "2023-08-21T03:11:46+00:00", "2023-08-21T03:14:15+00:00", "2023-08-21T03:17:47+00:00", "2023-08-21T03:21:40+00:00", "2023-08-21T03:25:00+00:00", "2023-08-21T03:27:49+00:00", "2023-08-21T03:32:01+00:00", "2023-08-21T03:36:26+00:00", "2023-08-21T03:39:16+00:00", "2023-08-21T03:44:21+00:00", "2023-08-21T03:50:10+00:00", "2023-08-21T03:54:43+00:00", "2023-08-21T04:00:12+00:00", "2023-08-21T04:03:24+00:00", "2023-08-21T04:08:53+00:00", "2023-08-21T04:13:13+00:00", "2023-08-21T04:16:22+00:00", "2023-08-21T04:19:50+00:00", "2023-08-21T04:22:18+00:00", "2023-08-21T04:25:43+00:00", "2023-08-21T04:29:56+00:00", "2023-08-21T04:34:10+00:00", "2023-08-21T04:37:18+00:00", "2023-08-21T04:40:59+00:00", "2023-08-21T04:45:00+00:00", "2023-08-21T04:48:00+00:00", "2023-08-21T04:51:28+00:00", "2023-08-21T04:54:09+00:00", "2023-08-21T04:59:09+00:00", "2023-08-21T05:06:58+00:00", "2023-08-21T05:10:40+00:00", "2023-08-21T05:15:05+00:00", "2023-08-21T05:18:01+00:00", "2023-08-21T05:21:29+00:00", "2023-08-21T05:27:22+00:00", "2023-08-21T05:30:10+00:00", "2023-08-21T05:36:11+00:00", "2023-08-21T05:42:52+00:00", "2023-08-21T05:51:33+00:00", "2023-08-21T05:58:33+00:00", "2023-08-21T06:12:42+00:00", "2023-08-21T06:15:34+00:00", "2023-08-21T06:21:34+00:00", "2023-08-21T06:27:43+00:00", "2023-08-21T06:31:48+00:00", "2023-08-21T06:43:17+00:00", "2023-08-21T07:00:35+00:00", "2023-08-21T07:17:08+00:00", "2023-08-21T07:31:44+00:00", "2023-08-21T07:44:17+00:00", "2023-08-21T07:51:29+00:00", "2023-08-21T07:59:14+00:00", "2023-08-21T08:01:10+00:00", "2023-08-21T08:05:26+00:00", "2023-08-21T08:09:42+00:00", "2023-08-21T08:14:10+00:00", "2023-08-21T08:17:23+00:00", "2023-08-21T08:21:00+00:00", "2023-08-21T08:25:44+00:00", "2023-08-21T08:30:32+00:00", "2023-08-21T08:37:17+00:00", "2023-08-21T08:41:02+00:00", "2023-08-21T08:48:30+00:00", "2023-08-21T08:53:02+00:00", "2023-08-21T08:59:19+00:00", "2023-08-21T09:03:19+00:00", "2023-08-21T09:07:56+00:00", "2023-08-21T09:11:52+00:00", "2023-08-21T09:16:36+00:00", "2023-08-21T09:19:08+00:00", "2023-08-21T09:22:29+00:00", "2023-08-21T09:24:49+00:00", "2023-08-21T09:26:57+00:00", "2023-08-21T09:29:10+00:00", "2023-08-21T09:32:42+00:00", "2023-08-21T09:35:51+00:00", "2023-08-21T09:39:27+00:00", "2023-08-21T09:44:12+00:00", "2023-08-21T09:48:40+00:00", "2023-08-21T09:53:48+00:00", "2023-08-21T09:58:52+00:00", "2023-08-21T10:02:05+00:00", "2023-08-21T10:08:01+00:00", "2023-08-21T10:13:25+00:00", "2023-08-21T10:17:25+00:00", "2023-08-21T10:22:18+00:00", "2023-08-21T10:27:35+00:00", "2023-08-21T10:31:52+00:00", "2023-08-21T10:36:45+00:00", "2023-08-21T10:40:34+00:00", "2023-08-21T10:44:34+00:00", "2023-08-21T10:46:47+00:00", "2023-08-21T10:50:43+00:00", "2023-08-21T10:53:03+00:00", "2023-08-21T10:57:27+00:00", "2023-08-21T11:00:00+00:00", "2023-08-21T11:06:53+00:00", "2023-08-21T11:09:21+00:00", "2023-08-21T11:12:46+00:00", "2023-08-21T11:15:50+00:00", "2023-08-21T11:20:26+00:00", "2023-08-21T11:27:39+00:00", "2023-08-21T11:31:46+00:00", "2023-08-21T11:36:15+00:00", "2023-08-21T11:40:35+00:00", "2023-08-21T11:44:00+00:00", "2023-08-21T11:49:36+00:00", "2023-08-21T11:53:08+00:00", "2023-08-21T11:58:16+00:00", "2023-08-21T12:04:01+00:00", "2023-08-21T12:08:09+00:00", "2023-08-21T12:11:49+00:00", "2023-08-21T12:15:41+00:00", "2023-08-21T12:19:17+00:00", "2023-08-21T12:23:26+00:00", "2023-08-21T12:29:06+00:00", "2023-08-21T12:32:30+00:00", "2023-08-21T12:38:30+00:00", "2023-08-21T12:41:42+00:00", "2023-08-21T12:46:15+00:00", "2023-08-21T12:49:51+00:00", "2023-08-21T12:54:31+00:00", "2023-08-21T12:57:39+00:00", "2023-08-21T13:01:28+00:00", "2023-08-21T13:03:48+00:00", "2023-08-21T13:07:08+00:00", "2023-08-21T13:09:56+00:00", "2023-08-21T13:13:20+00:00", "2023-08-21T13:16:24+00:00", "2023-08-21T13:19:01+00:00", "2023-08-21T13:22:29+00:00", "2023-08-21T13:26:09+00:00", "2023-08-21T13:29:41+00:00", "2023-08-21T13:32:49+00:00", "2023-08-21T13:37:57+00:00", "2023-08-21T13:39:41+00:00", "2023-08-21T13:43:50+00:00", "2023-08-21T13:48:22+00:00", "2023-08-21T13:52:14+00:00", "2023-08-21T13:53:58+00:00", "2023-08-21T13:58:10+00:00", "2023-08-21T14:02:03+00:00", "2023-08-21T14:04:19+00:00", "2023-08-21T14:07:27+00:00", "2023-08-21T14:10:52+00:00", "2023-08-21T14:13:52+00:00", "2023-08-21T14:18:09+00:00", "2023-08-21T14:20:57+00:00", "2023-08-21T14:24:02+00:00", "2023-08-21T14:29:59+00:00", "2023-08-21T14:33:07+00:00", "2023-08-21T14:35:43+00:00", "2023-08-21T14:43:37+00:00", "2023-08-21T14:54:46+00:00", "2023-08-21T15:00:23+00:00", "2023-08-21T15:09:16+00:00", "2023-08-21T15:17:56+00:00", "2023-08-21T15:23:52+00:00", "2023-08-21T15:34:41+00:00", "2023-08-21T15:39:53+00:00", "2023-08-21T15:43:57+00:00", "2023-08-21T15:51:54+00:00", "2023-08-21T16:05:38+00:00", "2023-08-21T16:13:43+00:00", "2023-08-21T16:25:23+00:00", "2023-08-21T16:31:52+00:00", "2023-08-21T16:39:08+00:00", "2023-08-21T16:47:16+00:00", "2023-08-21T16:54:21+00:00", "2023-08-21T17:07:11+00:00", "2023-08-21T17:13:40+00:00", "2023-08-21T17:19:53+00:00", "2023-08-21T17:26:13+00:00", "2023-08-21T17:32:30+00:00", "2023-08-21T17:43:40+00:00", "2023-08-21T17:50:58+00:00", "2023-08-21T17:58:59+00:00", "2023-08-21T18:08:50+00:00", "2023-08-21T18:19:56+00:00", "2023-08-21T18:29:54+00:00", "2023-08-21T18:40:59+00:00", "2023-08-21T18:47:49+00:00", "2023-08-21T18:58:06+00:00", "2023-08-21T19:04:18+00:00", "2023-08-21T19:11:10+00:00", "2023-08-21T19:15:23+00:00", "2023-08-21T19:23:27+00:00", "2023-08-21T19:29:20+00:00", "2023-08-21T19:36:09+00:00", "2023-08-21T19:40:09+00:00", "2023-08-21T19:46:10+00:00", "2023-08-21T19:49:35+00:00", "2023-08-21T19:54:36+00:00", "2023-08-21T20:00:01+00:00", "2023-08-21T20:04:01+00:00", "2023-08-21T20:07:02+00:00", "2023-08-21T20:12:43+00:00", "2023-08-21T20:18:24+00:00", "2023-08-21T20:22:13+00:00", "2023-08-21T20:28:14+00:00", "2023-08-21T20:31:46+00:00", "2023-08-21T20:35:51+00:00", "2023-08-21T20:40:20+00:00", "2023-08-21T20:44:08+00:00", "2023-08-21T20:48:41+00:00", "2023-08-21T20:53:18+00:00", "2023-08-21T20:56:14+00:00", "2023-08-21T21:01:23+00:00", "2023-08-21T21:07:52+00:00", "2023-08-21T21:10:36+00:00", "2023-08-21T21:13:29+00:00", "2023-08-21T21:17:09+00:00", "2023-08-21T21:20:21+00:00", "2023-08-21T21:25:42+00:00", "2023-08-21T21:28:35+00:00", "2023-08-21T21:31:43+00:00", "2023-08-21T21:35:24+00:00", "2023-08-21T21:39:44+00:00", "2023-08-21T21:43:25+00:00", "2023-08-21T21:50:02+00:00", "2023-08-21T21:54:11+00:00", "2023-08-21T21:58:04+00:00", "2023-08-21T22:02:53+00:00", "2023-08-21T22:08:54+00:00", "2023-08-21T22:10:42+00:00", "2023-08-21T22:15:40+00:00", "2023-08-21T22:19:16+00:00", "2023-08-21T22:23:46+00:00", "2023-08-21T22:28:07+00:00", "2023-08-21T22:33:40+00:00", "2023-08-21T22:39:21+00:00", "2023-08-21T22:42:17+00:00", "2023-08-21T22:47:34+00:00", "2023-08-21T22:51:58+00:00", "2023-08-21T22:54:39+00:00", "2023-08-21T23:00:15+00:00", "2023-08-21T23:06:20+00:00", "2023-08-21T23:11:01+00:00", "2023-08-21T23:13:37+00:00", "2023-08-21T23:18:26+00:00", "2023-08-21T23:23:02+00:00", "2023-08-21T23:29:51+00:00", "2023-08-21T23:33:12+00:00", "2023-08-21T23:39:06+00:00", "2023-08-21T23:45:06+00:00", "2023-08-21T23:48:39+00:00", "2023-08-21T23:54:48+00:00", "2023-08-21T23:58:28+00:00", "2023-08-22T00:01:20+00:00", "2023-08-22T00:06:29+00:00", "2023-08-22T00:10:29+00:00", "2023-08-22T00:15:18+00:00", "2023-08-22T00:18:30+00:00", "2023-08-22T00:21:47+00:00", "2023-08-22T00:26:15+00:00", "2023-08-22T00:32:19+00:00", "2023-08-22T00:35:59+00:00", "2023-08-22T00:39:24+00:00", "2023-08-22T00:43:32+00:00", "2023-08-22T00:46:00+00:00", "2023-08-22T00:50:50+00:00", "2023-08-22T00:53:50+00:00", "2023-08-22T00:57:38+00:00", "2023-08-22T01:00:51+00:00", "2023-08-22T01:03:03+00:00", "2023-08-22T01:06:00+00:00", "2023-08-22T01:08:12+00:00", "2023-08-22T01:12:36+00:00", "2023-08-22T01:15:49+00:00", "2023-08-22T01:18:25+00:00", "2023-08-22T01:21:26+00:00", "2023-08-22T01:25:02+00:00", "2023-08-22T01:28:06+00:00", "2023-08-22T01:30:23+00:00", "2023-08-22T01:32:51+00:00", "2023-08-22T01:34:47+00:00", "2023-08-22T01:38:56+00:00", "2023-08-22T01:40:52+00:00", "2023-08-22T01:43:12+00:00", "2023-08-22T01:46:52+00:00", "2023-08-22T01:51:56+00:00", "2023-08-22T01:54:28+00:00", "2023-08-22T01:57:01+00:00", "2023-08-22T01:59:33+00:00", "2023-08-22T02:03:18+00:00", "2023-08-22T02:06:30+00:00", "2023-08-22T02:09:26+00:00", "2023-08-22T02:12:39+00:00", "2023-08-22T02:16:24+00:00", "2023-08-22T02:19:04+00:00", "2023-08-22T02:22:41+00:00", "2023-08-22T02:25:17+00:00", "2023-08-22T02:27:45+00:00", "2023-08-22T02:29:49+00:00", "2023-08-22T02:32:26+00:00", "2023-08-22T02:36:03+00:00", "2023-08-22T02:38:19+00:00", "2023-08-22T02:41:36+00:00", "2023-08-22T02:44:48+00:00", "2023-08-22T02:48:29+00:00", "2023-08-22T02:52:39+00:00", "2023-08-22T02:55:07+00:00", "2023-08-22T02:58:11+00:00", "2023-08-22T03:01:32+00:00", "2023-08-22T03:03:28+00:00", "2023-08-22T03:08:53+00:00", "2023-08-22T03:12:13+00:00", "2023-08-22T03:15:50+00:00", "2023-08-22T03:20:52+00:00", "2023-08-22T03:24:25+00:00", "2023-08-22T03:31:18+00:00", "2023-08-22T03:34:19+00:00", "2023-08-22T03:39:32+00:00", "2023-08-22T03:45:17+00:00", "2023-08-22T03:51:27+00:00", "2023-08-22T03:57:31+00:00", "2023-08-22T04:02:04+00:00", "2023-08-22T04:08:02+00:00", "2023-08-22T04:14:10+00:00", "2023-08-22T04:23:24+00:00", "2023-08-22T04:32:49+00:00", "2023-08-22T04:42:30+00:00", "2023-08-22T04:51:56+00:00", "2023-08-22T04:59:49+00:00", "2023-08-22T05:10:23+00:00", "2023-08-22T05:16:28+00:00", "2023-08-22T05:26:25+00:00", "2023-08-22T05:36:43+00:00", "2023-08-22T05:45:52+00:00", "2023-08-22T05:56:54+00:00", "2023-08-22T06:06:22+00:00", "2023-08-22T06:15:49+00:00", "2023-08-22T06:23:41+00:00", "2023-08-22T06:34:54+00:00", "2023-08-22T06:44:47+00:00", "2023-08-22T06:52:35+00:00", "2023-08-22T07:04:28+00:00", "2023-08-22T07:15:01+00:00", "2023-08-22T07:24:30+00:00", "2023-08-22T07:34:19+00:00", "2023-08-22T07:44:00+00:00", "2023-08-22T07:57:57+00:00", "2023-08-22T08:12:30+00:00", "2023-08-22T08:24:59+00:00", "2023-08-22T08:37:09+00:00", "2023-08-22T08:43:28+00:00", "2023-08-22T08:54:29+00:00", "2023-08-22T09:05:02+00:00", "2023-08-22T09:19:28+00:00", "2023-08-22T09:32:57+00:00", "2023-08-22T09:51:10+00:00", "2023-08-22T10:02:51+00:00", "2023-08-22T10:13:12+00:00", "2023-08-22T10:27:37+00:00", "2023-08-22T10:37:46+00:00", "2023-08-22T10:51:58+00:00", "2023-08-22T11:01:19+00:00", "2023-08-22T11:14:00+00:00", "2023-08-22T11:30:24+00:00", "2023-08-22T11:43:37+00:00", "2023-08-22T11:55:35+00:00", "2023-08-22T12:10:05+00:00", "2023-08-22T12:31:10+00:00", "2023-08-22T12:57:12+00:00", "2023-08-22T13:18:51+00:00", "2023-08-22T13:39:19+00:00", "2023-08-22T14:01:28+00:00", "2023-08-22T14:33:33+00:00", "2023-08-22T14:52:03+00:00", "2023-08-22T15:14:28+00:00", "2023-08-22T15:30:29+00:00", "2023-08-22T15:47:50+00:00", "2023-08-22T16:15:18+00:00", "2023-08-22T16:42:59+00:00", "2023-08-22T17:09:29+00:00", "2023-08-22T17:34:06+00:00", "2023-08-22T17:48:37+00:00", "2023-08-22T17:58:02+00:00", "2023-08-22T18:13:05+00:00", "2023-08-22T18:20:30+00:00", "2023-08-22T18:30:47+00:00", "2023-08-22T18:40:17+00:00", "2023-08-22T18:46:22+00:00", "2023-08-22T18:53:51+00:00", "2023-08-22T19:06:48+00:00", "2023-08-22T19:11:57+00:00", "2023-08-22T19:18:51+00:00", "2023-08-22T19:29:53+00:00", "2023-08-22T19:40:06+00:00", "2023-08-22T19:55:24+00:00", "2023-08-22T20:08:10+00:00", "2023-08-22T20:17:56+00:00", "2023-08-22T20:28:38+00:00", "2023-08-22T20:30:58+00:00", "2023-08-22T20:34:59+00:00", "2023-08-22T20:37:15+00:00", "2023-08-22T20:39:55+00:00", "2023-08-22T20:42:32+00:00", "2023-08-22T20:44:40+00:00", "2023-08-22T20:46:12+00:00", "2023-08-22T20:49:13+00:00", "2023-08-22T20:51:37+00:00", "2023-08-22T20:53:25+00:00", "2023-08-22T20:55:49+00:00", "2023-08-22T20:57:26+00:00", "2023-08-22T20:59:38+00:00", "2023-08-22T21:01:30+00:00", "2023-08-22T21:03:46+00:00", "2023-08-22T21:06:18+00:00", "2023-08-22T21:09:27+00:00", "2023-08-22T21:12:19+00:00", "2023-08-22T21:14:12+00:00", "2023-08-22T21:16:52+00:00", "2023-08-22T21:20:37+00:00", "2023-08-22T21:23:01+00:00", "2023-08-22T21:25:17+00:00", "2023-08-22T21:27:14+00:00", "2023-08-22T21:30:02+00:00", "2023-08-22T21:32:10+00:00", "2023-08-22T21:33:42+00:00", "2023-08-22T21:36:43+00:00", "2023-08-22T21:38:27+00:00", "2023-08-22T21:41:12+00:00", "2023-08-22T21:43:00+00:00", "2023-08-22T21:44:56+00:00", "2023-08-22T21:47:04+00:00", "2023-08-22T21:48:53+00:00", "2023-08-22T21:50:53+00:00", "2023-08-22T21:52:41+00:00", "2023-08-22T21:55:06+00:00", "2023-08-22T21:57:02+00:00", "2023-08-22T21:58:58+00:00", "2023-08-22T22:01:54+00:00", "2023-08-22T22:03:39+00:00", "2023-08-22T22:05:19+00:00", "2023-08-22T22:07:04+00:00", "2023-08-22T22:08:47+00:00", "2023-08-22T22:10:48+00:00", "2023-08-22T22:12:56+00:00", "2023-08-22T22:14:44+00:00", "2023-08-22T22:16:24+00:00", "2023-08-22T22:18:13+00:00", "2023-08-22T22:20:09+00:00", "2023-08-22T22:22:10+00:00", "2023-08-22T22:23:38+00:00", "2023-08-22T22:25:34+00:00", "2023-08-22T22:27:27+00:00", "2023-08-22T22:29:16+00:00", "2023-08-22T22:31:08+00:00", "2023-08-22T22:33:00+00:00", "2023-08-22T22:34:52+00:00", "2023-08-22T22:36:48+00:00", "2023-08-22T22:38:52+00:00", "2023-08-22T22:40:56+00:00", "2023-08-22T22:43:01+00:00", "2023-08-22T22:44:41+00:00", "2023-08-22T22:46:33+00:00", "2023-08-22T22:48:38+00:00", "2023-08-22T22:50:30+00:00", "2023-08-22T22:51:59+00:00", "2023-08-22T22:53:47+00:00", "2023-08-22T22:55:27+00:00", "2023-08-22T22:57:44+00:00", "2023-08-22T22:59:41+00:00", "2023-08-22T23:01:49+00:00", "2023-08-22T23:03:57+00:00", "2023-08-22T23:05:38+00:00", "2023-08-22T23:07:50+00:00", "2023-08-22T23:09:35+00:00", "2023-08-22T23:12:07+00:00", "2023-08-22T23:13:57+00:00", "2023-08-22T23:16:05+00:00", "2023-08-22T23:17:58+00:00", "2023-08-22T23:19:54+00:00", "2023-08-22T23:21:59+00:00", "2023-08-22T23:24:24+00:00", "2023-08-22T23:26:33+00:00", "2023-08-22T23:28:35+00:00", "2023-08-22T23:30:39+00:00", "2023-08-22T23:33:00+00:00", "2023-08-22T23:35:57+00:00", "2023-08-22T23:39:06+00:00", "2023-08-22T23:41:11+00:00", "2023-08-22T23:43:59+00:00", "2023-08-22T23:47:04+00:00", "2023-08-22T23:49:36+00:00", "2023-08-22T23:52:01+00:00", "2023-08-22T23:54:34+00:00", "2023-08-22T23:57:47+00:00", "2023-08-22T23:59:40+00:00", "2023-08-23T00:01:45+00:00", "2023-08-23T00:04:01+00:00", "2023-08-23T00:06:22+00:00", "2023-08-23T00:08:59+00:00", "2023-08-23T00:10:44+00:00", "2023-08-23T00:14:26+00:00", "2023-08-23T00:16:18+00:00", "2023-08-23T00:19:03+00:00", "2023-08-23T00:21:11+00:00", "2023-08-23T00:24:23+00:00", "2023-08-23T00:26:47+00:00", "2023-08-23T00:30:08+00:00", "2023-08-23T00:32:29+00:00", "2023-08-23T00:36:46+00:00", "2023-08-23T00:39:02+00:00", "2023-08-23T00:41:34+00:00", "2023-08-23T00:44:03+00:00", "2023-08-23T00:47:24+00:00", "2023-08-23T00:49:48+00:00", "2023-08-23T00:52:00+00:00", "2023-08-23T00:54:04+00:00", "2023-08-23T00:56:17+00:00", "2023-08-23T00:58:33+00:00", "2023-08-23T01:00:45+00:00", "2023-08-23T01:06:06+00:00", "2023-08-23T01:08:02+00:00", "2023-08-23T01:12:20+00:00", "2023-08-23T01:14:05+00:00", "2023-08-23T01:16:21+00:00", "2023-08-23T01:18:37+00:00", "2023-08-23T01:22:18+00:00", "2023-08-23T01:25:06+00:00", "2023-08-23T01:29:59+00:00", "2023-08-23T01:35:28+00:00", "2023-08-23T01:39:24+00:00", "2023-08-23T01:42:20+00:00", "2023-08-23T01:45:58+00:00", "2023-08-23T01:49:34+00:00", "2023-08-23T01:52:54+00:00", "2023-08-23T01:56:23+00:00", "2023-08-23T01:59:32+00:00", "2023-08-23T02:03:25+00:00", "2023-08-23T02:05:37+00:00", "2023-08-23T02:09:38+00:00", "2023-08-23T02:13:02+00:00", "2023-08-23T02:16:15+00:00", "2023-08-23T02:20:07+00:00", "2023-08-23T02:23:36+00:00", "2023-08-23T02:27:20+00:00", "2023-08-23T02:30:49+00:00", "2023-08-23T02:34:29+00:00", "2023-08-23T02:38:02+00:00", "2023-08-23T02:41:02+00:00", "2023-08-23T02:44:31+00:00", "2023-08-23T02:48:39+00:00", "2023-08-23T02:51:28+00:00", "2023-08-23T02:55:36+00:00", "2023-08-23T02:59:32+00:00", "2023-08-23T03:02:48+00:00", "2023-08-23T03:06:21+00:00", "2023-08-23T03:11:45+00:00", "2023-08-23T03:14:49+00:00", "2023-08-23T03:16:54+00:00", "2023-08-23T03:18:54+00:00", "2023-08-23T03:21:42+00:00", "2023-08-23T03:24:23+00:00", "2023-08-23T03:28:35+00:00", "2023-08-23T03:30:27+00:00", "2023-08-23T03:35:20+00:00", "2023-08-23T03:40:25+00:00", "2023-08-23T03:43:53+00:00", "2023-08-23T03:48:14+00:00", "2023-08-23T03:52:35+00:00", "2023-08-23T03:58:32+00:00", "2023-08-23T04:01:29+00:00", "2023-08-23T04:04:05+00:00", "2023-08-23T04:07:21+00:00", "2023-08-23T04:10:54+00:00", "2023-08-23T04:15:02+00:00", "2023-08-23T04:17:51+00:00", "2023-08-23T04:22:08+00:00", "2023-08-23T04:26:24+00:00", "2023-08-23T04:29:37+00:00", "2023-08-23T04:34:49+00:00", "2023-08-23T04:38:45+00:00", "2023-08-23T04:43:25+00:00", "2023-08-23T04:45:54+00:00", "2023-08-23T04:49:10+00:00", "2023-08-23T04:53:55+00:00", "2023-08-23T04:57:35+00:00", "2023-08-23T05:02:23+00:00", "2023-08-23T05:06:11+00:00", "2023-08-23T05:12:32+00:00", "2023-08-23T05:17:09+00:00", "2023-08-23T05:20:22+00:00", "2023-08-23T05:23:58+00:00", "2023-08-23T05:28:11+00:00", "2023-08-23T05:31:27+00:00", "2023-08-23T05:34:43+00:00", "2023-08-23T05:38:56+00:00", "2023-08-23T05:44:49+00:00", "2023-08-23T05:48:53+00:00", "2023-08-23T05:52:01+00:00", "2023-08-23T05:56:49+00:00", "2023-08-23T06:01:23+00:00", "2023-08-23T06:03:51+00:00", "2023-08-23T06:05:47+00:00", "2023-08-23T06:09:19+00:00", "2023-08-23T06:12:16+00:00", "2023-08-23T06:15:28+00:00", "2023-08-23T06:18:04+00:00", "2023-08-23T06:20:16+00:00", "2023-08-23T06:25:08+00:00", "2023-08-23T06:29:17+00:00", "2023-08-23T06:32:37+00:00", "2023-08-23T06:36:05+00:00", "2023-08-23T06:39:41+00:00", "2023-08-23T06:43:25+00:00", "2023-08-23T06:46:14+00:00", "2023-08-23T06:50:10+00:00", "2023-08-23T06:54:47+00:00", "2023-08-23T06:59:35+00:00", "2023-08-23T07:05:04+00:00", "2023-08-23T07:09:20+00:00", "2023-08-23T07:13:28+00:00", "2023-08-23T07:16:53+00:00", "2023-08-23T07:21:17+00:00", "2023-08-23T07:24:38+00:00", "2023-08-23T07:28:22+00:00", "2023-08-23T07:32:58+00:00", "2023-08-23T07:37:06+00:00", "2023-08-23T07:40:32+00:00", "2023-08-23T07:43:16+00:00", "2023-08-23T07:45:57+00:00", "2023-08-23T07:51:49+00:00", "2023-08-23T07:55:01+00:00", "2023-08-23T07:57:01+00:00", "2023-08-23T07:59:41+00:00", "2023-08-23T08:03:30+00:00", "2023-08-23T08:07:42+00:00", "2023-08-23T08:12:47+00:00", "2023-08-23T08:17:39+00:00", "2023-08-23T08:20:11+00:00", "2023-08-23T08:24:31+00:00", "2023-08-23T08:28:27+00:00", "2023-08-23T08:32:56+00:00", "2023-08-23T08:37:41+00:00", "2023-08-23T08:41:02+00:00", "2023-08-23T08:45:58+00:00", "2023-08-23T08:49:14+00:00", "2023-08-23T08:52:26+00:00", "2023-08-23T08:55:30+00:00", "2023-08-23T08:58:31+00:00", "2023-08-23T09:02:59+00:00", "2023-08-23T09:07:23+00:00", "2023-08-23T09:10:59+00:00", "2023-08-23T09:13:56+00:00", "2023-08-23T09:18:32+00:00", "2023-08-23T09:22:57+00:00", "2023-08-23T09:28:19+00:00", "2023-08-23T09:34:32+00:00", "2023-08-23T09:37:56+00:00", "2023-08-23T09:42:56+00:00", "2023-08-23T09:47:21+00:00", "2023-08-23T09:51:01+00:00", "2023-08-23T09:54:53+00:00", "2023-08-23T09:59:53+00:00", "2023-08-23T10:03:42+00:00", "2023-08-23T10:08:26+00:00", "2023-08-23T10:12:30+00:00", "2023-08-23T10:16:23+00:00", "2023-08-23T10:20:27+00:00", "2023-08-23T10:23:15+00:00", "2023-08-23T10:26:24+00:00", "2023-08-23T10:30:44+00:00", "2023-08-23T10:34:56+00:00", "2023-08-23T10:39:01+00:00", "2023-08-23T10:42:18+00:00", "2023-08-23T10:45:58+00:00", "2023-08-23T10:48:10+00:00", "2023-08-23T10:50:50+00:00", "2023-08-23T10:53:06+00:00", "2023-08-23T10:55:15+00:00", "2023-08-23T10:57:59+00:00", "2023-08-23T11:01:41+00:00", "2023-08-23T11:04:53+00:00", "2023-08-23T11:07:25+00:00", "2023-08-23T11:12:22+00:00", "2023-08-23T11:14:50+00:00", "2023-08-23T11:17:22+00:00", "2023-08-23T11:19:34+00:00", "2023-08-23T11:22:14+00:00", "2023-08-23T11:24:03+00:00", "2023-08-23T11:27:39+00:00", "2023-08-23T11:29:59+00:00", "2023-08-23T11:33:24+00:00", "2023-08-23T11:38:00+00:00", "2023-08-23T11:41:13+00:00", "2023-08-23T11:44:09+00:00", "2023-08-23T11:47:37+00:00", "2023-08-23T11:51:41+00:00", "2023-08-23T11:56:59+00:00", "2023-08-23T12:00:15+00:00", "2023-08-23T12:08:21+00:00", "2023-08-23T12:13:17+00:00", "2023-08-23T12:18:46+00:00", "2023-08-23T12:24:43+00:00", "2023-08-23T12:31:18+00:00", "2023-08-23T12:39:02+00:00", "2023-08-23T12:49:32+00:00", "2023-08-23T12:55:08+00:00", "2023-08-23T13:02:49+00:00", "2023-08-23T13:12:54+00:00", "2023-08-23T13:20:18+00:00", "2023-08-23T13:26:39+00:00", "2023-08-23T13:40:16+00:00", "2023-08-23T13:51:18+00:00", "2023-08-23T14:10:41+00:00", "2023-08-23T14:25:15+00:00", "2023-08-23T14:39:25+00:00", "2023-08-23T14:50:15+00:00", "2023-08-23T15:02:44+00:00", "2023-08-23T15:16:25+00:00", "2023-08-23T15:28:27+00:00", "2023-08-23T15:38:52+00:00", "2023-08-23T15:50:14+00:00", "2023-08-23T15:55:46+00:00", "2023-08-23T16:11:16+00:00", "2023-08-23T16:25:38+00:00", "2023-08-23T16:33:07+00:00", "2023-08-23T16:40:15+00:00", "2023-08-23T16:47:45+00:00", "2023-08-23T16:52:33+00:00", "2023-08-23T16:59:59+00:00", "2023-08-23T17:10:53+00:00", "2023-08-23T17:22:07+00:00", "2023-08-23T17:34:34+00:00", "2023-08-23T17:46:12+00:00", "2023-08-23T17:54:38+00:00", "2023-08-23T18:08:48+00:00", "2023-08-23T18:29:52+00:00", "2023-08-23T18:41:02+00:00", "2023-08-23T18:50:15+00:00", "2023-08-23T19:01:17+00:00", "2023-08-23T19:12:58+00:00", "2023-08-23T19:26:12+00:00", "2023-08-23T19:37:56+00:00", "2023-08-23T19:46:26+00:00", "2023-08-23T19:51:51+00:00", "2023-08-23T20:00:00+00:00", "2023-08-23T20:04:01+00:00", "2023-08-23T20:08:46+00:00", "2023-08-23T20:14:31+00:00", "2023-08-23T20:22:52+00:00", "2023-08-23T20:29:33+00:00", "2023-08-23T20:36:45+00:00", "2023-08-23T20:41:22+00:00", "2023-08-23T20:48:15+00:00", "2023-08-23T20:54:52+00:00", "2023-08-23T21:00:17+00:00", "2023-08-23T21:05:30+00:00", "2023-08-23T21:10:31+00:00", "2023-08-23T21:14:44+00:00", "2023-08-23T21:21:45+00:00", "2023-08-23T21:27:26+00:00", "2023-08-23T21:30:50+00:00", "2023-08-23T21:35:35+00:00", "2023-08-23T21:38:48+00:00", "2023-08-23T21:42:56+00:00", "2023-08-23T21:47:57+00:00", "2023-08-23T21:54:14+00:00", "2023-08-23T22:01:28+00:00", "2023-08-23T22:08:35+00:00", "2023-08-23T22:15:32+00:00", "2023-08-23T22:21:02+00:00", "2023-08-23T22:26:38+00:00", "2023-08-23T22:35:16+00:00", "2023-08-23T22:42:21+00:00", "2023-08-23T22:48:18+00:00", "2023-08-23T22:55:51+00:00", "2023-08-23T23:01:48+00:00", "2023-08-23T23:11:09+00:00", "2023-08-23T23:19:05+00:00", "2023-08-23T23:25:42+00:00", "2023-08-23T23:33:39+00:00", "2023-08-23T23:40:11+00:00", "2023-08-23T23:47:24+00:00", "2023-08-23T23:56:25+00:00", "2023-08-24T00:02:02+00:00", "2023-08-24T00:08:22+00:00", "2023-08-24T00:13:43+00:00", "2023-08-24T00:18:23+00:00", "2023-08-24T00:24:07+00:00", "2023-08-24T00:29:28+00:00", "2023-08-24T00:36:22+00:00", "2023-08-24T00:42:31+00:00", "2023-08-24T00:48:41+00:00", "2023-08-24T00:56:39+00:00", "2023-08-24T01:05:12+00:00", "2023-08-24T01:11:05+00:00", "2023-08-24T01:17:02+00:00", "2023-08-24T01:25:35+00:00", "2023-08-24T01:32:27+00:00", "2023-08-24T01:38:28+00:00", "2023-08-24T01:44:29+00:00", "2023-08-24T01:51:15+00:00", "2023-08-24T01:58:44+00:00", "2023-08-24T02:05:25+00:00", "2023-08-24T02:14:42+00:00", "2023-08-24T02:25:27+00:00", "2023-08-24T02:31:55+00:00", "2023-08-24T02:36:32+00:00", "2023-08-24T02:45:45+00:00", "2023-08-24T02:50:44+00:00", "2023-08-24T02:56:21+00:00", "2023-08-24T03:01:34+00:00", "2023-08-24T03:05:47+00:00", "2023-08-24T03:11:12+00:00", "2023-08-24T03:18:05+00:00", "2023-08-24T03:22:01+00:00", "2023-08-24T03:27:38+00:00", "2023-08-24T03:32:51+00:00", "2023-08-24T03:38:24+00:00", "2023-08-24T03:43:19+00:00", "2023-08-24T03:50:41+00:00", "2023-08-24T03:54:26+00:00", "2023-08-24T03:58:58+00:00", "2023-08-24T04:03:38+00:00", "2023-08-24T04:08:06+00:00", "2023-08-24T04:13:55+00:00", "2023-08-24T04:18:19+00:00", "2023-08-24T04:23:27+00:00", "2023-08-24T04:28:12+00:00", "2023-08-24T04:32:28+00:00", "2023-08-24T04:37:13+00:00", "2023-08-24T04:42:17+00:00", "2023-08-24T04:47:49+00:00", "2023-08-24T04:53:06+00:00", "2023-08-24T04:57:42+00:00", "2023-08-24T05:03:22+00:00", "2023-08-24T05:06:35+00:00", "2023-08-24T05:11:19+00:00", "2023-08-24T05:16:23+00:00", "2023-08-24T05:20:31+00:00", "2023-08-24T05:27:28+00:00", "2023-08-24T05:33:52+00:00", "2023-08-24T05:37:36+00:00", "2023-08-24T05:42:33+00:00", "2023-08-24T05:49:01+00:00", "2023-08-24T05:52:50+00:00", "2023-08-24T05:55:47+00:00", "2023-08-24T06:02:36+00:00", "2023-08-24T06:09:01+00:00", "2023-08-24T06:10:42+00:00", "2023-08-24T06:14:54+00:00", "2023-08-24T06:19:04+00:00", "2023-08-24T06:25:09+00:00", "2023-08-24T06:27:58+00:00", "2023-08-24T06:31:18+00:00", "2023-08-24T06:35:50+00:00", "2023-08-24T06:39:39+00:00", "2023-08-24T06:43:27+00:00", "2023-08-24T06:47:32+00:00", "2023-08-24T06:51:32+00:00", "2023-08-24T06:56:16+00:00", "2023-08-24T07:00:28+00:00", "2023-08-24T07:04:04+00:00", "2023-08-24T07:07:57+00:00", "2023-08-24T07:11:41+00:00", "2023-08-24T07:16:17+00:00", "2023-08-24T07:18:45+00:00", "2023-08-24T07:22:13+00:00", "2023-08-24T07:25:30+00:00", "2023-08-24T07:28:30+00:00", "2023-08-24T07:31:47+00:00", "2023-08-24T07:34:23+00:00", "2023-08-24T07:37:16+00:00", "2023-08-24T07:40:29+00:00", "2023-08-24T07:45:48+00:00", "2023-08-24T07:48:57+00:00", "2023-08-24T07:52:33+00:00", "2023-08-24T07:56:10+00:00", "2023-08-24T07:58:18+00:00", "2023-08-24T08:02:03+00:00", "2023-08-24T08:06:47+00:00", "2023-08-24T08:08:55+00:00", "2023-08-24T08:11:35+00:00", "2023-08-24T08:15:16+00:00", "2023-08-24T08:18:12+00:00", "2023-08-24T08:21:12+00:00", "2023-08-24T08:24:24+00:00", "2023-08-24T08:26:56+00:00", "2023-08-24T08:32:13+00:00", "2023-08-24T08:35:13+00:00", "2023-08-24T08:37:41+00:00", "2023-08-24T08:42:04+00:00", "2023-08-24T08:45:08+00:00", "2023-08-24T08:48:16+00:00", "2023-08-24T08:51:46+00:00", "2023-08-24T08:57:30+00:00", "2023-08-24T09:01:02+00:00", "2023-08-24T09:05:51+00:00", "2023-08-24T09:08:39+00:00", "2023-08-24T09:11:36+00:00", "2023-08-24T09:15:46+00:00", "2023-08-24T09:19:31+00:00", "2023-08-24T09:22:51+00:00", "2023-08-24T09:26:11+00:00", "2023-08-24T09:32:08+00:00", "2023-08-24T09:35:00+00:00", "2023-08-24T09:37:33+00:00", "2023-08-24T09:40:37+00:00", "2023-08-24T09:44:18+00:00", "2023-08-24T09:47:35+00:00", "2023-08-24T09:51:12+00:00", "2023-08-24T09:54:08+00:00", "2023-08-24T09:58:29+00:00", "2023-08-24T10:02:45+00:00", "2023-08-24T10:06:05+00:00", "2023-08-24T10:09:09+00:00", "2023-08-24T10:14:49+00:00", "2023-08-24T10:18:28+00:00", "2023-08-24T10:21:48+00:00", "2023-08-24T10:24:44+00:00", "2023-08-24T10:27:12+00:00", "2023-08-24T10:30:21+00:00", "2023-08-24T10:33:05+00:00", "2023-08-24T10:36:06+00:00", "2023-08-24T10:39:26+00:00", "2023-08-24T10:43:14+00:00", "2023-08-24T10:46:03+00:00", "2023-08-24T10:48:15+00:00", "2023-08-24T10:50:52+00:00", "2023-08-24T10:53:08+00:00", "2023-08-24T10:57:21+00:00", "2023-08-24T11:01:37+00:00", "2023-08-24T11:04:34+00:00", "2023-08-24T11:08:28+00:00", "2023-08-24T11:13:13+00:00", "2023-08-24T11:16:09+00:00", "2023-08-24T11:18:33+00:00", "2023-08-24T11:21:18+00:00", "2023-08-24T11:23:46+00:00", "2023-08-24T11:28:02+00:00", "2023-08-24T11:31:38+00:00", "2023-08-24T11:35:51+00:00", "2023-08-24T11:40:47+00:00", "2023-08-24T11:45:31+00:00", "2023-08-24T11:50:40+00:00", "2023-08-24T11:55:16+00:00", "2023-08-24T11:59:48+00:00", "2023-08-24T12:05:52+00:00", "2023-08-24T12:11:08+00:00", "2023-08-24T12:20:17+00:00", "2023-08-24T12:23:21+00:00", "2023-08-24T12:28:41+00:00", "2023-08-24T12:33:10+00:00", "2023-08-24T12:36:46+00:00", "2023-08-24T12:41:06+00:00", "2023-08-24T12:44:50+00:00", "2023-08-24T12:49:35+00:00", "2023-08-24T12:52:51+00:00", "2023-08-24T12:57:15+00:00", "2023-08-24T13:01:36+00:00", "2023-08-24T13:07:16+00:00", "2023-08-24T13:10:04+00:00", "2023-08-24T13:15:36+00:00", "2023-08-24T13:19:12+00:00", "2023-08-24T13:23:37+00:00", "2023-08-24T13:26:25+00:00", "2023-08-24T13:31:29+00:00", "2023-08-24T13:36:29+00:00", "2023-08-24T13:40:02+00:00", "2023-08-24T13:43:34+00:00", "2023-08-24T13:46:54+00:00", "2023-08-24T13:53:47+00:00", "2023-08-24T14:00:16+00:00", "2023-08-24T14:03:20+00:00", "2023-08-24T14:06:21+00:00", "2023-08-24T14:11:05+00:00", "2023-08-24T14:13:58+00:00", "2023-08-24T14:19:43+00:00", "2023-08-24T14:23:27+00:00", "2023-08-24T14:28:00+00:00", "2023-08-24T14:32:09+00:00", "2023-08-24T14:35:29+00:00", "2023-08-24T14:40:17+00:00", "2023-08-24T14:45:37+00:00", "2023-08-24T14:50:42+00:00", "2023-08-24T14:57:30+00:00", "2023-08-24T15:02:27+00:00", "2023-08-24T15:06:12+00:00", "2023-08-24T15:13:13+00:00", "2023-08-24T15:20:14+00:00", "2023-08-24T15:26:40+00:00", "2023-08-24T15:32:17+00:00", "2023-08-24T15:41:50+00:00", "2023-08-24T15:50:32+00:00", "2023-08-24T15:58:41+00:00", "2023-08-24T16:04:34+00:00", "2023-08-24T16:12:19+00:00", "2023-08-24T16:23:53+00:00", "2023-08-24T16:29:50+00:00", "2023-08-24T16:35:47+00:00", "2023-08-24T16:42:28+00:00", "2023-08-24T16:49:01+00:00", "2023-08-24T16:58:43+00:00", "2023-08-24T17:06:48+00:00", "2023-08-24T17:16:44+00:00", "2023-08-24T17:23:21+00:00", "2023-08-24T17:29:46+00:00", "2023-08-24T17:41:52+00:00", "2023-08-24T17:51:50+00:00", "2023-08-24T17:58:27+00:00", "2023-08-24T18:08:44+00:00", "2023-08-24T18:25:11+00:00", "2023-08-24T18:41:45+00:00", "2023-08-24T18:55:35+00:00", "2023-08-24T19:11:45+00:00", "2023-08-24T19:29:01+00:00", "2023-08-24T19:38:18+00:00", "2023-08-24T19:51:45+00:00", "2023-08-24T20:02:22+00:00", "2023-08-24T20:09:54+00:00", "2023-08-24T20:23:20+00:00", "2023-08-24T20:33:38+00:00", "2023-08-24T20:43:28+00:00", "2023-08-24T20:51:46+00:00", "2023-08-24T21:04:20+00:00", "2023-08-24T21:09:56+00:00", "2023-08-24T21:17:25+00:00", "2023-08-24T21:25:15+00:00", "2023-08-24T21:33:29+00:00", "2023-08-24T21:41:22+00:00", "2023-08-24T21:47:51+00:00", "2023-08-24T21:53:28+00:00", "2023-08-24T21:58:08+00:00", "2023-08-24T22:03:55+00:00", "2023-08-24T22:07:11+00:00", "2023-08-24T22:11:12+00:00", "2023-08-24T22:14:56+00:00", "2023-08-24T22:18:13+00:00", "2023-08-24T22:21:01+00:00", "2023-08-24T22:24:30+00:00", "2023-08-24T22:27:51+00:00", "2023-08-24T22:30:51+00:00", "2023-08-24T22:35:19+00:00", "2023-08-24T22:40:33+00:00", "2023-08-24T22:44:01+00:00", "2023-08-24T22:46:33+00:00", "2023-08-24T22:48:58+00:00", "2023-08-24T22:53:02+00:00", "2023-08-24T22:54:55+00:00", "2023-08-24T22:58:35+00:00", "2023-08-24T23:01:00+00:00", "2023-08-24T23:03:56+00:00", "2023-08-24T23:09:05+00:00", "2023-08-24T23:11:21+00:00", "2023-08-24T23:16:01+00:00", "2023-08-24T23:19:30+00:00", "2023-08-24T23:22:27+00:00", "2023-08-24T23:27:12+00:00", "2023-08-24T23:29:00+00:00", "2023-08-24T23:33:21+00:00", "2023-08-24T23:38:12+00:00", "2023-08-24T23:40:49+00:00", "2023-08-24T23:44:30+00:00", "2023-08-24T23:47:31+00:00", "2023-08-24T23:50:40+00:00", "2023-08-24T23:53:24+00:00", "2023-08-24T23:56:21+00:00", "2023-08-24T23:59:25+00:00", "2023-08-25T00:04:26+00:00", "2023-08-25T00:07:59+00:00", "2023-08-25T00:11:33+00:00", "2023-08-25T00:14:34+00:00", "2023-08-25T00:18:27+00:00", "2023-08-25T00:24:00+00:00", "2023-08-25T00:26:32+00:00", "2023-08-25T00:29:08+00:00", "2023-08-25T00:34:16+00:00", "2023-08-25T00:36:28+00:00", "2023-08-25T00:39:51+00:00", "2023-08-25T00:42:14+00:00", "2023-08-25T00:45:21+00:00", "2023-08-25T00:48:53+00:00", "2023-08-25T00:54:23+00:00", "2023-08-25T00:56:59+00:00", "2023-08-25T01:01:55+00:00", "2023-08-25T01:04:40+00:00", "2023-08-25T01:07:56+00:00", "2023-08-25T01:09:39+00:00", "2023-08-25T01:13:03+00:00", "2023-08-25T01:17:29+00:00", "2023-08-25T01:19:14+00:00", "2023-08-25T01:22:36+00:00", "2023-08-25T01:26:15+00:00", "2023-08-25T01:29:57+00:00", "2023-08-25T01:31:50+00:00", "2023-08-25T01:34:35+00:00", "2023-08-25T01:37:28+00:00", "2023-08-25T01:41:37+00:00", "2023-08-25T01:43:06+00:00", "2023-08-25T01:45:33+00:00", "2023-08-25T01:47:17+00:00", "2023-08-25T01:49:01+00:00", "2023-08-25T01:50:46+00:00", "2023-08-25T01:52:34+00:00", "2023-08-25T01:54:10+00:00", "2023-08-25T01:55:39+00:00", "2023-08-25T01:57:03+00:00", "2023-08-25T01:58:59+00:00", "2023-08-25T02:00:40+00:00", "2023-08-25T02:03:45+00:00", "2023-08-25T02:07:01+00:00", "2023-08-25T02:08:34+00:00", "2023-08-25T02:10:38+00:00", "2023-08-25T02:12:03+00:00", "2023-08-25T02:14:03+00:00", "2023-08-25T02:15:59+00:00", "2023-08-25T02:18:08+00:00", "2023-08-25T02:20:00+00:00", "2023-08-25T02:22:12+00:00", "2023-08-25T02:24:17+00:00", "2023-08-25T02:26:07+00:00", "2023-08-25T02:28:19+00:00", "2023-08-25T02:31:23+00:00", "2023-08-25T02:33:16+00:00", "2023-08-25T02:35:16+00:00", "2023-08-25T02:36:52+00:00", "2023-08-25T02:39:04+00:00", "2023-08-25T02:41:33+00:00", "2023-08-25T02:43:37+00:00", "2023-08-25T02:46:25+00:00", "2023-08-25T02:48:46+00:00", "2023-08-25T02:50:26+00:00", "2023-08-25T02:51:58+00:00", "2023-08-25T02:53:55+00:00", "2023-08-25T02:55:19+00:00", "2023-08-25T02:57:03+00:00", "2023-08-25T03:00:36+00:00", "2023-08-25T03:02:19+00:00", "2023-08-25T03:04:55+00:00", "2023-08-25T03:07:19+00:00", "2023-08-25T03:09:07+00:00", "2023-08-25T03:12:04+00:00", "2023-08-25T03:13:24+00:00", "2023-08-25T03:15:44+00:00", "2023-08-25T03:17:53+00:00", "2023-08-25T03:20:37+00:00", "2023-08-25T03:22:41+00:00", "2023-08-25T03:25:10+00:00", "2023-08-25T03:27:14+00:00", "2023-08-25T03:28:38+00:00", "2023-08-25T03:31:06+00:00", "2023-08-25T03:33:11+00:00", "2023-08-25T03:34:59+00:00", "2023-08-25T03:37:16+00:00", "2023-08-25T03:38:56+00:00", "2023-08-25T03:41:04+00:00", "2023-08-25T03:43:21+00:00", "2023-08-25T03:45:29+00:00", "2023-08-25T03:47:33+00:00", "2023-08-25T03:48:53+00:00", "2023-08-25T03:50:38+00:00", "2023-08-25T03:52:54+00:00", "2023-08-25T03:55:14+00:00", "2023-08-25T03:57:02+00:00", "2023-08-25T03:58:42+00:00", "2023-08-25T04:00:55+00:00", "2023-08-25T04:04:15+00:00", "2023-08-25T04:05:47+00:00", "2023-08-25T04:07:44+00:00", "2023-08-25T04:09:24+00:00", "2023-08-25T04:12:36+00:00", "2023-08-25T04:14:24+00:00", "2023-08-25T04:16:21+00:00", "2023-08-25T04:18:13+00:00", "2023-08-25T04:19:41+00:00", "2023-08-25T04:21:42+00:00", "2023-08-25T04:23:10+00:00", "2023-08-25T04:25:34+00:00", "2023-08-25T04:27:14+00:00", "2023-08-25T04:29:03+00:00", "2023-08-25T04:31:15+00:00", "2023-08-25T04:32:59+00:00", "2023-08-25T04:34:56+00:00", "2023-08-25T04:36:48+00:00", "2023-08-25T04:38:44+00:00", "2023-08-25T04:41:05+00:00", "2023-08-25T04:42:37+00:00", "2023-08-25T04:44:41+00:00", "2023-08-25T04:46:30+00:00", "2023-08-25T04:48:46+00:00", "2023-08-25T04:50:58+00:00", "2023-08-25T04:52:51+00:00", "2023-08-25T04:54:51+00:00", "2023-08-25T04:56:47+00:00", "2023-08-25T04:58:48+00:00", "2023-08-25T05:00:28+00:00", "2023-08-25T05:02:04+00:00", "2023-08-25T05:03:56+00:00", "2023-08-25T05:06:09+00:00", "2023-08-25T05:07:41+00:00", "2023-08-25T05:10:25+00:00", "2023-08-25T05:12:01+00:00", "2023-08-25T05:13:25+00:00", "2023-08-25T05:16:06+00:00", "2023-08-25T05:18:18+00:00", "2023-08-25T05:20:38+00:00", "2023-08-25T05:22:58+00:00", "2023-08-25T05:25:03+00:00", "2023-08-25T05:27:55+00:00", "2023-08-25T05:29:39+00:00", "2023-08-25T05:31:56+00:00", "2023-08-25T05:34:08+00:00", "2023-08-25T05:35:49+00:00", "2023-08-25T05:38:13+00:00", "2023-08-25T05:39:29+00:00", "2023-08-25T05:41:01+00:00", "2023-08-25T05:43:22+00:00", "2023-08-25T05:45:46+00:00", "2023-08-25T05:47:14+00:00", "2023-08-25T05:50:23+00:00", "2023-08-25T05:52:15+00:00", "2023-08-25T05:54:03+00:00", "2023-08-25T05:56:04+00:00", "2023-08-25T05:58:08+00:00", "2023-08-25T05:59:48+00:00", "2023-08-25T06:02:20+00:00", "2023-08-25T06:04:09+00:00", "2023-08-25T06:06:05+00:00", "2023-08-25T06:08:37+00:00", "2023-08-25T06:10:06+00:00", "2023-08-25T06:12:14+00:00", "2023-08-25T06:13:47+00:00", "2023-08-25T06:16:02+00:00", "2023-08-25T06:17:42+00:00", "2023-08-25T06:19:59+00:00", "2023-08-25T06:21:35+00:00", "2023-08-25T06:24:03+00:00", "2023-08-25T06:25:11+00:00", "2023-08-25T06:27:51+00:00", "2023-08-25T06:29:32+00:00", "2023-08-25T06:31:00+00:00", "2023-08-25T06:32:52+00:00", "2023-08-25T06:34:36+00:00", "2023-08-25T06:37:00+00:00", "2023-08-25T06:38:28+00:00", "2023-08-25T06:40:16+00:00", "2023-08-25T06:42:05+00:00", "2023-08-25T06:45:13+00:00", "2023-08-25T06:47:09+00:00", "2023-08-25T06:49:22+00:00", "2023-08-25T06:50:58+00:00", "2023-08-25T06:52:06+00:00", "2023-08-25T06:55:10+00:00", "2023-08-25T06:57:35+00:00", "2023-08-25T06:59:51+00:00", "2023-08-25T07:01:59+00:00", "2023-08-25T07:03:31+00:00", "2023-08-25T07:05:59+00:00", "2023-08-25T07:07:43+00:00", "2023-08-25T07:10:04+00:00", "2023-08-25T07:12:44+00:00", "2023-08-25T07:14:21+00:00", "2023-08-25T07:16:41+00:00", "2023-08-25T07:18:41+00:00", "2023-08-25T07:21:10+00:00", "2023-08-25T07:23:10+00:00", "2023-08-25T07:25:18+00:00", "2023-08-25T07:27:18+00:00", "2023-08-25T07:29:26+00:00", "2023-08-25T07:30:50+00:00", "2023-08-25T07:32:50+00:00", "2023-08-25T07:34:31+00:00", "2023-08-25T07:36:51+00:00", "2023-08-25T07:39:03+00:00", "2023-08-25T07:41:32+00:00", "2023-08-25T07:44:21+00:00", "2023-08-25T07:46:57+00:00", "2023-08-25T07:49:18+00:00", "2023-08-25T07:51:30+00:00", "2023-08-25T07:54:38+00:00", "2023-08-25T07:57:02+00:00", "2023-08-25T07:59:23+00:00", "2023-08-25T08:01:39+00:00", "2023-08-25T08:03:23+00:00", "2023-08-25T08:06:18+00:00", "2023-08-25T08:08:30+00:00", "2023-08-25T08:10:42+00:00", "2023-08-25T08:12:55+00:00", "2023-08-25T08:15:39+00:00", "2023-08-25T08:17:43+00:00", "2023-08-25T08:19:20+00:00", "2023-08-25T08:22:32+00:00", "2023-08-25T08:25:09+00:00", "2023-08-25T08:27:01+00:00", "2023-08-25T08:28:49+00:00", "2023-08-25T08:31:26+00:00", "2023-08-25T08:33:34+00:00", "2023-08-25T08:35:22+00:00", "2023-08-25T08:37:19+00:00", "2023-08-25T08:40:07+00:00", "2023-08-25T08:42:40+00:00", "2023-08-25T08:44:12+00:00", "2023-08-25T08:47:13+00:00", "2023-08-25T08:49:37+00:00", "2023-08-25T08:51:33+00:00", "2023-08-25T08:53:37+00:00", "2023-08-25T08:55:06+00:00", "2023-08-25T08:57:06+00:00", "2023-08-25T08:58:34+00:00", "2023-08-25T09:00:38+00:00", "2023-08-25T09:03:30+00:00", "2023-08-25T09:04:50+00:00", "2023-08-25T09:06:41+00:00", "2023-08-25T09:09:02+00:00", "2023-08-25T09:11:54+00:00", "2023-08-25T09:13:11+00:00", "2023-08-25T09:14:55+00:00", "2023-08-25T09:17:15+00:00", "2023-08-25T09:19:27+00:00", "2023-08-25T09:22:11+00:00", "2023-08-25T09:23:51+00:00", "2023-08-25T09:25:23+00:00", "2023-08-25T09:27:24+00:00", "2023-08-25T09:29:12+00:00", "2023-08-25T09:31:20+00:00", "2023-08-25T09:33:04+00:00", "2023-08-25T09:35:25+00:00", "2023-08-25T09:37:26+00:00", "2023-08-25T09:39:42+00:00", "2023-08-25T09:41:51+00:00", "2023-08-25T09:44:46+00:00", "2023-08-25T09:47:11+00:00", "2023-08-25T09:48:35+00:00", "2023-08-25T09:50:19+00:00", "2023-08-25T09:52:12+00:00", "2023-08-25T09:54:56+00:00", "2023-08-25T09:56:48+00:00", "2023-08-25T09:58:28+00:00", "2023-08-25T10:01:20+00:00", "2023-08-25T10:03:29+00:00", "2023-08-25T10:06:17+00:00", "2023-08-25T10:07:53+00:00", "2023-08-25T10:10:21+00:00", "2023-08-25T10:11:57+00:00", "2023-08-25T10:14:49+00:00", "2023-08-25T10:16:29+00:00", "2023-08-25T10:18:18+00:00", "2023-08-25T10:20:18+00:00", "2023-08-25T10:21:26+00:00", "2023-08-25T10:23:38+00:00", "2023-08-25T10:25:14+00:00", "2023-08-25T10:27:10+00:00", "2023-08-25T10:28:35+00:00", "2023-08-25T10:30:43+00:00", "2023-08-25T10:32:11+00:00", "2023-08-25T10:33:51+00:00", "2023-08-25T10:35:43+00:00", "2023-08-25T10:37:19+00:00", "2023-08-25T10:40:11+00:00", "2023-08-25T10:41:20+00:00", "2023-08-25T10:44:20+00:00", "2023-08-25T10:45:52+00:00", "2023-08-25T10:47:12+00:00", "2023-08-25T10:48:44+00:00", "2023-08-25T10:50:40+00:00", "2023-08-25T10:52:40+00:00", "2023-08-25T10:54:49+00:00", "2023-08-25T10:56:41+00:00", "2023-08-25T10:59:45+00:00", "2023-08-25T11:02:17+00:00", "2023-08-25T11:04:29+00:00", "2023-08-25T11:06:45+00:00", "2023-08-25T11:08:50+00:00", "2023-08-25T11:10:46+00:00", "2023-08-25T11:13:14+00:00", "2023-08-25T11:14:46+00:00", "2023-08-25T11:16:06+00:00", "2023-08-25T11:17:50+00:00", "2023-08-25T11:19:31+00:00", "2023-08-25T11:21:39+00:00", "2023-08-25T11:23:12+00:00", "2023-08-25T11:25:10+00:00", "2023-08-25T11:26:27+00:00", "2023-08-25T11:28:35+00:00", "2023-08-25T11:30:27+00:00", "2023-08-25T11:32:16+00:00", "2023-08-25T11:34:12+00:00", "2023-08-25T11:35:52+00:00", "2023-08-25T11:38:05+00:00", "2023-08-25T11:40:37+00:00", "2023-08-25T11:42:57+00:00", "2023-08-25T11:44:46+00:00", "2023-08-25T11:46:46+00:00", "2023-08-25T11:48:42+00:00", "2023-08-25T11:50:42+00:00", "2023-08-25T11:52:18+00:00", "2023-08-25T11:54:10+00:00", "2023-08-25T11:57:03+00:00", "2023-08-25T11:59:07+00:00", "2023-08-25T12:01:03+00:00", "2023-08-25T12:02:52+00:00", "2023-08-25T12:05:28+00:00", "2023-08-25T12:08:05+00:00", "2023-08-25T12:09:37+00:00", "2023-08-25T12:13:34+00:00", "2023-08-25T12:15:50+00:00", "2023-08-25T12:17:34+00:00", "2023-08-25T12:19:22+00:00", "2023-08-25T12:22:22+00:00", "2023-08-25T12:25:27+00:00", "2023-08-25T12:28:15+00:00", "2023-08-25T12:31:07+00:00", "2023-08-25T12:33:31+00:00", "2023-08-25T12:37:08+00:00", "2023-08-25T12:41:20+00:00", "2023-08-25T12:46:28+00:00", "2023-08-25T12:50:09+00:00", "2023-08-25T12:52:53+00:00", "2023-08-25T12:57:25+00:00", "2023-08-25T13:00:57+00:00", "2023-08-25T13:08:26+00:00", "2023-08-25T13:11:10+00:00", "2023-08-25T13:15:14+00:00", "2023-08-25T13:22:10+00:00", "2023-08-25T13:28:59+00:00", "2023-08-25T13:33:16+00:00", "2023-08-25T13:36:52+00:00", "2023-08-25T13:40:25+00:00", "2023-08-25T13:44:34+00:00", "2023-08-25T13:50:24+00:00", "2023-08-25T13:55:05+00:00", "2023-08-25T14:02:10+00:00", "2023-08-25T14:05:50+00:00", "2023-08-25T14:10:35+00:00", "2023-08-25T14:16:24+00:00", "2023-08-25T14:22:05+00:00", "2023-08-25T14:25:22+00:00", "2023-08-25T14:33:07+00:00", "2023-08-25T14:41:41+00:00", "2023-08-25T14:45:14+00:00", "2023-08-25T14:48:11+00:00", "2023-08-25T14:53:08+00:00", "2023-08-25T14:57:16+00:00", "2023-08-25T15:02:45+00:00", "2023-08-25T15:05:54+00:00", "2023-08-25T15:11:22+00:00", "2023-08-25T15:14:35+00:00", "2023-08-25T15:18:56+00:00", "2023-08-25T15:24:40+00:00", "2023-08-25T15:36:46+00:00", "2023-08-25T15:43:11+00:00", "2023-08-25T15:48:44+00:00", "2023-08-25T15:57:09+00:00", "2023-08-25T16:04:38+00:00", "2023-08-25T16:08:43+00:00", "2023-08-25T16:13:07+00:00", "2023-08-25T16:21:33+00:00", "2023-08-25T16:28:42+00:00", "2023-08-25T16:36:23+00:00", "2023-08-25T16:39:59+00:00", "2023-08-25T16:47:24+00:00", "2023-08-25T16:55:34+00:00", "2023-08-25T17:02:43+00:00", "2023-08-25T17:09:48+00:00", "2023-08-25T17:25:27+00:00", "2023-08-25T17:33:00+00:00", "2023-08-25T17:43:30+00:00", "2023-08-25T17:57:36+00:00", "2023-08-25T18:06:01+00:00", "2023-08-25T18:17:18+00:00", "2023-08-25T18:26:52+00:00", "2023-08-25T18:35:41+00:00", "2023-08-25T18:47:27+00:00", "2023-08-25T18:58:48+00:00", "2023-08-25T19:06:53+00:00", "2023-08-25T19:17:47+00:00", "2023-08-25T19:28:16+00:00", "2023-08-25T19:35:21+00:00", "2023-08-25T19:42:15+00:00", "2023-08-25T19:48:31+00:00", "2023-08-25T19:55:24+00:00", "2023-08-25T19:59:01+00:00", "2023-08-25T20:05:54+00:00", "2023-08-25T20:12:39+00:00", "2023-08-25T20:15:52+00:00", "2023-08-25T20:20:13+00:00", "2023-08-25T20:23:33+00:00", "2023-08-25T20:30:38+00:00", "2023-08-25T20:34:27+00:00", "2023-08-25T20:41:00+00:00", "2023-08-25T20:47:14+00:00", "2023-08-25T20:53:07+00:00", "2023-08-25T20:55:44+00:00", "2023-08-25T21:01:29+00:00", "2023-08-25T21:06:22+00:00", "2023-08-25T21:12:23+00:00", "2023-08-25T21:16:48+00:00", "2023-08-25T21:22:13+00:00", "2023-08-25T21:26:42+00:00", "2023-08-25T21:31:02+00:00", "2023-08-25T21:35:11+00:00", "2023-08-25T21:39:36+00:00", "2023-08-25T21:44:04+00:00", "2023-08-25T21:48:13+00:00", "2023-08-25T21:51:53+00:00", "2023-08-25T21:57:00+00:00", "2023-08-25T22:02:44+00:00", "2023-08-25T22:08:45+00:00", "2023-08-25T22:19:35+00:00", "2023-08-25T22:24:40+00:00", "2023-08-25T22:29:57+00:00", "2023-08-25T22:34:06+00:00", "2023-08-25T22:38:46+00:00", "2023-08-25T22:42:38+00:00", "2023-08-25T22:45:51+00:00", "2023-08-25T22:50:23+00:00", "2023-08-25T22:54:24+00:00", "2023-08-25T22:56:40+00:00", "2023-08-25T23:02:25+00:00", "2023-08-25T23:04:09+00:00", "2023-08-25T23:08:26+00:00", "2023-08-25T23:10:14+00:00", "2023-08-25T23:14:11+00:00", "2023-08-25T23:18:15+00:00", "2023-08-25T23:20:56+00:00", "2023-08-25T23:24:44+00:00", "2023-08-25T23:29:17+00:00", "2023-08-25T23:31:41+00:00", "2023-08-25T23:34:30+00:00", "2023-08-25T23:36:58+00:00", "2023-08-25T23:39:34+00:00", "2023-08-25T23:42:51+00:00", "2023-08-25T23:44:39+00:00", "2023-08-25T23:48:28+00:00", "2023-08-25T23:51:45+00:00", "2023-08-25T23:53:53+00:00", "2023-08-25T23:57:58+00:00", "2023-08-26T00:00:35+00:00", "2023-08-26T00:03:40+00:00", "2023-08-26T00:06:28+00:00", "2023-08-26T00:10:29+00:00", "2023-08-26T00:12:49+00:00", "2023-08-26T00:14:45+00:00", "2023-08-26T00:17:38+00:00", "2023-08-26T00:21:22+00:00", "2023-08-26T00:23:10+00:00", "2023-08-26T00:26:15+00:00", "2023-08-26T00:29:20+00:00", "2023-08-26T00:31:36+00:00", "2023-08-26T00:35:25+00:00", "2023-08-26T00:37:30+00:00", "2023-08-26T00:39:46+00:00", "2023-08-26T00:41:55+00:00", "2023-08-26T00:44:03+00:00", "2023-08-26T00:46:24+00:00", "2023-08-26T00:48:12+00:00", "2023-08-26T00:51:12+00:00", "2023-08-26T00:53:28+00:00", "2023-08-26T00:55:48+00:00", "2023-08-26T00:58:20+00:00", "2023-08-26T01:00:48+00:00", "2023-08-26T01:02:13+00:00", "2023-08-26T01:04:45+00:00", "2023-08-26T01:07:17+00:00", "2023-08-26T01:09:17+00:00", "2023-08-26T01:11:49+00:00", "2023-08-26T01:13:26+00:00", "2023-08-26T01:15:34+00:00", "2023-08-26T01:17:58+00:00", "2023-08-26T01:19:42+00:00", "2023-08-26T01:21:58+00:00", "2023-08-26T01:24:14+00:00", "2023-08-26T01:26:18+00:00", "2023-08-26T01:28:35+00:00", "2023-08-26T01:30:35+00:00", "2023-08-26T01:31:59+00:00", "2023-08-26T01:34:07+00:00", "2023-08-26T01:36:11+00:00", "2023-08-26T01:38:03+00:00", "2023-08-26T01:40:31+00:00", "2023-08-26T01:42:24+00:00", "2023-08-26T01:45:41+00:00", "2023-08-26T01:47:33+00:00", "2023-08-26T01:49:41+00:00", "2023-08-26T01:51:22+00:00", "2023-08-26T01:53:22+00:00", "2023-08-26T01:55:06+00:00", "2023-08-26T01:56:51+00:00", "2023-08-26T01:58:23+00:00", "2023-08-26T02:00:03+00:00", "2023-08-26T02:01:39+00:00", "2023-08-26T02:03:23+00:00", "2023-08-26T02:05:08+00:00", "2023-08-26T02:06:48+00:00", "2023-08-26T02:08:16+00:00", "2023-08-26T02:10:20+00:00", "2023-08-26T02:12:13+00:00", "2023-08-26T02:14:01+00:00", "2023-08-26T02:15:53+00:00", "2023-08-26T02:17:34+00:00", "2023-08-26T02:19:11+00:00", "2023-08-26T02:21:08+00:00", "2023-08-26T02:22:40+00:00", "2023-08-26T02:24:36+00:00", "2023-08-26T02:26:24+00:00", "2023-08-26T02:28:12+00:00", "2023-08-26T02:29:32+00:00", "2023-08-26T02:31:52+00:00", "2023-08-26T02:33:21+00:00", "2023-08-26T02:35:17+00:00", "2023-08-26T02:37:18+00:00", "2023-08-26T02:40:18+00:00", "2023-08-26T02:42:34+00:00", "2023-08-26T02:45:07+00:00", "2023-08-26T02:47:32+00:00", "2023-08-26T02:49:24+00:00", "2023-08-26T02:52:49+00:00", "2023-08-26T02:54:09+00:00", "2023-08-26T02:55:57+00:00", "2023-08-26T02:57:49+00:00", "2023-08-26T02:59:37+00:00", "2023-08-26T03:02:23+00:00", "2023-08-26T03:04:35+00:00", "2023-08-26T03:06:44+00:00", "2023-08-26T03:08:48+00:00", "2023-08-26T03:11:36+00:00", "2023-08-26T03:12:52+00:00", "2023-08-26T03:14:45+00:00", "2023-08-26T03:16:21+00:00", "2023-08-26T03:18:42+00:00", "2023-08-26T03:20:43+00:00", "2023-08-26T03:22:47+00:00", "2023-08-26T03:25:32+00:00", "2023-08-26T03:28:04+00:00", "2023-08-26T03:30:00+00:00", "2023-08-26T03:32:00+00:00", "2023-08-26T03:34:53+00:00", "2023-08-26T03:36:53+00:00", "2023-08-26T03:39:37+00:00", "2023-08-26T03:41:05+00:00", "2023-08-26T03:44:26+00:00", "2023-08-26T03:45:58+00:00", "2023-08-26T03:49:23+00:00", "2023-08-26T03:50:55+00:00", "2023-08-26T03:53:23+00:00", "2023-08-26T03:55:11+00:00", "2023-08-26T03:56:39+00:00", "2023-08-26T03:59:44+00:00", "2023-08-26T04:01:32+00:00", "2023-08-26T04:04:28+00:00", "2023-08-26T04:07:00+00:00", "2023-08-26T04:10:45+00:00", "2023-08-26T04:13:42+00:00", "2023-08-26T04:15:42+00:00", "2023-08-26T04:17:58+00:00", "2023-08-26T04:19:54+00:00", "2023-08-26T04:22:47+00:00", "2023-08-26T04:25:51+00:00", "2023-08-26T04:29:15+00:00", "2023-08-26T04:31:15+00:00", "2023-08-26T04:34:44+00:00", "2023-08-26T04:36:32+00:00", "2023-08-26T04:40:09+00:00", "2023-08-26T04:42:42+00:00", "2023-08-26T04:45:30+00:00", "2023-08-26T04:48:14+00:00", "2023-08-26T04:51:11+00:00", "2023-08-26T04:52:59+00:00", "2023-08-26T04:55:56+00:00", "2023-08-26T04:59:32+00:00", "2023-08-26T05:01:12+00:00", "2023-08-26T05:04:09+00:00", "2023-08-26T05:06:37+00:00", "2023-08-26T05:08:37+00:00", "2023-08-26T05:11:50+00:00", "2023-08-26T05:14:46+00:00", "2023-08-26T05:17:54+00:00", "2023-08-26T05:21:11+00:00", "2023-08-26T05:23:55+00:00", "2023-08-26T05:26:39+00:00", "2023-08-26T05:29:56+00:00", "2023-08-26T05:31:32+00:00", "2023-08-26T05:34:17+00:00", "2023-08-26T05:36:49+00:00", "2023-08-26T05:40:53+00:00", "2023-08-26T05:43:38+00:00", "2023-08-26T05:46:35+00:00", "2023-08-26T05:49:43+00:00", "2023-08-26T05:53:28+00:00", "2023-08-26T05:55:29+00:00", "2023-08-26T05:58:09+00:00", "2023-08-26T06:00:29+00:00", "2023-08-26T06:03:18+00:00", "2023-08-26T06:05:15+00:00", "2023-08-26T06:08:07+00:00", "2023-08-26T06:11:31+00:00", "2023-08-26T06:14:04+00:00", "2023-08-26T06:16:49+00:00", "2023-08-26T06:18:45+00:00", "2023-08-26T06:21:21+00:00", "2023-08-26T06:23:42+00:00", "2023-08-26T06:26:42+00:00", "2023-08-26T06:28:46+00:00", "2023-08-26T06:30:18+00:00", "2023-08-26T06:32:50+00:00", "2023-08-26T06:37:06+00:00", "2023-08-26T06:39:03+00:00", "2023-08-26T06:41:59+00:00", "2023-08-26T06:44:11+00:00", "2023-08-26T06:46:56+00:00", "2023-08-26T06:48:40+00:00", "2023-08-26T06:50:56+00:00", "2023-08-26T06:52:40+00:00", "2023-08-26T06:54:52+00:00", "2023-08-26T06:57:41+00:00", "2023-08-26T06:59:29+00:00", "2023-08-26T07:01:57+00:00", "2023-08-26T07:04:34+00:00", "2023-08-26T07:08:02+00:00", "2023-08-26T07:10:50+00:00", "2023-08-26T07:12:47+00:00", "2023-08-26T07:15:07+00:00", "2023-08-26T07:17:11+00:00", "2023-08-26T07:20:07+00:00", "2023-08-26T07:22:07+00:00", "2023-08-26T07:24:39+00:00", "2023-08-26T07:26:19+00:00", "2023-08-26T07:28:56+00:00", "2023-08-26T07:32:00+00:00", "2023-08-26T07:33:48+00:00", "2023-08-26T07:36:44+00:00", "2023-08-26T07:38:43+00:00", "2023-08-26T07:41:07+00:00", "2023-08-26T07:43:11+00:00", "2023-08-26T07:45:53+00:00", "2023-08-26T07:47:53+00:00", "2023-08-26T07:50:22+00:00", "2023-08-26T07:52:34+00:00", "2023-08-26T07:55:42+00:00", "2023-08-26T07:58:31+00:00", "2023-08-26T08:01:15+00:00", "2023-08-26T08:04:11+00:00", "2023-08-26T08:06:24+00:00", "2023-08-26T08:08:52+00:00", "2023-08-26T08:11:17+00:00", "2023-08-26T08:14:02+00:00", "2023-08-26T08:15:30+00:00", "2023-08-26T08:17:50+00:00", "2023-08-26T08:20:42+00:00", "2023-08-26T08:23:06+00:00", "2023-08-26T08:25:22+00:00", "2023-08-26T08:27:14+00:00", "2023-08-26T08:30:14+00:00", "2023-08-26T08:34:35+00:00", "2023-08-26T08:36:13+00:00", "2023-08-26T08:38:45+00:00", "2023-08-26T08:40:46+00:00", "2023-08-26T08:43:26+00:00", "2023-08-26T08:46:47+00:00", "2023-08-26T08:48:59+00:00", "2023-08-26T08:51:44+00:00", "2023-08-26T08:53:32+00:00", "2023-08-26T08:57:09+00:00", "2023-08-26T08:59:33+00:00", "2023-08-26T09:03:06+00:00", "2023-08-26T09:05:22+00:00", "2023-08-26T09:07:18+00:00", "2023-08-26T09:09:33+00:00", "2023-08-26T09:12:18+00:00", "2023-08-26T09:14:26+00:00", "2023-08-26T09:17:03+00:00", "2023-08-26T09:19:39+00:00", "2023-08-26T09:22:07+00:00", "2023-08-26T09:25:08+00:00", "2023-08-26T09:27:40+00:00", "2023-08-26T09:31:13+00:00", "2023-08-26T09:33:53+00:00", "2023-08-26T09:37:53+00:00", "2023-08-26T09:40:26+00:00", "2023-08-26T09:43:51+00:00", "2023-08-26T09:46:36+00:00", "2023-08-26T09:49:16+00:00", "2023-08-26T09:52:09+00:00", "2023-08-26T09:55:17+00:00", "2023-08-26T09:58:34+00:00", "2023-08-26T10:02:14+00:00", "2023-08-26T10:04:02+00:00", "2023-08-26T10:08:35+00:00", "2023-08-26T10:10:39+00:00", "2023-08-26T10:13:37+00:00", "2023-08-26T10:17:41+00:00", "2023-08-26T10:19:09+00:00", "2023-08-26T10:21:29+00:00", "2023-08-26T10:24:01+00:00", "2023-08-26T10:26:50+00:00", "2023-08-26T10:29:22+00:00", "2023-08-26T10:31:26+00:00", "2023-08-26T10:33:50+00:00", "2023-08-26T10:35:54+00:00", "2023-08-26T10:39:22+00:00", "2023-08-26T10:42:06+00:00", "2023-08-26T10:45:03+00:00", "2023-08-26T10:47:47+00:00", "2023-08-26T10:50:07+00:00", "2023-08-26T10:53:12+00:00", "2023-08-26T10:55:12+00:00", "2023-08-26T10:57:45+00:00", "2023-08-26T10:59:37+00:00", "2023-08-26T11:02:26+00:00", "2023-08-26T11:04:34+00:00", "2023-08-26T11:07:27+00:00", "2023-08-26T11:09:51+00:00", "2023-08-26T11:11:55+00:00", "2023-08-26T11:15:16+00:00", "2023-08-26T11:17:52+00:00", "2023-08-26T11:20:44+00:00", "2023-08-26T11:24:08+00:00", "2023-08-26T11:27:12+00:00", "2023-08-26T11:29:28+00:00", "2023-08-26T11:32:41+00:00", "2023-08-26T11:35:01+00:00", "2023-08-26T11:37:25+00:00", "2023-08-26T11:40:30+00:00", "2023-08-26T11:42:42+00:00", "2023-08-26T11:44:50+00:00", "2023-08-26T11:47:19+00:00", "2023-08-26T11:49:43+00:00", "2023-08-26T11:51:51+00:00", "2023-08-26T11:55:00+00:00", "2023-08-26T11:57:44+00:00", "2023-08-26T12:00:24+00:00", "2023-08-26T12:03:12+00:00", "2023-08-26T12:05:16+00:00", "2023-08-26T12:07:48+00:00", "2023-08-26T12:10:16+00:00", "2023-08-26T12:13:13+00:00", "2023-08-26T12:16:09+00:00", "2023-08-26T12:18:37+00:00", "2023-08-26T12:21:21+00:00", "2023-08-26T12:23:45+00:00", "2023-08-26T12:26:29+00:00", "2023-08-26T12:28:45+00:00", "2023-08-26T12:31:06+00:00", "2023-08-26T12:33:26+00:00", "2023-08-26T12:36:02+00:00", "2023-08-26T12:39:06+00:00", "2023-08-26T12:41:06+00:00", "2023-08-26T12:43:38+00:00", "2023-08-26T12:46:10+00:00", "2023-08-26T12:48:22+00:00", "2023-08-26T12:55:35+00:00", "2023-08-26T12:59:27+00:00", "2023-08-26T13:02:39+00:00", "2023-08-26T13:06:31+00:00", "2023-08-26T13:09:35+00:00", "2023-08-26T13:11:44+00:00", "2023-08-26T13:16:04+00:00", "2023-08-26T13:18:21+00:00", "2023-08-26T13:21:45+00:00", "2023-08-26T13:24:38+00:00", "2023-08-26T13:27:42+00:00", "2023-08-26T13:30:30+00:00", "2023-08-26T13:34:23+00:00", "2023-08-26T13:37:51+00:00", "2023-08-26T13:41:27+00:00", "2023-08-26T13:46:40+00:00", "2023-08-26T13:50:16+00:00", "2023-08-26T13:54:21+00:00", "2023-08-26T13:56:21+00:00", "2023-08-26T14:01:54+00:00", "2023-08-26T14:05:14+00:00", "2023-08-26T14:08:23+00:00", "2023-08-26T14:12:36+00:00", "2023-08-26T14:16:00+00:00", "2023-08-26T14:22:45+00:00", "2023-08-26T14:25:57+00:00", "2023-08-26T14:29:18+00:00", "2023-08-26T14:32:02+00:00", "2023-08-26T14:35:19+00:00", "2023-08-26T14:40:52+00:00", "2023-08-26T14:44:25+00:00", "2023-08-26T14:47:05+00:00", "2023-08-26T14:50:34+00:00", "2023-08-26T14:56:18+00:00", "2023-08-26T14:59:47+00:00", "2023-08-26T15:04:52+00:00", "2023-08-26T15:08:44+00:00", "2023-08-26T15:12:09+00:00", "2023-08-26T15:16:35+00:00", "2023-08-26T15:20:52+00:00", "2023-08-26T15:25:08+00:00", "2023-08-26T15:28:17+00:00", "2023-08-26T15:35:22+00:00", "2023-08-26T15:39:14+00:00", "2023-08-26T15:43:42+00:00", "2023-08-26T15:48:31+00:00", "2023-08-26T15:54:15+00:00", "2023-08-26T15:56:47+00:00", "2023-08-26T16:02:36+00:00", "2023-08-26T16:05:21+00:00", "2023-08-26T16:11:10+00:00", "2023-08-26T16:16:54+00:00", "2023-08-26T16:21:07+00:00", "2023-08-26T16:25:39+00:00", "2023-08-26T16:30:37+00:00", "2023-08-26T16:34:38+00:00", "2023-08-26T16:40:26+00:00", "2023-08-26T16:45:03+00:00", "2023-08-26T16:49:48+00:00", "2023-08-26T16:55:29+00:00", "2023-08-26T17:00:37+00:00", "2023-08-26T17:07:22+00:00", "2023-08-26T17:13:52+00:00", "2023-08-26T17:21:04+00:00", "2023-08-26T17:26:09+00:00", "2023-08-26T17:32:58+00:00", "2023-08-26T17:38:51+00:00", "2023-08-26T17:44:28+00:00", "2023-08-26T17:51:29+00:00", "2023-08-26T17:57:02+00:00", "2023-08-26T18:03:27+00:00", "2023-08-26T18:10:56+00:00", "2023-08-26T18:17:57+00:00", "2023-08-26T18:23:18+00:00", "2023-08-26T18:29:31+00:00", "2023-08-26T18:36:12+00:00", "2023-08-26T18:44:29+00:00", "2023-08-26T18:50:46+00:00", "2023-08-26T18:55:55+00:00", "2023-08-26T19:00:43+00:00", "2023-08-26T19:07:28+00:00", "2023-08-26T19:14:13+00:00", "2023-08-26T19:20:59+00:00", "2023-08-26T19:29:23+00:00", "2023-08-26T19:35:49+00:00", "2023-08-26T19:42:53+00:00", "2023-08-26T19:50:23+00:00", "2023-08-26T19:56:39+00:00", "2023-08-26T20:04:20+00:00", "2023-08-26T20:10:49+00:00", "2023-08-26T20:15:26+00:00", "2023-08-26T20:22:07+00:00", "2023-08-26T20:27:56+00:00", "2023-08-26T20:33:15+00:00", "2023-08-26T20:39:52+00:00", "2023-08-26T20:44:26+00:00", "2023-08-26T20:49:17+00:00", "2023-08-26T20:57:06+00:00", "2023-08-26T21:00:43+00:00", "2023-08-26T21:04:27+00:00", "2023-08-26T21:10:08+00:00", "2023-08-26T21:14:01+00:00", "2023-08-26T21:17:10+00:00", "2023-08-26T21:21:31+00:00", "2023-08-26T21:25:51+00:00", "2023-08-26T21:30:28+00:00", "2023-08-26T21:34:36+00:00", "2023-08-26T21:39:05+00:00", "2023-08-26T21:43:25+00:00", "2023-08-26T21:47:37+00:00", "2023-08-26T21:53:38+00:00", "2023-08-26T21:55:58+00:00", "2023-08-26T21:58:35+00:00", "2023-08-26T22:02:35+00:00", "2023-08-26T22:06:04+00:00", "2023-08-26T22:10:17+00:00", "2023-08-26T22:13:49+00:00", "2023-08-26T22:18:02+00:00", "2023-08-26T22:23:42+00:00", "2023-08-26T22:27:59+00:00", "2023-08-26T22:31:20+00:00", "2023-08-26T22:34:56+00:00", "2023-08-26T22:37:57+00:00", "2023-08-26T22:44:39+00:00", "2023-08-26T22:48:07+00:00", "2023-08-26T22:50:59+00:00", "2023-08-26T22:53:32+00:00", "2023-08-26T22:56:00+00:00", "2023-08-26T22:59:56+00:00", "2023-08-26T23:03:36+00:00", "2023-08-26T23:06:17+00:00", "2023-08-26T23:10:10+00:00", "2023-08-26T23:13:46+00:00", "2023-08-26T23:17:23+00:00", "2023-08-26T23:22:19+00:00", "2023-08-26T23:24:48+00:00", "2023-08-26T23:28:00+00:00", "2023-08-26T23:32:25+00:00", "2023-08-26T23:36:32+00:00", "2023-08-26T23:40:53+00:00", "2023-08-26T23:45:17+00:00", "2023-08-26T23:47:53+00:00", "2023-08-26T23:51:19+00:00", "2023-08-26T23:57:00+00:00", "2023-08-26T23:58:36+00:00", "2023-08-27T00:01:49+00:00", "2023-08-27T00:08:06+00:00", "2023-08-27T00:11:15+00:00", "2023-08-27T00:16:12+00:00", "2023-08-27T00:20:20+00:00", "2023-08-27T00:24:36+00:00", "2023-08-27T00:28:12+00:00", "2023-08-27T00:32:13+00:00", "2023-08-27T00:36:05+00:00", "2023-08-27T00:40:41+00:00", "2023-08-27T00:44:43+00:00", "2023-08-27T00:49:27+00:00", "2023-08-27T00:53:20+00:00", "2023-08-27T00:58:01+00:00", "2023-08-27T01:01:33+00:00", "2023-08-27T01:06:43+00:00", "2023-08-27T01:12:15+00:00", "2023-08-27T01:15:47+00:00", "2023-08-27T01:19:24+00:00", "2023-08-27T01:25:37+00:00", "2023-08-27T01:30:26+00:00", "2023-08-27T01:32:34+00:00", "2023-08-27T01:35:23+00:00", "2023-08-27T01:37:39+00:00", "2023-08-27T01:40:03+00:00", "2023-08-27T01:42:08+00:00", "2023-08-27T01:44:12+00:00", "2023-08-27T01:48:28+00:00", "2023-08-27T01:50:53+00:00", "2023-08-27T01:53:57+00:00", "2023-08-27T01:57:30+00:00", "2023-08-27T01:59:42+00:00", "2023-08-27T02:02:23+00:00", "2023-08-27T02:04:51+00:00", "2023-08-27T02:07:27+00:00", "2023-08-27T02:09:52+00:00", "2023-08-27T02:12:49+00:00", "2023-08-27T02:15:17+00:00", "2023-08-27T02:17:26+00:00", "2023-08-27T02:19:42+00:00", "2023-08-27T02:21:50+00:00", "2023-08-27T02:24:11+00:00", "2023-08-27T02:26:07+00:00", "2023-08-27T02:28:56+00:00", "2023-08-27T02:31:28+00:00", "2023-08-27T02:33:48+00:00", "2023-08-27T02:36:01+00:00", "2023-08-27T02:38:25+00:00", "2023-08-27T02:40:26+00:00", "2023-08-27T02:44:06+00:00", "2023-08-27T02:46:48+00:00", "2023-08-27T02:49:21+00:00", "2023-08-27T02:52:50+00:00", "2023-08-27T02:55:46+00:00", "2023-08-27T02:57:54+00:00", "2023-08-27T03:00:39+00:00", "2023-08-27T03:02:39+00:00", "2023-08-27T03:05:07+00:00", "2023-08-27T03:07:20+00:00", "2023-08-27T03:09:08+00:00", "2023-08-27T03:11:12+00:00", "2023-08-27T03:13:21+00:00", "2023-08-27T03:15:45+00:00", "2023-08-27T03:17:42+00:00", "2023-08-27T03:19:38+00:00", "2023-08-27T03:21:58+00:00", "2023-08-27T03:23:31+00:00", "2023-08-27T03:26:07+00:00", "2023-08-27T03:27:57+00:00", "2023-08-27T03:30:34+00:00", "2023-08-27T03:33:22+00:00", "2023-08-27T03:35:10+00:00", "2023-08-27T03:38:07+00:00", "2023-08-27T03:40:35+00:00", "2023-08-27T03:44:36+00:00", "2023-08-27T03:48:41+00:00", "2023-08-27T03:51:34+00:00", "2023-08-27T03:53:30+00:00", "2023-08-27T03:56:07+00:00", "2023-08-27T03:58:20+00:00", "2023-08-27T04:02:33+00:00", "2023-08-27T04:04:21+00:00", "2023-08-27T04:07:30+00:00", "2023-08-27T04:10:47+00:00", "2023-08-27T04:13:16+00:00", "2023-08-27T04:16:08+00:00", "2023-08-27T04:18:44+00:00", "2023-08-27T04:23:57+00:00", "2023-08-27T04:27:10+00:00", "2023-08-27T04:29:14+00:00", "2023-08-27T04:33:19+00:00", "2023-08-27T04:36:40+00:00", "2023-08-27T04:40:49+00:00", "2023-08-27T04:43:49+00:00", "2023-08-27T04:48:34+00:00", "2023-08-27T04:51:10+00:00", "2023-08-27T04:54:51+00:00", "2023-08-27T04:58:56+00:00", "2023-08-27T05:02:20+00:00", "2023-08-27T05:04:33+00:00", "2023-08-27T05:09:38+00:00", "2023-08-27T05:15:59+00:00", "2023-08-27T05:19:20+00:00", "2023-08-27T05:23:47+00:00", "2023-08-27T05:29:52+00:00", "2023-08-27T05:34:25+00:00", "2023-08-27T05:38:38+00:00", "2023-08-27T05:43:30+00:00", "2023-08-27T05:48:39+00:00", "2023-08-27T05:55:08+00:00", "2023-08-27T05:58:49+00:00", "2023-08-27T06:05:26+00:00", "2023-08-27T06:11:23+00:00", "2023-08-27T06:19:44+00:00", "2023-08-27T06:23:21+00:00", "2023-08-27T06:31:15+00:00", "2023-08-27T06:37:04+00:00", "2023-08-27T06:49:46+00:00", "2023-08-27T06:58:55+00:00", "2023-08-27T07:10:33+00:00", "2023-08-27T07:18:19+00:00", "2023-08-27T07:34:41+00:00", "2023-08-27T07:46:08+00:00", "2023-08-27T07:59:58+00:00", "2023-08-27T08:20:32+00:00", "2023-08-27T08:58:20+00:00", "2023-08-27T09:29:34+00:00", "2023-08-27T09:57:43+00:00", "2023-08-27T10:11:46+00:00", "2023-08-27T10:22:44+00:00", "2023-08-27T10:33:55+00:00", "2023-08-27T10:44:00+00:00", "2023-08-27T10:50:02+00:00", "2023-08-27T10:53:15+00:00", "2023-08-27T11:00:30+00:00", "2023-08-27T11:07:51+00:00", "2023-08-27T11:14:55+00:00", "2023-08-27T11:20:39+00:00", "2023-08-27T11:24:48+00:00", "2023-08-27T11:41:58+00:00", "2023-08-27T11:56:49+00:00", "2023-08-27T12:31:34+00:00", "2023-08-27T12:48:13+00:00", "2023-08-27T12:54:57+00:00", "2023-08-27T13:08:10+00:00", "2023-08-27T13:13:02+00:00", "2023-08-27T13:15:38+00:00", "2023-08-27T13:20:34+00:00", "2023-08-27T13:23:15+00:00", "2023-08-27T13:27:59+00:00", "2023-08-27T13:33:36+00:00", "2023-08-27T13:39:12+00:00", "2023-08-27T13:44:48+00:00", "2023-08-27T13:50:53+00:00", "2023-08-27T13:59:53+00:00", "2023-08-27T14:08:13+00:00", "2023-08-27T14:25:47+00:00", "2023-08-27T14:35:16+00:00", "2023-08-27T14:41:41+00:00", "2023-08-27T15:05:11+00:00", "2023-08-27T15:21:34+00:00", "2023-08-27T15:26:11+00:00", "2023-08-27T15:44:42+00:00", "2023-08-27T15:54:59+00:00", "2023-08-27T16:09:43+00:00", "2023-08-27T16:22:25+00:00", "2023-08-27T16:27:06+00:00", "2023-08-27T16:32:11+00:00", "2023-08-27T16:38:03+00:00", "2023-08-27T16:46:09+00:00", "2023-08-27T16:57:38+00:00", "2023-08-27T17:10:08+00:00", "2023-08-27T17:18:37+00:00", "2023-08-27T17:30:56+00:00", "2023-08-27T17:35:57+00:00", "2023-08-27T17:45:07+00:00", "2023-08-27T17:50:04+00:00", "2023-08-27T17:57:41+00:00", "2023-08-27T18:06:27+00:00", "2023-08-27T18:16:33+00:00", "2023-08-27T18:32:07+00:00", "2023-08-27T18:42:12+00:00", "2023-08-27T18:53:46+00:00", "2023-08-27T19:04:57+00:00", "2023-08-27T19:29:24+00:00", "2023-08-27T19:37:57+00:00", "2023-08-27T19:52:00+00:00", "2023-08-27T20:07:01+00:00", "2023-08-27T20:22:39+00:00", "2023-08-27T20:36:43+00:00", "2023-08-27T20:46:00+00:00", "2023-08-27T21:01:23+00:00", "2023-08-27T21:14:06+00:00", "2023-08-27T21:20:56+00:00", "2023-08-27T21:29:06+00:00", "2023-08-27T21:35:48+00:00", "2023-08-27T21:42:57+00:00", "2023-08-27T21:49:57+00:00", "2023-08-27T21:55:34+00:00", "2023-08-27T22:01:40+00:00", "2023-08-27T22:08:30+00:00", "2023-08-27T22:14:55+00:00", "2023-08-27T22:24:09+00:00", "2023-08-27T22:29:54+00:00", "2023-08-27T22:34:47+00:00", "2023-08-27T22:40:45+00:00", "2023-08-27T22:46:26+00:00", "2023-08-27T22:50:48+00:00", "2023-08-27T22:55:17+00:00", "2023-08-27T23:01:59+00:00", "2023-08-27T23:05:51+00:00", "2023-08-27T23:12:28+00:00", "2023-08-27T23:16:41+00:00", "2023-08-27T23:20:54+00:00", "2023-08-27T23:27:48+00:00", "2023-08-27T23:34:17+00:00", "2023-08-27T23:40:29+00:00", "2023-08-27T23:45:42+00:00", "2023-08-27T23:50:55+00:00", "2023-08-27T23:55:08+00:00", "2023-08-28T00:02:10+00:00", "2023-08-28T00:06:43+00:00", "2023-08-28T00:11:11+00:00", "2023-08-28T00:17:29+00:00", "2023-08-28T00:24:58+00:00", "2023-08-28T00:29:31+00:00", "2023-08-28T00:40:28+00:00", "2023-08-28T00:43:48+00:00", "2023-08-28T00:51:34+00:00", "2023-08-28T00:56:11+00:00", "2023-08-28T01:01:51+00:00", "2023-08-28T01:08:12+00:00", "2023-08-28T01:12:42+00:00", "2023-08-28T01:17:50+00:00", "2023-08-28T01:23:23+00:00", "2023-08-28T01:28:15+00:00", "2023-08-28T01:33:40+00:00", "2023-08-28T01:39:52+00:00", "2023-08-28T01:45:49+00:00", "2023-08-28T01:50:37+00:00", "2023-08-28T01:55:06+00:00", "2023-08-28T02:00:22+00:00", "2023-08-28T02:04:02+00:00", "2023-08-28T02:07:59+00:00", "2023-08-28T02:13:43+00:00", "2023-08-28T02:19:59+00:00", "2023-08-28T02:24:56+00:00", "2023-08-28T02:28:32+00:00", "2023-08-28T02:32:04+00:00", "2023-08-28T02:37:13+00:00", "2023-08-28T02:42:05+00:00", "2023-08-28T02:46:26+00:00", "2023-08-28T02:52:03+00:00", "2023-08-28T02:57:24+00:00", "2023-08-28T03:00:48+00:00", "2023-08-28T03:07:40+00:00", "2023-08-28T03:14:37+00:00", "2023-08-28T03:19:05+00:00", "2023-08-28T03:23:49+00:00", "2023-08-28T03:26:38+00:00", "2023-08-28T03:32:14+00:00", "2023-08-28T03:40:23+00:00", "2023-08-28T03:50:52+00:00", "2023-08-28T03:54:36+00:00", "2023-08-28T03:59:21+00:00", "2023-08-28T04:07:46+00:00", "2023-08-28T04:09:30+00:00", "2023-08-28T04:13:43+00:00", "2023-08-28T04:20:43+00:00", "2023-08-28T04:25:00+00:00", "2023-08-28T04:29:20+00:00", "2023-08-28T04:34:25+00:00", "2023-08-28T04:40:09+00:00", "2023-08-28T04:49:46+00:00", "2023-08-28T04:53:30+00:00", "2023-08-28T05:00:11+00:00", "2023-08-28T05:05:36+00:00", "2023-08-28T05:10:48+00:00", "2023-08-28T05:15:40+00:00", "2023-08-28T05:21:05+00:00", "2023-08-28T05:25:13+00:00", "2023-08-28T05:28:58+00:00", "2023-08-28T05:32:22+00:00", "2023-08-28T05:37:51+00:00", "2023-08-28T06:24:07+00:00", "2023-08-28T06:27:12+00:00", "2023-08-28T06:33:01+00:00", "2023-08-28T06:36:02+00:00", "2023-08-28T06:40:06+00:00", "2023-08-28T06:43:44+00:00", "2023-08-28T06:50:09+00:00", "2023-08-28T06:55:21+00:00", "2023-08-28T06:58:18+00:00", "2023-08-28T07:02:43+00:00", "2023-08-28T07:07:40+00:00", "2023-08-28T07:10:36+00:00", "2023-08-28T07:18:38+00:00", "2023-08-28T07:24:11+00:00", "2023-08-28T07:29:19+00:00", "2023-08-28T07:34:16+00:00", "2023-08-28T07:41:05+00:00", "2023-08-28T07:44:53+00:00", "2023-08-28T07:48:42+00:00", "2023-08-28T07:53:31+00:00", "2023-08-28T08:00:32+00:00", "2023-08-28T08:06:12+00:00", "2023-08-28T08:10:25+00:00", "2023-08-28T08:15:30+00:00", "2023-08-28T08:19:50+00:00", "2023-08-28T08:26:19+00:00", "2023-08-28T08:31:49+00:00", "2023-08-28T08:37:02+00:00", "2023-08-28T08:40:03+00:00", "2023-08-28T08:48:52+00:00", "2023-08-28T08:53:49+00:00", "2023-08-28T08:56:57+00:00", "2023-08-28T09:02:50+00:00", "2023-08-28T09:08:00+00:00", "2023-08-28T09:12:01+00:00", "2023-08-28T09:16:29+00:00", "2023-08-28T09:22:54+00:00", "2023-08-28T09:27:39+00:00", "2023-08-28T09:33:49+00:00", "2023-08-28T09:39:18+00:00", "2023-08-28T09:45:03+00:00", "2023-08-28T09:51:44+00:00", "2023-08-28T09:55:53+00:00", "2023-08-28T09:59:45+00:00", "2023-08-28T10:03:17+00:00", "2023-08-28T10:08:06+00:00", "2023-08-28T10:12:31+00:00", "2023-08-28T10:15:56+00:00", "2023-08-28T10:20:44+00:00", "2023-08-28T10:23:57+00:00", "2023-08-28T10:26:33+00:00", "2023-08-28T10:30:13+00:00", "2023-08-28T10:33:38+00:00", "2023-08-28T10:38:31+00:00", "2023-08-28T10:42:25+00:00", "2023-08-28T10:47:34+00:00", "2023-08-28T10:51:51+00:00", "2023-08-28T10:54:47+00:00", "2023-08-28T11:01:20+00:00", "2023-08-28T11:06:37+00:00", "2023-08-28T11:13:11+00:00", "2023-08-28T11:16:51+00:00", "2023-08-28T11:20:57+00:00", "2023-08-28T11:25:24+00:00", "2023-08-28T11:31:20+00:00", "2023-08-28T11:34:00+00:00", "2023-08-28T11:38:17+00:00", "2023-08-28T11:43:50+00:00", "2023-08-28T11:49:27+00:00", "2023-08-28T11:53:52+00:00", "2023-08-28T11:58:45+00:00", "2023-08-28T12:04:06+00:00", "2023-08-28T12:08:38+00:00", "2023-08-28T12:14:34+00:00", "2023-08-28T12:19:26+00:00", "2023-08-28T12:25:03+00:00", "2023-08-28T12:30:15+00:00", "2023-08-28T12:36:43+00:00", "2023-08-28T12:43:08+00:00", "2023-08-28T12:50:16+00:00", "2023-08-28T12:55:57+00:00", "2023-08-28T13:02:46+00:00", "2023-08-28T13:06:55+00:00", "2023-08-28T13:11:00+00:00", "2023-08-28T13:15:57+00:00", "2023-08-28T13:28:59+00:00", "2023-08-28T13:32:55+00:00", "2023-08-28T13:44:01+00:00", "2023-08-28T14:10:25+00:00", "2023-08-28T14:24:36+00:00", "2023-08-28T14:40:07+00:00", "2023-08-28T15:14:22+00:00", "2023-08-28T15:23:11+00:00", "2023-08-28T15:26:36+00:00", "2023-08-28T15:35:30+00:00", "2023-08-28T15:46:16+00:00", "2023-08-28T16:04:08+00:00", "2023-08-28T16:19:19+00:00", "2023-08-28T16:28:29+00:00", "2023-08-28T16:44:44+00:00", "2023-08-28T17:04:21+00:00", "2023-08-28T17:22:08+00:00", "2023-08-28T17:48:46+00:00", "2023-08-28T18:06:13+00:00", "2023-08-28T18:22:15+00:00", "2023-08-28T18:35:05+00:00", "2023-08-28T19:17:32+00:00", "2023-08-28T19:57:58+00:00", "2023-08-28T20:23:36+00:00", "2023-08-28T20:50:04+00:00", "2023-08-28T20:54:53+00:00", "2023-08-28T20:57:13+00:00", "2023-08-28T21:12:19+00:00", "2023-08-28T21:39:19+00:00", "2023-08-28T21:47:58+00:00", "2023-08-28T22:11:21+00:00", "2023-08-28T22:36:09+00:00", "2023-08-28T22:43:19+00:00", "2023-08-28T23:13:13+00:00", "2023-08-28T23:26:04+00:00", "2023-08-28T23:45:40+00:00", "2023-08-28T23:53:22+00:00", "2023-08-28T23:57:51+00:00", "2023-08-29T00:03:56+00:00", "2023-08-29T00:08:01+00:00", "2023-08-29T00:23:35+00:00", "2023-08-29T00:31:24+00:00", "2023-08-29T01:04:48+00:00", "2023-08-29T01:29:54+00:00", "2023-08-29T01:45:52+00:00", "2023-08-29T02:12:05+00:00", "2023-08-29T02:36:53+00:00", "2023-08-29T02:39:13+00:00", "2023-08-29T02:49:55+00:00", "2023-08-29T03:08:30+00:00", "2023-08-29T03:22:20+00:00", "2023-08-29T03:28:09+00:00", "2023-08-29T03:43:09+00:00", "2023-08-29T04:15:51+00:00", "2023-08-29T04:23:33+00:00", "2023-08-29T04:33:14+00:00", "2023-08-29T05:04:57+00:00", "2023-08-29T05:44:12+00:00", "2023-08-29T05:54:11+00:00", "2023-08-29T06:05:22+00:00", "2023-08-29T06:20:37+00:00", "2023-08-29T06:32:28+00:00", "2023-08-29T06:51:31+00:00", "2023-08-29T07:02:37+00:00", "2023-08-29T07:09:27+00:00", "2023-08-29T07:20:00+00:00", "2023-08-29T07:36:44+00:00", "2023-08-29T07:48:46+00:00", "2023-08-29T07:57:24+00:00", "2023-08-29T08:12:26+00:00", "2023-08-29T08:20:56+00:00", "2023-08-29T08:30:05+00:00", "2023-08-29T08:37:27+00:00", "2023-08-29T08:51:48+00:00", "2023-08-29T09:02:58+00:00", "2023-08-29T09:15:16+00:00", "2023-08-29T09:20:49+00:00", "2023-08-29T09:36:52+00:00", "2023-08-29T09:44:55+00:00", "2023-08-29T09:50:48+00:00", "2023-08-29T10:16:08+00:00", "2023-08-29T10:29:38+00:00", "2023-08-29T10:48:15+00:00", "2023-08-29T10:54:16+00:00", "2023-08-29T11:10:54+00:00", "2023-08-29T11:15:15+00:00", "2023-08-29T11:18:04+00:00", "2023-08-29T11:27:38+00:00", "2023-08-29T11:39:39+00:00", "2023-08-29T11:56:01+00:00", "2023-08-29T12:03:27+00:00", "2023-08-29T12:47:34+00:00", "2023-08-29T13:04:35+00:00", "2023-08-29T13:16:35+00:00", "2023-08-29T13:37:00+00:00", "2023-08-29T13:54:13+00:00", "2023-08-29T14:16:04+00:00", "2023-08-29T14:37:02+00:00", "2023-08-29T14:43:12+00:00", "2023-08-29T14:49:53+00:00", "2023-08-29T14:54:01+00:00", "2023-08-29T14:57:42+00:00", "2023-08-29T15:02:18+00:00", "2023-08-29T15:06:19+00:00", "2023-08-29T15:10:12+00:00", "2023-08-29T15:13:37+00:00", "2023-08-29T15:19:19+00:00", "2023-08-29T15:23:11+00:00", "2023-08-29T15:27:20+00:00", "2023-08-29T15:31:01+00:00", "2023-08-29T15:35:25+00:00", "2023-08-29T15:39:22+00:00", "2023-08-29T15:48:20+00:00", "2023-08-29T16:01:19+00:00", "2023-08-29T16:06:24+00:00", "2023-08-29T16:18:29+00:00", "2023-08-29T16:22:50+00:00", "2023-08-29T16:26:15+00:00", "2023-08-29T16:30:32+00:00", "2023-08-29T16:34:36+00:00", "2023-08-29T16:36:41+00:00", "2023-08-29T16:39:58+00:00", "2023-08-29T16:54:24+00:00", "2023-08-29T17:02:05+00:00", "2023-08-29T17:17:00+00:00", "2023-08-29T17:36:12+00:00", "2023-08-29T18:01:35+00:00", "2023-08-29T18:37:24+00:00", "2023-08-29T19:17:47+00:00", "2023-08-29T19:34:02+00:00", "2023-08-29T19:38:59+00:00", "2023-08-29T19:56:21+00:00", "2023-08-29T20:12:48+00:00", "2023-08-29T20:52:19+00:00", "2023-08-29T21:13:19+00:00", "2023-08-29T21:54:23+00:00", "2023-08-29T22:11:58+00:00", "2023-08-29T22:25:36+00:00", "2023-08-29T22:55:58+00:00", "2023-08-29T23:08:29+00:00", "2023-08-29T23:28:55+00:00", "2023-08-29T23:43:57+00:00", "2023-08-29T23:54:54+00:00", "2023-08-29T23:58:14+00:00", "2023-08-30T00:08:32+00:00", "2023-08-30T00:16:05+00:00", "2023-08-30T00:18:25+00:00", "2023-08-30T00:24:45+00:00", "2023-08-30T00:34:42+00:00", "2023-08-31T03:11:35+00:00", "2023-08-31T03:13:47+00:00", "2023-08-31T03:15:31+00:00", "2023-08-31T03:22:16+00:00", "2023-08-31T03:26:05+00:00", "2023-08-31T03:32:30+00:00", "2023-08-31T03:35:35+00:00", "2023-08-31T03:39:53+00:00", "2023-08-31T03:47:26+00:00", "2023-08-31T03:55:40+00:00", "2023-08-31T04:04:05+00:00", "2023-08-31T04:09:54+00:00", "2023-08-31T04:17:10+00:00", "2023-08-31T04:22:10+00:00", "2023-08-31T04:26:51+00:00", "2023-08-31T04:34:07+00:00", "2023-08-31T04:42:35+00:00", "2023-08-31T04:53:32+00:00", "2023-08-31T05:02:01+00:00", "2023-08-31T05:05:25+00:00", "2023-08-31T05:10:09+00:00", "2023-08-31T05:13:13+00:00", "2023-08-31T13:42:02+00:00"], "elevations": [0.0, 0.0, 0.0, 0.0, 0.0, 0.0, 0.0, 0.0, 0.0, 0.0, 0.0, 0.0, 0.0, 0.0, 0.0, 0.0, 0.0, 0.0, 0.0, 0.0, 0.0, 0.0, 0.0, 0.0, 0.0, 0.0, 0.0, 0.0, 0.0, 0.0, 0.0, 0.0, 0.0, 0.0, 0.0, 0.0, 0.0, 0.0, 0.0, 0.0, 0.0, 0.0, 0.0, 0.0, 0.0, 0.0, 0.0, 0.0, 0.0, 0.0, 0.0, 0.0, 0.0, 0.0, 0.0, 0.0, 0.0, 0.0, 0.0, 0.0, 0.0, 0.0, 0.0, 0.0, 0.0, 0.0, 0.0, 0.0, 0.0, 0.0, 0.0, 0.0, 0.0, 0.0, 0.0, 0.0, 0.0, 0.0, 0.0, 0.0, 0.0, 0.0, 0.0, 0.0, 0.0, 0.0, 0.0, 0.0, 0.0, 0.0, 0.0, 0.0, 0.0, 0.0, 0.0, 0.0, 0.0, 0.0, 0.0, 0.0, 0.0, 0.0, 0.0, 0.0, 0.0, 0.0, 0.0, 0.0, 0.0, 0.0, 0.0, 0.0, 0.0, 0.0, 0.0, 0.0, 0.0, 0.0, 0.0, 0.0, 0.0, 0.0, 0.0, 0.0, 0.0, 0.0, 0.0, 0.0, 0.0, 0.0, 0.0, 0.0, 0.0, 0.0, 0.0, 0.0, 0.0, 0.0, 0.0, null, 0.0, 0.0, 0.0, 0.0, 0.0, 0.0, 0.0, 0.0, 0.0, 0.0, 0.0, 0.0, 0.0, 0.0, 0.0, 0.0, 0.0, 0.0, 0.0, 0.0, 0.0, 0.0, 0.0, 0.0, 0.0, 0.0, 0.0, 0.0, 0.0, 0.0, 0.0, 0.0, 0.0, 0.0, 0.0, 0.0, 0.0, 0.0, null, 0.0, 0.0, 0.0, 0.0, 0.0, 0.0, 0.0, 0.0, 0.0, 0.0, 0.0, 0.0, 0.0, 0.0, null, 0.0, 0.0, 0.0, 0.0, 0.0, 0.0, 0.0, 0.0, 0.0, 0.0, 0.0, 0.0, 0.0, null, 0.0, 0.0, 0.0, 0.0, 0.0, 0.0, 0.0, 0.0, 0.0, 0.0, 0.0, 0.0, 0.0, 0.0, 0.0, 0.0, 0.0, 0.0, 0.0, 0.0, 0.0, 0.0, 0.0, 0.0, 0.0, 0.0, 0.0, 0.0, null, 0.0, 0.0, 0.0, 0.0, 0.0, 0.0, 0.0, 0.0, 0.0, 0.0, 0.0, 0.0, 0.0, 0.0, 0.0, 0.0, 0.0, 0.0, 0.0, 0.0, 0.0, 0.0, 0.0, 0.0, 0.0, 0.0, 0.0, 0.0, 0.0, 0.0, 0.0, 0.0, 0.0, 0.0, 0.0, 0.0, 0.0, 0.0, 0.0, 0.0, 0.0, 0.0, 0.0, 0.0, 0.0, 0.0, 0.0, 0.0, 0.0, 0.0, 0.0, 0.0, 0.0, 0.0, 0.0, 0.0, 0.0, 0.0, 0.0, 0.0, 0.0, 0.0, 0.0, 0.0, 0.0, 0.0, 0.0, 0.0, 0.0, 0.0, 0.0, 0.0, 0.0, 0.0, 0.0, 0.0, 0.0, 0.0, 0.0, 0.0, 0.0, 0.0, 0.0, 0.0, 0.0, 0.0, 0.0, 0.0, 0.0, 0.0, 0.0, 0.0, 0.0, 0.0, 0.0, 0.0, 0.0, 0.0, 0.0, 0.0, 0.0, 0.0, 0.0, null, 0.0, 0.0, 0.0, 0.0, 0.0, 0.0, 0.0, 0.0, 0.0, 0.0, 0.0, 0.0, 0.0, 0.0, 0.0, 0.0, 0.0, 0.0, 0.0, 0.0, null, 0.0, 0.0, 0.0, 0.0, 0.0, 0.0, 0.0, 0.0, 0.0, 0.0, 0.0, 0.0, 0.0, 0.0, 0.0, 0.0, 0.0, 0.0, 0.0, 0.0, 0.0, 0.0, 0.0, 0.0, null, 0.0, 0.0, 0.0, 0.0, 0.0, 0.0, 0.0, 0.0, 0.0, 0.0, 0.0, 0.0, 0.0, 0.0, 0.0, 0.0, 0.0, 0.0, 0.0, 0.0, 0.0, 0.0, 0.0, 0.0, 0.0, 0.0, 0.0, 0.0, 0.0, 0.0, 0.0, 0.0, 0.0, 0.0, 0.0, 0.0, 0.0, 0.0, 0.0, 0.0, 0.0, 0.0, 0.0, 0.0, 0.0, 0.0, 0.0, 0.0, 0.0, 0.0, 0.0, 0.0, 0.0, 0.0, 0.0, 0.0, 0.0, 0.0, 0.0, 0.0, 0.0, 0.0, 0.0, null, 0.0, 0.0, 0.0, 0.0, 0.0, 0.0, 0.0, 0.0, 0.0, 0.0, 0.0, 0.0, 0.0, 0.0, 0.0, 0.0, 0.0, 0.0, 0.0, 0.0, 0.0, 0.0, 0.0, 0.0, 0.0, 0.0, 0.0, 0.0, 0.0, 0.0, 0.0, 0.0, 0.0, 0.0, 0.0, 0.0, 0.0, 0.0, 0.0, 0.0, 0.0, 0.0, 0.0, 0.0, 0.0, 0.0, 0.0, 0.0, 0.0, 0.0, 0.0, 0.0, 0.0, 0.0, 0.0, 0.0, 0.0, 0.0, 0.0, 0.0, 0.0, 0.0, 0.0, 0.0, 0.0, 0.0, 0.0, 0.0, 0.0, 0.0, 0.0, 0.0, 0.0, 0.0, 0.0, 0.0, 0.0, 0.0, 0.0, 0.0, 0.0, 0.0, 0.0, 0.0, 0.0, 0.0, 0.0, 0.0, 0.0, 0.0, 0.0, 0.0, 0.0, 0.0, 0.0, 0.0, 0.0, 0.0, 0.0, 0.0, 0.0, 0.0, 0.0, 0.0, 0.0, 0.0, 0.0, 0.0, 0.0, 0.0, 0.0, 0.0, 0.0, null, 0.0, 0.0, 0.0, 0.0, 0.0, 0.0, 0.0, 0.0, 0.0, 0.0, 0.0, 0.0, 0.0, 0.0, 0.0, 0.0, 0.0, 0.0, 0.0, 0.0, 0.0, 0.0, null, 0.0, 0.0, 0.0, 0.0, 0.0, 0.0, 0.0, 0.0, 0.0, 0.0, 0.0, 0.0, 0.0, 0.0, 0.0, 0.0, 0.0, 0.0, 0.0, 0.0, 0.0, 0.0, 0.0, 0.0, 0.0, 0.0, 0.0, 0.0, 0.0, 0.0, 0.0, 0.0, 0.0, null, 0.0, 0.0, 0.0, 0.0, 0.0, 0.0, 0.0, 0.0, 0.0, 0.0, 0.0, 0.0, 0.0, 0.0, 0.0, 0.0, 0.0, 0.0, 0.0, 0.0, 0.0, 0.0, 0.0, 0.0, 0.0, 0.0, 0.0, 0.0, 0.0, 0.0, 0.0, 0.0, 0.0, 0.0, 0.0, 0.0, 0.0, 0.0, 0.0, 0.0, 0.0, 0.0, 0.0, 0.0, 0.0, 0.0, 0.0, 0.0, 0.0, 0.0, 0.0, 0.0, 0.0, 0.0, 0.0, 0.0, 0.0, 0.0, 0.0, 0.0, 0.0, 0.0, 0.0, 0.0, 0.0, 0.0, 0.0, 0.0, 0.0, 0.0, 0.0, 0.0, 0.0, 0.0, 0.0, 0.0, 0.0, 0.0, 0.0, 0.0, 0.0, 0.0, 0.0, 0.0, 0.0, 0.0, 0.0, 0.0, 0.0, 0.0, 0.0, 0.0, 0.0, 0.0, 0.0, 0.0, 0.0, 0.0, 0.0, 0.0, 0.0, 0.0, 0.0, 0.0, 0.0, 0.0, 0.0, 0.0, 0.0, 0.0, 0.0, 0.0, 0.0, 0.0, 0.0, 0.0, 0.0, 0.0, 0.0, 0.0, 0.0, 0.0, 0.0, 0.0, 0.0, 0.0, 0.0, 0.0, 0.0, 0.0, 0.0, 0.0, 0.0, 0.0, 0.0, 0.0, 0.0, 0.0, 0.0, 0.0, 0.0, 0.0, 0.0, 0.0, 0.0, 0.0, 0.0, 0.0, 0.0, 0.0, 0.0, 0.0, 0.0, 0.0, 0.0, 0.0, 0.0, 0.0, 0.0, 0.0, 0.0, 0.0, 0.0, 0.0, 0.0, 0.0, 0.0, 0.0, 0.0, 0.0, 0.0, 0.0, 0.0, 0.0, 0.0, 0.0, 0.0, 0.0, 0.0, 0.0, 0.0, 0.0, 0.0, 0.0, 0.0, 0.0, 0.0, 0.0, 0.0, 0.0, 0.0, 0.0, 0.0, 0.0, 0.0, 0.0, 0.0, 0.0, 0.0, 0.0, 0.0, 0.0, 0.0, 0.0, 0.0, 0.0, 0.0, 0.0, 0.0, 0.0, 0.0, 0.0, 0.0, 0.0, 0.0, 0.0, 0.0, 0.0, 0.0, 0.0, 0.0, 0.0, 0.0, 0.0, 0.0, 0.0, 0.0, 0.0, 0.0, 0.0, 0.0, 0.0, 0.0, 0.0, 0.0, 0.0, 0.0, 0.0, 0.0, 0.0, 0.0, 0.0, 0.0, 0.0, 0.0, 0.0, 0.0, 0.0, 0.0, 0.0, 0.0, 0.0, 0.0, 0.0, 0.0, 0.0, 0.0, 0.0, 0.0, 0.0, 0.0, 0.0, 0.0, 0.0, 0.0, 0.0, 0.0, 0.0, 0.0, 0.0, 0.0, 0.0, 0.0, 0.0, 0.0, 0.0, 0.0, 0.0, 0.0, 0.0, 0.0, 0.0, 0.0, 0.0, 0.0, 0.0, 0.0, 0.0, 0.0, 0.0, 0.0, 0.0, 0.0, 0.0, 0.0, 0.0, 0.0, 0.0, 0.0, 0.0, 0.0, 0.0, 0.0, 0.0, 0.0, 0.0, 0.0, 0.0, 0.0, 0.0, 0.0, 0.0, 0.0, 0.0, 0.0, 0.0, 0.0, 0.0, 0.0, 0.0, 0.0, 0.0, 0.0, 0.0, 0.0, 0.0, 0.0, 0.0, 0.0, 0.0, 0.0, 0.0, 0.0, 0.0, 0.0, 0.0, 0.0, 0.0, 0.0, 0.0, 0.0, 0.0, 0.0, 0.0, 0.0, 0.0, 0.0, 0.0, 0.0, 0.0, 0.0, 0.0, 0.0, 0.0, 0.0, 0.0, 0.0, 0.0, 0.0, 0.0, 0.0, 0.0, 0.0, 0.0, 0.0, 0.0, 0.0, 0.0, 0.0, 0.0, 0.0, 0.0, 0.0, 0.0, 0.0, 0.0, 0.0, 0.0, 0.0, 0.0, 0.0, 0.0, 0.0, 0.0, 0.0, 0.0, 0.0, 0.0, 0.0, 0.0, 0.0, 0.0, 0.0, 0.0, 0.0, 0.0, 0.0, 0.0, 0.0, 0.0, 0.0, 0.0, 0.0, 0.0, 0.0, 0.0, 0.0, 0.0, 0.0, 0.0, 0.0, 0.0, 0.0, 0.0, 0.0, 0.0, 0.0, 0.0, 0.0, 0.0, 0.0, 0.0, 0.0, 0.0, 0.0, 0.0, 0.0, 0.0, 0.0, 0.0, 0.0, 0.0, 0.0, 0.0, 0.0, 0.0, 0.0, 0.0, 0.0, 0.0, 0.0, 0.0, 0.0, 0.0, 0.0, 0.0, 0.0, 0.0, 0.0, 0.0, 0.0, 0.0, 0.0, 0.0, 0.0, 0.0, 0.0, 0.0, 0.0, 0.0, 0.0, 0.0, 0.0, 0.0, 0.0, 0.0, 0.0, 0.0, 0.0, 0.0, 0.0, 0.0, 0.0, 0.0, 0.0, 0.0, 0.0, 0.0, 0.0, 0.0, 0.0, 0.0, 0.0, 0.0, 0.0, 0.0, 0.0, 0.0, 0.0, 0.0, 0.0, 0.0, 0.0, 0.0, 0.0, 0.0, 0.0, 0.0, 0.0, 0.0, 0.0, 0.0, 0.0, 0.0, 0.0, 0.0, 0.0, 0.0, 0.0, 0.0, 0.0, 0.0, 0.0, 0.0, 0.0, 0.0, 0.0, 0.0, 0.0, 0.0, 0.0, 0.0, 0.0, 0.0, 0.0, 0.0, 0.0, 0.0, 0.0, 0.0, 0.0, 0.0, 0.0, 0.0, 0.0, 0.0, 0.0, 0.0, 0.0, 0.0, 0.0, 0.0, 0.0, 0.0, 0.0, 0.0, 0.0, 0.0, 0.0, 0.0, 0.0, 0.0, 0.0, 0.0, 0.0, 0.0, 0.0, 0.0, 0.0, 0.0, 0.0, 0.0, 0.0, 0.0, 0.0, 0.0, 0.0, 0.0, 0.0, 0.0, 0.0, 0.0, 0.0, 0.0, 0.0, 0.0, 0.0, 0.0, 0.0, 0.0, 0.0, 0.0, 0.0, 0.0, 0.0, 0.0, 0.0, 0.0, 0.0, 0.0, 0.0, 0.0, 0.0, 0.0, 0.0, 0.0, 0.0, 0.0, 0.0, 0.0, 0.0, 0.0, 0.0, 0.0, 0.0, 0.0, 0.0, 0.0, 0.0, 0.0, 0.0, 0.0, 0.0, 0.0, 0.0, 0.0, 0.0, 0.0, 0.0, 0.0, 0.0, 0.0, 0.0, 0.0, 0.0, 0.0, 0.0, 0.0, 0.0, 0.0, 0.0, 0.0, 0.0, 0.0, 0.0, 0.0, 0.0, 0.0, 0.0, 0.0, 0.0, 0.0, 0.0, 0.0, 0.0, 0.0, 0.0, 0.0, 0.0, 0.0, 0.0, 0.0, 0.0, 0.0, 0.0, 0.0, 0.0, 0.0, 0.0, 0.0, 0.0, 0.0, 0.0, 0.0, 0.0, 0.0, 0.0, 0.0, 0.0, 0.0, 0.0, 0.0, 0.0, 0.0, 0.0, 0.0, 0.0, 0.0, 0.0, 0.0, 0.0, 0.0, 0.0, 0.0, 0.0, 0.0, 0.0, 0.0, 0.0, 0.0, 0.0, 0.0, 0.0, 0.0, 0.0, 0.0, 0.0, 0.0, 0.0, 0.0, 0.0, 0.0, 0.0, 0.0, 0.0, 0.0, 0.0, 0.0, 0.0, 0.0, 0.0, 0.0, 0.0, 0.0, 0.0, 0.0, 0.0, 0.0, 0.0, 0.0, 0.0, 0.0, 0.0, 0.0, 0.0, 0.0, 0.0, 0.0, 0.0, 0.0, 0.0, 0.0, 0.0, 0.0, 0.0, 0.0, 0.0, 0.0, 0.0, 0.0, 0.0, 0.0, 0.0, 0.0, 0.0, 0.0, 0.0, 0.0, 0.0, 0.0, 0.0, 0.0, 0.0, 0.0, 0.0, 0.0, 0.0, 0.0, 0.0, 0.0, 0.0, 0.0, 0.0, 0.0, 0.0, 0.0, 0.0, 0.0, 0.0, 0.0, 0.0, 0.0, 0.0, 0.0, 0.0, 0.0, 0.0, 0.0, 0.0, 0.0, 0.0, 0.0, 0.0, 0.0, 0.0, 0.0, 0.0, 0.0, 0.0, 0.0, 0.0, 0.0, 0.0, 0.0, 0.0, 0.0, 0.0, 0.0, 0.0, 0.0, 0.0, 0.0, 0.0, 0.0, 0.0, 0.0, 0.0, 0.0, 0.0, 0.0, 0.0, 0.0, 0.0, 0.0, 0.0, 0.0, 0.0, 0.0, 0.0, 0.0, 0.0, 0.0, 0.0, 0.0, 0.0, 0.0, 0.0, 0.0, 0.0, 0.0, 0.0, 0.0, 0.0, 0.0, 0.0, 0.0, 0.0, 0.0, 0.0, 0.0, 0.0, 0.0, 0.0, 0.0, 0.0, 0.0, 0.0, 0.0, 0.0, 0.0, 0.0, 0.0, 0.0, 0.0, 0.0, 0.0, 0.0, 0.0, 0.0, 0.0, 0.0, 0.0, 0.0, 0.0, 0.0, 0.0, 0.0, 0.0, 0.0, 0.0, 0.0, 0.0, 0.0, 0.0, 0.0, 0.0, 0.0, 0.0, 0.0, 0.0, 0.0, 0.0, 0.0, 0.0, 0.0, 0.0, 0.0, 0.0, 0.0, 0.0, 0.0, 0.0, 0.0, 0.0, 0.0, 0.0, 0.0, 0.0, 0.0, 0.0, 0.0, 0.0, 0.0, 0.0, 0.0, 0.0, 0.0, 0.0, 0.0, 0.0, 0.0, 0.0, 0.0, 0.0, 0.0, 0.0, 0.0, 0.0, 0.0, 0.0, 0.0, 0.0, 0.0, 0.0, 0.0, 0.0, 0.0, 0.0, 0.0, 0.0, 0.0, 0.0, 0.0, 0.0, 0.0, 0.0, 0.0, 0.0, 0.0, 0.0, 0.0, 0.0, 0.0, 0.0, 0.0, 0.0, 0.0, 0.0, 0.0, 0.0, 0.0, 0.0, 0.0, 0.0, 0.0, 0.0, 0.0, 0.0, 0.0, 0.0, 0.0, 0.0, 0.0, 0.0, 0.0, 0.0, 0.0, 0.0, 0.0, 0.0, 0.0, 0.0, 0.0, 0.0, 0.0, 0.0, 0.0, 0.0, 0.0, 0.0, 0.0, 0.0, 0.0, 0.0, 0.0, 0.0, 0.0, 0.0, 0.0, 0.0, 0.0, 0.0, 0.0, 0.0, 0.0, 0.0, 0.0, 0.0, 0.0, 0.0, 0.0, 0.0, 0.0, 0.0, 0.0, 0.0, 0.0, 0.0, 0.0, 0.0, 0.0, 0.0, 0.0, 0.0, 0.0, 0.0, 0.0, 0.0, 0.0, 0.0, 0.0, 0.0, 0.0, 0.0, 0.0, 0.0, 0.0, 0.0, 0.0, 0.0, 0.0, 0.0, 0.0, 0.0, 0.0, 0.0, 0.0, 0.0, 0.0, 0.0, 0.0, 0.0, 0.0, 0.0, 0.0, 0.0, 0.0, 0.0, 0.0, 0.0, 0.0, 0.0, 0.0, 0.0, 0.0, 0.0, 0.0, 0.0, 0.0, 0.0, 0.0, 0.0, 0.0, 0.0, 0.0, 0.0, 0.0, 0.0, 0.0, 0.0, 0.0, 0.0, 0.0, 0.0, 0.0, 0.0, 0.0, 0.0, 0.0, 0.0, 0.0, 0.0, 0.0, 0.0, 0.0, 0.0, 0.0, 0.0, 0.0, 0.0, 0.0, 0.0, 0.0, 0.0, 0.0, 0.0, 0.0, 0.0, 0.0, 0.0, 0.0, 0.0, 0.0, 0.0, 0.0, 0.0, 0.0, 0.0, 0.0, 0.0, 0.0, 0.0, 0.0, 0.0, 0.0, 0.0, 0.0, 0.0, 0.0, 0.0, 0.0, 0.0, 0.0, 0.0, 0.0, 0.0, 0.0, 0.0, 0.0, 0.0, 0.0, 0.0, 0.0, 0.0, 0.0, 0.0, 0.0, 0.0, 0.0, 0.0, 0.0, 0.0, 0.0, 0.0, 0.0, 0.0, 0.0, 0.0, 0.0, 0.0, 0.0, 0.0, 0.0, 0.0, 0.0, 0.0, 0.0, 0.0, 0.0, 0.0, 0.0, 0.0, 0.0, 0.0, 0.0, 0.0, 0.0, 0.0, 0.0, 0.0, 0.0, 0.0, 0.0, 0.0, 0.0, 0.0, 0.0, 0.0, 0.0, 0.0, 0.0, 0.0, 0.0, 0.0, 0.0, 0.0, 0.0, 0.0, 0.0, 0.0, 0.0, 0.0, 0.0, 0.0, 0.0, 0.0, 0.0, 0.0, 0.0, 0.0, 0.0, 0.0, 0.0, 0.0, 0.0, 0.0, 0.0, 0.0, 0.0, 0.0, 0.0, 0.0, 0.0, 0.0, 0.0, 0.0, 0.0, 0.0, 0.0, 0.0, 0.0, 0.0, 0.0, 0.0, 0.0, 0.0, 0.0, 0.0, 0.0, 0.0, 0.0, 0.0, 0.0, 0.0, 0.0, 0.0, 0.0, 0.0, 0.0, 0.0, 0.0, 0.0, 0.0, 0.0, 0.0, 0.0, 0.0, 0.0, 0.0, 0.0, 0.0, 0.0, 0.0, 0.0, 0.0, 0.0, 0.0, 0.0, 0.0, 0.0, 0.0, 0.0, 0.0, 0.0, 0.0, 0.0, 0.0, 0.0, 0.0, 0.0, 0.0, 0.0, 0.0, 0.0, 0.0, 0.0, 0.0, 0.0, 0.0, 0.0, 0.0, 0.0, 0.0, 0.0, 0.0, 0.0, 0.0, 0.0, 0.0, 0.0, 0.0, 0.0, 0.0, 0.0, 0.0, 0.0, 0.0, 0.0, 0.0, 0.0, 0.0, 0.0, 0.0, 0.0, 0.0, 0.0, 0.0, 0.0, 0.0, 0.0, 0.0, 0.0, 0.0, 0.0, 0.0, 0.0, 0.0, 0.0, 0.0, 0.0, 0.0, 0.0, 0.0, 0.0, 0.0, 0.0, 0.0, 0.0, 0.0, 0.0, 0.0, 0.0, 0.0, 0.0, 0.0, 0.0, 0.0, 0.0, 0.0, 0.0, 0.0, 0.0, 0.0, 0.0, 0.0, 0.0, 0.0, 0.0, 0.0, 0.0, 0.0, 0.0, 0.0, 0.0, 0.0, 0.0, 0.0, 0.0, 0.0, 0.0, 0.0, 0.0, 0.0, 0.0, 0.0, 0.0, 0.0, 0.0, 0.0, 0.0, 0.0, 0.0, 0.0, 0.0, 0.0, 0.0, 0.0, 0.0, 0.0, 0.0, 0.0, 0.0, 0.0, 0.0, 0.0, 0.0, 0.0, 0.0, 0.0, 0.0, 0.0, 0.0, 0.0, 0.0, 0.0, 0.0, 0.0, 0.0, 0.0, 0.0, 0.0, 0.0, 0.0, 0.0, 0.0, 0.0, 0.0, 0.0, 0.0, 0.0, 0.0, 0.0, 0.0, 0.0, 0.0, 0.0, 0.0, 0.0, 0.0, 0.0, 0.0, 0.0, 0.0, 0.0, 0.0, 0.0, 0.0, 0.0, 0.0, 0.0, 0.0, 0.0, 0.0, 0.0, 0.0, 0.0, 0.0, 0.0, 0.0, 0.0, 0.0, 0.0, 0.0, 0.0, 0.0, 0.0, 0.0, 0.0, 0.0, 0.0, 0.0, 0.0, 0.0, 0.0, 0.0, 0.0, 0.0, 0.0, 0.0, 0.0, 0.0, 0.0, 0.0, 0.0, 0.0, 0.0, 0.0, 0.0, 0.0, 0.0, 0.0, 0.0, 0.0, 0.0, 0.0, 0.0, 0.0, 0.0, 0.0, 0.0, 0.0, 0.0, 0.0, 0.0, 0.0, 0.0, 0.0, 0.0, 0.0, 0.0, 0.0, 0.0, 0.0, 0.0, 0.0, 0.0, 0.0, 0.0, 0.0, 0.0, 0.0, 0.0, 0.0, 0.0, 0.0, 0.0, 0.0, 0.0, 0.0, 0.0, 0.0, 0.0, 0.0, 0.0, 0.0, 0.0, 0.0, 0.0, 0.0, 0.0, 0.0, 0.0, 0.0, 0.0, 0.0, 0.0, 0.0, 0.0, 0.0, 0.0, 0.0, 0.0, 0.0, 0.0, 0.0, 0.0, 0.0, 0.0, 0.0, 0.0, 0.0, 0.0, 0.0, 0.0, 0.0, 0.0, 0.0, 0.0, 0.0, 0.0, 0.0, 0.0, 0.0, 0.0, 0.0, 0.0, 0.0, 0.0, 0.0, 0.0, 0.0, 0.0, 0.0, 0.0, 0.0, 0.0, 0.0, 0.0, 0.0, 0.0, 0.0, 0.0, 0.0, 0.0, 0.0, 0.0, 0.0, 0.0, 0.0, 0.0, 0.0, 0.0, 0.0, 0.0, 0.0, 0.0, 0.0, 0.0, 0.0, 0.0, 0.0, 0.0, 0.0, 0.0, 0.0, 0.0, 0.0, 0.0, 0.0, 0.0, 0.0, 0.0, 0.0, 0.0, 0.0, 0.0, 0.0, 0.0, 0.0, 0.0, 0.0, 0.0, 0.0, 0.0, 0.0, 0.0, 0.0, 0.0, 0.0, 0.0, 0.0, 0.0, 0.0, 0.0, 0.0, 0.0, 0.0, 0.0, 0.0, 0.0, 0.0, 0.0, 0.0, 0.0, 0.0, 0.0, 0.0, 0.0, 0.0, 0.0, 0.0, 0.0, 0.0, 0.0, 0.0, 0.0, 0.0, 0.0, 0.0, 0.0, 0.0, 0.0, 0.0, 0.0, 0.0, 0.0, 0.0, 0.0, 0.0, 0.0, 0.0, 0.0, 0.0, 0.0, 0.0, 0.0, 0.0, 0.0, 0.0, 0.0, 0.0, 0.0, 0.0, 0.0, 0.0, 0.0, 0.0, 0.0, 0.0, 0.0, 0.0, 0.0, 0.0, 0.0, 0.0, 0.0, 0.0, 0.0, 0.0, 0.0, 0.0, 0.0, 0.0, 0.0, 0.0, 0.0, 0.0, 0.0, 0.0, 0.0, 0.0, 0.0, 0.0, 0.0, 0.0, 0.0, 0.0, 0.0, 0.0, 0.0, 0.0, 0.0, 0.0, 0.0, 0.0, 0.0, 0.0, 0.0, 0.0, 0.0, 0.0, 0.0, 0.0, 0.0, 0.0, 0.0, 0.0, 0.0, 0.0, 0.0, 0.0, 0.0, 0.0, 0.0, 0.0, 0.0, 0.0, 0.0, 0.0, 0.0, 0.0, 0.0, 0.0, 0.0, 0.0, 0.0, 0.0, 0.0, 0.0, 0.0, 0.0, 0.0, 0.0, 0.0, 0.0, 0.0, 0.0, 0.0, 0.0, 0.0, 0.0, 0.0, 0.0, 0.0, 0.0, 0.0, 0.0, 0.0, 0.0, 0.0, 0.0, 0.0, 0.0, 0.0, 0.0, 0.0, 0.0, 0.0, 0.0, 0.0, 0.0, 0.0, 0.0, 0.0, 0.0, 0.0, 0.0, 0.0, 0.0, 0.0, 0.0, 0.0, 0.0, 0.0, 0.0, 0.0, 0.0, 0.0, 0.0, 0.0, 0.0, 0.0, 0.0, 0.0, 0.0, 0.0, 0.0, 0.0, 0.0, 0.0, 0.0, 0.0, 0.0, 0.0, 0.0, 0.0, 0.0, 0.0, 0.0, 0.0, 0.0, 0.0, 0.0, 0.0, 0.0, 0.0, 0.0, 0.0, 0.0, 0.0, 0.0, 0.0, 0.0, 0.0, 0.0, 0.0, 0.0, 0.0, 0.0, 0.0, 0.0, 0.0, 0.0, 0.0, 0.0, 0.0, 0.0, 0.0, 0.0, 0.0, 0.0, 0.0, 0.0, 0.0, 0.0, 0.0, 0.0, 0.0, 0.0, 0.0, 0.0, 0.0, 0.0, 0.0, 0.0, 0.0, 0.0, 0.0, 0.0, 0.0, 0.0, 0.0, 0.0, 0.0, 0.0, 0.0, 0.0, 0.0, 0.0, 0.0, 0.0, 0.0, 0.0, 0.0, 0.0, 0.0, 0.0, 0.0, 0.0, 0.0, 0.0, 0.0, 0.0, 0.0, 0.0, 0.0, 0.0, 0.0, 0.0, 0.0, 0.0, 0.0, 0.0, 0.0, 0.0, 0.0, 0.0, 0.0, 0.0, 0.0, 0.0, 0.0, 0.0, 0.0, 0.0, 0.0, 0.0, 0.0, 0.0, 0.0, 0.0, 0.0, 0.0, 0.0, 0.0, 0.0, 0.0, 0.0, 0.0, 0.0, 0.0, 0.0, 0.0, 0.0, 0.0, 0.0, 0.0, 0.0, 0.0, 0.0, 0.0, 0.0, 0.0, 0.0, 0.0, 0.0, 0.0, 0.0, 0.0, 0.0, 0.0, 0.0, 0.0, 0.0, 0.0, 0.0, 0.0, 0.0, 0.0, 0.0, 0.0, 0.0, 0.0, 0.0, 0.0, 0.0, 0.0, 0.0, 0.0, 0.0, 0.0, 0.0, 0.0, 0.0, 0.0, 0.0, 0.0, 0.0, 0.0, 0.0, 0.0, 0.0, 0.0, 0.0, 0.0, 0.0, 0.0, 0.0, 0.0, 0.0, 0.0, 0.0, 0.0, 0.0, 0.0, 0.0, 0.0, 0.0, 0.0, 0.0, 0.0, 0.0, 0.0, 0.0, 0.0, 0.0, 0.0, 0.0, 0.0, 0.0, 0.0, 0.0, 0.0, 0.0, 0.0, 0.0, 0.0, 0.0, 0.0, 0.0, 0.0, 0.0, 0.0, 0.0, 0.0, 0.0, 0.0, 0.0, 0.0, 0.0, 0.0, 0.0, 0.0, 0.0, 0.0, 0.0, 0.0, 0.0, 0.0, 0.0, 0.0, 0.0, 0.0, 0.0, 0.0, 0.0, 0.0, 0.0, 0.0, 0.0, 0.0, 0.0, 0.0, 0.0, 0.0, 0.0, 0.0, 0.0, 0.0, 0.0, 0.0, 0.0, 0.0, 0.0, 0.0, 0.0, 0.0, 0.0, 0.0, 0.0, 0.0, 0.0, 0.0, 0.0, 0.0, 0.0, 0.0, 0.0, 0.0, 0.0, 0.0, 0.0, 0.0, 0.0, 0.0, 0.0, 0.0, 0.0, 0.0, 0.0, 0.0, 0.0, 0.0, 0.0, 0.0, 0.0, 0.0, 0.0, 0.0, 0.0, 0.0, 0.0, 0.0, 0.0, 0.0, 0.0, 0.0, 0.0, 0.0, 0.0, 0.0, 0.0, 0.0, 0.0, 0.0, 0.0, 0.0, 0.0, 0.0, 0.0, 0.0, 0.0, 0.0, 0.0, 0.0, 0.0, 0.0, 0.0, 0.0, 0.0, 0.0, 0.0, 0.0, 0.0, 0.0, 0.0, 0.0, 0.0, 0.0, 0.0, 0.0, 0.0, 0.0, 0.0, 0.0, 0.0, 0.0, 0.0, 0.0, 0.0, 0.0, 0.0, 0.0, 0.0, 0.0, 0.0, 0.0, 0.0, 0.0, 0.0, 0.0, 0.0, 0.0, 0.0, 0.0, 0.0, 0.0, 0.0, 0.0, 0.0, 0.0, 0.0, 0.0, 0.0, 0.0, 0.0, 0.0, 0.0, 0.0, 0.0, 0.0, 0.0, 0.0, 0.0, 0.0, 0.0, 0.0, 0.0, 0.0, 0.0, 0.0, 0.0, 0.0, 0.0, 0.0, 0.0, 0.0, 0.0, 0.0, 0.0, 0.0, 0.0, 0.0, 0.0, 0.0, 0.0, 0.0, 0.0, 0.0, 0.0, 0.0, 0.0, 0.0, 0.0, 0.0, 0.0, 0.0, 0.0, 0.0, 0.0, 0.0, 0.0, 0.0, 0.0, 0.0, 0.0, 0.0, 0.0, 0.0, 0.0, 0.0, 0.0, 0.0, 0.0, 0.0, 0.0, 0.0, 0.0, 0.0, 0.0, 0.0, 0.0, 0.0, 0.0, 0.0, 0.0, 0.0, 0.0, 0.0, 0.0, 0.0, 0.0, 0.0, 0.0, 0.0, 0.0, 0.0, 0.0, 0.0, 0.0, 0.0, 0.0, 0.0, 0.0, 0.0, 0.0, 0.0, 0.0, 0.0, 0.0, 0.0, 0.0, 0.0, 0.0, 0.0, 0.0, 0.0, 0.0, 0.0, 0.0, 0.0, 0.0, 0.0, 0.0, 0.0, 0.0, 0.0, 0.0, 0.0, 0.0, 0.0, 0.0, 0.0, 0.0, 0.0, 0.0, 0.0, 0.0, 0.0, 0.0, 0.0, 0.0, 0.0, 0.0, 0.0, 0.0, 0.0, 0.0, 0.0, 0.0, 0.0, 0.0, 0.0, 0.0, 0.0, 0.0, 0.0, 0.0, 0.0, 0.0, 0.0, 0.0, 0.0, 0.0, 0.0, 0.0, 0.0, 0.0, 0.0, 0.0, 0.0, 0.0, 0.0, 0.0, 0.0, 0.0, 0.0, 0.0, 0.0, 0.0, 0.0, 0.0, 0.0, 0.0, 0.0, 0.0, 0.0, 0.0, 0.0, 0.0, 0.0, 0.0, 0.0, 0.0, 0.0, 0.0, 0.0, 0.0, 0.0, 0.0, 0.0, 0.0, 0.0, 0.0, 0.0, 0.0, 0.0, 0.0, 0.0, 0.0, 0.0, 0.0, 0.0, 0.0, 0.0, 0.0, 0.0, 0.0, 0.0, 0.0, 0.0, 0.0, 0.0, 0.0, 0.0, 0.0, 0.0, 0.0, 0.0, 0.0, 0.0, 0.0, 0.0, 0.0, 0.0, 0.0, 0.0, 0.0, 0.0, 0.0, 0.0, 0.0, 0.0, 0.0, 0.0, 0.0, 0.0, 0.0, 0.0, 0.0, 0.0, 0.0, 0.0, 0.0, 0.0, 0.0, 0.0, 0.0, 0.0, 0.0, 0.0, 0.0, 0.0, 0.0, 0.0, 0.0, 0.0, 0.0, 0.0, 0.0, 0.0, 0.0, 0.0, 0.0, 0.0, 0.0, 0.0, 0.0, 0.0, 0.0, 0.0, 0.0, 0.0, 0.0, 0.0, 0.0, 0.0, 0.0, 0.0, 0.0, 0.0, 0.0, 0.0, 0.0, 0.0, 0.0, 0.0, 0.0, 0.0, 0.0, 0.0, 0.0, 0.0, 0.0, 0.0, 0.0, 0.0, 0.0, 0.0, 0.0, 0.0, 0.0, 0.0, 0.0, 0.0, 0.0, 0.0, 0.0, 0.0, 0.0, 0.0, 0.0, 0.0, 0.0, 0.0, 0.0, 0.0, 0.0, 0.0, 0.0, 0.0, 0.0, 0.0, 0.0, 0.0, 0.0, 0.0, 0.0, 0.0, 0.0, 0.0, 0.0, 0.0, 0.0, 0.0, 0.0, 0.0, 0.0, 0.0, 0.0, 0.0, 0.0, 0.0, 0.0, 0.0, 0.0, 0.0, 0.0, 0.0, 0.0, 0.0, 0.0, 0.0, 0.0, 0.0, 0.0, 0.0, 0.0, 0.0, 0.0, 0.0, 0.0, 0.0, 0.0, 0.0, 0.0, 0.0, 0.0, 0.0, 0.0, 0.0, 0.0, 0.0, 0.0, 0.0, 0.0, 0.0, 0.0, 0.0, 0.0, 0.0, 0.0, 0.0, 0.0, 0.0, 0.0, 0.0, 0.0, 0.0, 0.0, 0.0, 0.0, 0.0, 0.0, 0.0, 0.0, 0.0, 0.0, 0.0, 0.0, 0.0, 0.0, 0.0, 0.0, 0.0, 0.0, 0.0, 0.0, 0.0, 0.0, 0.0, 0.0, 0.0, 0.0, 0.0, 0.0, 0.0, 0.0, 0.0, 0.0, 0.0, 0.0, 0.0, 0.0, 0.0, 0.0, 0.0, 0.0, 0.0, 0.0, 0.0, 0.0, 0.0, 0.0, 0.0, 0.0, 0.0, 0.0, 0.0, 0.0, 0.0, 0.0, 0.0, 0.0, 0.0, 0.0, 0.0, 0.0, 0.0, 0.0, 0.0, 0.0, 0.0, 0.0, 0.0, 0.0, 0.0, 0.0, 0.0, 0.0, 0.0, 0.0, 0.0, 0.0, 0.0, 0.0, 0.0, 0.0, 0.0, 0.0, 0.0, 0.0, 0.0, 0.0, 0.0, 0.0, 0.0, 0.0, 0.0, 0.0, 0.0, 0.0, 0.0, 0.0, 0.0, 0.0, 0.0, 0.0, 0.0, 0.0, 0.0, 0.0, 0.0, 0.0, 0.0, 0.0, 0.0, 0.0, 0.0, 0.0, 0.0, 0.0, 0.0, 0.0, 0.0, 0.0, 0.0, 0.0, 0.0, 0.0, 0.0, 0.0, 0.0, 0.0, 0.0, 0.0, 0.0, 0.0, 0.0, 0.0, 0.0, 0.0, 0.0, 0.0, 0.0, 0.0, 0.0, 0.0, 0.0, 0.0, 0.0, 0.0, 0.0, 0.0, 0.0, 0.0, 0.0, 0.0, 0.0, 0.0, 0.0, 0.0, 0.0, 0.0, 0.0, 0.0, 0.0, 0.0, 0.0, 0.0, 0.0, 0.0, 0.0, 0.0, 0.0, 0.0, 0.0, 0.0, 0.0, 0.0, 0.0, 0.0, 0.0, 0.0, 0.0, 0.0, 0.0, 0.0, 0.0, 0.0, 0.0, 0.0, 0.0, 0.0, 0.0, 0.0, 0.0, 0.0, 0.0, 0.0, 0.0, 0.0, 0.0, 0.0, 0.0, 0.0, 0.0, 0.0, 0.0, 0.0, 0.0, 0.0, 0.0, 0.0, 0.0, 0.0, 0.0, 0.0, 0.0, 0.0, 0.0, 0.0, 0.0, 0.0, 0.0, 0.0, 0.0, 0.0, 0.0, 0.0, 0.0, 0.0, 0.0, 0.0, 0.0, 0.0, 0.0, 0.0, 0.0, 0.0, 0.0, 0.0, 0.0, 0.0, 0.0, 0.0, 0.0, 0.0, 0.0, 0.0, 0.0, 0.0, 0.0, 0.0, 0.0, 0.0, 0.0, 0.0, 0.0, 0.0, 0.0, 0.0, 0.0, 0.0, 0.0, 0.0, 0.0, 0.0, 0.0, 0.0, 0.0, 0.0, 0.0, 0.0, 0.0, 0.0, 0.0, 0.0, 0.0, 0.0, 0.0, 0.0, 0.0, 0.0, 0.0, 0.0, 0.0, 0.0, 0.0, 0.0, 0.0, 0.0, 0.0, 0.0, 0.0, 0.0, 0.0, 0.0, 0.0, 0.0, 0.0, 0.0, 0.0, 0.0, 0.0, 0.0, 0.0, 0.0, 0.0, 0.0, 0.0, 0.0, 0.0, 0.0, 0.0, 0.0, 0.0, 0.0, 0.0, 0.0, 0.0, 0.0, 0.0, 0.0, 0.0, 0.0, 0.0, 0.0, 0.0, 0.0, 0.0, 0.0, 0.0, 0.0, 0.0, 0.0, 0.0, 0.0, 0.0, 0.0, 0.0, 0.0, 0.0, 0.0, 0.0, 0.0, 0.0, 0.0, 0.0, 0.0, 0.0, 0.0, 0.0, 0.0, 0.0, 0.0, 0.0, 0.0, 0.0, 0.0, 0.0, 0.0, 0.0, 0.0, 0.0, 0.0, 0.0, 0.0, 0.0, 0.0, 0.0, 0.0, 0.0, 0.0, 0.0, 0.0, 0.0, 0.0, 0.0, 0.0, 0.0, 0.0, 0.0, 0.0, 0.0, 0.0, 0.0, 0.0, 0.0, 0.0, 0.0, 0.0, 0.0, 0.0, 0.0, 0.0, 0.0, 0.0, 0.0, 0.0, 0.0, 0.0, 0.0, 0.0, 0.0, 0.0, 0.0, 0.0, 0.0, 0.0, 0.0, 0.0, 0.0, 0.0, 0.0, 0.0, 0.0, 0.0, 0.0, 0.0, 0.0, 0.0, 0.0, 0.0, 0.0, 0.0, 0.0, 0.0, 0.0, 0.0, 0.0, 0.0, 0.0, 0.0, 0.0, 0.0, 0.0, 0.0, 0.0, 0.0, 0.0, 0.0, 0.0, 0.0, 0.0, 0.0, 0.0, 0.0, 0.0, 0.0, 0.0, 0.0, 0.0, 0.0, 0.0, 0.0, 0.0, 0.0, 0.0, 0.0, 0.0, 0.0, 0.0, 0.0, 0.0, 0.0, 0.0, 0.0, 0.0, 0.0, 0.0, 0.0, 0.0, 0.0, 0.0, 0.0, 0.0, 0.0, 0.0, 0.0, 0.0, 0.0, 0.0, 0.0, 0.0, 0.0, 0.0, 0.0, 0.0, 0.0, 0.0, 0.0, 0.0, 0.0, 0.0, 0.0, 0.0, 0.0, 0.0, 0.0, 0.0, 0.0, 0.0, 0.0, 0.0, 0.0, 0.0, 0.0, 0.0, 0.0, 0.0, 0.0, 0.0, 0.0, 0.0, 0.0, 0.0, 0.0, 0.0, 0.0, 0.0, 0.0, 0.0, 0.0, 0.0, 0.0, 0.0, 0.0, 0.0, 0.0, 0.0, 0.0, 0.0, 0.0, 0.0, 0.0, 0.0, 0.0, 0.0, 0.0, 0.0, 0.0, 0.0, 0.0, 0.0, 0.0, 0.0, 0.0, 0.0, 0.0, 0.0, 0.0, 0.0, 0.0, 0.0, 0.0, 0.0, 0.0, 0.0, 0.0, 0.0, 0.0, 0.0, 0.0, 0.0, 0.0, 0.0, 0.0, 0.0, 0.0, 0.0, 0.0, 0.0, 0.0, 0.0, 0.0, 0.0, 0.0, 0.0, 0.0, 0.0, 0.0, 0.0, 0.0, 0.0, 0.0, 0.0, 0.0, 0.0, 0.0, 0.0, 0.0, 0.0, 0.0, 0.0, 0.0, 0.0, 0.0, 0.0, 0.0, 0.0, 0.0, 0.0, 0.0, 0.0, 0.0, 0.0, 0.0, 0.0, 0.0, 0.0, 0.0, 0.0, 0.0, 0.0, 0.0, 0.0, 0.0, 0.0, 0.0, 0.0, 0.0, 0.0, 0.0, 0.0, 0.0, 0.0, 0.0, 0.0, 0.0, 0.0, 0.0, 0.0, 0.0, 0.0, 0.0, 0.0, 0.0, 0.0, 0.0, 0.0, 0.0, 0.0, 0.0, 0.0, 0.0, 0.0, 0.0, 0.0, 0.0, 0.0, 0.0, 0.0, 0.0, 0.0, 0.0, 0.0, 0.0, 0.0, 0.0, 0.0, 0.0, 0.0, 0.0, 0.0, 0.0, 0.0, 0.0, 0.0, 0.0, 0.0, 0.0, 0.0, 0.0, 0.0, 0.0, 0.0, 0.0, 0.0, 0.0, 0.0, 0.0, 0.0, 0.0, 0.0, 0.0, 0.0, 0.0, 0.0, 0.0, 0.0, 0.0, 0.0, 0.0, 0.0, 0.0, 0.0, 0.0, 0.0, 0.0, 0.0, 0.0, 0.0, 0.0, 0.0, 0.0, 0.0, 0.0, 0.0, 0.0, 0.0, 0.0, 0.0, 0.0, 0.0, 0.0, 0.0, 0.0, 0.0, 0.0, 0.0, 0.0, 0.0, 0.0, 0.0, 0.0, 0.0, 0.0, 0.0, 0.0, 0.0, 0.0, 0.0, 0.0, 0.0, 0.0, 0.0, 0.0, 0.0, 0.0, 0.0, 0.0, 0.0, 0.0, 0.0, 0.0, 0.0, 0.0, 0.0, 0.0, 0.0, 0.0, 0.0, 0.0, 0.0, 0.0, 0.0, 0.0, 0.0, 0.0, 0.0, 0.0, 0.0, 0.0, 0.0, 0.0, 0.0, 0.0, 0.0, 0.0, 0.0, 0.0, 0.0, 0.0, 0.0, 0.0, 0.0, 0.0, 0.0, 0.0, 0.0, 0.0, 0.0, 0.0, 0.0, 0.0, 0.0, 0.0, 0.0, 0.0, 0.0, 0.0, 0.0, 0.0, 0.0, 0.0, 0.0, 0.0, 0.0, 0.0, 0.0, 0.0, 0.0, 0.0, 0.0, 0.0, 0.0, 0.0, 0.0, 0.0, 0.0, 0.0, 0.0, 0.0, 0.0, 0.0, 0.0, 0.0, 0.0, 0.0, 0.0, 0.0, 0.0, 0.0, 0.0, 0.0, 0.0, 0.0, 0.0, 0.0, 0.0, 0.0, 0.0, 0.0, 0.0, 0.0, 0.0, 0.0, 0.0, 0.0, 0.0, 0.0, 0.0, 0.0, 0.0, 0.0, 0.0, 0.0, 0.0, 0.0, 0.0, 0.0, 0.0, 0.0, 0.0, 0.0, 0.0, 0.0, null, 0.0, 0.0, null, 0.0, 0.0, 0.0, 0.0, 0.0, 0.0, 0.0, 0.0, 0.0, 0.0, 0.0, 0.0, 0.0, 0.0, 0.0, 0.0, 0.0, 0.0, 0.0, 0.0, 0.0, 0.0, 0.0, 0.0, 0.0, 0.0, 0.0, 0.0, 0.0, 0.0, 0.0, 0.0, 0.0, 0.0, 0.0, 0.0, 0.0, 0.0, 0.0, 0.0, 0.0, 0.0, 0.0, 0.0, 0.0, 0.0, 0.0, 0.0, 0.0, 0.0, 0.0, 0.0, 0.0, 0.0, 0.0, 0.0, 0.0, 0.0, 0.0, 0.0, 0.0, 0.0, 0.0, 0.0, 0.0, 0.0, 0.0, 0.0, 0.0, 0.0, 0.0, 0.0, 0.0, 0.0, 0.0, 0.0, 0.0, 0.0, 0.0, 0.0, 0.0, 0.0, 0.0, 0.0, 0.0, 0.0, 0.0, 0.0, 0.0, 0.0, 0.0, 0.0, 0.0, 0.0, 0.0, 0.0, 0.0, 0.0, 0.0, 0.0, 0.0, 0.0, 0.0, 0.0, 0.0, 0.0, 0.0, 0.0, 0.0, 0.0, 0.0, 0.0, 0.0, 0.0, 0.0, 0.0, 0.0, 0.0, 0.0, 0.0, 0.0, 0.0, 0.0, 0.0, 0.0, 0.0, 0.0, 0.0, 0.0, 0.0, 0.0, 0.0, 0.0, 0.0, 0.0, 0.0, 0.0, 0.0, 0.0, 0.0, 0.0, 0.0, 0.0, 0.0, 0.0, 0.0, 0.0, 0.0, 0.0, 0.0, 0.0, 0.0, 0.0, 0.0, 0.0, 0.0, 0.0, 0.0, 0.0, 0.0, 0.0, 0.0, 0.0, 0.0, 0.0, 0.0, 0.0, 0.0, 0.0, 0.0, 0.0, 0.0, 0.0, 0.0, 0.0, 0.0, 0.0, 0.0, 0.0, 0.0, 0.0, 0.0, 0.0, 0.0, 0.0, 0.0, 0.0, 0.0, 0.0, 0.0, 0.0, 0.0, 0.0, 0.0, 0.0, 0.0, 0.0, 0.0, 0.0, 0.0, 0.0, 0.0, 0.0, 0.0, 0.0, 0.0, 0.0, 0.0, 0.0, 0.0, 0.0, 0.0, 0.0, 0.0, 0.0, 0.0, 0.0, 0.0, 0.0, 0.0, 0.0, 0.0, 0.0, 0.0, 0.0, 0.0, 0.0, 0.0, 0.0, 0.0, 0.0, 0.0, 0.0, 0.0, 0.0, 0.0, 0.0, 0.0, 0.0, 0.0, 0.0, 0.0, 0.0, 0.0, 0.0, 0.0, 0.0, 0.0, 0.0, 0.0, 0.0, 0.0, 0.0, 0.0, 0.0, 0.0, 0.0, 0.0, 0.0, 0.0, 0.0, 0.0, 0.0, 0.0, 0.0, 0.0, 0.0, 0.0, 0.0, 0.0, 0.0, 0.0, 0.0, 0.0, 0.0, 0.0, 0.0, 0.0, 0.0, 0.0, 0.0, 0.0, 0.0, 0.0, 0.0, 0.0, null, 0.0, 0.0, 0.0, 0.0, 0.0, 0.0, 0.0, 0.0, 0.0, 0.0, 0.0, 0.0, 0.0, 0.0, 0.0, 0.0, 0.0, 0.0, 0.0, 0.0, 0.0, 0.0, 0.0, 0.0, 0.0, 0.0, 0.0, 0.0, 0.0, 0.0, 0.0, 0.0, 0.0, 0.0, 0.0, 0.0, 0.0, 0.0, 0.0, 0.0, 0.0, 0.0, 0.0, 0.0, 0.0, 0.0, 0.0, 0.0, 0.0, 0.0, 0.0, 0.0, 0.0, 0.0, 0.0, 0.0, 0.0, 0.0, 0.0, 0.0, 0.0, 0.0, 0.0, 0.0, 0.0, 0.0, 0.0, 0.0, 0.0, 0.0, 0.0, 0.0, 0.0, 0.0, 0.0, 0.0, 0.0, 0.0, 0.0, 0.0, 0.0, 0.0, 0.0, 0.0, 0.0, 0.0, 0.0, 0.0, 0.0, 0.0, 0.0, 0.0, 0.0, 0.0, 0.0]}