{"type": "Feature", "properties": {"leg_id": 43, "name": "20221111 - Vanuatu to New Caledonia", "stated_nm": 377.7, "computed_nm": 377.7}, "geometry": {"type": "LineString", "coordinates": [[168.31173, -17.739088], [168.312667, -17.740597], [168.313293, -17.744303], [168.313196, -17.744083], [168.312565, -17.739915], [168.311698, -17.739114], [168.308943, -17.739016], [168.30023, -17.740537], [168.29471, -17.7404], [168.2916, -17.741316], [168.287593, -17.742653], [168.27982, -17.745065], [168.27127, -17.747525], [168.259985, -17.75053], [168.257205, -17.751795], [168.248185, -17.75928], [168.246752, -17.762347], [168.243905, -17.769027], [168.242935, -17.771063], [168.24086, -17.776332], [168.23839, -17.784003], [168.238212, -17.786662], [168.23769, -17.790457], [168.237468, -17.792818], [168.237908, -17.799265], [168.238912, -17.807782], [168.240598, -17.812823], [168.243252, -17.821345], [168.247403, -17.833198], [168.248468, -17.836701], [168.260542, -17.863822], [168.262286, -17.867187], [168.266888, -17.876515], [168.268957, -17.881255], [168.272612, -17.888972], [168.276162, -17.89691], [168.278203, -17.901088], [168.280473, -17.906635], [168.28224, -17.910465], [168.283199, -17.912836], [168.284821, -17.916727], [168.286395, -17.920649], [168.289817, -17.92979], [168.29243, -17.936598], [168.293677, -17.939647], [168.295406, -17.944346], [168.296676, -17.947781], [168.298196, -17.951856], [168.299249, -17.954686], [168.301928, -17.96132], [168.303411, -17.964621], [168.304587, -17.96742], [168.30749, -17.975177], [168.309413, -17.979617], [168.312532, -17.987772], [168.314897, -17.993255], [168.315897, -17.995933], [168.318693, -18.002598], [168.32066, -18.007645], [168.321574, -18.010141], [168.322695, -18.012822], [168.32494, -18.019018], [168.3255, -18.020172], [168.328057, -18.026883], [168.329775, -18.03084], [168.330842, -18.03383], [168.337005, -18.049158], [168.337307, -18.04989], [168.339227, -18.054578], [168.339743, -18.055992], [168.340465, -18.057818], [168.341303, -18.059884], [168.348243, -18.076898], [168.348676, -18.077596], [168.353443, -18.088772], [168.354682, -18.091745], [168.356792, -18.096649], [168.358656, -18.100241], [168.364777, -18.109727], [168.366681, -18.112404], [168.376302, -18.12644], [168.377996, -18.128639], [168.379342, -18.130482], [168.381112, -18.13296], [168.383369, -18.135695], [168.384402, -18.13657], [168.385855, -18.138491], [168.388727, -18.143192], [168.390573, -18.145845], [168.394097, -18.151317], [168.399538, -18.159407], [168.400921, -18.161291], [168.402767, -18.163684], [168.40695, -18.169112], [168.409178, -18.171692], [168.41172, -18.174886], [168.413024, -18.176439], [168.41573, -18.179783], [168.418248, -18.182896], [168.42256, -18.188422], [168.427515, -18.194317], [168.428075, -18.195125], [168.433772, -18.201897], [168.438389, -18.207458], [168.440158, -18.209538], [168.445322, -18.215737], [168.447614, -18.218636], [168.448832, -18.220047], [168.454545, -18.227195], [168.468668, -18.245442], [168.47063, -18.248091], [168.47958, -18.259777], [168.481472, -18.263098], [168.48646, -18.271812], [168.489642, -18.2772], [168.491695, -18.280965], [168.496098, -18.288337], [168.49798, -18.291702], [168.500025, -18.295033], [168.501321, -18.297397], [168.50237, -18.299125], [168.505983, -18.30576], [168.512707, -18.31757], [168.516958, -18.325812], [168.517706, -18.327083], [168.5208, -18.332845], [168.52218, -18.335173], [168.524382, -18.339455], [168.528328, -18.346305], [168.53213, -18.352445], [168.539632, -18.365167], [168.551047, -18.383693], [168.55232, -18.385909], [168.55477, -18.389979], [168.556711, -18.393151], [168.562042, -18.401687], [168.563342, -18.403651], [168.565387, -18.406882], [168.566877, -18.409263], [168.569953, -18.413833], [168.572196, -18.417373], [168.574747, -18.421406], [168.577643, -18.426023], [168.579051, -18.428243], [168.580893, -18.430998], [168.583752, -18.435598], [168.586773, -18.440112], [168.589588, -18.444683], [168.595915, -18.455588], [168.597353, -18.457913], [168.60484, -18.474535], [168.606327, -18.477841], [168.608452, -18.48244], [168.61054, -18.487208], [168.62025, -18.507702], [168.625988, -18.52013], [168.630367, -18.529272], [168.631432, -18.531672], [168.634962, -18.538965], [168.636135, -18.541763], [168.640302, -18.550313], [168.645587, -18.562118], [168.64947, -18.570422], [168.649869, -18.571437], [168.652762, -18.577692], [168.65513, -18.583298], [168.657872, -18.589167], [168.65914, -18.592222], [168.66495, -18.605218], [168.665501, -18.606665], [168.675533, -18.629175], [168.676655, -18.631494], [168.678402, -18.635346], [168.684785, -18.649815], [168.688962, -18.659972], [168.689429, -18.660919], [168.699178, -18.683677], [168.700083, -18.686039], [168.701617, -18.689869], [168.702778, -18.692816], [168.703899, -18.695682], [168.707588, -18.70558], [168.707882, -18.70622], [168.711095, -18.714875], [168.712146, -18.717907], [168.713829, -18.722974], [168.715296, -18.727369], [168.716269, -18.730305], [168.719557, -18.739593], [168.720323, -18.74148], [168.721993, -18.746342], [168.724203, -18.752225], [168.725279, -18.755423], [168.726762, -18.759664], [168.728487, -18.764679], [168.729872, -18.768757], [168.73558, -18.785093], [168.738785, -18.794428], [168.742845, -18.80443], [168.744283, -18.808214], [168.748022, -18.818547], [168.749703, -18.822933], [168.753618, -18.834208], [168.75426, -18.835837], [168.75743, -18.844303], [168.760752, -18.852523], [168.767937, -18.871675], [168.768983, -18.874731], [168.772113, -18.8844], [168.775875, -18.895438], [168.776742, -18.898312], [168.777779, -18.902046], [168.780622, -18.913565], [168.781512, -18.91626], [168.78554, -18.929643], [168.786619, -18.932691], [168.791435, -18.947253], [168.791762, -18.94848], [168.795023, -18.958452], [168.796074, -18.961874], [168.798698, -18.97158], [168.801558, -18.981863], [168.802465, -18.985602], [168.803632, -18.990223], [168.804093, -18.992137], [168.806578, -19.001093], [168.807237, -19.003904], [168.81152, -19.019993], [168.812417, -19.023977], [168.814328, -19.032392], [168.816754, -19.038967], [168.818313, -19.043012], [168.818589, -19.046606], [168.818388, -19.051525], [168.818148, -19.0573], [168.81761, -19.068715], [168.817047, -19.08162], [168.816871, -19.082989], [168.816605, -19.088378], [168.816356, -19.092386], [168.816245, -19.096364], [168.815803, -19.105812], [168.81572, -19.106931], [168.815382, -19.11216], [168.815321, -19.114683], [168.815179, -19.117543], [168.814962, -19.120505], [168.814739, -19.124732], [168.814616, -19.128436], [168.814473, -19.132127], [168.814357, -19.135692], [168.813857, -19.145567], [168.813654, -19.147939], [168.812867, -19.160198], [168.812033, -19.196647], [168.812038, -19.197657], [168.812, -19.200314], [168.811973, -19.202782], [168.811907, -19.204429], [168.811857, -19.208549], [168.811785, -19.211162], [168.81174, -19.213009], [168.811669, -19.214829], [168.811307, -19.22418], [168.811286, -19.2262], [168.811048, -19.2315], [168.810628, -19.235945], [168.81048, -19.239413], [168.81006, -19.244805], [168.809808, -19.246275], [168.809358, -19.253083], [168.80876, -19.258393], [168.808317, -19.263865], [168.808104, -19.265737], [168.807858, -19.268816], [168.807663, -19.271188], [168.807152, -19.27799], [168.806843, -19.280618], [168.806642, -19.282987], [168.8065, -19.284362], [168.806103, -19.289703], [168.805918, -19.291219], [168.805589, -19.295328], [168.805505, -19.29822], [168.805401, -19.300657], [168.805291, -19.305093], [168.805178, -19.308621], [168.805054, -19.31109], [168.80493, -19.314587], [168.80474, -19.321327], [168.804608, -19.323283], [168.804527, -19.324914], [168.804515, -19.328583], [168.804417, -19.330987], [168.804383, -19.332203], [168.804068, -19.340378], [168.804102, -19.343783], [168.804065, -19.345137], [168.804022, -19.349354], [168.804038, -19.350975], [168.803974, -19.353225], [168.803912, -19.356128], [168.803852, -19.357574], [168.803813, -19.359545], [168.803711, -19.363163], [168.803711, -19.365665], [168.803667, -19.370825], [168.803635, -19.372572], [168.803601, -19.374568], [168.803618, -19.3771], [168.803634, -19.378664], [168.803661, -19.380269], [168.803664, -19.38202], [168.803649, -19.38477], [168.803637, -19.38589], [168.803563, -19.387727], [168.803631, -19.388766], [168.803627, -19.39093], [168.803638, -19.392315], [168.803673, -19.393698], [168.803672, -19.39502], [168.803645, -19.396786], [168.803662, -19.398229], [168.803692, -19.400343], [168.803691, -19.401315], [168.803693, -19.403097], [168.8037, -19.404245], [168.803618, -19.405411], [168.803615, -19.407517], [168.803609, -19.408823], [168.803658, -19.410747], [168.803666, -19.412004], [168.803664, -19.41321], [168.803584, -19.414804], [168.803627, -19.416941], [168.803674, -19.419182], [168.803679, -19.421635], [168.803573, -19.427404], [168.803622, -19.429113], [168.80356, -19.432073], [168.803509, -19.433821], [168.803468, -19.43693], [168.803456, -19.438142], [168.803355, -19.443367], [168.803367, -19.446104], [168.803413, -19.453492], [168.803532, -19.455971], [168.803618, -19.459269], [168.803632, -19.462555], [168.803777, -19.465513], [168.803868, -19.468668], [168.803917, -19.472352], [168.804097, -19.475816], [168.804247, -19.478423], [168.804449, -19.481933], [168.804598, -19.483795], [168.80485, -19.486974], [168.80514, -19.488677], [168.805371, -19.490037], [168.805707, -19.4924], [168.806036, -19.495391], [168.806717, -19.499142], [168.807039, -19.500906], [168.807457, -19.503432], [168.807933, -19.505732], [168.808303, -19.507108], [168.808999, -19.509411], [168.809766, -19.511875], [168.810773, -19.514058], [168.810758, -19.515258], [168.810677, -19.517495], [168.810898, -19.51958], [168.811156, -19.5217], [168.811212, -19.527643], [168.811306, -19.528964], [168.811317, -19.530956], [168.811392, -19.533224], [168.811492, -19.540435], [168.81147, -19.54174], [168.811385, -19.544466], [168.811337, -19.545816], [168.811451, -19.547794], [168.811327, -19.548885], [168.815053, -19.563127], [168.815211, -19.563974], [168.816054, -19.567124], [168.816419, -19.568565], [168.816895, -19.570569], [168.817405, -19.572596], [168.817824, -19.574217], [168.818828, -19.577825], [168.82043, -19.583415], [168.821383, -19.586763], [168.821851, -19.588162], [168.822686, -19.591013], [168.823274, -19.592788], [168.823605, -19.593934], [168.824566, -19.597162], [168.824855, -19.598139], [168.826179, -19.602041], [168.826723, -19.603839], [168.827539, -19.606541], [168.828402, -19.609728], [168.829059, -19.611972], [168.830265, -19.616253], [168.830626, -19.618137], [168.830585, -19.61973], [168.830262, -19.621318], [168.830171, -19.623985], [168.830083, -19.625784], [168.829873, -19.630807], [168.829824, -19.632599], [168.829776, -19.63436], [168.829614, -19.63667], [168.829528, -19.639105], [168.829316, -19.641008], [168.829249, -19.642334], [168.828986, -19.644683], [168.828851, -19.646264], [168.828731, -19.647678], [168.828643, -19.649357], [168.828301, -19.652725], [168.828116, -19.654595], [168.827843, -19.656837], [168.827666, -19.658607], [168.827332, -19.661737], [168.827102, -19.6662], [168.82691, -19.667549], [168.826674, -19.669449], [168.826362, -19.672235], [168.826218, -19.673768], [168.825607, -19.678733], [168.825458, -19.681009], [168.825293, -19.682927], [168.825104, -19.684717], [168.824921, -19.687476], [168.824731, -19.690537], [168.824652, -19.692395], [168.824464, -19.694624], [168.824341, -19.695951], [168.8242, -19.698039], [168.82412, -19.699355], [168.823934, -19.701131], [168.823871, -19.702959], [168.823692, -19.70637], [168.823385, -19.712511], [168.823232, -19.714967], [168.823103, -19.717415], [168.82302, -19.718964], [168.822836, -19.722165], [168.822792, -19.723762], [168.822607, -19.72707], [168.822522, -19.728736], [168.822412, -19.730182], [168.822261, -19.732079], [168.82209, -19.733902], [168.821908, -19.735816], [168.821816, -19.737069], [168.821709, -19.738547], [168.821609, -19.740223], [168.821439, -19.741922], [168.821404, -19.743572], [168.821391, -19.745174], [168.821377, -19.746576], [168.821269, -19.748468], [168.821169, -19.750008], [168.82105, -19.751336], [168.821032, -19.752444], [168.820878, -19.753888], [168.820648, -19.756441], [168.820494, -19.758333], [168.820395, -19.760383], [168.820315, -19.762001], [168.820217, -19.763735], [168.820097, -19.764944], [168.8199, -19.766703], [168.819889, -19.767909], [168.819753, -19.76917], [168.819665, -19.77013], [168.819531, -19.771272], [168.819384, -19.772857], [168.819369, -19.774075], [168.819417, -19.776727], [168.819301, -19.777497], [168.819088, -19.779414], [168.818948, -19.780773], [168.818719, -19.782129], [168.818543, -19.783611], [168.818326, -19.785048], [168.818139, -19.787436], [168.817914, -19.789859], [168.817717, -19.791206], [168.817463, -19.793096], [168.817045, -19.795414], [168.816881, -19.796806], [168.816548, -19.798757], [168.816289, -19.800503], [168.81563, -19.805003], [168.815426, -19.806143], [168.815055, -19.808591], [168.81484, -19.809916], [168.814591, -19.81124], [168.81433, -19.81276], [168.814049, -19.814348], [168.813488, -19.817188], [168.813189, -19.819076], [168.812889, -19.82057], [168.811915, -19.823909], [168.811237, -19.825797], [168.810777, -19.827037], [168.810047, -19.829099], [168.809499, -19.830524], [168.808068, -19.834715], [168.807756, -19.835414], [168.805177, -19.842143], [168.804498, -19.843682], [168.802973, -19.847405], [168.802501, -19.848689], [168.802024, -19.849773], [168.801387, -19.851175], [168.800247, -19.854187], [168.799582, -19.855964], [168.798719, -19.858428], [168.798204, -19.860423], [168.797883, -19.861799], [168.796753, -19.86659], [168.796233, -19.868422], [168.794445, -19.87484], [168.793213, -19.879748], [168.79246, -19.881855], [168.790868, -19.887697], [168.790431, -19.889574], [168.78963, -19.893038], [168.789226, -19.894515], [168.78279, -19.9266], [168.782328, -19.929395], [168.781437, -19.935918], [168.780748, -19.939728], [168.780562, -19.941793], [168.780233, -19.943836], [168.779589, -19.948071], [168.779147, -19.950795], [168.778888, -19.95215], [168.778336, -19.955358], [168.778, -19.957863], [168.777816, -19.958926], [168.777057, -19.964325], [168.776633, -19.966329], [168.776285, -19.968667], [168.77596, -19.970451], [168.77573, -19.972429], [168.775493, -19.97399], [168.775077, -19.977187], [168.774959, -19.978142], [168.774801, -19.979318], [168.774674, -19.980456], [168.77442, -19.982324], [168.774184, -19.984211], [168.773973, -19.986154], [168.773947, -19.987261], [168.774, -19.988045], [168.77408, -19.989033], [168.774116, -19.990868], [168.77397, -19.992312], [168.773834, -19.993444], [168.773602, -19.995798], [168.77351, -19.996812], [168.77338, -19.997829], [168.773198, -19.999188], [168.772999, -20.00121], [168.772905, -20.001942], [168.772442, -20.005496], [168.772378, -20.00635], [168.772318, -20.007445], [168.772257, -20.008404], [168.772199, -20.009341], [168.772167, -20.010187], [168.771981, -20.011614], [168.77196, -20.012445], [168.771914, -20.013509], [168.771879, -20.014404], [168.771819, -20.015417], [168.771747, -20.016329], [168.771515, -20.01841], [168.771092, -20.020962], [168.77063, -20.023062], [168.77047, -20.023976], [168.77026, -20.025273], [168.770139, -20.026186], [168.7705, -20.02756], [168.770697, -20.028087], [168.77097, -20.029187], [168.771492, -20.03017], [168.771761, -20.032825], [168.771781, -20.034664], [168.771726, -20.03652], [168.771232, -20.039566], [168.770867, -20.042027], [168.770605, -20.044008], [168.770547, -20.04645], [168.770761, -20.047934], [168.770433, -20.050625], [168.771023, -20.052173], [168.771295, -20.053465], [168.771363, -20.055067], [168.771246, -20.056662], [168.771475, -20.057612], [168.772077, -20.058267], [168.772147, -20.05938], [168.771486, -20.059952], [168.770566, -20.06176], [168.769577, -20.062773], [168.767894, -20.065797], [168.766383, -20.068764], [168.764966, -20.071039], [168.764036, -20.0728], [168.763235, -20.074429], [168.76223, -20.076181], [168.761124, -20.078255], [168.760269, -20.079928], [168.759257, -20.082248], [168.757744, -20.085156], [168.757046, -20.086689], [168.755718, -20.089746], [168.754629, -20.092705], [168.753928, -20.09446], [168.752708, -20.097429], [168.751955, -20.099761], [168.751357, -20.102367], [168.751271, -20.104293], [168.75119, -20.105659], [168.751301, -20.10781], [168.751191, -20.109574], [168.751256, -20.111223], [168.75106, -20.11317], [168.750722, -20.115162], [168.750179, -20.117054], [168.749612, -20.118995], [168.749648, -20.120258], [168.749798, -20.122233], [168.750071, -20.124761], [168.74973, -20.128656], [168.749992, -20.1317], [168.750533, -20.13348], [168.751211, -20.13517], [168.75212, -20.137543], [168.754032, -20.141622], [168.754614, -20.143135], [168.755129, -20.144423], [168.755399, -20.145116], [168.756202, -20.146504], [168.756599, -20.147274], [168.757163, -20.148141], [168.757612, -20.148696], [168.758246, -20.149303], [168.759011, -20.150193], [168.759595, -20.150874], [168.760139, -20.15159], [168.760537, -20.152163], [168.761152, -20.152937], [168.761785, -20.153725], [168.762527, -20.154444], [168.763046, -20.154987], [168.763741, -20.155675], [168.764302, -20.156199], [168.764991, -20.156945], [168.76556, -20.157932], [168.766413, -20.159922], [168.766933, -20.161795], [168.767545, -20.16362], [168.768648, -20.166113], [168.769605, -20.167981], [168.770785, -20.170038], [168.772347, -20.17265], [168.773442, -20.174589], [168.774705, -20.176761], [168.775438, -20.178627], [168.775979, -20.180495], [168.776768, -20.182439], [168.777889, -20.184423], [168.779328, -20.187089], [168.780098, -20.188436], [168.781785, -20.191426], [168.78286, -20.193603], [168.783848, -20.195072], [168.784823, -20.197305], [168.785951, -20.200181], [168.786986, -20.202661], [168.787406, -20.203777], [168.788061, -20.205601], [168.788928, -20.208273], [168.789379, -20.209743], [168.789666, -20.21136], [168.790011, -20.213743], [168.790276, -20.21586], [168.790391, -20.218972], [168.790469, -20.221272], [168.789818, -20.223691], [168.788311, -20.226664], [168.786947, -20.229489], [168.786169, -20.23111], [168.785295, -20.23283], [168.783716, -20.235868], [168.78223, -20.238151], [168.781172, -20.239784], [168.77942, -20.242145], [168.778295, -20.243876], [168.776608, -20.246402], [168.774887, -20.248951], [168.77406, -20.250128], [168.770472, -20.255712], [168.769372, -20.257312], [168.765877, -20.26244], [168.764241, -20.264368], [168.762277, -20.26678], [168.760416, -20.269033], [168.758648, -20.271132], [168.756552, -20.273658], [168.755261, -20.275208], [168.753761, -20.27702], [168.752574, -20.278548], [168.751116, -20.280187], [168.74971, -20.281829], [168.748777, -20.282989], [168.747737, -20.284237], [168.74555, -20.286927], [168.744316, -20.289002], [168.743516, -20.290619], [168.742551, -20.292471], [168.741584, -20.294006], [168.74018, -20.296086], [168.738862, -20.297778], [168.737601, -20.299683], [168.736274, -20.301595], [168.735035, -20.303448], [168.733282, -20.307059], [168.732297, -20.309062], [168.731648, -20.31016], [168.729463, -20.31308], [168.726643, -20.316551], [168.725437, -20.317979], [168.72368, -20.320193], [168.722153, -20.322164], [168.720833, -20.323792], [168.71606, -20.330018], [168.714969, -20.331584], [168.712111, -20.335424], [168.709007, -20.339453], [168.707678, -20.341058], [168.706846, -20.34206], [168.706126, -20.343035], [168.704204, -20.345552], [168.697843, -20.354443], [168.697113, -20.355681], [168.695299, -20.358521], [168.694021, -20.360867], [168.693541, -20.363121], [168.694492, -20.365397], [168.695203, -20.36701], [168.696125, -20.368647], [168.696836, -20.370148], [168.697391, -20.372382], [168.697424, -20.374695], [168.697077, -20.378019], [168.696907, -20.380357], [168.696445, -20.381969], [168.696115, -20.384159], [168.696088, -20.386611], [168.695875, -20.388436], [168.695476, -20.390836], [168.69535, -20.39313], [168.695327, -20.394442], [168.695299, -20.397243], [168.69526, -20.399065], [168.695244, -20.400814], [168.69512, -20.402918], [168.694854, -20.405263], [168.694768, -20.407782], [168.694807, -20.409647], [168.694287, -20.411203], [168.693928, -20.412927], [168.696115, -20.433663], [168.696741, -20.434941], [168.696783, -20.437085], [168.696368, -20.438722], [168.695755, -20.441008], [168.695528, -20.442549], [168.695093, -20.444395], [168.694672, -20.446247], [168.694421, -20.447998], [168.693882, -20.45117], [168.693341, -20.454581], [168.693004, -20.457179], [168.693369, -20.458685], [168.693936, -20.46103], [168.69424, -20.464055], [168.694217, -20.466022], [168.694157, -20.468471], [168.694066, -20.470577], [168.694098, -20.474217], [168.69411, -20.476373], [168.694506, -20.478622], [168.695177, -20.479672], [168.696248, -20.483869], [168.696472, -20.48511], [168.697262, -20.488322], [168.697745, -20.492311], [168.698237, -20.495624], [168.699005, -20.499189], [168.699314, -20.50071], [168.700017, -20.501916], [168.700917, -20.503718], [168.701588, -20.506128], [168.702052, -20.507953], [168.702432, -20.509535], [168.703106, -20.510237], [168.70474, -20.513259], [168.705442, -20.513518], [168.695148, -20.51501], [168.694083, -20.514945], [168.689638, -20.514678], [168.689508, -20.514597], [168.679892, -20.513268], [168.677772, -20.513338], [168.674915, -20.513353], [168.671316, -20.51325], [168.668676, -20.513164], [168.664788, -20.513077], [168.662765, -20.513168], [168.660786, -20.513865], [168.658999, -20.514902], [168.657813, -20.515672], [168.655759, -20.51732], [168.654856, -20.518041], [168.652924, -20.519668], [168.651412, -20.520576], [168.650357, -20.521262], [168.64757, -20.522704], [168.645862, -20.523318], [168.644058, -20.524164], [168.641351, -20.525381], [168.639969, -20.525957], [168.638378, -20.526622], [168.637174, -20.527169], [168.635204, -20.528201], [168.633941, -20.528885], [168.632372, -20.52982], [168.630732, -20.530906], [168.628519, -20.532174], [168.627215, -20.532954], [168.625775, -20.533862], [168.6242, -20.534717], [168.622772, -20.535473], [168.621326, -20.536432], [168.620212, -20.537185], [168.618774, -20.538068], [168.616461, -20.539538], [168.614194, -20.540936], [168.613186, -20.541595], [168.611368, -20.542725], [168.610363, -20.543396], [168.607627, -20.545414], [168.606799, -20.546053], [168.605664, -20.547036], [168.603842, -20.548516], [168.602328, -20.549692], [168.600818, -20.550682], [168.599676, -20.551453], [168.597528, -20.55306], [168.59652, -20.553787], [168.594766, -20.554993], [168.592742, -20.556435], [168.591229, -20.557481], [168.590011, -20.558299], [168.588877, -20.559122], [168.587543, -20.560058], [168.585005, -20.561858], [168.582502, -20.563542], [168.580617, -20.564888], [168.579489, -20.56573], [168.578331, -20.566635], [168.577296, -20.567608], [168.576106, -20.568535], [168.575234, -20.569327], [168.574522, -20.569912], [168.573271, -20.570973], [168.571899, -20.572196], [168.571084, -20.572977], [168.570086, -20.573828], [168.568636, -20.575142], [168.567708, -20.575996], [168.566722, -20.57684], [168.56591, -20.577574], [168.564875, -20.578631], [168.563857, -20.579498], [168.563062, -20.580191], [168.562065, -20.581098], [168.561057, -20.581993], [168.559909, -20.582953], [168.558962, -20.583753], [168.55782, -20.584689], [168.556331, -20.585928], [168.554998, -20.587132], [168.553878, -20.588031], [168.551012, -20.590348], [168.548593, -20.59256], [168.546057, -20.594724], [168.542492, -20.597088], [168.540671, -20.598212], [168.537732, -20.599902], [168.535985, -20.600986], [168.534321, -20.601864], [168.531065, -20.60319], [168.528379, -20.604192], [168.497408, -20.618863], [168.496536, -20.619223], [168.494125, -20.620411], [168.49205, -20.621394], [168.490644, -20.622026], [168.488943, -20.622814], [168.486794, -20.623948], [168.4847, -20.624985], [168.482538, -20.626027], [168.481297, -20.626492], [168.479932, -20.627115], [168.478558, -20.627679], [168.477527, -20.628165], [168.475848, -20.628921], [168.471807, -20.630682], [168.47093, -20.63108], [168.467416, -20.632244], [168.462727, -20.634032], [168.461436, -20.634482], [168.459821, -20.635052], [168.458778, -20.635425], [168.457569, -20.635885], [168.456522, -20.636289], [168.45497, -20.636844], [168.453655, -20.637247], [168.452246, -20.637666], [168.45078, -20.638043], [168.448622, -20.638675], [168.446909, -20.639282], [168.445302, -20.639797], [168.4432, -20.640386], [168.441884, -20.640816], [168.440886, -20.641235], [168.439141, -20.64191], [168.437268, -20.642629], [168.435292, -20.643302], [168.433372, -20.643876], [168.430814, -20.644515], [168.429321, -20.644979], [168.428003, -20.645436], [168.426077, -20.646012], [168.424786, -20.646492], [168.423383, -20.647082], [168.422114, -20.647569], [168.420987, -20.648034], [168.419961, -20.648522], [168.418556, -20.649061], [168.416147, -20.649931], [168.414624, -20.650592], [168.411646, -20.651819], [168.410099, -20.652483], [168.407447, -20.653263], [168.404394, -20.654111], [168.402506, -20.654847], [168.399697, -20.655738], [168.39783, -20.656332], [168.395537, -20.657285], [168.393952, -20.657924], [168.391716, -20.659004], [168.388709, -20.660282], [168.38679, -20.661296], [168.384791, -20.662314], [168.382107, -20.663699], [168.380397, -20.664372], [168.378114, -20.665279], [168.374966, -20.666793], [168.369558, -20.669918], [168.366521, -20.671399], [168.364935, -20.672107], [168.363091, -20.673118], [168.359392, -20.675222], [168.356001, -20.677832], [168.35442, -20.678959], [168.352909, -20.680046], [168.350258, -20.682158], [168.347788, -20.683886], [168.346234, -20.684854], [168.34445, -20.686077], [168.34197, -20.687551], [168.340398, -20.688642], [168.338989, -20.689665], [168.336384, -20.691584], [168.334717, -20.692636], [168.332473, -20.694112], [168.301265, -20.71733], [168.300892, -20.717612], [168.288147, -20.73002], [168.286906, -20.730864], [168.284702, -20.732629], [168.28331, -20.734071], [168.281126, -20.735682], [168.278546, -20.738581], [168.277459, -20.739871], [168.275687, -20.74174], [168.274342, -20.743284], [168.271788, -20.745337], [168.268111, -20.74817], [168.266722, -20.749491], [168.265094, -20.751173], [168.263509, -20.752996], [168.26093, -20.756529], [168.259109, -20.759198], [168.258042, -20.761025], [168.256129, -20.763117], [168.254348, -20.764806], [168.252603, -20.766603], [168.249741, -20.769109], [168.246594, -20.772077], [168.244756, -20.773694], [168.24291, -20.774445], [168.241125, -20.774805], [168.23883, -20.775614], [168.237059, -20.7761], [168.235292, -20.776448], [168.233146, -20.776968], [168.231186, -20.777607], [168.229377, -20.778815], [168.227736, -20.779868], [168.225144, -20.781251], [168.223723, -20.78212], [168.220962, -20.783707], [168.218482, -20.785395], [168.216587, -20.786737], [168.21478, -20.787789], [168.212375, -20.789342], [168.21063, -20.790619], [168.208693, -20.791863], [168.206111, -20.793848], [168.203218, -20.79555], [168.199475, -20.797762], [168.19741, -20.798981], [168.195754, -20.799976], [168.192882, -20.802088], [168.189595, -20.803757], [168.186506, -20.805144], [168.184682, -20.805697], [168.182183, -20.807116], [168.179425, -20.808484], [168.177091, -20.809972], [168.175217, -20.81111], [168.173847, -20.811862], [168.169818, -20.813833], [168.167414, -20.814807], [168.16278, -20.816592], [168.158843, -20.818422], [168.156435, -20.819223], [168.150978, -20.821633], [168.149177, -20.822291], [168.146267, -20.82364], [168.143791, -20.824759], [168.141228, -20.826043], [168.138263, -20.827683], [168.136133, -20.828894], [168.130428, -20.832335], [168.12848, -20.833545], [168.125976, -20.835033], [168.124584, -20.83584], [168.122355, -20.837358], [168.12023, -20.838267], [168.11821, -20.839316], [168.11538, -20.84093], [168.113011, -20.842419], [168.110583, -20.843192], [168.106333, -20.845388], [168.10454, -20.846218], [168.102275, -20.847325], [168.100381, -20.848542], [168.097448, -20.850475], [168.094398, -20.852238], [168.091768, -20.854226], [168.090037, -20.855548], [168.086313, -20.8584], [168.08512, -20.859206], [168.082977, -20.860934], [168.079963, -20.863171], [168.078125, -20.864344], [168.075959, -20.865863], [168.073867, -20.867043], [168.07198, -20.868228], [168.068969, -20.870279], [168.066083, -20.87187], [168.062746, -20.873804], [168.060845, -20.874964], [168.058594, -20.876453], [168.056008, -20.877971], [168.053856, -20.879232], [168.051231, -20.880215], [168.04875, -20.881121], [168.046419, -20.881967], [168.043583, -20.883138], [168.040054, -20.884574], [168.036341, -20.885705], [168.034001, -20.886379], [168.032036, -20.886966], [168.028816, -20.887941], [168.02721, -20.888658], [168.025318, -20.889272], [168.022771, -20.889974], [168.01822, -20.891523], [168.015724, -20.892319], [168.013062, -20.893271], [168.010514, -20.89397], [168.00825, -20.895015], [168.005849, -20.896164], [168.003971, -20.897088], [168.001575, -20.898069], [167.999228, -20.898802], [167.995856, -20.899579], [167.993297, -20.900169], [167.989909, -20.900489], [167.987089, -20.900701], [167.984601, -20.900864], [167.982623, -20.901061], [167.979679, -20.901286], [167.977058, -20.901479], [167.974361, -20.901527], [167.970252, -20.901659], [167.966267, -20.902088], [167.963667, -20.902399], [167.961401, -20.902777], [167.959174, -20.903044], [167.957054, -20.903121], [167.954124, -20.903301], [167.951156, -20.903472], [167.948139, -20.904016], [167.946329, -20.9043], [167.943858, -20.904402], [167.940503, -20.904036], [167.938617, -20.903591], [167.935661, -20.903663], [167.933115, -20.90408], [167.931179, -20.904474], [167.928651, -20.905368], [167.926203, -20.906119], [167.923755, -20.907079], [167.922043, -20.908031], [167.920499, -20.908808], [167.91742, -20.910693], [167.915123, -20.91273], [167.9128, -20.914174], [167.91021, -20.91564], [167.905305, -20.918437], [167.903791, -20.91908], [167.901642, -20.920045], [167.899756, -20.920867], [167.898191, -20.92168], [167.895625, -20.922887], [167.893899, -20.923695], [167.891342, -20.924957], [167.888297, -20.926457], [167.886391, -20.927649], [167.884467, -20.929129], [167.882598, -20.930357], [167.880855, -20.931351], [167.877225, -20.933491], [167.875648, -20.934674], [167.873247, -20.936206], [167.871656, -20.937083], [167.868022, -20.939268], [167.865646, -20.940722], [167.862024, -20.943312], [167.859202, -20.944959], [167.857474, -20.945825], [167.855733, -20.946676], [167.852773, -20.948741], [167.850891, -20.949411], [167.84837, -20.950578], [167.846267, -20.95187], [167.843926, -20.953397], [167.841444, -20.955109], [167.838554, -20.957087], [167.837325, -20.95801], [167.834295, -20.960168], [167.831042, -20.96279], [167.829117, -20.963973], [167.827402, -20.965201], [167.824191, -20.967363], [167.822085, -20.968925], [167.820301, -20.970166], [167.817968, -20.97211], [167.815444, -20.974622], [167.813557, -20.97639], [167.81165, -20.978114], [167.810587, -20.979208], [167.809044, -20.980787], [167.807642, -20.982262], [167.806137, -20.983645], [167.804483, -20.985404], [167.80278, -20.987248], [167.801002, -20.988849], [167.799309, -20.989991], [167.797181, -20.991277], [167.79515, -20.992408], [167.793113, -20.993627], [167.789788, -20.995602], [167.787219, -20.996909], [167.784804, -20.998304], [167.782873, -20.999414], [167.780604, -21.000877], [167.778995, -21.001933], [167.776552, -21.003471], [167.774318, -21.004938], [167.772472, -21.006252], [167.769271, -21.008751], [167.768164, -21.009472], [167.765997, -21.010841], [167.76351, -21.012524], [167.762131, -21.013422], [167.760452, -21.014659], [167.75859, -21.015969], [167.755877, -21.017309], [167.754034, -21.018545], [167.751985, -21.019803], [167.75089, -21.020521], [167.749153, -21.021926], [167.747239, -21.023249], [167.744722, -21.025094], [167.743342, -21.026211], [167.740032, -21.028647], [167.737278, -21.030761], [167.735836, -21.031912], [167.734052, -21.033565], [167.732799, -21.034623], [167.731612, -21.035687], [167.728994, -21.037992], [167.726589, -21.040243], [167.724539, -21.042118], [167.723364, -21.043437], [167.720851, -21.045843], [167.719034, -21.04749], [167.717007, -21.049273], [167.714682, -21.051197], [167.711935, -21.053576], [167.706963, -21.057599], [167.705488, -21.058912], [167.703291, -21.06081], [167.701327, -21.062464], [167.699886, -21.063635], [167.697242, -21.06575], [167.694705, -21.068244], [167.693377, -21.069605], [167.691233, -21.071417], [167.68855, -21.073498], [167.687449, -21.074465], [167.685787, -21.075733], [167.683459, -21.077536], [167.682037, -21.078451], [167.680575, -21.079475], [167.677537, -21.081887], [167.674642, -21.084245], [167.671744, -21.086347], [167.669776, -21.087721], [167.668129, -21.088869], [167.664459, -21.091532], [167.662406, -21.092911], [167.659403, -21.094973], [167.656668, -21.096735], [167.652517, -21.09962], [167.651065, -21.100851], [167.649109, -21.10218], [167.646477, -21.103951], [167.644287, -21.10531], [167.64342, -21.10595], [167.623618, -21.115408], [167.62193, -21.115951], [167.619115, -21.116774], [167.617459, -21.117481], [167.615814, -21.118283], [167.614447, -21.11963], [167.611751, -21.122243], [167.609919, -21.124348], [167.606817, -21.127342], [167.605157, -21.129204], [167.603396, -21.131138], [167.602283, -21.132582], [167.600576, -21.13464], [167.599187, -21.136261], [167.597863, -21.137729], [167.596911, -21.138939], [167.595637, -21.140386], [167.593415, -21.142683], [167.592041, -21.143968], [167.590117, -21.14562], [167.588667, -21.147014], [167.587593, -21.148194], [167.586551, -21.149288], [167.583553, -21.152168], [167.581339, -21.154578], [167.580295, -21.155696], [167.579038, -21.157198], [167.578099, -21.158104], [167.576217, -21.160207], [167.574411, -21.161918], [167.573023, -21.163353], [167.571601, -21.164871], [167.569979, -21.166621], [167.568795, -21.167906], [167.567465, -21.169355], [167.566135, -21.170793], [167.565274, -21.17171], [167.564443, -21.172572], [167.563213, -21.173854], [167.561303, -21.175866], [167.560384, -21.176853], [167.559002, -21.178221], [167.557268, -21.180083], [167.554971, -21.182296], [167.553564, -21.183813], [167.552651, -21.184677], [167.551325, -21.185907], [167.550214, -21.187107], [167.54838, -21.189107], [167.546572, -21.190925], [167.545117, -21.192488], [167.544116, -21.193437], [167.543007, -21.194738], [167.542138, -21.19571], [167.54126, -21.196606], [167.540166, -21.197937], [167.539163, -21.199183], [167.538146, -21.200361], [167.537274, -21.201445], [167.536041, -21.202901], [167.535311, -21.203837], [167.53455, -21.204858], [167.533674, -21.206069], [167.53215, -21.208273], [167.531149, -21.209597], [167.529993, -21.211207], [167.528958, -21.212512], [167.528214, -21.213475], [167.527375, -21.214604], [167.526066, -21.216329], [167.524615, -21.218273], [167.523786, -21.21931], [167.522497, -21.220854], [167.521496, -21.222015], [167.518292, -21.226003], [167.517571, -21.227009], [167.516194, -21.22867], [167.515319, -21.229926], [167.514019, -21.231608], [167.512188, -21.233914], [167.510375, -21.236305], [167.509031, -21.237977], [167.507892, -21.239427], [167.506925, -21.240628], [167.500827, -21.248837], [167.500175, -21.249849], [167.497548, -21.253463], [167.496252, -21.255132], [167.494997, -21.256849], [167.493646, -21.258663], [167.491195, -21.261835], [167.488003, -21.266527], [167.487003, -21.267851], [167.485229, -21.270175], [167.484133, -21.271661], [167.482329, -21.27411], [167.481026, -21.275961], [167.478567, -21.279246], [167.475099, -21.283783], [167.473982, -21.285262], [167.472257, -21.287312], [167.467645, -21.29348], [167.466043, -21.295877], [167.460913, -21.302717], [167.459228, -21.304896], [167.457634, -21.307187], [167.456375, -21.308799], [167.455095, -21.310565], [167.453464, -21.312673], [167.452257, -21.314493], [167.451242, -21.315838], [167.449525, -21.318133], [167.446295, -21.322518], [167.445171, -21.324115], [167.44357, -21.326269], [167.441295, -21.329481], [167.439731, -21.331709], [167.437853, -21.334397], [167.435799, -21.337595], [167.433915, -21.340703], [167.431298, -21.345013], [167.430149, -21.347185], [167.428556, -21.349817], [167.427629, -21.351363], [167.425847, -21.35439], [167.423265, -21.358577], [167.422009, -21.360609], [167.420732, -21.362459], [167.420055, -21.363494], [167.403493, -21.389403], [167.403445, -21.390434], [167.400765, -21.39371], [167.399412, -21.395712], [167.397572, -21.398318], [167.396585, -21.399692], [167.393777, -21.404125], [167.392415, -21.40614], [167.385562, -21.416135], [167.383826, -21.418352], [167.381495, -21.421542], [167.380702, -21.422701], [167.378057, -21.426133], [167.374935, -21.430572], [167.371628, -21.43489], [167.367318, -21.441045], [167.366592, -21.441888], [167.360748, -21.44978], [167.359397, -21.451772], [167.357642, -21.453987], [167.356202, -21.455908], [167.354066, -21.458532], [167.352309, -21.460838], [167.350492, -21.463279], [167.344907, -21.47073], [167.344783, -21.470788], [167.337853, -21.47986], [167.336901, -21.480934], [167.332833, -21.486253], [167.330928, -21.488633], [167.329368, -21.490631], [167.327582, -21.492998], [167.323293, -21.49817], [167.321203, -21.50091], [167.318295, -21.504508], [167.316749, -21.506412], [167.315625, -21.507828], [167.314225, -21.509627], [167.313333, -21.510772], [167.312598, -21.51178], [167.31163, -21.512992], [167.310509, -21.514488], [167.30964, -21.515489], [167.308755, -21.51666], [167.30817, -21.517406], [167.294903, -21.53302], [167.29407, -21.533535], [167.292993, -21.535186], [167.292328, -21.536022], [167.291193, -21.537475], [167.290485, -21.538342], [167.289572, -21.539476], [167.288841, -21.540467], [167.287928, -21.54156], [167.286044, -21.543876], [167.285105, -21.545003], [167.283974, -21.546339], [167.283057, -21.547359], [167.282048, -21.548613], [167.28116, -21.549783], [167.280442, -21.550706], [167.279422, -21.551957], [167.278596, -21.552979], [167.277923, -21.553959], [167.276894, -21.555303], [167.275592, -21.556986], [167.274878, -21.557883], [167.273518, -21.559748], [167.272371, -21.56132], [167.271043, -21.562951], [167.269045, -21.565577], [167.267833, -21.567115], [167.266697, -21.568585], [167.265813, -21.569742], [167.265063, -21.570772], [167.264083, -21.572094], [167.262753, -21.573719], [167.261792, -21.574897], [167.260864, -21.575961], [167.259785, -21.577327], [167.25908, -21.578268], [167.258349, -21.579158], [167.257478, -21.580346], [167.256102, -21.582149], [167.254537, -21.584168], [167.253696, -21.58522], [167.252497, -21.586651], [167.250988, -21.58856], [167.249766, -21.590219], [167.248798, -21.591425], [167.247909, -21.592695], [167.246998, -21.59393], [167.246003, -21.595182], [167.245338, -21.596059], [167.244394, -21.597457], [167.243264, -21.599013], [167.242453, -21.600076], [167.241612, -21.60114], [167.240707, -21.60222], [167.239217, -21.604118], [167.23709, -21.607107], [167.236429, -21.608072], [167.235732, -21.609106], [167.234986, -21.610158], [167.233743, -21.612072], [167.231954, -21.614675], [167.231164, -21.615877], [167.230483, -21.616848], [167.229828, -21.617884], [167.228683, -21.619618], [167.227977, -21.620698], [167.227286, -21.621894], [167.226167, -21.623756], [167.225436, -21.624811], [167.22462, -21.62598], [167.223989, -21.626919], [167.223258, -21.628056], [167.222661, -21.629079], [167.221898, -21.630322], [167.221253, -21.631508], [167.220649, -21.632638], [167.219894, -21.633911], [167.219325, -21.634879], [167.218543, -21.636189], [167.217786, -21.63723], [167.21699, -21.638477], [167.21628, -21.639475], [167.215638, -21.640425], [167.214776, -21.641706], [167.212599, -21.645141], [167.211952, -21.646146], [167.211246, -21.647281], [167.21069, -21.648209], [167.209916, -21.64956], [167.209239, -21.650714], [167.208199, -21.65216], [167.208125, -21.652358], [167.20319, -21.660067], [167.20266, -21.660751], [167.201823, -21.662029], [167.201068, -21.663111], [167.200119, -21.664661], [167.198558, -21.66699], [167.197886, -21.668027], [167.197026, -21.669485], [167.196494, -21.670363], [167.195687, -21.671625], [167.195123, -21.672534], [167.194463, -21.673635], [167.193934, -21.674586], [167.192877, -21.676439], [167.192254, -21.677367], [167.191677, -21.678332], [167.191056, -21.679277], [167.190444, -21.680186], [167.189684, -21.681341], [167.189094, -21.682331], [167.188447, -21.683424], [167.187765, -21.684438], [167.186926, -21.685808], [167.186119, -21.68695], [167.185313, -21.688183], [167.18458, -21.689277], [167.183225, -21.691411], [167.182727, -21.692176], [167.181912, -21.693726], [167.181402, -21.694627], [167.180727, -21.695835], [167.180127, -21.696974], [167.179422, -21.698242], [167.1788, -21.699251], [167.178199, -21.700363], [167.177593, -21.701302], [167.177079, -21.702316], [167.175792, -21.704707], [167.175211, -21.705647], [167.174442, -21.707168], [167.173946, -21.707971], [167.173352, -21.709062], [167.172907, -21.70993], [167.172119, -21.711349], [167.171459, -21.712536], [167.170896, -21.713765], [167.170333, -21.714918], [167.169592, -21.716321], [167.168888, -21.71785], [167.168424, -21.718831], [167.167584, -21.72071], [167.167018, -21.721662], [167.166409, -21.72289], [167.165937, -21.723702], [167.16514, -21.725056], [167.164437, -21.726219], [167.163782, -21.727558], [167.151998, -21.753683], [167.151512, -21.754496], [167.150695, -21.75627], [167.150069, -21.757653], [167.149529, -21.758739], [167.148838, -21.759895], [167.147901, -21.761987], [167.147139, -21.763579], [167.146677, -21.764548], [167.145788, -21.766798], [167.145078, -21.768316], [167.144212, -21.770312], [167.143739, -21.771416], [167.143039, -21.772751], [167.142531, -21.773708], [167.141728, -21.775287], [167.141135, -21.776538], [167.140495, -21.777836], [167.139834, -21.77917], [167.139072, -21.780718], [167.138784, -21.781351], [167.125408, -21.810418], [167.124756, -21.811526], [167.124229, -21.812601], [167.123806, -21.81343], [167.123338, -21.814526], [167.1227, -21.815734], [167.122347, -21.81664], [167.121857, -21.817692], [167.121384, -21.81867], [167.120778, -21.819774], [167.120315, -21.820782], [167.119004, -21.823533], [167.118166, -21.825069], [167.117615, -21.826191], [167.116801, -21.82809], [167.116125, -21.829299], [167.11561, -21.830479], [167.115181, -21.831492], [167.114804, -21.832343], [167.114368, -21.833297], [167.113868, -21.834372], [167.113416, -21.835299], [167.112986, -21.836289], [167.112538, -21.837211], [167.112077, -21.838241], [167.111651, -21.839126], [167.111149, -21.840196], [167.11026, -21.841718], [167.109813, -21.842509], [167.109153, -21.843732], [167.10867, -21.844711], [167.108183, -21.845537], [167.107636, -21.846505], [167.106951, -21.847758], [167.106445, -21.84872], [167.105901, -21.84981], [167.10553, -21.850576], [167.105101, -21.851394], [167.10433, -21.852716], [167.103913, -21.853633], [167.103415, -21.854608], [167.102907, -21.855631], [167.102391, -21.856701], [167.101701, -21.858006], [167.101295, -21.858847], [167.100686, -21.859965], [167.100122, -21.861049], [167.099281, -21.862585], [167.098421, -21.864112], [167.097874, -21.865127], [167.097392, -21.866102], [167.096872, -21.867204], [167.095894, -21.869039], [167.095528, -21.869862], [167.094887, -21.871179], [167.094379, -21.872176], [167.093727, -21.873312], [167.093112, -21.874378], [167.09262, -21.875312], [167.092075, -21.876256], [167.091501, -21.877265], [167.090717, -21.878636], [167.090213, -21.879571], [167.089527, -21.88088], [167.08905, -21.881854], [167.08824, -21.883446], [167.087737, -21.884358], [167.087277, -21.885272], [167.080523, -21.896928], [167.079947, -21.897717], [167.079347, -21.898739], [167.078564, -21.899929], [167.077767, -21.901244], [167.077197, -21.902243], [167.076586, -21.903226], [167.076077, -21.904041], [167.075226, -21.905439], [167.074128, -21.907333], [167.073717, -21.908064], [167.073099, -21.909254], [167.072769, -21.909838], [167.069, -21.916058], [167.068597, -21.916892], [167.067917, -21.918023], [167.067347, -21.918976], [167.066216, -21.921105], [167.06499, -21.923112], [167.06436, -21.924215], [167.063685, -21.925436], [167.062569, -21.92746], [167.06186, -21.928572], [167.060803, -21.930167], [167.059895, -21.931828], [167.058518, -21.934182], [167.057354, -21.93647], [167.056805, -21.937565], [167.056422, -21.939129], [167.056306, -21.941242], [167.05627, -21.942632], [167.056218, -21.957295], [167.056497, -21.958481], [167.056846, -21.960117], [167.057397, -21.96289], [167.058068, -21.967527], [167.058888, -21.971512], [167.059354, -21.974784], [167.060321, -21.980045], [167.062102, -21.989373], [167.063385, -21.992554], [167.064427, -21.994919], [167.065339, -21.996977], [167.066203, -21.998912], [167.068823, -22.005218], [167.069472, -22.007077], [167.072127, -22.013085], [167.072982, -22.015317], [167.07532, -22.020358], [167.076208, -22.022524], [167.077737, -22.026228], [167.078723, -22.028443], [167.079795, -22.031105], [167.08177, -22.036337], [167.0823, -22.037471], [167.083002, -22.039272], [167.083672, -22.040971], [167.0846, -22.043406], [167.08507, -22.044665], [167.085633, -22.045997], [167.086315, -22.047863], [167.087014, -22.049725], [167.087828, -22.05177], [167.088162, -22.052852], [167.088685, -22.054471], [167.090121, -22.05853], [167.090598, -22.060057], [167.092278, -22.065137], [167.093025, -22.06729], [167.094858, -22.073455], [167.096158, -22.07721], [167.099295, -22.088018], [167.100094, -22.090402], [167.101166, -22.093888], [167.102102, -22.096968], [167.103326, -22.101157], [167.104636, -22.105791], [167.10741, -22.115963], [167.107877, -22.117965], [167.111277, -22.129982], [167.110755, -22.131381], [167.110076, -22.133173], [167.109342, -22.135222], [167.108837, -22.136323], [167.108474, -22.137294], [167.107745, -22.139191], [167.107292, -22.140587], [167.106848, -22.141816], [167.106376, -22.143116], [167.105754, -22.144799], [167.105328, -22.14603], [167.104618, -22.148005], [167.104011, -22.149784], [167.10362, -22.150838], [167.103137, -22.152315], [167.102745, -22.153496], [167.101981, -22.155507], [167.101535, -22.156585], [167.101, -22.157427], [167.100156, -22.159015], [167.09822, -22.162756], [167.096566, -22.165792], [167.09136, -22.175608], [167.089656, -22.179229], [167.088651, -22.181186], [167.086997, -22.184346], [167.085388, -22.187489], [167.083838, -22.189985], [167.083153, -22.191098], [167.082127, -22.192736], [167.081568, -22.193597], [167.079764, -22.196381], [167.079071, -22.197586], [167.077045, -22.200733], [167.075885, -22.20212], [167.074373, -22.203766], [167.072297, -22.206172], [167.06684, -22.212345], [167.064271, -22.215438], [167.060737, -22.219501], [167.058472, -22.226247], [167.058408, -22.234853], [167.058285, -22.236335], [167.058277, -22.243342], [167.058182, -22.245053], [167.058157, -22.250675], [167.058315, -22.253383], [167.059445, -22.263063], [167.05965, -22.265461], [167.060565, -22.272777], [167.061001, -22.275487], [167.061371, -22.277724], [167.061548, -22.279358], [167.061745, -22.280765], [167.061996, -22.282828], [167.062187, -22.284464], [167.062501, -22.287158], [167.062585, -22.288215], [167.063075, -22.294307], [167.063091, -22.295813], [167.063228, -22.297389], [167.063362, -22.299598], [167.063595, -22.30242], [167.063706, -22.304386], [167.063843, -22.306013], [167.063982, -22.308155], [167.064283, -22.311356], [167.064438, -22.313143], [167.0646, -22.314961], [167.064848, -22.319333], [167.064787, -22.320893], [167.064439, -22.322875], [167.06342, -22.327263], [167.062693, -22.329751], [167.061892, -22.33183], [167.060465, -22.334616], [167.059334, -22.33672], [167.057686, -22.337892], [167.055537, -22.338929], [167.05215, -22.340755], [167.048704, -22.342503], [167.046925, -22.343488], [167.045755, -22.344146], [167.04455, -22.344792], [167.042862, -22.345698], [167.04155, -22.346424], [167.040408, -22.34706], [167.038839, -22.347974], [167.036559, -22.3492], [167.034962, -22.349885], [167.033593, -22.350493], [167.031063, -22.351666], [167.029797, -22.352301], [167.02872, -22.352751], [167.027304, -22.35344], [167.025863, -22.354061], [167.024474, -22.354747], [167.023524, -22.355164], [167.022534, -22.355623], [167.02138, -22.356173], [167.019591, -22.357041], [167.016898, -22.358293], [167.014719, -22.359241], [167.012214, -22.360297], [167.00554, -22.362873], [167.00561, -22.362822], [166.995608, -22.366568], [166.989463, -22.368995], [166.98392, -22.3717], [166.980375, -22.373275], [166.979054, -22.373802], [166.975961, -22.375113], [166.973258, -22.376143], [166.969635, -22.377713], [166.961438, -22.380998], [166.955642, -22.383558], [166.932817, -22.398497], [166.931904, -22.39907], [166.930755, -22.399842], [166.928707, -22.40118], [166.92526, -22.40357], [166.922585, -22.404018], [166.913035, -22.40617], [166.911582, -22.406195], [166.896733, -22.407148], [166.894893, -22.406872], [166.884948, -22.4057], [166.881874, -22.405464], [166.877897, -22.404957], [166.873662, -22.403837], [166.868786, -22.402519], [166.865142, -22.401312], [166.861801, -22.400227], [166.859307, -22.399311], [166.855492, -22.397602], [166.852826, -22.396772], [166.845835, -22.394672], [166.843618, -22.3939], [166.84022, -22.392694], [166.839194, -22.39244], [166.831488, -22.390638], [166.828497, -22.390338], [166.821847, -22.389313], [166.81629, -22.389065], [166.810798, -22.388475], [166.807916, -22.388705], [166.805333, -22.388933], [166.800603, -22.390448], [166.79814, -22.391404], [166.793322, -22.392954], [166.788905, -22.393922], [166.784008, -22.395027], [166.78045, -22.396076], [166.778294, -22.396715], [166.775441, -22.397569], [166.771551, -22.398765], [166.77138, -22.39887], [166.747177, -22.406438], [166.745829, -22.406059], [166.742522, -22.405267], [166.740285, -22.404762], [166.736351, -22.403835], [166.735772, -22.403752], [166.72622, -22.399847], [166.724335, -22.398998], [166.721898, -22.397945], [166.719803, -22.397118], [166.714388, -22.394675], [166.69508, -22.386647], [166.690753, -22.384934], [166.681808, -22.38123], [166.677985, -22.379808], [166.661573, -22.373215], [166.658991, -22.372103], [166.654868, -22.370588], [166.647515, -22.367837], [166.644104, -22.366451], [166.639107, -22.364655], [166.636081, -22.363548], [166.62514, -22.359402], [166.622737, -22.358355], [166.617128, -22.35615], [166.614213, -22.354898], [166.611122, -22.353619], [166.606172, -22.351595], [166.60222, -22.350006], [166.599889, -22.349083], [166.597876, -22.348295], [166.596759, -22.347879], [166.590383, -22.34524], [166.570975, -22.338172], [166.568957, -22.337315], [166.564394, -22.335445], [166.562613, -22.334637], [166.552243, -22.332425], [166.549383, -22.331754], [166.545387, -22.331068], [166.542832, -22.330676], [166.539504, -22.330642], [166.536599, -22.330597], [166.52913, -22.330437], [166.522558, -22.330603], [166.518801, -22.330618], [166.514209, -22.330658], [166.509302, -22.330678], [166.489798, -22.330602], [166.487499, -22.330656], [166.483756, -22.330668], [166.480886, -22.330655], [166.477765, -22.330684], [166.475598, -22.3306], [166.472783, -22.330168], [166.470667, -22.329802], [166.468925, -22.329509], [166.466777, -22.329183], [166.46544, -22.328943], [166.463673, -22.328489], [166.461543, -22.327978], [166.459772, -22.327489], [166.458716, -22.327115], [166.457503, -22.326761], [166.456511, -22.326437], [166.454942, -22.325851], [166.452574, -22.324932], [166.450787, -22.324175], [166.449203, -22.323468], [166.448005, -22.322934], [166.44679, -22.322416], [166.44529, -22.321734], [166.443671, -22.321178], [166.44195, -22.320551], [166.439779, -22.31974], [166.438736, -22.319411], [166.437433, -22.318986], [166.435258, -22.318309], [166.433773, -22.317716], [166.42784, -22.307317], [166.427645, -22.305822], [166.426737, -22.301553], [166.425817, -22.298695], [166.424617, -22.29556], [166.42324, -22.291448], [166.422695, -22.289647], [166.422754, -22.288175], [166.425023, -22.286129], [166.428015, -22.284153], [166.431062, -22.281705], [166.432649, -22.278813], [166.434086, -22.277402], [166.436616, -22.276446], [166.438329, -22.276386], [166.439848, -22.276704], [166.439795, -22.276711]]}, "times": ["2022-11-11T02:14:01+00:00", "2022-11-11T02:16:26+00:00", "2022-11-11T02:19:23+00:00", "2022-11-11T02:23:16+00:00", "2022-11-11T02:49:49+00:00", "2022-11-11T02:50:29+00:00", "2022-11-11T02:52:54+00:00", "2022-11-11T02:58:36+00:00", "2022-11-11T03:02:25+00:00", "2022-11-11T03:03:14+00:00", "2022-11-11T03:07:43+00:00", "2022-11-11T03:13:17+00:00", "2022-11-11T03:19:26+00:00", "2022-11-11T03:27:33+00:00", "2022-11-11T03:31:59+00:00", "2022-11-11T03:38:45+00:00", "2022-11-11T03:41:39+00:00", "2022-11-11T03:47:37+00:00", "2022-11-11T03:50:39+00:00", "2022-11-11T03:54:07+00:00", "2022-11-11T04:00:43+00:00", "2022-11-11T04:02:48+00:00", "2022-11-11T04:05:54+00:00", "2022-11-11T04:07:47+00:00", "2022-11-11T04:13:10+00:00", "2022-11-11T04:20:08+00:00", "2022-11-11T04:24:26+00:00", "2022-11-11T04:31:54+00:00", "2022-11-11T04:42:21+00:00", "2022-11-11T04:48:44+00:00", "2022-11-11T05:11:08+00:00", "2022-11-11T05:17:39+00:00", "2022-11-11T05:23:09+00:00", "2022-11-11T05:27:12+00:00", "2022-11-11T05:33:42+00:00", "2022-11-11T05:40:15+00:00", "2022-11-11T05:43:45+00:00", "2022-11-11T05:48:20+00:00", "2022-11-11T05:51:30+00:00", "2022-11-11T05:52:42+00:00", "2022-11-11T05:58:14+00:00", "2022-11-11T06:01:07+00:00", "2022-11-11T06:07:04+00:00", "2022-11-11T06:12:32+00:00", "2022-11-11T06:13:29+00:00", "2022-11-11T06:19:37+00:00", "2022-11-11T06:23:54+00:00", "2022-11-11T06:26:18+00:00", "2022-11-11T06:27:55+00:00", "2022-11-11T06:32:47+00:00", "2022-11-11T06:34:23+00:00", "2022-11-11T06:37:48+00:00", "2022-11-11T06:43:56+00:00", "2022-11-11T06:47:33+00:00", "2022-11-11T06:54:01+00:00", "2022-11-11T06:58:26+00:00", "2022-11-11T07:00:34+00:00", "2022-11-11T07:05:51+00:00", "2022-11-11T07:09:48+00:00", "2022-11-11T07:10:40+00:00", "2022-11-11T07:13:52+00:00", "2022-11-11T07:18:45+00:00", "2022-11-11T07:19:41+00:00", "2022-11-11T07:24:58+00:00", "2022-11-11T07:28:10+00:00", "2022-11-11T07:30:31+00:00", "2022-11-11T07:42:06+00:00", "2022-11-11T07:42:18+00:00", "2022-11-11T07:45:44+00:00", "2022-11-11T07:47:09+00:00", "2022-11-11T07:47:33+00:00", "2022-11-11T07:49:22+00:00", "2022-11-11T08:01:27+00:00", "2022-11-11T08:01:55+00:00", "2022-11-11T08:10:02+00:00", "2022-11-11T08:14:16+00:00", "2022-11-11T08:17:01+00:00", "2022-11-11T08:19:29+00:00", "2022-11-11T08:25:22+00:00", "2022-11-11T08:29:28+00:00", "2022-11-11T08:40:24+00:00", "2022-11-11T08:48:36+00:00", "2022-11-11T08:51:25+00:00", "2022-11-11T08:53:25+00:00", "2022-11-11T08:57:39+00:00", "2022-11-11T09:08:08+00:00", "2022-11-11T09:10:17+00:00", "2022-11-11T09:12:59+00:00", "2022-11-11T09:14:52+00:00", "2022-11-11T09:18:37+00:00", "2022-11-11T09:24:10+00:00", "2022-11-11T09:26:51+00:00", "2022-11-11T09:27:32+00:00", "2022-11-11T09:31:39+00:00", "2022-11-11T09:33:47+00:00", "2022-11-11T09:36:03+00:00", "2022-11-11T09:37:31+00:00", "2022-11-11T09:42:16+00:00", "2022-11-11T09:43:12+00:00", "2022-11-11T09:47:20+00:00", "2022-11-11T09:52:05+00:00", "2022-11-11T09:52:42+00:00", "2022-11-11T09:58:06+00:00", "2022-11-11T10:03:11+00:00", "2022-11-11T10:04:44+00:00", "2022-11-11T10:09:09+00:00", "2022-11-11T10:10:49+00:00", "2022-11-11T10:12:30+00:00", "2022-11-11T10:18:11+00:00", "2022-11-11T10:32:48+00:00", "2022-11-11T10:37:01+00:00", "2022-11-11T10:44:15+00:00", "2022-11-11T10:49:15+00:00", "2022-11-11T10:53:24+00:00", "2022-11-11T10:57:29+00:00", "2022-11-11T11:00:17+00:00", "2022-11-11T11:05:54+00:00", "2022-11-11T11:08:26+00:00", "2022-11-11T11:11:03+00:00", "2022-11-11T11:12:11+00:00", "2022-11-11T11:14:11+00:00", "2022-11-11T11:19:19+00:00", "2022-11-11T11:28:36+00:00", "2022-11-11T11:34:49+00:00", "2022-11-11T11:36:17+00:00", "2022-11-11T11:40:10+00:00", "2022-11-11T11:41:54+00:00", "2022-11-11T11:45:06+00:00", "2022-11-11T11:50:15+00:00", "2022-11-11T11:54:56+00:00", "2022-11-11T12:04:29+00:00", "2022-11-11T12:18:35+00:00", "2022-11-11T12:21:55+00:00", "2022-11-11T12:24:43+00:00", "2022-11-11T12:26:40+00:00", "2022-11-11T12:32:00+00:00", "2022-11-11T12:32:37+00:00", "2022-11-11T12:36:15+00:00", "2022-11-11T12:37:44+00:00", "2022-11-11T12:41:18+00:00", "2022-11-11T12:43:35+00:00", "2022-11-11T12:49:17+00:00", "2022-11-11T12:51:30+00:00", "2022-11-11T12:52:18+00:00", "2022-11-11T12:54:07+00:00", "2022-11-11T12:57:32+00:00", "2022-11-11T13:01:10+00:00", "2022-11-11T13:04:31+00:00", "2022-11-11T13:12:24+00:00", "2022-11-11T13:15:49+00:00", "2022-11-11T13:25:32+00:00", "2022-11-11T13:29:58+00:00", "2022-11-11T13:31:47+00:00", "2022-11-11T13:36:25+00:00", "2022-11-11T13:47:53+00:00", "2022-11-11T13:56:09+00:00", "2022-11-11T14:02:16+00:00", "2022-11-11T14:04:37+00:00", "2022-11-11T14:08:39+00:00", "2022-11-11T14:10:28+00:00", "2022-11-11T14:16:14+00:00", "2022-11-11T14:24:06+00:00", "2022-11-11T14:29:36+00:00", "2022-11-11T14:30:36+00:00", "2022-11-11T14:34:34+00:00", "2022-11-11T14:38:15+00:00", "2022-11-11T14:42:13+00:00", "2022-11-11T14:44:14+00:00", "2022-11-11T14:52:59+00:00", "2022-11-11T14:54:23+00:00", "2022-11-11T15:09:14+00:00", "2022-11-11T15:12:32+00:00", "2022-11-11T15:14:41+00:00", "2022-11-11T15:23:51+00:00", "2022-11-11T15:30:59+00:00", "2022-11-11T15:32:04+00:00", "2022-11-11T15:48:00+00:00", "2022-11-11T15:51:21+00:00", "2022-11-11T15:53:26+00:00", "2022-11-11T15:55:32+00:00", "2022-11-11T15:57:04+00:00", "2022-11-11T16:03:47+00:00", "2022-11-11T16:04:31+00:00", "2022-11-11T16:10:26+00:00", "2022-11-11T16:15:04+00:00", "2022-11-11T16:18:06+00:00", "2022-11-11T16:21:31+00:00", "2022-11-11T16:22:12+00:00", "2022-11-11T16:29:16+00:00", "2022-11-11T16:31:41+00:00", "2022-11-11T16:34:38+00:00", "2022-11-11T16:39:13+00:00", "2022-11-11T16:41:18+00:00", "2022-11-11T16:47:25+00:00", "2022-11-11T16:49:58+00:00", "2022-11-11T16:53:32+00:00", "2022-11-11T17:04:06+00:00", "2022-11-11T17:10:53+00:00", "2022-11-11T17:18:16+00:00", "2022-11-11T17:23:59+00:00", "2022-11-11T17:28:46+00:00", "2022-11-11T17:31:59+00:00", "2022-11-11T17:40:19+00:00", "2022-11-11T17:41:03+00:00", "2022-11-11T17:48:02+00:00", "2022-11-11T17:54:17+00:00", "2022-11-11T18:09:20+00:00", "2022-11-11T18:13:59+00:00", "2022-11-11T18:18:43+00:00", "2022-11-11T18:27:03+00:00", "2022-11-11T18:31:24+00:00", "2022-11-11T18:32:44+00:00", "2022-11-11T18:40:35+00:00", "2022-11-11T18:43:24+00:00", "2022-11-11T18:52:01+00:00", "2022-11-11T18:56:43+00:00", "2022-11-11T19:05:15+00:00", "2022-11-11T19:06:44+00:00", "2022-11-11T19:13:59+00:00", "2022-11-11T19:19:05+00:00", "2022-11-11T19:23:43+00:00", "2022-11-11T19:31:02+00:00", "2022-11-11T19:36:29+00:00", "2022-11-11T19:37:50+00:00", "2022-11-11T19:39:02+00:00", "2022-11-11T19:44:53+00:00", "2022-11-11T19:47:51+00:00", "2022-11-11T19:58:09+00:00", "2022-11-11T20:03:49+00:00", "2022-11-11T20:10:08+00:00", "2022-11-11T20:14:05+00:00", "2022-11-11T20:16:50+00:00", "2022-11-11T20:18:34+00:00", "2022-11-11T20:22:44+00:00", "2022-11-11T20:25:17+00:00", "2022-11-11T20:31:01+00:00", "2022-11-11T20:39:16+00:00", "2022-11-11T20:40:41+00:00", "2022-11-11T20:43:34+00:00", "2022-11-11T20:45:55+00:00", "2022-11-11T20:50:53+00:00", "2022-11-11T20:55:31+00:00", "2022-11-11T20:56:47+00:00", "2022-11-11T21:00:35+00:00", "2022-11-11T21:01:43+00:00", "2022-11-11T21:04:40+00:00", "2022-11-11T21:05:16+00:00", "2022-11-11T21:11:17+00:00", "2022-11-11T21:16:38+00:00", "2022-11-11T21:17:55+00:00", "2022-11-11T21:20:36+00:00", "2022-11-11T21:27:49+00:00", "2022-11-11T21:31:38+00:00", "2022-11-11T21:38:50+00:00", "2022-11-11T22:09:58+00:00", "2022-11-11T22:10:30+00:00", "2022-11-11T22:12:38+00:00", "2022-11-11T22:14:50+00:00", "2022-11-11T22:15:51+00:00", "2022-11-11T22:18:27+00:00", "2022-11-11T22:21:08+00:00", "2022-11-11T22:22:00+00:00", "2022-11-11T22:23:00+00:00", "2022-11-11T22:30:17+00:00", "2022-11-11T22:32:26+00:00", "2022-11-11T22:35:34+00:00", "2022-11-11T22:39:59+00:00", "2022-11-11T22:42:48+00:00", "2022-11-11T22:46:44+00:00", "2022-11-11T22:48:04+00:00", "2022-11-11T22:53:21+00:00", "2022-11-11T22:57:50+00:00", "2022-11-11T23:02:38+00:00", "2022-11-11T23:04:42+00:00", "2022-11-11T23:08:07+00:00", "2022-11-11T23:09:31+00:00", "2022-11-11T23:15:14+00:00", "2022-11-11T23:18:38+00:00", "2022-11-11T23:19:51+00:00", "2022-11-11T23:20:59+00:00", "2022-11-11T23:24:51+00:00", "2022-11-11T23:25:59+00:00", "2022-11-11T23:31:04+00:00", "2022-11-11T23:31:52+00:00", "2022-11-11T23:32:28+00:00", "2022-11-11T23:37:41+00:00", "2022-11-11T23:39:06+00:00", "2022-11-11T23:39:46+00:00", "2022-11-11T23:43:14+00:00", "2022-11-11T23:47:07+00:00", "2022-11-11T23:49:03+00:00", "2022-11-11T23:49:31+00:00", "2022-11-11T23:51:56+00:00", "2022-11-11T23:53:48+00:00", "2022-11-11T23:54:40+00:00", "2022-11-12T00:00:02+00:00", "2022-11-12T00:02:18+00:00", "2022-11-12T00:03:34+00:00", "2022-11-12T00:05:47+00:00", "2022-11-12T00:07:15+00:00", "2022-11-12T00:10:00+00:00", "2022-11-12T00:11:08+00:00", "2022-11-12T00:11:48+00:00", "2022-11-12T00:13:49+00:00", "2022-11-12T00:16:05+00:00", "2022-11-12T00:17:25+00:00", "2022-11-12T00:23:26+00:00", "2022-11-12T00:23:46+00:00", "2022-11-12T00:25:19+00:00", "2022-11-12T00:27:29+00:00", "2022-11-12T00:28:50+00:00", "2022-11-12T00:29:50+00:00", "2022-11-12T00:31:03+00:00", "2022-11-12T00:32:48+00:00", "2022-11-12T00:33:37+00:00", "2022-11-12T00:35:01+00:00", "2022-11-12T00:35:34+00:00", "2022-11-12T00:37:35+00:00", "2022-11-12T00:37:51+00:00", "2022-11-12T00:38:47+00:00", "2022-11-12T00:39:52+00:00", "2022-11-12T00:40:57+00:00", "2022-11-12T00:42:29+00:00", "2022-11-12T00:43:30+00:00", "2022-11-12T00:44:02+00:00", "2022-11-12T00:45:27+00:00", "2022-11-12T00:46:11+00:00", "2022-11-12T00:46:56+00:00", "2022-11-12T00:48:37+00:00", "2022-11-12T00:49:13+00:00", "2022-11-12T00:50:42+00:00", "2022-11-12T00:51:43+00:00", "2022-11-12T00:52:20+00:00", "2022-11-12T00:53:41+00:00", "2022-11-12T00:56:02+00:00", "2022-11-12T00:56:51+00:00", "2022-11-12T00:59:09+00:00", "2022-11-12T01:02:39+00:00", "2022-11-12T01:03:51+00:00", "2022-11-12T01:05:32+00:00", "2022-11-12T01:07:01+00:00", "2022-11-12T01:09:18+00:00", "2022-11-12T01:10:55+00:00", "2022-11-12T01:14:37+00:00", "2022-11-12T01:17:11+00:00", "2022-11-12T01:22:57+00:00", "2022-11-12T01:23:54+00:00", "2022-11-12T01:28:15+00:00", "2022-11-12T01:30:48+00:00", "2022-11-12T01:33:25+00:00", "2022-11-12T01:37:47+00:00", "2022-11-12T01:40:08+00:00", "2022-11-12T01:43:26+00:00", "2022-11-12T01:48:44+00:00", "2022-11-12T01:50:45+00:00", "2022-11-12T01:53:15+00:00", "2022-11-12T01:55:36+00:00", "2022-11-12T01:58:34+00:00", "2022-11-12T02:00:31+00:00", "2022-11-12T02:02:52+00:00", "2022-11-12T02:08:11+00:00", "2022-11-12T02:11:44+00:00", "2022-11-12T02:13:25+00:00", "2022-11-12T02:16:23+00:00", "2022-11-12T02:20:25+00:00", "2022-11-12T02:21:57+00:00", "2022-11-12T02:26:11+00:00", "2022-11-12T02:28:04+00:00", "2022-11-12T02:32:37+00:00", "2022-11-12T02:34:26+00:00", "2022-11-12T02:36:35+00:00", "2022-11-12T02:38:40+00:00", "2022-11-12T02:40:33+00:00", "2022-11-12T02:44:50+00:00", "2022-11-12T02:46:10+00:00", "2022-11-12T02:48:14+00:00", "2022-11-12T02:50:43+00:00", "2022-11-12T02:57:00+00:00", "2022-11-12T02:57:52+00:00", "2022-11-12T03:00:49+00:00", "2022-11-12T03:01:33+00:00", "2022-11-12T03:03:53+00:00", "2022-11-12T03:05:21+00:00", "2022-11-12T03:20:57+00:00", "2022-11-12T03:21:33+00:00", "2022-11-12T03:25:02+00:00", "2022-11-12T03:26:58+00:00", "2022-11-12T03:28:22+00:00", "2022-11-12T03:31:10+00:00", "2022-11-12T03:32:19+00:00", "2022-11-12T03:39:12+00:00", "2022-11-12T03:44:33+00:00", "2022-11-12T03:46:09+00:00", "2022-11-12T03:47:09+00:00", "2022-11-12T03:51:26+00:00", "2022-11-12T03:52:46+00:00", "2022-11-12T03:53:26+00:00", "2022-11-12T03:57:27+00:00", "2022-11-12T03:58:07+00:00", "2022-11-12T04:02:08+00:00", "2022-11-12T04:04:37+00:00", "2022-11-12T04:08:57+00:00", "2022-11-12T04:11:18+00:00", "2022-11-12T04:12:50+00:00", "2022-11-12T04:16:26+00:00", "2022-11-12T04:18:44+00:00", "2022-11-12T04:19:44+00:00", "2022-11-12T04:20:57+00:00", "2022-11-12T04:23:34+00:00", "2022-11-12T04:25:51+00:00", "2022-11-12T04:29:48+00:00", "2022-11-12T04:31:32+00:00", "2022-11-12T04:32:32+00:00", "2022-11-12T04:35:08+00:00", "2022-11-12T04:37:13+00:00", "2022-11-12T04:37:57+00:00", "2022-11-12T04:39:13+00:00", "2022-11-12T04:41:29+00:00", "2022-11-12T04:42:13+00:00", "2022-11-12T04:43:25+00:00", "2022-11-12T04:44:37+00:00", "2022-11-12T04:47:45+00:00", "2022-11-12T04:49:38+00:00", "2022-11-12T04:51:26+00:00", "2022-11-12T04:52:10+00:00", "2022-11-12T04:55:07+00:00", "2022-11-12T04:58:55+00:00", "2022-11-12T04:59:39+00:00", "2022-11-12T05:01:20+00:00", "2022-11-12T05:04:24+00:00", "2022-11-12T05:05:04+00:00", "2022-11-12T05:08:57+00:00", "2022-11-12T05:11:41+00:00", "2022-11-12T05:12:17+00:00", "2022-11-12T05:13:45+00:00", "2022-11-12T05:15:26+00:00", "2022-11-12T05:19:30+00:00", "2022-11-12T05:20:22+00:00", "2022-11-12T05:22:31+00:00", "2022-11-12T05:23:39+00:00", "2022-11-12T05:25:39+00:00", "2022-11-12T05:26:43+00:00", "2022-11-12T05:28:56+00:00", "2022-11-12T05:29:36+00:00", "2022-11-12T05:33:24+00:00", "2022-11-12T05:38:05+00:00", "2022-11-12T05:40:09+00:00", "2022-11-12T05:42:05+00:00", "2022-11-12T05:42:57+00:00", "2022-11-12T05:46:14+00:00", "2022-11-12T05:48:50+00:00", "2022-11-12T05:51:34+00:00", "2022-11-12T05:52:15+00:00", "2022-11-12T05:53:27+00:00", "2022-11-12T05:55:12+00:00", "2022-11-12T05:57:40+00:00", "2022-11-12T05:58:32+00:00", "2022-11-12T05:59:37+00:00", "2022-11-12T06:01:01+00:00", "2022-11-12T06:02:21+00:00", "2022-11-12T06:04:13+00:00", "2022-11-12T06:04:57+00:00", "2022-11-12T06:06:53+00:00", "2022-11-12T06:08:14+00:00", "2022-11-12T06:09:54+00:00", "2022-11-12T06:11:30+00:00", "2022-11-12T06:12:06+00:00", "2022-11-12T06:13:18+00:00", "2022-11-12T06:14:15+00:00", "2022-11-12T06:16:03+00:00", "2022-11-12T06:18:15+00:00", "2022-11-12T06:20:16+00:00", "2022-11-12T06:21:36+00:00", "2022-11-12T06:23:12+00:00", "2022-11-12T06:24:12+00:00", "2022-11-12T06:25:41+00:00", "2022-11-12T06:26:25+00:00", "2022-11-12T06:27:53+00:00", "2022-11-12T06:28:49+00:00", "2022-11-12T06:29:21+00:00", "2022-11-12T06:31:14+00:00", "2022-11-12T06:31:42+00:00", "2022-11-12T06:35:02+00:00", "2022-11-12T06:35:30+00:00", "2022-11-12T06:37:27+00:00", "2022-11-12T06:38:31+00:00", "2022-11-12T06:39:52+00:00", "2022-11-12T06:41:04+00:00", "2022-11-12T06:41:40+00:00", "2022-11-12T06:43:16+00:00", "2022-11-12T06:46:06+00:00", "2022-11-12T06:47:23+00:00", "2022-11-12T06:48:31+00:00", "2022-11-12T06:51:23+00:00", "2022-11-12T06:51:51+00:00", "2022-11-12T06:53:28+00:00", "2022-11-12T06:54:12+00:00", "2022-11-12T06:58:08+00:00", "2022-11-12T06:59:09+00:00", "2022-11-12T07:01:25+00:00", "2022-11-12T07:02:05+00:00", "2022-11-12T07:03:14+00:00", "2022-11-12T07:04:31+00:00", "2022-11-12T07:05:23+00:00", "2022-11-12T07:08:16+00:00", "2022-11-12T07:08:56+00:00", "2022-11-12T07:09:44+00:00", "2022-11-12T07:11:53+00:00", "2022-11-12T07:13:42+00:00", "2022-11-12T07:14:10+00:00", "2022-11-12T07:15:43+00:00", "2022-11-12T07:17:04+00:00", "2022-11-12T07:19:40+00:00", "2022-11-12T07:20:28+00:00", "2022-11-12T07:25:01+00:00", "2022-11-12T07:27:01+00:00", "2022-11-12T07:28:45+00:00", "2022-11-12T07:29:54+00:00", "2022-11-12T07:30:38+00:00", "2022-11-12T07:31:15+00:00", "2022-11-12T07:33:52+00:00", "2022-11-12T07:34:53+00:00", "2022-11-12T07:37:06+00:00", "2022-11-12T07:38:42+00:00", "2022-11-12T07:39:02+00:00", "2022-11-12T07:42:35+00:00", "2022-11-12T07:44:07+00:00", "2022-11-12T07:48:12+00:00", "2022-11-12T07:51:40+00:00", "2022-11-12T07:53:12+00:00", "2022-11-12T07:57:17+00:00", "2022-11-12T07:58:54+00:00", "2022-11-12T08:00:54+00:00", "2022-11-12T08:01:59+00:00", "2022-11-12T08:26:17+00:00", "2022-11-12T08:29:18+00:00", "2022-11-12T08:33:12+00:00", "2022-11-12T08:36:16+00:00", "2022-11-12T08:38:13+00:00", "2022-11-12T08:39:01+00:00", "2022-11-12T08:45:18+00:00", "2022-11-12T08:45:50+00:00", "2022-11-12T08:46:26+00:00", "2022-11-12T08:49:59+00:00", "2022-11-12T08:52:15+00:00", "2022-11-12T08:53:28+00:00", "2022-11-12T08:58:01+00:00", "2022-11-12T09:00:54+00:00", "2022-11-12T09:01:38+00:00", "2022-11-12T09:02:18+00:00", "2022-11-12T09:04:46+00:00", "2022-11-12T09:05:14+00:00", "2022-11-12T09:08:47+00:00", "2022-11-12T09:09:55+00:00", "2022-11-12T09:10:59+00:00", "2022-11-12T09:12:03+00:00", "2022-11-12T09:13:20+00:00", "2022-11-12T09:14:40+00:00", "2022-11-12T09:17:56+00:00", "2022-11-12T09:18:52+00:00", "2022-11-12T09:19:56+00:00", "2022-11-12T09:21:32+00:00", "2022-11-12T09:24:37+00:00", "2022-11-12T09:25:57+00:00", "2022-11-12T09:26:49+00:00", "2022-11-12T09:29:43+00:00", "2022-11-12T09:30:15+00:00", "2022-11-12T09:31:11+00:00", "2022-11-12T09:32:03+00:00", "2022-11-12T09:34:27+00:00", "2022-11-12T09:35:15+00:00", "2022-11-12T09:38:16+00:00", "2022-11-12T09:39:04+00:00", "2022-11-12T09:40:16+00:00", "2022-11-12T09:41:12+00:00", "2022-11-12T09:42:12+00:00", "2022-11-12T09:43:12+00:00", "2022-11-12T09:44:29+00:00", "2022-11-12T09:45:26+00:00", "2022-11-12T09:46:46+00:00", "2022-11-12T09:47:26+00:00", "2022-11-12T09:48:26+00:00", "2022-11-12T09:49:34+00:00", "2022-11-12T09:51:23+00:00", "2022-11-12T09:53:07+00:00", "2022-11-12T09:55:19+00:00", "2022-11-12T09:55:59+00:00", "2022-11-12T09:57:05+00:00", "2022-11-12T09:58:01+00:00", "2022-11-12T10:00:26+00:00", "2022-11-12T10:01:22+00:00", "2022-11-12T10:03:59+00:00", "2022-11-12T10:07:32+00:00", "2022-11-12T10:12:57+00:00", "2022-11-12T10:15:30+00:00", "2022-11-12T10:18:22+00:00", "2022-11-12T10:21:03+00:00", "2022-11-12T10:25:11+00:00", "2022-11-12T10:26:59+00:00", "2022-11-12T10:31:05+00:00", "2022-11-12T10:34:18+00:00", "2022-11-12T10:38:47+00:00", "2022-11-12T10:45:36+00:00", "2022-11-12T10:49:23+00:00", "2022-11-12T10:53:32+00:00", "2022-11-12T10:55:50+00:00", "2022-11-12T10:58:20+00:00", "2022-11-12T11:06:34+00:00", "2022-11-12T11:14:49+00:00", "2022-11-12T11:17:14+00:00", "2022-11-12T11:19:55+00:00", "2022-11-12T11:20:39+00:00", "2022-11-12T11:24:00+00:00", "2022-11-12T11:24:57+00:00", "2022-11-12T11:27:38+00:00", "2022-11-12T11:29:27+00:00", "2022-11-12T11:30:40+00:00", "2022-11-12T11:32:09+00:00", "2022-11-12T11:34:31+00:00", "2022-11-12T11:36:13+00:00", "2022-11-12T11:39:53+00:00", "2022-11-12T11:41:38+00:00", "2022-11-12T11:43:58+00:00", "2022-11-12T11:50:39+00:00", "2022-11-12T11:52:31+00:00", "2022-11-12T11:54:47+00:00", "2022-11-12T12:00:08+00:00", "2022-11-12T12:01:41+00:00", "2022-11-12T12:10:02+00:00", "2022-11-12T12:13:39+00:00", "2022-11-12T12:16:27+00:00", "2022-11-12T12:24:12+00:00", "2022-11-12T12:29:05+00:00", "2022-11-12T12:33:29+00:00", "2022-11-12T12:41:58+00:00", "2022-11-12T12:44:59+00:00", "2022-11-12T12:48:48+00:00", "2022-11-12T12:52:49+00:00", "2022-11-12T12:55:18+00:00", "2022-11-12T13:02:46+00:00", "2022-11-12T13:10:11+00:00", "2022-11-12T13:14:59+00:00", "2022-11-12T13:22:58+00:00", "2022-11-12T13:23:38+00:00", "2022-11-12T13:29:49+00:00", "2022-11-12T13:33:46+00:00", "2022-11-12T13:43:03+00:00", "2022-11-12T13:46:04+00:00", "2022-11-12T13:50:39+00:00", "2022-11-12T13:51:36+00:00", "2022-11-12T13:56:58+00:00", "2022-11-12T13:59:15+00:00", "2022-11-12T14:02:53+00:00", "2022-11-12T14:05:55+00:00", "2022-11-12T14:09:21+00:00", "2022-11-12T14:12:52+00:00", "2022-11-12T14:15:33+00:00", "2022-11-12T14:18:47+00:00", "2022-11-12T14:20:54+00:00", "2022-11-12T14:24:21+00:00", "2022-11-12T14:28:15+00:00", "2022-11-12T14:32:17+00:00", "2022-11-12T14:34:07+00:00", "2022-11-12T14:37:25+00:00", "2022-11-12T14:39:55+00:00", "2022-11-12T14:42:59+00:00", "2022-11-12T14:44:27+00:00", "2022-11-12T14:52:39+00:00", "2022-11-12T14:58:02+00:00", "2022-11-12T15:04:09+00:00", "2022-11-12T15:07:58+00:00", "2022-11-12T15:16:10+00:00", "2022-11-12T15:21:05+00:00", "2022-11-12T15:32:20+00:00", "2022-11-12T15:38:15+00:00", "2022-11-12T15:42:54+00:00", "2022-11-12T15:49:22+00:00", "2022-11-12T15:54:09+00:00", "2022-11-12T16:00:48+00:00", "2022-11-12T16:08:04+00:00", "2022-11-12T16:13:12+00:00", "2022-11-12T16:16:27+00:00", "2022-11-12T16:23:57+00:00", "2022-11-12T16:31:53+00:00", "2022-11-12T16:35:14+00:00", "2022-11-12T16:39:30+00:00", "2022-11-12T16:53:30+00:00", "2022-11-12T16:56:31+00:00", "2022-11-12T16:58:33+00:00", "2022-11-12T17:08:09+00:00", "2022-11-12T17:15:05+00:00", "2022-11-12T17:22:50+00:00", "2022-11-12T17:27:36+00:00", "2022-11-12T17:34:41+00:00", "2022-11-12T17:41:45+00:00", "2022-11-12T18:01:28+00:00", "2022-11-12T18:06:23+00:00", "2022-11-12T18:10:51+00:00", "2022-11-12T18:19:11+00:00", "2022-11-12T18:22:33+00:00", "2022-11-12T18:26:07+00:00", "2022-11-12T18:28:16+00:00", "2022-11-12T18:35:16+00:00", "2022-11-12T18:37:42+00:00", "2022-11-12T18:41:28+00:00", "2022-11-12T18:46:30+00:00", "2022-11-12T18:48:35+00:00", "2022-11-12T18:51:09+00:00", "2022-11-12T18:57:53+00:00", "2022-11-12T18:59:25+00:00", "2022-11-12T19:08:38+00:00", "2022-11-12T19:10:03+00:00", "2022-11-12T19:22:38+00:00", "2022-11-12T19:24:19+00:00", "2022-11-12T19:26:24+00:00", "2022-11-12T19:33:00+00:00", "2022-11-12T19:33:37+00:00", "2022-11-12T19:36:23+00:00", "2022-11-12T19:38:40+00:00", "2022-11-12T19:41:13+00:00", "2022-11-12T19:43:43+00:00", "2022-11-12T19:45:16+00:00", "2022-11-12T19:47:05+00:00", "2022-11-12T19:49:31+00:00", "2022-11-12T19:50:49+00:00", "2022-11-12T19:55:52+00:00", "2022-11-12T20:03:00+00:00", "2022-11-12T20:07:16+00:00", "2022-11-12T20:11:40+00:00", "2022-11-12T20:15:22+00:00", "2022-11-12T20:19:25+00:00", "2022-11-12T20:25:16+00:00", "2022-11-12T20:26:08+00:00", "2022-11-12T20:31:29+00:00", "2022-11-12T20:38:41+00:00", "2022-11-12T20:42:27+00:00", "2022-11-12T20:49:06+00:00", "2022-11-12T20:52:04+00:00", "2022-11-12T20:56:47+00:00", "2022-11-12T21:01:14+00:00", "2022-11-12T21:02:55+00:00", "2022-11-12T21:08:34+00:00", "2022-11-12T21:12:16+00:00", "2022-11-12T21:14:33+00:00", "2022-11-12T21:23:13+00:00", "2022-11-12T21:25:54+00:00", "2022-11-12T21:35:00+00:00", "2022-11-12T21:40:06+00:00", "2022-11-12T21:41:26+00:00", "2022-11-12T21:42:58+00:00", "2022-11-12T21:44:42+00:00", "2022-11-12T21:48:19+00:00", "2022-11-12T22:01:20+00:00", "2022-11-12T22:03:21+00:00", "2022-11-12T22:08:01+00:00", "2022-11-12T22:10:13+00:00", "2022-11-12T22:18:18+00:00", "2022-11-12T22:24:56+00:00", "2022-11-12T22:27:32+00:00", "2022-11-12T22:31:36+00:00", "2022-11-12T22:36:11+00:00", "2022-11-12T22:42:23+00:00", "2022-11-12T22:47:18+00:00", "2022-11-12T22:57:17+00:00", "2022-11-12T23:00:40+00:00", "2022-11-12T23:03:30+00:00", "2022-11-12T23:09:27+00:00", "2022-11-12T23:14:47+00:00", "2022-11-12T23:18:57+00:00", "2022-11-12T23:25:17+00:00", "2022-11-12T23:32:11+00:00", "2022-11-12T23:32:56+00:00", "2022-11-12T23:40:10+00:00", "2022-11-12T23:45:11+00:00", "2022-11-12T23:47:15+00:00", "2022-11-12T23:53:16+00:00", "2022-11-12T23:55:13+00:00", "2022-11-13T00:01:54+00:00", "2022-11-13T00:05:52+00:00", "2022-11-13T00:09:16+00:00", "2022-11-13T00:15:30+00:00", "2022-11-13T01:03:05+00:00", "2022-11-13T01:08:08+00:00", "2022-11-13T01:11:17+00:00", "2022-11-13T01:13:06+00:00", "2022-11-13T01:17:12+00:00", "2022-11-13T01:20:58+00:00", "2022-11-13T01:22:48+00:00", "2022-11-13T01:25:17+00:00", "2022-11-13T01:28:58+00:00", "2022-11-13T01:35:41+00:00", "2022-11-13T01:37:46+00:00", "2022-11-13T01:44:14+00:00", "2022-11-13T01:48:27+00:00", "2022-11-13T01:51:45+00:00", "2022-11-13T01:55:39+00:00", "2022-11-13T01:59:17+00:00", "2022-11-13T02:04:07+00:00", "2022-11-13T02:07:16+00:00", "2022-11-13T02:10:53+00:00", "2022-11-13T02:15:44+00:00", "2022-11-13T02:18:58+00:00", "2022-11-13T02:21:47+00:00", "2022-11-13T02:25:37+00:00", "2022-11-13T02:27:42+00:00", "2022-11-13T02:31:32+00:00", "2022-11-13T02:34:46+00:00", "2022-11-13T02:39:15+00:00", "2022-11-13T02:41:57+00:00", "2022-11-13T02:45:18+00:00", "2022-11-13T02:46:43+00:00", "2022-11-13T02:49:32+00:00", "2022-11-13T02:52:17+00:00", "2022-11-13T02:53:38+00:00", "2022-11-13T02:55:39+00:00", "2022-11-13T02:58:28+00:00", "2022-11-13T03:03:30+00:00", "2022-11-13T03:05:11+00:00", "2022-11-13T03:24:05+00:00", "2022-11-13T03:25:14+00:00", "2022-11-13T03:28:51+00:00", "2022-11-13T03:28:59+00:00", "2022-11-13T03:36:02+00:00", "2022-11-13T03:37:35+00:00", "2022-11-13T03:39:59+00:00", "2022-11-13T03:42:20+00:00", "2022-11-13T03:45:01+00:00", "2022-11-13T03:46:49+00:00", "2022-11-13T03:48:42+00:00", "2022-11-13T03:50:31+00:00", "2022-11-13T03:52:15+00:00", "2022-11-13T03:52:40+00:00", "2022-11-13T03:55:00+00:00", "2022-11-13T03:55:32+00:00", "2022-11-13T03:57:49+00:00", "2022-11-13T03:58:37+00:00", "2022-11-13T03:59:22+00:00", "2022-11-13T04:02:15+00:00", "2022-11-13T04:03:28+00:00", "2022-11-13T04:04:37+00:00", "2022-11-13T04:06:30+00:00", "2022-11-13T04:07:58+00:00", "2022-11-13T04:08:59+00:00", "2022-11-13T04:09:44+00:00", "2022-11-13T04:11:24+00:00", "2022-11-13T04:12:09+00:00", "2022-11-13T04:13:34+00:00", "2022-11-13T04:15:43+00:00", "2022-11-13T04:16:52+00:00", "2022-11-13T04:18:04+00:00", "2022-11-13T04:19:33+00:00", "2022-11-13T04:20:25+00:00", "2022-11-13T04:21:06+00:00", "2022-11-13T04:22:38+00:00", "2022-11-13T04:23:59+00:00", "2022-11-13T04:25:36+00:00", "2022-11-13T04:27:45+00:00", "2022-11-13T04:29:26+00:00", "2022-11-13T04:29:54+00:00", "2022-11-13T04:31:22+00:00", "2022-11-13T04:32:23+00:00", "2022-11-13T04:35:04+00:00", "2022-11-13T04:35:57+00:00", "2022-11-13T04:36:53+00:00", "2022-11-13T04:38:55+00:00", "2022-11-13T04:40:11+00:00", "2022-11-13T04:41:52+00:00", "2022-11-13T04:42:20+00:00", "2022-11-13T04:44:53+00:00", "2022-11-13T04:45:50+00:00", "2022-11-13T04:48:10+00:00", "2022-11-13T04:49:27+00:00", "2022-11-13T04:50:40+00:00", "2022-11-13T04:51:56+00:00", "2022-11-13T04:52:49+00:00", "2022-11-13T04:54:25+00:00", "2022-11-13T04:56:06+00:00", "2022-11-13T04:59:20+00:00", "2022-11-13T05:00:25+00:00", "2022-11-13T05:01:22+00:00", "2022-11-13T05:02:06+00:00", "2022-11-13T05:03:18+00:00", "2022-11-13T05:04:39+00:00", "2022-11-13T05:05:19+00:00", "2022-11-13T05:06:03+00:00", "2022-11-13T05:06:59+00:00", "2022-11-13T05:08:32+00:00", "2022-11-13T05:09:25+00:00", "2022-11-13T05:10:05+00:00", "2022-11-13T05:11:49+00:00", "2022-11-13T05:12:42+00:00", "2022-11-13T05:13:46+00:00", "2022-11-13T05:14:46+00:00", "2022-11-13T05:15:47+00:00", "2022-11-13T05:16:59+00:00", "2022-11-13T05:17:44+00:00", "2022-11-13T05:18:36+00:00", "2022-11-13T05:19:45+00:00", "2022-11-13T05:21:22+00:00", "2022-11-13T05:21:46+00:00", "2022-11-13T05:23:02+00:00", "2022-11-13T05:25:15+00:00", "2022-11-13T05:25:51+00:00", "2022-11-13T05:26:35+00:00", "2022-11-13T05:29:05+00:00", "2022-11-13T05:32:41+00:00", "2022-11-13T05:33:41+00:00", "2022-11-13T05:39:03+00:00", "2022-11-13T05:39:44+00:00", "2022-11-13T05:41:36+00:00", "2022-11-13T05:43:21+00:00", "2022-11-13T05:44:21+00:00", "2022-11-13T05:47:02+00:00", "2022-11-13T05:49:59+00:00", "2022-11-13T06:13:00+00:00", "2022-11-13T06:13:20+00:00", "2022-11-13T06:15:34+00:00", "2022-11-13T06:17:03+00:00", "2022-11-13T06:18:03+00:00", "2022-11-13T06:18:48+00:00", "2022-11-13T06:20:49+00:00", "2022-11-13T06:22:50+00:00", "2022-11-13T06:24:18+00:00", "2022-11-13T06:25:06+00:00", "2022-11-13T06:26:15+00:00", "2022-11-13T06:27:15+00:00", "2022-11-13T06:27:52+00:00", "2022-11-13T06:29:08+00:00", "2022-11-13T06:31:49+00:00", "2022-11-13T06:32:25+00:00", "2022-11-13T06:35:46+00:00", "2022-11-13T06:38:03+00:00", "2022-11-13T06:39:07+00:00", "2022-11-13T06:39:59+00:00", "2022-11-13T06:40:44+00:00", "2022-11-13T06:41:24+00:00", "2022-11-13T06:42:13+00:00", "2022-11-13T06:43:21+00:00", "2022-11-13T06:44:06+00:00", "2022-11-13T06:45:10+00:00", "2022-11-13T06:45:51+00:00", "2022-11-13T06:47:51+00:00", "2022-11-13T06:48:52+00:00", "2022-11-13T06:50:00+00:00", "2022-11-13T06:51:37+00:00", "2022-11-13T06:52:05+00:00", "2022-11-13T06:52:45+00:00", "2022-11-13T06:54:14+00:00", "2022-11-13T06:55:27+00:00", "2022-11-13T06:57:04+00:00", "2022-11-13T06:58:04+00:00", "2022-11-13T07:00:29+00:00", "2022-11-13T07:00:49+00:00", "2022-11-13T07:01:46+00:00", "2022-11-13T07:04:03+00:00", "2022-11-13T07:04:27+00:00", "2022-11-13T07:05:56+00:00", "2022-11-13T07:06:53+00:00", "2022-11-13T07:07:49+00:00", "2022-11-13T07:08:58+00:00", "2022-11-13T07:09:34+00:00", "2022-11-13T07:12:24+00:00", "2022-11-13T07:13:49+00:00", "2022-11-13T07:16:09+00:00", "2022-11-13T07:17:14+00:00", "2022-11-13T07:20:32+00:00", "2022-11-13T07:22:12+00:00", "2022-11-13T07:24:29+00:00", "2022-11-13T07:27:19+00:00", "2022-11-13T07:29:28+00:00", "2022-11-13T07:30:56+00:00", "2022-11-13T07:31:59+00:00", "2022-11-13T07:34:26+00:00", "2022-11-13T07:36:07+00:00", "2022-11-13T07:38:11+00:00", "2022-11-13T07:41:11+00:00", "2022-11-13T07:42:28+00:00", "2022-11-13T07:44:16+00:00", "2022-11-13T07:45:29+00:00", "2022-11-13T07:49:38+00:00", "2022-11-13T07:54:04+00:00", "2022-11-13T07:56:32+00:00", "2022-11-13T07:58:12+00:00", "2022-11-13T08:00:13+00:00", "2022-11-13T08:03:18+00:00", "2022-11-13T08:06:28+00:00", "2022-11-13T08:08:48+00:00", "2022-11-13T08:09:48+00:00", "2022-11-13T08:14:01+00:00", "2022-11-13T08:15:53+00:00", "2022-11-13T08:17:49+00:00", "2022-11-13T08:21:14+00:00", "2022-11-13T08:22:43+00:00", "2022-11-13T08:25:07+00:00", "2022-11-13T08:26:47+00:00", "2022-11-13T08:29:23+00:00", "2022-11-13T08:31:20+00:00", "2022-11-13T08:33:48+00:00", "2022-11-13T09:09:40+00:00", "2022-11-13T09:10:00+00:00", "2022-11-13T09:28:05+00:00", "2022-11-13T09:29:14+00:00", "2022-11-13T09:33:11+00:00", "2022-11-13T09:35:32+00:00", "2022-11-13T09:37:57+00:00", "2022-11-13T09:41:18+00:00", "2022-11-13T09:43:11+00:00", "2022-11-13T09:46:16+00:00", "2022-11-13T09:47:57+00:00", "2022-11-13T09:48:37+00:00", "2022-11-13T09:55:07+00:00", "2022-11-13T09:56:32+00:00", "2022-11-13T09:58:36+00:00", "2022-11-13T10:00:45+00:00", "2022-11-13T10:06:50+00:00", "2022-11-13T10:07:30+00:00", "2022-11-13T10:10:03+00:00", "2022-11-13T10:12:48+00:00", "2022-11-13T10:13:56+00:00", "2022-11-13T10:17:37+00:00", "2022-11-13T10:19:34+00:00", "2022-11-13T10:26:49+00:00", "2022-11-13T10:28:25+00:00", "2022-11-13T10:31:10+00:00", "2022-11-13T10:33:32+00:00", "2022-11-13T10:37:46+00:00", "2022-11-13T10:40:23+00:00", "2022-11-13T10:42:12+00:00", "2022-11-13T10:47:38+00:00", "2022-11-13T10:49:22+00:00", "2022-11-13T10:51:51+00:00", "2022-11-13T10:53:32+00:00", "2022-11-13T10:56:09+00:00", "2022-11-13T10:58:45+00:00", "2022-11-13T11:03:03+00:00", "2022-11-13T11:05:20+00:00", "2022-11-13T11:07:45+00:00", "2022-11-13T11:09:26+00:00", "2022-11-13T11:12:30+00:00", "2022-11-13T11:13:43+00:00", "2022-11-13T11:16:24+00:00", "2022-11-13T11:18:09+00:00", "2022-11-13T11:22:51+00:00", "2022-11-13T11:25:15+00:00", "2022-11-13T11:28:12+00:00", "2022-11-13T11:30:17+00:00", "2022-11-13T11:32:54+00:00", "2022-11-13T11:36:02+00:00", "2022-11-13T11:41:25+00:00", "2022-11-13T11:42:54+00:00", "2022-11-13T11:44:42+00:00", "2022-11-13T11:49:00+00:00", "2022-11-13T11:51:01+00:00", "2022-11-13T11:52:54+00:00", "2022-11-13T11:54:14+00:00", "2022-11-13T11:57:55+00:00", "2022-11-13T12:01:20+00:00", "2022-11-13T12:04:50+00:00", "2022-11-13T12:08:39+00:00", "2022-11-13T12:12:12+00:00", "2022-11-13T12:16:21+00:00", "2022-11-13T12:18:18+00:00", "2022-11-13T12:21:47+00:00", "2022-11-13T12:23:56+00:00", "2022-11-13T12:26:33+00:00", "2022-11-13T12:28:09+00:00", "2022-11-13T12:31:18+00:00", "2022-11-13T12:36:36+00:00", "2022-11-13T12:38:49+00:00", "2022-11-13T12:40:37+00:00", "2022-11-13T12:41:57+00:00", "2022-11-13T12:45:10+00:00", "2022-11-13T12:47:19+00:00", "2022-11-13T12:48:00+00:00", "2022-11-13T12:52:33+00:00", "2022-11-13T12:55:22+00:00", "2022-11-13T12:57:58+00:00", "2022-11-13T13:01:40+00:00", "2022-11-13T13:03:48+00:00", "2022-11-13T13:06:44+00:00", "2022-11-13T13:08:09+00:00", "2022-11-13T13:10:46+00:00", "2022-11-13T13:13:32+00:00", "2022-11-13T13:15:40+00:00", "2022-11-13T13:18:13+00:00", "2022-11-13T13:21:21+00:00", "2022-11-13T13:22:10+00:00", "2022-11-13T13:25:19+00:00", "2022-11-13T13:28:00+00:00", "2022-11-13T13:30:13+00:00", "2022-11-13T13:31:57+00:00", "2022-11-13T13:34:06+00:00", "2022-11-13T13:36:39+00:00", "2022-11-13T13:38:23+00:00", "2022-11-13T13:42:28+00:00", "2022-11-13T13:45:01+00:00", "2022-11-13T13:47:06+00:00", "2022-11-13T13:49:46+00:00", "2022-11-13T13:52:15+00:00", "2022-11-13T13:54:24+00:00", "2022-11-13T13:56:58+00:00", "2022-11-13T13:58:38+00:00", "2022-11-13T13:59:39+00:00", "2022-11-13T14:03:20+00:00", "2022-11-13T14:04:48+00:00", "2022-11-13T14:09:53+00:00", "2022-11-13T14:11:02+00:00", "2022-11-13T14:12:02+00:00", "2022-11-13T14:15:15+00:00", "2022-11-13T14:16:19+00:00", "2022-11-13T14:17:19+00:00", "2022-11-13T14:18:43+00:00", "2022-11-13T14:24:57+00:00", "2022-11-13T14:25:25+00:00", "2022-11-13T14:26:59+00:00", "2022-11-13T14:29:28+00:00", "2022-11-13T14:31:05+00:00", "2022-11-13T14:33:53+00:00", "2022-11-13T14:35:46+00:00", "2022-11-13T14:37:22+00:00", "2022-11-13T14:38:55+00:00", "2022-11-13T14:43:20+00:00", "2022-11-13T14:44:20+00:00", "2022-11-13T14:48:26+00:00", "2022-11-13T14:49:26+00:00", "2022-11-13T14:52:43+00:00", "2022-11-13T14:53:55+00:00", "2022-11-13T14:56:52+00:00", "2022-11-13T14:58:48+00:00", "2022-11-13T14:59:48+00:00", "2022-11-13T15:05:30+00:00", "2022-11-13T15:07:02+00:00", "2022-11-13T15:09:39+00:00", "2022-11-13T15:10:59+00:00", "2022-11-13T15:13:28+00:00", "2022-11-13T15:14:57+00:00", "2022-11-13T15:17:05+00:00", "2022-11-13T15:20:51+00:00", "2022-11-13T15:22:19+00:00", "2022-11-13T15:24:08+00:00", "2022-11-13T15:27:13+00:00", "2022-11-13T15:30:31+00:00", "2022-11-13T15:32:56+00:00", "2022-11-13T15:36:53+00:00", "2022-11-13T15:39:13+00:00", "2022-11-13T15:40:54+00:00", "2022-11-13T15:42:06+00:00", "2022-11-13T15:45:52+00:00", "2022-11-13T15:47:42+00:00", "2022-11-13T15:50:10+00:00", "2022-11-13T15:52:39+00:00", "2022-11-13T15:55:30+00:00", "2022-11-13T16:00:03+00:00", "2022-11-13T16:01:11+00:00", "2022-11-13T16:05:16+00:00", "2022-11-13T16:09:50+00:00", "2022-11-13T16:11:06+00:00", "2022-11-13T16:14:20+00:00", "2022-11-13T16:15:57+00:00", "2022-11-13T16:17:51+00:00", "2022-11-13T16:20:08+00:00", "2022-11-13T16:22:13+00:00", "2022-11-13T16:22:57+00:00", "2022-11-13T16:27:39+00:00", "2022-11-13T16:28:27+00:00", "2022-11-13T16:31:53+00:00", "2022-11-13T16:33:49+00:00", "2022-11-13T16:36:19+00:00", "2022-11-13T16:39:15+00:00", "2022-11-13T16:41:36+00:00", "2022-11-13T16:44:13+00:00", "2022-11-13T16:46:46+00:00", "2022-11-13T16:50:24+00:00", "2022-11-13T16:52:05+00:00", "2022-11-13T16:59:46+00:00", "2022-11-13T17:01:06+00:00", "2022-11-13T17:02:35+00:00", "2022-11-13T17:04:16+00:00", "2022-11-13T17:07:25+00:00", "2022-11-13T17:09:53+00:00", "2022-11-13T17:12:58+00:00", "2022-11-13T17:14:47+00:00", "2022-11-13T17:17:28+00:00", "2022-11-13T17:18:24+00:00", "2022-11-13T17:23:25+00:00", "2022-11-13T17:24:21+00:00", "2022-11-13T17:28:39+00:00", "2022-11-13T17:32:12+00:00", "2022-11-13T17:34:41+00:00", "2022-11-13T17:37:13+00:00", "2022-11-13T17:39:14+00:00", "2022-11-13T17:42:15+00:00", "2022-11-13T17:44:28+00:00", "2022-11-13T17:49:34+00:00", "2022-11-13T17:52:07+00:00", "2022-11-13T17:54:04+00:00", "2022-11-13T17:56:20+00:00", "2022-11-13T17:57:16+00:00", "2022-11-13T17:59:25+00:00", "2022-11-13T18:01:33+00:00", "2022-11-13T18:03:22+00:00", "2022-11-13T18:06:07+00:00", "2022-11-13T18:08:40+00:00", "2022-11-13T18:10:17+00:00", "2022-11-13T18:13:02+00:00", "2022-11-13T18:15:02+00:00", "2022-11-13T18:17:11+00:00", "2022-11-13T18:19:08+00:00", "2022-11-13T18:22:05+00:00", "2022-11-13T18:23:45+00:00", "2022-11-13T18:26:50+00:00", "2022-11-13T18:29:23+00:00", "2022-11-13T18:30:55+00:00", "2022-11-13T18:32:32+00:00", "2022-11-13T18:36:05+00:00", "2022-11-13T18:38:10+00:00", "2022-11-13T18:40:55+00:00", "2022-11-13T18:43:24+00:00", "2022-11-13T18:44:52+00:00", "2022-11-13T18:47:34+00:00", "2022-11-13T18:49:10+00:00", "2022-11-13T18:50:51+00:00", "2022-11-13T18:53:36+00:00", "2022-11-13T18:55:33+00:00", "2022-11-13T18:57:05+00:00", "2022-11-13T19:00:02+00:00", "2022-11-13T19:01:52+00:00", "2022-11-13T19:03:00+00:00", "2022-11-13T19:05:29+00:00", "2022-11-13T19:07:41+00:00", "2022-11-13T19:09:30+00:00", "2022-11-13T19:10:22+00:00", "2022-11-13T19:14:48+00:00", "2022-11-13T19:17:25+00:00", "2022-11-13T19:19:22+00:00", "2022-11-13T19:21:47+00:00", "2022-11-13T19:23:12+00:00", "2022-11-13T19:24:33+00:00", "2022-11-13T19:27:02+00:00", "2022-11-13T19:31:23+00:00", "2022-11-13T19:33:32+00:00", "2022-11-13T19:34:49+00:00", "2022-11-13T19:38:58+00:00", "2022-11-13T19:40:18+00:00", "2022-11-13T19:42:23+00:00", "2022-11-13T19:44:36+00:00", "2022-11-13T19:50:37+00:00", "2022-11-13T19:53:22+00:00", "2022-11-13T19:55:31+00:00", "2022-11-13T19:59:33+00:00", "2022-11-13T20:00:17+00:00", "2022-11-13T20:01:29+00:00", "2022-11-13T20:05:26+00:00", "2022-11-13T20:07:38+00:00", "2022-11-13T20:09:55+00:00", "2022-11-13T20:13:07+00:00", "2022-11-13T20:14:56+00:00", "2022-11-13T20:16:04+00:00", "2022-11-13T20:18:37+00:00", "2022-11-13T20:20:21+00:00", "2022-11-13T20:22:02+00:00", "2022-11-13T20:23:55+00:00", "2022-11-13T20:25:59+00:00", "2022-11-13T20:30:36+00:00", "2022-11-13T20:32:24+00:00", "2022-11-13T20:35:21+00:00", "2022-11-13T20:37:02+00:00", "2022-11-13T20:40:07+00:00", "2022-11-13T20:42:20+00:00", "2022-11-13T20:46:05+00:00", "2022-11-13T20:48:13+00:00", "2022-11-13T20:52:35+00:00", "2022-11-13T20:54:47+00:00", "2022-11-13T20:56:32+00:00", "2022-11-13T20:58:45+00:00", "2022-11-13T21:01:54+00:00", "2022-11-13T21:02:46+00:00", "2022-11-13T21:20:44+00:00", "2022-11-13T21:21:56+00:00", "2022-11-13T21:24:53+00:00", "2022-11-13T21:26:53+00:00", "2022-11-13T21:28:58+00:00", "2022-11-13T21:30:50+00:00", "2022-11-13T21:32:42+00:00", "2022-11-13T21:35:51+00:00", "2022-11-13T21:38:43+00:00", "2022-11-13T21:41:20+00:00", "2022-11-13T21:43:16+00:00", "2022-11-13T21:45:00+00:00", "2022-11-13T21:46:36+00:00", "2022-11-13T21:48:37+00:00", "2022-11-13T21:49:45+00:00", "2022-11-13T21:50:45+00:00", "2022-11-13T21:52:34+00:00", "2022-11-13T21:55:06+00:00", "2022-11-13T21:56:14+00:00", "2022-11-13T21:57:50+00:00", "2022-11-13T21:59:02+00:00", "2022-11-13T22:00:27+00:00", "2022-11-13T22:01:31+00:00", "2022-11-13T22:04:11+00:00", "2022-11-13T22:06:32+00:00", "2022-11-13T22:07:52+00:00", "2022-11-13T22:09:00+00:00", "2022-11-13T22:10:01+00:00", "2022-11-13T22:12:21+00:00", "2022-11-13T22:14:29+00:00", "2022-11-13T22:14:53+00:00", "2022-11-13T22:16:14+00:00", "2022-11-13T22:18:06+00:00", "2022-11-13T22:19:06+00:00", "2022-11-13T22:20:51+00:00", "2022-11-13T22:22:19+00:00", "2022-11-13T22:23:12+00:00", "2022-11-13T22:23:48+00:00", "2022-11-13T22:25:40+00:00", "2022-11-13T22:27:17+00:00", "2022-11-13T22:28:33+00:00", "2022-11-13T22:29:13+00:00", "2022-11-13T22:32:10+00:00", "2022-11-13T22:32:58+00:00", "2022-11-13T22:34:51+00:00", "2022-11-13T22:35:31+00:00", "2022-11-13T22:37:12+00:00", "2022-11-13T22:38:24+00:00", "2022-11-13T22:41:17+00:00", "2022-11-13T22:41:49+00:00", "2022-11-13T22:43:45+00:00", "2022-11-13T22:44:17+00:00", "2022-11-13T22:45:33+00:00", "2022-11-13T22:46:33+00:00", "2022-11-13T22:47:37+00:00", "2022-11-13T22:48:49+00:00", "2022-11-13T22:50:06+00:00", "2022-11-13T22:51:26+00:00", "2022-11-13T22:52:10+00:00", "2022-11-13T22:53:35+00:00", "2022-11-13T22:54:15+00:00", "2022-11-13T22:55:15+00:00", "2022-11-13T22:55:51+00:00", "2022-11-13T22:58:24+00:00", "2022-11-13T22:59:36+00:00", "2022-11-13T23:00:44+00:00", "2022-11-13T23:02:13+00:00", "2022-11-13T23:03:17+00:00", "2022-11-13T23:04:17+00:00", "2022-11-13T23:06:29+00:00", "2022-11-13T23:07:26+00:00", "2022-11-13T23:08:30+00:00", "2022-11-13T23:09:42+00:00", "2022-11-13T23:10:05+00:00", "2022-11-13T23:13:54+00:00", "2022-11-13T23:14:18+00:00", "2022-11-13T23:16:23+00:00", "2022-11-13T23:16:43+00:00", "2022-11-13T23:18:27+00:00", "2022-11-13T23:20:48+00:00", "2022-11-13T23:23:24+00:00", "2022-11-13T23:24:25+00:00", "2022-11-13T23:25:29+00:00", "2022-11-13T23:26:13+00:00", "2022-11-13T23:33:11+00:00", "2022-11-13T23:34:07+00:00", "2022-11-13T23:36:51+00:00", "2022-11-13T23:39:20+00:00", "2022-11-13T23:40:00+00:00", "2022-11-13T23:40:32+00:00", "2022-11-13T23:44:57+00:00", "2022-11-13T23:47:57+00:00", "2022-11-13T23:49:09+00:00", "2022-11-13T23:50:25+00:00", "2022-11-13T23:52:14+00:00", "2022-11-13T23:53:22+00:00", "2022-11-13T23:55:02+00:00", "2022-11-13T23:59:19+00:00", "2022-11-14T00:01:23+00:00", "2022-11-14T00:03:40+00:00", "2022-11-14T00:04:28+00:00", "2022-11-14T00:09:44+00:00", "2022-11-14T00:11:44+00:00", "2022-11-14T00:17:38+00:00", "2022-11-14T00:19:06+00:00", "2022-11-14T00:21:55+00:00", "2022-11-14T00:23:35+00:00", "2022-11-14T00:24:43+00:00", "2022-11-14T00:26:43+00:00", "2022-11-14T00:27:28+00:00", "2022-11-14T00:29:04+00:00", "2022-11-14T00:30:36+00:00", "2022-11-14T00:34:01+00:00", "2022-11-14T00:35:29+00:00", "2022-11-14T00:38:26+00:00", "2022-11-14T00:40:55+00:00", "2022-11-14T00:41:43+00:00", "2022-11-14T00:43:07+00:00", "2022-11-14T00:47:48+00:00", "2022-11-14T00:49:01+00:00", "2022-11-14T00:52:01+00:00", "2022-11-14T00:52:58+00:00", "2022-11-14T00:55:54+00:00", "2022-11-14T00:57:10+00:00", "2022-11-14T00:57:54+00:00", "2022-11-14T01:02:55+00:00", "2022-11-14T01:03:56+00:00", "2022-11-14T01:05:32+00:00", "2022-11-14T01:06:17+00:00", "2022-11-14T01:26:42+00:00", "2022-11-14T01:27:22+00:00", "2022-11-14T01:29:42+00:00", "2022-11-14T01:32:11+00:00", "2022-11-14T01:33:35+00:00", "2022-11-14T01:35:16+00:00", "2022-11-14T01:38:20+00:00", "2022-11-14T01:40:29+00:00", "2022-11-14T01:47:32+00:00", "2022-11-14T01:50:16+00:00", "2022-11-14T01:51:52+00:00", "2022-11-14T01:52:29+00:00", "2022-11-14T01:55:38+00:00", "2022-11-14T01:59:03+00:00", "2022-11-14T02:02:28+00:00", "2022-11-14T02:07:14+00:00", "2022-11-14T02:07:58+00:00", "2022-11-14T02:14:05+00:00", "2022-11-14T02:16:17+00:00", "2022-11-14T02:16:53+00:00", "2022-11-14T02:19:10+00:00", "2022-11-14T02:20:39+00:00", "2022-11-14T02:23:52+00:00", "2022-11-14T02:25:00+00:00", "2022-11-14T02:30:10+00:00", "2022-11-14T02:30:14+00:00", "2022-11-14T02:37:20+00:00", "2022-11-14T02:37:44+00:00", "2022-11-14T02:42:09+00:00", "2022-11-14T02:43:26+00:00", "2022-11-14T02:45:34+00:00", "2022-11-14T02:47:06+00:00", "2022-11-14T02:51:11+00:00", "2022-11-14T02:52:19+00:00", "2022-11-14T02:56:51+00:00", "2022-11-14T02:57:32+00:00", "2022-11-14T02:58:20+00:00", "2022-11-14T02:59:56+00:00", "2022-11-14T03:00:48+00:00", "2022-11-14T03:01:24+00:00", "2022-11-14T03:02:36+00:00", "2022-11-14T03:03:20+00:00", "2022-11-14T03:04:01+00:00", "2022-11-14T03:04:41+00:00", "2022-11-14T03:05:29+00:00", "2022-11-14T03:21:01+00:00", "2022-11-14T03:22:06+00:00", "2022-11-14T03:23:30+00:00", "2022-11-14T03:23:58+00:00", "2022-11-14T03:25:14+00:00", "2022-11-14T03:25:38+00:00", "2022-11-14T03:26:39+00:00", "2022-11-14T03:27:27+00:00", "2022-11-14T03:27:55+00:00", "2022-11-14T03:29:43+00:00", "2022-11-14T03:30:59+00:00", "2022-11-14T03:31:31+00:00", "2022-11-14T03:32:19+00:00", "2022-11-14T03:33:23+00:00", "2022-11-14T03:34:08+00:00", "2022-11-14T03:34:52+00:00", "2022-11-14T03:36:04+00:00", "2022-11-14T03:36:32+00:00", "2022-11-14T03:37:20+00:00", "2022-11-14T03:38:28+00:00", "2022-11-14T03:39:32+00:00", "2022-11-14T03:40:08+00:00", "2022-11-14T03:41:17+00:00", "2022-11-14T03:42:41+00:00", "2022-11-14T03:44:06+00:00", "2022-11-14T03:46:26+00:00", "2022-11-14T03:46:54+00:00", "2022-11-14T03:48:27+00:00", "2022-11-14T03:48:51+00:00", "2022-11-14T03:49:39+00:00", "2022-11-14T03:50:15+00:00", "2022-11-14T03:51:51+00:00", "2022-11-14T03:52:43+00:00", "2022-11-14T03:53:35+00:00", "2022-11-14T03:54:24+00:00", "2022-11-14T03:55:04+00:00", "2022-11-14T03:55:48+00:00", "2022-11-14T03:56:36+00:00", "2022-11-14T03:58:04+00:00", "2022-11-14T03:59:24+00:00", "2022-11-14T04:00:12+00:00", "2022-11-14T04:01:25+00:00", "2022-11-14T04:02:50+00:00", "2022-11-14T04:03:58+00:00", "2022-11-14T04:04:42+00:00", "2022-11-14T04:05:35+00:00", "2022-11-14T04:06:35+00:00", "2022-11-14T04:07:28+00:00", "2022-11-14T04:08:08+00:00", "2022-11-14T04:09:01+00:00", "2022-11-14T04:10:09+00:00", "2022-11-14T04:11:05+00:00", "2022-11-14T04:11:46+00:00", "2022-11-14T04:12:34+00:00", "2022-11-14T04:14:51+00:00", "2022-11-14T04:16:23+00:00", "2022-11-14T04:16:56+00:00", "2022-11-14T04:17:44+00:00", "2022-11-14T04:18:32+00:00", "2022-11-14T04:19:00+00:00", "2022-11-14T04:21:48+00:00", "2022-11-14T04:23:00+00:00", "2022-11-14T04:23:32+00:00", "2022-11-14T04:23:57+00:00", "2022-11-14T04:25:21+00:00", "2022-11-14T04:26:29+00:00", "2022-11-14T04:26:57+00:00", "2022-11-14T04:28:29+00:00", "2022-11-14T04:29:21+00:00", "2022-11-14T04:30:18+00:00", "2022-11-14T04:30:58+00:00", "2022-11-14T04:31:58+00:00", "2022-11-14T04:32:34+00:00", "2022-11-14T04:33:34+00:00", "2022-11-14T04:34:18+00:00", "2022-11-14T04:35:14+00:00", "2022-11-14T04:36:03+00:00", "2022-11-14T04:36:55+00:00", "2022-11-14T04:37:39+00:00", "2022-11-14T04:38:51+00:00", "2022-11-14T04:39:39+00:00", "2022-11-14T04:40:24+00:00", "2022-11-14T04:40:56+00:00", "2022-11-14T04:41:40+00:00", "2022-11-14T04:44:36+00:00", "2022-11-14T04:45:44+00:00", "2022-11-14T04:46:16+00:00", "2022-11-14T04:46:48+00:00", "2022-11-14T04:47:53+00:00", "2022-11-14T04:49:01+00:00", "2022-11-14T04:49:49+00:00", "2022-11-14T04:50:09+00:00", "2022-11-14T04:55:48+00:00", "2022-11-14T04:56:08+00:00", "2022-11-14T04:57:08+00:00", "2022-11-14T04:58:08+00:00", "2022-11-14T04:58:57+00:00", "2022-11-14T05:01:09+00:00", "2022-11-14T05:01:57+00:00", "2022-11-14T05:03:09+00:00", "2022-11-14T05:03:49+00:00", "2022-11-14T05:04:49+00:00", "2022-11-14T05:05:26+00:00", "2022-11-14T05:06:22+00:00", "2022-11-14T05:06:58+00:00", "2022-11-14T05:08:30+00:00", "2022-11-14T05:09:18+00:00", "2022-11-14T05:09:58+00:00", "2022-11-14T05:10:54+00:00", "2022-11-14T05:11:18+00:00", "2022-11-14T05:12:23+00:00", "2022-11-14T05:12:55+00:00", "2022-11-14T05:13:51+00:00", "2022-11-14T05:14:51+00:00", "2022-11-14T05:15:47+00:00", "2022-11-14T05:16:47+00:00", "2022-11-14T05:17:55+00:00", "2022-11-14T05:18:39+00:00", "2022-11-14T05:20:20+00:00", "2022-11-14T05:20:44+00:00", "2022-11-14T05:22:08+00:00", "2022-11-14T05:22:56+00:00", "2022-11-14T05:23:52+00:00", "2022-11-14T05:24:28+00:00", "2022-11-14T05:25:32+00:00", "2022-11-14T05:26:32+00:00", "2022-11-14T05:27:17+00:00", "2022-11-14T05:28:05+00:00", "2022-11-14T05:28:53+00:00", "2022-11-14T05:30:49+00:00", "2022-11-14T05:31:29+00:00", "2022-11-14T05:32:45+00:00", "2022-11-14T05:33:21+00:00", "2022-11-14T05:34:18+00:00", "2022-11-14T05:34:54+00:00", "2022-11-14T05:36:10+00:00", "2022-11-14T05:37:06+00:00", "2022-11-14T05:38:06+00:00", "2022-11-14T05:39:03+00:00", "2022-11-14T05:40:11+00:00", "2022-11-14T05:41:39+00:00", "2022-11-14T05:42:15+00:00", "2022-11-14T05:44:07+00:00", "2022-11-14T05:44:52+00:00", "2022-11-14T05:45:40+00:00", "2022-11-14T05:46:20+00:00", "2022-11-14T05:47:25+00:00", "2022-11-14T05:48:13+00:00", "2022-11-14T05:49:34+00:00", "2022-11-14T06:10:28+00:00", "2022-11-14T06:11:00+00:00", "2022-11-14T06:13:12+00:00", "2022-11-14T06:13:53+00:00", "2022-11-14T06:14:41+00:00", "2022-11-14T06:15:34+00:00", "2022-11-14T06:17:02+00:00", "2022-11-14T06:18:22+00:00", "2022-11-14T06:19:15+00:00", "2022-11-14T06:21:35+00:00", "2022-11-14T06:22:04+00:00", "2022-11-14T06:23:48+00:00", "2022-11-14T06:24:52+00:00", "2022-11-14T06:25:53+00:00", "2022-11-14T06:26:37+00:00", "2022-11-14T06:28:01+00:00", "2022-11-14T06:28:50+00:00", "2022-11-14T06:30:02+00:00", "2022-11-14T06:31:10+00:00", "2022-11-14T06:32:39+00:00", "2022-11-14T06:33:20+00:00", "2022-11-14T06:58:12+00:00", "2022-11-14T06:59:16+00:00", "2022-11-14T07:00:20+00:00", "2022-11-14T07:01:08+00:00", "2022-11-14T07:01:57+00:00", "2022-11-14T07:02:53+00:00", "2022-11-14T07:03:37+00:00", "2022-11-14T07:04:25+00:00", "2022-11-14T07:05:21+00:00", "2022-11-14T07:06:29+00:00", "2022-11-14T07:07:21+00:00", "2022-11-14T07:09:10+00:00", "2022-11-14T07:10:58+00:00", "2022-11-14T07:11:38+00:00", "2022-11-14T07:13:10+00:00", "2022-11-14T07:14:34+00:00", "2022-11-14T07:15:42+00:00", "2022-11-14T07:16:22+00:00", "2022-11-14T07:16:59+00:00", "2022-11-14T07:17:59+00:00", "2022-11-14T07:18:59+00:00", "2022-11-14T07:19:51+00:00", "2022-11-14T07:20:19+00:00", "2022-11-14T07:21:15+00:00", "2022-11-14T07:22:12+00:00", "2022-11-14T07:22:44+00:00", "2022-11-14T07:23:44+00:00", "2022-11-14T07:25:09+00:00", "2022-11-14T07:25:53+00:00", "2022-11-14T07:27:06+00:00", "2022-11-14T07:27:54+00:00", "2022-11-14T07:28:38+00:00", "2022-11-14T07:29:42+00:00", "2022-11-14T07:30:43+00:00", "2022-11-14T07:31:32+00:00", "2022-11-14T07:32:20+00:00", "2022-11-14T07:33:01+00:00", "2022-11-14T07:33:49+00:00", "2022-11-14T07:34:53+00:00", "2022-11-14T07:35:42+00:00", "2022-11-14T07:36:26+00:00", "2022-11-14T07:37:19+00:00", "2022-11-14T07:38:07+00:00", "2022-11-14T07:39:12+00:00", "2022-11-14T07:39:56+00:00", "2022-11-14T07:41:00+00:00", "2022-11-14T07:41:41+00:00", "2022-11-14T07:43:21+00:00", "2022-11-14T07:44:18+00:00", "2022-11-14T07:45:14+00:00", "2022-11-14T07:46:07+00:00", "2022-11-14T07:46:51+00:00", "2022-11-14T07:48:32+00:00", "2022-11-14T07:49:36+00:00", "2022-11-14T07:50:32+00:00", "2022-11-14T07:51:13+00:00", "2022-11-14T07:52:09+00:00", "2022-11-14T07:53:14+00:00", "2022-11-14T07:54:06+00:00", "2022-11-14T07:55:03+00:00", "2022-11-14T07:55:48+00:00", "2022-11-14T07:57:21+00:00", "2022-11-14T07:57:49+00:00", "2022-11-14T07:59:06+00:00", "2022-11-14T07:59:55+00:00", "2022-11-14T08:01:57+00:00", "2022-11-14T08:02:29+00:00", "2022-11-14T08:03:25+00:00", "2022-11-14T08:14:26+00:00", "2022-11-14T08:15:10+00:00", "2022-11-14T08:16:00+00:00", "2022-11-14T08:17:09+00:00", "2022-11-14T08:18:05+00:00", "2022-11-14T08:19:09+00:00", "2022-11-14T08:20:12+00:00", "2022-11-14T08:20:48+00:00", "2022-11-14T08:22:13+00:00", "2022-11-14T08:23:53+00:00", "2022-11-14T08:24:46+00:00", "2022-11-14T08:25:59+00:00", "2022-11-14T08:26:33+00:00", "2022-11-14T08:32:47+00:00", "2022-11-14T08:33:48+00:00", "2022-11-14T08:34:37+00:00", "2022-11-14T08:35:25+00:00", "2022-11-14T08:38:20+00:00", "2022-11-14T08:39:41+00:00", "2022-11-14T08:41:07+00:00", "2022-11-14T08:41:51+00:00", "2022-11-14T08:43:55+00:00", "2022-11-14T08:44:43+00:00", "2022-11-14T08:47:20+00:00", "2022-11-14T08:47:44+00:00", "2022-11-14T08:51:00+00:00", "2022-11-14T08:52:20+00:00", "2022-11-14T08:53:36+00:00", "2022-11-14T08:55:13+00:00", "2022-11-14T08:57:03+00:00", "2022-11-14T08:58:15+00:00", "2022-11-14T09:14:05+00:00", "2022-11-14T09:15:21+00:00", "2022-11-14T09:17:38+00:00", "2022-11-14T09:19:58+00:00", "2022-11-14T09:24:48+00:00", "2022-11-14T09:29:01+00:00", "2022-11-14T09:30:05+00:00", "2022-11-14T09:38:48+00:00", "2022-11-14T09:47:49+00:00", "2022-11-14T09:51:07+00:00", "2022-11-14T09:55:18+00:00", "2022-11-14T09:57:27+00:00", "2022-11-14T09:59:04+00:00", "2022-11-14T10:06:34+00:00", "2022-11-14T10:08:26+00:00", "2022-11-14T10:15:09+00:00", "2022-11-14T10:17:35+00:00", "2022-11-14T10:23:12+00:00", "2022-11-14T10:26:41+00:00", "2022-11-14T10:29:22+00:00", "2022-11-14T10:30:26+00:00", "2022-11-14T10:34:56+00:00", "2022-11-14T10:40:10+00:00", "2022-11-14T10:41:30+00:00", "2022-11-14T10:43:35+00:00", "2022-11-14T10:44:47+00:00", "2022-11-14T10:47:36+00:00", "2022-11-14T10:48:44+00:00", "2022-11-14T10:50:17+00:00", "2022-11-14T10:52:13+00:00", "2022-11-14T10:53:46+00:00", "2022-11-14T10:56:23+00:00", "2022-11-14T10:57:03+00:00", "2022-11-14T10:58:39+00:00", "2022-11-14T11:03:01+00:00", "2022-11-14T11:03:49+00:00", "2022-11-14T11:10:03+00:00", "2022-11-14T11:14:05+00:00", "2022-11-14T11:18:19+00:00", "2022-11-14T11:22:02+00:00", "2022-11-14T11:32:54+00:00", "2022-11-14T11:37:50+00:00", "2022-11-14T11:39:35+00:00", "2022-11-14T11:41:32+00:00", "2022-11-14T11:49:00+00:00", "2022-11-14T11:52:38+00:00", "2022-11-14T12:00:30+00:00", "2022-11-14T12:02:23+00:00", "2022-11-14T12:13:20+00:00", "2022-11-14T12:14:40+00:00", "2022-11-14T12:16:01+00:00", "2022-11-14T12:17:41+00:00", "2022-11-14T12:18:38+00:00", "2022-11-14T12:19:14+00:00", "2022-11-14T12:20:58+00:00", "2022-11-14T12:21:43+00:00", "2022-11-14T12:22:40+00:00", "2022-11-14T12:23:44+00:00", "2022-11-14T12:25:41+00:00", "2022-11-14T12:26:14+00:00", "2022-11-14T12:27:38+00:00", "2022-11-14T12:29:10+00:00", "2022-11-14T12:29:50+00:00", "2022-11-14T12:31:19+00:00", "2022-11-14T12:32:12+00:00", "2022-11-14T12:33:33+00:00", "2022-11-14T12:34:37+00:00", "2022-11-14T12:35:21+00:00", "2022-11-14T12:37:14+00:00", "2022-11-14T12:39:19+00:00", "2022-11-14T12:43:56+00:00", "2022-11-14T12:49:34+00:00", "2022-11-14T12:52:11+00:00", "2022-11-14T12:54:32+00:00", "2022-11-14T12:55:37+00:00", "2022-11-14T12:59:50+00:00", "2022-11-14T13:00:58+00:00", "2022-11-14T13:01:47+00:00", "2022-11-14T13:03:12+00:00", "2022-11-14T13:03:40+00:00", "2022-11-14T13:06:05+00:00", "2022-11-14T13:07:01+00:00", "2022-11-14T13:09:38+00:00", "2022-11-14T13:10:50+00:00", "2022-11-14T13:12:15+00:00", "2022-11-14T13:15:12+00:00", "2022-11-14T13:19:47+00:00", "2022-11-14T13:21:43+00:00", "2022-11-14T13:28:09+00:00", "2022-11-14T13:31:18+00:00", "2022-11-14T13:37:25+00:00", "2022-11-14T13:38:29+00:00", "2022-11-14T13:43:34+00:00", "2022-11-14T13:44:47+00:00", "2022-11-14T13:48:44+00:00", "2022-11-14T13:50:38+00:00", "2022-11-14T13:57:28+00:00", "2022-11-14T14:00:00+00:00", "2022-11-14T14:04:27+00:00", "2022-11-14T14:06:51+00:00", "2022-11-14T14:08:37+00:00", "2022-11-14T14:09:01+00:00", "2022-11-14T14:09:46+00:00", "2022-11-14T14:11:37+00:00", "2022-11-14T14:13:23+00:00", "2022-11-14T14:14:36+00:00", "2022-11-14T14:15:21+00:00", "2022-11-14T14:19:31+00:00", "2022-11-14T14:20:44+00:00", "2022-11-14T14:21:40+00:00", "2022-11-14T14:23:57+00:00", "2022-11-14T14:25:02+00:00", "2022-11-14T14:26:50+00:00", "2022-11-14T14:27:50+00:00", "2022-11-14T14:29:19+00:00", "2022-11-14T14:32:03+00:00", "2022-11-14T14:33:07+00:00", "2022-11-14T14:34:00+00:00", "2022-11-14T14:37:05+00:00", "2022-11-14T14:38:09+00:00", "2022-11-14T14:39:05+00:00", "2022-11-14T14:42:34+00:00", "2022-11-14T14:44:35+00:00", "2022-11-14T14:46:31+00:00", "2022-11-14T14:48:21+00:00", "2022-11-14T14:49:25+00:00", "2022-11-14T14:51:09+00:00", "2022-11-14T14:52:01+00:00", "2022-11-14T14:54:18+00:00", "2022-11-14T14:56:06+00:00", "2022-11-14T14:57:50+00:00", "2022-11-14T14:58:39+00:00", "2022-11-14T14:59:17+00:00", "2022-11-14T15:00:34+00:00", "2022-11-14T15:01:19+00:00", "2022-11-14T15:02:08+00:00", "2022-11-14T15:03:48+00:00", "2022-11-14T15:04:22+00:00", "2022-11-14T15:05:46+00:00", "2022-11-14T15:06:10+00:00", "2022-11-14T15:08:27+00:00", "2022-11-14T15:09:15+00:00", "2022-11-14T15:09:59+00:00", "2022-11-14T15:11:07+00:00", "2022-11-14T15:12:20+00:00", "2022-11-14T15:12:40+00:00", "2022-11-14T15:13:28+00:00", "2022-11-14T15:14:04+00:00", "2022-11-14T15:14:40+00:00", "2022-11-14T15:15:44+00:00", "2022-11-14T15:17:08+00:00", "2022-11-14T15:19:21+00:00", "2022-11-14T15:21:17+00:00", "2022-11-14T15:24:59+00:00", "2022-11-14T15:25:03+00:00", "2022-11-14T15:31:29+00:00", "2022-11-14T15:35:53+00:00", "2022-11-14T15:39:56+00:00", "2022-11-14T15:42:22+00:00", "2022-11-14T15:42:50+00:00", "2022-11-14T15:45:52+00:00", "2022-11-14T15:47:28+00:00", "2022-11-14T15:50:03+00:00", "2022-11-14T15:55:55+00:00", "2022-11-14T16:00:05+00:00", "2022-11-14T16:17:49+00:00", "2022-11-14T16:18:45+00:00", "2022-11-14T16:19:29+00:00", "2022-11-14T16:21:05+00:00", "2022-11-14T16:24:02+00:00", "2022-11-14T16:25:51+00:00", "2022-11-14T16:32:07+00:00", "2022-11-14T16:33:32+00:00", "2022-11-14T16:42:45+00:00", "2022-11-14T16:44:37+00:00", "2022-11-14T16:50:50+00:00", "2022-11-14T16:54:55+00:00", "2022-11-14T16:56:11+00:00", "2022-11-14T17:00:48+00:00", "2022-11-14T17:02:56+00:00", "2022-11-14T17:05:53+00:00", "2022-11-14T17:07:09+00:00", "2022-11-14T17:08:53+00:00", "2022-11-14T17:11:10+00:00", "2022-11-14T17:13:34+00:00", "2022-11-14T17:17:51+00:00", "2022-11-14T17:20:31+00:00", "2022-11-14T17:21:59+00:00", "2022-11-14T17:23:08+00:00", "2022-11-14T17:28:28+00:00", "2022-11-14T17:30:33+00:00", "2022-11-14T17:35:09+00:00", "2022-11-14T17:38:50+00:00", "2022-11-14T17:42:30+00:00", "2022-11-14T17:45:11+00:00", "2022-11-14T17:46:19+00:00", "2022-11-14T17:49:59+00:00", "2022-11-14T17:50:39+00:00", "2022-11-14T17:56:44+00:00", "2022-11-14T18:00:57+00:00", "2022-11-14T18:04:02+00:00", "2022-11-14T18:05:54+00:00", "2022-11-14T18:07:22+00:00", "2022-11-14T18:09:18+00:00", "2022-11-14T18:11:47+00:00", "2022-11-14T18:11:59+00:00", "2022-11-14T18:28:38+00:00", "2022-11-14T18:29:42+00:00", "2022-11-14T18:31:10+00:00", "2022-11-14T18:33:26+00:00", "2022-11-14T18:35:39+00:00", "2022-11-14T18:36:15+00:00", "2022-11-14T18:42:57+00:00", "2022-11-14T18:44:26+00:00", "2022-11-14T18:46:18+00:00", "2022-11-14T18:47:27+00:00", "2022-11-14T18:51:18+00:00", "2022-11-14T19:05:01+00:00", "2022-11-14T19:11:12+00:00", "2022-11-14T19:14:33+00:00", "2022-11-14T19:17:15+00:00", "2022-11-14T19:29:07+00:00", "2022-11-14T19:31:56+00:00", "2022-11-14T19:34:01+00:00", "2022-11-14T19:39:20+00:00", "2022-11-14T19:40:33+00:00", "2022-11-14T19:46:25+00:00", "2022-11-14T19:48:46+00:00", "2022-11-14T19:55:19+00:00", "2022-11-14T19:57:53+00:00", "2022-11-14T20:00:58+00:00", "2022-11-14T20:02:31+00:00", "2022-11-14T20:06:21+00:00", "2022-11-14T20:11:03+00:00", "2022-11-14T20:11:56+00:00", "2022-11-14T20:13:18+00:00", "2022-11-14T20:14:39+00:00", "2022-11-14T20:15:31+00:00", "2022-11-14T20:19:48+00:00", "2022-11-14T20:33:15+00:00", "2022-11-14T20:34:11+00:00", "2022-11-14T20:38:52+00:00", "2022-11-14T20:39:36+00:00", "2022-11-14T20:46:07+00:00", "2022-11-14T20:48:53+00:00", "2022-11-14T20:50:29+00:00", "2022-11-14T20:52:26+00:00", "2022-11-14T20:54:55+00:00", "2022-11-14T20:56:11+00:00", "2022-11-14T21:00:32+00:00", "2022-11-14T21:04:33+00:00", "2022-11-14T21:06:30+00:00", "2022-11-14T21:11:42+00:00", "2022-11-14T21:13:35+00:00", "2022-11-14T21:24:14+00:00", "2022-11-14T21:25:47+00:00", "2022-11-14T21:28:59+00:00", "2022-11-14T21:29:47+00:00", "2022-11-14T21:31:04+00:00", "2022-11-14T21:32:28+00:00", "2022-11-14T21:34:20+00:00", "2022-11-14T21:35:41+00:00", "2022-11-14T21:36:25+00:00", "2022-11-14T21:38:17+00:00", "2022-11-14T21:38:53+00:00", "2022-11-14T21:40:01+00:00", "2022-11-14T21:41:14+00:00", "2022-11-14T21:42:15+00:00", "2022-11-14T21:43:03+00:00", "2022-11-14T21:43:47+00:00", "2022-11-14T21:44:15+00:00", "2022-11-14T21:45:24+00:00", "2022-11-14T21:47:00+00:00", "2022-11-14T21:48:08+00:00", "2022-11-14T21:49:00+00:00", "2022-11-14T21:50:04+00:00", "2022-11-14T21:50:36+00:00", "2022-11-14T21:51:41+00:00", "2022-11-14T21:52:41+00:00", "2022-11-14T21:54:05+00:00", "2022-11-14T21:55:13+00:00", "2022-11-14T21:55:58+00:00", "2022-11-14T21:56:42+00:00", "2022-11-14T21:58:18+00:00", "2022-11-14T21:58:50+00:00", "2022-11-14T22:06:35+00:00", "2022-11-14T22:07:55+00:00", "2022-11-14T22:10:08+00:00", "2022-11-14T22:11:56+00:00", "2022-11-14T22:14:00+00:00", "2022-11-14T22:16:24+00:00", "2022-11-14T22:17:53+00:00", "2022-11-14T22:18:41+00:00", "2022-11-14T22:20:01+00:00", "2022-11-14T22:23:09+00:00", "2022-11-14T22:24:54+00:00", "2022-11-14T22:26:34+00:00", "2022-11-14T22:27:50+00:00", "2022-11-14T22:29:54+00:00", "2022-11-14T22:31:50+00:00", "2022-11-14T22:42:53+00:00", "2022-11-15T22:41:09+00:00"], "elevations": [0.0, 0.0, 0.0, 0.0, 0.0, 0.0, 0.0, 0.0, 0.0, 0.0, null, 0.0, 0.0, 0.0, 0.0, 0.0, 0.0, 0.0, 0.0, 0.0, 0.0, 0.0, 0.0, 0.0, 0.0, 0.0, 0.0, 0.0, 0.0, 0.0, 0.0, 0.0, 0.0, 0.0, 0.0, 0.0, 0.0, 0.0, 0.0, 0.0, 0.0, 0.0, 0.0, 0.0, 0.0, 0.0, 0.0, 0.0, 0.0, 0.0, 0.0, null, 0.0, 0.0, 0.0, 0.0, 0.0, 0.0, 0.0, 0.0, null, 0.0, 0.0, 0.0, 0.0, 0.0, 0.0, 0.0, 0.0, 0.0, 0.0, 0.0, 0.0, 0.0, 0.0, 0.0, 0.0, 0.0, 0.0, 0.0, 0.0, 0.0, 0.0, 0.0, 0.0, 0.0, 0.0, 0.0, 0.0, 0.0, 0.0, 0.0, 0.0, 0.0, 0.0, 0.0, 0.0, 0.0, 0.0, 0.0, 0.0, 0.0, 0.0, 0.0, 0.0, 0.0, 0.0, null, 0.0, 0.0, 0.0, 0.0, 0.0, 0.0, 0.0, 0.0, 0.0, 0.0, 0.0, 0.0, null, 0.0, 0.0, 0.0, 0.0, 0.0, 0.0, 0.0, 0.0, 0.0, 0.0, 0.0, 0.0, 0.0, 0.0, 0.0, 0.0, 0.0, 0.0, 0.0, 0.0, 0.0, 0.0, 0.0, 0.0, 0.0, 0.0, 0.0, 0.0, 0.0, 0.0, 0.0, 0.0, 0.0, 0.0, 0.0, 0.0, 0.0, 0.0, 0.0, 0.0, 0.0, 0.0, 0.0, 0.0, 0.0, 0.0, 0.0, 0.0, 0.0, 0.0, 0.0, 0.0, 0.0, 0.0, 0.0, 0.0, 0.0, 0.0, 0.0, 0.0, 0.0, 0.0, 0.0, 0.0, 0.0, 0.0, 0.0, 0.0, 0.0, 0.0, 0.0, 0.0, 0.0, 0.0, 0.0, 0.0, 0.0, 0.0, 0.0, 0.0, 0.0, 0.0, 0.0, 0.0, 0.0, 0.0, 0.0, 0.0, 0.0, 0.0, 0.0, 0.0, 0.0, 0.0, 0.0, 0.0, 0.0, 0.0, 0.0, 0.0, 0.0, 0.0, 0.0, 0.0, 0.0, 0.0, 0.0, 0.0, 0.0, 0.0, 0.0, 0.0, 0.0, 0.0, 0.0, 0.0, 0.0, 0.0, 0.0, 0.0, 0.0, 0.0, 0.0, 0.0, 0.0, 0.0, 0.0, 0.0, 0.0, 0.0, 0.0, 0.0, 0.0, 0.0, 0.0, 0.0, 0.0, 0.0, 0.0, 0.0, 0.0, 0.0, 0.0, 0.0, 0.0, 0.0, 0.0, 0.0, 0.0, 0.0, 0.0, 0.0, 0.0, 0.0, 0.0, 0.0, 0.0, 0.0, 0.0, 0.0, 0.0, 0.0, 0.0, 0.0, 0.0, 0.0, 0.0, 0.0, 0.0, 0.0, 0.0, 0.0, 0.0, 0.0, 0.0, 0.0, 0.0, 0.0, 0.0, 0.0, 0.0, 0.0, 0.0, 0.0, 0.0, 0.0, 0.0, 0.0, 0.0, 0.0, 0.0, 0.0, 0.0, 0.0, 0.0, 0.0, 0.0, 0.0, 0.0, 0.0, 0.0, 0.0, 0.0, 0.0, 0.0, 0.0, 0.0, 0.0, 0.0, 0.0, 0.0, 0.0, 0.0, 0.0, 0.0, 0.0, 0.0, 0.0, 0.0, 0.0, 0.0, 0.0, 0.0, 0.0, 0.0, 0.0, 0.0, 0.0, 0.0, 0.0, 0.0, 0.0, 0.0, 0.0, 0.0, 0.0, 0.0, 0.0, 0.0, 0.0, 0.0, 0.0, 0.0, 0.0, 0.0, 0.0, 0.0, 0.0, 0.0, 0.0, 0.0, 0.0, 0.0, 0.0, 0.0, 0.0, 0.0, 0.0, 0.0, 0.0, 0.0, null, 0.0, 0.0, 0.0, 0.0, 0.0, 0.0, 0.0, 0.0, 0.0, 0.0, 0.0, 0.0, 0.0, 0.0, 0.0, 0.0, 0.0, 0.0, 0.0, 0.0, 0.0, 0.0, 0.0, 0.0, 0.0, 0.0, 0.0, 0.0, 0.0, 0.0, 0.0, 0.0, 0.0, 0.0, 0.0, 0.0, 0.0, 0.0, 0.0, 0.0, 0.0, 0.0, 0.0, 0.0, 0.0, 0.0, 0.0, 0.0, 0.0, 0.0, 0.0, 0.0, 0.0, 0.0, 0.0, 0.0, 0.0, 0.0, 0.0, 0.0, 0.0, 0.0, 0.0, 0.0, 0.0, 0.0, 0.0, 0.0, 0.0, 0.0, 0.0, 0.0, 0.0, 0.0, 0.0, 0.0, 0.0, 0.0, 0.0, 0.0, 0.0, 0.0, 0.0, 0.0, 0.0, 0.0, 0.0, 0.0, 0.0, 0.0, 0.0, 0.0, 0.0, 0.0, 0.0, 0.0, 0.0, 0.0, 0.0, 0.0, 0.0, 0.0, 0.0, 0.0, 0.0, 0.0, 0.0, 0.0, 0.0, 0.0, 0.0, 0.0, 0.0, 0.0, 0.0, 0.0, 0.0, 0.0, 0.0, 0.0, 0.0, 0.0, 0.0, 0.0, 0.0, 0.0, 0.0, 0.0, 0.0, 0.0, 0.0, 0.0, 0.0, 0.0, 0.0, 0.0, 0.0, 0.0, 0.0, 0.0, 0.0, 0.0, 0.0, 0.0, 0.0, 0.0, 0.0, 0.0, 0.0, 0.0, 0.0, 0.0, 0.0, 0.0, 0.0, 0.0, 0.0, 0.0, 0.0, 0.0, 0.0, 0.0, 0.0, 0.0, 0.0, 0.0, 0.0, 0.0, 0.0, 0.0, 0.0, 0.0, 0.0, 0.0, 0.0, 0.0, 0.0, 0.0, 0.0, 0.0, 0.0, 0.0, 0.0, 0.0, 0.0, 0.0, 0.0, 0.0, 0.0, 0.0, 0.0, 0.0, 0.0, 0.0, 0.0, 0.0, 0.0, 0.0, 0.0, 0.0, 0.0, 0.0, 0.0, 0.0, 0.0, 0.0, 0.0, 0.0, 0.0, 0.0, 0.0, 0.0, 0.0, 0.0, 0.0, 0.0, 0.0, 0.0, 0.0, 0.0, 0.0, 0.0, 0.0, 0.0, 0.0, 0.0, 0.0, 0.0, 0.0, 0.0, 0.0, 0.0, 0.0, 0.0, 0.0, 0.0, 0.0, 0.0, 0.0, 0.0, 0.0, 0.0, 0.0, 0.0, 0.0, 0.0, 0.0, 0.0, 0.0, 0.0, 0.0, 0.0, 0.0, 0.0, 0.0, 0.0, 0.0, 0.0, 0.0, 0.0, 0.0, 0.0, 0.0, 0.0, 0.0, 0.0, 0.0, 0.0, 0.0, 0.0, 0.0, 0.0, 0.0, 0.0, 0.0, 0.0, 0.0, 0.0, 0.0, 0.0, 0.0, 0.0, 0.0, 0.0, 0.0, 0.0, 0.0, 0.0, 0.0, 0.0, 0.0, 0.0, 0.0, 0.0, 0.0, 0.0, 0.0, 0.0, 0.0, 0.0, 0.0, 0.0, 0.0, 0.0, 0.0, 0.0, 0.0, 0.0, 0.0, 0.0, 0.0, 0.0, 0.0, 0.0, 0.0, 0.0, 0.0, 0.0, 0.0, 0.0, 0.0, 0.0, 0.0, 0.0, 0.0, 0.0, 0.0, 0.0, 0.0, 0.0, 0.0, 0.0, 0.0, 0.0, 0.0, 0.0, 0.0, 0.0, 0.0, 0.0, 0.0, 0.0, 0.0, 0.0, 0.0, 0.0, 0.0, 0.0, 0.0, 0.0, 0.0, 0.0, 0.0, 0.0, 0.0, 0.0, 0.0, 0.0, 0.0, 0.0, 0.0, 0.0, 0.0, 0.0, 0.0, 0.0, 0.0, 0.0, 0.0, 0.0, 0.0, 0.0, 0.0, 0.0, 0.0, 0.0, 0.0, 0.0, 0.0, 0.0, 0.0, 0.0, 0.0, 0.0, 0.0, 0.0, 0.0, 0.0, 0.0, 0.0, 0.0, 0.0, 0.0, 0.0, 0.0, 0.0, 0.0, 0.0, 0.0, 0.0, 0.0, 0.0, 0.0, 0.0, 0.0, 0.0, 0.0, 0.0, 0.0, 0.0, 0.0, 0.0, 0.0, 0.0, 0.0, 0.0, 0.0, 0.0, 0.0, 0.0, 0.0, 0.0, 0.0, 0.0, 0.0, 0.0, 0.0, 0.0, 0.0, 0.0, 0.0, 0.0, 0.0, 0.0, 0.0, 0.0, 0.0, 0.0, null, 0.0, 0.0, 0.0, 0.0, 0.0, 0.0, 0.0, 0.0, 0.0, 0.0, 0.0, 0.0, 0.0, 0.0, 0.0, 0.0, 0.0, 0.0, 0.0, 0.0, 0.0, 0.0, 0.0, 0.0, 0.0, 0.0, 0.0, 0.0, 0.0, 0.0, 0.0, 0.0, 0.0, 0.0, 0.0, 0.0, 0.0, 0.0, 0.0, 0.0, 0.0, 0.0, 0.0, 0.0, 0.0, 0.0, 0.0, 0.0, 0.0, 0.0, 0.0, 0.0, 0.0, 0.0, 0.0, 0.0, 0.0, 0.0, 0.0, 0.0, 0.0, 0.0, 0.0, 0.0, 0.0, 0.0, 0.0, 0.0, 0.0, 0.0, 0.0, 0.0, 0.0, 0.0, 0.0, 0.0, 0.0, 0.0, 0.0, 0.0, 0.0, 0.0, 0.0, 0.0, 0.0, 0.0, 0.0, 0.0, 0.0, 0.0, 0.0, 0.0, 0.0, 0.0, 0.0, 0.0, 0.0, 0.0, 0.0, 0.0, 0.0, 0.0, 0.0, 0.0, 0.0, 0.0, 0.0, 0.0, 0.0, 0.0, 0.0, 0.0, 0.0, 0.0, 0.0, 0.0, 0.0, 0.0, 0.0, 0.0, 0.0, 0.0, 0.0, 0.0, 0.0, 0.0, 0.0, 0.0, 0.0, 0.0, 0.0, 0.0, 0.0, 0.0, 0.0, 0.0, 0.0, 0.0, 0.0, 0.0, 0.0, 0.0, 0.0, 0.0, 0.0, 0.0, 0.0, 0.0, 0.0, 0.0, 0.0, 0.0, 0.0, 0.0, 0.0, 0.0, 0.0, 0.0, 0.0, 0.0, 0.0, 0.0, 0.0, 0.0, 0.0, 0.0, 0.0, 0.0, 0.0, 0.0, 0.0, 0.0, 0.0, 0.0, 0.0, 0.0, 0.0, 0.0, 0.0, 0.0, 0.0, 0.0, 0.0, 0.0, 0.0, 0.0, 0.0, 0.0, 0.0, 0.0, 0.0, 0.0, 0.0, 0.0, 0.0, 0.0, 0.0, 0.0, 0.0, 0.0, 0.0, 0.0, 0.0, 0.0, 0.0, 0.0, 0.0, 0.0, 0.0, 0.0, 0.0, 0.0, 0.0, 0.0, 0.0, 0.0, 0.0, 0.0, 0.0, 0.0, 0.0, 0.0, 0.0, 0.0, 0.0, 0.0, 0.0, 0.0, 0.0, 0.0, 0.0, 0.0, 0.0, 0.0, 0.0, 0.0, 0.0, 0.0, 0.0, 0.0, 0.0, 0.0, 0.0, 0.0, 0.0, 0.0, 0.0, 0.0, 0.0, 0.0, 0.0, 0.0, 0.0, 0.0, 0.0, 0.0, 0.0, 0.0, 0.0, 0.0, 0.0, 0.0, 0.0, 0.0, 0.0, 0.0, 0.0, 0.0, 0.0, 0.0, 0.0, 0.0, 0.0, 0.0, 0.0, 0.0, 0.0, 0.0, 0.0, 0.0, 0.0, 0.0, 0.0, 0.0, 0.0, 0.0, 0.0, 0.0, 0.0, 0.0, 0.0, 0.0, 0.0, 0.0, 0.0, 0.0, 0.0, 0.0, 0.0, 0.0, 0.0, 0.0, 0.0, 0.0, 0.0, 0.0, 0.0, 0.0, 0.0, 0.0, 0.0, 0.0, 0.0, 0.0, 0.0, 0.0, 0.0, 0.0, 0.0, 0.0, 0.0, 0.0, 0.0, 0.0, 0.0, 0.0, 0.0, 0.0, 0.0, 0.0, 0.0, 0.0, 0.0, 0.0, 0.0, 0.0, 0.0, 0.0, 0.0, 0.0, 0.0, 0.0, 0.0, 0.0, 0.0, 0.0, 0.0, 0.0, 0.0, 0.0, 0.0, 0.0, 0.0, 0.0, 0.0, 0.0, 0.0, 0.0, 0.0, 0.0, 0.0, 0.0, 0.0, 0.0, 0.0, 0.0, 0.0, 0.0, 0.0, 0.0, 0.0, 0.0, 0.0, 0.0, 0.0, 0.0, 0.0, 0.0, 0.0, 0.0, 0.0, 0.0, 0.0, 0.0, 0.0, 0.0, 0.0, 0.0, 0.0, 0.0, 0.0, 0.0, 0.0, 0.0, 0.0, 0.0, 0.0, 0.0, 0.0, 0.0, 0.0, 0.0, 0.0, 0.0, 0.0, 0.0, 0.0, 0.0, 0.0, 0.0, 0.0, 0.0, 0.0, 0.0, 0.0, 0.0, 0.0, 0.0, 0.0, 0.0, 0.0, 0.0, 0.0, 0.0, 0.0, 0.0, 0.0, 0.0, 0.0, 0.0, 0.0, 0.0, 0.0, 0.0, 0.0, 0.0, 0.0, 0.0, 0.0, 0.0, 0.0, 0.0, 0.0, 0.0, 0.0, 0.0, 0.0, 0.0, 0.0, 0.0, 0.0, 0.0, 0.0, 0.0, 0.0, 0.0, 0.0, 0.0, 0.0, 0.0, 0.0, 0.0, 0.0, 0.0, 0.0, 0.0, 0.0, 0.0, 0.0, 0.0, 0.0, 0.0, 0.0, 0.0, 0.0, 0.0, 0.0, 0.0, 0.0, 0.0, 0.0, 0.0, 0.0, 0.0, 0.0, 0.0, 0.0, 0.0, 0.0, 0.0, 0.0, 0.0, 0.0, 0.0, 0.0, 0.0, 0.0, 0.0, 0.0, 0.0, 0.0, 0.0, 0.0, 0.0, 0.0, 0.0, 0.0, 0.0, 0.0, 0.0, 0.0, 0.0, 0.0, 0.0, 0.0, 0.0, 0.0, 0.0, 0.0, 0.0, 0.0, 0.0, 0.0, 0.0, 0.0, 0.0, 0.0, 0.0, 0.0, 0.0, 0.0, 0.0, 0.0, 0.0, 0.0, 0.0, 0.0, 0.0, 0.0, 0.0, 0.0, 0.0, 0.0, 0.0, 0.0, 0.0, 0.0, 0.0, 0.0, 0.0, 0.0, 0.0, 0.0, 0.0, 0.0, 0.0, 0.0, 0.0, 0.0, 0.0, 0.0, 0.0, 0.0, 0.0, 0.0, 0.0, 0.0, 0.0, 0.0, 0.0, 0.0, 0.0, 0.0, 0.0, 0.0, 0.0, 0.0, 0.0, 0.0, 0.0, 0.0, 0.0, 0.0, 0.0, 0.0, 0.0, 0.0, 0.0, 0.0, 0.0, 0.0, 0.0, 0.0, 0.0, 0.0, 0.0, 0.0, 0.0, 0.0, 0.0, 0.0, 0.0, 0.0, 0.0, 0.0, 0.0, 0.0, 0.0, 0.0, 0.0, 0.0, 0.0, 0.0, 0.0, 0.0, 0.0, 0.0, 0.0, 0.0, 0.0, 0.0, 0.0, 0.0, 0.0, 0.0, 0.0, 0.0, 0.0, 0.0, 0.0, 0.0, 0.0, 0.0, 0.0, 0.0, 0.0, 0.0, 0.0, 0.0, 0.0, 0.0, 0.0, 0.0, 0.0, 0.0, 0.0, 0.0, 0.0, 0.0, 0.0, 0.0, 0.0, 0.0, 0.0, 0.0, 0.0, 0.0, 0.0, 0.0, 0.0, 0.0, 0.0, 0.0, 0.0, 0.0, 0.0, 0.0, 0.0, 0.0, 0.0, 0.0, 0.0, 0.0, 0.0, 0.0, 0.0, 0.0, 0.0, 0.0, 0.0, 0.0, 0.0, 0.0, 0.0, 0.0, 0.0, 0.0, 0.0, 0.0, 0.0, 0.0, 0.0, 0.0, 0.0, 0.0, 0.0, 0.0, 0.0, 0.0, 0.0, 0.0, 0.0, 0.0, 0.0, 0.0, 0.0, 0.0, 0.0, 0.0, 0.0, 0.0, 0.0, 0.0, 0.0, 0.0, 0.0, 0.0, 0.0, 0.0, 0.0, null, 0.0, 0.0, 0.0, 0.0, 0.0, 0.0, 0.0, 0.0, 0.0, 0.0, 0.0, 0.0, 0.0, 0.0, 0.0, 0.0, 0.0, 0.0, 0.0, 0.0, 0.0, 0.0, 0.0, 0.0, 0.0, 0.0, 0.0, 0.0, 0.0, 0.0, 0.0, 0.0, 0.0, 0.0, 0.0, 0.0, 0.0, 0.0, 0.0, 0.0, 0.0, 0.0, 0.0, 0.0, 0.0, 0.0, 0.0, 0.0, 0.0, 0.0, 0.0, 0.0, 0.0, 0.0, 0.0, 0.0, 0.0, 0.0, 0.0, 0.0, 0.0, 0.0, 0.0, 0.0, 0.0, 0.0, 0.0, 0.0, 0.0, 0.0, 0.0, 0.0, 0.0, 0.0, 0.0, 0.0, 0.0, 0.0, 0.0, 0.0, 0.0, 0.0, 0.0, 0.0, 0.0, 0.0, 0.0, 0.0, 0.0, 0.0, 0.0, 0.0, 0.0, 0.0, 0.0, 0.0, 0.0, 0.0, 0.0, 0.0, 0.0, 0.0, 0.0, 0.0, 0.0, 0.0, 0.0, 0.0, 0.0, 0.0, 0.0, 0.0, 0.0, 0.0, 0.0, 0.0, 0.0, 0.0, 0.0, 0.0, 0.0, 0.0, 0.0, 0.0, 0.0, 0.0, 0.0, 0.0, 0.0, 0.0, 0.0, 0.0, 0.0, 0.0, 0.0, 0.0, 0.0, 0.0, 0.0, 0.0, 0.0, 0.0, 0.0, 0.0, 0.0, 0.0, 0.0, 0.0, 0.0, 0.0, 0.0, 0.0, 0.0, 0.0, 0.0, 0.0, 0.0, 0.0, 0.0, 0.0, 0.0, 0.0, 0.0, 0.0, 0.0, 0.0, 0.0, 0.0, 0.0, 0.0, 0.0, 0.0, 0.0, 0.0, 0.0, 0.0, 0.0, 0.0, 0.0, 0.0, 0.0, 0.0, 0.0, 0.0, 0.0, 0.0, 0.0, 0.0, 0.0, 0.0, 0.0, 0.0, 0.0, 0.0, 0.0, 0.0, 0.0, 0.0, 0.0, 0.0, 0.0, 0.0, 0.0, 0.0, 0.0, 0.0, 0.0, 0.0, 0.0, 0.0, 0.0, 0.0, 0.0, 0.0, 0.0, 0.0, 0.0, 0.0, 0.0, 0.0, 0.0, 0.0, 0.0, 0.0, 0.0, 0.0, 0.0, 0.0, 0.0, 0.0, 0.0, 0.0, 0.0, 0.0, 0.0, 0.0, 0.0, 0.0, 0.0, 0.0, 0.0, 0.0, 0.0, 0.0, 0.0, 0.0, 0.0, 0.0, 0.0, 0.0, 0.0, 0.0, 0.0, 0.0, 0.0, 0.0, 0.0, 0.0, 0.0, 0.0, 0.0, 0.0, 0.0, 0.0, 0.0, 0.0, 0.0, 0.0, 0.0, 0.0, 0.0, 0.0, 0.0, 0.0, 0.0, 0.0, 0.0, 0.0, 0.0, 0.0, 0.0, 0.0, 0.0, 0.0, 0.0, 0.0, 0.0, 0.0, 0.0, 0.0, 0.0, 0.0, 0.0, 0.0, 0.0, 0.0, 0.0, 0.0, 0.0, 0.0, 0.0, 0.0, 0.0, 0.0, 0.0, 0.0, 0.0, 0.0, 0.0, 0.0, 0.0, 0.0, 0.0, 0.0, 0.0, 0.0, 0.0, 0.0, 0.0, 0.0, 0.0, 0.0, 0.0, 0.0, 0.0, 0.0, 0.0, 0.0, 0.0, 0.0, 0.0, null, 0.0, null, 0.0, 0.0, 0.0, 0.0, 0.0, 0.0, 0.0, 0.0, 0.0, 0.0, 0.0, 0.0, 0.0, 0.0, 0.0, 0.0, 0.0, 0.0, 0.0, 0.0, 0.0, 0.0, 0.0, 0.0, 0.0, 0.0, 0.0, 0.0, 0.0, 0.0, 0.0, 0.0, 0.0, 0.0, 0.0, 0.0, 0.0, 0.0, 0.0, 0.0, 0.0, 0.0, 0.0, 0.0, 0.0, 0.0, 0.0, 0.0, null, 0.0, 0.0, 0.0, 0.0, 0.0, null, 0.0, 0.0, 0.0, 0.0, 0.0, 0.0, 0.0, 0.0, 0.0, 0.0, 0.0, 0.0, 0.0, 0.0, 0.0, 0.0, 0.0, 0.0, 0.0, 0.0, 0.0, 0.0, 0.0, 0.0, 0.0, 0.0, 0.0, 0.0, 0.0, 0.0, 0.0, 0.0, 0.0, 0.0, 0.0, 0.0, 0.0, 0.0, 0.0, 0.0, 0.0, 0.0, 0.0, 0.0, 0.0, 0.0, 0.0, 0.0, 0.0, 0.0, 0.0, 0.0, 0.0, 0.0, 0.0, 0.0, 0.0, 0.0, 0.0, 0.0, 0.0, 0.0, 0.0, 0.0, 0.0, 0.0, 0.0, 0.0, 0.0, 0.0, 0.0, 0.0, 0.0, 0.0, 0.0, 0.0, 0.0, 0.0, 0.0, 0.0, 0.0, 0.0, 0.0, 0.0, 0.0, 0.0, 0.0, 0.0, 0.0, 6.3]}